Time,UAV_X,UAV_Y,UAV_Z,UAV_quat_0,UAV_quat_1,UAV_quat_2,UAV_quat_3,UAV_v_bx,UAV_v_by,UAV_v_bz,UAV_w_bx,UAV_w_by,UAV_w_bz,Payload_X,Payload_Y,Payload_Z,Swing_Deg_X,Swing_Deg_Y,SwingVel_DegS_X,SwingVel_DegS_Y,Policy_a0,Policy_a1,Policy_a2,Policy_a3,Env_raw_a0,Env_raw_a1,Env_raw_a2,Env_raw_a3,Env_clamp_a0,Env_clamp_a1,Env_clamp_a2,Env_clamp_a3,Thrust_Cmd,Moment_Cmd_X,Moment_Cmd_Y,Moment_Cmd_Z
0.0,21.50001,-14.000007,1.1979524,0.9999895,-0.0027088851,-0.0033654908,-0.0015193605,-0.00021345017,0.00030367178,-0.16382234,-0.4336036,-0.53851515,-0.24314192,21.5,-14.0,0.39795256,0.00068301894,-0.00047811324,0.040981133,-0.028686794,-147.17316,-221.70358,-98.38964,-204.22078,-147.17316,-221.70358,-98.38964,-204.22078,-1.0,-1.0,-1.0,-1.0,0.0,-0.4,-0.4,-0.4
0.016666666666666666,21.500011,-14.000025,1.1931808,0.99993646,-0.0090040155,-0.0044920957,-0.0050837705,-0.0029076855,0.004717196,-0.3270637,-0.8647309,-0.0004839835,-0.4859736,21.499998,-14.000002,0.39318097,0.0009562265,-0.0016392454,0.016392453,-0.06966793,-149.41231,-218.03789,47.731728,-182.92786,-149.41231,-218.03789,47.731728,-182.92786,-1.0,-1.0,1.0,-1.0,0.0,-0.4,0.4,-0.4
0.03333333333333333,21.500027,-14.000052,1.1856817,0.9997336,-0.018914877,-0.007814324,-0.010661012,-0.006926487,0.016731976,-0.49054527,-1.299095,-0.5309139,-0.72865546,21.5,-14.000004,0.38568166,0.001912453,-0.0034833965,0.057373587,-0.11064906,-116.11184,-182.01776,-15.257281,-173.092,-116.11184,-182.01776,-15.257281,-173.092,-1.0,-1.0,-1.0,-1.0,0.0,-0.4,-0.4,-0.4
0.05,21.499964,-13.999915,1.1793393,0.9992708,-0.032355104,-0.008650004,-0.018335342,-0.012030658,0.033958204,-0.34215194,-1.7269899,0.043864924,-0.9705058,21.5,-14.000003,0.37933946,-0.002595472,0.006283774,-0.27047548,0.58603024,48.626842,-52.019962,126.84515,-159.48045,48.626842,-52.019962,126.84515,-159.48045,1.0,-1.0,1.0,-1.0,33.524375915527344,-0.4,0.4,-0.4
0.06666666666666667,21.499804,-13.999425,1.1754428,0.9986317,-0.04380659,-0.004719964,-0.028166069,-0.015171892,0.052439798,-0.1931392,-1.2835892,0.63121665,-1.2124279,21.5,-14.000012,0.37544334,-0.01407019,0.04207397,-0.688483,2.1474116,93.07317,229.96156,65.27915,-149.03012,93.07317,229.96156,65.27915,-149.03012,1.0,1.0,1.0,-1.0,33.524375915527344,0.4,0.4,-0.4
0.08333333333333333,21.499609,-13.998447,1.1739775,0.9978667,-0.051590744,-0.0028118254,-0.039904658,-0.017370963,0.070469335,-0.04437504,-0.83825445,0.14186239,-1.4551394,21.499992,-14.000026,0.37397933,-0.027457362,0.1130397,-0.8032303,4.257944,117.75793,253.58566,-41.86825,-140.3721,117.75793,253.58566,-41.86825,-140.3721,1.0,1.0,-1.0,-1.0,33.524375915527344,0.4,-0.4,-0.4
0.1,21.499405,-13.996901,1.1749394,0.9970064,-0.05553829,0.001440262,-0.053772602,-0.022804698,0.08888446,0.10469215,-0.39105532,0.72089946,-1.6961021,21.499979,-14.000035,0.37494603,-0.041117743,0.22450891,-0.8196228,6.6881523,129.8556,227.40028,28.739872,-76.89416,129.8556,227.40028,28.739872,-76.89416,1.0,1.0,1.0,-1.0,33.524375915527344,0.4,0.4,-0.4
0.11666666666666667,21.499254,-13.994746,1.1783196,0.9960098,-0.05584369,0.003438687,-0.069526464,-0.026659887,0.10855509,0.2527727,0.059630282,0.2163054,-1.9378402,21.49995,-14.000035,0.37833768,-0.049860388,0.37880504,-0.52455866,9.257768,136.40633,210.85654,-69.6983,-27.202885,136.40633,210.85654,-69.6983,-27.202885,1.0,1.0,-1.0,-1.0,33.524375915527344,0.4,-0.4,-0.4
0.13333333333333333,21.499195,-13.991986,1.1841158,0.99506545,-0.052776102,0.0009756,-0.08401381,-0.028649032,0.13023563,0.4001366,0.4958126,-0.30033585,-1.6940615,21.499905,-14.000008,0.38415635,-0.050816614,0.5744968,-0.057373565,11.741505,130.60776,154.18896,-30.88551,167.62425,130.60776,154.18896,-30.88551,167.62425,1.0,1.0,-1.0,1.0,33.524375915527344,0.4,-0.4,0.4
0.15,21.499195,-13.988654,1.1923374,0.99426603,-0.045887608,0.0006508094,-0.096586786,-0.03555349,0.15503897,0.54650337,0.9311593,0.24777134,-1.4498916,21.499857,-13.999937,0.39241728,-0.04740152,0.8081065,0.20490555,14.01658,104.39988,58.479153,64.71284,159.53358,104.39988,58.479153,64.71284,159.53358,1.0,1.0,1.0,1.0,33.524375915527344,0.4,0.4,0.4
0.16666666666666666,21.499249,-13.984833,1.2029871,0.9934817,-0.03920871,-0.0017780677,-0.10702098,-0.037910726,0.17822967,0.691825,0.78495806,-0.28856155,-1.2064697,21.499796,-13.999798,0.40312722,-0.03920529,1.0718558,0.4917738,15.824957,57.04126,-0.34827575,-18.316069,23.579247,57.04126,-0.34827575,-18.316069,23.579247,1.0,-0.34827575,-1.0,1.0,33.524375915527344,-0.1393103,-0.4,0.4
0.18333333333333332,21.499329,-13.980637,1.2155033,0.99285513,-0.029878749,-0.0021133386,-0.11550547,-0.04579293,0.20496342,0.7901672,1.2209448,0.25634646,-0.96267486,21.499744,-13.999581,0.41572782,-0.029779626,1.356944,0.56553984,17.10529,0.7044142,3.2432687,108.16392,9.808987,0.7044142,3.2432687,108.16392,9.808987,0.7044142,1.0,1.0,1.0,28.56970977783203,0.4,0.4,0.4
0.2,21.499395,-13.976359,1.2263985,0.9919032,-0.021748658,0.0020573568,-0.12510249,-0.059209384,0.22244668,0.62327397,0.7999744,0.7720306,-1.2037793,21.49969,-13.999341,0.42672876,-0.021036983,1.6461655,0.5245586,17.35329,-72.38415,-56.972275,39.29964,-124.2645,-72.38415,-56.972275,39.29964,-124.2645,-1.0,-1.0,1.0,-1.0,0.0,-0.4,0.4,-0.4
0.21666666666666667,21.49947,-13.9720955,1.2345655,0.9904619,-0.01741215,0.004239129,-0.1366167,-0.0664932,0.23127356,0.4573353,0.3771463,0.2157465,-1.4457221,21.499628,-13.999102,0.4350215,-0.011338114,1.9345405,0.58193207,17.3025,-93.0894,-28.521635,-45.116,-40.213,-93.0894,-28.521635,-45.116,-40.213,-1.0,-1.0,-1.0,-1.0,0.0,-0.4,-0.4,-0.4
0.23333333333333334,21.499542,-13.967824,1.2400093,0.9890209,-0.010899909,0.008319909,-0.14713807,-0.07477103,0.23967573,0.2906941,0.8200451,0.74780977,-1.2002312,21.499567,-13.99886,0.44061178,-0.0017758493,2.2233748,0.57373583,17.33006,-112.175514,3.803052,19.644884,182.5037,-112.175514,3.803052,19.644884,182.5037,-1.0,1.0,1.0,1.0,0.0,0.4,0.4,0.4
0.25,21.499615,-13.96356,1.2427248,0.987748,-0.0064248466,0.010332886,-0.15558203,-0.076554075,0.24260741,0.12444195,0.39604217,0.19144572,-0.9565366,21.499508,-13.998618,0.44349325,0.007649812,2.5116503,0.56553966,17.296528,-128.32166,-77.544205,-82.8673,29.549171,-128.32166,-77.544205,-82.8673,29.549171,-1.0,-1.0,-1.0,1.0,0.0,-0.4,-0.4,0.4
0.26666666666666666,21.499697,-13.959314,1.242709,0.9867447,-0.0061969995,0.008394077,-0.16194451,-0.07600758,0.24339035,-0.039399482,-0.038398735,-0.3563158,-0.7137589,21.499456,-13.998376,0.44366324,0.017212076,2.79869,0.57373583,17.222383,-161.53694,-81.58932,-11.582063,18.520987,-161.53694,-81.58932,-11.582063,18.520987,-1.0,-1.0,-1.0,1.0,0.0,-0.4,-0.4,0.4
0.2833333333333333,21.49977,-13.955078,1.2399691,0.9859918,-0.00912555,0.0092223305,-0.16628838,-0.07655488,0.24557024,-0.20129041,-0.4658118,0.17880858,-0.47043645,21.499418,-13.998132,0.44112873,0.025135096,3.0849793,0.47538117,17.177351,-185.01027,-75.13139,118.5574,21.349257,-185.01027,-75.13139,118.5574,21.349257,-1.0,-1.0,1.0,1.0,0.0,-0.4,0.4,0.4
0.3,21.499823,-13.950849,1.2345076,0.98493534,-0.014798932,0.015041871,-0.17163028,-0.07409993,0.25236893,-0.36200508,-0.8873474,0.71717584,-0.71259147,21.499382,-13.997888,0.4358921,0.031555474,3.3708668,0.38522264,17.153248,-135.77605,-35.12461,11.3602495,-47.47926,-135.77605,-35.12461,11.3602495,-47.47926,-1.0,-1.0,1.0,-1.0,0.0,-0.4,0.4,-0.4
0.31666666666666665,21.499884,-13.946613,1.2263184,0.9835034,-0.019070202,0.018390184,-0.17893907,-0.0702637,0.2626561,-0.5235366,-0.4541977,0.1926821,-0.9545811,21.499342,-13.997635,0.4279472,0.03879548,3.6566331,0.43440026,17.14598,-73.43311,91.82903,-124.12562,-20.8191,-73.43311,91.82903,-124.12562,-20.8191,-1.0,1.0,-1.0,-1.0,0.0,0.4,-0.4,-0.4
0.3333333333333333,21.499958,-13.942391,1.2153982,0.9822178,-0.025889466,0.017713087,-0.18510592,-0.07057602,0.27707857,-0.6833776,-0.88795847,-0.34377867,-0.711283,21.499302,-13.997376,0.41729027,0.04699171,3.9411213,0.4917738,17.06929,-59.09114,-1.6271843,-105.03316,111.55423,-59.09114,-1.6271843,-105.03316,111.55423,-1.0,-1.0,-1.0,1.0,0.0,-0.4,-0.4,0.4
0.35,21.500048,-13.938169,1.2017484,0.9813503,-0.03179154,0.012445612,-0.18917152,-0.07860845,0.294443,-0.8431292,-0.4675786,-0.86944175,-0.46722865,21.49927,-13.997113,0.40392336,0.055734355,4.2254324,0.52455866,17.058662,-46.5739,108.64407,-15.089645,94.43165,-46.5739,108.64407,-15.089645,94.43165,-1.0,1.0,-1.0,1.0,0.0,0.4,-0.4,0.4
0.36666666666666664,21.50012,-13.933951,1.1853753,0.9807089,-0.03901097,0.009805653,-0.19129029,-0.08676078,0.317428,-1.0013362,-0.89680076,-0.33181533,-0.22360569,21.49924,-13.996853,0.38785276,0.062974356,4.5096426,0.43440005,17.05261,-50.47117,-14.014723,147.13054,125.494095,-50.47117,-14.014723,147.13054,125.494095,-1.0,-1.0,1.0,1.0,0.0,-0.4,0.4,0.4
0.3833333333333333,21.500326,-13.929436,1.1701516,0.98043996,-0.04349219,0.011475603,-0.19160938,-0.08548671,0.340121,-0.8503117,-0.45654264,0.23735629,0.020041244,21.49923,-13.9962845,0.37295032,0.0785472,4.7932787,0.9343707,17.018164,51.7532,136.1707,57.058,74.32064,51.7532,136.1707,57.058,74.32064,1.0,1.0,1.0,1.0,33.524375915527344,0.4,0.4,0.4
0.4,21.50075,-13.924496,1.157357,0.980726,-0.04480142,0.01056736,-0.18988846,-0.0837893,0.35767573,-0.7017274,-0.026510172,-0.27443433,0.2630875,21.499228,-13.995283,0.36049655,0.109009884,5.0764155,1.8277608,16.988209,31.451872,27.686014,-109.252846,28.514753,31.451872,27.686014,-109.252846,28.514753,1.0,1.0,-1.0,1.0,33.524375915527344,0.4,-0.4,0.4
0.4166666666666667,21.50138,-13.919132,1.1469878,0.98133296,-0.048656605,0.005837916,-0.18596776,-0.085971326,0.3761538,-0.5511101,-0.45392036,-0.7966979,0.50501513,21.499237,-13.993823,0.3504852,0.15354285,5.357138,2.6719775,16.843355,4.388403,-41.59786,-66.316216,25.319454,4.388403,-41.59786,-66.316216,25.319454,1.0,-1.0,-1.0,1.0,33.524375915527344,-0.4,-0.4,0.4
0.43333333333333335,21.502054,-13.913649,1.1351842,0.9823461,-0.05023128,0.0031175176,-0.180175,-0.088075764,0.39517578,-0.71216816,-0.01175034,-0.254622,0.74760264,21.499256,-13.992238,0.33905882,0.20039816,5.6376467,2.8113189,16.83051,-35.93268,96.656746,77.98358,26.775806,-35.93268,96.656746,77.98358,26.775806,-1.0,1.0,1.0,1.0,0.0,0.4,0.4,0.4
0.45,21.502821,-13.90779,1.1245159,0.98304343,-0.053899802,-0.0014414843,-0.17526628,-0.09172764,0.41527182,-0.5612721,-0.43792504,-0.77688974,0.50343245,21.499289,-13.990263,0.32878622,0.25299105,5.9171925,3.1555731,16.772745,78.040215,-33.069206,-49.34963,-8.706426,78.040215,-33.069206,-49.34963,-8.706426,1.0,-1.0,-1.0,-1.0,33.524375915527344,-0.4,-0.4,-0.4
0.4666666666666667,21.503674,-13.901375,1.1162719,0.9839742,-0.05527064,-0.0038784628,-0.16948394,-0.09421367,0.4352827,-0.4115709,0.008810793,-0.21257687,0.7460253,21.499338,-13.987746,0.32095987,0.31050193,6.197979,3.4506528,16.847189,89.79367,147.53061,146.97215,23.863565,89.79367,147.53061,146.97215,23.863565,1.0,1.0,1.0,1.0,33.524375915527344,0.4,0.4,0.4
0.48333333333333334,21.504595,-13.894382,1.1104455,0.9848783,-0.05338797,-0.008967653,-0.16457191,-0.09658188,0.45283467,-0.26520982,0.44254643,-0.721933,0.50180405,21.499424,-13.984666,0.31557316,0.37033546,6.479877,3.5900114,16.91388,31.689419,2.0994976,-16.883036,-5.742342,31.689419,2.0994976,-16.883036,-5.742342,1.0,1.0,-1.0,-1.0,33.524375915527344,0.4,-0.4,-0.4
0.5,21.505507,-13.886832,1.1070428,0.98583156,-0.05277903,-0.011325726,-0.15881458,-0.09918955,0.46924275,-0.11743721,0.027531596,-0.16239928,0.7434508,21.499535,-13.980993,0.31262612,0.4277104,6.7594566,3.442497,16.774776,26.590729,-41.45615,196.8355,17.252132,26.590729,-41.45615,196.8355,17.252132,1.0,-1.0,1.0,1.0,33.524375915527344,-0.4,0.4,0.4
0.5166666666666666,21.506397,-13.87913,1.102205,0.9867362,-0.049596224,-0.009522824,-0.15427616,-0.10070198,0.48577982,-0.2829956,0.46279243,0.38260168,0.50087535,21.499657,-13.977165,0.30826333,0.4827635,7.038923,3.303185,16.767967,-31.551205,2.7968974,63.356396,-8.429184,-31.551205,2.7968974,63.356396,-8.429184,-1.0,1.0,1.0,-1.0,0.0,0.4,0.4,-0.4
0.5333333333333333,21.507284,-13.871053,1.0985038,0.98719764,-0.048492968,-0.009618723,-0.15164629,-0.10265357,0.5002712,-0.13650474,0.030111456,-0.13582335,0.2574349,21.499807,-13.9728565,0.3050431,0.5354946,7.3109827,3.1638675,16.323593,91.64241,-45.390503,-82.63969,-25.076408,91.64241,-45.390503,-82.63969,-25.076408,1.0,-1.0,-1.0,-1.0,33.524375915527344,-0.4,-0.4,-0.4
0.55,21.508139,-13.862464,1.0972326,0.9879083,-0.045199454,-0.0075189397,-0.14811374,-0.105242915,0.5160853,0.008150082,0.4700855,0.43073285,0.50135523,21.500002,-13.96788,0.3042503,0.58276176,7.5719075,2.836028,15.655488,80.9506,2.9843276,43.278618,24.827583,80.9506,2.9843276,43.278618,24.827583,1.0,1.0,1.0,1.0,33.524375915527344,0.4,0.4,0.4
0.5666666666666667,21.508987,-13.85342,1.0983906,0.98835456,-0.043972038,-0.007230992,-0.14549704,-0.106035136,0.52974504,0.15430515,0.037072893,-0.08750537,0.25792548,21.500254,-13.962222,0.30587187,0.6255212,7.816583,2.5655649,14.680537,13.332261,-45.34413,-118.203094,-30.848925,13.332261,-45.34413,-118.203094,-30.848925,1.0,-1.0,-1.0,-1.0,33.524375915527344,-0.4,-0.4,-0.4
0.5833333333333334,21.50983,-13.843935,1.1019772,0.9887374,-0.04692137,-0.010663091,-0.141714,-0.10371312,0.5417007,0.30522642,-0.39134198,-0.60830164,0.5000196,21.500555,-13.955851,0.30989826,0.6643191,8.041741,2.3278747,13.509492,12.528639,-9.626442,-29.16388,2.0309591,12.528639,-9.626442,-29.16388,2.0309591,1.0,-1.0,-1.0,1.0,33.524375915527344,-0.4,-0.4,0.4
0.6,21.510662,-13.834327,1.1041296,0.9890659,-0.047701392,-0.012133038,-0.13901792,-0.10671407,0.5576112,0.14372258,0.047313474,-0.06696146,0.25712818,21.500872,-13.949295,0.31249446,0.7012047,8.262608,2.213137,13.251971,-9.75588,145.63571,146.33073,-14.226487,-9.75588,145.63571,146.33073,-14.226487,-1.0,1.0,1.0,-1.0,0.0,0.4,0.4,-0.4
0.6166666666666667,21.51144,-13.824347,1.107426,0.98948973,-0.049554203,-0.008764664,-0.1355639,-0.11109931,0.57071817,0.29380614,-0.37430072,0.48870927,0.50019455,21.501244,-13.942171,0.31621587,0.73030365,8.469373,1.7459356,12.40591,14.869348,-2.7483933,32.758194,8.063957,14.869348,-2.7483933,32.758194,8.063957,1.0,-1.0,1.0,1.0,33.524375915527344,-0.4,0.4,0.4
0.6333333333333333,21.512209,-13.814239,1.1092837,0.98982745,-0.049948905,-0.007854269,-0.13298507,-0.112311974,0.5876286,0.13129066,0.048897553,-0.047090195,0.2570652,21.501625,-13.93486,0.3185001,0.7580365,8.671965,1.6639708,12.155513,-3.3561323,170.46143,-124.46819,-40.72931,-3.3561323,170.46143,-124.46819,-40.72931,-1.0,1.0,-1.0,-1.0,0.0,0.4,-0.4,-0.4
0.65,21.512983,-13.8037405,1.1122767,0.9904236,-0.047375984,-0.0116304895,-0.12915577,-0.1102627,0.6054921,0.2761636,0.48127103,-0.5571386,0.49916807,21.502058,-13.926954,0.32189786,0.7824908,8.859803,1.4672576,11.270312,7.876555,8.554449,-29.66199,3.7283552,7.876555,8.554449,-29.66199,3.7283552,1.0,1.0,-1.0,1.0,33.524375915527344,0.4,-0.4,0.4
0.6666666666666666,21.513685,-13.792757,1.1177015,0.99081206,-0.046172854,-0.012821363,-0.12647131,-0.113136075,0.62034166,0.42288882,0.06254357,0.0020045638,0.2555931,21.502562,-13.918249,0.32768396,0.7966989,9.024983,0.8524882,9.910811,1.7824376,-40.904465,157.14742,-24.391575,1.7824376,-40.904465,157.14742,-24.391575,1.0,-1.0,1.0,-1.0,33.524375915527344,-0.4,0.4,-0.4
0.6833333333333333,21.514301,-13.781291,1.1255615,0.9910389,-0.043296676,-0.009595553,-0.12599601,-0.12307911,0.6370808,0.5671869,0.37263954,0.56581247,0.012698203,21.503134,-13.908725,0.3358554,0.79984117,9.165817,0.18853424,8.45003,20.424694,0.7000958,13.626038,-27.66327,20.424694,0.7000958,13.626038,-27.66327,1.0,0.7000958,1.0,-1.0,33.524375915527344,0.28003833,0.4,-0.4
0.7,21.51488,-13.769385,1.1358539,0.9908911,-0.04268865,-0.008258543,-0.12745304,-0.13065873,0.6491132,0.71382326,-0.05767348,0.045443177,-0.23008208,21.503782,-13.898368,0.34639853,0.79478633,9.2781925,-0.30328986,6.742515,35.123573,-23.554272,-118.266304,-46.779976,35.123573,-23.554272,-118.266304,-46.779976,1.0,-1.0,-1.0,-1.0,33.524375915527344,-0.4,-0.4,-0.4
0.7166666666666667,21.515432,-13.757051,1.1485784,0.9909055,-0.04085014,-0.011348881,-0.12770559,-0.13028643,0.6655891,0.85928804,0.37355453,-0.46578383,0.013384257,21.504501,-13.8871765,0.35930794,0.7829007,9.361113,-0.7131385,4.975204,52.746277,77.15792,-10.7226715,11.798655,52.746277,77.15792,-10.7226715,11.798655,1.0,1.0,-1.0,1.0,33.524375915527344,0.4,-0.4,0.4
0.7333333333333333,21.515911,-13.744304,1.163742,0.9907391,-0.040412705,-0.011867472,-0.129081,-0.13793738,0.6769877,1.0068072,-0.048352994,0.09049158,-0.23003343,21.505293,-13.875138,0.3745844,0.7604956,9.412618,-1.3443052,3.090305,25.139837,-11.487611,150.56761,-32.709713,25.139837,-11.487611,150.56761,-32.709713,1.0,-1.0,1.0,-1.0,33.524375915527344,-0.4,0.4,-0.4
0.75,21.516304,-13.731133,1.1813468,0.9904241,-0.03748883,-0.008066834,-0.13262522,-0.15852751,0.69336915,1.1504396,0.39251477,0.65500754,-0.4726721,21.506151,-13.862247,0.39222956,0.72716147,9.432904,-2.000048,1.2171935,51.030376,80.78327,63.99277,-23.13343,51.030376,80.78327,63.99277,-23.13343,1.0,1.0,1.0,-1.0,33.524375915527344,0.4,0.4,-0.4
0.7666666666666666,21.516674,-13.717578,1.2013905,0.98990864,-0.031219268,-0.006849734,-0.13805531,-0.17482641,0.7175435,1.2887414,0.8273944,0.13921519,-0.7147131,21.507084,-13.848506,0.41223544,0.68686026,9.419403,-2.418072,-0.81007,49.25777,34.534454,-54.137707,-12.408908,49.25777,34.534454,-54.137707,-12.408908,1.0,1.0,-1.0,-1.0,33.524375915527344,0.4,-0.4,-0.4
0.7833333333333333,21.517012,-13.703708,1.2238835,0.9895643,-0.020984499,-0.003740507,-0.1425064,-0.19838437,0.75104475,1.4207416,1.2700051,0.69468206,-0.47074023,21.50808,-13.833912,0.4346011,0.6397288,9.366858,-2.8278885,-3.1527326,16.71043,5.905295,89.90351,133.04337,16.71043,5.905295,89.90351,133.04337,1.0,1.0,1.0,1.0,33.524375915527344,0.4,0.4,0.4
0.8,21.517347,-13.689776,1.244943,0.98891616,-0.012828505,-0.002663881,-0.14789587,-0.21381842,0.7745475,1.2440422,0.83889574,0.14178249,-0.71288097,21.509092,-13.819099,0.45550793,0.5912317,9.302899,-2.9098246,-3.8374898,-31.814169,-28.373642,-17.447657,-43.274117,-31.814169,-28.373642,-17.447657,-43.274117,-1.0,-1.0,-1.0,-1.0,0.0,-0.4,-0.4,-0.4
0.8166666666666667,21.517677,-13.675858,1.2632794,0.9883018,-0.007856854,0.0010514831,-0.152304,-0.23265976,0.7851564,1.0720211,0.41594866,0.6675909,-0.46981013,21.510109,-13.804283,0.47369114,0.5420519,9.237777,-2.9507873,-3.907356,-92.862274,-21.612217,117.804436,142.82701,-92.862274,-21.612217,117.804436,142.82701,-1.0,-1.0,1.0,1.0,0.0,-0.4,0.4,0.4
0.8333333333333334,21.517988,-13.661943,1.2788948,0.9874185,-0.005674534,0.009658167,-0.15773107,-0.25813714,0.7860669,0.9030843,-0.0027862526,1.1986265,-0.71345013,21.511122,-13.789462,0.48915318,0.49177966,9.171974,-3.0163352,-3.9481542,-163.04652,-18.98907,15.996571,-4.6441636,-163.04652,-18.98907,15.996571,-4.6441636,-1.0,-1.0,1.0,-1.0,0.0,-0.4,0.4,-0.4
0.85,21.51831,-13.648026,1.2917833,0.98663753,-0.0019915781,0.015762566,-0.16215387,-0.27122274,0.7906553,0.7316533,0.43443862,0.66335696,-0.46951252,21.512136,-13.774644,0.50189114,0.44219086,9.106599,-2.9753277,-3.9225194,-197.01164,16.873629,-96.015564,96.52944,-197.01164,16.873629,-96.015564,96.52944,-1.0,1.0,-1.0,1.0,0.0,0.4,-0.4,0.4
0.8666666666666667,21.51864,-13.634124,1.301942,0.98621345,-0.0007746778,0.017692097,-0.16452798,-0.27157038,0.79110104,0.56531554,0.0029029385,0.11717062,-0.22610827,21.513144,-13.759825,0.5118983,0.3936952,9.04013,-2.9097388,-3.9881513,-248.9135,-39.858418,-69.62012,15.803163,-248.9135,-39.858418,-69.62012,15.803163,-1.0,-1.0,-1.0,1.0,0.0,-0.4,-0.4,0.4
0.8833333333333333,21.518957,-13.620222,1.3093768,0.9855566,-0.002716779,0.022376364,-0.16783936,-0.27558294,0.78778136,0.4039463,-0.4212865,0.65138876,-0.4698014,21.514145,-13.744996,0.5191818,0.34465343,8.972912,-2.9425066,-4.033069,-299.75507,-38.118313,16.330091,-6.5411134,-299.75507,-38.118313,16.330091,-6.5411134,-1.0,-1.0,1.0,-1.0,0.0,-0.4,0.4,-0.4
0.9,21.519281,-13.60634,1.3140839,0.9850678,-0.008540022,0.02543098,-0.1700636,-0.27246523,0.78475744,0.2489632,-0.8524031,0.11056265,-0.2272619,21.51515,-13.730176,0.5237374,0.29588512,8.904877,-2.9260986,-4.082107,-274.7807,-1.7905017,-105.67855,77.80039,-274.7807,-1.7905017,-105.67855,77.80039,-1.0,-1.0,-1.0,1.0,0.0,-0.4,-0.4,0.4
0.9166666666666666,21.519617,-13.592459,1.3160616,0.9850156,-0.013332249,0.023819603,-0.17029154,-0.26407847,0.78849447,0.09377037,-0.42641795,-0.42109412,0.01625565,21.516153,-13.715353,0.52556515,0.24807325,8.836646,-2.8687117,-4.0938373,-262.22845,62.726818,-42.591557,33.70438,-262.22845,62.726818,-42.591557,33.70438,-1.0,1.0,-1.0,1.0,0.0,0.4,-0.4,0.4
0.9333333333333333,21.519943,-13.57858,1.3153166,0.9851977,-0.019436631,0.024725674,-0.16851193,-0.25541645,0.7949708,-0.059313178,-0.8508854,0.11195503,0.25925118,21.517155,-13.700527,0.5246706,0.19971514,8.768014,-2.9014866,-4.117927,-256.7248,-22.379782,54.385426,12.467458,-256.7248,-22.379782,54.385426,12.467458,-1.0,-1.0,1.0,1.0,0.0,-0.4,0.4,0.4
0.95,21.520277,-13.564699,1.3118443,0.9852674,-0.024194397,0.023100724,-0.16771725,-0.2476612,0.8056412,-0.21436724,-0.42561388,-0.4240352,0.016505275,21.51815,-13.685701,0.52105117,0.1523134,8.6995325,-2.8441043,-4.1088862,-183.13826,83.27428,-70.17645,-8.228467,-183.13826,83.27428,-70.17645,-8.228467,-1.0,1.0,-1.0,-1.0,0.0,0.4,-0.4,-0.4
0.9666666666666667,21.520609,-13.550821,1.3056496,0.9853788,-0.030298404,0.023983402,-0.16593742,-0.23986222,0.8193255,-0.3670549,-0.8501441,0.109003946,0.25950164,21.519157,-13.670876,0.5147104,0.10395554,8.6308565,-2.9014714,-4.120559,-169.31299,-20.128923,30.374073,53.568275,-169.31299,-20.128923,30.374073,53.568275,-1.0,-1.0,1.0,1.0,0.0,-0.4,0.4,0.4
0.9833333333333333,21.52094,-13.536942,1.296728,0.9858957,-0.034971047,0.022416882,-0.1621236,-0.22936915,0.83731467,-0.52176505,-0.42399856,-0.42839688,0.5029728,21.520155,-13.656049,0.5056447,0.056280766,8.562263,-2.860486,-4.1156383,-143.38602,130.12436,-89.88189,27.070257,-143.38602,130.12436,-89.88189,27.070257,-1.0,1.0,-1.0,1.0,0.0,0.4,-0.4,0.4
1.0,21.521286,-13.523075,1.285077,0.9867016,-0.04210632,0.016729549,-0.15609907,-0.22284946,0.8599763,-0.671241,-0.853538,-0.9764603,0.74671596,21.521152,-13.641223,0.49384958,0.009562265,8.492782,-2.80311,-4.1688533,-148.76494,-2.7410898,-25.158777,32.677685,-148.76494,-2.7410898,-25.158777,32.677685,-1.0,-1.0,-1.0,1.0,0.0,-0.4,-0.4,0.4
1.0166666666666666,21.521627,-13.509202,1.2707033,0.9877589,-0.04698815,0.013001677,-0.14817339,-0.21475984,0.88556045,-0.8240417,-0.40663767,-0.44177878,0.990508,21.522152,-13.626396,0.47933435,-0.037566043,8.42373,-2.8276982,-4.143104,-175.40729,187.7267,167.0822,27.927683,-175.40729,187.7267,167.0822,27.927683,-1.0,1.0,1.0,1.0,0.0,0.4,0.4,0.4
1.0333333333333332,21.521957,-13.495316,1.2536097,0.98913336,-0.047532827,0.013243819,-0.13849308,-0.1966519,0.90721416,-0.9851673,0.03410034,0.09667002,1.233004,21.523146,-13.611569,0.46210238,-0.08510419,8.355655,-2.8522885,-4.0845103,-135.07161,54.518543,27.741667,23.960419,-135.07161,54.518543,27.741667,23.960419,-1.0,1.0,1.0,1.0,0.0,0.4,0.4,0.4
1.05,21.522293,-13.481435,1.2337881,0.99021983,-0.050180003,0.011430333,-0.12967636,-0.18332912,0.93148834,-1.1427052,-0.40063077,-0.44716015,0.9894528,21.524141,-13.596741,0.44214356,-0.13236919,8.287041,-2.8358998,-4.11684,-41.400154,-34.97976,-97.020676,-1.7402976,-41.400154,-34.97976,-97.020676,-1.7402976,-1.0,-1.0,-1.0,-1.0,0.0,-0.4,-0.4,-0.4
1.0666666666666667,21.522783,-13.467183,1.215101,0.9910955,-0.051583447,0.004965462,-0.12265414,-0.18217953,0.9524065,-0.9911824,0.03916102,-0.9623359,0.74666053,21.525126,-13.581355,0.42329377,-0.16774969,8.204982,-2.1228297,-4.923534,54.34797,71.72522,-40.25553,-4.784151,54.34797,71.72522,-40.25553,-4.784151,1.0,1.0,-1.0,-1.0,33.524375915527344,0.4,-0.4,-0.4
1.0833333333333333,21.52339,-13.452415,1.1988418,0.99155456,-0.054342985,0.0009799211,-0.11775172,-0.18244438,0.9740256,-0.83687544,-0.37309518,-0.4062588,0.50341076,21.526093,-13.5652275,0.40684074,-0.19356793,8.106587,-1.5490946,-5.903663,111.35847,-21.165068,154.4597,-8.782936,111.35847,-21.165068,154.4597,-8.782936,1.0,-1.0,1.0,-1.0,33.524375915527344,-0.4,0.4,-0.4
1.1,21.524084,-13.437098,1.1850039,0.99211746,-0.05548992,-0.005228424,-0.112233795,-0.18268695,0.99456763,-0.6857539,0.06375029,-0.9196021,0.6644454,21.527044,-13.548369,0.39278564,-0.21200955,7.995182,-1.1064969,-6.684322,136.59517,108.518005,-3.9935775,0.65905356,136.59517,108.518005,-3.9935775,0.65905356,1.0,1.0,-1.0,0.65905356,33.524375915527344,0.4,-0.4,0.26362142
1.1166666666666667,21.524782,-13.421209,1.1735892,0.99241287,-0.05801616,-0.008927377,-0.10803217,-0.18432625,1.0153537,-0.53164434,-0.35022992,-0.36316487,0.42106995,21.527975,-13.530786,0.38113564,-0.22867535,7.8725677,-0.999948,-7.3568625,139.2549,-6.7642975,205.00479,-16.616869,139.2549,-6.7642975,205.00479,-16.616869,1.0,-1.0,1.0,-1.0,33.524375915527344,-0.4,0.4,-0.4
1.1333333333333333,21.52545,-13.404713,1.1645962,0.9926207,-0.058140106,-0.008307611,-0.106088676,-0.18572535,1.0354568,-0.3828869,0.09087126,0.19969143,0.17793682,21.528896,-13.512493,0.37189758,-0.24684381,7.742752,-1.0901078,-7.788934,152.5053,145.61894,66.92144,-5.3495636,152.5053,145.61894,66.92144,-5.3495636,1.0,1.0,1.0,-1.0,33.524375915527344,0.4,0.4,-0.4
1.15,21.526096,-13.387605,1.1580181,0.9927979,-0.05487457,-0.010194469,-0.106005445,-0.19042832,1.0525359,-0.24149585,0.522091,-0.3114452,-0.06478458,21.52979,-13.493503,0.36506695,-0.26460245,7.6067047,-1.0655181,-8.162841,189.9305,14.14485,-103.486374,-18.16529,189.9305,14.14485,-103.486374,-18.16529,1.0,1.0,-1.0,-1.0,33.524375915527344,0.4,-0.4,-0.4
1.1666666666666667,21.526693,-13.369926,1.1538628,0.993002,-0.053090807,-0.009451011,-0.10506627,-0.19432965,1.0685565,-0.09711955,0.10016432,0.24451752,0.17764318,21.530666,-13.473822,0.36064804,-0.28454685,7.462022,-1.1966639,-8.680972,187.39772,-43.688442,45.255215,16.721943,187.39772,-43.688442,45.255215,16.721943,1.0,-1.0,1.0,1.0,33.524375915527344,-0.4,0.4,0.4
1.1833333333333333,21.527254,-13.351695,1.1521287,0.9931676,-0.049707163,-0.010972158,-0.10500859,-0.1983474,1.085856,0.043581646,0.53132725,-0.26664957,-0.06505723,21.531511,-13.453468,0.35864037,-0.3049011,7.308779,-1.2212543,-9.194583,139.82434,7.1654716,-114.68587,-30.621359,139.82434,7.1654716,-114.68587,-30.621359,1.0,1.0,-1.0,-1.0,33.524375915527344,0.4,-0.4,-0.4
1.2,21.52775,-13.332948,1.1528224,0.9930492,-0.04777752,-0.010019366,-0.10709852,-0.20948459,1.1000823,0.18733953,0.10897261,0.28889632,-0.30864656,21.532335,-13.432455,0.35904846,-0.32839727,7.1451936,-1.4097707,-9.81511,144.42218,-43.948666,24.609661,-2.8950517,144.42218,-43.948666,24.609661,-2.8950517,1.0,-1.0,1.0,-1.0,33.524375915527344,-0.4,0.4,-0.4
1.2166666666666666,21.5282,-13.313703,1.1559432,0.99309397,-0.04426357,-0.011246791,-0.10806697,-0.21535736,1.1169529,0.3273483,0.5418041,-0.223454,-0.06507982,21.533133,-13.410795,0.3618723,-0.35325962,6.970933,-1.4917408,-10.455636,141.54655,32.174915,-91.52898,38.21035,141.54655,32.174915,-91.52898,38.21035,1.0,1.0,-1.0,1.0,33.524375915527344,0.4,-0.4,0.4
1.2333333333333334,21.528576,-13.293997,1.1614972,0.9929672,-0.042203527,-0.009940462,-0.1101642,-0.22754616,1.1303316,0.4704305,0.11962077,0.33204743,-0.3086686,21.533892,-13.3885,0.36711657,-0.38071755,6.784149,-1.6474752,-11.2070265,100.36415,-40.920616,34.864567,-18.232475,100.36415,-40.920616,34.864567,-18.232475,1.0,-1.0,1.0,-1.0,33.524375915527344,-0.4,0.4,-0.4
1.25,21.5289,-13.273853,1.1694834,0.99299586,-0.038564354,-0.0108262235,-0.111151665,-0.23321468,1.1474206,0.609717,0.5525428,-0.18036067,-0.06508147,21.534622,-13.365591,0.37478158,-0.40981486,6.5847178,-1.745839,-11.965884,97.38452,28.388474,-78.2867,22.781042,97.38452,28.388474,-78.2867,22.781042,1.0,1.0,-1.0,1.0,33.524375915527344,0.4,-0.4,0.4
1.2666666666666666,21.529156,-13.25331,1.1799079,0.992858,-0.036370933,-0.009168206,-0.113252446,-0.24658678,1.1599957,0.75208855,0.13053508,0.375092,-0.30866048,21.535316,-13.342083,0.3848724,-0.4412346,6.3710027,-1.8851833,-12.822904,61.187237,-33.836563,51.144306,-34.18036,61.187237,-33.836563,51.144306,-34.18036,1.0,-1.0,1.0,-1.0,33.524375915527344,-0.4,0.4,-0.4
1.2833333333333332,21.529356,-13.232386,1.1927689,0.99251664,-0.03257853,-0.009825046,-0.11727165,-0.25928107,1.1760046,0.8906393,0.5631348,-0.13787234,-0.5508778,21.535969,-13.317993,0.39739007,-0.4736107,6.14295,-1.9425665,-13.683156,77.736694,29.604862,-56.82797,-4.0829945,77.736694,29.604862,-56.82797,-4.0829945,1.0,1.0,-1.0,-1.0,33.524375915527344,0.4,-0.4,-0.4
1.3,21.529495,-13.2111225,1.2080731,0.99223685,-0.030236341,-0.007881992,-0.12037316,-0.27639,1.1870015,1.0322503,0.14151266,0.41450673,-0.3080771,21.536589,-13.293343,0.4123411,-0.50803614,5.898996,-2.065526,-14.63725,58.567177,-2.1862824,104.770515,124.15105,58.567177,-2.1862824,104.770515,124.15105,1.0,-1.0,1.0,1.0,33.524375915527344,-0.4,0.4,0.4
1.3166666666666667,21.529596,-13.189552,1.2258183,0.9918489,-0.026321944,-0.008226013,-0.124399565,-0.28932738,1.2030771,1.1700563,0.57416886,-0.09851265,-0.55031264,21.537159,-13.26816,0.42972568,-0.54164207,5.638951,-2.0163558,-15.602702,38.47948,39.581,-15.829091,-25.505959,38.47948,39.581,-15.829091,-25.505959,1.0,1.0,-1.0,-1.0,33.524375915527344,0.4,-0.4,-0.4
1.3333333333333333,21.529678,-13.167894,1.242133,0.9916507,-0.018539026,-0.0067285933,-0.12743594,-0.3064267,1.2249868,0.98730886,1.0091645,0.43840626,-0.30675268,21.53772,-13.242843,0.44569233,-0.57593125,5.375661,-2.0573506,-15.797395,-40.44796,16.406063,127.4212,116.63891,-40.44796,16.406063,127.4212,116.63891,-1.0,1.0,1.0,1.0,0.0,0.4,0.4,0.4
1.35,21.529749,-13.146238,1.2557261,0.9912377,-0.011911739,-0.000637171,-0.13154991,-0.33154508,1.2369121,0.80545413,0.58631563,0.96700454,-0.54975533,21.538275,-13.217522,0.4589539,-0.6106305,5.1120734,-2.0819554,-15.815248,-83.67708,-33.828136,31.20872,-39.668743,-83.67708,-33.828136,31.20872,-39.668743,-1.0,-1.0,1.0,-1.0,0.0,-0.4,0.4,-0.4
1.3666666666666667,21.52983,-13.124594,1.266591,0.9908477,-0.009106961,0.0036333262,-0.13462804,-0.34488133,1.2407019,0.633016,0.15841381,0.42037216,-0.30615562,21.538841,-13.192192,0.469503,-0.64532995,4.8471546,-2.0819662,-15.895127,-110.49025,-22.715479,-87.15783,46.68855,-110.49025,-22.715479,-87.15783,46.68855,-1.0,-1.0,-1.0,1.0,0.0,-0.4,-0.4,0.4
1.3833333333333333,21.529919,-13.102968,1.2747248,0.99069446,-0.010471393,0.0039185802,-0.13564475,-0.3459129,1.240993,0.47255355,-0.27505395,-0.122643076,-0.06314012,21.539394,-13.166857,0.4773362,-0.67866343,4.5805583,-2.0000086,-15.995778,-143.34634,-15.470854,-26.415531,3.2481465,-143.34634,-15.470854,-26.415531,3.2481465,-1.0,-1.0,-1.0,1.0,0.0,-0.4,-0.4,0.4
1.4,21.53,-13.081333,1.2801359,0.99040747,-0.009735225,0.00618656,-0.13769527,-0.35250005,1.2441875,0.30666056,0.16022483,0.42024112,-0.30616418,21.539942,-13.141517,0.4824647,-0.7119972,4.314404,-2.0000265,-15.969256,-147.99077,5.884846,77.120186,-12.917411,-147.99077,5.884846,77.120186,-12.917411,-1.0,1.0,1.0,-1.0,0.0,0.4,0.4,-0.4
1.4166666666666667,21.530087,-13.059708,1.2828186,0.99025005,-0.011087022,0.006471597,-0.13870817,-0.35267934,1.2456962,0.14618497,-0.27326035,-0.12285136,-0.06314768,21.540491,-13.116175,0.48488194,-0.7451947,4.0475206,-1.9918476,-16.013,-153.18044,-33.806877,-46.9511,28.12831,-153.18044,-33.806877,-46.9511,28.12831,-1.0,-1.0,-1.0,1.0,0.0,-0.4,-0.4,0.4
1.4333333333333333,21.530165,-13.038092,1.2827773,0.99030226,-0.015650062,0.009456751,-0.13772087,-0.3494302,1.2496082,-0.00636821,-0.6992375,0.4102139,0.17885995,21.541037,-13.090829,0.48459175,-0.77866554,3.7797673,-2.008252,-16.0652,-137.17303,-13.004884,56.171074,12.921529,-137.17303,-13.004884,56.171074,12.921529,-1.0,-1.0,1.0,1.0,0.0,-0.4,0.4,0.4
1.45,21.530247,-13.016472,1.2800086,0.9902433,-0.018776642,0.0099646365,-0.13771805,-0.34625143,1.2569195,-0.16210091,-0.27370605,-0.12473785,-0.06417398,21.541576,-13.065486,0.4815918,-0.8114536,3.5125756,-1.9672822,-16.031498,-91.60409,119.65734,-83.327095,-2.3673737,-91.60409,119.65734,-83.327095,-2.3673737,-1.0,1.0,-1.0,-1.0,0.0,0.4,-0.4,-0.4
1.4666666666666666,21.530344,-12.994863,1.2745088,0.9903068,-0.024323696,0.0062856753,-0.13660638,-0.34334671,1.2664899,-0.3101268,-0.70786744,-0.6676099,0.17961541,21.542126,-13.040143,0.4758784,-0.8438321,3.2447078,-1.9427096,-16.072067,-92.52678,-10.197009,-7.088984,33.34169,-92.52678,-10.197009,-7.088984,33.34169,-1.0,-1.0,-1.0,1.0,0.0,-0.4,-0.4,0.4
1.4833333333333334,21.530437,-12.973248,1.2662861,0.990644,-0.027738258,0.004630962,-0.13354197,-0.33759466,1.2802591,-0.46355724,-0.2703254,-0.1270469,0.4234483,21.542673,-13.014796,0.46745944,-0.8763474,2.977048,-1.9509207,-16.059593,-72.902275,155.5861,167.59174,30.523542,-72.902275,155.5861,167.59174,30.523542,-1.0,1.0,1.0,1.0,0.0,0.4,0.4,0.4
1.5,21.530516,-12.951616,1.2553428,0.9909096,-0.026957724,0.006926914,-0.13161847,-0.33005625,1.2910076,-0.6292678,0.16441613,0.41426626,0.18032303,21.543213,-12.989448,0.45633888,-0.9094096,2.7104785,-1.9837295,-15.994162,-44.113716,25.706457,10.529252,-9.6526985,-44.113716,25.706457,10.529252,-9.6526985,-1.0,1.0,1.0,-1.0,0.0,0.4,0.4,-0.4
1.5166666666666666,21.53069,-12.92979,1.2455484,0.9908694,-0.028242417,0.0073016593,-0.13163103,-0.32729504,1.3009993,-0.47889423,-0.26641506,-0.10562543,-0.06289942,21.543695,-12.963919,0.4463825,-0.9315423,2.445062,-1.3279616,-15.924996,32.198986,-40.11269,-122.25754,-21.497175,32.198986,-40.11269,-122.25754,-21.497175,1.0,-1.0,-1.0,-1.0,33.524375915527344,-0.4,-0.4,-0.4
1.5333333333333332,21.530993,-12.90768,1.238193,0.9910354,-0.028296402,0.0032290968,-0.13052854,-0.32543978,1.3117461,-0.3302768,0.16590564,-0.6169331,0.18072082,21.544092,-12.938172,0.43888167,-0.9382367,2.184414,-0.40166613,-15.63888,20.676914,54.07683,-64.29092,36.163197,20.676914,54.07683,-64.29092,36.163197,1.0,1.0,-1.0,1.0,33.524375915527344,0.4,-0.4,0.4
1.55,21.531319,-12.8855,1.2294062,0.99100035,-0.029796535,0.0016102359,-0.13049099,-0.32825705,1.3217255,-0.4887948,-0.25973836,-0.082598776,-0.06280661,21.544468,-12.912368,0.42996576,-0.94178885,1.9246312,-0.21312831,-15.586959,-23.549992,-33.777477,76.58338,-7.1519156,-23.549992,-33.777477,76.58338,-7.1519156,-1.0,-1.0,1.0,-1.0,0.0,-0.4,0.4,-0.4
1.5666666666666667,21.531696,-12.863084,1.2217679,0.99114484,-0.029770615,-0.002277014,-0.12938482,-0.3283709,1.3328254,-0.340437,0.17265409,-0.59387815,0.18080714,21.544783,-12.886437,0.42221603,-0.9372804,1.6728144,0.2705061,-15.109011,41.356686,88.40401,-56.799854,35.571445,41.356686,88.40401,-56.799854,35.571445,1.0,1.0,-1.0,1.0,33.524375915527344,0.4,-0.4,0.4
1.5833333333333333,21.532082,-12.840596,1.2126983,0.9911006,-0.031188155,-0.0037141433,-0.1293564,-0.3328674,1.3430192,-0.49913257,-0.25307095,-0.059533857,-0.06273034,21.545076,-12.860469,0.41305098,-0.9307226,1.4234213,0.3934693,-14.963586,-1.383967,-23.009308,123.71309,-15.043442,-1.383967,-23.009308,123.71309,-15.043442,-1.0,-1.0,1.0,-1.0,0.0,-0.4,0.4,-0.4
1.6,21.53247,-12.817853,1.2047765,0.9912272,-0.031082869,-0.007416524,-0.12824741,-0.33481175,1.3544345,-0.3509876,0.17938508,-0.57079566,0.18087491,21.545303,-12.834408,0.40505075,-0.91910964,1.1857371,0.69677705,-14.261047,67.05761,124.28724,-29.871101,30.153942,67.05761,124.28724,-29.871101,30.153942,1.0,1.0,-1.0,1.0,33.524375915527344,0.4,-0.4,0.4
1.6166666666666667,21.532827,-12.794758,1.1992987,0.9913394,-0.027027028,-0.009173165,-0.12818599,-0.34036404,1.3633114,-0.21392165,0.6199313,-0.005552548,-0.062251166,21.545446,-12.808238,0.39951193,-0.9038081,0.9654929,0.9180915,-13.214653,21.275343,3.5763915,180.51382,-23.906118,21.275343,3.5763915,180.51382,-23.906118,1.0,1.0,1.0,-1.0,33.524375915527344,0.4,0.4,-0.4
1.6333333333333333,21.533115,-12.771361,1.1962687,0.9911671,-0.024059467,-0.006156375,-0.13027236,-0.35014048,1.3693445,-0.075605735,0.19864063,0.54976445,-0.30569324,21.545515,-12.781982,0.39643553,-0.88809675,0.7607005,0.94268197,-12.287542,21.834042,-39.532516,39.121593,-14.514366,21.834042,-39.532516,39.121593,-14.514366,1.0,-1.0,1.0,-1.0,33.524375915527344,-0.4,0.4,-0.4
1.65,21.533379,-12.747702,1.1956824,0.991136,-0.019546602,-0.0053873314,-0.13129446,-0.35496986,1.3772739,0.05855772,0.63221705,0.036988825,-0.06197475,21.545506,-12.755663,0.39581406,-0.86856014,0.5701936,1.1721967,-11.430415,20.968975,34.36182,-96.86924,37.194122,20.968975,34.36182,-96.86924,37.194122,1.0,1.0,-1.0,1.0,33.524375915527344,0.4,-0.4,0.4
1.6666666666666667,21.533648,-12.723988,1.1936597,0.9908915,-0.017418373,-0.008816489,-0.13323967,-0.3629632,1.3807833,-0.10996437,0.19610669,-0.50588894,-0.30472648,21.545467,-12.729324,0.3937648,-0.8465645,0.3822202,1.3197397,-11.278402,-31.870596,-34.284798,-17.37464,-23.343363,-31.870596,-34.284798,-17.37464,-23.343363,-1.0,-1.0,-1.0,-1.0,0.0,-0.4,-0.4,-0.4
1.6833333333333333,21.533913,-12.700267,1.188914,0.99081403,-0.013217807,-0.010238806,-0.13419344,-0.3707407,1.3834586,-0.28443792,0.6294252,0.03537306,-0.0615428,21.545433,-12.702989,0.38900152,-0.8251154,0.19493398,1.2869452,-11.237173,-6.7692695,8.769629,202.98154,112.457214,-6.7692695,8.769629,202.98154,112.457214,-1.0,1.0,1.0,1.0,0.0,0.4,0.4,0.4
1.7,21.5341,-12.676438,1.185328,0.9906023,-0.010104288,-0.006883996,-0.13622575,-0.37975803,1.3842267,-0.14706138,0.2082572,0.59066206,-0.30493087,21.54534,-12.676649,0.385407,-0.80503255,0.015094718,1.2049698,-10.790356,15.30654,-40.05863,85.52925,-25.480017,15.30654,-40.05863,85.52925,-25.480017,1.0,-1.0,1.0,-1.0,33.524375915527344,-0.4,0.4,-0.4
1.7166666666666666,21.534227,-12.652501,1.1841899,0.99046314,-0.01079697,-0.005116124,-0.13725863,-0.38405117,1.3859434,0.0011286233,-0.21934427,0.06992608,-0.061854847,21.54517,-12.650306,0.384268,-0.7837204,-0.15723115,1.2787305,-10.339551,13.607804,-15.115932,-82.081055,29.794138,13.607804,-15.115932,-82.081055,29.794138,1.0,-1.0,-1.0,1.0,33.524375915527344,-0.4,-0.4,0.4
1.7333333333333334,21.53436,-12.628532,1.1816168,0.9905916,-0.010348251,-0.0079457555,-0.13622747,-0.38345766,1.39028,-0.16276303,0.207704,-0.46373636,0.18170151,21.544981,-12.623961,0.3817004,-0.7606322,-0.32737276,1.3852893,-10.208496,-17.177263,142.82588,-12.588215,3.6844928,-17.177263,142.82588,-12.588215,3.6844928,-1.0,1.0,-1.0,1.0,0.0,0.4,-0.4,0.4
1.75,21.534496,-12.604551,1.1763215,0.9906237,-0.006002748,-0.009016735,-0.13618836,-0.38765928,1.3911221,-0.33792156,0.6428984,0.07925241,-0.06136561,21.544794,-12.59762,0.37641788,-0.73754424,-0.49642435,1.3852786,-10.143095,-30.59875,2.0281556,202.52171,-56.905857,-30.59875,2.0281556,202.52171,-56.905857,-1.0,1.0,1.0,-1.0,0.0,0.4,0.4,-0.4
1.7666666666666666,21.534561,-12.580516,1.1721873,0.990387,-0.0027235246,-0.0053063123,-0.13819532,-0.39537725,1.3891544,-0.20134181,0.2218112,0.6344999,-0.30470496,21.544569,-12.571312,0.37230298,-0.71677876,-0.65919614,1.2459289,-9.766307,26.557493,-38.26502,69.876366,-45.650352,26.557493,-38.26502,69.876366,-45.650352,1.0,-1.0,1.0,-1.0,33.524375915527344,-0.4,0.4,-0.4
1.7833333333333332,21.534569,-12.556451,1.1705021,0.990252,-0.0032507987,-0.0031838405,-0.13921262,-0.39854598,1.3885434,-0.053838685,-0.20562513,0.113673,-0.061607618,21.544273,-12.545064,0.37064198,-0.6950571,-0.8155521,1.3032995,-9.381358,26.138103,-22.999338,-95.176384,13.485938,26.138103,-22.999338,-95.176384,13.485938,1.0,-1.0,-1.0,1.0,33.524375915527344,-0.4,-0.4,0.4
1.8,21.534582,-12.532375,1.1673821,0.98995984,-0.0026375414,-0.005686579,-0.14120984,-0.4055264,1.388195,-0.21826325,0.22008379,-0.4198386,-0.30383438,21.543953,-12.518834,0.36755157,-0.6711498,-0.9698649,1.4344381,-9.258767,-13.062053,123.46118,-32.469734,-14.096179,-13.062053,123.46118,-32.469734,-14.096179,-1.0,1.0,-1.0,-1.0,0.0,0.4,-0.4,-0.4
1.8166666666666667,21.53455,-12.508272,1.1654215,0.9898132,-0.003432595,-0.005601074,-0.14221987,-0.41149306,1.3876073,-0.068631165,-0.2021751,0.13581032,-0.061105385,21.543596,-12.492674,0.36562467,-0.64792556,-1.1172165,1.393454,-8.841093,18.442404,-11.308318,196.43776,71.462105,18.442404,-11.308318,196.43776,71.462105,1.0,-1.0,1.0,1.0,33.524375915527344,-0.4,0.4,0.4
1.8333333333333333,21.534489,-12.484149,1.1620347,0.989541,-0.001753617,-0.0012805951,-0.14423522,-0.41780335,1.3870827,-0.2384277,0.23336542,0.6783409,-0.30418485,21.543222,-12.466541,0.3622763,-0.6255212,-1.2611597,1.3442622,-8.636591,-3.2862983,138.85371,18.731714,-12.04412,-3.2862983,138.85371,18.731714,-12.04412,-1.0,1.0,1.0,-1.0,0.0,0.4,0.4,-0.4
1.8499999999999999,21.534426,-12.4600115,1.1598036,0.98939306,-0.0021233056,0.0011919647,-0.14524208,-0.41928422,1.3864483,-0.09158772,-0.19393395,0.15729965,-0.061063323,21.542799,-12.440489,0.3600856,-0.5997016,-1.3983469,1.5491759,-8.231234,43.506554,-1.5529075,-117.213036,4.686126,43.506554,-1.5529075,-117.213036,4.686126,1.0,-1.0,-1.0,1.0,33.524375915527344,-0.4,-0.4,0.4
1.8666666666666667,21.534384,-12.4358635,1.1574422,0.9890991,-0.0013677811,-0.0009224413,-0.14724177,-0.42437914,1.3860941,-0.1522206,0.23351468,-0.3687618,-0.30334842,21.542347,-12.414505,0.35776702,-0.57033026,-1.529871,1.7622792,-7.8914447,-0.32828286,158.28862,-71.39418,-24.16259,-0.32828286,158.28862,-71.39418,-24.16259,-0.32828286,1.0,-1.0,-1.0,11.259449005126953,0.4,-0.4,-0.4
1.8833333333333333,21.534332,-12.411689,1.1566769,0.9889464,0.0033374769,-0.0011703207,-0.14823103,-0.42856857,1.3859439,-0.01810509,0.6725505,0.19493301,-0.060110364,21.541851,-12.388639,0.3570444,-0.5385001,-1.651017,1.9098114,-7.2687573,14.409412,18.402185,125.80637,81.10028,14.409412,18.402185,125.80637,81.10028,1.0,1.0,1.0,1.0,33.524375915527344,0.4,0.4,0.4
1.9,21.534286,-12.387515,1.1544783,0.98862743,0.00592697,-0.0033406664,-0.15023142,-0.434139,1.3814137,-0.1883771,0.23683329,-0.34850374,-0.3028257,21.541344,-12.36281,0.35489097,-0.5054406,-1.7696419,1.9835685,-7.117495,-39.098633,-29.623919,-47.672638,-56.71744,-39.098633,-29.623919,-47.672638,-56.71744,-1.0,-1.0,-1.0,-1.0,0.0,-0.4,-0.4,-0.4
1.9166666666666667,21.534195,-12.363393,1.1534386,0.988481,0.0053598834,-0.0026736923,-0.15122612,-0.4387469,1.3779702,-0.03966381,-0.18500453,0.20703562,-0.060098898,21.540804,-12.337107,0.35389796,-0.4733375,-1.882944,1.9261854,-6.798126,9.294225,-1.1801217,173.11017,77.49765,9.294225,-1.1801217,173.11017,77.49765,1.0,-1.0,1.0,1.0,33.524375915527344,-0.4,0.4,0.4
1.9333333333333333,21.534101,-12.339279,1.1509663,0.98816174,0.0062285643,-0.0044240444,-0.15322486,-0.44467634,1.374654,-0.20502311,0.24075021,-0.3265933,-0.30243307,21.54025,-12.311447,0.3514743,-0.44041497,-1.9937248,1.975352,-6.6468496,-16.566923,143.84361,-20.93307,-18.075857,-16.566923,143.84361,-20.93307,-18.075857,-1.0,1.0,-1.0,-1.0,0.0,0.4,-0.4,-0.4
1.95,21.533962,-12.315196,1.1496552,0.9879708,0.011049876,-0.004354144,-0.15418303,-0.4495528,1.3711948,-0.07125798,0.6799488,0.23722321,-0.05916997,21.53967,-12.285926,0.35021153,-0.4088586,-2.0967898,1.893382,-6.1839004,21.343548,7.2028947,203.34003,77.712875,21.343548,7.2028947,203.34003,77.712875,1.0,1.0,1.0,1.0,33.524375915527344,0.4,0.4,0.4
1.9666666666666666,21.53379,-12.291131,1.1469172,0.98763096,0.014843735,0.00044825682,-0.15609127,-0.45413974,1.3635666,-0.2475016,0.25429448,0.76988906,-0.3022608,21.539082,-12.260454,0.3475231,-0.37894168,-2.1976056,1.7950146,-6.048946,-32.93132,-30.337084,42.39194,-59.209488,-32.93132,-30.337084,42.39194,-59.209488,-1.0,-1.0,1.0,-1.0,0.0,-0.4,0.4,-0.4
1.9833333333333334,21.533613,-12.267192,1.1453326,0.9869949,0.014791658,0.0037128539,-0.16002655,-0.46199822,1.3547261,-0.10199351,-0.17226951,0.2486968,-0.5455225,21.538464,-12.235128,0.34599015,-0.34738556,-2.2969933,1.8933676,-5.9632583,48.250393,-14.648829,-118.27127,-10.575873,48.250393,-14.648829,-118.27127,-10.575873,1.0,-1.0,-1.0,-1.0,33.524375915527344,-0.4,-0.4,-0.4
2.0,21.53346,-12.24341,1.146194,0.98649085,0.015851237,0.0024492282,-0.16302928,-0.46722957,1.348151,0.042654786,0.2599868,-0.26215965,-0.30164117,21.537813,-12.2100115,0.34690338,-0.3117314,-2.392696,2.1392493,-5.7421584,36.534046,126.89377,-54.77856,202.8485,36.534046,126.89377,-54.77856,202.8485,1.0,1.0,-1.0,1.0,33.524375915527344,0.4,-0.4,0.4
2.0166666666666666,21.533306,-12.219674,1.1456258,0.98633224,0.01554401,0.0036771141,-0.16399266,-0.46886814,1.3415716,-0.12029363,-0.16633125,0.27082476,-0.058898684,21.537157,-12.184949,0.3463892,-0.2758041,-2.48779,2.1556375,-5.7056518,-49.687164,-1.0843351,104.6827,102.94704,-49.687164,-1.0843351,104.6827,102.94704,-1.0,-1.0,1.0,1.0,0.0,-0.4,0.4,0.4
2.033333333333333,21.533157,-12.19593,1.1423309,0.98598385,0.016616225,0.0024348134,-0.1659929,-0.47194916,1.3349323,-0.28631452,0.25930196,-0.2628865,-0.30128527,21.536497,-12.159885,0.3431505,-0.23919392,-2.5823443,2.196611,-5.6732507,-18.845608,111.98012,-70.4869,-28.658998,-18.845608,111.98012,-70.4869,-28.658998,-1.0,1.0,-1.0,-1.0,0.0,0.4,-0.4,-0.4
2.05,21.532991,-12.172319,1.1401937,0.9858223,0.016360626,0.0037920666,-0.16695003,-0.4734496,1.3282291,-0.13881019,-0.16195169,0.29251933,-0.058543894,21.535812,-12.135001,0.34106958,-0.20203741,-2.6736917,2.2293904,-5.480847,54.824795,-1.8761165,129.25208,53.104267,54.824795,-1.8761165,129.25208,53.104267,1.0,-1.0,1.0,1.0,33.524375915527344,-0.4,0.4,0.4
2.0666666666666664,21.532848,-12.148877,1.1405045,0.98546547,0.017548978,0.002852916,-0.16894262,-0.4757258,1.3222077,0.0054027187,0.26870313,-0.2188113,-0.30096516,21.53512,-12.11036,0.34143564,-0.16269532,-2.7596438,2.3605254,-5.157122,4.354062,116.66817,-70.50528,-32.600853,4.354062,116.66817,-70.50528,-32.600853,1.0,1.0,-1.0,-1.0,33.524375915527344,0.4,-0.4,-0.4
2.0833333333333335,21.532705,-12.1254635,1.1393877,0.9851938,0.02269316,0.00357073,-0.16989824,-0.47680223,1.314724,-0.17218885,0.7033189,0.32279935,-0.0576275,21.53442,-12.085779,0.34037444,-0.1228069,-2.8433452,2.393305,-5.022082,-39.708202,5.7080207,97.60818,105.892555,-39.708202,5.7080207,97.60818,105.892555,-1.0,1.0,1.0,1.0,0.0,0.4,0.4,0.4
2.1,21.532568,-12.102056,1.135543,0.98477834,0.025656998,0.002385132,-0.1718941,-0.4791961,1.3029882,-0.34336045,0.26781595,-0.22130415,-0.30030018,21.53372,-12.061198,0.33658782,-0.08250871,-2.9274633,2.417891,-5.047087,-24.233818,-29.985666,-76.98573,-66.892075,-24.233818,-29.985666,-76.98573,-66.892075,-1.0,-1.0,-1.0,-1.0,0.0,-0.4,-0.4,-0.4
2.1166666666666667,21.532402,-12.07886,1.132852,0.9846135,0.02554048,0.004080808,-0.17282142,-0.47977075,1.2932079,-0.1963001,-0.15321814,0.3340622,-0.05754461,21.533016,-12.036819,0.33395764,-0.04398642,-3.0123398,2.3113375,-5.092592,109.30287,-11.000667,129.57773,30.129705,109.30287,-11.000667,129.57773,30.129705,1.0,-1.0,1.0,1.0,33.524375915527344,-0.4,0.4,0.4
2.1333333333333333,21.532238,-12.05593,1.1326052,0.984231,0.026853,0.0034812493,-0.17480269,-0.48124513,1.2838851,-0.052370004,0.27736214,-0.17730822,-0.29998994,21.532309,-12.012715,0.33377323,-0.00505434,-3.0965393,2.3359246,-5.051965,60.51219,69.577576,-70.09677,-51.442127,60.51219,69.577576,-70.09677,-51.442127,1.0,1.0,-1.0,-1.0,33.524375915527344,0.4,-0.4,-0.4
2.15,21.532066,-12.033071,1.1309276,0.98406005,0.026828896,0.005392236,-0.1757181,-0.48116902,1.2738659,-0.21631293,-0.14841579,0.35556802,-0.05721872,21.531603,-11.98868,0.3321602,0.033194724,-3.180882,2.2949438,-5.0605626,-29.027292,-14.887357,93.70472,82.93605,-29.027292,-14.887357,93.70472,82.93605,-1.0,-1.0,1.0,1.0,0.0,-0.4,0.4,0.4
2.1666666666666665,21.531904,-12.010419,1.1304007,0.98366904,0.028207075,0.004960612,-0.17769301,-0.48199105,1.2641454,-0.07257194,0.28214553,-0.15582982,-0.29967663,21.530895,-11.96486,0.3316998,0.07226342,-3.2646842,2.3441215,-5.028133,87.68674,67.450096,-82.39736,-60.783764,87.68674,67.450096,-82.39736,-60.783764,1.0,1.0,-1.0,-1.0,33.524375915527344,0.4,-0.4,-0.4
2.183333333333333,21.53174,-11.9878435,1.1284426,0.9834912,0.02825896,0.0070410557,-0.17859706,-0.48112935,1.2537831,-0.23677418,-0.14349775,0.37701878,-0.056897134,21.530195,-11.941114,0.32981005,0.11064913,-3.3486304,2.3031425,-5.036773,-15.4206705,-14.449804,65.19071,74.451324,-15.4206705,-14.449804,65.19071,74.451324,-1.0,-1.0,1.0,1.0,0.0,-0.4,0.4,0.4
2.2,21.531595,-11.965491,1.1276345,0.98309076,0.02970439,0.0067765806,-0.18056643,-0.4811556,1.2436403,-0.09321433,0.28704238,-0.1344076,-0.2993661,21.529495,-11.917599,0.3290723,0.15040094,-3.432105,2.3851082,-5.0084777,117.98785,65.25782,-98.59921,-71.53864,117.98785,65.25782,-98.59921,-71.53864,1.0,1.0,-1.0,-1.0,33.524375915527344,0.4,-0.4,-0.4
2.216666666666667,21.531462,-11.943458,1.1292709,0.9829022,0.029889612,0.0091584595,-0.18145482,-0.4806021,1.2326427,0.052787438,-0.13352962,0.42084542,-0.056575947,21.528814,-11.894393,0.33078134,0.1896064,-3.5162024,2.3523276,-5.0458426,9.85561,-13.723571,23.79075,62.889194,9.85561,-13.723571,23.79075,62.889194,1.0,-1.0,1.0,1.0,33.524375915527344,-0.4,0.4,0.4
2.2333333333333334,21.53134,-11.921495,1.1294729,0.98249054,0.031422004,0.009104297,-0.18341783,-0.47983316,1.2221181,-0.11455084,0.29208943,-0.11305893,-0.29905695,21.528133,-11.871263,0.3310578,0.22963157,-3.600034,2.4015102,-5.0298924,-53.0762,62.111435,-128.29408,-42.045094,-53.0762,62.111435,-128.29408,-42.045094,-1.0,1.0,-1.0,-1.0,0.0,0.4,-0.4,-0.4
2.25,21.531246,-11.8998,1.1308188,0.9823488,0.030386673,0.00505346,-0.18450415,-0.47675225,1.2107111,0.037264463,-0.13875602,-0.63466334,-0.056126602,21.527466,-11.848381,0.33248213,0.27074972,-3.6851735,2.4670885,-5.1083703,13.857685,-14.331158,-26.239609,53.912437,13.857685,-14.331158,-26.239609,53.912437,1.0,-1.0,-1.0,1.0,33.524375915527344,-0.4,-0.4,0.4
2.2666666666666666,21.531158,-11.878183,1.1307348,0.9825021,0.031577837,0.0028758827,-0.1835326,-0.47213146,1.202442,-0.1275695,0.29665196,-0.0909775,0.18729584,21.526812,-11.8255825,0.33247802,0.31132156,-3.7699788,2.4343102,-5.0883145,-63.3946,48.877335,178.59062,22.986904,-63.3946,48.877335,178.59062,22.986904,-1.0,1.0,1.0,1.0,0.0,0.4,0.4,0.4
2.283333333333333,21.531054,-11.856564,1.1279296,0.98250467,0.031864986,0.005445443,-0.18341063,-0.46853507,1.1920433,-0.2925031,-0.12916538,0.44334865,-0.05616319,21.526154,-11.802783,0.32975453,0.3509373,-3.8546557,2.3769448,-5.0806184,-12.398919,-9.2233095,55.38752,-110.14353,-12.398919,-9.2233095,55.38752,-110.14353,-1.0,-1.0,1.0,-1.0,0.0,-0.4,0.4,-0.4
2.3,21.530952,-11.835194,1.126273,0.98208314,0.03353069,0.0057012597,-0.18535334,-0.4684323,1.1804854,-0.14948905,0.30143768,-0.06812975,-0.29867187,21.525518,-11.780245,0.32818094,0.38918716,-3.9385192,2.2949908,-5.0318093,175.40993,51.3901,-99.972336,-95.47791,175.40993,51.3901,-99.972336,-95.47791,1.0,1.0,-1.0,-1.0,33.524375915527344,0.4,-0.4,-0.4
2.3166666666666664,21.530832,-11.814177,1.1270586,0.9818859,0.03395061,0.008604844,-0.18620771,-0.4675597,1.1682333,-0.0041802153,-0.11883805,0.48706502,-0.055855557,21.524918,-11.758062,0.32905096,0.4236122,-4.0221863,2.065503,-5.020022,70.34541,-14.355335,19.18572,28.654512,70.34541,-14.355335,19.18572,28.654512,1.0,-1.0,1.0,1.0,33.524375915527344,-0.4,0.4,0.4
2.3333333333333335,21.530743,-11.793447,1.129294,0.98144853,0.03574798,0.009167702,-0.18814021,-0.46637344,1.1569127,0.059192993,0.31052965,-0.030203693,-0.2983858,21.524355,-11.736173,0.33137253,0.45749092,-4.105451,2.0327227,-4.995889,0.48951253,40.890144,-129.32059,-68.45733,0.48951253,40.890144,-129.32059,-68.45733,0.48951253,1.0,-1.0,-1.0,24.96748924255371,0.4,-0.4,-0.4
2.35,21.530664,-11.7727995,1.1297599,0.98129743,0.034919325,0.005642023,-0.18921962,-0.4633552,1.1443346,-0.10050386,-0.12491715,-0.57443285,-0.055442385,21.523794,-11.714353,0.3319276,0.49205285,-4.1896825,2.0737157,-5.053882,-63.293312,-18.587584,-48.388477,63.289295,-63.293312,-18.587584,-48.388477,63.289295,-1.0,-1.0,-1.0,1.0,0.0,-0.4,-0.4,0.4
2.3666666666666667,21.530571,-11.752417,1.1313778,0.9808668,0.036344662,0.0041636005,-0.19121215,-0.46517476,1.132465,0.044684354,0.31403854,-0.008269164,-0.2979841,21.523272,-11.692819,0.3336341,0.52278996,-4.2723484,1.844226,-4.9599547,24.79168,36.447105,178.47108,-29.70588,24.79168,36.447105,178.47108,-29.70588,1.0,1.0,1.0,-1.0,33.524375915527344,0.4,0.4,-0.4
2.3833333333333333,21.530447,-11.732127,1.1315657,0.98066443,0.03692666,0.0074032247,-0.19203836,-0.46382126,1.1194017,-0.1211028,-0.110833146,0.5243978,-0.055142794,21.522755,-11.671384,0.33391255,0.5509316,-4.354612,1.688497,-4.9358077,-56.341297,-20.218584,57.404617,67.53068,-56.341297,-20.218584,57.404617,67.53068,-1.0,-1.0,1.0,1.0,0.0,-0.4,0.4,0.4
2.4,21.530342,-11.712128,1.1328992,0.9802067,0.038868666,0.008286873,-0.19394629,-0.46248424,1.1069053,0.021319624,0.31974328,0.012838355,-0.2977039,21.522282,-11.650244,0.33533716,0.5772974,-4.436542,1.5819489,-4.915809,63.47413,27.176834,-110.352325,-84.57448,63.47413,27.176834,-110.352325,-84.57448,1.0,1.0,-1.0,-1.0,33.524375915527344,0.4,-0.4,-0.4
2.4166666666666665,21.530249,-11.692238,1.1327924,0.9800436,0.038165536,0.0051042233,-0.19501732,-0.45955244,1.0933032,-0.13884604,-0.115547284,-0.53158355,-0.054751534,21.52182,-11.629201,0.3353245,0.60366327,-4.519372,1.5819525,-4.9697967,-57.266136,-21.789564,-15.718521,49.4679,-57.266136,-21.789564,-15.718521,49.4679,-1.0,-1.0,-1.0,1.0,0.0,-0.4,-0.4,0.4
2.433333333333333,21.530119,-11.672638,1.1338357,0.97959185,0.03972904,0.0039594076,-0.19699153,-0.46115527,1.0802314,0.006090246,0.32349283,0.03468269,-0.29733804,21.521395,-11.608467,0.33646134,0.6248381,-4.6008406,1.2704908,-4.8881145,42.463715,25.5023,204.27048,-45.22667,42.463715,25.5023,204.27048,-45.22667,1.0,1.0,1.0,-1.0,33.524375915527344,0.4,0.4,-0.4
2.45,21.529968,-11.653139,1.1334485,0.9793802,0.04047929,0.0075325826,-0.1977856,-0.4591005,1.0660851,-0.16008581,-0.10111503,0.56730556,-0.054478224,21.52099,-11.587838,0.3361685,0.6430075,-4.682045,1.0901641,-4.8722644,-44.449055,-23.989979,92.537605,48.759697,-44.449055,-23.989979,92.537605,48.759697,-1.0,-1.0,1.0,1.0,0.0,-0.4,0.4,0.4
2.466666666666667,21.529821,-11.633958,1.1342046,0.97889924,0.042574514,0.008744994,-0.1996674,-0.45707062,1.0523268,-0.0178603,0.3294274,0.05570607,-0.29707482,21.520628,-11.567527,0.3370205,0.65844476,-4.7632585,0.92623466,-4.872808,88.373344,12.972804,-98.82551,-94.97123,88.373344,12.972804,-98.82551,-94.97123,1.0,1.0,-1.0,-1.0,33.524375915527344,0.4,-0.4,-0.4
2.4833333333333334,21.529669,-11.61489,1.1335272,0.9786637,0.043414246,0.012479831,-0.20044135,-0.45296732,1.037588,-0.18415743,-0.09505264,0.5883007,-0.054204177,21.520283,-11.547324,0.33644077,0.67224264,-4.844824,0.8278727,-4.8939223,-32.72124,-26.097647,8.440898,23.598059,-32.72124,-26.097647,8.440898,23.598059,-1.0,-1.0,1.0,1.0,0.0,-0.4,0.4,0.4
2.5,21.529554,-11.596169,1.1339902,0.9781603,0.04558671,0.013852668,-0.20231728,-0.44876677,1.0231425,-0.041946672,0.3354676,0.07664468,-0.2968084,21.519985,-11.527449,0.33700496,0.6853575,-4.9278393,0.7868921,-4.980926,106.29301,7.338014,-134.82991,-108.29889,106.29301,7.338014,-134.82991,-108.29889,1.0,1.0,-1.0,-1.0,33.524375915527344,0.4,-0.4,-0.4
2.5166666666666666,21.52946,-11.577577,1.1330107,0.9776437,0.045060843,0.011255598,-0.2050744,-0.44699398,1.0063783,-0.20272356,-0.10017316,-0.46805978,-0.33119494,21.519703,-11.507681,0.33612978,0.6988823,-5.012305,0.8114862,-5.0679297,-18.29044,-26.812374,-75.68601,-0.1428211,-18.29044,-26.812374,-75.68601,-0.1428211,-1.0,-1.0,-1.0,-0.1428211,0.0,-0.4,-0.4,-0.05712844
2.533333333333333,21.529373,-11.559339,1.1331764,0.9773053,0.046836235,0.010568723,-0.20632222,-0.44413215,0.9917344,-0.057995982,0.33848602,0.09839207,-0.08790233,21.519468,-11.488252,0.3364026,0.7094016,-5.097947,0.6311595,-5.13854,117.06599,2.4556262,135.13809,46.38786,117.06599,2.4556262,135.13809,46.38786,1.0,1.0,1.0,1.0,33.524375915527344,0.4,0.4,0.4
2.55,21.529291,-11.54123,1.1319023,0.9768576,0.046374865,0.008132622,-0.20864435,-0.44223168,0.9748682,-0.21899125,-0.097310975,-0.4457037,-0.3306442,21.519249,-11.46894,0.33523858,0.7192378,-5.184492,0.59017175,-5.192699,-13.3563385,-28.951494,-43.937256,-74.2651,-13.3563385,-28.951494,-43.937256,-74.2651,-1.0,-1.0,-1.0,-1.0,0.0,-0.4,-0.4,-0.4
2.5666666666666664,21.529184,-11.523491,1.1317703,0.9767543,0.04295099,0.0086831525,-0.20983495,-0.4402036,0.95949334,-0.06407409,-0.51863337,0.11148909,-0.08763458,21.519083,-11.449981,0.33521912,0.72347283,-5.2722154,0.25410172,-5.263395,136.46123,-4.2597647,180.42993,39.535603,136.46123,-4.2597647,180.42993,39.535603,1.0,-1.0,1.0,1.0,33.524375915527344,-0.4,0.4,0.4
2.5833333333333335,21.529053,-11.506196,1.1340767,0.9762971,0.04233712,0.013476309,-0.21182497,-0.44002852,0.9453399,0.08310421,-0.07795652,0.6788423,-0.330893,21.518976,-11.431499,0.33763552,0.7216969,-5.3576183,-0.106555216,-5.1241775,76.39481,79.511185,17.75957,-53.992188,76.39481,79.511185,17.75957,-53.992188,1.0,1.0,1.0,-1.0,33.524375915527344,0.4,0.4,-0.4
2.6,21.528933,-11.489021,1.1349443,0.9761377,0.039529808,0.016444193,-0.21289,-0.43390512,0.93141156,-0.075792015,-0.5101376,0.13520621,-0.088121474,21.518888,-11.413134,0.33861518,0.7193744,-5.443239,-0.13934968,-5.1372523,-26.333048,-7.05673,-127.742966,26.34974,-26.333048,-7.05673,-127.742966,26.34974,-1.0,-1.0,-1.0,1.0,0.0,-0.4,-0.4,0.4
2.6166666666666667,21.528887,-11.472168,1.1369524,0.9757489,0.03752489,0.014850417,-0.21514012,-0.4290889,0.9191295,0.07640467,-0.08047315,-0.37517944,-0.33053342,21.518847,-11.395141,0.34073257,0.7191012,-5.5252357,-0.01639366,-4.919786,88.38544,108.42955,-75.68676,-74.54378,88.38544,108.42955,-75.68676,-74.54378,1.0,1.0,-1.0,-1.0,33.524375915527344,0.4,-0.4,-0.4
2.6333333333333333,21.528856,-11.455406,1.1375297,0.97540015,0.03955853,0.014724669,-0.21636276,-0.42479306,0.9073795,-0.09018012,0.3537361,0.16889685,-0.087225944,21.51882,-11.377271,0.34141812,0.71882796,-5.604978,-0.01639366,-4.7845454,-33.391766,18.023157,82.60801,107.37687,-33.391766,18.023157,82.60801,107.37687,-1.0,1.0,1.0,1.0,0.0,0.4,0.4,0.4
2.65,21.52888,-11.438975,1.1392483,0.9749271,0.03937315,0.0129500665,-0.2186298,-0.42046332,0.89336336,0.058334522,-0.077010155,-0.35305485,-0.33005315,21.518847,-11.359781,0.34324104,0.71855474,-5.6811624,-0.01639366,-4.571056,25.34675,-21.305923,-82.511284,-92.97707,25.34675,-21.305923,-82.511284,-92.97707,1.0,-1.0,-1.0,-1.0,33.524375915527344,-0.4,-0.4,-0.4
2.6666666666666665,21.52891,-11.422645,1.139535,0.9745681,0.041477334,0.012992831,-0.21983588,-0.4164806,0.8808593,-0.108312674,0.35729793,0.19107516,-0.08674494,21.51889,-11.342419,0.3436308,0.71759844,-5.7554345,-0.05737781,-4.456329,-31.798609,11.652711,105.25722,112.20208,-31.798609,11.652711,105.25722,112.20208,-1.0,1.0,1.0,1.0,0.0,0.4,0.4,0.4
2.683333333333333,21.528965,-11.406655,1.1409618,0.9740813,0.041359123,0.011396263,-0.22209284,-0.41250128,0.86612946,0.0400184,-0.07340522,-0.33096728,-0.32959577,21.518974,-11.325449,0.34515667,0.71554923,-5.8260093,-0.122952454,-4.234485,29.06141,-23.54515,-70.12876,-90.82657,29.06141,-23.54515,-70.12876,-90.82657,1.0,-1.0,-1.0,-1.0,33.524375915527344,-0.4,-0.4,-0.4
2.7,21.52903,-11.390772,1.1409565,0.97371167,0.04353611,0.011606263,-0.2232831,-0.40869102,0.8528433,-0.12666798,0.36099988,0.21321549,-0.08628617,21.519085,-11.308611,0.34524897,0.7122705,-5.8947387,-0.19672392,-4.1237636,-26.454086,4.8233857,125.24683,113.68156,-26.454086,4.8233857,125.24683,113.68156,-1.0,1.0,1.0,1.0,0.0,0.4,0.4,0.4
2.716666666666667,21.529099,-11.375243,1.1420906,0.97321194,0.043486014,0.010186663,-0.22552972,-0.4049059,0.83736914,0.021501288,-0.06966111,-0.3089192,-0.32915664,21.519232,-11.292172,0.34647635,0.70666933,-5.960249,-0.33607003,-3.9306161,37.676792,-26.262035,-55.29222,-90.04312,37.676792,-26.262035,-55.29222,-90.04312,1.0,-1.0,-1.0,-1.0,33.524375915527344,-0.4,-0.4,-0.4
2.7333333333333334,21.529163,-11.359839,1.1417892,0.97306246,0.04049468,0.011717118,-0.22665443,-0.40114212,0.8234135,-0.13641322,-0.49492434,0.22563851,-0.08624304,21.519403,-11.275867,0.34626845,0.6990189,-6.0251484,-0.45902607,-3.8939664,-17.608944,-2.5722847,143.47171,111.61059,-17.608944,-2.5722847,143.47171,111.61059,-1.0,-1.0,1.0,1.0,0.0,-0.4,0.4,0.4
2.75,21.529253,-11.344754,1.1426316,0.97262555,0.03877032,0.010857195,-0.22886352,-0.39743128,0.81097955,0.014500322,-0.06532066,-0.28487456,-0.32877633,21.519617,-11.259975,0.34719515,0.690139,-6.0832562,-0.53279394,-3.486471,121.8005,98.03461,-34.352062,-72.51703,121.8005,98.03461,-34.352062,-72.51703,1.0,1.0,-1.0,-1.0,33.524375915527344,0.4,-0.4,-0.4
2.7666666666666666,21.529356,-11.33007,1.1459144,0.9722448,0.041165914,0.011537092,-0.23002636,-0.39459884,0.79986,0.15808843,0.37413564,0.2819438,-0.08547862,21.519896,-11.244632,0.35054627,0.6775706,-6.1307225,-0.7541048,-2.8479764,9.460039,14.674965,145.05794,110.90306,9.460039,14.674965,145.05794,110.90306,1.0,1.0,1.0,1.0,33.524375915527344,0.4,0.4,0.4
2.783333333333333,21.529465,-11.315495,1.1477591,0.9717244,0.04128258,0.010511968,-0.23224305,-0.39045638,0.78531474,-0.0049436297,-0.061180003,-0.26294753,-0.32840624,21.520187,-11.229425,0.35245666,0.6644557,-6.1762,-0.7868921,-2.7286432,-99.735725,-27.765438,-44.811543,-52.17056,-99.735725,-27.765438,-44.811543,-52.17056,-1.0,-1.0,-1.0,-1.0,0.0,-0.4,-0.4,-0.4
2.8,21.529568,-11.3009405,1.1471924,0.9713343,0.043699548,0.011236343,-0.23339586,-0.38642222,0.7720026,-0.14695796,0.37390217,0.283189,-0.085092336,21.520483,-11.214253,0.35195506,0.65065783,-6.22072,-0.8278727,-2.6711938,-0.8395745,8.729462,158.37952,116.082726,-0.8395745,8.729462,158.37952,116.082726,-0.8395745,1.0,1.0,1.0,2.689082145690918,0.4,0.4,0.4
2.8166666666666664,21.529684,-11.28675,1.1478686,0.9708031,0.043875746,0.010356373,-0.23560351,-0.38224018,0.7566585,0.0005935705,-0.056590155,-0.23924753,-0.32805052,21.520826,-11.199515,0.35268846,0.63440096,-6.260159,-0.9754121,-2.3663518,48.65911,-27.383068,-36.837475,-89.0691,48.65911,-27.383068,-36.837475,-89.0691,1.0,-1.0,-1.0,-1.0,33.524375915527344,-0.4,-0.4,-0.4
2.8333333333333335,21.529787,-11.272681,1.1471103,0.9705764,0.042482086,0.012146127,-0.23670447,-0.3778224,0.742741,-0.16042241,-0.26163107,0.29778636,-0.08507345,21.521183,-11.184918,0.3519856,0.61623156,-6.298227,-1.0901641,-2.2840688,-1.4367836,-0.48871458,157.89351,117.50846,-1.4367836,-0.48871458,157.89351,117.50846,-1.0,-0.48871458,1.0,1.0,0.0,-0.19548583,0.4,0.4
2.85,21.529913,-11.258945,1.1474946,0.9700344,0.042774033,0.011428682,-0.23889916,-0.37327325,0.7296118,-0.0130304545,0.1677744,-0.21338062,-0.32761312,21.521582,-11.170749,0.3524148,0.59669614,-6.3294935,-1.1721252,-1.8760012,120.52565,32.68994,-32.243813,-80.596344,120.52565,32.68994,-32.243813,-80.596344,1.0,1.0,-1.0,-1.0,33.524375915527344,0.4,-0.4,-0.4
2.8666666666666667,21.53004,-11.245661,1.1503129,0.96977496,0.041975617,0.013419841,-0.23998828,-0.36957714,0.71520567,0.13549878,-0.25215322,0.34272036,-0.084839486,21.522034,-11.157148,0.35526493,0.57347226,-6.3522406,-1.3934325,-1.3648223,5.6571465,-15.511131,147.28674,96.05485,5.6571465,-15.511131,147.28674,96.05485,1.0,-1.0,1.0,1.0,33.524375915527344,-0.4,0.4,0.4
2.8833333333333333,21.530186,-11.232491,1.1516943,0.9692221,0.04236538,0.012914535,-0.2421711,-0.36429808,0.7020914,-0.02800443,0.17247991,-0.1910574,-0.32738906,21.522505,-11.143696,0.35667467,0.5501119,-6.3725834,-1.4016222,-1.2205695,-57.46047,34.275864,-53.308823,-22.367317,-57.46047,34.275864,-53.308823,-22.367317,-1.0,1.0,-1.0,-1.0,0.0,0.4,-0.4,-0.4
2.9,21.530336,-11.219662,1.1542209,0.9689517,0.041655708,0.015078193,-0.24324861,-0.3599778,0.6880525,0.120302446,-0.24729799,0.36502838,-0.08460861,21.52301,-11.130675,0.35921937,0.5247024,-6.386398,-1.5245675,-0.8288669,6.800959,-13.824825,135.08661,97.068924,6.800959,-13.824825,135.08661,97.068924,1.0,-1.0,1.0,1.0,33.524375915527344,-0.4,0.4,0.4
2.9166666666666665,21.530499,-11.2069435,1.1553104,0.96838856,0.042124107,0.014740527,-0.24542189,-0.35403442,0.67522335,-0.043359585,0.17732847,-0.16880101,-0.3271762,21.523525,-11.117799,0.36032313,0.4994298,-6.3978066,-1.5163581,-0.6845283,-56.841595,37.693512,-70.74712,-22.576002,-56.841595,37.693512,-70.74712,-22.576002,-1.0,1.0,-1.0,-1.0,0.0,0.4,-0.4,-0.4
2.933333333333333,21.530687,-11.194569,1.1575447,0.96810615,0.04150486,0.017075488,-0.24648747,-0.34894708,0.66152537,0.1047517,-0.24230132,0.3872619,-0.084388174,21.524076,-11.105358,0.362562,0.47347412,-6.402549,-1.5573405,-0.2845287,8.969158,-12.80654,105.71692,96.88228,8.969158,-12.80654,105.71692,96.88228,1.0,-1.0,1.0,1.0,33.524375915527344,-0.4,0.4,0.4
2.95,21.5309,-11.182305,1.1583418,0.9675321,0.042053085,0.016904498,-0.24865094,-0.34221122,0.64896315,-0.059049115,0.18231784,-0.14662035,-0.3269693,21.524641,-11.0930605,0.3633598,0.4482016,-6.405023,-1.516351,-0.14845847,-52.64161,40.747112,-92.11085,-24.254004,-52.64161,40.747112,-92.11085,-24.254004,-1.0,1.0,-1.0,-1.0,0.0,0.4,-0.4,-0.4
2.966666666666667,21.531147,-11.170389,1.1602831,0.9672366,0.041526042,0.019409116,-0.24970414,-0.33621466,0.63558024,0.08889745,-0.23716377,0.40941846,-0.0841738,21.525232,-11.081198,0.3652928,0.4236122,-6.4011745,-1.4753633,0.23091315,13.341761,-11.677518,49.53025,95.128296,13.341761,-11.677518,49.53025,95.128296,1.0,-1.0,1.0,1.0,33.524375915527344,-0.4,0.4,0.4
2.9833333333333334,21.53142,-11.1585865,1.160787,0.96665066,0.04215535,0.019404056,-0.25185853,-0.32855916,0.62326676,-0.07501902,0.18744773,-0.12451729,-0.32676288,21.525833,-11.069481,0.36578485,0.40011573,-6.394989,-1.4097886,0.37113187,-44.837044,42.885147,-118.344025,-28.564589,-44.837044,42.885147,-118.344025,-28.564589,-1.0,1.0,-1.0,-1.0,0.0,0.4,-0.4,-0.4
3.0,21.531765,-11.147142,1.162427,0.96646816,0.039951738,0.0155791305,-0.2531804,-0.31952187,0.61014533,0.07666777,-0.24365863,-0.6472536,-0.08380694,21.526463,-11.058193,0.36740506,0.3797613,-6.383717,-1.2212651,0.67631716,22.098286,-10.581968,-30.668833,90.82839,22.098286,-10.581968,-30.668833,90.82839,1.0,-1.0,-1.0,1.0,33.524375915527344,-0.4,-0.4,0.4
3.0166666666666666,21.53212,-11.135809,1.1626346,0.9666778,0.040125836,0.0134551,-0.25247338,-0.3115417,0.5997876,-0.085490696,0.19144204,-0.10186667,0.15951577,21.527096,-11.047053,0.3675894,0.35981673,-6.3697658,-1.1966746,0.83707803,-47.70606,63.79064,167.87476,75.88997,-47.70606,63.79064,167.87476,75.88997,-1.0,1.0,1.0,1.0,0.0,0.4,0.4,0.4
3.033333333333333,21.532486,-11.124796,1.1639915,0.96663135,0.03979375,0.016265672,-0.2525383,-0.30533388,0.58775735,0.06208536,-0.22826801,0.4549663,-0.0838931,21.527758,-11.036346,0.36891034,0.33864275,-6.347705,-1.2704389,1.3236521,2.1959314,-4.533421,42.153706,-102.991936,2.1959314,-4.533421,42.153706,-102.991936,1.0,-1.0,1.0,-1.0,33.524375915527344,-0.4,0.4,-0.4
3.05,21.53287,-11.113887,1.1639118,0.9660317,0.04059774,0.016602289,-0.2546739,-0.29848596,0.5758408,-0.10215715,0.19643503,-0.079045,-0.32648897,21.528423,-11.025782,0.36879066,0.31842506,-6.3228965,-1.2130611,1.4885043,-18.544376,59.405926,-114.68846,-22.195301,-18.544376,59.405926,-114.68846,-22.195301,-1.0,1.0,-1.0,-1.0,0.0,0.4,-0.4,-0.4
3.0666666666666664,21.533306,-11.10332,1.1649697,0.96582484,0.038556628,0.013127611,-0.2559753,-0.29058987,0.56314635,0.04879145,-0.23446432,-0.6018611,-0.08353882,21.529114,-11.015644,0.36979997,0.30025652,-6.291973,-1.0901122,1.8554019,52.53776,-5.476972,-25.002562,97.42367,52.53776,-5.476972,-25.002562,97.42367,1.0,-1.0,-1.0,1.0,33.524375915527344,-0.4,-0.4,0.4
3.0833333333333335,21.53375,-11.092858,1.1645958,0.9660261,0.03889393,0.011349014,-0.2552487,-0.28356856,0.552945,-0.11377319,0.20063765,-0.056472808,0.15973459,21.529812,-11.005651,0.36937296,0.28208795,-6.2581663,-1.090114,2.0284078,-16.42082,81.92564,174.3354,83.81716,-16.42082,81.92564,174.3354,83.81716,-1.0,1.0,1.0,1.0,0.0,0.4,0.4,0.4
3.1,21.534193,-11.082691,1.1653746,0.965758,0.0439444,0.013203152,-0.25535434,-0.27791855,0.54233754,0.02777187,0.64010286,0.51135516,-0.08306755,21.530527,-10.996082,0.37008533,0.2625534,-6.215086,-1.1720734,2.5848196,38.043613,2.1825185,44.257397,-105.02247,38.043613,2.1825185,44.257397,-105.02247,1.0,1.0,1.0,-1.0,33.524375915527344,0.4,0.4,-0.4
3.1166666666666667,21.534641,-11.0726385,1.164715,0.9650617,0.046656877,0.013453064,-0.25748402,-0.2712747,0.5270676,-0.13858506,0.20530647,-0.034837283,-0.32605898,21.531246,-10.986651,0.36935696,0.24315546,-6.170292,-1.1638757,2.6876447,-49.032116,-38.14449,-118.73661,-47.552242,-49.032116,-38.14449,-118.73661,-47.552242,-1.0,-1.0,-1.0,-1.0,0.0,-0.4,-0.4,-0.4
3.1333333333333333,21.535099,-11.062982,1.1651887,0.9648394,0.044776533,0.010327657,-0.25879204,-0.2639511,0.51214504,0.011909616,-0.22542995,-0.55773735,-0.08309954,21.531977,-10.977642,0.36975992,0.22362097,-6.1236467,-1.1720698,2.7987096,81.82941,-18.966358,-7.548502,97.18411,81.82941,-18.966358,-7.548502,97.18411,1.0,-1.0,-1.0,1.0,33.524375915527344,-0.4,-0.4,0.4
3.15,21.535538,-11.053787,1.1680965,0.9650252,0.04533934,0.009007015,-0.25804925,-0.2572172,0.50032187,0.15978618,0.21439448,0.0101848,0.16013095,21.532736,-10.969181,0.372588,0.20067137,-6.0708237,-1.3769754,3.1693838,9.420441,42.574604,183.55421,84.546234,9.420441,42.574604,183.55421,84.546234,1.0,1.0,1.0,1.0,33.524375915527344,0.4,0.4,0.4
3.1666666666666665,21.535952,-11.044708,1.1695728,0.96497965,0.045383446,0.012543675,-0.25806412,-0.25152785,0.48612165,-0.003676757,-0.21019034,0.5444253,-0.08324605,21.533499,-10.96086,0.373983,0.17567275,-6.01622,-1.4999171,3.2762144,-93.26419,-23.352251,53.0846,-59.77974,-93.26419,-23.352251,53.0846,-59.77974,-1.0,-1.0,1.0,-1.0,0.0,-0.4,0.4,-0.4
3.183333333333333,21.536379,-11.035992,1.1721886,0.9643465,0.046599973,0.013694829,-0.26014745,-0.24507526,0.47295162,0.14246258,0.21943538,0.03277681,-0.32581562,21.534271,-10.952948,0.37651366,0.15094736,-5.958326,-1.4835235,3.4736536,23.143381,23.265972,-113.78879,-16.96629,23.143381,23.265972,-113.78879,-16.96629,1.0,1.0,-1.0,-1.0,33.524375915527344,0.4,-0.4,-0.4
3.2,21.536825,-11.027409,1.1733619,0.96411383,0.044907637,0.010957862,-0.26143402,-0.23717315,0.45808005,-0.01828678,-0.21573704,-0.51276624,-0.082849905,21.53505,-10.945167,0.3776027,0.12717824,-5.9005747,-1.4261475,3.4650705,-72.91595,-24.897982,-40.8789,176.5207,-72.91595,-24.897982,-40.8789,176.5207,-1.0,-1.0,-1.0,1.0,0.0,-0.4,-0.4,0.4
3.216666666666667,21.537254,-11.019174,1.1756806,0.9642954,0.04564303,0.009975439,-0.2606752,-0.23032278,0.44616225,0.12938505,0.2240749,0.055114176,0.16036174,21.535841,-10.937786,0.37983266,0.10122346,-5.839054,-1.5572864,3.6912344,7.37393,35.964817,164.37119,84.85967,7.37393,35.964817,164.37119,84.85967,1.0,1.0,1.0,1.0,33.524375915527344,0.4,0.4,0.4
3.2333333333333334,21.537657,-11.011056,1.1765672,0.9642382,0.04587132,0.013852241,-0.26066938,-0.22400916,0.4320259,-0.0342059,-0.20056568,0.589341,-0.08300026,21.536629,-10.93054,0.38063008,0.07362946,-5.776304,-1.6556399,3.7650201,-95.721725,-27.502949,4.1465716,-56.103928,-95.721725,-27.502949,4.1465716,-56.103928,-1.0,-1.0,1.0,-1.0,0.0,-0.4,0.4,-0.4
3.25,21.53809,-11.003304,1.1785929,0.96358806,0.047262575,0.015340283,-0.2627334,-0.21668111,0.4188659,0.111905985,0.2291377,0.07759465,-0.3255375,21.537428,-10.923681,0.38256532,0.04740152,-5.7119823,-1.5736763,3.8592908,19.648584,12.238868,-143.43837,-21.016737,19.648584,12.238868,-143.43837,-21.016737,1.0,1.0,-1.0,-1.0,33.524375915527344,0.4,-0.4,-0.4
3.2666666666666666,21.538532,-10.99569,1.1791756,0.96335036,0.045738474,0.012946927,-0.2640006,-0.2081918,0.40406758,-0.049308427,-0.2058289,-0.46803167,-0.08256921,21.53822,-10.916951,0.38305998,0.02240302,-5.6484227,-1.49991,3.8135717,-77.33912,-30.146633,-87.9901,168.4272,-77.33912,-30.146633,-87.9901,168.4272,-1.0,-1.0,-1.0,1.0,0.0,-0.4,-0.4,0.4
3.283333333333333,21.538977,-10.98844,1.1809025,0.96352684,0.046650648,0.0122984685,-0.26322708,-0.20064573,0.39192483,0.0982469,0.23396683,0.09978822,0.16063489,21.53902,-10.910606,0.3846979,-0.003141887,-5.5832224,-1.5326943,3.9120195,13.638029,22.203804,104.2962,74.65943,13.638029,22.203804,104.2962,74.65943,1.0,1.0,1.0,1.0,33.524375915527344,0.4,0.4,0.4
3.3,21.539423,-10.9813175,1.1811895,0.963543,0.045228016,0.010032904,-0.26351222,-0.19231935,0.37773323,-0.06324464,-0.20147285,-0.44473994,-0.082619704,21.539822,-10.904386,0.38489735,-0.02855019,-5.5183735,-1.5244981,3.8909338,-96.72971,-33.237488,-78.41524,-53.206688,-96.72971,-33.237488,-78.41524,-53.206688,-1.0,-1.0,-1.0,-1.0,0.0,-0.4,-0.4,-0.4
3.3166666666666664,21.539837,-10.974544,1.1826218,0.96371484,0.046224523,0.009562023,-0.26272717,-0.18585192,0.3654135,0.08421949,0.23831987,0.12300541,0.16058153,21.540611,-10.898539,0.38624087,-0.055461146,-5.4516788,-1.6146572,4.0016837,15.508414,16.156128,130.81715,80.13952,15.508414,16.156128,130.81715,80.13952,1.0,1.0,1.0,1.0,33.524375915527344,0.4,0.4,0.4
3.3333333333333335,21.540258,-10.9679,1.1826148,0.9637206,0.044889245,0.007472815,-0.2630051,-0.17846444,0.3511376,-0.07751218,-0.1971477,-0.42146906,-0.08266724,21.54141,-10.8928175,0.38614672,-0.08250871,-5.385334,-1.6228539,3.980684,-93.158424,-37.619038,-56.725624,-50.429657,-93.158424,-37.619038,-56.725624,-50.429657,-1.0,-1.0,-1.0,-1.0,0.0,-0.4,-0.4,-0.4
3.35,21.540632,-10.9615965,1.1837533,0.96388876,0.04596934,0.0071797585,-0.2622093,-0.17292769,0.33861625,0.06988977,0.24263988,0.14619638,0.1605281,21.542202,-10.88746,0.38719755,-0.112424985,-5.3172817,-1.7949762,4.083137,19.339046,8.904852,156.62273,83.2161,19.339046,8.904852,156.62273,83.2161,1.0,1.0,1.0,1.0,33.524375915527344,0.4,0.4,0.4
3.3666666666666667,21.540993,-10.955418,1.1834525,0.9638861,0.04472089,0.005267016,-0.26248023,-0.16634364,0.32423162,-0.09204819,-0.19285409,-0.39822215,-0.082714036,21.542986,-10.882221,0.38681045,-0.1427511,-5.249649,-1.8195667,4.05796,-88.57551,-42.796547,-24.218405,-48.897263,-88.57551,-42.796547,-24.218405,-48.897263,-1.0,-1.0,-1.0,-1.0,0.0,-0.4,-0.4,-0.4
3.3833333333333333,21.541296,-10.949581,1.1842963,0.96416295,0.04345247,0.0057813916,-0.26166448,-0.16158396,0.31083423,0.056837693,-0.15549959,0.16423683,0.16045243,21.543764,-10.877341,0.38756832,-0.17676558,-5.180857,-2.0408685,4.1275115,24.664162,0.06334303,182.57234,83.696465,24.664162,0.06334303,182.57234,83.696465,1.0,0.06334303,1.0,1.0,33.524375915527344,0.025337214,0.4,0.4
3.4,21.541567,-10.943857,1.1837083,0.9642408,0.04087094,0.011357249,-0.261611,-0.1559801,0.29783967,-0.1049295,-0.58019334,0.6978083,-0.083112925,21.544544,-10.872579,0.3868958,-0.213239,-5.11173,-2.1884053,4.1476245,-65.90423,-10.265739,15.496989,-44.67538,-65.90423,-10.265739,15.496989,-44.67538,-1.0,-1.0,1.0,-1.0,0.0,-0.4,0.4,-0.4
3.4166666666666665,21.541853,-10.938456,1.1842635,0.9637121,0.039460335,0.0145344185,-0.26361036,-0.14892718,0.286453,0.04306202,-0.14970076,0.18682942,-0.32581604,21.545303,-10.868159,0.38736537,-0.24711703,-5.0411024,-2.0326815,4.237661,77.17228,115.278595,-150.1005,-25.807766,77.17228,115.278595,-150.1005,-25.807766,1.0,1.0,-1.0,-1.0,33.524375915527344,0.4,-0.4,-0.4
3.433333333333333,21.542166,-10.933162,1.1833799,0.9633646,0.04033112,0.012494813,-0.2648505,-0.14121099,0.27515823,-0.12034695,0.27525452,-0.347079,-0.0823504,21.546059,-10.863854,0.3863974,-0.27880943,-4.970002,-1.9015439,4.2660136,-13.938581,3.6125653,-118.87402,169.5537,-13.938581,3.6125653,-118.87402,169.5537,-1.0,1.0,-1.0,1.0,0.0,0.4,-0.4,0.4
3.4499999999999997,21.542477,-10.928199,1.1836424,0.96358985,0.040178664,0.013112747,-0.26402336,-0.13431308,0.26294813,0.027622709,-0.14441301,0.20938388,0.16034578,21.546795,-10.859885,0.38657644,-0.30927247,-4.8985667,-1.8277823,4.2861266,41.372276,-35.418125,32.792164,9.750824,41.372276,-35.418125,32.792164,9.750824,1.0,-1.0,1.0,1.0,33.524375915527344,-0.4,0.4,0.4
3.466666666666667,21.542795,-10.923354,1.1824653,0.9637122,0.03595628,0.012554268,-0.26421246,-0.12634742,0.25184613,-0.13322128,-0.57974845,-0.3355986,-0.08291972,21.54753,-10.856024,0.38531795,-0.33905256,-4.8278933,-1.7868053,4.2404075,-30.140835,-2.403267,-136.93336,-68.48865,-30.140835,-2.403267,-136.93336,-68.48865,-1.0,-1.0,-1.0,-1.0,0.0,-0.4,-0.4,-0.4
3.4833333333333334,21.543133,-10.918794,1.1824392,0.9639941,0.03415959,0.013799673,-0.26335922,-0.11983433,0.24298583,0.015569894,-0.1397899,0.2319272,0.16063513,21.548237,-10.852492,0.385208,-0.3655542,-4.7539372,-1.5900992,4.4373603,113.11891,163.648,12.266851,39.262356,113.11891,163.648,12.266851,39.262356,1.0,1.0,1.0,1.0,33.524375915527344,0.4,0.4,0.4
3.5,21.543491,-10.914318,1.1809778,0.96391356,0.035216577,0.0120595535,-0.26359984,-0.11215944,0.23371744,-0.14807777,0.28404996,-0.30241138,-0.082168326,21.548939,-10.849067,0.38366216,-0.39014342,-4.678481,-1.4753525,4.527368,-2.1678872,22.363224,-165.59421,-84.78933,-2.1678872,22.363224,-165.59421,-84.78933,-1.0,1.0,-1.0,-1.0,0.0,0.4,-0.4,-0.4
3.5166666666666666,21.543873,-10.910138,1.1806588,0.96339446,0.033347405,0.006649905,-0.26592234,-0.10611403,0.22268516,0.000592561,-0.14771181,-0.8247113,-0.3256079,21.549608,-10.84596,0.38325822,-0.4107711,-4.601389,-1.2376605,4.62553,92.51483,-27.673185,-40.540573,-13.860876,92.51483,-27.673185,-40.540573,-13.860876,1.0,-1.0,-1.0,-1.0,33.524375915527344,-0.4,-0.4,-0.4
3.533333333333333,21.544226,-10.906302,1.1827838,0.9630434,0.033897333,0.0030906952,-0.2671867,-0.10236833,0.21360742,0.14850014,0.28916228,-0.2568788,-0.082211174,21.550241,-10.843271,0.38529342,-0.43085238,-4.518961,-1.2048768,4.945678,30.36157,42.265022,187.24129,295.87714,30.36157,42.265022,187.24129,295.87714,1.0,1.0,1.0,1.0,33.524375915527344,0.4,0.4,0.4
3.55,21.544552,-10.902551,1.1834793,0.96326905,0.03398546,0.004279246,-0.26634443,-0.09894672,0.20258503,-0.014551317,-0.13524774,0.27707005,0.16053347,21.550867,-10.840688,0.3859001,-0.45229983,-4.4350348,-1.2868469,5.0355716,-83.41038,-32.36054,107.83413,121.34437,-83.41038,-32.36054,107.83413,121.34437,-1.0,-1.0,1.0,1.0,0.0,-0.4,0.4,0.4
3.5666666666666664,21.544847,-10.899057,1.1853225,0.9631706,0.035240434,0.0030156255,-0.2665544,-0.09368486,0.1934176,0.13234843,0.2932347,-0.23482707,-0.08228824,21.551464,-10.838403,0.38765264,-0.47388393,-4.3482413,-1.2950455,5.207605,8.997795,12.183835,-83.77028,-49.084137,8.997795,12.183835,-83.77028,-49.084137,1.0,1.0,-1.0,-1.0,33.524375915527344,0.4,-0.4,-0.4
3.5833333333333335,21.545122,-10.895653,1.1857333,0.963394,0.035408717,0.0043704063,-0.265705,-0.09016156,0.18195426,-0.03070731,-0.1312204,0.29909992,0.16047472,21.552052,-10.836216,0.38797462,-0.49628773,-4.260773,-1.3442283,5.2480884,-92.51546,-38.70934,103.49429,117.81815,-92.51546,-38.70934,103.49429,117.81815,-1.0,-1.0,1.0,1.0,0.0,-0.4,0.4,0.4
3.6,21.545359,-10.892527,1.1872896,0.96339965,0.033796366,0.0040494986,-0.26589924,-0.08472492,0.1710708,0.117219694,-0.19107643,-0.21876141,-0.082611255,21.5526,-10.834318,0.38944292,-0.51869166,-4.1725616,-1.3442354,5.2926917,5.7467413,-0.13669598,-92.636604,-48.399048,5.7467413,-0.13669598,-92.636604,-48.399048,1.0,-0.13669598,-1.0,-1.0,33.524375915527344,-0.05467839,-0.4,-0.4
3.6166666666666667,21.545584,-10.8894825,1.1874156,0.9635742,0.035305075,0.0052453256,-0.26504862,-0.081000276,0.16138464,-0.046200022,0.24400634,0.3259744,0.16071647,21.553143,-10.832519,0.38948202,-0.54136884,-4.083196,-1.3606309,5.3619285,-89.02422,28.287891,85.57389,145.90056,-89.02422,28.287891,85.57389,145.90056,-1.0,1.0,1.0,1.0,0.0,0.4,0.4,0.4
3.6333333333333333,21.545807,-10.886447,1.1848136,0.9635537,0.03445684,0.004774213,-0.26524317,-0.07572548,0.1503966,-0.20930094,-0.1916782,-0.21832958,-0.0824836,21.55368,-10.830719,0.38679576,-0.56390953,-3.994456,-1.3524412,5.324406,-11.344558,-38.65073,-117.48904,-55.606487,-11.344558,-38.65073,-117.48904,-55.606487,-1.0,-1.0,-1.0,-1.0,0.0,-0.4,-0.4,-0.4
3.65,21.546001,-10.883669,1.1833632,0.9637243,0.036027063,0.006102263,-0.26438618,-0.07162832,0.14048807,-0.061993007,0.24812177,0.3488035,0.16085932,21.55419,-10.829187,0.38526246,-0.5864503,-3.9049728,-1.3524448,5.368995,148.34482,15.005126,67.35905,45.907063,148.34482,15.005126,67.35905,45.907063,1.0,1.0,1.0,1.0,33.524375915527344,0.4,0.4,0.4
3.6666666666666665,21.546156,-10.88127,1.1843487,0.9637015,0.035328083,0.0059328373,-0.26456788,-0.06551813,0.12887686,0.08548526,-0.18285304,-0.17300507,-0.08233466,21.554638,-10.828006,0.3861692,-0.6074884,-3.8176215,-1.2622868,5.241079,22.866104,-41.717358,-141.38707,-66.84239,22.866104,-41.717358,-141.38707,-66.84239,1.0,-1.0,-1.0,-1.0,33.524375915527344,-0.4,-0.4,-0.4
3.683333333333333,21.546309,-10.8789835,1.1838936,0.96408004,0.029965473,0.0023588543,-0.26390564,-0.06030168,0.11820104,-0.076324515,-0.61726856,-0.71729887,0.16068412,21.555075,-10.826909,0.3856386,-0.62784356,-3.7321956,-1.2213098,5.1255507,-51.791103,-6.4510617,-10.853902,116.52368,-51.791103,-6.4510617,-10.853902,116.52368,-1.0,-1.0,-1.0,1.0,0.0,-0.4,-0.4,0.4
3.6999999999999997,21.546406,-10.876917,1.1845936,0.964903,0.027030846,0.00054969883,-0.26121086,-0.057553545,0.11013763,0.072261825,-0.17507374,-0.15161307,0.40421113,21.555466,-10.82607,0.3862625,-0.64888185,-3.6441083,-1.2622975,5.2852387,39.660435,185.34258,202.5055,9.457517,39.660435,185.34258,202.5055,9.457517,1.0,1.0,1.0,1.0,33.524375915527344,0.4,0.4,0.4
3.716666666666667,21.546484,-10.874898,1.1838669,0.96534634,0.028804103,0.0022316235,-0.2593681,-0.055137057,0.10243722,-0.09117113,0.25978512,0.3923287,0.1613155,21.555847,-10.825309,0.38546038,-0.6706033,-3.5538402,-1.3032852,5.4160876,-76.392296,43.179214,98.75045,-69.074104,-76.392296,43.179214,98.75045,-69.074104,-1.0,1.0,1.0,-1.0,0.0,0.4,0.4,-0.4
3.7333333333333334,21.546528,-10.873113,1.1842887,0.9653159,0.028294858,0.0023836081,-0.25953573,-0.050997406,0.09288986,0.056031283,-0.17116626,-0.12922658,-0.081868574,21.556181,-10.824794,0.38580787,-0.6913685,-3.4626913,-1.2459146,5.4689307,52.73124,-35.559246,-107.34196,-74.224625,52.73124,-35.559246,-107.34196,-74.224625,1.0,-1.0,-1.0,-1.0,33.524375915527344,-0.4,-0.4,-0.4
3.75,21.546555,-10.871389,1.1832811,0.9654875,0.030147862,0.004268836,-0.25866318,-0.048105694,0.08454208,-0.107325904,0.26384917,0.4150562,0.16151783,21.5565,-10.824354,0.38472715,-0.7122705,-3.370593,-1.2541186,5.5258937,-26.69886,28.921432,67.493805,104.80531,-26.69886,28.921432,67.493805,104.80531,-1.0,1.0,1.0,1.0,0.0,0.4,0.4,0.4
3.7666666666666666,21.546556,-10.869911,1.1834211,0.9654566,0.029719759,0.0045948,-0.2588225,-0.043097317,0.074703135,0.039866604,-0.16712116,-0.106469974,-0.08166022,21.556767,-10.8241415,0.38479692,-0.7312599,-3.2798038,-1.1393629,5.4473586,66.71735,-38.26898,-144.57933,-82.65367,66.71735,-38.26898,-144.57933,-82.65367,1.0,-1.0,-1.0,-1.0,33.524375915527344,-0.4,-0.4,-0.4
3.783333333333333,21.546568,-10.868513,1.1821243,0.9656466,0.029849859,0.0001658282,-0.25813866,-0.03923841,0.06602824,-0.123383634,0.25798678,-0.64011854,0.1615807,21.55702,-10.824002,0.3834319,-0.74861,-3.1895013,-1.0410081,5.4181476,-8.330713,4.9376154,-19.599926,82.60055,-8.330713,4.9376154,-19.599926,82.60055,-1.0,1.0,-1.0,1.0,0.0,0.4,-0.4,0.4
3.8,21.546507,-10.867342,1.1819801,0.9656134,0.028919054,-0.0014948252,-0.25836444,-0.037944555,0.055916436,0.024468489,-0.16139878,-0.082850575,-0.08201136,21.55722,-10.82408,0.3832228,-0.7673264,-3.0998907,-1.1229836,5.376634,56.2456,-38.554653,202.47481,-45.82807,56.2456,-38.554653,202.47481,-45.82807,1.0,-1.0,1.0,-1.0,33.524375915527344,-0.4,0.4,-0.4
3.8166666666666664,21.546402,-10.866245,1.180406,0.96593654,0.025741609,0.0020704211,-0.25748718,-0.03604558,0.047040686,-0.13836214,-0.586087,0.4511237,0.16073294,21.5574,-10.824227,0.3815859,-0.78768224,-3.0106983,-1.2213491,5.351543,-1.701059,-6.6242657,107.0813,110.67353,-1.701059,-6.6242657,107.0813,110.67353,-1.0,-1.0,1.0,1.0,0.0,-0.4,0.4,0.4
3.8333333333333335,21.546276,-10.86534,1.1799836,0.9659434,0.023755515,0.0031765276,-0.2576409,-0.03208728,0.040381357,0.008944514,-0.15710744,-0.061503876,-0.0823213,21.557526,-10.824577,0.38110203,-0.8057157,-2.9206927,-1.0820066,5.4003377,126.342445,160.5831,-110.43294,-94.79864,126.342445,160.5831,-110.43294,-94.79864,1.0,1.0,-1.0,-1.0,33.524375915527344,0.4,-0.4,-0.4
3.85,21.546133,-10.864682,1.1820048,0.9661299,0.024133185,-0.00078090036,-0.25692374,-0.027432857,0.034209676,0.15620103,0.27290714,-0.5727758,0.1608934,21.557577,-10.825196,0.38306195,-0.81965065,-2.829121,-0.83609813,5.4942937,48.022785,35.403946,-2.0130634,68.56529,48.022785,35.403946,-2.0130634,68.56529,1.0,1.0,-1.0,1.0,33.524375915527344,0.4,-0.4,0.4
3.8666666666666667,21.54597,-10.864081,1.1825955,0.9660899,0.023402028,-0.002061371,-0.25713477,-0.02649881,0.02595257,-0.0068073673,-0.1514625,-0.037973672,-0.0826855,21.55761,-10.825876,0.38359335,-0.8335857,-2.7372832,-0.8361017,5.5102725,-115.79896,-32.668236,196.46736,-5.4387674,-115.79896,-32.668236,196.46736,-5.4387674,-1.0,-1.0,1.0,-1.0,0.0,-0.4,0.4,-0.4
3.8833333333333333,21.54574,-10.863644,1.1843454,0.966269,0.025665192,0.0006510141,-0.2562519,-0.026700338,0.019370362,0.14063412,0.2882673,0.52845395,0.16076873,21.557587,-10.826742,0.3852849,-0.8484771,-2.6438115,-0.8934867,5.6083055,20.73827,25.237083,97.43378,102.75243,20.73827,25.237083,97.43378,102.75243,1.0,1.0,1.0,1.0,33.524375915527344,0.4,0.4,0.4
3.9,21.545494,-10.863272,1.1846601,0.96623003,0.025610408,0.0017102408,-0.2563991,-0.023399038,0.0107391095,-0.023020381,-0.14757012,-0.015299464,-0.082368396,21.557545,-10.827666,0.3855437,-0.86309534,-2.5508938,-0.877093,5.5750604,-81.93571,-45.492046,-136.53255,-54.614418,-81.93571,-45.492046,-136.53255,-54.614418,-1.0,-1.0,-1.0,-1.0,0.0,-0.4,-0.4,-0.4
3.9166666666666665,21.545198,-10.863101,1.186129,0.96652275,0.022747446,0.0059140837,-0.255502,-0.021996977,0.001533838,0.12444462,-0.56759465,0.5410348,0.1603459,21.55744,-10.828761,0.38696033,-0.8767573,-2.4601705,-0.8197188,5.443396,13.637559,-4.018203,2.0225022,77.93968,13.637559,-4.018203,2.0225022,77.93968,1.0,-1.0,1.0,1.0,33.524375915527344,-0.4,0.4,0.4
3.933333333333333,21.544903,-10.862993,1.186164,0.96651363,0.021033185,0.007572897,-0.2556393,-0.01724606,-0.0042161923,-0.039147,-0.14340892,0.0059614396,-0.08276434,21.55731,-10.829916,0.3869446,-0.88864326,-2.3696585,-0.7131564,5.4307218,-89.13741,166.7691,-191.08864,-80.65138,-89.13741,166.7691,-191.08864,-80.65138,-1.0,1.0,-1.0,-1.0,0.0,0.4,-0.4,-0.4
3.9499999999999997,21.544645,-10.863053,1.18735,0.9667126,0.021677854,0.004131724,-0.25491118,-0.01172165,-0.00932063,0.10807908,0.28677902,-0.5054279,0.16042572,21.557123,-10.831227,0.38808087,-0.8936982,-2.2799726,-0.303297,5.3811545,24.390493,30.55931,-132.28685,20.407333,24.390493,30.55931,-132.28685,20.407333,1.0,1.0,-1.0,1.0,33.524375915527344,0.4,-0.4,0.4
3.966666666666667,21.544382,-10.863171,1.1871063,0.96667403,0.021201547,0.003363001,-0.25510877,-0.009515656,-0.016367713,-0.055049,-0.13784102,0.029346997,-0.08313101,21.556917,-10.83259,0.38778922,-0.8977968,-2.1907022,-0.24591564,5.3562207,-125.02411,-36.286594,83.38574,-34.125713,-125.02411,-36.286594,83.38574,-34.125713,-1.0,-1.0,1.0,-1.0,0.0,-0.4,0.4,-0.4
3.9833333333333334,21.544106,-10.863455,1.1880152,0.966857,0.021939596,9.8396835e-05,-0.25437394,-0.0055254065,-0.022006832,0.09215891,0.29239133,-0.48205316,0.16005328,21.556643,-10.8341,0.38865227,-0.89793336,-2.1028726,-0.008193254,5.269775,14.764299,13.411654,-106.32726,46.178257,14.764299,13.411654,-106.32726,46.178257,1.0,1.0,-1.0,1.0,33.524375915527344,0.4,-0.4,0.4
4.0,21.543816,-10.863797,1.1874937,0.9668135,0.02155866,-0.0004939041,-0.25457135,-0.0045715813,-0.029470883,-0.07098515,-0.13231249,0.05271209,-0.08349389,21.556349,-10.835662,0.38808703,-0.8976602,-2.015458,0.016390083,5.2448697,-133.14194,-44.274757,124.03639,-18.312641,-133.14194,-44.274757,124.03639,-18.312641,-1.0,-1.0,1.0,-1.0,0.0,-0.4,0.4,-0.4
4.016666666666667,21.543478,-10.864307,1.1881233,0.96709216,0.017180182,-0.0022722024,-0.25383544,-0.00195641,-0.03728409,0.07574236,-0.5616747,-0.46861786,0.15938096,21.555992,-10.837353,0.3886757,-0.89629406,-1.9308501,0.0819683,5.076477,11.364765,-6.545789,-63.85349,71.31997,11.364765,-6.545789,-63.85349,71.31997,1.0,-1.0,-1.0,1.0,33.524375915527344,-0.4,-0.4,0.4
4.033333333333333,21.543118,-10.864862,1.1873244,0.9678418,0.015152716,-0.0023209567,-0.25109184,-0.0024763374,-0.04197022,-0.087500796,-0.1253911,0.073783234,0.40278992,21.555614,-10.839091,0.3878372,-0.8950644,-1.8460413,0.07377862,5.088529,-132.93633,202.48442,148.00159,11.290171,-132.93633,202.48442,148.00159,11.290171,-1.0,1.0,1.0,1.0,0.0,0.4,0.4,0.4
4.05,21.542727,-10.865516,1.1876812,0.9682662,0.016089305,-0.0052610133,-0.24934725,-0.001204852,-0.046006877,0.059686933,0.30458483,-0.43792236,0.15976441,21.555183,-10.840952,0.38815546,-0.8921954,-1.7595284,0.17214058,5.190775,2.2601986,46.365555,-27.48183,-92.94097,2.2601986,46.365555,-27.48183,-92.94097,1.0,1.0,-1.0,-1.0,33.524375915527344,0.4,-0.4,-0.4
4.066666666666666,21.54231,-10.866209,1.1866078,0.9682187,0.01590072,-0.005525682,-0.2495377,-0.0024201213,-0.05207237,-0.10352522,-0.120378256,0.09682066,-0.08376192,21.554731,-10.842856,0.38704532,-0.8895996,-1.6727461,0.15574692,5.2069397,-126.12606,-36.99165,199.69298,-15.504617,-126.12606,-36.99165,199.69298,-15.504617,-1.0,-1.0,1.0,-1.0,0.0,-0.4,0.4,-0.4
4.083333333333333,21.541813,-10.867,1.1866956,0.96840894,0.018669982,-0.001769665,-0.24866085,-0.0038084334,-0.056957874,0.044227123,0.31930625,0.6627154,0.15969037,21.554213,-10.84487,0.38709795,-0.88809675,-1.5851476,0.09017228,5.255906,47.090904,22.634644,70.868576,73.545654,47.090904,22.634644,70.868576,73.545654,1.0,1.0,1.0,1.0,33.524375915527344,0.4,0.4,0.4
4.1,21.541298,-10.867841,1.1853493,0.96836525,0.019135261,0.00030901455,-0.24880184,-0.0014178115,-0.063582815,-0.119501896,-0.116628505,0.119366124,-0.08332683,21.553679,-10.846923,0.38571873,-0.88673055,-1.4983045,0.08197188,5.2105875,-62.561256,-49.960438,-176.7519,-69.05776,-62.561256,-49.960438,-176.7519,-69.05776,-1.0,-1.0,-1.0,-1.0,0.0,-0.4,-0.4,-0.4
4.116666666666666,21.540754,-10.868837,1.1851525,0.9686317,0.015033754,-0.0009873485,-0.24804334,0.0010089376,-0.070263766,0.026944289,-0.54586977,-0.40175104,0.15951957,21.553078,-10.849071,0.385492,-0.88263196,-1.4158374,0.24591564,4.9480243,80.43096,-11.764318,-87.58143,18.829607,80.43096,-11.764318,-87.58143,18.829607,1.0,-1.0,-1.0,1.0,33.524375915527344,-0.4,-0.4,0.4
4.133333333333333,21.540194,-10.869872,1.1835271,0.9686111,0.0132744415,-0.0004893655,-0.24822569,0.0011244295,-0.073801845,-0.13643128,-0.11069924,0.14111185,-0.08305623,21.552454,-10.8512535,0.38383776,-0.8781235,-1.3335782,0.2705061,4.93555,-72.46459,196.24158,123.01644,-31.151106,-72.46459,196.24158,123.01644,-31.151106,-1.0,1.0,1.0,-1.0,0.0,0.4,0.4,-0.4
4.15,21.53961,-10.870998,1.1830578,0.96878844,0.014485299,-0.0028977569,-0.24744813,0.0027036336,-0.07755785,0.010843365,0.31992227,-0.37044472,0.16010295,21.551767,-10.853523,0.38334134,-0.870746,-1.2516634,0.4426503,4.9148865,119.82767,28.705357,-83.83772,6.1411586,119.82767,28.705357,-83.83772,6.1411586,1.0,1.0,-1.0,1.0,33.524375915527344,0.4,-0.4,0.4
4.166666666666667,21.539011,-10.872161,1.1811587,0.96874255,0.014557599,-0.002649431,-0.24762632,0.0022485713,-0.08294985,-0.15237778,-0.105284594,0.1642799,-0.08338699,21.551065,-10.855824,0.38141644,-0.8633686,-1.1700927,0.4426467,4.894244,-49.07438,-41.448868,140.21994,-40.989334,-49.07438,-41.448868,140.21994,-40.989334,-1.0,-1.0,1.0,-1.0,0.0,-0.4,0.4,-0.4
4.183333333333334,21.538378,-10.873427,1.1804147,0.9689122,0.015859758,-0.0048823366,-0.24684739,0.0031643184,-0.08743832,-0.005047507,0.32537442,-0.34731483,0.15977733,21.550308,-10.858202,0.3806486,-0.8544884,-1.0905056,0.5328118,4.7752256,150.39812,4.1610723,-59.02344,13.197062,150.39812,4.1610723,-59.02344,13.197062,1.0,1.0,-1.0,1.0,33.524375915527344,0.4,-0.4,0.4
4.2,21.537716,-10.874731,1.1782411,0.96886647,0.016023263,-0.004457829,-0.24702454,0.0022655227,-0.093441755,-0.16824017,-0.099916674,0.18740138,-0.08369687,21.54953,-10.860604,0.37845314,-0.8461546,-1.0118085,0.5000281,4.7218246,-17.295647,-50.901974,157.64717,-36.66009,-17.295647,-50.901974,157.64717,-36.66009,-1.0,-1.0,1.0,-1.0,0.0,-0.4,0.4,-0.4
4.216666666666667,21.536983,-10.876158,1.1772197,0.9691104,0.012195851,-0.0052438425,-0.24626961,0.0026655719,-0.09925566,-0.02201469,-0.52907395,-0.3335877,0.15912858,21.548687,-10.863071,0.37741244,-0.8382307,-0.9372804,0.47543046,4.4716854,183.02524,-21.044939,-27.640585,14.437965,183.02524,-21.044939,-27.640585,14.437965,1.0,-1.0,-1.0,1.0,33.524375915527344,-0.4,-0.4,0.4
4.233333333333333,21.536177,-10.877693,1.1786523,0.96908575,0.010774127,-0.0041060923,-0.24645461,0.0009148265,-0.10280083,0.1251875,-0.08919825,0.23140903,-0.0834964,21.54778,-10.865627,0.3788274,-0.83098996,-0.8641883,0.4344463,4.3855257,36.054127,185.70575,166.10835,-30.776272,36.054127,185.70575,166.10835,-30.776272,1.0,1.0,1.0,-1.0,33.524375915527344,0.4,0.4,-0.4
4.25,21.535358,-10.879246,1.1786529,0.9692594,0.012282474,-0.005954257,-0.24566214,0.0010193363,-0.10612607,-0.038073916,0.33669734,-0.3026281,0.15967564,21.546852,-10.868202,0.3788118,-0.8232027,-0.790961,0.46723363,4.3936367,-59.310177,19.201715,-37.498085,69.32215,-59.310177,19.201715,-37.498085,69.32215,-1.0,1.0,-1.0,1.0,0.0,0.4,-0.4,0.4
4.266666666666667,21.534456,-10.880878,1.1798117,0.9692156,0.012690996,-0.0050645396,-0.24583392,-0.0009270818,-0.11130156,0.10939357,-0.083896644,0.2544153,-0.083747886,21.54586,-10.870824,0.3799565,-0.8167817,-0.7201258,0.38526174,4.2501135,32.396675,-48.373043,180.45258,-40.982994,32.396675,-48.373043,180.45258,-40.982994,1.0,-1.0,1.0,-1.0,33.524375915527344,-0.4,0.4,-0.4
4.283333333333333,21.533533,-10.882557,1.179536,0.96944755,0.009067544,-0.0054719276,-0.24506989,-0.0010080785,-0.116160445,-0.055157535,-0.5178569,-0.2888597,0.15906161,21.544857,-10.873466,0.37966776,-0.8110438,-0.651136,0.344274,4.1393886,-65.46022,-19.155733,-5.5408854,77.48989,-65.46022,-19.155733,-5.5408854,77.48989,-1.0,-1.0,-1.0,1.0,0.0,-0.4,-0.4,0.4
4.3,21.532549,-10.884284,1.1804206,0.9694189,0.007824961,-0.003998852,-0.24525462,-0.003039577,-0.11860248,0.09198546,-0.07808251,0.27598077,-0.08359628,21.543797,-10.876153,0.38054097,-0.80557907,-0.582352,0.32788393,4.1270394,39.84405,190.46785,186.19305,-38.721268,39.84405,190.46785,186.19305,-38.721268,1.0,1.0,1.0,-1.0,33.524375915527344,0.4,0.4,-0.4
4.316666666666666,21.531567,-10.886017,1.1798733,0.96959805,0.009517434,-0.0055058924,-0.24445565,-0.0032077678,-0.121117085,-0.071204305,0.34790075,-0.25813636,0.15959494,21.542725,-10.878848,0.37998357,-0.7991581,-0.5134322,0.38525817,4.135186,-46.354156,23.127316,-16.013065,61.86372,-46.354156,23.127316,-16.013065,61.86372,-1.0,1.0,-1.0,1.0,0.0,0.4,-0.4,0.4
4.333333333333333,21.530506,-10.887815,1.1804849,0.9695553,0.010105051,-0.0042795925,-0.24462618,-0.0051461747,-0.12537782,0.076258264,-0.07284845,0.29887527,-0.08377634,21.541592,-10.88158,0.38058633,-0.7939666,-0.4465623,0.31149027,4.0121946,52.71668,-46.16241,188.4111,-47.13905,52.71668,-46.16241,188.4111,-47.13905,1.0,-1.0,1.0,-1.0,33.524375915527344,-0.4,0.4,-0.4
4.35,21.529425,-10.88965,1.1796618,0.9697798,0.006663182,-0.0043524685,-0.24385211,-0.0052317725,-0.12913588,-0.08837316,-0.5067602,-0.24432127,0.15902631,21.540442,-10.884321,0.37975556,-0.7890484,-0.3816738,0.29509303,3.8933084,-41.443462,-17.406887,-5.339252,65.023155,-41.443462,-17.406887,-5.339252,65.023155,-1.0,-1.0,-1.0,1.0,0.0,-0.4,-0.4,0.4
4.366666666666666,21.528296,-10.891515,1.1799996,0.9697468,0.0055979015,-0.0025451407,-0.24403545,-0.006968286,-0.1306144,0.058727004,-0.06709454,0.32035306,-0.08366743,21.539234,-10.887086,0.38008684,-0.78344715,-0.31719562,0.3360736,3.868691,67.55729,193.11235,183.20038,-55.667923,67.55729,193.11235,183.20038,-55.667923,1.0,1.0,1.0,-1.0,33.524375915527344,0.4,0.4,-0.4
4.383333333333333,21.527168,-10.893385,1.1789055,0.96993136,0.0074729533,-0.0037127342,-0.24323513,-0.00686772,-0.13245246,-0.10440281,0.3589711,-0.21385115,0.15957612,21.538017,-10.889858,0.37898684,-0.7770261,-0.25258124,0.38526174,3.8768628,-9.085766,24.714092,-42.530186,41.64141,-9.085766,24.714092,-42.530186,41.64141,-1.0,1.0,-1.0,1.0,0.0,0.4,-0.4,0.4
4.4,21.52599,-10.89531,1.1789707,0.96988726,0.008236855,-0.0021496888,-0.24340542,-0.008224241,-0.13593842,0.043059975,-0.061936818,0.3431482,-0.083730005,21.536743,-10.892648,0.3790477,-0.77019536,-0.19069923,0.40984508,3.71292,94.9579,-43.60792,167.19495,-60.532253,94.9579,-43.60792,167.19495,-60.532253,1.0,-1.0,1.0,-1.0,33.524375915527344,-0.4,0.4,-0.4
4.416666666666667,21.52477,-10.897322,1.1814846,0.9701072,0.0050394237,-0.0017616571,-0.24261773,-0.0072779935,-0.14045355,0.18903786,-0.49089658,-0.1776787,0.15906286,21.535402,-10.895451,0.38155746,-0.7614519,-0.13400844,0.52460784,3.4014475,8.204872,-18.654856,-60.540726,37.611855,8.204872,-18.654856,-60.540726,37.611855,1.0,-1.0,-1.0,1.0,33.524375915527344,-0.4,-0.4,0.4
4.433333333333334,21.523535,-10.899345,1.1825705,0.97006786,0.0041687507,0.0004227347,-0.24279754,-0.008312407,-0.14146315,0.025451152,-0.056305215,0.3645255,-0.083687365,21.534039,-10.898261,0.38264033,-0.75229865,-0.07765928,0.54919475,3.3809493,-133.38145,192.39842,115.204575,-42.714275,-133.38145,192.39842,115.204575,-42.714275,-1.0,1.0,1.0,-1.0,0.0,0.4,0.4,-0.4
4.45,21.522314,-10.9013605,1.1809301,0.9702559,0.006224925,-0.00040693488,-0.24200086,-0.0073461607,-0.14277542,-0.13762003,0.36985448,-0.16974011,0.1596606,21.532679,-10.901068,0.3809973,-0.7423257,-0.020968681,0.59837574,3.4014356,-6.7166266,11.822785,-107.5551,10.525055,-6.7166266,11.822785,-107.5551,10.525055,-1.0,1.0,-1.0,1.0,0.0,0.4,-0.4,0.4
4.466666666666667,21.521072,-10.903428,1.1804494,0.97020566,0.007162006,0.0014912643,-0.24217209,-0.0074872104,-0.14563844,0.009865249,-0.05118869,0.38724792,-0.0837509,21.53127,-10.903875,0.38051456,-0.73030365,0.032033592,0.7213246,3.1801364,114.07837,-45.004875,98.17182,-73.53209,114.07837,-45.004875,98.17182,-73.53209,1.0,-1.0,1.0,-1.0,33.524375915527344,-0.4,0.4,-0.4
4.483333333333333,21.519829,-10.905583,1.1824175,0.9696843,0.0041359006,0.0022362191,-0.24431571,-0.004499846,-0.14911214,0.15580367,-0.48033327,-0.13289806,-0.32690865,21.52979,-10.90668,0.3824802,-0.7135,0.0785472,1.0082172,2.7908163,25.575682,-27.029331,-136.77931,-3.805163,25.575682,-27.029331,-136.77931,-3.805163,1.0,-1.0,-1.0,-1.0,33.524375915527344,-0.4,-0.4,-0.4
4.5,21.518604,-10.907756,1.1829509,0.96939576,0.0017441562,-0.0017290572,-0.24549082,-0.0023542484,-0.14966512,-0.008268403,-0.055151884,-0.6652729,-0.08322499,21.528296,-10.90948,0.3830114,-0.6941008,0.12348992,1.1639534,2.6965628,-94.49518,191.67638,-12.479473,220.93542,-94.49518,191.67638,-12.479473,220.93542,-1.0,1.0,-1.0,1.0,0.0,0.4,-0.4,0.4
4.516666666666667,21.517382,-10.909919,1.1807629,0.9695865,0.003398578,-0.004366373,-0.24468611,-0.004644677,-0.15053819,-0.17074595,0.3791094,-0.12200996,0.15990995,21.526808,-10.912282,0.3808219,-0.67511153,0.16925234,1.1393558,2.745745,-27.824127,28.967257,215.68188,152.43556,-27.824127,28.967257,215.68188,152.43556,-1.0,1.0,1.0,1.0,0.0,0.4,0.4,0.4
4.533333333333333,21.516098,-10.912099,1.1797366,0.9695464,0.00451303,-0.0021042617,-0.24485706,-0.0061589936,-0.1528646,-0.023234215,-0.04201532,0.4350004,-0.083486594,21.525265,-10.915071,0.3797949,-0.65653217,0.21282919,1.1147617,2.614611,137.31381,-46.23598,124.6088,-53.22478,137.31381,-46.23598,124.6088,-53.22478,1.0,-1.0,1.0,-1.0,33.524375915527344,-0.4,0.4,-0.4
4.55,21.514788,-10.914334,1.1811597,0.9697576,0.0016648218,-0.001007141,-0.24406199,-0.005637644,-0.15575653,0.12267079,-0.47086045,-0.085809976,0.15928173,21.52367,-10.91784,0.381217,-0.6361769,0.25107855,1.2213169,2.2949615,71.53766,-29.78465,-112.62956,25.847286,71.53766,-29.78465,-112.62956,25.847286,1.0,-1.0,-1.0,1.0,33.524375915527344,-0.4,-0.4,0.4
4.566666666666666,21.513462,-10.916569,1.1811548,0.9697112,0.0011440685,0.0018790792,-0.24424425,-0.0063795224,-0.1554674,-0.040912457,-0.036520768,0.45624506,-0.08356016,21.52205,-10.920606,0.38121137,-0.61513865,0.28912315,1.2622939,2.282676,-96.26117,179.30283,38.326958,-43.78091,-96.26117,179.30283,38.326958,-43.78091,-1.0,1.0,1.0,-1.0,0.0,0.4,0.4,-0.4
4.583333333333333,21.512163,-10.91882,1.1823056,0.96916586,-0.0016215785,0.0031443886,-0.24638358,-0.00376881,-0.15657593,0.1049944,-0.46545023,-0.06394419,-0.32675126,21.520397,-10.923346,0.38236064,-0.58972895,0.3240942,1.5245818,2.0982633,85.89879,-7.400342,-170.05745,-16.14691,85.89879,-7.400342,-170.05745,-16.14691,1.0,-1.0,-1.0,-1.0,33.524375915527344,-0.4,-0.4,-0.4
4.6,21.510878,-10.921079,1.1820215,0.96887213,-0.0037589155,-0.0002976138,-0.24753265,-0.002166883,-0.15510413,-0.059063695,-0.039946742,-0.5964608,-0.083128266,21.518719,-10.926081,0.38207582,-0.56158715,0.35824576,1.6885077,2.049093,-46.12155,220.84059,-71.35912,208.41095,-46.12155,220.84059,-71.35912,208.41095,-1.0,1.0,-1.0,1.0,0.0,0.4,-0.4,0.4
4.616666666666666,21.509598,-10.923295,1.1828991,0.96908194,-0.0017802941,-0.0022823974,-0.24672219,-0.0037958436,-0.15306991,0.08917898,0.39923835,-0.031032965,0.16006309,21.517006,-10.928792,0.38295242,-0.5305767,0.3936952,1.8606268,2.1269665,59.161263,61.727165,164.65807,138.54068,59.161263,61.727165,164.65807,138.54068,1.0,1.0,1.0,1.0,33.524375915527344,0.4,0.4,0.4
4.633333333333333,21.508305,-10.925499,1.1823497,0.9690394,-0.00037736172,0.00054272707,-0.24690509,-0.004968499,-0.15336098,-0.07393706,-0.026987165,0.5036899,-0.08328895,21.515287,-10.931495,0.3824026,-0.50011283,0.42941803,1.8278323,2.1433692,-64.053024,-39.51893,5.5989685,-24.520432,-64.053024,-39.51893,5.5989685,-24.520432,-1.0,-1.0,1.0,-1.0,0.0,-0.4,0.4,-0.4
4.65,21.507023,-10.927714,1.1829557,0.96848476,-0.0029615213,0.0021750887,-0.24904557,-0.0029272987,-0.15390415,0.07200454,-0.4557979,-0.016557846,-0.32649115,21.513533,-10.934167,0.38300842,-0.46623385,0.4621356,2.0327387,1.963055,108.649925,-1.1484661,-180.81535,-2.576147,108.649925,-1.1484661,-180.81535,-2.576147,1.0,-1.0,-1.0,-1.0,33.524375915527344,-0.4,-0.4,-0.4
4.666666666666667,21.505764,-10.92993,1.1821268,0.96818376,-0.0049294955,-0.00090118626,-0.25018978,-0.001933895,-0.15201712,-0.09202643,-0.030105438,-0.5491677,-0.08290666,21.511768,-10.936829,0.38217905,-0.43003273,0.49410203,2.172067,1.917985,-17.85149,226.623,-87.96435,214.69673,-17.85149,226.623,-87.96435,214.69673,-1.0,1.0,-1.0,1.0,0.0,0.4,-0.4,0.4
4.683333333333334,21.504498,-10.932095,1.1824595,0.96839917,-0.0027784032,-0.0025303657,-0.249377,-0.0039600283,-0.14984208,0.056225136,0.4090757,0.01624117,0.160308,21.509968,-10.939457,0.38251233,-0.3917827,0.52729803,2.2950015,1.99176,98.204056,67.06479,142.59253,146.106,98.204056,67.06479,142.59253,146.106,1.0,1.0,1.0,1.0,33.524375915527344,0.4,0.4,0.4
4.7,21.503237,-10.9342575,1.1813587,0.96834105,-0.0029177798,-0.0058521484,-0.24954528,-0.004732996,-0.14990221,-0.10735443,-0.025594804,-0.52584314,-0.08305079,21.508162,-10.942077,0.38141206,-0.35271323,0.56001616,2.3441682,1.9630872,-32.707844,-36.06047,-44.81902,-12.74882,-32.707844,-36.06047,-44.81902,-12.74882,-1.0,-1.0,-1.0,-1.0,0.0,-0.4,-0.4,-0.4
4.716666666666667,21.501928,-10.936377,1.1814185,0.9685467,-0.00068506954,-0.0073030028,-0.24872358,-0.008304227,-0.148952,0.040915158,0.41355056,0.039510913,0.16016664,21.506334,-10.944656,0.38147378,-0.31555635,0.5930076,2.2294126,1.979488,112.37068,38.000637,205.48343,170.9955,112.37068,38.000637,205.48343,170.9955,1.0,1.0,1.0,1.0,33.524375915527344,0.4,0.4,0.4
4.733333333333333,21.50059,-10.938488,1.1800512,0.9692727,0.0009638941,-0.003939635,-0.24595518,-0.011512902,-0.15024953,-0.12220449,-0.012929026,0.57456166,0.40294695,21.504501,-10.947226,0.38010854,-0.28017548,0.62579435,2.122852,1.9672035,-13.486118,-48.565437,94.127556,11.091942,-13.486118,-48.565437,94.127556,11.091942,-1.0,-1.0,1.0,1.0,0.0,-0.4,0.4,0.4
4.75,21.499224,-10.94061,1.179839,0.96972644,-0.0013900064,-0.0017679384,-0.24418339,-0.0119913975,-0.15139179,0.023755306,-0.44502205,0.0534193,0.15934274,21.502651,-10.949747,0.37989855,-0.24547775,0.65441465,2.0818634,1.717218,127.08728,-7.2216687,-140.33014,-91.382935,127.08728,-7.2216687,-140.33014,-91.382935,1.0,-1.0,-1.0,-1.0,33.524375915527344,-0.4,-0.4,-0.4
4.766666666666667,21.497852,-10.942717,1.1820759,0.9696701,-0.0030479715,-0.0041955356,-0.24436203,-0.011021841,-0.15042447,0.17047302,-0.014277227,-0.4591443,-0.08341287,21.500772,-10.952209,0.38213748,-0.20914087,0.679893,2.180213,1.5287017,26.419605,181.30618,-28.263124,-51.992558,26.419605,181.30618,-28.263124,-51.992558,1.0,1.0,-1.0,-1.0,33.524375915527344,0.4,-0.4,-0.4
4.783333333333333,21.496477,-10.944803,1.182885,0.96987456,-0.0006437426,-0.0052476,-0.24354753,-0.013734134,-0.14914934,0.008093559,0.41989,0.08360118,0.15983216,21.498892,-10.954658,0.3829495,-0.17294066,0.70578134,2.1720126,1.5532993,-106.20418,32.866222,174.79881,180.3706,-106.20418,32.866222,174.79881,180.3706,-1.0,1.0,1.0,1.0,0.0,0.4,0.4,0.4
4.8,21.49505,-10.946878,1.1848562,0.9698427,0.0012110213,-0.001405024,-0.24372445,-0.017086662,-0.15009968,0.15560062,-0.0018235743,0.6406277,-0.08344964,21.497002,-10.957058,0.38492346,-0.1397458,0.72907406,1.9916911,1.3975631,21.623499,-52.890377,50.811817,-23.462038,21.623499,-52.890377,50.811817,-23.462038,1.0,-1.0,1.0,-1.0,33.524375915527344,-0.4,0.4,-0.4
4.816666666666666,21.49362,-10.948966,1.1853936,0.97004384,-0.0009563494,0.001144277,-0.24292497,-0.016815994,-0.15132059,-0.009108091,-0.43532893,0.09770249,0.15929662,21.495113,-10.959438,0.3854635,-0.106960826,0.75004447,1.9670985,1.2582241,-81.858536,-31.528645,-160.17787,33.56536,-81.858536,-31.528645,-160.17787,33.56536,-1.0,-1.0,-1.0,1.0,0.0,-0.4,-0.4,0.4
4.833333333333333,21.49221,-10.95105,1.187085,0.9699968,-0.0024436172,-0.0009477148,-0.24310349,-0.015048253,-0.15021275,0.13764454,-0.0045619104,-0.4149245,-0.08348782,21.493214,-10.961769,0.38715735,-0.07185361,0.76773626,2.106433,1.0615073,17.386805,157.66096,-76.39457,-75.688354,17.386805,157.66096,-76.39457,-75.688354,1.0,1.0,-1.0,-1.0,33.524375915527344,0.4,-0.4,-0.4
4.85,21.4908,-10.953116,1.1873494,0.9702002,0.00013268557,-0.0016601768,-0.24229874,-0.016690511,-0.14903927,-0.024727708,0.42957756,0.12766923,0.15978433,21.49131,-10.964084,0.38742504,-0.036473215,0.78549635,2.1228235,1.0656058,-116.71179,7.2572503,133.13043,159.4337,-116.71179,7.2572503,133.13043,159.4337,-1.0,1.0,1.0,1.0,0.0,0.4,0.4,0.4
4.866666666666666,21.489378,-10.955191,1.1887693,0.9701478,0.00047162935,-0.0039930195,-0.24248119,-0.015881771,-0.1500466,0.12245392,-0.00017991103,-0.39180705,-0.08351101,21.489405,-10.966342,0.38884714,-0.001912453,0.7986799,2.0736456,0.791012,24.956425,-57.043346,-59.12714,-42.233566,24.956425,-57.043346,-59.12714,-42.233566,1.0,-1.0,-1.0,-1.0,33.524375915527344,-0.4,-0.4,-0.4
4.883333333333333,21.487932,-10.957275,1.1887598,0.97034425,-0.0020986823,-0.003273936,-0.24169584,-0.018235125,-0.15105286,-0.041639518,-0.42613333,0.14257401,0.15917173,21.487494,-10.968583,0.38884002,0.03141887,0.80988246,1.9998792,0.67215437,-123.91831,-30.858763,174.38252,172.12006,-123.91831,-30.858763,174.38252,172.12006,-1.0,-1.0,1.0,1.0,0.0,-0.4,0.4,0.4
4.9,21.486467,-10.959326,1.1899134,0.9702997,-0.0017463351,0.0014923818,-0.24189483,-0.020687971,-0.14988129,0.105427034,0.01248556,0.70636404,-0.08384284,21.485592,-10.970768,0.38999572,0.06270115,0.8195141,1.8769367,0.57789797,29.211456,138.82985,9.852117,-51.904716,29.211456,138.82985,9.852117,-51.904716,1.0,1.0,1.0,-1.0,33.524375915527344,0.4,0.4,-0.4
4.916666666666667,21.485008,-10.961376,1.1896337,0.96974665,-0.0036733788,0.004540803,-0.2440436,-0.01850129,-0.1495671,-0.0592668,-0.42058414,0.16407232,-0.3270708,21.483698,-10.972933,0.38971826,0.09384684,0.82771116,1.8687414,0.49182412,-66.95224,-33.12188,-193.25198,-2.1982875,-66.95224,-33.12188,-193.25198,-2.1982875,-1.0,-1.0,-1.0,-1.0,0.0,-0.4,-0.4,-0.4
4.933333333333334,21.4836,-10.96341,1.1905081,0.9694558,-0.0049054525,0.002964229,-0.24519914,-0.015848428,-0.14742419,0.08752545,0.011184284,-0.3467248,-0.08361187,21.481804,-10.975043,0.39059475,0.12868087,0.83317584,2.0900414,0.32788035,96.79612,163.63591,-118.39167,153.61678,96.79612,163.63591,-118.39167,153.61678,1.0,1.0,-1.0,1.0,33.524375915527344,0.4,-0.4,0.4
4.95,21.482203,-10.965423,1.1899549,0.96966594,-0.002060967,0.0027660069,-0.2444093,-0.016362725,-0.14544657,-0.074837916,0.44530806,0.19578649,0.1596743,21.479908,-10.977134,0.39004415,0.16433458,0.8387772,2.1392224,0.33608076,-82.868645,8.280415,47.175022,136.38536,-82.868645,8.280415,47.175022,136.38536,-1.0,1.0,1.0,1.0,0.0,0.4,0.4,0.4
4.966666666666667,21.480839,-10.967436,1.1905574,0.9696242,-0.0014631839,0.000950964,-0.24459305,-0.014468587,-0.145442,0.072351575,0.015498579,-0.32369953,-0.08357054,21.478031,-10.979166,0.39064845,0.20108119,0.8401434,2.2047963,0.08197188,75.701904,-49.163586,-142.98,-60.433853,75.701904,-49.163586,-142.98,-60.433853,1.0,-1.0,-1.0,-1.0,33.524375915527344,-0.4,-0.4,-0.4
4.983333333333333,21.479467,-10.969456,1.1897303,0.9698166,-0.0037614878,0.0021948689,-0.24379657,-0.0152870715,-0.14520337,-0.09169466,-0.41046175,0.21065488,0.15908386,21.476156,-10.981179,0.3898232,0.23714484,0.83966523,2.1638193,-0.028688906,-69.70338,-28.44835,66.0928,144.82732,-69.70338,-28.44835,66.0928,144.82732,-1.0,-1.0,1.0,1.0,0.0,-0.4,0.4,0.4
5.0,21.47813,-10.971449,1.1900598,0.9697691,-0.0048221434,0.00096530805,-0.24397443,-0.013812843,-0.1429537,0.05510008,0.020257454,-0.30206138,-0.08375139,21.4743,-10.983134,0.3901544,0.27430144,0.83693284,2.2293956,-0.16394375,101.20888,131.92545,-127.68189,-91.801445,101.20888,131.92545,-127.68189,-91.801445,1.0,1.0,-1.0,-1.0,33.524375915527344,0.4,-0.4,-0.4
5.016666666666667,21.47679,-10.9734335,1.1889601,0.96995217,-0.007039587,0.0023760835,-0.243182,-0.014826816,-0.14157055,-0.10891503,-0.40573782,0.23229098,0.15889697,21.472446,-10.985071,0.38905677,0.31104833,0.8335174,2.2048132,-0.2049279,-28.272335,-9.931605,58.741035,134.12584,-28.272335,-9.931605,58.741035,134.12584,-1.0,-1.0,1.0,1.0,0.0,-0.4,0.4,0.4
5.033333333333333,21.475492,-10.975368,1.1890166,0.9699024,-0.008017228,0.0013104428,-0.2433582,-0.013624683,-0.13816303,0.037903,0.025007335,-0.28044528,-0.08395005,21.470617,-10.986953,0.38911554,0.34916145,0.82976043,2.2867868,-0.2254164,131.51302,159.93834,-132.26987,-101.81442,131.51302,159.93834,-132.26987,-101.81442,1.0,1.0,-1.0,-1.0,33.524375915527344,0.4,-0.4,-0.4
5.05,21.474224,-10.97721,1.1915283,0.9701193,-0.0048643732,0.0017538288,-0.24257334,-0.015439397,-0.13413048,0.1861734,0.46403924,0.28410715,0.1593429,21.468815,-10.988754,0.3916301,0.3874113,0.8268231,2.2949908,-0.176239,21.884472,19.145967,43.631073,118.68254,21.884472,19.145967,43.631073,118.68254,1.0,1.0,1.0,1.0,33.524375915527344,0.4,0.4,0.4
5.066666666666666,21.47297,-10.979048,1.1926063,0.9700787,-0.0039974255,0.0004886099,-0.24275714,-0.0142776,-0.13298668,0.022692481,0.029229604,-0.25748333,-0.083841346,21.46702,-10.990542,0.3927111,0.42607114,0.82327104,2.3195903,-0.21312474,-82.97345,-44.87213,-142.41275,-50.95836,-82.97345,-44.87213,-142.41275,-50.95836,-1.0,-1.0,-1.0,-1.0,0.0,-0.4,-0.4,-0.4
5.083333333333333,21.471697,-10.980893,1.190961,0.970263,-0.0060542542,0.0022380378,-0.24196708,-0.015201226,-0.13176157,-0.14126886,-0.39683837,0.27687037,0.15880272,21.465221,-10.992329,0.3910691,0.46377492,0.8190359,2.2622268,-0.25410888,-4.931987,-17.484615,52.45952,124.609886,-4.931987,-17.484615,52.45952,124.609886,-1.0,-1.0,1.0,1.0,0.0,-0.4,0.4,0.4
5.1,21.470472,-10.98269,1.1904718,0.9702138,-0.0068688304,0.0015138811,-0.24214813,-0.014022973,-0.12868658,0.0055670836,0.033917777,-0.23592329,-0.08405477,21.463465,-10.994058,0.39058352,0.5018887,0.814186,2.2868261,-0.2909946,154.98262,143.21977,-139.14618,-107.36008,154.98262,143.21977,-139.14618,-107.36008,1.0,1.0,-1.0,-1.0,33.524375915527344,0.4,-0.4,-0.4
5.116666666666666,21.469276,-10.984415,1.192438,0.970425,-0.0035550296,0.0023011358,-0.24136569,-0.015661113,-0.12522584,0.15378666,0.47289735,0.32848668,0.15924086,21.461754,-10.995714,0.39255333,0.5387733,0.8092677,2.213076,-0.2950966,62.268734,5.049806,22.899508,101.43577,62.268734,5.049806,22.899508,101.43577,1.0,1.0,1.0,1.0,33.524375915527344,0.4,0.4,0.4
5.133333333333333,21.468086,-10.986134,1.1929706,0.97038317,-0.0025252611,0.0013787772,-0.24155346,-0.014282208,-0.12453057,-0.0097090285,0.038077857,-0.21301897,-0.08390102,21.460045,-10.997351,0.3930899,0.57593125,0.8033932,2.229477,-0.35247084,-60.74629,-49.087616,-156.88232,-54.20733,-60.74629,-49.087616,-156.88232,-54.20733,-1.0,-1.0,-1.0,-1.0,0.0,-0.4,-0.4,-0.4
5.15,21.466902,-10.987842,1.194663,0.97056794,-0.0043588732,0.0035930283,-0.24076098,-0.01555839,-0.12493972,0.13703749,-0.38308987,0.3435503,0.15873879,21.458382,-10.998931,0.39478537,0.6102206,0.7942399,2.0573614,-0.5491983,52.74125,-27.993704,15.995915,100.09734,52.74125,-27.993704,15.995915,100.09734,1.0,-1.0,1.0,1.0,33.524375915527344,-0.4,0.4,0.4
5.166666666666667,21.465733,-10.989544,1.1949229,0.9705202,-0.00499194,0.0032519673,-0.2409461,-0.0138555905,-0.12246375,-0.0267753,0.04264513,-0.19152015,-0.084120646,21.45673,-11.000497,0.3950486,0.6447835,0.78447175,2.073773,-0.58608764,-95.25236,131.1768,-159.03442,-88.59535,-95.25236,131.1768,-159.03442,-88.59535,-1.0,1.0,-1.0,-1.0,0.0,0.4,-0.4,-0.4
5.183333333333334,21.464603,-10.991221,1.196336,0.97070664,-0.008412022,-0.0008847539,-0.24011877,-0.012055273,-0.12180549,0.1196419,-0.38585776,-0.71117055,0.15871806,21.455126,-11.002007,0.3964651,0.6788001,0.77244955,2.0409963,-0.7213318,68.7466,-15.707263,-30.523523,75.078,68.7466,-15.707263,-30.523523,75.078,1.0,-1.0,-1.0,1.0,33.524375915527344,-0.4,-0.4,0.4
5.2,21.463478,-10.992877,1.196321,0.971376,-0.009501566,-0.0032086477,-0.23733535,-0.014783195,-0.11849267,-0.043552987,0.050357148,-0.16965167,0.40184754,21.453535,-11.003497,0.39645347,0.7121339,0.7606322,2.0000265,-0.7090401,-128.61792,178.27864,194.86455,34.80562,-128.61792,178.27864,194.86455,34.80562,-1.0,1.0,1.0,1.0,0.0,0.4,0.4,0.4
5.216666666666667,21.462336,-10.994439,1.1974689,0.9718384,-0.0059338645,-0.001884559,-0.23556568,-0.018341973,-0.1145691,0.104627274,0.48910758,0.39528918,0.15880898,21.451994,-11.004938,0.39760473,0.74068636,0.7519571,1.7131482,-0.52050585,13.83636,21.278687,129.23186,-79.85032,13.83636,21.278687,129.23186,-79.85032,1.0,1.0,1.0,-1.0,33.524375915527344,0.4,0.4,-0.4
5.233333333333333,21.461197,-10.995988,1.1971833,0.97179925,-0.0046350714,-0.002290477,-0.23575303,-0.018470503,-0.11358071,-0.058873683,0.054318402,-0.14597772,-0.08425785,21.450472,-11.006363,0.39732233,0.7681461,0.7430771,1.6475843,-0.5328011,-47.80352,-53.292683,-90.24959,-50.855232,-47.80352,-53.292683,-90.24959,-50.855232,-1.0,-1.0,-1.0,-1.0,0.0,-0.4,-0.4,-0.4
5.25,21.460033,-10.997502,1.198057,0.9719811,-0.006222666,0.00042632117,-0.23497596,-0.021053446,-0.11334079,0.087922834,-0.36701414,0.41064185,0.15838386,21.449,-11.007734,0.3981986,0.79027796,0.73283094,1.3279115,-0.6147694,87.2858,-29.114355,131.40619,91.0951,87.2858,-29.114355,131.40619,91.0951,1.0,-1.0,1.0,1.0,33.524375915527344,-0.4,0.4,0.4
5.266666666666667,21.458885,-10.9990015,1.1974983,0.971932,-0.0065917973,0.0005927151,-0.23516884,-0.020457363,-0.110490166,-0.07586146,0.058810018,-0.1245411,-0.08448809,21.447556,-11.009091,0.3976423,0.8114536,0.72265315,1.2705373,-0.6106674,-55.83882,132.68973,-87.84334,-88.37812,-55.83882,132.68973,-87.84334,-88.37812,-1.0,1.0,-1.0,-1.0,0.0,0.4,-0.4,-0.4
5.283333333333333,21.457735,-11.000452,1.1980993,0.972102,-0.008100278,0.003474702,-0.23439276,-0.022132296,-0.10925945,0.07095137,-0.36253938,0.43206608,0.15815206,21.446157,-11.010398,0.39824507,0.8292139,0.7123388,1.0656201,-0.61886066,124.73202,-17.827957,103.54014,62.946884,124.73202,-17.827957,103.54014,62.946884,1.0,-1.0,1.0,1.0,33.524375915527344,-0.4,0.4,0.4
5.3,21.456606,-11.0018835,1.197268,0.97205114,-0.008392236,0.003805147,-0.2345882,-0.020675912,-0.105571456,-0.0928154,0.06328718,-0.10315113,-0.08472944,21.444782,-11.011689,0.39741546,0.8468377,0.7022977,1.0574268,-0.602467,-28.686098,152.6844,-116.30134,-102.71919,-28.686098,152.6844,-116.30134,-102.71919,-1.0,1.0,-1.0,-1.0,0.0,0.4,-0.4,-0.4
5.316666666666666,21.455513,-11.003262,1.1975957,0.9722078,-0.009821575,0.006851763,-0.23381299,-0.021299234,-0.10338263,0.05403885,-0.35808054,0.45344836,0.15791018,21.443466,-11.012934,0.39774513,0.8628221,0.69273466,0.9590649,-0.57378167,158.85594,-2.1708198,44.851852,28.661587,158.85594,-2.1708198,44.851852,28.661587,1.0,-1.0,1.0,1.0,33.524375915527344,-0.4,0.4,0.4
5.333333333333333,21.45445,-11.004606,1.1970353,0.9721541,-0.010027822,0.0073634987,-0.23401214,-0.018857036,-0.098875895,-0.066126615,0.068456784,-0.07869568,-0.08498196,21.44217,-11.014154,0.39718673,0.87962633,0.68385476,1.008253,-0.53279394,-0.7194841,171.04765,-154.71196,-118.54718,-0.7194841,171.04765,-154.71196,-118.54718,-0.7194841,1.0,-1.0,-1.0,4.702060222625732,0.4,-0.4,-0.4
5.35,21.453487,-11.005884,1.1978099,0.9716797,-0.0077750757,0.002824949,-0.23615676,-0.015817285,-0.09418312,0.081635796,0.49910313,-0.5914414,-0.32758644,21.440943,-11.01533,0.39796418,0.89847994,0.676546,1.1312162,-0.43852684,145.30496,17.458687,-55.407646,-1.030361,145.30496,17.458687,-55.407646,-1.030361,1.0,1.0,-1.0,-1.0,33.524375915527344,0.4,-0.4,-0.4
5.366666666666666,21.452532,-11.00714,1.1971555,0.9714057,-0.0067200116,0.00091377844,-0.23732848,-0.016434595,-0.09256707,-0.08131222,0.070398025,-0.058342326,-0.08507205,21.439734,-11.016485,0.39731258,0.9166505,0.66930544,1.090232,-0.434432,-18.208109,-37.188805,173.54852,257.60513,-18.208109,-37.188805,173.54852,257.60513,-1.0,-1.0,1.0,1.0,0.0,-0.4,0.4,0.4
5.383333333333333,21.451572,-11.008355,1.1976626,0.9715742,-0.0079967035,0.0043115094,-0.2365605,-0.01796816,-0.09125359,0.065598264,-0.35095564,0.49826208,0.15757461,21.438581,-11.0176,0.3978217,0.93044925,0.6621333,0.82792634,-0.43033,156.53564,-12.343294,85.5292,65.62331,156.53564,-12.343294,85.5292,65.62331,1.0,-1.0,1.0,1.0,33.524375915527344,-0.4,0.4,0.4
5.4,21.450686,-11.009496,1.2006197,0.9715191,-0.008001498,0.005282369,-0.2367668,-0.016471598,-0.08750754,0.2125097,0.079821356,-0.014866867,-0.0853419,21.43752,-11.018653,0.40078068,0.9430185,0.6558491,0.75415486,-0.3770506,1.1285764,154.29944,-131.10469,-98.07837,1.1285764,154.29944,-131.10469,-98.07837,1.0,1.0,-1.0,-1.0,33.524375915527344,0.4,-0.4,-0.4
5.416666666666667,21.449833,-11.010617,1.2021427,0.9717442,-0.0055804644,0.0011327314,-0.23596759,-0.01438555,-0.083632216,0.049504958,0.50670534,-0.5495059,0.1579824,21.436478,-11.019693,0.4023056,0.9565441,0.650043,0.81153625,-0.34836528,-107.896736,13.541829,-3.4172015,72.41607,-107.896736,13.541829,-3.4172015,72.41607,-1.0,1.0,-1.0,1.0,0.0,0.4,-0.4,0.4
5.433333333333334,21.448978,-11.01174,1.2009424,0.9717035,-0.004355658,-0.00043033547,-0.2361633,-0.015526204,-0.08270241,-0.11348374,0.08035911,-0.013785236,-0.0857142,21.435444,-11.020733,0.40110767,0.9693867,0.6441004,0.7705557,-0.35655496,-59.106613,-39.087402,216.91458,-7.4968166,-59.106613,-39.087402,216.91458,-7.4968166,-1.0,-1.0,1.0,-1.0,0.0,-0.4,0.4,-0.4
5.45,21.448105,-11.012832,1.2009039,0.97187823,-0.0054694787,0.0033053472,-0.23539694,-0.017093115,-0.082194656,0.03346309,-0.34105545,0.54282916,0.15693645,21.43447,-11.0217285,0.40106967,0.9766277,0.6372015,0.4344606,-0.41393635,152.02556,-26.873028,118.00626,68.437904,152.02556,-26.873028,118.00626,68.437904,1.0,-1.0,1.0,1.0,33.524375915527344,-0.4,0.4,0.4
5.466666666666667,21.447279,-11.013877,1.2033157,0.97182244,-0.005308186,0.0046174726,-0.2356087,-0.015757062,-0.07937229,0.18036853,0.089715004,0.029628184,-0.08600485,21.43358,-11.022667,0.40348127,0.9811363,0.6295512,0.27051684,-0.45901892,9.121323,119.59845,-113.149574,-89.738266,9.121323,119.59845,-113.149574,-89.738266,1.0,1.0,-1.0,-1.0,33.524375915527344,0.4,-0.4,-0.4
5.483333333333333,21.44646,-11.014912,1.2042987,0.971976,-0.006322205,0.008558856,-0.234839,-0.015823971,-0.0781599,0.016685024,-0.33673888,0.5640408,0.15664062,21.43272,-11.023592,0.40446383,0.984142,0.62169605,0.18034099,-0.471307,-105.47046,-18.409073,34.56965,75.73412,-105.47046,-18.409073,34.56965,75.73412,-1.0,-1.0,1.0,1.0,0.0,-0.4,0.4,0.4
5.5,21.445652,-11.015944,1.2025547,0.9719123,-0.0061495686,0.009906554,-0.23505382,-0.012276687,-0.07466629,-0.14703801,0.08899438,0.028646031,-0.08630906,21.431858,-11.024514,0.40271956,0.98796755,0.6138408,0.2295327,-0.47131416,-2.826384,126.25632,-170.59392,-106.43179,-2.826384,126.25632,-170.59392,-106.43179,-1.0,1.0,-1.0,-1.0,0.0,0.4,-0.4,-0.4
5.516666666666667,21.444939,-11.016954,1.2019633,0.9713954,-0.00876351,0.0074272817,-0.23718967,-0.008651674,-0.0724092,-0.0003779046,-0.34012026,-0.49050924,-0.32940522,21.43106,-11.025395,0.40212846,0.993979,0.60455126,0.36068556,-0.5573737,184.79703,-11.772729,-100.994415,-25.173872,184.79703,-11.772729,-100.994415,-25.173872,1.0,-1.0,-1.0,-1.0,33.524375915527344,-0.4,-0.4,-0.4
5.533333333333333,21.444315,-11.017893,1.2038258,0.9711078,-0.009003829,0.0069014817,-0.23837124,-0.007856772,-0.06830158,0.14714612,0.0972071,0.0744985,-0.08596279,21.430351,-11.026224,0.40399116,1.0001271,0.59669614,0.36888596,-0.471307,66.19539,193.3456,117.10201,226.57054,66.19539,193.3456,117.10201,226.57054,1.0,1.0,1.0,1.0,33.524375915527344,0.4,0.4,0.4
5.55,21.44373,-11.0188055,1.2042559,0.9713397,-0.0062698442,0.0034363363,-0.23758775,-0.0057366746,-0.064436026,-0.016028283,0.52415687,-0.46026978,0.15738972,21.429668,-11.02704,0.40442216,1.007095,0.58972895,0.4180741,-0.4180312,-79.93184,13.69925,-65.27046,62.301926,-79.93184,13.69925,-65.27046,62.301926,-1.0,1.0,-1.0,1.0,0.0,0.4,-0.4,0.4
5.566666666666666,21.443134,-11.019719,1.201963,0.97130036,-0.004731892,0.0025589801,-0.23779526,-0.006105094,-0.06336086,-0.17908582,0.09762475,0.0754717,-0.08628615,21.428986,-11.027854,0.40212968,1.0133797,0.58262515,0.3770828,-0.42622802,-3.939081,-35.601597,172.36565,-17.087717,-3.939081,-35.601597,172.36565,-17.087717,-1.0,-1.0,1.0,-1.0,0.0,-0.4,0.4,-0.4
5.583333333333333,21.442553,-11.020606,1.2008318,0.97146106,-0.005520283,0.0069851154,-0.23703201,-0.0060491804,-0.062257003,-0.031977233,-0.32379037,0.632048,0.15636393,21.428373,-11.028629,0.40099788,1.0155656,0.5746335,0.13115643,-0.47950026,214.41689,-23.400787,21.701897,29.756592,214.41689,-23.400787,21.701897,29.756592,1.0,-1.0,1.0,1.0,33.524375915527344,-0.4,0.4,0.4
5.6,21.442055,-11.021456,1.2021505,0.97139317,-0.0050427713,0.008984237,-0.23725337,-0.0033531082,-0.059062995,0.11499189,0.106885776,0.118705705,-0.086616196,21.427849,-11.029355,0.40231556,1.0174785,0.56575376,0.11476993,-0.5327832,84.35209,108.46562,-176.9024,-100.464264,84.35209,108.46562,-176.9024,-100.464264,1.0,1.0,-1.0,-1.0,33.524375915527344,0.4,-0.4,-0.4
5.616666666666666,21.441595,-11.0223055,1.2020334,0.9715897,-0.007368307,0.0070911925,-0.23645051,-0.00037904223,-0.057386056,-0.049000237,-0.32619628,-0.42300063,0.15624738,21.42735,-11.030063,0.40219787,1.0203476,0.55557626,0.17214774,-0.6106495,-33.17977,-17.856623,-114.84413,34.447212,-33.17977,-17.856623,-114.84413,34.447212,-1.0,-1.0,-1.0,1.0,0.0,-0.4,-0.4,0.4
5.633333333333333,21.4412,-11.023102,1.2030766,0.97153914,-0.007345102,0.0070796437,-0.23665915,0.00025203265,-0.05352586,0.09852245,0.11276583,0.14050864,-0.08649184,21.426922,-11.030734,0.40324062,1.0226703,0.5466283,0.13936041,-0.53687805,59.85238,158.01003,114.039474,-56.266697,59.85238,158.01003,114.039474,-56.266697,1.0,1.0,1.0,-1.0,33.524375915527344,0.4,0.4,-0.4
5.65,21.440826,-11.02389,1.2026862,0.97172624,-0.009580056,0.0053519425,-0.23585485,0.002398663,-0.051217545,-0.06545618,-0.3202789,-0.40117693,0.15637103,21.426514,-11.03139,0.40284958,1.0251294,0.5372023,0.14755009,-0.5655598,-23.105381,-5.8575697,-95.93069,41.37928,-23.105381,-5.8575697,-95.93069,41.37928,-1.0,-1.0,-1.0,1.0,0.0,-0.4,-0.4,0.4
5.666666666666667,21.440508,-11.024605,1.203456,0.9716755,-0.009465642,0.0055052666,-0.23606488,0.0022403004,-0.04673779,0.08207791,0.11862787,0.16229415,-0.086382076,21.42618,-11.032016,0.4036188,1.0262225,0.53078157,0.06558179,-0.38524386,65.30163,177.23488,137.16206,-52.57157,65.30163,177.23488,137.16206,-52.57157,1.0,1.0,1.0,-1.0,33.524375915527344,0.4,0.4,-0.4
5.683333333333334,21.44022,-11.0252905,1.2027936,0.97190124,-0.006377405,0.002714056,-0.23528652,0.0036882814,-0.04333491,-0.081279196,0.5457154,-0.37263188,0.15699849,21.425867,-11.032627,0.4029561,1.0279987,0.5254538,0.1065731,-0.31966564,-7.1493835,11.513767,-68.29111,47.227848,-7.1493835,11.513767,-68.29111,47.227848,-1.0,1.0,-1.0,1.0,0.0,0.4,-0.4,0.4
5.7,21.439949,-11.025935,1.2032907,0.9718603,-0.004429405,0.002635691,-0.23550123,0.0029086452,-0.04189812,0.06626703,0.12397755,0.18532448,-0.086643375,21.425625,-11.033202,0.403452,1.0259492,0.5204676,-0.12296676,-0.29917356,84.212585,-33.989845,160.30714,-33.542774,84.212585,-33.989845,160.30714,-33.542774,1.0,-1.0,1.0,-1.0,33.524375915527344,-0.4,0.4,-0.4
5.716666666666667,21.43971,-11.026554,1.2062372,0.97204196,-0.006422861,0.0013711506,-0.2347151,0.004643987,-0.04175264,0.21296723,-0.30394998,-0.33419335,0.15624268,21.425474,-11.033731,0.40639612,1.0196644,0.5140469,-0.37708995,-0.3852403,5.066696,-25.969904,-3.9758239,68.26023,5.066696,-25.969904,-3.9758239,68.26023,1.0,-1.0,-1.0,1.0,33.524375915527344,-0.4,-0.4,0.4
5.733333333333333,21.439476,-11.027154,1.2077558,0.9719916,-0.0061100274,0.0019080046,-0.23492831,0.0037102024,-0.038785357,0.049824495,0.12971304,0.20705135,-0.0865611,21.425344,-11.03425,0.4079122,1.01215,0.50824106,-0.45086142,-0.34835097,-152.84662,157.5136,195.83234,-10.984655,-152.84662,157.5136,195.83234,-10.984655,-1.0,1.0,1.0,-1.0,0.0,0.4,0.4,-0.4
5.75,21.439224,-11.027753,1.2065533,0.9721455,-0.006457728,0.0072089355,-0.23417817,0.004060162,-0.03713461,-0.113528155,-0.2968484,0.7414827,0.15610522,21.425217,-11.034767,0.40670666,1.0032694,0.5023669,-0.53283685,-0.3524494,-25.894924,-21.210354,41.52415,73.22267,-25.894924,-21.210354,41.52415,73.22267,-1.0,-1.0,1.0,1.0,0.0,-0.4,0.4,0.4
5.766666666666667,21.439054,-11.028313,1.2065067,0.9720697,-0.0055550006,0.01004234,-0.23441133,0.0071690357,-0.033601176,0.033518635,0.13383153,0.22795561,-0.08691001,21.425156,-11.035249,0.40665764,0.99548185,0.4967659,-0.4672551,-0.3360593,106.027794,101.81559,-185.32843,-102.269844,106.027794,101.81559,-185.32843,-102.269844,1.0,1.0,-1.0,-1.0,33.524375915527344,0.4,-0.4,-0.4
5.783333333333333,21.439013,-11.028848,1.2089063,0.97154427,-0.007411974,0.009088262,-0.23656756,0.011451895,-0.032047607,0.18027246,-0.29459503,-0.291283,-0.33001512,21.425188,-11.035686,0.40905488,0.99015355,0.48973054,-0.31969783,-0.42212245,17.007475,-13.665244,-141.37582,-1.4111887,17.007475,-13.665244,-141.37582,-1.4111887,1.0,-1.0,-1.0,-1.0,33.524375915527344,-0.4,-0.4,-0.4
5.8,21.43899,-11.0293665,1.2098778,0.9712455,-0.0069524115,0.00995545,-0.2377698,0.012909443,-0.028368853,0.01718168,0.1383005,0.2510664,-0.08660453,21.425236,-11.036112,0.4100245,0.9850985,0.483105,-0.30330417,-0.39753196,-102.38687,186.77344,38.87506,228.10089,-102.38687,186.77344,38.87506,228.10089,-1.0,1.0,1.0,1.0,0.0,0.4,0.4,0.4
5.816666666666666,21.438974,-11.029897,1.2081218,0.9714347,-0.0087594995,0.009073901,-0.23697129,0.015946468,-0.02575726,-0.14671397,-0.2946058,-0.29062966,0.15627748,21.42529,-11.036539,0.4082666,0.98017997,0.47572812,-0.2951109,-0.44261274,-4.2970552,-5.205742,-159.30655,10.7997675,-4.2970552,-5.205742,-159.30655,10.7997675,-1.0,-1.0,-1.0,1.0,0.0,-0.4,-0.4,0.4
5.833333333333333,21.43904,-11.030365,1.2075248,0.97137564,-0.008222311,0.010070438,-0.23719251,0.017305622,-0.021268144,0.00087531214,0.14401428,0.27266902,-0.086539105,21.425407,-11.036933,0.40766802,0.97635454,0.47040042,-0.22952555,-0.31966206,92.84468,162.38911,19.03774,-80.465034,92.84468,162.38911,19.03774,-80.465034,1.0,1.0,1.0,-1.0,33.524375915527344,0.4,0.4,-0.4
5.85,21.439241,-11.030768,1.2093778,0.9708761,-0.0046814997,0.008217915,-0.23939541,0.021153644,-0.016239831,0.14798959,0.575728,-0.24088135,-0.329069,21.425617,-11.037286,0.4095204,0.975808,0.4667803,-0.032790896,-0.21720706,39.887028,5.24479,-173.30536,-4.3419027,39.887028,5.24479,-173.30536,-4.3419027,1.0,1.0,-1.0,-1.0,33.524375915527344,0.4,-0.4,-0.4
5.866666666666666,21.439476,-11.03117,1.2097946,0.9706192,-0.0039681955,0.0024673212,-0.24057548,0.024102872,-0.014921604,-0.01599132,0.14087072,-0.7842678,-0.08641029,21.425844,-11.037626,0.409937,0.97635454,0.46240884,0.032790896,-0.26228783,-72.72899,-34.95277,-29.158155,220.85217,-72.72899,-34.95277,-29.158155,220.85217,-1.0,-1.0,-1.0,1.0,0.0,-0.4,-0.4,0.4
5.883333333333333,21.4397,-11.031581,1.2074882,0.9708075,-0.005874807,-0.00034054305,-0.23978779,0.022525962,-0.013791566,-0.17945014,-0.23476988,-0.24872981,0.15622301,21.426073,-11.037967,0.4076299,0.97594464,0.45735434,-0.024594067,-0.3032702,-41.509163,-0.880679,229.86188,177.02908,-41.509163,-0.880679,229.86188,177.02908,-1.0,-0.880679,1.0,1.0,0.0,-0.35227162,0.4,0.4
5.9,21.43992,-11.031934,1.2063447,0.9707595,-0.004765836,0.0008760949,-0.24000525,0.021023676,-0.011216641,-0.031869583,0.20370442,0.31469885,-0.08663387,21.426369,-11.038278,0.4064847,0.97061634,0.45434895,-0.31969783,-0.18032311,119.43402,110.960014,160.01779,-22.823395,119.43402,110.960014,160.01779,-22.823395,1.0,1.0,1.0,-1.0,33.524375915527344,0.4,0.4,-0.4
5.916666666666667,21.440165,-11.032249,1.2076511,0.9709455,-0.0058620987,0.00050638826,-0.23922853,0.021764422,-0.01074443,0.114930764,-0.2241221,-0.20495261,0.15622911,21.426758,-11.038551,0.40778816,0.9602329,0.45134354,-0.62300557,-0.1803249,74.17721,-26.304173,-67.41751,69.475266,74.17721,-26.304173,-67.41751,69.475266,1.0,-1.0,-1.0,1.0,33.524375915527344,-0.4,-0.4,0.4
5.933333333333334,21.440407,-11.032542,1.2075298,0.97161865,-0.0046419906,0.0019467714,-0.23649877,0.020688262,-0.008464105,-0.04814847,0.20958354,0.33610696,0.39928186,21.427168,-11.038811,0.40766388,0.9482102,0.44895294,-0.72136396,-0.14343558,-109.356674,130.54695,161.12875,6.1335177,-109.356674,130.54695,161.12875,6.1335177,-1.0,1.0,1.0,1.0,0.0,0.4,0.4,0.4
5.95,21.44067,-11.032811,1.2085633,0.97204024,-0.0056558913,0.0017498591,-0.23473947,0.021838006,-0.007732331,0.09866587,-0.22016189,-0.18251172,0.15586314,21.427637,-11.039039,0.4086939,0.933455,0.44601586,-0.8853113,-0.1762247,24.483923,-14.010319,-72.003876,-62.623188,24.483923,-14.010319,-72.003876,-62.623188,1.0,-1.0,-1.0,-1.0,33.524375915527344,-0.4,-0.4,-0.4
5.966666666666667,21.44094,-11.033061,1.2081692,0.9719883,-0.004370955,0.003351753,-0.23496439,0.021368753,-0.0051022912,-0.064408176,0.21303439,0.35858813,-0.08702081,21.428131,-11.039258,0.40829596,0.91747016,0.44383013,-0.95908993,-0.13114391,-105.949875,126.66734,152.3397,-23.171988,-105.949875,126.66734,152.3397,-23.171988,-1.0,1.0,1.0,-1.0,0.0,0.4,0.4,-0.4
5.983333333333333,21.44125,-11.033295,1.2089303,0.9721708,-0.005300591,0.0033134422,-0.23418945,0.022981329,-0.0044873413,0.08242051,-0.21465382,-0.16097909,0.15584956,21.428688,-11.039449,0.40905258,0.89970946,0.44075647,-1.0656415,-0.18441974,93.63307,-28.362152,-92.622375,23.473743,93.63307,-28.362152,-92.622375,23.473743,1.0,-1.0,-1.0,1.0,33.524375915527344,-0.4,-0.4,0.4
6.0,21.441563,-11.033508,1.2082635,0.9721151,-0.0039308476,0.0050798883,-0.23441622,0.023125626,-0.001885547,-0.080642976,0.2184765,0.38008198,-0.087033235,21.429264,-11.039627,0.40838155,0.8808559,0.4382292,-1.1312126,-0.15163599,-97.58834,120.72588,128.53006,-35.63581,-97.58834,120.72588,128.53006,-35.63581,-1.0,1.0,1.0,-1.0,0.0,0.4,0.4,-0.4
6.016666666666667,21.441925,-11.033713,1.2087517,0.9722974,-0.0047729467,0.005204265,-0.23364025,0.025380984,-0.0012496583,0.06620247,-0.20917173,-0.13949358,0.15584978,21.429897,-11.039777,0.4088653,0.8614559,0.43426758,-1.1639999,-0.23769735,106.95535,-28.711044,-119.89907,2.9175863,106.95535,-28.711044,-119.89907,2.9175863,1.0,-1.0,-1.0,1.0,33.524375915527344,-0.4,-0.4,0.4
6.033333333333333,21.442299,-11.033904,1.207812,0.9722363,-0.0033191335,0.0071347547,-0.2338686,0.02626745,0.0012911662,-0.096841395,0.2238919,0.4015285,-0.08703138,21.430552,-11.039919,0.40792093,0.84137297,0.4307841,-1.2049769,-0.20900844,-83.91394,112.21464,84.11169,-49.763714,-83.91394,112.21464,84.11169,-49.763714,-1.0,1.0,1.0,-1.0,0.0,0.4,0.4,-0.4
6.05,21.442747,-11.03409,1.2080271,0.9717055,-0.004098701,0.0074136783,-0.23604383,0.029347688,0.0023078057,0.05002617,-0.20393565,-0.11788435,-0.33014175,21.43127,-11.0400305,0.40813145,0.82197315,0.4254564,-1.1639892,-0.31966206,121.18335,-28.470776,-154.35133,-20.975037,121.18335,-28.470776,-154.35133,-20.975037,1.0,-1.0,-1.0,-1.0,33.524375915527344,-0.4,-0.4,-0.4
6.066666666666666,21.443207,-11.034266,1.2068148,0.9713975,-0.0025600137,0.009505139,-0.2372551,0.031028498,0.0046107136,-0.1129845,0.22946584,0.42377293,-0.08675585,21.432001,-11.040134,0.40691492,0.8025735,0.42026532,-1.1639785,-0.31146523,-11.71373,114.51949,7.48704,218.20963,-11.71373,114.51949,7.48704,218.20963,-1.0,1.0,1.0,1.0,0.0,0.4,0.4,0.4
6.083333333333333,21.443748,-11.034451,1.2067571,0.97085834,-0.0032547466,0.0099568125,-0.23942475,0.03499785,0.0056253984,0.03391454,-0.19833814,-0.095740385,-0.3298779,21.432787,-11.040207,0.40685314,0.7850865,0.41227376,-1.0492193,-0.4794931,134.06624,-26.815987,-197.92764,-31.909163,134.06624,-26.815987,-197.92764,-31.909163,1.0,-1.0,-1.0,-1.0,33.524375915527344,-0.4,-0.4,-0.4
6.1,21.44441,-11.034629,1.2091465,0.97059906,-0.0032120522,0.0058194255,-0.2406099,0.039771598,0.008440748,0.18058863,0.23311377,-0.6081918,-0.08636108,21.433643,-11.040241,0.40923873,0.7711516,0.40195996,-0.83609456,-0.6188285,16.02997,99.81222,-91.454605,201.73566,16.02997,99.81222,-91.454605,201.73566,1.0,1.0,-1.0,1.0,33.524375915527344,0.4,-0.4,0.4
6.116666666666666,21.445086,-11.034808,1.2101074,0.9707959,-0.004328872,0.004324521,-0.23982841,0.040557534,0.009037014,0.017179966,-0.1939333,-0.07308953,0.15623102,21.434513,-11.040268,0.410196,0.7572168,0.39103138,-0.8360874,-0.6557142,-124.51522,-13.673303,140.46306,159.4108,-124.51522,-13.673303,140.46306,159.4108,-1.0,-1.0,1.0,1.0,0.0,-0.4,0.4,0.4
6.133333333333333,21.445774,-11.034984,1.2083416,0.9707581,-0.0042557484,0.00023358183,-0.24002162,0.041310497,0.011251288,-0.14685756,0.23296177,-0.60816514,-0.08648393,21.435389,-11.040293,0.40842688,0.74382854,0.38023943,-0.8032965,-0.6475174,-67.00058,90.74465,-21.751171,-31.175055,-67.00058,90.74465,-21.751171,-31.175055,-1.0,1.0,-1.0,-1.0,0.0,0.4,-0.4,-0.4
6.15,21.446451,-11.035131,1.2077354,0.9709443,-0.0053134607,-0.0011344323,-0.23924394,0.03956927,0.011695704,0.0004052927,-0.18904579,-0.050945174,0.15611687,21.43631,-11.040297,0.40781644,0.7263418,0.36992562,-1.049205,-0.6188285,104.62299,-14.558614,221.8585,132.02211,104.62299,-14.558614,221.8585,132.02211,1.0,-1.0,1.0,1.0,33.524375915527344,-0.4,0.4,0.4
6.166666666666667,21.447119,-11.03525,1.2057039,0.9708966,-0.0035088663,0.0014646112,-0.23946851,0.038916714,0.013743326,-0.16256024,0.24384241,0.49010387,-0.08677084,21.43725,-11.040286,0.4057808,0.7068059,0.36070466,-1.1721538,-0.5532574,-32.311295,94.47592,122.35649,-7.9141083,-32.311295,94.47592,122.35649,-7.9141083,-1.0,1.0,1.0,-1.0,0.0,0.4,0.4,-0.4
6.183333333333334,21.447813,-11.035362,1.2048275,0.9710829,-0.0039278227,0.002431088,-0.23869736,0.040172473,0.014043914,-0.015632672,-0.18371353,-0.02958245,0.1561783,21.438242,-11.040259,0.40489992,0.6854941,0.35073242,-1.2787055,-0.5983346,167.10416,-32.41683,-133.92735,2.1715286,167.10416,-32.41683,-133.92735,2.1715286,1.0,-1.0,-1.0,1.0,33.524375915527344,-0.4,-0.4,0.4
6.2,21.448538,-11.035429,1.2064062,0.971022,-0.001976646,0.0053201644,-0.23892266,0.039173283,0.016547577,0.1320849,0.25419024,0.5334859,-0.086711705,21.439295,-11.040195,0.4064738,0.66199666,0.34137487,-1.4098476,-0.56145245,18.846378,78.63152,38.757504,-36.08696,18.846378,78.63152,38.757504,-36.08696,1.0,1.0,1.0,-1.0,33.524375915527344,0.4,0.4,-0.4
6.216666666666667,21.449276,-11.035497,1.2065518,0.9712045,-0.0022858125,0.0064893803,-0.23814788,0.041637,0.016761696,-0.031620633,-0.1783947,-0.008271428,0.15625037,21.440367,-11.040122,0.40661466,0.6380895,0.33126602,-1.434431,-0.60653144,-41.61614,-33.29887,-175.66502,20.647552,-41.61614,-33.29887,-175.66502,20.647552,-1.0,-1.0,-1.0,1.0,0.0,-0.4,-0.4,0.4
6.233333333333333,21.45008,-11.0355625,1.207851,0.9711715,-0.0018886128,0.003017865,-0.23835492,0.044817407,0.019004414,0.115023084,0.25356558,-0.5214269,-0.086479224,21.441477,-11.040029,0.40790996,0.61623156,0.31985942,-1.3114749,-0.68439597,16.621218,60.082127,-78.32343,-59.702152,16.621218,60.082127,-78.32343,-59.702152,1.0,1.0,-1.0,-1.0,33.524375915527344,0.4,-0.4,-0.4
6.25,21.450888,-11.035624,1.2077217,0.9713618,-0.0026665512,0.0021806262,-0.23758,0.044680186,0.019029614,-0.04833886,-0.17356856,0.01372162,0.1561252,21.442602,-11.039925,0.40777615,0.59341747,0.30804303,-1.3688456,-0.7089829,-88.94168,-25.517246,165.34378,144.87814,-88.94168,-25.517246,165.34378,144.87814,-1.0,-1.0,1.0,1.0,0.0,-0.4,0.4,0.4
6.266666666666667,21.451706,-11.03566,1.2087554,0.97129834,-0.0005519623,0.005402191,-0.2378023,0.043916896,0.02102271,0.09942458,0.2642044,0.57669127,-0.086768374,21.443766,-11.0398,0.40880552,0.5686909,0.29649985,-1.4835941,-0.692591,14.478344,56.394485,6.4305153,-43.229103,14.478344,56.394485,6.4305153,-43.229103,1.0,1.0,1.0,-1.0,33.524375915527344,0.4,0.4,-0.4
6.283333333333333,21.452538,-11.035704,1.2083558,0.9714785,-0.00069560664,0.006899702,-0.23702613,0.046640605,0.020808369,-0.064236425,-0.1682976,0.034969836,0.15620409,21.444942,-11.039671,0.4084018,0.54396445,0.28413704,-1.4835869,-0.7417684,-49.278484,-39.61693,-194.82536,4.615664,-49.278484,-39.61693,-194.82536,4.615664,-1.0,-1.0,-1.0,1.0,0.0,-0.4,-0.4,0.4
6.3,21.453438,-11.035755,1.2091101,0.97144353,-0.00012770077,0.003758785,-0.2372408,0.04989578,0.02247958,0.082396835,0.26365215,-0.47827703,-0.08653165,21.446154,-11.039522,0.40915224,0.52169704,0.26979345,-1.336044,-0.8606153,27.243793,35.769135,-114.85043,-69.13162,27.243793,35.769135,-114.85043,-69.13162,1.0,1.0,-1.0,-1.0,33.524375915527344,0.4,-0.4,-0.4
6.316666666666666,21.454342,-11.035814,1.2084355,0.9716336,-0.0007373411,0.0032490348,-0.23646763,0.050129514,0.022015795,-0.08094031,-0.16352053,0.056898735,0.15606527,21.447378,-11.03937,0.4084738,0.49874672,0.25463027,-1.3770192,-0.90979093,-87.55356,-34.795586,127.12778,126.81187,-87.55356,-34.795586,127.12778,126.81187,-1.0,-1.0,1.0,1.0,0.0,-0.4,0.4,0.4
6.333333333333333,21.45528,-11.035869,1.2089173,0.9715878,-8.52223e-05,0.00027669308,-0.23667902,0.052036908,0.023361767,0.06568178,0.26842296,-0.45637193,-0.08667273,21.448637,-11.039198,0.4089518,0.47579643,0.2384426,-1.3770174,-0.97126,38.16348,27.005875,-75.988716,-58.899376,38.16348,27.005875,-75.988716,-58.899376,1.0,1.0,-1.0,-1.0,33.524375915527344,0.4,-0.4,-0.4
6.35,21.456215,-11.035926,1.2079704,0.9717751,-0.0006157271,-6.588281e-05,-0.23590821,0.051183045,0.02262062,-0.09764386,-0.15876915,0.07881731,0.15591931,21.44991,-11.039021,0.40800127,0.45161682,0.22164018,-1.4507763,-1.0081449,-83.904976,-38.789764,169.35051,130.78232,-83.904976,-38.789764,169.35051,130.78232,-1.0,-1.0,1.0,1.0,0.0,-0.4,0.4,0.4
6.366666666666666,21.457159,-11.035977,1.2081802,0.97172165,0.00025730598,-0.002316911,-0.2361177,0.051744383,0.02361282,0.049094133,0.2736461,-0.34333697,-0.08683226,21.451216,-11.03883,0.4082076,0.42566133,0.20429139,-1.5573298,-1.0409276,57.434,17.027184,-0.83059746,-49.313976,57.434,17.027184,-0.83059746,-49.313976,1.0,1.0,-0.83059746,-1.0,33.524375915527344,0.4,-0.332239,-0.4
6.383333333333333,21.458088,-11.036027,1.2069615,0.9719094,-1.0003135e-05,-0.0017552673,-0.2353484,0.050293285,0.022568004,-0.11413598,-0.15352683,0.19181189,0.15575062,21.45253,-11.038632,0.40698504,0.39806664,0.1866011,-1.655681,-1.0614171,-69.7693,-44.539944,184.9387,120.561745,-69.7693,-44.539944,184.9387,120.561745,-1.0,-1.0,1.0,1.0,0.0,-0.4,0.4,0.4
6.4,21.458996,-11.03606,1.2069058,0.97185254,0.0026059782,0.0028740158,-0.23555808,0.04904499,0.023180334,0.03379836,0.2838403,0.7545511,-0.08715515,21.45387,-11.038418,0.4069259,0.36705688,0.16884252,-1.8605857,-1.0655146,86.45643,1.5407065,7.559391,-49.646023,86.45643,1.5407065,7.559391,-49.646023,1.0,1.0,1.0,-1.0,33.524375915527344,0.4,0.4,-0.4
6.416666666666667,21.45991,-11.036109,1.205417,0.97131014,0.0029565392,0.0057799392,-0.23772743,0.051707797,0.022314869,-0.12970598,-0.14797603,0.21298227,-0.33031902,21.45522,-11.038206,0.4054338,0.33591062,0.15019603,-1.8687754,-1.1187896,-12.020622,-57.82518,-207.94688,-25.673744,-12.020622,-57.82518,-207.94688,-25.673744,-1.0,-1.0,-1.0,-1.0,0.0,-0.4,-0.4,-0.4
6.433333333333334,21.46087,-11.0362,1.2050807,0.9710278,-0.0011874128,0.005289906,-0.23890486,0.054627683,0.0214099,0.017162202,-0.5748475,-0.30520123,-0.08736986,21.456594,-11.037976,0.40509427,0.30626714,0.12724653,-1.7786084,-1.37697,124.16483,-24.546726,-138.11752,135.47523,124.16483,-24.546726,-138.11752,135.47523,1.0,-1.0,-1.0,1.0,33.524375915527344,-0.4,-0.4,0.4
6.45,21.461836,-11.036292,1.2033166,0.9712073,-0.0030047526,0.006606711,-0.23812494,0.055606734,0.023299225,-0.14581442,-0.14165705,0.2361857,0.15599698,21.457968,-11.0377445,0.40332744,0.27703354,0.104023844,-1.7540162,-1.393361,-18.029747,204.68053,37.931854,102.406815,-18.029747,204.68053,37.931854,102.406815,-1.0,1.0,1.0,1.0,0.0,0.4,0.4,0.4
6.466666666666667,21.462875,-11.036368,1.2027088,0.9711664,-0.0018283824,0.0050396253,-0.23834209,0.058392294,0.025569443,0.0009435266,0.29006913,-0.27729848,-0.08675893,21.459366,-11.037506,0.4027175,0.25135177,0.08148418,-1.5409057,-1.3523796,129.23427,22.259039,-171.98228,-88.24136,129.23427,22.259039,-171.98228,-88.24136,1.0,1.0,-1.0,-1.0,33.524375915527344,0.4,-0.4,-0.4
6.483333333333333,21.463976,-11.03645,1.2045488,0.9713673,-0.0033979819,-0.0002923925,-0.23755807,0.06168519,0.02551547,0.14713985,-0.13751541,-0.79639703,0.15601584,21.460783,-11.037264,0.4045558,0.22867535,0.05826153,-1.3605853,-1.3933592,25.079975,-37.681187,-27.0701,71.151695,25.079975,-37.681187,-27.0701,71.151695,1.0,-1.0,-1.0,1.0,33.524375915527344,-0.4,-0.4,0.4
6.5,21.465082,-11.036519,1.2049611,0.97203165,-0.0026447296,-0.0038151057,-0.2348037,0.060483195,0.026765624,-0.016507564,0.29778144,-0.25502074,0.39911684,21.46221,-11.037018,0.40496644,0.20572574,0.035721894,-1.3769763,-1.352378,-133.10947,58.94391,227.18913,31.32051,-133.10947,58.94391,227.18913,31.32051,-1.0,1.0,1.0,1.0,0.0,0.4,0.4,0.4
6.516666666666667,21.466175,-11.036586,1.202652,0.9724569,-0.0025434345,-0.0025712522,-0.23305464,0.05877798,0.026598038,-0.17964402,-0.12904139,0.28163436,0.15543117,21.463636,-11.036772,0.40265623,0.18181995,0.013318869,-1.4343479,-1.3441814,-18.57353,-27.476753,144.5873,-58.29131,-18.57353,-27.476753,144.5873,-58.29131,-1.0,-1.0,1.0,-1.0,0.0,-0.4,0.4,-0.4
6.533333333333333,21.467257,-11.036625,1.2014995,0.97240525,-0.0011660738,-0.003789207,-0.23326425,0.058454532,0.027843816,-0.032868434,0.30276477,-0.23194242,-0.08732717,21.46507,-11.036526,0.40150264,0.15654814,-0.007103397,-1.5163081,-1.225336,158.56766,6.2996984,-71.24529,-75.68707,158.56766,6.2996984,-71.24529,-75.68707,1.0,1.0,-1.0,-1.0,33.524375915527344,0.4,-0.4,-0.4
6.55,21.468298,-11.036644,1.2028009,0.9725936,-0.0009205337,-0.0022549592,-0.23249875,0.055851832,0.026894433,0.114681296,-0.119415045,0.3252639,0.1552344,21.466524,-11.036283,0.4028029,0.12704162,-0.025886418,-1.7703911,-1.1269813,41.514828,-46.81049,150.89029,76.09126,41.514828,-46.81049,150.89029,76.09126,1.0,-1.0,1.0,1.0,33.524375915527344,-0.4,0.4,0.4
6.566666666666666,21.469337,-11.036658,1.2026699,0.97254014,6.1985577e-07,-0.0031345559,-0.2327138,0.055872053,0.0275787,-0.049163014,0.21597312,-0.21094367,-0.08757396,21.467981,-11.036038,0.40267146,0.09712534,-0.044396233,-1.7949771,-1.1105888,-56.18362,0.7877632,-61.501827,-54.202057,-56.18362,0.7877632,-61.501827,-54.202057,-1.0,0.7877632,-1.0,-1.0,0.0,0.3151053,-0.4,-0.4
6.583333333333333,21.470343,-11.03667,1.2036988,0.9727266,-0.00041646673,-0.0012623355,-0.23195061,0.05364437,0.026278704,0.09843487,-0.20616972,0.34631518,0.15503088,21.469444,-11.035798,0.4036998,0.0643404,-0.06242794,-1.9670962,-1.0819025,39.57344,-45.468723,154.15811,68.27041,39.57344,-45.468723,154.15811,68.27041,1.0,-1.0,1.0,1.0,33.524375915527344,-0.4,0.4,0.4
6.6,21.471352,-11.036675,1.2032954,0.9726735,0.00039840853,-0.0019330941,-0.2321687,0.054020412,0.027007068,-0.06536687,0.2205275,-0.18948217,-0.087734714,21.470913,-11.035558,0.4032965,0.03141887,-0.08004984,-1.9752915,-1.057314,-60.751797,29.482422,-69.5795,-59.663036,-60.751797,29.482422,-69.5795,-59.663036,-1.0,1.0,-1.0,-1.0,0.0,0.4,-0.4,-0.4
6.616666666666666,21.472332,-11.036684,1.204052,0.9728575,5.961485e-05,0.000103795544,-0.23140469,0.05230506,0.025713827,0.08223954,-0.2016363,0.3677707,0.15486239,21.472378,-11.035324,0.40405312,-0.0032784909,-0.09739854,-2.0818415,-1.0409219,44.05898,-47.209194,139.8068,52.019066,44.05898,-47.209194,139.8068,52.019066,1.0,-1.0,1.0,1.0,33.524375915527344,-0.4,0.4,0.4
6.633333333333333,21.473314,-11.03669,1.2033762,0.97280437,0.0009525898,-0.00040154808,-0.23162587,0.05316606,0.02635727,-0.08154369,0.2250573,-0.16806246,-0.08790874,21.47384,-11.03509,0.40337804,-0.03770265,-0.11454235,-2.0654495,-1.0286285,-59.301075,21.484602,-91.09676,-64.2725,-59.301075,21.484602,-91.09676,-64.2725,-1.0,1.0,-1.0,-1.0,0.0,0.4,-0.4,-0.4
6.6499999999999995,21.474281,-11.036706,1.2038605,0.9729849,0.000691918,0.0017999654,-0.23086034,0.052101888,0.025039341,0.06607628,-0.1971272,0.3891772,0.15468222,21.4753,-11.034867,0.4038635,-0.072946444,-0.13168617,-2.1146276,-1.0286288,53.719933,-49.363228,111.34724,33.904015,53.719933,-49.363228,111.34724,33.904015,1.0,-1.0,1.0,1.0,33.524375915527344,-0.4,0.4,0.4
6.666666666666667,21.475267,-11.036722,1.2029124,0.972931,0.0016621907,0.001460408,-0.2310847,0.053576343,0.025570804,-0.097687006,0.22955976,-0.14669105,-0.088096015,21.476768,-11.034644,0.40291682,-0.10750724,-0.14883,-2.0736475,-1.0286298,-55.358585,12.524003,-121.6956,-70.015114,-55.358585,12.524003,-121.6956,-70.015114,-1.0,1.0,-1.0,-1.0,0.0,0.4,-0.4,-0.4
6.683333333333334,21.476244,-11.036754,1.2031242,0.9731069,0.0014792474,0.0038252212,-0.23031741,0.053301007,0.024196463,0.04995516,-0.19264536,0.4105313,0.15449028,21.478218,-11.03443,0.40313,-0.14138506,-0.16645195,-2.0326695,-1.0573169,68.41892,-51.56278,61.39251,12.206834,68.41892,-51.56278,61.39251,12.206834,1.0,-1.0,1.0,1.0,33.524375915527344,-0.4,0.4,0.4
6.7,21.477238,-11.036793,1.2019037,0.97305137,0.0025264677,0.0036505652,-0.2305456,0.05551666,0.02458915,-0.11378403,0.2340311,-0.1253706,-0.08829663,21.479671,-11.034224,0.4019116,-0.17430669,-0.18400562,-1.9752975,-1.0532203,-48.62314,3.7438614,-162.48532,-77.871796,-48.62314,3.7438614,-162.48532,-77.871796,-1.0,1.0,-1.0,-1.0,0.0,0.4,-0.4,-0.4
6.716666666666667,21.47826,-11.036865,1.2018363,0.972537,0.0008229249,-0.00034651937,-0.23274665,0.057516977,0.02368385,0.0326113,-0.19446507,-0.64401305,-0.33125737,21.481108,-11.034029,0.4018467,-0.20394988,-0.20313026,-1.7785915,-1.1474785,81.644325,-52.70984,-34.76425,-13.249626,81.644325,-52.70984,-34.76425,-13.249626,1.0,-1.0,-1.0,-1.0,33.524375915527344,-0.4,-0.4,-0.4
6.733333333333333,21.479286,-11.036935,1.200341,0.972244,0.0014008918,-0.0025223147,-0.23395137,0.056000926,0.023829874,-0.13083874,0.23604524,-0.10256658,-0.08786129,21.482542,-11.033835,0.4003536,-0.2331833,-0.2219817,-1.7540046,-1.1310866,-53.05799,38.019535,199.4578,266.79575,-53.05799,38.019535,199.4578,266.79575,-1.0,1.0,1.0,1.0,0.0,0.4,0.4,0.4
6.75,21.480276,-11.037012,1.2000078,0.9724313,0.001360807,0.0001879857,-0.23318505,0.05454378,0.022286022,0.016845677,-0.18612722,0.45463654,0.1547316,21.483965,-11.033659,0.40002337,-0.26419264,-0.24015015,-1.8605607,-1.0901068,95.04965,-53.268326,94.93128,26.299356,95.04965,-53.268326,94.93128,26.299356,1.0,-1.0,1.0,1.0,33.524375915527344,-0.4,0.4,0.4
6.766666666666667,21.481262,-11.0371065,1.1982409,0.9723746,-0.0026864978,0.001574759,-0.23340489,0.05570623,0.022562474,-0.1467386,-0.61937404,-0.08654294,-0.08868081,21.485378,-11.033488,0.39825994,-0.29479226,-0.25913826,-1.8359773,-1.139286,-15.731314,-5.901827,-137.88611,-64.67898,-15.731314,-5.901827,-137.88611,-64.67898,-1.0,-1.0,-1.0,-1.0,0.0,-0.4,-0.4,-0.4
6.783333333333333,21.482262,-11.0371685,1.1976348,0.97253853,-0.004387008,0.0048632626,-0.23264982,0.055436872,0.0247476,0.0011864159,-0.18123569,0.47634014,0.15452665,21.486769,-11.033334,0.39765683,-0.32279646,-0.27464294,-1.6802518,-0.9302812,141.31497,226.40166,19.366436,16.034277,141.31497,226.40166,19.366436,16.034277,1.0,1.0,1.0,1.0,33.524375915527344,0.4,0.4,0.4
6.8,21.483335,-11.037188,1.1994798,0.9724853,-0.0030580352,0.0053218026,-0.23288317,0.057701223,0.027889546,0.14819022,0.25051722,-0.037727743,-0.08829644,21.48813,-11.033203,0.39950415,-0.34342396,-0.28536648,-1.2376498,-0.6434118,12.735996,61.477253,-205.53552,-94.631516,12.735996,61.477253,-205.53552,-94.631516,1.0,1.0,-1.0,-1.0,33.524375915527344,0.4,-0.4,-0.4
6.816666666666666,21.484436,-11.037215,1.1998892,0.9726777,-0.004512227,0.0018739282,-0.2321078,0.05992365,0.02839369,-0.016022302,-0.18173812,-0.57860255,0.15457217,21.489485,-11.033084,0.39991578,-0.36159262,-0.29588512,-1.0901194,-0.63111836,-86.32832,-26.249266,-130.70755,16.298977,-86.32832,-26.249266,-130.70755,16.298977,-1.0,-1.0,-1.0,1.0,0.0,-0.4,-0.4,0.4
6.833333333333333,21.48553,-11.0372305,1.1975763,0.9726313,-0.0036860055,0.00019420775,-0.23232476,0.058812205,0.030371547,-0.17943312,0.25133055,-0.037762076,-0.0882232,21.490833,-11.032962,0.39760548,-0.3797613,-0.30572072,-1.0901212,-0.590136,-46.828762,98.97064,131.88156,-51.84182,-46.828762,98.97064,131.88156,-51.84182,-1.0,1.0,1.0,-1.0,0.0,0.4,0.4,-0.4
6.85,21.486635,-11.037225,1.196419,0.972097,-0.0050776154,-0.0031376102,-0.234503,0.058707476,0.031445157,-0.032964256,-0.17684244,-0.5565244,-0.33127633,21.492157,-11.032864,0.39644995,-0.3954711,-0.3123461,-0.9425872,-0.39752302,155.12444,-26.83904,-59.565987,-15.385705,155.12444,-26.83904,-59.565987,-15.385705,1.0,-1.0,-1.0,-1.0,33.524375915527344,-0.4,-0.4,-0.4
6.866666666666666,21.487719,-11.037152,1.1977166,0.9718073,-0.0041207443,-0.0045230235,-0.2356972,0.05612788,0.03400104,0.11432733,0.25917664,0.006704226,-0.08795048,21.493446,-11.032796,0.3977492,-0.41022468,-0.3120046,-0.88521475,0.020490287,36.608757,118.46974,184.28893,266.0137,36.608757,118.46974,184.28893,266.0137,1.0,1.0,1.0,1.0,33.524375915527344,0.4,0.4,0.4
6.883333333333333,21.488785,-11.037066,1.1975873,0.9719995,-0.003818527,-0.0010949353,-0.23494896,0.0538771,0.03413403,-0.048554834,-0.16812113,0.5419666,0.1547432,21.494732,-11.032739,0.39762133,-0.42593452,-0.3099555,-0.9425908,0.1229453,-63.66218,-24.358315,57.39676,83.527374,-63.66218,-24.358315,57.39676,83.527374,-1.0,-1.0,1.0,1.0,0.0,-0.4,0.4,0.4
6.8999999999999995,21.489857,-11.036943,1.1986147,0.9719503,-0.0022537312,-0.00013410958,-0.23517536,0.05420108,0.036488328,0.09846294,0.2635127,0.027843967,-0.08810093,21.495981,-11.0327,0.3986493,-0.43863904,-0.30394483,-0.7622712,0.36064085,20.95545,78.4138,-171.14523,-82.89235,20.95545,78.4138,-171.14523,-82.89235,1.0,1.0,-1.0,-1.0,33.524375915527344,0.4,-0.4,-0.4
6.916666666666667,21.490952,-11.036819,1.1982064,0.9721275,-0.0034860917,-0.0030741794,-0.23440649,0.0544647,0.036375664,-0.065661006,-0.1686793,-0.51303375,0.15474743,21.497232,-11.032662,0.3982418,-0.4498409,-0.29772928,-0.67211145,0.37293252,-72.69101,-23.539938,-80.4224,55.590298,-72.69101,-23.539938,-80.4224,55.590298,-1.0,-1.0,-1.0,1.0,0.0,-0.4,-0.4,0.4
6.933333333333334,21.49204,-11.036689,1.195076,0.9720749,-0.0024297272,-0.0042498983,-0.23461963,0.051960167,0.037477046,-0.229021,0.26424813,0.027769774,-0.08807003,21.498482,-11.032629,0.39511228,-0.46131593,-0.29076242,-0.68850154,0.41801152,-20.742275,110.28361,182.72581,-26.24667,-20.742275,110.28361,182.72581,-26.24667,-1.0,1.0,1.0,-1.0,0.0,0.4,0.4,-0.4
6.95,21.493086,-11.036532,1.1931074,0.9722665,-0.0019855453,-0.0005365157,-0.23386638,0.05052204,0.037210047,-0.081238925,-0.157921,0.5850248,0.15465362,21.499697,-11.032617,0.39314422,-0.47347412,-0.2804487,-0.72949106,0.6188231,187.40883,-22.504295,22.109522,4.204833,187.40883,-22.504295,22.109522,4.204833,1.0,-1.0,1.0,1.0,33.524375915527344,-0.4,0.4,0.4
6.966666666666667,21.494139,-11.03635,1.19359,0.972214,-0.00025583344,0.0007549952,-0.23409265,0.05130166,0.038888924,0.065790646,0.27368936,0.07079915,-0.08819369,21.50087,-11.03263,0.3936273,-0.48208046,-0.26644665,-0.5163806,0.84012324,65.952545,70.483,-192.75693,-97.44976,65.952545,70.483,-192.75693,-97.44976,1.0,1.0,-1.0,-1.0,33.524375915527344,0.4,-0.4,-0.4
6.983333333333333,21.495197,-11.036177,1.1926371,0.97239476,-0.0013172174,-0.0018596877,-0.23333043,0.0518688,0.038229764,-0.0982869,-0.15842009,-0.47003502,0.15464765,21.502024,-11.032649,0.39267427,-0.48891088,-0.25264952,-0.4098254,0.827828,-31.205217,-23.684055,-124.5432,34.05417,-31.205217,-23.684055,-124.5432,34.05417,-1.0,-1.0,-1.0,1.0,0.0,-0.4,-0.4,0.4
7.0,21.496243,-11.035979,1.192845,0.97234166,-3.1463795e-05,-0.0025799295,-0.23354846,0.050095756,0.03952699,0.049049392,0.2795444,0.09260127,-0.08817967,21.503147,-11.032686,0.39288178,-0.49451184,-0.2358471,-0.3360575,1.0081449,56.683296,98.872635,138.56987,-51.373344,56.683296,98.872635,138.56987,-51.373344,1.0,1.0,1.0,-1.0,33.524375915527344,0.4,0.4,-0.4
7.016666666666667,21.497288,-11.035786,1.1916196,0.97251385,-0.0010035869,-0.0050298017,-0.23278812,0.04956863,0.038548023,-0.1149994,-0.15252434,-0.448214,0.15466002,21.504263,-11.032729,0.391656,-0.4995664,-0.2189081,-0.30327377,1.0163399,-21.573313,-26.306576,-83.99801,50.923874,-21.573313,-26.306576,-83.99801,50.923874,-1.0,-1.0,-1.0,1.0,0.0,-0.4,-0.4,0.4
7.033333333333333,21.498283,-11.035562,1.191555,0.9724601,0.000373356,-0.0055835033,-0.23300195,0.046738602,0.039415497,0.03235974,0.28536925,0.114397705,-0.0881709,21.505337,-11.032784,0.3915912,-0.50516737,-0.19889551,-0.3360575,1.2007551,71.015205,96.11784,179.82852,-42.127983,71.015205,96.11784,179.82852,-42.127983,1.0,1.0,1.0,-1.0,33.524375915527344,0.4,0.4,-0.4
7.05,21.499275,-11.03534,1.1900574,0.97262573,-0.0005098306,-0.00786872,-0.2322434,0.045247164,0.038085554,-0.1316467,-0.14665945,-0.426402,0.15467058,21.506407,-11.0328455,0.39009315,-0.51076835,-0.17867805,-0.3360593,1.2130477,-2.5285106,-29.038198,-5.094063,64.135284,-2.5285106,-29.038198,-5.094063,64.135284,-1.0,-1.0,-1.0,1.0,0.0,-0.4,-0.4,0.4
7.066666666666666,21.5002,-11.035093,1.1897198,0.97257215,0.0009573414,-0.008256585,-0.23245284,0.041502137,0.038484387,0.015741082,0.29116297,0.13618414,-0.08816634,21.50744,-11.032921,0.38975573,-0.51855505,-0.1555919,-0.46720144,1.3851687,91.41954,90.52743,223.71016,-36.25885,91.41954,90.52743,223.71016,-36.25885,1.0,1.0,1.0,-1.0,33.524375915527344,0.4,0.4,-0.4
7.083333333333333,21.501028,-11.03483,1.1918378,0.9727821,0.0018182899,-0.0037181186,-0.23168463,0.03702396,0.036539763,0.163498,-0.13108836,0.69348943,0.15463892,21.50843,-11.033008,0.39187407,-0.53016686,-0.13052502,-0.6967091,1.5040128,23.523014,-31.829796,79.320496,69.1074,23.523014,-31.829796,79.320496,69.1074,1.0,-1.0,1.0,1.0,33.524375915527344,-0.4,0.4,0.4
7.1,21.501848,-11.034565,1.1925237,0.9727306,0.003908309,-0.0017209662,-0.23189835,0.036849394,0.036486845,-0.00012967538,0.29526624,0.15720072,-0.08820206,21.509409,-11.033098,0.39256078,-0.54150546,-0.10504837,-0.68031543,1.5285989,-62.264854,64.415924,-153.35632,-76.683975,-62.264854,64.415924,-153.35632,-76.683975,-1.0,1.0,-1.0,-1.0,0.0,0.4,-0.4,-0.4
7.116666666666666,21.502651,-11.03434,1.1943629,0.97290736,0.003257176,-0.0035568879,-0.23114498,0.037965335,0.034055803,0.14658593,-0.13152237,-0.36170655,0.15465303,21.510345,-11.0331955,0.3944007,-0.5510681,-0.081962295,-0.5737602,1.3851646,7.0975137,-35.8676,-80.320786,28.57648,7.0975137,-35.8676,-80.320786,28.57648,1.0,-1.0,-1.0,1.0,33.524375915527344,-0.4,-0.4,0.4
7.133333333333333,21.503448,-11.034113,1.194774,0.97284925,0.0049063596,-0.0035728123,-0.23135985,0.03624522,0.033514194,-0.016663797,0.30095264,0.17887656,-0.08819479,21.511274,-11.033293,0.39481297,-0.5604943,-0.05873964,-0.56557053,1.3933592,-135.1523,66.081215,158.52538,-27.089588,-135.1523,66.081215,158.52538,-27.089588,-1.0,1.0,1.0,-1.0,0.0,0.4,0.4,-0.4
7.1499999999999995,21.504242,-11.033898,1.1924576,0.97302234,0.0042798677,-0.0053705615,-0.23060836,0.035680093,0.030896716,-0.18059665,-0.13095842,-0.36188692,0.15466475,21.512196,-11.033394,0.39249724,-0.5696472,-0.036131706,-0.5491733,1.356476,-12.284928,-43.509785,-56.7319,35.27132,-12.284928,-43.509785,-56.7319,35.27132,-1.0,-1.0,-1.0,1.0,0.0,-0.4,-0.4,0.4
7.166666666666667,21.504992,-11.033699,1.191302,0.9729639,0.0059961844,-0.005262251,-0.2308192,0.0333411,0.029644383,-0.033159688,0.30664325,0.20054615,-0.088180535,21.513088,-11.033495,0.39134315,-0.579893,-0.014616605,-0.61474794,1.290906,106.966896,41.779007,191.29118,-59.364338,106.966896,41.779007,191.29118,-59.364338,1.0,1.0,1.0,-1.0,33.524375915527344,0.4,0.4,-0.4
7.183333333333334,21.505667,-11.033554,1.1925955,0.9731355,0.005520253,-0.0067711184,-0.23006748,0.0332589,0.026215145,0.113604434,-0.120085016,-0.31834266,0.15469669,21.513922,-11.033597,0.39263815,-0.5912317,0.0030735852,-0.6803226,1.0614113,33.13586,-49.791634,-14.333628,30.443758,33.13586,-49.791634,-14.333628,30.443758,1.0,-1.0,-1.0,1.0,33.524375915527344,-0.4,-0.4,0.4
7.2,21.506327,-11.033412,1.1924609,0.9730767,0.007344606,-0.0064550745,-0.23027363,0.030748665,0.024594346,-0.04958561,0.3122513,0.22217989,-0.08816402,21.514748,-11.033699,0.3925055,-0.60311687,0.02055887,-0.7131099,1.049117,-111.75527,18.822104,199.91487,-23.157602,-111.75527,18.822104,199.91487,-23.157602,-1.0,1.0,1.0,-1.0,0.0,0.4,0.4,-0.4
7.216666666666667,21.506907,-11.033319,1.1934875,0.97327816,0.008532556,-0.0012625351,-0.22946727,0.02800459,0.020616313,0.09812524,-0.11008624,0.77944845,0.15465768,21.515526,-11.033797,0.39353403,-0.6173245,0.03421925,-0.85245603,0.8196228,25.193233,-59.30489,17.858334,27.456184,25.193233,-59.30489,17.858334,27.456184,1.0,-1.0,1.0,1.0,33.524375915527344,-0.4,0.4,0.4
7.233333333333333,21.507471,-11.0332575,1.1930803,0.97324914,0.0057153953,0.0026016047,-0.22966635,0.02953455,0.017714594,-0.06535571,-0.5434576,0.2384429,-0.08886422,21.516293,-11.033895,0.39312926,-0.6318053,0.045625668,-0.8688497,0.68438506,-57.039555,-22.576357,-198.63889,-75.435234,-57.039555,-22.576357,-198.63889,-75.435234,-1.0,-1.0,-1.0,-1.0,0.0,-0.4,-0.4,-0.4
7.25,21.508066,-11.033241,1.193827,0.9727397,0.0036547494,0.001843198,-0.23186329,0.031987127,0.017097408,0.0816104,-0.11046128,-0.27477595,-0.33153144,21.517014,-11.033986,0.39387769,-0.6408217,0.053343784,-0.5409836,0.46308693,40.075768,171.37396,-136.58084,-14.925239,40.075768,171.37396,-136.58084,-14.925239,1.0,1.0,-1.0,-1.0,33.524375915527344,0.4,-0.4,-0.4
7.266666666666667,21.508663,-11.033228,1.1931467,0.97244066,0.005632945,0.0024948341,-0.23306902,0.032097194,0.016441807,-0.081548646,0.3212194,0.26580483,-0.08820841,21.51772,-11.03408,0.3931985,-0.6486086,0.060993604,-0.46721575,0.4589892,-81.415985,29.078047,8.182133,236.02469,-81.415985,29.078047,8.182133,236.02469,-1.0,1.0,1.0,1.0,0.0,0.4,0.4,0.4
7.283333333333333,21.509275,-11.033272,1.1936215,0.9719149,0.0053935954,0.0015061114,-0.23526584,0.034507055,0.014200094,0.065237716,-0.105954826,-0.25327903,-0.3313036,21.518381,-11.034166,0.39367408,-0.6521606,0.064067185,-0.21311758,0.18441482,45.270275,-46.027195,-186.95499,-25.52178,45.270275,-46.027195,-186.95499,-25.52178,1.0,-1.0,-1.0,-1.0,33.524375915527344,-0.4,-0.4,-0.4
7.3,21.509907,-11.033338,1.1926616,0.9716111,0.005003877,-0.004013419,-0.23649646,0.035120957,0.012856228,-0.09887011,0.18329126,-0.7895364,-0.08787811,21.519032,-11.034251,0.3927142,-0.6535267,0.06543323,-0.0819683,0.08196249,-85.48329,0.6811737,-44.453503,242.54295,-85.48329,0.6811737,-44.453503,242.54295,-1.0,0.6811737,-1.0,1.0,0.0,0.2724695,-0.4,0.4
7.316666666666666,21.510483,-11.033438,1.1928611,0.9717835,0.0031845893,-0.0067569125,-0.23575597,0.033012096,0.0099482015,0.048325785,-0.23937002,-0.2315406,0.1546869,21.519636,-11.034334,0.3929142,-0.6555759,0.06420379,-0.12294888,-0.073766105,14.80793,-35.985493,217.90465,137.63931,14.80793,-35.985493,217.90465,137.63931,1.0,-1.0,1.0,1.0,33.524375915527344,-0.4,0.4,0.4
7.333333333333333,21.51103,-11.033531,1.1916345,0.97173584,0.004214314,-0.0055169524,-0.23596835,0.030606426,0.009066161,-0.11475677,0.19287817,0.30879363,-0.088154286,21.520227,-11.034414,0.39168796,-0.658718,0.06324757,-0.18852709,-0.05737334,-92.3339,51.28686,131.32695,-3.2450867,-92.3339,51.28686,131.32695,-3.2450867,-1.0,1.0,1.0,-1.0,0.0,0.4,0.4,-0.4
7.35,21.511543,-11.033653,1.191563,0.97192055,0.0030239902,-0.0059225233,-0.23521534,0.030125074,0.0063334377,0.032072946,-0.23368083,-0.21017566,0.15472443,21.520784,-11.034487,0.391617,-0.66186005,0.059695866,-0.18852352,-0.21310216,77.97141,-48.941753,-101.37272,23.32866,77.97141,-48.941753,-101.37272,23.32866,1.0,-1.0,-1.0,1.0,33.524375915527344,-0.4,-0.4,0.4
7.366666666666666,21.512024,-11.033778,1.1900637,0.9718725,0.0041405982,-0.0045200875,-0.23542787,0.028066605,0.005530968,-0.13100629,0.1984989,0.33012277,-0.08813026,21.521313,-11.034561,0.3901179,-0.6652754,0.05607586,-0.20492075,-0.21720035,-71.98054,43.951874,116.4357,-15.273278,-71.98054,43.951874,116.4357,-15.273278,-1.0,1.0,1.0,-1.0,0.0,0.4,0.4,-0.4
7.383333333333333,21.512468,-11.033933,1.1897198,0.97205806,0.0030387165,-0.0047649858,-0.2346724,0.027918242,0.002941904,0.015825257,-0.22801784,-0.18886068,0.15474647,21.5218,-11.034629,0.38977456,-0.6682809,0.049860388,-0.18033026,-0.3729283,100.81264,-48.581703,-118.47408,2.3340826,100.81264,-48.581703,-118.47408,2.3340826,1.0,-1.0,-1.0,1.0,33.524375915527344,-0.4,-0.4,0.4
7.3999999999999995,21.512901,-11.034088,1.1879478,0.97200865,0.0042412826,-0.0032005107,-0.2348849,0.026334584,0.0021852322,-0.14724952,0.20409183,0.35140118,-0.0881171,21.522274,-11.034698,0.38800287,-0.67128634,0.043644913,-0.18032669,-0.3729285,-43.986797,35.432285,86.6307,-28.982107,-43.986797,35.432285,86.6307,-28.982107,-1.0,1.0,1.0,-1.0,0.0,0.4,0.4,-0.4
7.416666666666667,21.513304,-11.034279,1.1873312,0.97147954,0.0032337925,-0.0032688365,-0.23707879,0.026713105,8.268375e-05,-0.00041640626,-0.22274007,-0.16740456,-0.3312583,21.522701,-11.034762,0.3873867,-0.6730623,0.03462906,-0.10655879,-0.540951,124.70108,-47.65268,-141.89554,-21.115839,124.70108,-47.65268,-141.89554,-21.115839,1.0,-1.0,-1.0,-1.0,33.524375915527344,-0.4,-0.4,-0.4
7.433333333333334,21.513666,-11.034491,1.1891699,0.9711866,0.004593446,-0.0014102984,-0.23827167,0.024613798,-0.00032457022,0.14718442,0.21461459,0.3954419,-0.08785252,21.52307,-11.034824,0.38922516,-0.67347217,0.023905663,-0.02459049,-0.6434039,23.77463,36.937313,38.83352,248.56424,23.77463,36.937313,38.83352,248.56424,1.0,1.0,1.0,1.0,33.524375915527344,0.4,0.4,0.4
7.45,21.51402,-11.034718,1.1895751,0.9713774,0.0036895673,-0.0012812419,-0.23750922,0.02535046,-0.0027005156,-0.016638657,-0.21703894,-0.14546455,0.15504254,21.52342,-11.0348835,0.38963035,-0.67319894,0.011884529,0.01639366,-0.721268,-76.95052,-50.042374,-176.86862,23.031496,-76.95052,-50.042374,-176.86862,23.031496,-1.0,-1.0,-1.0,1.0,0.0,-0.4,-0.4,0.4
7.466666666666667,21.514395,-11.0349455,1.1872517,0.9713048,0.0034473883,-0.0059173554,-0.23773932,0.024471663,-0.0034810835,-0.18054712,0.21069853,-0.68146664,-0.08764927,21.523775,-11.034944,0.38730657,-0.67183286,-0.00013660379,0.081964724,-0.72126794,-13.67696,17.514166,-58.63143,-44.50845,-13.67696,17.514166,-58.63143,-44.50845,-1.0,1.0,-1.0,-1.0,0.0,0.4,-0.4,-0.4
7.483333333333333,21.514694,-11.035192,1.1860878,0.9714781,0.002059638,-0.007836977,-0.2369905,0.021249952,-0.0058490853,-0.033274684,-0.21196784,-0.12347975,0.15492153,21.524075,-11.0350065,0.38614312,-0.67183286,-0.013250567,0.0,-0.78683776,125.82469,-40.715427,213.4246,96.057625,125.82469,-40.715427,213.4246,96.057625,1.0,-1.0,1.0,1.0,33.524375915527344,-0.4,0.4,0.4
7.5,21.51491,-11.035429,1.1873807,0.9714383,0.0035877838,-0.0056531015,-0.23719788,0.017646223,-0.0061130007,0.11433536,0.22516465,0.43860763,-0.0879521,21.524323,-11.0350685,0.38743612,-0.67415524,-0.025818117,-0.13934253,-0.75405294,39.3526,20.196003,114.32031,-24.58092,39.3526,20.196003,114.32031,-24.58092,1.0,1.0,1.0,-1.0,33.524375915527344,0.4,0.4,-0.4
7.516666666666667,21.515104,-11.035679,1.18724,0.9716285,0.002851964,-0.0051958896,-0.23643793,0.016976308,-0.008434341,-0.049476486,-0.20641214,-0.10228335,0.15496166,21.524553,-11.035132,0.38729626,-0.6767509,-0.039136987,-0.15573977,-0.79913217,-49.01681,-57.40534,-117.40969,32.661068,-49.01681,-57.40534,-117.40969,32.661068,-1.0,-1.0,-1.0,1.0,0.0,-0.4,-0.4,0.4
7.533333333333333,21.515251,-11.035929,1.1882602,0.97158176,0.004464507,-0.002850416,-0.23664483,0.014423111,-0.008773789,0.09811861,0.2306554,0.45974702,-0.087915406,21.524736,-11.035197,0.38831702,-0.6793465,-0.052387558,-0.1557362,-0.79503417,45.77749,9.653148,73.08494,-42.059322,45.77749,9.653148,73.08494,-42.059322,1.0,1.0,1.0,-1.0,33.524375915527344,0.4,0.4,-0.4
7.55,21.515392,-11.036193,1.1878469,0.97177184,0.0038174922,-0.002233593,-0.23588096,0.014738297,-0.011131849,-0.06569803,-0.20088041,-0.081133865,0.15500519,21.524908,-11.035262,0.3879043,-0.6815323,-0.06666266,-0.13114928,-0.85650617,-52.65399,-58.58661,-155.9483,9.656408,-52.65399,-58.58661,-155.9483,9.656408,-1.0,-1.0,-1.0,1.0,0.0,-0.4,-0.4,0.4
7.566666666666666,21.515512,-11.036495,1.1885864,0.9717093,-0.0013242684,-0.00501763,-0.23612262,0.015464948,-0.013254341,0.08093098,-0.62759703,-0.5998136,-0.08811312,21.525028,-11.035335,0.38864395,-0.6815323,-0.08312343,0.0,-0.98764604,53.362797,-1.556539,-18.346798,-59.86102,53.362797,-1.556539,-18.346798,-59.86102,1.0,-1.0,-1.0,-1.0,33.524375915527344,-0.4,-0.4,-0.4
7.583333333333333,21.515621,-11.036792,1.187898,0.97187954,-0.0041675693,-0.0059881317,-0.23536554,0.012593694,-0.012247301,-0.08233968,-0.19535461,-0.058831263,0.15553701,21.525135,-11.035407,0.3879558,-0.68139577,-0.099174395,0.008193254,-0.9630578,-68.823074,226.35011,179.13145,156.3234,-68.823074,226.35011,179.13145,156.3234,-1.0,1.0,1.0,1.0,0.0,0.4,0.4,0.4
7.6,21.515686,-11.037028,1.1883729,0.97184473,-0.0023834591,-0.0033123337,-0.23558654,0.00936121,-0.010289495,0.06524957,0.24161178,0.5031321,-0.087346405,21.525194,-11.035487,0.388431,-0.68098587,-0.110375926,0.024594067,-0.6720918,75.914925,68.10387,83.24753,-54.881626,75.914925,68.10387,83.24753,-54.881626,1.0,1.0,1.0,-1.0,33.524375915527344,0.4,0.4,-0.4
7.616666666666666,21.515743,-11.037258,1.1874143,0.9720314,-0.0028573056,-0.002361488,-0.23482148,0.009101691,-0.010464989,-0.09856703,-0.18983777,-0.03772558,0.15558648,21.52524,-11.035569,0.38747263,-0.6801662,-0.12096275,0.04918098,-0.6352092,-23.134119,-39.931664,-153.18079,3.954686,-23.134119,-39.931664,-153.18079,3.954686,-1.0,-1.0,-1.0,1.0,0.0,-0.4,-0.4,0.4
7.633333333333333,21.515808,-11.037461,1.1876103,0.971968,-0.0025925455,-0.0060560843,-0.23502076,0.008979782,-0.008697634,0.048367,0.24307278,-0.5521251,-0.087146,21.525242,-11.035662,0.38766804,-0.6756579,-0.12888578,0.27049538,-0.47538173,89.281876,65.02692,-13.075033,-74.91616,89.281876,65.02692,-13.075033,-74.91616,1.0,1.0,-1.0,-1.0,33.524375915527344,0.4,-0.4,-0.4
7.6499999999999995,21.515848,-11.037656,1.1863773,0.97214276,-0.0035233623,-0.007115811,-0.23425473,0.005669615,-0.00899078,-0.11494672,-0.18483718,-0.015921982,0.15542419,21.525223,-11.035756,0.38643473,-0.67142296,-0.1360575,0.25409815,-0.4303032,-55.001823,-30.780558,210.63315,130.80215,-55.001823,-30.780558,210.63315,130.80215,-1.0,-1.0,1.0,1.0,0.0,-0.4,0.4,0.4
7.666666666666667,21.515837,-11.037797,1.1863067,0.9721123,-0.0015740854,-0.0041108173,-0.2344742,0.0023281246,-0.0074238316,0.032600112,0.25198516,0.5459512,-0.08745909,21.525162,-11.03586,0.38636342,-0.667871,-0.13872127,0.21311758,-0.15982656,106.3484,71.65628,99.508194,-61.54228,106.3484,71.65628,99.508194,-61.54228,1.0,1.0,1.0,-1.0,33.524375915527344,0.4,0.4,-0.4
7.683333333333334,21.515795,-11.037913,1.1886857,0.97158676,-0.0018077918,-0.0027119727,-0.23666127,0.0017189734,-0.007935744,0.17944214,-0.17414159,0.027042326,-0.330598,21.525042,-11.035976,0.38874155,-0.6622699,-0.13872127,0.33606645,0.0,8.03216,-39.434807,-147.01639,-1.2826995,8.03216,-39.434807,-147.01639,-1.2826995,1.0,-1.0,-1.0,-1.0,33.524375915527344,-0.4,-0.4,-0.4
7.7,21.51576,-11.038027,1.1896306,0.9712826,-0.0013564338,-0.0060376655,-0.23784806,0.0016602548,-0.0069583897,0.015760893,0.25360814,-0.50877166,-0.08711151,21.524908,-11.036096,0.3896854,-0.65516603,-0.13831146,0.4262316,0.024588702,-86.20443,98.08587,-12.358709,231.67992,-86.20443,98.08587,-12.358709,231.67992,-1.0,1.0,-1.0,1.0,0.0,0.4,-0.4,0.4
7.716666666666667,21.515713,-11.038146,1.1878521,0.9714633,-0.0021190264,-0.0067661908,-0.23708351,-0.0015222402,-0.0076211053,-0.14753449,-0.17427625,0.027413212,0.15546435,21.524769,-11.036218,0.38790601,-0.6486086,-0.13810655,0.39344427,0.012294351,-58.891888,-30.451622,210.34433,143.03363,-58.891888,-30.451622,210.34433,143.03363,-1.0,-1.0,1.0,1.0,0.0,-0.4,0.4,0.4
7.733333333333333,21.515614,-11.03822,1.1872362,0.9714308,9.470624e-06,-0.0034358387,-0.23729809,-0.004353059,-0.0066134767,-4.1755735e-05,0.26245305,0.58927214,-0.08741805,21.524591,-11.0363455,0.38728893,-0.6430075,-0.13428164,0.33606645,0.22949515,111.33756,64.403854,88.90359,-53.37855,111.33756,64.403854,88.90359,-53.37855,1.0,1.0,1.0,-1.0,33.524375915527344,0.4,0.4,-0.4
7.75,21.515476,-11.038295,1.1890705,0.9716226,-5.866868e-05,-0.00170531,-0.23653045,-0.0046708053,-0.0077947504,0.14677946,-0.16367848,0.07018682,0.15556458,21.52435,-11.0364895,0.3891219,-0.6354938,-0.12929559,0.4508221,0.29916283,20.678518,-40.06921,-159.11028,4.0438013,20.678518,-40.06921,-159.11028,4.0438013,1.0,-1.0,-1.0,1.0,33.524375915527344,-0.4,-0.4,0.4
7.766666666666667,21.515358,-11.03837,1.18947,0.9715612,0.00055838586,-0.004702908,-0.23674113,-0.004421646,-0.0071626566,-0.016869267,0.2638762,-0.46615592,-0.087185584,21.524101,-11.036636,0.3895198,-0.62620425,-0.12417293,0.5573737,0.30735922,-107.37594,70.11261,-58.06932,-54.0815,-107.37594,70.11261,-58.06932,-54.0815,-1.0,1.0,-1.0,-1.0,0.0,0.4,-0.4,-0.4
7.783333333333333,21.515224,-11.0384445,1.1871464,0.97174513,-3.5160912e-05,-0.005108362,-0.23597716,-0.006963123,-0.00831364,-0.18016472,-0.16405039,0.07006745,0.1554019,21.523848,-11.036781,0.3871948,-0.61759764,-0.11911858,0.5163967,0.30326125,-39.95732,-34.643368,187.65034,128.0228,-39.95732,-34.643368,187.65034,128.0228,-1.0,-1.0,1.0,1.0,0.0,-0.4,0.4,0.4
7.8,21.515043,-11.038504,1.1859854,0.9717042,0.0022543862,-0.0014505935,-0.23618592,-0.008725812,-0.0079958355,-0.032715444,0.2725324,0.6318256,-0.08747895,21.52355,-11.036939,0.38603234,-0.6092644,-0.11208347,0.49999592,0.42210636,140.19542,48.612152,38.53467,-69.93913,140.19542,48.612152,38.53467,-69.93913,1.0,1.0,1.0,-1.0,33.524375915527344,0.4,0.4,-0.4
7.816666666666666,21.514854,-11.03858,1.1872747,0.971173,0.002353656,0.0006114709,-0.23836327,-0.007975299,-0.009577277,0.11408792,-0.1533359,0.112817645,-0.33056742,21.523201,-11.037102,0.38731974,-0.597789,-0.105868,0.688523,0.3729285,50.91403,-42.2656,-191.10768,-23.257387,50.91403,-42.2656,-191.10768,-23.257387,1.0,-1.0,-1.0,-1.0,33.524375915527344,-0.4,-0.4,-0.4
7.833333333333333,21.514677,-11.038667,1.1871294,0.9708729,0.0031361897,-0.002059213,-0.23956573,-0.0069857608,-0.00986106,-0.049542747,0.2748221,-0.42321813,-0.08707137,21.522839,-11.037268,0.38717255,-0.58453774,-0.10019893,0.79507464,0.34014386,-71.42915,54.02152,-105.92553,214.07832,-71.42915,54.02152,-105.92553,214.07832,-1.0,1.0,-1.0,1.0,0.0,0.4,-0.4,0.4
7.85,21.514462,-11.038775,1.188144,0.9710627,0.0027823753,-0.0020157,-0.23879972,-0.00844097,-0.011954789,0.09781335,-0.1478833,0.13475688,0.15553892,21.522434,-11.037439,0.38818505,-0.5710133,-0.095690995,0.8114683,0.27047616,19.949097,-40.57652,123.06129,113.76519,19.949097,-40.57652,123.06129,113.76519,1.0,-1.0,1.0,1.0,33.524375915527344,-0.4,0.4,0.4
7.866666666666666,21.514248,-11.038889,1.1877264,0.970998,0.0036479281,-0.004523552,-0.23901689,-0.008265902,-0.012397798,-0.06580499,0.27957633,-0.40164214,-0.0872137,21.522015,-11.037614,0.3877652,-0.55625933,-0.09131967,0.8852362,0.26227933,-88.61567,27.044184,-92.218094,-45.104984,-88.61567,27.044184,-92.218094,-45.104984,-1.0,1.0,-1.0,-1.0,0.0,0.4,-0.4,-0.4
7.883333333333333,21.51398,-11.039027,1.1884683,0.97118807,0.0033735097,-0.004315657,-0.23825146,-0.010538652,-0.014867298,0.08155309,-0.143144,0.15635532,0.15541607,21.52156,-11.037797,0.38850528,-0.54287153,-0.08810948,0.8032679,0.19261165,21.7314,-45.288376,152.85489,117.939224,21.7314,-45.288376,152.85489,117.939224,1.0,-1.0,1.0,1.0,33.524375915527344,-0.4,0.4,0.4
7.8999999999999995,21.51371,-11.039167,1.187778,0.97111815,0.004321942,-0.0066577336,-0.2384669,-0.011089986,-0.015731439,-0.08204045,0.28430527,-0.38008222,-0.08733446,21.521091,-11.03798,0.38781303,-0.5286642,-0.08503589,0.8524417,0.18441527,-83.282845,9.180988,-50.66182,-35.660397,-83.282845,9.180988,-50.66182,-35.660397,-1.0,1.0,-1.0,-1.0,0.0,0.4,-0.4,-0.4
7.916666666666667,21.513374,-11.039331,1.1882471,0.97130895,0.0041269804,-0.0062855743,-0.23770192,-0.014042512,-0.01860351,0.06532108,-0.13842879,0.17794041,0.15531158,21.520597,-11.03817,0.3882808,-0.5173256,-0.08319173,0.68031543,0.11064961,30.387306,-50.36981,184.44777,117.07338,30.387306,-50.36981,184.44777,117.07338,1.0,-1.0,1.0,1.0,33.524375915527344,-0.4,0.4,0.4
7.933333333333334,21.512997,-11.039507,1.1872883,0.9712825,0.0015546925,-0.0006807867,-0.237923,-0.015584137,-0.020229468,-0.09825927,-0.5667909,0.713906,-0.08829431,21.520086,-11.0383625,0.3873205,-0.50776297,-0.081962295,0.57375664,0.073766105,-69.68609,-9.683517,16.379063,-29.064205,-69.68609,-9.683517,16.379063,-29.064205,-1.0,-1.0,1.0,-1.0,0.0,-0.4,0.4,-0.4
7.95,21.512627,-11.039689,1.1874865,0.9707427,0.00025430153,0.0024566979,-0.24010906,-0.014300395,-0.019734535,0.048550043,-0.13234916,0.19987613,-0.33123812,21.519539,-11.038561,0.38751748,-0.49505824,-0.08080117,0.76228374,0.06966769,103.082504,185.85034,-181.12102,-30.962389,103.082504,185.85034,-181.12102,-30.962389,1.0,1.0,-1.0,-1.0,33.524375915527344,0.4,-0.4,-0.4
7.966666666666667,21.512274,-11.039869,1.1862508,0.970446,0.0013759665,0.00044239147,-0.24131393,-0.013013991,-0.019444002,-0.11503793,0.29621845,-0.33638197,-0.087693125,21.518976,-11.038759,0.3862796,-0.4800313,-0.07950343,0.90161556,0.07786407,-17.953758,49.643566,-144.25302,191.88882,-17.953758,49.643566,-144.25302,191.88882,-1.0,1.0,-1.0,1.0,0.0,0.4,-0.4,0.4
7.983333333333333,21.511919,-11.040064,1.1861751,0.970635,0.0013721572,0.0011465558,-0.24055037,-0.0137241855,-0.020698022,0.032296635,-0.12645602,0.22159155,0.15498145,21.51839,-11.038961,0.38620204,-0.46350172,-0.078957014,0.99177533,0.032785084,104.6279,-37.84177,49.92132,76.86696,104.6279,-37.84177,49.92132,76.86696,1.0,-1.0,1.0,1.0,33.524375915527344,-0.4,0.4,0.4
8.0,21.511572,-11.040259,1.1846672,0.9705777,0.0025788182,-0.0007042283,-0.24077284,-0.012752732,-0.020683248,-0.13129276,0.3008923,-0.31489086,-0.08775996,21.517792,-11.039166,0.3846922,-0.44546944,-0.078274,1.0819368,0.04098102,-18.316486,22.993578,-159.6541,-66.633095,-18.316486,22.993578,-159.6541,-66.633095,-1.0,1.0,-1.0,-1.0,0.0,0.4,-0.4,-0.4
8.016666666666666,21.5112,-11.040478,1.1843189,0.97076714,0.0026545129,0.00016347878,-0.24000855,-0.013719338,-0.022453196,0.016039334,-0.12180375,0.24311236,0.15491425,21.517157,-11.039375,0.38434193,-0.42661756,-0.078957014,1.1311125,-0.04098102,126.725464,-42.3525,51.287445,68.98039,126.725464,-42.3525,51.287445,68.98039,1.0,-1.0,1.0,1.0,33.524375915527344,-0.4,0.4,0.4
8.033333333333333,21.510836,-11.040721,1.1864215,0.9707063,0.00400652,-0.0013973425,-0.24023162,-0.012124805,-0.022072677,0.16311334,0.31071874,-0.27166113,-0.08783412,21.516489,-11.039591,0.38644245,-0.40489697,-0.08093777,1.3032352,-0.118845545,15.071522,5.9503703,-158.68896,-68.40332,15.071522,5.9503703,-158.68896,-68.40332,1.0,1.0,-1.0,-1.0,33.524375915527344,0.4,-0.4,-0.4
8.05,21.510458,-11.040976,1.1870953,0.9708958,0.004183173,-0.00032493746,-0.23946534,-0.013174735,-0.024226196,-0.00021549864,-0.11719289,0.26459378,0.15482244,21.515808,-11.039808,0.38711432,-0.38317648,-0.08360154,1.3032298,-0.15982611,-101.120056,-50.41904,27.035028,118.28925,-101.120056,-50.41904,27.035028,118.28925,-1.0,-1.0,1.0,1.0,0.0,-0.4,0.4,0.4
8.066666666666666,21.510075,-11.041272,1.1889241,0.9708488,0.00039618206,-0.0004587138,-0.2396916,-0.011679785,-0.026832733,0.14646912,-0.5441777,-0.25407928,-0.08849931,21.515104,-11.040032,0.38894105,-0.36022654,-0.088792495,1.3769959,-0.3114572,2.3680909,-11.073949,-166.1289,-67.88463,2.3680909,-11.073949,-166.1289,-67.88463,1.0,-1.0,-1.0,-1.0,33.524375915527344,-0.4,-0.4,-0.4
8.083333333333334,21.5097,-11.041576,1.1893185,0.9710197,-0.002718587,-0.0053190193,-0.23892447,-0.011191475,-0.026339684,-0.017191006,-0.115742326,-0.78993213,0.15513885,21.514387,-11.0402565,0.38933337,-0.33563742,-0.09452986,1.4753472,-0.34424183,-106.73831,205.19966,-20.54472,123.78992,-106.73831,205.19966,-20.54472,123.78992,-1.0,1.0,-1.0,1.0,0.0,0.4,-0.4,0.4
8.1,21.509333,-11.041869,1.1869913,0.9716694,-0.0018037915,-0.008838717,-0.23617175,-0.015283717,-0.025852742,-0.18017055,0.31831905,-0.24929583,0.39813486,21.513676,-11.040482,0.38700426,-0.31104833,-0.0993793,1.4753454,-0.29096645,-51.00098,55.84284,232.18283,40.72015,-51.00098,55.84284,232.18283,40.72015,-1.0,1.0,1.0,1.0,0.0,0.4,0.4,0.4
8.116666666666667,21.508879,-11.0421295,1.1858249,0.9721032,-0.0014714753,-0.0074576517,-0.23443015,-0.019249266,-0.026559953,-0.032834638,-0.104096524,0.31039888,0.15448752,21.51294,-11.040713,0.38583666,-0.2908307,-0.10142837,1.2130575,-0.12294396,105.227776,-24.286617,160.21703,-77.97152,105.227776,-24.286617,160.21703,-77.97152,1.0,-1.0,1.0,-1.0,33.524375915527344,-0.4,0.4,-0.4
8.133333333333333,21.508358,-11.042354,1.1871092,0.97204536,0.00016588662,-0.008501989,-0.23463912,-0.020814259,-0.025561916,0.11427293,0.32847482,-0.20453638,-0.08827308,21.512178,-11.0409565,0.38711953,-0.27361843,-0.100062326,1.0327362,0.08196249,64.031044,19.700636,-35.246864,-61.63552,64.031044,19.700636,-35.246864,-61.63552,1.0,1.0,-1.0,-1.0,33.524375915527344,0.4,-0.4,-0.4
8.15,21.507809,-11.042572,1.1869645,0.972241,0.0006051913,-0.0069162264,-0.23387834,-0.024268534,-0.02702812,-0.04908137,-0.099560544,0.3318188,0.15439247,21.51141,-11.041201,0.38697392,-0.25790882,-0.098218165,0.94257647,0.11064961,-74.46287,-47.050182,181.32648,118.11401,-74.46287,-47.050182,181.32648,118.11401,-1.0,-1.0,1.0,1.0,0.0,-0.4,0.4,0.4
8.166666666666666,21.507214,-11.042782,1.187976,0.97218114,0.00217056,-0.0077594784,-0.23409146,-0.02550658,-0.0268178,0.09801361,0.30826515,-0.18327178,-0.08838414,21.510626,-11.041452,0.38798445,-0.24438491,-0.095212884,0.8114343,0.18031685,71.576385,0.9424471,-17.011492,-62.811043,71.576385,0.9424471,-17.011492,-62.811043,1.0,0.9424471,-1.0,-1.0,33.524375915527344,0.37697884,-0.4,-0.4
8.183333333333334,21.506584,-11.042992,1.1875584,0.97237635,0.0024875877,-0.0059630843,-0.23332898,-0.028497651,-0.028836498,-0.06537643,-0.1197758,0.35311013,0.15429068,21.509829,-11.041705,0.38756612,-0.23236369,-0.092139296,0.72127366,0.18441527,-73.74019,-52.456314,184.64233,109.08758,-73.74019,-52.456314,184.64233,109.08758,-1.0,-1.0,1.0,1.0,0.0,-0.4,0.4,0.4
8.2,21.505919,-11.0432205,1.1882954,0.9723225,-0.0011456087,-0.0053986325,-0.23357709,-0.02926307,-0.030874597,0.081276074,-0.546651,-0.16546293,-0.089062124,21.509027,-11.041965,0.3883025,-0.22266473,-0.08995363,0.5819374,0.13113989,82.87044,-9.614082,-18.944143,-66.49322,82.87044,-9.614082,-18.944143,-66.49322,1.0,-1.0,-1.0,-1.0,33.524375915527344,-0.4,-0.4,-0.4
8.216666666666667,21.505226,-11.04344,1.1876045,0.9725088,-0.002487269,-0.0030200928,-0.23283333,-0.0316759,-0.029990418,-0.082127936,-0.11483653,0.37483692,0.15426168,21.508215,-11.042226,0.38761112,-0.21405862,-0.08694834,0.5163663,0.1803173,-51.652702,216.94794,154.19624,112.5223,-51.652702,216.94794,154.19624,112.5223,-1.0,1.0,1.0,1.0,0.0,0.4,0.4,0.4
8.233333333333333,21.504532,-11.043627,1.1880707,0.9724571,-0.00081204844,-0.003520431,-0.23305373,-0.03185139,-0.028465535,0.06494976,0.3177364,-0.14029814,-0.08851304,21.507391,-11.042492,0.38807648,-0.2047695,-0.08127928,0.5573469,0.34014386,102.99003,36.22866,-59.560898,-84.679474,102.99003,36.22866,-59.560898,-84.679474,1.0,1.0,-1.0,-1.0,33.524375915527344,0.4,-0.4,-0.4
8.25,21.503819,-11.043809,1.1871079,0.9726439,-0.00033336712,-0.0013914388,-0.23229656,-0.033532478,-0.029211106,-0.09849561,-0.11033839,0.39611307,0.15417504,21.50656,-11.042759,0.38711354,-0.19630003,-0.0752004,0.5081686,0.36473256,-40.10419,-42.5421,145.83754,83.66215,-40.10419,-42.5421,145.83754,83.66215,-1.0,-1.0,1.0,1.0,0.0,-0.4,0.4,0.4
8.266666666666666,21.50311,-11.043986,1.1873021,0.97258884,0.0014197677,-0.0017268136,-0.23252088,-0.032961905,-0.028359365,0.04856725,0.32221243,-0.11908358,-0.08859914,21.505716,-11.043035,0.387307,-0.1866011,-0.0681653,0.5819356,0.4221059,120.192154,19.22736,-87.58984,-92.455536,120.192154,19.22736,-87.58984,-92.455536,1.0,1.0,-1.0,-1.0,33.524375915527344,0.4,-0.4,-0.4
8.283333333333333,21.502396,-11.044167,1.1860669,0.9727711,0.001976138,0.00056406634,-0.23175886,-0.03379138,-0.029684989,-0.11489178,-0.10587648,0.4173434,0.15409747,21.504877,-11.043311,0.38607135,-0.1777218,-0.06126681,0.5327582,0.41390952,-20.095171,-48.788788,110.99388,67.80528,-20.095171,-48.788788,110.99388,67.80528,-1.0,-1.0,1.0,1.0,0.0,-0.4,0.4,0.4
8.3,21.501684,-11.044361,1.1859882,0.9727114,0.0038059787,0.0003931232,-0.23198694,-0.032337908,-0.029536165,0.03216712,0.32665122,-0.0979182,-0.08867333,21.504015,-11.043591,0.38599187,-0.16693006,-0.05518794,0.647504,0.36473212,141.27968,1.2656596,-121.44538,-101.70424,141.27968,1.2656596,-121.44538,-101.70424,1.0,1.0,-1.0,-1.0,33.524375915527344,0.4,-0.4,-0.4
8.316666666666666,21.500961,-11.044598,1.1883639,0.972887,0.0045028105,0.0029701863,-0.23121801,-0.033540666,-0.03164875,0.17936198,-0.09622605,0.4602073,0.15402585,21.50314,-11.043874,0.3883672,-0.1560017,-0.051841144,0.6557017,0.20080781,12.253713,-56.08381,48.636814,44.705185,12.253713,-56.08381,48.636814,44.705185,1.0,-1.0,1.0,1.0,33.524375915527344,-0.4,0.4,0.4
8.333333333333334,21.50024,-11.044859,1.1893057,0.97284085,0.0011996963,0.0042258725,-0.23143323,-0.031362787,-0.033559285,0.015292131,-0.52836275,-0.08007098,-0.08936106,21.50226,-11.044159,0.3893085,-0.14466357,-0.050133597,0.6802877,0.10245278,-90.39707,-13.940481,-163.5959,-87.15031,-90.39707,-13.940481,-163.5959,-87.15031,-1.0,-1.0,-1.0,-1.0,0.0,-0.4,-0.4,-0.4
8.35,21.49957,-11.0451355,1.1914015,0.9730308,-0.0013412855,0.0008391579,-0.2306697,-0.028231712,-0.03310162,0.16238463,-0.0943885,-0.59473115,0.15411776,21.501377,-11.044448,0.39140397,-0.1293639,-0.04924567,0.9179806,0.053275596,9.57823,193.04019,-52.6137,26.482147,9.57823,193.04019,-52.6137,26.482147,1.0,1.0,-1.0,1.0,33.524375915527344,0.4,-0.4,0.4
8.366666666666667,21.498907,-11.045397,1.1920702,0.9729782,0.00015672225,-0.0011390316,-0.23089394,-0.028885,-0.03182903,-0.0005775828,0.33745402,-0.05450291,-0.088731416,21.500486,-11.044736,0.39207235,-0.11310802,-0.04733322,0.9753526,0.11474713,-151.66852,44.139046,175.30588,-34.519672,-151.66852,44.139046,175.30588,-34.519672,-1.0,1.0,1.0,-1.0,0.0,0.4,0.4,-0.4
8.383333333333333,21.498219,-11.045658,1.1900179,0.9731569,0.00095764606,0.001648602,-0.23013453,-0.029219901,-0.032756794,-0.16404004,-0.09067443,0.48196283,0.15398385,21.499588,-11.045024,0.39001948,-0.09808157,-0.045420762,0.90158695,0.11474735,-15.984494,-50.580624,51.88051,48.826565,-15.984494,-50.580624,51.88051,48.826565,-1.0,-1.0,1.0,1.0,0.0,-0.4,0.4,0.4
8.4,21.497555,-11.045941,1.1891208,0.9730986,-0.0021970475,0.0031901675,-0.23035625,-0.027357243,-0.03298684,-0.01746334,-0.5175354,-0.03661237,-0.0894158,21.498693,-11.045318,0.38912192,-0.08155248,-0.044669442,0.99174494,0.045079213,152.4412,-1.950115,-166.06303,-114.77141,152.4412,-1.950115,-166.06303,-114.77141,1.0,-1.0,-1.0,-1.0,33.524375915527344,-0.4,-0.4,-0.4
8.416666666666666,21.49694,-11.04621,1.1906719,0.9732782,-0.0045631314,0.0001345418,-0.22958355,-0.025162011,-0.031336147,0.12959422,-0.0834823,-0.5513684,0.15400797,21.497787,-11.045612,0.3906729,-0.060652092,-0.04282529,1.2540234,0.11064916,57.298145,220.28224,-63.23449,9.563149,57.298145,220.28224,-63.23449,9.563149,1.0,1.0,-1.0,1.0,33.524375915527344,0.4,-0.4,0.4
8.433333333333334,21.496332,-11.046458,1.190796,0.9732313,-0.0028921976,-0.0015119528,-0.22980429,-0.026361221,-0.029222025,-0.033394042,0.34821665,-0.011191893,-0.08884462,21.496876,-11.04591,0.3907966,-0.03893208,-0.03927359,1.3032006,0.21310194,-124.07414,75.96796,161.32497,-42.577423,-124.07414,75.96796,161.32497,-42.577423,-1.0,1.0,1.0,-1.0,0.0,0.4,0.4,-0.4
8.45,21.495699,-11.046681,1.192082,0.9734101,-0.001861296,0.0017341645,-0.22905476,-0.028490253,-0.02920178,0.11379622,-0.07467476,0.54700446,0.15390323,21.495958,-11.04621,0.39208227,-0.018578114,-0.03374114,1.221238,0.33194703,53.373196,-38.756252,15.430854,34.276108,53.373196,-38.756252,15.430854,34.276108,1.0,-1.0,1.0,1.0,33.524375915527344,-0.4,0.4,0.4
8.466666666666667,21.495077,-11.046894,1.1919357,0.97335494,0.0004049767,0.0024341617,-0.22929017,-0.027058044,-0.02790579,-0.04984692,0.35249168,0.009825883,-0.08883944,21.495043,-11.046509,0.39193583,0.002458868,-0.027593967,1.2622188,0.36883032,-77.93158,36.308853,-182.86337,-105.685005,-77.93158,36.308853,-182.86337,-105.685005,-1.0,1.0,-1.0,-1.0,0.0,0.4,-0.4,-0.4
8.483333333333333,21.49448,-11.047127,1.1929427,0.9728368,-6.153263e-05,-0.00070034974,-0.23149095,-0.024925126,-0.028667847,0.09717463,-0.0742897,-0.50872445,-0.33201337,21.494127,-11.046812,0.3929429,0.0252717,-0.022539625,1.3687699,0.30326048,58.750294,-43.856777,-95.38944,-1.7718401,58.750294,-43.856777,-95.38944,-1.7718401,1.0,-1.0,-1.0,-1.0,33.524375915527344,-0.4,-0.4,-0.4
8.5,21.493885,-11.047356,1.1925219,0.9725449,0.0017481454,-0.0020191413,-0.23269999,-0.02608685,-0.028463244,-0.06584018,0.35541755,0.03130456,-0.08876913,21.493214,-11.047116,0.39252245,0.04808454,-0.017143775,1.3687701,0.323751,-82.38603,35.7814,143.96187,273.43893,-82.38603,35.7814,143.96187,273.43893,-1.0,1.0,1.0,1.0,0.0,0.4,0.4,0.4
8.516666666666666,21.493275,-11.047604,1.1932566,0.97271436,0.0013446028,-0.0049884324,-0.23194826,-0.025725475,-0.030126218,0.081178956,-0.07035714,-0.48713046,0.15404172,21.492311,-11.047421,0.39325732,0.068984926,-0.013045661,1.2540232,0.2458868,61.144024,-52.995014,-5.970667,40.78873,61.144024,-52.995014,-5.970667,40.78873,1.0,-1.0,-1.0,1.0,33.524375915527344,-0.4,-0.4,0.4
8.533333333333333,21.492645,-11.047846,1.1925633,0.9730955,0.0032340975,-0.0061451304,-0.23029754,-0.02829541,-0.030523721,-0.081822,0.36183727,0.0531211,0.21830772,21.491405,-11.047725,0.39256427,0.088792495,-0.00867434,1.1884542,0.26227924,-123.664024,4.480859,221.44682,0.26433232,-123.664024,4.480859,221.44682,0.26433232,-1.0,1.0,1.0,0.26433232,0.0,0.4,0.4,0.10573293
8.55,21.49195,-11.048102,1.1930318,0.9731798,0.0044950214,-0.0023978665,-0.22998923,-0.031118099,-0.032854587,0.06534215,-0.061942697,0.6124412,-0.025074065,21.490505,-11.04803,0.39303315,0.10340912,-0.005190944,0.87699735,0.20900378,43.16743,-53.42986,102.37882,-65.93907,43.16743,-53.42986,102.37882,-65.93907,1.0,-1.0,1.0,-1.0,33.524375915527344,-0.4,0.4,-0.4
8.566666666666666,21.491238,-11.048381,1.1920662,0.9727933,0.0017725774,3.0583713e-05,-0.23166788,-0.030193955,-0.034514453,-0.09879457,-0.49274233,0.07266104,-0.26838267,21.489605,-11.048336,0.3920679,0.11693292,-0.003210189,0.81142807,0.11884528,-47.27019,-44.317303,-131.46394,-36.978153,-47.27019,-44.317303,-131.46394,-36.978153,-1.0,-1.0,-1.0,-1.0,0.0,-0.4,-0.4,-0.4
8.583333333333334,21.49053,-11.048661,1.1922609,0.9726229,0.001206677,0.0035826194,-0.23235837,-0.03066497,-0.0343534,0.04833546,-0.055687077,0.5073983,-0.025139248,21.48872,-11.048638,0.39226297,0.12963709,-0.0016392454,0.76225024,0.09425661,129.944,158.01239,0.76223314,131.7588,129.944,158.01239,0.76223314,131.7588,1.0,1.0,0.76223314,1.0,33.524375915527344,0.4,0.30489326,0.4
8.6,21.489822,-11.048956,1.1910222,0.9722154,-0.0016739664,0.005149563,-0.23402512,-0.028228465,-0.034410756,-0.1157448,-0.48666444,-0.0323364,-0.26842287,21.48783,-11.048943,0.39102483,0.1427511,-0.0009562265,0.78684026,0.040981133,-6.3658338,-18.165571,-180.30902,-61.857838,-6.3658338,-18.165571,-180.30902,-61.857838,-1.0,-1.0,-1.0,-1.0,0.0,-0.4,-0.4,-0.4
8.616666666666667,21.489182,-11.049244,1.1909376,0.97205734,-0.003801002,0.0020804245,-0.23470327,-0.025956929,-0.032598756,0.031330843,-0.05313574,-0.54617435,-0.02482973,21.48696,-11.049247,0.39094076,0.15914361,0.00020490568,0.9835508,0.06966792,161.59486,198.9482,-70.422615,99.291504,161.59486,198.9482,-70.422615,99.291504,1.0,1.0,-1.0,1.0,33.524375915527344,0.4,-0.4,0.4
8.633333333333333,21.488543,-11.049516,1.1894257,0.97237295,-0.0018845751,0.00041498127,-0.23342463,-0.026870787,-0.031176072,-0.13163754,0.37841168,-0.0059332643,0.2183799,21.48608,-11.049553,0.38942975,0.17635576,0.0026637737,1.032729,0.14753208,-10.111818,51.151012,151.0625,75.520546,-10.111818,51.151012,151.0625,75.520546,-1.0,1.0,1.0,1.0,0.0,0.4,0.4,0.4
8.65,21.48791,-11.049782,1.1890693,0.9724393,-0.0021732366,-0.0028901622,-0.2331281,-0.02634133,-0.031274263,0.015412594,-0.047691204,-0.52319956,-0.02498913,21.485214,-11.049859,0.3890737,0.1930215,0.0055324533,0.99994445,0.17212076,135.15771,-31.258919,-20.155268,-85.78358,135.15771,-31.258919,-20.155268,-85.78358,1.0,-1.0,-1.0,-1.0,33.524375915527344,-0.4,-0.4,-0.4
8.666666666666666,21.487253,-11.0500145,1.1911681,0.9727442,-0.00010880167,-0.0042550415,-0.23184153,-0.028617363,-0.029596446,0.16309138,0.38903296,0.03869345,0.21820942,21.484373,-11.050166,0.39117333,0.20627216,0.010860001,0.7950389,0.31965283,19.942493,25.795973,218.9952,92.536385,19.942493,25.795973,218.9952,92.536385,1.0,1.0,1.0,1.0,33.524375915527344,0.4,0.4,0.4
8.683333333333334,21.486568,-11.050234,1.1918399,0.9728224,0.0012884781,-0.0008010573,-0.2315473,-0.03082047,-0.030441659,-0.00039307598,-0.039967306,0.5764527,-0.025174884,21.483534,-11.050468,0.39184576,0.21733715,0.016802266,0.6638994,0.3565359,-73.110756,-43.480286,109.34381,-57.862732,-73.110756,-43.480286,109.34381,-57.862732,-1.0,-1.0,1.0,-1.0,0.0,-0.4,0.4,-0.4
8.7,21.485882,-11.050475,1.193667,0.97242033,-0.0012612083,0.0014169576,-0.23322721,-0.030102327,-0.032186955,0.14616744,-0.46550208,0.058341697,-0.2684439,21.482708,-11.050773,0.39367345,0.22730929,0.02131019,0.59832835,0.2704754,61.25929,-26.569729,-129.10797,-45.679146,61.25929,-26.569729,-129.10797,-45.679146,1.0,-1.0,-1.0,-1.0,33.524375915527344,-0.4,-0.4,-0.4
8.716666666666667,21.485191,-11.05071,1.1940662,0.97223765,-0.0015049529,0.005451796,-0.23392707,-0.030459933,-0.031100014,-0.017312165,-0.033401802,0.59930897,-0.025213595,21.481888,-11.051074,0.3940733,0.23659842,0.026091324,0.5573478,0.28686804,-67.03243,197.94139,3.466771,170.19054,-67.03243,197.94139,3.466771,170.19054,-1.0,1.0,1.0,1.0,0.0,0.4,0.4,0.4
8.733333333333333,21.484558,-11.050948,1.1956205,0.97181225,-0.0039620586,0.007842757,-0.23559235,-0.02778673,-0.031252954,0.12926404,-0.45891476,0.08112284,-0.2684945,21.481085,-11.0513735,0.39562806,0.24875626,0.030462643,0.7294705,0.26227912,65.169205,-1.2771451,-201.34052,-76.319626,65.169205,-1.2771451,-201.34052,-76.319626,1.0,-1.0,-1.0,-1.0,33.524375915527344,-0.4,-0.4,-0.4
8.75,21.483957,-11.051186,1.1957401,0.971656,-0.0057100826,0.0055141114,-0.23626572,-0.02491573,-0.028774502,-0.034334797,-0.030267207,-0.45459804,-0.024979006,21.480288,-11.05167,0.39574876,0.26282662,0.034697365,0.84422165,0.2540833,-66.97047,228.2458,-120.498634,126.62331,-66.97047,228.2458,-120.498634,126.62331,-1.0,1.0,-1.0,1.0,0.0,0.4,-0.4,0.4
8.766666666666666,21.483408,-11.051382,1.1970212,0.9719781,-0.0033627918,0.004667389,-0.23500077,-0.024713865,-0.025424747,0.11331302,0.4064248,0.10722446,0.21823561,21.479507,-11.05197,0.39703128,0.27935582,0.04207397,0.9917521,0.4425962,29.129696,67.250786,91.14418,45.179146,29.129696,67.250786,91.14418,45.179146,1.0,1.0,1.0,1.0,33.524375915527344,0.4,0.4,0.4
8.783333333333333,21.482876,-11.051575,1.1968687,0.97205853,-0.0032726459,0.002102403,-0.23470639,-0.022862228,-0.024631165,-0.050347324,-0.025174461,-0.43171737,-0.025074776,21.478735,-11.052267,0.39687964,0.29656816,0.04958718,1.0327398,0.45079258,-75.368515,-22.980574,-117.80703,-74.411705,-75.368515,-22.980574,-117.80703,-74.411705,-1.0,-1.0,-1.0,-1.0,0.0,-0.4,-0.4,-0.4
8.8,21.482353,-11.051738,1.1978767,0.9723709,-0.000843329,0.0014319872,-0.23343487,-0.023643121,-0.02249673,0.09726116,0.4114412,0.13007249,0.21814473,21.477976,-11.05256,0.3978892,0.31350726,0.058876246,1.0163461,0.557344,24.731712,41.663155,134.29959,59.01325,24.731712,41.663155,134.29959,59.01325,1.0,1.0,1.0,1.0,33.524375915527344,0.4,0.4,0.4
8.816666666666666,21.481848,-11.051904,1.1974521,0.97244126,-0.00066488783,-0.0009585193,-0.23314519,-0.022678688,-0.022780918,-0.06641981,-0.0201719,-0.40884557,-0.02515334,21.477232,-11.052853,0.39746606,0.330583,0.0679604,1.0245447,0.54504895,-76.08789,-33.849304,-78.4123,-66.32675,-76.08789,-33.849304,-78.4123,-66.32675,-1.0,-1.0,-1.0,-1.0,0.0,-0.4,-0.4,-0.4
8.833333333333334,21.481327,-11.052055,1.1981878,0.9727448,0.0018464776,-0.0014533515,-0.23186621,-0.02430427,-0.021887533,0.08117438,0.41636533,0.15290608,0.21806435,21.476511,-11.053141,0.39820316,0.34492663,0.07772758,0.8606171,0.5860309,28.599094,13.017301,176.06294,68.041664,28.599094,13.017301,176.06294,68.041664,1.0,1.0,1.0,1.0,33.524375915527344,0.4,0.4,0.4
8.85,21.480803,-11.052213,1.1974908,0.9728065,0.0021116605,-0.0036683595,-0.23158067,-0.024095424,-0.023275878,-0.08250615,-0.015262218,-0.3859862,-0.02522091,21.475794,-11.053426,0.39750734,0.35872388,0.08688004,0.82783514,0.54914784,-71.18602,-46.564262,-10.4123745,-59.530224,-71.18602,-46.564262,-10.4123745,-59.530224,-1.0,-1.0,-1.0,-1.0,0.0,-0.4,-0.4,-0.4
8.866666666666667,21.480232,-11.052386,1.1979529,0.973111,-0.00052390556,-0.0027607072,-0.23031966,-0.02642058,-0.025133865,0.06471074,-0.43799308,0.17275554,0.21745752,21.475103,-11.053705,0.39797053,0.36733007,0.09446156,0.51637167,0.454891,40.815006,-14.243089,220.19493,72.395515,40.815006,-14.243089,220.19493,72.395515,1.0,-1.0,1.0,1.0,33.524375915527344,-0.4,0.4,0.4
8.883333333333333,21.47964,-11.052547,1.196989,0.97317874,-0.00035436807,0.0021369301,-0.23003967,-0.027232293,-0.02417341,-0.098768964,-0.007773595,0.7114543,-0.025653256,21.474417,-11.053984,0.39700767,0.37402382,0.1028627,0.401625,0.5040684,-81.66141,163.11029,67.96778,-79.30943,-81.66141,163.11029,67.96778,-79.30943,-1.0,1.0,1.0,-1.0,0.0,0.4,0.4,-0.4
8.9,21.47908,-11.052718,1.1971809,0.9727652,-0.0023909563,0.005380045,-0.23171799,-0.025301188,-0.024557885,0.047807492,-0.43295062,0.19322625,-0.26890925,21.473766,-11.054255,0.39720005,0.38058093,0.11003441,0.3934264,0.43030274,122.95832,-18.580734,-174.95824,-81.18327,122.95832,-18.580734,-174.95824,-81.18327,1.0,-1.0,-1.0,-1.0,33.524375915527344,-0.4,-0.4,-0.4
8.916666666666666,21.478554,-11.052888,1.1969948,0.97260356,-0.0036809614,0.0039345613,-0.23240755,-0.023038073,-0.02270116,-0.03130834,-0.0023936164,-0.33696356,-0.025467502,21.473127,-11.054521,0.3970149,0.38864076,0.11693292,0.48358974,0.41391042,-0.45581368,200.18387,-94.80616,114.11251,-0.45581368,200.18387,-94.80616,114.11251,-0.45581368,1.0,-1.0,1.0,9.121753692626953,0.4,-0.4,0.4
8.933333333333334,21.478065,-11.053024,1.198322,0.9729103,-0.00088042987,0.0039932127,-0.23114671,-0.02327491,-0.020193646,0.11626531,0.43403488,0.22467548,0.21774854,21.472515,-11.054779,0.3983435,0.3975202,0.12567559,0.5327671,0.52456003,35.537403,34.785854,113.63423,30.768211,35.537403,34.785854,113.63423,30.768211,1.0,1.0,1.0,1.0,33.524375915527344,0.4,0.4,0.4
8.95,21.47759,-11.053163,1.1982158,0.97298336,-0.00033150412,0.0023276561,-0.23086303,-0.021335071,-0.020263884,-0.047447473,0.0022866204,-0.314188,-0.025495859,21.47191,-11.055032,0.39823842,0.40680948,0.13387182,0.5573558,0.49177405,-64.65061,-33.233376,-113.108505,-74.759384,-64.65061,-33.233376,-113.108505,-74.759384,-1.0,-1.0,-1.0,-1.0,0.0,-0.4,-0.4,-0.4
8.966666666666667,21.47713,-11.053295,1.1992707,0.97327936,0.0025478152,0.0025616195,-0.2295955,-0.021833368,-0.019141667,0.100108035,0.43863803,0.24740687,0.21772529,21.471338,-11.055275,0.3992941,0.41486934,0.14179488,0.48359153,0.47538307,33.589626,4.877611,128.11398,32.062206,33.589626,4.877611,128.11398,32.062206,1.0,1.0,1.0,1.0,33.524375915527344,0.4,0.4,0.4
8.983333333333333,21.476671,-11.053439,1.1988924,0.9733464,0.0031796538,0.0010711215,-0.22931531,-0.02011537,-0.020447524,-0.06361542,0.006875075,-0.29143435,-0.025504904,21.470768,-11.055516,0.39891687,0.42279255,0.14876169,0.4753929,0.41800883,-65.178314,-46.440212,-101.63201,-71.34415,-65.178314,-46.440212,-101.63201,-71.34415,-1.0,-1.0,-1.0,-1.0,0.0,-0.4,-0.4,-0.4
9.0,21.476208,-11.053615,1.199673,0.97364753,0.000908177,0.0026957633,-0.22803997,-0.02073337,-0.022424884,0.083591804,-0.41599333,0.2673333,0.21715748,21.470232,-11.055745,0.39969853,0.42798364,0.15258661,0.31146523,0.22949515,39.068584,-23.980103,140.44472,29.08917,39.068584,-23.980103,140.44472,29.08917,1.0,-1.0,1.0,1.0,33.524375915527344,-0.4,0.4,0.4
9.016666666666666,21.475756,-11.053796,1.1990218,0.9737169,-0.000122042286,0.0017695891,-0.2277543,-0.019114524,-0.021582048,-0.08009121,0.011838819,-0.27085516,-0.025722641,21.469706,-11.05597,0.39904767,0.43331134,0.1557285,0.31966206,0.18851368,-91.69993,137.55083,-89.14725,-102.45198,-91.69993,137.55083,-89.14725,-102.45198,-1.0,1.0,-1.0,-1.0,0.0,0.4,-0.4,-0.4
9.033333333333333,21.475304,-11.053979,1.1995304,0.9740061,-0.0023160158,0.0035525616,-0.22648185,-0.019721054,-0.02228411,0.0671094,-0.41105384,0.2879459,0.21693566,21.469208,-11.056186,0.39955696,0.43658993,0.15805078,0.19671498,0.13933627,71.10153,-9.219081,134.73312,7.74755,71.10153,-9.219081,134.73312,7.74755,1.0,-1.0,1.0,1.0,33.524375915527344,-0.4,0.4,0.4
9.05,21.474869,-11.054161,1.1986065,0.97407264,-0.0032658102,0.0027833676,-0.22619438,-0.018071793,-0.020334896,-0.09657505,0.01675224,-0.2502935,-0.025954721,21.468718,-11.056399,0.39863342,0.44055155,0.16030475,0.23769735,0.13523875,-70.96098,164.14136,-98.34642,-112.772644,-70.96098,164.14136,-98.34642,-112.772644,-1.0,1.0,-1.0,-1.0,0.0,0.4,-0.4,-0.4
9.066666666666666,21.47446,-11.054312,1.1988443,0.9736797,-0.0001600258,0.0035153448,-0.2278932,-0.018352892,-0.01834865,0.050971784,0.45245683,0.310865,-0.26872575,21.468262,-11.056604,0.3988718,0.44396675,0.16419798,0.20491181,0.23359357,103.937805,11.875667,119.79909,-14.985202,103.937805,11.875667,119.79909,-14.985202,1.0,1.0,1.0,-1.0,33.524375915527344,0.4,0.4,-0.4
9.083333333333334,21.474062,-11.0544615,1.1976485,0.9735175,0.00071157457,0.0024966074,-0.22859752,-0.016563531,-0.01910039,-0.11277729,0.022495024,-0.23030527,-0.025640449,21.467815,-11.056798,0.3976766,0.44738194,0.16733988,0.20491181,0.18851368,-9.18594,-53.59098,-120.70976,85.60214,-9.18594,-53.59098,-120.70976,85.60214,-1.0,-1.0,-1.0,1.0,0.0,-0.4,-0.4,0.4
9.1,21.473675,-11.054631,1.1976123,0.97311306,-0.0013253831,0.0045939744,-0.23027797,-0.01656086,-0.019762486,0.034436345,-0.40087035,0.32898933,-0.26895767,21.467402,-11.056986,0.39764053,0.44929445,0.16863762,0.11475026,0.07786452,129.50523,-15.882064,110.389496,-6.08515,129.50523,-15.882064,110.389496,-6.08515,1.0,-1.0,1.0,-1.0,33.524375915527344,-0.4,0.4,-0.4
9.116666666666667,21.473331,-11.054798,1.2000269,0.9729481,-0.0020428274,0.004273341,-0.23097523,-0.014073609,-0.018430963,0.18140164,0.034054857,-0.1858733,-0.025572654,21.46702,-11.057159,0.4000553,0.4520266,0.16911572,0.16392945,0.028686224,26.644493,160.27864,-112.2918,97.347755,26.644493,160.27864,-112.2918,97.347755,1.0,1.0,-1.0,1.0,33.524375915527344,0.4,-0.4,0.4
9.133333333333333,21.473007,-11.054951,1.2010138,0.9732416,0.0012799592,0.005363678,-0.22971773,-0.013869828,-0.016739799,0.01828487,0.46495107,0.35399494,0.21765053,21.466656,-11.057328,0.4010428,0.4548954,0.17027687,0.17212807,0.06966858,-130.14246,4.751224,50.7851,33.60528,-130.14246,4.751224,50.7851,33.60528,-1.0,1.0,1.0,1.0,0.0,0.4,0.4,0.4
9.15,21.472681,-11.05511,1.1992732,0.973309,0.002328052,0.0046882946,-0.2294387,-0.011309649,-0.017656656,-0.14547428,0.032997914,-0.1848255,-0.025499467,21.466282,-11.057496,0.3993026,0.4583106,0.17089158,0.20491181,0.036883052,-15.553518,-45.088882,-162.5671,-79.78774,-15.553518,-45.088882,-162.5671,-79.78774,-1.0,-1.0,-1.0,-1.0,0.0,-0.4,-0.4,-0.4
9.166666666666666,21.472382,-11.055304,1.1986918,0.97290164,0.0004617077,0.0071383347,-0.23110855,-0.010261202,-0.018530939,0.0017678482,-0.3903261,0.37443697,-0.26884148,21.465946,-11.057654,0.3987214,0.46090615,0.1683644,0.15573262,-0.15163063,144.97093,-25.442677,11.193885,-29.402987,144.97093,-25.442677,11.193885,-29.402987,1.0,-1.0,1.0,-1.0,33.524375915527344,-0.4,0.4,-0.4
9.183333333333334,21.472162,-11.055517,1.200561,0.97273606,-8.357901e-05,0.0071669957,-0.23180418,-0.0068360963,-0.017543862,0.14873542,0.04474894,-0.14056057,-0.025464227,21.465656,-11.0577965,0.40059105,0.46596062,0.16324174,0.3032684,-0.30735967,46.739338,127.08877,-166.22856,68.64899,46.739338,127.08877,-166.22856,68.64899,1.0,1.0,-1.0,1.0,33.524375915527344,0.4,-0.4,0.4
9.2,21.47197,-11.055748,1.2009946,0.9730574,-0.0033811664,0.0032837235,-0.2305148,-0.0039084465,-0.017689155,-0.015102849,-0.38542178,-0.6802966,0.21738672,21.465374,-11.057933,0.401025,0.47238123,0.15647984,0.3852367,-0.40571448,-121.1095,-15.702235,-90.0934,6.020316,-121.1095,-15.702235,-90.0934,6.020316,-1.0,-1.0,-1.0,1.0,0.0,-0.4,-0.4,0.4
9.216666666666667,21.471777,-11.055969,1.1987059,0.9731288,-0.0044048475,0.0011654546,-0.23021612,-0.0047778687,-0.015383402,-0.17826979,0.04675469,-0.14091092,-0.025235912,21.465092,-11.058068,0.39873686,0.47880182,0.15033264,0.38523492,-0.36883143,-47.867516,163.15924,174.01373,-69.51446,-47.867516,163.15924,174.01373,-69.51446,-1.0,1.0,1.0,-1.0,0.0,0.4,0.4,-0.4
9.233333333333333,21.471582,-11.056149,1.19758,0.9727268,-0.003186856,0.003261022,-0.23190853,-0.0053062933,-0.013819146,-0.03084004,0.096911035,0.41934666,-0.2682571,21.464838,-11.058194,0.3976111,0.4830367,0.14650773,0.25409278,-0.22949515,188.54955,0.1021457,63.934948,-20.860302,188.54955,0.1021457,63.934948,-20.860302,1.0,0.1021457,1.0,-1.0,33.524375915527344,0.04085828,0.4,-0.4
9.25,21.47144,-11.056313,1.1989036,0.97255206,-0.004922011,0.0039330535,-0.23259978,-0.003557296,-0.013599217,0.115957804,-0.3271817,-0.09910696,-0.025373058,21.464636,-11.05831,0.39893508,0.48727158,0.14302431,0.25409278,-0.20900486,102.4197,-24.265945,-154.13693,79.94228,102.4197,-24.265945,-154.13693,79.94228,1.0,-1.0,-1.0,1.0,33.524375915527344,-0.4,-0.4,0.4
9.266666666666666,21.471315,-11.056472,1.1987926,0.972864,-0.0059339134,-0.00011740639,-0.2313013,-0.0022783931,-0.0111484425,-0.047699295,0.10189907,-0.6364096,0.2180265,21.464437,-11.058419,0.39882466,0.49259934,0.1394726,0.31966564,-0.21310239,-80.32888,171.40427,-23.398909,18.70676,-80.32888,171.40427,-23.398909,18.70676,-1.0,1.0,-1.0,1.0,0.0,0.4,-0.4,0.4
9.283333333333333,21.471199,-11.056571,1.1998432,0.97294664,-0.00286269,-0.0026842088,-0.23099655,-0.0038940308,-0.00810316,0.099876866,0.53892535,-0.07427021,-0.02509081,21.464277,-11.058522,0.39987543,0.49574134,0.1397458,0.18851994,0.016391871,9.063894,23.358688,225.98721,-61.974854,9.063894,23.358688,225.98721,-61.974854,1.0,1.0,1.0,-1.0,33.524375915527344,0.4,0.4,-0.4
9.3,21.47106,-11.056654,1.1994665,0.9732556,-0.0004706546,-0.00043491385,-0.22972393,-0.0055242167,-0.008406794,-0.06342008,0.110345244,0.4631676,0.21757635,21.464125,-11.058617,0.39949894,0.4966976,0.14056544,0.057376023,0.0491783,-54.749104,-47.981216,123.45265,38.542347,-54.749104,-47.981216,123.45265,38.542347,-1.0,-1.0,1.0,1.0,0.0,-0.4,0.4,0.4
9.316666666666666,21.470915,-11.056747,1.2002449,0.9733206,-0.002029207,0.00057055027,-0.22943945,-0.0047831996,-0.009083596,0.08338567,-0.31629086,-0.05498928,-0.025768487,21.464,-11.058706,0.40027738,0.4951949,0.14029223,-0.090161555,-0.016392766,70.17638,-25.494284,-115.98118,-82.0689,70.17638,-25.494284,-115.98118,-82.0689,1.0,-1.0,-1.0,-1.0,33.524375915527344,-0.4,-0.4,-0.4
9.333333333333334,21.47077,-11.0568285,1.1995957,0.97361326,-0.0013035712,0.0033963842,-0.22817521,-0.005197319,-0.007815867,-0.07981873,0.114569,0.4845616,0.21743421,21.46389,-11.058789,0.39962777,0.49273592,0.14042884,-0.14753936,0.00819683,-71.96093,134.95546,83.061424,28.500393,-71.96093,134.95546,83.061424,28.500393,-1.0,1.0,1.0,1.0,0.0,0.4,0.4,0.4
9.35,21.470663,-11.056915,1.2001019,0.9736732,-0.0027876145,0.0045655486,-0.22788563,-0.0031734111,-0.007837974,0.06699592,-0.31206185,-0.03360948,-0.025907164,21.46382,-11.058864,0.40013382,0.49014035,0.1395409,-0.1557344,-0.053276714,86.19787,-18.797201,-161.22389,-98.74755,86.19787,-18.797201,-161.22389,-98.74755,1.0,-1.0,-1.0,-1.0,33.524375915527344,-0.4,-0.4,-0.4
9.366666666666667,21.470581,-11.057004,1.1991735,0.97328776,-0.0035515625,0.0010012893,-0.22955897,-0.0017225298,-0.0058398987,-0.09667113,0.115902744,-0.5707905,-0.26851946,21.463753,-11.058939,0.39920503,0.48904747,0.13858467,-0.06557285,-0.05737334,-48.094532,144.7278,-31.965256,-16.261578,-48.094532,144.7278,-31.965256,-16.261578,-1.0,1.0,-1.0,-1.0,0.0,0.4,-0.4,-0.4
9.383333333333333,21.4705,-11.057061,1.1994048,0.9731151,-0.0054851677,0.00015922508,-0.23025396,-0.00293556,-0.005447166,0.05067981,-0.30862132,-0.011548336,-0.025679342,21.463722,-11.058998,0.39943603,0.48549566,0.13872127,-0.21310864,0.008195936,116.20728,-8.362057,203.91745,191.77356,116.20728,-8.362057,203.91745,191.77356,1.0,-1.0,1.0,1.0,33.524375915527344,-0.4,0.4,0.4
9.4,21.470413,-11.057099,1.1982106,0.97340953,-0.0046124873,0.0033269695,-0.229001,-0.0034565888,-0.0031332313,-0.11250865,0.12217943,0.52797794,0.2175139,21.463705,-11.059057,0.39824122,0.48044118,0.14022392,-0.3032684,0.09015887,-23.86445,168.53264,84.122986,22.879223,-23.86445,168.53264,84.122986,22.879223,-1.0,1.0,1.0,1.0,0.0,0.4,0.4,0.4
9.416666666666666,21.470364,-11.0571165,1.1981715,0.97346306,-0.005951525,0.004835576,-0.22871527,-0.0016337003,-0.0019110081,0.034333862,-0.304524,0.0098004965,-0.025815008,21.463717,-11.059107,0.39820176,0.4760697,0.14254619,-0.2622896,0.13933627,121.4242,-7.6738944,-159.54532,-103.94015,121.4242,-7.6738944,-159.54532,-103.94015,1.0,-1.0,-1.0,-1.0,33.524375915527344,-0.4,-0.4,-0.4
9.433333333333334,21.47039,-11.057084,1.2005806,0.97307736,-0.0065117297,0.0017273686,-0.23038024,0.0011187317,0.0014359476,0.18132208,0.12882856,-0.505906,-0.26846996,21.463772,-11.059145,0.40061066,0.4740205,0.14760055,-0.122950666,0.30326125,8.919742,178.97623,-43.5654,-26.103308,8.919742,178.97623,-43.5654,-26.103308,1.0,1.0,-1.0,-1.0,33.524375915527344,0.4,-0.4,-0.4
9.45,21.470427,-11.057024,1.201562,0.9729311,-0.003053343,3.3464275e-05,-0.23107533,0.00031400094,0.004347967,0.018130783,0.5581773,0.03326695,-0.025292082,21.463837,-11.059178,0.4015921,0.47197142,0.15429416,-0.1229453,0.40161696,-98.85257,33.738728,175.25987,227.71434,-98.85257,33.738728,175.25987,227.71434,-1.0,1.0,1.0,1.0,0.0,0.4,0.4,0.4
9.466666666666667,21.47045,-11.056959,1.1998228,0.9732303,-0.00029410436,0.0031180084,-0.22981058,0.0002749897,0.00395214,-0.14518371,0.12947504,0.5707445,0.21746024,21.463905,-11.059207,0.39985272,0.4686928,0.16098778,-0.19671677,0.40161696,-5.8219304,-43.95257,43.197033,11.271955,-5.8219304,-43.95257,43.197033,11.271955,-1.0,-1.0,1.0,1.0,0.0,-0.4,0.4,0.4
9.483333333333333,21.470503,-11.056916,1.1992383,0.97329,-0.0014919532,0.004959544,-0.22952063,0.0025174066,0.0037591062,0.0016810345,-0.2973373,0.052542247,-0.025853913,21.464006,-11.05923,0.39926824,0.4652776,0.16570061,-0.20491181,0.28277007,126.717186,-17.683123,-177.00012,-100.34017,126.717186,-17.683123,-177.00012,-100.34017,1.0,-1.0,-1.0,-1.0,33.524375915527344,-0.4,-0.4,-0.4
9.5,21.470625,-11.056872,1.2011024,0.97290164,-0.001914884,0.002191735,-0.231201,0.005411121,0.005585728,0.14863062,0.13605627,-0.46324265,-0.26850778,21.464151,-11.059238,0.40113208,0.4636383,0.16945724,-0.098358385,0.22539763,24.711897,133.63878,-80.38805,-29.070147,24.711897,133.63878,-80.38805,-29.070147,1.0,1.0,-1.0,-1.0,33.524375915527344,0.4,-0.4,-0.4
9.516666666666666,21.470745,-11.056827,1.2015377,0.97273165,-0.0035413483,0.0020622425,-0.23189715,0.0050547402,0.005617667,-0.014659122,-0.293424,0.07433561,-0.02564797,21.464304,-11.059241,0.40156722,0.46131593,0.17294066,-0.13934253,0.20900486,-96.6425,-9.8000555,144.73886,227.95123,-96.6425,-9.8000555,144.73886,227.95123,-1.0,-1.0,1.0,1.0,0.0,-0.4,0.4,0.4
9.533333333333333,21.470892,-11.056757,1.2031293,0.97303706,-0.003880783,-0.00052931125,-0.23061517,0.0066499542,0.0076629585,0.13228,0.14088362,-0.44171408,0.21768382,21.464487,-11.059236,0.40315878,0.45872042,0.1775169,-0.15573083,0.27457413,12.394372,149.73312,-35.072746,3.1653368,12.394372,149.73312,-35.072746,3.1653368,1.0,1.0,-1.0,1.0,33.524375915527344,0.4,-0.4,0.4
9.55,21.471048,-11.056659,1.2032936,0.97311306,-0.00018629474,-0.001713961,-0.23032142,0.0053425548,0.009412229,-0.030964352,0.57194215,0.09872134,-0.025368907,21.464684,-11.059221,0.40332294,0.45585164,0.1835275,-0.17212628,0.36063638,-132.39102,14.889467,197.89008,-53.767056,-132.39102,14.889467,197.89008,-53.767056,-1.0,1.0,1.0,-1.0,0.0,0.4,0.4,-0.4
9.566666666666666,21.471176,-11.056564,1.2046195,0.97341037,0.0028682277,0.0019969358,-0.22904159,0.003266137,0.008453585,0.11639915,0.14841545,0.65778804,0.21743509,21.464912,-11.059197,0.40464833,0.4486114,0.18858187,-0.43441412,0.30326214,14.18381,-55.31542,39.122967,2.4734094,14.18381,-55.31542,39.122967,2.4734094,1.0,-1.0,1.0,1.0,33.524375915527344,-0.4,0.4,0.4
9.583333333333334,21.4713,-11.056488,1.2045119,0.9734742,0.0019242148,0.0043835347,-0.2287465,0.005209916,0.007247755,-0.047372423,-0.2838308,0.11805154,-0.025849411,21.46515,-11.059171,0.40454012,0.44041497,0.19213359,-0.49178657,0.21310328,-75.729996,-30.204613,-171.31218,-76.73029,-75.729996,-30.204613,-171.31218,-76.73029,-1.0,-1.0,-1.0,-1.0,0.0,-0.4,-0.4,-0.4
9.6,21.47147,-11.056432,1.2055588,0.97308344,0.0017392347,0.0021260646,-0.23043646,0.007889775,0.007835272,0.09956647,0.14966589,-0.39788562,-0.26848525,21.465418,-11.05913,0.40558645,0.43344796,0.19322641,-0.41802046,0.065569274,9.956919,78.89288,-86.9968,-31.18286,9.956919,78.89288,-86.9968,-31.18286,1.0,1.0,-1.0,-1.0,33.524375915527344,0.4,-0.4,-0.4
9.616666666666667,21.471632,-11.056383,1.2051766,0.9729187,0.00034983325,0.0025011948,-0.23113373,0.0078073493,0.006841058,-0.06371595,-0.27963555,0.13967879,-0.025625791,21.465689,-11.059082,0.40520313,0.42566133,0.19329472,-0.46719787,0.004098415,-109.852486,-32.70596,138.63957,213.527,-109.852486,-32.70596,138.63957,213.527,-1.0,-1.0,1.0,1.0,0.0,-0.4,0.4,0.4
9.633333333333333,21.471827,-11.056341,1.2059509,0.9725204,0.00023805465,0.0004088001,-0.23281707,0.009638601,0.0078182,0.0832113,0.1538711,-0.3762372,-0.2682549,21.465994,-11.059024,0.4059765,0.41773808,0.19213359,-0.4753947,-0.06966769,18.994509,85.91707,-66.71131,-10.215191,18.994509,85.91707,-66.71131,-10.215191,1.0,1.0,-1.0,-1.0,33.524375915527344,0.4,-0.4,-0.4
9.65,21.472013,-11.056304,1.2052966,0.9723522,-0.0010725601,0.000953002,-0.23351452,0.008926654,0.0072157322,-0.08006954,-0.2753393,0.16126917,-0.02539876,21.466309,-11.058961,0.40532154,0.4085854,0.19028942,-0.5491608,-0.110650055,-103.25026,-30.059383,158.26294,225.14159,-103.25026,-30.059383,158.26294,225.14159,-1.0,-1.0,1.0,1.0,0.0,-0.4,0.4,0.4
9.666666666666666,21.472216,-11.056256,1.2057986,0.97265756,-0.001102381,-0.0009726205,-0.23223911,0.010036393,0.008270833,0.06685624,0.15890752,-0.35492,0.21796417,21.466648,-11.058884,0.4058224,0.39874968,0.18817204,-0.59014314,-0.12704282,35.364616,94.09712,-36.755077,8.446272,35.364616,94.09712,-36.755077,8.446272,1.0,1.0,-1.0,1.0,33.524375915527344,0.4,-0.4,0.4
9.683333333333334,21.472412,-11.056209,1.2048717,0.9727237,-0.002322275,-0.0002637824,-0.23195451,0.00889616,0.008231389,-0.096418425,-0.2692147,0.18319206,-0.025476838,21.467,-11.058804,0.40489423,0.3876845,0.18584977,-0.66391104,-0.13933627,-109.83677,-14.4651575,189.56384,-50.001392,-109.83677,-14.4651575,189.56384,-50.001392,-1.0,-1.0,1.0,-1.0,0.0,-0.4,0.4,-0.4
9.7,21.47261,-11.056131,1.2051079,0.9730157,-0.00068663957,0.004522804,-0.23069331,0.0077687665,0.009606753,0.051146455,0.16657397,0.7441114,0.21764246,21.467382,-11.058709,0.40512916,0.37443364,0.18462034,-0.7950514,-0.073766105,58.201843,101.81981,1.7457204,3.068674,58.201843,101.81981,1.7457204,3.068674,1.0,1.0,1.0,1.0,33.524375915527344,0.4,0.4,0.4
9.716666666666667,21.472816,-11.056057,1.203911,0.97306544,-0.0013144203,0.007577242,-0.23040074,0.010687685,0.009878442,-0.11257984,-0.26586053,0.20436881,-0.025606772,21.467775,-11.058609,0.40393087,0.3610462,0.18277617,-0.80324644,-0.110650055,-39.264805,-22.643171,-214.35376,-79.35293,-39.264805,-22.643171,-214.35376,-79.35293,-1.0,-1.0,-1.0,-1.0,0.0,-0.4,-0.4,-0.4
9.733333333333333,21.473097,-11.055989,1.2038676,0.9726765,-0.0011973623,0.0059790737,-0.23208456,0.013983293,0.011822212,0.03435635,0.16777614,-0.311737,-0.26823395,21.468187,-11.058502,0.40388647,0.35162035,0.17997578,-0.56555086,-0.1680234,86.03303,91.56887,-151.67776,-70.147316,86.03303,91.56887,-151.67776,-70.147316,1.0,1.0,-1.0,-1.0,33.524375915527344,0.4,-0.4,-0.4
9.75,21.473383,-11.055923,1.2023954,0.9725025,-0.0022734585,0.0070164707,-0.23277524,0.015087385,0.012214769,-0.12888311,-0.2612548,0.22574687,-0.02539182,21.468603,-11.058389,0.4024136,0.3423311,0.17656067,-0.55735403,-0.20490645,-46.89639,-23.979057,23.775988,187.59514,-46.89639,-23.979057,23.775988,187.59514,-1.0,-1.0,1.0,1.0,0.0,-0.4,0.4,0.4
9.766666666666666,21.473742,-11.05585,1.2020794,0.9721086,-0.002080321,0.0055804304,-0.23445526,0.018074922,0.014445443,0.018041117,0.17238887,-0.29034895,-0.268019,21.469046,-11.058264,0.40209702,0.33632043,0.17287235,-0.36064085,-0.22129922,109.74991,97.47689,-166.71295,-67.34498,109.74991,97.47689,-166.71295,-67.34498,1.0,1.0,-1.0,-1.0,33.524375915527344,0.4,-0.4,-0.4
9.783333333333333,21.47413,-11.055785,1.2003279,0.97195286,-0.004669637,0.0002436751,-0.23512885,0.01881489,0.015129263,-0.14594162,-0.2591676,-0.83010167,-0.025090009,21.469498,-11.058132,0.4003447,0.33181247,0.1680912,-0.2704775,-0.28686938,-12.173263,-19.536093,-11.846842,190.30885,-12.173263,-19.536093,-11.846842,190.30885,-1.0,-1.0,-1.0,1.0,0.0,-0.4,-0.4,0.4
9.8,21.474512,-11.055675,1.1997372,0.97225875,-0.0049211164,-0.0031932641,-0.23383409,0.016846485,0.017286373,0.0014148735,0.17720762,-0.26842427,0.2182787,21.469963,-11.057991,0.3997536,0.3258018,0.16590552,-0.36064085,-0.13114034,96.967415,142.16058,244.75064,87.24914,96.967415,142.16058,244.75064,87.24914,1.0,1.0,1.0,1.0,33.524375915527344,0.4,0.4,0.4
9.816666666666666,21.47489,-11.055533,1.1977209,0.97234386,-0.0010072257,-0.0029598717,-0.23353298,0.015002557,0.018072614,-0.16186212,0.5412837,0.27181068,-0.024735648,21.470444,-11.057847,0.39773667,0.31842506,0.16570061,-0.4426038,-0.012294351,-24.080717,0.8453026,177.06796,-48.146023,-24.080717,0.8453026,177.06796,-48.146023,-1.0,0.8453026,1.0,-1.0,0.0,0.33812103,0.4,-0.4
9.833333333333334,21.47525,-11.05539,1.1968602,0.97193617,0.0005690689,-0.004341108,-0.23520371,0.014633518,0.017085357,-0.015107173,0.115723774,-0.24681035,-0.2677855,21.47095,-11.057692,0.39687502,0.30804303,0.1648127,-0.6229215,-0.053274926,153.79312,-49.65498,-45.02499,-24.3389,153.79312,-49.65498,-45.02499,-24.3389,1.0,-1.0,-1.0,-1.0,33.524375915527344,-0.4,-0.4,-0.4
9.85,21.475552,-11.055248,1.1984531,0.9717729,-0.0007250987,-0.0025471898,-0.23590325,0.011857388,0.015374138,0.13234697,-0.30775958,0.31234804,-0.024930976,21.471481,-11.057521,0.39846677,0.29151374,0.16276363,-0.99175745,-0.12294441,52.97726,-28.754196,186.35382,220.90282,52.97726,-28.754196,186.35382,220.90282,1.0,-1.0,1.0,1.0,33.524375915527344,-0.4,0.4,0.4
9.866666666666667,21.475826,-11.055094,1.1986201,0.97207874,0.0008047248,0.0032289121,-0.23463109,0.0105178,0.015944352,-0.03069633,0.12267181,0.85162866,0.21811014,21.472015,-11.0573435,0.39863226,0.2729354,0.16112438,-1.1147009,-0.09835481,-55.18911,115.68056,7.78509,44.85653,-55.18911,115.68056,7.78509,44.85653,-1.0,1.0,1.0,1.0,0.0,0.4,0.4,0.4
9.883333333333333,21.47614,-11.054964,1.1999426,0.97212934,0.00010470881,0.0073640463,-0.23432939,0.012427878,0.015033794,0.116301656,-0.30473104,0.33319864,-0.025187574,21.472574,-11.057159,0.3999538,0.25531334,0.15723115,-1.0573231,-0.23359357,47.877754,-25.409111,-220.49332,-77.73912,47.877754,-25.409111,-220.49332,-77.73912,1.0,-1.0,-1.0,-1.0,33.524375915527344,-0.4,-0.4,-0.4
9.9,21.476482,-11.054839,1.1998307,0.9717276,8.942103e-05,0.0067634922,-0.2360077,0.015551645,0.016398745,-0.047396194,0.12379586,-0.20446128,-0.2678182,21.473137,-11.05697,0.39984074,0.23960373,0.15258661,-0.94257647,-0.27867255,-69.61059,108.021996,-167.46643,-33.38249,-69.61059,108.021996,-167.46643,-33.38249,-1.0,1.0,-1.0,-1.0,0.0,0.4,-0.4,-0.4
9.916666666666666,21.476885,-11.054737,1.2008717,0.9715792,-0.0026674455,0.0023458928,-0.23668806,0.018990848,0.015905097,0.09934215,-0.30210224,-0.7226214,-0.024842171,21.473719,-11.056768,0.40088075,0.22676288,0.1454832,-0.77045107,-0.42620477,74.12993,-24.581226,-45.018204,159.68121,74.12993,-24.581226,-45.018204,159.68121,1.0,-1.0,-1.0,1.0,33.524375915527344,-0.4,-0.4,0.4
9.933333333333334,21.477293,-11.054627,1.2004851,0.97189295,-0.0031216324,-0.00026174294,-0.23540221,0.018349484,0.017440237,-0.06393635,0.12890883,-0.1826059,0.2185444,21.474302,-11.056562,0.4004932,0.21419522,0.13858467,-0.7540592,-0.4139113,-106.70104,145.39977,198.48598,121.41677,-106.70104,145.39977,198.48598,121.41677,-1.0,1.0,1.0,1.0,0.0,0.4,0.4,0.4
9.95,21.47769,-11.054494,1.2012606,0.97195584,-0.004183581,0.0020292194,-0.23511708,0.01691735,0.017717395,0.08354886,-0.29437807,0.3769695,-0.0249227,21.4749,-11.05635,0.4012679,0.19985174,0.1329156,-0.86060905,-0.3401443,35.12907,-6.1280622,111.02001,-57.81957,35.12907,-6.1280622,111.02001,-57.81957,1.0,-1.0,1.0,-1.0,33.524375915527344,-0.4,0.4,-0.4
9.966666666666667,21.478094,-11.054348,1.2006034,0.97155035,-0.0040204455,0.0017546862,-0.23679231,0.018023064,0.020022815,-0.08015426,0.1342095,-0.16076446,-0.2675625,21.475494,-11.056135,0.4006095,0.18619129,0.12799786,-0.8196267,-0.29506442,-57.78198,141.63324,-120.33766,-6.0598173,-57.78198,141.63324,-120.33766,-6.0598173,-1.0,1.0,-1.0,-1.0,0.0,0.4,-0.4,-0.4
9.983333333333333,21.478521,-11.0541725,1.2011061,0.97136825,-0.0049945023,0.0042056143,-0.23748893,0.01718628,0.020647895,0.06734835,-0.28897718,0.398265,-0.024763929,21.476112,-11.055909,0.40111184,0.17253084,0.12437784,-0.8196267,-0.21720125,96.003624,-11.325977,68.608315,184.68707,96.003624,-11.325977,68.608315,184.68707,1.0,-1.0,1.0,1.0,33.524375915527344,-0.4,0.4,0.4
10.0,21.478964,-11.0539875,1.2001766,0.9709592,-0.0047501186,0.00409125,-0.23916298,0.01893226,0.023367919,-0.09634497,0.13961872,-0.13946636,-0.26740867,21.476732,-11.055681,0.4001817,0.15982664,0.12130425,-0.76225245,-0.18441527,-49.313126,151.45844,-155.04234,-14.266638,-49.313126,151.45844,-155.04234,-14.266638,-1.0,1.0,-1.0,-1.0,0.0,0.4,-0.4,-0.4
10.016666666666666,21.479454,-11.053782,1.2004001,0.97078943,-0.0072600422,0.00017313172,-0.2398232,0.020589383,0.024492374,0.05041344,-0.2860549,-0.65771616,-0.02444392,21.477364,-11.055445,0.40040487,0.14971793,0.11905028,-0.6065225,-0.1352383,113.30553,-2.6386316,-17.665514,172.25214,113.30553,-2.6386316,-17.665514,172.25214,1.0,-1.0,-1.0,1.0,33.524375915527344,-0.4,-0.4,0.4
10.033333333333333,21.479944,-11.053557,1.1991956,0.9711051,-0.007465751,-0.0019340458,-0.23852721,0.01878344,0.02726788,-0.112845056,0.14492077,-0.1177224,0.21888375,21.477995,-11.055207,0.39919993,0.1396092,0.11816236,-0.6065234,-0.053275373,-75.56819,190.70801,209.27293,131.75365,-75.56819,190.70801,209.27293,131.75365,-1.0,1.0,1.0,1.0,0.0,0.4,0.4,0.4
10.05,21.480427,-11.053258,1.1991545,0.9712019,-0.0030472674,-0.0004106949,-0.23823799,0.016667256,0.030208584,0.034516085,0.58032924,0.44405302,-0.02400155,21.478636,-11.054962,0.39915842,0.12827106,0.122055575,-0.6802886,0.23359312,73.04492,18.94248,117.148125,-56.32298,73.04492,18.94248,117.148125,-56.32298,1.0,1.0,1.0,-1.0,33.524375915527344,0.4,0.4,-0.4
10.066666666666666,21.480913,-11.052928,1.2015632,0.9707955,-0.0008233511,-0.00048791236,-0.23990622,0.017091222,0.030964851,0.18124346,0.15506874,-0.07475942,-0.26697624,21.479284,-11.054705,0.40156698,0.116659716,0.12724653,-0.6966805,0.3114572,6.3285737,-40.67953,-127.821014,-3.2081351,6.3285737,-40.67953,-127.821014,-3.2081351,1.0,-1.0,-1.0,-1.0,33.524375915527344,-0.4,-0.4,-0.4
10.083333333333334,21.481388,-11.0526,1.2025425,0.97062135,-0.0015101006,0.0024989434,-0.24059427,0.015844872,0.030367961,0.018113341,-0.2731439,0.46262875,-0.02419486,21.479937,-11.054441,0.40254605,0.10395554,0.13189107,-0.76225066,0.27867255,-102.767624,-12.352834,75.941086,228.91354,-102.767624,-12.352834,75.941086,228.91354,-1.0,-1.0,1.0,1.0,0.0,-0.4,0.4,0.4
10.1,21.481869,-11.052274,1.200795,0.97093666,-0.0009949851,0.002881713,-0.23931704,0.017575383,0.03145294,-0.14558582,0.15566474,-0.07539086,0.2191088,21.480587,-11.054181,0.40079835,0.091797784,0.13660392,-0.7294651,0.28277096,-43.16014,122.3752,-152.50807,9.980411,-43.16014,122.3752,-152.50807,9.980411,-1.0,1.0,-1.0,1.0,0.0,0.4,-0.4,0.4
10.116666666666667,21.482388,-11.051952,1.2002008,0.97101104,-0.003237698,-0.00054471655,-0.23901191,0.018914443,0.03149623,0.0012062143,-0.26933187,-0.593092,-0.024210202,21.48125,-11.053908,0.40020427,0.081415884,0.14008732,-0.62291396,0.20900397,84.66795,-5.109427,-31.18036,-64.996,84.66795,-5.109427,-31.18036,-64.996,1.0,-1.0,-1.0,-1.0,33.524375915527344,-0.4,-0.4,-0.4
10.133333333333333,21.482903,-11.051622,1.1981786,0.971325,-0.0031794633,-0.0021685911,-0.23772441,0.017178465,0.032867134,-0.162054,0.1615351,-0.053162068,0.21907327,21.48191,-11.053636,0.39818206,0.07103399,0.14418544,-0.6229135,0.24588703,-52.4459,156.59341,209.12225,124.95139,-52.4459,156.59341,209.12225,124.95139,-1.0,1.0,1.0,1.0,0.0,0.4,0.4,0.4
10.15,21.483395,-11.05126,1.1973186,0.9713944,-0.003718724,0.0011091798,-0.23744014,0.015718471,0.03327327,-0.014506601,-0.26211795,0.5064478,-0.02441497,21.482576,-11.05335,0.3973218,0.058603037,0.14971793,-0.74585724,0.33194926,114.9235,-1.1677883,92.25823,-61.462826,114.9235,-1.1677883,92.25823,-61.462826,1.0,-1.0,1.0,-1.0,33.524375915527344,-0.4,0.4,-0.4
10.166666666666666,21.483915,-11.05086,1.1989093,0.9709845,-0.002973295,0.00194104,-0.23911557,0.016596135,0.035670936,0.13246216,0.17196873,-0.010017791,-0.26707613,21.483248,-11.053054,0.3989127,0.047811333,0.15709455,-0.6475022,0.44259754,34.788685,139.7256,-143.06963,-16.024202,34.788685,139.7256,-143.06963,-16.024202,1.0,1.0,-1.0,-1.0,33.524375915527344,0.4,-0.4,-0.4
10.183333333333334,21.484457,-11.050457,1.1990652,0.97082055,-0.0018001811,-0.0019066368,-0.2397925,0.017543728,0.03671068,-0.031541575,0.27244553,-0.54913825,-0.023852408,21.48392,-11.052755,0.39906877,0.03852227,0.1646078,-0.5573438,0.45079437,-63.058147,0.23650187,-20.616325,210.97882,-63.058147,0.23650187,-20.616325,210.97882,-1.0,0.23650187,-1.0,1.0,0.0,0.09460075,-0.4,0.4
10.2,21.484987,-11.050057,1.1964982,0.97113144,-0.0024900157,-0.0029850856,-0.23851302,0.015532637,0.036456116,-0.19485396,-0.15582348,-0.01114645,0.21873406,21.484592,-11.052455,0.3965019,0.028276984,0.1717112,-0.6147171,0.42620477,-11.074438,-10.488507,220.08276,119.16478,-11.074438,-10.488507,220.08276,119.16478,-1.0,-1.0,1.0,1.0,0.0,-0.4,0.4,0.4
10.216666666666667,21.48549,-11.049621,1.1950938,0.97121096,-0.00029696937,-8.951499e-06,-0.23822053,0.014154306,0.037598174,-0.04737343,0.27936184,0.54976183,-0.024173498,21.485268,-11.052142,0.395098,0.015982643,0.1805905,-0.7376604,0.5327573,133.71376,81.83492,97.628845,-66.49975,133.71376,81.83492,97.628845,-66.49975,1.0,1.0,1.0,-1.0,33.524375915527344,0.4,0.4,-0.4
10.233333333333333,21.485996,-11.049188,1.1961393,0.9707989,-0.00029769173,0.0013717953,-0.23989046,0.014999121,0.036989,0.099532805,-0.14557718,0.031313144,-0.2673015,21.485939,-11.051816,0.39614397,0.0040981136,0.18824035,-0.7130717,0.4589912,80.71589,-27.50818,-154.53685,-16.542097,80.71589,-27.50818,-154.53685,-16.542097,1.0,-1.0,-1.0,-1.0,33.524375915527344,-0.4,-0.4,-0.4
10.25,21.48652,-11.04876,1.1957507,0.97062856,0.00038049847,-0.001988039,-0.24057446,0.015790077,0.037596874,-0.0643634,0.28305995,-0.5063028,-0.023828693,21.486616,-11.051487,0.39575547,-0.0068301894,0.19527549,-0.6556981,0.42210814,-42.099144,92.980034,-20.878937,218.0598,-42.099144,92.980034,-20.878937,218.0598,-1.0,1.0,-1.0,1.0,0.0,0.4,-0.4,0.4
10.266666666666666,21.48702,-11.04833,1.1965218,0.97094274,-7.417879e-05,-0.0026212805,-0.2392974,0.014150173,0.03628731,0.0829932,-0.13997887,0.053195577,0.21877131,21.487297,-11.05114,0.39652687,-0.01980755,0.20121779,-0.7786415,0.35653797,49.92011,-18.204147,210.0764,104.42971,49.92011,-18.204147,210.0764,104.42971,1.0,-1.0,1.0,1.0,33.524375915527344,-0.4,0.4,0.4
10.283333333333333,21.4875,-11.047887,1.1958672,0.97101736,0.0023118616,0.00071853865,-0.23899649,0.013117434,0.036649227,-0.08019136,0.2897373,0.59258646,-0.024138574,21.487972,-11.050788,0.39587262,-0.03387774,0.20777482,-0.84421146,0.39342192,-67.53787,65.575226,66.6712,-37.969837,-67.53787,65.575226,66.6712,-37.969837,-1.0,1.0,1.0,-1.0,0.0,0.4,0.4,-0.4
10.3,21.48799,-11.047477,1.1963681,0.9706029,0.0024804338,0.0024294269,-0.24066101,0.014552543,0.035220686,0.066720165,-0.13513996,0.07409127,-0.26725873,21.488651,-11.050426,0.39637393,-0.04740152,0.21118993,-0.81142676,0.20490645,89.03649,-34.345425,-171.73386,-24.371468,89.03649,-34.345425,-171.73386,-24.371468,1.0,-1.0,-1.0,-1.0,33.524375915527344,-0.4,-0.4,-0.4
10.316666666666666,21.488493,-11.047075,1.1954347,0.9704311,0.0033262805,-0.00060485594,-0.24135463,0.015767332,0.03491764,-0.09716075,0.2936446,-0.46360558,-0.023782814,21.48932,-11.050055,0.39544088,-0.059286054,0.21337561,-0.71307194,0.13114123,-34.74203,45.474506,-69.68051,209.71317,-34.74203,45.474506,-69.68051,209.71317,-1.0,1.0,-1.0,1.0,0.0,0.4,-0.4,0.4
10.333333333333334,21.488976,-11.046701,1.1956608,0.9707485,0.0030441247,-0.0009177119,-0.24007758,0.014835236,0.03272517,0.050200857,-0.1294337,0.09586864,0.21881866,21.489992,-11.049668,0.39566714,-0.07280984,0.21248768,-0.81142694,-0.05327582,77.7698,-30.532646,168.95688,83.53667,77.7698,-30.532646,168.95688,83.53667,1.0,-1.0,1.0,1.0,33.524375915527344,-0.4,0.4,0.4
10.35,21.489464,-11.046336,1.194455,0.9708102,0.0039799563,-0.0037902312,-0.23978585,0.015107272,0.03210976,-0.11366658,0.29886824,-0.44209272,-0.023975786,21.490662,-11.049278,0.39446133,-0.08578721,0.21071182,-0.7786421,-0.10655164,-42.82297,19.73141,-20.154804,-38.92165,-42.82297,19.73141,-20.154804,-38.92165,-1.0,1.0,-1.0,-1.0,0.0,0.4,-0.4,-0.4
10.366666666666667,21.489899,-11.045999,1.194409,0.9711246,0.0037792092,-0.0039401036,-0.23851025,0.01313343,0.029431265,0.033704042,-0.12424742,0.11742605,0.21862504,21.491323,-11.048877,0.39441547,-0.10204308,0.20613556,-0.97535217,-0.27457592,90.5799,-37.20236,210.0783,78.59645,90.5799,-37.20236,210.0783,78.59645,1.0,-1.0,1.0,1.0,33.524375915527344,-0.4,0.4,0.4
10.383333333333333,21.490307,-11.045661,1.1929361,0.97120506,0.004634851,0.00032208068,-0.23819953,0.0124909235,0.028292416,-0.12938792,0.012009591,0.65611607,-0.024529139,21.491983,-11.048468,0.3929427,-0.12007482,0.20101288,-1.0819046,-0.30736056,-18.483871,0.3171002,66.7847,-35.68169,-18.483871,0.3171002,66.7847,-35.68169,-1.0,0.3171002,1.0,-1.0,0.0,0.12684008,0.4,-0.4
10.4,21.490717,-11.045369,1.1926184,0.9707989,0.0026827166,0.0031028613,-0.23985963,0.014263019,0.026359273,0.017664436,-0.4125869,0.13793777,-0.2677876,21.492636,-11.048043,0.39262512,-0.13742355,0.19151887,-1.0409232,-0.56964034,139.8631,-30.653124,-172.7412,-42.043964,139.8631,-30.653124,-172.7412,-42.043964,1.0,-1.0,-1.0,-1.0,33.524375915527344,-0.4,-0.4,-0.4
10.416666666666666,21.491167,-11.045115,1.1947496,0.9706345,0.0014824121,0.0012674052,-0.24055065,0.01688968,0.026304953,0.16461186,0.021881286,-0.37750703,-0.024330607,21.493277,-11.047603,0.39475617,-0.15108396,0.17813163,-0.8196249,-0.8032348,42.9005,131.96098,-89.06698,176.13744,42.9005,131.96098,-89.06698,176.13744,1.0,1.0,-1.0,1.0,33.524375915527344,0.4,-0.4,0.4
10.433333333333334,21.49161,-11.04487,1.1954517,0.9709499,-0.0008857113,0.0020758386,-0.2392722,0.016590267,0.025089461,0.0014420041,-0.40640485,0.16035825,0.2183618,21.493912,-11.047153,0.39545843,-0.16488099,0.16351496,-0.82782173,-0.87700003,-92.56932,-12.065764,109.513794,111.086815,-92.56932,-12.065764,109.513794,111.086815,-1.0,-1.0,1.0,1.0,0.0,-0.4,0.4,0.4
10.45,21.492065,-11.044624,1.1934273,0.97102356,-0.0020599328,0.00027343957,-0.23897462,0.01742447,0.026546743,-0.16228198,0.021914443,-0.37837943,-0.024459062,21.494547,-11.046707,0.39343396,-0.1777218,0.1491715,-0.7704484,-0.86060727,-12.061347,138.98825,-106.402054,-68.41558,-12.061347,138.98825,-106.402054,-68.41558,-1.0,1.0,-1.0,-1.0,0.0,0.4,-0.4,-0.4
10.466666666666667,21.492521,-11.044354,1.1925642,0.9713393,0.00084570743,-7.360626e-05,-0.23769562,0.016425515,0.027397214,-0.014944714,0.45763972,0.18292212,0.2186979,21.495169,-11.046253,0.39257088,-0.1896064,0.1359892,-0.71307594,-0.7909378,165.37138,6.594563,133.85408,40.633232,165.37138,6.594563,133.85408,40.633232,1.0,1.0,1.0,1.0,33.524375915527344,0.4,0.4,0.4
10.483333333333333,21.492973,-11.044095,1.1941515,0.9714077,0.0015602179,-0.0020050735,-0.23740396,0.017745618,0.026488906,0.13177896,0.031976108,-0.33414987,-0.02455816,21.495771,-11.045784,0.3941581,-0.20039816,0.12096275,-0.64750576,-0.9015874,25.866041,-41.853527,-97.66822,-56.188183,25.866041,-41.853527,-97.66822,-56.188183,1.0,-1.0,-1.0,-1.0,33.524375915527344,-0.4,-0.4,-0.4
10.5,21.493418,-11.043847,1.1943092,0.97171986,-0.0006473217,-0.00087313156,-0.23613372,0.01644826,0.025151746,-0.031382546,-0.3963847,0.2037899,0.21810743,21.496374,-11.045312,0.394316,-0.21173635,0.10491177,-0.6802913,-0.9630587,-82.97005,-20.933567,139.23463,102.54648,-82.97005,-20.933567,139.23463,102.54648,-1.0,-1.0,1.0,1.0,0.0,-0.4,0.4,0.4
10.516666666666666,21.49386,-11.043589,1.1956234,0.97178763,-0.0015866857,-0.0022251937,-0.23584142,0.017299922,0.026201788,0.115565404,0.03716073,-0.31358764,-0.024739731,21.496956,-11.044834,0.39563048,-0.22170849,0.08920231,-0.59832835,-0.9425675,23.425823,127.77943,-78.7332,-71.19281,23.425823,127.77943,-78.7332,-71.19281,1.0,1.0,-1.0,-1.0,33.524375915527344,0.4,-0.4,-0.4
10.533333333333333,21.494299,-11.04333,1.1955087,0.9720906,-0.0037143428,-0.00093622,-0.2345745,0.015725702,0.025924494,-0.04759014,-0.39123598,0.22438948,0.21791531,21.497541,-11.044355,0.3955162,-0.23222707,0.073424555,-0.6311148,-0.94666505,-83.70053,-5.278163,142.45688,94.216354,-83.70053,-5.278163,142.45688,94.216354,-1.0,-1.0,1.0,1.0,0.0,-0.4,0.4,0.4
10.55,21.494745,-11.0430355,1.1965506,0.97215605,-0.0045697,-0.002132501,-0.23427989,0.016246548,0.028057829,0.099371545,0.04229795,-0.2930408,-0.024942622,21.498106,-11.043871,0.396558,-0.2406966,0.059832472,-0.50817126,-0.81552494,24.408958,155.60132,-78.90027,-80.194984,24.408958,155.60132,-78.90027,-80.194984,1.0,1.0,-1.0,-1.0,33.524375915527344,0.4,-0.4,-0.4
10.566666666666666,21.495188,-11.042716,1.1961647,0.9724739,-0.0013981303,-0.0019339113,-0.23299947,0.014525167,0.029494151,-0.063949905,0.47254044,0.24669576,0.21822758,21.498665,-11.043386,0.39617243,-0.24902947,0.04801624,-0.49997267,-0.70897394,-82.27988,19.354012,139.91351,83.970085,-82.27988,19.354012,139.91351,83.970085,-1.0,1.0,1.0,1.0,0.0,0.4,0.4,0.4
10.583333333333334,21.49562,-11.042392,1.1969348,0.9725413,-0.00043044362,-0.0033727817,-0.23270541,0.01485153,0.029119734,0.08278602,0.046853133,-0.27035147,-0.024984112,21.499207,-11.042897,0.3969431,-0.25681597,0.036200006,-0.46718982,-0.70897394,30.47839,-38.75528,-87.51385,-64.55258,30.47839,-38.75528,-87.51385,-64.55258,1.0,-1.0,-1.0,-1.0,33.524375915527344,-0.4,-0.4,-0.4
10.6,21.496042,-11.042073,1.196275,0.97284436,-0.0024015373,-0.0017599064,-0.2314411,0.013114811,0.028539162,-0.0803552,-0.3816186,0.26769993,0.21765962,21.499746,-11.04241,0.39628384,-0.26528552,0.024110569,-0.50817305,-0.7253662,-88.31768,-12.366331,150.67528,79.55475,-88.31768,-12.366331,150.67528,79.55475,-1.0,-1.0,1.0,1.0,0.0,-0.4,0.4,0.4
10.616666666666667,21.496462,-11.041726,1.1967717,0.9729093,-0.0030929416,-0.0026277464,-0.23115163,0.013387385,0.030202987,0.06661867,0.051844086,-0.2498484,-0.025211139,21.500265,-11.041919,0.39678076,-0.27238896,0.013796982,-0.42620656,-0.6188151,38.658485,144.43637,-77.806465,-87.554886,38.658485,144.43637,-77.806465,-87.554886,1.0,1.0,-1.0,-1.0,33.524375915527344,0.4,-0.4,-0.4
10.633333333333333,21.496878,-11.041355,1.1958413,0.9732189,0.00023686003,-0.002089302,-0.22987057,0.011758584,0.030927902,-0.096716344,0.48196906,0.28983295,0.2179675,21.500778,-11.041426,0.39585084,-0.27935582,0.00505434,-0.41801152,-0.5245585,-76.51719,7.1789813,139.26889,65.212746,-76.51719,7.1789813,139.26889,65.212746,-1.0,1.0,1.0,1.0,0.0,0.4,0.4,0.4
10.65,21.49728,-11.040993,1.1960661,0.9732836,0.0013672006,-0.0031935,-0.2295798,0.012113348,0.029904013,0.050027132,0.056253377,-0.22721729,-0.025210358,21.501272,-11.040934,0.39607605,-0.2859129,-0.004234717,-0.3934246,-0.5573434,50.93585,-41.180534,-95.46575,-74.285416,50.93585,-41.180534,-95.46575,-74.285416,1.0,-1.0,-1.0,-1.0,33.524375915527344,-0.4,-0.4,-0.4
10.666666666666666,21.497667,-11.040639,1.1948619,0.9735868,-0.00045011987,-0.0012574485,-0.22831306,0.010722884,0.028906735,-0.11311481,-0.37229103,0.31090978,0.21742477,21.501762,-11.04044,0.3948725,-0.2932896,-0.014275095,-0.442602,-0.60242265,-73.42433,-22.987907,136.39987,55.949413,-73.42433,-22.987907,136.39987,55.949413,-1.0,-1.0,1.0,1.0,0.0,-0.4,0.4,0.4
10.683333333333334,21.49805,-11.040278,1.194814,0.97365254,-0.0009815712,-0.0017956985,-0.22802728,0.011299527,0.029975493,0.033863567,0.06109633,-0.20676051,-0.02545484,21.502224,-11.03995,0.39482513,-0.29889044,-0.023495851,-0.33605036,-0.5532453,72.23553,123.42499,-98.98554,-100.534195,72.23553,123.42499,-98.98554,-100.534195,1.0,1.0,-1.0,-1.0,33.524375915527344,0.4,-0.4,-0.4
10.7,21.498425,-11.039917,1.1933372,0.9739462,-0.002722074,0.00029772246,-0.22676244,0.010271871,0.02989408,-0.12927738,-0.36748272,0.33140537,0.21717593,21.502684,-11.03946,0.39334887,-0.3050377,-0.03271661,-0.3688359,-0.5532455,-47.79247,-9.091181,107.88389,36.039288,-47.79247,-9.091181,107.88389,36.039288,-1.0,-1.0,1.0,1.0,0.0,-0.4,0.4,0.4
10.716666666666667,21.498816,-11.039529,1.1930169,0.97401124,-0.0031748724,-8.375609e-05,-0.22647704,0.011205836,0.031886436,0.017707229,0.06588653,-0.18633112,-0.02571172,21.50312,-11.038973,0.39302894,-0.30831623,-0.039820008,-0.1967114,-0.42620388,93.2221,146.00026,-125.976006,-117.14203,93.2221,146.00026,-125.976006,-117.14203,1.0,1.0,-1.0,-1.0,33.524375915527344,0.4,-0.4,-0.4
10.733333333333333,21.49921,-11.039122,1.191269,0.97431016,0.00038889507,0.00095938606,-0.22520803,0.010669614,0.032494463,-0.1456397,0.49584267,0.35327533,0.21749231,21.50355,-11.0384865,0.39128122,-0.31077513,-0.045489065,-0.147534,-0.3401434,-7.3266006,11.892863,52.017124,9.542526,-7.3266006,11.892863,52.017124,9.542526,-1.0,1.0,1.0,1.0,0.0,0.4,0.4,0.4
10.75,21.499619,-11.038732,1.190677,0.9743746,0.0017572247,0.00034940048,-0.22492439,0.012096219,0.031526916,0.001104097,0.07010522,-0.1638024,-0.025635345,21.503962,-11.038007,0.3906894,-0.31104833,-0.051909447,-0.016391871,-0.38522285,113.38866,-33.404926,-161.97581,-105.35354,113.38866,-33.404926,-161.97581,-105.35354,1.0,-1.0,-1.0,-1.0,33.524375915527344,-0.4,-0.4,-0.4
10.766666666666666,21.500036,-11.038369,1.1925328,0.9739759,-0.0012977504,-0.0036635809,-0.22661816,0.013960052,0.030044401,0.14796127,-0.35521388,-0.6814091,-0.26874724,21.504345,-11.037529,0.3925449,-0.30858946,-0.06017398,0.14753221,-0.49587202,26.149797,-18.925898,-9.347875,-11.094188,26.149797,-18.925898,-9.347875,-11.094188,1.0,-1.0,-1.0,-1.0,33.524375915527344,-0.4,-0.4,-0.4
10.783333333333333,21.500443,-11.037999,1.1929603,0.97380203,-0.0020939999,-0.005837927,-0.22731291,0.011691254,0.030784022,-0.015249762,0.073070265,-0.14075133,-0.025163712,21.504719,-11.037051,0.39297256,-0.30626714,-0.0678921,0.13933896,-0.46308693,-98.375656,172.89339,196.81348,247.66093,-98.375656,172.89339,196.81348,247.66093,-1.0,1.0,1.0,1.0,0.0,0.4,0.4,0.4
10.8,21.500797,-11.037603,1.1945496,0.9741028,-0.003556433,-0.0031083957,-0.22605614,0.008297839,0.029924506,0.1322851,-0.3502471,0.41888028,0.21746284,21.505077,-11.036582,0.3945618,-0.30654037,-0.07315135,-0.01639366,-0.31555516,11.393814,-4.7505565,131.16133,37.97276,11.393814,-4.7505565,131.16133,37.97276,1.0,-1.0,1.0,1.0,33.524375915527344,-0.4,0.4,0.4
10.816666666666666,21.501144,-11.037193,1.1947062,0.97416854,-0.003769945,-0.0029351285,-0.2257714,0.00795999,0.03163164,-0.031382404,0.07756779,-0.12033697,-0.025451722,21.505423,-11.036111,0.39471865,-0.30640376,-0.07752267,0.00819683,-0.26227933,-82.33514,170.12184,-107.11771,-101.77381,-82.33514,170.12184,-107.11771,-101.77381,-1.0,1.0,-1.0,-1.0,0.0,0.4,-0.4,-0.4
10.833333333333334,21.501476,-11.036739,1.1960243,0.9744747,7.064182e-05,-0.0012523147,-0.22449371,0.005500866,0.033695865,0.11591858,0.51277214,0.44063285,0.21778166,21.50575,-11.035648,0.39603648,-0.30613056,-0.07813739,0.016391871,-0.036883052,17.30673,12.883638,91.05387,9.07547,17.30673,12.883638,91.05387,9.07547,1.0,1.0,1.0,1.0,33.524375915527344,0.4,0.4,0.4
10.85,21.50181,-11.036285,1.1959094,0.97453994,0.0016753923,-0.0013060467,-0.2242036,0.0060433503,0.0328504,-0.04799936,0.081533566,-0.0978517,-0.025284758,21.506075,-11.035187,0.39592156,-0.30544752,-0.07868381,0.040982362,-0.032785084,-55.119595,-34.565006,-144.88275,-86.20105,-55.119595,-34.565006,-144.88275,-86.20105,-1.0,-1.0,-1.0,-1.0,0.0,-0.4,-0.4,-0.4
10.866666666666667,21.50212,-11.035846,1.1969534,0.9741517,0.0003617617,0.0017543553,-0.22588745,0.004521399,0.031456463,0.0995102,-0.34203407,0.46219608,-0.26863486,21.506372,-11.03473,0.3969657,-0.3046279,-0.07991324,0.049177404,-0.073766105,8.025668,-17.436571,31.597574,-10.693498,8.025668,-17.436571,31.597574,-10.693498,1.0,-1.0,1.0,-1.0,33.524375915527344,-0.4,0.4,-0.4
10.883333333333333,21.502436,-11.035409,1.1965653,0.9739884,0.00031697127,0.002268204,-0.22658594,0.0059524337,0.03207524,-0.06416378,0.08844762,-0.07569386,-0.02525414,21.506666,-11.034277,0.3965772,-0.30298862,-0.08107437,0.0983566,-0.06966769,-84.86887,155.57637,-166.08977,88.082664,-84.86887,155.57637,-166.08977,88.082664,-1.0,1.0,-1.0,1.0,0.0,0.4,-0.4,0.4
10.9,21.502773,-11.0349865,1.1973305,0.9735952,-0.0024321727,-0.0010618139,-0.2282659,0.007752102,0.031502273,0.08275293,-0.33672825,-0.59341437,-0.26841253,21.506931,-11.033829,0.39734215,-0.2977976,-0.082918525,0.31146166,-0.11064916,24.725412,-6.099423,-89.747795,-30.484812,24.725412,-6.099423,-89.747795,-30.484812,1.0,-1.0,-1.0,-1.0,33.524375915527344,-0.4,-0.4,-0.4
10.916666666666666,21.503113,-11.034555,1.196668,0.9734288,-0.0029149964,-0.0025579385,-0.22895673,0.0060419543,0.032799855,-0.0804361,0.09182898,-0.052877355,-0.02489847,21.507196,-11.033382,0.39667934,-0.29246998,-0.08401136,0.3196567,-0.06557017,-101.65095,189.8816,149.88568,234.88028,-101.65095,189.8816,149.88568,234.88028,-1.0,1.0,1.0,1.0,0.0,0.4,0.4,0.4
10.933333333333334,21.503433,-11.034084,1.197169,0.9737362,0.0011756734,-0.0003692159,-0.22767566,0.004038916,0.034264714,0.06684721,0.5270026,0.508066,0.21837549,21.507442,-11.032941,0.39718,-0.28714237,-0.081893995,0.3196567,0.12704192,39.32906,9.916693,20.775578,9.704976,39.32906,9.916693,20.775578,9.704976,1.0,1.0,1.0,1.0,33.524375915527344,0.4,0.4,0.4
10.95,21.503752,-11.033617,1.1962368,0.9738012,0.0030220398,9.184804e-05,-0.2273806,0.005085148,0.032953914,-0.09707388,0.0955768,-0.03043523,-0.024641491,21.50768,-11.032502,0.3962475,-0.2814049,-0.07984494,0.3442472,0.12294351,-47.82714,-34.903122,-185.3724,-83.96688,-47.82714,-34.903122,-185.3724,-83.96688,-1.0,-1.0,-1.0,-1.0,0.0,-0.4,-0.4,-0.4
10.966666666666667,21.504072,-11.033183,1.1964573,0.9734058,0.00041737812,-0.0028780845,-0.22906916,0.006116084,0.031386632,0.049853962,-0.32954302,-0.54819274,-0.26781365,21.507898,-11.032067,0.3964673,-0.27402824,-0.07991324,0.44260022,-0.004098415,52.485157,-19.36124,-80.98195,-23.383915,52.485157,-19.36124,-80.98195,-23.383915,1.0,-1.0,-1.0,-1.0,33.524375915527344,-0.4,-0.4,-0.4
10.983333333333333,21.504381,-11.032751,1.19525,0.973239,8.0162805e-05,-0.0040192585,-0.22975962,0.0040252293,0.031632792,-0.11332962,0.09915457,-0.0077077937,-0.02432772,21.508108,-11.031637,0.3952595,-0.26692477,-0.07977664,0.42620835,0.008196383,-85.95116,159.1714,158.53552,243.6795,-85.95116,159.1714,158.53552,243.6795,-1.0,1.0,1.0,1.0,0.0,0.4,0.4,0.4
11.0,21.504652,-11.0323105,1.1952049,0.9735468,-0.000907256,-0.0002602947,-0.22848576,0.0019887262,0.030559326,0.03416164,-0.32428974,0.551882,0.21831754,21.508307,-11.031213,0.39521396,-0.26173377,-0.0786155,0.31145987,0.06966814,83.722,-10.880784,25.064913,8.227522,83.722,-10.880784,25.064913,8.227522,1.0,-1.0,1.0,1.0,33.524375915527344,-0.4,0.4,0.4
11.016666666666666,21.504923,-11.031862,1.1937273,0.9736148,-0.0006585413,0.000942206,-0.22819488,0.003064753,0.031627916,-0.12952094,0.103178374,0.012588937,-0.024650702,21.508495,-11.0307865,0.3937361,-0.25585973,-0.077044554,0.35244223,0.09425684,-56.59607,142.3865,-186.7226,-107.6238,-56.59607,142.3865,-186.7226,-107.6238,-1.0,1.0,-1.0,-1.0,0.0,0.4,-0.4,-0.4
11.033333333333333,21.505213,-11.031417,1.1934037,0.97321826,-0.0010413637,-0.002183815,-0.2298703,0.0039063324,0.031892866,0.017331377,0.02025815,-0.5050177,-0.26763842,21.508665,-11.030369,0.393412,-0.24725363,-0.0750638,0.5163663,0.1188451,117.447655,-0.20305052,-104.76182,-45.473343,117.447655,-0.20305052,-104.76182,-45.473343,1.0,-0.20305052,-1.0,-1.0,33.524375915527344,-0.08122021,-0.4,-0.4
11.05,21.505499,-11.030957,1.1916524,0.973052,0.0015376201,-0.0036544467,-0.23055154,0.0019534812,0.031804517,-0.1460311,0.44891998,0.03427805,-0.024419837,21.508831,-11.02995,0.39166006,-0.2386475,-0.07212682,0.5163672,0.17621888,-29.107008,33.251705,146.06763,237.84326,-29.107008,33.251705,146.06763,237.84326,-1.0,1.0,1.0,1.0,0.0,0.4,0.4,0.4
11.066666666666666,21.505754,-11.030513,1.1910567,0.9726356,0.0019176088,-0.0067740837,-0.2322292,0.0013157547,0.030132886,0.00074693357,0.023688875,-0.48396906,-0.26760182,21.508978,-11.029538,0.39106375,-0.23086101,-0.06980456,0.46718982,0.13933583,124.16345,-39.76392,-28.895924,-21.640108,124.16345,-39.76392,-28.895924,-21.640108,1.0,-1.0,-1.0,-1.0,33.524375915527344,-0.4,-0.4,-0.4
11.083333333333334,21.505985,-11.030077,1.1890315,0.972467,-0.00043811116,-0.006892713,-0.23293826,-0.0018387346,0.029003061,-0.16240484,-0.3707246,0.05483679,-0.024670586,21.50912,-11.029126,0.38903812,-0.2245772,-0.068097,0.37702826,0.102453224,-3.0777133,-0.9175689,206.3666,254.19261,-3.0777133,-0.9175689,206.3666,254.19261,-1.0,-0.9175689,1.0,1.0,0.0,-0.36702758,0.4,0.4
11.1,21.506155,-11.029614,1.188169,0.9727912,0.0001185067,-0.002953563,-0.23166445,-0.004483819,0.029434755,-0.014915675,0.064612605,0.61551225,0.21851285,21.50925,-11.028719,0.38817546,-0.22170849,-0.06413549,0.1721227,0.23769064,167.64224,161.43837,85.47439,14.713373,167.64224,161.43837,85.47439,14.713373,1.0,1.0,1.0,1.0,33.524375915527344,0.4,0.4,0.4
11.116666666666667,21.5063,-11.02915,1.1897564,0.9728629,-0.0015129222,-0.00062388694,-0.23137614,-0.0045962404,0.028262615,0.13203567,-0.36150208,0.09721576,-0.024850342,21.509361,-11.028317,0.3897628,-0.2192496,-0.059627566,0.1475331,0.2704755,48.27674,-4.566924,-166.66678,-86.354324,48.27674,-4.566924,-166.66678,-86.354324,1.0,-1.0,-1.0,-1.0,33.524375915527344,-0.4,-0.4,-0.4
11.133333333333333,21.506454,-11.028682,1.1899095,0.973161,-0.0024244722,-0.0030310464,-0.23009232,-0.0041628866,0.029304218,-0.031611312,0.06789987,-0.4413191,0.21846524,21.509466,-11.027914,0.38991565,-0.21569788,-0.054983035,0.21310328,0.2786719,-66.416,192.89407,-65.65649,12.479007,-66.416,192.89407,-65.65649,12.479007,-1.0,1.0,-1.0,1.0,0.0,0.4,-0.4,0.4
11.15,21.506586,-11.028182,1.1912237,0.9732329,0.0007366088,-0.003950044,-0.22978568,-0.0063924785,0.031112088,0.115678996,0.503562,0.120126456,-0.024559468,21.509554,-11.02752,0.3912297,-0.21255599,-0.04740152,0.18851368,0.4548908,11.784327,34.09584,178.21922,-74.097084,11.784327,34.09584,178.21922,-74.097084,1.0,1.0,1.0,-1.0,33.524375915527344,0.4,0.4,-0.4
11.166666666666666,21.506704,-11.027679,1.1911079,0.9735349,0.0024173018,-0.0033939646,-0.22850052,-0.007438898,0.029659988,-0.0479879,0.074211456,0.10899451,0.21823093,21.509644,-11.027127,0.39111343,-0.21050692,-0.0395468,0.12294441,0.47128332,-42.101856,-39.92155,-0.019706449,9.766218,-42.101856,-39.92155,-0.019706449,9.766218,-1.0,-1.0,-0.019706449,1.0,0.0,-0.4,-0.007882579,0.4
11.183333333333334,21.506792,-11.027199,1.1921458,0.9735952,-9.7909615e-05,-0.0051964894,-0.22822201,-0.0072418866,0.027802356,0.099013954,-0.35053223,-0.4089127,-0.025074612,21.50971,-11.026734,0.3921516,-0.20900425,-0.033263024,0.09015977,0.37702647,41.93158,-4.4201083,-4.074848,-82.40675,41.93158,-4.4201083,-4.074848,-82.40675,1.0,-1.0,-1.0,-1.0,33.524375915527344,-0.4,-0.4,-0.4
11.2,21.50687,-11.026713,1.1917558,0.97389346,-0.00033979845,-0.005176539,-0.22694604,-0.009723744,0.02807469,-0.064144455,0.07965283,0.1306106,0.21821405,21.50978,-11.026342,0.39176127,-0.20845783,-0.026569437,0.03278553,0.40161517,-97.00543,176.90384,200.74344,82.90083,-97.00543,176.90384,200.74344,82.90083,-1.0,1.0,1.0,1.0,0.0,0.4,0.4,0.4
11.216666666666667,21.506899,-11.026201,1.1925296,0.9739708,0.0039887517,-0.0014670821,-0.22663376,-0.012550356,0.028770098,0.083054036,0.5137652,0.6916768,-0.024580274,21.50983,-11.02595,0.39253488,-0.20996049,-0.017963398,-0.09015977,0.5163623,51.61277,5.281531,57.53627,-86.01456,51.61277,5.281531,57.53627,-86.01456,1.0,1.0,1.0,-1.0,33.524375915527344,0.4,0.4,-0.4
11.233333333333333,21.506924,-11.0257,1.1918697,0.97357243,0.0060856524,0.0005055835,-0.22829683,-0.011533207,0.026518047,-0.08089793,0.084280185,0.1515577,-0.26746064,21.50988,-11.025561,0.39187524,-0.21173635,-0.009903775,-0.10655164,0.4835774,-21.566557,-49.377914,-175.38393,-59.41709,-21.566557,-49.377914,-175.38393,-59.41709,-1.0,-1.0,-1.0,-1.0,0.0,-0.4,-0.4,-0.4
11.25,21.506952,-11.025264,1.1923627,0.9734192,0.0037389016,-0.0009687495,-0.22899811,-0.009941938,0.023594229,0.06609511,-0.33964288,-0.36661315,-0.024505785,21.509916,-11.025173,0.39236817,-0.21228276,-0.00648868,-0.032784637,0.20490567,95.668175,-33.277252,-87.961586,108.264046,95.668175,-33.277252,-87.961586,108.264046,1.0,-1.0,-1.0,1.0,33.524375915527344,-0.4,-0.4,0.4
11.266666666666666,21.506968,-11.024833,1.1914272,0.9737204,0.0036716522,-0.00063157716,-0.22771609,-0.010737239,0.022960953,-0.09708169,0.09049668,0.1728747,0.2187572,21.509943,-11.024781,0.39143294,-0.2131024,-0.0036883021,-0.0491783,0.16802266,-83.036545,130.85075,136.2037,61.708717,-83.036545,130.85075,136.2037,61.708717,-1.0,1.0,1.0,1.0,0.0,0.4,0.4,0.4
11.283333333333333,21.506979,-11.024437,1.1916476,0.97379166,0.0014109245,-0.0019490699,-0.22742872,-0.009680964,0.021079468,0.049885247,-0.3343552,-0.3450478,-0.024570834,21.509958,-11.024393,0.39165315,-0.21337561,-0.003141887,-0.016392766,0.032784905,85.11158,-15.33902,-81.59229,-94.38029,85.11158,-15.33902,-81.59229,-94.38029,1.0,-1.0,-1.0,-1.0,33.524375915527344,-0.4,-0.4,-0.4
11.3,21.50698,-11.02404,1.19044,0.97409093,0.0014252767,-0.001444121,-0.22614738,-0.010917445,0.02110985,-0.1133007,0.09572281,0.19441424,0.218678,21.509968,-11.024002,0.39044556,-0.21392202,-0.0027320758,-0.032784637,0.024588674,-57.634712,145.68025,146.75867,50.973614,-57.634712,145.68025,146.75867,50.973614,-1.0,1.0,1.0,1.0,0.0,0.4,0.4,0.4
11.316666666666666,21.506968,-11.023657,1.1903881,0.9741564,-0.00074967416,-0.0025990708,-0.22585824,-0.010366261,0.019996874,0.0336545,-0.32912904,-0.32349554,-0.02466105,21.509956,-11.023611,0.39039358,-0.21405862,-0.0032784909,-0.008195936,-0.032784905,108.7396,-10.212604,-70.19238,-101.13086,108.7396,-10.212604,-70.19238,-101.13086,1.0,-1.0,-1.0,-1.0,33.524375915527344,-0.4,-0.4,-0.4
11.333333333333334,21.50695,-11.023268,1.1889082,0.974454,-0.0006544181,-0.0019261149,-0.22457787,-0.011908889,0.020662982,-0.12953787,0.10088861,0.21594292,0.21857902,21.509945,-11.02322,0.38891393,-0.21446845,-0.0034150947,-0.024589596,-0.008196229,-22.498238,162.38022,154.89653,37.82851,-22.498238,162.38022,154.89653,37.82851,-1.0,1.0,1.0,1.0,0.0,0.4,0.4,0.4
11.35,21.506924,-11.022877,1.1885839,0.97451484,-0.0027458672,-0.002918989,-0.22428702,-0.011720546,0.020286867,0.017416248,-0.323961,-0.3019629,-0.02477102,21.509918,-11.022829,0.38858956,-0.21446845,-0.0034150947,0.0,0.0,134.64482,-3.1143606,-61.133232,-109.45061,134.64482,-3.1143606,-61.133232,-109.45061,1.0,-1.0,-1.0,-1.0,33.524375915527344,-0.4,-0.4,-0.4
11.366666666666667,21.506866,-11.022445,1.1907147,0.9748111,-0.0025078007,-0.0019556773,-0.22300933,-0.014123239,0.021796044,0.16487402,0.11134971,0.25882208,0.21846825,21.509869,-11.022438,0.39072028,-0.21501486,-0.00047811324,-0.032784637,0.17621887,18.536226,180.23291,159.63718,22.450838,18.536226,180.23291,159.63718,22.450838,1.0,1.0,1.0,1.0,33.524375915527344,0.4,0.4,0.4
11.383333333333333,21.506823,-11.0219965,1.1914139,0.974878,0.0007347333,-0.003934949,-0.22270305,-0.014025187,0.02326348,0.0010599407,0.5394589,-0.27953148,-0.024282455,21.509823,-11.022047,0.39141944,-0.21487826,0.0036200003,0.008195936,0.2458868,-74.62408,12.478062,-60.018612,-95.42284,-74.62408,12.478062,-60.018612,-95.42284,-1.0,1.0,-1.0,-1.0,0.0,0.4,-0.4,-0.4
11.4,21.506771,-11.021547,1.1893895,0.97449356,0.0027382723,-0.0033252628,-0.22437389,-0.01579265,0.021527596,-0.1623545,0.10990104,0.25893298,-0.26772332,21.509777,-11.021657,0.3893951,-0.21528807,0.007854718,-0.024588702,0.254083,-6.6118217,-42.485283,172.65341,-1.6680077,-6.6118217,-42.485283,172.65341,-1.6680077,-1.0,-1.0,1.0,-1.0,0.0,-0.4,0.4,-0.4
11.416666666666666,21.506685,-11.021129,1.1885202,0.9743327,0.0008125503,-0.0039891247,-0.22507595,-0.01594132,0.019718423,-0.015400548,-0.31350976,-0.25936055,-0.024815748,21.50971,-11.021269,0.38852602,-0.21665412,0.010040378,-0.081962936,0.13113962,185.88263,-28.98751,-23.680027,70.235146,185.88263,-28.98751,-23.680027,70.235146,1.0,-1.0,-1.0,1.0,33.524375915527344,-0.4,-0.4,0.4
11.433333333333334,21.50656,-11.020702,1.190106,0.9746317,0.0012144209,-0.0027047007,-0.22379486,-0.018404344,0.019926716,0.13203254,0.12173036,0.30138886,0.21841094,21.509632,-11.020877,0.3901121,-0.22006924,0.012499247,-0.20490734,0.1475321,44.29153,141.15025,178.4218,26.947239,44.29153,141.15025,178.4218,26.947239,1.0,1.0,1.0,1.0,33.524375915527344,0.4,0.4,0.4
11.45,21.506424,-11.020285,1.1902586,0.9746966,-0.0006118741,-0.0031674057,-0.22350857,-0.018331222,0.018882852,-0.031686425,-0.30862325,-0.23788176,-0.024968818,21.509546,-11.020485,0.39026487,-0.22362097,0.014343398,-0.21310328,0.11064905,-52.484615,-13.539629,-44.72629,-84.648155,-52.484615,-13.539629,-44.72629,-84.648155,-1.0,-1.0,-1.0,-1.0,0.0,-0.4,-0.4,-0.4
11.466666666666667,21.50626,-11.019846,1.1915721,0.9749926,-0.00013127473,-0.0017153675,-0.22223043,-0.020591186,0.01965551,0.11572996,0.12656543,0.3228349,0.21825598,21.509441,-11.020091,0.39157858,-0.22785573,0.017553587,-0.25408563,0.19261132,43.56848,152.03178,176.99608,10.1394825,43.56848,152.03178,176.99608,10.1394825,1.0,1.0,1.0,1.0,33.524375915527344,0.4,0.4,0.4
11.483333333333333,21.506092,-11.019411,1.1914523,0.97505575,-0.0018772046,-0.0020152032,-0.22194259,-0.020312317,0.019165678,-0.0479957,-0.3037985,-0.21643366,-0.02512888,21.509333,-11.019697,0.39145878,-0.23209047,0.020490568,-0.25408474,0.17621888,-55.582695,-6.7743325,-57.536602,-91.93913,-55.582695,-6.7743325,-57.536602,-91.93913,-1.0,-1.0,-1.0,-1.0,0.0,-0.4,-0.4,-0.4
11.5,21.505907,-11.018949,1.1924931,0.97467345,-0.0013150526,-0.00040042753,-0.22362843,-0.02229053,0.020560088,0.09940549,0.13091059,0.3445675,-0.26787627,21.509205,-11.019303,0.39250004,-0.2361886,0.025408303,-0.24588792,0.2950641,47.18603,164.57387,165.67111,-7.785915,47.18603,164.57387,165.67111,-7.785915,1.0,1.0,1.0,-1.0,33.524375915527344,0.4,0.4,-0.4
11.516666666666666,21.505726,-11.018487,1.1921009,0.97451013,-0.002972564,-0.0005365761,-0.22432308,-0.021776536,0.020328375,-0.06432467,-0.29750988,-0.19519325,-0.024996795,21.509073,-11.0189085,0.3921079,-0.23974034,0.030189436,-0.21310417,0.28686795,-40.208736,-10.676973,-73.85374,112.514206,-40.208736,-10.676973,-73.85374,112.514206,-1.0,-1.0,-1.0,1.0,0.0,-0.4,-0.4,0.4
11.533333333333333,21.505543,-11.017989,1.1928693,0.9741215,-0.0023178963,0.0012353166,-0.22600923,-0.023279682,0.022206832,0.08306329,0.1372571,0.36578107,-0.26773366,21.508924,-11.018509,0.39287657,-0.24219923,0.037224535,-0.1475331,0.4221059,54.329845,176.19513,140.83224,-7.760457,54.329845,176.19513,140.83224,-7.760457,1.0,1.0,1.0,-1.0,33.524375915527344,0.4,0.4,-0.4
11.55,21.505363,-11.017489,1.1922055,0.9739632,-0.0013050116,0.0006633539,-0.22670133,-0.02231105,0.022706106,-0.08072571,0.1328061,-0.17400461,-0.024409063,21.508766,-11.018114,0.39221326,-0.2437019,0.04473774,-0.09016066,0.45079237,-32.83824,-0.012291446,-106.42597,110.84213,-32.83824,-0.012291446,-106.42597,110.84213,-1.0,-0.012291446,-1.0,1.0,0.0,-0.0049165785,-0.4,0.4
11.566666666666666,21.505198,-11.016966,1.1927028,0.97356635,0.0028826783,0.0017942112,-0.22837877,-0.023199728,0.02398686,0.06648724,0.5673952,0.38636038,-0.26718155,21.508596,-11.01771,0.39271036,-0.24342866,0.053275485,0.016394554,0.51226455,79.423416,7.8480616,110.47157,-9.967344,79.423416,7.8480616,110.47157,-9.967344,1.0,1.0,1.0,-1.0,33.524375915527344,0.4,0.4,-0.4
11.583333333333334,21.505035,-11.016456,1.191767,0.97339714,0.0048396564,0.0011675331,-0.22907028,-0.021643044,0.021977844,-0.097410634,0.13887599,-0.1549021,-0.023992144,21.50842,-11.017308,0.39177474,-0.24247244,0.061061904,0.05737334,0.46718514,-22.729134,-48.47462,-138.00096,84.70675,-22.729134,-48.47462,-138.00096,84.70675,-1.0,-1.0,-1.0,1.0,0.0,-0.4,-0.4,0.4
11.6,21.504868,-11.015993,1.1919901,0.97300273,0.003892472,0.0036690235,-0.23073125,-0.021771805,0.019726662,0.049918186,-0.28491694,0.40531656,-0.26731378,21.508234,-11.016902,0.39199778,-0.2411064,0.065091714,0.08196204,0.24178861,88.94267,-22.138453,64.7337,-5.1920047,88.94267,-22.138453,64.7337,-5.1920047,1.0,-1.0,1.0,-1.0,33.524375915527344,-0.4,0.4,-0.4
11.616666666666667,21.50471,-11.015542,1.1907809,0.97283816,0.004201001,0.0036121304,-0.23141971,-0.019505585,0.019240452,-0.11377537,0.14544068,-0.1330032,-0.023876397,21.508041,-11.016493,0.3907884,-0.2386475,0.068097,0.147534,0.1803173,-25.007668,106.75736,-155.60588,111.45976,-25.007668,106.75736,-155.60588,111.45976,-1.0,1.0,-1.0,1.0,0.0,0.4,-0.4,0.4
11.633333333333333,21.504578,-11.01514,1.190725,0.9724503,0.0017853436,-0.0002723114,-0.23310296,-0.017300509,0.017461075,0.03329107,-0.27961904,-0.650754,-0.267049,21.507828,-11.01608,0.390732,-0.23277348,0.06734568,0.35244134,-0.045079436,113.138,-20.191875,-45.152508,-20.433802,113.138,-20.191875,-45.152508,-20.433802,1.0,-1.0,-1.0,-1.0,33.524375915527344,-0.4,-0.4,-0.4
11.65,21.504442,-11.014738,1.1892414,0.9722831,0.0016429482,-0.0023400043,-0.23378891,-0.018697968,0.017329577,-0.12982517,0.14848107,-0.110437274,-0.023564005,21.507608,-11.015663,0.3892483,-0.22676288,0.06625285,0.36063638,-0.06556972,-32.59951,128.9275,185.40457,258.0203,-32.59951,128.9275,185.40457,258.0203,-1.0,1.0,1.0,1.0,0.0,0.4,0.4,0.4
11.666666666666666,21.504274,-11.014348,1.1889195,0.9725951,0.00087232894,0.0004945405,-0.23250301,-0.020051695,0.015881583,0.017475946,-0.275035,0.4494549,0.21907865,21.507378,-11.0152445,0.3889263,-0.22225492,0.06420379,0.2704775,-0.12294351,140.05112,-17.890081,93.759995,16.722908,140.05112,-17.890081,93.759995,16.722908,1.0,-1.0,1.0,1.0,33.524375915527344,-0.4,0.4,0.4
11.683333333333334,21.504116,-11.013958,1.1884639,0.9726657,0.0013506751,0.0008099325,-0.2322043,-0.01879659,0.016439999,-0.04235494,0.15455386,-0.082775876,-0.023794362,21.50714,-11.01482,0.3884701,-0.21651752,0.061744925,0.34424362,-0.14753199,-0.3311764,104.21435,-148.67578,-95.16951,-0.3311764,104.21435,-148.67578,-95.16951,-0.3311764,1.0,-1.0,-1.0,11.210947036743164,0.4,-0.4,-0.4
11.7,21.503965,-11.013596,1.1895946,0.97296757,-0.0008842239,-0.0026958308,-0.23092414,-0.017152082,0.015105801,0.10467631,-0.26917577,-0.6008086,0.21901165,21.50688,-11.014397,0.38960052,-0.20873106,0.0573736,0.46718803,-0.26227957,81.38039,-17.277185,-7.6456275,8.538626,81.38039,-17.277185,-7.6456275,8.538626,1.0,-1.0,-1.0,1.0,33.524375915527344,-0.4,-0.4,0.4
11.716666666666667,21.503815,-11.013224,1.1892978,0.9730334,-0.0008246423,-0.0043917387,-0.23062062,-0.019088443,0.015939534,-0.058454175,0.16152371,-0.061536647,-0.023774697,21.50662,-11.013968,0.38930318,-0.20094459,0.053343784,0.46718803,-0.24178883,-108.56784,134.09543,209.67453,-42.02351,-108.56784,134.09543,209.67453,-42.02351,-1.0,1.0,1.0,-1.0,0.0,0.4,0.4,-0.4
11.733333333333333,21.503613,-11.012836,1.1901627,0.9733436,-0.0014074334,-0.0011846964,-0.22934408,-0.021738425,0.014981569,0.08882089,-0.2620466,0.4984394,0.21886788,21.506344,-11.013536,0.39016792,-0.19561699,0.050133597,0.3196558,-0.1926112,86.871666,-15.105719,117.16063,28.062008,86.871666,-15.105719,117.16063,28.062008,1.0,-1.0,1.0,1.0,33.524375915527344,-0.4,0.4,0.4
11.75,21.50341,-11.012443,1.1895951,0.9734147,-0.0007540339,-0.0005359376,-0.22904786,-0.021204125,0.016073288,-0.07491797,0.16566488,-0.041036416,-0.024018377,21.50606,-11.013104,0.38959998,-0.189743,0.04740152,0.35243955,-0.16392453,-53.02074,123.67427,-129.95897,-96.58886,-53.02074,123.67427,-129.95897,-96.58886,-1.0,1.0,-1.0,-1.0,0.0,0.4,-0.4,-0.4
11.766666666666666,21.503204,-11.012043,1.1901876,0.9730143,-0.0012634653,0.002828335,-0.23072366,-0.022456676,0.01554104,0.07233857,-0.25799626,0.5191798,-0.26737022,21.505768,-11.012669,0.39019194,-0.1835958,0.044806045,0.36883143,-0.1557286,108.22569,-11.983245,31.486208,-9.509386,108.22569,-11.983245,31.486208,-9.509386,1.0,-1.0,1.0,-1.0,33.524375915527344,-0.4,0.4,-0.4
11.783333333333333,21.503008,-11.01164,1.189348,0.97284836,-0.0005154057,0.0036362405,-0.23141412,-0.020670824,0.016603936,-0.09140614,0.17277096,-0.0194288,-0.023947198,21.50547,-11.012231,0.38935202,-0.17635576,0.042347178,0.4344025,-0.14753199,-6.423662,140.94458,-170.90831,93.73841,-6.423662,140.94458,-170.90831,93.73841,-1.0,1.0,-1.0,1.0,0.0,0.4,-0.4,0.4
11.8,21.50284,-11.011249,1.1896616,0.97245425,-0.0024897035,0.0006107054,-0.23307939,-0.018615829,0.016373333,0.055615973,-0.25204152,-0.5372882,-0.26713344,21.505152,-11.01179,0.3896652,-0.16556402,0.03879548,0.64750487,-0.21310194,121.61792,-8.688195,-98.43253,-33.902317,121.61792,-8.688195,-98.43253,-33.902317,1.0,-1.0,-1.0,-1.0,33.524375915527344,-0.4,-0.4,-0.4
11.816666666666666,21.502684,-11.010849,1.1885473,0.97229135,-0.00218698,-0.0005956269,-0.23376116,-0.019764077,0.017633272,-0.10754028,0.1763538,0.0028469614,-0.023731733,21.504835,-11.011349,0.38855043,-0.15408926,0.035790194,0.68848544,-0.18031707,-20.326477,162.80118,137.01852,242.09088,-20.326477,162.80118,137.01852,242.09088,-1.0,1.0,1.0,1.0,0.0,0.4,0.4,0.4
11.833333333333334,21.50253,-11.010438,1.1885887,0.9718781,-0.004088976,-0.0034457098,-0.23542362,-0.01941296,0.017664803,0.039476886,-0.24846186,-0.515004,-0.26692572,21.504513,-11.010906,0.3885916,-0.14206809,0.033536233,0.7212701,-0.13523763,142.8586,-4.259891,-29.15322,-1.8590034,142.8586,-4.259891,-29.15322,-1.8590034,1.0,-1.0,-1.0,-1.0,33.524375915527344,-0.4,-0.4,-0.4
11.85,21.50235,-11.00997,1.191085,0.97171205,-0.0036489076,-0.004358358,-0.2361001,-0.021885542,0.019628782,0.18697664,0.1854012,0.046480604,-0.023534995,21.504179,-11.010461,0.39108732,-0.13100316,0.035175476,0.66389585,0.098354585,5.2238917,174.85565,188.3653,262.08932,5.2238917,174.85565,188.3653,262.08932,1.0,1.0,1.0,1.0,33.524375915527344,0.4,0.4,0.4
11.866666666666667,21.50215,-11.00947,1.1921557,0.97204036,0.0013426688,-0.0017006941,-0.23480354,-0.024562752,0.021285288,0.023456786,0.6148436,0.58592,0.21981682,21.503838,-11.010014,0.39215788,-0.12089444,0.03893208,0.606523,0.22539629,-93.1337,9.548666,72.64543,80.87655,-93.1337,9.548666,72.64543,80.87655,-1.0,1.0,1.0,1.0,0.0,0.4,0.4,0.4
11.883333333333333,21.501951,-11.008979,1.1904992,0.9721093,0.004056416,-0.00079272344,-0.23449142,-0.023673309,0.01948387,-0.14052694,0.18343869,0.04767724,-0.023039222,21.503496,-11.009566,0.39050102,-0.11064913,0.04207397,0.61471844,0.18851323,-7.085975,-39.368324,-157.92252,-63.762737,-7.085975,-39.368324,-157.92252,-63.762737,-1.0,-1.0,-1.0,-1.0,0.0,-0.4,-0.4,-0.4
11.9,21.501743,-11.008533,1.1899953,0.9717043,0.002297945,-0.003281162,-0.23616657,-0.023034887,0.01739723,0.006496821,-0.24133198,-0.47021797,-0.26622656,21.503145,-11.009117,0.389997,-0.10040384,0.041869063,0.61471754,-0.012294351,140.64528,-25.614113,-32.763733,-3.286688,140.64528,-25.614113,-32.763733,-3.286688,1.0,-1.0,-1.0,-1.0,33.524375915527344,-0.4,-0.4,-0.4
11.916666666666666,21.501503,-11.008097,1.1919467,0.9715363,0.0028835835,-0.0038420763,-0.23684174,-0.025026195,0.017128086,0.15397884,0.19263485,0.091193736,-0.022851817,21.502796,-11.008662,0.39194795,-0.09261741,0.040503025,0.4671858,-0.081962265,10.467751,107.04857,185.97139,262.70267,10.467751,107.04857,185.97139,262.70267,1.0,1.0,1.0,1.0,33.524375915527344,0.4,0.4,0.4
11.933333333333334,21.501225,-11.007662,1.192471,0.97186,0.0028108617,0.00041644278,-0.23554191,-0.026790204,0.015209607,-0.009502244,-0.23638225,0.6296922,0.21981937,21.502436,-11.008206,0.39247212,-0.08674344,0.039000385,0.3524382,-0.090158425,-90.83161,-29.434969,54.031815,75.03628,-90.83161,-29.434969,54.031815,75.03628,-1.0,-1.0,1.0,1.0,0.0,-0.4,0.4,0.4
11.95,21.500952,-11.007253,1.1941518,0.9719283,0.0039954237,0.0021943348,-0.23523296,-0.025574578,0.015321415,0.13734677,0.19628543,0.11153813,-0.023107028,21.502062,-11.00775,0.3941529,-0.07950343,0.035585288,0.43440026,-0.20490578,1.8221914,65.47443,-176.44688,-84.86846,1.8221914,65.47443,-176.44688,-84.86846,1.0,1.0,-1.0,-1.0,33.524375915527344,0.4,-0.4,-0.4
11.966666666666667,21.500698,-11.006865,1.194397,0.97224504,0.0024069613,6.175981e-05,-0.23395222,-0.023829129,0.013545384,-0.026315816,-0.2328443,-0.42791674,0.219699,21.501694,-11.007292,0.394398,-0.0713072,0.030599248,0.49177405,-0.2991624,-101.861885,-30.25125,-102.29846,25.470186,-101.861885,-30.25125,-102.29846,25.470186,-1.0,-1.0,-1.0,1.0,0.0,-0.4,-0.4,0.4
11.983333333333333,21.500444,-11.006468,1.1919202,0.97231615,0.0030893977,-0.00030479766,-0.23364829,-0.02452162,0.013312193,-0.18950611,0.1973231,0.1113016,-0.023207821,21.50133,-11.006835,0.39192086,-0.06338417,0.02629623,0.47538173,-0.25818104,-46.692116,87.81168,145.25061,-60.999817,-46.692116,87.81168,145.25061,-60.999817,-1.0,1.0,1.0,-1.0,0.0,0.4,0.4,-0.4
12.0,21.500183,-11.0061,1.190599,0.97191375,0.0015688771,-0.0023087657,-0.23532043,-0.023936223,0.011677284,-0.04252282,-0.22729252,-0.40664262,-0.2663688,21.500956,-11.006373,0.39059937,-0.055324543,0.019602643,0.48357743,-0.40161517,170.50864,-28.514185,-62.649662,-31.931606,170.50864,-28.514185,-62.649662,-31.931606,1.0,-1.0,-1.0,-1.0,33.524375915527344,-0.4,-0.4,-0.4
12.016666666666666,21.499891,-11.005739,1.1917328,0.97174805,0.0023938166,-0.0023833162,-0.23599647,-0.025722958,0.011678077,0.10493457,0.20683014,0.15465446,-0.023035308,21.500578,-11.005914,0.39173323,-0.04917737,0.012499247,0.36883032,-0.42620376,64.2197,92.71176,167.92398,236.7409,64.2197,92.71176,167.92398,236.7409,1.0,1.0,1.0,1.0,33.524375915527344,0.4,0.4,0.4
12.033333333333333,21.499592,-11.00539,1.1914335,0.97205466,0.0009674886,-0.004184543,-0.23471518,-0.025680166,0.010120695,-0.058750946,-0.22232015,-0.38482085,0.21978356,21.5002,-11.005453,0.39143372,-0.04357661,0.004507925,0.33604568,-0.47947925,-61.521626,-34.534065,-12.880227,49.583206,-61.521626,-34.534065,-12.880227,49.583206,-1.0,-1.0,-1.0,1.0,0.0,-0.4,-0.4,0.4
12.05,21.499254,-11.005032,1.1922954,0.9721282,0.0018805328,-0.004100812,-0.23440646,-0.028085746,0.010424508,0.08870124,0.21303639,0.17574249,-0.023165291,21.499819,-11.0049925,0.39229584,-0.04043472,-0.0028003776,0.18851323,-0.4384981,25.659119,84.43803,208.27019,-50.42928,25.659119,84.43803,208.27019,-50.42928,1.0,1.0,1.0,-1.0,33.524375915527344,0.4,0.4,-0.4
12.066666666666666,21.49889,-11.004671,1.19173,0.9724478,0.002126965,0.0008043871,-0.23310955,-0.029384213,0.008929571,-0.074861325,-0.21608819,0.71430135,0.21950622,21.499437,-11.004532,0.39173016,-0.03920529,-0.009972076,0.07376588,-0.43030187,-53.5911,-36.920563,55.2715,47.48242,-53.5911,-36.920563,55.2715,47.48242,-1.0,-1.0,1.0,1.0,0.0,-0.4,0.4,0.4
12.083333333333334,21.498547,-11.004329,1.1923212,0.9725117,0.0036346884,0.0032317988,-0.23280312,-0.02783736,0.009216102,0.07194503,0.21642128,0.19599384,-0.023431145,21.49906,-11.004072,0.3923214,-0.03674642,-0.01837321,0.14753221,-0.504068,74.84552,45.658134,-180.1626,-96.399864,74.84552,45.658134,-180.1626,-96.399864,1.0,1.0,-1.0,-1.0,33.524375915527344,0.4,-0.4,-0.4
12.1,21.498209,-11.004002,1.1914768,0.9721181,0.0023662618,0.001754572,-0.23447296,-0.025990129,0.007802234,-0.09175939,-0.21336226,-0.34334525,-0.266582,21.49867,-11.003608,0.3914771,-0.033058118,-0.028208682,0.2212981,-0.5901283,-43.51334,-36.99821,-124.23836,-12.557605,-43.51334,-36.99821,-124.23836,-12.557605,-1.0,-1.0,-1.0,-1.0,0.0,-0.4,-0.4,-0.4
12.116666666666667,21.497885,-11.003692,1.1917937,0.9719498,0.003425723,0.0021655117,-0.23515305,-0.026274543,0.0077874176,0.055675205,0.22091559,0.21781816,-0.023263754,21.498287,-11.00315,0.39179403,-0.028823398,-0.03879548,0.2540832,-0.6352077,116.1415,69.338585,111.30087,191.87833,116.1415,69.338585,111.30087,191.87833,1.0,1.0,1.0,1.0,33.524375915527344,0.4,0.4,0.4
12.133333333333333,21.497564,-11.003395,1.1906768,0.9715503,0.0022343637,0.0008584946,-0.2368211,-0.024792604,0.0063859858,-0.10804818,-0.20886931,-0.3215417,-0.2664177,21.4979,-11.002691,0.39067745,-0.024042265,-0.050406802,0.28686795,-0.6966794,-26.498722,-38.837925,-123.26877,-1.4104226,-26.498722,-38.837925,-123.26877,-1.4104226,-1.0,-1.0,-1.0,-1.0,0.0,-0.4,-0.4,-0.4
12.15,21.49724,-11.003108,1.1907212,0.9713809,0.0033753365,0.0014338923,-0.23749866,-0.025361327,0.0063151214,0.039379835,0.22550704,0.23960724,-0.02309705,21.497513,-11.002234,0.39072168,-0.019534342,-0.062564544,0.2704754,-0.7294645,137.56621,63.25265,113.00961,196.44197,137.56621,63.25265,113.00961,196.44197,1.0,1.0,1.0,1.0,33.524375915527344,0.4,0.4,0.4
12.166666666666666,21.49692,-11.002863,1.1927372,0.97169816,0.0023266254,0.00039016875,-0.23621415,-0.02343005,0.0043289447,0.14805408,-0.19901526,-0.28120974,0.21972905,21.49712,-11.001782,0.39273825,-0.014343398,-0.077386074,0.31145665,-0.8892917,0.7538068,-40.4328,-121.604996,6.2011433,0.7538068,-40.4328,-121.604996,6.2011433,0.7538068,-1.0,-1.0,1.0,29.397640228271484,-0.4,-0.4,0.4
12.183333333333334,21.496601,-11.00262,1.1931659,0.97176796,0.0035677392,0.0011436864,-0.23590852,-0.023924027,0.004398717,-0.015182958,0.23069696,0.2579459,-0.023227796,21.496729,-11.001335,0.393167,-0.009152453,-0.09200269,0.31145665,-0.87699693,-125.35515,57.515244,99.98703,-51.886356,-125.35515,57.515244,99.98703,-51.886356,-1.0,1.0,1.0,-1.0,0.0,0.4,0.4,-0.4
12.2,21.49629,-11.002413,1.1947503,0.97136563,0.0025993625,0.0002649867,-0.23757502,-0.022110011,0.0024233763,0.13171811,-0.19367632,-0.2601299,-0.26638117,21.496338,-11.000893,0.3947519,-0.0034150947,-0.108873285,0.3442415,-1.0122356,25.794079,-44.083897,-125.61929,-10.690738,25.794079,-44.083897,-125.61929,-10.690738,1.0,-1.0,-1.0,-1.0,33.524375915527344,-0.4,-0.4,-0.4
12.216666666666667,21.495975,-11.002204,1.1949064,0.97119516,0.003922841,0.001184259,-0.23824996,-0.02263841,0.002094084,-0.031519167,0.23553832,0.27960095,-0.023050651,21.495947,-11.000447,0.3949084,0.0020490568,-0.12581219,0.32784906,-1.016334,-100.81584,53.84992,87.34789,242.71043,-100.81584,53.84992,87.34789,242.71043,-1.0,1.0,1.0,1.0,0.0,0.4,0.4,0.4
12.233333333333333,21.495668,-11.00204,1.196218,0.97078925,0.0030343123,0.00047400984,-0.23991376,-0.020823773,3.8743252e-05,0.11536854,-0.1888392,-0.23849201,-0.2662048,21.49556,-11.000014,0.39622056,0.0077864155,-0.14507338,0.3442415,-1.1556717,21.669178,-47.17742,-135.33904,-5.9965663,21.669178,-47.17742,-135.33904,-5.9965663,1.0,-1.0,-1.0,-1.0,33.524375915527344,-0.4,-0.4,-0.4
12.25,21.495356,-11.001878,1.1961021,0.9706164,0.0044427686,0.0015552463,-0.24058591,-0.021189265,-0.00044802023,-0.04786646,0.24047461,0.301209,-0.022868425,21.49517,-10.999584,0.3961057,0.013250567,-0.16426627,0.32784906,-1.1515733,-103.21549,39.520264,73.778534,246.99614,-103.21549,39.520264,73.778534,246.99614,-1.0,1.0,1.0,1.0,0.0,0.4,0.4,0.4
12.266666666666666,21.49505,-11.0017605,1.1971415,0.97020715,0.0036348042,0.0010126749,-0.24224722,-0.019233515,-0.0026124148,0.09900945,-0.18390879,-0.21689987,-0.2660234,21.49478,-10.999163,0.39714602,0.019397737,-0.18605469,0.3688302,-1.307305,23.115143,-50.04495,-148.84602,-5.1776376,23.115143,-50.04495,-148.84602,-5.1776376,1.0,-1.0,-1.0,-1.0,33.524375915527344,-0.4,-0.4,-0.4
12.283333333333333,21.494741,-11.00165,1.1967529,0.9700308,0.0051299296,0.0022554365,-0.24291709,-0.01930561,-0.0032848339,-0.06421907,0.24550378,0.32277024,-0.022681136,21.494392,-10.998748,0.39675847,0.024998493,-0.20784311,0.33604535,-1.307305,-103.5487,23.62441,45.49951,248.306,-103.5487,23.62441,45.49951,248.306,-1.0,1.0,1.0,1.0,0.0,0.4,0.4,0.4
12.3,21.494446,-11.001592,1.1975194,0.9696185,0.0044038086,0.0018801587,-0.24457498,-0.017068306,-0.005586328,0.08264708,-0.17888597,-0.19535573,-0.26583737,21.494005,-10.998346,0.39752638,0.031555474,-0.23243198,0.3934188,-1.475332,29.290667,-52.704514,-167.33267,-8.34849,29.290667,-52.704514,-167.33267,-8.34849,1.0,-1.0,-1.0,-1.0,33.524375915527344,-0.4,-0.4,-0.4
12.316666666666666,21.494164,-11.00155,1.1968517,0.9694404,0.0043306113,-0.0032472517,-0.24526693,-0.016085258,-0.0064738537,-0.08085287,0.24946497,-0.7336736,-0.022339117,21.493616,-10.997947,0.39685994,0.03920529,-0.25804543,0.45898896,-1.5368073,-100.85772,5.6601973,-1.0388757,245.32237,-100.85772,5.6601973,-1.0388757,245.32237,-1.0,1.0,-1.0,1.0,0.0,0.4,-0.4,0.4
12.333333333333334,21.493874,-11.001511,1.1934605,0.96975505,0.0030693903,-0.0057659186,-0.24399278,-0.019018935,-0.008556752,-0.24406004,-0.17910406,-0.1946371,0.22023447,21.493229,-10.997547,0.3934707,0.046172082,-0.28386384,0.4180075,-1.5491043,-9.413448,-47.000576,231.63062,128.25755,-9.413448,-47.000576,231.63062,128.25755,-1.0,-1.0,1.0,1.0,0.0,-0.4,0.4,0.4
12.35,21.493523,-11.001473,1.1912318,0.96983683,0.0047147297,-0.00424216,-0.24367236,-0.021173583,-0.009528214,-0.09661888,0.2557612,0.36587873,-0.022693884,21.492844,-10.997171,0.3912439,0.048630953,-0.30811134,0.14753221,-1.4548497,191.67084,6.7865343,160.41666,-55.15813,191.67084,6.7865343,160.41666,-55.15813,1.0,1.0,1.0,-1.0,33.524375915527344,0.4,0.4,-0.4
12.366666666666667,21.493113,-11.001475,1.1914529,0.97016114,0.004160535,-0.004307321,-0.24238694,-0.021342218,-0.012295264,0.05023395,-0.16825478,-0.15234376,0.22016303,21.492464,-10.996821,0.39146692,0.046445295,-0.3333151,-0.13113944,-1.5122257,102.611015,-62.38985,-69.437904,7.9117155,102.611015,-62.38985,-69.437904,7.9117155,1.0,-1.0,-1.0,1.0,33.524375915527344,-0.4,-0.4,0.4
12.383333333333333,21.492683,-11.001495,1.1902442,0.9702524,0.00070521253,-0.001286778,-0.24209079,-0.022744289,-0.013591055,-0.11326499,-0.5972418,0.38605642,-0.023328925,21.492088,-10.996478,0.3902601,0.042620383,-0.3593386,-0.2294947,-1.5614103,-42.27784,-12.354699,151.64638,-30.294624,-42.27784,-12.354699,151.64638,-30.294624,-1.0,-1.0,1.0,-1.0,0.0,-0.4,0.4,-0.4
12.4,21.492254,-11.00151,1.1901923,0.9698357,-0.0014907237,-0.0007545644,-0.2437534,-0.022108518,-0.012784472,0.03364931,-0.16259865,-0.13104388,-0.26615596,21.491716,-10.996159,0.39021057,0.03852227,-0.38324478,-0.2458868,-1.4343702,159.05484,179.1349,-65.43466,-11.179823,159.05484,179.1349,-65.43466,-11.179823,1.0,1.0,-1.0,-1.0,33.524375915527344,0.4,-0.4,-0.4
12.416666666666666,21.491823,-11.001497,1.1925963,0.96966577,0.00042069817,0.0012524541,-0.24443088,-0.024125235,-0.011287188,0.18105197,0.2724218,0.42981485,-0.022801796,21.491352,-10.995877,0.39261624,0.03374114,-0.40250635,-0.28686783,-1.155694,43.278793,49.74359,104.53583,228.99484,43.278793,49.74359,104.53583,228.99484,1.0,1.0,1.0,1.0,33.524375915527344,0.4,0.4,0.4
12.433333333333334,21.491388,-11.00149,1.1935669,0.96998936,7.368125e-05,0.001554353,-0.24314244,-0.022901177,-0.0120681,0.017214516,-0.15693815,-0.1098008,0.22005236,21.49098,-10.9956045,0.3935888,0.02923321,-0.42149478,-0.27047572,-1.1393057,-69.88126,-44.19608,-122.76987,12.154875,-69.88126,-44.19608,-122.76987,12.154875,-1.0,-1.0,-1.0,1.0,0.0,-0.4,-0.4,0.4
12.45,21.490955,-11.001475,1.1918155,0.9700581,0.0020047263,0.0036006763,-0.24283771,-0.022523653,-0.01156095,-0.14604333,0.2723323,0.42932647,-0.0228697,21.490612,-10.995334,0.39183939,0.024588682,-0.4398685,-0.27867165,-1.1024235,-17.711824,34.40939,60.96035,-54.50308,-17.711824,34.40939,60.96035,-54.50308,-1.0,1.0,1.0,-1.0,0.0,0.4,0.4,-0.4
12.466666666666667,21.49055,-11.001487,1.1912194,0.9696411,0.0017094035,0.0040259967,-0.24449335,-0.020040888,-0.012566528,0.00078168954,-0.1518118,-0.08887784,-0.26603183,21.490242,-10.995089,0.39124522,0.021993209,-0.4582423,-0.15572837,-1.1024271,149.3721,-43.917362,-161.39667,-52.677658,149.3721,-43.917362,-161.39667,-52.677658,1.0,-1.0,-1.0,-1.0,33.524375915527344,-0.4,-0.4,-0.4
12.483333333333333,21.490194,-11.001531,1.1930721,0.969476,0.0021383732,-0.0001786981,-0.24517666,-0.017044144,-0.01181321,0.14794165,0.28228927,-0.6061266,-0.022559725,21.48988,-10.994887,0.3930998,0.022539625,-0.47579643,0.032784972,-1.0532479,57.199966,18.606218,-26.363483,195.4428,57.199966,18.606218,-26.363483,195.4428,1.0,1.0,-1.0,1.0,33.524375915527344,0.4,-0.4,0.4
12.5,21.489832,-11.001583,1.1934958,0.96979934,0.0014068654,-0.0017317595,-0.243894,-0.017905053,-0.0132418,-0.015314217,-0.14641608,-0.067054056,0.22002068,21.489513,-10.994698,0.3935255,0.022812832,-0.49314573,0.01639243,-1.040958,-108.88718,-41.5576,193.30692,121.8169,-108.88718,-41.5576,193.30692,121.8169,-1.0,-1.0,1.0,1.0,0.0,-0.4,0.4,0.4
12.516666666666666,21.48945,-11.00163,1.1950823,0.9698737,0.0035739043,0.00075781165,-0.24358065,-0.019803215,-0.012658755,0.13209693,0.28806314,0.49340713,-0.022897206,21.489155,-10.994541,0.39511383,0.021173587,-0.50769466,-0.0983547,-0.8729356,9.873793,13.576096,93.50494,-45.484207,9.873793,13.576096,93.50494,-45.484207,1.0,1.0,1.0,-1.0,33.524375915527344,0.4,0.4,-0.4
12.533333333333333,21.489069,-11.001687,1.1952356,0.96945614,0.0034764293,0.0015507526,-0.24523498,-0.018293228,-0.014352033,-0.03175251,-0.14135098,-0.046156988,-0.26604682,21.488794,-10.994395,0.39526922,0.019670945,-0.5222435,-0.09015854,-0.8729302,-77.720795,-56.400074,-139.68369,-2.270096,-77.720795,-56.400074,-139.68369,-2.270096,-1.0,-1.0,-1.0,-1.0,0.0,-0.4,-0.4,-0.4
12.55,21.488684,-11.0017805,1.1965483,0.9692808,0.0005357042,0.005516311,-0.245894,-0.018826386,-0.016516428,0.115376346,-0.564498,0.514645,-0.02331432,21.488438,-10.994288,0.3965837,0.017621888,-0.53658754,-0.1229434,-0.86064214,34.682377,-9.461038,21.97865,207.54784,34.682377,-9.461038,21.97865,207.54784,1.0,-1.0,1.0,1.0,33.524375915527344,-0.4,0.4,0.4
12.566666666666666,21.488312,-11.001876,1.1964288,0.968852,-0.0012066066,0.006906235,-0.2475413,-0.016007107,-0.01530936,-0.04839529,-0.13503094,-0.023950458,-0.26620716,21.488077,-10.994189,0.39646596,0.016802266,-0.55052173,-0.049177293,-0.83605164,-80.39596,193.77719,-175.1234,-11.896039,-80.39596,193.77719,-175.1234,-11.896039,-1.0,1.0,-1.0,-1.0,0.0,0.4,-0.4,-0.4
12.583333333333334,21.488007,-11.001971,1.1974638,0.9686981,-0.0005219133,0.0031861414,-0.24822053,-0.012693978,-0.013406981,0.09873415,0.29930055,-0.5412827,-0.022748705,21.487715,-10.994128,0.39750218,0.02090038,-0.56172377,0.2458868,-0.6721222,57.292282,44.13418,-107.4791,170.25764,57.292282,44.13418,-107.4791,170.25764,1.0,1.0,-1.0,1.0,33.524375915527344,0.4,-0.4,0.4
12.6,21.487707,-11.002071,1.19707,0.96902907,-0.0009827636,0.002127143,-0.24693516,-0.01280008,-0.013719257,-0.06454807,-0.1294602,-0.0022535198,0.21983276,21.487352,-10.994082,0.39711028,0.025408303,-0.57217443,0.2704754,-0.6270396,-109.11532,-32.09203,131.69733,117.4025,-109.11532,-32.09203,131.69733,117.4025,-1.0,-1.0,1.0,1.0,0.0,-0.4,0.4,0.4
12.616666666666667,21.487434,-11.002162,1.1978331,0.9691089,-0.0001996309,-0.0014287952,-0.24662885,-0.011195755,-0.012113331,0.08254686,0.3049259,-0.5197982,-0.02297807,21.486996,-10.994076,0.39787415,0.03141887,-0.5791416,0.36063403,-0.4180312,23.240997,41.46023,-55.261127,-59.434498,23.240997,41.46023,-55.261127,-59.434498,1.0,1.0,-1.0,-1.0,33.524375915527344,0.4,-0.4,-0.4
12.633333333333333,21.487156,-11.002251,1.1971667,0.9694325,-0.00057524076,-0.002326715,-0.24534632,-0.012743743,-0.012903394,-0.080740914,-0.12387377,0.019276097,0.21960425,21.486637,-10.99408,0.39720878,0.03715623,-0.5852208,0.34424162,-0.3647518,-111.39723,-34.264217,190.81001,128.99867,-111.39723,-34.264217,190.81001,128.99867,-1.0,-1.0,1.0,1.0,0.0,-0.4,0.4,0.4
12.65,21.486849,-11.00232,1.1976633,0.96951044,0.0019525324,0.00081253296,-0.2450409,-0.014624091,-0.011878905,0.066685155,0.3103531,0.57971656,-0.023307914,21.486282,-10.994127,0.3977057,0.04057133,-0.5867918,0.20490578,-0.09425997,34.553883,35.952152,64.02199,-47.461926,34.553883,35.952152,64.02199,-47.461926,1.0,1.0,1.0,-1.0,33.524375915527344,0.4,0.4,-0.4
12.666666666666666,21.486546,-11.002394,1.1967269,0.96908736,0.0022127752,0.002254277,-0.24669729,-0.012991409,-0.013033107,-0.09717269,-0.11893894,0.040086538,-0.26641902,21.48593,-10.9941845,0.39676958,0.044123027,-0.587953,0.21310194,-0.06966948,-60.682972,-48.6863,-166.36119,-6.683231,-60.682972,-48.6863,-166.36119,-6.683231,-1.0,-1.0,-1.0,-1.0,0.0,-0.4,-0.4,-0.4
12.683333333333334,21.486267,-11.002492,1.1969447,0.9689122,0.0031668304,-0.0009800362,-0.24738249,-0.011290615,-0.012872183,0.049917877,0.3156097,-0.47738746,-0.022953952,21.485579,-10.994285,0.39698705,0.049313974,-0.58781636,0.31145674,0.00819683,90.15029,9.982499,-52.213993,181.9384,90.15029,9.982499,-52.213993,181.9384,1.0,1.0,-1.0,1.0,33.524375915527344,0.4,-0.4,0.4
12.7,21.485983,-11.002597,1.1957333,0.96923816,0.0029646028,-0.0015616791,-0.24610196,-0.01241166,-0.014705217,-0.11337419,-0.1132363,0.061685365,0.21963528,21.48523,-10.994395,0.3957757,0.0539585,-0.5874066,0.27867165,0.024586914,-90.9769,-43.64975,177.41484,122.01932,-90.9769,-43.64975,177.41484,122.01932,-1.0,-1.0,1.0,1.0,0.0,-0.4,0.4,0.4
12.716666666666667,21.485672,-11.002713,1.1956854,0.96930635,0.0056670113,0.0018955563,-0.2457832,-0.013452423,-0.014952562,0.034063946,0.32084885,0.6221025,-0.023271758,21.484884,-10.994548,0.39572755,0.05641737,-0.5848109,0.14753199,0.15573977,85.707016,7.1480546,29.550552,-52.590588,85.707016,7.1480546,29.550552,-52.590588,1.0,1.0,1.0,-1.0,33.524375915527344,0.4,0.4,-0.4
12.733333333333333,21.485365,-11.002841,1.1942042,0.9688795,0.006098228,0.0036635243,-0.24743055,-0.010976187,-0.017205857,-0.12978327,-0.10838058,0.0824417,-0.2663582,21.484545,-10.99471,0.39424625,0.05873964,-0.582352,0.13933627,0.14753579,-26.959064,-58.24555,-188.24449,-20.36169,-26.959064,-58.24555,-188.24449,-20.36169,-1.0,-1.0,-1.0,-1.0,0.0,-0.4,-0.4,-0.4
12.75,21.485079,-11.003038,1.1938758,0.9687277,0.0020244007,0.0020799641,-0.2481091,-0.008590328,-0.019353509,0.016992182,-0.5320964,-0.43492717,-0.023356311,21.484203,-10.994915,0.3939175,0.06270115,-0.5818055,0.23769064,0.03278732,132.34879,-24.983315,-95.14224,146.0551,132.34879,-24.983315,-95.14224,146.0551,1.0,-1.0,-1.0,1.0,33.524375915527344,-0.4,-0.4,0.4
12.766666666666666,21.48479,-11.0032425,1.1921191,0.9690585,0.0002716351,0.00226669,-0.24682035,-0.0087789865,-0.018718682,-0.14624798,-0.10208006,0.10433328,0.22005492,21.483866,-10.9951315,0.3921607,0.06625285,-0.5809176,0.21310194,0.05327582,-8.301293,195.98856,116.96858,112.54222,-8.301293,195.98856,116.96858,112.54222,-1.0,1.0,1.0,1.0,0.0,0.4,0.4,0.4
12.783333333333333,21.484531,-11.003446,1.1915195,0.9691369,0.0014934966,-0.00048543533,-0.24651787,-0.007418664,-0.017842097,0.0008314875,0.33206397,-0.4133142,-0.022747148,21.48353,-10.99539,0.39156082,0.07171701,-0.57695585,0.3278495,0.2377045,148.06259,26.468931,-82.22898,-81.31626,148.06259,26.468931,-82.22898,-81.31626,1.0,1.0,-1.0,-1.0,33.524375915527344,0.4,-0.4,-0.4
12.8,21.484257,-11.003661,1.1933742,0.9694628,0.0016217269,-0.0004600955,-0.24523251,-0.008708895,-0.019175338,0.14818801,-0.0915138,0.14713879,0.21986847,21.483202,-10.9957,0.39341438,0.07554191,-0.5701936,0.22949426,0.40573594,14.882704,-39.321674,154.23071,96.91282,14.882704,-39.321674,154.23071,96.91282,1.0,-1.0,1.0,1.0,33.524375915527344,-0.4,0.4,0.4
12.816666666666666,21.48399,-11.0038805,1.1937968,0.9695317,0.002954078,-0.0030075605,-0.24492912,-0.007913193,-0.01898583,-0.015390693,0.3371851,-0.39189732,-0.022919638,21.48288,-10.996026,0.39383626,0.07950343,-0.5625434,0.23769109,0.45901176,-92.656845,20.253895,-33.884678,-48.42266,-92.656845,20.253895,-33.884678,-48.42266,-1.0,1.0,-1.0,-1.0,0.0,0.4,-0.4,-0.4
12.833333333333334,21.483715,-11.004098,1.191496,0.9698553,0.0030989107,-0.002942372,-0.24364401,-0.009538375,-0.020979252,-0.17869069,-0.0917737,0.14725901,0.21969633,21.482561,-10.996346,0.39153445,0.08264532,-0.5551665,0.18851323,0.44261453,-4.6724544,-45.514725,195.88496,98.94895,-4.6724544,-45.514725,195.88496,98.94895,-1.0,-1.0,1.0,1.0,0.0,-0.4,0.4,0.4
12.85,21.4834,-11.004329,1.1903576,0.9699328,0.004604211,0.0015539024,-0.24332419,-0.01036507,-0.021806829,-0.03131649,0.08919588,0.707494,-0.023412567,21.48224,-10.996708,0.39039493,0.08305513,-0.5458087,0.024588702,0.56146854,179.38776,0.4109732,41.119324,-73.164375,179.38776,0.4109732,41.119324,-73.164375,1.0,0.4109732,1.0,-1.0,33.524375915527344,0.16438928,0.4,-0.4
12.866666666666667,21.48309,-11.004614,1.1916689,0.9695141,0.0033989388,0.0046027773,-0.24496877,-0.00858411,-0.024016904,0.115400806,-0.33434314,0.18937284,-0.26659635,21.48193,-10.997117,0.39170498,0.08305513,-0.536929,0.0,0.53277963,93.24633,-40.97335,-185.63321,-47.1715,93.24633,-40.97335,-185.63321,-47.1715,1.0,-1.0,-1.0,-1.0,33.524375915527344,-0.4,-0.4,-0.4
12.883333333333333,21.482801,-11.004912,1.1915455,0.9693494,0.0028618637,0.0028985993,-0.24565244,-0.006160902,-0.024151266,-0.04825945,0.09550832,-0.34894088,-0.023163976,21.481623,-10.997538,0.39158052,0.08442117,-0.528186,0.08196249,0.5245792,-29.991009,111.023026,-105.07879,165.75484,-29.991009,111.023026,-105.07879,165.75484,-1.0,1.0,-1.0,1.0,0.0,0.4,-0.4,0.4
12.9,21.482512,-11.0052395,1.1925822,0.96967506,0.001217089,0.0039258976,-0.2443632,-0.0061935037,-0.025760412,0.098997645,-0.32803255,0.21138963,0.21949226,21.481312,-10.9979925,0.39261615,0.08592381,-0.5190332,0.090158425,0.5491697,88.83926,-24.2205,105.72269,65.10431,88.83926,-24.2205,105.72269,65.10431,1.0,-1.0,1.0,1.0,33.524375915527344,-0.4,0.4,0.4
12.916666666666666,21.482246,-11.005571,1.1921868,0.9697561,0.0007720265,0.0023756812,-0.24406299,-0.004184993,-0.025028653,-0.06467525,0.10065941,-0.3283475,-0.023354504,21.481012,-10.998461,0.3922193,0.08838268,-0.50926566,0.14753221,0.5860519,-55.18191,118.337845,-118.005936,-78.65227,-55.18191,118.337845,-118.005936,-78.65227,-1.0,1.0,-1.0,-1.0,0.0,0.4,-0.4,-0.4
12.933333333333334,21.481983,-11.005914,1.1929511,0.9700753,-0.0007921158,0.0035594506,-0.24277644,-0.004559712,-0.025913903,0.08258082,-0.3229084,0.23202446,0.2193052,21.480715,-10.998964,0.39298248,0.090841554,-0.49772212,0.14753221,0.69261247,103.96149,-15.242965,110.05269,55.041595,103.96149,-15.242965,110.05269,55.041595,1.0,-1.0,1.0,1.0,33.524375915527344,-0.4,0.4,0.4
12.95,21.481733,-11.006257,1.1922829,0.97015464,-0.0011522495,0.002165367,-0.24247468,-0.002851677,-0.024582058,-0.0810965,0.10574631,-0.3077667,-0.023550887,21.480417,-10.99948,0.39231268,0.094256654,-0.48535907,0.204906,0.7417827,-44.764107,138.14865,-116.39076,-86.51571,-44.764107,138.14865,-116.39076,-86.51571,-1.0,1.0,-1.0,-1.0,0.0,0.4,-0.4,-0.4
12.966666666666667,21.481503,-11.006595,1.1927749,0.9704675,-0.0026354974,0.0035051368,-0.24119161,-0.0034295283,-0.024775077,0.0661668,-0.3178461,0.25264427,0.21911502,21.480137,-11.00003,0.392803,0.09780835,-0.4701955,0.21310194,0.9098142,122.7031,-3.125127,110.41302,42.37836,122.7031,-3.125127,110.41302,42.37836,1.0,-1.0,1.0,1.0,33.524375915527344,-0.4,0.4,0.4
12.983333333333333,21.481281,-11.006926,1.1918347,0.9705454,-0.0029111155,0.0022668913,-0.24088964,-0.0018958218,-0.022872766,-0.09751013,0.11077057,-0.2872019,-0.023749914,21.479849,-11.000589,0.3918613,0.102589495,-0.45380253,0.28686848,0.9835785,-31.57,158.29471,-118.25738,-95.61408,-31.57,158.29471,-118.25738,-95.61408,-1.0,1.0,-1.0,-1.0,0.0,0.4,-0.4,-0.4
13.0,21.481077,-11.007224,1.1920558,0.97086453,0.0008915569,0.0024719369,-0.23961465,-0.0025399071,-0.021085871,0.050130524,0.5454689,0.27354905,0.21943924,21.479568,-11.001179,0.39208022,0.10805366,-0.4329698,0.32784995,1.2499629,142.3033,11.868467,103.44212,26.549189,142.3033,11.868467,103.44212,26.549189,1.0,1.0,1.0,1.0,33.524375915527344,0.4,0.4,0.4
13.016666666666666,21.4809,-11.00754,1.1934301,0.9709367,0.0024780487,0.0010575562,-0.23932084,-0.00063619646,-0.021643525,0.09332923,0.118845016,-0.25030005,-0.023756472,21.4793,-11.001802,0.39345244,0.11461066,-0.41090772,0.39341968,1.3237255,0.33219045,-41.04478,-125.77232,-67.84326,0.33219045,-41.04478,-125.77232,-67.84326,0.33219045,-1.0,-1.0,-1.0,22.330427169799805,-0.4,-0.4,-0.4
13.033333333333333,21.48071,-11.007865,1.1929426,0.9712519,0.0011448821,0.0027053715,-0.23803595,-0.0008760224,-0.022903454,-0.07005601,-0.31020474,0.28888187,0.21892868,21.479029,-11.00243,0.39296293,0.12034803,-0.38925546,0.34424227,1.299135,-68.17055,-21.224092,101.77711,72.78476,-68.17055,-21.224092,101.77711,72.78476,-1.0,-1.0,1.0,1.0,0.0,-0.4,0.4,0.4
13.049999999999999,21.48055,-11.008204,1.1936117,0.9713263,0.0010701636,0.0018639665,-0.23774025,0.0010952777,-0.022052635,0.07692191,0.123718955,-0.22979839,-0.02395595,21.47877,-11.003087,0.39363003,0.12758805,-0.36651045,0.43440115,1.3647007,75.31199,118.40297,-122.820564,-107.29508,75.31199,118.40297,-122.820564,-107.29508,1.0,1.0,-1.0,-1.0,33.524375915527344,0.4,-0.4,-0.4
13.066666666666666,21.480387,-11.008546,1.1928517,0.9716352,-0.00018519156,0.0036685478,-0.23645605,0.0010730868,-0.022759987,-0.08645679,-0.30536616,0.30942678,0.21873622,21.47851,-11.00375,0.39286852,0.13441825,-0.34349227,0.409812,1.3810908,-49.770573,-12.308629,76.50295,53.854034,-49.770573,-12.308629,76.50295,53.854034,-1.0,-1.0,1.0,1.0,0.0,-0.4,0.4,0.4
13.083333333333334,21.480265,-11.008889,1.1932484,0.9717094,-0.00017940078,0.002984183,-0.2361607,0.0032471605,-0.021389987,0.060522057,0.12852663,-0.20931864,-0.024157692,21.478264,-11.0044365,0.3932634,0.14329752,-0.31890318,0.5327564,1.4753454,88.42126,130.57394,-142.00697,-119.1592,88.42126,130.57394,-142.00697,-119.1592,1.0,1.0,-1.0,-1.0,33.524375915527344,0.4,-0.4,-0.4
13.1,21.480137,-11.009232,1.1922166,0.9720133,0.00051399437,0.0044896584,-0.23488234,0.003569515,-0.021481207,-0.10271357,0.0075674,0.33000767,0.2187859,21.47801,-11.005133,0.39222988,0.1523134,-0.29356283,0.5409523,1.5204208,-24.123585,-0.28191146,25.863737,29.437485,-24.123585,-0.28191146,25.863737,29.437485,-1.0,-0.28191146,1.0,1.0,0.0,-0.11276459,0.4,0.4
13.116666666666667,21.480066,-11.0095825,1.1923416,0.97208184,0.0030961651,0.0033648228,-0.23459752,0.006079079,-0.020498792,0.044376776,0.44126275,-0.18801078,-0.023932807,21.477781,-11.005846,0.39235374,0.16365156,-0.26760778,0.6802895,1.557303,116.34601,16.67505,-171.49307,-119.96492,116.34601,16.67505,-171.49307,-119.96492,1.0,1.0,-1.0,-1.0,33.524375915527344,0.4,-0.4,-0.4
13.133333333333333,21.480019,-11.00998,1.1949142,0.97239053,0.002975137,-0.0015507416,-0.23333503,0.009406185,-0.021969648,0.19119927,0.018000294,-0.7056607,0.21863721,21.477552,-11.006582,0.39492533,0.17662898,-0.24336037,0.7786452,1.4548444,2.3902915,-43.40197,-33.31296,4.295742,2.3902915,-43.40197,-33.31296,4.295742,1.0,-1.0,-1.0,1.0,33.524375915527344,-0.4,-0.4,0.4
13.15,21.479979,-11.01038,1.196059,0.97244245,0.0051528844,-0.0046505835,-0.23303938,0.008436769,-0.022082444,0.028109994,0.44827226,-0.16583382,-0.024422547,21.477337,-11.007326,0.39606923,0.18919659,-0.2187032,0.7540565,1.4794304,-164.30412,14.0888605,217.83968,-30.730087,-164.30412,14.0888605,217.83968,-30.730087,-1.0,1.0,1.0,-1.0,0.0,0.4,0.4,-0.4
13.166666666666666,21.479912,-11.01078,1.1944823,0.9727492,0.006632871,-0.002969011,-0.23174563,0.006932516,-0.025175376,-0.13510302,0.018976571,0.37369546,0.21830887,21.477112,-11.008072,0.3944918,0.20053478,-0.19397774,0.6802913,1.4835271,-44.275665,-58.576405,136.46304,47.471535,-44.275665,-58.576405,136.46304,47.471535,-1.0,-1.0,1.0,1.0,0.0,-0.4,0.4,0.4
13.183333333333334,21.479818,-11.011233,1.1940602,0.9728316,0.004175922,-0.0025140196,-0.23146231,0.007387087,-0.028057886,0.011620648,-0.40560806,-0.14440091,-0.025047624,21.476908,-11.008823,0.39406937,0.20845783,-0.17259915,0.47538307,1.2827154,127.091644,-30.418818,-98.30719,-95.214134,127.091644,-30.418818,-98.30719,-95.214134,1.0,-1.0,-1.0,-1.0,33.524375915527344,-0.4,-0.4,-0.4
13.2,21.479683,-11.0117235,1.1960934,0.9731397,0.0040596975,-0.00012918073,-0.23017915,0.0052525667,-0.029083608,0.1590987,0.029007683,0.4159477,0.21826825,21.476723,-11.009594,0.39610177,0.21200955,-0.15251832,0.21310328,1.20485,3.3768275,135.64917,114.92965,35.253468,3.3768275,135.64917,114.92965,35.253468,1.0,1.0,1.0,1.0,33.524375915527344,0.4,0.4,0.4
13.216666666666667,21.479544,-11.01223,1.1966932,0.9732155,0.0017013726,0.0005244703,-0.2298877,0.0063900454,-0.030940823,-0.004861344,-0.4009865,-0.12342797,-0.025103051,21.476542,-11.010368,0.396701,0.21501486,-0.13332541,0.18031864,1.1515741,-92.06611,-22.552187,-116.79441,-86.68686,-92.06611,-22.552187,-116.79441,-86.68686,-1.0,-1.0,-1.0,-1.0,0.0,-0.4,-0.4,-0.4
13.233333333333333,21.479403,-11.012739,1.1984538,0.9735123,0.0016626448,0.0030734579,-0.22860785,0.0051533766,-0.030845515,0.14261025,0.033589102,0.4368862,0.21820226,21.476376,-11.01115,0.3984613,0.21679072,-0.11379103,0.10655164,1.1720626,3.492433,157.4368,76.95771,1.8136548,3.492433,157.4368,76.95771,1.8136548,1.0,1.0,1.0,1.0,33.524375915527344,0.4,0.4,0.4
13.25,21.47927,-11.01326,1.1987814,0.9735808,-0.000618948,0.0038851092,-0.228309,0.0071389903,-0.031622127,-0.021349732,-0.39641893,-0.1024912,-0.025171572,21.476215,-11.011933,0.39878833,0.2188398,-0.09500798,0.12294441,1.1269833,-96.1275,-5.769467,-154.95207,-102.82157,-96.1275,-5.769467,-154.95207,-102.82157,-1.0,-1.0,-1.0,-1.0,0.0,-0.4,-0.4,-0.4
13.266666666666666,21.47918,-11.013781,1.200263,0.973193,-0.0021330195,3.5123405e-05,-0.22997983,0.009873419,-0.030171048,0.12552261,0.037717808,-0.6203993,-0.26783082,21.476067,-11.012727,0.40026987,0.22293794,-0.075473614,0.24588881,1.1720618,4.6394906,181.84688,-14.268314,-37.57925,4.6394906,181.84688,-14.268314,-37.57925,1.0,1.0,-1.0,-1.0,33.524375915527344,0.4,-0.4,-0.4
13.283333333333333,21.479095,-11.014284,1.2003174,0.9730301,0.00035606805,-0.0024055622,-0.23066524,0.00874028,-0.029131705,-0.037512243,0.46504787,-0.0813521,-0.024637403,21.475924,-11.01352,0.40032408,0.22717269,-0.054709822,0.25408474,1.2458274,-120.43844,33.69257,202.20302,227.64804,-120.43844,33.69257,202.20302,227.64804,-1.0,1.0,1.0,1.0,0.0,0.4,0.4,0.4
13.299999999999999,21.478998,-11.014787,1.1976507,0.9733339,0.002132967,-6.122958e-05,-0.22938281,0.00811352,-0.03072357,-0.20070365,0.03564722,0.45822415,0.21809524,21.475786,-11.014314,0.39765736,0.23004138,-0.03387774,0.17212181,1.2499248,-2.0499594,-49.565796,111.82719,9.922667,-2.0499594,-49.565796,111.82719,9.922667,-1.0,-1.0,1.0,1.0,0.0,-0.4,0.4,0.4
13.316666666666666,21.478899,-11.015319,1.1961387,0.97340435,-2.9586206e-05,0.0010432156,-0.22909147,0.009382235,-0.03156233,-0.053995494,-0.38904184,-0.059905186,-0.025277935,21.475662,-11.015109,0.3961453,0.23181726,-0.015026417,0.106552534,1.1310794,161.14168,-16.119713,-131.09653,-111.90664,161.14168,-16.119713,-131.09653,-111.90664,1.0,-1.0,-1.0,-1.0,33.524375915527344,-0.4,-0.4,-0.4
13.333333333333334,21.478813,-11.015845,1.1970825,0.97299904,0.00014359014,0.004087738,-0.23077273,0.008667561,-0.030518958,0.09350847,0.04536823,0.5007563,-0.26795533,21.475565,-11.015904,0.39708927,0.23263688,0.004234717,0.049177404,1.1556679,66.22103,166.3319,38.658283,-22.620733,66.22103,166.3319,38.658283,-22.620733,1.0,1.0,1.0,-1.0,33.524375915527344,0.4,0.4,-0.4
13.35,21.478731,-11.01638,1.1965928,0.9728283,-0.00190357,0.005396824,-0.23145695,0.0109654525,-0.030710591,-0.070425235,-0.38188726,-0.038613353,-0.02509119,21.475464,-11.016702,0.39659944,0.23400292,0.023017738,0.08196204,1.1269813,-35.49267,-14.107819,-174.22702,68.36045,-35.49267,-14.107819,-174.22702,68.36045,-1.0,-1.0,-1.0,1.0,0.0,-0.4,-0.4,0.4
13.366666666666667,21.47871,-11.01691,1.1972572,0.97244006,-0.0031912916,0.002039363,-0.23312227,0.013722313,-0.028644232,0.07644121,0.05234307,-0.55653566,-0.2677833,21.475386,-11.017497,0.39726418,0.2381011,0.04207397,0.2458906,1.1433737,78.67577,183.97774,-78.90993,-53.56163,78.67577,183.97774,-78.90993,-53.56163,1.0,1.0,-1.0,-1.0,33.524375915527344,0.4,-0.4,-0.4
13.383333333333333,21.4787,-11.01742,1.1964942,0.9722814,-0.0004675913,7.812263e-05,-0.23381296,0.013056534,-0.027423868,-0.08659671,0.4799189,-0.01759873,-0.02458749,21.475311,-11.0182905,0.39650187,0.24274565,0.062359642,0.27867344,1.2171403,-56.230785,36.424576,151.85686,227.18732,-56.230785,36.424576,151.85686,227.18732,-1.0,1.0,1.0,1.0,0.0,0.4,0.4,0.4
13.4,21.47869,-11.017939,1.1968871,0.9718707,5.139167e-05,-0.0035268278,-0.23548862,0.013988342,-0.028017888,0.060234405,0.05554972,-0.53572506,-0.2678732,21.47525,-11.019083,0.3968954,0.24629737,0.081962295,0.21310328,1.176159,97.68929,-43.905243,-1.0293694,-10.64833,97.68929,-43.905243,-1.0293694,-10.64833,1.0,-1.0,-1.0,-1.0,33.524375915527344,-0.4,-0.4,-0.4
13.416666666666666,21.478662,-11.01846,1.1958501,0.9716953,-0.0023686567,-0.004060823,-0.23619096,0.011796626,-0.028627548,-0.103223905,-0.37495154,0.004076425,-0.024995951,21.475199,-11.019868,0.39585897,0.24807325,0.10081365,0.106552534,1.1310812,-55.95401,-3.3585718,222.48636,257.31476,-55.95401,-3.3585718,222.48636,257.31476,-1.0,-1.0,1.0,1.0,0.0,-0.4,0.4,0.4
13.433333333333334,21.478596,-11.0189495,1.1959763,0.972011,-0.0019349599,-0.00052488624,-0.23492637,0.009235563,-0.027469782,0.044313714,0.059584238,0.5643476,0.21826762,21.475157,-11.020653,0.3959856,0.24629737,0.121987276,-0.106552534,1.2704175,104.30328,176.182,120.690765,35.422707,104.30328,176.182,120.690765,35.422707,1.0,1.0,1.0,1.0,33.524375915527344,0.4,0.4,0.4
13.45,21.478539,-11.019424,1.1946704,0.97208303,-0.0001781387,0.0004211049,-0.23463628,0.010112772,-0.026891997,-0.119308285,0.21816427,0.024950376,-0.024615075,21.47513,-11.021431,0.39468035,0.24411172,0.14370733,-0.13113944,1.3032035,-12.927626,0.37269062,-135.60991,-78.56679,-12.927626,0.37269062,-135.60991,-78.56679,-1.0,0.37269062,-1.0,-1.0,0.0,0.14907625,-0.4,-0.4
13.466666666666667,21.478476,-11.019905,1.1945243,0.9716682,-0.00011689011,0.004225019,-0.23631105,0.009641903,-0.027437251,0.02807442,-0.20574655,0.58560115,-0.26784933,21.475115,-11.022202,0.39453483,0.2406966,0.16447118,-0.20490734,1.2458305,151.83517,-25.722889,21.249983,-13.024462,151.83517,-25.722889,21.249983,-13.024462,1.0,-1.0,1.0,-1.0,33.524375915527344,-0.4,0.4,-0.4
13.483333333333333,21.478462,-11.020392,1.1968288,0.97149116,0.0012551429,0.0055791587,-0.23700671,0.011756693,-0.026166623,0.17514598,0.23095223,0.06733408,-0.02439438,21.475122,-11.022954,0.39683995,0.23919392,0.1834592,-0.09016066,1.1392816,57.960915,89.24006,-176.04634,76.04969,57.960915,89.24006,-176.04634,76.04969,1.0,1.0,-1.0,1.0,33.524375915527344,0.4,-0.4,0.4
13.5,21.478474,-11.020898,1.1976978,0.9718141,-0.00013627647,0.0030274685,-0.23572896,0.014451899,-0.026981756,0.011221898,-0.1976352,-0.47183093,0.21837579,21.47514,-11.023704,0.3977097,0.2387841,0.20094459,-0.024588702,1.0491227,-91.19799,-27.068085,-119.33222,8.293889,-91.19799,-27.068085,-119.33222,8.293889,-1.0,-1.0,-1.0,1.0,0.0,-0.4,-0.4,0.4
13.516666666666666,21.478481,-11.021394,1.1958445,0.9718866,0.0007430393,0.002235667,-0.23543768,0.014387638,-0.026233632,-0.15191914,0.23210452,0.06728281,-0.024502302,21.475157,-11.024452,0.39585721,0.2381011,0.2190447,-0.040980574,1.0860066,-53.53104,93.39723,132.02231,-65.311966,-53.53104,93.39723,132.02231,-65.311966,-1.0,1.0,1.0,-1.0,0.0,0.4,0.4,-0.4
13.533333333333333,21.4785,-11.021907,1.1951468,0.97148186,-0.0005867191,-0.0001940054,-0.23711269,0.015856124,-0.02691056,-0.005193071,-0.19203132,-0.45055848,-0.26770806,21.47518,-11.025185,0.39516068,0.23782788,0.23475426,-0.016392766,0.9425738,160.76062,-29.922733,-79.248886,-31.027836,160.76062,-29.922733,-79.248886,-31.027836,1.0,-1.0,-1.0,-1.0,33.524375915527344,-0.4,-0.4,-0.4
13.549999999999999,21.478521,-11.022409,1.1969044,0.9713135,0.00043076524,-0.0006984382,-0.23780093,0.014668721,-0.025919352,0.14233701,0.24143341,0.11033943,-0.024352236,21.475233,-11.025897,0.39691886,0.2355056,0.24978082,-0.13933717,0.9015932,36.95806,96.600006,163.11075,232.64893,36.95806,96.600006,163.11075,232.64893,1.0,1.0,1.0,1.0,33.524375915527344,0.4,0.4,0.4
13.566666666666666,21.47854,-11.022919,1.1972288,0.9716205,-0.0008008331,-0.0029204083,-0.23652558,0.015137055,-0.026915569,-0.021587398,-0.18719001,-0.42884475,0.2184345,21.47529,-11.026603,0.39724407,0.23277348,0.26385114,-0.16392677,0.84421897,-73.11312,-35.049026,-9.856238,49.304348,-73.11312,-35.049026,-9.856238,49.304348,-1.0,-1.0,-1.0,1.0,0.0,-0.4,-0.4,0.4
13.583333333333334,21.47856,-11.023422,1.1948307,0.97169167,0.00024401952,-0.0033849357,-0.23622788,0.013226477,-0.026514925,-0.18471208,0.2424309,0.11025942,-0.024470618,21.47535,-11.027311,0.3948465,0.22990479,0.2785362,-0.17212181,0.8811038,-27.518707,80.75038,215.95134,-40.324375,-27.518707,80.75038,215.95134,-40.324375,-1.0,1.0,1.0,-1.0,0.0,0.4,0.4,-0.4
13.6,21.478533,-11.023916,1.1935947,0.9712887,0.0006826374,0.001062601,-0.23790051,0.012152081,-0.02748219,-0.037277214,-0.18141572,0.6708572,-0.26772985,21.475416,-11.027996,0.3936114,0.22321114,0.29219675,-0.40161875,0.81963295,188.5965,-35.238438,68.08828,-4.6048794,188.5965,-35.238438,68.08828,-4.6048794,1.0,-1.0,1.0,-1.0,33.524375915527344,-0.4,0.4,-0.4
13.616666666666667,21.478521,-11.024424,1.1948097,0.9711125,0.0024269584,0.0030549734,-0.23858988,0.013437969,-0.026894718,0.10982692,0.25556296,0.15245332,-0.024271537,21.475508,-11.028658,0.3948266,0.21583448,0.30326182,-0.44259933,0.6639039,121.4995,41.850903,-157.83582,84.75743,121.4995,41.850903,-157.83582,84.75743,1.0,1.0,-1.0,1.0,33.524375915527344,0.4,-0.4,0.4
13.633333333333333,21.478525,-11.02495,1.1945889,0.9714308,0.0013962006,0.001143477,-0.23731583,0.015128975,-0.028201628,-0.054077756,-0.17309937,-0.38674852,0.21853667,21.475605,-11.029311,0.39460638,0.20914087,0.3123461,-0.40161696,0.545057,-37.429527,-42.654076,-102.879166,19.598866,-37.429527,-42.654076,-102.879166,19.598866,-1.0,-1.0,-1.0,1.0,0.0,-0.4,-0.4,0.4
13.65,21.478527,-11.025479,1.1955293,0.97149974,0.0027024308,0.001111805,-0.23702243,0.014554681,-0.027703658,0.093482725,0.26175407,0.17360413,-0.024403716,21.475714,-11.0299425,0.39554688,0.201491,0.31965452,-0.4589921,0.43850538,48.120525,47.6175,148.57933,-61.108616,48.120525,47.6175,148.57933,-61.108616,1.0,1.0,1.0,-1.0,33.524375915527344,0.4,0.4,-0.4
13.666666666666666,21.478535,-11.026025,1.1950364,0.97181183,0.00176444,-0.0006428471,-0.23575018,0.015602375,-0.029241035,-0.0704192,-0.16689064,-0.36560887,0.218414,21.475828,-11.030567,0.39505395,0.19384114,0.32532367,-0.4589912,0.34014878,-36.690746,-49.473244,-78.733246,20.10537,-36.690746,-49.473244,-78.733246,20.10537,-1.0,-1.0,-1.0,1.0,0.0,-0.4,-0.4,0.4
13.683333333333334,21.478533,-11.026574,1.1957046,0.97187996,0.0031614085,-0.0005134384,-0.2354549,0.0144562805,-0.029063262,0.077153556,0.26786172,0.1947468,-0.02454112,21.47596,-11.03117,0.39572197,0.18427883,0.32914862,-0.57373875,0.22949694,60.36856,32.212807,171.6248,-62.04913,60.36856,32.212807,171.6248,-62.04913,1.0,1.0,1.0,-1.0,33.524375915527344,0.4,0.4,-0.4
13.7,21.478521,-11.027136,1.1949396,0.97218704,0.0023151133,-0.0021108212,-0.23418474,0.014985172,-0.030863412,-0.086738974,-0.16076532,-0.34447816,0.2182886,21.476086,-11.031764,0.39495665,0.1744433,0.33147094,-0.5901315,0.13933896,-29.14554,-56.86037,-42.590717,17.068424,-29.14554,-56.86037,-42.590717,17.068424,-1.0,-1.0,-1.0,1.0,0.0,-0.4,-0.4,0.4
13.716666666666667,21.478485,-11.027706,1.1953355,0.97225434,0.0038011512,-0.0018200004,-0.23388791,0.013402742,-0.031041132,0.060848836,0.2738901,0.2158737,-0.024675548,21.476227,-11.032337,0.3953522,0.1617391,0.33167583,-0.76225245,0.012293457,78.76791,15.384037,194.0526,-64.561295,78.76791,15.384037,194.0526,-64.561295,1.0,1.0,1.0,-1.0,33.524375915527344,0.4,0.4,-0.4
13.733333333333333,21.478436,-11.028278,1.1943043,0.9725586,0.0046176584,0.0032938593,-0.23258859,0.013200642,-0.033139523,-0.10233895,-0.15567055,0.7551501,0.21803467,21.47638,-11.032902,0.39432025,0.14725904,0.3311294,-0.8688032,-0.03278553,-14.991203,-64.75759,2.510477,9.524082,-14.991203,-64.75759,2.510477,9.524082,-1.0,-1.0,1.0,1.0,0.0,-0.4,0.4,0.4
13.75,21.478403,-11.028906,1.1944281,0.9726238,0.0014790003,0.0071779634,-0.23226929,0.01595811,-0.0349771,0.044347934,-0.58099294,0.23637997,-0.025603062,21.47654,-11.033442,0.39444327,0.13346201,0.32484552,-0.82782173,-0.37703273,116.14501,-22.179785,-205.32045,-97.92817,116.14501,-22.179785,-205.32045,-97.92817,1.0,-1.0,-1.0,-1.0,33.524375915527344,-0.4,-0.4,-0.4
13.766666666666666,21.478455,-11.029568,1.197,0.9722301,-0.000894231,0.006439394,-0.23393656,0.019991131,-0.034432188,0.1911475,-0.14616288,-0.2815475,-0.2683067,21.476707,-11.033951,0.39701408,0.12512916,0.31391707,-0.49997088,-0.65570706,10.465412,177.91266,-144.99216,-56.452034,10.465412,177.91266,-144.99216,-56.452034,1.0,1.0,-1.0,-1.0,33.524375915527344,0.4,-0.4,-0.4
13.783333333333333,21.478546,-11.030232,1.198138,0.9720844,-0.00081846566,0.00054010766,-0.23462915,0.023166524,-0.032971956,0.027321877,0.2822638,-0.8207286,-0.024811402,21.476883,-11.034453,0.39815092,0.11911858,0.30230558,-0.36063504,-0.6966894,-104.20793,41.864746,-22.428278,185.84741,-104.20793,41.864746,-22.428278,185.84741,-1.0,1.0,-1.0,1.0,0.0,0.4,-0.4,0.4
13.799999999999999,21.478624,-11.0309,1.1965529,0.97238576,-0.0019532847,-0.0027489557,-0.23335476,0.021354835,-0.033430964,-0.13615935,-0.14670533,-0.28079453,0.21768868,21.477057,-11.034955,0.39656472,0.11228838,0.2904209,-0.409812,-0.7130813,-62.106438,-39.973534,229.3799,97.19927,-62.106438,-39.973534,229.3799,97.19927,-1.0,-1.0,1.0,1.0,0.0,-0.4,0.4,0.4
13.816666666666666,21.47868,-11.031536,1.1961304,0.9724591,-0.00023142713,-0.0019672355,-0.23306508,0.019341046,-0.03232836,0.011467159,0.2877561,0.27952078,-0.025284179,21.477243,-11.035439,0.3961415,0.1028627,0.27949247,-0.5655406,-0.6557053,112.89368,23.034418,167.02852,-73.004845,112.89368,23.034418,167.02852,-73.004845,1.0,1.0,1.0,-1.0,33.524375915527344,0.4,0.4,-0.4
13.833333333333334,21.47871,-11.032167,1.1981579,0.97205216,-0.0006835571,-0.0027914434,-0.23474713,0.019935446,-0.033162393,0.1582601,-0.13596852,-0.23847641,-0.2683897,21.47743,-11.035893,0.39816794,0.09166118,0.26685646,-0.67209136,-0.7581603,20.258768,-59.56985,-61.78054,-10.801143,20.258768,-59.56985,-61.78054,-10.801143,1.0,-1.0,-1.0,-1.0,33.524375915527344,-0.4,-0.4,-0.4
13.85,21.478733,-11.032793,1.1987574,0.9718868,0.0011459658,-0.0018100063,-0.23543875,0.018169105,-0.032576345,-0.004765949,0.29271108,0.30079308,-0.025084998,21.477627,-11.036346,0.39876625,0.07923022,0.25449368,-0.7458575,-0.74176663,-98.92123,17.877186,156.91075,224.48593,-98.92123,17.877186,156.91075,224.48593,-1.0,1.0,1.0,1.0,0.0,0.4,0.4,0.4
13.866666666666667,21.478748,-11.033432,1.199524,0.97147703,0.0007566703,-0.0024992255,-0.23711932,0.018774562,-0.03377101,0.06294424,-0.13240294,-0.22262113,-0.26818734,21.477823,-11.036785,0.39953157,0.06625285,0.24015015,-0.7786421,-0.86061174,0.49081418,-65.953636,-60.906208,-4.330408,0.49081418,-65.953636,-60.906208,-4.330408,0.49081418,-1.0,-1.0,-1.0,24.989307403564453,-0.4,-0.4,-0.4
13.883333333333333,21.47875,-11.03408,1.1985316,0.9713051,-0.0025600847,-0.00012133837,-0.23782313,0.017504409,-0.034214064,-0.10056552,-0.5618538,0.3176354,-0.02533873,21.478027,-11.037219,0.39853808,0.05177284,0.22485042,-0.8688005,-0.9179842,-70.64662,-13.57337,155.51015,228.2531,-70.64662,-13.57337,155.51015,228.2531,-1.0,-1.0,1.0,1.0,0.0,-0.4,0.4,0.4
13.9,21.478762,-11.034701,1.1986961,0.9708857,-0.0046077925,-0.00023323395,-0.23949854,0.018360186,-0.03224688,0.04626027,-0.12689564,-0.2002108,-0.2680654,21.478228,-11.037639,0.39870164,0.038249064,0.2103703,-0.8114265,-0.8688068,98.50097,180.16707,-60.689976,-7.7439346,98.50097,180.16707,-60.689976,-7.7439346,1.0,1.0,-1.0,-1.0,33.524375915527344,0.4,-0.4,-0.4
13.916666666666666,21.478783,-11.035302,1.1974328,0.97071993,-0.0026245345,0.0010269504,-0.24019738,0.017480174,-0.030584231,-0.11675425,0.30198717,0.3389848,-0.024745367,21.478436,-11.038055,0.3974377,0.024861889,0.19718795,-0.80323046,-0.79094136,-33.687435,44.83442,123.36792,227.11156,-33.687435,44.83442,123.36792,227.11156,-1.0,1.0,1.0,1.0,0.0,0.4,0.4,0.4
13.933333333333334,21.478817,-11.0358925,1.1973246,0.9703041,-0.0028546772,0.000654071,-0.24187045,0.018718773,-0.030268896,0.030067842,-0.12176733,-0.17904265,-0.2678645,21.478642,-11.038455,0.397329,0.012567548,0.1835275,-0.7376604,-0.8196267,112.75753,-47.159016,-113.15281,-21.823013,112.75753,-47.159016,-113.15281,-21.823013,1.0,-1.0,-1.0,-1.0,33.524375915527344,-0.4,-0.4,-0.4
13.95,21.478846,-11.03647,1.1957891,0.9701324,-0.0007847,0.0020706821,-0.24256583,0.01835528,-0.029155994,-0.13294372,0.30722293,0.36011332,-0.02453507,21.478844,-11.038852,0.39579296,0.00013660379,0.17055008,-0.74585664,-0.7786452,-12.140637,24.70754,95.229935,229.0556,-12.140637,24.70754,95.229935,229.0556,-1.0,1.0,1.0,1.0,0.0,0.4,0.4,0.4
13.966666666666667,21.478899,-11.037056,1.1954088,0.9697132,-0.00093231554,0.0018619986,-0.24423715,0.020118654,-0.02937212,0.013886393,-0.11655436,-0.15792942,-0.26765615,21.479046,-11.039236,0.39541212,-0.010518491,0.15613832,-0.63930565,-0.8647057,126.464134,-49.271553,-138.37228,-26.961288,126.464134,-49.271553,-138.37228,-26.961288,1.0,-1.0,-1.0,-1.0,33.524375915527344,-0.4,-0.4,-0.4
13.983333333333333,21.478971,-11.037635,1.1974839,0.9695335,-4.073301e-05,0.0038923156,-0.24492787,0.019278325,-0.028528988,0.1614432,0.098028086,0.40265474,-0.024443809,21.47925,-11.039606,0.3974864,-0.019944152,0.14118016,-0.5655396,-0.8974894,18.097612,0.487607,49.415016,224.26768,18.097612,0.487607,49.415016,224.26768,1.0,0.487607,1.0,1.0,33.524375915527344,0.1950428,0.4,0.4
14.0,21.479055,-11.038222,1.1981254,0.969853,-0.0018446877,0.004332862,-0.24364507,0.021266032,-0.029046161,-0.002476262,-0.33074737,-0.13676038,0.21836624,21.479454,-11.03997,0.39812747,-0.02855019,0.12519746,-0.5163623,-0.9589621,-86.94823,-38.90136,-169.39421,11.253348,-86.94823,-38.90136,-169.39421,11.253348,-1.0,-1.0,-1.0,1.0,0.0,-0.4,-0.4,0.4
14.016666666666666,21.47915,-11.038812,1.196038,0.9699367,-0.0030094823,-2.7919737e-05,-0.24333854,0.021867225,-0.027310288,-0.16635694,0.09909299,-0.6766121,-0.02431119,21.479656,-11.040335,0.39603978,-0.036200006,0.10907819,-0.45898885,-0.96715575,-32.33416,94.18946,-53.433105,-54.9119,-32.33416,94.18946,-53.433105,-54.9119,-1.0,1.0,-1.0,-1.0,0.0,0.4,-0.4,-0.4
14.033333333333333,21.479242,-11.039378,1.1951106,0.9702457,-0.0052973484,-0.001648202,-0.24205862,0.020008544,-0.02691131,-0.01918566,-0.3244953,-0.11572835,0.21836627,21.479858,-11.040694,0.39511216,-0.044123027,0.094256654,-0.47538128,-0.8892922,136.74733,-18.906282,217.73337,82.49995,136.74733,-18.906282,217.73337,82.49995,1.0,-1.0,1.0,1.0,33.524375915527344,-0.4,0.4,0.4
14.049999999999999,21.47932,-11.039877,1.1966401,0.97031957,-0.0046746465,0.00080898276,-0.24177931,0.017699948,-0.024303291,0.12839934,0.1098066,0.4439936,-0.024542011,21.480055,-11.041048,0.39664155,-0.052592464,0.08387475,-0.50816613,-0.6229144,13.490691,123.413605,103.02413,-44.79909,13.490691,123.413605,103.02413,-44.79909,1.0,1.0,1.0,-1.0,33.524375915527344,0.4,0.4,-0.4
14.066666666666666,21.479408,-11.040368,1.1967366,0.9706264,-0.0063049835,0.0015598838,-0.24050367,0.018381517,-0.023474632,-0.035480518,-0.31892583,-0.0954318,0.21827485,21.480255,-11.041398,0.3967376,-0.060652092,0.07376607,-0.48357767,-0.6065207,-56.32367,-25.609919,-132.1083,12.350149,-56.32367,-25.609919,-132.1083,12.350149,-1.0,-1.0,-1.0,1.0,0.0,-0.4,-0.4,0.4
14.083333333333334,21.479517,-11.040801,1.1979933,0.9706911,-0.0056002066,0.0041703857,-0.24022892,0.017170668,-0.020235453,0.11211444,0.115297124,0.46425742,-0.024644822,21.480448,-11.041741,0.3979945,-0.06666266,0.06734568,-0.36063415,-0.3852233,9.537012,141.84393,32.958923,-64.04049,9.537012,141.84393,32.958923,-64.04049,1.0,1.0,1.0,-1.0,33.524375915527344,0.4,0.4,-0.4
14.1,21.479641,-11.041227,1.1978171,0.9702622,-0.0071577635,0.005058913,-0.24189709,0.019057265,-0.018460495,-0.05173134,-0.31359336,-0.074809365,-0.26785707,21.480639,-11.042086,0.39781818,-0.071443796,0.061471716,-0.28686804,-0.35243776,-60.090443,-13.70287,-179.19167,-16.709492,-60.090443,-13.70287,-179.19167,-16.709492,-1.0,-1.0,-1.0,-1.0,0.0,-0.4,-0.4,-0.4
14.116666666666667,21.479832,-11.04161,1.1987945,0.9701036,-0.007994547,0.001287023,-0.24255587,0.021310357,-0.01480718,0.09511854,0.12109748,-0.5922347,-0.024329202,21.480827,-11.04243,0.39879578,-0.0713072,0.05873964,0.008195936,-0.16392453,61.3773,174.46451,-65.04794,170.17163,61.3773,174.46451,-65.04794,170.17163,1.0,1.0,-1.0,1.0,33.524375915527344,0.4,-0.4,0.4
14.133333333333333,21.48003,-11.041958,1.1983442,0.9704464,-0.0047926,-0.0011149318,-0.24126649,0.019948559,-0.012151401,-0.06801104,0.5503783,-0.052774664,0.21873759,21.481007,-11.042769,0.39834532,-0.069941156,0.05812492,0.08196249,-0.036883276,-103.28334,23.702757,170.91328,131.84062,-103.28334,23.702757,170.91328,131.84062,-1.0,1.0,1.0,1.0,0.0,0.4,0.4,0.4
14.15,21.480219,-11.04227,1.1990559,0.97052586,-0.0021771104,0.0014035145,-0.24098302,0.018125022,-0.011330845,0.07951007,0.12574026,0.509273,-0.02466491,21.481186,-11.043105,0.39905682,-0.06925814,0.059832472,0.04098102,0.102453224,14.665812,-38.762695,29.179337,-41.300636,14.665812,-38.762695,29.179337,-41.300636,1.0,-1.0,1.0,-1.0,33.524375915527344,-0.4,0.4,-0.4
14.166666666666666,21.48041,-11.042588,1.1983337,0.97066283,-0.0035485053,0.0026444267,-0.24040371,0.019377632,-0.011020025,-0.08430673,-0.30303103,-0.030085709,0.10338306,21.481365,-11.043441,0.39833504,-0.06843851,0.061061904,0.04917785,0.07376588,-66.35788,-25.280188,-173.51147,0.5275401,-66.35788,-25.280188,-173.51147,0.5275401,-1.0,-1.0,-1.0,0.5275401,0.0,-0.4,-0.4,0.21101604
14.183333333333334,21.48064,-11.042882,1.198766,0.97050947,-0.0042024255,-0.0007927176,-0.24102497,0.020921722,-0.008608278,0.06253717,0.13167052,-0.5484869,-0.13931572,21.481537,-11.043772,0.39876708,-0.06420379,0.06372568,0.25408295,0.15982656,35.39297,135.2409,-66.48849,-41.99749,35.39297,135.2409,-66.48849,-41.99749,1.0,1.0,-1.0,-1.0,33.524375915527344,0.4,-0.4,-0.4
14.2,21.480867,-11.043164,1.1977693,0.9705852,-0.006035336,-0.0015698978,-0.24067701,0.019202009,-0.007826359,-0.100838035,-0.2982042,-0.008852538,0.10334703,21.481709,-11.044097,0.39777038,-0.060242284,0.06679926,0.23769042,0.18441482,-90.67345,-3.6802669,175.46364,200.95146,-90.67345,-3.6802669,175.46364,200.95146,-1.0,-1.0,1.0,1.0,0.0,-0.4,0.4,0.4
14.216666666666667,21.481089,-11.043389,1.1979352,0.9704276,-0.004988348,0.0016954502,-0.24133459,0.017357135,-0.0049314573,0.04678289,0.13601777,0.55111545,-0.1395056,21.481876,-11.044425,0.39793652,-0.05641737,0.07417587,0.22949493,0.44259664,51.413517,159.34212,27.850677,-17.17112,51.413517,159.34212,27.850677,-17.17112,1.0,1.0,1.0,-1.0,33.524375915527344,0.4,0.4,-0.4
14.233333333333333,21.481314,-11.043603,1.196668,0.97050214,-0.0061873994,0.00325307,-0.2409908,0.018615121,-0.003661255,-0.116991416,-0.29199108,0.011619303,0.10343341,21.482038,-11.044747,0.39666933,-0.051909447,0.081962295,0.27047527,0.46718535,-28.2349,-8.359972,-187.08498,57.55038,-28.2349,-8.359972,-187.08498,57.55038,-1.0,-1.0,-1.0,1.0,0.0,-0.4,-0.4,0.4
14.25,21.481585,-11.043774,1.1965547,0.97035164,-0.0066711255,0.00012991147,-0.2416054,0.019937564,-0.00031826214,0.029879319,0.14270061,-0.50681573,-0.1393043,21.482193,-11.045066,0.39655614,-0.04357661,0.09254911,0.4999702,0.6352087,73.22031,167.74902,-94.04153,-58.753845,73.22031,167.74902,-94.04153,-58.753845,1.0,1.0,-1.0,-1.0,33.524375915527344,0.4,-0.4,-0.4
14.266666666666666,21.481874,-11.043916,1.195014,0.9704571,-0.0031270469,-0.0016318796,-0.24124774,0.018334813,0.001336263,-0.1333279,0.5711715,0.03214357,0.10382253,21.482359,-11.0453825,0.39501566,-0.034697365,0.10504837,0.5327546,0.7499559,-44.585518,28.135334,145.16475,197.53888,-44.585518,28.135334,145.16475,197.53888,-1.0,1.0,1.0,1.0,0.0,0.4,0.4,0.4
14.283333333333333,21.482153,-11.044042,1.1946286,0.9702935,-0.0017936563,-0.0050179367,-0.24187171,0.018153356,0.0012833851,0.013411367,0.14705044,-0.48501617,-0.13948686,21.482513,-11.045695,0.39463064,-0.025818117,0.11843556,0.53275484,0.80323124,95.04409,-36.439808,-34.682632,-26.822155,95.04409,-36.439808,-34.682632,-26.822155,1.0,-1.0,-1.0,-1.0,33.524375915527344,-0.4,-0.4,-0.4
14.299999999999999,21.482414,-11.0441675,1.1928138,0.97037166,-0.0033755226,-0.0053126444,-0.241535,0.015328982,0.0010866467,-0.14990681,-0.2827749,0.05455266,0.10318086,21.482672,-11.046002,0.39281598,-0.018441511,0.13141297,0.44259632,0.7786443,-31.126816,-8.786845,209.83647,215.18958,-31.126816,-8.786845,209.83647,215.18958,-1.0,-1.0,1.0,1.0,0.0,-0.4,0.4,0.4
14.316666666666666,21.482632,-11.044246,1.1921617,0.97022665,-0.0020713208,-0.0015642343,-0.24218477,0.012835238,0.002675086,-0.0023073072,0.15137982,0.61446774,-0.13967706,21.482826,-11.046303,0.39216447,-0.013933586,0.14732735,0.2704755,0.9548628,130.29987,139.83759,83.54201,-6.0375023,130.29987,139.83759,83.54201,-6.0375023,1.0,1.0,1.0,-1.0,33.524375915527344,0.4,0.4,-0.4
14.333333333333334,21.48284,-11.044305,1.1939595,0.97031033,-0.002952591,0.0005949011,-0.24184462,0.012873862,0.0021109912,0.14459446,-0.27117217,0.096188255,0.10328868,21.48298,-11.04659,0.3939629,-0.01010868,0.16365156,0.22949432,0.9794524,66.62026,-18.680357,-161.13342,64.47012,66.62026,-18.680357,-161.13342,64.47012,1.0,-1.0,-1.0,1.0,33.524375915527344,-0.4,-0.4,0.4
14.35,21.483068,-11.044358,1.1943228,0.970151,-0.0031642416,-0.00200454,-0.24247228,0.013616789,0.0038913272,-0.019161666,0.15804228,-0.4435188,-0.13948257,21.483139,-11.046873,0.3943268,-0.00505434,0.18011238,0.3032604,0.9876492,-89.068756,158.80368,-63.113995,-7.524425,-89.068756,158.80368,-63.113995,-7.524425,-1.0,1.0,-1.0,-1.0,0.0,0.4,-0.4,-0.4
14.366666666666667,21.483284,-11.044372,1.1958476,0.9702426,0.00069511484,-0.003170342,-0.2421127,0.011585544,0.0058668107,0.12827994,0.59197223,0.11662142,0.1036655,21.483297,-11.047143,0.39585268,-0.0009562265,0.1984857,0.2458868,1.1023995,18.290379,4.8429117,178.90385,196.74812,18.290379,4.8429117,178.90385,196.74812,1.0,1.0,1.0,1.0,33.524375915527344,0.4,0.4,0.4
14.383333333333333,21.483475,-11.044377,1.1959455,0.97032636,0.0039231633,0.00050392625,-0.24176666,0.010094423,0.0045813015,-0.034951992,0.16181692,0.65670836,0.01990534,21.483456,-11.047409,0.39595133,0.0013660379,0.21713224,0.13933586,1.1187922,-56.368454,-44.779793,11.114687,-0.34397927,-56.368454,-44.779793,11.114687,-0.34397927,-1.0,-1.0,1.0,-0.34397927,0.0,-0.4,0.4,-0.1375917
14.4,21.483671,-11.04443,1.1971984,0.9699994,0.0032003268,0.0029924766,-0.24306758,0.011514719,0.0024708,0.111958414,-0.26181456,0.13875884,-0.22322361,21.483616,-11.04766,0.39720497,0.0039615096,0.23133916,0.1557283,0.8524149,37.98008,-33.87765,-193.8391,-27.146385,37.98008,-33.87765,-193.8391,-27.146385,1.0,-1.0,-1.0,-1.0,33.524375915527344,-0.4,-0.4,-0.4
14.416666666666666,21.483875,-11.044497,1.197017,0.9699197,0.0031522335,0.0007245575,-0.24340364,0.01331903,0.0022243871,-0.051783003,0.16819146,-0.40033537,0.020205855,21.483768,-11.047905,0.39702427,0.007649812,0.24411172,0.22129813,0.76635355,-92.513084,94.98623,-112.614815,175.74266,-92.513084,94.98623,-112.614815,175.74266,-1.0,1.0,-1.0,1.0,0.0,0.4,-0.4,0.4
14.433333333333334,21.484077,-11.044593,1.1979954,0.9703311,0.0019844882,0.0011872146,-0.24176864,0.01275084,0.00013904576,0.09557836,-0.2555326,0.16051248,0.2628451,21.48393,-11.048133,0.3980033,0.010518491,0.25353745,0.17212075,0.5655437,7.9203076,-24.405876,119.90073,84.68005,7.9203076,-24.405876,119.90073,84.68005,1.0,-1.0,1.0,1.0,33.524375915527344,-0.4,0.4,0.4
14.45,21.484287,-11.044693,1.1975415,0.9704926,0.0020287614,-0.00092540815,-0.24112035,0.013898579,0.00030493195,-0.06816434,0.17360356,-0.3795845,0.019987712,21.484093,-11.048354,0.39754993,0.013933586,0.26221186,0.20490567,0.5204647,-103.82507,82.696075,-104.132454,-60.135365,-103.82507,82.696075,-104.132454,-60.135365,-1.0,1.0,-1.0,-1.0,0.0,0.4,-0.4,-0.4
14.466666666666667,21.484474,-11.044812,1.1982473,0.97089875,0.0009425941,-0.00030675766,-0.23948787,0.012664796,-0.001499579,0.07919496,-0.25015986,0.1813246,0.2626311,21.484253,-11.04856,0.3982561,0.015846038,0.26842743,0.11474713,0.3729343,19.677885,-25.450993,140.40907,76.689804,19.677885,-25.450993,140.40907,76.689804,1.0,-1.0,1.0,1.0,33.524375915527344,-0.4,0.4,0.4
14.483333333333333,21.484661,-11.04493,1.1975212,0.97105616,0.0010752907,-0.002261534,-0.23883776,0.013215675,-0.0011459177,-0.08454038,0.17892058,-0.35883024,0.019774245,21.484411,-11.048757,0.39753056,0.017895095,0.27402824,0.1229434,0.33604857,-95.98806,82.61226,-83.32376,-61.544273,-95.98806,82.61226,-83.32376,-61.544273,-1.0,1.0,-1.0,-1.0,0.0,0.4,-0.4,-0.4
14.5,21.484821,-11.045055,1.1979549,0.9714577,6.977081e-05,-0.0014857681,-0.23720807,0.0114527615,-0.002696197,0.062819734,-0.24488258,0.20213553,0.26242185,21.484573,-11.048935,0.39796424,0.017758492,0.2778532,-0.008196159,0.22949694,39.019054,-25.985802,160.97015,65.26139,39.019054,-25.985802,160.97015,65.26139,1.0,-1.0,1.0,1.0,33.524375915527344,-0.4,0.4,0.4
14.516666666666666,21.484978,-11.045178,1.1969564,0.9716119,0.00028960768,-0.0032817407,-0.23655707,0.01153297,-0.0021826914,-0.10090371,0.18414283,-0.33807907,0.019568872,21.48473,-11.049108,0.39696637,0.017758492,0.2814049,0.0,0.21310328,-83.05892,82.05477,-59.49885,-63.214703,-83.05892,82.05477,-59.49885,-63.214703,-1.0,1.0,-1.0,-1.0,0.0,0.4,-0.4,-0.4
14.533333333333333,21.485104,-11.045299,1.1971176,0.97200954,-0.000636615,-0.0023490025,-0.2349288,0.009377876,-0.003506112,0.046457432,-0.23969978,0.22294259,0.26221886,21.484894,-11.049258,0.39712724,0.015026417,0.2835906,-0.16392453,0.13114212,64.1601,-26.066534,180.49966,50.697014,64.1601,-26.066534,180.49966,50.697014,1.0,-1.0,1.0,1.0,33.524375915527344,-0.4,0.4,0.4
14.549999999999999,21.485231,-11.045418,1.1958464,0.97216135,-0.0003308045,-0.003985762,-0.23427793,0.009113319,-0.0028610039,-0.11725242,0.18926938,-0.31733054,0.019373113,21.48506,-11.049407,0.39585635,0.012294341,0.28570798,-0.16392453,0.12704192,-64.70183,81.00783,-33.22703,-65.872986,-64.70183,81.00783,-33.22703,-65.872986,-1.0,1.0,-1.0,-1.0,0.0,0.4,-0.4,-0.4
14.566666666666666,21.485308,-11.045527,1.1957349,0.97255504,-0.001178337,-0.002895829,-0.2326515,0.006703072,-0.003985899,0.03010833,-0.23460968,0.24374482,0.26202425,21.485216,-11.049534,0.39574516,0.0065569817,0.28693745,-0.34424153,0.07376789,92.774666,-25.881788,198.34415,32.969715,92.774666,-25.881788,198.34415,32.969715,1.0,-1.0,1.0,1.0,33.524375915527344,-0.4,0.4,0.4
14.583333333333334,21.485392,-11.045633,1.1941913,0.9727055,-0.0007880973,-0.004373111,-0.23200068,0.006219367,-0.0032378405,-0.13358861,0.19430408,-0.29658872,0.019186886,21.485382,-11.049657,0.39420164,0.00068301894,0.2881669,-0.35243773,0.07376789,-39.840008,79.35789,-3.5868762,-70.23794,-39.840008,79.35789,-3.5868762,-70.23794,-1.0,1.0,-1.0,-1.0,0.0,0.4,-0.4,-0.4
14.6,21.485432,-11.045728,1.1938075,0.9730954,-0.0015578964,-0.0031259214,-0.23037572,0.0036907813,-0.0041936594,0.013769343,-0.22961292,0.26453498,0.26183775,21.485548,-11.049761,0.39381772,-0.008332831,0.28884992,-0.54095095,0.040980574,122.1303,-25.287655,213.60275,12.349025,122.1303,-25.287655,213.60275,12.349025,1.0,-1.0,1.0,1.0,33.524375915527344,-0.4,0.4,0.4
14.616666666666667,21.485445,-11.045803,1.191998,0.9732508,0.00045800713,0.0021195305,-0.22973503,0.0034128998,-0.0033716673,-0.14936179,0.1976688,0.80279756,0.018808322,21.485706,-11.049856,0.39200824,-0.018714719,0.2902843,-0.62291324,0.08606314,-7.483469,76.91601,18.907665,-77.01629,-7.483469,76.91601,18.907665,-77.01629,-1.0,1.0,1.0,-1.0,0.0,0.4,0.4,-0.4
14.633333333333333,21.48549,-11.045894,1.1913438,0.9729242,0.00027405677,0.005709997,-0.23105365,0.005837568,-0.003939873,-0.0024818191,-0.22557323,0.2847364,-0.22432108,21.485872,-11.049929,0.39135402,-0.02732076,0.28898653,-0.5163624,-0.07786631,159.49121,-31.599033,-205.48474,-94.33374,159.49121,-31.599033,-205.48474,-94.33374,1.0,-1.0,-1.0,-1.0,33.524375915527344,-0.4,-0.4,-0.4
14.65,21.48561,-11.046008,1.1931385,0.97284794,0.0008940251,0.0046709254,-0.23139633,0.008954601,-0.0027821693,0.14449535,0.21033527,-0.23374008,0.019171767,21.486034,-11.049979,0.39314845,-0.030462643,0.28441027,-0.18851301,-0.27457592,85.33896,70.462685,-149.81053,59.955856,85.33896,70.462685,-149.81053,59.955856,1.0,1.0,-1.0,1.0,33.524375915527344,0.4,-0.4,0.4
14.666666666666666,21.485744,-11.046137,1.1934977,0.97269195,-0.0012418668,-0.00028324148,-0.23209637,0.011187024,-0.0032835193,-0.019427234,-0.21873495,-0.7722999,-0.12169124,21.486187,-11.05002,0.39350745,-0.031692076,0.2781264,-0.07376599,-0.37703273,-75.36291,-31.744446,-27.351835,-0.5786846,-75.36291,-31.744446,-27.351835,-0.5786846,-1.0,-1.0,-1.0,-0.5786846,0.0,-0.4,-0.4,-0.23147385
14.683333333333334,21.485876,-11.046246,1.1950176,0.9728058,-0.0010611543,-0.0033380769,-0.2315958,0.0101847295,-0.0021341518,0.1279994,0.21494824,-0.21157765,0.121745944,21.486345,-11.050043,0.39502692,-0.033604536,0.27197915,-0.11474758,-0.3688341,17.164642,88.30966,228.48438,161.78857,17.164642,88.30966,228.48438,161.78857,1.0,1.0,1.0,1.0,33.524375915527344,0.4,0.4,0.4
14.7,21.485989,-11.046349,1.1951109,0.972691,-0.0015559233,-0.0015621248,-0.2320932,0.008326784,-0.0025512292,-0.03528373,-0.21480075,0.32863754,-0.121725686,21.486502,-11.050062,0.39511964,-0.03674642,0.26596853,-0.18851301,-0.36063728,-84.802444,-30.798544,148.38188,-17.917969,-84.802444,-30.798544,148.38188,-17.917969,-1.0,-1.0,1.0,-1.0,0.0,-0.4,0.4,-0.4
14.716666666666667,21.486097,-11.046437,1.1963605,0.9728085,-0.0007650288,-0.0022670126,-0.23159853,0.008699898,-0.0014168974,0.11168516,0.22091143,-0.18998922,0.121625446,21.486654,-11.050062,0.396369,-0.039888307,0.25961637,-0.18851323,-0.38112935,65.49907,65.90015,-80.320885,49.601196,65.49907,65.90015,-80.320885,49.601196,1.0,1.0,-1.0,1.0,33.524375915527344,0.4,-0.4,0.4
14.733333333333333,21.486197,-11.046519,1.1961813,0.9726922,-0.0011707443,-0.00032753978,-0.2320953,0.007275687,-0.0018240397,-0.05159942,-0.20887029,0.3502188,-0.12184265,21.486807,-11.050055,0.39618927,-0.043713216,0.25319594,-0.22949448,-0.38522598,-85.80366,-32.16637,131.99352,-25.372345,-85.80366,-32.16637,131.99352,-25.372345,-1.0,-1.0,1.0,-1.0,0.0,-0.4,0.4,-0.4
14.75,21.486303,-11.046593,1.1971586,0.9728098,-0.00028952528,-0.00086919655,-0.23160349,0.008085829,-0.00074590923,0.09537065,0.22686866,-0.16843934,0.121505566,21.486954,-11.05003,0.39716628,-0.046581898,0.24616076,-0.17212091,-0.42211083,68.13881,57.044403,-103.92605,36.495625,68.13881,57.044403,-103.92605,36.495625,1.0,1.0,-1.0,1.0,33.524375915527344,0.4,-0.4,0.4
14.766666666666666,21.486399,-11.046665,1.1967069,0.9726911,-0.00060642743,0.0012331422,-0.23209897,0.007224634,-0.0011777317,-0.067911975,-0.20294604,0.37176228,-0.12195977,21.487097,-11.05,0.39671442,-0.04999699,0.23885241,-0.20490555,-0.4385009,-83.34002,-34.032204,99.80907,-33.22525,-83.34002,-34.032204,99.80907,-33.22525,-1.0,-1.0,1.0,-1.0,0.0,-0.4,0.4,-0.4
14.783333333333333,21.486519,-11.046737,1.197412,0.9728083,0.00036535363,0.00085335504,-0.23160997,0.0086103305,-0.00019470489,0.07906021,0.23282185,-0.14692828,0.1213883,21.48724,-11.049955,0.39741898,-0.051636238,0.2305195,-0.09835481,-0.49997446,76.07703,46.13051,-134.2174,18.67381,76.07703,46.13051,-134.2174,18.67381,1.0,1.0,-1.0,1.0,33.524375915527344,0.4,-0.4,0.4
14.799999999999999,21.486633,-11.046807,1.196688,0.972686,0.0001369653,0.0031193697,-0.2321036,0.008440962,-0.00068564253,-0.08421383,-0.19702758,0.39326882,-0.122074716,21.487381,-11.049904,0.3966944,-0.05354869,0.2217768,-0.11474713,-0.52456224,-78.50546,-36.03979,33.370003,-42.787388,-78.50546,-36.03979,33.370003,-42.787388,-1.0,-1.0,1.0,-1.0,0.0,-0.4,0.4,-0.4
14.816666666666666,21.486782,-11.046884,1.1971203,0.97209406,0.0011864771,0.0029037667,-0.2345704,0.010597524,0.00044692194,0.06276405,0.23846567,-0.1253465,-0.3645897,21.487516,-11.049837,0.39712626,-0.052592464,0.21153145,0.057373565,-0.6147211,88.30235,32.92669,-171.1965,-4.7403593,88.30235,32.92669,-171.1965,-4.7403593,1.0,1.0,-1.0,-1.0,33.524375915527344,0.4,-0.4,-0.4
14.833333333333334,21.486954,-11.046977,1.1961175,0.9717403,-0.000533769,-0.0012231555,-0.2360487,0.011554807,-0.00032918737,-0.10114782,-0.19124044,-0.6648013,-0.12154276,21.487654,-11.049767,0.3961227,-0.050133597,0.19978343,0.14753199,-0.7048809,-60.368458,-43.329964,-55.671597,232.16586,-60.368458,-43.329964,-55.671597,232.16586,-1.0,-1.0,-1.0,1.0,0.0,-0.4,-0.4,0.4
14.85,21.487106,-11.047055,1.1962754,0.971856,6.897601e-05,-0.0034644979,-0.23555005,0.009867384,0.000355526,0.04629151,0.24261288,-0.1042203,0.121852905,21.487787,-11.049682,0.3962799,-0.04876756,0.18810375,0.081962265,-0.7007807,65.605095,55.786453,201.66606,158.81552,65.605095,55.786453,201.66606,158.81552,1.0,1.0,1.0,1.0,33.524375915527344,0.4,0.4,0.4
14.866666666666667,21.487236,-11.047123,1.1950061,0.9717423,1.44693195e-05,-0.00087142346,-0.23604259,0.008527413,-0.00034298748,-0.116971396,-0.18728831,0.43585977,-0.1216021,21.487917,-11.049587,0.3950105,-0.04876756,0.17649236,0.0,-0.69668317,-56.176693,-41.363243,97.422066,-14.187698,-56.176693,-41.363243,97.422066,-14.187698,-1.0,-1.0,1.0,-1.0,0.0,-0.4,0.4,-0.4
14.883333333333333,21.487371,-11.047194,1.194894,0.97186124,0.0012370484,-0.0007669843,-0.23554933,0.009272105,0.00014977274,0.030008536,0.2485363,-0.08276284,0.121743634,21.488047,-11.049487,0.39489776,-0.048357747,0.16426627,0.024588702,-0.73356533,128.1372,18.303896,-136.99232,26.060633,128.1372,18.303896,-136.99232,26.060633,1.0,1.0,-1.0,1.0,33.524375915527344,0.4,-0.4,0.4
14.9,21.487495,-11.047265,1.1933527,0.9717411,0.0012708971,0.0019887781,-0.2360375,0.009009216,-0.00070320995,-0.1332527,-0.1813971,0.4573102,-0.121706404,21.488173,-11.049381,0.39335588,-0.04849435,0.15156208,-0.008196159,-0.76225156,-33.6847,-43.998043,13.390172,-30.319592,-33.6847,-43.998043,13.390172,-30.319592,-1.0,-1.0,1.0,-1.0,0.0,-0.4,0.4,-0.4
14.916666666666666,21.487646,-11.047347,1.1929681,0.971137,0.0025759456,0.0022595304,-0.23849775,0.010939173,-0.00015785173,0.013736015,0.25427276,-0.061282486,-0.36421415,21.488297,-11.049263,0.39297092,-0.046581898,0.13721864,0.11474713,-0.8606064,149.56535,4.32217,-180.11362,-9.762063,149.56535,4.32217,-180.11362,-9.762063,1.0,1.0,-1.0,-1.0,33.524375915527344,0.4,-0.4,-0.4
14.933333333333334,21.48782,-11.047474,1.1950314,0.97077703,0.0011611786,-0.0012514915,-0.23997682,0.013536921,-0.0018560648,0.16049106,-0.16978435,-0.57961595,-0.12114195,21.488415,-11.049133,0.3950334,-0.042620383,0.11884537,0.23769087,-1.1023959,14.228098,-49.07368,-86.57589,221.56126,14.228098,-49.07368,-86.57589,221.56126,1.0,-1.0,-1.0,1.0,33.524375915527344,-0.4,-0.4,0.4
14.95,21.487991,-11.047603,1.1956667,0.9708949,0.0020350458,-0.0029714482,-0.2394787,0.01233257,-0.0017697355,-0.0027208163,0.25882095,-0.04038672,0.12222509,21.488533,-11.049004,0.3956682,-0.03879548,0.10033553,0.22949426,-1.1105905,-119.84151,29.24332,151.73152,200.5824,-119.84151,29.24332,151.73152,200.5824,-1.0,1.0,1.0,1.0,0.0,0.4,0.4,0.4
14.966666666666667,21.48815,-11.047726,1.1935807,0.97078013,0.0022483594,0.00010588627,-0.2399601,0.011729553,-0.003035263,-0.16595797,-0.17116192,0.49957114,-0.12121663,21.488653,-11.048868,0.39358172,-0.036063403,0.081825696,0.16392453,-1.11059,-23.525528,-52.958508,9.945078,-14.649343,-23.525528,-52.958508,9.945078,-14.649343,-1.0,-1.0,1.0,-1.0,0.0,-0.4,0.4,-0.4
14.983333333333333,21.48831,-11.047879,1.19265,0.9704363,-0.0014771245,0.0019878433,-0.2413445,0.013176103,-0.0037471417,-0.019114086,-0.59376955,-0.017621756,-0.1889874,21.48877,-11.048731,0.39265054,-0.032921515,0.060993604,0.18851323,-1.2499254,163.42868,-17.504358,-182.77475,-0.277564,163.42868,-17.504358,-182.77475,-0.277564,1.0,-1.0,-1.0,-0.277564,33.524375915527344,-0.4,-0.4,-0.111025594
15.0,21.488506,-11.048024,1.1941682,0.97041976,-0.0044533536,-0.00075222447,-0.24138151,0.015037375,-0.0025540423,0.12775743,-0.15831277,-0.53484225,0.054599892,21.488886,-11.048588,0.39416838,-0.027184155,0.040366422,0.34424162,-1.2376308,67.13367,216.54839,-88.66922,131.96361,67.13367,216.54839,-88.66922,131.96361,1.0,1.0,-1.0,1.0,33.524375915527344,0.4,-0.4,0.4
15.016666666666666,21.488705,-11.04815,1.1942587,0.97089857,-0.0033925972,-0.0021280185,-0.23945758,0.013478684,-0.00077492296,-0.03544443,0.2714816,0.0041816896,0.29778698,21.488995,-11.048441,0.39425886,-0.020763775,0.020832077,0.38522273,-1.1720606,-97.39278,79.73269,130.36194,86.47634,-97.39278,79.73269,130.36194,86.47634,-1.0,1.0,1.0,1.0,0.0,0.4,0.4,0.4
15.033333333333333,21.488892,-11.048251,1.1955049,0.97111464,-0.0045319013,-0.0051334975,-0.23851474,0.013684735,-0.00054433587,0.11132375,-0.15193462,-0.5124892,0.05443216,21.489103,-11.048295,0.39550507,-0.01516302,0.003141887,0.3360453,-1.0614113,22.745718,-27.81354,-53.866074,-57.909836,22.745718,-27.81354,-53.866074,-57.909836,1.0,-1.0,-1.0,-1.0,33.524375915527344,-0.4,-0.4,-0.4
15.049999999999999,21.489073,-11.048333,1.1953232,0.9715842,-0.0033800765,-0.0063378294,-0.23658524,0.0107225515,0.0008798194,-0.051863793,0.2777554,0.026527876,0.29760626,21.489216,-11.048149,0.3953233,-0.010245284,-0.013182266,0.29506415,-0.97944915,-104.30825,76.48122,197.03938,92.281425,-104.30825,76.48122,197.03938,92.281425,-1.0,1.0,1.0,1.0,0.0,0.4,0.4,0.4
15.066666666666666,21.489187,-11.048372,1.1963029,0.9718262,-0.0028369029,-0.0026275357,-0.23566654,0.0070933797,0.0007808808,0.09556817,-0.14740679,0.58823967,0.05409308,21.489319,-11.048,0.39630297,-0.0094256615,-0.02663774,0.04917735,-0.80732846,25.039116,-30.673712,74.18074,-55.386963,25.039116,-30.673712,74.18074,-55.386963,1.0,-1.0,1.0,-1.0,33.524375915527344,-0.4,0.4,-0.4
15.083333333333334,21.489313,-11.048404,1.1958504,0.97157997,-0.0010619804,-0.0014900079,-0.23670447,0.007133864,0.002092168,-0.06809916,0.28196058,0.04815145,-0.18864049,21.489431,-11.047858,0.3958506,-0.008469434,-0.039068684,0.05737362,-0.7458566,-53.410156,42.52196,-147.22664,-45.77452,-53.410156,42.52196,-147.22664,-45.77452,-1.0,1.0,-1.0,-1.0,0.0,0.4,-0.4,-0.4
15.1,21.489431,-11.048431,1.1965516,0.9715585,-0.0020211746,-0.0041760323,-0.23675373,0.007487915,0.0014163645,0.07870813,-0.14127252,-0.4698927,0.05426906,21.489542,-11.047716,0.39655215,-0.007923019,-0.051226426,0.032784916,-0.7294645,75.15117,-44.49156,-33.44381,110.188866,75.15117,-44.49156,-33.44381,110.188866,1.0,-1.0,-1.0,1.0,33.524375915527344,-0.4,-0.4,0.4
15.116666666666667,21.489534,-11.0484495,1.1958244,0.9720231,-0.00069592654,-0.0050593773,-0.23482928,0.005031907,0.002034803,-0.08447763,0.2882945,0.06910012,0.2974194,21.489647,-11.047576,0.39582497,-0.008059624,-0.062564544,-0.008196271,-0.68028706,-99.547874,50.726673,201.69608,73.015,-99.547874,50.726673,201.69608,73.015,-1.0,1.0,1.0,1.0,0.0,0.4,0.4,0.4
15.133333333333333,21.48959,-11.04845,1.196259,0.9722599,8.915022e-06,-0.001026067,-0.2339006,0.0023203986,0.0011601213,0.0629109,-0.13706656,0.63084835,0.053923506,21.489756,-11.047439,0.39625993,-0.011884529,-0.072468325,-0.22949432,-0.59422684,47.94588,-36.002254,60.341305,-63.716805,47.94588,-36.002254,60.341305,-63.716805,1.0,-1.0,1.0,-1.0,33.524375915527344,-0.4,0.4,-0.4
15.15,21.489647,-11.048446,1.1952617,0.9720083,0.0019463972,0.00044219295,-0.23493813,0.003261459,0.0015706746,-0.1007692,0.2923297,0.09069095,-0.1888196,21.489864,-11.047304,0.39526242,-0.015572831,-0.08175739,-0.2212981,-0.5573438,-36.98459,5.891898,-161.01549,-57.49039,-36.98459,5.891898,-161.01549,-57.49039,-1.0,1.0,-1.0,-1.0,0.0,0.4,-0.4,-0.4
15.166666666666666,21.489708,-11.048469,1.1954179,0.9719936,0.0011601652,-0.0019218657,-0.23499632,0.0043694708,4.2399493e-05,0.04605689,-0.13079336,-0.42741108,0.054110557,21.489967,-11.047174,0.39541912,-0.018578114,-0.09268571,-0.18031697,-0.655699,100.8263,-51.8821,-73.15166,69.23548,100.8263,-51.8821,-73.15166,69.23548,1.0,-1.0,-1.0,1.0,33.524375915527344,-0.4,-0.4,0.4
15.183333333333334,21.489761,-11.048491,1.1941458,0.9724514,0.0026589823,-0.002485556,-0.233077,0.0029133302,-0.00028540439,-0.11712321,0.2986538,0.111555085,0.2972495,21.490074,-11.047048,0.39414722,-0.02240302,-0.10334082,-0.22949438,-0.6393067,-71.71285,10.630526,172.04803,43.517925,-71.71285,10.630526,172.04803,43.517925,-1.0,1.0,1.0,1.0,0.0,0.4,0.4,0.4
15.2,21.4898,-11.048535,1.1940293,0.9726658,0.001965649,-0.0046859155,-0.23215352,0.003057426,-0.0020790007,0.029713044,-0.12508522,-0.40506896,0.053924855,21.490183,-11.046927,0.39403126,-0.027457362,-0.11515707,-0.30326048,-0.70897484,85.78073,-44.506573,-14.148159,-76.145134,85.78073,-44.506573,-14.148159,-76.145134,1.0,-1.0,-1.0,-1.0,33.524375915527344,-0.4,-0.4,-0.4
15.216666666666667,21.489807,-11.0485935,1.1924837,0.9731206,-0.001667224,-0.0038280573,-0.23025806,0.000817495,-0.0028642488,-0.13360777,-0.55406433,0.13434951,0.29661697,21.490284,-11.046809,0.39248577,-0.03415095,-0.12779295,-0.4016153,-0.75815314,-45.689476,-7.0203524,215.26907,35.829563,-45.689476,-7.0203524,215.26907,35.829563,-1.0,-1.0,1.0,1.0,0.0,-0.4,0.4,0.4
15.233333333333333,21.489792,-11.048619,1.1921005,0.97334105,-0.0024695399,0.0010961596,-0.22934645,-0.0010781181,-0.0013626092,0.013871521,-0.120881915,0.69247824,0.053417023,21.49039,-11.046702,0.39210302,-0.042893592,-0.13728693,-0.5245585,-0.56963855,117.844444,181.952,54.121483,-99.49464,117.844444,181.952,54.121483,-99.49464,1.0,1.0,1.0,-1.0,33.524375915527344,0.4,0.4,-0.4
15.25,21.489798,-11.04861,1.1941689,0.97309107,-0.000228342,0.0031604317,-0.23039909,-0.0002759075,0.00083839096,0.16084819,0.31402677,0.173367,-0.18932888,21.490488,-11.046606,0.39417177,-0.049450576,-0.14350243,-0.39341903,-0.37292984,50.912342,21.198532,-178.79298,-89.2048,50.912342,21.198532,-178.79298,-89.2048,1.0,1.0,-1.0,-1.0,33.524375915527344,0.4,-0.4,-0.4
15.266666666666666,21.489822,-11.04861,1.1948019,0.9730815,-0.0007308007,0.0012991958,-0.230456,0.001532915,0.00035520556,-0.0029704403,-0.114272855,-0.3660418,0.053634748,21.490585,-11.046513,0.3948051,-0.054641522,-0.15019603,-0.31145674,-0.40161607,-69.47248,-44.01347,-110.2143,63.266266,-69.47248,-44.01347,-110.2143,63.266266,-1.0,-1.0,-1.0,1.0,0.0,-0.4,-0.4,0.4
15.283333333333333,21.489845,-11.048603,1.1927128,0.972834,0.0010210691,0.0012099327,-0.2314985,0.0011648951,0.00090882287,-0.16615306,0.314261,0.17285056,-0.18918778,21.490686,-11.046421,0.39271614,-0.060242284,-0.15627493,-0.33604568,-0.3647339,-7.8622394,31.914501,130.76192,-16.893589,-7.8622394,31.914501,130.76192,-16.893589,-1.0,1.0,1.0,-1.0,0.0,0.4,0.4,-0.4
15.299999999999999,21.48987,-11.048616,1.191779,0.9728211,0.0005808518,-0.0005336538,-0.23155642,0.0022741607,-0.0002268714,-0.019316083,-0.1086233,-0.34533563,0.053777553,21.490772,-11.046342,0.39178288,-0.0646136,-0.16290022,-0.26227912,-0.39751765,169.01671,-48.024197,-91.57296,11.486092,169.01671,-48.024197,-91.57296,11.486092,1.0,-1.0,-1.0,1.0,33.524375915527344,-0.4,-0.4,0.4
15.316666666666666,21.489891,-11.048624,1.1933006,0.9725707,0.002484533,-0.00034562638,-0.23259394,0.0010220124,0.0006939557,0.128165,0.32537907,0.21475051,-0.18904577,21.49086,-11.046273,0.39330465,-0.069394745,-0.1683644,-0.28686848,-0.32785085,44.966156,13.7941065,146.76599,-10.067224,44.966156,13.7941065,146.76599,-10.067224,1.0,1.0,1.0,-1.0,33.524375915527344,0.4,0.4,-0.4
15.333333333333334,21.489914,-11.048648,1.193389,0.97255564,0.0021500885,-0.0018926776,-0.23265271,0.0018200986,-0.0009190342,-0.035655476,-0.10289027,-0.32468292,0.05393733,21.490946,-11.046213,0.3933936,-0.07390267,-0.174375,-0.27047527,-0.3606355,-56.539333,-56.821766,-76.33163,82.28484,-56.539333,-56.821766,-76.33163,82.28484,-1.0,-1.0,-1.0,1.0,0.0,-0.4,-0.4,0.4
15.35,21.489904,-11.048689,1.1946363,0.9730135,-0.0010780188,-0.0003039515,-0.23074505,0.00017407147,-0.002917777,0.11168565,-0.52665615,0.23593062,0.29659927,21.491028,-11.0461645,0.3946411,-0.080459654,-0.1807954,-0.39341924,-0.3852242,34.576305,-4.6819468,163.48149,1.3153548,34.576305,-4.6819468,163.48149,1.3153548,1.0,-1.0,1.0,1.0,33.524375915527344,-0.4,0.4,0.4
15.366666666666667,21.489895,-11.048726,1.1944516,0.97322845,-0.003065312,-0.0012905762,-0.2298155,0.00073785486,-0.0016256627,-0.052009188,-0.09741257,-0.30559808,0.05368783,21.491102,-11.046118,0.39445683,-0.08647023,-0.18680601,-0.3606346,-0.36063638,-70.94462,185.96808,-60.7027,-96.02622,-70.94462,185.96808,-60.7027,-96.02622,-1.0,1.0,-1.0,-1.0,0.0,0.4,-0.4,-0.4
15.383333333333333,21.489882,-11.048722,1.1954284,0.97298706,-0.0009947645,-0.00080224726,-0.23085578,-0.0010387445,0.00038056955,0.09547513,0.33658186,0.25445062,-0.1891456,21.49117,-11.046085,0.395434,-0.0923442,-0.18885508,-0.3524382,-0.12294441,48.463604,42.867237,167.80692,-23.427145,48.463604,42.867237,167.80692,-23.427145,1.0,1.0,1.0,-1.0,33.524375915527344,0.4,0.4,-0.4
15.4,21.48987,-11.0487175,1.1949718,0.9729722,-0.0011581482,-0.0020498629,-0.23091021,-0.0007085436,-0.00017563012,-0.06834021,-0.09157711,-0.28501636,0.053855736,21.491241,-11.046054,0.39497736,-0.098218165,-0.19076753,-0.35243776,-0.11474668,-47.80679,-48.488926,-59.915527,76.82774,-47.80679,-48.488926,-59.915527,76.82774,-1.0,-1.0,-1.0,1.0,0.0,-0.4,-0.4,0.4
15.416666666666666,21.48984,-11.048694,1.1956761,0.9727272,0.0010006961,-0.0014066428,-0.23194574,-0.0025592623,0.0010455662,0.07913535,0.3424329,0.27500916,-0.18898104,21.491302,-11.04604,0.39568186,-0.10477516,-0.19008452,-0.39341968,0.040980574,52.1621,25.997866,178.16716,-15.9057045,52.1621,25.997866,178.16716,-15.9057045,1.0,1.0,1.0,-1.0,33.524375915527344,0.4,0.4,-0.4
15.433333333333334,21.489809,-11.048672,1.194947,0.97271186,0.00092301884,-0.0024991983,-0.2320008,-0.002282348,-0.00020427324,-0.08467649,-0.08571054,-0.2644703,0.054030333,21.491365,-11.046025,0.3949529,-0.11146876,-0.18953809,-0.40161607,0.03278553,-45.829403,-54.589275,-46.90929,80.991394,-45.829403,-54.589275,-46.90929,80.991394,-1.0,-1.0,-1.0,1.0,0.0,-0.4,-0.4,0.4
15.45,21.489752,-11.048646,1.195379,0.9724626,0.00317004,-0.0017010277,-0.23303103,-0.0040690983,0.00019325655,0.06279784,0.3483135,0.29553372,-0.18881005,21.491417,-11.046026,0.39538503,-0.119255185,-0.18762563,-0.46718535,0.11474758,65.01303,5.9414916,184.55867,-11.875105,65.01303,5.9414916,184.55867,-11.875105,1.0,1.0,1.0,-1.0,33.524375915527344,0.4,0.4,-0.4
15.466666666666667,21.48969,-11.048633,1.1943778,0.9724472,0.003178609,-0.0026387174,-0.23308623,-0.0037206945,-0.00178517,-0.10100822,-0.07981459,-0.24395972,0.05421199,21.491467,-11.046032,0.39438418,-0.12717824,-0.1862596,-0.47538307,0.08196204,-39.834908,-61.94498,-40.515022,81.14811,-39.834908,-61.94498,-40.515022,81.14811,-1.0,-1.0,-1.0,1.0,0.0,-0.4,-0.4,0.4
15.483333333333333,21.489595,-11.048637,1.1945355,0.9722053,0.0002994476,-0.00042845804,-0.23412953,-0.0053084535,-0.003533216,0.0463146,-0.5042429,0.31731373,-0.1891337,21.49151,-11.046045,0.394542,-0.13715033,-0.18564487,-0.59832567,0.036883947,82.37518,-13.546415,184.80817,-11.841397,82.37518,-13.546415,184.80817,-11.841397,1.0,-1.0,1.0,-1.0,33.524375915527344,-0.4,0.4,-0.4
15.5,21.4895,-11.04865,1.1932611,0.97219115,-0.0013360251,-0.00077813846,-0.2341833,-0.0047600158,-0.0027336678,-0.11737436,-0.073409885,-0.22173491,0.054171726,21.49155,-11.046069,0.39326823,-0.14684923,-0.18482524,-0.5819338,0.049177404,-12.2565775,184.33632,-37.88967,102.993996,-12.2565775,184.33632,-37.88967,102.993996,-1.0,1.0,-1.0,1.0,0.0,0.4,-0.4,0.4
15.516666666666666,21.489403,-11.0486355,1.1931484,0.9719417,0.0010943651,0.00033423817,-0.2352187,-0.00600629,-0.0015579948,0.030097133,0.3606746,0.33821285,-0.18867385,21.491583,-11.046104,0.3931554,-0.15613832,-0.18127353,-0.5573451,0.21310239,117.09046,21.598083,164.06844,-26.759583,117.09046,21.598083,164.06844,-26.759583,1.0,1.0,1.0,-1.0,33.524375915527344,0.4,0.4,-0.4
15.533333333333333,21.48931,-11.048638,1.1954856,0.9719289,0.001349538,-0.00016143777,-0.23527092,-0.0047320644,-0.002710701,0.17694598,-0.06197291,-0.18008368,0.05436972,21.491602,-11.046156,0.3954929,-0.16419798,-0.1777901,-0.4835799,0.20900576,6.7097173,-53.48531,-84.63221,71.30557,6.7097173,-53.48531,-84.63221,71.30557,1.0,-1.0,-1.0,1.0,33.524375915527344,-0.4,-0.4,0.4
15.549999999999999,21.489208,-11.048637,1.1963949,0.9723845,0.0038914795,0.0011407497,-0.23334938,-0.005630321,-0.002500781,0.013758798,0.367,0.35872415,0.29750225,21.491617,-11.046209,0.39640224,-0.17253084,-0.17389688,-0.49997178,0.23359357,-129.0778,5.3850946,132.53418,16.86848,-129.0778,5.3850946,132.53418,16.86848,-1.0,1.0,1.0,1.0,0.0,0.4,0.4,0.4
15.566666666666666,21.489113,-11.048645,1.1945766,0.9726066,0.0041642515,0.00069081585,-0.23241886,-0.00420303,-0.0043273144,-0.1500471,-0.06317503,-0.17893645,0.054235924,21.49163,-11.046263,0.39458427,-0.18031728,-0.17061839,-0.46718624,0.19670962,-23.509193,-47.29924,-104.37651,-69.60682,-23.509193,-47.29924,-104.37651,-69.60682,-1.0,-1.0,-1.0,-1.0,0.0,-0.4,-0.4,-0.4
15.583333333333334,21.489004,-11.048689,1.1939175,0.97236234,0.0015405343,0.003394261,-0.23344703,-0.004307005,-0.005833766,-0.00274019,-0.48763,0.3822745,-0.18913601,21.491629,-11.046328,0.39392528,-0.18796714,-0.16911572,-0.4589912,0.09015977,123.873856,-20.139706,118.39429,-45.948776,123.873856,-20.139706,118.39429,-45.948776,1.0,-1.0,1.0,-1.0,33.524375915527344,-0.4,0.4,-0.4
15.6,21.488935,-11.048755,1.1957088,0.9723508,0.00023059231,0.003657247,-0.23349631,-0.002007068,-0.0054645017,0.14422484,-0.05119547,-0.13567932,0.05412943,21.491611,-11.046407,0.39571673,-0.19165547,-0.1681595,-0.22130011,0.05737334,27.839767,164.93503,-118.80254,56.122982,27.839767,164.93503,-118.80254,56.122982,1.0,1.0,-1.0,1.0,33.524375915527344,0.4,-0.4,0.4
15.616666666666667,21.488882,-11.048811,1.1960732,0.97208774,0.002938159,0.0053055724,-0.23453923,-0.001559147,-0.0045524696,-0.018934125,0.37741095,0.40295008,-0.18868937,21.491596,-11.046491,0.3960811,-0.19438756,-0.16617873,-0.16392498,0.11884599,-120.33379,9.631025,5.8859572,-20.898684,-120.33379,9.631025,5.8859572,-20.898684,-1.0,1.0,1.0,-1.0,0.0,0.4,0.4,-0.4
15.633333333333333,21.488863,-11.048914,1.1975927,0.97207296,0.003456402,0.005300844,-0.23459308,0.001501105,-0.0059479135,0.12792936,-0.045093887,-0.115430154,0.054378476,21.491564,-11.046587,0.39760056,-0.19343133,-0.16665685,0.05737334,-0.028687118,8.135452,-54.280514,-188.81628,18.83425,8.135452,-54.280514,-188.81628,18.83425,1.0,-1.0,-1.0,1.0,33.524375915527344,-0.4,-0.4,0.4
15.65,21.488869,-11.049046,1.1976763,0.9718421,-0.000535445,0.001815923,-0.23562533,0.004044358,-0.006989241,-0.03594206,-0.47424406,-0.65371996,-0.1887602,21.49153,-11.046688,0.39768413,-0.19056262,-0.16884252,0.1721227,-0.13114034,-137.78152,-16.781118,-85.6448,-27.782282,-137.78152,-16.781118,-85.6448,-27.782282,-1.0,-1.0,-1.0,-1.0,0.0,-0.4,-0.4,-0.4
15.666666666666666,21.488861,-11.049167,1.1950372,0.9718308,-0.0022661353,0.000103668564,-0.23566878,0.0028665771,-0.005598287,-0.19914998,-0.046182726,-0.1139152,0.054890994,21.491486,-11.046785,0.39504528,-0.18796714,-0.17055008,0.15572904,-0.102453224,-19.589697,186.9203,163.00764,189.11826,-19.589697,186.9203,163.00764,189.11826,-1.0,1.0,1.0,1.0,0.0,0.4,0.4,0.4
15.683333333333334,21.488861,-11.049255,1.1935622,0.9715797,0.0005968332,0.0020303032,-0.23670313,0.002370667,-0.004413914,-0.051630642,0.38792095,0.44589522,-0.18790638,21.491436,-11.046895,0.39356968,-0.18441543,-0.16904743,0.21310239,0.09015887,163.13805,14.540934,50.64399,-46.195435,163.13805,14.540934,50.64399,-46.195435,1.0,1.0,1.0,-1.0,33.524375915527344,0.4,0.4,-0.4
15.7,21.488878,-11.04936,1.1945369,0.97156715,0.0012853896,0.00235077,-0.23674868,0.004101008,-0.005303474,0.09522352,-0.03454076,-0.07247814,0.055176128,21.491367,-11.047021,0.39454418,-0.17826824,-0.16754478,0.36883143,0.09015887,61.106056,-48.665134,-176.18727,31.350492,61.106056,-48.665134,-176.18727,31.350492,1.0,-1.0,-1.0,1.0,33.524375915527344,-0.4,-0.4,0.4
15.716666666666667,21.488918,-11.049485,1.1940755,0.9713168,-0.0025417327,-0.00080099213,-0.23777378,0.00530352,-0.005687903,-0.06866002,-0.46374592,-0.6107865,-0.187993,21.491302,-11.047148,0.3940825,-0.17075498,-0.16740818,0.45079526,0.008195936,-97.86054,-5.120267,-67.13275,-8.220104,-97.86054,-5.120267,-67.13275,-8.220104,-1.0,-1.0,-1.0,-1.0,0.0,-0.4,-0.4,-0.4
15.733333333333333,21.488945,-11.049577,1.1947753,0.9713006,-0.0040402897,-0.0020626595,-0.23781201,0.0037105544,-0.0040916856,0.07880191,-0.03007996,-0.0498243,0.05558287,21.49122,-11.047287,0.3947818,-0.16296853,-0.16399308,0.46718714,0.20490645,51.60955,205.42813,176.8115,193.24852,51.60955,205.42813,176.8115,193.24852,1.0,1.0,1.0,1.0,33.524375915527344,0.4,0.4,0.4
15.75,21.488962,-11.049643,1.1940496,0.97177905,-0.0009828606,0.00023426476,-0.23589066,0.0023401708,-0.0028187511,-0.084340796,0.3987099,0.4889152,0.29881945,21.491135,-11.047434,0.3940556,-0.1555919,-0.15818739,0.44259754,0.34834114,-78.882805,44.966824,55.09022,21.647774,-78.882805,44.966824,55.09022,21.647774,-1.0,1.0,1.0,1.0,0.0,0.4,0.4,0.4
15.766666666666666,21.48899,-11.049711,1.1944795,0.9720073,-0.00013855386,0.0009030946,-0.23494856,0.0034073275,-0.0031515835,0.06251208,-0.02661185,-0.027441194,0.055549506,21.491043,-11.04759,0.39448503,-0.14698583,-0.15190358,0.5163645,0.37702826,47.156883,-32.09298,-168.57895,-81.33455,47.156883,-32.09298,-168.57895,-81.33455,1.0,-1.0,-1.0,-1.0,33.524375915527344,-0.4,-0.4,-0.4
15.783333333333333,21.489035,-11.049778,1.1934754,0.97175354,0.0014084209,-0.003176109,-0.23597239,0.003853877,-0.0027335917,-0.10118426,0.40282747,-0.5670788,-0.18719256,21.490942,-11.047748,0.39348012,-0.13660392,-0.14541489,0.6229144,0.3893217,-76.70934,9.177385,-52.350174,-15.609267,-76.70934,9.177385,-52.350174,-15.609267,-1.0,1.0,-1.0,-1.0,0.0,0.4,-0.4,-0.4
15.799999999999999,21.489038,-11.049855,1.1936307,0.9717371,0.0017966199,-0.004529444,-0.23601545,0.0016912536,-0.0044194125,0.04617054,-0.022554534,-0.00659159,0.055313107,21.490831,-11.047917,0.39363518,-0.12840767,-0.13878958,0.49177495,0.39751855,62.656887,-44.70242,200.91202,164.55534,62.656887,-44.70242,200.91202,164.55534,1.0,-1.0,1.0,1.0,33.524375915527344,-0.4,0.4,0.4
15.816666666666666,21.48901,-11.049936,1.1923586,0.97221255,-0.00022295672,-0.00063294097,-0.23409899,0.00025954706,-0.0054639983,-0.11715715,-0.4525107,0.53262115,0.29790413,21.49072,-11.048088,0.39236265,-0.12253369,-0.13236919,0.3524391,0.3852233,-60.950256,-16.860197,95.7202,27.384174,-60.950256,-16.860197,95.7202,27.384174,-1.0,-1.0,1.0,1.0,0.0,-0.4,0.4,0.4
15.833333333333334,21.488985,-11.050012,1.1922431,0.9724365,-0.0009785524,0.00076927565,-0.23316449,0.0011834486,-0.0043414747,0.029807854,-0.018929746,0.0125488285,0.054823507,21.490595,-11.04827,0.3922469,-0.115293674,-0.12471935,0.4344007,0.4589903,81.78323,149.2433,-145.62518,-106.8635,81.78323,149.2433,-145.62518,-106.8635,1.0,1.0,-1.0,-1.0,33.524375915527344,0.4,-0.4,-0.4
15.85,21.488981,-11.050079,1.1906941,0.97218543,0.00071574067,-0.0029989795,-0.234192,0.0013793658,-0.0038500992,-0.13386504,0.41053492,-0.5271686,-0.18791845,21.490467,-11.048454,0.39069727,-0.10641441,-0.1163865,0.532756,0.49997088,-15.967868,13.798134,-52.55279,-34.95386,-15.967868,13.798134,-52.55279,-34.95386,-1.0,1.0,-1.0,-1.0,0.0,0.4,-0.4,-0.4
15.866666666666667,21.488945,-11.050153,1.1903048,0.97216976,0.0012470412,-0.0040431553,-0.23423928,-0.0008188268,-0.0053446433,0.013496227,-0.014793698,0.033318337,0.054619446,21.490334,-11.048651,0.3903073,-0.0994476,-0.10757554,0.4180084,0.52865756,122.24502,-41.596603,199.5882,137.10538,122.24502,-41.596603,199.5882,137.10538,1.0,-1.0,1.0,1.0,33.524375915527344,-0.4,0.4,0.4
15.883333333333333,21.488848,-11.050228,1.1923705,0.9726376,-0.0005741949,0.00028022987,-0.23232654,-0.0038382097,-0.007440215,0.16079913,-0.43943268,0.593826,0.297223,21.490196,-11.048851,0.39237303,-0.096578926,-0.09862798,0.17212047,0.5368539,17.515379,-12.028776,81.78201,1.4606129,17.515379,-12.028776,81.78201,1.4606129,1.0,-1.0,1.0,1.0,33.524375915527344,-0.4,0.4,0.4
15.9,21.488749,-11.050304,1.1930045,0.9728565,-0.0011723925,0.0020307668,-0.23139688,-0.0029014554,-0.00643101,-0.0029113458,-0.011508276,0.052494004,0.054124534,21.49005,-11.049057,0.3930067,-0.09316382,-0.089338906,0.20490645,0.5573442,-78.01851,166.64258,-149.51839,-102.35463,-78.01851,166.64258,-149.51839,-102.35463,-1.0,1.0,-1.0,-1.0,0.0,0.4,-0.4,-0.4
15.916666666666666,21.488686,-11.050369,1.1947936,0.9726109,0.00072818546,-0.0013041918,-0.23243412,-0.0008883585,-0.004553114,0.14410426,0.4234503,-0.46608803,-0.1886181,21.489897,-11.049268,0.39479518,-0.08674344,-0.078888714,0.38522285,0.6270115,15.337197,12.620393,-66.37522,-57.20815,15.337197,12.620393,-66.37522,-57.20815,1.0,1.0,-1.0,-1.0,33.524375915527344,0.4,-0.4,-0.4
15.933333333333334,21.488617,-11.050435,1.1951537,0.9725961,0.0014210447,-0.0019998224,-0.2324882,-0.0021564562,-0.0057130745,-0.01919572,-0.0072344807,0.0731282,0.053955045,21.489744,-11.049481,0.39515525,-0.08073287,-0.06830191,0.36063415,0.6352083,-104.24656,-42.481564,172.44675,166.21613,-104.24656,-42.481564,172.44675,166.21613,-1.0,-1.0,1.0,1.0,0.0,-0.4,0.4,0.4
15.95,21.488527,-11.050504,1.1927918,0.9723469,-0.0003240771,0.0025140345,-0.23352723,-0.002048547,-0.005891551,-0.18255222,-0.43721575,0.6129151,-0.18946299,21.489588,-11.049695,0.39279297,-0.075951725,-0.057920013,0.28686848,0.6229137,-4.3978744,-12.676101,23.927013,-22.21044,-4.3978744,-12.676101,23.927013,-22.21044,-1.0,-1.0,1.0,-1.0,0.0,-0.4,0.4,-0.4
15.966666666666667,21.488476,-11.050572,1.1915867,0.9716121,-0.0007828571,0.0045451126,-0.23653477,0.0002973493,-0.004383163,-0.035584204,-3.674254e-05,0.095258966,-0.43209925,21.48943,-11.049912,0.39158764,-0.06830191,-0.047264915,0.45898896,0.63930583,177.45335,162.7188,-176.7101,-20.981678,177.45335,162.7188,-176.7101,-20.981678,1.0,1.0,-1.0,-1.0,33.524375915527344,0.4,-0.4,-0.4
15.983333333333333,21.488487,-11.05064,1.1928308,0.9711251,0.0012722969,0.0015187052,-0.23856227,0.0029460993,-0.0028113732,0.11140714,0.43550014,-0.42375192,-0.18851751,21.489264,-11.050134,0.39283144,-0.055597752,-0.03626831,0.76224935,0.65979636,94.541435,14.9732685,-123.51574,219.74643,94.541435,14.9732685,-123.51574,219.74643,1.0,1.0,-1.0,1.0,33.524375915527344,0.4,-0.4,0.4
16.0,21.488503,-11.0507145,1.192646,0.9711106,0.0021426429,0.001135996,-0.23861723,0.0026218519,-0.0039903116,-0.0518973,0.0049063484,0.11523929,0.054072957,21.489101,-11.050356,0.39264643,-0.042893592,-0.025681512,0.7622495,0.6352077,-68.945015,-40.812424,85.47192,179.0363,-68.945015,-40.812424,85.47192,179.0363,-1.0,-1.0,1.0,1.0,0.0,-0.4,0.4,0.4
16.016666666666666,21.488516,-11.050817,1.1936163,0.9708574,-0.00093303015,-0.00044578416,-0.2396557,0.0043031154,-0.0053962423,0.09490736,-0.41892856,-0.40187827,-0.18916877,21.488928,-11.05058,0.39361668,-0.029506417,-0.016938869,0.80323046,0.5245586,62.940563,-10.93117,-120.79003,-30.605274,62.940563,-10.93117,-120.79003,-30.605274,1.0,-1.0,-1.0,-1.0,33.524375915527344,-0.4,-0.4,-0.4
16.03333333333333,21.48853,-11.050914,1.1931583,0.97084326,-0.001716042,-0.00022796355,-0.23970875,0.0032018889,-0.004450265,-0.0682808,0.009710267,0.13751003,0.05433004,21.488756,-11.050803,0.3931584,-0.01625585,-0.007923019,0.795034,0.54095095,-70.72084,194.20358,98.760666,209.8676,-70.72084,194.20358,98.760666,209.8676,-1.0,1.0,1.0,1.0,0.0,0.4,0.4,0.4
16.05,21.488554,-11.050995,1.1938578,0.9705859,0.0004998779,-0.0029330556,-0.24073656,0.0040104194,-0.002931316,0.07870025,0.44464162,-0.3808411,-0.18838248,21.488585,-11.051032,0.39385787,-0.0021856606,0.0026637737,0.84421134,0.63520753,78.51136,10.742923,-104.55959,-23.56461,78.51136,10.742923,-104.55959,-23.56461,1.0,1.0,-1.0,-1.0,33.524375915527344,0.4,-0.4,-0.4
16.066666666666666,21.488564,-11.051073,1.1931281,0.9705725,0.0015300487,-0.0029900267,-0.24078539,0.0022628023,-0.004288522,-0.084599,0.014130897,0.1580286,0.054225557,21.488409,-11.051258,0.39312834,0.011064907,0.013250567,0.795034,0.6352076,-62.36283,-41.238804,138.74405,201.89677,-62.36283,-41.238804,138.74405,201.89677,-1.0,-1.0,1.0,1.0,0.0,-0.4,0.4,0.4
16.083333333333332,21.488552,-11.051169,1.1935534,0.9710381,-0.0013894216,-0.0042460025,-0.23888277,0.0022421721,-0.0059169726,0.062215682,-0.40894765,-0.35956943,0.29695088,21.488241,-11.051484,0.39355367,0.022266418,0.022539625,0.67209065,0.5573434,91.40966,-14.177673,-60.920628,1.0423036,91.40966,-14.177673,-60.920628,1.0423036,1.0,-1.0,-1.0,1.0,33.524375915527344,-0.4,-0.4,0.4
16.1,21.488525,-11.051254,1.1925509,0.9712665,-0.002006674,-0.003721046,-0.23795691,2.1613952e-05,-0.0048664324,-0.10096655,0.020859126,0.17792992,0.054106284,21.48807,-11.051707,0.39255124,0.032648306,0.0324434,0.6229133,0.5942265,-89.26688,172.96796,162.68437,-49.837337,-89.26688,172.96796,162.68437,-49.837337,-1.0,1.0,1.0,-1.0,0.0,0.4,0.4,-0.4
16.116666666666667,21.488482,-11.05131,1.1927055,0.97100586,0.00038774402,-0.006117415,-0.2389771,-0.00051454443,-0.003754498,0.04604267,0.45581505,-0.3404736,-0.18860272,21.4879,-11.0519285,0.39270598,0.041664157,0.044327933,0.540951,0.71307194,119.77771,4.6761885,-20.355307,-15.544328,119.77771,4.6761885,-20.355307,-15.544328,1.0,1.0,-1.0,-1.0,33.524375915527344,0.4,-0.4,-0.4
16.133333333333333,21.488428,-11.051367,1.191431,0.9709948,0.0015896104,-0.0058682864,-0.23902333,-0.003191032,-0.005412514,-0.11724779,0.025361497,0.19837888,0.054025576,21.487741,-11.052153,0.39143184,0.04917737,0.056280766,0.45079282,0.7171699,-32.614655,-43.73336,196.5107,196.93295,-32.614655,-43.73336,196.5107,196.93295,-1.0,-1.0,1.0,1.0,0.0,-0.4,0.4,0.4
16.15,21.488302,-11.051428,1.1913177,0.97075665,0.00045579567,-0.00027435954,-0.24006467,-0.005594248,-0.0069445167,0.030039351,-0.39921263,0.7591353,-0.18939431,21.487576,-11.052373,0.39131865,0.05204605,0.06768719,0.17212069,0.6843855,138.26346,-20.210457,51.93554,-1.1250415,138.26346,-20.210457,51.93554,-1.1250415,1.0,-1.0,1.0,-1.0,33.524375915527344,-0.4,0.4,-0.4
16.166666666666668,21.488176,-11.051491,1.1936551,0.9707385,0.0006233753,0.002865019,-0.24012123,-0.00527088,-0.00652651,0.1769758,0.038060274,0.24103862,0.053691234,21.487415,-11.052585,0.3936564,0.054504916,0.078342296,0.14753199,0.63930625,49.077457,151.16008,-165.69661,64.01714,49.077457,151.16008,-165.69661,64.01714,1.0,1.0,-1.0,1.0,33.524375915527344,0.4,-0.4,0.4
16.183333333333334,21.488071,-11.051568,1.1945574,0.9704823,-0.002001882,0.002117088,-0.24115457,-0.0033739475,-0.0071440795,0.013139696,-0.3912427,-0.29734865,-0.18953423,21.487259,-11.052796,0.39455885,0.058193225,0.08797287,0.22129855,0.5778345,-87.540825,-3.3937328,-126.636375,-15.222174,-87.540825,-3.3937328,-126.636375,-15.222174,-1.0,-1.0,-1.0,-1.0,0.0,-0.4,-0.4,-0.4
16.2,21.487984,-11.0516205,1.1966206,0.9704644,-0.0022838137,0.0032445497,-0.24121167,-0.004093272,-0.00565801,0.16060862,0.043102514,0.2631254,0.05389272,21.48711,-11.052998,0.39662212,0.062564544,0.09862798,0.26227912,0.63930625,4.8356776,191.73753,79.90064,185.23497,4.8356776,191.73753,79.90064,185.23497,1.0,1.0,1.0,1.0,33.524375915527344,0.4,0.4,0.4
16.216666666666665,21.487917,-11.051659,1.1972519,0.9702117,0.00038113823,0.0013637036,-0.24225456,-0.0023500638,-0.003906273,-0.0030397326,0.47261655,-0.2765073,-0.18879661,21.486963,-11.053197,0.3972542,0.06830191,0.11017102,0.34424183,0.69258255,-99.18287,17.54205,-139.27138,-17.241226,-99.18287,17.54205,-139.27138,-17.241226,-1.0,1.0,-1.0,-1.0,0.0,0.4,-0.4,-0.4
16.233333333333334,21.487839,-11.0517025,1.1951602,0.9701949,0.0018491376,0.002090691,-0.24230978,-0.002422298,-0.005131663,-0.16634314,0.042283263,0.26215133,0.053863317,21.486813,-11.053399,0.39516258,0.073492855,0.12150916,0.31145674,0.6802882,-18.007902,-41.675827,75.30002,174.21461,-18.007902,-41.675827,75.30002,174.21461,-1.0,-1.0,1.0,1.0,0.0,-0.4,0.4,0.4
16.25,21.487776,-11.051773,1.1942233,0.9699383,-0.0006358026,0.0016325304,-0.24334437,-0.0007153173,-0.005872382,-0.019520134,-0.38164678,-0.25498945,-0.18936689,21.486671,-11.053589,0.394226,0.07909362,0.1300469,0.3360459,0.5122648,143.3568,-15.314438,-139.56163,-43.671097,143.3568,-15.314438,-139.56163,-43.671097,1.0,-1.0,-1.0,-1.0,33.524375915527344,-0.4,-0.4,-0.4
16.266666666666666,21.487726,-11.051843,1.1957415,0.9699209,-0.0007511906,0.0030829068,-0.24339959,-0.0014508136,-0.0048645125,0.12795348,0.05282765,0.305429,0.05403459,21.486532,-11.053772,0.39574495,0.085514,0.13817486,0.38522285,0.48767743,38.699547,171.47597,59.313263,188.19244,38.699547,171.47597,59.313263,188.19244,1.0,1.0,1.0,1.0,33.524375915527344,0.4,0.4,0.4
16.28333333333333,21.4877,-11.051903,1.195828,0.96966237,0.00082150317,0.0018360722,-0.24443983,0.00030796078,-0.004046006,-0.035746805,0.27563924,-0.23387446,-0.18877283,21.486403,-11.053949,0.39583158,0.09289061,0.14657602,0.44259664,0.50406927,-78.01815,0.51868176,-161.02124,-9.90894,-78.01815,0.51868176,-161.02124,-9.90894,-1.0,0.51868176,-1.0,-1.0,0.0,0.20747271,-0.4,-0.4
16.3,21.48767,-11.051979,1.1970739,0.9696449,0.0008535572,0.0034282708,-0.24449179,-0.00019871848,-0.0051648146,0.11160228,-0.14906521,0.32633305,0.05393557,21.486275,-11.054116,0.39707807,0.099994026,0.15306473,0.42620477,0.3893226,34.35538,-31.6472,21.637743,179.22816,34.35538,-31.6472,21.637743,179.22816,1.0,-1.0,1.0,1.0,33.524375915527344,-0.4,0.4,0.4
16.316666666666666,21.487658,-11.052055,1.196888,0.9693832,0.002087861,0.0024433674,-0.24553198,0.0017893024,-0.0045124725,-0.052070253,0.28054398,-0.2132202,-0.18875693,21.48615,-11.054279,0.3968924,0.107917055,0.15928021,0.47538173,0.37292895,-90.54003,49.774548,-172.93443,-9.559379,-90.54003,49.774548,-172.93443,-9.559379,-1.0,1.0,-1.0,-1.0,0.0,0.4,-0.4,-0.4
16.333333333333332,21.487658,-11.052166,1.1978551,0.9693697,0.0005527407,-0.0023374984,-0.24559398,0.003917644,-0.0060035726,0.09474816,-0.14351961,-0.7306961,0.05405472,21.486029,-11.054433,0.39785987,0.116659716,0.16235381,0.52455956,0.18441616,37.2349,-36.407112,-22.9833,171.41914,37.2349,-36.407112,-22.9833,171.41914,1.0,-1.0,-1.0,1.0,33.524375915527344,-0.4,-0.4,0.4
16.35,21.487656,-11.052272,1.1973945,0.9698404,0.0013254631,-0.0053419587,-0.2436786,0.0019367044,-0.0060018776,-0.06842267,0.28681552,-0.19184467,0.2971867,21.485912,-11.054581,0.39739993,0.12485595,0.16535911,0.49177405,0.18031774,-132.76227,53.82568,219.00175,141.7356,-132.76227,53.82568,219.00175,141.7356,-1.0,1.0,1.0,1.0,0.0,0.4,0.4,0.4
16.366666666666667,21.487589,-11.052381,1.1980956,0.97008115,0.001530419,-0.0034247567,-0.24275172,-0.00085564225,-0.007678196,0.07893594,-0.13780381,0.36975488,0.05361222,21.485802,-11.05472,0.39810118,0.12799786,0.16754478,0.18851458,0.13114034,2.4153464,-32.67375,142.22737,-31.716862,2.4153464,-32.67375,142.22737,-31.716862,1.0,-1.0,1.0,-1.0,33.524375915527344,-0.4,0.4,-0.4
16.383333333333333,21.48752,-11.052487,1.1973643,0.9705521,0.002946692,-0.0040840767,-0.24083865,-0.0010708638,-0.00811724,-0.08472246,0.2921867,-0.16986023,0.29694837,21.485695,-11.054853,0.3973699,0.13072994,0.16945724,0.16392498,0.11474758,-77.68994,11.3080435,-79.969475,30.409458,-77.68994,11.3080435,-79.969475,30.409458,-1.0,1.0,-1.0,1.0,0.0,0.4,-0.4,0.4
16.4,21.487404,-11.052615,1.197793,0.97078794,0.0032340619,-0.0020008031,-0.2399089,-0.0032310088,-0.010228948,0.062623814,-0.13254358,0.39179543,0.053372387,21.485598,-11.054978,0.3977985,0.1293639,0.16925234,-0.081962936,-0.012294351,22.340147,-38.508297,132.50343,-43.239567,22.340147,-38.508297,132.50343,-43.239567,1.0,-1.0,1.0,-1.0,33.524375915527344,-0.4,0.4,-0.4
16.416666666666668,21.487276,-11.052761,1.1967875,0.971262,-0.00046773953,-0.0012009502,-0.2380091,-0.0028449353,-0.011430579,-0.101271465,-0.561455,-0.14743198,0.29606396,21.485502,-11.055098,0.39679292,0.12704162,0.16733988,-0.13933627,-0.11474758,-64.11734,-15.967363,-95.234886,4.805067,-64.11734,-15.967363,-95.234886,4.805067,-1.0,-1.0,-1.0,1.0,0.0,-0.4,-0.4,0.4
16.433333333333334,21.487137,-11.052885,1.1969432,0.97148454,-0.0018378743,0.0014590916,-0.23709129,-0.004217806,-0.010326135,0.046151925,-0.12692288,0.4105391,0.053109184,21.485413,-11.055202,0.39694837,0.12348992,0.16590552,-0.21310239,-0.08606135,43.40177,192.65927,105.02567,-74.607056,43.40177,192.65927,105.02567,-74.607056,1.0,1.0,1.0,-1.0,33.524375915527344,0.4,0.4,-0.4
16.45,21.487011,-11.0529995,1.1956669,0.97123057,-0.00024814848,0.0011171581,-0.23813799,-0.0029752294,-0.009222022,-0.11750407,0.30274615,-0.12924777,-0.18960217,21.485329,-11.055304,0.3956723,0.120484635,0.1650176,-0.18031685,-0.053274926,-30.520985,36.72925,-135.18372,-41.31587,-30.520985,36.72925,-135.18372,-41.31587,-1.0,1.0,-1.0,-1.0,0.0,0.4,-0.4,-0.4
16.466666666666665,21.48689,-11.053118,1.1955506,0.9712102,0.00020189892,0.003501356,-0.23819803,-0.0034801369,-0.010009193,0.02982949,-0.121794805,0.4309411,0.053141847,21.485256,-11.055395,0.39555568,0.11706953,0.16310515,-0.20490645,-0.11474758,126.58168,-40.159225,50.475956,114.016266,126.58168,-40.159225,50.475956,114.016266,1.0,-1.0,1.0,1.0,33.524375915527344,-0.4,0.4,0.4
16.483333333333334,21.48678,-11.053236,1.1940022,0.97095114,0.0018707217,0.0033148013,-0.23924755,-0.0013835526,-0.009454502,-0.13382311,0.3078744,-0.10882337,-0.18956752,21.485184,-11.055484,0.39400685,0.11433745,0.16098778,-0.16392453,-0.12704192,-1.5071555,12.368348,-170.26921,-50.89376,-1.5071555,12.368348,-170.26921,-50.89376,-1.0,1.0,-1.0,-1.0,0.0,0.4,-0.4,-0.4
16.5,21.486698,-11.053389,1.1936072,0.9709414,0.0007979078,-0.0006871333,-0.23931457,0.00032100856,-0.010783675,0.013028148,-0.11586478,-0.62644404,0.05327327,21.48512,-11.055562,0.39361164,0.112971395,0.1556602,-0.08196338,-0.3196549,144.69707,-44.74167,-41.00208,88.78432,144.69707,-44.74167,-41.00208,88.78432,1.0,-1.0,-1.0,1.0,33.524375915527344,-0.4,-0.4,0.4
16.516666666666666,21.486609,-11.05354,1.1917845,0.9714041,0.0020230839,-0.002898787,-0.23740564,-0.0013222178,-0.011027785,-0.15011038,0.31414768,-0.08766417,0.29641688,21.485054,-11.055638,0.39178887,0.111332156,0.15026434,-0.09835436,-0.32375154,-17.774408,18.801296,207.69278,76.76422,-17.774408,18.801296,207.69278,76.76422,-1.0,1.0,1.0,1.0,0.0,0.4,0.4,0.4
16.53333333333333,21.486483,-11.053702,1.1911234,0.9716332,0.0026423007,-0.00018994768,-0.23647784,-0.002770734,-0.012713226,-0.0027675638,-0.11094228,0.47406998,0.052861776,21.485,-11.055702,0.3911273,0.1061412,0.14322922,-0.3114572,-0.42210725,126.62698,-38.49655,93.37998,-68.80675,126.62698,-38.49655,93.37998,-68.80675,1.0,-1.0,1.0,-1.0,33.524375915527344,-0.4,0.4,-0.4
16.55,21.486347,-11.053896,1.1929115,0.97138083,-0.00066013506,0.0013542036,-0.23752235,-0.0016543941,-0.014844132,0.14397761,-0.5346573,-0.043136828,-0.19046763,21.484957,-11.05575,0.3929148,0.099584214,0.132779,-0.39341924,-0.6270128,71.86224,-24.93114,-132.39099,-48.620102,71.86224,-24.93114,-132.39099,-48.620102,1.0,-1.0,-1.0,-1.0,33.524375915527344,-0.4,-0.4,-0.4
16.566666666666666,21.486206,-11.0540905,1.1932719,0.9713534,-0.0016641336,0.004700449,-0.23758718,-0.0020441092,-0.0138862785,-0.0192596,-0.105183534,0.49612582,0.052782394,21.484913,-11.055797,0.393275,0.09261741,0.12219218,-0.4180084,-0.6352092,-52.11415,195.8253,18.071867,157.23415,-52.11415,195.8253,18.071867,157.23415,-1.0,1.0,1.0,1.0,0.0,0.4,0.4,0.4
16.583333333333332,21.486128,-11.054274,1.1947892,0.97109336,0.00033174726,0.0051286914,-0.23864438,0.00040422662,-0.011828386,0.12776901,0.32996726,-0.022451717,-0.1899227,21.484882,-11.055833,0.39479184,0.08920231,0.11167367,-0.204906,-0.6311108,72.59593,5.7223005,-191.30629,-71.834305,72.59593,5.7223005,-191.30629,-71.834305,1.0,1.0,-1.0,-1.0,33.524375915527344,0.4,-0.4,-0.4
16.6,21.486061,-11.054473,1.1948711,0.97108966,-0.00045153432,0.001659732,-0.2387086,0.002635975,-0.012333316,-0.036052864,-0.099039726,-0.56140643,0.052945506,21.484842,-11.055869,0.3948735,0.087289855,0.099994026,-0.11474713,-0.7007785,-59.560406,-45.74757,-108.11131,113.75792,-59.560406,-45.74757,-108.11131,113.75792,-1.0,-1.0,-1.0,1.0,0.0,-0.4,-0.4,0.4
16.616666666666667,21.486006,-11.0546665,1.196114,0.97155654,0.0011092655,6.496332e-05,-0.23680477,0.0020762673,-0.011230756,0.11146717,0.3362781,-0.0014133379,0.29609615,21.484814,-11.055902,0.39611593,0.0853774,0.08845098,-0.11474713,-0.69258255,31.327257,15.358529,158.23125,42.035477,31.327257,15.358529,158.23125,42.035477,1.0,1.0,1.0,1.0,33.524375915527344,0.4,0.4,0.4
16.633333333333333,21.485956,-11.054862,1.1959236,0.9717746,0.00042989606,-0.0032384386,-0.2358888,0.002694471,-0.012167982,-0.05236141,-0.09265798,-0.5386883,0.052712195,21.484787,-11.055926,0.39592528,0.08373815,0.07622493,-0.098355256,-0.7335631,-61.208157,-43.8628,-22.586752,-57.969296,-61.208157,-43.8628,-22.586752,-57.969296,-1.0,-1.0,-1.0,-1.0,0.0,-0.4,-0.4,-0.4
16.65,21.485868,-11.05506,1.1968926,0.9722257,-0.0031335573,-0.0033888682,-0.23399928,0.00047097186,-0.013639202,0.094905905,-0.5163025,0.021889193,0.29544723,21.48477,-11.055948,0.3968941,0.07868381,0.06358907,-0.30326036,-0.75815135,23.773188,-3.2679057,225.59244,50.83699,23.773188,-3.2679057,225.59244,50.83699,1.0,-1.0,1.0,1.0,33.524375915527344,-0.4,0.4,0.4
16.666666666666668,21.48576,-11.055241,1.1964352,0.9724451,-0.0038901225,0.00043201362,-0.23309895,-0.0012119757,-0.011884011,-0.0683119,-0.08793086,0.558622,0.052367564,21.48475,-11.055968,0.39643642,0.07226342,0.05211435,-0.3852233,-0.6884835,-79.28513,186.27568,88.835846,-75.00926,-79.28513,186.27568,88.835846,-75.00926,-1.0,1.0,1.0,-1.0,0.0,0.4,0.4,-0.4
16.683333333333334,21.485672,-11.055387,1.1971354,0.9721964,-0.0016302393,0.001339168,-0.23415707,-0.0003337133,-0.0095833605,0.07870601,0.3472848,0.039916504,-0.19033861,21.484734,-11.055986,0.39713624,0.06720907,0.042961895,-0.3032608,-0.5491472,88.83506,7.6787333,-148.14232,-72.791595,88.83506,7.6787333,-148.14232,-72.791595,1.0,1.0,-1.0,-1.0,33.524375915527344,0.4,-0.4,-0.4
16.7,21.485603,-11.055536,1.1964003,0.9721802,-0.0021341387,-0.0016630671,-0.23421843,0.0002833478,-0.009794,-0.08510605,-0.08152129,-0.49910304,0.052556686,21.48472,-11.056002,0.3964008,0.06324757,0.033331327,-0.2376902,-0.57783407,-46.857704,-48.346966,-31.13086,109.20659,-46.857704,-48.346966,-31.13086,109.20659,-1.0,-1.0,-1.0,1.0,0.0,-0.4,-0.4,0.4
16.716666666666665,21.48552,-11.05566,1.1968257,0.97263813,-0.00030987777,-0.0027770568,-0.23230828,-0.0016487206,-0.00855058,0.0624153,0.35360074,0.060875665,0.29567966,21.484716,-11.056016,0.3968262,0.0575102,0.025476608,-0.34424207,-0.47128308,61.107628,19.847664,214.5025,21.224247,61.107628,19.847664,214.5025,21.224247,1.0,1.0,1.0,1.0,33.524375915527344,0.4,0.4,0.4
16.733333333333334,21.485407,-11.055772,1.1958241,0.97286034,0.00083432253,0.00094471255,-0.23138937,-0.002620148,-0.00928552,-0.10090505,-0.0775497,0.6014867,0.052208137,21.484705,-11.056026,0.39582473,0.0502702,0.018236605,-0.43440005,-0.43440014,-40.40744,-42.991863,70.61769,-63.79332,-40.40744,-42.991863,70.61769,-63.79332,-1.0,-1.0,1.0,-1.0,0.0,-0.4,0.4,-0.4
16.75,21.485313,-11.055905,1.195978,0.9726033,-0.00196126,0.0034379065,-0.23243694,-0.0010611964,-0.00998278,0.045873284,-0.5011662,0.08420454,-0.19115001,21.484705,-11.05604,0.39597857,0.04357661,0.009630566,-0.4016154,-0.5163623,110.70652,-22.599688,-160.38347,-81.228264,110.70652,-22.599688,-160.38347,-81.228264,1.0,-1.0,-1.0,-1.0,33.524375915527344,-0.4,-0.4,-0.4
16.766666666666666,21.485239,-11.056044,1.1946974,0.972589,-0.004024913,0.0011920887,-0.23249306,8.910951e-05,-0.008174015,-0.11783201,-0.07053813,-0.45453057,0.052340325,21.484701,-11.056054,0.39469767,0.03852227,0.0007513208,-0.30326036,-0.53275466,-11.316249,196.54047,-64.26871,96.60409,-11.316249,196.54047,-64.26871,96.60409,-1.0,1.0,-1.0,1.0,0.0,0.4,-0.4,0.4
16.78333333333333,21.485182,-11.056134,1.1945783,0.972344,-0.0020248464,0.0004126565,-0.23354405,-0.0009083459,-0.005961199,0.029682668,0.36362717,0.10527474,-0.19049633,21.484705,-11.056064,0.3945787,0.03415095,-0.00505434,-0.26227912,-0.34833965,118.83615,37.09984,169.61935,-20.317017,118.83615,37.09984,169.61935,-20.317017,1.0,1.0,1.0,-1.0,33.524375915527344,0.4,0.4,-0.4
16.8,21.485132,-11.056216,1.196909,0.9723266,-0.002201724,-0.0019715722,-0.2336069,0.00048149706,-0.0060869125,0.17653307,-0.059587024,-0.41254634,0.05243016,21.484705,-11.056081,0.3969093,0.030599248,-0.009698869,-0.21310216,-0.27867168,13.048072,-47.79221,-33.370323,97.323,13.048072,-47.79221,-33.370323,97.323,1.0,-1.0,-1.0,1.0,33.524375915527344,-0.4,-0.4,0.4
16.816666666666666,21.485079,-11.056283,1.1978117,0.9727843,-9.6344294e-05,-0.002547188,-0.23169832,-0.0012204994,-0.0049015223,0.013378519,0.36992672,0.12612231,0.2955476,21.48471,-11.056094,0.397812,0.026364531,-0.013523775,-0.25408295,-0.22949438,-135.6586,28.483574,195.4371,45.01234,-135.6586,28.483574,195.4371,45.01234,-1.0,1.0,1.0,1.0,0.0,0.4,0.4,0.4
16.833333333333332,21.485008,-11.056349,1.1959931,0.9730041,0.0013020532,0.0016730716,-0.23077814,-0.0015509301,-0.005753503,-0.14993693,-0.061501592,0.6667405,0.05212083,21.484715,-11.056109,0.3959933,0.021036983,-0.017143775,-0.31965292,-0.21719997,-25.357948,-43.076893,35.807335,-64.79063,-25.357948,-43.076893,35.807335,-64.79063,-1.0,-1.0,1.0,-1.0,0.0,-0.4,0.4,-0.4
16.85,21.484959,-11.056438,1.1953297,0.9727461,-0.0012405467,0.0046630497,-0.23182246,0.00055857736,-0.006238028,-0.0031260215,-0.48512518,0.14942473,-0.1912463,21.48472,-11.056123,0.39533,0.017075473,-0.022607926,-0.23769052,-0.32784906,138.44241,-21.65653,-183.73108,-93.014496,138.44241,-21.65653,-183.73108,-93.014496,1.0,-1.0,-1.0,-1.0,33.524375915527344,-0.4,-0.4,-0.4
16.866666666666667,21.48497,-11.056529,1.197115,0.9727345,-0.0029820695,0.0030339246,-0.23188235,0.0032827784,-0.004857136,0.14383398,-0.04886899,-0.3681625,0.05218245,21.484728,-11.05614,0.39711502,0.01734868,-0.027867174,0.01639243,-0.31555483,37.538433,188.15076,-107.6244,63.832024,37.538433,188.15076,-107.6244,63.832024,1.0,1.0,-1.0,1.0,33.524375915527344,0.4,-0.4,0.4
16.883333333333333,21.484999,-11.056604,1.1974727,0.9731894,-0.00069347536,0.0028024355,-0.22998698,0.0031313428,-0.0032063706,-0.019322863,0.38053995,0.1704817,0.29531938,21.484741,-11.056158,0.3974731,0.018441511,-0.031965286,0.06556983,-0.24588668,-121.30769,37.196526,89.34458,2.3127785,-121.30769,37.196526,89.34458,2.3127785,-1.0,1.0,1.0,1.0,0.0,0.4,0.4,0.4
16.9,21.48503,-11.056687,1.1951028,0.9734089,-0.00066290615,0.00080764474,-0.22907206,0.004142355,-0.003534419,-0.18315016,-0.04899673,-0.36669022,0.05200414,21.48475,-11.056174,0.39510316,0.019944152,-0.03674642,0.090158425,-0.28686804,-2.3302424,-34.515064,-125.74248,-82.70564,-2.3302424,-34.515064,-125.74248,-82.70564,-1.0,-1.0,-1.0,-1.0,0.0,-0.4,-0.4,-0.4
16.916666666666668,21.485062,-11.056759,1.1938938,0.9731587,0.0016815768,0.0007097499,-0.23012748,0.0034171327,-0.0028149707,-0.035651665,0.3851099,0.19301704,-0.19082192,21.484762,-11.056195,0.39389426,0.021446794,-0.040366422,0.09015854,-0.21720013,166.25558,7.1360245,127.21406,-53.884274,166.25558,7.1360245,127.21406,-53.884274,1.0,1.0,1.0,-1.0,33.524375915527344,0.4,0.4,-0.4
16.933333333333334,21.485088,-11.056851,1.1951345,0.97314095,0.0018566189,-0.0010057426,-0.23020041,0.004860702,-0.004225157,0.11118254,-0.03789455,-0.32489717,0.052156776,21.484764,-11.056217,0.39513493,0.023222644,-0.045420762,0.10655097,-0.30326036,63.201263,-56.66745,-106.6529,46.674587,63.201263,-56.66745,-106.6529,46.674587,1.0,-1.0,-1.0,1.0,33.524375915527344,-0.4,-0.4,0.4
16.95,21.485107,-11.056961,1.1949459,0.97358954,-0.00091290876,0.0003275913,-0.22830337,0.003842234,-0.005390679,-0.052150432,-0.46747312,0.21443108,0.29478675,21.484774,-11.056242,0.39494628,0.023905663,-0.051499635,0.040981133,-0.36473235,-101.29802,-18.250193,132.91731,14.075066,-101.29802,-18.250193,132.91731,14.075066,-1.0,-1.0,1.0,1.0,0.0,-0.4,0.4,0.4
16.966666666666665,21.485144,-11.057059,1.195914,0.973801,-0.00239147,-0.0008276859,-0.2273874,0.004936493,-0.0041286014,0.09479971,-0.032353126,-0.3054424,0.051888082,21.484787,-11.056272,0.3959145,0.02554491,-0.05641737,0.09835481,-0.29506397,34.678604,153.80711,-88.6928,-108.59612,34.678604,153.80711,-88.6928,-108.59612,1.0,1.0,-1.0,-1.0,33.524375915527344,0.4,-0.4,-0.4
16.983333333333334,21.485182,-11.057136,1.1954547,0.97355735,0.00014196445,-0.0005795461,-0.22844203,0.0037854812,-0.0029554276,-0.06835599,0.3962565,0.23297493,-0.19093746,21.4848,-11.0563,0.39545548,0.02732076,-0.059832472,0.10655097,-0.20490623,-93.072205,14.108168,134.10365,-8.577039,-93.072205,14.108168,134.10365,-8.577039,-1.0,1.0,1.0,-1.0,0.0,0.4,0.4,-0.4
17.0,21.485216,-11.057221,1.1961509,0.9735388,0.00048735662,-0.0019926715,-0.22851242,0.004549921,-0.0039727795,0.07848065,-0.026634635,-0.28497043,0.05206258,21.484818,-11.056334,0.39615175,0.02855019,-0.06358907,0.07376588,-0.22539607,81.966446,-55.172188,-95.37642,37.33092,81.966446,-55.172188,-95.37642,37.33092,1.0,-1.0,-1.0,1.0,33.524375915527344,-0.4,-0.4,0.4
17.016666666666666,21.485235,-11.05732,1.1954178,0.9739811,-0.0021192296,-0.00035887567,-0.22661899,0.0032162988,-0.0045931013,-0.08484604,-0.4563155,0.2543816,0.29468605,21.484835,-11.05637,0.39541835,0.028686795,-0.068028696,0.008196271,-0.2663773,-90.56609,-12.910672,146.13977,3.3333042,-90.56609,-12.910672,146.13977,3.3333042,-1.0,-1.0,1.0,1.0,0.0,-0.4,0.4,0.4
17.03333333333333,21.48527,-11.057394,1.1958412,0.97418916,-0.0034317954,-0.0012124558,-0.22570346,0.003893477,-0.002891237,0.062114038,-0.021330353,-0.2654999,0.051766537,21.484856,-11.056409,0.3958419,0.029643022,-0.07055587,0.057373565,-0.15163063,58.06992,160.40436,-80.66985,-113.715096,58.06992,160.40436,-80.66985,-113.715096,1.0,1.0,-1.0,-1.0,33.524375915527344,0.4,-0.4,-0.4
17.05,21.485304,-11.0574465,1.1948371,0.97395,-0.00073427364,-0.00065772166,-0.22676042,0.0026623977,-0.0015927819,-0.101045765,0.40725985,0.27287728,-0.19106017,21.484879,-11.056452,0.39483795,0.030462643,-0.07123889,0.049177293,-0.04098102,-70.32237,22.005348,138.81747,-23.249222,-70.32237,22.005348,138.81747,-23.249222,-1.0,1.0,1.0,-1.0,0.0,0.4,0.4,-0.4
17.066666666666666,21.485329,-11.0575,1.1949885,0.97393256,-0.00022085432,-0.0017676679,-0.22683075,0.0032658458,-0.0023610923,0.04579432,-0.015521097,-0.24510741,0.051961847,21.484896,-11.056498,0.39498946,0.03100906,-0.07178531,0.032784972,-0.032785084,118.28495,-51.76654,-95.64866,16.729624,118.28495,-51.76654,-95.64866,16.729624,1.0,-1.0,-1.0,1.0,33.524375915527344,-0.4,-0.4,0.4
17.083333333333332,21.485346,-11.05756,1.1937103,0.97368187,-0.0026612391,0.00016835306,-0.22789542,0.0021719553,-0.0023284177,-0.11752144,-0.44580013,0.29484636,-0.19141664,21.484919,-11.056545,0.39371103,0.030599248,-0.07267323,-0.024588702,-0.053275373,-53.803463,-6.8490095,141.13689,-16.01013,-53.803463,-6.8490095,141.13689,-16.01013,-1.0,-1.0,1.0,-1.0,0.0,-0.4,0.4,-0.4
17.1,21.485376,-11.057598,1.1935891,0.9736618,-0.0037981672,-0.00036447216,-0.22796491,0.0028923908,-0.00054924615,0.02944957,-0.009189032,-0.2229579,0.05191739,21.484941,-11.0566,0.39358974,0.031145662,-0.0715121,0.03278486,0.06966769,154.10538,183.5719,-81.64376,25.894043,154.10538,183.5719,-81.64376,25.894043,1.0,1.0,-1.0,1.0,33.524375915527344,0.4,-0.4,0.4
17.116666666666667,21.485405,-11.0576105,1.19204,0.9734202,-0.0009202666,0.0005053719,-0.22902404,0.002067076,0.0007356523,-0.13372162,0.41946495,0.3153693,-0.19090526,21.48496,-11.056653,0.39204055,0.031828683,-0.068575114,0.040981244,0.17621933,-10.208282,28.72213,116.225845,-27.06001,-10.208282,28.72213,116.225845,-27.06001,-1.0,1.0,1.0,-1.0,0.0,0.4,0.4,-0.4
17.133333333333333,21.485453,-11.057625,1.1916469,0.9731327,-0.00023128136,-0.00028507685,-0.23024444,0.0030640108,0.00015397745,0.013116783,-0.003465348,-0.20273888,-0.13708264,21.484991,-11.05671,0.39164764,0.033058118,-0.065501526,0.073766105,0.18441527,160.39961,-45.95115,-119.15175,0.22136375,160.39961,-45.95115,-119.15175,0.22136375,1.0,-1.0,-1.0,0.22136375,33.524375915527344,-0.4,-0.4,0.0885455
17.15,21.485485,-11.057644,1.1937076,0.9732135,-0.0024235402,0.0020997871,-0.22988048,0.0015311553,-0.0011369758,0.16047421,-0.42807716,0.3580959,0.10563814,21.485022,-11.056773,0.39370844,0.033194724,-0.062359642,0.008196383,0.18851301,45.022705,-7.042393,97.65832,101.12147,45.022705,-7.042393,97.65832,101.12147,1.0,-1.0,1.0,1.0,33.524375915527344,-0.4,0.4,0.4
17.166666666666668,21.485535,-11.057659,1.1943362,0.9730651,-0.0033730299,0.001919354,-0.23049752,0.0029049106,0.0005968219,-0.003211777,0.0017249701,-0.18189698,-0.1372408,21.48506,-11.056839,0.39433694,0.034014344,-0.05873964,0.04917718,0.21720013,-78.90745,184.67072,-128.05133,-92.0716,-78.90745,184.67072,-128.05133,-92.0716,-1.0,1.0,-1.0,-1.0,0.0,0.4,-0.4,-0.4
17.183333333333334,21.485596,-11.057641,1.196126,0.973152,-0.00026064354,0.00321838,-0.23014079,0.0019197385,0.0029967225,0.14427331,0.4361491,0.37756443,0.10605515,21.485092,-11.05691,0.39612663,0.036063403,-0.052387558,0.12294351,0.38112488,41.560192,25.062235,47.65078,84.172615,41.560192,25.062235,47.65078,84.172615,1.0,1.0,1.0,1.0,33.524375915527344,0.4,0.4,0.4
17.2,21.485672,-11.057625,1.1964823,0.973006,0.00061019044,0.002790737,-0.2307622,0.0038001295,0.002714945,-0.01954835,0.0064791692,-0.1604775,-0.13704106,21.485128,-11.056982,0.3964827,0.03893208,-0.04603548,0.17212069,0.38112468,-61.93457,-37.160015,-165.2302,-74.96249,-61.93457,-37.160015,-165.2302,-74.96249,-1.0,-1.0,-1.0,-1.0,0.0,-0.4,-0.4,-0.4
17.216666666666665,21.48577,-11.057631,1.1979917,0.97309345,-0.0029655243,-0.0010546603,-0.2303889,0.006196838,0.0015633367,0.12726724,-0.41687688,-0.67734987,0.10591075,21.485165,-11.0570545,0.39799225,0.043303404,-0.041254345,0.26227933,0.28686804,20.210821,-8.051155,-9.598461,78.084435,20.210821,-8.051155,-9.598461,78.084435,1.0,-1.0,-1.0,1.0,33.524375915527344,-0.4,-0.4,0.4
17.233333333333334,21.485868,-11.05763,1.198073,0.9736371,-0.004256314,-0.0030864463,-0.22804184,0.004604021,0.0030368534,-0.03592618,0.013872147,-0.13943395,0.34916762,21.485205,-11.05713,0.3980735,0.047538124,-0.035790194,0.2540832,0.32784906,-141.12901,199.08711,207.78001,15.706609,-141.12901,199.08711,207.78001,15.706609,-1.0,1.0,1.0,1.0,0.0,0.4,0.4,0.4
17.25,21.48596,-11.0576105,1.1954349,0.97396594,-0.0010363074,-0.0015697783,-0.22668654,0.0033644994,0.0038325656,-0.19910322,0.44255435,0.3993771,0.10615398,21.485245,-11.057204,0.39543527,0.051226426,-0.029096607,0.2212981,0.40161517,-33.5486,32.485416,124.023674,-92.5015,-33.5486,32.485416,124.023674,-92.5015,-1.0,1.0,1.0,-1.0,0.0,0.4,0.4,-0.4
17.266666666666666,21.48604,-11.057588,1.1939526,0.97382265,-4.523998e-06,-0.0017083958,-0.22730276,0.0037756083,0.0030842465,-0.05226586,0.018400636,-0.11741881,-0.13692822,21.485283,-11.057279,0.39395303,0.05423171,-0.022129813,0.18031707,0.4180076,157.34166,-38.29066,-118.30104,-92.88001,157.34166,-38.29066,-118.30104,-92.88001,1.0,-1.0,-1.0,-1.0,33.524375915527344,-0.4,-0.4,-0.4
17.28333333333333,21.486095,-11.05757,1.1949236,0.9739061,-0.0018653182,0.0013207274,-0.22693978,0.0019895658,0.0019444539,0.09511304,-0.40615296,0.4433837,0.10578111,21.485327,-11.057357,0.39492399,0.055051334,-0.015299624,0.049177404,0.40981135,88.16038,-12.165345,96.38686,75.52546,88.16038,-12.165345,96.38686,75.52546,1.0,-1.0,1.0,1.0,33.524375915527344,-0.4,0.4,0.4
17.3,21.48616,-11.057549,1.1944625,0.9737595,-0.0024753185,0.0017879509,-0.2275592,0.0032020595,0.0035318525,-0.0685669,0.02361372,-0.096710384,-0.13712576,21.485374,-11.057438,0.39446282,0.056280766,-0.007991321,0.07376588,0.4384981,-58.07935,172.90196,-138.67863,-100.909546,-58.07935,172.90196,-138.67863,-100.909546,-1.0,1.0,-1.0,-1.0,0.0,0.4,-0.4,-0.4
17.316666666666666,21.486242,-11.057501,1.1951628,0.9738402,0.00097277306,0.0037447447,-0.22720075,0.0025130773,0.00523796,0.07890849,0.458091,0.46263605,0.10619179,21.485426,-11.057517,0.39516312,0.058466434,0.0011611321,0.13114011,0.5491472,109.20804,10.693078,6.9530272,43.600754,109.20804,10.693078,6.9530272,43.600754,1.0,1.0,1.0,1.0,33.524375915527344,0.4,0.4,0.4
17.333333333333332,21.486334,-11.057457,1.1944298,0.97369236,0.002183333,0.0039694514,-0.2278216,0.004743976,0.004445749,-0.08491057,0.028389338,-0.07542221,-0.1368575,21.485477,-11.057595,0.39443022,0.061335113,0.009903775,0.17212069,0.52455854,-24.457573,-40.2761,-194.5674,-84.264175,-24.457573,-40.2761,-194.5674,-84.264175,-1.0,-1.0,-1.0,-1.0,0.0,-0.4,-0.4,-0.4
17.35,21.486458,-11.057449,1.1948494,0.97378874,-0.0010402795,0.0007600984,-0.22745052,0.0071066525,0.003159626,0.06191173,-0.39483452,-0.59237826,0.10607049,21.485533,-11.057671,0.3948499,0.06625285,0.015846038,0.2950642,0.3565358,115.51468,-18.258892,-87.918945,20.29071,115.51468,-18.258892,-87.918945,20.29071,1.0,-1.0,-1.0,1.0,33.524375915527344,-0.4,-0.4,0.4
17.366666666666667,21.486588,-11.057441,1.1938412,0.97364426,-0.0019882706,-0.0006343076,-0.22806244,0.006117831,0.0044741207,-0.10128328,0.034395892,-0.054071516,-0.13657032,21.485592,-11.05775,0.39384186,0.0713072,0.022129813,0.3032608,0.37702647,-80.16669,175.82857,159.55539,-19.594624,-80.16669,175.82857,159.55539,-19.594624,-1.0,1.0,1.0,-1.0,0.0,0.4,0.4,-0.4
17.383333333333333,21.486702,-11.057409,1.1939957,0.9737287,-0.0011202847,0.0022942077,-0.22769661,0.0048313863,0.0049351864,0.046162166,0.016910663,0.5059765,0.106434196,21.485655,-11.05783,0.39399645,0.074995495,0.030121135,0.22129788,0.47947925,142.96458,-0.05242295,21.15785,47.55063,142.96458,-0.05242295,21.15785,47.55063,1.0,-0.05242295,1.0,1.0,33.524375915527344,-0.02096918,0.4,0.4
17.4,21.486826,-11.057366,1.1927184,0.97358173,0.0018192473,0.0024717667,-0.22831798,0.0065609277,0.005602477,-0.11754246,0.4463942,-0.03381627,-0.13623026,21.485716,-11.057904,0.3927196,0.07950343,0.03852227,0.27047616,0.5040681,-4.3269167,1.875623,-190.4748,-96.82354,-4.3269167,1.875623,-190.4748,-96.82354,-1.0,1.0,-1.0,-1.0,0.0,0.4,-0.4,-0.4
17.416666666666668,21.48697,-11.057354,1.1925942,0.97366863,0.00206113,-0.0011978645,-0.22795515,0.008158789,0.0041107666,0.02924287,0.0229728,-0.5513086,0.10656988,21.48578,-11.057976,0.39259526,0.085240796,0.044532835,0.34424183,0.36063394,137.56816,-46.50528,-89.710686,1.1036474,137.56816,-46.50528,-89.710686,1.1036474,1.0,-1.0,-1.0,1.0,33.524375915527344,-0.4,-0.4,0.4
17.433333333333334,21.487108,-11.057357,1.1910408,0.9735236,-0.00064480887,-0.0018155243,-0.22857808,0.0067678117,0.00346842,-0.13406509,-0.40705535,-0.0113263335,-0.13681571,21.485851,-11.058048,0.39104217,0.09002193,0.04951888,0.28686804,0.29916263,-27.935324,-6.0895424,176.9059,-16.95308,-27.935324,-6.0895424,176.9059,-16.95308,-1.0,-1.0,1.0,-1.0,0.0,-0.4,0.4,-0.4
17.45,21.487228,-11.057342,1.1906501,0.9736099,-0.00052281626,0.0016532027,-0.22821186,0.005429849,0.0043396186,0.013464545,0.027766436,0.54850763,0.1064308,21.485931,-11.058119,0.39065164,0.09289061,0.05566605,0.17212091,0.36883032,180.46384,163.82292,30.14402,40.19078,180.46384,163.82292,30.14402,40.19078,1.0,1.0,1.0,1.0,33.524375915527344,0.4,0.4,0.4
17.466666666666665,21.487364,-11.057327,1.1927096,0.97345835,-0.0025756177,0.0035078514,-0.22882272,0.006755977,0.0035479192,0.16034746,-0.3963491,0.031344607,-0.1368658,21.486013,-11.058183,0.39271116,0.096715525,0.06126681,0.2294947,0.33604544,56.174416,-7.9323125,-193.75404,-98.39977,56.174416,-7.9323125,-193.75404,-98.39977,1.0,-1.0,-1.0,-1.0,33.524375915527344,-0.4,-0.4,-0.4
17.483333333333334,21.487524,-11.057314,1.1933349,0.9735503,-0.0038801918,0.00062452786,-0.22843881,0.008495816,0.005202863,-0.003375786,0.034340914,-0.5077202,0.10658231,21.486101,-11.058244,0.39333677,0.10190648,0.066594355,0.3114572,0.31965268,-71.9784,200.23404,-100.095436,48.48153,-71.9784,200.23404,-100.095436,48.48153,-1.0,1.0,-1.0,1.0,0.0,0.4,-0.4,0.4
17.5,21.487692,-11.057258,1.1951215,0.97341406,-0.0011242973,-0.00077567314,-0.22904816,0.0074131824,0.0079055065,0.14405799,0.46881586,0.052084547,-0.13635471,21.486193,-11.058303,0.3951238,0.10737064,0.0748589,0.3278495,0.49587247,8.425525,35.560772,147.22495,-37.67429,8.425525,35.560772,147.22495,-37.67429,1.0,1.0,1.0,-1.0,33.524375915527344,0.4,0.4,-0.4
17.516666666666666,21.487862,-11.057203,1.1954746,0.9734952,-0.0006036818,-0.0039122296,-0.22867303,0.00780198,0.0073564197,-0.019820422,0.03999989,-0.48670152,0.10649423,21.486288,-11.058359,0.39547706,0.11269819,0.08278192,0.31965312,0.47538128,-59.357834,-41.58827,-48.179363,68.00295,-59.357834,-41.58827,-48.179363,68.00295,-1.0,-1.0,-1.0,1.0,0.0,-0.4,-0.4,0.4
17.53333333333333,21.48803,-11.057141,1.1931056,0.9733457,0.0021768576,-0.0052728206,-0.22927189,0.0054214885,0.006954062,-0.18304458,0.468987,0.051830627,-0.13644172,21.486383,-11.058418,0.39310825,0.11788914,0.09145627,0.3114572,0.52046114,-10.664324,8.602116,210.36249,-8.195085,-10.664324,8.602116,210.36249,-8.195085,-1.0,1.0,1.0,-1.0,0.0,0.4,0.4,-0.4
17.55,21.488138,-11.057084,1.1918982,0.9734432,0.0042972732,-0.001735733,-0.22888178,0.003572877,0.0045117177,-0.03565988,0.04434886,0.61186236,0.10640887,21.486488,-11.058462,0.39190134,0.11816236,0.098696284,0.016392766,0.4344007,175.16849,-54.251972,68.60359,26.312803,175.16849,-54.251972,68.60359,26.312803,1.0,-1.0,1.0,1.0,33.524375915527344,-0.4,0.4,0.4
17.566666666666666,21.488214,-11.057082,1.19314,0.9733072,0.002502337,0.00060578715,-0.22949149,0.004220751,0.0020116866,0.1112199,-0.3798813,0.09470634,-0.13686898,21.4866,-11.058504,0.39314288,0.11556688,0.10183817,-0.1557286,0.18851323,81.688545,-33.344326,-163.09889,-82.657234,81.688545,-33.344326,-163.09889,-82.657234,1.0,-1.0,-1.0,-1.0,33.524375915527344,-0.4,-0.4,-0.4
17.583333333333332,21.488304,-11.057091,1.1929473,0.9733942,0.0014499788,-0.0017963041,-0.22912507,0.005164531,0.0018814156,-0.052488223,0.05088759,-0.4443955,0.10655128,21.486717,-11.05854,0.39295018,0.11365443,0.10381894,-0.11474713,0.11884599,-49.00394,125.85359,-54.866596,74.060745,-49.00394,125.85359,-54.866596,74.060745,-1.0,1.0,-1.0,1.0,0.0,0.4,-0.4,0.4
17.6,21.488367,-11.057109,1.1939145,0.973249,-0.00076303916,-0.0014757357,-0.22974667,0.0035974598,0.0004340822,0.09486717,-0.37378287,0.11673187,-0.13684872,21.486843,-11.058573,0.39391732,0.10914649,0.10484347,-0.27047616,0.061471757,68.64984,-14.195904,183.47377,-34.834602,68.64984,-14.195904,183.47377,-34.834602,1.0,-1.0,1.0,-1.0,33.524375915527344,-0.4,0.4,-0.4
17.616666666666667,21.488413,-11.057115,1.193456,0.97333246,-0.00018412028,0.0028457306,-0.22938108,0.0027800237,0.0011960694,-0.06828166,0.055773344,0.65513104,0.106324546,21.486973,-11.0586,0.3934589,0.10313591,0.10641441,-0.3606346,0.09425639,-33.66531,151.77783,7.05472,84.13809,-33.66531,151.77783,7.05472,84.13809,-1.0,1.0,1.0,1.0,0.0,0.4,0.4,0.4
17.633333333333333,21.488487,-11.05713,1.1941531,0.97317576,-0.0018056385,0.0055146855,-0.2299894,0.0047755986,0.0007659742,0.078591675,-0.36849448,0.13795297,-0.13695465,21.487104,-11.0586195,0.39415586,0.09903779,0.10668761,-0.24588747,0.016392319,101.22332,-17.927885,-208.429,-100.40074,101.22332,-17.927885,-208.429,-100.40074,1.0,-1.0,-1.0,-1.0,33.524375915527344,-0.4,-0.4,-0.4
17.65,21.48859,-11.057151,1.1934158,0.9732724,-0.00268159,0.0034433391,-0.22961192,0.0068510175,0.002389393,-0.085111775,0.06233029,-0.40117034,0.106446415,21.48724,-11.058637,0.39341843,0.096715525,0.10641441,-0.13933583,-0.016392319,-19.623112,166.1481,-134.89227,23.263369,-19.623112,166.1481,-134.89227,23.263369,-1.0,1.0,-1.0,1.0,0.0,0.4,-0.4,0.4
17.666666666666668,21.488726,-11.057146,1.1938397,0.97313076,0.00050051993,0.0028509016,-0.23023476,0.0067614345,0.0043996726,0.062354364,0.49677205,0.15853387,-0.13648102,21.487387,-11.058648,0.3938424,0.0958959,0.10757554,-0.049177404,0.06966814,106.229614,12.489002,80.94515,-71.1375,106.229614,12.489002,80.94515,-71.1375,1.0,1.0,1.0,-1.0,33.524375915527344,0.4,0.4,-0.4
17.683333333333334,21.488873,-11.057148,1.1928307,0.9732201,0.0014503497,0.0005215152,-0.2298698,0.008123631,0.0033578936,-0.10150361,0.068015054,-0.380328,0.1064584,21.487535,-11.058657,0.3928333,0.0957593,0.10805366,-0.008195936,0.028687118,-1.3625876,-49.792118,-137.45988,21.235703,-1.3625876,-49.792118,-137.45988,21.235703,-1.0,-1.0,-1.0,1.0,0.0,-0.4,-0.4,0.4
17.7,21.489012,-11.057162,1.1929805,0.9730745,-0.00050335535,0.0013301692,-0.23048608,0.00737793,0.0023133678,0.045863893,-0.3567273,0.18071115,-0.13696033,21.487694,-11.058655,0.39298308,0.09439325,0.10689252,-0.081962936,-0.06966858,118.89796,-14.599442,115.89364,-56.31253,118.89796,-14.599442,115.89364,-56.31253,1.0,-1.0,1.0,-1.0,33.524375915527344,-0.4,0.4,-0.4
17.716666666666665,21.489162,-11.057176,1.1955817,0.97316283,-0.0011401135,-0.00029652147,-0.23011416,0.009149011,0.0032326241,0.19280991,0.07962131,-0.3371779,0.10642173,21.487852,-11.058643,0.3955843,0.09384684,0.10511667,-0.032784637,-0.106550746,20.183516,140.66164,-102.71027,45.48604,20.183516,140.66164,-102.71027,45.48604,1.0,1.0,-1.0,1.0,33.524375915527344,0.4,-0.4,0.4
17.733333333333334,21.489307,-11.057191,1.1967536,0.97301215,-0.002980088,0.0007168093,-0.23073322,0.008099499,0.002889761,0.02952222,-0.35062197,0.2025682,-0.13700373,21.488014,-11.058634,0.3967559,0.09261741,0.10334082,-0.073766105,-0.10655119,-120.953415,-3.8838232,116.110596,-17.607244,-120.953415,-3.8838232,116.110596,-17.607244,-1.0,-1.0,1.0,-1.0,0.0,-0.4,0.4,-0.4
17.75,21.489468,-11.057204,1.1951994,0.97309893,-0.0035893985,-0.00086426066,-0.23035796,0.008486886,0.00452202,-0.13418837,0.080286086,-0.3365829,0.10637015,21.48818,-11.058624,0.3952018,0.092207596,0.10170157,-0.024588702,-0.09835481,-4.2716465,161.82857,-97.07049,49.992355,-4.2716465,161.82857,-97.07049,49.992355,-1.0,1.0,-1.0,1.0,0.0,0.4,-0.4,0.4
17.766666666666666,21.48962,-11.057177,1.1948062,0.97296053,-0.00013579322,-0.0009706986,-0.23096918,0.0069214776,0.0061579235,0.0132704275,0.51470935,0.2231046,-0.13654369,21.48835,-11.058605,0.3948087,0.09097816,0.10231629,-0.073766105,0.036883052,126.60813,8.060207,135.28323,-56.183453,126.60813,8.060207,135.28323,-56.183453,1.0,1.0,1.0,-1.0,33.524375915527344,0.4,0.4,-0.4
17.78333333333333,21.489767,-11.057148,1.196863,0.97304475,0.0011449361,-0.002690313,-0.23059754,0.007759534,0.0054178946,0.1600759,0.09143903,-0.2945273,0.10645307,21.48853,-11.058575,0.39686522,0.08865589,0.102179684,-0.13933627,-0.008196383,28.64964,-53.451027,-98.09608,34.432343,28.64964,-53.451027,-98.09608,34.432343,1.0,-1.0,-1.0,1.0,33.524375915527344,-0.4,-0.4,0.4
17.8,21.489891,-11.057131,1.1974903,0.97290057,-0.0005161,-0.0013513138,-0.2312191,0.00615797,0.0042968364,-0.0032022274,-0.33884528,0.24516368,-0.13697243,21.488707,-11.058545,0.39749238,0.084830984,0.10129176,-0.22949426,-0.053275373,-117.61217,-21.528566,150.12036,-7.280618,-117.61217,-21.528566,150.12036,-7.280618,-1.0,-1.0,1.0,-1.0,0.0,-0.4,0.4,-0.4
17.816666666666666,21.490023,-11.057102,1.1992747,0.9729859,-0.0008855557,-0.00248944,-0.2308489,0.006767772,0.005047572,0.14375721,0.09757972,-0.27273366,0.1063834,21.488895,-11.058506,0.39927664,0.08073287,0.10054044,-0.24588703,-0.045079436,14.21238,125.66858,-65.292885,64.83669,14.21238,125.66858,-65.292885,64.83669,1.0,1.0,-1.0,1.0,33.524375915527344,0.4,-0.4,0.4
17.833333333333332,21.490137,-11.057075,1.1996295,0.9728378,-0.002454774,-0.0009866579,-0.23147242,0.0051136473,0.004647183,-0.019520732,-0.3327272,0.26692998,-0.13704202,21.489082,-11.058468,0.39963138,0.07554191,0.09978912,-0.3114572,-0.04507899,-125.02392,-12.341492,153.94908,-10.811265,-125.02392,-12.341492,153.94908,-10.811265,-1.0,-1.0,1.0,-1.0,0.0,-0.4,0.4,-0.4
17.85,21.490261,-11.05702,1.201141,0.97292393,-0.002732169,-0.0019597316,-0.231101,0.005637111,0.006106964,0.12744437,0.10373129,-0.250973,0.106300846,21.489279,-11.05842,0.40114293,0.07035097,0.10026723,-0.31145674,0.02868667,8.924048,143.76614,-67.57493,60.338455,8.924048,143.76614,-67.57493,60.338455,1.0,1.0,-1.0,1.0,33.524375915527344,0.4,-0.4,0.4
17.866666666666667,21.490377,-11.056953,1.2012244,0.972781,-0.0016604975,-0.00090278673,-0.23171875,0.0040600267,0.0068709105,-0.035798863,0.09295786,0.2880419,-0.13687909,21.489475,-11.058372,0.40122622,0.0646136,0.101564966,-0.34424183,0.07786407,-129.8531,-0.023408398,151.40527,-15.368876,-129.8531,-0.023408398,151.40527,-15.368876,-1.0,-0.023408398,1.0,-1.0,0.0,-0.00936336,0.4,-0.4
17.883333333333333,21.490494,-11.056882,1.2024635,0.9728626,-0.003671059,-0.0012784139,-0.23135076,0.004634944,0.006296357,0.11106358,-0.33005723,-0.22911115,0.10602968,21.489677,-11.058316,0.40246543,0.058466434,0.1027261,-0.36883008,0.06966814,10.262505,-25.221916,-87.873985,58.195705,10.262505,-25.221916,-87.873985,58.195705,1.0,-1.0,-1.0,1.0,33.524375915527344,-0.4,-0.4,0.4
17.9,21.490604,-11.056793,1.2022743,0.9727163,-0.0034002473,0.00014787604,-0.23197307,0.0032634882,0.008175298,-0.052100725,0.09907254,0.30890983,-0.13676353,21.489878,-11.058255,0.40227592,0.05204605,0.10470686,-0.3852231,0.118845545,-138.77026,166.50204,134.27069,-18.489647,-138.77026,166.50204,134.27069,-18.489647,-1.0,1.0,1.0,-1.0,0.0,0.4,0.4,-0.4
17.916666666666668,21.490725,-11.056689,1.2032403,0.9727962,-0.0053204973,-6.972385e-05,-0.23160118,0.0040304326,0.008350737,0.09477313,-0.32392332,-0.20825799,0.106144466,21.49008,-11.05819,0.4032421,0.046172082,0.10750724,-0.352438,0.1680225,20.99303,-15.483489,-104.02806,48.370136,20.99303,-15.483489,-104.02806,48.370136,1.0,-1.0,-1.0,1.0,33.524375915527344,-0.4,-0.4,0.4
17.933333333333334,21.490843,-11.056567,1.2027789,0.972648,-0.004960119,0.001512803,-0.23222594,0.0029861918,0.010840558,-0.06838715,0.10520269,0.3297432,-0.13665201,21.49028,-11.0581255,0.40278086,0.04029812,0.11160537,-0.35243776,0.24588792,-133.35289,183.43507,112.48652,-26.46978,-133.35289,183.43507,112.48652,-26.46978,-1.0,1.0,1.0,-1.0,0.0,0.4,0.4,-0.4
17.95,21.49099,-11.056417,1.2034727,0.9727266,-0.006789339,0.0014532254,-0.23185071,0.004080493,0.01172518,0.07850426,-0.31777245,-0.18744534,0.106255054,21.490488,-11.058053,0.40347472,0.0359268,0.11713783,-0.26227912,0.33194748,34.862446,-2.5312064,-126.86472,34.455467,34.862446,-2.5312064,-126.86472,34.455467,1.0,-1.0,-1.0,1.0,33.524375915527344,-0.4,-0.4,0.4
17.966666666666665,21.491142,-11.056246,1.2027384,0.97257566,-0.0063399533,0.0031914667,-0.23247805,0.003486331,0.014790009,-0.08464784,0.11134966,0.35053277,-0.13654122,21.490698,-11.057977,0.40274045,0.031828683,0.12396803,-0.24588703,0.409812,-125.31772,201.25246,71.42306,-36.361935,-125.31772,201.25246,71.42306,-36.361935,-1.0,1.0,1.0,-1.0,0.0,0.4,0.4,-0.4
17.983333333333334,21.491344,-11.0560255,1.203161,0.9726821,-0.002858415,0.0020326118,-0.23211434,0.0050452603,0.017800406,0.062216647,0.5476863,-0.1679126,0.10694052,21.490911,-11.057892,0.40316355,0.03100906,0.13366692,-0.049177404,0.5819334,50.01091,11.609182,-156.51428,15.993999,50.01091,11.609182,-156.51428,15.993999,1.0,1.0,-1.0,1.0,33.524375915527344,0.4,-0.4,0.4
18.0,21.49155,-11.055795,1.2021546,0.9725337,-0.00057979475,0.0035188643,-0.23273456,0.005021722,0.01791605,-0.10113651,0.11704101,0.3719311,-0.1365267,21.491127,-11.057802,0.40215743,0.03032604,0.14377563,-0.040981133,0.6065225,-83.67356,-28.39505,17.37193,-43.216816,-83.67356,-28.39505,17.37193,-43.216816,-1.0,-1.0,1.0,-1.0,0.0,-0.4,0.4,-0.4
18.016666666666666,21.491783,-11.055581,1.202303,0.97262055,-0.0022307064,0.0037775496,-0.23235749,0.0071716756,0.017555214,0.045768905,-0.30592808,-0.14530288,0.10638455,21.49134,-11.057704,0.4023061,0.031692076,0.15204018,0.08196215,0.49587336,61.72941,-14.80165,-181.03719,9.08642,61.72941,-14.80165,-181.03719,9.08642,1.0,-1.0,-1.0,1.0,33.524375915527344,-0.4,-0.4,0.4
18.03333333333333,21.49204,-11.055369,1.2010171,0.97248185,-0.0031608636,-0.00071350805,-0.23295605,0.007990202,0.019325042,-0.117987044,0.12428947,-0.68463355,-0.13626696,21.49155,-11.057604,0.40102065,0.035107177,0.16003154,0.204906,0.4794815,-115.96134,162.65204,-59.40639,-51.372967,-115.96134,162.65204,-59.40639,-51.372967,-1.0,1.0,-1.0,-1.0,0.0,0.4,-0.4,-0.4
18.05,21.49229,-11.0551195,1.2008927,0.972573,-3.3262593e-05,-0.003732603,-0.23256804,0.0061681583,0.020652484,0.029320985,0.5582514,-0.12508667,0.106786564,21.491764,-11.057491,0.40089643,0.03770265,0.16986705,0.15572837,0.5901306,36.110737,14.900812,211.02469,151.90208,36.110737,14.900812,211.02469,151.90208,1.0,1.0,1.0,1.0,33.524375915527344,0.4,0.4,0.4
18.066666666666666,21.492523,-11.054859,1.1993412,0.9724306,0.0024172273,-0.001919464,-0.23317198,0.0047495533,0.019284002,-0.13403742,0.12756401,0.41470814,-0.13664272,21.491983,-11.057373,0.3993456,0.038658876,0.18004408,0.057373565,0.6106218,-60.49534,-41.920563,110.557755,-21.187881,-60.49534,-41.920563,110.557755,-21.187881,-1.0,-1.0,1.0,-1.0,0.0,-0.4,0.4,-0.4
18.083333333333332,21.492737,-11.054628,1.1989448,0.9725223,0.00093264756,-0.0013355607,-0.23280405,0.0053129266,0.017530294,0.012867905,-0.29540747,-0.10252769,0.10628552,21.492203,-11.057243,0.3989495,0.038249064,0.18728413,-0.024588702,0.4344025,105.59835,-32.003372,-129.82669,33.986824,105.59835,-32.003372,-129.82669,33.986824,1.0,-1.0,-1.0,1.0,33.524375915527344,-0.4,-0.4,0.4
18.1,21.49294,-11.054395,1.1971205,0.97237474,0.0017308518,0.0010511993,-0.23341611,0.004862488,0.017867764,-0.15029453,0.13368917,0.43536982,-0.13653925,21.492422,-11.057109,0.39712536,0.03715623,0.19438756,-0.065569945,0.42620566,-69.827675,120.05645,63.02808,-18.22023,-69.827675,120.05645,63.02808,-18.22023,-1.0,1.0,1.0,-1.0,0.0,0.4,0.4,-0.4
18.116666666666667,21.49316,-11.054184,1.196452,0.97175235,0.00033123742,0.001799466,-0.23599556,0.0063866423,0.016896615,-0.0033930033,-0.2894785,-0.0815944,-0.37971526,21.49265,-11.056963,0.39645725,0.036609817,0.19903211,-0.03278486,0.27867344,137.36555,-26.760157,-169.30865,-1.1535441,137.36555,-26.760157,-169.30865,-1.1535441,1.0,-1.0,-1.0,-1.0,33.524375915527344,-0.4,-0.4,-0.4
18.133333333333333,21.49341,-11.053986,1.198232,0.9713633,-0.0002965231,-0.0020716668,-0.23758984,0.008451702,0.017676452,0.14351493,0.14565757,-0.5984002,-0.13615826,21.492878,-11.0568,0.39823732,0.038112458,0.2015593,0.090158425,0.15163152,24.63249,132.49524,-32.998646,253.95847,24.63249,132.49524,-32.998646,253.95847,1.0,1.0,-1.0,1.0,33.524375915527344,0.4,-0.4,0.4
18.15,21.493649,-11.053788,1.1985834,0.9714474,-0.0021186294,-0.003289288,-0.23722251,0.0068303403,0.016864942,-0.019765202,-0.2850842,-0.059165753,0.10648622,21.493109,-11.056628,0.3985887,0.038658876,0.20340346,0.032785084,0.11064916,-121.91421,-10.610786,191.02428,200.71431,-121.91421,-10.610786,191.02428,200.71431,-1.0,-1.0,1.0,1.0,0.0,-0.4,0.4,0.4
18.166666666666668,21.493874,-11.053582,1.1962142,0.9720214,-0.0011474133,-0.00057143136,-0.23488858,0.005870581,0.01771404,-0.18291733,0.14419937,0.47845405,0.34966195,21.493336,-11.056459,0.39621976,0.03852227,0.20606725,-0.008196383,0.15982746,-31.528927,134.79788,76.3707,4.37722,-31.528927,134.79788,76.3707,4.37722,-1.0,1.0,1.0,1.0,0.0,0.4,0.4,0.4
18.183333333333334,21.494108,-11.053378,1.1950006,0.9723449,-0.0023902224,0.0005093794,-0.23353644,0.006847536,0.017625118,-0.036012582,-0.28160217,-0.0382522,0.10615993,21.49357,-11.056279,0.39500627,0.03852227,0.20777482,0.0,0.10245412,118.835976,-11.502967,-161.33754,-90.84406,118.835976,-11.502967,-161.33754,-90.84406,1.0,-1.0,-1.0,-1.0,33.524375915527344,-0.4,-0.4,-0.4
18.2,21.49436,-11.053144,1.1962361,0.972194,-0.002854624,-0.0030379626,-0.2341398,0.0080594495,0.019426743,0.11089817,0.15400521,-0.5562625,-0.13653325,21.493803,-11.056073,0.39624164,0.039888307,0.20975558,0.081962265,0.11884599,26.677473,138.37555,-39.80263,-51.003086,26.677473,138.37555,-39.80263,-51.003086,1.0,1.0,-1.0,-1.0,33.524375915527344,0.4,-0.4,-0.4
18.216666666666665,21.494606,-11.052909,1.1960429,0.9722746,-0.0040599457,-0.004048374,-0.23377158,0.0058678677,0.01951864,-0.0523737,-0.20054752,-0.017092355,0.10614934,21.494041,-11.055867,0.39604878,0.04043472,0.21187295,0.03278486,0.12704192,-89.05975,-0.82272977,198.92624,188.1604,-89.05975,-0.82272977,198.92624,188.1604,-1.0,-0.82272977,1.0,1.0,0.0,-0.3290919,0.4,0.4
18.233333333333334,21.494822,-11.05262,1.1970122,0.9721379,-0.0022588717,-0.0010360134,-0.23439607,0.0029789866,0.021518026,0.0951016,0.23394328,0.5421043,-0.13669983,21.494282,-11.055645,0.3970183,0.038658876,0.21665412,-0.106550746,0.28687027,29.461102,118.85464,80.40945,-22.69007,29.461102,118.85464,80.40945,-22.69007,1.0,1.0,1.0,-1.0,33.524375915527344,0.4,0.4,-0.4
18.25,21.495033,-11.05233,1.1965485,0.9722258,-0.0026953358,0.0002523178,-0.23402919,0.0034803217,0.021459121,-0.06867629,-0.19443007,0.0033938577,0.10632097,21.494522,-11.05542,0.39655447,0.036609817,0.22129868,-0.12294351,0.27867344,-37.340637,-22.722843,-156.34924,52.630234,-37.340637,-22.722843,-156.34924,52.630234,-1.0,-1.0,-1.0,1.0,0.0,-0.4,-0.4,0.4
18.266666666666666,21.495264,-11.052018,1.1972389,0.9720763,-0.0023746549,-0.0031265698,-0.23463199,0.0043445993,0.023308763,0.07822645,0.24111244,-0.5145416,-0.1364081,21.494762,-11.055179,0.39724538,0.0359268,0.22635306,-0.04098102,0.30326304,38.9054,108.58228,-30.781622,-50.1819,38.9054,108.58228,-30.781622,-50.1819,1.0,1.0,-1.0,-1.0,33.524375915527344,0.4,-0.4,-0.4
18.28333333333333,21.495485,-11.051702,1.1965005,0.9721598,-0.0032562998,-0.0038574608,-0.23426403,0.0021403118,0.023140531,-0.085051805,-0.1896187,0.024564533,0.10618744,21.495008,-11.054934,0.39650738,0.03415095,0.23147576,-0.10655097,0.30736145,-77.28968,-11.967004,203.97104,181.71657,-77.28968,-11.967004,203.97104,181.71657,-1.0,-1.0,1.0,1.0,0.0,-0.4,0.4,0.4
18.3,21.495674,-11.051343,1.196925,0.9720218,-0.0012841328,-0.00052900176,-0.23488627,-0.00038403674,0.024798183,0.062387038,0.24485737,0.58372587,-0.13666752,21.49525,-11.054673,0.3969323,0.03032604,0.2385109,-0.2294946,0.42210904,51.79662,109.23301,79.218124,-27.359732,51.79662,109.23301,79.218124,-27.359732,1.0,1.0,1.0,-1.0,33.524375915527344,0.4,0.4,-0.4
18.316666666666666,21.49586,-11.050984,1.1959163,0.97211003,-0.0015500188,0.0010751482,-0.2345175,0.00050093874,0.024499455,-0.10139891,-0.18349965,0.04498348,0.10637711,21.495497,-11.054407,0.39592382,0.025954721,0.24513625,-0.26227912,0.39752033,-19.037271,-24.98066,-164.41187,46.94208,-19.037271,-24.98066,-164.41187,46.94208,-1.0,-1.0,-1.0,1.0,0.0,-0.4,-0.4,0.4
18.333333333333332,21.496069,-11.050616,1.196062,0.97196233,-0.0010620261,-0.0019877467,-0.23512563,0.0015601823,0.025936691,0.045509342,0.25200626,-0.47294432,-0.13636182,21.495743,-11.054126,0.39606988,0.023359247,0.25135177,-0.15572849,0.37293163,72.64867,93.40748,-52.933315,-58.89295,72.64867,93.40748,-52.933315,-58.89295,1.0,1.0,-1.0,-1.0,33.524375915527344,0.4,-0.4,-0.4
18.35,21.496273,-11.050246,1.1947784,0.97204936,-0.0017737964,-0.002403753,-0.23475763,-0.00015811226,0.025463255,-0.117769666,-0.17868575,0.06608709,0.106243454,21.49599,-11.053839,0.39478642,0.02021736,0.2572941,-0.18851313,0.35653886,-48.69281,-16.18103,185.23955,172.79707,-48.69281,-16.18103,185.23955,172.79707,-1.0,-1.0,1.0,1.0,0.0,-0.4,0.4,0.4
18.366666666666667,21.49646,-11.049848,1.1946582,0.9719036,0.00036832038,0.0012388722,-0.23537564,-0.0017760792,0.026640352,0.029642927,0.2557753,0.62521046,-0.13661726,21.496248,-11.053534,0.3946666,0.01516302,0.26398775,-0.30326042,0.40161964,97.11177,89.93206,29.462782,-42.22046,97.11177,89.93206,29.462782,-42.22046,1.0,1.0,1.0,-1.0,33.524375915527344,0.4,0.4,-0.4
18.383333333333333,21.496655,-11.049462,1.1969877,0.97198915,0.00033849644,0.0032776932,-0.23500252,-0.0006780142,0.025531994,0.17651093,-0.167111,0.1077075,0.106446326,21.4965,-11.053205,0.3969968,0.011064907,0.26801762,-0.2458868,0.24179219,25.957964,-28.191303,-193.23465,24.570017,25.957964,-28.191303,-193.23465,24.570017,1.0,-1.0,-1.0,1.0,33.524375915527344,-0.4,-0.4,0.4
18.4,21.496874,-11.049083,1.1978831,0.9718448,0.0010140964,0.00057028583,-0.23561871,0.0013102114,0.026507279,0.012755241,0.26288036,-0.43148682,-0.13629825,21.496754,-11.05287,0.39789242,0.008606038,0.27122784,-0.1475321,0.19261299,-119.197266,87.16269,-112.31187,-47.15161,-119.197266,87.16269,-112.31187,-47.15161,-1.0,1.0,-1.0,-1.0,0.0,0.4,-0.4,-0.4
18.416666666666668,21.49708,-11.048706,1.196055,0.9719348,0.0004726302,0.00046764506,-0.23524934,0.0006315737,0.025581788,-0.15053006,-0.16776888,0.107467994,0.10631218,21.497004,-11.052535,0.39606422,0.0054641515,0.27423313,-0.18851317,0.18031774,-43.518936,-24.464386,131.54918,156.90417,-43.518936,-24.464386,131.54918,156.90417,-1.0,-1.0,1.0,1.0,0.0,-0.4,0.4,0.4
18.433333333333334,21.497293,-11.048328,1.1953835,0.97178316,0.0012078395,-0.0021185747,-0.2358633,0.0014636788,0.0261279,-0.003629591,0.26767603,-0.41042367,-0.13642615,21.497252,-11.052178,0.3953929,0.0030052832,0.2757358,-0.14753209,0.09015977,112.52601,59.791,-76.966324,-62.569504,112.52601,59.791,-76.966324,-62.569504,1.0,1.0,-1.0,-1.0,33.524375915527344,0.4,-0.4,-0.4
18.45,21.497509,-11.047956,1.1932831,0.9718728,0.0007458874,-0.0020607975,-0.23549622,-3.841473e-06,0.02493699,-0.16691543,-0.1629511,0.12849209,0.106186286,21.497513,-11.051818,0.3932925,-0.00027320758,0.27655542,-0.19670944,0.049177404,-7.4835744,-27.404638,162.8977,160.38171,-7.4835744,-27.404638,162.8977,160.38171,-1.0,-1.0,1.0,1.0,0.0,-0.4,0.4,0.4
18.466666666666665,21.497707,-11.047583,1.1923394,0.97171515,0.0015620107,-0.00448569,-0.23610832,-5.9317565e-05,0.02512472,-0.020006351,0.27247098,-0.38937038,-0.13654989,21.497768,-11.051436,0.3923487,-0.0043713213,0.27600902,-0.2458868,-0.032783743,150.95593,49.631523,-29.621286,-55.885647,150.95593,49.631523,-29.621286,-55.885647,1.0,1.0,-1.0,-1.0,33.524375915527344,0.4,-0.4,-0.4
18.483333333333334,21.497849,-11.047217,1.1938497,0.971806,0.0012439948,-0.004146115,-0.2357422,-0.0025609895,0.02318477,0.1273699,-0.15269546,0.1708197,0.10606924,21.498022,-11.051031,0.3938588,-0.0124309445,0.2731403,-0.48357734,-0.1721227,40.01872,-30.616112,194.99599,157.42644,40.01872,-30.616112,194.99599,157.42644,1.0,-1.0,1.0,1.0,33.524375915527344,-0.4,0.4,0.4
18.5,21.497969,-11.046842,1.1939343,0.971662,0.0037419873,0.00017205013,-0.236345,-0.0042932113,0.023159089,-0.035901546,0.2762814,0.708599,-0.13681161,21.49828,-11.05062,0.39394328,-0.022266418,0.2706131,-0.59012836,-0.15163241,-67.093155,45.771114,36.180878,-5.820968,-67.093155,45.771114,36.180878,-5.820968,-1.0,1.0,1.0,-1.0,0.0,0.4,0.4,-0.4
18.516666666666666,21.498083,-11.046511,1.1951741,0.97174925,0.0040441006,0.0028436813,-0.2359638,-0.0030566324,0.020880885,0.110947244,-0.14658208,0.19102395,0.10627521,21.49853,-11.050193,0.39518288,-0.031965286,0.26371455,-0.581932,-0.4139131,70.55099,-44.43958,-191.99806,7.951104,70.55099,-44.43958,-191.99806,7.951104,1.0,-1.0,-1.0,1.0,33.524375915527344,-0.4,-0.4,0.4
18.53333333333333,21.498222,-11.046189,1.1949797,0.9715966,0.0050462624,0.0007733977,-0.23658814,-0.0011646176,0.020456068,-0.052786913,0.28333095,-0.34811702,-0.1364567,21.498785,-11.049753,0.39498794,-0.04029812,0.25524503,-0.49997,-0.50817126,-74.14494,11.523371,-124.431816,-42.98796,-74.14494,11.523371,-124.431816,-42.98796,-1.0,1.0,-1.0,-1.0,0.0,0.4,-0.4,-0.4
18.55,21.498343,-11.045914,1.195945,0.971687,0.004899824,0.0014234975,-0.23621653,-0.0015506893,0.017791955,0.09458354,-0.14180039,0.21195371,0.10615095,21.499031,-11.049298,0.39595255,-0.049313974,0.24240413,-0.54095125,-0.77045375,44.329807,-46.153755,104.057396,118.3543,44.329807,-46.153755,104.057396,118.3543,1.0,-1.0,1.0,1.0,33.524375915527344,-0.4,0.4,0.4
18.566666666666666,21.49846,-11.045666,1.1954762,0.9715497,0.00076442485,0.0007875828,-0.23683318,-7.547176e-05,0.016303357,-0.06909507,-0.5714693,-0.32612512,-0.13710801,21.499277,-11.048838,0.3954832,-0.058466434,0.22717269,-0.5491476,-0.91388667,-73.11396,-9.063872,-117.23128,-37.012833,-73.11396,-9.063872,-117.23128,-37.012833,-1.0,-1.0,-1.0,-1.0,0.0,-0.4,-0.4,-0.4
18.583333333333332,21.498583,-11.045412,1.1961684,0.9716378,-0.0010355085,0.0020333386,-0.23646316,-0.0007949908,0.016806008,0.07845483,-0.13650882,0.233882,0.10633779,21.499521,-11.04836,0.39617467,-0.06720907,0.21112163,-0.52455825,-0.9630632,64.539925,205.89682,102.350266,133.07182,64.539925,205.89682,102.350266,133.07182,1.0,1.0,1.0,1.0,33.524375915527344,0.4,0.4,0.4
18.6,21.498718,-11.045151,1.1954291,0.97149056,0.00013182554,0.00028627843,-0.23707762,0.0003954789,0.017825544,-0.08528669,0.29335892,-0.3052403,-0.13638555,21.499762,-11.047877,0.3954344,-0.07472229,0.19527549,-0.45079303,-0.9507688,-59.820164,37.989376,-128.87329,-48.084206,-59.820164,37.989376,-128.87329,-48.084206,-1.0,1.0,-1.0,-1.0,0.0,0.4,-0.4,-0.4
18.616666666666667,21.498846,-11.044895,1.1958495,0.9715799,0.0001515012,0.0012653071,-0.23670807,-0.0005183037,0.016847754,0.062070053,-0.131708,0.25475734,0.10622584,21.499998,-11.047382,0.39585447,-0.08250871,0.17813163,-0.46718535,-1.0286316,79.15358,-36.144863,98.13201,109.44874,79.15358,-36.144863,98.13201,109.44874,1.0,-1.0,1.0,1.0,33.524375915527344,-0.4,0.4,0.4
18.633333333333333,21.498983,-11.044639,1.1948379,0.9714294,0.001398673,-0.00032164904,-0.23732409,0.00050903735,0.017372184,-0.10167321,0.2981414,-0.28435838,-0.1364961,21.500233,-11.046884,0.39484197,-0.08947551,0.16078287,-0.41800794,-1.040925,-50.861507,19.991566,-128.70071,-44.60837,-50.861507,19.991566,-128.70071,-44.60837,-1.0,1.0,-1.0,-1.0,0.0,0.4,-0.4,-0.4
18.65,21.499102,-11.044397,1.1949857,0.97151935,0.0014985807,0.0008161335,-0.23695387,-0.00046537886,0.01592,0.04568291,-0.12691215,0.2755984,0.10611999,21.500458,-11.046375,0.39498943,-0.09712534,0.14165828,-0.4589894,-1.1474757,90.70257,-41.561302,95.507866,102.45136,90.70257,-41.561302,95.507866,102.45136,1.0,-1.0,1.0,1.0,33.524375915527344,-0.4,0.4,0.4
18.666666666666668,21.499231,-11.044157,1.1937017,0.97136563,0.0028254103,-0.00061113114,-0.2375716,0.0005252421,0.015920332,-0.118056834,0.3029199,-0.26351118,-0.13660106,21.500685,-11.045863,0.3937051,-0.10409214,0.12219218,-0.4180084,-1.1679657,-33.436367,1.0846277,-131.2791,-43.641003,-33.436367,1.0846277,-131.2791,-43.641003,-1.0,1.0,-1.0,-1.0,0.0,0.4,-0.4,-0.4
18.683333333333334,21.49934,-11.043943,1.1935773,0.9714559,0.003005701,0.00068483787,-0.23720002,-0.00037621567,0.0139637,0.029300116,-0.122121386,0.29640055,0.1060186,21.500902,-11.045345,0.39358008,-0.111878574,0.10040384,-0.4671858,-1.3073006,106.04594,-47.574505,87.506676,91.2076,106.04594,-47.574505,87.506676,91.2076,1.0,-1.0,1.0,1.0,33.524375915527344,-0.4,0.4,0.4
18.7,21.499445,-11.043749,1.1920191,0.9713097,-0.00080493954,0.00069667376,-0.23781574,0.00070249767,0.013482745,-0.13441506,-0.55193526,-0.24169874,-0.13727894,21.501118,-11.044822,0.39202172,-0.11980161,0.07683965,-0.47538218,-1.4138513,-8.699796,-15.120253,-137.74995,-47.072155,-8.699796,-15.120253,-137.74995,-47.072155,-1.0,-1.0,-1.0,-1.0,0.0,-0.4,-0.4,-0.4
18.716666666666665,21.49956,-11.043537,1.1916219,0.97139364,-0.0022765938,0.0025886712,-0.23744966,1.2659526e-05,0.014803565,0.013123182,-0.11680976,0.31821227,0.10608753,21.50133,-11.0442915,0.3916244,-0.12676843,0.054026805,-0.41800883,-1.3687705,154.16425,196.37909,66.1717,96.83174,154.16425,196.37909,66.1717,96.83174,1.0,1.0,1.0,1.0,33.524375915527344,0.4,0.4,0.4
18.733333333333334,21.499714,-11.043302,1.1936764,0.97124684,-0.0007212619,0.001604661,-0.23806804,0.0018466949,0.017040111,0.16004142,0.31846294,-0.19959804,-0.13663346,21.501526,-11.043758,0.39367864,-0.1297737,0.03271661,-0.18031685,-1.2786117,31.75247,26.925896,-165.66336,-65.81004,31.75247,26.925896,-165.66336,-65.81004,1.0,1.0,-1.0,-1.0,33.524375915527344,0.4,-0.4,-0.4
18.75,21.49989,-11.043077,1.1942952,0.97133213,-0.0019490527,-0.0032703583,-0.23769568,0.0031067429,0.016596794,-0.0037963826,-0.1110852,-0.73785335,0.106152415,21.501724,-11.043226,0.39429727,-0.13141297,0.010655095,-0.0983557,-1.3236909,-78.54689,-37.124386,-12.619078,123.53695,-78.54689,-37.124386,-12.619078,123.53695,-1.0,-1.0,-1.0,1.0,0.0,-0.4,-0.4,0.4
18.766666666666666,21.500057,-11.042845,1.1921918,0.97189033,-0.00090229674,-0.006388816,-0.23534551,0.00018204586,0.016947389,-0.16703337,0.32013434,-0.19943713,0.3493003,21.501917,-11.042692,0.3921942,-0.13318881,-0.010928303,-0.106550746,-1.2950038,-40.02764,42.338417,235.3335,53.30467,-40.02764,42.338417,235.3335,53.30467,-1.0,1.0,1.0,1.0,0.0,0.4,0.4,0.4
18.78333333333333,21.500162,-11.042591,1.1912498,0.9722261,-0.00046461605,-0.004594403,-0.23399794,-0.0027083466,0.016036859,-0.019676335,-0.10477142,0.36208642,0.10565836,21.502106,-11.04216,0.39125258,-0.13919939,-0.030872455,-0.3606346,-1.1966491,109.15928,-26.736355,147.07451,-75.20267,109.15928,-26.736355,147.07451,-75.20267,1.0,-1.0,1.0,-1.0,33.524375915527344,-0.4,0.4,-0.4
18.8,21.500221,-11.042325,1.1927582,0.9720748,-0.0014218119,-0.0045861895,-0.2346221,-0.003277498,0.015839603,0.12726662,-0.11471376,-0.1552132,-0.13735452,21.502277,-11.041632,0.39276132,-0.14725904,-0.049655482,-0.483579,-1.1269816,63.229347,-0.035843648,-65.26148,-50.089207,63.229347,-0.035843648,-65.26148,-50.089207,1.0,-0.035843648,-1.0,-1.0,33.524375915527344,-0.01433746,-0.4,-0.4
18.816666666666666,21.500267,-11.042045,1.1928388,0.97217137,0.00074167916,-0.002979848,-0.23425063,-0.005568964,0.016392883,-0.03598269,0.3147689,0.3828115,0.10593496,21.502445,-11.041106,0.3928426,-0.1560017,-0.06720907,-0.52455956,-1.0532154,-67.429115,36.449535,144.7893,151.57637,-67.429115,36.449535,144.7893,151.57637,-1.0,1.0,1.0,1.0,0.0,0.4,0.4,0.4
18.833333333333332,21.500301,-11.041774,1.1940749,0.97202194,0.00070394494,-0.0030081845,-0.23486948,-0.00549955,0.015202999,0.11086301,-0.10983012,-0.13368529,-0.13717347,21.502613,-11.040585,0.39407924,-0.16556402,-0.0851725,-0.57373875,-1.0778054,45.99875,-45.845524,-90.8568,-55.04498,45.99875,-45.845524,-90.8568,-55.04498,1.0,-1.0,-1.0,-1.0,33.524375915527344,-0.4,-0.4,-0.4
18.85,21.500322,-11.041493,1.193883,0.9721121,0.0029502509,-0.0012387957,-0.2344946,-0.0070402687,0.015141509,-0.052396398,0.31969061,0.40430984,0.10611454,21.502773,-11.040064,0.39388806,-0.17553614,-0.10238459,-0.59832746,-1.0327255,-74.79161,10.019889,123.3398,144.06642,-74.79161,10.019889,123.3398,144.06642,-1.0,1.0,1.0,1.0,0.0,0.4,0.4,0.4
18.866666666666667,21.500326,-11.041242,1.1948466,0.97196317,0.0029924652,-0.001101565,-0.23511133,-0.0061898264,0.013345602,0.09444628,-0.104950644,-0.112204395,-0.13698715,21.502916,-11.039546,0.3948527,-0.18550827,-0.12144086,-0.59832746,-1.143376,42.85885,-50.496845,-117.28775,-60.30425,42.85885,-50.496845,-117.28775,-60.30425,1.0,-1.0,-1.0,-1.0,33.524375915527344,-0.4,-0.4,-0.4
18.883333333333333,21.500315,-11.041011,1.1943806,0.97205544,0.000101849815,0.002101259,-0.2347417,-0.0068524824,0.012008849,-0.06880267,-0.53505355,0.42679825,0.10569923,21.503056,-11.039036,0.39438784,-0.19630003,-0.14145337,-0.64750576,-1.2007507,-79.07161,-18.893206,84.59278,132.53964,-79.07161,-18.893206,84.59278,132.53964,-1.0,-1.0,1.0,1.0,0.0,-0.4,0.4,0.4
18.9,21.50034,-11.040776,1.195071,0.97190374,-0.0015142658,0.0028163497,-0.23535691,-0.00507816,0.013157657,0.07821393,-0.0995592,-0.09140928,-0.13723543,21.50319,-11.038533,0.39507937,-0.20408648,-0.16064626,-0.46718714,-1.1515733,63.50855,166.28458,-143.82324,-85.026695,63.50855,166.28458,-143.82324,-85.026695,1.0,1.0,-1.0,-1.0,33.524375915527344,0.4,-0.4,-0.4
18.916666666666668,21.500381,-11.040541,1.194328,0.9719972,-0.0006771019,-0.0016337306,-0.23498563,-0.004162427,0.014116528,-0.08548354,0.33097735,-0.6301948,0.10617745,21.503307,-11.038036,0.39433736,-0.20955068,-0.17936106,-0.32785174,-1.122888,-64.588615,31.401114,-37.520145,107.25192,-64.588615,31.401114,-37.520145,107.25192,-1.0,1.0,-1.0,1.0,0.0,0.4,-0.4,0.4
18.933333333333334,21.50041,-11.040294,1.1947448,0.9718426,-0.0009836874,-0.0033539464,-0.23560467,-0.005896796,0.013556146,0.061885573,-0.09385288,-0.06922273,-0.13742818,21.503424,-11.03755,0.39475524,-0.21583448,-0.19650494,-0.37702826,-1.0286324,33.002285,-31.990993,214.55437,-16.576202,33.002285,-31.990993,214.55437,-16.576202,1.0,-1.0,1.0,-1.0,33.524375915527344,-0.4,0.4,-0.4
18.95,21.500414,-11.040034,1.1937358,0.97193664,0.0015211548,-0.0010953638,-0.23523493,-0.007348707,0.013803472,-0.10138092,0.33579263,0.46869233,0.105863795,21.503525,-11.037069,0.39374757,-0.22280133,-0.21235107,-0.41801062,-0.95076793,-56.77622,16.965477,108.38208,139.68532,-56.77622,16.965477,108.38208,139.68532,-1.0,1.0,1.0,1.0,0.0,0.4,0.4,0.4
18.966666666666665,21.500406,-11.039792,1.1938822,0.9717871,0.0018195194,-0.000468864,-0.23585197,-0.0065158173,0.012530109,0.04544866,-0.088946626,-0.047831092,-0.13723488,21.503609,-11.036603,0.3938949,-0.22935838,-0.22840214,-0.3934228,-0.9630641,78.76931,-45.515453,-135.99614,-68.43629,78.76931,-45.515453,-135.99614,-68.43629,1.0,-1.0,-1.0,-1.0,33.524375915527344,-0.4,-0.4,-0.4
18.983333333333334,21.500395,-11.039561,1.1925989,0.97187257,-0.00081144064,0.0032249468,-0.23548357,-0.0067023714,0.011932708,-0.117814064,-0.51898324,0.4910456,0.1054295,21.503696,-11.0361395,0.392613,-0.23646182,-0.24506794,-0.42620656,-0.999948,-44.76217,-13.000007,35.21859,121.181595,-44.76217,-13.000007,35.21859,121.181595,-1.0,-1.0,1.0,1.0,0.0,-0.4,0.4,0.4
19.0,21.500418,-11.039326,1.1924725,0.971716,-0.0021721057,0.0044293953,-0.23610096,-0.004534103,0.013674344,0.029199233,-0.08353054,-0.02714098,-0.13755095,21.503761,-11.035693,0.3924879,-0.23946713,-0.26016283,-0.18031864,-0.9056934,104.41305,171.26663,-174.02116,-101.09587,104.41305,171.26663,-174.02116,-101.09587,1.0,1.0,-1.0,-1.0,33.524375915527344,0.4,-0.4,-0.4
19.016666666666666,21.500498,-11.03908,1.1938436,0.97181654,-0.0010320599,0.0005593119,-0.23573549,-0.0019764071,0.015687915,0.10000494,0.35122097,-0.549846,0.105851814,21.503809,-11.035269,0.39385962,-0.23714484,-0.2729354,0.13933717,-0.76635355,0.5098326,39.627743,-109.853546,73.91896,0.5098326,39.627743,-109.853546,73.91896,0.5098326,1.0,-1.0,1.0,25.30809783935547,0.4,-0.4,0.4
19.03333333333333,21.500582,-11.038831,1.1934686,0.97166544,-0.0010853745,-0.000671688,-0.23635693,-0.002882289,0.015450638,-0.06330617,-0.07916182,-0.010311587,-0.13775438,21.503855,-11.034847,0.39348522,-0.23441276,-0.28529817,0.16392498,-0.74176663,-91.11514,-29.643204,142.50143,-4.796177,-91.11514,-29.643204,142.50143,-4.796177,-1.0,-1.0,1.0,-1.0,0.0,-0.4,0.4,-0.4
19.05,21.500666,-11.038572,1.1942501,0.9717463,0.00013629712,-0.004384865,-0.23598695,-0.0021855817,0.016601354,0.083622545,0.3569406,-0.5277596,0.10564754,21.503883,-11.034449,0.39426738,-0.2304512,-0.2953387,0.23769377,-0.60243124,70.59936,19.668049,-32.013992,93.900215,70.59936,19.668049,-32.013992,93.900215,1.0,1.0,-1.0,1.0,33.524375915527344,0.4,-0.4,0.4
19.066666666666666,21.500734,-11.038312,1.1936024,0.9723035,0.00016482749,-0.0054506473,-0.23365794,-0.0045474586,0.015399154,-0.079681434,-0.072364815,0.011814668,0.34818166,21.503908,-11.034057,0.39362028,-0.22730929,-0.30476448,0.18851458,-0.5655473,-94.78823,-35.17099,205.39711,16.435827,-94.78823,-35.17099,205.39711,16.435827,-1.0,-1.0,1.0,1.0,0.0,-0.4,0.4,0.4
19.083333333333332,21.500753,-11.038033,1.1941178,0.97263646,0.0030482237,-0.0024484461,-0.23229921,-0.0073106415,0.015890414,0.06770064,0.36168846,0.57113993,0.10521862,21.503918,-11.033686,0.3941359,-0.22662626,-0.31132156,0.040981468,-0.3934246,32.71793,14.1107645,82.59784,-78.4368,32.71793,14.1107645,82.59784,-78.4368,1.0,1.0,1.0,-1.0,33.524375915527344,0.4,0.4,-0.4
19.1,21.500767,-11.037758,1.1932,0.9724887,0.0036885804,-0.0011612418,-0.2329176,-0.006719575,0.014088494,-0.09614217,-0.06859717,0.033284422,-0.13784571,21.503923,-11.033319,0.39321855,-0.22607985,-0.31787863,0.032784637,-0.3934246,-41.117477,-50.55638,-151.10532,-65.18179,-41.117477,-50.55638,-151.10532,-65.18179,-1.0,-1.0,-1.0,-1.0,0.0,-0.4,-0.4,-0.4
19.116666666666667,21.500769,-11.037524,1.1934345,0.972574,-0.00013010242,-0.0032817859,-0.23257014,-0.005999887,0.012082409,0.05082815,-0.492197,-0.48323363,0.10509325,21.503912,-11.032977,0.39345384,-0.22512363,-0.32566518,0.05737334,-0.4671925,92.98325,-22.589556,-14.964739,63.958,92.98325,-22.589556,-14.964739,63.958,1.0,-1.0,-1.0,1.0,33.524375915527344,-0.4,-0.4,0.4
19.133333333333333,21.500755,-11.037287,1.1922413,0.973125,-0.001664954,-0.0036027394,-0.23024336,-0.008026578,0.012803679,-0.112302005,-0.06141649,0.05397321,0.34836,21.503891,-11.0326395,0.39226106,-0.2245772,-0.332837,0.03278553,-0.43030855,-84.323784,190.34741,187.97366,8.3526745,-84.323784,190.34741,187.97366,8.3526745,-1.0,1.0,1.0,1.0,0.0,0.4,0.4,0.4
19.15,21.500721,-11.037014,1.1922117,0.97345066,0.0013783284,-0.0002667735,-0.22889261,-0.010043387,0.013951255,0.03505502,0.37239802,0.61329854,0.1054111,21.503862,-11.032325,0.39223155,-0.22498702,-0.33584234,-0.024588702,-0.18032132,77.24474,25.589712,47.084343,-97.56837,77.24474,25.589712,47.084343,-97.56837,1.0,1.0,1.0,-1.0,33.524375915527344,0.4,0.4,-0.4
19.166666666666668,21.500685,-11.036745,1.1907489,0.9733025,0.0021799009,0.0013429087,-0.22951189,-0.008703052,0.012799658,-0.12880534,-0.05787322,0.075438544,-0.13762797,21.503828,-11.03202,0.39076912,-0.22512363,-0.33843786,-0.00819683,-0.15573083,-8.613331,-42.513996,-178.04092,-81.710915,-8.613331,-42.513996,-178.04092,-81.710915,-1.0,-1.0,-1.0,-1.0,0.0,-0.4,-0.4,-0.4
19.183333333333334,21.50065,-11.036507,1.190439,0.97339,-0.0014618901,-0.000469632,-0.22914937,-0.0073972526,0.011722863,0.018158983,-0.4813525,-0.44112813,0.10529145,21.503769,-11.031734,0.3904593,-0.22334775,-0.3417847,0.106552534,-0.20080982,151.99802,-7.9401345,-77.7247,5.400098,151.99802,-7.9401345,-77.7247,5.400098,1.0,-1.0,-1.0,1.0,33.524375915527344,-0.4,-0.4,0.4
19.2,21.50062,-11.036261,1.1887012,0.97324044,-0.0028225929,-0.0004746431,-0.22977109,-0.008593184,0.013323373,-0.14498036,-0.051688373,0.096704505,-0.13734807,21.503708,-11.031456,0.38872182,-0.22116208,-0.344107,0.13114034,-0.13933896,-14.4206295,208.15012,144.27966,-38.29075,-14.4206295,208.15012,144.27966,-38.29075,-1.0,1.0,1.0,-1.0,0.0,0.4,0.4,-0.4
19.216666666666665,21.5006,-11.035988,1.1881206,0.97332686,-0.0011469423,-0.0033654242,-0.22939529,-0.008378434,0.014733564,0.001975054,0.3845958,-0.42096004,0.106046066,21.503633,-11.031204,0.38814077,-0.21720053,-0.34260434,0.23769288,0.09015977,188.26784,36.699646,-42.778732,6.271719,188.26784,36.699646,-42.778732,6.271719,1.0,1.0,-1.0,1.0,33.524375915527344,0.4,-0.4,0.4
19.233333333333334,21.500546,-11.035689,1.1899941,0.97318065,-0.0006106846,-0.003493067,-0.23001488,-0.010696491,0.014305344,0.14931476,-0.040454846,0.13990489,-0.13751811,21.503538,-11.030979,0.39001346,-0.21433184,-0.337345,0.17212181,0.31556007,10.753552,-29.477167,187.75015,-39.98369,10.753552,-29.477167,187.75015,-39.98369,1.0,-1.0,1.0,-1.0,33.524375915527344,-0.4,0.4,-0.4
19.25,21.500471,-11.0353775,1.1904417,0.97327125,0.0027168076,0.0003711097,-0.22964223,-0.01260072,0.014752593,-0.014033525,0.38942444,0.6775796,0.1058202,21.50344,-11.030765,0.39046052,-0.21269259,-0.3303781,0.09835481,0.4180151,-61.857662,38.64111,29.664558,89.61089,-61.857662,38.64111,29.664558,89.61089,-1.0,1.0,1.0,1.0,0.0,0.4,0.4,0.4
19.266666666666666,21.5004,-11.035099,1.192045,0.9731197,0.0038430083,0.0025911094,-0.23025313,-0.011477655,0.013275423,0.13274105,-0.035487346,0.16099799,-0.13715579,21.503328,-11.030574,0.39206302,-0.20968728,-0.3240942,0.18031864,0.37703273,35.48143,-40.509914,-195.03003,-88.00622,35.48143,-40.509914,-195.03003,-88.00622,1.0,-1.0,-1.0,-1.0,33.524375915527344,-0.4,-0.4,-0.4
19.28333333333333,21.500332,-11.034849,1.1922122,0.9732166,0.00048272446,0.0013094997,-0.22988595,-0.009650606,0.011642655,-0.030956862,-0.46440664,-0.37693477,0.10574006,21.503202,-11.030389,0.39222977,-0.20558913,-0.3194496,0.24588881,0.27867612,-87.27606,-6.7404785,-117.73307,50.030098,-87.27606,-6.7404785,-117.73307,50.030098,-1.0,-1.0,-1.0,1.0,0.0,-0.4,-0.4,0.4
19.3,21.500277,-11.03459,1.1935406,0.97306955,-0.00055577426,0.0019158719,-0.23050265,-0.010240775,0.012532832,0.116546616,-0.029246384,0.18214667,-0.13691941,21.503065,-11.030225,0.39355734,-0.19971514,-0.3126193,0.35243955,0.40981826,10.115097,195.91371,106.47943,-53.693436,10.115097,195.91371,106.47943,-53.693436,1.0,1.0,1.0,-1.0,33.524375915527344,0.4,0.4,-0.4
19.316666666666666,21.500244,-11.034325,1.193437,0.9731574,0.0014009759,-0.00044923552,-0.23013559,-0.009007602,0.013206597,-0.047168184,0.40162724,-0.35684758,0.10648421,21.502935,-11.03007,0.393453,-0.19274831,-0.30469617,0.41800973,0.47538754,-82.30685,39.022312,-116.75305,47.632267,-82.30685,39.022312,-116.75305,47.632267,-1.0,1.0,-1.0,1.0,0.0,0.4,-0.4,0.4
19.333333333333332,21.500187,-11.034072,1.1944934,0.9730101,0.0021953632,-8.880052e-05,-0.23075198,-0.01012933,0.012076516,0.10015533,-0.023490794,0.20389913,-0.1370531,21.502783,-11.029937,0.39450848,-0.18591808,-0.2961583,0.4098138,0.51227146,4.0628877,-34.37885,122.97534,-49.64011,4.0628877,-34.37885,122.97534,-49.64011,1.0,-1.0,1.0,-1.0,33.524375915527344,-0.4,0.4,-0.4
19.35,21.50014,-11.033822,1.1941173,0.9730874,0.004239797,-0.0022906295,-0.230386,-0.009365466,0.011637641,-0.06355547,0.4074079,-0.33509672,0.106353395,21.50263,-11.02981,0.39413124,-0.17840484,-0.28734726,0.45079437,0.52866334,-88.07657,1.7780414,-97.19019,65.3743,-88.07657,1.7780414,-97.19019,65.3743,-1.0,1.0,-1.0,1.0,0.0,0.4,-0.4,0.4
19.366666666666667,21.500053,-11.033602,1.194901,0.9729388,0.005124057,-0.0017638121,-0.23099935,-0.010872062,0.00934813,0.08377368,-0.017746318,0.22562602,-0.13717556,21.502464,-11.0297,0.39491442,-0.17266744,-0.27942416,0.34424362,0.47538576,2.7317522,-44.87945,140.81828,-42.336643,2.7317522,-44.87945,140.81828,-42.336643,1.0,-1.0,1.0,-1.0,33.524375915527344,-0.4,0.4,-0.4
19.383333333333333,21.49996,-11.033407,1.1942511,0.9730324,0.0020298485,-0.0025540923,-0.23064503,-0.010448577,0.007248462,-0.07996031,-0.44664764,-0.31236216,0.105705634,21.502296,-11.029597,0.39426357,-0.16733988,-0.2728671,0.31965402,0.3934228,-90.19137,-30.287085,-73.2657,77.55898,-90.19137,-30.287085,-73.2657,77.55898,-1.0,-1.0,-1.0,1.0,0.0,-0.4,-0.4,0.4
19.4,21.499838,-11.03321,1.1947618,0.9728888,0.0012624789,-0.0014558691,-0.23126519,-0.012193551,0.00738037,0.06751739,-0.011502961,0.24669859,-0.1369879,21.502113,-11.029511,0.39477348,-0.16296853,-0.26487568,0.26228067,0.47948596,27.6113,169.91096,153.83412,-35.677246,27.6113,169.91096,153.83412,-35.677246,1.0,1.0,1.0,-1.0,33.524375915527344,0.4,0.4,-0.4
19.416666666666668,21.499712,-11.033026,1.1938392,0.97297305,-0.0017402937,-0.0020851728,-0.23090258,-0.011978702,0.0066155,-0.09622979,-0.44040087,-0.29130855,0.105890356,21.501926,-11.029435,0.39385056,-0.1585972,-0.25715747,0.26227978,0.4630923,-66.29815,-3.5868034,-71.74608,72.31488,-66.29815,-3.5868034,-71.74608,72.31488,-1.0,-1.0,-1.0,1.0,0.0,-0.4,-0.4,0.4
19.433333333333334,21.499573,-11.03281,1.1940776,0.97282577,-0.0024166675,-0.0008310793,-0.23152415,-0.013831761,0.008110287,0.051241122,-0.005235128,0.26773316,-0.13681076,21.501734,-11.029377,0.39408797,-0.15477228,-0.24588756,0.22949515,0.67619467,50.6484,203.61026,152.58191,-45.62635,50.6484,203.61026,152.58191,-45.62635,1.0,1.0,1.0,-1.0,33.524375915527344,0.4,0.4,-0.4
19.45,21.499441,-11.0325775,1.1928844,0.9729152,-0.00010238398,-0.0025510744,-0.2311481,-0.0136986775,0.008806863,-0.112459004,0.4257301,-0.27126598,0.10660422,21.501535,-11.029322,0.39289412,-0.14999112,-0.2331833,0.28686938,0.762256,-35.590504,43.32912,-75.21035,61.50104,-35.590504,43.32912,-75.21035,61.50104,-1.0,1.0,-1.0,1.0,0.0,0.4,-0.4,0.4
19.466666666666665,21.49928,-11.032344,1.192851,0.97277087,0.0010533262,-0.0015462353,-0.23176107,-0.015528757,0.007887308,0.034841996,0.00054292195,0.28937277,-0.13689,21.501326,-11.0292845,0.39285946,-0.14643942,-0.219113,0.21310239,0.8442172,72.62471,-30.129896,156.93495,-49.464848,72.62471,-30.129896,156.93495,-49.464848,1.0,-1.0,1.0,-1.0,33.524375915527344,-0.4,0.4,-0.4
19.483333333333334,21.499123,-11.032106,1.1913851,0.9728505,0.0034551935,-0.0031035738,-0.23138759,-0.015352346,0.0073277946,-0.12885436,0.43152955,-0.24962771,0.10652874,21.501118,-11.029248,0.39139292,-0.14288771,-0.20470122,0.21310239,0.86470747,-13.930997,1.4067674,-66.96665,67.98393,-13.930997,1.4067674,-66.96665,67.98393,-1.0,1.0,-1.0,1.0,0.0,0.4,-0.4,0.4
19.5,21.498924,-11.031896,1.191079,0.9727036,0.004699909,-0.0019325073,-0.23199521,-0.017012287,0.0050904946,0.018446628,0.006302911,0.31098348,-0.13695705,21.500898,-11.02923,0.39108586,-0.14138506,-0.19090414,0.09015887,0.8278244,91.57128,-40.420685,158.9844,-50.081768,91.57128,-40.420685,158.9844,-50.081768,1.0,-1.0,1.0,-1.0,33.524375915527344,-0.4,0.4,-0.4
19.516666666666666,21.498692,-11.031737,1.1932219,0.97279865,0.0020289167,-0.0019529886,-0.23163499,-0.016203897,0.0020108288,0.165334,-0.41712978,-0.2057586,0.10591848,21.500666,-11.029226,0.39322844,-0.14138506,-0.17983918,0.0,0.66389763,14.478279,-30.35256,-62.211525,65.35611,14.478279,-30.35256,-62.211525,65.35611,1.0,-1.0,-1.0,1.0,33.524375915527344,-0.4,-0.4,0.4
19.53333333333333,21.498446,-11.031584,1.1939373,0.9726544,0.001642263,-0.00016891267,-0.23225121,-0.017508285,0.0019892342,0.002103124,0.01252483,0.33189675,-0.13683388,21.500427,-11.029232,0.39394343,-0.14193147,-0.16843271,-0.032784637,0.6843879,-130.22902,169.2941,139.85815,-19.448042,-130.22902,169.2941,139.85815,-19.448042,-1.0,1.0,1.0,-1.0,0.0,0.4,0.4,-0.4
19.55,21.498205,-11.0314455,1.1958084,0.97274315,-0.00093658257,-3.0423014e-05,-0.23188323,-0.01638616,0.00019739667,0.14896679,-0.41088665,-0.18486746,0.106036924,21.500183,-11.029243,0.39581397,-0.14165828,-0.15770927,0.016391871,0.64340645,9.91492,-15.943457,-88.40569,51.63386,9.91492,-15.943457,-88.40569,51.63386,1.0,-1.0,-1.0,1.0,33.524375915527344,-0.4,-0.4,0.4
19.566666666666666,21.497955,-11.0313015,1.1962509,0.9725932,-0.0012327879,0.0019088492,-0.23250195,-0.017243857,0.0012894922,-0.014272458,0.018767519,0.35277003,-0.1367274,21.499928,-11.029261,0.3962559,-0.14124846,-0.1461662,0.024588702,0.69258386,-134.8191,195.04651,110.07417,-32.54949,-134.8191,195.04651,110.07417,-32.54949,-1.0,1.0,1.0,-1.0,0.0,0.4,0.4,-0.4
19.583333333333332,21.49774,-11.031146,1.197851,0.9726817,0.0015048895,0.0009499499,-0.23213568,-0.015669117,0.0029606046,0.13269983,0.45530868,-0.16492763,0.10671267,21.49967,-11.029288,0.39785564,-0.13824317,-0.1330522,0.18031774,0.78684026,7.545702,8.041944,-122.56326,32.917007,7.545702,8.041944,-122.56326,32.917007,1.0,1.0,-1.0,1.0,33.524375915527344,0.4,-0.4,0.4
19.6,21.49752,-11.030993,1.1980221,0.97252893,0.003039434,0.002637189,-0.23274681,-0.015961986,0.0018911683,-0.030675864,0.024549374,0.37425837,-0.13673162,21.499409,-11.029319,0.39802605,-0.13523787,-0.11993822,0.18031774,0.78683895,-117.99539,-37.012524,81.635284,-43.73334,-117.99539,-37.012524,81.635284,-43.73334,-1.0,-1.0,1.0,-1.0,0.0,-0.4,0.4,-0.4
19.616666666666667,21.497303,-11.030854,1.1954648,0.97262245,0.0005772227,0.0029742816,-0.23237091,-0.014158009,0.0013026168,-0.19447568,-0.40431952,-0.16386326,0.10613751,21.499147,-11.029347,0.3954686,-0.13209598,-0.107917055,0.18851368,0.72126967,-9.633479,-21.690014,-148.97333,27.93294,-9.633479,-21.690014,-148.97333,27.93294,-1.0,-1.0,-1.0,1.0,0.0,-0.4,-0.4,0.4
19.633333333333333,21.497105,-11.030716,1.1940687,0.9724666,0.00043762685,0.005193688,-0.23298387,-0.013575037,0.0024876958,-0.047044475,0.030829374,0.3950501,-0.13663644,21.498877,-11.0293865,0.3940719,-0.12690502,-0.095212884,0.3114572,0.76225024,122.73051,166.98059,26.346132,-87.07499,122.73051,166.98059,26.346132,-87.07499,1.0,1.0,1.0,-1.0,33.524375915527344,0.4,0.4,-0.4
19.65,21.496965,-11.030593,1.1951222,0.97184336,-0.0009295792,0.005583463,-0.2355594,-0.010717505,0.0022849755,0.099837996,-0.23517758,-0.12160925,-0.37974045,21.498592,-11.029431,0.3951249,-0.11652311,-0.08319173,0.62291485,0.7212692,64.34586,-0.6333073,-190.4692,-7.431374,64.34586,-0.6333073,-190.4692,-7.431374,1.0,-0.6333073,-1.0,-1.0,33.524375915527344,-0.25332293,-0.4,-0.4
19.666666666666668,21.496859,-11.030477,1.1947416,0.97147113,-0.0012654294,0.0011608765,-0.23715127,-0.008754225,0.0034609525,-0.06376199,0.19439022,-0.6593764,-0.1362069,21.498308,-11.029479,0.3947435,-0.10381894,-0.071443796,0.76225024,0.704876,-72.25494,149.33084,-86.16554,237.30353,-72.25494,149.33084,-86.16554,237.30353,-1.0,1.0,-1.0,1.0,0.0,0.4,-0.4,0.4
19.683333333333334,21.496744,-11.0303545,1.1955208,0.97155964,-0.0027496638,-0.00052894274,-0.23677836,-0.009546612,0.0030898973,0.08363518,-0.23110992,-0.09936971,0.1063684,21.498013,-11.029533,0.39552224,-0.090841554,-0.058807943,0.778643,0.7581511,21.783567,-3.6077938,172.70876,161.99191,21.783567,-3.6077938,172.70876,161.99191,1.0,-1.0,1.0,1.0,33.524375915527344,-0.4,0.4,0.4
19.7,21.496622,-11.030214,1.1948742,0.9714098,-0.0014122244,0.0017492288,-0.23739807,-0.010357293,0.004584894,-0.07959921,0.1985296,0.43830645,-0.13643037,21.497715,-11.029589,0.39487508,-0.078274,-0.044806045,0.7540534,0.8401139,-106.9978,150.5089,23.651108,-14.194114,-106.9978,150.5089,23.651108,-14.194114,-1.0,1.0,1.0,-1.0,0.0,0.4,0.4,-0.4
19.716666666666665,21.496525,-11.030076,1.1953834,0.97149783,-0.0022747468,0.002393491,-0.23702528,-0.008878005,0.0043406812,0.06724551,-0.22501098,-0.078729324,0.10651979,21.497416,-11.029647,0.39538395,-0.06379398,-0.030735852,0.868801,0.84421146,85.53068,-15.884852,-180.3738,24.006681,85.53068,-15.884852,-180.3738,24.006681,1.0,-1.0,-1.0,1.0,33.524375915527344,-0.4,-0.4,0.4
19.733333333333334,21.496449,-11.029937,1.194458,0.9713521,-0.002437701,-0.0017083519,-0.23762591,-0.00818644,0.005877479,-0.096379146,0.20524184,-0.6173036,-0.13620529,21.497114,-11.029706,0.39445835,-0.047674727,-0.016529057,0.9671551,0.85240763,-97.314514,148.10847,-69.87197,-37.516434,-97.314514,148.10847,-69.87197,-37.516434,-1.0,1.0,-1.0,-1.0,0.0,0.4,-0.4,-0.4
19.75,21.496355,-11.029764,1.1946943,0.97144115,0.0014677264,-0.00436173,-0.23723567,-0.010179209,0.007051346,0.051085174,0.63988334,-0.058069788,0.1068113,21.496809,-11.029767,0.39469463,-0.032511704,0.00020490568,0.90978134,1.0040377,57.17706,2.9850605,196.81996,169.03525,57.17706,2.9850605,196.81996,169.03525,1.0,1.0,1.0,1.0,33.524375915527344,0.4,0.4,0.4
19.766666666666666,21.496239,-11.029583,1.1935036,0.9712932,0.0047180867,-0.0021821025,-0.23782842,-0.011636674,0.0050626574,-0.11230931,0.20897168,0.48096654,-0.13652448,21.496502,-11.029828,0.3935038,-0.018851323,0.017553587,0.8196228,1.0409207,-48.46217,-46.796944,84.89127,-10.636439,-48.46217,-46.796944,84.89127,-10.636439,-1.0,-1.0,1.0,-1.0,0.0,-0.4,0.4,-0.4
19.78333333333333,21.4961,-11.029452,1.1934679,0.97138923,0.0040234714,-0.0012154441,-0.23745573,-0.010941695,0.0024127173,0.03452987,-0.21459895,-0.036085084,0.106453516,21.496197,-11.029887,0.39346802,-0.006966793,0.031145662,0.71307176,0.81552446,109.75661,-38.8073,-146.47588,40.62882,109.75661,-38.8073,-146.47588,40.62882,1.0,-1.0,-1.0,1.0,33.524375915527344,-0.4,-0.4,0.4
19.8,21.495949,-11.029323,1.1920041,0.9712342,0.0056215622,0.0015459678,-0.2380546,-0.011056596,0.0015916048,-0.12871301,0.21503009,0.50154954,-0.13636583,21.495888,-11.029944,0.39200425,0.0043713213,0.044532835,0.6802868,0.80323035,-59.241108,70.77689,7.514223,-6.43347,-59.241108,70.77689,7.514223,-6.43347,-1.0,1.0,1.0,-1.0,0.0,0.4,0.4,-0.4
19.816666666666666,21.49581,-11.029252,1.1916956,0.9711235,0.00501598,0.0026728224,-0.23850946,-0.008938682,-0.0009937934,0.018123321,-0.20856485,-0.015486157,-0.030748308,21.495586,-11.03,0.39169616,0.015982643,0.05354869,0.6966793,0.54095125,133.34023,-38.428444,-193.89868,0.43481013,133.34023,-38.428444,-193.89868,0.43481013,1.0,-1.0,-1.0,0.43481013,33.524375915527344,-0.4,-0.4,0.17392406
19.833333333333332,21.495682,-11.029199,1.1899523,0.9714228,0.0051134075,-0.00095386745,-0.23729858,-0.007889885,-0.0020584557,-0.14549425,0.22239639,-0.5538531,0.21256918,21.49528,-11.030052,0.38995284,0.028823398,0.061130207,0.7704453,0.454891,-2.051944,51.099274,-104.781784,37.879692,-2.051944,51.099274,-104.781784,37.879692,-1.0,1.0,-1.0,1.0,0.0,0.4,-0.4,0.4
19.85,21.495527,-11.029186,1.1893688,0.97148377,0.004076163,-0.0018456143,-0.23706378,-0.009020639,-0.0044965274,0.0018804718,-0.20178379,0.006703547,-0.030974181,21.494978,-11.030102,0.38936964,0.039341893,0.06556983,0.63110965,0.26637754,116.72608,-24.214537,157.48672,-53.000042,116.72608,-24.214537,157.48672,-53.000042,1.0,-1.0,1.0,-1.0,33.524375915527344,-0.4,0.4,-0.4
19.866666666666667,21.49534,-11.029209,1.1912364,0.97176695,0.0043366044,-0.0051834225,-0.23584557,-0.007927953,-0.005178128,0.1489292,0.23460494,-0.51036096,0.21237697,21.494673,-11.030143,0.39123735,0.047811333,0.06686757,0.5081664,0.07786407,48.261856,40.910233,-6.6601276,57.935356,48.261856,40.910233,-6.6601276,57.935356,1.0,1.0,-1.0,1.0,33.524375915527344,0.4,-0.4,0.4
19.883333333333333,21.49514,-11.029242,1.1916748,0.9718231,0.0034184414,-0.005869705,-0.23561339,-0.010101178,-0.0075041796,-0.014358166,-0.19512296,0.028874345,-0.03117124,21.494373,-11.030184,0.39167598,0.05491473,0.067482285,0.42620388,0.036883052,-103.714134,-35.19119,214.59283,-18.748745,-103.714134,-35.19119,214.59283,-18.748745,-1.0,-1.0,1.0,-1.0,0.0,-0.4,0.4,-0.4
19.9,21.494883,-11.029282,1.1932762,0.9721298,0.0053552715,-0.002502696,-0.23436862,-0.013361608,-0.008320938,0.13307017,0.24018012,0.5879749,0.21205322,21.494085,-11.03022,0.39327738,0.05710039,0.06720907,0.13113944,-0.016392766,38.336563,26.455303,108.25906,75.58589,38.336563,26.455303,108.25906,75.58589,1.0,1.0,1.0,1.0,33.524375915527344,0.4,0.4,0.4
19.916666666666668,21.494612,-11.029334,1.1934437,0.97219414,0.0050383457,-0.0008446564,-0.23412053,-0.012771147,-0.010742449,-0.030792007,-0.19118524,0.050309625,-0.031157114,21.493793,-11.030253,0.39344487,0.058603037,0.06584304,0.09015887,-0.08196204,-53.60928,-46.873566,-137.63795,-62.44594,-53.60928,-46.873566,-137.63795,-62.44594,-1.0,-1.0,-1.0,-1.0,0.0,-0.4,-0.4,-0.4
19.933333333333334,21.494322,-11.029422,1.1947725,0.97247773,0.0070500625,0.0026893192,-0.23287348,-0.014065239,-0.011729569,0.116626665,0.24407923,0.6093453,0.2120499,21.493504,-11.030284,0.3947735,0.058603037,0.061744925,0.0,-0.2458868,44.422607,3.152979,3.3930748,29.882406,44.422607,3.152979,3.3930748,29.882406,1.0,1.0,1.0,1.0,33.524375915527344,0.4,0.4,0.4
19.95,21.494034,-11.02953,1.1946677,0.97253394,0.0068051377,0.0045118225,-0.23261762,-0.011632259,-0.01427478,-0.047232557,-0.18732032,0.071687624,-0.031147774,21.493217,-11.030313,0.39466855,0.058466434,0.05607586,-0.008196159,-0.34014386,-56.889618,-48.514065,-201.88077,-77.6129,-56.889618,-48.514065,-201.88077,-77.6129,-1.0,-1.0,-1.0,-1.0,0.0,-0.4,-0.4,-0.4
19.966666666666665,21.493776,-11.029712,1.1957152,0.97214746,0.002087428,0.0029485007,-0.23434223,-0.00834003,-0.017169638,0.09954853,-0.6119635,-0.44419673,-0.27427787,21.492933,-11.030338,0.39571604,0.060378887,0.044874348,0.11474713,-0.6720907,50.862114,-17.88631,-124.52186,-27.353054,50.862114,-17.88631,-124.52186,-27.353054,1.0,-1.0,-1.0,-1.0,33.524375915527344,-0.4,-0.4,-0.4
19.983333333333334,21.493525,-11.029899,1.195335,0.9719715,-0.00034204987,0.0032001093,-0.23507628,-0.008148171,-0.01673679,-0.06370213,-0.18290529,0.095581345,-0.030617578,21.492655,-11.030358,0.39533567,0.06229134,0.032921515,0.11474713,-0.7171699,-73.57636,214.39064,78.47783,223.86134,-73.57636,214.39064,78.47783,223.86134,-1.0,1.0,1.0,1.0,0.0,0.4,0.4,0.4
20.0,21.493301,-11.030083,1.196112,0.97155833,0.00024408576,0.00055126776,-0.2367992,-0.005986348,-0.015432163,0.083344765,0.2525969,-0.421448,-0.27320525,21.49237,-11.030379,0.39611268,0.06666266,0.021241888,0.26227933,-0.7007776,73.37954,38.964943,-116.92812,-18.89524,73.37954,38.964943,-116.92812,-18.89524,1.0,1.0,-1.0,-1.0,33.524375915527344,0.4,-0.4,-0.4
20.016666666666666,21.493082,-11.030271,1.1954596,0.97137815,-0.00036736153,0.00054598175,-0.23753726,-0.006678894,-0.01618029,-0.07998289,-0.1787829,0.11654255,-0.030439097,21.492096,-11.030399,0.39546046,0.07062418,0.009220756,0.23769109,-0.72126794,-76.595375,-40.65244,115.458115,228.1493,-76.595375,-40.65244,115.458115,228.1493,-1.0,-1.0,1.0,1.0,0.0,-0.4,0.4,0.4
20.03333333333333,21.49287,-11.030457,1.1959642,0.9716769,0.0002982844,-0.0019425668,-0.23630498,-0.0056691025,-0.0153035205,0.067056045,0.25758493,-0.40052903,0.21295907,21.491823,-11.03042,0.39596507,0.074995495,-0.002595472,0.26227888,-0.70897365,86.656075,33.312073,-87.96095,7.9613647,86.656075,33.312073,-87.96095,7.9613647,1.0,1.0,-1.0,1.0,33.524375915527344,0.4,-0.4,0.4
20.05,21.492653,-11.030637,1.1950396,0.9717364,-0.00021907745,-0.0017830095,-0.23606159,-0.007096339,-0.016015679,-0.09627009,-0.17243142,0.13863558,-0.03059499,21.491552,-11.0304365,0.39504066,0.07882041,-0.014343398,0.2294947,-0.70487547,-81.61979,-34.394096,154.43678,-43.66645,-81.61979,-34.394096,154.43678,-43.66645,-1.0,-1.0,1.0,-1.0,0.0,-0.4,0.4,-0.4
20.066666666666666,21.492432,-11.030815,1.1952718,0.9720282,0.00054235803,-0.0041045314,-0.2348278,-0.0069436925,-0.015421701,0.050774634,0.26393643,-0.37846297,0.21279855,21.491293,-11.0304575,0.39527288,0.08155248,-0.025613211,0.16392453,-0.67618877,109.094406,24.522932,-41.244053,11.862548,109.094406,24.522932,-41.244053,11.862548,1.0,1.0,-1.0,1.0,33.524375915527344,0.4,-0.4,0.4
20.083333333333332,21.49219,-11.030995,1.1940749,0.9720878,0.0001181863,-0.0037788919,-0.23458657,-0.008997314,-0.016369756,-0.11254908,-0.1661526,0.1607332,-0.030757818,21.491028,-11.030482,0.39407596,0.08319173,-0.03674642,0.09835481,-0.6679925,-69.05829,-37.577328,188.19847,-44.354637,-69.05829,-37.577328,188.19847,-44.354637,-1.0,-1.0,1.0,-1.0,0.0,-0.4,0.4,-0.4
20.1,21.491915,-11.031157,1.1940407,0.972389,0.0025469637,0.00060537655,-0.23335083,-0.011013821,-0.016095133,0.03488657,0.26912808,0.71970963,0.21242514,21.490774,-11.030504,0.39404175,0.08168909,-0.0467185,-0.090158425,-0.5983248,136.41075,13.949513,29.751955,10.681301,136.41075,13.949513,29.751955,10.681301,1.0,1.0,1.0,1.0,33.524375915527344,0.4,0.4,0.4
20.116666666666667,21.491634,-11.031326,1.1925734,0.97244394,0.002717114,0.0032759826,-0.23309757,-0.0090690795,-0.017313205,-0.12899506,-0.16263437,0.18207064,-0.030710379,21.49052,-11.030528,0.39257452,0.07977664,-0.057168692,-0.11474713,-0.6270115,-3.0280635,-44.72409,-199.17072,-78.57237,-3.0280635,-44.72409,-199.17072,-78.57237,-1.0,-1.0,-1.0,-1.0,0.0,-0.4,-0.4,-0.4
20.133333333333333,21.491388,-11.031534,1.1922592,0.9720361,-0.0015849065,0.0025536804,-0.23481204,-0.0068663047,-0.018205907,0.017738437,-0.58716434,-0.3338845,-0.27389508,21.490274,-11.030556,0.3922605,0.07977664,-0.07007776,0.0,-0.7745441,158.07306,-5.2740026,-123.21611,-58.772274,158.07306,-5.2740026,-123.21611,-58.772274,1.0,-1.0,-1.0,-1.0,33.524375915527344,-0.4,-0.4,-0.4
20.15,21.491173,-11.031725,1.1944,0.97184944,-0.003529566,0.0037679004,-0.2355462,-0.007351243,-0.017083883,0.16514102,-0.15216172,0.22707137,-0.030354116,21.49004,-11.030588,0.3944015,0.08114267,-0.081415884,0.08196204,-0.6802873,49.29959,234.12949,68.470604,194.1755,49.29959,234.12949,68.470604,194.1755,1.0,1.0,1.0,1.0,33.524375915527344,0.4,0.4,0.4
20.166666666666668,21.490969,-11.031903,1.1951092,0.97143966,-0.0025029732,0.0019955162,-0.23726486,-0.005478373,-0.014892034,0.0015218853,0.27804136,-0.31135935,-0.27294296,21.489796,-11.030624,0.39511117,0.08401136,-0.09159288,0.17212136,-0.6106196,-88.24028,78.78662,-138.59705,-14.944265,-88.24028,78.78662,-138.59705,-14.944265,-1.0,1.0,-1.0,-1.0,0.0,0.4,-0.4,-0.4
20.183333333333334,21.490782,-11.032067,1.1969782,0.97125673,-0.0026246905,0.0029484609,-0.23800167,-0.0062397323,-0.014838122,0.14885545,-0.14747968,0.247735,-0.030206157,21.489565,-11.030666,0.39698032,0.08715325,-0.10033553,0.18851323,-0.52455914,18.079151,-34.46097,71.60185,200.10713,18.079151,-34.46097,71.60185,200.10713,1.0,-1.0,1.0,1.0,33.524375915527344,-0.4,0.4,0.4
20.2,21.490602,-11.0322275,1.1974151,0.97156364,-0.0015085033,0.0013402714,-0.23676966,-0.0047504837,-0.013229586,-0.0147759495,0.28335398,-0.2906833,0.21316676,21.489328,-11.030713,0.3974175,0.091251366,-0.10846347,0.24588703,-0.48767653,-102.1174,69.637436,-137.87643,2.4236314,-102.1174,69.637436,-137.87643,2.4236314,-1.0,1.0,-1.0,1.0,0.0,0.4,-0.4,0.4
20.216666666666665,21.490414,-11.032388,1.1951284,0.9716214,-0.0016024378,0.0023390162,-0.23652442,-0.0049410006,-0.013102235,-0.17810217,-0.14695674,0.24839975,-0.030390752,21.489094,-11.030758,0.3951314,0.09452986,-0.116728015,0.19670962,-0.49587247,-25.587215,-27.216858,72.90701,-58.72291,-25.587215,-27.216858,72.90701,-58.72291,-1.0,-1.0,1.0,-1.0,0.0,-0.4,0.4,-0.4
20.233333333333334,21.49026,-11.032537,1.1939985,0.97120464,-0.0004259452,0.0008530586,-0.23824461,-0.0034913872,-0.011735916,-0.03108222,0.28875783,-0.268642,-0.2729871,21.488867,-11.030812,0.3940017,0.09972081,-0.123558216,0.3114572,-0.409812,174.36978,32.25008,-137.93503,-55.71279,174.36978,32.25008,-137.93503,-55.71279,1.0,1.0,-1.0,-1.0,33.524375915527344,0.4,-0.4,-0.4
20.25,21.49011,-11.032686,1.1953225,0.97102183,-0.0003734325,0.0021315096,-0.23898065,-0.004448817,-0.012457311,0.11625256,-0.13662553,0.29034156,-0.030250052,21.488651,-11.030878,0.39532593,0.104501955,-0.1295005,0.28686848,-0.35653663,58.591656,-39.790016,64.81026,193.83757,58.591656,-39.790016,64.81026,193.83757,1.0,-1.0,1.0,1.0,33.524375915527344,-0.4,0.4,0.4
20.266666666666666,21.489967,-11.032836,1.1952145,0.9713251,0.0009123545,0.0008428,-0.23775205,-0.0030915474,-0.011735154,-0.047391914,0.29417232,-0.24804078,0.21311644,21.488434,-11.030948,0.39521837,0.10982951,-0.13523787,0.31965312,-0.34424272,-77.19215,39.425377,-147.15236,7.9430237,-77.19215,39.425377,-147.15236,7.9430237,-1.0,1.0,-1.0,1.0,0.0,0.4,-0.4,0.4
20.28333333333333,21.489826,-11.032995,1.1962663,0.9713833,0.0010555267,0.0022860821,-0.23750395,-0.0038770554,-0.0126778195,0.09994523,-0.13079497,0.31235728,-0.030433584,21.48823,-11.031026,0.39627054,0.11433745,-0.14104356,0.2704766,-0.34834114,26.138155,-34.67807,47.546417,-58.57807,26.138155,-34.67807,47.546417,-58.57807,1.0,-1.0,1.0,-1.0,33.524375915527344,-0.4,0.4,-0.4
20.3,21.489695,-11.033154,1.1958864,0.9709599,0.0024231,0.0011677066,-0.23922718,-0.0022329183,-0.0122512365,-0.06369797,0.29951155,-0.22606218,-0.27302536,21.488028,-11.031107,0.39589068,0.11939179,-0.14657602,0.30326036,-0.33194748,-78.258156,16.449493,-155.09944,-3.0621262,-78.258156,16.449493,-155.09944,-3.0621262,-1.0,1.0,-1.0,-1.0,0.0,0.4,-0.4,-0.4
20.316666666666666,21.489548,-11.033336,1.1966659,0.9707755,0.0026494958,0.0027701338,-0.23995867,-0.002764442,-0.013904814,0.083643705,-0.12573431,0.33279973,-0.030286467,21.487825,-11.031197,0.39667064,0.12335331,-0.15320133,0.23769109,-0.39751855,63.382202,-49.411552,28.522587,180.05219,63.382202,-49.411552,28.522587,180.05219,1.0,-1.0,1.0,1.0,33.524375915527344,-0.4,0.4,0.4
20.333333333333332,21.48941,-11.033541,1.1960117,0.97108316,-0.0011109881,0.0030894116,-0.2387185,-0.0009778211,-0.014723887,-0.08027534,-0.55532724,-0.20545134,0.21246131,21.48763,-11.031288,0.39601684,0.12745143,-0.16132928,0.24588747,-0.48767743,-71.54915,-7.3379807,-169.13007,3.4045153,-71.54915,-7.3379807,-169.13007,3.4045153,-1.0,-1.0,-1.0,1.0,0.0,-0.4,-0.4,0.4
20.35,21.489317,-11.033739,1.1965117,0.9711443,-0.004133647,-0.0012635817,-0.23845346,0.0008289721,-0.013050524,0.0666553,-0.11873706,-0.72323996,-0.030029003,21.487452,-11.031394,0.3965173,0.13359863,-0.1679546,0.36883143,-0.39751855,53.0925,203.65045,-28.160639,-85.78938,53.0925,203.65045,-28.160639,-85.78938,1.0,1.0,-1.0,-1.0,33.524375915527344,0.4,-0.4,-0.4
20.366666666666667,21.489223,-11.033917,1.1955843,0.9714457,-0.0031207572,-0.0042491765,-0.2372033,-0.0013259137,-0.011584862,-0.09647063,0.31171557,-0.18499501,0.21322244,21.48727,-11.031504,0.39559048,0.13988242,-0.17287235,0.37702736,-0.2950653,-89.5711,81.304436,211.98648,135.19078,-89.5711,81.304436,211.98648,135.19078,-1.0,1.0,1.0,1.0,0.0,0.4,0.4,0.4
20.383333333333333,21.489088,-11.03406,1.1958188,0.9715124,-0.0027143136,-0.00232929,-0.23696156,-0.0040431046,-0.011550434,0.05087801,-0.11340921,0.37541315,-0.03030462,21.487103,-11.031625,0.39582524,0.14220469,-0.174375,0.13933627,-0.09015887,69.81267,-26.072182,135.4447,-55.199097,69.81267,-26.072182,135.4447,-55.199097,1.0,-1.0,1.0,-1.0,33.524375915527344,-0.4,0.4,-0.4
20.4,21.488947,-11.034191,1.1946208,0.9718145,-0.0010756619,-0.0029703297,-0.23572546,-0.0042447355,-0.0106762,-0.112767726,0.31734726,-0.16301027,0.21304709,21.486929,-11.03175,0.39462736,0.14452696,-0.17485312,0.13933627,-0.028687118,-20.00604,48.784504,-91.12145,14.388995,-20.00604,48.784504,-91.12145,14.388995,-1.0,1.0,-1.0,1.0,0.0,0.4,-0.4,0.4
20.416666666666668,21.488783,-11.034312,1.1945829,0.9718784,-0.0005834654,-0.0008829665,-0.23548058,-0.006268306,-0.011238484,0.034563817,-0.10785415,0.39740896,-0.03046863,21.486776,-11.031888,0.39458907,0.14370733,-0.17362368,-0.049177404,0.073766105,92.75106,-29.540108,124.01175,-65.58558,92.75106,-29.540108,124.01175,-65.58558,1.0,-1.0,1.0,-1.0,33.524375915527344,-0.4,0.4,-0.4
20.433333333333334,21.488613,-11.03442,1.1969961,0.97145927,0.0012101878,-0.001236554,-0.23719977,-0.0056205182,-0.009790267,0.1815735,0.32807523,-0.11972479,-0.27308285,21.48663,-11.03204,0.3970021,0.14206809,-0.17048177,-0.09835481,0.18851458,11.45272,23.404936,-106.63671,-7.150395,11.45272,23.404936,-106.63671,-7.150395,1.0,1.0,-1.0,-1.0,33.524375915527344,0.4,-0.4,-0.4
20.45,21.48843,-11.034532,1.1979804,0.9712794,0.0018138206,0.0010461201,-0.2379323,-0.006874792,-0.011076081,0.018235847,-0.10229535,0.4175951,-0.030313192,21.486485,-11.032198,0.39798608,0.13933599,-0.16713497,-0.16392587,0.20080803,-100.70572,-44.791992,95.61752,201.65993,-100.70572,-44.791992,95.61752,201.65993,-1.0,-1.0,1.0,1.0,0.0,-0.4,0.4,0.4
20.466666666666665,21.488245,-11.034654,1.1962363,0.9708567,-0.0015983791,0.0020074535,-0.23964663,-0.005441441,-0.011135482,-0.14566152,-0.53220034,-0.11993712,-0.27355322,21.486336,-11.032354,0.3962418,0.13674052,-0.16467609,-0.15572815,0.1475331,-17.049337,-4.2575903,-133.88945,-4.156669,-17.049337,-4.2575903,-133.88945,-4.156669,-1.0,-1.0,-1.0,-1.0,0.0,-0.4,-0.4,-0.4
20.483333333333334,21.488085,-11.034756,1.1956532,0.97066224,-0.0026588242,0.0048482707,-0.24038349,-0.0056326366,-0.009398311,0.001765952,-0.09623431,0.44071025,-0.030192662,21.486206,-11.03252,0.39565864,0.13455485,-0.16009985,-0.13114034,0.27457413,154.73587,224.75995,42.574795,159.53227,154.73587,224.75995,42.574795,159.53227,1.0,1.0,1.0,1.0,33.524375915527344,0.4,0.4,0.4
20.5,21.487986,-11.034835,1.1975212,0.97023654,-0.0006964819,0.0048097153,-0.24211022,-0.0032395618,-0.006848997,0.1487751,0.33971238,-0.07632032,-0.27279347,21.486084,-11.0327015,0.39752653,0.13619411,-0.15279151,0.0983557,0.43850002,36.89579,51.268875,-183.8001,-33.744987,36.89579,51.268875,-183.8001,-33.744987,1.0,1.0,-1.0,-1.0,33.524375915527344,0.4,-0.4,-0.4
20.516666666666666,21.487911,-11.034925,1.1979539,0.9700647,-0.0015346388,0.00089225644,-0.2428398,-0.0010469831,-0.0070522726,-0.015020514,-0.09089419,-0.61493295,-0.029886084,21.485962,-11.0328865,0.3979591,0.1396092,-0.1460296,0.20490555,0.40571448,-86.07412,-31.132544,-82.35585,189.20479,-86.07412,-31.132544,-82.35585,189.20479,-1.0,-1.0,-1.0,1.0,0.0,-0.4,-0.4,0.4
20.53333333333333,21.487833,-11.035011,1.1956642,0.9703742,-8.758171e-05,-0.001281984,-0.24160321,-0.0024177937,-0.006601684,-0.17816535,0.33964658,-0.07672671,0.21330896,21.485844,-11.033075,0.39566922,0.1424779,-0.13865298,0.17212181,0.44259754,-31.032116,62.98426,180.96585,127.084885,-31.032116,62.98426,180.96585,127.084885,-1.0,1.0,1.0,1.0,0.0,0.4,0.4,0.4
20.55,21.487732,-11.035091,1.1945364,0.9704359,0.0007695483,0.001453997,-0.24135335,-0.0033272847,-0.0074160583,-0.030825973,-0.08574224,0.48347127,-0.030157764,21.485735,-11.033272,0.3945412,0.14302431,-0.13032012,0.032784637,0.49997178,131.33284,-27.76234,54.923695,-59.30799,131.33284,-27.76234,54.923695,-59.30799,1.0,-1.0,1.0,-1.0,33.524375915527344,-0.4,0.4,-0.4
20.566666666666666,21.487648,-11.035181,1.1958597,0.97000253,0.0029086082,0.0017441948,-0.24307111,-0.0018069356,-0.0064575444,0.11617167,0.35022926,-0.033530034,-0.27275,21.485638,-11.033481,0.3958641,0.14398053,-0.12178237,0.05737334,0.5122648,73.83803,9.776758,-162.15004,-13.277187,73.83803,9.776758,-162.15004,-13.277187,1.0,1.0,-1.0,-1.0,33.524375915527344,0.4,-0.4,-0.4
20.583333333333332,21.487583,-11.035288,1.1957476,0.96981776,0.002241002,-0.0018457519,-0.24381326,-0.00052654155,-0.008062673,-0.047632594,-0.080284394,-0.57221246,-0.029823773,21.485548,-11.033691,0.39575198,0.1457564,-0.11433745,0.10655164,0.44669506,-64.74549,-45.27058,-35.955513,200.21199,-64.74549,-45.27058,-35.955513,200.21199,-1.0,-1.0,-1.0,1.0,0.0,-0.4,-0.4,0.4
20.6,21.487486,-11.035399,1.1967967,0.9701177,0.0039207214,-0.0035812932,-0.24257669,-0.0020978374,-0.008172626,0.099893875,0.3557023,-0.012602033,0.21336378,21.485464,-11.033908,0.3968007,0.14480017,-0.10682422,-0.05737334,0.45079392,22.138494,15.239716,209.02223,134.73332,22.138494,15.239716,209.02223,134.73332,1.0,1.0,1.0,1.0,33.524375915527344,0.4,0.4,0.4
20.616666666666667,21.487364,-11.035514,1.1964184,0.9701856,0.00497278,-0.00048255993,-0.24231175,-0.0033422313,-0.010308967,-0.06341836,-0.07528897,0.5261275,-0.030068986,21.485384,-11.034129,0.39642215,0.14179488,-0.099174395,-0.18031774,0.4589894,-71.902016,-48.110752,96.021355,-31.423891,-71.902016,-48.110752,96.021355,-31.423891,-1.0,-1.0,1.0,-1.0,0.0,-0.4,0.4,-0.4
20.633333333333333,21.487232,-11.03568,1.1971953,0.9705031,0.0020711,0.0014250779,-0.2410752,-0.0021875522,-0.012997906,0.08334824,-0.4997964,0.00918394,0.21267566,21.485315,-11.034359,0.3971987,0.13728693,-0.09459816,-0.2704766,0.27457413,76.78931,-31.009703,-142.16821,1.1459686,76.78931,-31.009703,-142.16821,1.1459686,1.0,-1.0,-1.0,1.0,33.524375915527344,-0.4,-0.4,0.4
20.65,21.48712,-11.035858,1.1965375,0.9705665,-0.00015177045,-0.0014160032,-0.24082866,-0.0012176839,-0.012507535,-0.08036575,-0.0692642,-0.5297915,-0.030011449,21.485252,-11.034589,0.3965406,0.13373522,-0.09090986,-0.21310239,0.22129788,-87.02415,168.30978,-16.545824,-56.70676,-87.02415,168.30978,-16.545824,-56.70676,-1.0,1.0,-1.0,-1.0,0.0,0.4,-0.4,-0.4
20.666666666666668,21.486982,-11.036018,1.1970416,0.9708684,0.0017080748,-0.0028230932,-0.23959044,-0.0029253268,-0.011894111,0.06717565,0.36666617,0.029764378,0.2131706,21.485191,-11.034825,0.3970448,0.12827106,-0.0854457,-0.32784995,0.3278495,57.33137,22.482214,216.37054,102.54044,57.33137,22.482214,216.37054,102.54044,1.0,1.0,1.0,1.0,33.524375915527344,0.4,0.4,0.4
20.683333333333334,21.486824,-11.036175,1.1961186,0.97093296,0.0029230532,0.0006007382,-0.23933266,-0.0038268857,-0.013300842,-0.09614449,-0.06446283,0.5685503,-0.030235562,21.485134,-11.035065,0.39612126,0.121031046,-0.07950343,-0.4344007,0.35653618,-49.891808,-44.894085,90.16003,-42.333145,-49.891808,-44.894085,90.16003,-42.333145,-1.0,-1.0,1.0,-1.0,0.0,-0.4,0.4,-0.4
20.7,21.486677,-11.036366,1.1963508,0.9705102,0.00018510077,0.0028357534,-0.24104312,-0.0022377423,-0.014776252,0.050603002,-0.48882532,0.052244905,-0.27348757,21.485088,-11.03531,0.39635298,0.11379103,-0.07567852,-0.4344007,0.2294947,112.903114,-25.072382,-148.15948,-30.55443,112.903114,-25.072382,-148.15948,-30.55443,1.0,-1.0,-1.0,-1.0,33.524375915527344,-0.4,-0.4,-0.4
20.716666666666665,21.48655,-11.036566,1.1951483,0.9703314,-0.0018613139,0.0003375236,-0.24177149,-0.0011335921,-0.013727373,-0.113112964,-0.05808985,-0.48439252,-0.029932342,21.48505,-11.035555,0.3951504,0.10737064,-0.072400026,-0.38522375,0.19670962,-11.645624,194.33923,-34.11342,189.00117,-11.645624,194.33923,-34.11342,189.00117,-1.0,1.0,-1.0,1.0,0.0,0.4,-0.4,0.4
20.733333333333334,21.48642,-11.036739,1.1951075,0.9706399,0.00018109944,-0.00072461314,-0.24053626,-0.002402361,-0.012527304,0.03443087,0.37786973,0.0751332,0.21324544,21.485012,-11.035806,0.39510944,0.10081365,-0.06686757,-0.39341924,0.33194748,110.914825,33.34918,192.67534,79.434326,110.914825,33.34918,192.67534,79.434326,1.0,1.0,1.0,1.0,33.524375915527344,0.4,0.4,0.4
20.75,21.48628,-11.036904,1.1936399,0.9706966,0.0015805219,0.0030425338,-0.24028337,-0.002422568,-0.013333364,-0.1288824,-0.053368263,0.61386037,-0.03013135,21.484987,-11.036055,0.39364135,0.09261741,-0.060856998,-0.4917745,0.36063415,-13.286475,-40.00331,23.167826,-44.947006,-13.286475,-40.00331,23.167826,-44.947006,-1.0,-1.0,1.0,-1.0,0.0,-0.4,0.4,-0.4
20.766666666666666,21.486162,-11.037103,1.1933272,0.9702627,-0.0009797814,0.005622002,-0.24198666,4.6365196e-05,-0.013933235,0.017880123,-0.4777152,0.097492814,-0.27339494,21.484957,-11.036313,0.39332873,0.086333625,-0.056553975,-0.37702692,0.25818136,152.53107,-15.3255625,-181.88438,-55.680065,152.53107,-15.3255625,-181.88438,-55.680065,1.0,-1.0,-1.0,-1.0,33.524375915527344,-0.4,-0.4,-0.4
20.78333333333333,21.486116,-11.037306,1.195463,0.97008854,-0.0027828412,0.0035896224,-0.24270892,0.0032630959,-0.012587123,0.16482168,-0.04136361,-0.4177769,-0.029886262,21.484938,-11.036572,0.39546436,0.08442117,-0.05252416,-0.11474713,0.24178883,52.027042,203.88538,-98.79896,154.31612,52.027042,203.88538,-98.79896,154.31612,1.0,1.0,-1.0,1.0,33.524375915527344,0.4,-0.4,0.4
20.8,21.486078,-11.037497,1.1961712,0.9704008,-0.0005326815,0.0029090336,-0.24148199,0.0032647864,-0.010845713,0.001701381,0.38916096,0.120295,0.21330638,21.484913,-11.036836,0.3961723,0.08346494,-0.04733322,-0.05737379,0.31145653,-105.93902,55.052814,96.72072,109.31005,-105.93902,55.052814,96.72072,109.31005,-1.0,1.0,1.0,1.0,0.0,0.4,0.4,0.4
20.816666666666666,21.486053,-11.037692,1.194706,0.9704668,-0.00055650226,0.0005106361,-0.2412333,0.0044520074,-0.011182523,-0.11779125,-0.04085108,-0.41357306,-0.02999987,21.4849,-11.037095,0.394707,0.08264532,-0.04275699,-0.049177404,0.27457368,-0.71459955,-33.491817,-113.189995,-55.892513,-0.71459955,-33.491817,-113.189995,-55.892513,-0.71459955,-1.0,-1.0,-1.0,4.783936023712158,-0.4,-0.4,-0.4
20.833333333333332,21.486023,-11.037879,1.1945865,0.9707712,0.0017682029,-1.4494096e-05,-0.24000026,0.0034240345,-0.010471601,0.029743262,0.39509362,0.1459024,0.21319419,21.484882,-11.03736,0.39458767,0.08168909,-0.03715623,-0.05737379,0.33604544,120.920105,18.046331,148.63971,70.85907,120.920105,18.046331,148.63971,70.85907,1.0,1.0,1.0,1.0,33.524375915527344,0.4,0.4,0.4
20.85,21.485996,-11.0380745,1.1930338,0.9708289,0.0018368232,-0.0022346629,-0.23975576,0.0038660497,-0.01177171,-0.13407701,-0.03574294,-0.39101544,-0.030097159,21.484869,-11.037627,0.39303467,0.08073287,-0.032033592,-0.05737334,0.30735832,-10.724128,-44.202515,-74.76496,-49.525696,-10.724128,-44.202515,-74.76496,-49.525696,-1.0,-1.0,-1.0,-1.0,0.0,-0.4,-0.4,-0.4
20.866666666666667,21.485939,-11.038282,1.1926404,0.9711329,-0.00097518286,-0.0012977105,-0.23853327,0.0021224346,-0.013134244,0.01320606,-0.46039277,0.16832863,0.21261367,21.484865,-11.037893,0.39264113,0.07690795,-0.027867174,-0.22949515,0.2499851,144.67578,-4.827756,183.52898,69.506035,144.67578,-4.827756,183.52898,69.506035,1.0,-1.0,1.0,1.0,33.524375915527344,-0.4,0.4,0.4
20.883333333333333,21.485876,-11.038475,1.1946979,0.971188,-0.0024940076,-0.0028115804,-0.23828486,0.0028866578,-0.012134463,0.16014276,-0.024807103,-0.34918717,-0.030201431,21.484867,-11.038164,0.3946987,0.07226342,-0.022266418,-0.27867165,0.33604535,11.075164,172.75595,-15.481168,-68.86554,11.075164,172.75595,-15.481168,-68.86554,1.0,1.0,-1.0,-1.0,33.524375915527344,0.4,-0.4,-0.4
20.9,21.485804,-11.038649,1.1953281,0.971494,2.0764195e-05,-0.0029603115,-0.23704532,0.00088527915,-0.011005288,-0.0029734957,0.40560254,0.18881512,0.21298279,21.484867,-11.038435,0.39532864,0.06707247,-0.015299624,-0.31145674,0.4180076,-100.909325,35.332115,194.30727,112.45071,-100.909325,35.332115,194.30727,112.45071,-1.0,1.0,1.0,1.0,0.0,0.4,0.4,0.4
20.916666666666668,21.4857,-11.03882,1.1971202,0.9715571,0.0019177874,0.0018007988,-0.23679066,-0.0018457135,-0.0118876705,0.14439747,-0.020517401,0.7489727,-0.030310383,21.484877,-11.038711,0.3971206,0.05901285,-0.007854718,-0.48357743,0.44669434,8.025385,-43.56349,23.067453,-50.67808,8.025385,-43.56349,23.067453,-50.67808,1.0,-1.0,1.0,-1.0,33.524375915527344,-0.4,0.4,-0.4
20.933333333333334,21.485588,-11.039004,1.1974785,0.97112864,-0.0001811537,0.005278022,-0.23849781,-8.2687824e-05,-0.0128196115,-0.019490024,-0.4501284,0.21109992,-0.2735696,21.484879,-11.038983,0.397479,0.050816614,-0.0015026416,-0.49177405,0.38112456,-70.87109,-21.60847,-179.85036,-34.435925,-70.87109,-21.60847,-179.85036,-34.435925,-1.0,-1.0,-1.0,-1.0,0.0,-0.4,-0.4,-0.4
20.95,21.485538,-11.039196,1.1989911,0.97095364,-0.0015252971,0.004102136,-0.23922768,0.0028312039,-0.011676189,0.12746184,-0.013367686,-0.30436727,-0.030137405,21.48489,-11.039256,0.39899147,0.046445295,0.004303019,-0.26227912,0.34833962,36.762936,181.27823,-109.835526,133.61095,36.762936,181.27823,-109.835526,133.61095,1.0,1.0,-1.0,1.0,33.524375915527344,0.4,-0.4,0.4
20.966666666666665,21.485504,-11.039379,1.1990763,0.9712536,0.0011804214,0.0042891135,-0.23800547,0.0031581826,-0.0104898065,-0.035649322,0.41706747,0.23361203,0.21305768,21.484905,-11.039532,0.39907658,0.042893592,0.010928303,-0.21310216,0.39751703,-117.87355,25.412235,71.16171,80.09959,-117.87355,25.412235,71.16171,80.09959,-1.0,1.0,1.0,1.0,0.0,0.4,0.4,0.4
20.983333333333334,21.485504,-11.039586,1.2003168,0.9713176,0.001669609,0.0028571703,-0.23776281,0.0058259633,-0.011205826,0.111204,-0.008566778,-0.28191692,-0.030177606,21.484924,-11.039802,0.400317,0.041527554,0.015436227,-0.081962265,0.27047545,3.217148,-38.57431,-145.8167,-66.24187,3.217148,-38.57431,-145.8167,-66.24187,1.0,-1.0,-1.0,-1.0,33.524375915527344,-0.4,-0.4,-0.4
21.0,21.485497,-11.039807,1.200128,0.9716148,-0.0007665963,0.004494835,-0.2365245,0.0060528484,-0.012039261,-0.052152388,-0.438741,0.25593188,0.21249995,21.484938,-11.0400715,0.40012825,0.040024914,0.018919624,-0.090158425,0.2090038,-130.85184,-8.10131,65.874374,79.140305,-130.85184,-8.10131,65.874374,79.140305,-1.0,-1.0,1.0,1.0,0.0,-0.4,0.4,0.4
21.016666666666666,21.485498,-11.040028,1.1972125,0.97167826,-0.0019992774,0.003523061,-0.23627284,0.007771685,-0.01023673,-0.21587493,-0.008821745,-0.28299588,-0.030372823,21.484953,-11.040341,0.39721262,0.039068684,0.022471322,-0.05737379,0.21310183,-9.050937,158.5303,-147.8487,-98.67166,-9.050937,158.5303,-147.8487,-98.67166,-1.0,1.0,-1.0,-1.0,0.0,0.4,-0.4,-0.4
21.03333333333333,21.485535,-11.040229,1.1954583,0.97125596,0.000835338,0.003998153,-0.23800229,0.008136548,-0.009071759,-0.06831754,0.4264931,0.2760978,-0.27316925,21.484974,-11.040613,0.39545858,0.040161517,0.027525665,0.065569945,0.3032606,184.1002,16.308313,44.318493,-9.684156,184.1002,16.308313,44.318493,-9.684156,1.0,1.0,1.0,-1.0,33.524375915527344,0.4,0.4,-0.4
21.05,21.485607,-11.04045,1.196154,0.9710777,0.0014872231,0.0028744892,-0.23874156,0.01055989,-0.009953231,0.07852791,0.0024148244,-0.24165486,-0.030093051,21.484995,-11.040878,0.39615434,0.04384982,0.030667549,0.2212981,0.18851301,86.22318,-46.1109,-168.0656,89.004684,86.22318,-46.1109,-168.0656,89.004684,1.0,-1.0,-1.0,1.0,33.524375915527344,-0.4,-0.4,0.4
21.066666666666666,21.485703,-11.040697,1.1954137,0.97138125,-0.0023820093,-0.0017098434,-0.23750758,0.011479272,-0.0105719175,-0.08545819,-0.4272087,-0.7793796,0.21279418,21.485023,-11.041144,0.39541417,0.048630953,0.032033592,0.28686804,0.0819626,-81.752304,-9.775188,-7.584808,73.28322,-81.752304,-9.775188,-7.584808,73.28322,-1.0,-1.0,-1.0,1.0,0.0,-0.4,-0.4,0.4
21.083333333333332,21.485777,-11.040911,1.1958342,0.9714309,-0.0038954162,-0.004429879,-0.237249,0.009511942,-0.008925252,0.06195681,0.010189853,-0.22055164,-0.029726885,21.485052,-11.04141,0.39583468,0.051909447,0.035790194,0.19670962,0.22539607,21.288952,181.79898,233.20538,-23.091925,21.288952,181.79898,233.20538,-23.091925,1.0,1.0,1.0,-1.0,33.524375915527344,0.4,0.4,-0.4
21.1,21.485832,-11.041095,1.1948293,0.9717449,-0.00084487465,-0.0036030598,-0.23600462,0.0072025014,-0.008038356,-0.101141475,0.44059026,0.3173697,0.2135013,21.485077,-11.041675,0.39483014,0.054095104,0.041527554,0.13113944,0.34424162,-62.91961,24.233656,160.23883,105.08107,-62.91961,24.233656,160.23883,105.08107,-1.0,1.0,1.0,1.0,0.0,0.4,0.4,0.4
21.116666666666667,21.485868,-11.041276,1.1949799,0.971804,-1.5453858e-06,-0.0044002887,-0.23574881,0.006863722,-0.00884979,0.045714553,0.014717676,-0.19810352,-0.029684974,21.485111,-11.041936,0.39498082,0.05423171,0.047264915,0.008196383,0.34424162,80.8372,-41.402832,-70.858475,-63.333164,80.8372,-41.402832,-70.858475,-63.333164,1.0,-1.0,-1.0,-1.0,33.524375915527344,-0.4,-0.4,-0.4
21.133333333333333,21.485878,-11.04146,1.1937009,0.9721052,-0.0020976877,-0.0021327825,-0.23452617,0.0049579395,-0.009394846,-0.117616415,-0.41553438,0.33969483,0.21298306,21.48514,-11.042192,0.3937015,0.052865673,0.05245586,-0.081962265,0.31145674,-47.19524,-11.573505,165.35669,94.02559,-47.19524,-11.573505,165.35669,94.02559,-1.0,-1.0,1.0,1.0,0.0,-0.4,0.4,0.4
21.15,21.48589,-11.04162,1.1935786,0.9721625,-0.0029153787,-0.0023512752,-0.23427755,0.005026047,-0.007839042,0.029341228,0.019638324,-0.17780003,-0.029938594,21.485178,-11.042449,0.39357924,0.050953217,0.059354357,-0.11474735,0.41390976,103.80123,156.55606,-64.77813,-92.23742,103.80123,156.55606,-64.77813,-92.23742,1.0,1.0,-1.0,-1.0,33.524375915527344,0.4,-0.4,-0.4
21.166666666666668,21.485899,-11.041762,1.1920291,0.9724666,0.00029546508,-0.0011886557,-0.23303874,0.003652278,-0.007292614,-0.13377558,0.449956,0.36007246,0.21328357,21.485218,-11.042706,0.39203003,0.04876756,0.067550585,-0.13113944,0.4917736,-2.4501762,15.439909,143.21779,66.382904,-2.4501762,15.439909,143.21779,66.382904,-1.0,1.0,1.0,1.0,0.0,0.4,0.4,0.4
21.183333333333334,21.485903,-11.041909,1.191635,0.9725254,0.0013003763,-0.001655554,-0.23278704,0.0042558867,-0.0083737755,0.013081922,0.024020104,-0.15541357,-0.029871574,21.485262,-11.0429535,0.39163622,0.045898873,0.07479059,-0.17212114,0.43440026,126.058586,-39.760094,-99.403275,-81.75555,126.058586,-39.760094,-99.403275,-81.75555,1.0,-1.0,-1.0,-1.0,33.524375915527344,-0.4,-0.4,-0.4
21.2,21.48587,-11.042075,1.1936945,0.9728212,-0.0005769024,0.0010540737,-0.23155461,0.0023087598,-0.010309765,0.16040404,-0.4008446,0.40383074,0.21280085,21.485306,-11.043197,0.39369538,0.04043472,0.080323055,-0.32784906,0.33194792,34.36167,-17.835117,124.33957,48.963314,34.36167,-17.835117,124.33957,48.963314,1.0,-1.0,1.0,1.0,33.524375915527344,-0.4,0.4,0.4
21.216666666666665,21.485847,-11.04224,1.1943223,0.9728795,-0.0012159739,0.0012017274,-0.23130615,0.003484928,-0.009246968,-0.0032983467,0.028727995,-0.13514158,-0.030149098,21.485352,-11.043437,0.3943235,0.03551699,0.08571891,-0.29506397,0.3237511,-77.01275,153.08104,-112.15299,-94.12441,-77.01275,153.08104,-112.15299,-94.12441,-1.0,1.0,-1.0,-1.0,0.0,0.4,-0.4,-0.4
21.233333333333334,21.485823,-11.0424,1.1961095,0.9731599,-0.0030162889,0.0040664854,-0.23007427,0.0023718262,-0.009995001,0.14402603,-0.39614683,0.42410377,0.21251744,21.485394,-11.043675,0.39611083,0.030735852,0.09131967,-0.28686816,0.3360459,31.753794,-1.8689544,75.92311,19.90505,31.753794,-1.8689544,75.92311,19.90505,1.0,-1.0,1.0,1.0,33.524375915527344,-0.4,0.4,0.4
21.25,21.48582,-11.042552,1.1964647,0.97321516,-0.003578228,0.004369096,-0.22982684,0.0043308265,-0.007910371,-0.01966423,0.033386514,-0.11489463,-0.03044041,21.485443,-11.043908,0.39646602,0.02704755,0.09712534,-0.2212981,0.3483398,-86.41594,175.16579,-151.95876,-110.63903,-86.41594,175.16579,-151.95876,-110.63903,-1.0,1.0,-1.0,-1.0,0.0,0.4,-0.4,-0.4
21.266666666666666,21.485876,-11.042681,1.1979746,0.97282284,-0.0016293973,-0.00040107223,-0.23154454,0.0069921827,-0.0050931196,0.12730968,0.46855107,-0.6316404,-0.2731775,21.485497,-11.044137,0.39797616,0.027184155,0.10429705,0.008196271,0.43030274,25.850973,20.248198,-30.431618,-14.598108,25.850973,20.248198,-30.431618,-14.598108,1.0,1.0,-1.0,-1.0,33.524375915527344,0.4,-0.4,-0.4
21.28333333333333,21.485926,-11.042804,1.1980555,0.972645,-0.00090313674,-0.0025361653,-0.23228103,0.005727322,-0.0054827547,-0.03600842,0.036252264,-0.094600275,-0.030696817,21.485544,-11.04436,0.39805704,0.02732076,0.11146876,0.008196271,0.43030274,-97.8167,-36.156605,203.27686,222.46898,-97.8167,-36.156605,203.27686,222.46898,-1.0,-1.0,1.0,1.0,0.0,-0.4,0.4,0.4
21.3,21.48594,-11.042922,1.1992978,0.97293544,-0.0025662477,0.00064410205,-0.23106176,0.0034975181,-0.006492256,0.11134358,-0.38864478,0.46459156,0.21197096,21.485598,-11.0445795,0.39929962,0.024588682,0.11870877,-0.16392465,0.43440026,3.8834896,-7.59425,121.5402,48.276783,3.8834896,-7.59425,121.5402,48.276783,1.0,-1.0,1.0,1.0,33.524375915527344,-0.4,0.4,0.4
21.316666666666666,21.485968,-11.043033,1.1991079,0.9729906,-0.002991063,0.0012615309,-0.23082198,0.0044484087,-0.004774554,-0.052345827,0.04077241,-0.07434795,-0.03100317,21.485655,-11.044796,0.39911005,0.02240302,0.1262903,-0.13113967,0.45489234,-94.71293,168.34167,-122.127975,-97.589905,-94.71293,168.34167,-122.127975,-97.589905,-1.0,1.0,-1.0,-1.0,0.0,0.4,-0.4,-0.4
21.333333333333332,21.486002,-11.043112,1.2000796,0.9732781,0.00065397663,0.003355066,-0.22960405,0.00344904,-0.0028655175,0.09518779,0.47648144,0.48483628,0.21225409,21.485708,-11.045003,0.40008205,0.021036983,0.13544278,-0.081962265,0.54914826,21.722986,12.1765375,40.03542,10.047951,21.722986,12.1765375,40.03542,10.047951,1.0,1.0,1.0,1.0,33.524375915527344,0.4,0.4,0.4
21.35,21.486044,-11.043196,1.1996179,0.9733313,0.0020488955,0.0037310491,-0.22936453,0.0055434057,-0.0035752996,-0.06861203,0.044795886,-0.05209046,-0.03084502,21.485758,-11.045207,0.3996206,0.020490568,0.14404884,-0.03278486,0.5163636,-58.743828,-37.28003,-177.9957,-81.52594,-58.743828,-37.28003,-177.9957,-81.52594,-1.0,-1.0,-1.0,-1.0,0.0,-0.4,-0.4,-0.4
21.366666666666667,21.486122,-11.043314,1.2003087,0.9729314,-0.0010205084,0.0006973713,-0.23109052,0.008031676,-0.0046873935,0.07816677,-0.38059855,-0.5680505,-0.27399746,21.485813,-11.0454,0.40031174,0.022129813,0.1493764,0.0983547,0.31965402,24.84325,-18.653608,-71.106735,-19.399954,24.84325,-18.653608,-71.106735,-19.399954,1.0,-1.0,-1.0,-1.0,33.524375915527344,-0.4,-0.4,-0.4
21.383333333333333,21.486208,-11.04343,1.199572,0.97275496,-0.001814648,-0.0005163355,-0.23182803,0.0070598572,-0.0036428673,-0.08503501,0.048419613,-0.029096093,-0.030489232,21.485876,-11.045591,0.39957488,0.023769058,0.15477228,0.0983547,0.32375243,-103.48096,177.51965,160.12556,238.06036,-103.48096,177.51965,160.12556,238.06036,-1.0,1.0,1.0,1.0,0.0,0.4,0.4,0.4
21.4,21.486269,-11.043532,1.199997,0.9730368,-0.003251658,0.003171233,-0.230605,0.0057498775,-0.003958841,0.06234667,-0.37650895,0.5300137,0.21216443,21.48593,-11.0457735,0.40000013,0.024315475,0.16050966,0.032784972,0.34424272,46.12179,-2.871418,32.322575,17.20594,46.12179,-2.871418,32.322575,17.20594,1.0,-1.0,1.0,1.0,33.524375915527344,-0.4,0.4,0.4
21.416666666666668,21.486345,-11.043626,1.1989902,0.9730886,-0.0034534764,0.004295975,-0.23036505,0.007614798,-0.0018003352,-0.10132302,0.052735854,-0.008901145,-0.030831633,21.485987,-11.045954,0.3989939,0.025681512,0.16672516,0.081962265,0.37292984,-81.90317,166.37775,-179.58252,-108.49171,-81.90317,166.37775,-179.58252,-108.49171,-1.0,1.0,-1.0,-1.0,0.0,0.4,-0.4,-0.4
21.433333333333334,21.486483,-11.043695,1.1991379,0.9726934,-0.0011465558,0.00034749886,-0.23209052,0.009625701,0.0004630446,0.045604546,0.48802772,-0.52564293,-0.2735369,21.486052,-11.04612,0.39914185,0.030872455,0.17362368,0.31145653,0.4139113,76.19239,14.630129,-101.989815,-35.664146,76.19239,14.630129,-101.989815,-35.664146,1.0,1.0,-1.0,-1.0,33.524375915527344,0.4,-0.4,-0.4
21.45,21.486616,-11.043763,1.1978565,0.97251624,-5.688483e-05,-0.0009689727,-0.23283266,0.00852219,-0.00025311217,-0.11772282,0.056101806,0.01113181,-0.031002605,21.486113,-11.046282,0.3978609,0.036063403,0.18038559,0.31145686,0.40571448,-67.44538,-38.91789,149.85197,215.15349,-67.44538,-38.91789,149.85197,215.15349,-1.0,-1.0,1.0,1.0,0.0,-0.4,0.4,0.4
21.466666666666665,21.486736,-11.043841,1.1977302,0.97279847,-0.0029131563,-0.0035086216,-0.23160814,0.008838638,-0.0010826602,0.029065879,-0.36825615,-0.50528586,0.2118234,21.486172,-11.046433,0.39773467,0.04043472,0.18564487,0.26227912,0.3155565,96.17307,-12.904973,-10.142033,11.95631,96.17307,-12.904973,-10.142033,11.95631,1.0,-1.0,-1.0,1.0,33.524375915527344,-0.4,-0.4,0.4
21.483333333333334,21.486849,-11.043907,1.1961759,0.97285163,-0.003474018,-0.0042518545,-0.23136461,0.0064463844,0.00047336332,-0.13411756,0.06298489,0.03205421,-0.03090302,21.486233,-11.046579,0.39618087,0.044123027,0.19138226,0.22129832,0.34424362,-98.39232,174.71191,208.61574,-38.398464,-98.39232,174.71191,208.61574,-38.398464,-1.0,1.0,1.0,-1.0,0.0,0.4,0.4,-0.4
21.5,21.48693,-11.043927,1.195785,0.97315836,0.00055126945,-0.0013401281,-0.23013201,0.0041086087,0.0015522285,0.013407039,0.49870706,0.59121805,0.21239704,21.4863,-11.046715,0.39579004,0.045215856,0.19964683,0.06556972,0.49587426,132.34412,2.3364384,95.02609,16.820063,132.34412,2.3364384,95.02609,16.820063,1.0,1.0,1.0,1.0,33.524375915527344,0.4,0.4,0.4
21.516666666666666,21.486996,-11.043954,1.197844,0.9732153,0.0023905882,-2.254488e-05,-0.22988313,0.0044602696,0.000723706,0.16026315,0.07211506,0.0757194,-0.030590046,21.486366,-11.04683,0.39784935,0.045079254,0.20599894,-0.008196159,0.38112667,2.7585971,-42.899544,-157.68217,-71.75057,2.7585971,-42.899544,-157.68217,-71.75057,1.0,-1.0,-1.0,-1.0,33.524375915527344,-0.4,-0.4,-0.4
21.53333333333333,21.487068,-11.0440035,1.1984671,0.9735039,-0.00026669726,-0.0022033572,-0.22865927,0.0054427655,-0.0008339277,-0.0035822,-0.3576986,-0.4621503,0.21224302,21.486439,-11.046941,0.3984729,0.045079254,0.2103703,0.0,0.26228157,-117.85244,-26.598803,-28.417528,25.840782,-117.85244,-26.598803,-28.417528,25.840782,-1.0,-1.0,-1.0,1.0,0.0,-0.4,-0.4,0.4
21.55,21.487137,-11.044043,1.1963682,0.97356015,-0.00065800716,-0.0026190903,-0.2284144,0.0037296829,-2.2193268e-05,-0.16676405,0.0733883,0.075166665,-0.030514462,21.48651,-11.047051,0.39637423,0.044942647,0.21549298,-0.008196383,0.30736056,-79.00709,143.05928,198.65881,-62.12974,-79.00709,143.05928,198.65881,-62.12974,-1.0,1.0,1.0,-1.0,0.0,0.4,0.4,-0.4
21.566666666666666,21.487177,-11.044069,1.195431,0.97315246,-0.0017021293,0.0018603943,-0.23014727,0.0025638246,-0.0003445727,-0.01938232,-0.35144532,0.6346033,-0.2738503,21.486584,-11.047146,0.39543724,0.04248378,0.22034246,-0.14753199,0.2909687,158.58511,-17.287834,53.204597,-20.749176,158.58511,-17.287834,53.204597,-20.749176,1.0,-1.0,1.0,-1.0,33.524375915527344,-0.4,0.4,-0.4
21.583333333333332,21.48725,-11.044085,1.1969448,0.97297055,-0.0014112837,0.003909586,-0.23089167,0.003856426,0.0010658955,0.12760864,0.08681361,0.118523754,-0.030555433,21.48667,-11.047221,0.39695123,0.041527554,0.22464551,-0.057373565,0.25818315,67.87869,152.0003,-164.27002,69.70208,67.87869,152.0003,-164.27002,69.70208,1.0,1.0,-1.0,1.0,33.524375915527344,0.4,-0.4,0.4
21.6,21.487339,-11.044109,1.1970233,0.97256124,-0.0038814936,0.0020537882,-0.23260553,0.0057035233,0.0013943164,-0.036223665,-0.3439542,-0.41899204,-0.2737237,21.486748,-11.047294,0.3970298,0.042347178,0.22806063,0.049177404,0.20490734,-86.649185,-4.1838436,-118.61917,-6.707511,-86.649185,-4.1838436,-118.61917,-6.707511,-1.0,-1.0,-1.0,-1.0,0.0,-0.4,-0.4,-0.4
21.616666666666667,21.487446,-11.044095,1.1982622,0.9723839,-0.004024567,0.002095178,-0.2333429,0.0049902,0.0035781958,0.11126607,0.09118545,0.14118662,-0.030259456,21.486832,-11.047348,0.39826918,0.04398642,0.23297839,0.098354585,0.2950653,35.942898,190.22658,112.924995,206.76157,35.942898,190.22658,112.924995,206.76157,1.0,1.0,1.0,1.0,33.524375915527344,0.4,0.4,0.4
21.633333333333333,21.48757,-11.044068,1.1980698,0.9726893,-0.0011749754,-0.00082980416,-0.23210633,0.0059604095,0.0052181603,-0.052473716,0.5219396,-0.39649463,0.21306841,21.486916,-11.047401,0.3980772,0.046855103,0.23871581,0.17212091,0.3442454,-85.894295,13.4511595,-103.7221,14.3635,-85.894295,13.4511595,-103.7221,14.3635,-1.0,1.0,-1.0,1.0,0.0,0.4,-0.4,0.4
21.65,21.487686,-11.044039,1.1951538,0.9727486,0.00045598205,-0.0011496025,-0.23185879,0.004808075,0.0042341766,-0.21579605,0.09176859,0.14267738,-0.030624118,21.487,-11.047452,0.39516148,0.04917737,0.24445322,0.13933605,0.3442445,-9.486024,-32.499336,145.53401,-52.53652,-9.486024,-32.499336,145.53401,-52.53652,-1.0,-1.0,1.0,-1.0,0.0,-0.4,0.4,-0.4
21.666666666666668,21.487799,-11.0440235,1.1933933,0.97233045,-0.0018557917,-0.0026908494,-0.23358671,0.004867106,0.0037961404,-0.068957575,-0.33355418,-0.37344235,-0.27379626,21.487091,-11.047484,0.39340132,0.05068001,0.24786834,0.090158425,0.20490734,194.45515,-18.853798,-53.96409,-34.381203,194.45515,-18.853798,-53.96409,-34.381203,1.0,-1.0,-1.0,-1.0,33.524375915527344,-0.4,-0.4,-0.4
21.683333333333334,21.487879,-11.043978,1.1940879,0.97215366,-0.0018209751,-0.0022995234,-0.23432593,0.0026845916,0.0048893667,0.078531384,0.10177577,0.18670899,-0.030341696,21.487183,-11.047496,0.39409608,0.049860388,0.25196648,-0.049177404,0.24588792,92.81237,159.38437,169.38943,220.73048,92.81237,159.38437,169.38943,220.73048,1.0,1.0,1.0,1.0,33.524375915527344,0.4,0.4,0.4
21.7,21.487955,-11.043933,1.1933489,0.9724385,-0.004035488,-0.003622289,-0.233096,0.0023486004,0.004802719,-0.08527462,-0.328291,-0.35125583,0.2124916,21.487276,-11.047499,0.39335734,0.048630953,0.25538164,-0.073766105,0.20491003,-30.858639,-13.214795,-17.4941,46.800003,-30.858639,-13.214795,-17.4941,46.800003,-1.0,-1.0,-1.0,1.0,0.0,-0.4,-0.4,0.4
21.716666666666665,21.488008,-11.04384,1.1937706,0.9724994,-0.003911891,-0.0030708977,-0.23285206,-0.0002428004,0.006789353,0.06221796,0.10813629,0.20752913,-0.030331189,21.487375,-11.047487,0.3937792,0.04535246,0.26118734,-0.19670962,0.34834203,52.32258,163.27577,200.02298,-60.82202,52.32258,163.27577,200.02298,-60.82202,1.0,1.0,1.0,-1.0,33.524375915527344,0.4,0.4,-0.4
21.733333333333334,21.48804,-11.043728,1.192766,0.97279555,-0.0029563892,0.0019358934,-0.23163845,-0.0013527306,0.007447453,-0.10104964,-0.07335197,0.74497867,0.21253283,21.487474,-11.04747,0.3927749,0.04057133,0.26801762,-0.28686783,0.40981647,-11.001831,-0.4214283,25.073637,40.023148,-11.001831,-0.4214283,25.073637,40.023148,-1.0,-0.4214283,1.0,1.0,0.0,-0.16857132,0.4,0.4
21.75,21.488106,-11.043597,1.1929183,0.9728476,-0.00022435625,0.0043480024,-0.23140547,0.00033755263,0.009365542,0.04589212,0.3606397,0.22824739,-0.030238282,21.487576,-11.047435,0.3929277,0.037975855,0.2748479,-0.15572837,0.40981647,100.07728,32.453526,-198.64697,-105.32984,100.07728,32.453526,-198.64697,-105.32984,1.0,1.0,-1.0,-1.0,33.524375915527344,0.4,-0.4,-0.4
21.766666666666666,21.488226,-11.043481,1.1955181,0.972441,-0.00020214696,0.0029780394,-0.23312947,0.0031337957,0.009110419,0.19272737,-0.06469707,-0.28833872,-0.2733824,21.487679,-11.047373,0.39552778,0.03920529,0.27874112,0.073766105,0.23359357,13.3706255,-31.649784,-149.11642,-28.446545,13.3706255,-31.649784,-149.11642,-28.446545,1.0,-1.0,-1.0,-1.0,33.524375915527344,-0.4,-0.4,-0.4
21.78333333333333,21.48835,-11.043362,1.19669,0.9722592,0.0021076885,0.0034085454,-0.23387152,0.0031075855,0.010107189,0.029516699,0.36537272,0.24940161,-0.030098975,21.48778,-11.047303,0.39669988,0.040844534,0.28229287,0.098354585,0.21310507,-105.726585,57.051376,47.9792,222.2228,-105.726585,57.051376,47.9792,222.2228,-1.0,1.0,1.0,1.0,0.0,0.4,0.4,0.4
21.8,21.488485,-11.043249,1.1951342,0.9718464,0.0021431441,0.002082632,-0.23559625,0.0048635937,0.009043295,-0.1343167,-0.06547926,-0.2886165,-0.27323782,21.487888,-11.047235,0.39514425,0.04275699,0.28543478,0.11474735,0.18851458,-19.018112,-40.53253,-160.44107,-14.028401,-19.018112,-40.53253,-160.44107,-14.028401,-1.0,-1.0,-1.0,-1.0,0.0,-0.4,-0.4,-0.4
21.816666666666666,21.488619,-11.043152,1.1947392,0.97165835,0.0045126704,0.0026304189,-0.23633197,0.0048091784,0.008853479,0.013144543,0.37011343,0.27056646,-0.029947357,21.487991,-11.047145,0.3947494,0.044942647,0.28598124,0.13113944,0.03278732,142.55743,5.7540903,59.369717,185.28114,142.55743,5.7540903,59.369717,185.28114,1.0,1.0,1.0,1.0,33.524375915527344,0.4,0.4,0.4
21.833333333333332,21.488775,-11.043115,1.1967939,0.9712389,0.0046900893,0.0015927111,-0.23805536,0.007273571,0.006830344,0.15997839,-0.055346005,-0.24606806,-0.2730487,21.488104,-11.047031,0.3968039,0.04808454,0.28051698,0.18851346,-0.32785532,6.861481,-49.08267,-165.15762,-8.939754,6.861481,-49.08267,-165.15762,-8.939754,1.0,-1.0,-1.0,-1.0,33.524375915527344,-0.4,-0.4,-0.4
21.85,21.488928,-11.0431,1.1974192,0.9710652,0.0019400443,0.003621462,-0.23877902,0.0072578834,0.0047000227,-0.0032680116,-0.4858927,0.29193777,-0.030187063,21.488222,-11.046911,0.3974288,0.05054341,0.2729354,0.14753221,-0.45489547,-112.412056,-15.746493,17.99381,240.30173,-112.412056,-15.746493,17.99381,240.30173,-1.0,-1.0,1.0,1.0,0.0,-0.4,0.4,0.4
21.866666666666667,21.489082,-11.043083,1.1953179,0.9706462,0.00039274196,0.003050136,-0.24049176,0.00911696,0.0056475727,-0.16695505,-0.055460207,-0.24520697,-0.27291608,21.488333,-11.04679,0.39532697,0.053685293,0.2654904,0.18851301,-0.44669864,-8.369476,158.55551,-169.3684,-1.5166255,-8.369476,158.55551,-169.3684,-1.5166255,-1.0,1.0,-1.0,-1.0,0.0,0.4,-0.4,-0.4
21.883333333333333,21.489279,-11.043073,1.1943715,0.97046447,0.0013115708,-0.0026050922,-0.24122617,0.010115984,0.005997915,-0.02010287,0.3794154,-0.7611162,-0.029486919,21.488455,-11.046651,0.3943798,0.05901285,0.25626954,0.31965336,-0.55325204,166.36967,4.378754,-29.803219,173.54578,166.36967,4.378754,-29.803219,173.54578,1.0,1.0,-1.0,1.0,33.524375915527344,0.4,-0.4,0.4
21.9,21.489458,-11.043069,1.1919961,0.9707566,0.001046314,-0.005613867,-0.23999779,0.007421919,0.0043871896,-0.18345849,-0.05060449,-0.22334078,0.21294227,21.48857,-11.046507,0.39200413,0.06365738,0.24622907,0.2786719,-0.60242856,-9.31577,-37.949715,216.381,136.09566,-9.31577,-37.949715,216.381,136.09566,-1.0,-1.0,1.0,1.0,0.0,-0.4,0.4,0.4
21.916666666666668,21.489586,-11.043049,1.1907834,0.97082096,0.0036741567,-0.0045792437,-0.23973343,0.00492407,0.0038994793,-0.03596151,0.3855378,0.33611465,-0.029990505,21.488695,-11.046344,0.3907909,0.06379398,0.2359837,0.008195936,-0.614722,165.23357,1.7199935,149.47273,-45.06579,165.23357,1.7199935,149.47273,-45.06579,1.0,1.0,1.0,-1.0,33.524375915527344,0.4,0.4,-0.4
21.933333333333334,21.489658,-11.043062,1.1920203,0.97112,0.004105398,-0.0051333825,-0.2385011,0.004670767,0.0012780966,0.11088742,-0.039616287,-0.1803931,0.21294771,21.488829,-11.046159,0.3920267,0.05942266,0.2217768,-0.26227912,-0.852414,77.513176,-60.191547,-81.93964,18.83937,77.513176,-60.191547,-81.93964,18.83937,1.0,-1.0,-1.0,1.0,33.524375915527344,-0.4,-0.4,0.4
21.95,21.489704,-11.043091,1.1918274,0.9711959,0.0016140379,-0.00261302,-0.23826256,0.0027266718,-0.0006851696,-0.05239619,-0.4699547,0.35697606,-0.030526254,21.48896,-11.045969,0.39183292,0.053275485,0.20613556,-0.36883053,-0.9384745,-61.574802,-28.756416,147.85844,-22.440649,-61.574802,-28.756416,147.85844,-22.440649,-1.0,-1.0,1.0,-1.0,0.0,-0.4,0.4,-0.4
21.966666666666665,21.489727,-11.043124,1.1927913,0.9714973,0.0003968295,-0.0025757113,-0.2370362,0.0029498506,-0.00081751763,0.094574146,-0.033682324,-0.15936767,0.21274346,21.489088,-11.045764,0.39279616,0.04576227,0.18905999,-0.45079282,-1.024534,109.13629,125.72975,-72.94409,18.381153,109.13629,125.72975,-72.94409,18.381153,1.0,1.0,-1.0,1.0,33.524375915527344,0.4,-0.4,0.4
21.983333333333334,21.489746,-11.0431595,1.1923264,0.9715568,-0.0020085443,0.00010065376,-0.23679818,0.001612477,-0.0013099113,-0.06872935,-0.46409178,0.37802792,-0.030737825,21.489227,-11.045556,0.39233017,0.03715623,0.17164291,-0.5163623,-1.0450243,-48.799187,-10.814014,119.88302,-40.06806,-48.799187,-10.814014,119.88302,-40.06806,-1.0,-1.0,1.0,-1.0,0.0,-0.4,0.4,-0.4
22.0,21.489782,-11.043177,1.1930181,0.97113246,-0.0031367396,0.00029480024,-0.23851965,0.0025131071,0.00031775897,0.07824214,-0.028054915,-0.13775024,-0.27344927,21.489368,-11.045338,0.39302102,0.029643022,0.15477228,-0.45079258,-1.0122379,119.10886,159.15761,-106.00181,-19.249544,119.10886,159.15761,-106.00181,-19.249544,1.0,1.0,-1.0,-1.0,33.524375915527344,0.4,-0.4,-0.4
22.016666666666666,21.489815,-11.043174,1.1922824,0.9709533,-0.00022185907,0.0018536435,-0.23926146,0.0018518523,0.0014972198,-0.084929064,0.40273696,0.3998094,-0.03009135,21.489506,-11.045117,0.3922851,0.022129813,0.13919939,-0.45079246,-0.9343734,-6.759968,15.164963,63.540356,226.54018,-6.759968,15.164963,63.540356,226.54018,-1.0,1.0,1.0,1.0,0.0,0.4,0.4,0.4
22.03333333333333,21.489876,-11.043181,1.1927022,0.97052824,0.00047545886,0.0017869216,-0.24098031,0.003510643,0.00097195356,0.0619113,-0.022663172,-0.116945654,-0.27314898,21.489655,-11.044885,0.39270416,0.015846038,0.121987276,-0.37702647,-1.0327269,111.597305,-45.501465,-159.73643,-32.912544,111.597305,-45.501465,-159.73643,-32.912544,1.0,-1.0,-1.0,-1.0,33.524375915527344,-0.4,-0.4,-0.4
22.05,21.489943,-11.043208,1.191686,0.9703413,-0.0033692417,-0.001722038,-0.24170892,0.0040629096,0.0007541302,-0.101932354,-0.45383394,-0.65431345,-0.030080209,21.489798,-11.044646,0.3916875,0.010381888,0.10299931,-0.327849,-1.139278,-5.6976967,-19.481153,-4.013976,220.4182,-5.6976967,-19.481153,-4.013976,220.4182,-1.0,-1.0,-1.0,1.0,0.0,-0.4,-0.4,0.4
22.066666666666666,21.489992,-11.043197,1.1918309,0.9706387,-0.0048660575,-0.0033587257,-0.24046911,0.0019499828,0.0025472387,0.045553263,-0.016989363,-0.09474507,0.21339433,21.489935,-11.044404,0.39183185,0.0040981136,0.08647023,-0.3770264,-0.99174446,118.38918,182.6842,218.79068,108.72125,118.38918,182.6842,218.79068,108.72125,1.0,1.0,1.0,1.0,33.524375915527344,0.4,0.4,0.4
22.083333333333332,21.490034,-11.043154,1.19055,0.970716,-0.0017747142,-0.0014729378,-0.24021888,0.0002803543,0.0040237084,-0.11762922,0.41350073,0.4432363,-0.029503062,21.490078,-11.044162,0.39055055,-0.003141887,0.07219512,-0.43440002,-0.85650665,-9.210206,21.003841,118.59833,-35.585426,-9.210206,21.003841,118.59833,-35.585426,-1.0,1.0,1.0,-1.0,0.0,0.4,0.4,-0.4
22.1,21.490072,-11.043101,1.1904248,0.9702924,-0.00089805474,-0.001213635,-0.24193037,0.00069387903,0.003703035,0.02920647,-0.011885319,-0.07354096,-0.27255654,21.490221,-11.043909,0.39042544,-0.010655095,0.05785171,-0.45079243,-0.8606046,145.74399,-44.18977,-119.5443,-25.188738,145.74399,-44.18977,-119.5443,-25.188738,1.0,-1.0,-1.0,-1.0,33.524375915527344,-0.4,-0.4,-0.4
22.116666666666667,21.49009,-11.043044,1.192753,0.9701031,-0.0028693893,0.0022464048,-0.24266559,-0.0014553417,0.002442359,0.17657772,-0.43633926,0.48543882,-0.029780969,21.490362,-11.043654,0.39275342,-0.019534342,0.043713216,-0.5327548,-0.8483096,53.535133,-11.5487385,72.71147,225.68738,53.535133,-11.5487385,72.71147,225.68738,1.0,-1.0,1.0,1.0,33.524375915527344,-0.4,0.4,0.4
22.133333333333333,21.490118,-11.042982,1.1936496,0.9704058,-0.0036142252,0.0031437937,-0.2414322,-0.0001471988,0.004083103,0.012898322,-0.0056431666,-0.052235246,0.21342726,21.490503,-11.043398,0.39365,-0.027593967,0.029779626,-0.48357743,-0.83601534,-58.683308,176.97055,-144.89113,13.611211,-58.683308,176.97055,-144.89113,13.611211,-1.0,1.0,-1.0,1.0,0.0,0.4,-0.4,0.4
22.15,21.490192,-11.042892,1.195701,0.97047997,-0.0018981863,-0.0010500217,-0.24117163,0.0022403826,0.0069703185,0.15983926,0.43013662,-0.56774026,-0.029416703,21.490643,-11.0431385,0.39570135,-0.0322385,0.017621888,-0.2786719,-0.72946423,2.3068955,17.335737,-52.401447,-57.000526,2.3068955,17.335737,-52.401447,-57.000526,1.0,1.0,-1.0,-1.0,33.524375915527344,0.4,-0.4,-0.4
22.166666666666668,21.490263,-11.042799,1.1963236,0.97078425,-0.0013627501,-0.0025945944,-0.23993614,0.00087763893,0.0066833133,-0.003482401,3.7073623e-05,-0.030164056,0.21305628,21.49078,-11.042878,0.39632386,-0.03701963,0.005669057,-0.28686783,-0.71716976,-99.50965,-34.25261,193.71394,114.44064,-99.50965,-34.25261,193.71394,114.44064,-1.0,-1.0,1.0,1.0,0.0,-0.4,0.4,0.4
22.183333333333334,21.490316,-11.04271,1.1942242,0.9708412,-0.0032314379,0.0010665403,-0.23969929,0.00015937799,0.0072355918,-0.1667459,-0.43065658,0.5070474,-0.03046445,21.49092,-11.042622,0.39422452,-0.043166798,-0.006352076,-0.36883008,-0.72126794,-19.763788,-1.7988663,83.297295,-39.742043,-19.763788,-1.7988663,83.297295,-39.742043,-1.0,-1.0,1.0,-1.0,0.0,-0.4,0.4,-0.4
22.2,21.490398,-11.042591,1.1932814,0.9704103,-0.0038324567,0.0022390198,-0.24142113,0.001453845,0.009578122,-0.019752592,0.0055069947,-0.008702806,-0.27322307,21.491053,-11.042362,0.39328158,-0.046855103,-0.016392455,-0.22129832,-0.60242265,157.47298,160.12592,-144.90417,-45.79923,157.47298,160.12592,-144.90417,-45.79923,1.0,1.0,-1.0,-1.0,33.524375915527344,0.4,-0.4,-0.4
22.216666666666665,21.490526,-11.0424385,1.1947875,0.97023666,-0.0019441771,-0.001633182,-0.24214524,0.003161638,0.012087915,0.1271501,0.44116053,-0.52476823,-0.02977889,21.491184,-11.042109,0.3947878,-0.047128312,-0.023632456,-0.016392542,-0.43440005,76.984634,18.757189,-53.88233,194.13525,76.984634,18.757189,-53.88233,194.13525,1.0,1.0,-1.0,1.0,33.524375915527344,0.4,-0.4,0.4
22.233333333333334,21.490648,-11.042278,1.1948647,0.9705418,-0.0012351682,-0.0028539533,-0.24091269,0.0015585296,0.011701833,-0.036182888,0.011048373,0.012733146,0.21270296,21.491316,-11.041852,0.39486527,-0.047811333,-0.030530946,-0.040981244,-0.4139094,-82.27369,-32.174335,181.88779,120.609856,-82.27369,-32.174335,181.88779,120.609856,-1.0,-1.0,1.0,1.0,0.0,-0.4,0.4,0.4
22.25,21.49074,-11.042095,1.196105,0.9706066,0.002363251,-3.498332e-05,-0.24065971,-0.0007838776,0.013015594,0.11123829,0.44677547,0.5722238,-0.030157886,21.49144,-11.041599,0.39610565,-0.050133597,-0.03551699,-0.13933583,-0.2991625,21.757141,2.32883,51.147205,-41.123287,21.757141,2.32883,51.147205,-41.123287,1.0,1.0,1.0,-1.0,33.524375915527344,0.4,0.4,-0.4
22.266666666666666,21.490835,-11.041916,1.1959122,0.9701756,0.0036995737,0.0010846567,-0.24237223,0.0003873186,0.011578551,-0.052603874,0.0160246,0.033833724,-0.27316323,21.491566,-11.041346,0.39591277,-0.052319255,-0.040844534,-0.13113944,-0.31965268,-47.801502,-52.15543,-169.58116,-8.968471,-47.801502,-52.15543,-169.58116,-8.968471,-1.0,-1.0,-1.0,-1.0,0.0,-0.4,-0.4,-0.4
22.28333333333333,21.490932,-11.041784,1.1968721,0.96999705,0.0005353212,-0.0011562994,-0.24311328,0.0021173502,0.009413956,0.09428656,-0.40933937,-0.48233148,-0.030156631,21.491684,-11.041095,0.39687276,-0.0538219,-0.049382273,-0.09015865,-0.5122643,45.898735,-32.84987,-60.759033,193.51237,45.898735,-32.84987,-60.759033,193.51237,1.0,-1.0,-1.0,1.0,33.524375915527344,-0.4,-0.4,0.4
22.3,21.491026,-11.041652,1.1964042,0.97030413,-0.0003197779,-0.001618578,-0.24188213,0.00084198307,0.009824473,-0.06887875,0.022092214,0.055657636,0.21318547,21.491804,-11.040845,0.39640492,-0.055734355,-0.057783406,-0.11474735,-0.50406796,-106.6912,153.1892,160.81635,146.59999,-106.6912,153.1892,160.81635,146.59999,-1.0,1.0,1.0,1.0,0.0,0.4,0.4,0.4
22.316666666666666,21.491112,-11.041516,1.197092,0.9703541,-0.0033903993,-0.0037007679,-0.24163534,0.0012785712,0.009117508,0.078008555,-0.4035366,-0.4606487,-0.030100046,21.49192,-11.040596,0.3970931,-0.057920013,-0.06591134,-0.13113944,-0.48767585,39.59773,-7.3181467,-2.136729,-44.97887,39.59773,-7.3181467,-2.136729,-44.97887,1.0,-1.0,-1.0,-1.0,33.524375915527344,-0.4,-0.4,-0.4
22.333333333333332,21.49119,-11.041368,1.1963519,0.97065586,-0.0041577597,-0.0039960123,-0.24040335,-0.0011036756,0.010593061,-0.08514642,0.027859561,0.07731527,0.21323016,21.492037,-11.040351,0.39635298,-0.060652092,-0.07280984,-0.16392475,-0.41390997,-93.76109,186.77527,200.63905,143.08104,-93.76109,186.77527,200.63905,143.08104,-1.0,1.0,1.0,1.0,0.0,0.4,0.4,0.4
22.35,21.491241,-11.041165,1.1967746,0.9707343,-0.0002963083,-0.0006850154,-0.24015449,-0.0037166858,0.012547394,0.06225862,0.46346524,0.6368231,-0.029608876,21.492151,-11.040111,0.39677608,-0.06516002,-0.07554191,-0.27047572,-0.16392453,54.436413,12.453361,75.71691,-47.898144,54.436413,12.453361,75.71691,-47.898144,1.0,1.0,1.0,-1.0,33.524375915527344,0.4,0.4,-0.4
22.366666666666667,21.491291,-11.04096,1.1957643,0.9703086,0.001304951,0.0009194285,-0.24186498,-0.0027140854,0.011763272,-0.10160099,0.032769635,0.098376356,-0.27257907,21.49226,-11.03987,0.39576566,-0.069394745,-0.07806909,-0.2540834,-0.15163063,-23.59897,-47.30049,-163.17574,-13.806434,-23.59897,-47.30049,-163.17574,-13.806434,-1.0,-1.0,-1.0,-1.0,0.0,-0.4,-0.4,-0.4
22.383333333333333,21.49135,-11.040782,1.195907,0.97012603,-0.0015915046,-0.0008381051,-0.2425948,-0.0014994233,0.010651025,0.045304477,-0.39240122,-0.4178898,-0.029602617,21.492367,-11.039636,0.39590836,-0.07280984,-0.0820989,-0.20490555,-0.24178861,102.51174,-23.658432,-56.821922,173.06107,102.51174,-23.658432,-56.821922,173.06107,1.0,-1.0,-1.0,1.0,33.524375915527344,-0.4,-0.4,0.4
22.4,21.491404,-11.040601,1.1946216,0.970433,-0.002178675,-0.0008120443,-0.24135919,-0.0027758386,0.011807363,-0.11785878,0.039020155,0.12005742,0.21370609,21.492468,-11.039405,0.39462334,-0.07622493,-0.08565061,-0.20490555,-0.21310239,-66.25148,173.35654,160.41235,129.65248,-66.25148,173.35654,160.41235,129.65248,-1.0,1.0,1.0,1.0,0.0,0.4,0.4,0.4
22.416666666666668,21.491467,-11.040392,1.1944934,0.97049433,0.00024086755,-0.0037007034,-0.24109513,-0.0024339072,0.01315305,0.029051423,0.47431165,-0.3953041,-0.029097382,21.492567,-11.039177,0.3944954,-0.07882041,-0.08701664,-0.1557286,-0.08196204,96.492676,4.16444,-29.238693,-60.264698,96.492676,4.16444,-29.238693,-60.264698,1.0,1.0,-1.0,-1.0,33.524375915527344,0.4,-0.4,-0.4
22.433333333333334,21.491518,-11.040182,1.1929363,0.97079957,0.00147651,-0.0039444556,-0.23985475,-0.0044292742,0.0116580445,-0.1342827,0.044120125,0.14207959,0.21340719,21.492666,-11.038952,0.3929383,-0.08223551,-0.08810948,-0.204906,-0.06557017,-38.949314,-42.412228,198.25145,99.3222,-38.949314,-42.412228,198.25145,99.3222,-1.0,-1.0,1.0,1.0,0.0,-0.4,0.4,0.4
22.45,21.491526,-11.039978,1.1925405,0.97086984,0.00036969277,0.001143482,-0.23960423,-0.006060537,0.010447064,0.013079577,-0.38156763,0.7006558,-0.030129733,21.492764,-11.038733,0.3925427,-0.08865589,-0.08920231,-0.38522285,-0.06556972,118.47491,-16.25335,49.70006,-56.945507,118.47491,-16.25335,49.70006,-56.945507,1.0,-1.0,1.0,-1.0,33.524375915527344,-0.4,0.4,-0.4
22.466666666666665,21.491549,-11.039781,1.1945958,0.9704378,0.0005524721,0.003790168,-0.24132046,-0.0050530443,0.011312373,0.16003636,0.054806005,0.18479422,-0.27292833,21.492847,-11.038524,0.39459798,-0.09302722,-0.09002193,-0.26227978,-0.049177404,37.015354,131.59668,-170.9241,-27.153212,37.015354,131.59668,-170.9241,-27.153212,1.0,1.0,-1.0,-1.0,33.524375915527344,0.4,-0.4,-0.4
22.483333333333334,21.491589,-11.039596,1.1952158,0.9702595,-0.0020563276,0.0025617362,-0.2420448,-0.003008141,0.010649079,-0.0037170704,-0.37556148,-0.35309365,-0.029988647,21.492931,-11.038316,0.39521825,-0.096169114,-0.09166118,-0.18851368,-0.09835481,-80.17871,-9.929246,-115.27493,178.64742,-80.17871,-9.929246,-115.27493,178.64742,-1.0,-1.0,-1.0,1.0,0.0,-0.4,-0.4,0.4
22.5,21.491629,-11.039402,1.1931133,0.97056407,-0.0023726446,0.0030775007,-0.24081163,-0.0030732723,0.012232395,-0.16688395,0.055842232,0.1848102,0.21328938,21.493021,-11.038105,0.39311555,-0.09972081,-0.09289061,-0.21310194,-0.073766105,-9.838533,177.17337,98.58356,93.56704,-9.838533,177.17337,98.58356,93.56704,-1.0,1.0,1.0,1.0,0.0,0.4,0.4,0.4
22.516666666666666,21.491703,-11.039191,1.192168,0.9706329,0.00031417073,0.00068059977,-0.24056424,-0.001512466,0.013653644,-0.019983914,0.49097025,-0.33054835,-0.029490631,21.493097,-11.037902,0.3921705,-0.09985742,-0.0923442,-0.008196383,0.032784637,140.92676,6.5069976,-118.89599,-85.450165,140.92676,6.5069976,-118.89599,-85.450165,1.0,1.0,-1.0,-1.0,33.524375915527344,0.4,-0.4,-0.4
22.53333333333333,21.491777,-11.038985,1.1936768,0.9709355,0.0018850629,0.0010499123,-0.23933126,-0.002385712,0.01283877,0.12732919,0.066171765,0.22827062,0.21304381,21.493166,-11.037704,0.3936791,-0.0994476,-0.091729484,0.02458915,0.036883052,27.948786,-41.444447,104.49278,62.957535,27.948786,-41.444447,104.49278,62.957535,1.0,-1.0,1.0,1.0,33.524375915527344,-0.4,0.4,0.4
22.55,21.49185,-11.038797,1.1937519,0.97099876,-0.0005471875,0.00014610875,-0.23908386,-0.0011172651,0.011901396,-0.036433022,-0.3653749,-0.30953926,-0.030298086,21.49323,-11.037513,0.39375427,-0.09890119,-0.09200269,0.032784637,-0.016392319,-71.305115,-13.659231,-112.8733,-56.51856,-71.305115,-13.659231,-112.8733,-56.51856,-1.0,-1.0,-1.0,-1.0,0.0,-0.4,-0.4,-0.4
22.566666666666666,21.491922,-11.038598,1.1949879,0.9713002,-0.0006341221,0.0011129179,-0.23785341,-0.0022349202,0.012850842,0.11105464,0.07140608,0.24980852,0.21296756,21.493288,-11.037328,0.39499027,-0.09780835,-0.09097816,0.06557017,0.061471757,31.385946,159.03201,114.4307,82.31296,31.385946,159.03201,114.4307,82.31296,1.0,1.0,1.0,1.0,33.524375915527344,0.4,0.4,0.4
22.583333333333332,21.491997,-11.038401,1.1947907,0.97135776,-0.0029801754,0.00037035046,-0.23760268,-0.0011713798,0.012782899,-0.05270679,-0.3601735,-0.28799284,-0.0303811,21.493343,-11.037141,0.39479288,-0.09644232,-0.09022684,0.08196204,0.045079436,-72.22397,-1.3371902,-117.68251,-63.885178,-72.22397,-1.3371902,-117.68251,-63.885178,-1.0,-1.0,-1.0,-1.0,0.0,-0.4,-0.4,-0.4
22.6,21.492077,-11.038171,1.1957544,0.97165614,-0.0029832688,0.001504303,-0.23637511,-0.0023876496,0.014600724,0.09478346,0.076585345,0.27132776,0.2128859,21.49339,-11.036962,0.3957564,-0.09398344,-0.08660683,0.14753266,0.21720035,38.10766,182.41544,107.183395,67.244225,38.10766,182.41544,107.183395,67.244225,1.0,1.0,1.0,1.0,33.524375915527344,0.4,0.4,0.4
22.616666666666667,21.492174,-11.037921,1.1952864,0.9717222,-1.3687723e-05,-0.00034306908,-0.23612687,-0.0013967578,0.016003616,-0.06900274,0.50608236,-0.26560178,-0.029859908,21.493435,-11.03678,0.39528838,-0.09029514,-0.08168909,0.22129788,0.29506442,-72.02274,13.980649,-127.6386,-73.417435,-72.02274,13.980649,-127.6386,-73.417435,-1.0,1.0,-1.0,-1.0,0.0,0.4,-0.4,-0.4
22.633333333333333,21.492256,-11.03768,1.1959782,0.9720193,0.0018046015,0.0005301773,-0.2348932,-0.002570336,0.015069684,0.07829753,0.081197955,0.2932597,0.21271826,21.493473,-11.03661,0.39597982,-0.08715325,-0.07663474,0.18851368,0.3032608,42.597416,-40.699875,99.867516,39.58879,42.597416,-40.699875,99.867516,39.58879,1.0,-1.0,1.0,1.0,33.524375915527344,-0.4,0.4,0.4
22.65,21.492336,-11.037454,1.1952362,0.97208023,-0.00037587553,0.00011263964,-0.23464823,-0.0015252286,0.014304948,-0.085460104,-0.35044852,-0.24452865,-0.03064036,21.49351,-11.03644,0.3952378,-0.08401136,-0.07260493,0.18851323,0.24178861,-67.50043,-12.840032,-124.71863,-68.199646,-67.50043,-12.840032,-124.71863,-68.199646,-1.0,-1.0,-1.0,-1.0,0.0,-0.4,-0.4,-0.4
22.666666666666668,21.492418,-11.037217,1.1956551,0.97237474,-0.00021934514,0.0015756073,-0.2334196,-0.0025236923,0.015212888,0.062022544,0.08622603,0.3147324,0.21262495,21.493544,-11.036277,0.3956567,-0.08059626,-0.06734568,0.204906,0.31555516,61.948437,157.81963,96.430626,46.634125,61.948437,157.81963,96.430626,46.634125,1.0,1.0,1.0,1.0,33.524375915527344,0.4,0.4,0.4
22.683333333333334,21.49251,-11.036983,1.1946409,0.9724319,-0.0023158223,0.0013194442,-0.23317173,-0.0012946262,0.015227948,-0.10173429,-0.34545314,-0.22304972,-0.030736472,21.493578,-11.036112,0.3946423,-0.076498136,-0.062359642,0.24588747,0.29916218,-56.03225,-2.0038297,-143.69478,-78.59477,-56.03225,-2.0038297,-143.69478,-78.59477,-1.0,-1.0,-1.0,-1.0,0.0,-0.4,-0.4,-0.4
22.7,21.492607,-11.036724,1.1947874,0.97272176,-0.002077957,0.002949011,-0.2319467,-0.0019730772,0.016903851,0.04575169,0.09119412,0.33618188,0.21253288,21.493603,-11.035953,0.3947886,-0.0713072,-0.05525624,0.3114563,0.42620412,85.97398,177.28224,58.268505,21.47799,85.97398,177.28224,58.268505,21.47799,1.0,1.0,1.0,1.0,33.524375915527344,0.4,0.4,0.4
22.716666666666665,21.49273,-11.03645,1.1935024,0.97278327,0.0011431988,0.0016120442,-0.23170848,-0.0004278144,0.017771794,-0.11805367,0.520566,-0.20083402,-0.030184671,21.49363,-11.035792,0.3935034,-0.064477,-0.047128312,0.409812,0.48767564,-42.022568,10.680372,-169.66943,-91.9347,-42.022568,10.680372,-169.66943,-91.9347,-1.0,1.0,-1.0,-1.0,0.0,0.4,-0.4,-0.4
22.733333333333334,21.492847,-11.036194,1.1933773,0.9723635,0.003195005,0.002993932,-0.23343103,-0.00068723207,0.016641242,0.02924388,0.095169134,0.35758448,-0.2735476,21.49365,-11.035638,0.39337784,-0.0575102,-0.039820008,0.41800773,0.43849823,103.81117,-41.022797,2.9261644,-11.711868,103.81117,-41.022797,2.9261644,-11.711868,1.0,-1.0,1.0,-1.0,33.524375915527344,-0.4,0.4,-0.4
22.75,21.492989,-11.035989,1.1957014,0.97219056,0.0013285321,0.0031877884,-0.23416537,0.0016107957,0.014519438,0.17614745,-0.32908088,-0.15902017,-0.030667042,21.493662,-11.035487,0.39570194,-0.04822114,-0.0359268,0.55734354,0.23359245,5.911283,-27.517574,-178.13814,112.24341,5.911283,-27.517574,-178.13814,112.24341,1.0,-1.0,-1.0,1.0,33.524375915527344,-0.4,-0.4,0.4
22.766666666666666,21.49315,-11.035794,1.1965911,0.9724911,0.00018851856,-0.0013526811,-0.232936,0.0037113817,0.014909598,0.012437588,0.10195999,-0.6961089,0.2127402,21.493673,-11.035335,0.39659148,-0.03742944,-0.032921515,0.647502,0.18031707,-137.09224,150.14915,-69.976845,40.69473,-137.09224,150.14915,-69.976845,40.69473,-1.0,1.0,-1.0,1.0,0.0,0.4,-0.4,0.4
22.78333333333333,21.493315,-11.035585,1.1947592,0.97253764,0.0030752502,-0.004545687,-0.23268057,0.0017401625,0.014474462,-0.15084958,0.53398055,-0.15747581,-0.030399922,21.493685,-11.035182,0.39475933,-0.026501136,-0.028891701,0.65569824,0.24178883,-87.956566,10.4034,199.24219,-39.201813,-87.956566,10.4034,199.24219,-39.201813,-1.0,1.0,1.0,-1.0,0.0,0.4,0.4,-0.4
22.8,21.493422,-11.035398,1.1940889,0.9728318,0.005320471,-0.002847947,-0.23143451,-0.00028261208,0.011808869,-0.003526672,0.10897526,0.40136418,0.2122452,21.4937,-11.035034,0.39408922,-0.019944152,-0.026023023,0.39341903,0.17212069,105.34208,-53.809063,100.5846,12.061005,105.34208,-53.809063,100.5846,12.061005,1.0,-1.0,1.0,1.0,33.524375915527344,-0.4,0.4,0.4
22.816666666666666,21.493479,-11.035267,1.1958677,0.9728974,0.00363656,-0.0023283113,-0.23119693,0.00018945249,0.008813719,0.14335994,-0.31751734,-0.11492866,-0.031105686,21.493706,-11.034887,0.39586768,-0.01625585,-0.027184155,0.2212981,-0.06966791,1.4123007,-35.1733,-126.599686,-71.23475,1.4123007,-35.1733,-126.599686,-71.23475,1.0,-1.0,-1.0,-1.0,33.524375915527344,-0.4,-0.4,-0.4
22.833333333333332,21.493525,-11.035136,1.1962183,0.9731905,0.0042364304,-6.073867e-06,-0.22996162,-0.0010469396,0.008056097,-0.019815508,0.11358635,0.42274567,0.21211587,21.493713,-11.034738,0.39621842,-0.013523775,-0.02855019,0.16392449,-0.08196215,-122.97418,96.11391,76.35749,64.01942,-122.97418,96.11391,76.35749,64.01942,-1.0,1.0,1.0,1.0,0.0,0.4,0.4,0.4
22.85,21.493572,-11.035051,1.1977245,0.97325313,0.0026303409,0.0006758481,-0.22971933,0.00029870615,0.0057288436,0.12705283,-0.31292886,-0.09355842,-0.031231133,21.493725,-11.034593,0.39772454,-0.010928303,-0.032853212,0.15572833,-0.25818127,4.486813,-31.636559,-159.24585,-83.1635,4.486813,-31.636559,-159.24585,-83.1635,1.0,-1.0,-1.0,-1.0,33.524375915527344,-0.4,-0.4,-0.4
22.866666666666667,21.493631,-11.03498,1.1977963,0.9735366,0.0017640888,-0.0033724066,-0.22849911,0.0012524121,0.005511366,-0.036640443,0.118108295,-0.63079774,0.21218723,21.493732,-11.034451,0.39779675,-0.0072400006,-0.037907552,0.22129813,-0.30326036,-129.1448,101.18486,-10.112198,29.832842,-129.1448,101.18486,-10.112198,29.832842,-1.0,1.0,-1.0,1.0,0.0,0.4,-0.4,0.4
22.883333333333333,21.493681,-11.034908,1.195145,0.9735859,-0.00032191348,-0.00482977,-0.22826938,-0.0012737432,0.0048034666,-0.19992334,-0.3112268,-0.092920706,-0.031312156,21.49374,-11.034308,0.39514518,-0.004234717,-0.042961895,0.180317,-0.3032606,-52.29988,-17.438538,230.53735,-59.12995,-52.29988,-17.438538,230.53735,-59.12995,-1.0,-1.0,1.0,-1.0,0.0,-0.4,0.4,-0.4
22.9,21.493687,-11.03481,1.1936563,0.9731879,0.00043785555,-0.0022115712,-0.23000015,-0.003314045,0.005442565,-0.052448146,0.12509947,0.46656328,-0.27408195,21.493748,-11.034167,0.39365667,-0.0043713213,-0.04603548,-0.008196243,-0.18441504,174.83052,104.459145,133.0036,-4.6730895,174.83052,104.459145,133.0036,-4.6730895,1.0,1.0,1.0,-1.0,33.524375915527344,0.4,0.4,-0.4
22.916666666666668,21.493666,-11.034719,1.1946174,0.97301245,-0.0009712011,-0.0012016089,-0.23074707,-0.0031004937,0.0041434886,0.09440405,-0.29874426,-0.05015354,-0.031181099,21.49375,-11.034033,0.39461786,-0.0060105664,-0.04917737,-0.0983547,-0.18851346,93.40054,-37.09648,-118.01312,93.92359,93.40054,-37.09648,-118.01312,93.92359,1.0,-1.0,-1.0,1.0,33.524375915527344,-0.4,-0.4,0.4
22.933333333333334,21.493639,-11.034622,1.1941509,0.97330165,-9.394565e-05,0.001615433,-0.22952366,-0.0040243915,0.0049184323,-0.06879595,0.13233808,0.48748344,0.21201555,21.493755,-11.0339,0.3941515,-0.008332831,-0.05170454,-0.13933586,-0.15163018,-72.528885,131.08672,60.746418,37.05068,-72.528885,131.08672,60.746418,37.05068,-1.0,1.0,1.0,1.0,0.0,0.4,0.4,0.4
22.95,21.493631,-11.034531,1.1948401,0.9733553,-0.0014253096,0.0027875968,-0.22928035,-0.002444106,0.004392025,0.07805556,-0.2943553,-0.028817825,-0.031308226,21.493761,-11.033767,0.3948406,-0.009289057,-0.054709822,-0.057373565,-0.18031685,72.79488,-19.084028,-172.4349,-97.96575,72.79488,-19.084028,-172.4349,-97.96575,1.0,-1.0,-1.0,-1.0,33.524375915527344,-0.4,-0.4,-0.4
22.966666666666665,21.493654,-11.03444,1.1940945,0.9729507,-0.0020266054,-0.00076945225,-0.23100246,-0.001411739,0.005803462,-0.085620366,0.13548821,-0.56575584,-0.27391872,21.493773,-11.033636,0.39409518,-0.008469434,-0.0575785,0.04917735,-0.17212069,-63.663494,138.55196,-61.928524,-5.7191696,-63.663494,138.55196,-61.928524,-5.7191696,-1.0,1.0,-1.0,-1.0,0.0,0.4,-0.4,-0.4
22.983333333333334,21.49366,-11.034333,1.1945091,0.97276765,-0.003802557,-0.001604449,-0.23174572,-0.003013054,0.005574038,0.061759558,-0.29077703,-0.006937392,-0.031080049,21.49378,-11.033509,0.39450973,-0.008606038,-0.05901285,-0.008196215,-0.086060904,95.55174,-12.0143385,189.7048,203.34892,95.55174,-12.0143385,189.7048,203.34892,1.0,-1.0,1.0,1.0,33.524375915527344,-0.4,0.4,0.4
23.0,21.493649,-11.034207,1.1934979,0.9730597,-0.002774686,0.0015499858,-0.23053117,-0.0040085856,0.0071919337,-0.101440094,0.14032823,0.5306965,0.2121199,21.493788,-11.033382,0.39349854,-0.009972076,-0.059081152,-0.081962265,-0.0040981914,-42.265926,159.4604,50.113293,34.189934,-42.265926,159.4604,50.113293,34.189934,-1.0,1.0,1.0,1.0,0.0,0.4,0.4,0.4
23.016666666666666,21.493666,-11.034071,1.193642,0.9731091,-0.0039583175,0.0030594857,-0.2302902,-0.0025885908,0.007685106,0.045421194,-0.28651878,0.014384668,-0.03118797,21.493797,-11.033259,0.39364243,-0.0094256615,-0.05812492,0.03278486,0.05737401,101.15861,-10.234303,-177.40636,-103.379814,101.15861,-10.234303,-177.40636,-103.379814,1.0,-1.0,-1.0,-1.0,33.524375915527344,-0.4,-0.4,-0.4
23.03333333333333,21.493704,-11.033931,1.1923517,0.97270477,-0.0044171666,-0.00016578853,-0.2320038,-0.0018253651,0.009892182,-0.118252575,0.1433688,-0.522546,-0.27383313,21.493801,-11.033142,0.39235222,-0.006966793,-0.05648567,0.1475321,0.09835481,-15.112946,167.59583,-78.26614,-15.826487,-15.112946,167.59583,-78.26614,-15.826487,-1.0,1.0,-1.0,-1.0,0.0,0.4,-0.4,-0.4
23.05,21.49374,-11.03374,1.1922226,0.9725375,-0.00081099686,-0.0019166318,-0.23273657,-0.0034668525,0.011733497,0.029158348,0.57848763,0.036219694,-0.03067187,21.493805,-11.033022,0.39222324,-0.0046445285,-0.05143133,0.13933586,0.30326036,148.94952,7.1409025,173.5466,189.42392,148.94952,7.1409025,173.5466,189.42392,1.0,1.0,1.0,1.0,33.524375915527344,0.4,0.4,0.4
23.066666666666666,21.493746,-11.033536,1.1945502,0.9728309,0.0021736098,0.0012676913,-0.23150319,-0.006002885,0.0113565335,0.17643085,0.15338266,0.59481376,0.21211255,21.493807,-11.032909,0.39455032,-0.0043713213,-0.044874348,0.01639243,0.39341903,11.674627,-47.238476,11.692155,10.190163,11.674627,-47.238476,11.692155,10.190163,1.0,-1.0,1.0,1.0,33.524375915527344,-0.4,0.4,0.4
23.083333333333332,21.493755,-11.033347,1.1954436,0.9728872,0.0011550252,0.0031489949,-0.23125565,-0.0045833783,0.010148481,0.012627123,-0.27915204,0.056985527,-0.031174168,21.493814,-11.032798,0.39544392,-0.004234717,-0.039341893,0.008196243,0.33194727,-74.39618,-19.40983,-179.31969,-81.02489,-74.39618,-19.40983,-179.31969,-81.02489,-1.0,-1.0,-1.0,-1.0,0.0,-0.4,-0.4,-0.4
23.1,21.493778,-11.033158,1.1936084,0.97247976,0.00083465327,0.00026429386,-0.2329858,-0.003514551,0.010692773,-0.15104586,0.15077643,-0.47993004,-0.27384174,21.493818,-11.032688,0.39360875,-0.0028686796,-0.033672836,0.08196225,0.3401434,-14.491418,117.82682,-91.99204,-11.289181,-14.491418,117.82682,-91.99204,-11.289181,-1.0,1.0,-1.0,-1.0,0.0,0.4,-0.4,-0.4
23.116666666666667,21.493788,-11.032977,1.1929333,0.97230154,-0.0006520032,9.8955425e-05,-0.2337291,-0.004567669,0.009731678,-0.0036604323,-0.2751724,0.07866223,-0.030978713,21.493822,-11.032578,0.3929334,-0.002458868,-0.02855019,0.02458869,0.30735868,151.87512,-17.246857,158.22134,178.60692,151.87512,-17.246857,158.22134,178.60692,1.0,-1.0,1.0,1.0,33.524375915527344,-0.4,0.4,0.4
23.133333333333333,21.493809,-11.032791,1.1947091,0.97259337,-0.0008300468,-0.0024968092,-0.23249786,-0.0032762182,0.0107676,0.14332211,0.16112542,-0.43693817,0.21235532,21.49383,-11.032474,0.39470902,-0.0015026416,-0.02274453,0.057373587,0.3483396,33.8084,131.1793,-35.88819,16.121593,33.8084,131.1793,-35.88819,16.121593,1.0,1.0,-1.0,1.0,33.524375915527344,0.4,-0.4,0.4
23.15,21.49383,-11.032586,1.1950575,0.9726473,0.0028055806,-0.0036471656,-0.23224117,-0.004968074,0.011430924,-0.019937398,0.5549338,0.101637706,-0.030724127,21.493835,-11.03237,0.3950578,-0.00040981136,-0.01550453,0.06556981,0.43440005,-114.64486,0.91249424,194.0605,-48.827557,-114.64486,0.91249424,194.0605,-48.827557,-1.0,0.91249424,1.0,-1.0,0.0,0.3649977,0.4,-0.4
23.166666666666668,21.4938,-11.032403,1.196568,0.97293955,0.005722214,0.0001095598,-0.23098883,-0.0074821096,0.009428542,0.12733516,0.1297886,0.6601371,0.2120985,21.493841,-11.032266,0.39656797,-0.0030052832,-0.009835472,-0.15572831,0.3401434,15.619745,-58.49654,38.707577,7.15687,15.619745,-58.49654,38.707577,7.15687,1.0,-1.0,1.0,1.0,33.524375915527344,-0.4,0.4,0.4
23.183333333333334,21.493755,-11.032242,1.1966443,0.97300243,0.0046352595,0.0025639916,-0.23073366,-0.005968387,0.007158992,-0.036476288,-0.3029242,0.122209094,-0.03119909,21.493843,-11.032163,0.3966446,-0.006283774,-0.005669057,-0.19670944,0.2499849,-69.044235,-33.101658,-173.93666,-75.55533,-69.044235,-33.101658,-173.93666,-75.55533,-1.0,-1.0,-1.0,-1.0,0.0,-0.4,-0.4,-0.4
23.2,21.49374,-11.032121,1.197875,0.97259355,0.0043143714,0.0003825561,-0.2324712,-0.0035693937,0.006718678,0.11052079,0.13256478,-0.39319247,-0.27384418,21.493845,-11.03206,0.39787498,-0.0075132083,-0.0043713213,-0.07376605,0.07786413,16.99392,75.873184,-91.086075,-18.052824,16.99392,75.873184,-91.086075,-18.052824,1.0,1.0,-1.0,-1.0,33.524375915527344,0.4,-0.4,-0.4
23.216666666666665,21.493723,-11.032014,1.1976765,0.97242117,0.0027859854,0.00083367096,-0.23321325,-0.0040044384,0.0047388426,-0.052765906,-0.29853064,0.14384931,-0.030958207,21.493853,-11.031955,0.39767662,-0.009289057,-0.004234717,-0.10655092,0.008196243,-108.32919,-36.69015,131.10306,223.06007,-108.32919,-36.69015,131.10306,223.06007,-1.0,-1.0,1.0,1.0,0.0,-0.4,0.4,0.4
23.233333333333334,21.493711,-11.031928,1.198635,0.9727142,0.002547755,-0.0011930327,-0.23198973,-0.002452687,0.00459489,0.0942174,0.13772313,-0.37179995,0.21240522,21.493855,-11.031851,0.398635,-0.010245284,-0.0055324533,-0.05737362,-0.07786416,23.049282,83.95561,-75.46584,1.4261131,23.049282,83.95561,-75.46584,1.4261131,1.0,1.0,-1.0,1.0,33.524375915527344,0.4,-0.4,0.4
23.25,21.493687,-11.031851,1.1981641,0.9727746,0.0011122394,-0.000582562,-0.23174982,-0.0034298513,0.0033346373,-0.0690785,-0.29219183,0.16568942,-0.031024,21.493855,-11.031749,0.39816424,-0.012021133,-0.0073083024,-0.10655092,-0.10655094,-119.31893,-22.412659,157.09264,-56.5458,-119.31893,-22.412659,157.09264,-56.5458,-1.0,-1.0,1.0,-1.0,0.0,-0.4,0.4,-0.4
23.266666666666666,21.493673,-11.031774,1.19885,0.9723588,0.0009659471,-0.0024378495,-0.23347689,-0.0025355846,0.0038448828,0.07790136,0.14334881,-0.34966755,-0.27366057,21.49386,-11.031644,0.3988501,-0.013387171,-0.009289057,-0.081962265,-0.11884526,38.26615,93.21051,-51.246796,-1.7843177,38.26615,93.21051,-51.246796,-1.7843177,1.0,1.0,-1.0,-1.0,33.524375915527344,0.4,-0.4,-0.4
23.28333333333333,21.493645,-11.031701,1.198107,0.9721817,-0.00038690984,-0.0016574793,-0.23422152,-0.0040514986,0.002803564,-0.085398674,-0.28758138,0.18724167,-0.030783562,21.493862,-11.031541,0.39810702,-0.015572831,-0.011474718,-0.13113962,-0.13113967,-96.35073,-30.84188,165.22896,231.10995,-96.35073,-30.84188,165.22896,231.10995,-1.0,-1.0,1.0,1.0,0.0,-0.4,0.4,0.4
23.3,21.49361,-11.031621,1.1985204,0.9724731,-0.00045701614,-0.0033491047,-0.23299053,-0.0037420578,0.003533528,0.061583843,0.14863423,-0.3283507,0.21258022,21.493864,-11.031439,0.39852044,-0.018168304,-0.013045661,-0.15572837,-0.094256565,58.087917,104.664734,-26.765282,12.64364,58.087917,104.664734,-26.765282,12.64364,1.0,1.0,-1.0,1.0,33.524375915527344,0.4,-0.4,0.4
23.316666666666666,21.493567,-11.031541,1.1975051,0.97253144,-0.0017207405,-0.002405944,-0.23275283,-0.0055420785,0.0031474237,-0.10171706,-0.28137022,0.20908353,-0.030842712,21.49387,-11.031339,0.39750513,-0.021720001,-0.014480001,-0.21310183,-0.086060405,-98.70757,-13.489507,191.99655,-52.104725,-98.70757,-13.489507,191.99655,-52.104725,-1.0,-1.0,1.0,-1.0,0.0,-0.4,0.4,-0.4
23.333333333333332,21.493496,-11.03143,1.1976525,0.97282386,-0.00012986004,0.0025997353,-0.2315318,-0.007235145,0.004267829,0.045703854,0.1552323,0.7681499,0.21228912,21.493868,-11.031236,0.39765248,-0.02663774,-0.013933586,-0.29506433,0.032784916,83.55463,115.22854,3.7502742,3.2216587,83.55463,115.22854,3.7502742,3.2216587,1.0,1.0,1.0,1.0,33.524375915527344,0.4,0.4,0.4
23.35,21.49343,-11.031325,1.1963668,0.9728684,-0.00080286595,0.005883271,-0.23128308,-0.0048106895,0.0042635794,-0.11813247,-0.27785155,0.230195,-0.03096735,21.493866,-11.0311365,0.3963672,-0.03128227,-0.013523775,-0.27867165,0.024588646,-29.537214,-20.71525,-217.48036,-84.042366,-29.537214,-20.71525,-217.48036,-84.042366,-1.0,-1.0,-1.0,-1.0,0.0,-0.4,-0.4,-0.4
23.366666666666667,21.493427,-11.031221,1.1962353,0.97246367,-0.0007187922,0.004519265,-0.23300965,-0.0019701296,0.0059308005,0.02885308,0.1577897,-0.28523156,-0.2736111,21.49386,-11.031036,0.3962357,-0.03100906,-0.013250567,0.016392542,0.016392486,105.824455,110.24722,-154.9339,-74.483986,105.824455,110.24722,-154.9339,-74.483986,1.0,1.0,-1.0,-1.0,33.524375915527344,0.4,-0.4,-0.4
23.383333333333333,21.49343,-11.031123,1.1946748,0.972279,-0.0018337097,0.0057903472,-0.23374476,-0.0012199077,0.0060748747,-0.1344336,-0.27291867,0.2515375,-0.030753724,21.493855,-11.030937,0.39467508,-0.030462643,-0.013318869,0.032784972,-0.0040981355,-26.518213,-19.481398,4.3522735,189.90831,-26.518213,-19.481398,4.3522735,189.90831,-1.0,-1.0,1.0,1.0,0.0,-0.4,0.4,0.4
23.4,21.493496,-11.031017,1.1942706,0.9718698,-0.0016713783,0.004587864,-0.23546797,0.0014749543,0.008087939,0.012541362,0.1627128,-0.26382124,-0.27339953,21.49385,-11.030839,0.3942709,-0.025408303,-0.012772454,0.30326036,0.032784916,128.20818,119.04195,-175.26843,-75.01926,128.20818,119.04195,-175.26843,-75.01926,1.0,1.0,-1.0,-1.0,33.524375915527344,0.4,-0.4,-0.4
23.416666666666668,21.493626,-11.030915,1.1963143,0.97169787,-0.0042283707,-0.0003776079,-0.23618901,0.004730174,0.0079146875,0.15938112,-0.2640245,-0.7802318,-0.030453917,21.493847,-11.030742,0.39631462,-0.015846038,-0.0124309445,0.5737359,0.020490566,14.669631,-12.035811,-47.651917,188.38461,14.669631,-12.035811,-47.651917,188.38461,1.0,-1.0,-1.0,1.0,33.524375915527344,-0.4,-0.4,0.4
23.433333333333334,21.493753,-11.030799,1.1969302,0.9719928,-0.004488124,-0.0035366672,-0.23494102,0.003398291,0.009795793,-0.003819258,0.16774113,-0.24191645,0.21289422,21.493835,-11.030643,0.39693046,-0.005873963,-0.011133209,0.5983245,0.07786413,-142.11234,171.06978,190.58119,136.22676,-142.11234,171.06978,190.58119,136.22676,-1.0,1.0,1.0,1.0,0.0,0.4,0.4,0.4
23.45,21.493874,-11.030665,1.1948261,0.9720672,-0.00019380057,-0.0031836575,-0.23468074,0.0015574747,0.010378829,-0.16706404,0.59892315,0.296646,-0.030057762,21.493826,-11.030546,0.3948262,0.0034150947,-0.008537737,0.5573434,0.15572833,-50.59708,11.106766,128.66034,-52.32321,-50.59708,11.106766,128.66034,-52.32321,-1.0,1.0,1.0,-1.0,0.0,0.4,0.4,-0.4
23.466666666666665,21.49397,-11.030538,1.1938773,0.9716454,0.0018955426,-0.0044656275,-0.23639269,0.0012860233,0.008999645,-0.020264184,0.17277414,-0.22028443,-0.27305803,21.493814,-11.030451,0.39387742,0.01120151,-0.0062154722,0.4671849,0.13933586,130.06631,-48.463448,-104.40851,-29.630898,130.06631,-48.463448,-104.40851,-29.630898,1.0,-1.0,-1.0,-1.0,33.524375915527344,-0.4,-0.4,-0.4
23.483333333333334,21.494007,-11.030422,1.1953822,0.9714737,0.0011072796,-0.0025712203,-0.23713054,-0.001369722,0.0069272257,0.12711427,-0.25221103,0.33780307,-0.03023582,21.493803,-11.030353,0.39538237,0.014616605,-0.004986038,0.20490567,0.07376605,25.007095,-33.05583,128.36424,227.62141,25.007095,-33.05583,128.36424,227.62141,1.0,-1.0,1.0,1.0,33.524375915527344,-0.4,0.4,0.4
23.5,21.494041,-11.030308,1.1954552,0.97177124,0.0015494635,-0.003238559,-0.23589754,-0.001295628,0.006912627,-0.03658176,0.17839257,-0.19921724,0.21311167,21.493797,-11.030255,0.39545536,0.017485285,-0.0037566042,0.17212081,0.07376602,-86.55653,94.911255,-90.48499,38.43774,-86.55653,94.911255,-90.48499,38.43774,-1.0,1.0,-1.0,1.0,0.0,0.4,-0.4,0.4
23.516666666666666,21.49404,-11.030203,1.1966876,0.9718365,0.00084554614,-0.0011822549,-0.2356512,-0.003442478,0.0053285626,0.11078042,-0.24644306,0.3596089,-0.030363314,21.493792,-11.03016,0.39668754,0.017758492,-0.0030735852,0.01639243,0.040981133,1.119423,-22.218266,127.37022,-50.22897,1.119423,-22.218266,127.37022,-50.22897,1.0,-1.0,1.0,-1.0,33.524375915527344,-0.4,0.4,-0.4
23.53333333333333,21.494041,-11.0301,1.1964879,0.9721331,0.0013799486,-0.0016833518,-0.2344192,-0.002949892,0.0054847747,-0.052915554,0.18416506,-0.1774452,0.21298204,21.49379,-11.030065,0.39648792,0.0180317,-0.00252717,0.01639243,0.032784905,-86.27885,92.09042,-103.60052,18.885914,-86.27885,92.09042,-103.60052,18.885914,-1.0,1.0,-1.0,1.0,0.0,0.4,-0.4,0.4
23.55,21.494013,-11.030003,1.1974479,0.9721947,0.00076224207,0.0005366444,-0.23417191,-0.004521077,0.0041298275,0.09443468,-0.24073657,0.3813892,-0.030503893,21.493782,-11.029968,0.39744818,0.016529057,-0.002458868,-0.09015854,0.0040981215,12.330575,-22.027275,105.346375,-60.55178,12.330575,-22.027275,105.346375,-60.55178,1.0,-1.0,1.0,-1.0,33.524375915527344,-0.4,0.4,-0.4
23.566666666666666,21.493998,-11.029907,1.1969757,0.97177786,0.0013826352,0.00020504974,-0.23589346,-0.0034464053,0.004618075,-0.06926149,0.18955156,-0.15551428,-0.27312988,21.49378,-11.029873,0.39697585,0.015572831,-0.002458868,-0.057373565,0.0,-83.59035,88.00895,-126.06289,-4.080064,-83.59035,88.00895,-126.06289,-4.080064,-1.0,1.0,-1.0,-1.0,0.0,0.4,-0.4,-0.4
23.583333333333332,21.493969,-11.029824,1.1976638,0.9715969,0.0008544359,0.0025886232,-0.23662628,-0.004363187,0.0032271824,0.07808435,-0.23520368,0.40241688,-0.030342786,21.493778,-11.029778,0.397664,0.013660379,-0.0033467927,-0.11474713,-0.05327547,60.44131,-34.089146,64.491356,186.15144,60.44131,-34.089146,64.491356,186.15144,1.0,-1.0,1.0,1.0,33.524375915527344,-0.4,0.4,0.4
23.6,21.493948,-11.029745,1.1969194,0.97117573,0.001556543,0.002415225,-0.23834704,-0.0026021982,0.0038184172,-0.08561024,0.19507049,-0.13443172,-0.27296785,21.493773,-11.029685,0.39691973,0.012567548,-0.004303019,-0.06556983,-0.05737358,-75.74113,82.431984,-158.49193,-9.871876,-75.74113,82.431984,-158.49193,-9.871876,-1.0,1.0,-1.0,-1.0,0.0,0.4,-0.4,-0.4
23.616666666666667,21.493952,-11.02969,1.1973286,0.97099745,-0.0004929039,-0.0015589487,-0.23908412,-0.00084678986,0.0025879513,0.061255522,-0.23142198,-0.6510728,-0.0300116,21.49377,-11.029589,0.3973287,0.01297736,-0.0072400006,0.024588702,-0.17621888,77.89267,-33.237175,-18.338583,173.20952,77.89267,-33.237175,-18.338583,173.20952,1.0,-1.0,-1.0,1.0,33.524375915527344,-0.4,-0.4,0.4
23.633333333333333,21.49395,-11.029631,1.1963096,0.9712956,-0.00024160728,-0.0037424269,-0.23784612,-0.002679502,0.0030505236,-0.10191494,0.2004194,-0.11279465,0.21329099,21.493769,-11.029493,0.39630958,0.01297736,-0.009835472,0.0,-0.1557283,-104.77376,104.564224,211.90059,141.30255,-104.77376,104.564224,211.90059,141.30255,-1.0,1.0,1.0,1.0,0.0,0.4,0.4,0.4
23.65,21.493906,-11.029563,1.1964524,0.971362,-0.0005934659,-0.0010288807,-0.23760107,-0.0048595807,0.0021814618,0.04542835,-0.22459091,0.44592547,-0.03020211,21.493767,-11.029401,0.39645252,0.009972076,-0.011611322,-0.18031701,-0.10655097,61.62345,-21.475231,121.64982,-51.39945,61.62345,-21.475231,121.64982,-51.39945,1.0,-1.0,1.0,-1.0,33.524375915527344,-0.4,0.4,-0.4
23.666666666666668,21.49386,-11.029488,1.1951632,0.971663,0.00028754445,-0.00087321113,-0.23636867,-0.004312909,0.0026822775,-0.118270956,0.2059186,-0.091054514,0.21311885,21.493763,-11.0293045,0.39516327,0.006966793,-0.013113963,-0.18031697,-0.090158485,-35.734825,83.96789,-116.19459,13.303052,-35.734825,83.96789,-116.19459,13.303052,-1.0,1.0,-1.0,1.0,0.0,0.4,-0.4,0.4
23.683333333333334,21.493805,-11.02942,1.1950338,0.97172165,1.9111854e-05,0.00200431,-0.23612055,-0.005356472,0.0019027137,0.029061945,-0.21916096,0.4676657,-0.030371962,21.493765,-11.029213,0.39503407,0.0028686796,-0.014821511,-0.2458868,-0.10245284,91.215065,-20.972458,66.19023,-66.994354,91.215065,-20.972458,66.19023,-66.994354,1.0,-1.0,1.0,-1.0,33.524375915527344,-0.4,0.4,-0.4
23.7,21.493753,-11.029347,1.1934725,0.9713004,0.0009808777,0.0023263355,-0.23784219,-0.0036956577,0.0026029109,-0.134637,0.21118586,-0.06921957,-0.2730035,21.493761,-11.0291195,0.39347273,-0.00054641516,-0.016324153,-0.20490567,-0.09015854,-1.7666044,75.5234,-158.08487,-24.047039,-1.7666044,75.5234,-158.08487,-24.047039,-1.0,1.0,-1.0,-1.0,0.0,0.4,-0.4,-0.4
23.716666666666665,21.493727,-11.029296,1.1930642,0.97112244,-0.00080557435,-0.0011545562,-0.23857729,-0.0023684877,0.0016489194,0.012232379,-0.21512064,-0.5859671,-0.030039273,21.49376,-11.029027,0.3930645,-0.0023222642,-0.019261133,-0.10655094,-0.17621878,150.16875,-32.462845,-31.21164,137.59709,150.16875,-32.462845,-31.21164,137.59709,1.0,-1.0,-1.0,1.0,33.524375915527344,-0.4,-0.4,0.4
23.733333333333334,21.493696,-11.029241,1.1912282,0.9714224,-0.00029122626,-0.0028433378,-0.23733993,-0.004137934,0.0021295112,-0.15093613,0.21671267,-0.04772283,0.21323733,21.493757,-11.0289345,0.39122817,-0.0043713213,-0.021924907,-0.122943416,-0.15982646,-13.978233,98.68439,202.78719,118.65558,-13.978233,98.68439,202.78719,118.65558,-1.0,1.0,1.0,1.0,0.0,0.4,0.4,0.4
23.75,21.493631,-11.02918,1.1905541,0.97148657,-0.0003850718,0.00036459323,-0.2370937,-0.005667817,0.0014327397,-0.0036070086,-0.20845784,0.5109524,-0.030241428,21.493753,-11.028847,0.39055422,-0.008742643,-0.02383736,-0.26227927,-0.11474713,144.39664,-20.729641,85.83226,-70.09009,144.39664,-20.729641,85.83226,-70.09009,1.0,-1.0,1.0,-1.0,33.524375915527344,-0.4,0.4,-0.4
23.766666666666666,21.493582,-11.02911,1.192331,0.97106457,0.000816861,0.0011373946,-0.23881276,-0.004686601,0.0026619243,0.14334798,0.22737402,-0.004367005,-0.27287862,21.493755,-11.028759,0.39233097,-0.0124309445,-0.025135096,-0.2212981,-0.077864185,77.71364,69.33103,-143.7656,-24.842655,77.71364,69.33103,-143.7656,-24.842655,1.0,1.0,-1.0,-1.0,33.524375915527344,0.4,-0.4,-0.4
23.78333333333333,21.493546,-11.029053,1.1926724,0.97088236,-0.0007764207,-0.001973257,-0.23954706,-0.0035722416,0.0017177033,-0.020441016,-0.20422289,-0.5427867,-0.029903227,21.493755,-11.028672,0.39267272,-0.015026417,-0.027252456,-0.15572833,-0.1270416,-57.03361,-34.674465,-17.959373,196.75706,-57.03361,-34.674465,-17.959373,196.75706,-1.0,-1.0,-1.0,1.0,0.0,-0.4,-0.4,0.4
23.8,21.493486,-11.028978,1.1941751,0.9711842,-2.4490115e-05,-0.0032123518,-0.23830846,-0.0053286804,0.0026672622,0.12705047,0.23306707,0.017043676,0.21335007,21.493755,-11.028588,0.3941754,-0.019261133,-0.027935475,-0.25408295,-0.040981133,22.774279,91.88342,211.7227,116.11739,22.774279,91.88342,211.7227,116.11739,1.0,1.0,1.0,1.0,33.524375915527344,0.4,0.4,0.4
23.816666666666666,21.4934,-11.028895,1.1942506,0.97125036,7.9487894e-05,0.00036419602,-0.23805967,-0.006921407,0.0019074732,-0.036293622,-0.19767949,0.5540782,-0.03011023,21.49375,-11.028502,0.39425075,-0.024998493,-0.02814038,-0.34424162,-0.012294239,-68.47979,-26.947884,91.211136,-45.516113,-68.47979,-26.947884,91.211136,-45.516113,-1.0,-1.0,1.0,-1.0,0.0,-0.4,0.4,-0.4
23.833333333333332,21.493334,-11.028812,1.1954829,0.9708258,0.0014550127,0.0014642148,-0.23977695,-0.0058525843,0.0029164678,0.11065376,0.23817717,0.038775306,-0.27275273,21.493744,-11.02842,0.39548331,-0.029369814,-0.028072078,-0.26227924,0.0040980796,67.89832,56.555614,-146.20944,-20.835403,67.89832,56.555614,-146.20944,-20.835403,1.0,1.0,-1.0,-1.0,33.524375915527344,0.4,-0.4,-0.4
23.85,21.493277,-11.028744,1.1952796,0.9706453,3.2531418e-05,-0.0013176992,-0.24051164,-0.004768949,0.0018372228,-0.053131513,-0.19333147,-0.49973717,-0.029766757,21.493734,-11.0283375,0.39527982,-0.032784913,-0.029096607,-0.2049059,-0.061471757,-67.020454,-37.431103,-36.06745,194.0123,-67.020454,-37.431103,-36.06745,194.0123,-1.0,-1.0,-1.0,1.0,0.0,-0.4,-0.4,0.4
23.866666666666667,21.493202,-11.028665,1.1962376,0.97094905,0.000958783,-0.0022323795,-0.23927376,-0.00630393,0.0025029867,0.094356135,0.24398147,0.06009047,0.21347289,21.493725,-11.028257,0.3962381,-0.03742944,-0.029164908,-0.27867165,-0.0040980796,22.323475,78.12291,200.99228,111.11864,22.323475,78.12291,200.99228,111.11864,1.0,1.0,1.0,1.0,33.524375915527344,0.4,0.4,0.4
23.883333333333333,21.493109,-11.028582,1.1957686,0.9710127,0.0012398078,0.0016704837,-0.23901881,-0.007229718,0.0015433817,-0.068997666,-0.18685172,0.5970653,-0.029970791,21.493715,-11.028178,0.39576888,-0.043440007,-0.028891701,-0.36063394,0.01639243,-68.90351,-30.829712,56.060062,-44.72415,-68.90351,-30.829712,56.060062,-44.72415,-1.0,-1.0,1.0,-1.0,0.0,-0.4,0.4,-0.4
23.9,21.493038,-11.02851,1.1964563,0.9705822,0.002787295,0.00309733,-0.24073407,-0.0055125635,0.0021962612,0.07794973,0.24902517,0.081772186,-0.27261668,21.493702,-11.028101,0.3964569,-0.047538124,-0.029301511,-0.24588703,-0.02458859,76.291595,35.251736,-170.11601,-30.261032,76.291595,35.251736,-170.11601,-30.261032,1.0,1.0,-1.0,-1.0,33.524375915527344,0.4,-0.4,-0.4
23.916666666666668,21.492987,-11.028459,1.1957082,0.9704069,0.0015353445,0.0006429111,-0.24146973,-0.003941723,0.00085607875,-0.08584175,-0.18239596,-0.45683292,-0.029619105,21.49369,-11.028027,0.3957085,-0.050406802,-0.030940758,-0.17212069,-0.09835481,-63.57598,-41.649536,-93.36415,178.38766,-63.57598,-41.649536,-93.36415,178.38766,-1.0,-1.0,-1.0,1.0,0.0,-0.4,-0.4,0.4
23.933333333333334,21.492928,-11.028412,1.1961213,0.9707113,0.002637751,4.9945007e-05,-0.24023415,-0.004702427,0.0010932367,0.061643537,0.25493863,0.10298481,0.21361616,21.493671,-11.027952,0.3961218,-0.053275485,-0.032921515,-0.17212091,-0.11884543,52.52289,55.46727,158.85564,94.76999,52.52289,55.46727,158.85564,94.76999,1.0,1.0,1.0,1.0,33.524375915527344,0.4,0.4,0.4
23.95,21.492868,-11.0283785,1.195101,0.9707719,0.001478573,-0.002239366,-0.2399888,-0.0041025206,-0.00019805104,-0.102153555,-0.17702809,-0.43444756,-0.029678334,21.49365,-11.027882,0.3951016,-0.05600756,-0.035585288,-0.16392453,-0.15982634,-56.39338,-36.87925,-52.32153,-46.829895,-56.39338,-36.87925,-52.32153,-46.829895,-1.0,-1.0,-1.0,-1.0,0.0,-0.4,-0.4,-0.4
23.966666666666665,21.492786,-11.028343,1.1952415,0.9710739,0.0026664902,-0.0026600782,-0.23874938,-0.0058608255,-0.00022564911,0.045335393,0.26027116,0.12535593,0.2135509,21.49363,-11.027812,0.39524215,-0.060378887,-0.03804416,-0.26227957,-0.14753221,71.31231,46.328197,197.17381,95.51457,71.31231,46.328197,197.17381,95.51457,1.0,1.0,1.0,1.0,33.524375915527344,0.4,0.4,0.4
23.983333333333334,21.492682,-11.028306,1.1939553,0.9711394,0.0032056526,0.001738321,-0.23848458,-0.006283854,-0.0017283664,-0.118019685,-0.17072266,0.66229284,-0.029864984,21.493607,-11.027741,0.39395615,-0.06625285,-0.04043472,-0.35243776,-0.1434338,-41.159126,-41.567303,27.779972,-44.831985,-41.159126,-41.567303,27.779972,-44.831985,-1.0,-1.0,1.0,-1.0,0.0,-0.4,0.4,-0.4
24.0,21.492592,-11.028305,1.193824,0.97071487,-0.00021795415,0.004943342,-0.24018346,-0.004130382,-0.0029684382,0.028788477,-0.59628785,0.1460418,-0.2732608,21.493578,-11.027673,0.39382485,-0.07062418,-0.04528416,-0.26227978,-0.29096624,125.42024,-1.2411132,-185.09825,-50.75258,125.42024,-1.2411132,-185.09825,-50.75258,1.0,-1.0,-1.0,-1.0,33.524375915527344,-0.4,-0.4,-0.4
24.016666666666666,21.492565,-11.028319,1.1961416,0.97053844,-0.0028765865,0.003550392,-0.2409027,-0.0010924374,-0.0021516006,0.17576832,-0.1600286,-0.3672396,-0.029774185,21.493542,-11.02761,0.3961427,-0.069941156,-0.050816614,0.040981468,-0.33194727,15.107094,238.96947,-109.40738,154.18185,15.107094,238.96947,-109.40738,154.18185,1.0,1.0,-1.0,1.0,33.524375915527344,0.4,-0.4,0.4
24.03333333333333,21.492548,-11.028319,1.1970315,0.9708461,-0.001474289,0.0035204832,-0.23967287,-0.001088914,-0.00034478042,0.012598951,0.27187046,0.17094685,0.21345742,21.493505,-11.027547,0.3970327,-0.068575114,-0.055324543,0.08196249,-0.27047572,-128.52608,103.38749,60.53861,95.950066,-128.52608,103.38749,60.53861,95.950066,-1.0,1.0,1.0,1.0,0.0,0.4,0.4,0.4
24.05,21.492535,-11.028326,1.195194,0.97091216,-0.0023598974,0.0017480394,-0.2394176,0.0002155972,-4.7643727e-05,-0.15121803,-0.1603134,-0.3665046,-0.02981023,21.493465,-11.027483,0.39519516,-0.06666266,-0.060378887,0.11474713,-0.3032606,-29.371647,-22.6016,-143.67227,-64.76954,-29.371647,-22.6016,-143.67227,-64.76954,-1.0,-1.0,-1.0,-1.0,0.0,-0.4,-0.4,-0.4
24.066666666666666,21.492537,-11.028312,1.1945171,0.9712175,-0.0008956802,0.0018486329,-0.23818545,-0.00040805913,0.0014318149,-0.0037340745,0.27701104,0.19325423,0.21342255,21.493425,-11.027424,0.39451805,-0.06365738,-0.06358907,0.18031685,-0.1926112,129.677,78.62476,100.55902,46.469837,129.677,78.62476,100.55902,46.469837,1.0,1.0,1.0,1.0,33.524375915527344,0.4,0.4,0.4
24.083333333333332,21.492561,-11.0282955,1.1962904,0.97128016,-0.0016282954,0.00036802518,-0.23793264,0.0013873312,0.0011586462,0.14310552,-0.14978054,-0.32261145,-0.029846033,21.493376,-11.027371,0.39629123,-0.058329828,-0.06618455,0.31965312,-0.1557286,2.385436,-25.347897,-132.44392,-67.02587,2.385436,-25.347897,-132.44392,-67.02587,1.0,-1.0,-1.0,-1.0,33.524375915527344,-0.4,-0.4,-0.4
24.1,21.492588,-11.028272,1.1966356,0.9715829,-5.9240658e-05,0.0006808178,-0.23669857,0.00052205543,0.002221632,-0.020075401,0.2820573,0.21552157,0.21338904,21.493328,-11.027322,0.3966364,-0.053002276,-0.068028696,0.31965312,-0.110648714,-123.907326,87.638725,91.95951,96.60763,-123.907326,87.638725,91.95951,96.60763,-1.0,1.0,1.0,1.0,0.0,0.4,0.4,0.4
24.116666666666667,21.492617,-11.028256,1.1942534,0.97164345,-0.00077081803,-0.0007536123,-0.23644803,0.0010474303,0.001843485,-0.18389875,-0.15021232,-0.32191223,-0.029876005,21.493277,-11.027272,0.39425436,-0.047264915,-0.070487574,0.34424162,-0.14753266,-6.1498985,-28.465887,-127.71841,-66.93327,-6.1498985,-28.465887,-127.71841,-66.93327,-1.0,-1.0,-1.0,-1.0,0.0,-0.4,-0.4,-0.4
24.133333333333333,21.492641,-11.028224,1.1930318,0.97194374,0.0008594544,-0.00030974954,-0.23521136,-0.00018878162,0.0024517959,-0.03642072,0.28704262,0.23779958,0.21335895,21.493227,-11.0272255,0.39303264,-0.041937366,-0.0715121,0.31965292,-0.061471757,163.08365,59.385994,118.55773,31.969738,163.08365,59.385994,118.55773,31.969738,1.0,1.0,1.0,1.0,33.524375915527344,0.4,0.4,0.4
24.15,21.492651,-11.028203,1.1942604,0.97200334,0.0002986013,-0.0014517504,-0.23496202,0.000877706,0.0014192536,0.11041853,-0.13983752,-0.27803856,-0.02990629,21.493164,-11.027185,0.39426133,-0.03674642,-0.07287814,0.31145674,-0.08196204,37.73141,-31.374754,-119.39745,-72.45705,37.73141,-31.374754,-119.39745,-72.45705,1.0,-1.0,-1.0,-1.0,33.524375915527344,-0.4,-0.4,-0.4
24.166666666666668,21.492662,-11.028178,1.194061,0.97230065,0.002031874,-0.0007952322,-0.23372349,-0.00033429387,0.0016282776,-0.052762307,0.29193458,0.26003942,0.21332924,21.493107,-11.027147,0.39406195,-0.031828683,-0.07383437,0.2950642,-0.05737379,-98.35132,57.77992,111.64683,87.71437,-98.35132,57.77992,111.64683,87.71437,-1.0,1.0,1.0,1.0,0.0,0.4,0.4,0.4
24.183333333333334,21.49267,-11.028174,1.1950172,0.97235966,0.0015549653,-0.0017673383,-0.23347597,0.00061287323,0.00016074434,0.09407822,-0.13499045,-0.25578937,-0.029932048,21.493052,-11.027113,0.39501825,-0.02732076,-0.076020025,0.2704754,-0.13113944,41.585903,-36.071926,-116.65272,-74.30412,41.585903,-36.071926,-116.65272,-74.30412,1.0,-1.0,-1.0,-1.0,33.524375915527344,-0.4,-0.4,-0.4
24.2,21.49267,-11.02817,1.1945455,0.97265345,0.0033693265,-0.0009392711,-0.23223485,-0.0005482991,-0.00010839861,-0.069096774,0.29674792,0.2822614,0.21330267,21.492994,-11.027083,0.39454648,-0.023222644,-0.077795886,0.2458869,-0.10655164,-98.50867,35.557335,113.5959,79.77114,-98.50867,35.557335,113.5959,79.77114,-1.0,1.0,1.0,1.0,0.0,0.4,0.4,0.4
24.216666666666665,21.492655,-11.028194,1.195229,0.97271246,0.0029758555,-0.0017414168,-0.23198792,0.00042137012,-0.0020416288,0.077745885,-0.13021865,-0.23356237,-0.029950833,21.492933,-11.027055,0.39522997,-0.019944152,-0.08162079,0.19670951,-0.22949426,49.71089,-41.346542,-118.351456,-77.74497,49.71089,-41.346542,-118.351456,-77.74497,1.0,-1.0,-1.0,-1.0,33.524375915527344,-0.4,-0.4,-0.4
24.233333333333334,21.492624,-11.028223,1.194485,0.97300196,0.0048705344,-0.0007415669,-0.23074415,-0.0005594756,-0.0028182988,-0.0854185,0.30148438,0.30445975,0.21327965,21.492865,-11.027031,0.3944861,-0.017212076,-0.0853774,0.16392453,-0.22539674,-92.6012,9.125305,109.56939,68.653625,-92.6012,9.125305,109.56939,68.653625,-1.0,1.0,1.0,1.0,0.0,0.4,0.4,0.4
24.25,21.49259,-11.0283,1.1948961,0.97306126,0.004559123,-0.0013738483,-0.23049751,0.00057434564,-0.0052476693,0.061427537,-0.12552468,-0.21135679,-0.029962303,21.4928,-11.027015,0.3948972,-0.015026417,-0.09207099,0.13113956,-0.40161517,61.849472,-47.118416,-124.36455,-82.76826,61.849472,-47.118416,-124.36455,-82.76826,1.0,-1.0,-1.0,-1.0,33.524375915527344,-0.4,-0.4,-0.4
24.266666666666666,21.492535,-11.028395,1.1938773,0.97336334,0.0012921842,0.0010299579,-0.22926176,-9.4981166e-05,-0.006838078,-0.10191855,-0.55538374,0.32501414,0.2126868,21.492733,-11.026996,0.39387855,-0.014206794,-0.10019893,0.04917735,-0.48767653,-78.25348,-16.689772,95.51931,53.168667,-78.25348,-16.689772,95.51931,53.168667,-1.0,-1.0,1.0,1.0,0.0,-0.4,0.4,0.4
24.28333333333333,21.492504,-11.028497,1.1940155,0.97342277,-0.0006855065,0.0009610357,-0.2290122,0.0013439377,-0.0060876803,0.045026544,-0.12040258,-0.1913031,-0.030272406,21.49267,-11.026986,0.39401704,-0.011884529,-0.10819026,0.13933589,-0.4794797,87.91488,172.18378,-129.0936,-116.28462,87.91488,172.18378,-129.0936,-116.28462,1.0,1.0,-1.0,-1.0,33.524375915527344,0.4,-0.4,-0.4
24.3,21.492474,-11.0285845,1.1927264,0.9737089,0.0013692807,0.0022949013,-0.22778012,0.0011150691,-0.005624423,-0.11812567,0.31123027,0.3466638,0.21295471,21.492607,-11.026978,0.39272803,-0.009562265,-0.11508877,0.13933583,-0.41391042,-35.94985,39.49555,33.707153,15.597741,-35.94985,39.49555,33.707153,15.597741,-1.0,1.0,1.0,1.0,0.0,0.4,0.4,0.4
24.316666666666666,21.492466,-11.028699,1.192593,0.9737676,0.0012192475,0.0019865865,-0.22753266,0.0029955693,-0.006593012,0.028712928,-0.11582271,-0.16915455,-0.030274706,21.492544,-11.026979,0.3925949,-0.005600755,-0.123148404,0.23769058,-0.48357812,110.75546,-33.358006,-171.79309,-107.88831,110.75546,-33.358006,-171.79309,-107.88831,1.0,-1.0,-1.0,-1.0,33.524375915527344,-0.4,-0.4,-0.4
24.333333333333332,21.492474,-11.028816,1.191025,0.97335875,0.001806519,-0.0030397468,-0.22925979,0.003345842,-0.0064912923,-0.1349814,0.31351602,-0.7055832,-0.2728859,21.492476,-11.026981,0.39102745,-0.00013660379,-0.13141297,0.32784906,-0.4958738,-3.3293917,14.607498,-29.882277,-8.960031,-3.3293917,14.607498,-29.882277,-8.960031,-1.0,1.0,-1.0,-1.0,0.0,0.4,-0.4,-0.4
24.35,21.492441,-11.028943,1.1906168,0.97317463,0.0012053659,-0.005355067,-0.23000227,0.00100547,-0.00825875,0.012371235,-0.11317498,-0.14779153,-0.03029,21.492407,-11.026991,0.3906192,0.002458868,-0.13981411,0.15572831,-0.5040684,131.46686,-42.840664,221.31099,175.63948,131.46686,-42.840664,221.31099,175.63948,1.0,-1.0,1.0,1.0,33.524375915527344,-0.4,0.4,0.4
24.366666666666667,21.492336,-11.029066,1.1926653,0.9734727,0.0029046072,-0.003432914,-0.22875895,-0.0022495782,-0.0083296895,0.1598688,0.23260157,0.41160285,0.21285401,21.492338,-11.027019,0.39266813,-0.00013660379,-0.14664432,-0.15572831,-0.4098129,30.005419,0.78802407,144.76459,47.215626,30.005419,0.78802407,144.76459,47.215626,1.0,0.78802407,1.0,1.0,33.524375915527344,0.31520963,0.4,0.4
24.383333333333333,21.492222,-11.029196,1.1932806,0.97353286,0.0021730158,-0.0031901728,-0.22851415,-0.0022435782,-0.010082552,-0.0039626546,-0.20007063,-0.12604229,-0.030420693,21.49227,-11.027045,0.3932835,-0.0034150947,-0.15402095,-0.19670944,-0.44259754,-60.30239,-47.003796,-83.53761,-73.261314,-60.30239,-47.003796,-83.53761,-73.261314,-1.0,-1.0,-1.0,-1.0,0.0,-0.4,-0.4,-0.4
24.4,21.49208,-11.029329,1.1950568,0.97382337,0.0037645763,-0.001054654,-0.22727203,-0.0046271197,-0.010182213,0.14353153,0.23703812,0.43343306,0.21276848,21.492208,-11.027083,0.39506015,-0.009152453,-0.16085117,-0.3442415,-0.4098129,18.233637,24.541626,131.84795,25.057938,18.233637,24.541626,131.84795,25.057938,1.0,1.0,1.0,1.0,33.524375915527344,0.4,0.4,0.4
24.416666666666668,21.491934,-11.029473,1.1953998,0.9738837,0.0031106418,-0.0006443499,-0.2270251,-0.003793147,-0.012006425,-0.020305146,-0.19566914,-0.10420096,-0.03049172,21.492144,-11.027123,0.39540324,-0.015026417,-0.1682961,-0.35243776,-0.44669595,-68.76189,-48.456165,-109.81339,-80.76167,-68.76189,-48.456165,-109.81339,-80.76167,-1.0,-1.0,-1.0,-1.0,0.0,-0.4,-0.4,-0.4
24.433333333333334,21.491776,-11.029631,1.1969037,0.9734743,0.004779428,0.0016707605,-0.22873996,-0.0050278036,-0.0120526375,0.12718824,0.2412456,0.4553769,-0.2733012,21.492077,-11.027175,0.39690784,-0.021583399,-0.17587766,-0.3934189,-0.45489368,13.124148,9.169577,95.3011,-1.087745,13.124148,9.169577,95.3011,-1.087745,1.0,1.0,1.0,-1.0,33.524375915527344,0.4,0.4,-0.4
24.45,21.49162,-11.029808,1.1969744,0.9733029,0.004217786,0.0022446085,-0.22947428,-0.0032550911,-0.014201922,-0.036647603,-0.18883093,-0.083394974,-0.030297011,21.492014,-11.027232,0.3969786,-0.028276984,-0.18448374,-0.40161505,-0.5163645,-85.28803,-60.967335,-144.41376,75.13586,-85.28803,-60.967335,-144.41376,75.13586,-1.0,-1.0,-1.0,1.0,0.0,-0.4,-0.4,0.4
24.466666666666665,21.49146,-11.030026,1.1982042,0.9728933,0.00074090686,0.005942862,-0.2311768,-0.0033119018,-0.01639754,0.11057246,-0.6134395,0.47526953,-0.27369168,21.491943,-11.027303,0.39820915,-0.034560762,-0.19507058,-0.3770267,-0.6352105,11.905369,-7.8491073,4.5609555,-12.4993105,11.905369,-7.8491073,4.5609555,-12.4993105,1.0,-1.0,1.0,-1.0,33.524375915527344,-0.4,0.4,-0.4
24.483333333333334,21.491325,-11.030251,1.1980015,0.9727123,-0.0014654769,0.0071020555,-0.23190121,-0.00045203842,-0.015352868,-0.053181145,-0.18141577,-0.05977126,-0.030503554,21.491879,-11.027374,0.3980069,-0.039615102,-0.20599894,-0.30326036,-0.6557017,-76.20465,215.90598,-169.62079,73.603264,-76.20465,215.90598,-169.62079,73.603264,-1.0,1.0,-1.0,1.0,0.0,0.4,-0.4,0.4
24.5,21.491262,-11.030472,1.1989535,0.9723211,-0.0011651047,0.0032055217,-0.23362355,0.003033772,-0.013224635,0.0938281,0.25350887,-0.5744349,-0.27309597,21.491808,-11.027463,0.39895952,-0.039068684,-0.21549298,0.032785084,-0.5696421,32.847027,54.944843,-121.792175,-48.503067,32.847027,54.944843,-121.792175,-48.503067,1.0,1.0,-1.0,-1.0,33.524375915527344,0.4,-0.4,-0.4
24.516666666666666,21.491205,-11.030693,1.1984764,0.97214603,-0.0020727527,0.0019448668,-0.2343583,0.0029014468,-0.013322117,-0.06949993,-0.17804731,-0.03834267,-0.030376999,21.491737,-11.027555,0.39848277,-0.038112458,-0.22471382,0.057373565,-0.55325025,-103.93488,-35.96653,122.681244,212.93579,-103.93488,-35.96653,122.681244,212.93579,-1.0,-1.0,1.0,1.0,0.0,-0.4,0.4,0.4
24.53333333333333,21.491179,-11.030897,1.199156,0.97173274,-0.0017039736,-0.0017856675,-0.23607074,0.0044257375,-0.011438213,0.07747849,0.25685716,-0.5529115,-0.27298695,21.491669,-11.027662,0.39916268,-0.035107177,-0.23168066,0.18031685,-0.41801062,35.851852,59.594166,-58.28273,-1.8555912,35.851852,59.594166,-58.28273,-1.8555912,1.0,1.0,-1.0,-1.0,33.524375915527344,0.4,-0.4,-0.4
24.55,21.491135,-11.031097,1.1984067,0.9715492,-0.0025409004,-0.0028774266,-0.23680633,0.0026453526,-0.0117333485,-0.08584664,-0.17457794,-0.016924825,-0.030257339,21.491589,-11.027773,0.39841402,-0.032511704,-0.2381011,0.15572837,-0.38522598,-102.27198,-34.57066,182.67227,239.25302,-102.27198,-34.57066,182.67227,239.25302,-1.0,-1.0,1.0,1.0,0.0,-0.4,0.4,0.4
24.566666666666666,21.491068,-11.031265,1.1988206,0.97185516,-0.00050708745,8.384489e-05,-0.23557845,0.00041438846,-0.010364054,0.061681185,0.26275176,0.5426922,0.2129586,21.491508,-11.027905,0.3988278,-0.031555474,-0.24062829,0.05737379,-0.15163152,49.962246,62.286076,70.95309,43.0289,49.962246,62.286076,70.95309,43.0289,1.0,1.0,1.0,1.0,33.524375915527344,0.4,0.4,0.4
24.583333333333332,21.491001,-11.031432,1.197801,0.9719142,-0.00073858944,0.0013350052,-0.23533036,0.00152022,-0.010670758,-0.1021494,-0.17052789,0.0048950166,-0.030245978,21.491428,-11.02804,0.39780852,-0.030599248,-0.24295056,0.057373565,-0.13933627,-54.195343,-33.593338,-167.27966,-72.35127,-54.195343,-33.593338,-167.27966,-72.35127,-1.0,-1.0,-1.0,-1.0,0.0,-0.4,-0.4,-0.4
24.6,21.490961,-11.031595,1.1979359,0.9714962,-0.00022686161,-0.0020576695,-0.23704602,0.0027287037,-0.009385088,0.04483439,0.26440087,-0.5096566,-0.27288705,21.491348,-11.028193,0.39794314,-0.02773057,-0.2436336,0.17212069,-0.040982362,76.10307,49.84006,-52.42364,-3.3433902,76.10307,49.84006,-52.42364,-3.3433902,1.0,1.0,-1.0,-1.0,33.524375915527344,0.4,-0.4,-0.4
24.616666666666667,21.490913,-11.031758,1.1966419,0.9713139,-0.0009176241,-0.002813248,-0.23778246,0.0009764453,-0.010152273,-0.11848317,-0.16685598,0.026213635,-0.03014202,21.491268,-11.028352,0.39664945,-0.025408303,-0.2439751,0.13933595,-0.020490287,-77.01066,-36.975075,181.4423,238.56285,-77.01066,-36.975075,181.4423,238.56285,-1.0,-1.0,1.0,1.0,0.0,-0.4,0.4,0.4
24.633333333333333,21.490837,-11.0318985,1.1965108,0.9716188,0.0012676463,0.00047806388,-0.23654842,-0.00083871547,-0.009425397,0.029032173,0.27049574,0.585848,0.2130853,21.491186,-11.028523,0.39651805,-0.024998493,-0.24172112,0.02458859,0.13523875,102.70735,48.300873,57.959515,33.625122,102.70735,48.300873,57.959515,33.625122,1.0,1.0,1.0,1.0,33.524375915527344,0.4,0.4,0.4
24.65,21.490759,-11.032045,1.1949464,0.97167814,0.0011838324,0.0020629761,-0.23629636,0.00070267206,-0.010248266,-0.13479766,-0.16295129,0.048009355,-0.030096682,21.4911,-11.028705,0.3949536,-0.024452077,-0.23926222,0.032784972,0.147534,-22.899042,-36.85151,-179.87904,-71.70959,-22.899042,-36.85151,-179.87904,-71.70959,-1.0,-1.0,-1.0,-1.0,0.0,-0.4,-0.4,-0.4
24.666666666666668,21.490711,-11.032202,1.1945366,0.9712586,0.001837042,-0.0009922828,-0.23801741,0.0021648954,-0.00966041,0.01219233,0.2719972,-0.4665285,-0.2727517,21.491016,-11.028898,0.39454347,-0.021856606,-0.23659842,0.15572827,0.15982835,134.11478,31.587858,-79.90871,-22.793444,134.11478,31.587858,-79.90871,-22.793444,1.0,1.0,-1.0,-1.0,33.524375915527344,0.4,-0.4,-0.4
24.683333333333334,21.490652,-11.032367,1.192698,0.97107846,0.0012927564,-0.0014125726,-0.23875287,0.0009626396,-0.010987866,-0.15112378,-0.15908246,0.069224685,-0.029993538,21.490929,-11.029101,0.39270484,-0.01980755,-0.23386632,0.1229434,0.16392587,-23.512325,-41.97266,155.17198,227.78622,-23.512325,-41.97266,155.17198,227.78622,-1.0,-1.0,1.0,1.0,0.0,-0.4,0.4,0.4
24.7,21.490587,-11.0325365,1.1920156,0.9713713,0.002018609,-0.004310058,-0.23751853,0.0010503347,-0.011008579,-0.0041252426,0.2767625,-0.44527197,0.21333586,21.490839,-11.029317,0.3920224,-0.0180317,-0.2305878,0.10655097,0.1967114,165.78575,25.092499,-8.322394,4.8876753,165.78575,25.092499,-8.322394,4.8876753,1.0,1.0,-1.0,1.0,33.524375915527344,0.4,-0.4,0.4
24.716666666666665,21.490505,-11.032709,1.1899045,0.97143096,0.0015684111,-0.0045649866,-0.23727316,-0.0011143307,-0.012431949,-0.16743232,-0.15264988,0.09171992,-0.03021376,21.49075,-11.029541,0.38991097,-0.017485285,-0.22689947,0.03278486,0.22129922,-12.220998,-36.045624,208.10626,-39.199142,-12.220998,-36.045624,208.10626,-39.199142,-1.0,-1.0,1.0,-1.0,0.0,-0.4,0.4,-0.4
24.733333333333334,21.490376,-11.032878,1.188956,0.9717382,0.0039945166,-0.00077337323,-0.23602606,-0.0028572031,-0.012864221,-0.019917756,0.28468367,0.65134394,0.21301319,21.490658,-11.029779,0.38896227,-0.02021736,-0.22191341,-0.16392453,0.29916373,199.56853,15.698002,85.08567,5.6519365,199.56853,15.698002,85.08567,5.6519365,1.0,1.0,1.0,1.0,33.524375915527344,0.4,0.4,0.4
24.75,21.490227,-11.03309,1.1904576,0.9717993,0.0042162677,0.0014372272,-0.23576732,-0.0019912147,-0.014999057,0.12690967,-0.14356063,0.13511133,-0.03012248,21.49056,-11.03004,0.3904634,-0.023905663,-0.21842998,-0.2212981,0.20900576,61.42518,-44.89181,-168.32803,-79.829414,61.42518,-44.89181,-168.32803,-79.829414,1.0,-1.0,-1.0,-1.0,33.524375915527344,-0.4,-0.4,-0.4
24.766666666666666,21.490086,-11.033328,1.1905231,0.97210723,-9.123542e-05,0.00017457038,-0.23453666,-0.00058469054,-0.0167388,-0.037025582,-0.57487077,-0.4032909,0.21272162,21.490467,-11.030301,0.39052892,-0.02732076,-0.21679072,-0.20490578,0.0983557,-56.77149,-3.1538582,-76.791016,17.176394,-56.77149,-3.1538582,-76.791016,17.176394,-1.0,-1.0,-1.0,1.0,0.0,-0.4,-0.4,0.4
24.78333333333333,21.489943,-11.033552,1.1917495,0.97216475,-0.0020551775,0.00078189455,-0.23428765,-0.0016160578,-0.015805406,0.11039431,-0.1367795,0.15545097,-0.029932866,21.490368,-11.030578,0.3917552,-0.030462643,-0.2130341,-0.18851301,0.22539763,47.968616,211.08655,149.19052,-78.57567,47.968616,211.08655,149.19052,-78.57567,1.0,1.0,1.0,-1.0,33.524375915527344,0.4,0.4,-0.4
24.8,21.489815,-11.03377,1.1915445,0.9724634,-0.0010288991,-0.0015770451,-0.23304796,-0.0009557147,-0.014678524,-0.05324503,0.29363564,-0.38080284,0.21339028,21.490273,-11.030864,0.39155003,-0.032784913,-0.20811632,-0.13933617,0.2950662,-44.231384,67.623024,-57.678062,3.9908674,-44.231384,67.623024,-57.678062,3.9908674,-1.0,1.0,-1.0,1.0,0.0,0.4,-0.4,0.4
24.816666666666666,21.48967,-11.033974,1.1924993,0.9725231,-0.0011525967,-0.0012188042,-0.23280019,-0.0026667942,-0.015118346,0.09410383,-0.1305518,0.17789511,-0.030147804,21.490177,-11.03116,0.39250448,-0.036336612,-0.201491,-0.21310194,0.39751944,51.17766,-25.541683,179.47049,-70.79297,51.17766,-25.541683,179.47049,-70.79297,1.0,-1.0,1.0,-1.0,33.524375915527344,-0.4,0.4,-0.4
24.833333333333332,21.489523,-11.034175,1.1920216,0.97281444,-3.1053038e-05,-0.0034081796,-0.2315607,-0.0026133924,-0.014484698,-0.069529936,0.29986194,-0.35838845,0.21316604,21.49008,-11.031466,0.39202654,-0.039888307,-0.19404605,-0.21310171,0.44669685,-42.37529,54.275383,-1.446323,10.736464,-42.37529,54.275383,-1.446323,10.736464,-1.0,1.0,-1.0,1.0,0.0,0.4,-0.4,0.4
24.85,21.489344,-11.034368,1.192704,0.9728748,-6.2517036e-05,-0.0028805828,-0.23131414,-0.004859264,-0.015413482,0.07782023,-0.12440351,0.20033436,-0.030364025,21.489983,-11.03178,0.39270866,-0.04576227,-0.18530336,-0.35243776,0.52456135,55.04359,-29.214334,210.59496,-70.68529,55.04359,-29.214334,210.59496,-70.68529,1.0,-1.0,1.0,-1.0,33.524375915527344,-0.4,0.4,-0.4
24.866666666666667,21.489138,-11.034549,1.1919608,0.9731677,0.0027156956,0.0016290082,-0.23007491,-0.0058443304,-0.015307318,-0.0853538,0.307369,0.73818225,0.21286762,21.489878,-11.0321,0.39196506,-0.053002276,-0.17539954,-0.43440026,0.59422904,-34.98774,35.843033,59.322525,13.911698,-34.98774,35.843033,59.322525,13.911698,-1.0,1.0,1.0,1.0,0.0,0.4,0.4,0.4
24.883333333333333,21.488958,-11.034764,1.1923729,0.9732181,0.0032736424,0.004502112,-0.22981638,-0.003932906,-0.016777609,0.06146285,-0.12100863,0.22197786,-0.030207142,21.48978,-11.032433,0.3923769,-0.058876246,-0.16699837,-0.3524382,0.50407016,90.588295,-39.488857,-187.96535,-98.08498,90.588295,-39.488857,-187.96535,-98.08498,1.0,-1.0,-1.0,-1.0,33.524375915527344,-0.4,-0.4,-0.4
24.9,21.488792,-11.035,1.1913493,0.97282016,0.00086610677,0.0035243088,-0.23153305,-0.0016153655,-0.01722678,-0.10237702,-0.29711455,-0.31526223,-0.27322346,21.489677,-11.032766,0.391353,-0.06338417,-0.15996325,-0.27047527,0.42210725,-20.369907,-0.40622753,-124.16246,-50.066917,-20.369907,-0.40622753,-124.16246,-50.066917,-1.0,-0.40622753,-1.0,-1.0,0.0,-0.16249101,-0.4,-0.4
24.916666666666668,21.488644,-11.03524,1.1914867,0.97264147,0.0013132761,0.0043185353,-0.23226751,-0.0013550285,-0.016481653,0.045119006,0.13978687,0.24520287,-0.029807158,21.489563,-11.033112,0.39149028,-0.06584304,-0.15245,-0.14753221,0.45079526,149.12624,107.89854,94.6321,146.73706,149.12624,107.89854,94.6321,146.73706,1.0,1.0,1.0,1.0,33.524375915527344,0.4,0.4,0.4
24.933333333333334,21.488548,-11.03551,1.1940739,0.97223455,-0.0004307173,0.0035178533,-0.23398134,0.0015919455,-0.01758276,0.19191208,-0.28688592,-0.27122867,-0.2729968,21.489452,-11.033474,0.3940772,-0.06475021,-0.1458247,0.06556972,0.39751765,9.490234,-32.88874,-143.24608,-45.67871,9.490234,-32.88874,-143.24608,-45.67871,1.0,-1.0,-1.0,-1.0,33.524375915527344,-0.4,-0.4,-0.4
24.95,21.488457,-11.035773,1.1952331,0.9720537,0.00012421854,0.004523017,-0.2347146,0.0017503854,-0.016578771,0.028754475,0.14478111,0.26761132,-0.029575313,21.489338,-11.033834,0.39523616,-0.06311096,-0.13885789,0.09835481,0.41800883,-103.34467,135.87854,42.295,196.98715,-103.34467,135.87854,42.295,196.98715,-1.0,1.0,1.0,1.0,0.0,0.4,0.4,0.4
24.966666666666665,21.488367,-11.036044,1.1936648,0.9716415,-0.0016025869,0.003772959,-0.23642308,0.0038374197,-0.016433122,-0.13511842,-0.2873928,-0.27048886,-0.27276337,21.48922,-11.034195,0.39366758,-0.061061904,-0.13243748,0.12294351,0.3852242,-17.09052,-28.313185,-163.50539,-37.152245,-17.09052,-28.313185,-163.50539,-37.152245,-1.0,-1.0,-1.0,-1.0,0.0,-0.4,-0.4,-0.4
24.983333333333334,21.488304,-11.036301,1.1932573,0.9714588,-0.0009820741,0.00490639,-0.2371555,0.004084396,-0.014835038,0.012394284,0.14981051,0.29002598,-0.029340746,21.489094,-11.034566,0.39325988,-0.056553975,-0.12424123,0.27047572,0.49177495,153.02444,130.26596,33.66558,152.7374,153.02444,130.26596,33.66558,152.7374,1.0,1.0,1.0,1.0,33.524375915527344,0.4,0.4,0.4
25.0,21.488298,-11.036564,1.1952995,0.9710404,-0.0025615925,0.0044530574,-0.23885976,0.006897257,-0.0149645815,0.15919109,-0.27695632,-0.22651695,-0.27255496,21.488966,-11.034948,0.39530143,-0.047811333,-0.115703486,0.5245585,0.5122648,24.343414,-20.768267,-182.04797,-37.349194,24.343414,-20.768267,-182.04797,-37.349194,1.0,-1.0,-1.0,-1.0,33.524375915527344,-0.4,-0.4,-0.4
25.016666666666666,21.488327,-11.03683,1.1959075,0.97087264,-0.003452761,-0.00071833626,-0.23956978,0.008910918,-0.013221699,-0.0045645465,0.1521518,-0.7616942,-0.028968252,21.488838,-11.035335,0.39590925,-0.036609817,-0.107097425,0.6720909,0.5163636,-99.16162,160.46873,-47.99465,200.54391,-99.16162,160.46873,-47.99465,200.54391,-1.0,1.0,-1.0,1.0,0.0,0.4,-0.4,0.4
25.03333333333333,21.48835,-11.037083,1.1937937,0.97117823,-0.00031598195,-0.004557916,-0.23831065,0.0064889523,-0.012951697,-0.16767296,0.58458,-0.22290239,0.2139814,21.48871,-11.03572,0.39379513,-0.025818117,-0.09760345,0.647502,0.56963855,-48.224796,4.1832595,212.79263,131.98743,-48.224796,4.1832595,212.79263,131.98743,-1.0,1.0,1.0,1.0,0.0,0.4,0.4,0.4
25.05,21.488323,-11.037324,1.1928414,0.9712451,0.002226567,-0.0034948194,-0.23804541,0.0041617122,-0.014368749,-0.020230042,0.15995967,0.33622763,-0.029570011,21.488583,-11.036111,0.39284244,-0.018578114,-0.08688004,0.43440014,0.64340425,98.00972,-43.871296,129.43427,-53.126945,98.00972,-43.871296,129.43427,-53.126945,1.0,-1.0,1.0,-1.0,33.524375915527344,-0.4,0.4,-0.4
25.066666666666666,21.48825,-11.037594,1.1943384,0.9715476,0.0008277696,-0.003597033,-0.23681542,0.0041074315,-0.016477326,0.12656885,-0.26639825,-0.18058199,0.21326286,21.488453,-11.036513,0.3943394,-0.014480001,-0.077386074,0.24588674,0.56963813,45.706966,-42.551224,-88.94927,17.620422,45.706966,-42.551224,-88.94927,17.620422,1.0,-1.0,-1.0,1.0,33.524375915527344,-0.4,-0.4,0.4
25.083333333333332,21.488165,-11.037854,1.1944077,0.97161335,0.0017332931,-0.0019084808,-0.2365602,0.0023288561,-0.016255347,-0.036577392,0.16568701,0.35721278,-0.029603314,21.48832,-11.036914,0.39440823,-0.011064907,-0.06734568,0.20490567,0.60242367,-113.69987,96.36602,135.3409,-42.834145,-113.69987,96.36602,135.3409,-42.834145,-1.0,1.0,1.0,-1.0,0.0,0.4,0.4,-0.4
25.1,21.488068,-11.038132,1.1956326,0.97119516,0.00042666233,-0.0018454005,-0.23827787,0.0029160483,-0.01777727,0.11021692,-0.26103938,-0.15936454,-0.27278414,21.488188,-11.037319,0.39563316,-0.008606038,-0.058193225,0.1475321,0.5491472,51.969643,-41.55486,-103.76297,-3.2642922,51.969643,-41.55486,-103.76297,-3.2642922,1.0,-1.0,-1.0,-1.0,33.524375915527344,-0.4,-0.4,-0.4
25.116666666666667,21.487963,-11.038408,1.1954294,0.97101724,0.0014250816,1.030921e-05,-0.2390052,0.0017174918,-0.01753151,-0.05293083,0.17118546,0.3794137,-0.029372621,21.48806,-11.037729,0.39542997,-0.006966793,-0.048630953,0.0983547,0.5737363,-79.45332,106.480225,101.31499,233.50371,-79.45332,106.480225,101.31499,233.50371,-1.0,1.0,1.0,1.0,0.0,0.4,0.4,0.4
25.133333333333333,21.487862,-11.0387,1.1963818,0.97059524,0.00020322419,0.00024427343,-0.24071707,0.0029332596,-0.01874698,0.093861826,-0.25558576,-0.1372338,-0.27255267,21.48793,-11.038138,0.3963821,-0.004917736,-0.04022982,0.1229434,0.50406796,59.91648,-38.645123,-131.01306,-8.461717,59.91648,-38.645123,-131.01306,-8.461717,1.0,-1.0,-1.0,-1.0,33.524375915527344,-0.4,-0.4,-0.4
25.15,21.48775,-11.038989,1.1959068,0.97041124,0.0012937997,0.002264762,-0.24144374,0.0024744943,-0.018289419,-0.06928053,0.17678387,0.40155643,-0.029145896,21.487791,-11.03855,0.3959071,-0.0030052832,-0.03141887,0.114747174,0.5286569,-72.65122,105.437485,60.286526,231.47176,-72.65122,105.437485,60.286526,231.47176,-1.0,1.0,1.0,1.0,0.0,0.4,0.4,0.4
25.166666666666668,21.487663,-11.039299,1.1965867,0.96998507,0.00015778973,0.002668719,-0.24314971,0.0044584014,-0.019224783,0.07751587,-0.25003263,-0.11516454,-0.27232903,21.487661,-11.038962,0.396587,0.00013660379,-0.024110569,0.1885132,0.4384981,70.39698,-35.127747,-167.0682,-17.777288,70.39698,-35.127747,-167.0682,-17.777288,1.0,-1.0,-1.0,-1.0,33.524375915527344,-0.4,-0.4,-0.4
25.183333333333334,21.48759,-11.039618,1.1958323,0.96980566,-0.00030966263,-0.0016515766,-0.24387303,0.005429695,-0.018585004,-0.08619426,0.17933474,-0.6503384,-0.02879836,21.48752,-11.039376,0.3958324,0.00505434,-0.01728038,0.29506418,0.40981135,-65.324814,103.25299,-23.51268,222.87723,-65.324814,103.25299,-23.51268,222.87723,-1.0,1.0,-1.0,1.0,0.0,0.4,-0.4,0.4
25.2,21.487497,-11.03993,1.1962379,0.9701096,-0.0019056466,-0.0032434794,-0.2426379,0.0035976227,-0.019511476,0.061104782,-0.2446475,-0.09259664,0.21378525,21.487387,-11.039792,0.39623794,0.007923019,-0.009903775,0.17212072,0.44259626,38.441895,-20.792612,218.52737,125.78071,38.441895,-20.792612,218.52737,125.78071,1.0,-1.0,1.0,1.0,33.524375915527344,-0.4,0.4,0.4
25.216666666666665,21.487385,-11.040226,1.1952176,0.97017956,-0.00063654035,-0.0008911717,-0.24238484,0.0021093513,-0.018500645,-0.102029406,0.187399,0.44531858,-0.029113896,21.487251,-11.040208,0.3952177,0.009562265,-0.001297736,0.09835476,0.5163623,-85.799934,106.240166,113.05392,-26.266314,-85.799934,106.240166,113.05392,-26.266314,-1.0,1.0,1.0,-1.0,0.0,0.4,0.4,-0.4
25.233333333333334,21.487276,-11.040522,1.195353,0.96975017,-0.0015922355,-0.00015685328,-0.24409404,0.0028757977,-0.018983185,0.044769876,-0.23940793,-0.071444675,-0.27228385,21.48712,-11.040623,0.3953532,0.01120151,0.0072400006,0.0983547,0.5122642,105.14664,-33.437977,-131.73099,-4.2270594,105.14664,-33.437977,-131.73099,-4.2270594,1.0,-1.0,-1.0,-1.0,33.524375915527344,-0.4,-0.4,-0.4
25.25,21.487165,-11.04081,1.1940603,0.9695649,-0.00022742293,0.002356707,-0.24482267,0.0024947245,-0.018076243,-0.1183638,0.19330202,0.46732262,-0.028891217,21.48699,-11.041039,0.3940606,0.012567548,0.016460756,0.081962265,0.55324525,-21.822468,114.24152,49.806133,235.90977,-21.822468,114.24152,49.806133,235.90977,-1.0,1.0,1.0,1.0,0.0,0.4,0.4,0.4
25.266666666666666,21.48708,-11.041112,1.193923,0.9691302,-0.0010949698,0.0032594888,-0.2465254,0.004448118,-0.018386038,0.02844339,-0.23355147,-0.04952279,-0.27206004,21.486862,-11.041457,0.39392334,0.015572831,0.024725284,0.18031697,0.4958717,123.10874,-28.947361,-177.28242,-22.40824,123.10874,-28.947361,-177.28242,-22.40824,1.0,-1.0,-1.0,-1.0,33.524375915527344,-0.4,-0.4,-0.4
25.28333333333333,21.48704,-11.0414095,1.1962347,0.9689524,-0.0012426315,-0.00044149096,-0.2472435,0.0071455804,-0.016848672,0.17540033,0.20137379,-0.5629904,-0.028565167,21.48673,-11.041868,0.3962351,0.022129813,0.032853212,0.3934189,0.48767564,8.886426,109.96797,-62.08005,215.56844,8.886426,109.96797,-62.08005,215.56844,1.0,1.0,-1.0,1.0,33.524375915527344,0.4,-0.4,0.4
25.3,21.486996,-11.041709,1.1971174,0.96926403,-0.002550945,-0.0014912396,-0.24600486,0.006009346,-0.017325422,0.012045367,-0.22798125,-0.027122013,0.21401837,21.486605,-11.042279,0.39711785,0.028003776,0.040844534,0.35243776,0.47947925,-129.2828,-15.719726,168.90112,158.31839,-129.2828,-15.719726,168.90112,158.31839,-1.0,-1.0,1.0,1.0,0.0,-0.4,0.4,0.4
25.316666666666666,21.486938,-11.041995,1.1952802,0.9693307,-0.0010048059,0.0013520101,-0.24575417,0.005443994,-0.01608202,-0.15106642,0.20400909,0.5108648,-0.028901963,21.486471,-11.04269,0.39528048,0.03346793,0.049792085,0.32784918,0.536853,-59.38446,107.13638,26.49019,-25.553066,-59.38446,107.13638,26.49019,-25.553066,-1.0,1.0,1.0,-1.0,0.0,0.4,0.4,-0.4
25.333333333333332,21.486898,-11.042285,1.1945984,0.9688935,-0.0016942692,0.0025837226,-0.24745825,0.0070810714,-0.016157713,-0.004244527,-0.2228393,-0.0060400954,-0.27205825,21.486336,-11.043099,0.39459917,0.04029812,0.058329828,0.40981135,0.51226455,135.6888,-26.828218,-186.27676,-22.314377,135.6888,-26.828218,-186.27676,-22.314377,1.0,-1.0,-1.0,-1.0,33.524375915527344,-0.4,-0.4,-0.4
25.35,21.486908,-11.042565,1.1963656,0.9687135,-0.0016680085,-0.0007878931,-0.24817471,0.009205995,-0.014518367,0.14269955,0.21219468,-0.5195142,-0.02858118,21.486216,-11.043501,0.3963664,0.04958718,0.06700417,0.55734354,0.52046025,33.68983,111.615295,-81.63037,210.54831,33.68983,111.615295,-81.63037,210.54831,1.0,1.0,-1.0,1.0,33.524375915527344,0.4,-0.4,0.4
25.366666666666667,21.486908,-11.042844,1.1967036,0.96902627,-0.002800299,-0.0015080908,-0.24693689,0.007858515,-0.01483134,-0.020646654,-0.21715628,0.016283419,0.21400476,21.48609,-11.0439,0.39670476,0.058603037,0.07561021,0.54095143,0.5163627,-113.16259,-14.740237,153.12852,162.55327,-113.16259,-14.740237,153.12852,162.55327,-1.0,-1.0,1.0,1.0,0.0,-0.4,0.4,0.4
25.383333333333333,21.486923,-11.043123,1.194315,0.96908426,-0.0027454686,-0.0048372294,-0.24666703,0.006848792,-0.013596377,-0.1843569,0.21244697,-0.5196246,-0.028772982,21.48597,-11.044303,0.39431655,0.06830191,0.08448947,0.58193225,0.5327555,-27.207344,105.84462,-19.242205,-28.98112,-27.207344,105.84462,-19.242205,-28.98112,-1.0,1.0,-1.0,-1.0,0.0,0.4,-0.4,-0.4
25.4,21.48689,-11.043372,1.1930863,0.96939075,-0.0038137927,-0.0054353327,-0.24543321,0.0035980062,-0.01383378,-0.037018992,-0.21153112,0.037946705,0.21382529,21.485851,-11.044701,0.39308813,0.074449085,0.095144585,0.36883053,0.6393067,143.1281,-12.229779,222.7404,114.950966,143.1281,-12.229779,222.7404,114.950966,1.0,-1.0,1.0,1.0,33.524375915527344,-0.4,0.4,0.4
25.416666666666668,21.486803,-11.043558,1.1943144,0.969472,-0.0019395071,-0.0019747962,-0.24518605,0.00011155108,-0.012013268,0.11051701,0.22571784,0.59769255,-0.02910543,21.48574,-11.045091,0.3943167,0.07608833,0.10976121,0.09835481,0.87699735,23.001137,110.92179,101.58291,-21.237846,23.001137,110.92179,101.58291,-21.237846,1.0,1.0,1.0,-1.0,33.524375915527344,0.4,0.4,-0.4
25.433333333333334,21.486713,-11.043742,1.194109,0.9697843,-0.002340379,-0.00020900198,-0.24395236,0.00030014195,-0.01227129,-0.05332289,-0.20654574,0.058835328,0.21380845,21.485638,-11.045481,0.39411157,0.077044554,0.124514446,0.05737334,0.8851942,-33.150417,-26.547853,-138.3042,35.185955,-33.150417,-26.547853,-138.3042,35.185955,-1.0,-1.0,-1.0,1.0,0.0,-0.4,-0.4,0.4
25.45,21.486637,-11.043904,1.1950582,0.96984655,-0.0020376411,-0.0030930443,-0.2436881,0.0011110668,-0.0105434675,0.09366634,0.22838634,-0.45540094,-0.028981568,21.485535,-11.045858,0.39506164,0.078957014,0.13995071,0.11474758,0.92617565,29.863163,102.05633,-2.4603407,-51.172832,29.863163,102.05633,-2.4603407,-51.172832,1.0,1.0,-1.0,-1.0,33.524375915527344,0.4,-0.4,-0.4
25.466666666666665,21.48655,-11.044062,1.1945783,0.97015274,-0.0029089646,-0.0033323346,-0.24245414,-0.0010065631,-0.010828322,-0.06965021,-0.20107096,0.08042185,0.21363157,21.485435,-11.046231,0.39458215,0.07977664,0.155387,0.049177404,0.92617744,-77.48715,-14.149804,212.70111,146.83769,-77.48715,-14.149804,212.70111,146.83769,-1.0,-1.0,1.0,1.0,0.0,-0.4,0.4,0.4
25.483333333333334,21.486431,-11.044181,1.1952614,0.9702239,-0.0008755582,0.00045572384,-0.24220762,-0.0034292648,-0.009207165,0.0778434,0.23603047,0.64010805,-0.029304551,21.485336,-11.046597,0.39526585,0.078410596,0.17300896,-0.08196249,1.0573177,37.20212,103.06904,80.73478,-44.12229,37.20212,103.06904,80.73478,-44.12229,1.0,1.0,1.0,-1.0,33.524375915527344,0.4,0.4,-0.4
25.5,21.486315,-11.044302,1.1945113,0.9705283,-0.0011094229,0.0025408608,-0.24097106,-0.0022110255,-0.009562851,-0.08600232,-0.1962232,0.10126154,0.21363436,21.485243,-11.046958,0.39451662,0.07677135,0.19022112,-0.09835481,1.032729,-22.548794,-28.153803,-163.322,6.0264754,-22.548794,-28.153803,-163.322,6.0264754,-1.0,-1.0,-1.0,1.0,0.0,-0.4,-0.4,0.4
25.516666666666666,21.486238,-11.044418,1.1949158,0.9705956,-0.00062916504,-2.0522995e-05,-0.24071518,-0.0005005819,-0.008104824,0.06099163,0.23863578,-0.41304284,-0.029165376,21.485159,-11.047305,0.3949219,0.07731777,0.20675029,0.032785084,0.9917503,55.93866,87.64207,-65.07558,-74.49856,55.93866,87.64207,-65.07558,-74.49856,1.0,1.0,-1.0,-1.0,33.524375915527344,0.4,-0.4,-0.4
25.53333333333333,21.486158,-11.044536,1.1938909,0.9709004,-0.0013282357,5.7444962e-05,-0.2394798,-0.0014821663,-0.00855674,-0.102325246,-0.190887,0.12279688,0.21346243,21.485077,-11.047649,0.39389768,0.07745437,0.22300623,0.008196383,0.97535664,-55.916286,-18.97265,167.70378,117.77655,-55.916286,-18.97265,167.70378,117.77655,-1.0,-1.0,1.0,1.0,0.0,-0.4,0.4,0.4
25.55,21.486082,-11.0446415,1.1940229,0.9709616,-0.0007588141,-0.0023394933,-0.23922254,-0.00070536684,-0.0072813146,0.044665363,0.24393252,-0.39151517,-0.02934017,21.484993,-11.047977,0.39403093,0.07800079,0.23892072,0.032785084,0.95486903,75.62266,84.41322,-25.552917,-71.13478,75.62266,84.41322,-25.552917,-71.13478,1.0,1.0,-1.0,-1.0,33.524375915527344,0.4,-0.4,-0.4
25.566666666666666,21.486,-11.044746,1.1927261,0.9712642,-0.0013750332,-0.0020986283,-0.23799032,-0.0023916897,-0.007858948,-0.11864845,-0.18562177,0.1443311,0.21329556,21.484917,-11.048302,0.39273497,0.07759098,0.25463027,-0.024588702,0.9425729,-39.742943,-20.995182,197.75339,117.2984,-39.742943,-20.995182,197.75339,117.2984,-1.0,-1.0,1.0,1.0,0.0,-0.4,0.4,0.4
25.583333333333332,21.485895,-11.0448265,1.1925923,0.9713256,0.0008915463,0.0021852967,-0.23774132,-0.00377887,-0.006793973,0.02883007,0.25125387,0.70393896,-0.029645324,21.48484,-11.048608,0.392602,0.07554191,0.27081802,-0.12294396,0.9712654,101.11118,79.13305,32.15875,-69.51812,101.11118,79.13305,32.15875,-69.51812,1.0,1.0,1.0,-1.0,33.524375915527344,0.4,0.4,-0.4
25.6,21.485815,-11.044922,1.1949085,0.9708959,0.00095623743,0.0048823357,-0.23944983,-0.0023765492,-0.0078118355,0.17565215,-0.17525852,0.18690261,-0.27270886,21.484774,-11.048886,0.39491922,0.07458568,0.28393215,-0.05737379,0.7868474,34.724743,-33.412918,-195.13618,-33.877113,34.724743,-33.412918,-195.13618,-33.877113,1.0,-1.0,-1.0,-1.0,33.524375915527344,-0.4,-0.4,-0.4
25.616666666666667,21.48576,-11.0450325,1.19579,0.9707212,0.0017176121,0.0028516226,-0.24018571,0.00012711315,-0.0071293632,0.0119863115,0.25508046,-0.34862265,-0.029230373,21.484707,-11.049164,0.3958016,0.07540531,0.29588512,0.049177404,0.7171779,-87.600464,85.149734,-117.59261,172.06122,-87.600464,85.149734,-117.59261,172.06122,-1.0,1.0,-1.0,1.0,0.0,0.4,-0.4,0.4
25.633333333333333,21.485693,-11.045144,1.1939484,0.97102535,0.0012840707,0.0034141762,-0.23894842,0.00039659662,-0.0080787605,-0.15132396,-0.17446372,0.18715134,0.21342182,21.484644,-11.049439,0.39396057,0.0751321,0.3076332,-0.016392319,0.70488447,-22.813084,-29.195805,95.88303,90.17395,-22.813084,-29.195805,95.88303,90.17395,-1.0,-1.0,1.0,1.0,0.0,-0.4,0.4,0.4
25.65,21.485659,-11.045269,1.1932633,0.9710894,0.0021148566,0.0015059614,-0.23870148,0.0024377112,-0.0075720577,-0.0043377406,0.26015443,-0.32714948,-0.029368354,21.484583,-11.049692,0.39327636,0.077044554,0.31678578,0.11474713,0.5491554,120.72458,46.440887,-118.618835,-89.71293,120.72458,46.440887,-118.618835,-89.71293,1.0,1.0,-1.0,-1.0,33.524375915527344,0.4,-0.4,-0.4
25.666666666666668,21.485632,-11.045425,1.1950321,0.9713917,0.0018274828,0.0023545471,-0.23746435,0.0019312749,-0.009247289,0.14301674,-0.16402432,0.2303313,0.21329094,21.484531,-11.049917,0.39504543,0.07882041,0.32170358,0.10655119,0.295068,20.804148,-33.46352,101.0275,80.26397,20.804148,-33.46352,101.0275,80.26397,1.0,-1.0,1.0,1.0,33.524375915527344,-0.4,0.4,0.4
25.683333333333334,21.485611,-11.045584,1.195369,0.9714524,0.0027651484,0.0006524418,-0.23721752,0.003641932,-0.008905606,-0.02065965,0.26510483,-0.3056761,-0.029471692,21.484478,-11.050134,0.3953827,0.08114267,0.3258701,0.13933583,0.2499908,-94.12847,40.093563,-123.555984,-68.08387,-94.12847,40.093563,-123.555984,-68.08387,-1.0,1.0,-1.0,-1.0,0.0,0.4,-0.4,-0.4
25.7,21.485582,-11.045768,1.1968658,0.9717531,0.0025579457,0.0016635355,-0.23598005,0.0028996493,-0.010863271,0.12669769,-0.15909971,0.25181323,0.21318759,21.484434,-11.050325,0.3968796,0.08223551,0.3264165,0.06557017,0.032783743,10.5834465,-40.54454,102.52671,73.014015,10.5834465,-40.54454,102.52671,73.014015,1.0,-1.0,1.0,1.0,33.524375915527344,-0.4,0.4,0.4
25.716666666666665,21.485563,-11.045957,1.1969303,0.971811,0.0035796608,0.00012695056,-0.23573379,0.0044118697,-0.0108549595,-0.03697349,0.2699932,-0.28420913,-0.029552154,21.484392,-11.050509,0.39694405,0.08387475,0.326075,0.09835436,-0.020490287,-98.456184,19.841173,-121.15349,-67.66129,-98.456184,19.841173,-121.15349,-67.66129,-1.0,1.0,-1.0,-1.0,0.0,0.4,-0.4,-0.4
25.733333333333334,21.48553,-11.04618,1.1981541,0.9721102,0.0034515387,0.001301336,-0.23449542,0.0035689697,-0.01312341,0.11038777,-0.1542378,0.27328712,0.2130967,21.48436,-11.0506735,0.3981676,0.08387475,0.3218402,0.0,-0.25408742,7.4681168,-48.012962,101.65662,61.605446,7.4681168,-48.012962,101.65662,61.605446,1.0,-1.0,1.0,1.0,33.524375915527344,-0.4,0.4,0.4
25.75,21.485493,-11.04642,1.1979448,0.9721762,0.0011915884,0.0007295074,-0.23424657,0.005011497,-0.013990983,-0.05345183,-0.27871847,-0.2645664,-0.03008397,21.484322,-11.050829,0.39795807,0.08387475,0.31576124,0.0,-0.36473748,-98.56975,-0.28439194,-122.268196,-67.71985,-98.56975,-0.28439194,-122.268196,-67.71985,-1.0,-0.28439194,-1.0,-1.0,0.0,-0.113756776,-0.4,-0.4
25.766666666666666,21.48545,-11.046664,1.198897,0.9724702,0.0018988185,0.0018908102,-0.23301141,0.0041988525,-0.01368491,0.09405833,0.15925576,0.29545495,0.21311213,21.484283,-11.050965,0.39890945,0.08360154,0.30804303,-0.016392319,-0.4630923,18.090408,69.92815,96.07191,58.79019,18.090408,69.92815,96.07191,58.79019,1.0,1.0,1.0,1.0,33.524375915527344,0.4,0.4,0.4
25.78333333333333,21.485418,-11.046918,1.1984159,0.9725326,0.00034728556,0.0013355856,-0.23276241,0.0056988853,-0.014535103,-0.06981166,-0.27382743,-0.24264678,-0.030245475,21.484251,-11.051094,0.39842787,0.08360154,0.29909536,0.0,-0.53686017,-75.432785,-35.3568,-138.88649,-68.531586,-75.432785,-35.3568,-138.88649,-68.531586,-1.0,-1.0,-1.0,-1.0,0.0,-0.4,-0.4,-0.4
25.8,21.485405,-11.047168,1.1990957,0.9728235,0.0011355791,0.002666846,-0.23152952,0.0050663436,-0.01390028,0.0777038,0.16412076,0.31733465,0.21294333,21.48424,-11.051199,0.3991069,0.08346494,0.28871334,-0.008195936,-0.6229215,35.06358,71.11065,71.979385,39.448586,35.06358,71.11065,71.979385,39.448586,1.0,1.0,1.0,1.0,33.524375915527344,0.4,0.4,0.4
25.816666666666666,21.48539,-11.04743,1.1983422,0.9728846,-0.00033381965,0.0022777342,-0.23127949,0.0067563625,-0.014412426,-0.08616409,-0.2690044,-0.22075886,-0.03040699,21.48422,-11.051301,0.3983525,0.08373815,0.2772385,0.016392319,-0.6884908,-66.682495,-33.788036,-156.7405,-75.22165,-66.682495,-33.788036,-156.7405,-75.22165,-1.0,-1.0,-1.0,-1.0,0.0,-0.4,-0.4,-0.4
25.833333333333332,21.485386,-11.047685,1.1987497,0.97317153,0.0005347664,0.0037791152,-0.23004879,0.0064471504,-0.013480936,0.06135981,0.16891664,0.339185,0.21277867,21.484203,-11.051382,0.39875925,0.08469438,0.26480737,0.05737379,-0.74586684,58.087177,72.310265,27.267239,15.882348,58.087177,72.310265,27.267239,15.882348,1.0,1.0,1.0,1.0,33.524375915527344,0.4,0.4,0.4
25.849999999999998,21.4854,-11.047947,1.1977237,0.97323143,-0.00085293344,0.0035561195,-0.22979811,0.008459597,-0.013685001,-0.10250264,-0.26424983,-0.19889967,-0.030560382,21.484194,-11.051455,0.39773247,0.086333625,0.25121516,0.09835481,-0.81553274,-53.890797,-31.463053,-181.57455,-83.756294,-53.890797,-31.463053,-181.57455,-83.756294,-1.0,-1.0,-1.0,-1.0,0.0,-0.4,-0.4,-0.4
25.866666666666667,21.485447,-11.048209,1.1978523,0.97282946,-0.001477169,-0.0013027249,-0.23151428,0.0103388205,-0.012219508,0.044393893,0.17019147,-0.7126272,-0.27308232,21.484182,-11.051514,0.39786008,0.09056835,0.23666672,0.2540834,-0.8729061,86.12471,73.623085,-38.483326,-12.140334,86.12471,73.623085,-38.483326,-12.140334,1.0,1.0,-1.0,-1.0,33.524375915527344,0.4,-0.4,-0.4
25.883333333333333,21.485498,-11.048472,1.1965516,0.97264385,-0.003322573,-0.0035256606,-0.23225059,0.008333528,-0.012329522,-0.118985265,-0.26151317,-0.17676024,-0.030327905,21.484182,-11.051568,0.39655894,0.094256654,0.22170849,0.22129832,-0.8974939,-68.63416,-32.142082,201.19432,246.56805,-68.63416,-32.142082,201.19432,246.56805,-1.0,-1.0,1.0,1.0,0.0,-0.4,0.4,0.4
25.9,21.485506,-11.048688,1.196414,0.972944,-0.0023136444,-0.0016794614,-0.23102292,0.0059205657,-0.010870794,0.028547572,0.17643782,0.38323668,0.21285574,21.484177,-11.051603,0.3964205,0.095212884,0.20879935,0.05737379,-0.7745486,112.481255,89.44216,124.70013,41.479973,112.481255,89.44216,124.70013,41.479973,1.0,1.0,1.0,1.0,33.524375915527344,0.4,0.4,0.4
25.916666666666668,21.48552,-11.048902,1.194843,0.97299874,-0.0035587377,-0.0015575989,-0.23077756,0.006046686,-0.010509952,-0.13530134,-0.25689888,-0.15489757,-0.030465309,21.484179,-11.051634,0.39484888,0.09603251,0.19568531,0.049177404,-0.78684205,-12.445015,-30.87961,-120.3595,-69.75275,-12.445015,-30.87961,-120.3595,-69.75275,-1.0,-1.0,-1.0,-1.0,0.0,-0.4,-0.4,-0.4
25.933333333333334,21.485525,-11.049079,1.1944331,0.97329295,-0.0024705215,0.00045881138,-0.22955255,0.0043885615,-0.008820642,0.012222186,0.18102787,0.40505546,0.21271834,21.484194,-11.051654,0.3944383,0.09534949,0.18441543,-0.04098102,-0.6761929,149.29488,94.7014,98.51261,10.456665,149.29488,94.7014,98.51261,10.456665,1.0,1.0,1.0,1.0,33.524375915527344,0.4,0.4,0.4
25.95,21.485542,-11.0492325,1.1964731,0.9733473,-0.0035724046,0.0008712048,-0.22930641,0.005343842,-0.0088806115,0.15904346,-0.24691442,-0.11135831,-0.030590894,21.484213,-11.051655,0.39647782,0.095212884,0.17348707,-0.008196383,-0.6557017,20.13287,-26.442204,-148.00386,-82.56444,20.13287,-26.442204,-148.00386,-82.56444,1.0,-1.0,-1.0,-1.0,33.524375915527344,-0.4,-0.4,-0.4
25.966666666666665,21.485563,-11.049375,1.197085,0.9736335,-0.0023845201,0.0030986178,-0.2280842,0.0044682007,-0.007117788,-0.004093857,0.18553126,0.4268319,0.21259476,21.48424,-11.051653,0.39708933,0.094803065,0.16317345,-0.02458915,-0.61881685,-105.44699,117.66222,23.537655,26.85731,-105.44699,117.66222,23.537655,26.85731,-1.0,1.0,1.0,1.0,0.0,0.4,0.4,0.4
25.983333333333334,21.485615,-11.049514,1.1988525,0.97368646,-0.0034083016,0.0036775966,-0.22783624,0.006324699,-0.006946873,0.14273837,-0.24244365,-0.08958845,-0.030703906,21.484268,-11.051643,0.39885646,0.09644232,0.15251832,0.098355256,-0.63930804,12.37558,-22.868711,-185.22084,-93.926636,12.37558,-22.868711,-185.22084,-93.926636,1.0,-1.0,-1.0,-1.0,33.524375915527344,-0.4,-0.4,-0.4
26.0,21.485695,-11.049647,1.1991858,0.97329056,-0.0037019956,-0.00046508602,-0.22954619,0.007974161,-0.00479564,-0.020998184,0.18670534,-0.62509924,-0.2732737,21.4843,-11.051627,0.39918965,0.09985742,0.14179488,0.204906,-0.64340645,-121.05541,117.826515,-70.68957,-5.1676226,-121.05541,117.826515,-70.68957,-5.1676226,-1.0,1.0,-1.0,-1.0,0.0,0.4,-0.4,-0.4
26.016666666666666,21.485765,-11.049785,1.1967952,0.9731082,-0.0052400413,-0.002016429,-0.23028007,0.0059864507,-0.0040204795,-0.18433167,-0.2447034,-0.08936078,-0.030505046,21.484331,-11.051613,0.39679885,0.1027261,0.13093485,0.17212091,-0.6516015,-15.286312,-23.19696,185.46317,224.10031,-15.286312,-23.19696,185.46317,224.10031,-1.0,-1.0,1.0,1.0,0.0,-0.4,0.4,0.4
26.03333333333333,21.48582,-11.049863,1.1955676,0.97270375,-0.0039237137,0.0004956894,-0.23201634,0.00445918,-0.0016050432,-0.036804173,0.19307409,0.4708209,-0.27329004,21.484367,-11.051587,0.39557073,0.10409214,0.12348992,0.08196249,-0.44669595,170.26492,110.03158,79.69234,-6.0630307,170.26492,110.03158,79.69234,-6.0630307,1.0,1.0,1.0,-1.0,33.524375915527344,0.4,0.4,-0.4
26.05,21.48589,-11.049911,1.1967901,0.97252244,-0.004783234,0.0014071253,-0.23275557,0.0052307486,-0.001234098,0.11004364,-0.23228534,-0.046468608,-0.030330615,21.484413,-11.051556,0.3967934,0.10573139,0.117820844,0.09835481,-0.3401443,87.090065,-29.536617,-157.07812,87.75412,87.090065,-29.536617,-157.07812,87.75412,1.0,-1.0,-1.0,1.0,33.524375915527344,-0.4,-0.4,0.4
26.066666666666666,21.485977,-11.049948,1.196578,0.972819,-0.0049183643,-0.0023933842,-0.23150234,0.005742057,0.0008759927,-0.053681295,0.19800866,-0.5820948,0.21305174,21.484457,-11.0515175,0.39658114,0.108873285,0.112424985,0.18851368,-0.32375154,-82.53441,135.02354,-31.331844,30.55419,-82.53441,135.02354,-31.331844,30.55419,-1.0,1.0,-1.0,1.0,0.0,0.4,-0.4,0.4
26.083333333333332,21.486048,-11.049938,1.1975265,0.972879,-0.004042308,-0.0039918325,-0.23124479,0.0034836063,0.0023485885,0.09372502,0.1295181,-0.022706263,-0.03035233,21.484514,-11.051473,0.39752957,0.10982951,0.109897815,0.05737334,-0.15163018,6.043121,-0.17656824,220.27802,-55.338657,6.043121,-0.17656824,220.27802,-55.338657,1.0,-0.17656824,1.0,-1.0,33.524375915527344,-0.070627294,0.4,-0.4
26.099999999999998,21.486092,-11.049917,1.1970476,0.9731704,-0.0048791636,-0.0005443497,-0.2300328,0.0014730203,0.0027556387,-0.069546774,-0.30015674,0.51278114,0.21228659,21.484568,-11.051428,0.39705056,0.10914649,0.10819026,-0.04098102,-0.102453224,-71.84523,-12.86754,111.2447,59.41324,-71.84523,-12.86754,111.2447,59.41324,-1.0,-1.0,1.0,1.0,0.0,-0.4,0.4,0.4
26.116666666666667,21.486149,-11.049855,1.197725,0.97322893,-0.004433243,0.00043531228,-0.22979462,0.0019103221,0.0053080767,0.07743014,0.13378721,-0.0019682376,-0.030634174,21.484629,-11.051374,0.39772806,0.108873285,0.10880498,-0.016392319,0.036883052,48.185,133.35284,-135.02014,-102.53514,48.185,133.35284,-135.02014,-102.53514,1.0,1.0,-1.0,-1.0,33.524375915527344,0.4,-0.4,-0.4
26.133333333333333,21.486204,-11.049784,1.1969734,0.9735031,-0.005195445,0.00404244,-0.22857904,0.0014222227,0.0062210597,-0.08583551,-0.29592192,0.5335323,0.2120177,21.484694,-11.051319,0.39697623,0.10819026,0.109966114,-0.040981468,0.06966814,-61.49988,-1.4157962,2.7892032,20.645267,-61.49988,-1.4157962,2.7892032,20.645267,-1.0,-1.0,1.0,1.0,0.0,-0.4,0.4,0.4
26.15,21.486311,-11.049677,1.1973783,0.97355515,-0.004676288,0.0051829396,-0.22834535,0.003464269,0.009246193,0.061151214,0.13799879,0.018726563,-0.030914588,21.484764,-11.051257,0.39738134,0.11078574,0.113176316,0.1557286,0.1926121,58.59527,140.71445,-193.59636,-124.015175,58.59527,140.71445,-193.59636,-124.015175,1.0,1.0,-1.0,-1.0,33.524375915527344,0.4,-0.4,-0.4
26.166666666666668,21.486456,-11.049552,1.1963487,0.9731706,-0.0016838096,0.00119051,-0.23007524,0.0049587097,0.011147736,-0.102636434,0.5670497,-0.51731604,-0.2736061,21.484838,-11.051189,0.39635217,0.11584009,0.117274426,0.30326125,0.24588658,-47.16333,10.34579,-126.68607,-28.990364,-47.16333,10.34579,-126.68607,-28.990364,-1.0,1.0,-1.0,-1.0,0.0,0.4,-0.4,-0.4
26.183333333333334,21.486609,-11.049425,1.1964793,0.9729964,0.00013008948,-0.000100586825,-0.23081985,0.0040379106,0.010711795,0.044668812,0.14127345,0.03869658,-0.031123951,21.48493,-11.051118,0.39648306,0.12021142,0.12123595,0.26227978,0.23769154,96.00519,-39.886093,132.46832,165.09425,96.00519,-39.886093,132.46832,165.09425,1.0,-1.0,1.0,1.0,33.524375915527344,-0.4,0.4,0.4
26.2,21.486752,-11.049311,1.1951762,0.97328013,-0.0020535286,-0.002709246,-0.22959541,0.004148582,0.010215405,-0.11914582,-0.29066664,-0.4997393,0.21168314,21.485014,-11.0510435,0.39518023,0.12444614,0.124104634,0.25408295,0.17212091,-37.66803,-23.075136,-49.802998,23.641489,-37.66803,-23.075136,-49.802998,23.641489,-1.0,-1.0,-1.0,1.0,0.0,-0.4,-0.4,0.4
26.216666666666665,21.486876,-11.049162,1.1950337,0.97333556,-0.0018946422,-0.003430164,-0.22935243,0.0019154213,0.011586339,0.028334113,0.14801024,0.06015847,-0.03110873,21.485111,-11.050959,0.39503786,0.12635861,0.12868087,0.11474847,0.27457413,68.39439,133.98466,201.18294,-71.85949,68.39439,133.98466,201.18294,-71.85949,1.0,1.0,1.0,-1.0,33.524375915527344,0.4,0.4,-0.4
26.233333333333334,21.486956,-11.048991,1.1962382,0.97362566,-0.0023834736,0.00073910813,-0.22813776,-0.00064151175,0.010946909,0.08696678,-0.27784276,0.611133,0.2115657,21.485214,-11.050866,0.3962422,0.12471935,0.13428164,-0.0983557,0.3360459,0.42853224,-17.966747,64.93007,33.19288,0.42853224,-17.966747,64.93007,33.19288,0.42853224,-1.0,1.0,1.0,23.94532585144043,-0.4,0.4,0.4
26.25,21.487047,-11.048815,1.1956403,0.97367907,-0.0016369389,0.002350253,-0.22790511,0.00057507347,0.012499636,-0.076733015,0.15040308,0.07465217,-0.031385176,21.485323,-11.050773,0.39564463,0.12348992,0.14022392,-0.073766105,0.35653707,-57.147835,126.31663,-163.74413,-102.06831,-57.147835,126.31663,-163.74413,-102.06831,-1.0,1.0,-1.0,-1.0,0.0,0.4,-0.4,-0.4
26.266666666666666,21.487167,-11.0486355,1.196196,0.973271,-0.0036153926,0.00013363092,-0.22963068,0.002168601,0.012531313,0.07013665,-0.2770321,-0.44180897,-0.27455726,21.485435,-11.050667,0.39620066,0.12403633,0.1454832,0.032784637,0.3155565,104.3908,-12.462937,-84.2254,-37.73026,104.3908,-12.462937,-84.2254,-37.73026,1.0,-1.0,-1.0,-1.0,33.524375915527344,-0.4,-0.4,-0.4
26.28333333333333,21.487286,-11.048445,1.1953236,0.97309625,-0.0033101463,-0.0002608907,-0.23037468,0.00097009045,0.014198845,-0.09304614,0.15452272,0.097351655,-0.031142035,21.48555,-11.050558,0.39532852,0.12430954,0.15135717,0.016392766,0.35243866,-45.444542,173.60255,145.84354,225.89395,-45.444542,173.60255,145.84354,225.89395,-1.0,1.0,1.0,1.0,0.0,0.4,0.4,0.4
26.3,21.487415,-11.048233,1.1956072,0.97267586,-0.0052129105,-0.0022993959,-0.23209712,0.0014428002,0.014636043,0.053832766,-0.27295572,-0.41915601,-0.27431703,21.485676,-11.050439,0.3956123,0.124582745,0.15798248,0.016392319,0.39751855,120.53621,-6.5278754,-36.524666,-13.454995,120.53621,-6.5278754,-36.524666,-13.454995,1.0,-1.0,-1.0,-1.0,33.524375915527344,-0.4,-0.4,-0.4
26.316666666666666,21.487532,-11.048004,1.1944623,0.9725002,-0.0048287567,-0.0025202704,-0.23283835,-0.0006263128,0.016603902,-0.109345585,0.15874937,0.12003308,-0.03090714,21.485798,-11.050317,0.3944674,0.12417293,0.16563232,-0.024588702,0.4589903,-27.39099,187.38617,178.8249,240.46738,-27.39099,187.38617,178.8249,240.46738,-1.0,1.0,1.0,1.0,0.0,0.4,0.4,0.4
26.333333333333332,21.48763,-11.047724,1.1944809,0.9728067,0.00016412836,0.0009168729,-0.2316166,-0.0025808811,0.01839751,0.03799528,0.59652543,0.6802081,0.21245158,21.48593,-11.050185,0.39448667,0.12185067,0.17628746,-0.13933583,0.63930804,139.95941,1.02047,32.437542,7.212113,139.95941,1.02047,32.437542,7.212113,1.0,1.0,1.0,1.0,33.524375915527344,0.4,0.4,0.4
26.349999999999998,21.487747,-11.047453,1.1969496,0.97285724,0.002954947,0.002767203,-0.2313703,-0.0017280277,0.01812043,0.18474679,0.16742457,0.16450469,-0.030327648,21.486078,-11.050038,0.39695573,0.11952839,0.18516675,-0.13933672,0.5327573,6.564658,-38.692028,-190.30309,-73.29545,6.564658,-38.692028,-190.30309,-73.29545,1.0,-1.0,-1.0,-1.0,33.524375915527344,-0.4,-0.4,-0.4
26.366666666666667,21.487877,-11.047204,1.1979823,0.9731556,0.0012273053,0.0011246927,-0.23014174,0.00033275218,0.016534664,0.020974012,-0.26468682,-0.3740734,0.21248913,21.486233,-11.049885,0.39798844,0.117752545,0.19199698,-0.106550746,0.4098138,-101.819885,-25.916752,-106.92351,7.4531193,-101.819885,-25.916752,-106.92351,7.4531193,-1.0,-1.0,-1.0,1.0,0.0,-0.4,-0.4,0.4
26.383333333333333,21.488,-11.046949,1.1962928,0.9732129,0.0017722581,0.0012481826,-0.22989562,3.361347e-05,0.01688749,-0.14221787,0.16832787,0.164099,-0.030369788,21.486383,-11.049733,0.3962994,0.11584009,0.19937362,-0.11474713,0.44259843,-77.64355,108.91003,131.5076,-69.68756,-77.64355,108.91003,131.5076,-69.68756,-1.0,1.0,1.0,-1.0,0.0,0.4,0.4,-0.4
26.4,21.48813,-11.046717,1.1957589,0.97280586,0.000107245585,-0.0002681521,-0.23162168,0.0012928117,0.015802551,0.004659731,-0.2591124,-0.35250494,-0.2735325,21.486536,-11.049566,0.39576578,0.114200845,0.20408648,-0.09835481,0.28277186,140.33965,-25.57558,-95.05159,-38.44504,140.33965,-25.57558,-95.05159,-38.44504,1.0,-1.0,-1.0,-1.0,33.524375915527344,-0.4,-0.4,-0.4
26.416666666666668,21.48826,-11.04648,1.1976804,0.97263,0.00079707836,0.00015220587,-0.2323579,-1.1699274e-05,0.016503049,0.15212758,0.17828526,0.20836905,-0.03014877,21.486706,-11.049382,0.397687,0.111332156,0.20784311,-0.17212136,0.22539763,13.028083,122.66639,137.08754,223.75339,13.028083,122.66639,137.08754,223.75339,1.0,1.0,1.0,1.0,33.524375915527344,0.4,0.4,0.4
26.433333333333334,21.488396,-11.046252,1.1981686,0.97292256,-0.0007631676,-0.0011519787,-0.23112676,0.00092987897,0.015487312,-0.011658998,-0.25390664,-0.33027264,0.21267557,21.486885,-11.049191,0.39817566,0.10819026,0.21050692,-0.18851368,0.15982835,-87.70466,-26.200731,-80.740234,22.017157,-87.70466,-26.200731,-80.740234,22.017157,-1.0,-1.0,-1.0,1.0,0.0,-0.4,-0.4,0.4
26.45,21.488525,-11.046017,1.1959343,0.9729821,-4.7382622e-05,-0.00069384655,-0.23087919,-0.000100576435,0.01623776,-0.174853,0.17904122,0.20792955,-0.03021465,21.48706,-11.049003,0.3959415,0.10491177,0.21385372,-0.19670962,0.20080803,-51.57116,113.32441,159.09645,-63.68907,-51.57116,113.32441,159.09645,-63.68907,-1.0,1.0,1.0,-1.0,0.0,0.4,0.4,-0.4
26.466666666666665,21.488651,-11.045785,1.1948557,0.97256887,-0.0015390605,-0.0018769525,-0.23260209,0.00030241383,0.01568105,-0.027977638,-0.2483815,-0.30873013,-0.2733693,21.48724,-11.048798,0.39486283,0.101086855,0.21576619,-0.2294947,0.11474847,167.931,-23.678938,-67.6116,-34.97904,167.931,-23.678938,-67.6116,-34.97904,1.0,-1.0,-1.0,-1.0,33.524375915527344,-0.4,-0.4,-0.4
26.483333333333334,21.488758,-11.045528,1.1962324,0.9723949,-0.0006744104,-0.0011251018,-0.23333758,-0.0016795564,0.016783338,0.119486526,0.18921399,0.25213313,-0.030000366,21.48743,-11.048574,0.39623952,0.09507628,0.21815678,-0.3606346,0.14343558,56.36179,127.16288,158.91493,221.33658,56.36179,127.16288,158.91493,221.33658,1.0,1.0,1.0,1.0,33.524375915527344,0.4,0.4,0.4
26.5,21.488865,-11.045276,1.1961758,0.9726863,-0.0020646814,-0.0020931333,-0.23210457,-0.0013285964,0.01621473,-0.044295616,-0.24305591,-0.28657144,0.21282873,21.487623,-11.048344,0.39618284,0.088929094,0.21972772,-0.36883098,0.09425639,-54.18469,-24.898502,-56.11355,29.20392,-54.18469,-24.898502,-56.11355,29.20392,-1.0,-1.0,-1.0,1.0,0.0,-0.4,-0.4,0.4
26.516666666666666,21.48895,-11.045002,1.1957839,0.9727485,-0.0011369158,-0.0012251656,-0.23185675,-0.0030057558,0.017508842,-0.016509807,0.19315231,0.26504815,-0.030082641,21.487812,-11.048105,0.395791,0.08155248,0.22225492,-0.44259664,0.15163152,0.22955889,116.74927,174.89749,-64.316086,0.22955889,116.74927,174.89749,-64.316086,0.22955889,1.0,1.0,-1.0,20.610097885131836,0.4,0.4,-0.4
26.53333333333333,21.489035,-11.04472,1.1973436,0.973038,-0.002404491,-0.001973197,-0.23062365,-0.0024003834,0.016709922,0.13037063,-0.23369497,-0.25187382,0.21275064,21.488012,-11.047848,0.3973506,0.07321965,0.22403076,-0.49997,0.106550746,50.55253,-25.311613,-51.969105,5.339488,50.55253,-25.311613,-51.969105,5.339488,1.0,-1.0,-1.0,1.0,33.524375915527344,-0.4,-0.4,0.4
26.55,21.489115,-11.044426,1.1974753,0.97309995,-0.0013758942,-0.00091707666,-0.23037739,-0.003945736,0.018079648,-0.032837808,0.19906902,0.28633255,-0.030168524,21.488216,-11.047585,0.39748228,0.0643404,0.22621645,-0.5327551,0.13114123,-117.153656,124.71211,169.52243,-61.723236,-117.153656,124.71211,169.52243,-61.723236,-1.0,1.0,1.0,-1.0,0.0,0.4,0.4,-0.4
26.566666666666666,21.489191,-11.04413,1.1987629,0.97268766,-0.0025537435,-0.0015068689,-0.23209897,-0.0033436387,0.017628856,0.11404272,-0.22826016,-0.23041329,-0.27332133,21.48842,-11.047311,0.39876953,0.05518794,0.2277874,-0.54914737,0.09425729,48.2446,-25.580967,-56.14162,-5.9928746,48.2446,-25.580967,-56.14162,-5.9928746,1.0,-1.0,-1.0,-1.0,33.524375915527344,-0.4,-0.4,-0.4
26.583333333333332,21.489262,-11.04382,1.1986222,0.97251475,-0.0014377289,-0.00028511375,-0.23283646,-0.0047906586,0.018819336,-0.049172115,0.20419128,0.30857095,-0.029959986,21.488626,-11.047028,0.39862892,0.045489065,0.22969988,-0.5819325,0.11474847,-86.814514,137.56369,153.35297,228.63802,-86.814514,137.56369,153.35297,228.63802,-1.0,1.0,1.0,1.0,0.0,0.4,0.4,0.4
26.599999999999998,21.48934,-11.043508,1.199637,0.9721382,-0.0025337953,-0.0007019241,-0.23439354,-0.0040052095,0.018464006,0.09770761,-0.22315381,-0.20825435,-0.24649426,21.48884,-11.046731,0.39964363,0.035790194,0.23086101,-0.58193225,0.06966769,49.691124,-25.205944,-73.49805,-0.8904389,49.691124,-25.205944,-73.49805,-0.8904389,1.0,-1.0,-1.0,-0.8904389,33.524375915527344,-0.4,-0.4,-0.35617557
26.616666666666667,21.489412,-11.043185,1.1992239,0.97201484,-0.0013303112,0.0006864804,-0.23491444,-0.00511745,0.019678313,-0.06551368,0.20946456,0.33069924,-0.0031463753,21.48905,-11.04643,0.39923072,0.025954721,0.23236369,-0.5901283,0.09016066,-88.09731,133.86264,139.8077,218.05322,-88.09731,133.86264,139.8077,218.05322,-1.0,1.0,1.0,1.0,0.0,0.4,0.4,0.4
26.633333333333333,21.489496,-11.042859,1.1999667,0.97164935,-0.002343824,0.0004411509,-0.23641425,-0.0040033874,0.019412458,0.08136458,-0.2180238,-0.18613803,-0.24632224,21.48926,-11.046111,0.39997336,0.016938869,0.2329101,-0.54095113,0.032784637,53.69416,-24.38392,-97.43481,-14.146398,53.69416,-24.38392,-97.43481,-14.146398,1.0,-1.0,-1.0,-1.0,33.524375915527344,-0.4,-0.4,-0.4
26.65,21.489584,-11.042525,1.1992813,0.97152287,-0.0010521316,0.0019959584,-0.2369347,-0.0046565374,0.020619912,-0.08186061,0.21471548,0.35283244,-0.002969207,21.489477,-11.045789,0.3992881,0.007649812,0.23372972,-0.55734336,0.049177404,-82.76316,129.50304,113.31995,220.60188,-82.76316,129.50304,113.31995,220.60188,-1.0,1.0,1.0,1.0,0.0,0.4,0.4,0.4
26.666666666666668,21.489695,-11.042194,1.1997514,0.9711553,-0.0019826056,0.0019215265,-0.23843175,-0.0030769338,0.02040209,0.06501676,-0.21281222,-0.16406965,-0.2461504,21.489695,-11.045449,0.39975813,0.0,0.233115,-0.4589887,-0.036883052,64.42763,-23.74722,-126.39284,-17.744562,64.42763,-23.74722,-126.39284,-17.744562,1.0,-1.0,-1.0,-1.0,33.524375915527344,-0.4,-0.4,-0.4
26.683333333333334,21.489803,-11.041854,1.198794,0.97102433,-0.00060139695,0.0036423071,-0.23895177,-0.0031385901,0.021574346,-0.098207004,0.22004628,0.37491697,-0.0027913726,21.489906,-11.045104,0.39880085,-0.0073766042,0.23277348,-0.44259623,-0.020491181,-72.43859,122.98495,72.56202,220.73781,-72.43859,122.98495,72.56202,220.73781,-1.0,1.0,1.0,1.0,0.0,0.4,0.4,0.4
26.7,21.48995,-11.041526,1.1989919,0.9706544,-0.0014475522,0.0037383551,-0.24044515,-0.00095184136,0.02137655,0.048672076,-0.20752147,-0.14205274,-0.24597782,21.490122,-11.044744,0.39899853,-0.012294341,0.2304512,-0.29506418,-0.13933717,77.7186,-22.606657,-162.02948,-25.488504,77.7186,-22.606657,-162.02948,-25.488504,1.0,-1.0,-1.0,-1.0,33.524375915527344,-0.4,-0.4,-0.4
26.716666666666665,21.490124,-11.041199,1.1977551,0.9705356,-0.0016146834,-0.00088414043,-0.24095064,-0.00011736341,0.022483531,-0.115054525,0.22150682,-0.67683005,-0.0024714612,21.490335,-11.044374,0.39776134,-0.01516302,0.22744589,-0.17212075,-0.18031864,-60.136223,114.885506,-9.421329,215.05466,-60.136223,114.885506,-9.421329,215.05466,-1.0,1.0,-1.0,1.0,0.0,0.4,-0.4,0.4
26.733333333333334,21.490278,-11.040861,1.1976784,0.9708885,-0.0029146462,-0.0027813734,-0.23949762,-0.0017816152,0.022072343,0.03234776,-0.20191476,-0.11947978,0.24011196,21.490551,-11.043993,0.3976849,-0.019534342,0.22430398,-0.2622793,-0.18851458,53.94633,-8.157798,233.29681,100.30743,53.94633,-8.157798,233.29681,100.30743,1.0,-1.0,1.0,1.0,33.524375915527344,-0.4,0.4,0.4
26.75,21.490412,-11.040504,1.1961762,0.9710103,-0.0013569696,-0.00072489877,-0.23903264,-0.003078816,0.02331599,-0.1308826,0.2307452,0.41888082,-0.0028030928,21.490759,-11.043606,0.39618242,-0.024861889,0.22211832,-0.3196528,-0.13113944,-77.791306,106.57699,129.92647,-39.931644,-77.791306,106.57699,129.92647,-39.931644,-1.0,1.0,1.0,-1.0,0.0,0.4,0.4,-0.4
26.766666666666666,21.490551,-11.040143,1.195829,0.97063935,-0.0020225304,-0.00029550862,-0.24053042,-0.0024222042,0.0230515,0.015988315,-0.19680434,-0.098106004,-0.24598211,21.490967,-11.043203,0.39583498,-0.029779626,0.2191813,-0.2950642,-0.17622112,119.263664,-25.427248,-118.663605,-15.681159,119.263664,-25.427248,-118.663605,-15.681159,1.0,-1.0,-1.0,-1.0,33.524375915527344,-0.4,-0.4,-0.4
26.78333333333333,21.490692,-11.0397625,1.1964208,0.970511,-0.00033298187,0.001998445,-0.24104784,-0.0036776904,0.024331298,0.042052276,0.23962255,0.45413423,-0.0026196956,21.491177,-11.0427885,0.39642692,-0.034697365,0.21672243,-0.29506433,-0.14753221,0.21872318,110.45867,76.63367,226.44012,0.21872318,110.45867,76.63367,226.44012,0.21872318,1.0,1.0,1.0,20.428466796875,0.4,0.4,0.4
26.8,21.490839,-11.039389,1.1950734,0.9708693,-0.0009159443,0.0025719982,-0.23959391,-0.0020665713,0.023971949,-0.12173849,-0.1931873,-0.08486973,0.24019252,21.491386,-11.042369,0.3950793,-0.03920529,0.2134439,-0.2704755,-0.1967114,-18.291264,-26.283329,-163.43457,2.7834246,-18.291264,-26.283329,-163.43457,2.7834246,-1.0,-1.0,-1.0,1.0,0.0,-0.4,-0.4,0.4
26.816666666666666,21.491016,-11.039012,1.1948801,0.97098845,-0.0007752034,-0.0014960452,-0.23912036,-0.00061580434,0.025294697,0.02518735,0.24191374,-0.5984727,-0.002590856,21.49159,-11.041935,0.39488563,-0.041117743,0.20934577,-0.11474713,-0.24588792,74.96106,81.862206,-21.99661,-74.266716,74.96106,81.862206,-21.99661,-74.266716,1.0,1.0,-1.0,-1.0,33.524375915527344,0.4,-0.4,-0.4
26.833333333333332,21.491192,-11.038636,1.193258,0.9713398,-0.0018170797,-0.0029284288,-0.23766986,-0.0024141672,0.024820302,-0.13807487,-0.18700078,-0.06295632,0.23999983,21.4918,-11.041497,0.39326355,-0.04357661,0.20490612,-0.14753199,-0.2663791,-44.599983,-15.7723465,214.02007,114.92411,-44.599983,-15.7723465,214.02007,114.92411,-1.0,-1.0,1.0,1.0,0.0,-0.4,0.4,0.4
26.849999999999998,21.491337,-11.038231,1.1927993,0.97146,3.332563e-05,-0.00031654662,-0.23720315,-0.004144287,0.02595142,0.009334599,0.25087434,0.49720877,-0.0029191584,21.492002,-11.041046,0.39280465,-0.047674727,0.2016276,-0.24588703,-0.1967114,103.45134,81.6479,104.72159,-66.53165,103.45134,81.6479,104.72159,-66.53165,1.0,1.0,1.0,-1.0,33.524375915527344,0.4,0.4,-0.4
26.866666666666667,21.49148,-11.037828,1.1947904,0.9710926,-0.0003156886,0.0007078803,-0.23870149,-0.0034035528,0.025062274,0.15619469,-0.17659034,-0.01982565,-0.24608395,21.492199,-11.040575,0.3947953,-0.051499635,0.19670984,-0.22949448,-0.2950653,38.33053,-30.824066,-145.654,-14.2799635,38.33053,-30.824066,-145.654,-14.2799635,1.0,-1.0,-1.0,-1.0,33.524375915527344,-0.4,-0.4,-0.4
26.883333333333333,21.491623,-11.037421,1.1953535,0.97095835,0.0016500438,0.0035225372,-0.2392168,-0.0040718266,0.02577651,-0.0070643807,0.2567505,0.5189957,-0.0027279754,21.492397,-11.040103,0.39535868,-0.055461146,0.19206528,-0.23769064,-0.27867344,-80.06277,93.87207,9.115908,214.5552,-80.06277,93.87207,9.115908,214.5552,-1.0,1.0,1.0,1.0,0.0,0.4,0.4,0.4
26.9,21.491796,-11.037043,1.1970723,0.9705849,0.0013875872,0.0047141546,-0.2407089,-0.0018605404,0.024688482,0.13980183,-0.17075482,0.0018794267,-0.24589282,21.49259,-11.039616,0.39707702,-0.05682718,0.18427883,-0.08196204,-0.46718714,24.83097,-31.346361,-200.16806,-29.121208,24.83097,-31.346361,-200.16806,-29.121208,1.0,-1.0,-1.0,-1.0,33.524375915527344,-0.4,-0.4,-0.4
26.916666666666668,21.491991,-11.0366745,1.1973563,0.97046584,0.0018075313,0.0011819787,-0.24122891,0.00038514263,0.025132466,-0.023945866,0.258657,-0.53305197,-0.002426749,21.492779,-11.039124,0.39736047,-0.05641737,0.17539954,0.024588702,-0.5327573,-100.86991,70.456764,-106.14411,194.55461,-100.86991,70.456764,-106.14411,194.55461,-1.0,1.0,-1.0,1.0,0.0,0.4,-0.4,0.4
26.933333333333334,21.49218,-11.036309,1.1949168,0.97082675,0.0010337095,0.00024286403,-0.23977965,-0.00031912042,0.024055157,-0.18722264,-0.17025931,0.0023684315,0.24017686,21.492971,-11.0386305,0.3949206,-0.056690577,0.16624704,-0.016392542,-0.54915005,-32.26469,-27.175858,142.01706,97.656784,-32.26469,-27.175858,142.01706,97.656784,-1.0,-1.0,1.0,1.0,0.0,-0.4,0.4,0.4
26.95,21.492376,-11.035952,1.1936345,0.97093636,0.0015301071,-0.003165506,-0.23931167,0.00015500502,0.024327507,-0.04031589,0.2645311,-0.5111677,-0.0026250854,21.49316,-11.038129,0.393638,-0.056144163,0.15593341,0.03278486,-0.61881775,132.68423,45.61477,-39.849365,-75.93583,132.68423,45.61477,-39.849365,-75.93583,1.0,1.0,-1.0,-1.0,33.524375915527344,0.4,-0.4,-0.4
26.966666666666665,21.49253,-11.035603,1.1948061,0.97129035,0.00090800447,-0.003815505,-0.23786476,-0.0017744447,0.022557708,0.10706919,-0.15905106,0.046108037,0.23998564,21.493347,-11.037612,0.39480922,-0.058466434,0.14391224,-0.13933627,-0.7212701,20.476297,-29.93252,198.64404,96.760735,20.476297,-29.93252,198.64404,96.760735,1.0,-1.0,1.0,1.0,33.524375915527344,-0.4,0.4,0.4
26.983333333333334,21.492659,-11.035242,1.194552,0.9714099,0.003133651,-0.00050131517,-0.23738715,-0.003300427,0.022619681,-0.0561823,0.27312666,0.584491,-0.0029435093,21.493526,-11.03709,0.3945545,-0.062154736,0.13236919,-0.2212981,-0.69258296,-83.73145,40.558628,62.66319,-43.585094,-83.73145,40.558628,62.66319,-43.585094,-1.0,1.0,1.0,-1.0,0.0,0.4,0.4,-0.4
27.0,21.492788,-11.034913,1.1954532,0.9710433,0.003137603,0.0011899433,-0.23887976,-0.0022475028,0.020746848,0.09066807,-0.15430477,0.06737144,-0.24609244,21.493708,-11.036556,0.39545572,-0.06584304,0.11768424,-0.2212981,-0.88109714,63.113354,-44.614944,-171.88474,-32.808174,63.113354,-44.614944,-171.88474,-32.808174,1.0,-1.0,-1.0,-1.0,33.524375915527344,-0.4,-0.4,-0.4
27.016666666666666,21.492931,-11.034598,1.19492,0.9709111,0.0038306855,-0.0018440601,-0.23940222,-0.0012261469,0.020211646,-0.073070094,0.27531752,-0.46766236,-0.0026209957,21.493885,-11.036022,0.39492205,-0.06830191,0.10197478,-0.14753221,-0.9425675,-68.08414,18.458122,-67.745926,198.16132,-68.08414,18.458122,-67.745926,198.16132,-1.0,1.0,-1.0,1.0,0.0,0.4,-0.4,0.4
27.03333333333333,21.493034,-11.034311,1.1955465,0.971268,0.0033842397,-0.002167644,-0.23795436,-0.0025679655,0.017804341,0.07430904,-0.14829491,0.08957127,0.23998652,21.494053,-11.03548,0.39554805,-0.072946444,0.08366984,-0.2786721,-1.0982962,37.037304,-41.943146,169.44412,71.94946,37.037304,-41.943146,169.44412,71.94946,1.0,-1.0,1.0,1.0,33.524375915527344,-0.4,0.4,0.4
27.05,21.493135,-11.034033,1.1947411,0.97136784,0.0041696173,-0.0050383527,-0.23749046,-0.0025583142,0.017100578,-0.08941494,0.28085333,-0.44579026,-0.0028124289,21.494215,-11.034936,0.3947425,-0.07731777,0.0646819,-0.26227933,-1.1392763,-69.93975,1.6655003,-2.646307,-46.16377,-69.93975,1.6655003,-2.646307,-46.16377,-1.0,1.0,-1.0,-1.0,0.0,0.4,-0.4,-0.4
27.066666666666666,21.493181,-11.033775,1.1950951,0.971721,0.0038070555,-0.005197251,-0.23604372,-0.0049928585,0.014333208,0.05796982,-0.1428086,0.11148237,0.2397908,21.49438,-11.034384,0.39509642,-0.08592381,0.04357661,-0.5163627,-1.2663175,44.815678,-48.270096,216.29068,66.19956,44.815678,-48.270096,216.29068,66.19956,1.0,-1.0,1.0,1.0,33.524375915527344,-0.4,0.4,0.4
27.083333333333332,21.49319,-11.033533,1.1940215,0.971854,0.0010425644,-0.00013525142,-0.23558174,-0.006261882,0.012971651,-0.10526615,-0.5729746,0.6460659,-0.0038520088,21.494541,-11.033835,0.39402282,-0.096715525,0.0216517,-0.64750266,-1.3154944,-54.44962,-14.295305,90.89976,-44.757442,-54.44962,-14.295305,90.89976,-44.757442,-1.0,-1.0,1.0,-1.0,0.0,-0.4,0.4,-0.4
27.099999999999998,21.493216,-11.03329,1.1941048,0.97148526,-0.0004437907,0.0024623284,-0.23708661,-0.005050649,0.013705971,0.04173482,-0.1376883,0.13260972,-0.24686609,21.494701,-11.033279,0.39410633,-0.10641441,-0.0007513208,-0.5819329,-1.3441812,113.01114,166.11707,-142.075,-56.94688,113.01114,166.11707,-142.075,-56.94688,1.0,1.0,-1.0,-1.0,33.524375915527344,0.4,-0.4,-0.4
27.116666666666667,21.49326,-11.033049,1.1927541,0.97136086,0.0005188855,-7.7970515e-05,-0.23760837,-0.0040376345,0.014232441,-0.12198226,0.2921361,-0.40252405,-0.003376417,21.494854,-11.03273,0.39275607,-0.114200845,-0.022812832,-0.46718624,-1.3236907,-2.7087507,27.20961,-83.73467,161.54056,-2.7087507,27.20961,-83.73467,161.54056,-1.0,1.0,-1.0,1.0,0.0,0.4,-0.4,0.4
27.133333333333333,21.49329,-11.032812,1.1925633,0.9717133,0.0003405192,9.643973e-05,-0.23616341,-0.0050501944,0.013173997,0.025379036,-0.131531,0.1546925,0.23920809,21.494999,-11.032177,0.39256528,-0.12239709,-0.045489065,-0.4917745,-1.3605739,111.896996,-36.514767,148.07588,22.636866,111.896996,-36.514767,148.07588,22.636866,1.0,-1.0,1.0,1.0,33.524375915527344,-0.4,0.4,0.4
27.15,21.493332,-11.032573,1.1909401,0.97182184,0.0013946188,-0.002276394,-0.23570131,-0.0046671084,0.013434589,-0.13833834,0.2974357,-0.3806778,-0.0035751208,21.495146,-11.031626,0.39094275,-0.1299103,-0.06782379,-0.45079303,-1.3400834,-5.617224,11.679989,-64.81857,-64.79398,-5.617224,11.679989,-64.81857,-64.79398,-1.0,1.0,-1.0,-1.0,0.0,0.4,-0.4,-0.4
27.166666666666668,21.493338,-11.032345,1.1904771,0.9721719,0.0012982571,-0.0019369713,-0.23425688,-0.0063396893,0.011905878,0.009021227,-0.12628423,0.17656852,0.23900333,21.495281,-11.031079,0.39048043,-0.13919939,-0.09063665,-0.5573451,-1.3687714,130.70576,-40.996956,175.53166,11.483318,130.70576,-40.996956,175.53166,11.483318,1.0,-1.0,1.0,1.0,33.524375915527344,-0.4,0.4,0.4
27.183333333333334,21.493322,-11.032135,1.1924635,0.97227544,-0.0027378702,-0.0027785664,-0.23380585,-0.0055770264,0.010064693,0.15596607,-0.55407333,-0.34076378,-0.00432862,21.495403,-11.030542,0.39246783,-0.1490349,-0.11406424,-0.5901306,-1.4056554,27.58118,-1.7153107,-16.146973,-66.27293,27.58118,-1.7153107,-16.146973,-66.27293,1.0,-1.0,-1.0,-1.0,33.524375915527344,-0.4,-0.4,-0.4
27.2,21.4933,-11.031919,1.1930219,0.97261566,-0.0044745486,-0.0018155287,-0.23236912,-0.007513988,0.011350947,-0.0071673626,-0.12066226,0.19763677,0.2389658,21.495527,-11.030011,0.39302745,-0.15955342,-0.13660392,-0.6311112,-1.3523809,-87.373085,219.06787,172.8484,72.579254,-87.373085,219.06787,172.8484,72.579254,-1.0,1.0,1.0,1.0,0.0,0.4,0.4,0.4
27.216666666666665,21.49328,-11.031651,1.1947372,0.9727278,-0.00317696,-0.0037302105,-0.23189789,-0.007273014,0.013952113,0.13978767,0.31368414,-0.31596276,-0.0038087897,21.495636,-11.029485,0.39474377,-0.16870591,-0.15511379,-0.54914916,-1.1105918,19.38698,44.809402,-1.097655,-76.71093,19.38698,44.809402,-1.097655,-76.71093,1.0,1.0,-1.0,-1.0,33.524375915527344,0.4,-0.4,-0.4
27.233333333333334,21.493242,-11.031375,1.1950232,0.97307307,-0.003085193,-0.003015851,-0.23045644,-0.009507484,0.013914338,-0.023520371,-0.11557696,0.21948719,0.23876531,21.495735,-11.028965,0.39503095,-0.17854144,-0.17259915,-0.5901315,-1.0491219,-90.16548,-31.687967,206.37877,46.84807,-90.16548,-31.687967,206.37877,46.84807,-1.0,-1.0,1.0,1.0,0.0,-0.4,0.4,0.4
27.25,21.493183,-11.031057,1.1964724,0.9731874,-0.00013883173,0.00176517,-0.23000647,-0.012271792,0.015905933,0.1238071,0.3214454,0.77961826,-0.0041536954,21.495825,-11.028453,0.396481,-0.18919659,-0.1865328,-0.6393089,-0.83601856,7.631204,36.16976,35.147617,-78.24193,7.631204,36.16976,35.147617,-78.24193,1.0,1.0,1.0,-1.0,33.524375915527344,0.4,0.4,-0.4
27.266666666666666,21.493134,-11.030742,1.1964884,0.9728193,0.0005510003,0.004815099,-0.23151463,-0.010626681,0.015473368,-0.04008122,-0.111117095,0.24063663,-0.24721968,21.495916,-11.027947,0.39649835,-0.19930533,-0.20012496,-0.6065243,-0.81553006,-52.324974,-42.367413,-189.24777,-67.89231,-52.324974,-42.367413,-189.24777,-67.89231,-1.0,-1.0,-1.0,-1.0,0.0,-0.4,-0.4,-0.4
27.28333333333333,21.493134,-11.030441,1.1976588,0.97269714,0.0020174745,0.003227868,-0.23204689,-0.007888569,0.01655911,0.106858104,0.32452738,-0.27292907,-0.0036877126,21.49599,-11.027455,0.39766958,-0.20463291,-0.21385372,-0.3196549,-0.8237251,39.459553,9.752642,-125.419876,92.455536,39.459553,9.752642,-125.419876,92.455536,1.0,1.0,-1.0,1.0,33.524375915527344,0.4,-0.4,0.4
27.3,21.493135,-11.03015,1.1974002,0.97303665,0.0022906833,0.004261804,-0.23059964,-0.007423914,0.015385255,-0.056457985,-0.10476502,0.2624819,0.23889244,21.496061,-11.026969,0.397412,-0.20955068,-0.22785573,-0.2950662,-0.84012055,-106.99761,-44.29628,66.991425,11.738188,-106.99761,-44.29628,66.991425,11.738188,-1.0,-1.0,1.0,1.0,0.0,-0.4,0.4,0.4
27.316666666666666,21.493177,-11.0298815,1.198298,0.9731437,0.0038470752,0.0028410854,-0.23014885,-0.0046894723,0.016005091,0.09047154,0.32937968,-0.25116053,-0.0038532326,21.49612,-11.026496,0.3983106,-0.21078011,-0.24247244,-0.073766105,-0.8770027,9.417087,3.802701,-150.89621,-96.94064,9.417087,3.802701,-150.89621,-96.94064,1.0,1.0,-1.0,-1.0,33.524375915527344,0.4,-0.4,-0.4
27.333333333333332,21.493216,-11.029622,1.1977667,0.97284085,0.0041890815,0.004052534,-0.23140137,-0.0041802623,0.014383396,-0.072837315,-0.10046872,0.2842141,-0.20558484,21.496166,-11.026028,0.3977801,-0.21132654,-0.25743067,-0.03278553,-0.8974939,-112.982666,-52.276196,31.37501,-0.82848364,-112.982666,-52.276196,31.37501,-0.82848364,-1.0,-1.0,1.0,-0.82848364,0.0,-0.4,0.4,-0.33139345
27.349999999999998,21.493286,-11.029414,1.1983898,0.9728078,0.00058280036,0.004027134,-0.23157783,-0.0014675849,0.012462208,0.07410971,-0.5269569,-0.23244599,0.03728684,21.496202,-11.025578,0.3984042,-0.20886765,-0.27477956,0.1475331,-1.040933,30.591541,-27.686398,-165.65442,49.24789,30.591541,-27.686398,-165.65442,49.24789,1.0,-1.0,-1.0,1.0,33.524375915527344,-0.4,-0.4,0.4
27.366666666666667,21.493382,-11.029219,1.1975787,0.9725363,-0.002306183,-0.000715166,-0.23273864,-0.00023591856,0.01367826,-0.089523725,-0.09783518,-0.7673868,-0.20511869,21.496235,-11.025135,0.39759436,-0.2043597,-0.29246998,0.2704775,-1.0614251,-118.805695,192.8118,-39.708893,-17.60125,-118.805695,192.8118,-39.708893,-17.60125,-1.0,1.0,-1.0,-1.0,0.0,0.4,-0.4,-0.4
27.383333333333333,21.49347,-11.028986,1.1979294,0.9724895,-0.0011180982,-0.003969821,-0.23291019,-0.0019142083,0.015146079,0.057923246,0.33912355,-0.20645061,0.038187914,21.496254,-11.024711,0.39794573,-0.19944192,-0.30619887,0.2950662,-0.82373315,23.404858,46.622253,217.63968,201.2388,23.404858,46.622253,217.63968,201.2388,1.0,1.0,1.0,1.0,33.524375915527344,0.4,0.4,0.4
27.4,21.493536,-11.028746,1.1968529,0.9729203,-0.0006085057,-0.002420647,-0.23112707,-0.0037483412,0.014386814,-0.10539073,-0.09015801,0.32903358,0.2807499,21.496271,-11.024295,0.39687026,-0.19589022,-0.3187666,0.21310239,-0.75406367,-95.358696,-39.790413,139.46121,17.69666,-95.358696,-39.790413,139.46121,17.69666,-1.0,-1.0,1.0,1.0,0.0,-0.4,0.4,0.4
27.416666666666668,21.493595,-11.028494,1.1969335,0.97310793,0.0011873125,-0.0033280998,-0.23032236,-0.003617534,0.015289108,0.041523658,0.34362185,-0.18449588,0.038005743,21.496273,-11.0239,0.3969513,-0.19179207,-0.32901204,0.24588881,-0.6147265,51.146503,13.761491,-93.69288,-90.06234,51.146503,13.761491,-93.69288,-90.06234,1.0,1.0,-1.0,-1.0,33.524375915527344,0.4,-0.4,-0.4
27.433333333333334,21.49364,-11.028242,1.1955848,0.9728342,0.0017804845,-0.0016064104,-0.23149021,-0.005004656,0.014032189,-0.12179855,-0.08613874,0.35092673,-0.20540953,21.496273,-11.023515,0.39560306,-0.18851356,-0.33857447,0.19671051,-0.5737459,-82.800545,-46.862186,126.44574,-3.1579103,-82.800545,-46.862186,126.44574,-3.1579103,-1.0,-1.0,1.0,-1.0,0.0,-0.4,0.4,-0.4
27.45,21.493675,-11.02801,1.1953912,0.9727896,-0.0015791412,-0.0011193758,-0.23168205,-0.004479141,0.012821291,0.025134737,-0.51250696,-0.16579475,0.03744189,21.49626,-11.023151,0.3954103,-0.18509845,-0.3480003,0.20490645,-0.5655491,105.74965,-17.280762,-105.96882,63.154522,105.74965,-17.280762,-105.96882,63.154522,1.0,-1.0,-1.0,1.0,33.524375915527344,-0.4,-0.4,0.4
27.466666666666665,21.4937,-11.027772,1.1937695,0.9732086,-0.0026417223,0.0011742384,-0.2299053,-0.005241867,0.01426862,-0.13801374,-0.07923553,0.37228093,0.28062966,21.49624,-11.022795,0.39378926,-0.18195654,-0.35646987,0.18851458,-0.50817484,-51.528416,214.15042,81.452545,2.0315988,-51.528416,214.15042,81.452545,2.0315988,-1.0,1.0,1.0,1.0,0.0,0.4,0.4,0.4
27.483333333333334,21.493748,-11.027508,1.193305,0.97340053,-0.0006709958,0.00060081435,-0.22910827,-0.004019167,0.016033063,0.008894337,0.35440668,-0.14125666,0.03789099,21.496206,-11.022463,0.39332488,-0.17608257,-0.36131942,0.35243866,-0.29097316,101.71004,34.018513,-147.07515,-115.42803,101.71004,34.018513,-147.07515,-115.42803,1.0,1.0,-1.0,-1.0,33.524375915527344,0.4,-0.4,-0.4
27.5,21.493792,-11.02724,1.1914115,0.97312045,8.5186424e-05,0.0026504595,-0.23028103,-0.004069773,0.01562588,-0.154435,-0.07534844,0.39413208,-0.20549616,21.496166,-11.0221405,0.39143148,-0.17007196,-0.3652127,0.36063638,-0.23359714,-16.37884,-35.716957,14.705518,-40.959026,-16.37884,-35.716957,14.705518,-40.959026,-1.0,-1.0,1.0,-1.0,0.0,-0.4,0.4,-0.4
27.516666666666666,21.49387,-11.026979,1.1906745,0.97236943,0.0021307534,0.0022395637,-0.23342662,-0.0022168206,0.016475523,-0.0075320704,0.36025938,-0.11966219,-0.4478791,21.496115,-11.021847,0.3906943,-0.16078287,-0.36760333,0.5573451,-0.14343737,173.84174,11.490614,-172.8665,-6.171505,173.84174,11.490614,-172.8665,-6.171505,1.0,1.0,-1.0,-1.0,33.524375915527344,0.4,-0.4,-0.4
27.53333333333333,21.493979,-11.026749,1.1923853,0.9718503,0.0014486555,-0.0019508534,-0.2355865,0.0001272884,0.01511498,0.13930796,-0.06856401,-0.6380639,-0.20481016,21.496054,-11.02158,0.3924048,-0.14862508,-0.37019885,0.7294678,-0.15573083,40.574318,-43.125797,-63.45829,244.6646,40.574318,-43.125797,-63.45829,244.6646,1.0,-1.0,-1.0,1.0,33.524375915527344,-0.4,-0.4,0.4
27.55,21.494078,-11.026518,1.1926682,0.97179604,0.0030557322,-0.0043442124,-0.23576313,-0.0013695521,0.014980112,-0.023920665,0.36334613,-0.09901385,0.038470544,21.495987,-11.021322,0.39268732,-0.13674052,-0.37211132,0.71307325,-0.11474847,-107.17847,32.96349,173.00508,234.36435,-107.17847,32.96349,173.00508,234.36435,-1.0,1.0,1.0,1.0,0.0,0.4,0.4,0.4
27.566666666666666,21.494122,-11.026303,1.1941129,0.97223455,0.004041255,-0.0018574697,-0.23396595,-0.003906939,0.012770886,0.123421796,-0.06063228,0.45821077,0.28109488,21.495907,-11.02109,0.39413193,-0.12786125,-0.3734091,0.5327564,-0.07786631,3.7302072,-49.35744,78.532936,7.710538,3.7302072,-49.35744,78.532936,7.710538,1.0,-1.0,1.0,1.0,33.524375915527344,-0.4,0.4,0.4
27.583333333333332,21.494156,-11.026111,1.1941237,0.9724353,0.0010125467,-0.00067368214,-0.23316973,-0.003243622,0.011026233,-0.040325556,-0.49505237,-0.08118163,0.037614606,21.495829,-11.020867,0.39414272,-0.11980161,-0.3755265,0.48357812,-0.12704371,-84.36769,-6.8329744,-143.54494,-76.539795,-84.36769,-6.8329744,-143.54494,-76.539795,-1.0,-1.0,-1.0,-1.0,0.0,-0.4,-0.4,-0.4
27.599999999999998,21.494179,-11.02591,1.1952955,0.9721519,0.00032565094,0.0023983095,-0.23433922,-0.004636443,0.011593151,0.10717377,-0.05659016,0.47945735,-0.20518242,21.495737,-11.02067,0.3953142,-0.11160537,-0.3753216,0.4917745,0.012293457,25.739182,192.52292,8.479994,-17.219002,25.739182,192.52292,8.479994,-17.219002,1.0,1.0,1.0,-1.0,33.524375915527344,0.4,0.4,-0.4
27.616666666666667,21.494217,-11.025702,1.1950362,0.97210264,0.0026357365,0.0025079185,-0.23452769,-0.00295641,0.011996933,-0.056575473,0.37393996,-0.056030206,0.03830775,21.495644,-11.02048,0.39505464,-0.102179684,-0.37402382,0.565541,0.07786631,-73.45802,25.926373,-185.86864,66.892204,-73.45802,25.926373,-185.86864,66.892204,-1.0,1.0,-1.0,1.0,0.0,0.4,-0.4,0.4
27.633333333333333,21.49428,-11.025531,1.1959298,0.97182107,0.0021946114,-0.0011846146,-0.23570624,-0.00081915414,0.010674473,0.09027018,-0.05422317,-0.57273793,-0.20495795,21.49555,-11.020316,0.39594787,-0.09097816,-0.3734774,0.67209136,0.03278553,29.320387,-41.10491,-101.47528,-44.188843,29.320387,-41.10491,-101.47528,-44.188843,1.0,-1.0,-1.0,-1.0,33.524375915527344,-0.4,-0.4,-0.4
27.65,21.494339,-11.025361,1.1953954,0.97176737,0.0040475507,-0.0030784984,-0.23588629,-0.0021250602,0.01013513,-0.072940394,0.37787002,-0.03373137,0.03831064,21.495451,-11.020163,0.3954132,-0.07964003,-0.37231624,0.6802877,0.06966948,-107.1506,16.930021,156.16348,224.7471,-107.1506,16.930021,156.16348,224.7471,-1.0,1.0,1.0,1.0,0.0,0.4,0.4,0.4
27.666666666666668,21.494352,-11.025218,1.196023,0.9714864,0.005289791,-8.051182e-05,-0.23703633,-0.0038933912,0.007848011,0.074399754,-0.04625532,0.5232596,-0.20501873,21.495348,-11.020035,0.3960406,-0.0713072,-0.37122336,0.49997,0.06557285,29.982515,-52.47875,17.574083,-12.890262,29.982515,-52.47875,17.574083,-12.890262,1.0,-1.0,1.0,-1.0,33.524375915527344,-0.4,0.4,-0.4
27.683333333333334,21.494358,-11.025098,1.1952167,0.9714529,0.002531426,0.0016149655,-0.23721334,-0.00250436,0.0059120385,-0.08938205,-0.47788516,-0.015690628,0.037798483,21.495245,-11.019914,0.39523405,-0.063520774,-0.37129167,0.46718535,-0.004098415,-75.05846,-30.564726,-174.84383,87.40283,-75.05846,-30.564726,-174.84383,87.40283,-1.0,-1.0,-1.0,1.0,0.0,-0.4,-0.4,0.4
27.7,21.494383,-11.024997,1.1955646,0.9711702,0.00050750544,-0.0013246085,-0.23838294,-0.0009129519,0.0062666703,0.057614308,-0.043485526,-0.52872986,-0.20485218,21.495132,-11.019818,0.39558178,-0.053685293,-0.37088186,0.59012884,0.024588702,66.399185,168.40157,-78.058205,-34.664562,66.399185,168.40157,-78.058205,-34.664562,1.0,1.0,-1.0,-1.0,33.524375915527344,0.4,-0.4,-0.4
27.716666666666665,21.49441,-11.024884,1.1944855,0.97112036,0.0025309708,-0.0028893396,-0.23855925,-0.0024054516,0.0060857562,-0.10558166,0.38878775,0.010302322,0.0384095,21.495026,-11.019729,0.39450246,-0.044123027,-0.36924258,0.5737359,0.0983566,-75.563156,25.258978,152.49577,228.58548,-75.563156,25.258978,152.49577,228.58548,-1.0,1.0,1.0,1.0,0.0,0.4,0.4,0.4
27.733333333333334,21.494408,-11.024795,1.1945617,0.97081745,0.0023318413,-0.006073163,-0.23973125,-0.0024494305,0.0042830836,0.041275468,-0.03949621,-0.50652254,-0.20482406,21.494911,-11.019667,0.39457837,-0.036063403,-0.3672618,0.48357743,0.118846886,77.9985,-47.69482,-1.3555058,-15.407299,77.9985,-47.69482,-1.3555058,-15.407299,1.0,-1.0,-1.0,-1.0,33.524375915527344,-0.4,-0.4,-0.4
27.75,21.49439,-11.024704,1.1932096,0.9707627,0.003567939,-0.007259062,-0.23990434,-0.005293658,0.0030549036,-0.12190581,0.2508273,0.031924043,0.038364578,21.494802,-11.019612,0.39322606,-0.029506417,-0.36466625,0.39341912,0.15573262,-63.48627,0.6705309,218.51962,245.81694,-63.48627,0.6705309,218.51962,245.81694,-1.0,0.6705309,1.0,1.0,0.0,0.26821238,0.4,0.4
27.766666666666666,21.494291,-11.024629,1.1930189,0.971224,0.003910122,-0.0034959812,-0.23810972,-0.008209182,0.000448236,0.025423823,-0.17319256,0.58878523,0.2810073,21.494684,-11.019584,0.393035,-0.02814038,-0.36131942,0.081962265,0.20080982,102.168205,-45.579853,119.222534,9.9154215,102.168205,-45.579853,119.222534,9.9154215,1.0,-1.0,1.0,1.0,33.524375915527344,-0.4,0.4,0.4
27.78333333333333,21.49419,-11.024558,1.1913959,0.9714184,0.005467923,-0.002276936,-0.23729989,-0.0076997434,-0.0005998929,-0.13828698,0.2540023,0.053218752,0.038177684,21.494576,-11.019562,0.39141157,-0.027593967,-0.35783595,0.03278475,0.20900844,-9.340035,11.301196,-126.45132,-66.047386,-9.340035,11.301196,-126.45132,-66.047386,-1.0,1.0,-1.0,-1.0,0.0,0.4,-0.4,-0.4
27.8,21.49405,-11.024527,1.1909325,0.9711368,0.0058831736,0.0016686977,-0.23844445,-0.008529572,-0.003245287,0.009019907,-0.16996492,0.61013645,-0.20515943,21.494455,-11.019564,0.39094815,-0.029096607,-0.35544533,-0.090158425,0.14343737,136.89351,-48.891926,21.557146,-36.113235,136.89351,-48.891926,21.557146,-36.113235,1.0,-1.0,1.0,-1.0,33.524375915527344,-0.4,0.4,-0.4
27.816666666666666,21.49391,-11.02457,1.1929182,0.9711027,0.0023655754,0.0044429274,-0.23860882,-0.0067962473,-0.0065979897,0.15580292,-0.5959985,0.09319009,0.03751689,21.494335,-11.0196,0.39293396,-0.030462643,-0.35599175,-0.08196215,-0.03278553,51.380585,-10.140201,-180.44955,55.278423,51.380585,-10.140201,-180.44955,55.278423,1.0,-1.0,-1.0,1.0,33.524375915527344,-0.4,-0.4,0.4
27.833333333333332,21.49379,-11.02463,1.1934695,0.9708263,-0.00047102815,0.0024972318,-0.23977005,-0.0043435157,-0.0061849398,-0.007886702,-0.1669766,-0.44165707,-0.20516141,21.494211,-11.019644,0.39348525,-0.030189436,-0.3570846,0.01639243,-0.06557106,-93.24635,213.08868,-110.61702,-29.532063,-93.24635,213.08868,-110.61702,-29.532063,-1.0,1.0,-1.0,-1.0,0.0,0.4,-0.4,-0.4
27.849999999999998,21.493689,-11.024677,1.1951822,0.9707814,0.0007925875,0.002007274,-0.23995557,-0.0046500503,-0.004839181,0.13961938,0.27106372,0.119534604,0.038137455,21.494087,-11.019712,0.39519784,-0.02855019,-0.35558194,0.0983547,0.09015977,30.33602,75.34146,109.55452,188.01472,30.33602,75.34146,109.55452,188.01472,1.0,1.0,1.0,1.0,33.524375915527344,0.4,0.4,0.4
27.866666666666667,21.4936,-11.024731,1.1954618,0.97049445,-0.0002170586,-0.00018450372,-0.24112311,-0.0031627095,-0.005501794,-0.024191704,-0.16260122,-0.4193169,-0.20507124,21.493967,-11.019789,0.39547715,-0.026227929,-0.35394266,0.13933572,0.0983566,-87.453384,-34.82443,-104.96666,-14.773906,-87.453384,-34.82443,-104.96666,-14.773906,-1.0,-1.0,-1.0,-1.0,0.0,-0.4,-0.4,-0.4
27.883333333333333,21.493502,-11.024775,1.1969019,0.9704486,0.0011276633,-0.00050439645,-0.24130455,-0.004393896,-0.0045135473,0.12331008,0.27552235,0.14191528,0.038217958,21.493845,-11.019891,0.39691705,-0.024588682,-0.34977615,0.09835481,0.2499908,14.692293,70.76283,140.65146,206.71783,14.692293,70.76283,140.65146,206.71783,1.0,1.0,1.0,1.0,33.524375915527344,0.4,0.4,0.4
27.9,21.4934,-11.024823,1.1969091,0.9708867,0.00020178613,-0.0025290404,-0.23952547,-0.003830806,-0.0056636394,-0.040500723,-0.15737167,-0.39700451,0.2809827,21.493717,-11.019997,0.39692372,-0.022676228,-0.34567797,0.11474724,0.2458906,-93.773254,-38.216084,-64.8076,5.782031,-93.773254,-38.216084,-64.8076,5.782031,-1.0,-1.0,-1.0,1.0,0.0,-0.4,-0.4,0.4
27.916666666666668,21.493309,-11.024865,1.1941938,0.97108245,0.0015752488,-0.0028064216,-0.23872253,-0.0054318462,-0.0056850887,-0.20365682,0.27663276,0.14197442,0.037968624,21.4936,-11.020105,0.39420795,-0.02090038,-0.34089676,0.10655086,0.28687295,-38.79246,61.587067,180.2947,-62.53716,-38.79246,61.587067,180.2947,-62.53716,-1.0,1.0,1.0,-1.0,0.0,0.4,0.4,-0.4
27.933333333333334,21.493187,-11.024917,1.1926342,0.970787,0.0007292009,-0.0047038863,-0.23989551,-0.00581783,-0.007019971,-0.05679664,-0.151609,-0.37497783,-0.20524424,21.493475,-11.020234,0.39264804,-0.02062717,-0.33536422,0.016392542,0.33195195,169.08656,-39.020546,-3.8898852,-42.053852,169.08656,-39.020546,-3.8898852,-42.053852,1.0,-1.0,-1.0,-1.0,33.524375915527344,-0.4,-0.4,-0.4
27.95,21.49301,-11.02496,1.1935296,0.9707412,0.0022534113,-0.0046855994,-0.24007149,-0.00852896,-0.006836974,0.090715565,0.28659785,0.1862203,0.038034096,21.493347,-11.020396,0.39354286,-0.02417887,-0.3268263,-0.21310194,0.51227504,68.61009,52.449192,210.28091,206.31114,68.61009,52.449192,210.28091,206.31114,1.0,1.0,1.0,1.0,33.524375915527344,0.4,0.4,0.4
27.966666666666665,21.492802,-11.025,1.192998,0.9711922,0.0031325798,0.00013077185,-0.23827693,-0.010039256,-0.008639346,-0.07267411,-0.14300948,0.72103184,0.28073102,21.493221,-11.020564,0.3930108,-0.030052833,-0.31767374,-0.35243776,0.5491536,-50.79265,-47.209908,72.716225,15.045348,-50.79265,-47.209908,72.716225,15.045348,-1.0,-1.0,1.0,1.0,0.0,-0.4,0.4,0.4
27.983333333333334,21.492605,-11.025065,1.1936233,0.9713771,0.0052619074,0.0024866674,-0.23747121,-0.008710179,-0.008697274,0.07427404,0.28901854,0.20743152,0.03789223,21.493095,-11.020754,0.3936353,-0.035107177,-0.30879435,-0.3032606,0.53276354,69.866516,6.703259,-169.32558,-84.16106,69.866516,6.703259,-169.32558,-84.16106,1.0,1.0,-1.0,-1.0,33.524375915527344,0.4,-0.4,-0.4
28.0,21.49242,-11.025153,1.1928128,0.9710947,0.004576071,0.0009731683,-0.23864828,-0.0068902057,-0.010719649,-0.08952289,-0.14460905,-0.33147988,-0.20531996,21.492964,-11.020951,0.3928241,-0.03893208,-0.30093953,-0.22949426,0.47128913,-44.70917,-50.995846,-107.25014,-36.06044,-44.70917,-50.995846,-107.25014,-36.06044,-1.0,-1.0,-1.0,-1.0,0.0,-0.4,-0.4,-0.4
28.016666666666666,21.492228,-11.025271,1.1931634,0.9710403,0.006242398,0.0013314654,-0.23883027,-0.0072679427,-0.011483647,0.057997987,0.29368573,0.22963278,0.037945915,21.49283,-11.021171,0.3931741,-0.043166798,-0.2936994,-0.25408295,0.43440697,105.79009,8.979578,131.77155,160.94809,105.79009,8.979578,131.77155,160.94809,1.0,1.0,1.0,1.0,33.524375915527344,0.4,0.4,0.4
28.03333333333333,21.492039,-11.025409,1.1920807,0.9707546,0.005637434,-1.0212565e-05,-0.24000773,-0.005742792,-0.013901568,-0.10580373,-0.13997167,-0.30933297,-0.20526183,21.492695,-11.021395,0.39209127,-0.04699171,-0.28748387,-0.2294947,0.37293252,-35.70332,-57.20698,-101.79238,-29.268408,-35.70332,-57.20698,-101.79238,-29.268408,-1.0,-1.0,-1.0,-1.0,0.0,-0.4,-0.4,-0.4
28.05,21.491827,-11.025594,1.1921568,0.970722,0.0021513011,0.0017865367,-0.24018933,-0.006317351,-0.016406424,0.04143706,-0.56382465,0.24796784,0.037564103,21.49256,-11.021638,0.39216715,-0.05245586,-0.2833174,-0.32784906,0.24998902,122.18344,-9.091406,137.02913,161.40067,122.18344,-9.091406,137.02913,161.40067,1.0,-1.0,1.0,1.0,33.524375915527344,-0.4,0.4,0.4
28.066666666666666,21.491623,-11.025786,1.1908009,0.9704363,-0.00011596547,0.0010329186,-0.24135518,-0.0049726977,-0.015674949,-0.12230735,-0.13483253,-0.28688365,-0.20522004,21.49242,-11.021888,0.39081088,-0.05710039,-0.27921924,-0.27867165,0.24588881,-1.9977481,192.86147,-86.4519,-26.639273,-1.9977481,192.86147,-86.4519,-26.639273,-1.0,1.0,-1.0,-1.0,0.0,0.4,-0.4,-0.4
28.083333333333332,21.49142,-11.025965,1.1906064,0.97038776,0.0017216499,0.0017267206,-0.24153976,-0.0056292843,-0.014927567,0.025218906,0.30365723,0.2742857,0.038038522,21.492275,-11.022155,0.39061594,-0.06119851,-0.2728671,-0.24588725,0.38112757,162.13097,44.65506,124.27914,148.87685,162.13097,44.65506,124.27914,148.87685,1.0,1.0,1.0,1.0,33.524375915527344,0.4,0.4,0.4
28.099999999999998,21.491236,-11.026174,1.1928618,0.9700981,0.0013483767,0.0008467035,-0.24270797,-0.0036651634,-0.01606156,0.1720599,-0.124653205,-0.24288215,-0.2051677,21.492125,-11.02245,0.39287096,-0.06365738,-0.26665154,-0.14753221,0.3729343,25.382738,-43.23798,-116.430885,-31.026217,25.382738,-43.23798,-116.430885,-31.026217,1.0,-1.0,-1.0,-1.0,33.524375915527344,-0.4,-0.4,-0.4
28.116666666666667,21.491058,-11.026377,1.1936893,0.9700466,0.0032932253,0.0017481669,-0.24289012,-0.004196616,-0.015815081,0.008930778,0.30855528,0.29637524,0.038105194,21.491982,-11.022747,0.39369825,-0.06611624,-0.25995788,-0.14753176,0.40161964,-92.96441,46.15638,96.23469,205.70018,-92.96441,46.15638,96.23469,205.70018,-1.0,1.0,1.0,1.0,0.0,0.4,0.4,0.4
28.133333333333333,21.490885,-11.026621,1.1956723,0.96975523,0.003002338,0.0010387347,-0.24405847,-0.0021413541,-0.017474936,0.15577148,-0.119799234,-0.22084208,-0.2050923,21.491825,-11.0230665,0.39568073,-0.06734568,-0.254562,-0.073766105,0.32375333,2.5333886,-48.675343,-128.34341,-25.429619,2.5333886,-48.675343,-128.34341,-25.429619,1.0,-1.0,-1.0,-1.0,33.524375915527344,-0.4,-0.4,-0.4
28.15,21.490713,-11.026867,1.1962274,0.9697001,0.0050325054,0.0021057164,-0.24423735,-0.0024318607,-0.017791135,-0.007343178,0.3134942,0.3184352,0.038191736,21.491673,-11.02339,0.39623576,-0.06871172,-0.24902947,-0.08196249,0.33195105,-110.40351,21.120123,81.26394,209.9195,-110.40351,21.120123,81.26394,209.9195,-1.0,1.0,1.0,1.0,0.0,0.4,0.4,0.4
28.166666666666668,21.490545,-11.02712,1.1940547,0.9694078,0.004758434,0.0014422394,-0.24540527,-0.0006699944,-0.019768318,-0.17116162,-0.12028473,-0.22074687,-0.20499961,21.491518,-11.023711,0.3940626,-0.06966795,-0.24411172,-0.05737379,0.2950653,-15.175034,-54.90488,-144.54309,-23.461885,-15.175034,-54.90488,-144.54309,-23.461885,-1.0,-1.0,-1.0,-1.0,0.0,-0.4,-0.4,-0.4
28.183333333333334,21.490366,-11.027418,1.1930412,0.96936786,0.0016238261,0.003931686,-0.2455762,-0.00052610505,-0.021381225,-0.023945447,-0.54379976,0.33633545,0.03777809,21.491358,-11.024051,0.39304897,-0.07103399,-0.2411747,-0.08196249,0.17622112,159.35295,-14.055989,70.92633,149.18626,159.35295,-14.055989,70.92633,149.18626,1.0,-1.0,1.0,1.0,33.524375915527344,-0.4,0.4,0.4
28.2,21.490229,-11.027737,1.1944786,0.9690748,-0.0002423391,0.003987533,-0.2467345,0.0020593365,-0.020737728,0.1229495,-0.1095269,-0.17654973,-0.20507342,21.49119,-11.024407,0.39448634,-0.06884832,-0.2384426,0.13114034,0.16392587,43.41013,181.08167,-150.96608,-38.433964,43.41013,181.08167,-150.96608,-38.433964,1.0,1.0,-1.0,-1.0,33.524375915527344,0.4,-0.4,-0.4
28.216666666666665,21.490122,-11.028057,1.1944821,0.96903574,0.00027970882,-0.0011107087,-0.24691755,0.003744761,-0.01990872,-0.040698197,0.31905097,-0.7110391,0.03835691,21.49102,-11.024771,0.39448947,-0.0643404,-0.23536898,0.27047527,0.18441705,-83.70688,47.769745,-38.98447,196.05698,-83.70688,47.769745,-38.98447,196.05698,-1.0,1.0,-1.0,1.0,0.0,0.4,-0.4,0.4
28.233333333333334,21.490002,-11.028382,1.1917622,0.9694807,-0.00037739266,-0.0036073925,-0.2451405,0.0014019725,-0.02087859,-0.20400952,-0.10888971,-0.17580123,0.28084216,21.49085,-11.025136,0.39176947,-0.0607887,-0.23250028,0.21310194,0.17212181,-11.256601,-32.501236,215.21437,95.757645,-11.256601,-32.501236,215.21437,95.757645,-1.0,-1.0,1.0,1.0,0.0,-0.4,0.4,0.4
28.25,21.489851,-11.028686,1.1902053,0.96968627,0.0018988751,-0.0020771543,-0.24433711,-0.00041186798,-0.020553278,-0.056439463,0.32987818,0.38536248,0.03787523,21.49068,-11.0255165,0.39021218,-0.05942266,-0.22696778,0.081962265,0.33195016,162.37775,29.743048,134.11552,-67.621414,162.37775,29.743048,134.11552,-67.621414,1.0,1.0,1.0,-1.0,33.524375915527344,0.4,0.4,-0.4
28.266666666666666,21.48967,-11.029006,1.1910985,0.9693914,0.001964429,-0.0021123965,-0.24550341,0.00010841468,-0.0220485,0.0904016,-0.098525986,-0.13194658,-0.20527941,21.4905,-11.02592,0.39110503,-0.05942266,-0.22102547,0.0,0.35653886,86.609055,-49.519924,-106.51971,-23.079762,86.609055,-49.519924,-106.51971,-23.079762,1.0,-1.0,-1.0,-1.0,33.524375915527344,-0.4,-0.4,-0.4
28.28333333333333,21.489487,-11.029323,1.1905636,0.96934164,0.0043527316,-0.00037479008,-0.24567766,-0.00095310423,-0.022536274,-0.07268541,0.33502546,0.40729725,0.03804061,21.490328,-11.026326,0.39056963,-0.060242284,-0.21460505,-0.049177404,0.3852251,-40.675175,11.064495,104.361206,217.21585,-40.675175,11.064495,104.361206,217.21585,-1.0,1.0,1.0,1.0,0.0,0.4,0.4,0.4
28.3,21.489288,-11.029681,1.191184,0.9690452,0.004501761,-0.00024116572,-0.24684176,0.0003774548,-0.024732573,0.074162066,-0.093422845,-0.11007308,-0.20510001,21.490139,-11.026745,0.3911898,-0.0609253,-0.210302,-0.04098102,0.25818315,89.46791,-54.433266,-129.8903,-29.473806,89.46791,-54.433266,-129.8903,-29.473806,1.0,-1.0,-1.0,-1.0,33.524375915527344,-0.4,-0.4,-0.4
28.316666666666666,21.489077,-11.030061,1.1903752,0.9690052,0.001751808,0.0029642074,-0.24701603,0.00022501906,-0.026354441,-0.08930881,-0.52200824,0.4249002,0.037631355,21.489954,-11.027169,0.39038083,-0.06283776,-0.2070918,-0.11474735,0.1926121,-34.642902,-21.503477,60.85709,209.20148,-34.642902,-21.503477,60.85709,209.20148,-1.0,-1.0,1.0,1.0,0.0,-0.4,0.4,0.4
28.333333333333332,21.488897,-11.030454,1.1907226,0.96870756,0.00024402293,0.0036937923,-0.24817717,0.002485144,-0.025615284,0.057577126,-0.08777902,-0.08798418,-0.2052455,21.489761,-11.027607,0.39072835,-0.061881527,-0.20388158,0.05737379,0.19261299,117.04755,160.39864,-152.19496,-49.32839,117.04755,160.39864,-152.19496,-49.32839,1.0,1.0,-1.0,-1.0,33.524375915527344,0.4,-0.4,-0.4
28.349999999999998,21.488773,-11.030857,1.1935194,0.9686655,0.0011849331,-0.0006111886,-0.24836525,0.0057099597,-0.024104651,0.20461333,0.34632322,-0.6005924,0.038173646,21.48957,-11.028064,0.3935248,-0.05710039,-0.20005664,0.28686827,0.22949605,2.3075693,22.19781,-62.84506,183.87044,2.3075693,22.19781,-62.84506,183.87044,1.0,1.0,-1.0,1.0,33.524375915527344,0.4,-0.4,0.4
28.366666666666667,21.488642,-11.031266,1.1948874,0.9691162,0.0009733193,-0.0022734164,-0.24659175,0.004772922,-0.025322754,0.041306943,-0.08173748,-0.06543431,0.28068936,21.489376,-11.028526,0.3948925,-0.052592464,-0.19623172,0.2704755,0.22949515,-129.43518,-36.68365,175.863,106.78128,-129.43518,-36.68365,175.863,106.78128,-1.0,-1.0,1.0,1.0,0.0,-0.4,0.4,0.4
28.383333333333333,21.4885,-11.031665,1.1935353,0.96931684,0.0036308954,-3.520757e-05,-0.24578755,0.0039486205,-0.025514686,-0.12173589,0.3513096,0.4738631,0.037758507,21.48918,-11.028992,0.3935402,-0.048630953,-0.19145057,0.23769064,0.28686938,-64.34863,8.527553,60.833866,-37.572266,-64.34863,8.527553,60.833866,-37.572266,-1.0,1.0,1.0,-1.0,0.0,0.4,0.4,-0.4
28.4,21.488365,-11.032098,1.1933386,0.9690193,0.004047502,0.0006018552,-0.24695112,0.0054182285,-0.02745356,0.025124945,-0.07715659,-0.043580722,-0.20534441,21.488985,-11.029467,0.39334318,-0.044396233,-0.18844526,0.2540832,0.18031864,100.79675,-53.10241,-164.7362,-40.16807,100.79675,-53.10241,-164.7362,-40.16807,1.0,-1.0,-1.0,-1.0,33.524375915527344,-0.4,-0.4,-0.4
28.416666666666668,21.488232,-11.032558,1.1917056,0.96897537,-0.00012232565,-0.0021846257,-0.24714728,0.005743532,-0.028559728,-0.1389246,-0.5105329,-0.5825169,0.037664853,21.48879,-11.0299425,0.39171028,-0.040024914,-0.18735242,0.26227912,0.06557017,-15.283218,-27.608461,-30.428154,188.88658,-15.283218,-27.608461,-30.428154,188.88658,-1.0,-1.0,-1.0,1.0,0.0,-0.4,-0.4,0.4
28.433333333333334,21.488073,-11.033004,1.1912339,0.96942234,-0.0019183477,-0.0031162447,-0.24537103,0.0035590914,-0.027721966,0.008471935,-0.07054527,-0.02147498,0.2810469,21.488588,-11.030434,0.39123842,-0.036883026,-0.18407393,0.18851323,0.19670962,123.07251,183.77779,197.97092,75.34741,123.07251,183.77779,197.97092,75.34741,1.0,1.0,1.0,1.0,33.524375915527344,0.4,0.4,0.4
28.45,21.48788,-11.033406,1.19322,0.9696309,0.0009808996,-0.00041496902,-0.2445704,0.0007113656,-0.026015015,0.1560944,0.36771086,0.5397992,0.038128722,21.488384,-11.030942,0.39322406,-0.036063403,-0.17649236,0.049177404,0.45489368,3.353664,23.898869,75.32167,-47.485596,3.353664,23.898869,75.32167,-47.485596,1.0,1.0,1.0,-1.0,33.524375915527344,0.4,0.4,-0.4
28.466666666666665,21.487692,-11.033809,1.1937728,0.9693362,0.0015974189,0.00059347023,-0.24573219,0.0016317412,-0.026942462,-0.0077091153,-0.066110775,0.00037665362,-0.20494276,21.488182,-11.031451,0.39377666,-0.035107177,-0.16884252,0.057373565,0.4589903,-58.34051,-47.591885,-147.16162,-24.038574,-58.34051,-47.591885,-147.16162,-24.038574,-1.0,-1.0,-1.0,-1.0,0.0,-0.4,-0.4,-0.4
28.483333333333334,21.487505,-11.034241,1.1954786,0.9692868,-0.0023228617,-0.0017423201,-0.24591604,0.003318774,-0.02871412,0.13893573,-0.4939929,-0.5166529,0.038041715,21.48797,-11.031975,0.3954819,-0.033331327,-0.1622855,0.10655097,0.39342102,26.898932,-9.404389,-5.4888644,178.21712,26.898932,-9.404389,-5.4888644,178.21712,1.0,-1.0,-1.0,1.0,33.524375915527344,-0.4,-0.4,0.4
28.5,21.487316,-11.034666,1.1957562,0.969731,-0.0039153215,-0.0022991353,-0.24413352,0.0015456388,-0.027475558,-0.024314845,-0.05950759,0.022366222,0.28139246,21.487764,-11.032502,0.39575917,-0.032101892,-0.15497719,0.073766105,0.43849912,-119.81493,213.62714,184.98691,107.43455,-119.81493,213.62714,184.98691,107.43455,-1.0,1.0,1.0,1.0,0.0,0.4,0.4,0.4
28.516666666666666,21.487122,-11.035071,1.1933144,0.96994066,-0.0009077968,0.00061462494,-0.24333888,0.0009661928,-0.02644721,-0.18735576,0.3731935,0.5616608,0.03848353,21.487556,-11.033027,0.39331716,-0.031145662,-0.14643942,0.05737379,0.5122661,-16.632107,40.89413,68.74395,-54.58716,-16.632107,40.89413,68.74395,-54.58716,-1.0,1.0,1.0,-1.0,0.0,0.4,0.4,-0.4
28.53333333333333,21.486935,-11.035482,1.1920282,0.9696472,-0.00013912891,0.0019118103,-0.24450067,0.0025370435,-0.026864003,-0.040490407,-0.05521267,0.04418655,-0.20457147,21.48734,-11.033565,0.39203078,-0.029096607,-0.13735524,0.12294329,0.54505074,157.77507,-38.839413,-166.83351,-62.620747,157.77507,-38.839413,-166.83351,-62.620747,1.0,-1.0,-1.0,-1.0,33.524375915527344,-0.4,-0.4,-0.4
28.55,21.486784,-11.035897,1.1931906,0.96960175,0.0013531847,-0.0013902575,-0.24468052,0.0042893775,-0.025773712,0.10657575,0.37922084,-0.46858823,0.03885329,21.48713,-11.034113,0.39319274,-0.024725284,-0.12779295,0.26227933,0.57373697,89.0456,5.2304015,-61.788155,146.22098,89.0456,5.2304015,-61.788155,146.22098,1.0,1.0,-1.0,1.0,33.524375915527344,0.4,-0.4,0.4
28.566666666666666,21.486624,-11.036314,1.1929243,0.9700483,0.0016802726,-0.0020544592,-0.24289745,0.0029092706,-0.02717412,-0.056702517,-0.04910091,0.066574745,0.2813956,21.486914,-11.034659,0.39292625,-0.020763775,-0.11850386,0.23769052,0.55734557,-80.962845,-42.532257,171.10529,80.227356,-80.962845,-42.532257,171.10529,80.227356,-1.0,-1.0,1.0,1.0,0.0,-0.4,0.4,0.4
28.583333333333332,21.48643,-11.036743,1.1938194,0.9702487,-0.00031251562,0.0025968181,-0.24209605,0.0011731337,-0.028671803,0.09050863,-0.47341862,0.6227538,0.037793458,21.486698,-11.035218,0.393821,-0.019261133,-0.10921479,0.09015854,0.5573442,46.656918,-3.68618,14.610676,-57.521866,46.656918,-3.68618,14.610676,-57.521866,1.0,-1.0,1.0,-1.0,33.524375915527344,-0.4,0.4,-0.4
28.599999999999998,21.486242,-11.037171,1.1932824,0.9699488,-0.0010977803,0.0046920194,-0.24326134,0.0031907042,-0.027381368,-0.07324468,-0.04447833,0.08772163,-0.20512997,21.48648,-11.035779,0.39328358,-0.017075473,-0.09972081,0.13113956,0.56963855,-48.28593,172.62581,-177.86877,-52.761204,-48.28593,172.62581,-177.86877,-52.761204,-1.0,1.0,-1.0,-1.0,0.0,0.4,-0.4,-0.4
28.616666666666667,21.486113,-11.037598,1.1939002,0.9699116,0.0005736749,0.0017215814,-0.24345037,0.0056387144,-0.025879614,0.07382904,0.39007583,-0.42513242,0.038303003,21.486263,-11.0363455,0.39390126,-0.010791699,-0.08968042,0.3770264,0.60242367,110.744415,9.878647,-121.572075,104.56425,110.744415,9.878647,-121.572075,104.56425,1.0,1.0,-1.0,1.0,33.524375915527344,0.4,-0.4,0.4
28.633333333333333,21.48598,-11.038032,1.1930889,0.9703564,0.0010826639,0.0013886414,-0.24167195,0.0052125594,-0.02684105,-0.089443974,-0.03833773,0.11003291,0.28085944,21.486044,-11.036918,0.39308974,-0.0046445285,-0.07977664,0.36883023,0.59422684,-62.34661,-40.368874,108.35012,56.78388,-62.34661,-40.368874,108.35012,56.78388,-1.0,-1.0,1.0,1.0,0.0,-0.4,0.4,0.4
28.65,21.485867,-11.03847,1.1934341,0.97055,0.0028527034,-0.0014084773,-0.24087836,0.006645042,-0.02625042,0.05762277,0.39560917,-0.40253198,0.03803661,21.485828,-11.037491,0.39343482,0.0027320758,-0.07014606,0.44259623,0.5778345,75.34879,2.3237936,-98.01227,-78.565254,75.34879,2.3237936,-98.01227,-78.565254,1.0,1.0,-1.0,-1.0,33.524375915527344,0.4,-0.4,-0.4
28.666666666666668,21.48574,-11.038917,1.1923506,0.97098786,0.0034464812,-0.0015721918,-0.23909879,0.005433468,-0.02821252,-0.1056416,-0.03289087,0.13266721,0.28059846,21.48561,-11.038067,0.39235103,0.0094256615,-0.060856998,0.4016151,0.5573438,-58.72515,-51.00857,143.35918,54.379875,-58.72515,-51.00857,143.35918,54.379875,-1.0,-1.0,1.0,1.0,0.0,-0.4,0.4,0.4
28.683333333333334,21.485598,-11.039396,1.1924219,0.97118336,7.159262e-05,-0.002936952,-0.23831542,0.0059887804,-0.030012693,0.0410035,-0.46121186,-0.38486212,0.03725691,21.485394,-11.038646,0.3924222,0.014616605,-0.053753596,0.3114566,0.42620412,95.82035,-18.231441,-54.092373,-74.66036,95.82035,-18.231441,-54.092373,-74.66036,1.0,-1.0,-1.0,-1.0,33.524375915527344,-0.4,-0.4,-0.4
28.7,21.485447,-11.039872,1.1910654,0.9716179,-0.0009935646,-0.0025102666,-0.23654027,0.0041047167,-0.029423498,-0.12223243,-0.027084127,0.15396245,0.2805474,21.485178,-11.039226,0.391066,0.019261133,-0.04630869,0.27867165,0.4466944,-36.382557,172.02513,168.87334,64.50733,-36.382557,172.02513,168.87334,64.50733,-1.0,1.0,1.0,1.0,0.0,0.4,0.4,0.4
28.716666666666665,21.485281,-11.040331,1.1908664,0.97180426,0.0009653137,-0.0049633128,-0.23573445,0.0039039415,-0.02862024,0.024867056,0.40681377,-0.3586608,0.03774343,21.48496,-11.03981,0.39086664,0.022949437,-0.037292838,0.22129822,0.540951,126.167076,2.5503082,-15.410355,-85.04197,126.167076,2.5503082,-15.410355,-85.04197,1.0,1.0,-1.0,-1.0,33.524375915527344,0.4,-0.4,-0.4
28.733333333333334,21.485102,-11.040787,1.1892378,0.9722348,0.0017294632,-0.0047869086,-0.23395209,0.0015051262,-0.030307643,-0.13838276,-0.02185827,0.17660758,0.28030702,21.484747,-11.040392,0.389238,0.025408303,-0.028276984,0.14753199,0.54095125,-10.713624,-50.530926,205.63252,35.266636,-10.713624,-50.530926,205.63252,35.266636,-1.0,-1.0,1.0,1.0,0.0,-0.4,0.4,0.4
28.75,21.484869,-11.04125,1.1887707,0.9724376,0.00012319544,0.00068633724,-0.23316218,-0.00038903963,-0.03159827,0.008816698,-0.44672588,0.7329305,0.036683876,21.484535,-11.040977,0.38877073,0.023905663,-0.019602643,-0.090158425,0.52046037,152.93486,-16.58535,55.106846,-86.359604,152.93486,-16.58535,55.106846,-86.359604,1.0,-1.0,1.0,-1.0,33.524375915527344,-0.4,0.4,-0.4
28.766666666666666,21.484653,-11.041715,1.1907547,0.9721472,-0.00018344284,0.0037392913,-0.23434077,0.0005137685,-0.030781394,0.15572485,-0.012178942,0.2195864,-0.20626943,21.48433,-11.041565,0.39075482,0.023222644,-0.010723397,-0.040981133,0.5327547,73.08881,143.77277,-163.4388,-90.19144,73.08881,143.77277,-163.4388,-90.19144,1.0,1.0,-1.0,-1.0,33.524375915527344,0.4,-0.4,-0.4
28.78333333333333,21.484451,-11.042192,1.1913031,0.9721006,-0.003271604,0.0029006423,-0.23452313,0.0025054766,-0.031192252,-0.00827403,-0.44481325,-0.31947425,0.036640793,21.484123,-11.042152,0.39130342,0.023495851,-0.0028686796,0.01639243,0.47128305,-51.411495,-4.222991,-115.911896,91.509094,-51.411495,-4.222991,-115.911896,91.509094,-1.0,-1.0,-1.0,1.0,0.0,-0.4,-0.4,0.4
28.8,21.484272,-11.042638,1.1930125,0.9718094,-0.0040138694,0.0039433157,-0.2357007,0.0021462797,-0.028970266,0.1391695,-0.0061151716,0.2417674,-0.20602603,21.483912,-11.04274,0.3930127,0.025818117,0.0073083024,0.13933595,0.6106189,41.913876,201.78844,92.64886,-8.94583,41.913876,201.78844,92.64886,-8.94583,1.0,1.0,1.0,-1.0,33.524375915527344,0.4,0.4,-0.4
28.816666666666666,21.48412,-11.043069,1.19329,0.97177476,-0.0017680028,0.0020290066,-0.23589487,0.0038592569,-0.026943726,-0.024381408,0.42347923,-0.2933055,0.037458118,21.483707,-11.04333,0.39329046,0.029506417,0.018714719,0.221298,0.68438494,-53.202496,39.050125,-127.546364,92.54223,-53.202496,39.050125,-127.546364,92.54223,-1.0,1.0,-1.0,1.0,0.0,0.4,-0.4,0.4
28.833333333333332,21.483976,-11.043491,1.1947272,0.9714875,-0.0006709398,0.0028281424,-0.23707268,0.003338954,-0.026796788,0.123034865,-0.000492597,0.26360205,-0.20595568,21.483505,-11.043918,0.3947276,0.03374114,0.030530946,0.2540833,0.70897365,36.69731,-38.306396,85.9413,-6.276424,36.69731,-38.306396,85.9413,-6.276424,1.0,-1.0,1.0,-1.0,33.524375915527344,-0.4,0.4,-0.4
28.849999999999998,21.483835,-11.043925,1.1947309,0.9714401,-0.0028918805,0.002165722,-0.23725708,0.00492927,-0.02682036,-0.040887926,-0.31991494,-0.27505532,0.037002444,21.4833,-11.044506,0.39473122,0.038385667,0.041595858,0.27867165,0.66389465,-67.85845,-0.73744595,-127.601074,107.31708,-67.85845,-0.73744595,-127.601074,107.31708,-1.0,-0.73744595,-1.0,1.0,0.0,-0.29497838,-0.4,0.4
28.866666666666667,21.483715,-11.044332,1.1958956,0.971869,-0.0025229277,0.0033319956,-0.23548475,0.004161344,-0.02493129,0.10662006,0.11936186,0.28588304,0.28023532,21.483097,-11.045091,0.3958962,0.04425963,0.054368313,0.35243776,0.7663473,31.849682,155.06146,78.13991,7.889824,31.849682,155.06146,78.13991,7.889824,1.0,1.0,1.0,1.0,33.524375915527344,0.4,0.4,0.4
28.883333333333333,21.483608,-11.04474,1.1956271,0.97205734,-0.0044235457,0.0027802312,-0.23468532,0.0057645324,-0.024267912,-0.05729357,-0.3149302,-0.25315785,0.036815807,21.482899,-11.045676,0.39562806,0.050816614,0.06707247,0.39341903,0.7622495,-71.54805,-1.2407206,-148.60934,-84.42834,-71.54805,-1.2407206,-148.60934,-84.42834,-1.0,-1.0,-1.0,-1.0,0.0,-0.4,-0.4,-0.4
28.9,21.483532,-11.045103,1.196519,0.97176826,-0.003983952,0.0041050543,-0.23586805,0.005325536,-0.021555828,0.0902259,0.12375918,0.30803645,-0.20591101,21.482704,-11.046253,0.3965205,0.059286054,0.08237211,0.5081664,0.9179779,38.14953,171.9374,47.59916,-15.153591,38.14953,171.9374,47.59916,-15.153591,1.0,1.0,1.0,-1.0,33.524375915527344,0.4,0.4,-0.4
28.916666666666668,21.483467,-11.045467,1.1959779,0.9717167,-0.005798459,0.0037161836,-0.23604906,0.0070420583,-0.020525366,-0.073668346,-0.30882058,-0.2314575,0.03697203,21.482508,-11.046831,0.39597985,0.06871172,0.097671755,0.56553996,0.9179788,-53.1366,-2.115992,-162.52475,84.79342,-53.1366,-2.115992,-162.52475,84.79342,-1.0,-1.0,-1.0,1.0,0.0,-0.4,-0.4,0.4
28.933333333333334,21.483452,-11.045791,1.1965905,0.9714384,-0.0068779625,-0.0013116635,-0.23718809,0.008818041,-0.017280193,0.073242255,0.1251356,-0.74407583,-0.20567861,21.482315,-11.047403,0.39659315,0.081415884,0.11549858,0.76224977,1.0696094,46.278107,188.42827,-5.07299,-21.927315,46.278107,188.42827,-5.07299,-21.927315,1.0,1.0,-1.0,-1.0,33.524375915527344,0.4,-0.4,-0.4
28.95,21.483444,-11.046087,1.1957757,0.97140425,-0.003916262,-0.004951033,-0.23734726,0.0064740456,-0.01528855,-0.08983371,0.55710745,-0.20494221,0.037366133,21.482126,-11.047975,0.39577916,0.09439325,0.13516957,0.7786421,1.1802591,-80.1536,43.221786,221.98792,243.78716,-80.1536,43.221786,221.98792,243.78716,-1.0,1.0,1.0,1.0,0.0,0.4,0.4,0.4
28.966666666666665,21.483387,-11.046345,1.1961229,0.97184986,-0.001566551,-0.0036945557,-0.23556672,0.003351813,-0.015436673,0.057616606,0.13359992,0.352384,0.27998447,21.481943,-11.048536,0.3961273,0.10340912,0.15695795,0.5409519,1.3073032,53.32033,-35.801697,157.56396,27.27862,53.32033,-35.801697,157.56396,27.27862,1.0,-1.0,1.0,1.0,33.524375915527344,-0.4,0.4,0.4
28.983333333333334,21.483318,-11.046605,1.1950363,0.97203535,-0.0032295582,-0.0037361921,-0.23478244,0.0028311736,-0.015470237,-0.10625618,-0.30096608,-0.18669856,0.03655344,21.481764,-11.049093,0.39504197,0.111332156,0.17819993,0.47538218,1.2745186,-53.573273,-7.8110266,-63.50343,-62.8818,-53.573273,-7.8110266,-63.50343,-62.8818,-1.0,-1.0,-1.0,-1.0,0.0,-0.4,-0.4,-0.4
29.0,21.483223,-11.046827,1.1951101,0.972468,-0.0025486741,-0.0018898076,-0.23301435,0.00025950623,-0.014005238,0.041251134,0.13812971,0.37423992,0.2798301,21.481592,-11.04964,0.39511678,0.116796315,0.20142269,0.3278495,1.3933655,73.53268,162.10287,160.57016,20.341196,73.53268,162.10287,160.57016,20.341196,1.0,1.0,1.0,1.0,33.524375915527344,0.4,0.4,0.4
29.016666666666666,21.48312,-11.047048,1.1937509,0.97265106,-0.004131173,-0.0017662667,-0.2322278,0.0002719862,-0.013538051,-0.122614294,-0.29647142,-0.16479236,0.036394894,21.481417,-11.050183,0.39375877,0.121987276,0.2245772,0.31145763,1.3892707,-34.76737,-1.6404399,-82.445465,-74.56643,-34.76737,-1.6404399,-82.445465,-74.56643,-1.0,-1.0,-1.0,-1.0,0.0,-0.4,-0.4,-0.4
29.03333333333333,21.483015,-11.047219,1.1935521,0.9723709,-0.0033695083,0.0002398577,-0.2334165,-0.0014639802,-0.011394434,0.024883274,0.14224008,0.3963302,-0.20630413,21.481258,-11.050709,0.39356166,0.12581219,0.24991742,0.2294947,1.5204128,104.17978,171.69066,140.28171,-11.215976,104.17978,171.69066,140.28171,-11.215976,1.0,1.0,1.0,-1.0,33.524375915527344,0.4,0.4,-0.4
29.05,21.482924,-11.047365,1.1958035,0.97231805,-0.0047947536,0.0006506504,-0.23361088,-0.0006978681,-0.011486589,0.17168932,-0.28471515,-0.121286355,0.036585107,21.481108,-11.051216,0.395815,0.1300469,0.2758041,0.25408295,1.553201,42.998512,-5.919187,-106.91664,91.601875,42.998512,-5.919187,-106.91664,91.601875,1.0,-1.0,-1.0,1.0,33.524375915527344,-0.4,-0.4,0.4
29.066666666666666,21.482834,-11.047495,1.1966268,0.97273993,-0.003914645,0.0028732005,-0.23184794,-0.0018206164,-0.009322658,0.0085241385,0.14885539,0.41764355,0.27987593,21.480967,-11.051717,0.39664027,0.13373522,0.3023739,0.22129922,1.5941869,-117.09539,196.84625,80.108406,12.94386,-117.09539,196.84625,80.108406,12.94386,-1.0,1.0,1.0,1.0,0.0,0.4,0.4,0.4
29.083333333333332,21.48275,-11.047615,1.1947242,0.97293574,-7.462799e-05,0.0021086186,-0.23106612,-0.00028926547,-0.008280347,-0.15509881,0.5763227,-0.11651002,0.03721847,21.480818,-11.052214,0.39473972,0.13837977,0.32935354,0.27867255,1.6187792,-25.5065,11.440261,-149.33688,-93.50117,-25.5065,11.440261,-149.33688,-93.50117,-1.0,1.0,-1.0,-1.0,0.0,0.4,-0.4,-0.4
29.099999999999998,21.482674,-11.047742,1.1939813,0.9726453,0.002596787,0.004053679,-0.23224525,-0.00013609143,-0.009259578,-0.007695576,0.1523076,0.4402314,-0.20611519,21.480679,-11.052687,0.39399913,0.14288771,0.35414758,0.2704766,1.4876424,128.19868,-38.20998,23.542166,-42.47999,128.19868,-38.20998,23.542166,-42.47999,1.0,-1.0,1.0,-1.0,33.524375915527344,-0.4,0.4,-0.4
29.116666666666667,21.482641,-11.047923,1.1956879,0.9726,0.0013371444,0.0047997134,-0.23243126,0.0024088372,-0.011012434,0.1391228,-0.27456093,-0.07745176,0.03679156,21.48056,-11.053132,0.39570758,0.1490349,0.3730676,0.36883143,1.1352001,62.820236,-29.091164,-175.9516,48.619762,62.820236,-29.091164,-175.9516,48.619762,1.0,-1.0,-1.0,1.0,33.524375915527344,-0.4,-0.4,0.4
29.133333333333333,21.482626,-11.048113,1.1959598,0.97232926,0.00078545866,0.0008319585,-0.23361176,0.0047505293,-0.010288483,-0.024589252,0.15402704,-0.612128,-0.20591885,21.480433,-11.053566,0.39598143,0.15709455,0.39055324,0.483579,1.0491388,-114.055305,125.01824,-76.008385,-19.387383,-114.055305,125.01824,-76.008385,-19.387383,-1.0,1.0,-1.0,-1.0,0.0,0.4,-0.4,-0.4
29.15,21.482605,-11.048313,1.1973917,0.97228265,-0.00092669774,-0.00042277112,-0.23380615,0.0041448283,-0.011637318,0.122727625,-0.2705569,-0.055334292,0.03679402,21.480324,-11.053973,0.39741495,0.16337836,0.40537512,0.37702826,0.88931316,9.605811,-17.035795,179.2612,203.21408,9.605811,-17.035795,179.2612,203.21408,1.0,-1.0,1.0,1.0,33.524375915527344,-0.4,0.4,0.4
29.166666666666668,21.48257,-11.048503,1.1973977,0.9727052,0.00019461938,0.0022991018,-0.23203264,0.0032470182,-0.010846132,-0.0404132,0.16292948,0.48360494,0.28004348,21.480215,-11.054373,0.3974229,0.16870591,0.4204019,0.31965312,0.9016066,-111.673386,134.65808,43.781296,22.838966,-111.673386,134.65808,43.781296,22.838966,-1.0,1.0,1.0,1.0,0.0,0.4,0.4,0.4
29.183333333333334,21.48256,-11.048707,1.1985594,0.9728908,-0.00091037806,0.0033830537,-0.23123841,0.0050368006,-0.011629156,0.10640307,-0.2667297,-0.03351753,0.036638707,21.48012,-11.054741,0.398586,0.1747165,0.4321502,0.3606355,0.704897,21.757776,-16.313606,-179.37431,-86.197945,21.757776,-16.313606,-179.37431,-86.197945,1.0,-1.0,-1.0,-1.0,33.524375915527344,-0.4,-0.4,-0.4
29.2,21.482578,-11.048912,1.1982867,0.9726165,-0.0013073966,-0.00024682822,-0.232412,0.0065388596,-0.010327963,-0.05732297,0.16188459,-0.5682111,-0.2060653,21.480034,-11.055097,0.39831457,0.18222976,0.44294217,0.45079526,0.6475192,-113.44174,130.25078,-70.00546,-21.975523,-113.44174,130.25078,-70.00546,-21.975523,-1.0,1.0,-1.0,-1.0,0.0,0.4,-0.4,-0.4
29.216666666666665,21.48258,-11.049108,1.1991737,0.97256607,-0.002868805,-0.0011640828,-0.23260611,0.005275557,-0.010965856,0.089996345,-0.26260048,-0.0114447465,0.0366562,21.479954,-11.055423,0.39920324,0.18810375,0.45229983,0.35243955,0.5614596,24.438131,-14.63892,183.91754,194.84575,24.438131,-14.63892,183.91754,194.84575,1.0,-1.0,1.0,1.0,33.524375915527344,-0.4,0.4,0.4
29.233333333333334,21.482569,-11.049291,1.1986351,0.9729887,-0.0016029236,0.0019033615,-0.23083912,0.004243463,-0.009656014,-0.073132224,0.1708032,0.5274631,0.2798772,21.47988,-11.05574,0.39866585,0.1926117,0.46193072,0.2704766,0.57785326,-103.20241,140.50783,40.204258,16.007717,-103.20241,140.50783,40.204258,16.007717,-1.0,1.0,1.0,1.0,0.0,0.4,0.4,0.4
29.25,21.482582,-11.049473,1.1992521,0.97317004,-0.0025625608,0.0033280523,-0.23004836,0.005808734,-0.009778851,0.07369513,-0.25900814,0.010353705,0.036498196,21.47982,-11.0560255,0.39928383,0.19780266,0.46930754,0.31145808,0.44260916,41.30484,-14.581744,-184.45421,-90.31514,41.30484,-14.581744,-184.45421,-90.31514,1.0,-1.0,-1.0,-1.0,33.524375915527344,-0.4,-0.4,-0.4
29.266666666666666,21.482618,-11.049655,1.1984346,0.97289765,-0.0028084107,3.6232894e-05,-0.23121919,0.006992851,-0.007997361,-0.09002978,0.16963083,-0.5243636,-0.20620108,21.479765,-11.056301,0.39846724,0.2043597,0.47600138,0.39342192,0.40163037,-93.86922,135.6084,-83.94367,-34.845657,-93.86922,135.6084,-83.94367,-34.845657,-1.0,1.0,-1.0,-1.0,0.0,0.4,-0.4,-0.4
29.28333333333333,21.482649,-11.049815,1.198777,0.9728462,-0.0042203907,-0.0005433938,-0.23141311,0.005637631,-0.008020145,0.057302844,-0.25475666,0.03236651,0.036533296,21.479721,-11.056542,0.39881086,0.20968728,0.4818072,0.3196549,0.34834918,67.69948,-10.535644,170.85776,176.04439,67.69948,-10.535644,170.85776,176.04439,1.0,-1.0,1.0,1.0,33.524375915527344,-0.4,0.4,0.4
29.3,21.482687,-11.049966,1.1976871,0.9725612,-0.0043895375,-0.0036662892,-0.23257679,0.0053907926,-0.006031319,-0.10641213,0.1738527,-0.5023303,-0.20616479,21.479683,-11.056774,0.39772183,0.21515147,0.48761308,0.32785174,0.34835276,-75.785225,145.76448,-2.63752,-2.290805,-75.785225,145.76448,-2.63752,-2.290805,-1.0,1.0,-1.0,-1.0,0.0,0.4,-0.4,-0.4
29.316666666666666,21.482693,-11.050076,1.1977568,0.9725054,-0.0057238704,-0.0040740226,-0.23277403,0.0026104196,-0.0057812063,0.04094222,-0.25045043,0.05437421,0.036575384,21.47966,-11.056971,0.39779225,0.21720053,0.49382883,0.12294351,0.37294504,85.99339,-5.881946,225.00446,191.02682,85.99339,-5.881946,225.00446,191.02682,1.0,-1.0,1.0,1.0,33.524375915527344,-0.4,0.4,0.4
29.333333333333332,21.48268,-11.050156,1.1964006,0.9729401,-0.0042366264,-0.00049167813,-0.23101814,0.0009126443,-0.003848599,-0.12219933,0.1828669,0.59328383,0.2797664,21.479645,-11.057152,0.39643714,0.21733715,0.50106907,0.00819683,0.43441412,-50.922,154.75052,101.38505,25.071709,-50.922,154.75052,101.38505,25.071709,-1.0,1.0,1.0,1.0,0.0,0.4,0.4,0.4
29.349999999999998,21.482674,-11.050216,1.1962,0.973121,-0.004975458,0.0014458639,-0.23023607,0.0016208688,-0.0031500505,0.024640359,-0.24721242,0.076164305,0.03641928,21.479641,-11.057302,0.39623708,0.21720053,0.507558,-0.00819683,0.38933513,98.06717,-12.196317,-152.82903,-89.390564,98.06717,-12.196317,-152.82903,-89.390564,1.0,-1.0,-1.0,-1.0,33.524375915527344,-0.4,-0.4,-0.4
29.366666666666667,21.482693,-11.050271,1.1945648,0.97284436,-0.004998033,-0.0013374025,-0.23140204,0.0018398997,-0.00083244755,-0.13905504,0.18142153,-0.45856473,-0.20628022,21.479643,-11.057448,0.39460313,0.21842998,0.5140469,0.073767,0.38933513,-14.8701725,151.02116,-38.851765,-30.61364,-14.8701725,151.02116,-38.851765,-30.61364,-1.0,1.0,-1.0,-1.0,0.0,0.4,-0.4,-0.4
29.383333333333333,21.482697,-11.050275,1.1940906,0.97280777,-0.0024636735,-0.002275143,-0.2315893,-0.00018202604,0.0005083642,0.008404179,0.36893427,0.101006,0.036734987,21.479658,-11.057553,0.39412948,0.21761034,0.52128726,-0.0491783,0.43442127,156.52664,0.4189324,199.73341,154.70554,156.52664,0.4189324,199.73341,154.70554,1.0,0.4189324,1.0,1.0,33.524375915527344,0.16757296,0.4,0.4
29.4,21.48268,-11.050248,1.1960726,0.9725281,-0.0010467827,0.0018272401,-0.23277572,-0.0028481954,0.00038758945,0.15575647,-0.054790635,0.6576786,-0.2065487,21.4797,-11.057613,0.3961122,0.21337561,0.527503,-0.25408384,0.37294504,35.20395,-32.02577,44.227566,-4.9744444,35.20395,-32.02577,44.227566,-4.9744444,1.0,-1.0,1.0,-1.0,33.524375915527344,-0.4,0.4,-0.4
29.416666666666668,21.48266,-11.050218,1.1966226,0.97247505,0.0016240993,0.003382686,-0.23297687,-0.0014892577,0.0013984841,-0.007949325,0.37574035,0.12248705,0.036942564,21.47974,-11.057662,0.3966625,0.20914087,0.53317225,-0.25408474,0.34015414,-50.851055,30.129679,-162.80826,72.2216,-50.851055,30.129679,-162.80826,72.2216,-1.0,1.0,-1.0,1.0,0.0,0.4,-0.4,0.4
29.433333333333334,21.482677,-11.050219,1.1983256,0.972196,0.0015448093,0.0011298216,-0.23416069,0.0011102678,0.00031442993,0.1388922,-0.052864715,-0.39471558,-0.20622613,21.479797,-11.057674,0.3983657,0.20627216,0.53399193,-0.1721227,0.04918098,26.494942,-40.622173,-101.18393,-30.001724,26.494942,-40.622173,-101.18393,-30.001724,1.0,-1.0,-1.0,-1.0,33.524375915527344,-0.4,-0.4,-0.4
29.45,21.48269,-11.050218,1.1986009,0.9721437,0.0037648282,0.00067905284,-0.2343541,0.0007019096,0.0003785,-0.02427966,0.38010848,0.14463598,0.037041374,21.479855,-11.057672,0.3986406,0.20313026,0.5338553,-0.18851368,-0.00819683,-106.22507,9.825636,138.5449,213.01555,-106.22507,9.825636,138.5449,213.01555,-1.0,1.0,1.0,1.0,0.0,0.4,0.4,0.4
29.466666666666665,21.482708,-11.050261,1.2000313,0.9718564,0.0037634694,-0.0014005608,-0.2355396,0.00246624,-0.0016743356,0.12255953,-0.04854238,-0.37260023,-0.20609051,21.479933,-11.057634,0.4000701,0.1987589,0.5281177,-0.26228157,-0.34425613,12.101865,-53.793064,-75.79432,-15.327623,12.101865,-53.793064,-75.79432,-15.327623,1.0,-1.0,-1.0,-1.0,33.524375915527344,-0.4,-0.4,-0.4
29.483333333333334,21.482708,-11.050321,1.2000324,0.9718163,0.00081951806,-0.00043955114,-0.23573716,0.0014494789,-0.0035213805,-0.040753704,-0.47771743,0.16240762,0.036738172,21.480011,-11.057582,0.40006986,0.1931581,0.52005774,-0.33604768,-0.48359868,-115.461266,-22.855438,165.45168,219.9416,-115.461266,-22.855438,165.45168,219.9416,-1.0,-1.0,1.0,1.0,0.0,-0.4,0.4,0.4
29.5,21.482712,-11.0503845,1.2011901,0.97224337,-0.000845778,-0.0019437346,-0.23396216,0.0024283144,-0.003314145,0.10619678,-0.042973794,-0.3508373,0.28005645,21.480106,-11.057495,0.40122592,0.1866011,0.50926566,-0.39342013,-0.64752454,6.824662,151.559,-25.589392,5.0927753,6.824662,151.559,-25.589392,5.0927753,1.0,1.0,-1.0,1.0,33.524375915527344,0.4,-0.4,0.4
29.516666666666666,21.482708,-11.050437,1.2009207,0.9724338,0.0015476663,-0.0020569349,-0.23316446,0.0009605666,-0.002661133,-0.056959257,0.39109045,0.18881215,0.03702035,21.480196,-11.057401,0.400955,0.17990747,0.49874672,-0.40161785,-0.63113624,-124.589455,13.868993,185.41205,-54.958702,-124.589455,13.868993,185.41205,-54.958702,-1.0,1.0,1.0,-1.0,0.0,0.4,0.4,-0.4
29.53333333333333,21.48269,-11.050504,1.2018067,0.9721448,0.0017268938,-0.0038025859,-0.23434366,0.0014634288,-0.0041975556,0.08988231,-0.03752677,-0.32841834,-0.20606701,21.480307,-11.057268,0.40183893,0.17075498,0.48447108,-0.54914916,-0.85653836,20.869776,-58.209595,-8.87005,-15.422082,20.869776,-58.209595,-8.87005,-15.422082,1.0,-1.0,-1.0,-1.0,33.524375915527344,-0.4,-0.4,-0.4
29.55,21.482655,-11.050584,1.2012631,0.9721008,-0.0010408737,-0.0025100491,-0.23454785,-0.0004034178,-0.005393562,-0.07344294,-0.466608,0.20654103,0.036752127,21.480421,-11.057123,0.401293,0.15996325,0.4683513,-0.647504,-0.9671866,-109.09868,-26.956875,204.2788,211.64363,-109.09868,-26.956875,204.2788,211.64363,-1.0,-1.0,1.0,1.0,0.0,-0.4,0.4,0.4
29.566666666666666,21.482595,-11.05064,1.2018827,0.97252446,-0.00093298126,0.0028403895,-0.23278143,-0.0023882594,-0.0046040956,0.07402796,-0.027963944,0.7670712,0.2796681,21.480547,-11.056946,0.40191028,0.14671263,0.45161682,-0.7950371,-1.0040687,33.95008,144.81247,44.33655,3.5342538,33.95008,144.81247,44.33655,3.5342538,1.0,1.0,1.0,1.0,33.524375915527344,0.4,0.4,0.4
29.583333333333332,21.48254,-11.050699,1.2010691,0.97269297,-0.0031080078,0.0064632697,-0.2319849,-0.00013122027,-0.0041434304,-0.08981875,-0.46404928,0.22704573,0.036128215,21.480679,-11.056756,0.40109414,0.13332541,0.43378946,-0.803233,-1.0696416,-48.919083,-13.440844,-196.63702,-71.227234,-48.919083,-13.440844,-196.63702,-71.227234,-1.0,-1.0,-1.0,-1.0,0.0,-0.4,-0.4,-0.4
29.599999999999998,21.482561,-11.050747,1.2014096,0.9724138,-0.004542535,0.00544899,-0.23315461,0.0028233132,-0.0016372106,0.057154056,-0.029887287,-0.28565988,-0.20655385,21.480818,-11.05654,0.40143234,0.12485595,0.41486934,-0.5081677,-1.1352073,56.542656,165.73907,-133.57771,-76.08688,56.542656,165.73907,-133.57771,-76.08688,1.0,1.0,-1.0,-1.0,33.524375915527344,0.4,-0.4,-0.4
29.616666666666667,21.482594,-11.050776,1.2003224,0.97236955,-0.0019229433,0.00583738,-0.23336586,0.0035317985,0.00028240352,-0.10599543,0.40333945,0.25359333,0.036737148,21.480955,-11.0563135,0.40034327,0.11734273,0.39663225,-0.45079303,-1.0942249,-71.24657,24.904333,32.25605,168.26091,-71.24657,24.904333,32.25605,168.26091,-1.0,1.0,1.0,1.0,0.0,0.4,0.4,0.4
29.633333333333333,21.48268,-11.050811,1.2003906,0.9720926,-0.0015284983,0.004587869,-0.23454754,0.006341702,0.0005724919,0.040839534,-0.025249835,-0.26375875,-0.20632942,21.481102,-11.056061,0.40040937,0.112971395,0.3760046,-0.26228023,-1.2376587,77.656715,-38.943172,-171.3681,-62.056297,77.656715,-38.943172,-171.3681,-62.056297,1.0,-1.0,-1.0,-1.0,33.524375915527344,-0.4,-0.4,-0.4
29.65,21.482788,-11.050864,1.1990224,0.9720472,-0.005677459,-0.00013664298,-0.23471662,0.007149347,0.0013269414,-0.123043224,-0.45924526,-0.802706,0.036718614,21.481249,-11.055799,0.39903918,0.11023932,0.35339624,-0.16392453,-1.356502,-62.90311,-9.072057,-1.0107936,172.5347,-62.90311,-9.072057,-1.0107936,172.5347,-1.0,-1.0,-1.0,1.0,0.0,-0.4,-0.4,0.4
29.666666666666668,21.4829,-11.050861,1.1988152,0.97246295,-0.0074710785,-0.0029632654,-0.23291852,0.005188873,0.0040306426,0.024433255,-0.01890507,-0.24133384,0.28020775,21.481407,-11.055513,0.39883018,0.106960826,0.3331785,-0.19670962,-1.2130647,61.778347,200.18422,237.15016,58.387077,61.778347,200.18422,237.15016,58.387077,1.0,1.0,1.0,1.0,33.524375915527344,0.4,0.4,0.4
29.683333333333334,21.483007,-11.0508175,1.1971824,0.9726719,-0.004673522,-0.0022271625,-0.23212585,0.0032335802,0.006268414,-0.13873939,0.41477108,0.29833016,0.037210945,21.481571,-11.055217,0.397196,0.1028627,0.31507823,-0.24588747,-1.0860156,-61.661476,41.509296,161.55794,-65.388115,-61.661476,41.509296,161.55794,-65.388115,-1.0,1.0,1.0,-1.0,0.0,0.4,0.4,-0.4
29.7,21.483103,-11.050748,1.1967051,0.9723919,-0.004088286,-0.0031385748,-0.23329653,0.0029954938,0.0067937337,0.008089349,-0.013779422,-0.21899484,-0.20584927,21.481735,-11.054906,0.3967171,0.09794496,0.2977976,-0.29506442,-1.0368382,126.026535,-39.5501,-70.687294,-43.43672,126.026535,-39.5501,-70.687294,-43.43672,1.0,-1.0,-1.0,-1.0,33.524375915527344,-0.4,-0.4,-0.4
29.716666666666665,21.483171,-11.050621,1.1986828,0.9723579,-0.0011405351,-0.002116567,-0.2334827,0.00022003235,0.008998416,0.15554841,0.42502978,0.3422254,0.037458394,21.481909,-11.054562,0.39869338,0.09043174,0.28222457,-0.45079303,-0.9343814,7.9857078,8.290652,160.35583,192.10205,7.9857078,8.290652,160.35583,192.10205,1.0,1.0,1.0,1.0,33.524375915527344,0.4,0.4,0.4
29.733333333333334,21.48324,-11.050493,1.1992272,0.9720748,-0.0004534876,-0.0028151786,-0.23465385,0.00031989906,0.008603335,-0.008291119,-0.008952444,-0.19718006,-0.20558995,21.482086,-11.0542145,0.39923662,0.08264532,0.26651496,-0.46718535,-0.94257647,-67.61759,-49.9103,-62.80775,-22.800135,-67.61759,-49.9103,-62.80775,-22.800135,-1.0,-1.0,-1.0,-1.0,0.0,-0.4,-0.4,-0.4
29.75,21.483292,-11.05037,1.1970478,0.9720272,-0.0027309274,-0.0005172806,-0.2348519,-0.0009115485,0.008682037,-0.17154348,-0.4376866,0.3375743,0.037184972,21.48226,-11.053864,0.3970561,0.07390267,0.25019065,-0.52455914,-0.97945863,-17.569672,-21.426455,159.95538,190.68867,-17.569672,-21.426455,159.95538,190.68867,-1.0,-1.0,1.0,1.0,0.0,-0.4,0.4,0.4
29.766666666666666,21.48336,-11.050223,1.1960247,0.97173977,-0.0037312321,-0.000682618,-0.23602419,-0.00039467018,0.010663767,-0.024557825,-0.0036073,-0.17510104,-0.2055514,21.48244,-11.053499,0.39603198,0.06584304,0.23461767,-0.48357767,-0.93437874,148.4533,149.27252,-67.59125,-53.221657,148.4533,149.27252,-67.59125,-53.221657,1.0,1.0,-1.0,-1.0,33.524375915527344,0.4,-0.4,-0.4
29.78333333333333,21.483435,-11.050028,1.1974574,0.9717005,-0.0006110026,0.0006666506,-0.23621464,-0.0022182795,0.012799072,0.122865275,0.43535233,0.3861427,0.037768785,21.482632,-11.053115,0.397464,0.0575102,0.22109377,-0.4999702,-0.81143343,54.843586,6.304555,125.54614,179.86266,54.843586,6.304555,125.54614,179.86266,1.0,1.0,1.0,1.0,33.524375915527344,0.4,0.4,0.4
29.8,21.483507,-11.049831,1.1974568,0.9714156,0.00023993482,0.00030142488,-0.237385,-0.0012065447,0.012383686,-0.040983625,0.0013230718,-0.15337443,-0.20526934,21.48282,-11.052725,0.3974624,0.04917737,0.20722839,-0.49996975,-0.8319228,-46.18376,-46.881935,-114.522224,-28.074718,-46.18376,-46.881935,-114.522224,-28.074718,-1.0,-1.0,-1.0,-1.0,0.0,-0.4,-0.4,-0.4
29.816666666666666,21.483574,-11.049643,1.1986159,0.9713638,-0.0017960985,0.003065319,-0.2375704,-0.0022900659,0.011215899,0.10643381,-0.4218539,0.40328062,0.037485573,21.483013,-11.052318,0.39862072,0.040161517,0.19158716,-0.54095125,-0.9384736,41.597057,-21.303535,100.80734,175.6005,41.597057,-21.303535,100.80734,175.6005,1.0,-1.0,1.0,1.0,33.524375915527344,-0.4,0.4,0.4
29.833333333333332,21.483652,-11.049452,1.1983428,0.97107494,-0.002609306,0.0032792327,-0.23873797,-0.00060388044,0.012911325,-0.057239037,0.006753613,-0.13141264,-0.20527485,21.48321,-11.051907,0.39834684,0.031692076,0.17580935,-0.5081664,-0.9466686,-77.77245,156.06749,-133.14864,-29.17722,-77.77245,156.06749,-133.14864,-29.17722,-1.0,1.0,-1.0,-1.0,0.0,0.4,-0.4,-0.4
29.849999999999998,21.483755,-11.049247,1.1992294,0.9710081,-0.004553546,0.006211289,-0.23892234,-0.00083456864,0.013073791,0.09019906,-0.41632476,0.42518044,0.03746889,21.483406,-11.051483,0.39923272,0.024998493,0.16016816,-0.40161496,-0.9384718,61.845795,-2.773572,19.643589,160.77335,61.845795,-2.773572,19.643589,160.77335,1.0,-1.0,1.0,1.0,33.524375915527344,-0.4,0.4,0.4
29.866666666666667,21.483887,-11.049035,1.1986837,0.97071433,-0.0052818693,0.0065888483,-0.24008822,0.0016540434,0.015917405,-0.073454104,0.01224882,-0.10950807,-0.20530668,21.48361,-11.051058,0.39868653,0.01980755,0.14486848,-0.31145665,-0.9179806,-72.54011,181.85999,-179.95172,-48.81581,-72.54011,181.85999,-179.95172,-48.81581,-1.0,1.0,-1.0,-1.0,0.0,0.4,-0.4,-0.4
29.883333333333333,21.484083,-11.048792,1.1992924,0.9706988,-0.003541332,0.0019163252,-0.24026582,0.004379023,0.018951407,0.07340709,0.44609824,-0.62212753,0.038061425,21.483805,-11.050621,0.39929453,0.019944152,0.13100316,0.008196159,-0.83191925,77.21348,24.428799,-94.36931,132.99023,77.21348,24.428799,-94.36931,132.99023,1.0,1.0,-1.0,1.0,33.524375915527344,0.4,-0.4,0.4
29.9,21.484285,-11.048544,1.198472,0.97114205,-0.0029696159,-0.000113688584,-0.23848331,0.003564971,0.01923172,-0.089942686,0.018245865,-0.086969316,0.28051463,21.484001,-11.050184,0.398474,0.020353964,0.11747933,0.024588702,-0.81142944,-84.75772,-26.070625,164.14525,73.67505,-84.75772,-26.070625,164.14525,73.67505,-1.0,-1.0,1.0,1.0,0.0,-0.4,0.4,0.4
29.916666666666668,21.484484,-11.048267,1.1988149,0.97133815,0.00050431275,0.0019057374,-0.23769355,0.0023924098,0.021032669,0.05745002,0.45688468,0.47493556,0.03758866,21.484201,-11.049743,0.39881653,0.02021736,0.10566309,-0.008196159,-0.7089744,34.23887,14.253241,26.133617,-63.42294,34.23887,14.253241,26.133617,-63.42294,1.0,1.0,1.0,-1.0,33.524375915527344,0.4,0.4,-0.4
29.933333333333334,21.484692,-11.047986,1.1977241,0.9710486,0.0017029364,0.0022161165,-0.2388654,0.004003226,0.020214064,-0.106415436,0.022828173,-0.06470971,-0.20541619,21.484404,-11.049292,0.39772552,0.02062717,0.09350533,0.02458859,-0.7294656,-37.541264,-46.27929,-180.21053,-37.508255,-37.541264,-46.27929,-180.21053,-37.508255,-1.0,-1.0,-1.0,-1.0,0.0,-0.4,-0.4,-0.4
29.95,21.484915,-11.04774,1.1977861,0.971005,-0.0016137973,-0.0008523699,-0.23905177,0.005575728,0.01905742,0.040485814,-0.4054608,-0.58205885,0.037557688,21.484602,-11.048838,0.3977868,0.02240302,0.0786155,0.10655097,-0.8933897,93.10113,-24.366766,-60.870377,138.49847,93.10113,-24.366766,-60.870377,138.49847,1.0,-1.0,-1.0,1.0,33.524375915527344,-0.4,-0.4,0.4
29.966666666666665,21.485144,-11.047487,1.1964206,0.9714382,-0.0026129219,-0.00212524,-0.23726827,0.004003223,0.020233527,-0.12267132,0.029237485,-0.042622596,0.28084874,21.484812,-11.048377,0.39642134,0.023769058,0.06372568,0.081962265,-0.8933892,-84.4345,166.19586,175.72923,97.25224,-84.4345,166.19586,175.72923,97.25224,-1.0,1.0,1.0,1.0,0.0,0.4,0.4,0.4
29.983333333333334,21.48535,-11.047195,1.1962184,0.9716384,0.0010323516,0.00023595875,-0.23646934,0.002387229,0.021553628,0.024717519,0.4677,0.5192877,0.037941743,21.485016,-11.047914,0.39621866,0.023905663,0.05143133,0.008196271,-0.7376608,85.34808,6.2262974,46.473106,-67.421196,85.34808,6.2262974,46.473106,-67.421196,1.0,1.0,1.0,-1.0,33.524375915527344,0.4,0.4,-0.4
30.0,21.485556,-11.046908,1.1945828,0.9713509,0.0024069874,0.00088582124,-0.23763596,0.0036493908,0.020339798,-0.13915084,0.033667874,-0.020370388,-0.2050407,21.48522,-11.047451,0.39458328,0.024042265,0.03886378,0.008196159,-0.75405294,-6.6161613,-50.240063,-174.15002,-41.638718,-6.6161613,-50.240063,-174.15002,-41.638718,-1.0,-1.0,-1.0,-1.0,0.0,-0.4,-0.4,-0.4
30.016666666666666,21.48577,-11.046655,1.1941004,0.97130597,-0.0007293253,-0.0018497949,-0.23782475,0.004622545,0.01898806,0.007754037,-0.394508,-0.53775275,0.0379235,21.485424,-11.046983,0.39410073,0.024725284,0.023495851,0.040981133,-0.9220758,146.72812,-28.648352,-49.39001,113.70748,146.72812,-28.648352,-49.39001,113.70748,1.0,-1.0,-1.0,1.0,33.524375915527344,-0.4,-0.4,0.4
30.03333333333333,21.485975,-11.046396,1.19219,0.9717381,-0.001552858,-0.002789104,-0.23603979,0.0028187847,0.019825418,-0.15540151,0.040097363,0.0016439536,0.2811879,21.48563,-11.046514,0.39219022,0.024725284,0.008401133,0.0,-0.90568304,-13.178432,151.10902,181.48494,81.89978,-13.178432,151.10902,181.48494,81.89978,-1.0,1.0,1.0,1.0,0.0,0.4,0.4,0.4
30.05,21.48615,-11.04612,1.1914415,0.9719292,-0.002981424,0.0011510573,-0.23525162,0.0013326817,0.019825213,-0.0079289265,-0.38383698,0.558118,0.037632372,21.485836,-11.046045,0.39144182,0.022539625,-0.0053275474,-0.13113956,-0.82372075,147.66113,-2.6216393,42.8696,-78.60751,147.66113,-2.6216393,42.8696,-78.60751,1.0,-1.0,1.0,-1.0,33.524375915527344,-0.4,0.4,-0.4
30.066666666666666,21.486357,-11.045811,1.1931441,0.97164077,-0.0031166526,0.0026657993,-0.2364263,0.0022747105,0.021846773,0.13906613,0.050222903,0.0452923,-0.20520101,21.48605,-11.045577,0.3931443,0.021993209,-0.016733963,-0.032784972,-0.68438494,70.63197,151.94821,-166.2606,-69.99181,70.63197,151.94821,-166.2606,-69.99181,1.0,1.0,-1.0,-1.0,33.524375915527344,0.4,-0.4,-0.4
30.083333333333332,21.48659,-11.045493,1.1934128,0.9716047,-0.00080820103,-0.0009489641,-0.23660652,0.0035504375,0.023464503,-0.024785327,0.47904876,-0.48954564,0.03820354,21.486265,-11.045112,0.39341307,0.023222644,-0.02732076,0.073766105,-0.6352077,-48.86838,9.433271,-91.06346,146.93053,-48.86838,9.433271,-91.06346,146.93053,-1.0,1.0,-1.0,1.0,0.0,0.4,-0.4,0.4
30.099999999999998,21.4868,-11.045171,1.1948413,0.9720361,0.0003581339,-0.0018476789,-0.2348235,0.0021730876,0.022841454,0.12251118,0.056294437,0.06768276,0.28066254,21.486479,-11.044646,0.39484173,0.022949437,-0.037566043,-0.01639243,-0.614717,22.8183,-38.301723,158.90356,31.874947,22.8183,-38.301723,158.90356,31.874947,1.0,-1.0,1.0,1.0,33.524375915527344,-0.4,0.4,0.4
30.116666666666667,21.487003,-11.044859,1.194836,0.97221726,-0.0024813947,-0.004050656,-0.23403205,0.0023094178,0.022185495,-0.041222822,-0.3774329,-0.47171298,0.037339117,21.486692,-11.04418,0.39483654,0.022266418,-0.048630953,-0.040981133,-0.66389453,-70.41528,-9.290794,-9.156149,-60.5024,-70.41528,-9.290794,-9.156149,-60.5024,-1.0,-1.0,-1.0,-1.0,0.0,-0.4,-0.4,-0.4
30.133333333333333,21.487177,-11.044509,1.1959918,0.9726416,-0.0029739917,-0.004362512,-0.23225091,-0.00031048688,0.023433201,0.10629389,0.062387366,0.08963935,0.2805669,21.486912,-11.043717,0.39599228,0.018987926,-0.056690577,-0.19670951,-0.48357743,28.168734,165.89677,213.6156,56.80524,28.168734,165.89677,213.6156,56.80524,1.0,1.0,1.0,1.0,33.524375915527344,0.4,0.4,0.4
30.15,21.48733,-11.044129,1.1957219,0.9728459,0.0011133917,-0.0010998568,-0.23144852,-0.0022435032,0.024481282,-0.05703613,0.49490175,0.6294362,0.0377183,21.487123,-11.043257,0.39572257,0.0147532085,-0.062496245,-0.254083,-0.34834003,-67.62027,6.212426,82.48483,-66.277176,-67.62027,6.212426,82.48483,-66.277176,-1.0,1.0,1.0,-1.0,0.0,0.4,0.4,-0.4
30.166666666666668,21.487482,-11.043767,1.1966077,0.9725645,0.0029844383,0.000523972,-0.23261328,-0.001600197,0.023321193,0.08972623,0.066394344,0.11182957,-0.2052026,21.487343,-11.042799,0.39660856,0.009972076,-0.06932644,-0.28686795,-0.40981156,59.71142,-50.010033,-160.93427,-63.061195,59.71142,-50.010033,-160.93427,-63.061195,1.0,-1.0,-1.0,-1.0,33.524375915527344,-0.4,-0.4,-0.4
30.183333333333334,21.48764,-11.043431,1.1960573,0.9725226,0.00032200653,-0.0013468523,-0.23280431,-0.00074404565,0.021927569,-0.073995635,-0.36680156,-0.42765027,0.03772905,21.487562,-11.042343,0.39605817,0.005600755,-0.077932484,-0.26227924,-0.5163627,-67.27107,-36.00156,-50.999725,134.13376,-67.27107,-36.00156,-50.999725,134.13376,-1.0,-1.0,-1.0,1.0,0.0,-0.4,-0.4,0.4
30.2,21.48778,-11.043086,1.1966681,0.9729481,5.7687466e-06,-0.0013284633,-0.23102012,-0.0022235403,0.022472687,0.0735079,0.072919264,0.13363592,0.28094074,21.48778,-11.041893,0.39666912,0.0,-0.0854457,-0.3360453,-0.45079303,47.86565,137.47377,182.42346,26.992163,47.86565,137.47377,182.42346,26.992163,1.0,1.0,1.0,1.0,33.524375915527344,0.4,0.4,0.4
30.216666666666665,21.48792,-11.042744,1.1958454,0.9731295,-0.0025635392,-0.0030381395,-0.23022382,-0.0021259151,0.022172118,-0.090212554,-0.3609891,-0.40566415,0.037592743,21.488,-11.041443,0.3958466,-0.005737359,-0.09316382,-0.34424153,-0.46308693,-55.689194,-10.954074,-7.9797397,-71.02612,-55.689194,-10.954074,-7.9797397,-71.02612,-1.0,-1.0,-1.0,-1.0,0.0,-0.4,-0.4,-0.4
30.233333333333334,21.48803,-11.042367,1.1961837,0.97354966,-0.002794035,-0.0028484908,-0.22844048,-0.004413843,0.023596436,0.057294108,0.07866378,0.15556222,0.28079736,21.488213,-11.040999,0.39618477,-0.013113963,-0.09794496,-0.44259623,-0.28686848,64.93944,162.48944,214.07843,14.680838,64.93944,162.48944,214.07843,14.680838,1.0,1.0,1.0,1.0,33.524375915527344,0.4,0.4,0.4
30.25,21.488129,-11.041962,1.1950969,0.9737436,0.0015372168,0.00093408104,-0.22764008,-0.005327261,0.0243673,-0.10607844,0.5108639,0.69528824,0.037981726,21.488428,-11.04056,0.39509827,-0.021446794,-0.10040384,-0.4999698,-0.14753266,-43.65783,3.0486336,51.261173,-78.68562,-43.65783,3.0486336,51.261173,-78.68562,-1.0,1.0,1.0,-1.0,0.0,0.4,0.4,-0.4
30.266666666666666,21.488247,-11.041581,1.1951655,0.9734606,0.0036541196,0.0030697223,-0.22880459,-0.0037017984,0.02308103,0.040666506,0.08245899,0.17770751,-0.20489167,21.48865,-11.040125,0.395167,-0.028823398,-0.10429705,-0.4425962,-0.23359267,98.73284,-47.538578,-181.39076,-84.17596,98.73284,-47.538578,-181.39076,-84.17596,1.0,-1.0,-1.0,-1.0,33.524375915527344,-0.4,-0.4,-0.4
30.28333333333333,21.488369,-11.04123,1.1937978,0.9734268,0.0012557684,0.0016917431,-0.22898827,-0.0020936064,0.02184125,-0.12305446,-0.35052684,-0.3617715,0.03801971,21.488863,-11.039696,0.39379966,-0.035380382,-0.109897815,-0.39341903,-0.3360459,-15.692954,-37.64172,-107.317696,81.4435,-15.692954,-37.64172,-107.317696,81.4435,-1.0,-1.0,-1.0,1.0,0.0,-0.4,-0.4,0.4
30.3,21.488504,-11.040878,1.1935914,0.9731506,0.0011942027,0.0022147095,-0.23015553,-0.002464981,0.0225484,0.024441505,0.088290595,0.19975972,-0.2047451,21.48908,-11.03927,0.3935934,-0.041254345,-0.11515707,-0.35243776,-0.31555516,121.50022,124.622734,133.07457,-33.09373,121.50022,124.622734,133.07457,-33.09373,1.0,1.0,1.0,-1.0,33.524375915527344,0.4,0.4,-0.4
30.316666666666666,21.488659,-11.040549,1.1958348,0.9731102,-0.0010512681,0.0011329267,-0.23033494,-0.0003601868,0.021059133,0.17136648,-0.33925173,-0.31777373,0.0381495,21.48929,-11.038856,0.39583692,-0.045215856,-0.12130425,-0.23769064,-0.36883098,24.521837,-29.772892,-104.38237,83.79501,24.521837,-29.772892,-104.38237,83.79501,1.0,-1.0,-1.0,1.0,33.524375915527344,-0.4,-0.4,0.4
30.333333333333332,21.488811,-11.040217,1.19665,0.9735306,-0.0009939984,0.0018645669,-0.228547,-0.0008981686,0.022060663,0.008198724,0.094837025,0.22137362,0.2813289,21.489494,-11.038445,0.3966522,-0.048904162,-0.12690502,-0.22129832,-0.33604634,-124.675545,156.05125,109.47016,13.061808,-124.675545,156.05125,109.47016,13.061808,-1.0,1.0,1.0,1.0,0.0,0.4,0.4,0.4
30.349999999999998,21.48897,-11.039894,1.1947381,0.9737165,-0.003214059,0.00081974565,-0.22773936,7.348624e-05,0.02253249,-0.15553905,-0.33935156,-0.31785658,0.037942264,21.489704,-11.038036,0.39474076,-0.052592464,-0.1330522,-0.2212981,-0.36883053,-19.576536,-6.9149976,-112.745316,-89.85738,-19.576536,-6.9149976,-112.745316,-89.85738,-1.0,-1.0,-1.0,-1.0,0.0,-0.4,-0.4,-0.4
30.366666666666667,21.489138,-11.039535,1.1939869,0.97344077,-0.0031014038,0.0016722359,-0.22891149,-0.0008667727,0.024718273,-0.008041835,0.09947324,0.24362713,-0.20483874,21.489906,-11.037636,0.3939895,-0.055051334,-0.1359892,-0.14753221,-0.17622022,138.02173,161.75926,129.3286,-47.526318,138.02173,161.75926,129.3286,-47.526318,1.0,1.0,1.0,-1.0,33.524375915527344,0.4,0.4,-0.4
30.383333333333333,21.48933,-11.039147,1.1956855,0.97339165,-0.00517003,0.0009207751,-0.2290875,0.0005564287,0.02481062,0.1388917,-0.32792303,-0.27391547,0.038034372,21.490103,-11.037245,0.39568818,-0.055324543,-0.1362624,-0.016392542,-0.016391871,66.102516,-7.309017,-111.5079,68.48444,66.102516,-7.309017,-111.5079,68.48444,1.0,-1.0,-1.0,1.0,33.524375915527344,-0.4,-0.4,0.4
30.4,21.489527,-11.038746,1.1959561,0.9731142,-0.004944478,0.001979082,-0.23026142,-0.00038009242,0.0273297,-0.024270216,0.10548474,0.26555443,-0.2047414,21.4903,-11.03686,0.3959589,-0.055324543,-0.13503297,0.0,0.073766105,-105.271835,201.64308,94.467865,-1.723011,-105.271835,201.64308,94.467865,-1.723011,-1.0,1.0,1.0,-1.0,0.0,0.4,0.4,-0.4
30.416666666666668,21.48976,-11.038304,1.1973838,0.97308445,-0.0016737599,0.00018127721,-0.23044242,0.0009309177,0.030261202,0.12249462,0.54035205,-0.24762411,0.038751923,21.490492,-11.036485,0.39738625,-0.05245586,-0.13032012,0.17212091,0.28277096,61.675236,11.054308,-124.531845,70.20229,61.675236,11.054308,-124.531845,70.20229,1.0,1.0,-1.0,1.0,33.524375915527344,0.4,-0.4,0.4
30.433333333333334,21.489988,-11.037855,1.1973822,0.97280824,0.00039222787,0.0010055722,-0.2316092,7.282791e-05,0.030086886,-0.040914144,0.11110502,0.28712487,-0.20471768,21.49068,-11.036112,0.39738432,-0.04958718,-0.12485595,0.17212091,0.32784995,-85.94447,-31.892864,92.7967,-4.4834757,-85.94447,-31.892864,92.7967,-4.4834757,-1.0,-1.0,1.0,-1.0,0.0,-0.4,0.4,-0.4
30.45,21.490223,-11.037423,1.1985359,0.9727646,-0.0014998374,0.0005898358,-0.23178943,0.0014505126,0.029042784,0.106022395,-0.31627357,-0.23051928,0.038150124,21.490866,-11.035748,0.39853808,-0.04603548,-0.12000652,0.21310194,0.290966,42.436962,-19.20431,-130.65987,82.31662,42.436962,-19.20431,-130.65987,82.31662,1.0,-1.0,-1.0,1.0,33.524375915527344,-0.4,-0.4,0.4
30.466666666666665,21.490463,-11.03699,1.1982616,0.97318697,-0.0010883547,0.001984724,-0.2300042,0.0009115683,0.030132443,-0.0571503,0.117684685,0.30863515,0.2813544,21.491056,-11.035391,0.3982636,-0.04248378,-0.11454235,0.21310194,0.32784995,-121.32501,172.10771,71.14493,14.8678,-121.32501,172.10771,71.14493,14.8678,-1.0,1.0,1.0,1.0,0.0,0.4,0.4,0.4
30.483333333333334,21.490726,-11.036542,1.1991447,0.973375,0.0023566466,0.0005271213,-0.22920525,0.0025862535,0.03170628,0.08958701,0.5507738,-0.2033838,0.03862211,21.491238,-11.035035,0.39914656,-0.036609817,-0.107917055,0.35243776,0.39751765,8.201108,2.709683,-153.19826,-97.346985,8.201108,2.709683,-153.19826,-97.346985,1.0,1.0,-1.0,-1.0,33.524375915527344,0.4,-0.4,-0.4
30.5,21.490984,-11.036097,1.1985989,0.9730913,0.0045903516,0.0016982132,-0.23036788,0.002279718,0.030147336,-0.073818766,0.12151097,0.331351,-0.20481117,21.491415,-11.034685,0.39860016,-0.030872455,-0.101086855,0.34424174,0.409812,-89.16164,-44.17873,37.318626,-18.687042,-89.16164,-44.17873,37.318626,-18.687042,-1.0,-1.0,1.0,-1.0,0.0,-0.4,0.4,-0.4
30.516666666666666,21.49125,-11.035705,1.1992074,0.9730548,0.0028681639,0.0016191961,-0.23054995,0.00418913,0.02781769,0.073114894,-0.3057554,-0.18631774,0.03805942,21.491592,-11.034341,0.39920896,-0.024588682,-0.097671755,0.37702635,0.204906,50.694336,-33.47478,-165.80702,55.104324,50.694336,-33.47478,-165.80702,55.104324,1.0,-1.0,-1.0,1.0,33.524375915527344,-0.4,-0.4,0.4
30.53333333333333,21.491533,-11.035326,1.1983815,0.9727741,0.0018654971,-0.003169175,-0.23172587,0.004852443,0.027806519,-0.09062811,0.12263764,-0.7207495,-0.20455575,21.49177,-11.034,0.3983829,-0.016938869,-0.09493968,0.45898876,0.16392453,-124.15049,122.10427,-14.091071,-2.7117188,-124.15049,122.10427,-14.091071,-2.7117188,-1.0,1.0,-1.0,-1.0,0.0,0.4,-0.4,-0.4
30.55,21.49178,-11.034953,1.1987158,0.9727208,-0.00030821955,-0.0052461415,-0.23191927,0.0026664343,0.026073668,0.05681146,-0.30198514,-0.16385078,0.038161356,21.49195,-11.033663,0.39871716,-0.012157737,-0.0924125,0.2868679,0.15163063,21.308084,-15.789684,231.67784,206.01788,21.308084,-15.789684,231.67784,206.01788,1.0,-1.0,1.0,1.0,33.524375915527344,-0.4,0.4,0.4
30.566666666666666,21.492004,-11.034572,1.1976242,0.9731538,0.00033673065,-0.0033404739,-0.23013076,0.0006085865,0.026310034,-0.10635827,0.13184944,0.37527764,0.28135744,21.492134,-11.03333,0.39762536,-0.009289057,-0.088929094,0.17212081,0.20900442,-105.15275,142.34073,144.77039,43.341553,-105.15275,142.34073,144.77039,43.341553,-1.0,1.0,1.0,1.0,0.0,0.4,0.4,0.4
30.583333333333332,21.492203,-11.034191,1.197688,0.97334194,-0.0012329883,-0.0030785373,-0.22933443,0.0005380574,0.025349613,0.04056163,-0.29753345,-0.14193732,0.037932888,21.492311,-11.033001,0.3976889,-0.0077864155,-0.085240796,0.090158485,0.22129788,59.488403,-14.422256,-95.14969,-83.30753,59.488403,-14.422256,-95.14969,-83.30753,1.0,-1.0,-1.0,-1.0,33.524375915527344,-0.4,-0.4,-0.4
30.599999999999998,21.49239,-11.033802,1.1963239,0.9737658,-0.0005117124,-0.0010011063,-0.22754961,-0.0007911046,0.026037002,-0.12262128,0.13620813,0.39711845,0.28112745,21.49249,-11.032675,0.3963249,-0.0072400006,-0.08073287,0.03278489,0.27047572,-79.01907,152.47168,120.16588,11.759686,-79.01907,152.47168,120.16588,11.759686,-1.0,1.0,1.0,1.0,0.0,0.4,0.4,0.4
30.616666666666667,21.49257,-11.033413,1.1961154,0.97395056,-0.002003633,-0.0005733157,-0.22675073,-0.00010493072,0.02560826,0.024293764,-0.29318517,-0.12005351,0.03770136,21.492666,-11.0323515,0.39611617,-0.0068301894,-0.076020025,0.024588674,0.2827705,85.43939,-9.248424,-124.58375,-99.69518,85.43939,-9.248424,-124.58375,-99.69518,1.0,-1.0,-1.0,-1.0,33.524375915527344,-0.4,-0.4,-0.4
30.633333333333333,21.492756,-11.033015,1.194479,0.97367597,-0.001207194,0.0016713729,-0.22792707,-0.0006711694,0.026931971,-0.13889305,0.14021946,0.4192253,-0.20507096,21.492847,-11.032034,0.39447975,-0.0065569817,-0.07028267,0.016392458,0.34424138,-39.245766,162.4373,69.26881,-24.68067,-39.245766,162.4373,69.26881,-24.68067,-1.0,1.0,1.0,-1.0,0.0,0.4,0.4,-0.4
30.65,21.492956,-11.032618,1.1939985,0.97362936,-0.002607858,0.002263653,-0.22810958,0.000800931,0.026782904,0.008024479,-0.28675416,-0.09846458,0.037817307,21.493021,-11.031721,0.39399892,-0.0046445285,-0.06420379,0.11474719,0.36473256,162.01389,-13.37953,-160.6386,3.3966298,162.01389,-13.37953,-160.6386,3.3966298,1.0,-1.0,-1.0,1.0,33.524375915527344,-0.4,-0.4,0.4
30.666666666666668,21.49319,-11.032209,1.1938807,0.9733568,-0.0032481796,-0.0017992088,-0.22926533,0.0018217254,0.028664885,-0.011887998,0.14424945,-0.622818,-0.204848,21.493198,-11.03141,0.39388102,-0.00054641516,-0.05723699,0.24588677,0.41800794,-0.07419349,170.69865,-34.829876,-47.22377,-0.07419349,170.69865,-34.829876,-47.22377,-0.07419349,1.0,-1.0,-1.0,15.518543243408203,0.4,-0.4,-0.4
30.683333333333334,21.49341,-11.031757,1.1955236,0.97331524,0.00019726137,-0.0043413774,-0.22943065,-1.2657954e-05,0.030815067,0.13537462,0.58203256,-0.06167157,0.0382358,21.493376,-11.031105,0.39552385,0.002458868,-0.0467185,0.18031698,0.6311094,21.991182,16.410154,210.88713,193.97513,21.991182,16.410154,210.88713,193.97513,1.0,1.0,1.0,1.0,33.524375915527344,0.4,0.4,0.4
30.7,21.493616,-11.031296,1.1957392,0.9730449,0.0029610787,-0.0020842042,-0.23058699,-0.0021127895,0.02972772,-0.028056938,0.15282428,0.4729704,-0.20509931,21.49356,-11.030802,0.39573956,0.0039615096,-0.035380382,0.090158485,0.68028706,-70.25421,-39.969673,108.69996,-4.945171,-70.25421,-39.969673,108.69996,-4.945171,-1.0,-1.0,1.0,-1.0,0.0,-0.4,0.4,-0.4
30.716666666666665,21.493792,-11.030868,1.1971102,0.9730055,0.0017682743,-0.0010763585,-0.23077232,-0.0016872836,0.027499733,0.11885764,-0.27411085,-0.04481866,0.03781773,21.493734,-11.030499,0.39711046,0.0040981136,-0.026364531,0.008196243,0.540951,52.38523,-32.02341,-128.51321,75.7282,52.38523,-32.02341,-128.51321,75.7282,1.0,-1.0,-1.0,1.0,33.524375915527344,-0.4,-0.4,0.4
30.733333333333334,21.493961,-11.030442,1.1970536,0.9734251,0.0028722242,0.0017370244,-0.22898091,-0.0024180757,0.027405104,-0.044347875,0.15947552,0.49424514,0.28102204,21.493914,-11.030201,0.3970535,0.0034150947,-0.01728038,-0.040981133,0.5450491,-114.00269,128.83998,46.792595,5.5593767,-114.00269,128.83998,46.792595,5.5593767,-1.0,1.0,1.0,1.0,0.0,0.4,0.4,0.4
30.75,21.494143,-11.03005,1.1981522,0.9736139,0.0017541553,0.0029082205,-0.22817601,-0.000553192,0.025780236,0.10256085,-0.2703225,-0.02297027,0.0376216,21.494091,-11.029903,0.3981522,0.0036883021,-0.010518491,0.016392445,0.40571326,19.682856,-16.448612,-180.74533,-92.55363,19.682856,-16.448612,-180.74533,-92.55363,1.0,-1.0,-1.0,-1.0,33.524375915527344,-0.4,-0.4,-0.4
30.766666666666666,21.49435,-11.029665,1.1978161,0.9733424,0.0013595233,-0.0006262718,-0.22935161,0.00089327875,0.026180878,-0.061157178,0.15818065,-0.5575635,-0.20506285,21.49427,-11.029604,0.39781615,0.005737359,-0.0043713213,0.122943416,0.36883017,-116.327156,125.55309,-74.43279,-40.480526,-116.327156,125.55309,-74.43279,-40.480526,-1.0,1.0,-1.0,-1.0,0.0,0.4,-0.4,-0.4
30.78333333333333,21.494534,-11.029289,1.19864,0.9732977,-0.00020764786,-0.0014547664,-0.22954154,-0.00031742285,0.024716146,0.08627116,-0.26613382,-0.0008192379,0.03765914,21.494448,-11.029304,0.39864,0.0061471704,0.0010245284,0.024588674,0.32375097,20.62567,-15.189702,181.6076,175.29047,20.62567,-15.189702,181.6076,175.29047,1.0,-1.0,1.0,1.0,33.524375915527344,-0.4,0.4,0.4
30.8,21.4947,-11.028904,1.1980379,0.97301984,0.0010437896,0.0017050423,-0.23071273,-0.0011676338,0.025398588,-0.076929264,0.16734819,0.5384112,-0.20513166,21.494621,-11.029005,0.3980381,0.005600755,0.0072400006,-0.032784916,0.37292832,-106.62968,136.95338,31.259111,-6.400001,-106.62968,136.95338,31.259111,-6.400001,-1.0,1.0,1.0,-1.0,0.0,0.4,0.4,-0.4
30.816666666666666,21.494892,-11.02854,1.198592,0.97297376,9.547024e-05,0.0032138436,-0.23089337,0.0004961082,0.024267968,0.0699705,-0.25941068,0.02052654,0.03782295,21.494804,-11.028705,0.39859217,0.006283774,0.011816228,0.040981133,0.27457362,82.63341,-25.282032,-188.03485,28.51242,82.63341,-25.282032,-188.03485,28.51242,1.0,-1.0,-1.0,1.0,33.524375915527344,-0.4,-0.4,0.4
30.833333333333332,21.495104,-11.028181,1.197711,0.97270095,-0.00013774805,1.0031225e-05,-0.23206179,0.0017554888,0.025179869,-0.093757875,0.16905041,-0.51405054,-0.2048666,21.494984,-11.028406,0.39771122,0.008606038,0.016119247,0.13933583,0.25818115,-97.36136,131.91714,-98.67848,-38.858437,-97.36136,131.91714,-98.67848,-38.858437,-1.0,1.0,-1.0,-1.0,0.0,0.4,-0.4,-0.4
30.849999999999998,21.495302,-11.027819,1.1979903,0.97265536,-0.0015342996,-0.00048379684,-0.23224728,0.0005884359,0.024362199,0.05366222,-0.2551097,0.04260901,0.037864245,21.495163,-11.028101,0.39799058,0.009972076,0.02021736,0.081962265,0.2458868,63.683083,-9.503372,158.39801,169.48994,63.683083,-9.503372,158.39801,169.48994,1.0,-1.0,1.0,1.0,33.524375915527344,-0.4,0.4,0.4
30.866666666666667,21.495508,-11.027453,1.1968374,0.972371,-0.0016898953,-0.0035182785,-0.23340836,0.00048411672,0.025485406,-0.11006348,0.17332979,-0.49196067,-0.2048293,21.49534,-11.027798,0.3968377,0.012021133,0.024656983,0.1229434,0.2663773,-80.276344,143.23837,-32.74947,-8.507027,-80.276344,143.23837,-32.74947,-8.507027,-1.0,1.0,-1.0,-1.0,0.0,0.4,-0.4,-0.4
30.883333333333333,21.495678,-11.027071,1.1968442,0.97232133,-0.0030076532,-0.0038400807,-0.23359671,-0.0020387236,0.024945416,0.03736584,-0.25075477,0.06468008,0.037908234,21.495523,-11.027494,0.3968443,0.011064907,0.03032604,-0.057373565,0.3401434,83.1847,-4.533476,208.90753,184.222,83.1847,-4.533476,208.90753,184.222,1.0,-1.0,1.0,1.0,33.524375915527344,-0.4,0.4,0.4
30.9,21.495825,-11.0266695,1.1954252,0.9727574,-0.00149863,-0.00017936876,-0.23182061,-0.003297053,0.026042866,-0.12585337,0.1826806,0.60376376,0.28108305,21.495703,-11.027191,0.39542544,0.008742643,0.037361138,-0.13933583,0.4221058,-54.04586,153.87271,71.62175,16.596663,-54.04586,153.87271,71.62175,16.596663,-1.0,1.0,1.0,1.0,0.0,0.4,0.4,0.4
30.916666666666668,21.495977,-11.026264,1.1951619,0.97294396,-0.0022182856,0.0018418179,-0.2310229,-0.0021914637,0.025959633,0.021034623,-0.24756473,0.08652268,0.03774137,21.495878,-11.026883,0.39516222,0.007103397,0.044327933,-0.09835473,0.41800773,92.835754,-10.093026,-171.9755,-95.05897,92.835754,-10.093026,-171.9755,-95.05897,1.0,-1.0,-1.0,-1.0,33.524375915527344,-0.4,-0.4,-0.4
30.933333333333334,21.496155,-11.025859,1.193464,0.97266847,-0.002227243,-0.00085209776,-0.23218578,-0.0017021766,0.027417768,-0.14268355,0.18092038,-0.4481028,-0.20496447,21.49606,-11.026577,0.39346457,0.0068301894,0.05143133,-0.016392458,0.42620388,-19.634634,150.5605,-78.082115,-43.487003,-19.634634,150.5605,-78.082115,-43.487003,-1.0,1.0,-1.0,-1.0,0.0,0.4,-0.4,-0.4
30.95,21.496325,-11.025423,1.1929277,0.9726258,0.0018486707,-0.0020607747,-0.23236033,-0.0033345916,0.028188968,0.0045765233,0.61911494,0.11289716,0.038192056,21.496244,-11.026266,0.39292818,0.005737359,0.060378887,-0.06556981,0.53685325,155.0998,3.0652258,171.23337,142.27675,155.0998,3.0652258,171.23337,142.27675,1.0,1.0,1.0,1.0,33.524375915527344,0.4,0.4,0.4
30.966666666666665,21.496468,-11.025003,1.1948416,0.9723305,0.0037302151,-0.0048622186,-0.23352861,-0.0025988012,0.026989333,0.15129866,0.19031292,-0.4044141,-0.20497543,21.496424,-11.025949,0.39484242,0.003141887,0.06768719,-0.15572833,0.43849823,20.566076,-47.95482,-22.102404,-25.637436,20.566076,-47.95482,-22.102404,-25.637436,1.0,-1.0,-1.0,-1.0,33.524375915527344,-0.4,-0.4,-0.4
30.983333333333334,21.496592,-11.0246,1.1953256,0.9722892,0.0026562717,-0.0046336027,-0.2337199,-0.0047518397,0.024661167,-0.011935048,-0.23900953,0.1300677,0.037790343,21.496607,-11.02563,0.39532626,-0.0010928303,0.07376607,-0.254083,0.36473256,-101.621284,-27.474367,207.036,211.12885,-101.621284,-27.474367,207.036,211.12885,-1.0,-1.0,1.0,1.0,0.0,-0.4,0.4,0.4
31.0,21.496666,-11.024201,1.1969725,0.97272474,0.004451249,-0.00035038308,-0.2319193,-0.007643255,0.024184579,0.13547295,0.19969101,0.6911746,0.2809327,21.496792,-11.025308,0.39697334,-0.00901585,0.07923022,-0.4753811,0.32784906,3.77237,84.93919,79.17517,16.537685,3.77237,84.93919,79.17517,16.537685,1.0,1.0,1.0,1.0,33.524375915527344,0.4,0.4,0.4
31.016666666666666,21.49673,-11.023815,1.1971862,0.97291726,0.003971017,0.0022159955,-0.23110884,-0.0063560847,0.022228587,-0.028329886,-0.23629265,0.15189227,0.037629932,21.496973,-11.024982,0.3971872,-0.01734868,0.08360154,-0.4999698,0.26227933,-57.345818,-25.984846,-167.57527,-72.21116,-57.345818,-25.984846,-167.57527,-72.21116,-1.0,-1.0,-1.0,-1.0,0.0,-0.4,-0.4,-0.4
31.03333333333333,21.496824,-11.023464,1.1985539,0.97263795,0.00424307,0.00016340577,-0.23228729,-0.004137063,0.022016512,0.118628554,0.19762635,-0.3607495,-0.20504317,21.497154,-11.0246525,0.39855495,-0.023632456,0.08510419,-0.37702647,0.09015887,3.2397122,67.480545,-85.906456,-45.811146,3.2397122,67.480545,-85.906456,-45.811146,1.0,1.0,-1.0,-1.0,33.524375915527344,0.4,-0.4,-0.4
31.05,21.49691,-11.023127,1.1984929,0.97259706,0.0033120255,0.000729886,-0.23247214,-0.004622057,0.019975247,-0.044628147,-0.23163258,0.17370312,0.037730653,21.497334,-11.024319,0.39849392,-0.03032604,0.0853774,-0.40161505,0.016392766,-110.39723,-33.52254,138.43427,181.39455,-110.39723,-33.52254,138.43427,181.39455,-1.0,-1.0,1.0,1.0,0.0,-0.4,0.4,0.4
31.066666666666666,21.497005,-11.022814,1.1995883,0.97231394,0.0036626759,-0.0011560349,-0.23364659,-0.0030315318,0.01985097,0.10232239,0.20226106,-0.3389174,-0.20492852,21.497513,-11.02398,0.39958933,-0.036336612,0.08353324,-0.36063427,-0.11064961,2.569105,61.630177,-76.326195,-33.184788,2.569105,61.630177,-76.326195,-33.184788,1.0,1.0,-1.0,-1.0,33.524375915527344,0.4,-0.4,-0.4
31.083333333333332,21.497087,-11.022512,1.1992546,0.972273,0.0028132368,-0.00042113577,-0.23383126,-0.0039446354,0.017923554,-0.06094183,-0.22692075,0.19548057,0.037840705,21.497688,-11.023639,0.39925554,-0.043030195,0.08066456,-0.40161496,-0.17212091,-111.36558,-35.136635,149.2341,187.5659,-111.36558,-35.136635,149.2341,187.5659,-1.0,-1.0,1.0,1.0,0.0,-0.4,0.4,0.4
31.099999999999998,21.497177,-11.022226,1.2000777,0.9719871,0.0032430529,-0.002140571,-0.23500197,-0.0028433157,0.017854722,0.08600671,0.20694436,-0.31712496,-0.20480931,21.49787,-11.02329,0.4000788,-0.04958718,0.07615663,-0.39341903,-0.27047572,10.236457,55.294357,-63.916634,-22.75274,10.236457,55.294357,-63.916634,-22.75274,1.0,1.0,-1.0,-1.0,33.524375915527344,0.4,-0.4,-0.4
31.116666666666667,21.497248,-11.021951,1.199472,0.9719464,0.0024758882,-0.0012375788,-0.23518601,-0.0040542167,0.016011536,-0.07726389,-0.22215948,0.2172192,0.037946966,21.498041,-11.02294,0.39947298,-0.05682718,0.070829086,-0.43440005,-0.31965268,-107.734604,-36.742146,158.36284,191.66396,-107.734604,-36.742146,158.36284,191.66396,-1.0,-1.0,1.0,1.0,0.0,-0.4,0.4,0.4
31.133333333333333,21.497314,-11.021688,1.2000227,0.97165835,0.0029853077,-0.0027917167,-0.23635434,-0.0033022752,0.015966356,0.069685936,0.21167521,-0.29537112,-0.20469896,21.498213,-11.022584,0.40002385,-0.0643404,0.06413549,-0.45079303,-0.40161562,25.26137,48.659966,-53.387524,-15.463872,25.26137,48.659966,-53.387524,-15.463872,1.0,1.0,-1.0,-1.0,33.524375915527344,0.4,-0.4,-0.4
31.15,21.497366,-11.021437,1.1991441,0.971618,0.0023011062,-0.0017213476,-0.23653756,-0.0046809134,0.014177842,-0.09359119,-0.21734928,0.23891903,0.038039673,21.498384,-11.022228,0.39914542,-0.072946444,0.056690577,-0.5163627,-0.44669485,-99.888695,-38.43809,164.37137,193.9215,-99.888695,-38.43809,164.37137,193.9215,-1.0,-1.0,1.0,1.0,0.0,-0.4,0.4,0.4
31.166666666666668,21.49741,-11.021195,1.1994222,0.9713284,0.002890388,-0.003110117,-0.23770367,-0.0041385703,0.014124934,0.053361055,0.21645556,-0.2736609,-0.20460713,21.498549,-11.021868,0.39942366,-0.08155248,0.04815284,-0.5163623,-0.51226413,47.935802,41.134,-44.957413,-11.56548,47.935802,41.134,-44.957413,-11.56548,1.0,1.0,-1.0,-1.0,33.524375915527344,0.4,-0.4,-0.4
31.183333333333334,21.497438,-11.02096,1.1982718,0.97128874,0.002289989,-0.0018731552,-0.2378854,-0.005554904,0.012361722,-0.109923385,-0.21248807,0.26057753,0.038113855,21.498713,-11.021505,0.3982731,-0.091251366,0.039068684,-0.5819329,-0.5450494,-87.827095,-40.298176,166.14548,194.46434,-87.827095,-40.298176,166.14548,194.46434,-1.0,-1.0,1.0,1.0,0.0,-0.4,0.4,0.4
31.2,21.497456,-11.020737,1.1982777,0.9709978,0.0029594752,-0.003097035,-0.23905006,-0.005082125,0.012270308,0.037031475,0.22128905,-0.25199658,-0.20453872,21.498869,-11.021139,0.398279,-0.10122346,0.028823398,-0.59832567,-0.6147171,74.4086,33.526413,-44.588787,-11.397703,74.4086,33.526413,-44.588787,-11.397703,1.0,1.0,-1.0,-1.0,33.524375915527344,0.4,-0.4,-0.4
31.216666666666665,21.497456,-11.020522,1.1968547,0.97095823,0.0024434468,-0.0016940963,-0.23923036,-0.006406344,0.01050321,-0.12626107,-0.20757322,0.28219265,0.038168345,21.49902,-11.020773,0.3968563,-0.11201517,0.017963398,-0.64750266,-0.65159994,-70.4038,-42.421707,163.49142,193.02473,-70.4038,-42.421707,163.49142,193.02473,-1.0,-1.0,1.0,1.0,0.0,-0.4,0.4,0.4
31.233333333333334,21.497448,-11.020322,1.1965882,0.97066617,0.0031933377,-0.002753242,-0.24039385,-0.0058630873,0.0103431735,0.020695696,0.22617327,-0.23037814,-0.20449159,21.499166,-11.020408,0.39659014,-0.123080105,0.0061471704,-0.66389585,-0.70897365,102.35569,24.86039,-52.147606,-15.316244,102.35569,24.86039,-52.147606,-15.316244,1.0,1.0,-1.0,-1.0,33.524375915527344,0.4,-0.4,-0.4
31.25,21.497423,-11.020129,1.1948925,0.9706264,0.002762493,-0.0011849722,-0.24057265,-0.006965448,0.008543233,-0.14260477,-0.20260666,0.303762,0.038206555,21.499308,-11.0200405,0.3948947,-0.13496466,-0.006352076,-0.71307325,-0.74995476,-45.934727,-44.739323,154.50644,189.81036,-45.934727,-44.739323,154.50644,189.81036,-1.0,-1.0,1.0,1.0,0.0,-0.4,0.4,0.4
31.266666666666666,21.497395,-11.019955,1.1943537,0.97033316,0.003593502,-0.0020803965,-0.24173611,-0.0062117404,0.008285093,0.0043535293,0.23110993,-0.20880494,-0.20446101,21.49944,-11.019676,0.39435643,-0.14643942,-0.019944152,-0.68848544,-0.81552446,131.22345,15.527469,-65.915695,-23.044636,131.22345,15.527469,-65.915695,-23.044636,1.0,1.0,-1.0,-1.0,33.524375915527344,0.4,-0.4,-0.4
31.28333333333333,21.497353,-11.019791,1.1923857,0.97029257,0.0032486275,-0.0003480029,-0.24191251,-0.0069629936,0.0064232904,-0.1589536,-0.1975888,0.32528734,0.038234416,21.49957,-11.019312,0.3923891,-0.1588704,-0.034287553,-0.7458588,-0.86060405,-13.55655,-47.416767,136.7614,183.9369,-13.55655,-47.416767,136.7614,183.9369,-1.0,-1.0,1.0,1.0,0.0,-0.4,0.4,0.4
31.3,21.497313,-11.019647,1.1915743,0.96999764,0.004161043,-0.0010798911,-0.24307618,-0.0058595627,0.006037949,-0.011993369,0.23609792,-0.18727674,-0.20443964,21.499693,-11.018949,0.39157838,-0.17048177,-0.04999699,-0.6966823,-0.94256616,159.92345,5.9005146,-86.4558,-34.54204,159.92345,5.9005146,-86.4558,-34.54204,1.0,1.0,-1.0,-1.0,33.524375915527344,0.4,-0.4,-0.4
31.316666666666666,21.497246,-11.0195465,1.1932169,0.9699552,0.0039690123,0.00094243814,-0.24324925,-0.007153977,0.0035401268,0.13535456,-0.18713248,0.36883825,0.038261216,21.4998,-11.018589,0.3932215,-0.18291278,-0.068575114,-0.7458606,-1.1146873,29.408102,-50.12474,110.05693,173.07634,29.408102,-50.12474,110.05693,173.07634,1.0,-1.0,1.0,1.0,33.524375915527344,-0.4,0.4,0.4
31.333333333333332,21.49717,-11.019469,1.1934258,0.97040886,-0.00024253545,0.0016792524,-0.24146158,-0.0057126964,0.0018177626,-0.028441148,-0.6206846,-0.17158923,0.2809676,21.499899,-11.0182295,0.39343145,-0.19548039,-0.088792495,-0.7540565,-1.2130429,-71.71958,-1.6151756,-116.54214,5.9380007,-71.71958,-1.6151756,-116.54214,5.9380007,-1.0,-1.0,-1.0,1.0,0.0,-0.4,-0.4,0.4
31.349999999999998,21.497116,-11.019381,1.1947956,0.970598,-0.0020965387,0.004271584,-0.24065919,-0.0063289735,0.002873247,0.11904182,-0.18131393,0.3882563,0.038042117,21.49999,-11.017878,0.3948023,-0.20586234,-0.10764384,-0.62291706,-1.1310807,9.4046955,207.61287,55.52378,-70.6997,9.4046955,207.61287,55.52378,-70.6997,1.0,1.0,1.0,-1.0,33.524375915527344,0.4,0.4,-0.4
31.366666666666667,21.497078,-11.01928,1.1947336,0.9703107,-0.0009969161,0.003884611,-0.24182858,-0.0042764638,0.0045535634,-0.04465811,0.24701992,-0.14644805,-0.20464528,21.500072,-11.017526,0.39474145,-0.21446845,-0.12567559,-0.5163663,-1.0819046,-69.22063,66.04978,-162.14876,-35.74624,-69.22063,66.04978,-162.14876,-35.74624,-1.0,1.0,-1.0,-1.0,0.0,0.4,-0.4,-0.4
31.383333333333333,21.497078,-11.019189,1.195825,0.97027177,-0.0026784372,-0.00028991106,-0.24200268,-0.0018326833,0.0043152934,0.10221662,-0.1815827,-0.6643167,0.03820964,21.50014,-11.017183,0.39583364,-0.2192496,-0.14363903,-0.28686938,-1.0778062,46.02973,-34.731632,-30.19981,140.71292,46.02973,-34.731632,-30.19981,140.71292,1.0,-1.0,-1.0,1.0,33.524375915527344,-0.4,-0.4,0.4
31.4,21.49708,-11.019092,1.1954886,0.97071505,-0.002036048,-0.0026722276,-0.24020997,-0.0032690065,0.0055914395,-0.060951516,0.25313762,-0.124430016,0.28144643,21.500202,-11.016848,0.3954978,-0.22362097,-0.16071457,-0.26228157,-1.0245322,-118.99522,88.3695,205.93555,101.02807,-118.99522,88.3695,205.93555,101.02807,-1.0,1.0,1.0,1.0,0.0,0.4,0.4,0.4
31.416666666666668,21.49705,-11.01897,1.1963139,0.97091484,-0.001972476,-0.0001667786,-0.2394167,-0.0053972695,0.00542055,0.08639742,-0.17035234,0.43288442,0.03789907,21.500248,-11.016522,0.39632422,-0.22908516,-0.17526293,-0.32785174,-0.8729016,9.284467,-24.452515,106.39178,-54.975807,9.284467,-24.452515,106.39178,-54.975807,1.0,-1.0,1.0,-1.0,33.524375915527344,-0.4,0.4,-0.4
31.433333333333334,21.497025,-11.018838,1.1957073,0.970628,-0.00068895804,-0.0002132412,-0.24058379,-0.004697081,0.006621183,-0.07731842,0.25802022,-0.10187905,-0.20479056,21.500288,-11.0162,0.39571863,-0.23372972,-0.18892339,-0.27867344,-0.8196276,-70.52219,61.662502,-123.14064,-20.297731,-70.52219,61.662502,-123.14064,-20.297731,-1.0,1.0,-1.0,-1.0,0.0,0.4,-0.4,-0.4
31.45,21.496992,-11.018703,1.1962606,0.9705793,-0.00053644535,0.0024541402,-0.24076815,-0.0058480008,0.0059898314,0.07002209,-0.16503966,0.4541694,0.03794776,21.50031,-11.015891,0.39627263,-0.23769128,-0.20142269,-0.23769377,-0.7499581,55.671783,-38.12839,58.365585,148.88513,55.671783,-38.12839,58.365585,148.88513,1.0,-1.0,1.0,1.0,33.524375915527344,-0.4,0.4,0.4
31.466666666666665,21.496973,-11.018568,1.1953814,0.97028804,0.000829001,0.0025695607,-0.24193735,-0.0041624834,0.006892612,-0.0936954,0.2633059,-0.08059262,-0.20474106,21.500332,-11.01559,0.39539403,-0.24055997,-0.2133073,-0.17212091,-0.71307683,-68.45929,48.499004,-166.7142,-31.829277,-68.45929,48.499004,-166.7142,-31.829277,-1.0,1.0,-1.0,-1.0,0.0,0.4,-0.4,-0.4
31.483333333333334,21.496971,-11.018453,1.1956556,0.9702452,-0.0005874345,-0.001105313,-0.24212112,-0.0024269382,0.00598806,0.053174462,-0.16515638,-0.59853107,0.038127523,21.500328,-11.015301,0.395669,-0.24042335,-0.22573835,0.00819683,-0.74586236,68.2871,-39.198597,-49.923813,128.53807,68.2871,-39.198597,-49.923813,128.53807,1.0,-1.0,-1.0,1.0,33.524375915527344,-0.4,-0.4,0.4
31.5,21.496973,-11.018328,1.1945019,0.9706858,0.00031824186,-0.0029931786,-0.2403332,-0.0040453514,0.0063904603,-0.110000744,0.2694469,-0.05865351,0.28132534,21.500326,-11.015013,0.39451575,-0.24015015,-0.23741804,0.016391871,-0.7007816,-105.114624,66.04212,194.36841,99.48326,-105.114624,66.04212,194.36841,99.48326,-1.0,1.0,1.0,1.0,0.0,0.4,0.4,0.4
31.516666666666666,21.496939,-11.018203,1.1945102,0.97088784,0.0006438743,1.0510407e-05,-0.2395337,-0.0057998644,0.0054401546,0.03733811,-0.15429138,0.4986706,0.037802838,21.500309,-11.014747,0.394525,-0.2413796,-0.24752684,-0.073767,-0.60652786,52.273537,-29.695574,73.00136,-59.427433,52.273537,-29.695574,73.00136,-59.427433,1.0,-1.0,1.0,-1.0,33.524375915527344,-0.4,0.4,-0.4
31.53333333333333,21.496912,-11.018078,1.1930864,0.9705968,0.0021880164,0.00046686572,-0.24070077,-0.004671692,0.005666857,-0.12638341,0.2740914,-0.036149602,-0.20488504,21.500286,-11.014488,0.39310172,-0.24165282,-0.25708917,-0.016392766,-0.57373965,-37.460823,27.82455,-152.26826,-30.321152,-37.460823,27.82455,-152.26826,-30.321152,-1.0,1.0,-1.0,-1.0,0.0,0.4,-0.4,-0.4
31.55,21.49689,-11.017978,1.1928158,0.9705473,0.00095387956,-0.002872461,-0.24089153,-0.0037592938,0.004143373,0.020487877,-0.15425214,-0.5541021,0.037998725,21.500246,-11.014244,0.39283168,-0.24042335,-0.26740286,0.07376789,-0.6188213,108.443306,-44.50908,-20.934212,113.4151,108.443306,-44.50908,-20.934212,113.4151,1.0,-1.0,-1.0,1.0,33.524375915527344,-0.4,-0.4,0.4
31.566666666666666,21.496859,-11.017877,1.1911175,0.9709816,0.0020353324,-0.004424256,-0.23910442,-0.0058263266,0.003810733,-0.14267735,0.28024754,-0.014268534,0.28118104,21.500202,-11.0140085,0.39113387,-0.23946713,-0.27703354,0.05737334,-0.57784075,-60.80039,42.52225,208.53825,93.462105,-60.80039,42.52225,208.53825,93.462105,-1.0,1.0,1.0,1.0,0.0,0.4,0.4,0.4
31.583333333333332,21.496778,-11.017781,1.190581,0.9711878,0.0025305685,-0.0010837856,-0.23829935,-0.0076856255,0.0021725665,0.0046466812,-0.14368606,0.5430817,0.037677586,21.500145,-11.013791,0.39059806,-0.2411064,-0.2857763,-0.0983566,-0.5245649,100.74161,-34.901917,85.03919,-67.76184,100.74161,-34.901917,85.03919,-67.76184,1.0,-1.0,1.0,-1.0,33.524375915527344,-0.4,0.4,-0.4
31.599999999999998,21.49668,-11.017716,1.1924937,0.9709032,-0.0009247383,0.0010958194,-0.23946796,-0.0069815293,1.7715822e-05,0.15147507,-0.5719905,0.025615804,-0.20570074,21.500061,-11.013598,0.39251152,-0.24219923,-0.29492888,-0.065569274,-0.5491554,31.687458,-1.0520802,-143.8006,-41.544865,31.687458,-1.0520802,-143.8006,-41.544865,1.0,-1.0,-1.0,-1.0,33.524375915527344,-0.4,-0.4,-0.4
31.616666666666667,21.496593,-11.017657,1.1929722,0.97085243,-0.0036964307,-0.0014328484,-0.23964527,-0.0059584025,0.0010166627,-0.012175373,-0.14292885,-0.50775856,0.037845604,21.499971,-11.013413,0.39299074,-0.24192603,-0.30394483,0.016391871,-0.5409568,-74.964714,236.68262,-30.252388,160.05038,-74.964714,236.68262,-30.252388,160.05038,-1.0,1.0,-1.0,1.0,0.0,0.4,-0.4,0.4
31.633333333333333,21.496508,-11.017587,1.1907291,0.97129375,-0.0024264867,-0.0026226765,-0.23785645,-0.0078853695,0.0021551377,-0.17533481,0.29146332,0.03202973,0.28101417,21.499882,-11.013227,0.39074832,-0.24165282,-0.3122095,0.016392766,-0.49587962,-16.294083,88.76674,194.66272,63.661697,-16.294083,88.76674,194.66272,63.661697,-1.0,1.0,1.0,1.0,0.0,0.4,0.4,0.4
31.65,21.496393,-11.01749,1.189648,0.97149104,-0.001752668,0.0010749798,-0.23706695,-0.009200319,0.002218774,-0.028030967,-0.1326396,0.5894047,0.03753492,21.499777,-11.013064,0.3896675,-0.24233584,-0.3169907,-0.040981468,-0.28687295,137.3132,-21.466873,43.83621,-81.621216,137.3132,-21.466873,43.83621,-81.621216,1.0,-1.0,1.0,-1.0,33.524375915527344,-0.4,0.4,-0.4
31.666666666666668,21.496296,-11.017373,1.1910181,0.9712029,0.00020897333,0.0023494458,-0.2382422,-0.008076556,0.0040595313,0.11889732,0.30127,0.076527536,-0.20514831,21.499643,-11.012928,0.3910374,-0.23974034,-0.31835675,0.15572993,-0.081962936,74.09976,46.694054,-171.1081,-71.21409,74.09976,46.694054,-171.1081,-71.21409,1.0,1.0,-1.0,-1.0,33.524375915527344,0.4,-0.4,-0.4
31.683333333333334,21.49622,-11.017269,1.1909524,0.97116,-0.00063701364,-0.00026208107,-0.23842764,-0.0067286277,0.003388974,-0.0448877,-0.13218889,-0.46356642,0.03777654,21.499508,-11.012802,0.39097178,-0.2355056,-0.31992772,0.25408474,-0.09425818,-59.181305,-36.288174,-92.95615,125.92336,-59.181305,-36.288174,-92.95615,125.92336,-1.0,-1.0,-1.0,1.0,0.0,-0.4,-0.4,0.4
31.7,21.496138,-11.017148,1.1920475,0.9715955,0.00087642646,-0.0009943305,-0.23664369,-0.007943967,0.0045201913,0.102595404,0.30752268,0.098262124,0.28092617,21.499361,-11.012694,0.3920664,-0.23086101,-0.31897148,0.27867523,0.057374235,36.814213,66.597496,160.05318,41.28955,36.814213,66.597496,160.05318,41.28955,1.0,1.0,1.0,1.0,33.524375915527344,0.4,0.4,0.4
31.716666666666665,21.496058,-11.017035,1.1917098,0.9717836,0.00012762097,-0.0034340771,-0.23584887,-0.0076076733,0.0036142792,-0.061189257,-0.12643297,-0.44031522,0.03760588,21.499207,-11.012596,0.3917283,-0.22553344,-0.31787863,0.31965402,0.06557106,-61.06224,-29.42643,-41.432796,-65.401695,-61.06224,-29.42643,-41.432796,-65.401695,-1.0,-1.0,-1.0,-1.0,0.0,-0.4,-0.4,-0.4
31.733333333333334,21.495945,-11.016906,1.1925328,0.97221243,0.0017291112,-0.003987113,-0.23405989,-0.009868336,0.0041682953,0.086295985,0.3131854,0.12145064,0.2807491,21.49904,-11.012519,0.39255077,-0.22170849,-0.31419027,0.22949694,0.2213019,36.291267,55.005245,204.4136,43.47374,36.291267,55.005245,204.4136,43.47374,1.0,1.0,1.0,1.0,33.524375915527344,0.4,0.4,0.4
31.75,21.495806,-11.016774,1.1919291,0.9724121,0.0026695125,0.0002667157,-0.23325388,-0.011148513,0.0027684926,-0.07708998,-0.11676058,0.6568046,0.037313934,21.498867,-11.01245,0.39194682,-0.2192496,-0.3096823,0.1475331,0.2704775,-58.279213,-34.70673,46.61482,-65.78315,-58.279213,-34.70673,46.61482,-65.78315,-1.0,-1.0,1.0,-1.0,0.0,-0.4,0.4,-0.4
31.766666666666666,21.495676,-11.016662,1.1924819,0.9721204,0.0048872465,0.0020687615,-0.2344218,-0.00975481,0.0028468845,0.06982447,0.31723946,0.1437895,-0.20535097,21.498676,-11.012401,0.39249885,-0.21487826,-0.3051743,0.26228067,0.27048108,89.09831,4.1132846,-175.33357,-82.04071,89.09831,4.1132846,-175.33357,-82.04071,1.0,1.0,-1.0,-1.0,33.524375915527344,0.4,-0.4,-0.4
31.78333333333333,21.49556,-11.016573,1.1915989,0.9720778,0.0043136957,-3.1846994e-05,-0.23461923,-0.008299995,0.00065884634,-0.09395634,-0.11599278,-0.39628783,0.03760647,21.498482,-11.012361,0.39161548,-0.20927747,-0.30169085,0.33604768,0.20900665,-55.61998,-51.48799,-108.98855,97.39161,-55.61998,-51.48799,-108.98855,97.39161,-1.0,-1.0,-1.0,1.0,0.0,-0.4,-0.4,0.4
31.8,21.495424,-11.016507,1.1918769,0.97249717,0.0060920864,-0.0002545929,-0.23283464,-0.009045927,-7.097237e-05,0.053537734,0.32351497,0.16540195,0.28076175,21.49827,-11.012338,0.39189285,-0.20381327,-0.29861724,0.32785174,0.18441616,78.346115,13.683016,141.18318,5.460097,78.346115,13.683016,141.18318,5.460097,1.0,1.0,1.0,1.0,33.524375915527344,0.4,0.4,0.4
31.816666666666666,21.495295,-11.01646,1.1907215,0.97268504,0.0056122886,-0.0021867792,-0.2320504,-0.008215476,-0.0025919664,-0.1102436,-0.11061867,-0.3730718,0.03745818,21.498058,-11.0123205,0.3907373,-0.19793929,-0.29649985,0.35243866,0.12704371,-42.86457,-46.508423,-83.24011,-72.28841,-42.86457,-46.508423,-83.24011,-72.28841,-1.0,-1.0,-1.0,-1.0,0.0,-0.4,-0.4,-0.4
31.833333333333332,21.495123,-11.016455,1.1907251,0.97241807,0.0022316072,-0.0009898596,-0.23323153,-0.009502306,-0.005038181,0.03709167,-0.5341112,0.18408394,-0.20583682,21.49783,-11.012324,0.39074042,-0.19384114,-0.2958168,0.24588881,0.040982362,100.91283,-5.841283,166.5014,-3.5911148,100.91283,-5.841283,166.5014,-3.5911148,1.0,-1.0,1.0,-1.0,33.524375915527344,-0.4,0.4,-0.4
31.849999999999998,21.494942,-11.016471,1.1931798,0.9723726,0.00016018433,-0.0022017076,-0.23342368,-0.00834521,-0.0054368926,0.18407007,-0.09911226,-0.32752547,0.037556633,21.497583,-11.012359,0.39319474,-0.18919659,-0.29451907,0.27867344,0.07786452,7.051431,196.05847,-40.663006,119.65187,7.051431,196.05847,-40.663006,119.65187,1.0,1.0,-1.0,1.0,33.524375915527344,0.4,-0.4,0.4
31.866666666666667,21.494759,-11.016474,1.1942074,0.97279793,0.0021391253,-0.0020166514,-0.23163635,-0.009969747,-0.0049604718,0.02090814,0.3348419,0.21204285,0.28071773,21.497337,-11.012396,0.39422208,-0.18468864,-0.29206014,0.2704766,0.14753579,-141.72612,48.463272,159.76291,38.39716,-141.72612,48.463272,159.76291,38.39716,-1.0,1.0,1.0,1.0,0.0,0.4,0.4,0.4
31.883333333333333,21.49458,-11.016485,1.1925071,0.97298265,0.0018411967,-0.0035897973,-0.23084298,-0.01002663,-0.0063809142,-0.14288303,-0.09944174,-0.3263925,0.037424996,21.497091,-11.012434,0.3925214,-0.17990747,-0.29014766,0.28687027,0.11474847,-34.09969,-40.011898,-49.842087,-73.36129,-34.09969,-40.011898,-49.842087,-73.36129,-1.0,-1.0,-1.0,-1.0,0.0,-0.4,-0.4,-0.4
31.9,21.49436,-11.016496,1.1919677,0.9727011,0.0038897377,-0.0032611254,-0.23200592,-0.012024663,-0.006591128,0.0046214815,0.33926728,0.23511738,-0.20537485,21.496826,-11.012493,0.39198172,-0.17662898,-0.28666425,0.19670962,0.20900486,119.74047,15.852293,193.1861,-13.649107,119.74047,15.852293,193.1861,-13.649107,1.0,1.0,1.0,-1.0,33.524375915527344,0.4,0.4,-0.4
31.916666666666668,21.494097,-11.016542,1.193878,0.97265077,0.003744576,-0.0045403596,-0.2321976,-0.011668425,-0.009041167,0.15149762,-0.08827032,-0.2829439,0.037621334,21.496544,-11.012577,0.3938918,-0.17526293,-0.28400046,0.081962936,0.15982746,8.794219,-61.118008,-6.30186,95.926575,8.794219,-61.118008,-6.30186,95.926575,1.0,-1.0,-1.0,1.0,33.524375915527344,-0.4,-0.4,0.4
31.933333333333334,21.49381,-11.016606,1.1943585,0.97308487,0.00064465526,-0.002798944,-0.23042887,-0.013724908,-0.011240433,-0.011889682,-0.51659286,0.25136507,0.28026742,21.496262,-11.012668,0.39437222,-0.17553614,-0.28208795,-0.016392766,0.11475026,-138.19981,-3.1636465,200.1696,42.28071,-138.19981,-3.1636465,200.1696,42.28071,-1.0,-1.0,1.0,1.0,0.0,-0.4,0.4,0.4
31.95,21.49352,-11.016657,1.192119,0.97327226,0.00033650437,0.002877593,-0.2296356,-0.013497533,-0.010271099,-0.1752377,-0.08445489,0.78894466,0.03700558,21.495981,-11.012757,0.3921325,-0.17621917,-0.27928755,-0.040981468,0.16802429,-20.920649,181.25989,9.194413,-95.09949,-20.920649,181.25989,9.194413,-95.09949,-1.0,1.0,1.0,-1.0,0.0,0.4,0.4,-0.4
31.966666666666665,21.493267,-11.016709,1.1910367,0.97297573,0.0030591362,0.0056937155,-0.23081686,-0.010684265,-0.009589444,-0.028301025,0.34969416,0.27574033,-0.20564504,21.495687,-11.012865,0.39104956,-0.17335047,-0.27532598,0.17212181,0.23769377,164.39677,1.2022138,-209.78313,-116.108864,164.39677,1.2022138,-209.78313,-116.108864,1.0,1.0,-1.0,-1.0,33.524375915527344,0.4,-0.4,-0.4
31.983333333333334,21.493076,-11.016818,1.1924018,0.9729349,0.003076998,0.0047220266,-0.23101044,-0.0074148905,-0.011023159,0.11856863,-0.07769898,-0.24239352,0.03735496,21.49538,-11.013001,0.3924142,-0.1650176,-0.2733452,0.49997178,0.118846886,60.95211,-47.12999,-172.94923,13.729529,60.95211,-47.12999,-172.94923,13.729529,1.0,-1.0,-1.0,1.0,33.524375915527344,-0.4,-0.4,0.4
32.0,21.492912,-11.016939,1.1923321,0.97265905,0.0038088227,-0.0009589718,-0.23220435,-0.005249111,-0.011049734,-0.045005072,0.3505585,-0.7768695,-0.20536132,21.495068,-11.013142,0.39234415,-0.15436247,-0.27197915,0.63930804,0.081962936,-114.01732,8.760734,-42.18424,-29.431938,-114.01732,8.760734,-42.18424,-29.431938,-1.0,1.0,-1.0,-1.0,0.0,0.4,-0.4,-0.4
32.016666666666666,21.492718,-11.01709,1.1934222,0.9726048,0.0033689172,-0.003933754,-0.23240684,-0.0062354426,-0.013289279,0.10240631,-0.07434416,-0.220401,0.037063114,21.494741,-11.013301,0.3934337,-0.14493677,-0.27136442,0.5655419,0.036883947,3.7529087,-47.254227,217.28555,177.4718,3.7529087,-47.254227,217.28555,177.4718,1.0,-1.0,1.0,1.0,33.524375915527344,-0.4,0.4,0.4
32.03333333333333,21.492496,-11.017253,1.1930851,0.9730378,0.00050442433,-0.0017115836,-0.23063892,-0.00798168,-0.015022985,-0.061003815,-0.50276506,0.31388327,0.27966708,21.494417,-11.013466,0.3930963,-0.13756014,-0.27122784,0.44259754,0.008195042,-115.31667,-11.72631,145.85945,33.87848,-115.31667,-11.72631,145.85945,33.87848,-1.0,-1.0,1.0,1.0,0.0,-0.4,0.4,0.4
32.05,21.492271,-11.017409,1.1939046,0.97322315,-0.0010758464,-0.0019537257,-0.22985142,-0.007525442,-0.014316995,0.08592734,-0.069350466,-0.20029052,0.03673058,21.494081,-11.013649,0.39391556,-0.12963709,-0.26931536,0.47538307,0.11474847,36.374752,171.29874,-79.1496,-106.92777,36.374752,171.29874,-79.1496,-106.92777,1.0,1.0,-1.0,-1.0,33.524375915527344,0.4,-0.4,-0.4
32.06666666666666,21.49204,-11.017551,1.1932969,0.97347105,0.0013875859,-0.0007860552,-0.22880423,-0.008869858,-0.01379741,-0.07721114,0.36421221,0.339117,0.15932861,21.493744,-11.013841,0.39330757,-0.121987276,-0.2657636,0.45898896,0.21310507,-99.52254,35.492428,126.06366,0.50369096,-99.52254,35.492428,126.06366,0.50369096,-1.0,1.0,1.0,0.50369096,0.0,0.4,0.4,0.20147638
32.083333333333336,21.49181,-11.017708,1.1938448,0.97342616,0.0016401613,-0.0012588813,-0.22899133,-0.0080063185,-0.014999465,0.069640264,-0.064649634,-0.17769068,-0.08384656,21.4934,-11.014045,0.39385483,-0.11392764,-0.26234847,0.48357812,0.20490824,61.35114,-43.189396,-112.79558,-88.5096,61.35114,-43.189396,-112.79558,-88.5096,1.0,-1.0,-1.0,-1.0,33.524375915527344,-0.4,-0.4,-0.4
32.1,21.491571,-11.017865,1.1929643,0.973609,0.0041848286,8.245285e-05,-0.22818422,-0.00884543,-0.0154280495,-0.09349382,0.36888242,0.36164626,0.1594339,21.493055,-11.014259,0.3929739,-0.1062778,-0.25825033,0.4589903,0.24588881,-84.368645,2.4834387,106.02261,70.884315,-84.368645,2.4834387,106.02261,70.884315,-1.0,1.0,1.0,1.0,0.0,0.4,0.4,0.4
32.11666666666667,21.491327,-11.018063,1.1932395,0.9735636,0.0045179683,-0.00021551449,-0.22837086,-0.0074601118,-0.017542738,0.053362656,-0.06001658,-0.15516445,-0.08372602,21.492699,-11.014491,0.39324868,-0.098218165,-0.25579146,0.48357812,0.14753221,72.27977,-49.83839,-131.47356,-92.952866,72.27977,-49.83839,-131.47356,-92.952866,1.0,-1.0,-1.0,-1.0,33.524375915527344,-0.4,-0.4,-0.4
32.13333333333333,21.49107,-11.018278,1.192085,0.97375804,0.0018908645,0.0025016011,-0.22756402,-0.007653423,-0.01907855,-0.11008079,-0.48867983,0.37948072,0.15894502,21.492342,-11.014725,0.3920942,-0.09111477,-0.25449368,0.42620388,0.07786631,-66.29611,-27.679266,70.62295,55.761356,-66.29611,-27.679266,70.62295,55.761356,-1.0,-1.0,1.0,1.0,0.0,-0.4,0.4,0.4
32.15,21.49084,-11.018509,1.1920874,0.9737158,0.0005529879,0.0027645496,-0.22774886,-0.005618876,-0.01839851,0.036836434,-0.05492638,-0.13403185,-0.08400417,21.491978,-11.014978,0.39209613,-0.081415884,-0.25285444,0.5819329,0.09835481,103.31628,153.48021,-149.2846,-128.9457,103.31628,153.48021,-149.2846,-128.9457,1.0,1.0,-1.0,-1.0,33.524375915527344,0.4,-0.4,-0.4
32.166666666666664,21.490639,-11.018741,1.1906555,0.9739016,0.0017048689,-0.0020827006,-0.22695458,-0.0050333384,-0.018348766,-0.12672737,0.37425205,-0.668602,0.15932791,21.491611,-11.015237,0.39066386,-0.06966795,-0.25094196,0.704876,0.11474847,-19.390242,9.742176,-35.74339,15.797709,-19.390242,9.742176,-35.74339,15.797709,-1.0,1.0,-1.0,1.0,0.0,0.4,-0.4,0.4
32.18333333333333,21.490402,-11.018983,1.1903836,0.97384953,0.0016979384,-0.0042201984,-0.22714797,-0.0069200615,-0.019811261,0.02068329,-0.048625164,-0.11079375,-0.084397376,21.491243,-11.015514,0.3903917,-0.060242284,-0.24841475,0.56553996,0.15163241,89.98801,-36.26365,219.90562,-72.71836,89.98801,-36.26365,219.90562,-72.71836,1.0,-1.0,1.0,-1.0,33.524375915527344,-0.4,0.4,-0.4
32.2,21.490103,-11.019236,1.1925673,0.9740422,-0.00069498486,-0.0010388622,-0.22636317,-0.009838704,-0.022120085,0.16787875,-0.4718596,0.4459235,0.15826719,21.490866,-11.015814,0.39257506,-0.054641522,-0.24506794,0.33604568,0.20080893,7.1288896,-14.867715,131.83827,57.93198,7.1288896,-14.867715,131.83827,57.93198,1.0,-1.0,1.0,1.0,33.524375915527344,-0.4,0.4,0.4
32.21666666666667,21.4898,-11.0194845,1.1933192,0.9739956,-0.0018353717,-0.0003971284,-0.22655867,-0.009330847,-0.021197226,0.00412072,-0.043648135,-0.08965903,-0.08470056,21.490486,-11.016119,0.39332685,-0.04917737,-0.2410381,0.32784906,0.2417904,-92.169365,184.18352,-98.75799,-107.60244,-92.169365,184.18352,-98.75799,-107.60244,-1.0,1.0,-1.0,-1.0,0.0,0.4,-0.4,-0.4
32.233333333333334,21.489496,-11.019709,1.1952324,0.97417897,0.0011075351,0.0017536745,-0.22576767,-0.011166109,-0.019449087,0.15165392,0.3953239,0.47161072,0.15858372,21.490103,-11.016441,0.3952394,-0.043440007,-0.23400292,0.34424183,0.42211083,9.900217,24.489243,85.47332,25.46561,9.900217,24.489243,85.47332,25.46561,1.0,1.0,1.0,1.0,33.524375915527344,0.4,0.4,0.4
32.25,21.489204,-11.0199375,1.1957121,0.9741325,0.0017968233,0.0021723527,-0.22595991,-0.009614991,-0.020272559,-0.012160457,-0.039149098,-0.06723028,-0.08451302,21.489725,-11.016769,0.3957185,-0.037292838,-0.22689947,0.36883008,0.42620656,-80.96577,-41.498875,-151.0541,-92.68477,-80.96577,-41.498875,-151.0541,-92.68477,-1.0,-1.0,-1.0,-1.0,0.0,-0.4,-0.4,-0.4
32.266666666666666,21.488916,-11.0201845,1.1934617,0.974318,-0.0020438798,-0.0009717597,-0.2251648,-0.009373037,-0.02040565,-0.17603298,-0.4720721,-0.6064027,0.15838745,21.489344,-11.017098,0.39346778,-0.030599248,-0.22102547,0.4016154,0.35244045,-8.36481,-8.347302,-1.822099,3.3916783,-8.36481,-8.347302,-1.822099,3.3916783,-1.0,-1.0,-1.0,1.0,0.0,-0.4,-0.4,0.4
32.28333333333333,21.488619,-11.020398,1.192372,0.9742683,-0.0035455942,-0.0022137503,-0.2253525,-0.011275716,-0.018509442,-0.028549941,-0.032446403,-0.045408882,-0.08420409,21.48896,-11.017441,0.39237764,-0.024452077,-0.21180464,0.3688302,0.55324936,120.50621,202.45786,224.70013,-95.40169,120.50621,202.45786,224.70013,-95.40169,1.0,1.0,1.0,-1.0,33.524375915527344,0.4,0.4,-0.4
32.3,21.488297,-11.0205555,1.1937405,0.9744604,-0.0004326535,0.00027996348,-0.2245585,-0.013719395,-0.016469145,0.11895441,0.40652278,0.5158174,0.15909246,21.488571,-11.017804,0.39374536,-0.019670945,-0.19705135,0.28686795,0.88519776,60.444267,45.76796,119.131,20.018616,60.444267,45.76796,119.131,20.018616,1.0,1.0,1.0,1.0,33.524375915527344,0.4,0.4,0.4
32.31666666666666,21.487976,-11.020714,1.1936756,0.97441655,0.00042942245,0.0010371786,-0.22474667,-0.012682245,-0.016957844,-0.044875097,-0.028006554,-0.023007674,-0.08397214,21.48818,-11.018173,0.39367983,-0.014616605,-0.18195654,0.30326036,0.90568805,-50.42003,-36.436348,-130.14981,-90.66524,-50.42003,-36.436348,-130.14981,-90.66524,-1.0,-1.0,-1.0,-1.0,0.0,-0.4,-0.4,-0.4
32.333333333333336,21.487669,-11.020866,1.1947718,0.973903,0.003617231,0.0037039325,-0.2269052,-0.013424095,-0.015971962,0.102617666,0.41089442,0.5379271,-0.32660478,21.487797,-11.018552,0.39477527,-0.009152453,-0.16576892,0.32784906,0.9712573,61.676056,11.009476,47.169025,-5.730725,61.676056,11.009476,47.169025,-5.730725,1.0,1.0,1.0,-1.0,33.524375915527344,0.4,0.4,-0.4
32.35,21.487366,-11.021038,1.1944345,0.9736223,0.004572812,0.0046141474,-0.22807303,-0.010966472,-0.017763965,-0.061200596,-0.020485345,-0.003018324,-0.083523355,21.487408,-11.018937,0.39443755,-0.0030052832,-0.15046924,0.3688302,0.9179806,-55.545933,-54.00636,-176.65875,77.26323,-55.545933,-54.00636,-176.65875,77.26323,-1.0,-1.0,-1.0,1.0,0.0,-0.4,-0.4,0.4
32.36666666666667,21.487093,-11.021261,1.1952496,0.9731336,0.0010467242,0.0021051506,-0.23022869,-0.007874986,-0.019722788,0.08559884,-0.44912785,-0.5197341,-0.32668075,21.487015,-11.019329,0.39525205,0.005600755,-0.13837977,0.51636225,0.7253685,65.01986,-19.574202,-86.343475,-19.92216,65.01986,-19.574202,-86.343475,-19.92216,1.0,-1.0,-1.0,-1.0,33.524375915527344,-0.4,-0.4,-0.4
32.38333333333333,21.486822,-11.021487,1.1946371,0.9728593,-0.00018942234,0.0014239363,-0.23139289,-0.008120872,-0.019175453,-0.07759574,-0.017053634,0.02129827,-0.083041996,21.48662,-11.019725,0.3946391,0.014480001,-0.126222,0.5327547,0.729466,-69.705666,197.45187,130.93333,245.0622,-69.705666,197.45187,130.93333,245.0622,-1.0,1.0,1.0,1.0,0.0,0.4,0.4,0.4
32.4,21.48658,-11.021711,1.1951814,0.97304785,0.0016150507,-0.0021155144,-0.23058768,-0.0068025393,-0.018285861,0.069512665,0.4175099,-0.4912481,0.16027778,21.486237,-11.02013,0.39518303,0.024588682,-0.113244615,0.6065208,0.778643,87.36937,8.174062,-31.028183,13.019118,87.36937,8.174062,-31.028183,13.019118,1.0,1.0,-1.0,1.0,33.524375915527344,0.4,-0.4,0.4
32.416666666666664,21.486324,-11.021937,1.194297,0.9730012,0.0022241392,-0.0030245397,-0.23076966,-0.008310452,-0.019685375,-0.09374258,-0.011028806,0.044359673,-0.08335768,21.485851,-11.020539,0.39429837,0.03387774,-0.100130625,0.55734354,0.78683937,-91.6315,-38.771114,202.45677,-41.485508,-91.6315,-38.771114,202.45677,-41.485508,-1.0,-1.0,1.0,-1.0,0.0,-0.4,0.4,-0.4
32.43333333333333,21.48602,-11.022176,1.1945739,0.97319734,0.00044805382,0.0013492915,-0.22996682,-0.010116305,-0.02144359,0.05344032,-0.43418685,0.6009314,0.15929383,21.485458,-11.020952,0.39457503,0.040161517,-0.08763136,0.37702647,0.7499559,101.52716,-18.586645,85.79456,40.194298,101.52716,-18.586645,85.79456,40.194298,1.0,-1.0,1.0,1.0,33.524375915527344,-0.4,0.4,0.4
32.45,21.485722,-11.022416,1.1934187,0.9731495,-9.108196e-05,0.0031804892,-0.23015174,-0.0083948,-0.020487545,-0.11032498,-0.0063181706,0.06532391,-0.08371227,21.485073,-11.021368,0.39342,0.046445295,-0.0750638,0.3770267,0.7540534,-41.959473,162.3225,-156.0592,-108.44678,-41.959473,162.3225,-156.0592,-108.44678,-1.0,1.0,-1.0,-1.0,0.0,0.4,-0.4,-0.4
32.46666666666667,21.485468,-11.022659,1.1934183,0.9726394,0.0018759934,-2.0492913e-05,-0.2323122,-0.0064456128,-0.01950614,0.036788516,0.4273684,-0.44756308,-0.32637367,21.48469,-11.0217905,0.39341936,0.055734355,-0.062223036,0.55734354,0.77044594,139.5742,3.518801,-77.92472,-23.04235,139.5742,3.518801,-77.92472,-23.04235,1.0,1.0,-1.0,-1.0,33.524375915527344,0.4,-0.4,-0.4
32.483333333333334,21.485209,-11.022906,1.191989,0.9723571,0.0026309858,-0.00060678174,-0.23348293,-0.007240984,-0.021137636,-0.12647052,-0.0028427911,0.085827805,-0.083672635,21.484308,-11.022213,0.39198986,0.064477,-0.049655482,0.5245585,0.7540532,-27.735394,-46.77417,151.04562,233.12834,-27.735394,-46.77417,151.04562,233.12834,-1.0,-1.0,1.0,1.0,0.0,-0.4,0.4,0.4
32.5,21.484941,-11.023189,1.1917146,0.9725474,-0.0005791118,-0.0024277775,-0.23269135,-0.006622957,-0.022692544,0.020283736,-0.4304402,-0.43157038,0.15918104,21.483934,-11.022642,0.39171574,0.07212682,-0.039136987,0.4589894,0.63110965,159.70378,-19.955881,-10.677889,15.88655,159.70378,-19.955881,-10.677889,15.88655,1.0,-1.0,-1.0,1.0,33.524375915527344,-0.4,-0.4,0.4
32.516666666666666,21.484667,-11.02346,1.1900125,0.97250164,-0.0014810886,-0.0024470508,-0.2328781,-0.008324977,-0.021643547,-0.14292033,0.0035619815,0.107491344,-0.08348942,21.483562,-11.023068,0.39001337,0.07909362,-0.028072078,0.41800794,0.66389453,-26.417187,182.34175,194.905,-31.708092,-26.417187,182.34175,194.905,-31.708092,-1.0,1.0,1.0,-1.0,0.0,0.4,0.4,-0.4
32.53333333333333,21.48437,-11.0237055,1.1894739,0.9726951,0.0022407956,0.0011899801,-0.23207276,-0.009784905,-0.02101268,0.004615099,0.44265398,0.6687979,0.15984115,21.483194,-11.023499,0.38947484,0.08414797,-0.014821511,0.3032608,0.795034,196.5012,2.3022733,55.14135,13.570293,196.5012,2.3022733,55.14135,13.570293,1.0,1.0,1.0,1.0,33.524375915527344,0.4,0.4,0.4
32.55,21.484085,-11.023982,1.1913851,0.972644,0.0037587816,0.0032367227,-0.2322479,-0.008500027,-0.02227635,0.15145776,0.013155327,0.15183249,-0.08308466,21.48284,-11.0239315,0.39138618,0.08920231,-0.0036200003,0.30326036,0.6720906,50.087082,-45.007458,-184.76054,-84.8614,50.087082,-45.007458,-184.76054,-84.8614,1.0,-1.0,-1.0,-1.0,33.524375915527344,-0.4,-0.4,-0.4
32.56666666666666,21.483805,-11.024285,1.1918604,0.9728466,0.00074698974,0.0017880361,-0.23144266,-0.0064446814,-0.023953388,-0.012453632,-0.4198295,-0.38767567,0.15976231,21.48248,-11.024362,0.39186153,0.09493968,0.0054641515,0.34424227,0.5450491,-77.13973,-26.76994,-102.32188,27.91883,-77.13973,-26.76994,-102.32188,27.91883,-1.0,-1.0,-1.0,1.0,0.0,-0.4,-0.4,0.4
32.583333333333336,21.483534,-11.024585,1.1934966,0.97280335,7.906792e-05,0.0022292738,-0.23162156,-0.0068609654,-0.023200262,0.13499849,0.019515349,0.17339793,-0.08293215,21.482124,-11.024789,0.39349806,0.10095025,0.014616605,0.36063415,0.5491472,15.523473,164.1565,129.62703,-68.84097,15.523473,164.1565,129.62703,-68.84097,1.0,1.0,1.0,-1.0,33.524375915527344,0.4,0.4,-0.4
32.6,21.48327,-11.024896,1.1936996,0.9729942,-0.0028391664,0.00094406185,-0.23080993,-0.005464241,-0.023703072,-0.02892267,-0.41344976,-0.36611027,0.15991163,21.481773,-11.025219,0.39370108,0.10723403,0.02315434,0.37702692,0.51226413,-77.173805,-7.039873,-92.51195,26.116903,-77.173805,-7.039873,-92.51195,26.116903,-1.0,-1.0,-1.0,1.0,0.0,-0.4,-0.4,0.4
32.61666666666667,21.483015,-11.025175,1.1950636,0.9729488,-0.0034142132,0.0015472564,-0.23099023,-0.006471538,-0.021757843,0.11853423,0.025859598,0.19494379,-0.08279534,21.481426,-11.025648,0.39506543,0.11379103,0.03387774,0.39342013,0.643404,11.829625,193.57523,140.40915,-71.26852,11.829625,193.57523,140.40915,-71.26852,1.0,1.0,1.0,-1.0,33.524375915527344,0.4,0.4,-0.4
32.63333333333333,21.482777,-11.0254345,1.1949956,0.9731473,-0.0009902004,-0.000791388,-0.2301796,-0.0056034145,-0.020232031,-0.045018524,0.45503333,-0.33983684,0.16056155,21.481087,-11.0260725,0.3949977,0.121031046,0.04569397,0.4344007,0.7089737,-71.958565,28.413296,-80.40005,22.19339,-71.958565,28.413296,-80.40005,22.19339,-1.0,1.0,-1.0,1.0,0.0,0.4,-0.4,0.4
32.65,21.482525,-11.025694,1.1960878,0.9731058,0.00027596505,-0.0004182181,-0.2303579,-0.00704683,-0.020640343,0.10238107,0.031659544,0.21782294,-0.08300175,21.480755,-11.0265,0.39609027,0.12676843,0.057715107,0.34424272,0.72126806,16.07412,-34.370625,158.9703,-58.77489,16.07412,-34.370625,158.9703,-58.77489,1.0,-1.0,1.0,-1.0,33.524375915527344,-0.4,0.4,-0.4
32.666666666666664,21.482267,-11.025963,1.1957458,0.97329193,-0.0024592278,-0.0013707768,-0.22955357,-0.0065541775,-0.021250816,-0.061526943,-0.40126967,-0.3216878,0.15984157,21.480425,-11.026922,0.39574844,0.13195938,0.06871172,0.3114572,0.6597968,-78.97288,-14.459633,-45.010082,38.717834,-78.97288,-14.459633,-45.010082,38.717834,-1.0,-1.0,-1.0,1.0,0.0,-0.4,-0.4,0.4
32.68333333333333,21.482002,-11.026197,1.1965649,0.9732484,-0.0028518497,-0.0004317098,-0.22973691,-0.008303415,-0.019592302,0.085929304,0.037928388,0.23932138,-0.08289156,21.480106,-11.027338,0.3965679,0.1357843,0.08168909,0.22949515,0.7786421,16.755795,185.62718,176.73709,-67.230125,16.755795,185.62718,176.73709,-67.230125,1.0,1.0,1.0,-1.0,33.524375915527344,0.4,0.4,-0.4
32.7,21.481743,-11.026418,1.1959524,0.97344136,-0.00024342867,-0.0024314604,-0.22892326,-0.008073084,-0.018595226,-0.07762958,0.46713543,-0.29551995,0.16047095,21.479786,-11.027755,0.39595616,0.14015561,0.0957593,0.26227888,0.8442127,-62.21184,13.217121,-30.830439,30.77963,-62.21184,13.217121,-30.830439,30.77963,-1.0,1.0,-1.0,1.0,0.0,0.4,-0.4,0.4
32.71666666666667,21.481459,-11.026637,1.1964995,0.9734008,0.0012043556,-0.0017200254,-0.2290994,-0.009969488,-0.019485291,0.069762535,0.043652166,0.26216406,-0.08306855,21.47948,-11.028166,0.39650366,0.14165828,0.109488,0.09015977,0.823722,35.7159,-37.114536,188.24698,-59.126907,35.7159,-37.114536,188.24698,-59.126907,1.0,-1.0,1.0,-1.0,33.524375915527344,-0.4,0.4,-0.4
32.733333333333334,21.481146,-11.026858,1.1956193,0.97358435,0.00021702255,0.004186481,-0.22828905,-0.010302696,-0.02034009,-0.09373574,-0.38493794,0.79655045,0.15957583,21.47918,-11.028571,0.39562353,0.14083865,0.12267029,-0.049177404,0.79093736,-57.515236,-26.650497,9.718078,40.29602,-57.515236,-26.650497,9.718078,40.29602,-1.0,-1.0,1.0,1.0,0.0,-0.4,0.4,0.4
32.75,21.480879,-11.027088,1.1958958,0.97352046,0.0005073972,0.0076366463,-0.22847147,-0.007634372,-0.019145483,0.05316459,0.04807214,0.2828295,-0.083529405,21.478882,-11.028968,0.39590043,0.14302431,0.13462315,0.13113944,0.71717167,80.37018,125.51956,-202.46198,-123.16412,80.37018,125.51956,-202.46198,-123.16412,1.0,1.0,-1.0,-1.0,33.524375915527344,0.4,-0.4,-0.4
32.766666666666666,21.480644,-11.027331,1.1947364,0.97301793,-0.0019883355,0.007179397,-0.23060913,-0.004417204,-0.018827666,-0.11072024,-0.3853447,-0.2562294,-0.3267113,21.478592,-11.029362,0.39474156,0.14698583,0.14541489,0.23769109,0.647504,-23.187456,-10.291289,-173.2541,-44.61493,-23.187456,-10.291289,-173.2541,-44.61493,-1.0,-1.0,-1.0,-1.0,0.0,-0.4,-0.4,-0.4
32.78333333333333,21.480476,-11.027572,1.1947311,0.9727645,-0.0037178698,0.0021077238,-0.23175636,-0.0015933064,-0.01683837,0.036277134,0.047813892,-0.76749307,-0.08303655,21.47831,-11.029748,0.39473712,0.1551821,0.1558651,0.49177584,0.6270128,143.11691,192.96399,-16.090395,147.122,143.11691,192.96399,-16.090395,147.122,1.0,1.0,-1.0,1.0,33.524375915527344,0.4,-0.4,0.4
32.8,21.480324,-11.027796,1.1932983,0.9729653,-0.0013978416,-0.001548567,-0.23094171,-0.0028889687,-0.015698168,-0.12677224,0.48108563,-0.22775966,0.16004942,21.478033,-11.030131,0.39330503,0.16406137,0.16727157,0.5327564,0.6843879,-46.674667,38.77871,213.67303,130.51097,-46.674667,38.77871,213.67303,130.51097,-1.0,1.0,1.0,1.0,0.0,0.4,0.4,0.4
32.81666666666666,21.48014,-11.028007,1.193028,0.97292435,0.0002940801,-0.00031777658,-0.23112324,-0.004403957,-0.016272493,0.020621955,0.057523966,0.32988533,-0.08345044,21.477762,-11.030502,0.39303562,0.17034517,0.17874634,0.37702826,0.68848634,107.28722,-33.18368,131.52393,-63.698746,107.28722,-33.18368,131.52393,-63.698746,1.0,-1.0,1.0,-1.0,33.524375915527344,-0.4,0.4,-0.4
32.833333333333336,21.479952,-11.028232,1.1952068,0.97311234,-0.0019505019,-0.00028402853,-0.23032218,-0.003480827,-0.017767772,0.16738553,-0.36995217,-0.18764648,0.1593996,21.477507,-11.030857,0.39521497,0.17512631,0.18803544,0.28686848,0.557346,40.561123,-21.335014,-94.28759,17.453434,40.561123,-21.335014,-94.28759,17.453434,1.0,-1.0,-1.0,1.0,33.524375915527344,-0.4,-0.4,0.4
32.85,21.479753,-11.028445,1.1959578,0.97306675,-0.0018983755,0.001556575,-0.23051049,-0.0045560417,-0.016371258,0.004188052,0.06355718,0.35123014,-0.08342395,21.477253,-11.031206,0.39596668,0.17908786,0.19773437,0.23769288,0.5819356,-123.48726,176.469,111.89515,-54.66963,-123.48726,176.469,111.89515,-54.66963,-1.0,1.0,1.0,-1.0,0.0,0.4,0.4,-0.4
32.86666666666667,21.47959,-11.028654,1.1978644,0.9725483,-0.0040589785,0.0017495025,-0.23265918,-0.0030483515,-0.016683245,0.15095703,-0.36426872,-0.16588973,-0.32661757,21.47702,-11.031543,0.3978737,0.18400562,0.20688689,0.2950653,0.54915094,32.21196,-9.282278,-117.808586,-2.4587963,32.21196,-9.282278,-117.808586,-2.4587963,1.0,-1.0,-1.0,-1.0,33.524375915527344,-0.4,-0.4,-0.4
32.88333333333333,21.479425,-11.028851,1.1983432,0.97226155,-0.0039132144,0.0037614503,-0.23383315,-0.0036077956,-0.014677737,-0.012229659,0.069333285,0.3745929,-0.08315626,21.476791,-11.031876,0.3983534,0.18865018,0.21665412,0.27867344,0.586034,-88.333725,212.14513,63.617996,228.95021,-88.333725,212.14513,63.617996,228.95021,-1.0,1.0,1.0,1.0,0.0,0.4,0.4,0.4
32.9,21.479311,-11.029019,1.1999787,0.9717503,-0.0007417657,0.002899989,-0.23599201,-0.0015618674,-0.01179011,0.13482967,0.5036278,-0.1386291,-0.32565135,21.476574,-11.032193,0.39998993,0.19602682,0.22730929,0.44259843,0.6393098,24.920912,8.296661,-153.82857,-6.1828995,24.920912,8.296661,-153.82857,-6.1828995,1.0,1.0,-1.0,-1.0,33.524375915527344,0.4,-0.4,-0.4
32.916666666666664,21.479195,-11.029188,1.2001857,0.971459,0.0012412785,0.0046532685,-0.23715846,-0.0014241356,-0.012213699,-0.028436447,0.074810505,0.3942014,-0.08285876,21.476358,-11.032507,0.40019783,0.20313026,0.23769128,0.42620656,0.62291974,-87.65493,-39.49567,7.734241,218.94757,-87.65493,-39.49567,7.734241,218.94757,-1.0,-1.0,1.0,1.0,0.0,-0.4,0.4,0.4
32.93333333333333,21.47911,-11.029385,1.201547,0.97165537,-0.0007321221,0.005185291,-0.23634353,0.0012124155,-0.013416357,0.1183545,-0.35277715,-0.12353614,0.1599877,21.476152,-11.032801,0.40155995,0.21187295,0.24465813,0.52456135,0.41801062,13.206195,-20.40083,-183.69751,3.225926,13.206195,-20.40083,-183.69751,3.225926,1.0,-1.0,-1.0,1.0,33.524375915527344,-0.4,-0.4,0.4
32.95,21.479055,-11.029593,1.2014737,0.97162575,-0.0020174964,0.0009969037,-0.2365128,0.003295853,-0.011964874,-0.045363113,0.07608353,-0.65847915,-0.08265184,21.475952,-11.033093,0.40148753,0.22225492,0.25066873,0.62291795,0.36063638,-148.04831,159.35948,-71.68786,-63.881134,-148.04831,159.35948,-71.68786,-63.881134,-1.0,1.0,-1.0,-1.0,0.0,0.4,-0.4,-0.4
32.96666666666667,21.479004,-11.029785,1.1986787,0.9718237,0.00072852464,-0.0018454655,-0.23570023,0.0016634522,-0.012062872,-0.20846067,0.5094722,-0.118722305,0.16045038,21.475758,-11.033381,0.39869356,0.23250028,0.25756732,0.614722,0.4139149,-37.742355,11.371238,190.64047,143.37503,-37.742355,11.371238,190.64047,143.37503,-1.0,1.0,1.0,1.0,0.0,0.4,0.4,0.4
32.983333333333334,21.47892,-11.029983,1.1970463,0.9717798,0.0028686416,0.00020430739,-0.23587194,0.0007355241,-0.013713479,-0.06104765,0.08579045,0.43885985,-0.0829766,21.475578,-11.033654,0.39706185,0.23933053,0.2629632,0.4098147,0.32375333,128.37213,-42.27083,76.37105,-50.56451,128.37213,-42.27083,76.37105,-50.56451,1.0,-1.0,1.0,-1.0,33.524375915527344,-0.4,0.4,-0.4
33.0,21.478828,-11.030223,1.1978627,0.97197837,0.0010674818,0.0010724538,-0.23506536,0.0019653242,-0.015727578,0.08573305,-0.34176758,-0.07886177,0.15988202,21.475422,-11.033902,0.3978787,0.2439751,0.26350963,0.27867433,0.03278553,80.80767,-37.084618,-147.33961,11.616653,80.80767,-37.084618,-147.33961,11.616653,1.0,-1.0,-1.0,1.0,33.524375915527344,-0.4,-0.4,0.4
33.016666666666666,21.47873,-11.03046,1.1972514,0.9719281,0.0015688172,0.0037398485,-0.23524308,0.001984503,-0.015160461,-0.07742937,0.091618836,0.46008563,-0.083009146,21.475267,-11.034143,0.39726746,0.24793664,0.26378283,0.23769198,0.016391871,-100.84216,118.97129,10.548035,-46.901848,-100.84216,118.97129,10.548035,-46.901848,-1.0,1.0,1.0,-1.0,0.0,0.4,0.4,-0.4
33.03333333333333,21.47867,-11.030725,1.1977956,0.9714046,-0.00015517001,0.004776272,-0.23738186,0.004493231,-0.016126283,0.06935633,-0.33607578,-0.057270534,-0.3262287,21.475134,-11.034366,0.39781204,0.25326425,0.26077753,0.3196567,-0.18031774,100.554726,-31.334536,-190.82288,-26.508001,100.554726,-31.334536,-190.82288,-26.508001,1.0,-1.0,-1.0,-1.0,33.524375915527344,-0.4,-0.4,-0.4
33.05,21.478632,-11.030999,1.1969051,0.9711313,-0.0011859022,0.0011033361,-0.23853962,0.0061389417,-0.015097233,-0.09438063,0.092307776,-0.59081537,-0.082689844,21.475002,-11.034584,0.39692146,0.25995788,0.25674766,0.40161785,-0.24179219,-39.362457,135.5296,-84.240746,212.29376,-39.362457,135.5296,-84.240746,212.29376,-1.0,1.0,-1.0,1.0,0.0,0.4,-0.4,0.4
33.06666666666666,21.4786,-11.031266,1.1971745,0.97132456,-0.0033524104,0.00015172649,-0.23773342,0.0051795053,-0.015510364,0.052909866,-0.33095935,-0.03393919,0.15995419,21.474897,-11.034784,0.39719102,0.26514888,0.25196648,0.31145987,-0.28687117,88.10311,-8.993521,165.07481,122.07183,88.10311,-8.993521,165.07481,122.07183,1.0,-1.0,1.0,1.0,33.524375915527344,-0.4,0.4,0.4
33.083333333333336,21.478577,-11.031527,1.1960119,0.9712751,-0.004290099,-0.0033527268,-0.2378968,0.0050525083,-0.013621375,-0.11082088,0.09771756,-0.56887203,-0.082722776,21.474798,-11.034979,0.3960283,0.2706131,0.24725363,0.32785353,-0.28277096,-58.050285,149.19046,-1.423328,-41.885483,-58.050285,149.19046,-1.423328,-41.885483,-1.0,1.0,-1.0,-1.0,0.0,0.4,-0.4,-0.4
33.1,21.478521,-11.031735,1.1960106,0.9714772,-0.0011323298,-0.0053893314,-0.23706906,0.0022574596,-0.012092706,0.03676684,0.5365724,-0.007022392,0.16039272,21.47471,-11.035157,0.39602712,0.2729354,0.24506794,0.13933717,-0.13114123,110.12841,3.2918446,233.52893,133.57082,110.12841,3.2918446,233.52893,133.57082,1.0,1.0,1.0,1.0,33.524375915527344,0.4,0.4,0.4
33.11666666666667,21.478441,-11.031932,1.1945822,0.97144693,0.0013848627,-0.0026179363,-0.23723833,0.00047296094,-0.013178135,-0.12647101,0.10731702,0.5284326,-0.08295586,21.47463,-11.035331,0.39459875,0.2729354,0.24342866,0.0,-0.0983566,-15.490134,-49.666714,124.60863,-23.960201,-15.490134,-49.666714,124.60863,-23.960201,-1.0,-1.0,1.0,-1.0,0.0,-0.4,0.4,-0.4
33.13333333333333,21.478342,-11.032148,1.194309,0.9716463,-6.5366934e-05,-0.0010643638,-0.23643643,0.00074521464,-0.014681222,0.020318203,-0.32023677,0.010633189,0.15992127,21.474567,-11.035488,0.39432514,0.2703399,0.23919392,-0.15572904,-0.25408474,158.15079,-39.842113,-114.700714,3.657907,158.15079,-39.842113,-114.700714,3.657907,1.0,-1.0,-1.0,1.0,33.524375915527344,-0.4,-0.4,0.4
33.15,21.478231,-11.032355,1.1964909,0.97159964,0.00085500977,0.0024112395,-0.23661676,-0.0013301102,-0.013858131,0.1678114,0.11842099,0.5716915,-0.083012074,21.474535,-11.03562,0.3965064,0.26473907,0.23379801,-0.33605036,-0.32375422,9.194893,104.422485,60.75013,-44.620182,9.194893,104.422485,60.75013,-44.620182,1.0,1.0,1.0,-1.0,33.524375915527344,0.4,0.4,-0.4
33.166666666666664,21.478123,-11.03257,1.1972398,0.9717909,-0.0004824967,0.0041665942,-0.2358064,0.0002989424,-0.014759019,0.003937509,-0.31451395,0.031757966,0.15986831,21.474506,-11.035746,0.39725426,0.25900164,0.22744589,-0.3442454,-0.38112757,-65.58995,-36.072327,-164.22914,11.467181,-65.58995,-36.072327,-164.22914,11.467181,-1.0,-1.0,-1.0,1.0,0.0,-0.4,-0.4,0.4
33.18333333333333,21.478031,-11.03279,1.1952598,0.97175586,-0.001152346,0.0011602658,-0.23598254,0.0014903666,-0.013508712,-0.15976125,0.11409366,-0.5032225,-0.08283676,21.47448,-11.035876,0.39527386,0.25435707,0.22102547,-0.27867433,-0.3852251,-3.3931801,105.068954,-69.50518,-74.2046,-3.3931801,105.068954,-69.50518,-74.2046,-1.0,1.0,-1.0,-1.0,0.0,0.4,-0.4,-0.4
33.2,21.477938,-11.033,1.1944399,0.9719474,-0.0029681409,0.0008687298,-0.23517776,0.00050259935,-0.013701633,-0.01244596,-0.309218,0.053615667,0.15981889,21.47447,-11.035988,0.39445314,0.24834645,0.21399032,-0.36063728,-0.42210904,170.14969,-15.476986,183.22797,70.73603,170.14969,-15.476986,183.22797,70.73603,1.0,-1.0,1.0,1.0,33.524375915527344,-0.4,0.4,0.4
33.21666666666667,21.477852,-11.033173,1.1960776,0.9718926,-0.0018798659,0.004671282,-0.23537071,-0.00094990985,-0.011702367,0.13505417,0.12935321,0.61461544,-0.08313028,21.474482,-11.03608,0.3960902,0.2413796,0.20825292,-0.41801062,-0.34424362,43.925957,123.838234,10.854958,-67.59426,43.925957,123.838234,10.854958,-67.59426,1.0,1.0,1.0,-1.0,33.524375915527344,0.4,0.4,-0.4
33.233333333333334,21.477774,-11.033345,1.1962817,0.971356,-0.0030612561,0.0067499294,-0.23751318,0.0014293821,-0.011224492,-0.028796345,-0.30341193,0.07503433,-0.32634175,21.474495,-11.036169,0.39629346,0.23482257,0.20224231,-0.39342192,-0.36063638,-39.83684,-26.25625,-193.49376,-15.009705,-39.83684,-26.25625,-193.49376,-15.009705,-1.0,-1.0,-1.0,-1.0,0.0,-0.4,-0.4,-0.4
33.25,21.477768,-11.033511,1.1976397,0.9710857,-0.0034988418,0.0042039435,-0.23866796,0.0046438165,-0.008919646,0.118171215,0.13100512,-0.43667993,-0.08286098,21.474525,-11.036246,0.39765114,0.23222707,0.19589022,-0.15572993,-0.38112578,89.93085,141.03511,-104.31617,164.90556,89.93085,141.03511,-104.31617,164.90556,1.0,1.0,-1.0,1.0,33.524375915527344,0.4,-0.4,0.4
33.266666666666666,21.477774,-11.033671,1.1975687,0.9712767,-0.0051084263,0.0042975526,-0.23785916,0.004783731,-0.008138826,-0.045147937,-0.29766434,0.09797688,0.15978342,21.474564,-11.036316,0.39757937,0.22990479,0.18940149,-0.13933717,-0.3893235,-81.54227,-4.3505063,103.94163,131.7478,-81.54227,-4.3505063,103.94163,131.7478,-1.0,-1.0,1.0,1.0,0.0,-0.4,0.4,0.4
33.28333333333333,21.477825,-11.033798,1.1986539,0.9712413,-0.0054522413,0.0019212926,-0.23802708,0.0069272937,-0.0051211994,0.10180406,0.13623531,-0.41490975,-0.08295347,21.474611,-11.036375,0.3986646,0.230178,0.18455203,0.016392766,-0.2909678,35.951385,143.30968,-102.02728,-82.41486,35.951385,143.30968,-102.02728,-82.41486,1.0,1.0,-1.0,-1.0,33.524375915527344,0.4,-0.4,-0.4
33.3,21.47789,-11.033897,1.1983116,0.97145253,-0.001738451,0.000927612,-0.23722546,0.006206586,-0.003143121,-0.061329015,0.56966865,0.12468606,0.1601911,21.474667,-11.0364275,0.39832228,0.23086101,0.18120523,0.040980574,-0.20080803,-82.826454,8.047709,128.13503,138.36105,-82.826454,8.047709,128.13503,138.36105,-1.0,1.0,1.0,1.0,0.0,0.4,0.4,0.4
33.31666666666666,21.47797,-11.033997,1.1991252,0.97140944,-0.00024896755,-0.0016872876,-0.23740435,0.0074000387,-0.0032263645,0.085491255,0.14093402,-0.39173535,-0.083046876,21.474743,-11.0364685,0.39913565,0.23113422,0.17703879,0.016392766,-0.24998634,43.37207,-43.83893,-83.22002,-50.96405,43.37207,-43.83893,-83.22002,-50.96405,1.0,-1.0,-1.0,-1.0,33.524375915527344,-0.4,-0.4,-0.4
33.333333333333336,21.478031,-11.034103,1.198509,0.97160316,-0.0016943893,-0.001254492,-0.23660694,0.0059685237,-0.0038476917,-0.077818215,-0.28775474,0.1429166,0.15959592,21.47482,-11.036508,0.39851895,0.23004138,0.17218933,-0.06557017,-0.2909678,-89.752365,-25.760857,170.86699,147.48737,-89.752365,-25.760857,170.86699,147.48737,-1.0,-1.0,1.0,1.0,0.0,-0.4,0.4,0.4
33.35,21.478098,-11.034191,1.1990498,0.9715549,-0.0018658355,-0.0032863165,-0.23678432,0.006337367,-0.0024879118,0.06912523,0.1460762,-0.3699835,-0.08315036,21.474913,-11.036535,0.39905968,0.22812894,0.16788629,-0.11474668,-0.25818226,55.548603,102.82823,-15.0594635,-58.932377,55.548603,102.82823,-15.0594635,-58.932377,1.0,1.0,-1.0,-1.0,33.524375915527344,0.4,-0.4,-0.4
33.36666666666667,21.478153,-11.034273,1.1981611,0.9717463,-0.0032285952,-0.002687264,-0.23599009,0.0043111723,-0.0026751368,-0.09417553,-0.28262424,0.16466355,0.15949775,21.475014,-11.036557,0.3981707,0.22485042,0.16358326,-0.1967114,-0.25818136,-76.83011,-21.163998,199.78311,146.92897,-76.83011,-21.163998,199.78311,146.92897,-1.0,-1.0,1.0,1.0,0.0,-0.4,0.4,0.4
33.38333333333333,21.478186,-11.034315,1.1984359,0.9717038,-0.0017044354,0.0019617062,-0.23618793,0.002304122,-0.00090878556,0.053356633,0.1557455,0.7256622,-0.08347557,21.475128,-11.03657,0.3984452,0.21897641,0.16146588,-0.35244045,-0.12704282,74.81897,114.43509,38.19802,-57.91622,74.81897,114.43509,38.19802,-57.91622,1.0,1.0,1.0,-1.0,33.524375915527344,0.4,0.4,-0.4
33.4,21.478222,-11.034355,1.1972772,0.9711668,-0.0024450794,0.0048879967,-0.23833823,0.0042795166,-0.00046453055,-0.110447936,-0.2767674,0.18594402,-0.32665908,21.475245,-11.036578,0.39728597,0.213239,0.15921192,-0.3442445,-0.13523786,-6.3716755,-29.598686,-192.05627,-10.595288,-6.3716755,-29.598686,-192.05627,-10.595288,-1.0,-1.0,-1.0,-1.0,0.0,-0.4,-0.4,-0.4
33.416666666666664,21.478317,-11.034388,1.1972725,0.9708877,-0.0024439634,0.0031856128,-0.23950098,0.006540577,0.0014394482,0.036505315,0.1581058,-0.3259362,-0.083179526,21.475382,-11.036576,0.39728093,0.21023369,0.15675305,-0.18031864,-0.14753221,143.5401,123.59465,-111.339645,150.61522,143.5401,123.59465,-111.339645,150.61522,1.0,1.0,-1.0,1.0,33.524375915527344,0.4,-0.4,0.4
33.43333333333333,21.478413,-11.03442,1.1958389,0.97107804,-0.003613869,0.0041207564,-0.23869935,0.006640623,0.0020054525,-0.12677595,-0.27052712,0.20864168,0.15946755,21.475517,-11.036572,0.3958472,0.207365,0.15415756,-0.17212091,-0.15572904,-19.441063,-10.966676,85.75861,121.467224,-19.441063,-10.966676,85.75861,121.467224,-1.0,-1.0,1.0,1.0,0.0,-0.4,0.4,0.4
33.45,21.478558,-11.034426,1.1955619,0.9710395,-0.0035221938,0.002586419,-0.23887876,0.008567942,0.0044392897,0.020169983,0.16316049,-0.30426776,-0.08331534,21.47567,-11.036554,0.39556998,0.20681858,0.15245,-0.03278553,-0.10245412,115.3901,117.313576,-129.9283,-92.23421,115.3901,117.313576,-129.9283,-92.23421,1.0,1.0,-1.0,-1.0,33.524375915527344,0.4,-0.4,-0.4
33.46666666666667,21.478737,-11.034404,1.1977388,0.97122717,-0.0045428914,0.0038129075,-0.23808083,0.00787316,0.0046523246,0.16756625,-0.2600397,0.25240314,0.15932658,21.475845,-11.036523,0.3977468,0.2070918,0.15176699,0.016392766,-0.040980574,18.959482,-3.6896627,75.71063,113.85503,18.959482,-3.6896627,75.71063,113.85503,1.0,-1.0,1.0,1.0,33.524375915527344,-0.4,0.4,0.4
33.483333333333334,21.478924,-11.034371,1.1984837,0.9711881,-0.004344846,0.0024855316,-0.23826154,0.009620898,0.0071923374,0.0038492982,0.16814065,-0.28261584,-0.08346453,21.476013,-11.0364895,0.39849198,0.20845783,0.15169868,0.08196204,-0.004098415,-99.135414,148.34937,-137.54135,-74.85709,-99.135414,148.34937,-137.54135,-74.85709,-1.0,1.0,-1.0,-1.0,0.0,0.4,-0.4,-0.4
33.5,21.479132,-11.034314,1.1988624,0.97139096,-6.97017e-05,0.0025729279,-0.23747182,0.009112079,0.009304679,0.029094288,0.6048779,0.2702792,0.15972838,21.476202,-11.036451,0.39887077,0.20982388,0.15306473,0.081962936,0.081962936,0.21325862,3.2419915,62.410267,110.20687,0.21325862,3.2419915,62.410267,110.20687,0.21325862,1.0,1.0,1.0,20.336868286132812,0.4,0.4,0.4
33.516666666666666,21.47934,-11.034261,1.1972984,0.97134566,0.001924264,0.00094062404,-0.23766136,0.010509903,0.008322738,-0.13479306,0.17048256,-0.26831117,-0.08337909,21.476381,-11.036412,0.3973068,0.21187295,0.15408926,0.12294441,0.061471757,-13.382476,-42.71112,-148.8873,-53.31559,-13.382476,-42.71112,-148.8873,-53.31559,-1.0,-1.0,-1.0,-1.0,0.0,-0.4,-0.4,-0.4
33.53333333333333,21.479548,-11.03423,1.1968937,0.97154015,0.0010309088,0.002437177,-0.23685995,0.010044873,0.0069049313,0.012613828,-0.2527603,0.2883548,0.15927425,21.476585,-11.036362,0.39690197,0.21214616,0.15265492,0.016392766,-0.08606046,133.8981,-26.936068,75.30544,74.63268,133.8981,-26.936068,75.30544,74.63268,1.0,-1.0,1.0,1.0,33.524375915527344,-0.4,0.4,0.4
33.55,21.479765,-11.034202,1.1950568,0.97149616,0.0013602593,0.0013877136,-0.23704733,0.0114952335,0.0073916307,-0.15111223,0.17537953,-0.24669397,-0.08350493,21.476793,-11.036305,0.3950652,0.21282919,0.15067415,0.040981468,-0.11884599,-6.8425274,76.41527,-146.82417,-75.39967,-6.8425274,76.41527,-146.82417,-75.39967,-1.0,1.0,-1.0,-1.0,0.0,0.4,-0.4,-0.4
33.56666666666666,21.47998,-11.034186,1.19438,0.97168815,0.0005485984,0.003049284,-0.23624648,0.01120605,0.006237508,-0.0037010587,-0.24786733,0.30996594,0.15915652,21.477015,-11.036237,0.39438832,0.21241936,0.14684923,-0.024589596,-0.22949515,168.7729,-26.13267,49.70626,52.223263,168.7729,-26.13267,49.70626,52.223263,1.0,-1.0,1.0,1.0,33.524375915527344,-0.4,0.4,0.4
33.583333333333336,21.480232,-11.034185,1.1961541,0.9716441,0.0010258292,0.0022911702,-0.23643471,0.013370269,0.007282156,0.14324017,0.18567665,-0.20301214,-0.08360544,21.477253,-11.036158,0.3961622,0.21337561,0.14124846,0.05737513,-0.3360459,37.091743,73.66823,-161.781,-85.06915,37.091743,73.66823,-161.781,-85.06915,1.0,1.0,-1.0,-1.0,33.524375915527344,0.4,-0.4,-0.4
33.6,21.4805,-11.034202,1.1964924,0.9718371,-0.0012981405,-0.002354523,-0.23563798,0.014814116,0.006356292,-0.020709855,-0.24753436,-0.7424113,0.1592119,21.477499,-11.036075,0.39650026,0.21487826,0.13414504,0.09015887,-0.42620566,-79.83783,-29.696627,-9.495782,101.375946,-79.83783,-29.696627,-9.495782,101.375946,-1.0,-1.0,-1.0,1.0,0.0,-0.4,-0.4,0.4
33.61666666666667,21.480764,-11.034209,1.194109,0.97249436,-0.0013279006,-0.005240829,-0.2328633,0.012082735,0.0068605645,-0.18395686,0.18829355,-0.20300469,0.40231022,21.477743,-11.035992,0.3941168,0.21638091,0.12765634,0.09015887,-0.3893217,-16.839083,105.2296,236.06398,14.96756,-16.839083,105.2296,236.06398,14.96756,-1.0,1.0,1.0,1.0,0.0,0.4,0.4,0.4
33.63333333333333,21.48097,-11.034197,1.1928871,0.97292465,-0.0019659088,-0.003243959,-0.23109123,0.009530798,0.006344077,-0.036533713,-0.23490165,0.3545545,0.15871167,21.478,-11.035902,0.39289454,0.21269259,0.122123875,-0.22129922,-0.33194792,139.90817,-10.356435,150.89058,-87.01515,139.90817,-10.356435,150.89058,-87.01515,1.0,-1.0,1.0,-1.0,33.524375915527344,-0.4,0.4,-0.4
33.65,21.481163,-11.034151,1.1941158,0.9728799,-0.0012923685,-0.003663898,-0.23127814,0.00925105,0.007703527,0.110419385,0.19871114,-0.158497,-0.08406325,21.478285,-11.035799,0.39412272,0.20613556,0.11802575,-0.39342192,-0.24588747,86.15262,82.806404,-62.80836,-80.014824,86.15262,82.806404,-62.80836,-80.014824,1.0,1.0,-1.0,-1.0,33.524375915527344,0.4,-0.4,-0.4
33.666666666666664,21.481337,-11.0341015,1.1939158,0.97307193,-0.0018243883,-0.0014612097,-0.23048967,0.007332119,0.007139127,-0.052830342,-0.23006,0.37611184,0.15860365,21.478573,-11.035692,0.3939221,0.19793929,0.11392764,-0.49177584,-0.24588658,-41.218132,-29.68197,151.10172,99.10536,-41.218132,-29.68197,151.10172,99.10536,-1.0,-1.0,1.0,1.0,0.0,-0.4,0.4,0.4
33.68333333333333,21.481506,-11.034033,1.1948726,0.9730277,-0.0010708334,-0.001715291,-0.23067923,0.007668808,0.008575713,0.09412069,0.20353682,-0.13697834,-0.08418314,21.47887,-11.035581,0.39487857,0.18878677,0.11085404,-0.54915094,-0.18441616,90.069824,79.44895,-80.52838,-87.362236,90.069824,79.44895,-80.52838,-87.362236,1.0,1.0,-1.0,-1.0,33.524375915527344,0.4,-0.4,-0.4
33.7,21.481667,-11.033962,1.1944004,0.97321546,-0.0015220464,0.0006522528,-0.22988898,0.0064790053,0.008117676,-0.06913255,-0.22524238,0.39762414,0.15848318,21.479172,-11.035465,0.39440563,0.17867805,0.10764384,-0.6065234,-0.19261165,-34.88864,-29.684706,126.299225,83.629715,-34.88864,-29.684706,126.299225,83.629715,-1.0,-1.0,1.0,1.0,0.0,-0.4,0.4,0.4
33.71666666666667,21.481842,-11.03388,1.1950847,0.9731709,-0.00068870076,0.00056351494,-0.23008169,0.0075722244,0.009600106,0.077817656,0.20833458,-0.115502685,-0.0843179,21.479483,-11.035344,0.39508975,0.16897912,0.10484347,-0.5819356,-0.1680225,96.17625,74.693954,-111.92632,-96.74786,96.17625,74.693954,-111.92632,-96.74786,1.0,1.0,-1.0,-1.0,33.524375915527344,0.4,-0.4,-0.4
33.733333333333334,21.482018,-11.033797,1.1943401,0.97335273,-0.0010595049,0.0030950545,-0.22928935,0.0072404924,0.009216329,-0.085429564,-0.22045141,0.41909188,0.15834717,21.479803,-11.03522,0.39434448,0.1585972,0.10190648,-0.62291527,-0.17621933,-23.145632,-29.773436,77.77577,64.49093,-23.145632,-29.773436,77.77577,64.49093,-1.0,-1.0,1.0,1.0,0.0,-0.4,0.4,0.4
33.75,21.482227,-11.033706,1.1947521,0.97330683,-0.0001468062,0.0031718935,-0.22948568,0.009228924,0.010713129,0.06152454,0.21310267,-0.09407614,-0.08446804,21.48013,-11.035085,0.39475596,0.15026434,0.09876458,-0.49997178,-0.18851368,105.40468,68.925385,-151.008,-108.320656,105.40468,68.925385,-151.008,-108.320656,1.0,1.0,-1.0,-1.0,33.524375915527344,0.4,-0.4,-0.4
33.766666666666666,21.482456,-11.03363,1.1937284,0.9734972,-0.00200445,-0.00065803516,-0.22868922,0.010227404,0.01037025,-0.10236109,-0.219938,-0.6334002,0.15836819,21.480461,-11.034951,0.393732,0.14288771,0.09459816,-0.44259754,-0.24998544,-4.936305,-29.474676,-25.015232,37.68456,-4.936305,-29.474676,-25.015232,37.68456,-1.0,-1.0,-1.0,1.0,0.0,-0.4,-0.4,0.4
33.78333333333333,21.482677,-11.033525,1.1938655,0.9734511,-0.0015170765,-0.0025896959,-0.22887538,0.008629011,0.011871442,0.045079503,0.21954447,-0.07195318,-0.08438664,21.480803,-11.03481,0.39386877,0.13428164,0.09200269,-0.5163645,-0.15572815,96.407005,101.5585,228.5599,-60.720203,96.407005,101.5585,228.5599,-60.720203,1.0,1.0,1.0,-1.0,33.524375915527344,0.4,0.4,-0.4
33.8,21.482857,-11.033397,1.196459,0.973639,-0.0016545937,0.0004008119,-0.22808805,0.0058661387,0.011029176,0.1925026,-0.20379445,0.4847102,0.15828565,21.481152,-11.03466,0.39646202,0.122123875,0.09050005,-0.7294656,-0.090158425,13.383857,-29.768118,120.847145,64.70493,13.383857,-29.768118,120.847145,64.70493,1.0,-1.0,1.0,1.0,33.524375915527344,-0.4,0.4,0.4
33.81666666666666,21.48304,-11.03326,1.1976207,0.9735941,-0.0005470549,0.00085299986,-0.22828372,0.006709099,0.012437716,0.028790928,0.224211,-0.050562415,-0.08455126,21.481503,-11.034509,0.3976233,0.11010272,0.08940721,-0.7212692,-0.06557017,-82.18199,91.42783,-111.32197,-89.65489,-82.18199,91.42783,-111.32197,-89.65489,-1.0,1.0,-1.0,-1.0,0.0,0.4,-0.4,-0.4
33.833333333333336,21.483217,-11.033129,1.1960589,0.973772,-0.0006697648,0.0038807343,-0.22749196,0.0068640765,0.01208774,-0.1344489,-0.20459686,0.4840096,0.15812291,21.481857,-11.034358,0.3960611,0.09739854,0.08804117,-0.76225066,-0.08196249,-10.369596,-31.457886,61.60477,41.58039,-10.369596,-31.457886,61.60477,41.58039,-1.0,-1.0,1.0,1.0,0.0,-0.4,0.4,0.4
33.85,21.48344,-11.032996,1.1956534,0.9737228,0.0004935815,0.004455944,-0.22769195,0.009269316,0.013417678,0.012509224,0.22889268,-0.029240914,-0.08471587,21.482222,-11.034201,0.39565554,0.087289855,0.086265326,-0.6065212,-0.106550746,123.379234,57.46241,-166.32687,-116.04109,123.379234,57.46241,-166.32687,-116.04109,1.0,1.0,-1.0,-1.0,33.524375915527344,0.4,-0.4,-0.4
33.86666666666667,21.483715,-11.032888,1.1976955,0.97391677,-0.001039719,0.0012440074,-0.22689937,0.012375876,0.012503694,0.15929298,-0.19862491,-0.5465315,0.15813115,21.48259,-11.034035,0.39769703,0.08059626,0.0820989,-0.40161562,-0.24998544,31.788038,-31.517405,-80.91249,3.5643017,31.788038,-31.517405,-80.91249,3.5643017,1.0,-1.0,-1.0,1.0,33.524375915527344,-0.4,-0.4,0.4
33.88333333333333,21.483992,-11.032774,1.1983097,0.9738731,-0.00027816836,-0.00014889159,-0.22709242,0.011849542,0.013726566,-0.003933913,0.23519456,-0.007231662,-0.084657185,21.482958,-11.033867,0.39831114,0.07403927,0.078274,-0.39341924,-0.22949426,-139.74553,96.71245,169.8621,-48.42797,-139.74553,96.71245,169.8621,-48.42797,-1.0,1.0,1.0,-1.0,0.0,0.4,0.4,-0.4
33.9,21.484253,-11.032659,1.200086,0.9740517,-0.00016964678,0.0033353323,-0.22630084,0.010259584,0.012753634,0.14352232,-0.18815906,0.5493805,0.1580247,21.48333,-11.033694,0.40008715,0.06611624,0.07417587,-0.47538173,-0.24588747,6.4775424,-35.613853,17.716711,29.55855,6.4775424,-35.613853,17.716711,29.55855,1.0,-1.0,1.0,1.0,33.524375915527344,-0.4,0.4,0.4
33.916666666666664,21.484533,-11.032542,1.2004302,0.97400063,0.0011848576,0.004285322,-0.22650151,0.012236968,0.013807436,-0.020171564,0.23976733,0.014043929,-0.08481987,21.483711,-11.033521,0.4004312,0.058876246,0.07007776,-0.4343998,-0.24588658,-98.551674,65.383865,-182.51468,-103.96733,-98.551674,65.383865,-182.51468,-103.96733,-1.0,1.0,-1.0,-1.0,0.0,0.4,-0.4,-0.4
33.93333333333333,21.484829,-11.032435,1.1988467,0.9735031,-0.0002435091,0.0013081088,-0.22866943,0.013694858,0.013383607,-0.119874194,-0.19310205,-0.52060616,-0.32788178,21.48409,-11.033343,0.39884785,0.052865673,0.065023415,-0.3606344,-0.3032608,-0.58678067,-37.01152,-108.358734,-8.746021,-0.58678067,-37.01152,-108.358734,-8.746021,-0.58678067,-1.0,-1.0,-1.0,6.926460266113281,-0.4,-0.4,-0.4
33.95,21.485128,-11.032324,1.1986916,0.9732262,0.0006581348,0.0002475404,-0.2298483,0.01288526,0.014200043,0.027563823,0.24416779,0.04130348,-0.08456027,21.484476,-11.033162,0.39869258,0.0467185,0.06003738,-0.36883032,-0.29916218,104.38762,77.10583,154.96394,219.66032,104.38762,77.10583,154.96394,219.66032,1.0,1.0,1.0,1.0,33.524375915527344,0.4,0.4,0.4
33.96666666666667,21.485428,-11.032223,1.1971035,0.973409,-0.00069146254,-0.0025445705,-0.22905853,0.013042647,0.013369678,-0.13632302,-0.18883194,-0.49813178,0.158304,21.484856,-11.032982,0.3971043,0.04098114,0.054368313,-0.34424162,-0.34014386,-34.108578,-39.879543,-36.060837,39.410694,-34.108578,-39.879543,-36.060837,39.410694,-1.0,-1.0,-1.0,1.0,0.0,-0.4,-0.4,0.4
33.983333333333334,21.485704,-11.032102,1.1966758,0.97336215,0.00030355458,-0.0034377272,-0.22924703,0.010953762,0.014185837,0.011123287,0.25040624,0.063292585,-0.08450401,21.48524,-11.032797,0.39667636,0.033194724,0.049792085,-0.4671849,-0.27457368,88.207436,71.52935,214.46628,-60.013474,88.207436,71.52935,214.46628,-60.013474,1.0,1.0,1.0,-1.0,33.524375915527344,0.4,0.4,-0.4
34.0,21.485931,-11.031975,1.1987047,0.97355443,0.00067570613,0.0005886598,-0.2284531,0.008087739,0.012757068,0.15857907,-0.17289276,0.6198322,0.15819839,21.485632,-11.03261,0.398705,0.021446794,0.045489065,-0.70487577,-0.25818115,1.8971499,-42.35344,76.41304,50.623596,1.8971499,-42.35344,76.41304,50.623596,1.0,-1.0,1.0,1.0,33.524375915527344,-0.4,0.4,0.4
34.016666666666666,21.48616,-11.031845,1.1993015,0.9735042,0.0022894284,0.0020787353,-0.22864784,0.009222441,0.013369377,-0.0051171426,0.25486884,0.084503315,-0.0846524,21.48602,-11.03242,0.39930183,0.01010868,0.041186046,-0.68028677,-0.25818115,-87.845474,44.985462,-152.55884,-87.46301,-87.845474,44.985462,-152.55884,-87.46301,-1.0,1.0,-1.0,-1.0,0.0,0.4,-0.4,-0.4
34.03333333333333,21.486403,-11.03173,1.1971685,0.97369266,0.0011142978,-0.00038654907,-0.22786187,0.010006052,0.012174737,-0.16897994,-0.17809254,-0.45493808,0.15822753,21.48641,-11.032232,0.3971686,-0.00054641516,0.0359951,-0.6393057,-0.31145674,-10.370833,-45.84218,-73.34417,9.548298,-10.370833,-45.84218,-73.34417,9.548298,-1.0,-1.0,-1.0,1.0,0.0,-0.4,-0.4,0.4
34.05,21.486635,-11.031609,1.1961962,0.9736452,0.0022784846,-0.0009484234,-0.22805451,0.008848648,0.012455548,-0.021525161,0.26104346,0.10642497,-0.084598236,21.486805,-11.032039,0.39619654,-0.012157737,0.030804154,-0.6966793,-0.31145674,120.274796,50.12625,189.47403,-82.06825,120.274796,50.12625,189.47403,-82.06825,1.0,1.0,1.0,-1.0,33.524375915527344,0.4,0.4,-0.4
34.06666666666666,21.486837,-11.031509,1.1976807,0.9738263,0.0028160238,0.003406366,-0.22725034,0.0072359433,0.010602259,0.12592292,-0.16227034,0.6629175,0.15811223,21.487196,-11.031843,0.39768088,-0.025681512,0.023905663,-0.81142646,-0.4139094,39.530685,-49.66272,4.6074543,13.663908,39.530685,-49.66272,4.6074543,13.663908,1.0,-1.0,1.0,1.0,33.524375915527344,-0.4,0.4,0.4
34.083333333333336,21.487055,-11.031417,1.1977328,0.97376615,0.0045940243,0.0052276608,-0.22744462,0.009573617,0.0106550725,-0.03775392,0.26544407,0.12755238,-0.0847365,21.487593,-11.031649,0.3977329,-0.03852227,0.01659736,-0.7704454,-0.4384981,-70.860825,10.680419,-195.55798,-93.35432,-70.860825,10.680419,-195.55798,-93.35432,-1.0,1.0,-1.0,-1.0,0.0,0.4,-0.4,-0.4
34.1,21.487307,-11.031376,1.1989377,0.97326857,0.003636262,0.0032309445,-0.22961806,0.012871701,0.008800694,0.10905423,-0.16283658,-0.38979322,-0.32776487,21.487978,-11.031447,0.39893818,-0.04808454,0.005122642,-0.5737361,-0.68848306,32.525074,-51.120983,-136.81554,-34.04773,32.525074,-51.120983,-136.81554,-34.04773,1.0,-1.0,-1.0,-1.0,33.524375915527344,-0.4,-0.4,-0.4
34.11666666666667,21.487572,-11.031345,1.1987147,0.97298384,0.0049689487,0.0030481908,-0.23079921,0.013277942,0.008351181,-0.054128185,0.2695199,0.14987886,-0.08447689,21.48837,-11.031251,0.39871508,-0.05723699,-0.0067618876,-0.5491472,-0.7130717,-97.97789,20.403255,83.76478,240.53177,-97.97789,20.403255,83.76478,240.53177,-1.0,1.0,1.0,1.0,0.0,0.4,0.4,0.4
34.13333333333333,21.487846,-11.0313635,1.199647,0.9724746,0.004084796,0.001228292,-0.23296988,0.015795572,0.006232855,0.09266387,-0.15878569,-0.3675483,-0.3274962,21.488752,-11.031049,0.3996478,-0.06488681,-0.022539625,-0.45898896,-0.94666415,25.490545,-56.950314,-131.68481,-14.612583,25.490545,-56.950314,-131.68481,-14.612583,1.0,-1.0,-1.0,-1.0,33.524375915527344,-0.4,-0.4,-0.4
34.15,21.488123,-11.031392,1.1991513,0.97218543,0.005497014,0.001214052,-0.23414472,0.015639922,0.005449694,-0.07050639,0.27373248,0.17217645,-0.08421023,21.489136,-11.030851,0.39915225,-0.07253663,-0.038727175,-0.4589894,-0.971253,-99.937675,2.1870399,94.35352,255.46248,-99.937675,2.1870399,94.35352,255.46248,-1.0,1.0,1.0,1.0,0.0,0.4,0.4,0.4
34.166666666666664,21.488401,-11.031477,1.1998109,0.9723788,0.0046954947,-0.00044878336,-0.23336078,0.017486352,0.0027113012,0.07628057,-0.15388627,-0.34539366,0.15871674,21.489513,-11.030655,0.39981216,-0.07964003,-0.058876246,-0.42620388,-1.2089442,25.383541,-62.846626,-123.16014,1.8462907,25.383541,-62.846626,-123.16014,1.8462907,1.0,-1.0,-1.0,1.0,33.524375915527344,-0.4,-0.4,0.4
34.18333333333333,21.488665,-11.03158,1.199041,0.972343,0.0009540989,0.00092590967,-0.23355316,0.01695687,0.0013076109,-0.08698378,-0.58233863,0.18932413,-0.084638745,21.48989,-11.0304575,0.39904284,-0.08769967,-0.080391355,-0.48357812,-1.2909064,-122.259224,-17.00422,113.90988,-34.290764,-122.259224,-17.00422,113.90988,-34.290764,-1.0,-1.0,1.0,-1.0,0.0,-0.4,0.4,-0.4
34.2,21.48894,-11.031687,1.1994277,0.97253364,-0.0014993715,-0.00015534095,-0.23275752,0.018263254,0.0018742756,0.05993182,-0.14741933,-0.323237,0.15870067,21.490255,-11.030265,0.39943,-0.094256654,-0.10183817,-0.39341924,-1.286809,61.172657,176.32825,-98.122444,12.847601,61.172657,176.32825,-98.122444,12.847601,1.0,1.0,-1.0,1.0,33.524375915527344,0.4,-0.4,0.4
34.21666666666667,21.489227,-11.031784,1.1983871,0.97248924,9.867271e-05,0.00015840321,-0.2329476,0.017407235,0.002842276,-0.103222616,0.28610054,0.21613401,-0.08416457,21.490627,-11.030082,0.39839038,-0.10026723,-0.12191897,-0.3606346,-1.2048478,-103.48849,33.623024,108.018074,-46.62837,-103.48849,33.623024,108.018074,-46.62837,-1.0,1.0,1.0,-1.0,0.0,0.4,0.4,-0.4
34.233333333333334,21.489517,-11.031886,1.1985022,0.9719687,-0.00051991834,-0.0011667407,-0.23510642,0.018389132,0.0022428872,0.043560363,-0.14206684,-0.30140027,-0.32719705,21.490992,-11.029904,0.39850593,-0.105594784,-0.14193147,-0.31965312,-1.2007502,75.74207,-50.121353,-122.32432,-13.500761,75.74207,-50.121353,-122.32432,-13.500761,1.0,-1.0,-1.0,-1.0,33.524375915527344,-0.4,-0.4,-0.4
34.25,21.4898,-11.0319805,1.1971892,0.971685,0.0011616484,-0.0006876244,-0.23627587,0.017290607,0.0025762564,-0.11958739,0.2907634,0.23826967,-0.083897226,21.491352,-11.029729,0.39719385,-0.11119555,-0.16126098,-0.3360459,-1.1597701,-53.941235,29.075678,103.355484,258.31097,-53.941235,29.075678,103.355484,258.31097,-1.0,1.0,1.0,1.0,0.0,0.4,0.4,0.4
34.266666666666666,21.49008,-11.032088,1.1970317,0.97115713,0.000621615,-0.0018385287,-0.23843221,0.018043749,0.0015533569,0.02720279,-0.13743,-0.2793546,-0.32693553,21.491705,-11.029561,0.39703763,-0.1163865,-0.18100032,-0.3114572,-1.1843606,91.70507,-52.823246,-118.770195,-4.1835785,91.70507,-52.823246,-118.770195,-4.1835785,1.0,-1.0,-1.0,-1.0,33.524375915527344,-0.4,-0.4,-0.4
34.28333333333333,21.49035,-11.032196,1.1954465,0.97086877,0.0023886191,-0.001194436,-0.23959675,0.016901737,0.001408986,-0.13593529,0.29555416,0.26036277,-0.083628014,21.492052,-11.029402,0.3954534,-0.12185067,-0.20012496,-0.32784995,-1.1474785,-33.24626,13.398552,103.82527,266.288,-33.24626,13.398552,103.82527,266.288,-1.0,1.0,1.0,1.0,0.0,0.4,0.4,0.4
34.3,21.490608,-11.032329,1.1950167,0.97100896,0.0019283419,-0.0021807882,-0.23902513,0.01752302,-0.0003683978,0.010863196,-0.1321807,-0.2573646,0.122610755,21.49239,-11.029256,0.39502457,-0.12758805,-0.22006924,-0.34424272,-1.1966567,109.835594,-55.71887,-118.96159,0.84894764,109.835594,-55.71887,-118.96159,0.84894764,1.0,-1.0,-1.0,0.84894764,33.524375915527344,-0.4,-0.4,0.33957908
34.31666666666666,21.490856,-11.032472,1.1931573,0.97089136,-0.0014541276,-0.00011466764,-0.23951551,0.01652157,-0.0005540288,-0.15239787,-0.5607463,0.27737498,-0.12077408,21.492733,-11.029113,0.3931666,-0.13441825,-0.24055997,-0.409812,-1.2294432,-30.267075,-8.838252,108.762,-3.592882,-30.267075,-8.838252,108.762,-3.592882,-1.0,-1.0,1.0,-1.0,0.0,-0.4,0.4,-0.4
34.333333333333336,21.491108,-11.032598,1.1924546,0.9710094,-0.0035636101,-0.0005084242,-0.2390139,0.017169569,0.0010550843,-0.0054586628,-0.12583461,-0.23487842,0.122505605,21.493057,-11.028988,0.392465,-0.1396092,-0.25852355,-0.3114572,-1.0778152,164.82387,189.45638,-103.27638,20.576113,164.82387,189.45638,-103.27638,20.576113,1.0,1.0,-1.0,1.0,33.524375915527344,0.4,-0.4,0.4
34.35,21.491367,-11.032673,1.194208,0.9708949,-0.0015472671,0.0005921979,-0.23950002,0.015445281,0.003492431,0.1420789,0.3130607,0.32672766,-0.12034121,21.49337,-11.028887,0.39421952,-0.14343412,-0.27115953,-0.22949515,-0.7581585,31.577078,49.643703,72.172615,-25.376244,31.577078,49.643703,72.172615,-25.376244,1.0,1.0,1.0,-1.0,33.524375915527344,0.4,0.4,-0.4
34.36666666666667,21.491629,-11.032748,1.1945277,0.9710183,-0.0017971362,-1.7915909e-05,-0.2389982,0.01631938,0.0032166028,-0.021769485,-0.1199152,-0.21326092,0.122643895,21.49368,-11.028792,0.39454043,-0.14684923,-0.2833174,-0.20490645,-0.7294714,-60.01831,-40.42785,-146.51181,48.279404,-60.01831,-40.42785,-146.51181,48.279404,-1.0,-1.0,-1.0,1.0,0.0,-0.4,-0.4,0.4
34.38333333333333,21.491896,-11.032801,1.1960088,0.9709,0.00030948728,0.0012465726,-0.23948151,0.014946226,0.0050413944,0.12576234,0.318941,0.34832662,-0.12020126,21.493982,-11.028718,0.3960221,-0.14944471,-0.29240167,-0.15572904,-0.545057,16.050108,39.4769,48.383926,-28.542065,16.050108,39.4769,48.383926,-28.542065,1.0,1.0,1.0,-1.0,33.524375915527344,0.4,0.4,-0.4
34.4,21.492168,-11.032857,1.1960565,0.9710243,0.00015058492,0.0007981413,-0.23897956,0.016166639,0.0042268885,-0.038080562,-0.11401314,-0.19167887,0.12278721,21.494282,-11.028647,0.3960703,-0.15135717,-0.30148596,-0.11474758,-0.545057,-71.19806,-44.06189,-162.17293,40.827126,-71.19806,-44.06189,-162.17293,40.827126,-1.0,-1.0,-1.0,1.0,0.0,-0.4,-0.4,0.4
34.416666666666664,21.492434,-11.0329075,1.1972649,0.9709009,0.0023476752,0.00222672,-0.23945977,0.015285041,0.0054002483,0.10945503,0.32480323,0.3698866,-0.12005644,21.494564,-11.028599,0.39727956,-0.15258661,-0.30858946,-0.073766105,-0.42621014,9.018939,23.46524,3.0379174,-36.175743,9.018939,23.46524,3.0379174,-36.175743,1.0,1.0,1.0,-1.0,33.524375915527344,0.4,0.4,-0.4
34.43333333333333,21.492708,-11.032971,1.1970403,0.97102547,0.0022799745,0.0019398077,-0.23895733,0.01697988,0.0040107947,-0.05438002,-0.108128235,-0.1701361,0.12293735,21.494843,-11.028559,0.3970556,-0.15285982,-0.31603447,-0.016392766,-0.44670042,-78.56794,-48.646065,-183.83978,29.572565,-78.56794,-48.646065,-183.83978,29.572565,-1.0,-1.0,-1.0,1.0,0.0,-0.4,-0.4,0.4
34.45,21.493011,-11.033054,1.1979699,0.9709007,0.0029352994,-0.0029787887,-0.23944564,0.018962871,0.0044836407,0.09241012,0.3258975,-0.68257016,-0.11979494,21.49512,-11.02854,0.39798543,-0.15094736,-0.32334286,0.11474758,-0.4385036,10.165153,5.7923226,-59.2969,-46.49642,10.165153,5.7923226,-59.2969,-46.49642,1.0,1.0,-1.0,-1.0,33.524375915527344,0.4,-0.4,-0.4
34.46666666666667,21.493298,-11.033145,1.1974707,0.97101426,0.0024020001,-0.0052659945,-0.23895128,0.017034104,0.0025024316,-0.07096526,-0.103294656,-0.14789703,0.12266978,21.495386,-11.028528,0.3974867,-0.14958131,-0.3306513,0.081962936,-0.43850717,-117.2409,-46.39313,198.08621,168.79651,-117.2409,-46.39313,198.08621,168.79651,-1.0,-1.0,1.0,1.0,0.0,-0.4,0.4,0.4
34.483333333333334,21.493528,-11.033241,1.1981326,0.97090644,-0.0004630438,-0.0022450362,-0.23944795,0.014390633,0.00065856584,0.0764868,-0.5265458,0.40892616,-0.12075692,21.49565,-11.028537,0.39814928,-0.15190358,-0.3369352,-0.13933627,-0.37703273,11.441053,-8.37201,118.432335,-6.891613,11.441053,-8.37201,118.432335,-6.891613,1.0,-1.0,1.0,-1.0,33.524375915527344,-0.4,0.4,-0.4
34.5,21.493755,-11.033339,1.1973623,0.97102726,-0.0020996374,-0.0017704571,-0.23895262,0.01447868,0.0014858057,-0.08720285,-0.09698181,-0.12556165,0.122432835,21.495905,-11.028555,0.3973794,-0.15395266,-0.34260434,-0.12294441,-0.34014878,-70.856415,195.47446,-107.36706,73.34712,-70.856415,195.47446,-107.36706,73.34712,-1.0,1.0,-1.0,1.0,0.0,0.4,-0.4,0.4
34.516666666666666,21.49397,-11.0334015,1.1977537,0.9709119,0.00036709494,0.00015799109,-0.23943625,0.012731066,0.0030411603,0.060348973,0.34175187,0.4359821,-0.12041136,21.496151,-11.028596,0.39777133,-0.15613832,-0.3441753,-0.13113944,-0.09425818,46.718605,35.82979,62.041477,-34.979095,46.718605,35.82979,62.041477,-34.979095,1.0,1.0,1.0,-1.0,33.524375915527344,0.4,0.4,-0.4
34.53333333333333,21.494183,-11.033472,1.1967117,0.9710352,0.00056798727,0.00037236544,-0.23893537,0.013696716,0.0020921302,-0.103473574,-0.09110743,-0.10409619,0.12261028,21.49639,-11.028649,0.39672926,-0.15805078,-0.34540474,-0.11474758,-0.073766105,-53.121628,-46.148643,-165.27782,32.59008,-53.121628,-46.148643,-165.27782,32.59008,-1.0,-1.0,-1.0,1.0,0.0,-0.4,-0.4,0.4
34.55,21.494413,-11.033543,1.1968241,0.97090745,0.0014927294,-0.0040463684,-0.23941623,0.014581742,0.0028359704,0.04337133,0.34285963,-0.61657083,-0.1201373,21.496622,-11.028721,0.39684173,-0.15818739,-0.34533644,-0.00819683,0.004098415,67.78242,17.527487,-15.930566,-51.675293,67.78242,17.527487,-15.930566,-51.675293,1.0,1.0,-1.0,-1.0,33.524375915527344,0.4,-0.4,-0.4
34.56666666666666,21.49463,-11.033617,1.1955074,0.97102094,0.0012282233,-0.005833068,-0.23891966,0.012101184,0.0011968783,-0.1199681,-0.08628502,-0.081941955,0.1223418,21.496851,-11.0288,0.39552495,-0.15900701,-0.34499493,-0.049177404,0.020490287,-83.84174,-42.247677,217.45546,164.45943,-83.84174,-42.247677,217.45546,164.45943,-1.0,-1.0,1.0,1.0,0.0,-0.4,0.4,0.4
34.583333333333336,21.494791,-11.033679,1.1953536,0.97090995,0.0038699855,-0.0035707888,-0.23938675,0.009439867,0.0011224605,0.027591068,0.35237032,0.479597,-0.12049801,21.497068,-11.028905,0.39537105,-0.16310515,-0.3419213,-0.24588792,0.18441795,88.62294,3.500951,131.73297,-23.023367,88.62294,3.500951,131.73297,-23.023367,1.0,1.0,1.0,-1.0,33.524375915527344,0.4,0.4,-0.4
34.6,21.494938,-11.033753,1.1937667,0.97103435,0.0042424253,-0.003026792,-0.23888308,0.009608094,-0.0012601692,-0.13621643,-0.08044402,-0.060521223,0.12254648,21.497282,-11.029019,0.39378425,-0.16788629,-0.33905256,-0.28686848,0.17212449,-24.514654,-60.8734,-118.6474,43.967537,-24.514654,-60.8734,-118.6474,43.967537,-1.0,-1.0,-1.0,1.0,0.0,-0.4,-0.4,0.4
34.61666666666667,21.495049,-11.033856,1.193339,0.970928,0.0017342175,0.0006558199,-0.2393644,0.008295348,-0.0031195004,0.011190701,-0.50378984,0.49624363,-0.12090326,21.497486,-11.029155,0.3933566,-0.1745799,-0.33673027,-0.40161696,0.13933717,119.67623,-15.112514,84.97346,-43.798225,119.67623,-15.112514,84.97346,-43.798225,1.0,-1.0,1.0,-1.0,33.524375915527344,-0.4,0.4,-0.4
34.63333333333333,21.49517,-11.033977,1.1953622,0.97105074,0.0005242651,0.001914912,-0.2388651,0.009483408,-0.0030766064,0.15816462,-0.06871053,-0.016239263,0.12224557,21.497677,-11.02932,0.3953797,-0.17949767,-0.33352003,-0.2950662,0.19261478,24.658094,171.98672,-142.52188,31.789398,24.658094,171.98672,-142.52188,31.789398,1.0,1.0,-1.0,1.0,33.524375915527344,0.4,-0.4,0.4
34.65,21.495308,-11.034098,1.1959516,0.97092915,0.0017374577,-0.0019632815,-0.23935254,0.010980679,-0.0023124907,-0.0055907033,0.3597111,-0.5508669,-0.12050763,21.49786,-11.029494,0.3959688,-0.18277617,-0.32969505,-0.19670962,0.22949873,-113.63165,20.63337,-62.57856,-42.238544,-113.63165,20.63337,-62.57856,-42.238544,-1.0,1.0,-1.0,-1.0,0.0,0.4,-0.4,-0.4
34.666666666666664,21.495441,-11.034223,1.1938176,0.97104734,0.0017421078,-0.0032525016,-0.23885867,0.009184359,-0.003928031,-0.16891098,-0.069383375,-0.016285386,0.1219955,21.498045,-11.029671,0.3938347,-0.1864645,-0.32600668,-0.22130011,0.2213019,-44.67429,-44.234287,190.79791,142.2957,-44.67429,-44.234287,190.79791,142.2957,-1.0,-1.0,1.0,1.0,0.0,-0.4,0.4,0.4
34.68333333333333,21.495533,-11.034353,1.1928446,0.9709325,-0.0005892502,0.0007652794,-0.2393515,0.007859827,-0.0047481125,-0.021515725,-0.49276665,0.54046214,-0.12146719,21.498219,-11.029867,0.39286172,-0.1923385,-0.32129377,-0.35243955,0.28277454,145.94121,-2.2466712,74.86095,-51.681355,145.94121,-2.2466712,74.86095,-51.681355,1.0,-1.0,1.0,-1.0,33.524375915527344,-0.4,0.4,-0.4
34.7,21.495638,-11.034479,1.1943233,0.97104996,-0.0016216908,0.0023609574,-0.23885901,0.008921684,-0.0037915139,0.12546244,-0.057637114,0.027943976,0.12166299,21.498375,-11.030096,0.39433995,-0.19602682,-0.31391707,-0.22129922,0.442602,60.361923,191.52002,-148.90471,15.919158,60.361923,191.52002,-148.90471,15.919158,1.0,1.0,-1.0,1.0,33.524375915527344,0.4,-0.4,0.4
34.71666666666667,21.495762,-11.034596,1.194368,0.97093356,-0.0002315358,-0.001183231,-0.23934603,0.010193747,-0.002456686,-0.038279172,0.37073618,-0.5067137,-0.1210932,21.49852,-11.030329,0.3943841,-0.19752946,-0.3056524,-0.09015887,0.49587962,-89.11354,43.18861,-83.94197,-51.736244,-89.11354,43.18861,-83.94197,-51.736244,-1.0,1.0,-1.0,-1.0,0.0,0.4,-0.4,-0.4
34.733333333333334,21.495869,-11.034712,1.1955723,0.97105336,1.7087365e-05,-0.002010982,-0.23885387,0.008706457,-0.0033031255,0.1090713,-0.05287273,0.049938668,0.121427685,21.498655,-11.030583,0.3955877,-0.19957852,-0.2956802,-0.12294351,0.5983328,9.228533,-35.882317,173.1136,132.02667,9.228533,-35.882317,173.1136,132.02667,1.0,-1.0,1.0,1.0,33.524375915527344,-0.4,0.4,0.4
34.75,21.49596,-11.034811,1.195351,0.97093046,0.0031222333,0.0011255553,-0.23933858,0.007655043,-0.0029014759,-0.054020297,0.3801733,0.58928114,-0.12139183,21.498787,-11.030844,0.39536583,-0.20244724,-0.28413704,-0.1721227,0.6925892,-97.45382,22.06719,15.185816,-25.9424,-97.45382,22.06719,15.185816,-25.9424,-1.0,1.0,1.0,-1.0,0.0,0.4,0.4,-0.4
34.766666666666666,21.496063,-11.034947,1.1962851,0.9703172,0.0040016444,0.0026382369,-0.24178794,0.009336639,-0.004454475,0.092852436,-0.046959363,0.071009986,-0.36442327,21.498907,-11.031123,0.39629957,-0.20367667,-0.27389163,-0.073766105,0.6147247,46.00395,-50.428722,-195.17586,-8.059575,46.00395,-50.428722,-195.17586,-8.059575,1.0,-1.0,-1.0,-1.0,33.524375915527344,-0.4,-0.4,-0.4
34.78333333333333,21.49618,-11.035115,1.1957831,0.9699606,0.00031884806,0.00070032256,-0.24326095,0.010942765,-0.0058480697,-0.07105915,-0.48025107,-0.46791735,-0.12138656,21.499023,-11.031411,0.39579684,-0.20367667,-0.26528552,0.0,0.5163663,-83.573906,-8.057218,-100.59667,235.8109,-83.573906,-8.057218,-100.59667,235.8109,-1.0,-1.0,-1.0,1.0,0.0,-0.4,-0.4,0.4
34.8,21.49629,-11.035274,1.1964424,0.9700843,-0.0009958615,0.000634504,-0.24276532,0.010099689,-0.0050788475,0.07641123,-0.04130835,0.094356164,0.122114904,21.499119,-11.031714,0.39645544,-0.20258383,-0.25490353,0.06557017,0.62291974,34.012543,198.08801,124.61132,150.60097,34.012543,198.08801,124.61132,150.60097,1.0,1.0,1.0,1.0,33.524375915527344,0.4,0.4,0.4
34.81666666666666,21.496414,-11.035423,1.1956697,0.969961,0.0006458358,-0.0024102328,-0.24324745,0.010664393,-0.0043161586,-0.08731709,0.3869018,-0.44027233,-0.12063975,21.499214,-11.032025,0.395682,-0.20053478,-0.24336037,0.12294351,0.6925892,-88.30888,29.016663,-91.32303,-29.23379,-88.30888,29.016663,-91.32303,-29.23379,-1.0,1.0,-1.0,-1.0,0.0,0.4,-0.4,-0.4
34.833333333333336,21.496508,-11.035574,1.1960567,0.97008395,0.0011565583,-0.0027363668,-0.24275145,0.008785746,-0.0056342045,0.060048245,-0.03657869,0.11628525,0.12191108,21.499294,-11.0323515,0.39606816,-0.19957852,-0.2307927,0.05737513,0.7540601,35.163727,-38.157745,164.58595,141.71437,35.163727,-38.157745,164.58595,141.71437,1.0,-1.0,1.0,1.0,33.524375915527344,-0.4,0.4,0.4
34.85,21.496605,-11.035724,1.1950119,0.9699474,0.0028820867,-0.005611999,-0.24323264,0.008407932,-0.0059083463,-0.10365613,0.3916072,-0.41835636,-0.1208428,21.499374,-11.032684,0.3950224,-0.1983491,-0.21767865,0.07376521,0.78684294,-81.03812,5.1169567,-17.076256,-7.046287,-81.03812,5.1169567,-17.076256,-7.046287,-1.0,1.0,-1.0,-1.0,0.0,0.4,-0.4,-0.4
34.86666666666667,21.496637,-11.035888,1.1951263,0.970069,0.0034737044,-0.0057716137,-0.24273577,0.0056278026,-0.008296821,0.043728597,-0.0318682,0.13819939,0.12172119,21.49944,-11.033032,0.39513627,-0.20067137,-0.20449631,-0.13933627,0.79094046,43.090492,-46.33493,208.75114,145.45436,43.090492,-46.33493,208.75114,145.45436,1.0,-1.0,1.0,1.0,33.524375915527344,-0.4,0.4,0.4
34.88333333333333,21.496632,-11.036061,1.1938134,0.9707022,0.0016899646,-0.0007102455,-0.24027847,0.0042199446,-0.0099690035,-0.119570784,-0.46111822,0.6721595,0.3642797,21.499496,-11.033384,0.39382312,-0.20517932,-0.19172378,-0.2704766,0.76635176,-64.21463,-19.98491,83.3417,8.837423,-64.21463,-19.98491,83.3417,8.837423,-1.0,-1.0,1.0,1.0,0.0,-0.4,0.4,0.4
34.9,21.49663,-11.036244,1.1936566,0.97106504,0.0011451304,0.001875806,-0.2388047,0.0053965217,-0.00949535,0.0273962,-0.029985532,0.15746336,0.12112702,21.49954,-11.033751,0.39366597,-0.20845783,-0.17860974,-0.19671051,0.78684205,56.239063,133.41605,-162.22833,-91.8167,56.239063,133.41605,-162.22833,-91.8167,1.0,1.0,-1.0,-1.0,33.524375915527344,0.4,-0.4,-0.4
34.916666666666664,21.49665,-11.036426,1.1920664,0.9709398,0.0030151731,-0.0006733474,-0.23930372,0.00642209,-0.009573973,-0.13627753,0.39824054,-0.3772672,-0.121622615,21.499578,-11.03412,0.3920751,-0.20968728,-0.1651542,-0.073767,0.80733234,-29.217134,4.4252877,-107.73551,-56.341625,-29.217134,4.4252877,-107.73551,-56.341625,-1.0,1.0,-1.0,-1.0,0.0,0.4,-0.4,-0.4
34.93333333333333,21.496655,-11.036632,1.1916361,0.9710579,0.0037453487,-0.00051121146,-0.23881403,0.0054020886,-0.01164001,0.011104778,-0.025269175,0.17927843,0.120956905,21.499607,-11.034499,0.39164442,-0.21146314,-0.15272322,-0.10655164,0.7458588,114.13806,-45.735996,135.74084,84.98354,114.13806,-45.735996,135.74084,84.98354,1.0,-1.0,1.0,1.0,33.524375915527344,-0.4,0.4,0.4
34.95,21.496643,-11.036883,1.1935799,0.97094005,0.0005250862,-0.0015116646,-0.23931746,0.006864725,-0.014043861,0.1518716,-0.45371786,-0.3384995,-0.122289695,21.499617,-11.034892,0.3935879,-0.2129658,-0.1426145,-0.09015977,0.6065234,0.9615334,-19.621523,-82.55903,-46.375008,0.9615334,-19.621523,-82.55903,-46.375008,0.9615334,-1.0,-1.0,-1.0,32.87959289550781,-0.4,-0.4,-0.4
