Time,Payload_X,Payload_Y,Payload_Z,Swing_Deg_X,Swing_Deg_Y
0.0,21.5,-14.0,0.397954,0.00068301894,0.0007513208
0.016666666666666666,21.500002,-14.000001,0.3931799,0.002595472,0.0023222642
0.03333333333333333,21.500002,-13.999999,0.38568532,0.0040981136,0.0047811326
0.05,21.5,-14.000003,0.3754661,0.0061471704,0.008469434
0.06666666666666667,21.499996,-14.000008,0.36252213,0.009698869,0.013113963
0.08333333333333333,21.49999,-14.000013,0.34686005,0.013113963,0.01878302
0.1,21.499979,-14.000039,0.32847375,0.017895095,0.025135096
0.11666666666666667,21.499964,-14.000063,0.30736327,0.022676228,0.030940758
0.13333333333333333,21.49994,-14.000099,0.28352565,0.028413588,0.036541514
0.15,21.499914,-14.000137,0.25696212,0.03415095,0.04139095
0.16666666666666666,21.499907,-14.00017,0.2313714,-0.023905663,-0.016324153
0.18333333333333332,21.499924,-14.000218,0.2042871,-0.10641441,-0.093778536
0.2,21.499943,-14.000273,0.17447722,-0.18865018,-0.17212102
0.21666666666666667,21.499971,-14.000339,0.1456135,-0.35653818,-0.29854894
0.23333333333333334,21.500029,-14.000443,0.11525944,-0.55598617,-0.4378194
0.25,21.500076,-14.000585,0.08590074,-0.8408265,-0.60434633
0.26666666666666666,21.500128,-14.000781,0.055085585,-1.1551999,-0.7749086
0.2833333333333333,21.50018,-14.000984,0.021573134,-1.4697447,-0.9457509
0.3,21.500158,-14.001279,-0.010879323,-1.8623741,-1.1163968
0.31666666666666665,21.500105,-14.001637,-0.044759307,-2.2799726,-1.2832949
0.3333333333333333,21.499918,-14.0021105,-0.07753995,-2.7668922,-1.4383157
0.35,21.499674,-14.002664,-0.111726284,-3.2761776,-1.5868559
0.36666666666666664,21.499207,-14.003339,-0.14476708,-3.8378842,-1.7134035
0.3833333333333333,21.498392,-14.004222,-0.17537287,-4.4613423,-1.799026
0.4,21.497154,-14.005289,-0.20352092,-5.137035,-1.8408478
0.4166666666666667,21.495443,-14.006549,-0.22918898,-5.8520308,-1.8385243
0.43333333333333335,21.493172,-14.00802,-0.25235492,-6.589806,-1.7885706
0.45,21.490278,-14.009652,-0.27301025,-7.3357043,-1.697687
0.4666666666666667,21.486689,-14.011432,-0.29115304,-8.074025,-1.5682024
0.48333333333333334,21.482347,-14.0133295,-0.3067967,-8.790751,-1.4081169
0.5,21.477184,-14.015332,-0.31996152,-9.476459,-1.2244046
0.5166666666666666,21.471142,-14.017418,-0.33067322,-10.119963,-1.0194595
0.5333333333333333,21.464174,-14.019565,-0.3389665,-10.712065,-0.80018264
0.55,21.456228,-14.021749,-0.34486884,-11.247102,-0.57060343
0.5666666666666667,21.447266,-14.023956,-0.34840676,-11.723973,-0.33666196
0.5833333333333334,21.437243,-14.026164,-0.34959358,-12.144237,-0.10026723
0.6,21.42613,-14.028356,-0.34845042,-12.508766,0.13339372
0.6166666666666667,21.4139,-14.030512,-0.34498483,-12.820009,0.3628221
0.6333333333333333,21.40052,-14.032616,-0.33921254,-13.0797415,0.58303505
0.65,21.385979,-14.034649,-0.33113652,-13.291739,0.7932835
0.6666666666666666,21.370249,-14.036598,-0.32076833,-13.45883,0.9889922
0.6833333333333333,21.353317,-14.038441,-0.3081118,-13.58584,1.1684532
0.7,21.335178,-14.04017,-0.29316616,-13.673833,1.334398
0.7166666666666667,21.315813,-14.041771,-0.2759423,-13.722342,1.4839562
0.7333333333333333,21.295225,-14.043229,-0.25643724,-13.732326,1.6184237
0.75,21.273401,-14.04454,-0.23465788,-13.704623,1.7354066
0.7666666666666666,21.25036,-14.045692,-0.21059805,-13.640797,1.8359958
0.7833333333333333,21.22609,-14.046668,-0.18426092,-13.541998,1.9175237
0.8,21.200611,-14.047469,-0.15563603,-13.410797,1.9812864
0.8166666666666667,21.173927,-14.048088,-0.12472242,-13.249493,2.0246844
0.8333333333333334,21.146048,-14.04852,-0.091507435,-13.060669,2.0494938
0.85,21.116997,-14.048765,-0.055988614,-12.847189,2.052911
0.8666666666666667,21.086796,-14.0488205,-0.018158305,-12.613312,2.0352778
0.8833333333333333,21.055462,-14.048691,0.02199968,-12.35825,2.000696
0.9,21.023014,-14.048378,0.06449123,-12.085695,1.9508058
0.9166666666666666,20.989477,-14.047887,0.10933166,-11.795694,1.8884795
0.9333333333333333,20.954878,-14.047222,0.15652585,-11.492476,1.8159049
0.95,20.919243,-14.046388,0.20608829,-11.176636,1.7358849
0.9666666666666667,20.882599,-14.045399,0.25802425,-10.852236,1.6506069
0.9833333333333333,20.844982,-14.044254,0.31234005,-10.522075,1.5621212
1.0,20.806416,-14.042982,0.36904904,-10.182967,1.4763722
1.0166666666666666,20.766935,-14.041578,0.4281527,-9.835208,1.3960239
1.0333333333333332,20.726574,-14.040048,0.48966208,-9.476597,1.3251065
1.05,20.68536,-14.038404,0.5535779,-9.107015,1.2668301
1.0666666666666667,20.643942,-14.036718,0.6160796,-8.735742,1.2119709
1.0833333333333333,20.602518,-14.035027,0.67588955,-8.364698,1.1561563
1.1,20.5611,-14.033333,0.7330091,-7.9941473,1.1009576
1.1166666666666667,20.519684,-14.031632,0.78743637,-7.6240706,1.044667
1.1333333333333333,20.478271,-14.029931,0.8391728,-7.254451,0.9890605
1.15,20.436861,-14.028225,0.88821703,-6.8854094,0.9322936
1.1666666666666667,20.395456,-14.026519,0.93457127,-6.5158296,0.87573266
1.1833333333333333,20.354046,-14.024808,0.9782322,-6.146934,0.8184211
1.2,20.312645,-14.023093,1.0192034,-5.778157,0.761247
1.2166666666666666,20.271238,-14.021373,1.0574805,-5.4101696,0.7032539
1.2333333333333334,20.229841,-14.019645,1.0930648,-5.043091,0.6456714
1.25,20.188446,-14.017925,1.1259564,-4.6763563,0.58788466
1.2666666666666666,20.14705,-14.016196,1.1561558,-4.3100886,0.53016686
1.2833333333333332,20.10565,-14.014474,1.183665,-3.943038,0.4737473
1.3,20.06425,-14.012747,1.2084794,-3.5765603,0.41664523
1.3166666666666667,20.022856,-14.011022,1.2306032,-3.2096817,0.36008996
1.3333333333333333,19.98145,-14.009295,1.2500315,-2.8433452,0.30298862
1.35,19.940048,-14.007569,1.2667656,-2.4773984,0.24677551
1.3666666666666667,19.898643,-14.005839,1.2808099,-2.1108694,0.19117735
1.3833333333333333,19.857227,-14.004111,1.2921592,-1.7440165,0.13537447
1.4,19.815802,-14.002373,1.3008136,-1.3775086,0.079435125
1.4166666666666667,19.774366,-14.000635,1.3067756,-1.0099641,0.022949437
1.4333333333333333,19.732925,-13.998881,1.3100408,-0.6428709,-0.035448685
1.45,19.691477,-13.997138,1.3106159,-0.27498448,-0.09289061
1.4666666666666666,19.65003,-13.995404,1.3085,0.09289061,-0.14855677
1.4833333333333334,19.60857,-13.993662,1.303688,0.46063292,-0.20511103
1.5,19.567102,-13.991916,1.2961872,0.82962376,-0.26146054
1.5166666666666666,19.525629,-13.990165,1.2859915,1.1985124,-0.3187666
1.5333333333333332,19.484142,-13.988412,1.2731074,1.5688173,-0.37586802
1.55,19.442778,-13.986677,1.261366,1.8992771,-0.41766977
1.5666666666666667,19.401442,-13.984951,1.2482027,2.2172232,-0.45612484
1.5833333333333333,19.3601,-13.98322,1.23234,2.535374,-0.49437523
1.6,19.318758,-13.981494,1.2137817,2.8544238,-0.5313281
1.6166666666666667,19.277418,-13.979763,1.1925206,3.1732888,-0.5691007
1.6333333333333333,19.236069,-13.978032,1.168556,3.4927995,-0.60783
1.65,19.194715,-13.976306,1.1418941,3.8132405,-0.646013
1.6666666666666667,19.153627,-13.974615,1.1163925,4.1128464,-0.6831034
1.6833333333333333,19.112635,-13.972935,1.0894772,4.4061255,-0.7195794
1.7,19.071947,-13.971299,1.0637177,4.681428,-0.7551676
1.7166666666666666,19.03137,-13.969676,1.0365416,4.9514914,-0.79027796
1.7333333333333334,18.99113,-13.968111,1.0105178,5.2069874,-0.82477385
1.75,18.95101,-13.966556,0.9830746,5.458608,-0.85933834
1.7666666666666666,18.910892,-13.964999,0.952919,5.709511,-0.8945862
1.7833333333333332,18.87077,-13.963447,0.9200563,5.961073,-0.9290831
1.8,18.831062,-13.961953,0.88834035,6.204918,-0.96521974
1.8166666666666667,18.791496,-13.960472,0.85520285,6.446951,-1.001425
1.8333333333333333,18.75237,-13.959064,0.82321,6.685936,-1.0394752
1.8499999999999999,18.713846,-13.957744,0.79364836,6.9188466,-1.0788921
1.8666666666666667,18.675484,-13.956445,0.7626574,7.150219,-1.1193343
1.8833333333333333,18.637608,-13.955224,0.7328008,7.3760614,-1.1616899
1.9,18.599892,-13.954026,0.7015178,7.6009173,-1.2039777
1.9166666666666667,18.5627,-13.952912,0.6713728,7.820512,-1.2424405
1.9333333333333333,18.526209,-13.951912,0.6436396,8.033877,-1.278786
1.95,18.4899,-13.950939,0.6144692,8.245008,-1.3157468
1.9666666666666666,18.45415,-13.950061,0.5864274,8.452247,-1.3474474
1.9833333333333334,18.419165,-13.949301,0.56079197,8.652411,-1.3712231
2.0,18.384373,-13.94857,0.53371876,8.851024,-1.3939743
2.0166666666666666,18.350182,-13.947941,0.507759,9.043381,-1.4137194
2.033333333333333,18.316805,-13.947438,0.48419523,9.229611,-1.4257443
2.05,18.284262,-13.947071,0.4630246,9.408879,-1.4281356
2.0666666666666664,18.252567,-13.9468355,0.444239,9.581452,-1.4254026
2.0833333333333335,18.221737,-13.946728,0.42783314,9.745796,-1.4188436
2.1,18.191788,-13.946752,0.41381016,9.903982,-1.405589
2.1166666666666667,18.16273,-13.946905,0.4021635,10.055722,-1.3861172
2.1333333333333333,18.134573,-13.947184,0.39289206,10.197957,-1.3572172
2.15,18.107336,-13.947589,0.38598832,10.328036,-1.3188894
2.1666666666666665,18.08103,-13.948121,0.38145387,10.448585,-1.2692896
2.183333333333333,18.055666,-13.948769,0.37928885,10.55959,-1.2088282
2.2,18.030537,-13.949446,0.37567234,10.667163,-1.1465238
2.216666666666667,18.006128,-13.950204,0.37314007,10.761562,-1.0810782
2.2333333333333334,17.98269,-13.951061,0.37296885,10.840969,-1.0098958
2.25,17.959497,-13.951943,0.37134263,10.9162245,-0.9376902
2.2666666666666666,17.937044,-13.952888,0.37080583,10.981897,-0.86172915
2.283333333333333,17.914833,-13.953853,0.36881486,11.04494,-0.78542805
2.3,17.893373,-13.954873,0.3679092,11.095328,-0.7045518
2.3166666666666664,17.872915,-13.955959,0.3693518,11.127347,-0.6191687
2.3333333333333335,17.853458,-13.957107,0.37314856,11.144193,-0.5294155
2.35,17.834248,-13.958265,0.3754889,11.156585,-0.43911716
2.3666666666666667,17.815798,-13.959454,0.37891486,11.15923,-0.34731725
2.3833333333333333,17.7976,-13.960652,0.38088474,11.157838,-0.25531334
2.4,17.780151,-13.961866,0.38394162,11.148231,-0.16365156
2.4166666666666665,17.762955,-13.963082,0.3855433,11.136257,-0.07328795
2.433333333333333,17.746515,-13.964306,0.3882308,11.113286,0.016870568
2.45,17.730326,-13.965531,0.3894615,11.085723,0.10668761
2.466666666666667,17.714888,-13.966743,0.39177907,11.048697,0.19384114
2.4833333333333334,17.699694,-13.967956,0.39264247,11.009172,0.27915093
2.5,17.68525,-13.96915,0.39459273,10.957546,0.36172923
2.5166666666666666,17.671785,-13.970307,0.39889467,10.888819,0.43857074
2.533333333333333,17.658571,-13.971457,0.40174517,10.816353,0.5141152
2.55,17.646091,-13.972565,0.40568182,10.733058,0.5817372
2.5666666666666664,17.63385,-13.973663,0.4081679,10.645895,0.64792556
2.5833333333333335,17.622334,-13.974713,0.4117399,10.544444,0.7065327
2.6,17.611057,-13.975747,0.41386303,10.439417,0.7626132
2.6166666666666667,17.600481,-13.976725,0.4170758,10.323176,0.8082431
2.6333333333333333,17.590145,-13.977686,0.4188409,10.202538,0.85100454
2.65,17.580498,-13.978585,0.42169625,10.067514,0.8835883
2.6666666666666665,17.571083,-13.9794655,0.42310488,9.928666,0.91262025
2.683333333333333,17.562338,-13.980281,0.42560956,9.778093,0.9281267
2.7,17.553816,-13.9810705,0.4266626,9.622462,0.93850994
2.716666666666667,17.545942,-13.981795,0.42882222,9.455685,0.9399445
2.7333333333333334,17.538284,-13.982497,0.42953682,9.284559,0.9383733
2.75,17.531252,-13.983135,0.43136382,9.101757,0.9318155
2.7666666666666666,17.52443,-13.983749,0.43174806,8.915592,0.92232025
2.783333333333333,17.518206,-13.9843,0.43325245,8.722058,0.90722364
2.8,17.512178,-13.984831,0.43331704,8.5253105,0.8897362
2.8166666666666664,17.50673,-13.985301,0.43450567,8.320242,0.86897
2.8333333333333335,17.50147,-13.985748,0.4342565,8.111831,0.84649616
2.85,17.496767,-13.986139,0.43513787,7.8967705,0.82156336
2.8666666666666667,17.492245,-13.98651,0.43458465,7.6789274,0.7951961
2.8833333333333333,17.488237,-13.986826,0.4351673,7.4565105,0.7670531
2.9,17.484407,-13.9871235,0.43431762,7.2315917,0.73768085
2.9166666666666665,17.481056,-13.987373,0.43460894,7.0037565,0.7070791
2.933333333333333,17.477873,-13.987604,0.43347,6.774107,0.67531645
2.95,17.475143,-13.987792,0.43347612,6.5430536,0.6428709
2.966666666666667,17.472567,-13.987962,0.43205357,6.3108706,0.60953754
2.9833333333333334,17.470413,-13.988097,0.43178093,6.0786543,0.57586294
3.0,17.468401,-13.988218,0.4300809,5.845851,0.5417787
3.0166666666666666,17.466785,-13.988301,0.42953348,5.614243,0.5069433
3.033333333333333,17.4653,-13.988373,0.42755938,5.3823156,0.4716982
3.05,17.464178,-13.988412,0.4267414,5.1530824,0.43570197
3.0666666666666664,17.463173,-13.988442,0.42449832,4.924069,0.39936438
3.0833333333333335,17.4625,-13.988444,0.42341274,4.698972,0.36220732
3.1,17.461939,-13.988437,0.4209022,4.474085,0.32477725
3.1166666666666667,17.461678,-13.988404,0.41955194,4.2541986,0.28625444
3.1333333333333333,17.46152,-13.988369,0.4167764,4.034922,0.24739023
3.15,17.461626,-13.988314,0.415157,3.8209074,0.20620385
3.1666666666666665,17.462074,-13.98824,0.41599032,3.6165276,0.16720328
3.183333333333333,17.462605,-13.988159,0.41540408,3.4146569,0.1300469
3.2,17.463135,-13.988081,0.41209972,3.211734,0.09316382
3.216666666666667,17.463884,-13.987998,0.40995878,3.0144603,0.060652092
3.2333333333333334,17.464901,-13.98791,0.41026932,2.822556,0.03312642
3.25,17.465984,-13.987821,0.4091579,2.6328716,0.006898491
3.2666666666666666,17.467247,-13.987734,0.4092071,2.446771,-0.01659736
3.283333333333333,17.468565,-13.987642,0.40783367,2.2627468,-0.039341893
3.3,17.470034,-13.987557,0.40762138,2.0823002,-0.060378887
3.3166666666666664,17.47155,-13.987475,0.40598658,1.9040608,-0.08100607
3.3333333333333335,17.473196,-13.987397,0.4055131,1.7288467,-0.101155154
3.35,17.47488,-13.987318,0.40361238,1.5550152,-0.12260199
3.3666666666666667,17.476665,-13.98725,0.40287605,1.386937,-0.14056544
3.3833333333333333,17.47853,-13.9871855,0.4028049,1.225566,-0.15531869
3.4,17.480413,-13.987129,0.40070778,1.0647511,-0.16952555
3.4166666666666665,17.482363,-13.987077,0.39977068,0.9098194,-0.1833226
3.433333333333333,17.484394,-13.987046,0.4012904,0.7640476,-0.19145057
3.4499999999999997,17.486439,-13.987017,0.40138745,0.62169605,-0.19773437
3.466666666666667,17.488483,-13.986983,0.39876252,0.47880182,-0.2043597
3.4833333333333334,17.490555,-13.98697,0.39729595,0.34246773,-0.20941406
3.5,17.492653,-13.986976,0.39828536,0.21569788,-0.20818461
3.5166666666666666,17.494759,-13.986983,0.39785045,0.092207596,-0.20497441
3.533333333333333,17.496866,-13.987008,0.3985741,-0.025681512,-0.1988272
3.55,17.498974,-13.987034,0.3978725,-0.14097525,-0.19179207
3.5666666666666664,17.501074,-13.987075,0.39832965,-0.25285444,-0.18448374
3.5833333333333335,17.50317,-13.987119,0.39735517,-0.36473456,-0.1776535
3.6,17.505238,-13.987178,0.39754224,-0.4684196,-0.17089158
3.6166666666666667,17.507294,-13.987237,0.3962995,-0.5691007,-0.1652908
3.6333333333333333,17.50931,-13.987308,0.39621615,-0.66104037,-0.15818739
3.65,17.511261,-13.987392,0.3985886,-0.7404131,-0.14958131
3.6666666666666665,17.5132,-13.98748,0.39952916,-0.81787467,-0.14111185
3.683333333333333,17.515137,-13.987573,0.39799547,-0.895201,-0.13380353
3.6999999999999997,17.517008,-13.987672,0.39770627,-0.96624434,-0.12670012
3.716666666666667,17.518808,-13.987782,0.39888063,-1.0305946,-0.12096275
3.7333333333333334,17.52059,-13.987896,0.3982976,-1.0935796,-0.114747256
3.75,17.522295,-13.988017,0.3988701,-1.151101,-0.10839517
3.7666666666666666,17.52398,-13.988142,0.3980143,-1.2060273,-0.10183817
3.783333333333333,17.525574,-13.98827,0.39831266,-1.2515268,-0.09712534
3.8,17.52714,-13.988401,0.39718175,-1.2940211,-0.09207099
3.8166666666666664,17.52862,-13.988538,0.39720502,-1.3285909,-0.087767966
3.8333333333333335,17.530064,-13.988678,0.39579946,-1.3602916,-0.082850225
3.85,17.531418,-13.988823,0.39554778,-1.3848875,-0.07800079
3.8666666666666667,17.532642,-13.988976,0.39774787,-1.4006015,-0.070487574
3.8833333333333333,17.533836,-13.989132,0.39851493,-1.4144026,-0.06304266
3.9,17.534933,-13.98929,0.40043992,-1.4231479,-0.05279737
3.9166666666666665,17.536,-13.989451,0.400932,-1.4302536,-0.04248378
3.933333333333333,17.53697,-13.989614,0.40258247,-1.433943,-0.029096607
3.9499999999999997,17.537909,-13.989782,0.40280002,-1.4376324,-0.014821511
3.966666666666667,17.538744,-13.989947,0.40417567,-1.4359927,0.00020490568
3.9833333333333334,17.539545,-13.990115,0.4041189,-1.4324399,0.014411699
4.0,17.54025,-13.99028,0.4052207,-1.4256076,0.029369814
4.016666666666667,17.540926,-13.990446,0.4048899,-1.4186386,0.044327933
4.033333333333333,17.541508,-13.990609,0.40571725,-1.4071605,0.0575785
4.05,17.542053,-13.9907675,0.40511185,-1.3934959,0.06905323
4.066666666666666,17.542505,-13.990924,0.40566492,-1.3775086,0.0785472
4.083333333333333,17.542927,-13.991074,0.40478465,-1.3619314,0.08694834
4.1,17.543257,-13.99122,0.40505803,-1.3432114,0.08968042
4.116666666666666,17.543554,-13.991364,0.40390152,-1.3221688,0.090773255
4.133333333333333,17.543762,-13.991499,0.40390572,-1.2971637,0.09166118
4.15,17.543938,-13.991635,0.4024776,-1.270656,0.091251366
4.166666666666667,17.544027,-13.991763,0.40220284,-1.2438753,0.08845098
4.183333333333334,17.544006,-13.991884,0.40438187,-1.2139521,0.085855514
4.2,17.543955,-13.992003,0.4051332,-1.1830729,0.084830984
4.216666666666667,17.543903,-13.992123,0.40315795,-1.153287,0.08380645
4.233333333333333,17.54378,-13.992234,0.40233645,-1.1225451,0.08066456
4.25,17.54355,-13.992339,0.40396893,-1.0881146,0.0782057
4.266666666666667,17.543295,-13.992442,0.4041743,-1.0525914,0.07731777
4.283333333333333,17.542967,-13.992541,0.40553552,-1.0181615,0.076498136
4.3,17.54262,-13.992639,0.405468,-0.983459,0.07581512
4.316666666666666,17.542206,-13.992726,0.40655643,-0.94916654,0.0713755
4.333333333333333,17.541773,-13.992816,0.4062106,-0.91528434,0.0645453
4.35,17.541273,-13.992898,0.40702453,-0.87826014,0.054436617
4.366666666666666,17.540758,-13.992979,0.40640622,-0.84137297,0.0432351
4.383333333333333,17.540186,-13.993052,0.40694854,-0.80284667,0.032033592
4.4,17.539597,-13.993128,0.4060577,-0.76445746,0.020763775
4.416666666666667,17.538958,-13.993201,0.40632674,-0.7263418,0.012840756
4.433333333333334,17.538296,-13.993276,0.40516898,-0.68699694,0.00648868
4.45,17.537592,-13.993348,0.40516838,-0.6472425,-0.0014343398
4.466666666666667,17.536873,-13.99342,0.40373358,-0.6085813,-0.010381888
4.483333333333333,17.536112,-13.993491,0.40345803,-0.5715597,-0.017553587
4.5,17.53534,-13.993562,0.40175092,-0.53508484,-0.024998493
4.516666666666667,17.534533,-13.993635,0.4012046,-0.49683422,-0.03107736
4.533333333333333,17.53371,-13.99371,0.3992257,-0.45913023,-0.036951326
4.55,17.532864,-13.993787,0.39840636,-0.42279255,-0.03845397
4.566666666666666,17.531971,-13.993869,0.40003806,-0.3859086,-0.03701963
4.583333333333333,17.531073,-13.993954,0.40024143,-0.34793198,-0.03476567
4.6,17.530153,-13.99404,0.4016065,-0.31091174,-0.027867174
4.616666666666666,17.529226,-13.994129,0.40153933,-0.2755309,-0.01980755
4.633333333333333,17.52828,-13.994217,0.402627,-0.24260904,-0.013660379
4.65,17.527328,-13.994306,0.40228543,-0.21050692,-0.007171699
4.666666666666667,17.526365,-13.994395,0.40310073,-0.17908786,-0.0026637737
4.683333333333334,17.525396,-13.994485,0.4024881,-0.14698583,0.001297736
4.7,17.524418,-13.994575,0.40303206,-0.11747933,0.0047128308
4.716666666666667,17.523441,-13.994664,0.40214655,-0.08947551,0.008879246
4.733333333333333,17.522459,-13.994751,0.40241766,-0.06283776,0.011611322
4.75,17.521471,-13.994837,0.40125984,-0.036473215,0.014616605
4.766666666666667,17.520485,-13.994924,0.4012588,-0.010381888,0.01516302
4.783333333333333,17.519495,-13.995006,0.39982992,0.017075473,0.015026417
4.8,17.51851,-13.995092,0.39955688,0.04180076,0.013455473
4.816666666666666,17.517527,-13.995175,0.3978548,0.06556983,0.012294341
4.833333333333333,17.516544,-13.995258,0.3973094,0.087836266,0.008469434
4.85,17.515572,-13.99534,0.39921814,0.109009884,0.002595472
4.866666666666666,17.514603,-13.9954195,0.39969447,0.1299103,-0.0047128308
4.883333333333333,17.513641,-13.9955,0.40132606,0.15094736,-0.016119247
4.9,17.512684,-13.99558,0.40152872,0.1717112,-0.027525665
4.916666666666667,17.511734,-13.995667,0.40289384,0.1931581,-0.036131706
4.933333333333334,17.510794,-13.99575,0.4028257,0.21351221,-0.044464536
4.95,17.509869,-13.995836,0.40391725,0.2303146,-0.049792085
4.966666666666667,17.508944,-13.995926,0.40357634,0.24643397,-0.055051334
4.983333333333333,17.50804,-13.996019,0.4043895,0.25927487,-0.060378887
5.0,17.507141,-13.996109,0.40377495,0.27211577,-0.06516002
5.016666666666667,17.506264,-13.996208,0.40432236,0.28659594,-0.066457756
5.033333333333333,17.50539,-13.996306,0.40343642,0.30052972,-0.06714077
5.05,17.504541,-13.996415,0.40370986,0.31145814,-0.06413549
5.066666666666666,17.503696,-13.996519,0.4025515,0.3218402,-0.061130207
5.083333333333333,17.502874,-13.99663,0.40254676,0.32935354,-0.05826153
5.1,17.50206,-13.996743,0.4011139,0.3370035,-0.054709822
5.116666666666666,17.501268,-13.9968605,0.4008422,0.3456097,-0.047947936
5.133333333333333,17.500484,-13.99698,0.3991383,0.3544891,-0.041117743
5.15,17.499725,-13.997102,0.39859548,0.3650078,-0.03462906
5.166666666666667,17.498972,-13.997221,0.39661956,0.37484345,-0.028413588
5.183333333333334,17.498245,-13.997342,0.39579722,0.3818104,-0.02417887
5.2,17.497553,-13.997468,0.3974299,0.38987023,-0.020353964
5.216666666666667,17.49687,-13.997591,0.39763576,0.39970592,-0.016324153
5.233333333333333,17.496214,-13.997719,0.39899784,0.40762913,-0.014001888
5.25,17.49557,-13.997845,0.39892563,0.41500592,-0.013455473
5.266666666666667,17.49495,-13.997972,0.40001327,0.420197,-0.011611322
5.283333333333333,17.49434,-13.998102,0.39967385,0.42525148,-0.008537737
5.3,17.493763,-13.998229,0.40048978,0.42566133,-0.0066935853
5.316666666666666,17.493195,-13.998357,0.3998715,0.42484167,-0.00648868
5.333333333333333,17.492657,-13.998488,0.40041316,0.42128986,-0.0060788686
5.35,17.492123,-13.998615,0.39952254,0.41746485,-0.006420378
5.366666666666666,17.491621,-13.998746,0.3997912,0.41241038,-0.005190944
5.383333333333333,17.491123,-13.9988785,0.39862812,0.40735593,-0.0043713213
5.4,17.490656,-13.999008,0.3986241,0.40271127,-0.0010928303
5.416666666666667,17.490198,-13.999143,0.39719367,0.3992961,0.0036200003
5.433333333333334,17.48977,-13.999271,0.39692003,0.39506125,0.007103397
5.45,17.489355,-13.999401,0.39624766,0.39068985,0.008127925
5.466666666666667,17.48897,-13.999531,0.39708024,0.38700145,0.008742643
5.483333333333333,17.488596,-13.999662,0.3964808,0.3835863,0.008332831
5.5,17.488243,-13.999792,0.3970411,0.38208362,0.008196227
5.516666666666667,17.487902,-13.999922,0.39616898,0.38126397,0.0072400006
5.533333333333333,17.487585,-14.000051,0.39645708,0.38385952,0.0066935853
5.55,17.487278,-14.000177,0.39531308,0.38659164,0.0060788686
5.566666666666666,17.486994,-14.000307,0.39532745,0.38877735,0.008606038
5.583333333333333,17.486721,-14.000434,0.39391068,0.3910997,0.011338114
5.6,17.486471,-14.000565,0.393653,0.39424163,0.017621888
5.616666666666666,17.48626,-14.000689,0.3958513,0.3992961,0.026774343
5.633333333333333,17.486057,-14.000814,0.39661685,0.40394074,0.0359951
5.65,17.485878,-14.000936,0.39853728,0.40762913,0.04104944
5.666666666666667,17.485714,-14.001058,0.39902842,0.4107711,0.04576227
5.683333333333334,17.485575,-14.001177,0.4006762,0.41377646,0.0466502
5.7,17.485445,-14.001294,0.40089434,0.416372,0.04699171
5.716666666666667,17.485342,-14.001409,0.40226853,0.41910416,0.043098498
5.733333333333333,17.485252,-14.001522,0.40221438,0.4215631,0.038658876
5.75,17.485191,-14.001632,0.40331593,0.42402202,0.029506417
5.766666666666667,17.485138,-14.00174,0.40298286,0.42566133,0.018304907
5.783333333333333,17.485117,-14.001849,0.4038105,0.4292131,0.006966793
5.8,17.485094,-14.001956,0.40321133,0.434814,-0.0036883021
5.816666666666666,17.48511,-14.002063,0.40376836,0.43809262,-0.012840756
5.833333333333333,17.485134,-14.00217,0.40289545,0.44000512,-0.020490568
5.85,17.485186,-14.002274,0.40317923,0.43891224,-0.02732076
5.866666666666666,17.485249,-14.002384,0.40203336,0.43686315,-0.03298982
5.883333333333333,17.485346,-14.002498,0.40204394,0.43139884,-0.038590573
5.9,17.485453,-14.002612,0.40062556,0.42429522,-0.043371703
5.916666666666667,17.485586,-14.002727,0.4003633,0.41323003,-0.048904162
5.933333333333334,17.485731,-14.002843,0.39866683,0.39970592,-0.055392846
5.95,17.485905,-14.002963,0.39812875,0.38276666,-0.058466434
5.966666666666667,17.486113,-14.003093,0.40004697,0.36610064,-0.057715107
5.983333333333333,17.486332,-14.00322,0.40053365,0.34984446,-0.0575102
6.0,17.486546,-14.00335,0.3983776,0.3329053,-0.057920013
6.016666666666667,17.486782,-14.003482,0.3974108,0.31801525,-0.055597752
6.033333333333333,17.487051,-14.003621,0.3988989,0.30476448,-0.047674727
6.05,17.48732,-14.003759,0.39895517,0.29206014,-0.039478496
6.066666666666666,17.487614,-14.0039015,0.40017098,0.2786728,-0.028823398
6.083333333333333,17.487913,-14.004044,0.39995483,0.26555872,-0.01837321
6.1,17.488232,-14.004189,0.40089294,0.25012234,-0.008606038
6.116666666666666,17.488552,-14.004333,0.40040287,0.23509578,0.0015709435
6.133333333333333,17.488888,-14.004479,0.40107453,0.21993263,0.015231322
6.15,17.489231,-14.004627,0.40031368,0.20449631,0.028891701
6.166666666666667,17.489592,-14.004769,0.40071276,0.18687432,0.043303404
6.183333333333334,17.48995,-14.004911,0.3996796,0.16884252,0.056895483
6.2,17.490324,-14.005052,0.39980075,0.14630282,0.0679604
6.216666666666667,17.490698,-14.005187,0.39849275,0.12239709,0.079366826
6.233333333333333,17.491087,-14.0053215,0.39834103,0.099174395,0.08872419
6.25,17.491478,-14.005448,0.3967615,0.07718116,0.09746685
6.266666666666667,17.49187,-14.005572,0.39634374,0.056963786,0.10730233
6.283333333333333,17.492266,-14.005687,0.39837688,0.038385667,0.11379103
6.3,17.492664,-14.005801,0.39897564,0.018851323,0.118777074
6.316666666666666,17.493061,-14.005901,0.4007345,0.0009562265,0.12246539
6.333333333333333,17.493458,-14.006003,0.4010608,-0.017212076,0.1257439
6.35,17.493855,-14.006093,0.4025474,-0.033604536,0.1295005
6.366666666666666,17.494247,-14.006183,0.4026068,-0.049450576,0.13462315
6.383333333333333,17.494638,-14.006262,0.40382272,-0.065979645,0.13694543
6.4,17.49503,-14.006339,0.4036043,-0.08360154,0.13790165
6.416666666666667,17.495413,-14.006409,0.40454626,-0.10163327,0.13769674
6.433333333333334,17.495798,-14.006471,0.40405574,-0.120621234,0.13687712
6.45,17.496172,-14.006527,0.40472436,-0.14070204,0.13667221
6.466666666666667,17.496544,-14.006579,0.40396103,-0.16091947,0.13571599
6.483333333333333,17.4969,-14.006622,0.4043581,-0.17731199,0.13387182
6.5,17.497257,-14.006662,0.40332237,-0.19356793,0.13154957
6.516666666666667,17.497597,-14.006692,0.40344733,-0.20668198,0.1295688
6.533333333333333,17.497934,-14.006721,0.4021394,-0.21993263,0.12738314
6.55,17.498251,-14.006739,0.40199155,-0.230178,0.1264269
6.566666666666666,17.49857,-14.006751,0.40041122,-0.2406966,0.1257439
6.583333333333333,17.498867,-14.006759,0.39999098,-0.24916607,0.12690502
6.6,17.499157,-14.006765,0.39813772,-0.25763562,0.12854427
6.616666666666666,17.499435,-14.00676,0.3974451,-0.26487568,0.13264239
6.633333333333333,17.4997,-14.006753,0.39531928,-0.27225235,0.13728693
6.6499999999999995,17.499956,-14.006739,0.3943526,-0.28017548,0.1454832
6.666666666666667,17.500181,-14.00671,0.39583695,-0.2857763,0.15470397
6.683333333333334,17.5004,-14.006679,0.39589337,-0.28973785,0.16412967
6.7,17.5006,-14.006634,0.39710552,-0.2930164,0.17382859
6.716666666666667,17.500792,-14.006586,0.39688998,-0.2950655,0.18393731
6.733333333333333,17.500965,-14.006528,0.3978298,-0.2977976,0.19445586
6.75,17.50113,-14.006463,0.39734125,-0.29984668,0.20531593
6.766666666666667,17.50127,-14.006388,0.3980087,-0.303535,0.21631262
6.783333333333333,17.501408,-14.006304,0.39724663,-0.30817965,0.22819723
6.8,17.501524,-14.006206,0.39764145,-0.3120046,0.23769128
6.816666666666666,17.50163,-14.006102,0.39660764,-0.31460008,0.2465706
6.833333333333333,17.501719,-14.0059805,0.39672998,-0.31828845,0.25271782
6.85,17.5018,-14.005851,0.3954228,-0.32252324,0.25879675
6.866666666666666,17.501862,-14.005705,0.39527208,-0.32566518,0.25954807
6.883333333333333,17.501915,-14.005554,0.3936925,-0.32703125,0.25852355
6.8999999999999995,17.50194,-14.005384,0.39326808,-0.32921693,0.25148836
6.916666666666667,17.501938,-14.005191,0.39529198,-0.33167583,0.236052
6.933333333333334,17.501932,-14.0049925,0.39588648,-0.33413476,0.21965942
6.95,17.501902,-14.004777,0.3976433,-0.33536422,0.20203741
6.966666666666667,17.50186,-14.0045595,0.39796704,-0.33714008,0.1835958
6.983333333333333,17.501799,-14.004328,0.3994451,-0.34137487,0.16201231
7.0,17.501728,-14.004094,0.3994943,-0.34519985,0.14008732
7.016666666666667,17.501635,-14.003848,0.4007009,-0.3460195,0.1163865
7.033333333333333,17.50153,-14.003599,0.40047783,-0.3461561,0.093368724
7.05,17.501404,-14.0033455,0.4014169,-0.34287757,0.073424555
7.066666666666666,17.501272,-14.003089,0.4009232,-0.339599,0.0539585
7.083333333333333,17.501118,-14.002831,0.40158433,-0.33618385,0.03490227
7.1,17.500956,-14.002576,0.40081674,-0.3329053,0.01728038
7.116666666666666,17.50077,-14.002316,0.4012102,-0.32962674,0.004986038
7.133333333333333,17.500572,-14.002061,0.4001708,-0.326075,-0.0066252835
7.1499999999999995,17.500357,-14.001801,0.40028703,-0.3211572,-0.01878302
7.166666666666667,17.500132,-14.001547,0.39897406,-0.31596616,-0.029711323
7.183333333333334,17.499884,-14.001289,0.39882222,-0.31009212,-0.036200006
7.2,17.499632,-14.001038,0.3972379,-0.30380824,-0.042278875
7.216666666666667,17.49936,-14.000786,0.39680865,-0.2957485,-0.04999699
7.233333333333333,17.49908,-14.000533,0.3949505,-0.28727895,-0.05710039
7.25,17.498777,-14.000287,0.3942479,-0.278263,-0.06201813
7.266666666666667,17.498451,-14.000048,0.39599925,-0.26487568,-0.06324757
7.283333333333333,17.498121,-13.999809,0.39632428,-0.24889287,-0.062974356
7.3,17.497772,-13.999576,0.39780527,-0.23222707,-0.062496245
7.316666666666666,17.497416,-13.999346,0.39785272,-0.21542467,-0.062974356
7.333333333333333,17.497047,-13.999115,0.3990595,-0.19889551,-0.06119851
7.35,17.496675,-13.998883,0.3988394,-0.18277617,-0.057305295
7.366666666666666,17.496284,-13.998661,0.39977562,-0.16665685,-0.055870958
7.383333333333333,17.495897,-13.998438,0.3992783,-0.15067415,-0.056622274
7.3999999999999995,17.495497,-13.998218,0.39994025,-0.13619411,-0.058056615
7.416666666666667,17.49509,-13.998001,0.39916936,-0.123080105,-0.059832472
7.433333333333334,17.494678,-13.997788,0.39955917,-0.10914649,-0.06263285
7.45,17.494267,-13.997575,0.3985169,-0.09412005,-0.06686757
7.466666666666667,17.493847,-13.997367,0.39863455,-0.07964003,-0.07062418
7.483333333333333,17.49343,-13.997159,0.39731902,-0.066526055,-0.07438078
7.5,17.493002,-13.996955,0.3971642,-0.05136303,-0.0784789
7.516666666666667,17.492573,-13.996755,0.39557734,-0.035380382,-0.08353324
7.533333333333333,17.492144,-13.99656,0.39515048,-0.019261133,-0.08763136
7.55,17.491713,-13.996374,0.39717466,-0.0034150947,-0.092207596
7.566666666666666,17.491282,-13.996186,0.3977694,0.012021133,-0.09610081
7.583333333333333,17.490849,-13.996012,0.39952034,0.024315475,-0.099242695
7.6,17.49042,-13.995838,0.39984274,0.036473215,-0.10176987
7.616666666666666,17.489994,-13.99567,0.40132123,0.047674727,-0.10491177
7.633333333333333,17.489569,-13.995503,0.40137103,0.059559263,-0.10812196
7.6499999999999995,17.489145,-13.995348,0.4025779,0.072946444,-0.113722734
7.666666666666667,17.488726,-13.995195,0.4023556,0.086333625,-0.11911858
7.683333333333334,17.488314,-13.995046,0.40328923,0.097671755,-0.1259488
7.7,17.487902,-13.994903,0.40279454,0.10969291,-0.13298391
7.716666666666667,17.487497,-13.994766,0.40345702,0.12226048,-0.14363903
7.733333333333333,17.487097,-13.994634,0.40268454,0.13400844,-0.1557285
7.75,17.486706,-13.99451,0.40307254,0.1461662,-0.16624704
7.766666666666667,17.486311,-13.994387,0.4020332,0.15846059,-0.17498972
7.783333333333333,17.48593,-13.994282,0.40214908,0.1681595,-0.18147844
7.8,17.485556,-13.99418,0.40083712,0.1775852,-0.18707922
7.816666666666666,17.48519,-13.994087,0.40068075,0.18564487,-0.1926117
7.833333333333333,17.484827,-13.994003,0.39909065,0.19329472,-0.19930533
7.85,17.484482,-13.993934,0.3986612,0.20408648,-0.20408648
7.866666666666666,17.48414,-13.99387,0.39680412,0.21556129,-0.20681858
7.883333333333333,17.483814,-13.993815,0.39610368,0.22662626,-0.2076382
7.8999999999999995,17.483507,-13.993785,0.3978565,0.23632522,-0.20449631
7.916666666666667,17.483208,-13.993754,0.39817762,0.24588756,-0.2013544
7.933333333333334,17.482924,-13.993738,0.3996578,0.25463027,-0.19739285
7.95,17.482649,-13.993728,0.39970627,0.2629632,-0.19404605
7.966666666666667,17.482388,-13.9937315,0.40090877,0.26952025,-0.19343133
7.983333333333333,17.482134,-13.993741,0.40068257,0.2762139,-0.1928849
8.0,17.481897,-13.993759,0.40161386,0.28427365,-0.1928849
8.016666666666666,17.481668,-13.993784,0.4011156,0.2926066,-0.19199698
8.033333333333333,17.481459,-13.993818,0.4017782,0.29998326,-0.18578146
8.05,17.481256,-13.993856,0.40100852,0.30695018,-0.17895125
8.066666666666666,17.481075,-13.99391,0.4013985,0.3126876,-0.17034517
8.083333333333334,17.480902,-13.993965,0.40035647,0.31787863,-0.1620806
8.1,17.48075,-13.994034,0.40046832,0.32033756,-0.15593341
8.116666666666667,17.480604,-13.994103,0.39915213,0.32293305,-0.15012774
8.133333333333333,17.480486,-13.994184,0.39899167,0.32457232,-0.14432205
8.15,17.48037,-13.994268,0.39740273,0.32703125,-0.13824317
8.166666666666666,17.480276,-13.994363,0.3969752,0.3308562,-0.129842
8.183333333333334,17.480213,-13.994467,0.3989985,0.33591062,-0.12335331
8.2,17.480156,-13.994576,0.39958847,0.34137487,-0.118777074
8.216666666666667,17.480103,-13.994684,0.3974547,0.34683913,-0.11358613
8.233333333333333,17.480072,-13.994801,0.39647672,0.34929803,-0.107097425
8.25,17.480072,-13.994926,0.39795274,0.35148376,-0.09794496
8.266666666666666,17.480078,-13.995057,0.39800185,0.35366943,-0.08674344
8.283333333333333,17.48011,-13.995189,0.3992074,0.3544891,-0.07731777
8.3,17.48015,-13.995326,0.3989781,0.35394266,-0.068984926
8.316666666666666,17.480217,-13.995469,0.39990985,0.35312304,-0.06154002
8.333333333333334,17.480286,-13.995611,0.39940813,0.35162035,-0.05457322
8.35,17.480381,-13.995757,0.40006712,0.3508007,-0.047947936
8.366666666666667,17.48048,-13.995907,0.3992934,0.34957126,-0.041595858
8.383333333333333,17.480604,-13.996058,0.39967948,0.3499811,-0.035175476
8.4,17.480738,-13.996207,0.39863306,0.35011768,-0.028960003
8.416666666666666,17.480898,-13.99636,0.398747,0.3528498,-0.02240302
8.433333333333334,17.481062,-13.996514,0.3974292,0.3566748,-0.016460756
8.45,17.481249,-13.996669,0.39727104,0.35981673,-0.007854718
8.466666666666667,17.481445,-13.996825,0.39568442,0.36227563,0.0030052832
8.483333333333333,17.481668,-13.99698,0.39525515,0.36200243,0.011816228
8.5,17.4819,-13.997135,0.3933903,0.35968015,0.019329436
8.516666666666666,17.482155,-13.997288,0.39268628,0.3550355,0.024656983
8.533333333333333,17.482447,-13.997438,0.39443153,0.34519985,0.026569437
8.55,17.482742,-13.997586,0.39474815,0.3349544,0.02773057
8.566666666666666,17.48306,-13.997732,0.39622074,0.32088396,0.025749816
8.583333333333334,17.483385,-13.99788,0.3962645,0.30626714,0.022949437
8.6,17.483732,-13.998026,0.39746433,0.287962,0.016665662
8.616666666666667,17.484089,-13.99817,0.3972294,0.26842743,0.008059624
8.633333333333333,17.48446,-13.998313,0.39815462,0.24793664,0.00013660379
8.65,17.48484,-13.998456,0.3976533,0.22840214,-0.0068301894
8.666666666666666,17.485235,-13.998601,0.3983083,0.2076382,-0.013933586
8.683333333333334,17.485632,-13.998746,0.39753467,0.18783054,-0.020763775
8.7,17.486046,-13.998894,0.3979174,0.16665685,-0.028413588
8.716666666666667,17.486464,-13.99904,0.3968715,0.1461662,-0.036131706
8.733333333333333,17.486887,-13.999187,0.3969817,0.12444614,-0.045489065
8.75,17.487314,-13.999336,0.39565855,0.10231629,-0.056553975
8.766666666666666,17.487751,-13.999491,0.395495,0.081415884,-0.06543323
8.783333333333333,17.488194,-13.999651,0.39778772,0.06420379,-0.07123889
8.8,17.488636,-13.999813,0.39864805,0.047128312,-0.07656644
8.816666666666666,17.489082,-13.999977,0.40066823,0.032511704,-0.08121098
8.833333333333334,17.489534,-14.000149,0.40125558,0.017621888,-0.08571891
8.85,17.489979,-14.000323,0.40299848,0.0039615096,-0.09200269
8.866666666666667,17.490429,-14.000499,0.40331206,-0.0094256615,-0.09739854
8.883333333333333,17.490871,-14.0006895,0.40478742,-0.018987926,-0.099994026
8.9,17.49132,-14.000878,0.4048304,-0.02855019,-0.102179684
8.916666666666666,17.49176,-14.001073,0.4060278,-0.036336612,-0.10470686
8.933333333333334,17.492203,-14.001273,0.40579665,-0.043303404,-0.1059363
8.95,17.49264,-14.001477,0.40672672,-0.04630869,-0.10340912
8.966666666666667,17.493074,-14.001686,0.406224,-0.049040765,-0.10019893
8.983333333333333,17.493505,-14.001899,0.4068815,-0.04917737,-0.09548609
9.0,17.493935,-14.002117,0.40610653,-0.049450576,-0.090773255
9.016666666666666,17.494364,-14.002341,0.40648612,-0.04917737,-0.08790457
9.033333333333333,17.49479,-14.002568,0.40543687,-0.048904162,-0.08435287
9.05,17.495213,-14.002802,0.40554416,-0.0467185,-0.07984494
9.066666666666666,17.495636,-14.003038,0.40422204,-0.044123027,-0.07390267
9.083333333333334,17.496056,-14.003279,0.4040615,-0.038249064,-0.063930586
9.1,17.496473,-14.00352,0.40246832,-0.0323751,-0.05320718
9.116666666666667,17.496887,-14.003763,0.40203047,-0.025818117,-0.042415477
9.133333333333333,17.497305,-14.004013,0.40016297,-0.019261133,-0.030462643
9.15,17.497719,-14.004264,0.39945802,-0.010518491,-0.015367926
9.166666666666666,17.49813,-14.004514,0.40120375,-0.0030052832,0.0010245284
9.183333333333334,17.49854,-14.0047655,0.4015207,0.0047811326,0.017621888
9.2,17.498953,-14.005015,0.40299356,0.00901585,0.031623777
9.216666666666667,17.499365,-14.005264,0.40303224,0.012157737,0.043371703
9.233333333333333,17.49978,-14.005508,0.40423036,0.012021133,0.054163408
9.25,17.500195,-14.0057535,0.40399653,0.010928303,0.06372568
9.266666666666666,17.500608,-14.005994,0.40492207,0.007103397,0.07356116
9.283333333333333,17.501024,-14.006233,0.40441605,0.002458868,0.08257701
9.3,17.50144,-14.006467,0.40506923,-0.00505434,0.09309552
9.316666666666666,17.501852,-14.0067,0.40428978,-0.013250567,0.10320421
9.333333333333334,17.502268,-14.006927,0.40467063,-0.024042265,0.115703486
9.35,17.502686,-14.007149,0.40361884,-0.03565359,0.12806615
9.366666666666667,17.503098,-14.007363,0.4037268,-0.049860388,0.14384393
9.383333333333333,17.503515,-14.007576,0.40240705,-0.06516002,0.1617391
9.4,17.503925,-14.007778,0.40224445,-0.081825696,0.17676558
9.416666666666666,17.504335,-14.007974,0.4006476,-0.09890119,0.18919659
9.433333333333334,17.504736,-14.008157,0.4002106,-0.11761594,0.19951023
9.45,17.505136,-14.008334,0.39834145,-0.13687712,0.20818461
9.466666666666667,17.505522,-14.0085,0.3976321,-0.15777758,0.21528807
9.483333333333333,17.505898,-14.008641,0.39937207,-0.18168335,0.21815678
9.5,17.50627,-14.0087805,0.39968398,-0.20517932,0.22020584
9.516666666666666,17.50663,-14.0089035,0.40115216,-0.22662626,0.21638091
9.533333333333333,17.506979,-14.009018,0.40119174,-0.24725363,0.21159974
9.55,17.507313,-14.009122,0.40238684,-0.26637834,0.2013544
9.566666666666666,17.507647,-14.009219,0.40214762,-0.28604952,0.18878677
9.583333333333334,17.507954,-14.009302,0.40306842,-0.30189574,0.17560445
9.6,17.508253,-14.009383,0.40256268,-0.31664917,0.16351496
9.616666666666667,17.508532,-14.009454,0.40321255,-0.3282607,0.15060584
9.633333333333333,17.508802,-14.009521,0.40243354,-0.33918917,0.13824317
9.65,17.509048,-14.009579,0.40281078,-0.34793198,0.12492426
9.666666666666666,17.509287,-14.009628,0.4017594,-0.35626498,0.11208347
9.683333333333334,17.5095,-14.009673,0.4018648,-0.3632319,0.09787666
9.7,17.509708,-14.009717,0.4005355,-0.37115508,0.08278192
9.716666666666667,17.509888,-14.009754,0.40036654,-0.3759363,0.070487574
9.733333333333333,17.510056,-14.009796,0.39876938,-0.3800345,0.060652092
9.75,17.510202,-14.00983,0.39832902,-0.38276666,0.05279737
9.766666666666666,17.510338,-14.009864,0.39645982,-0.38508898,0.046786804
9.783333333333333,17.510448,-14.009898,0.39574653,-0.3874113,0.041937366
9.8,17.51055,-14.009926,0.39360473,-0.3900068,0.03852227
9.816666666666666,17.510626,-14.009954,0.392618,-0.39478806,0.0359268
9.833333333333334,17.510658,-14.009978,0.39408085,-0.3988863,0.0324434
9.85,17.51069,-14.010001,0.39411548,-0.401755,0.029096607
9.866666666666667,17.510693,-14.010023,0.39531115,-0.40230146,0.029506417
9.883333333333333,17.510683,-14.010048,0.39507458,-0.40216485,0.030121135
9.9,17.510653,-14.010065,0.39599743,-0.40189165,0.032648306
9.916666666666666,17.510607,-14.010083,0.39548883,-0.4012086,0.034833968
9.933333333333334,17.51054,-14.0101,0.39613402,-0.4031211,0.036609817
9.95,17.510464,-14.010116,0.3953493,-0.40571663,0.039341893
9.966666666666667,17.510355,-14.010129,0.39572692,-0.40571663,0.043781515
9.983333333333333,17.510237,-14.010141,0.39467257,-0.40435058,0.04740152
10.0,17.510096,-14.010147,0.39477253,-0.4032577,0.04958718
10.016666666666666,17.509945,-14.010156,0.39344403,-0.4013452,0.05177284
10.033333333333333,17.509764,-14.010159,0.39327112,-0.3991595,0.05566605
10.05,17.50957,-14.010162,0.39167038,-0.3958809,0.06044719
10.066666666666666,17.509356,-14.010164,0.3912298,-0.3919193,0.070419274
10.083333333333334,17.5091,-14.0101595,0.39323968,-0.38864076,0.08319173
10.1,17.508844,-14.010154,0.393821,-0.38495237,0.096647225
10.116666666666667,17.508553,-14.01014,0.39555824,-0.38058093,0.107097425
10.133333333333333,17.508255,-14.010126,0.39586148,-0.37620953,0.11536197
10.15,17.507935,-14.0101,0.39732498,-0.36692026,0.12027973
10.166666666666666,17.507607,-14.010074,0.39735517,-0.3570846,0.12403633
10.183333333333334,17.507252,-14.010037,0.39854512,-0.34328738,0.12663181
10.2,17.506893,-14.009998,0.3983025,-0.32908034,0.12874918
10.216666666666667,17.506508,-14.009951,0.39922038,-0.31145814,0.13148126
10.233333333333333,17.506111,-14.009899,0.3987102,-0.2927432,0.13571599
10.25,17.5057,-14.009841,0.3993575,-0.27402824,0.13769674
10.266666666666666,17.50528,-14.009776,0.39856976,-0.25654277,0.13817486
10.283333333333333,17.50484,-14.009705,0.39894176,-0.24028675,0.13858467
10.3,17.504402,-14.009628,0.39788195,-0.2244406,0.13796996
10.316666666666666,17.50395,-14.009543,0.39798233,-0.20627216,0.1360575
10.333333333333334,17.503487,-14.009456,0.39665,-0.18810375,0.13353032
10.35,17.503014,-14.009357,0.39647806,-0.16897912,0.13120806
10.366666666666667,17.502537,-14.009256,0.3948735,-0.15053755,0.12874918
10.383333333333333,17.502048,-14.009149,0.39442816,-0.13318881,0.12827106
10.4,17.50155,-14.009027,0.3964343,-0.11502047,0.12724653
10.416666666666666,17.501045,-14.008904,0.3970125,-0.09534949,0.12615371
10.433333333333334,17.500542,-14.008774,0.3987466,-0.07663474,0.12519746
10.45,17.50003,-14.008637,0.39905274,-0.0575102,0.12471935
10.466666666666667,17.49952,-14.008494,0.40051416,-0.04043472,0.12519746
10.483333333333333,17.499004,-14.00835,0.40054652,-0.024452077,0.12704162
10.5,17.49849,-14.008197,0.401736,-0.008742643,0.12840767
10.516666666666666,17.497974,-14.00804,0.40149733,0.008059624,0.129842
10.533333333333333,17.49746,-14.0078745,0.40241474,0.022812832,0.13148126
10.55,17.496946,-14.007708,0.40190232,0.036473215,0.13407673
10.566666666666666,17.496435,-14.007531,0.4025463,0.050133597,0.13523787
10.583333333333334,17.495924,-14.00735,0.4017626,0.06475021,0.1360575
10.6,17.49542,-14.007159,0.40213534,0.07718116,0.13571599
10.616666666666667,17.494917,-14.006968,0.40107813,0.08865589,0.1359892
10.633333333333333,17.494425,-14.006763,0.40117761,0.0994476,0.1331205
10.65,17.493927,-14.006558,0.39984936,0.111332156,0.1295005
10.666666666666666,17.493444,-14.006343,0.39967644,0.12007482,0.1228752
10.683333333333334,17.492958,-14.006125,0.39807004,0.12731484,0.11508877
10.7,17.492483,-14.005899,0.3976246,0.13537447,0.1062095
10.716666666666667,17.492022,-14.005665,0.3996306,0.14452696,0.09439325
10.733333333333333,17.491566,-14.005426,0.40020716,0.15354285,0.082850225
10.75,17.491116,-14.005182,0.40194046,0.16214891,0.07123889
10.766666666666666,17.490671,-14.004941,0.4022453,0.17007196,0.060652092
10.783333333333333,17.490238,-14.004691,0.40370533,0.17526293,0.052250955
10.8,17.489809,-14.004442,0.4037368,0.1805905,0.04501095
10.816666666666666,17.489393,-14.0041895,0.40492508,0.1867377,0.03927359
10.833333333333334,17.488981,-14.003937,0.4046842,0.19274831,0.035175476
10.85,17.488583,-14.00368,0.40560377,0.19725625,0.035790194
10.866666666666667,17.488192,-14.003422,0.40509152,0.201491,0.03667812
10.883333333333333,17.487812,-14.003159,0.40573338,0.20354007,0.035585288
10.9,17.487438,-14.002902,0.4049469,0.20572574,0.034355856
10.916666666666666,17.487076,-14.002637,0.40531752,0.20886765,0.030599248
10.933333333333334,17.486721,-14.002376,0.40425894,0.21173635,0.02704755
10.95,17.486376,-14.002109,0.40435585,0.21255599,0.02274453
10.966666666666667,17.486036,-14.001843,0.4030251,0.21364881,0.018441511
10.983333333333333,17.485712,-14.0015745,0.40285042,0.21569788,0.011952831
11.0,17.485392,-14.001308,0.40124705,0.21733715,0.0059422646
11.016666666666666,17.485083,-14.0010395,0.40079913,0.21679072,-0.00088792463
11.033333333333333,17.484783,-14.000773,0.39892292,0.21638091,-0.0075132083
11.05,17.4845,-14.000504,0.39820215,0.21556129,-0.016187549
11.066666666666666,17.484234,-14.000241,0.39993685,0.21706393,-0.026842646
11.083333333333334,17.48397,-13.999973,0.40023953,0.21993263,-0.039341893
11.1,17.483723,-13.999711,0.40170172,0.22252813,-0.052592464
11.116666666666667,17.483479,-13.999448,0.40173176,0.22512363,-0.06707247
11.133333333333333,17.483252,-13.999188,0.4029162,0.2244406,-0.082986824
11.15,17.48303,-13.998929,0.40267068,0.22252813,-0.09801326
11.166666666666666,17.482822,-13.998678,0.40358737,0.22211832,-0.109897815
11.183333333333334,17.482624,-13.998431,0.40307263,0.22225492,-0.121987276
11.2,17.482433,-13.998194,0.4037174,0.22088887,-0.13120806
11.216666666666667,17.482248,-13.997957,0.4029284,0.21761034,-0.1397458
11.233333333333333,17.482079,-13.997731,0.4033,0.21405862,-0.14739564
11.25,17.48192,-13.997509,0.40223843,0.20914087,-0.15504548
11.266666666666666,17.481773,-13.997297,0.40233192,0.2043597,-0.16440289
11.283333333333333,17.48163,-13.99709,0.40099743,0.20094459,-0.17362368
11.3,17.481497,-13.996898,0.40082374,0.19793929,-0.17799501
11.316666666666666,17.48137,-13.996708,0.39921692,0.19384114,-0.18113692
11.333333333333334,17.481258,-13.9965315,0.39877054,0.19110906,-0.18154673
11.35,17.481146,-13.996356,0.39689082,0.18796714,-0.18154673
11.366666666666667,17.481052,-13.996191,0.3961717,0.1866011,-0.18100032
11.383333333333333,17.48097,-13.996045,0.39790428,0.18701091,-0.18181995
11.4,17.480896,-13.995905,0.39820737,0.18755732,-0.18236636
11.416666666666666,17.48084,-13.995776,0.39966595,0.18455203,-0.18407393
11.433333333333334,17.480782,-13.99565,0.39969093,0.18086372,-0.18748903
11.45,17.480736,-13.995542,0.40087533,0.1774486,-0.18987961
11.466666666666667,17.480694,-13.995433,0.40063286,0.17526293,-0.19124566
11.483333333333333,17.480667,-13.995337,0.40154773,0.17389688,-0.19466077
11.5,17.480644,-13.995247,0.40102795,0.17184782,-0.19910042
11.516666666666666,17.480629,-13.995167,0.40166718,0.16911572,-0.20094459
11.533333333333333,17.480618,-13.995093,0.40087992,0.16733988,-0.20128609
11.55,17.48062,-13.995036,0.40124866,0.16488099,-0.20196912
11.566666666666666,17.480623,-13.994982,0.4001835,0.16242212,-0.20394988
11.583333333333334,17.48064,-13.99494,0.4002791,0.16283193,-0.20470122
11.6,17.480663,-13.994905,0.39894712,0.16392477,-0.20394988
11.616666666666667,17.480696,-13.994884,0.39877057,0.16296853,-0.20272045
11.633333333333333,17.480734,-13.994866,0.39716065,0.16132928,-0.20244724
11.65,17.480776,-13.9948635,0.39670986,0.16023645,-0.20039816
11.666666666666666,17.480835,-13.994876,0.39871603,0.1617391,-0.19643663
11.683333333333334,17.4809,-13.994894,0.3992905,0.16419798,-0.19336303
11.7,17.480959,-13.994912,0.3971354,0.16583723,-0.19097245
11.716666666666667,17.481035,-13.994945,0.39614,0.16542742,-0.1866011
11.733333333333333,17.481125,-13.994992,0.39759567,0.16406137,-0.18181995
11.75,17.481218,-13.995048,0.3976221,0.16269532,-0.17608257
11.766666666666666,17.481325,-13.99511,0.3988051,0.16255872,-0.16952555
11.783333333333333,17.481438,-13.995183,0.3985599,0.16378817,-0.16235381
11.8,17.48156,-13.99526,0.39947632,0.1650176,-0.15067415
11.816666666666666,17.481684,-13.995344,0.39895898,0.16474439,-0.13790165
11.833333333333334,17.481817,-13.99544,0.3995969,0.16255872,-0.1260854
11.85,17.481956,-13.995538,0.39880532,0.15969002,-0.11358613
11.866666666666667,17.482107,-13.99564,0.39917055,0.15641153,-0.10122346
11.883333333333333,17.48226,-13.995744,0.398107,0.15299642,-0.08810948
11.9,17.482422,-13.995858,0.39820004,0.15067415,-0.0748589
11.916666666666666,17.48259,-13.995973,0.39686403,0.14848848,-0.060856998
11.933333333333334,17.482767,-13.996095,0.39668897,0.1490349,-0.045898873
11.95,17.482943,-13.996212,0.39508107,0.14944471,-0.031350568
11.966666666666667,17.483139,-13.996334,0.3946277,0.15081075,-0.020012455
11.983333333333333,17.483347,-13.996457,0.39662972,0.15613832,-0.009698869
12.0,17.483555,-13.996584,0.39720348,0.1622855,0.0019807548
12.016666666666666,17.483774,-13.996709,0.39893362,0.16556402,0.013113963
12.033333333333333,17.484,-13.996831,0.39923537,0.16870591,0.024042265
12.05,17.484236,-13.996953,0.4006924,0.16870591,0.03128227
12.066666666666666,17.484474,-13.997071,0.40071553,0.16761309,0.035858497
12.083333333333334,17.484722,-13.997189,0.4018979,0.1651542,0.03804416
12.1,17.484976,-13.997303,0.40164846,0.1622855,0.038727175
12.116666666666667,17.48524,-13.997417,0.4025583,0.15941682,0.03845397
12.133333333333333,17.485512,-13.997529,0.40203622,0.15668474,0.03701963
12.15,17.485788,-13.997642,0.402674,0.1555919,0.035721894
12.166666666666666,17.486069,-13.997752,0.40187946,0.1551821,0.033604536
12.183333333333334,17.486359,-13.997859,0.4022455,0.15846059,0.032101892
12.2,17.486652,-13.997966,0.40118393,0.16255872,0.032101892
12.216666666666667,17.48696,-13.998069,0.40127826,0.16378817,0.031896982
12.233333333333333,17.487268,-13.998176,0.3999385,0.16419798,0.030394342
12.25,17.487589,-13.99828,0.39975864,0.16337836,0.02923321
12.266666666666666,17.487925,-13.998376,0.40202975,0.1616025,0.026706042
12.283333333333333,17.488262,-13.998474,0.40287116,0.15982664,0.024656983
12.3,17.488615,-13.998572,0.40486988,0.15805078,0.021993209
12.316666666666666,17.488972,-13.998671,0.40543947,0.15641153,0.019944152
12.333333333333334,17.489336,-13.998765,0.40716568,0.1558651,0.017553587
12.35,17.489706,-13.99886,0.40746394,0.15654814,0.01516302
12.366666666666667,17.490076,-13.998956,0.40623435,0.15613832,0.013455473
12.383333333333333,17.490461,-13.999049,0.40656245,0.15313303,0.016460756
12.4,17.49085,-13.99914,0.40546417,0.15040094,0.021446794
12.416666666666666,17.49125,-13.999233,0.40552187,0.14302431,0.026227929
12.433333333333334,17.491652,-13.999324,0.404146,0.13414504,0.02957472
12.45,17.492062,-13.999416,0.40392908,0.12116765,0.032784913
12.466666666666667,17.49248,-13.999505,0.4022804,0.106960826,0.035175476
12.483333333333333,17.492899,-13.999588,0.4017905,0.0890657,0.03715623
12.5,17.493322,-13.999675,0.3998687,0.07007776,0.038249064
12.516666666666666,17.493753,-13.999757,0.39910096,0.046855103,0.03777095
12.533333333333333,17.494186,-13.999838,0.4007883,0.022539625,0.039068684
12.55,17.494621,-13.999917,0.40104818,-0.001912453,0.04207397
12.566666666666666,17.495056,-13.99999,0.4024651,-0.02663774,0.046172082
12.583333333333334,17.495493,-14.000067,0.40245247,-0.05177284,0.05136303
12.6,17.495926,-14.000139,0.40359718,-0.07731777,0.057032086
12.616666666666667,17.496353,-14.000209,0.40331239,-0.10313591,0.063520774
12.633333333333333,17.496778,-14.000276,0.40418386,-0.13059333,0.07000946
12.65,17.497198,-14.000341,0.40362692,-0.15750436,0.07656644
12.666666666666666,17.497606,-14.000397,0.4042272,-0.18154673,0.079298526
12.683333333333334,17.49801,-14.000452,0.40339828,-0.20490612,0.08162079
12.7,17.4984,-14.000503,0.40372586,-0.22662626,0.079435125
12.716666666666667,17.498785,-14.000551,0.40261889,-0.24875626,0.0752004
12.733333333333333,17.499155,-14.000594,0.40267164,-0.26719797,0.07014606
12.75,17.499516,-14.000636,0.4012975,-0.28413704,0.06591134
12.766666666666666,17.499857,-14.000671,0.40107965,-0.29861724,0.059559263
12.783333333333333,17.500195,-14.000704,0.3994275,-0.31323403,0.051977746
12.8,17.50051,-14.000734,0.3989352,-0.32334286,0.045557365
12.816666666666666,17.500793,-14.00076,0.40089837,-0.32839727,0.04248378
12.833333333333334,17.501064,-14.000789,0.4014294,-0.33208567,0.0395468
12.85,17.501316,-14.0008135,0.40311992,-0.33413476,0.037361138
12.866666666666667,17.501562,-14.000836,0.40337825,-0.33563742,0.034697365
12.883333333333333,17.501781,-14.000857,0.4047907,-0.3374133,0.030394342
12.9,17.501997,-14.000878,0.40477517,-0.33850616,0.026227929
12.916666666666666,17.502188,-14.000897,0.4059202,-0.33823293,0.024452077
12.933333333333334,17.502367,-14.0009165,0.40563363,-0.3374133,0.022471322
12.95,17.502531,-14.000934,0.40650102,-0.33823293,0.019670945
12.966666666666667,17.502686,-14.000947,0.40594015,-0.33850616,0.017416982
12.983333333333333,17.502815,-14.000963,0.40654024,-0.33850616,0.017895095
13.0,17.502937,-14.000974,0.4057087,-0.33877936,0.018304907
13.016666666666666,17.503036,-14.000989,0.40603074,-0.3417847,0.018236605
13.033333333333333,17.50313,-14.0009985,0.4049233,-0.3460195,0.019192832
13.049999999999999,17.5032,-14.001009,0.4049731,-0.34875163,0.019944152
13.066666666666666,17.503262,-14.001018,0.40359432,-0.34970784,0.020832077
13.083333333333334,17.503296,-14.001029,0.40337688,-0.3483418,0.024793588
13.1,17.503325,-14.001037,0.40172744,-0.34642932,0.02848189
13.116666666666667,17.503328,-14.001042,0.40123218,-0.34533644,0.03100906
13.133333333333333,17.503317,-14.001048,0.4010737,-0.34383377,0.03415095
13.15,17.5033,-14.001049,0.39877662,-0.34246773,0.037087932
13.166666666666666,17.503263,-14.001051,0.39763835,-0.34096506,0.043303404
13.183333333333334,17.503199,-14.001049,0.39895645,-0.3355008,0.05170454
13.2,17.50312,-14.001043,0.3988433,-0.32867053,0.059217755
13.216666666666667,17.50302,-14.001037,0.39988348,-0.32225004,0.06386229
13.233333333333333,17.50291,-14.001028,0.39949566,-0.31528315,0.068028696
13.25,17.502785,-14.001015,0.40026388,-0.30899927,0.070965685
13.266666666666666,17.502651,-14.000998,0.39960393,-0.30230558,0.07383437
13.283333333333333,17.502493,-14.000977,0.40009964,-0.29684135,0.07656644
13.299999999999999,17.502329,-14.000957,0.39916608,-0.29178694,0.08018645
13.316666666666666,17.502148,-14.000926,0.39938965,-0.2859129,0.08312343
13.333333333333334,17.50196,-14.000896,0.39818364,-0.27990228,0.08660683
13.35,17.501753,-14.00086,0.3981347,-0.2726622,0.08981703
13.366666666666667,17.501541,-14.000825,0.39665616,-0.26501226,0.093778536
13.383333333333333,17.50131,-14.000781,0.396335,-0.25599635,0.09733024
13.4,17.501053,-14.000731,0.39846703,-0.24520454,0.10299931
13.416666666666666,17.500788,-14.000676,0.3991729,-0.2329101,0.1095563
13.433333333333334,17.500523,-14.000621,0.39725968,-0.22143528,0.11584009
13.45,17.500242,-14.000559,0.3965367,-0.21105333,0.1163182
13.466666666666667,17.499945,-14.000484,0.39826742,-0.20217401,0.111946866
13.483333333333333,17.499647,-14.000409,0.39856577,-0.19370455,0.105458185
13.5,17.49933,-14.000324,0.4000179,-0.18714751,0.094324954
13.516666666666666,17.499016,-14.000235,0.4000417,-0.18031728,0.08230381
13.533333333333333,17.498684,-14.000143,0.40122673,-0.17198442,0.07117059
13.549999999999999,17.498356,-14.000047,0.40098011,-0.16337836,0.05914945
13.566666666666666,17.498007,-13.9999485,0.40189287,-0.15408926,0.047196615
13.583333333333334,17.497656,-13.999847,0.40137368,-0.14452696,0.034082647
13.6,17.497297,-13.999743,0.40200895,-0.13523787,0.019192832
13.616666666666667,17.496935,-13.9996395,0.40121576,-0.12499256,0.0043713213
13.633333333333333,17.496565,-13.999535,0.40158343,-0.112424985,-0.007171699
13.65,17.496193,-13.999433,0.40051922,-0.099174395,-0.018441511
13.666666666666666,17.495813,-13.99933,0.40061495,-0.08442117,-0.027867174
13.683333333333334,17.495434,-13.99923,0.39927885,-0.06912153,-0.037361138
13.7,17.495045,-13.999129,0.39910185,-0.05354869,-0.045898873
13.716666666666667,17.494656,-13.99903,0.39749324,-0.03770265,-0.055051334
13.733333333333333,17.494267,-13.998935,0.39703918,-0.022949437,-0.06577474
13.75,17.493874,-13.998848,0.3990397,-0.0065569817,-0.07465399
13.766666666666666,17.493483,-13.998763,0.39961275,0.010381888,-0.08168909
13.783333333333333,17.49309,-13.99868,0.40134272,0.027867174,-0.088860795
13.799999999999999,17.4927,-13.998603,0.40164346,0.045215856,-0.095212884
13.816666666666666,17.492311,-13.998533,0.4031016,0.061608322,-0.10327251
13.833333333333334,17.491924,-13.998463,0.40312436,0.076498136,-0.112493284
13.85,17.491545,-13.998398,0.40430835,0.091797784,-0.120621234
13.866666666666667,17.491163,-13.998339,0.40406448,0.107097425,-0.12710993
13.883333333333333,17.490791,-13.998288,0.4049775,0.12089444,-0.13434994
13.9,17.490423,-13.998239,0.4044562,0.1330522,-0.14234129
13.916666666666666,17.490065,-13.998201,0.40509474,0.14466357,-0.14835188
13.933333333333334,17.489712,-13.998166,0.40430635,0.15613832,-0.15279151
13.95,17.489368,-13.998141,0.40467456,0.1651542,-0.15736777
13.966666666666667,17.489025,-13.99812,0.40360814,0.17225763,-0.16283193
13.983333333333333,17.488693,-13.998112,0.40370172,0.1775852,-0.16611043
14.0,17.48837,-13.998107,0.4023629,0.18141013,-0.16897912
14.016666666666666,17.488062,-13.998114,0.40218344,0.18400562,-0.16754478
14.033333333333333,17.487755,-13.998123,0.4005763,0.1864645,-0.16371986
14.049999999999999,17.48746,-13.998145,0.40012592,0.18619129,-0.1588021
14.066666666666666,17.487173,-13.998174,0.3982408,0.18400562,-0.15415756
14.083333333333334,17.486895,-13.99821,0.39751443,0.17936106,-0.14643942
14.1,17.486633,-13.998261,0.39923966,0.17512631,-0.13762845
14.116666666666667,17.486376,-13.998313,0.39953682,0.17225763,-0.12868087
14.133333333333333,17.486132,-13.998377,0.40099105,0.17089158,-0.11816236
14.15,17.485886,-13.998442,0.4010167,0.1710282,-0.10675592
14.166666666666666,17.485651,-13.998515,0.4021989,0.17239423,-0.094734766
14.183333333333334,17.485424,-13.998585,0.40195218,0.17485312,-0.08250871
14.2,17.485207,-13.998668,0.40286192,0.1777218,-0.07069248
14.216666666666667,17.484997,-13.998749,0.40234295,0.18127353,-0.058876246
14.233333333333333,17.484798,-13.998832,0.40297994,0.18468864,-0.048904162
14.25,17.4846,-13.998916,0.40218884,0.18892339,-0.03927359
14.266666666666666,17.484417,-13.999003,0.40255344,0.19206528,-0.032784913
14.283333333333333,17.484238,-13.999095,0.40148395,0.19479737,-0.028345285
14.299999999999999,17.484072,-13.999184,0.40157437,0.1983491,-0.023905663
14.316666666666666,17.483912,-13.999274,0.40023798,0.20326686,-0.018851323
14.333333333333334,17.483767,-13.999368,0.40005788,0.207365,-0.015367926
14.35,17.483625,-13.99946,0.39844826,0.21228276,-0.0124309445
14.366666666666667,17.483498,-13.999554,0.39799464,0.21569788,-0.012157737
14.383333333333333,17.483389,-13.999647,0.39999026,0.21842998,-0.016119247
14.4,17.483288,-13.999741,0.4005562,0.22102547,-0.020012455
14.416666666666666,17.483198,-13.999839,0.40228462,0.22607985,-0.021993209
14.433333333333334,17.483118,-13.999936,0.40258023,0.23086101,-0.024042265
14.45,17.483047,-14.000034,0.40403658,0.23673503,-0.025681512
14.466666666666667,17.482985,-14.000135,0.40405977,0.24192603,-0.027593967
14.483333333333333,17.482939,-14.0002365,0.40523812,0.2465706,-0.03107736
14.5,17.482897,-14.000337,0.4049873,0.25094196,-0.034082647
14.516666666666666,17.482872,-14.000443,0.4058984,0.25708917,-0.034014344
14.533333333333333,17.482855,-14.00055,0.40537626,0.2625534,-0.03339963
14.549999999999999,17.482855,-14.000659,0.4060149,0.267881,-0.031692076
14.566666666666666,17.482857,-14.000769,0.40522063,0.27238896,-0.029847927
14.583333333333334,17.48288,-14.000879,0.4055813,0.27471125,-0.029369814
14.6,17.482908,-14.000992,0.40451252,0.2762139,-0.028072078
14.616666666666667,17.482958,-14.001104,0.40460563,0.27758,-0.023769058
14.633333333333333,17.48301,-14.00122,0.40326625,0.2778532,-0.018987926
14.65,17.483086,-14.001338,0.40308177,0.2752577,-0.014275095
14.666666666666666,17.483162,-14.001454,0.40146753,0.27197915,-0.008401133
14.683333333333334,17.483265,-14.001574,0.40101525,0.26733458,0.0013660379
14.7,17.48337,-14.001692,0.39913005,0.26146054,0.011884529
14.716666666666667,17.483494,-14.001809,0.39839837,0.25094196,0.023290945
14.733333333333333,17.483637,-14.001929,0.40012163,0.23987694,0.037292838
14.75,17.483791,-14.0020485,0.40041828,0.23004138,0.052387558
14.766666666666666,17.48396,-14.00216,0.4018713,0.21842998,0.06707247
14.783333333333333,17.484133,-14.002274,0.40189612,0.20668198,0.08175739
14.799999999999999,17.484322,-14.002379,0.40307632,0.19069923,0.09350533
14.816666666666666,17.48451,-14.002482,0.4028217,0.17239423,0.10375063
14.833333333333334,17.484716,-14.002579,0.40372694,0.15381604,0.11112724
14.85,17.484926,-14.00267,0.40320075,0.1359209,0.11645481
14.866666666666667,17.485142,-14.002759,0.40383402,0.11816236,0.12096275
14.883333333333333,17.485363,-14.002839,0.40303603,0.10095025,0.12424123
14.9,17.485588,-14.002914,0.40339702,0.08401136,0.12840767
14.916666666666666,17.485815,-14.002985,0.4023316,0.0681653,0.13332541
14.933333333333334,17.486048,-14.003048,0.4024225,0.050133597,0.1360575
14.95,17.486282,-14.003106,0.4010781,0.030189436,0.13735524
14.966666666666667,17.486519,-14.003157,0.40089422,0.011747926,0.1361258
14.983333333333333,17.48676,-14.003202,0.39927796,-0.005600755,0.1329156
15.0,17.486998,-14.00324,0.39882156,-0.021856606,0.12868087
15.016666666666666,17.48723,-14.003262,0.4008164,-0.0359268,0.12116765
15.033333333333333,17.48746,-14.003283,0.40138203,-0.049860388,0.11385933
15.049999999999999,17.48769,-14.003298,0.40310442,-0.06270115,0.10525328
15.066666666666666,17.487917,-14.003308,0.40339795,-0.07540531,0.09705704
15.083333333333334,17.488136,-14.003314,0.40484804,-0.087426454,0.08872419
15.1,17.488356,-14.003317,0.40486947,-0.09985742,0.08121098
15.116666666666667,17.488567,-14.003314,0.40604725,-0.11228838,0.074517384
15.133333333333333,17.48878,-14.00331,0.40579617,-0.12512916,0.06912153
15.15,17.488981,-14.003302,0.40670052,-0.1397458,0.06591134
15.166666666666666,17.48918,-14.003289,0.40617582,-0.15381604,0.063520774
15.183333333333334,17.489368,-14.003276,0.40680915,-0.16583723,0.061335113
15.2,17.489552,-14.003262,0.40601334,-0.1777218,0.060242284
15.216666666666667,17.48972,-14.003241,0.40637273,-0.18933319,0.060378887
15.233333333333333,17.489887,-14.003219,0.40530416,-0.20012496,0.06126681
15.25,17.490036,-14.003193,0.4053924,-0.20804802,0.06154002
15.266666666666666,17.490183,-14.003168,0.40405136,-0.21542467,0.06276945
15.283333333333333,17.490314,-14.00314,0.40386596,-0.22334775,0.06475021
15.299999999999999,17.49044,-14.003105,0.40225184,-0.230178,0.06720907
15.316666666666666,17.490553,-14.003069,0.40179408,-0.2357788,0.06871172
15.333333333333334,17.490643,-14.003024,0.4037907,-0.23659842,0.06912153
15.35,17.490725,-14.00298,0.40435562,-0.2357788,0.06830191
15.366666666666667,17.49081,-14.002933,0.40219694,-0.23509578,0.068028696
15.383333333333333,17.490877,-14.002885,0.40119368,-0.23454936,0.06577474
15.4,17.490927,-14.00283,0.4026448,-0.23113422,0.06044719
15.416666666666666,17.490967,-14.002771,0.40266433,-0.22648966,0.053343784
15.433333333333334,17.490993,-14.002708,0.40383795,-0.22266473,0.043030195
15.45,17.491014,-14.002645,0.40358347,-0.21829338,0.0324434
15.466666666666667,17.49102,-14.002578,0.40448982,-0.21405862,0.02493019
15.483333333333333,17.49102,-14.002515,0.40396288,-0.21105333,0.017895095
15.5,17.491005,-14.002448,0.40459654,-0.2076382,0.011133209
15.516666666666666,17.490988,-14.002381,0.40379703,-0.20504272,0.0039615096
15.533333333333333,17.490957,-14.002312,0.40415338,-0.20231064,-0.006283774
15.549999999999999,17.490927,-14.002243,0.40308142,-0.19821249,-0.017007172
15.566666666666666,17.490877,-14.002173,0.40317065,-0.19384114,-0.025135096
15.583333333333334,17.490824,-14.002108,0.40182668,-0.19042602,-0.032648306
15.6,17.490755,-14.002047,0.40163755,-0.18714751,-0.041527554
15.616666666666667,17.490683,-14.001986,0.4000195,-0.1837324,-0.049723785
15.633333333333333,17.490597,-14.001923,0.39956346,-0.17676558,-0.05600756
15.65,17.490496,-14.001865,0.40155882,-0.16679347,-0.06324757
15.666666666666666,17.490396,-14.001815,0.40211982,-0.15764096,-0.07123889
15.683333333333334,17.49028,-14.001766,0.40383968,-0.14835188,-0.075883426
15.7,17.490164,-14.00172,0.40413287,-0.13810655,-0.078888714
15.716666666666667,17.490036,-14.001678,0.40558207,-0.12786125,-0.0820306
15.733333333333333,17.489904,-14.001639,0.40559787,-0.117752545,-0.08647023
15.75,17.489767,-14.001601,0.40677398,-0.10477516,-0.09002193
15.766666666666666,17.489626,-14.001568,0.40652314,-0.09097816,-0.09193439
15.783333333333333,17.48948,-14.001543,0.40742758,-0.07950343,-0.093778536
15.799999999999999,17.489326,-14.001521,0.40689784,-0.068984926,-0.096715525
15.816666666666666,17.489168,-14.001504,0.40752834,-0.058329828,-0.09855968
15.833333333333334,17.489014,-14.00149,0.40672636,-0.047674727,-0.10088195
15.85,17.488857,-14.001478,0.40708518,-0.03415095,-0.10170157
15.866666666666667,17.4887,-14.001472,0.40601337,-0.020763775,-0.101564966
15.883333333333333,17.488543,-14.001476,0.40610036,-0.008332831,-0.09739854
15.9,17.488384,-14.001483,0.40475598,0.0036883021,-0.09302722
15.916666666666666,17.488226,-14.001493,0.4045708,0.015026417,-0.087289855
15.933333333333334,17.48807,-14.001506,0.40295377,0.026091324,-0.0820306
15.95,17.48791,-14.001521,0.40249142,0.03551699,-0.07875211
15.966666666666667,17.487753,-14.001541,0.40060028,0.04535246,-0.075473614
15.983333333333333,17.487598,-14.001567,0.39987066,0.05682718,-0.07062418
16.0,17.487452,-14.001596,0.40159222,0.07021437,-0.0679604
16.016666666666666,17.487305,-14.00163,0.40188056,0.08414797,-0.06741398
16.03333333333333,17.487164,-14.001664,0.40332848,0.09780835,-0.064955115
16.05,17.487022,-14.001702,0.40334776,0.111332156,-0.06051549
16.066666666666666,17.486893,-14.001743,0.40452445,0.12389973,-0.0573736
16.083333333333332,17.486765,-14.001789,0.40426677,0.13523787,-0.05518794
16.1,17.486645,-14.001838,0.4051687,0.14766885,-0.05252416
16.116666666666667,17.486528,-14.001884,0.40464556,0.1616025,-0.04924567
16.133333333333333,17.486422,-14.001939,0.4052783,0.17184782,-0.046376992
16.15,17.486324,-14.001991,0.40447494,0.17949767,-0.044396233
16.166666666666668,17.486233,-14.0020485,0.40483227,0.18550827,-0.04139095
16.183333333333334,17.48615,-14.002104,0.403757,0.18987961,-0.03852227
16.2,17.48608,-14.002161,0.40384185,0.19411436,-0.03346793
16.216666666666665,17.486013,-14.00222,0.40249902,0.1984857,-0.026774343
16.233333333333334,17.485962,-14.002278,0.40231347,0.20108119,-0.0216517
16.25,17.485916,-14.002338,0.40069315,0.20231064,-0.017758492
16.266666666666666,17.48588,-14.0024,0.400233,0.20340346,-0.014343398
16.28333333333333,17.485853,-14.002463,0.39833987,0.20367667,-0.011406416
16.3,17.485838,-14.002524,0.39760748,0.20490612,-0.008059624
16.316666666666666,17.485842,-14.002589,0.39932546,0.20640875,-0.004986038
16.333333333333332,17.485851,-14.002652,0.39961514,0.20845783,-0.0015026416
16.35,17.48587,-14.002715,0.4010609,0.21118993,0.002458868
16.366666666666667,17.485899,-14.00278,0.4010776,0.21487826,0.0068301894
16.383333333333333,17.485937,-14.002843,0.4022519,0.22116208,0.011611322
16.4,17.485985,-14.002906,0.40199718,0.2275825,0.017621888
16.416666666666668,17.486048,-14.002968,0.40290275,0.2329101,0.028003776
16.433333333333334,17.486116,-14.003031,0.40237653,0.23782788,0.03845397
16.45,17.486202,-14.003089,0.4030038,0.23905732,0.047196615
16.466666666666665,17.486292,-14.003148,0.40220314,0.23987694,0.055802654
16.483333333333334,17.4864,-14.003203,0.40255803,0.23769128,0.062974356
16.5,17.486513,-14.003257,0.40148488,0.23536898,0.07021437
16.516666666666666,17.48664,-14.003306,0.40156692,0.2304512,0.076020025
16.53333333333333,17.486774,-14.003353,0.4002211,0.22553344,0.08168909
16.55,17.48692,-14.003392,0.40003157,0.2185666,0.0855823
16.566666666666666,17.487074,-14.003431,0.39841273,0.21159974,0.08940721
16.583333333333332,17.487242,-14.003462,0.39795053,0.20258383,0.09104646
16.6,17.487425,-14.003484,0.3999423,0.19343133,0.090773255
16.616666666666667,17.48762,-14.003505,0.40050155,0.1833226,0.08961212
16.633333333333333,17.487823,-14.003522,0.40222144,0.17335047,0.08653853
16.65,17.488033,-14.003533,0.4025081,0.16255872,0.08230381
16.666666666666668,17.488258,-14.003536,0.40394998,0.15122056,0.074517384
16.683333333333334,17.488482,-14.003542,0.40396246,0.13988242,0.06673096
16.7,17.488714,-14.003542,0.40513688,0.13141297,0.060720395
16.716666666666665,17.48895,-14.003539,0.4048787,0.1228069,0.054504916
16.733333333333334,17.489199,-14.003532,0.40578112,0.1163865,0.048699256
16.75,17.489445,-14.003525,0.4052502,0.10982951,0.04248378
16.766666666666666,17.489697,-14.003514,0.4058798,0.10491177,0.035585288
16.78333333333333,17.48995,-14.003506,0.4050768,0.09972081,0.028003776
16.8,17.490211,-14.003492,0.40542907,0.09493968,0.017621888
16.816666666666666,17.490479,-14.003478,0.4043518,0.09043174,0.0073766042
16.833333333333332,17.490747,-14.003466,0.40443668,0.0890657,-0.00088792463
16.85,17.491024,-14.003451,0.40308848,0.087836266,-0.009152453
16.866666666666667,17.491297,-14.003436,0.40289536,0.08810948,-0.01837321
16.883333333333333,17.491577,-14.003421,0.4012747,0.089748725,-0.027525665
16.9,17.491865,-14.003408,0.40081456,0.09166118,-0.030872455
16.916666666666668,17.492153,-14.003397,0.3989208,0.092207596,-0.03271661
16.933333333333334,17.492447,-14.003387,0.39818764,0.09152458,-0.031145662
16.95,17.49275,-14.003385,0.39990392,0.086333625,-0.02704755
16.966666666666665,17.493057,-14.003377,0.40019187,0.080459654,-0.022129813
16.983333333333334,17.493372,-14.003374,0.40163565,0.06912153,-0.017690191
17.0,17.493685,-14.003374,0.401644,0.055051334,-0.013796982
17.016666666666666,17.494005,-14.003371,0.40281284,0.04070793,-0.009903775
17.03333333333333,17.494324,-14.003369,0.40255556,0.02773057,-0.0054641515
17.05,17.494644,-14.003366,0.40345454,0.012840756,-0.0034833965
17.066666666666666,17.494967,-14.003363,0.4029192,-0.0028686796,-0.0033467927
17.083333333333332,17.495287,-14.003359,0.4035443,-0.019397737,-0.003141887
17.1,17.495605,-14.003359,0.4027371,-0.0359268,-0.0036883021
17.116666666666667,17.495924,-14.003356,0.4030894,-0.052319255,-0.0022539624
17.133333333333333,17.496244,-14.003355,0.4020151,-0.06775549,0.00054641516
17.15,17.496552,-14.003353,0.40209702,-0.084830984,0.0026637737
17.166666666666668,17.496868,-14.003349,0.4007452,-0.1028627,0.0034150947
17.183333333333334,17.497173,-14.003346,0.4005524,-0.121987276,0.0052592456
17.2,17.497477,-14.003345,0.39892772,-0.14206809,0.0072400006
17.216666666666665,17.497768,-14.003344,0.39846358,-0.15996325,0.010655095
17.233333333333334,17.498055,-14.003341,0.39656657,-0.17799501,0.014411699
17.25,17.49833,-14.003339,0.3958301,-0.19370455,0.02131019
17.266666666666666,17.498587,-14.003333,0.39754847,-0.2075016,0.03298982
17.28333333333333,17.498842,-14.00333,0.39783534,-0.22116208,0.044669442
17.3,17.49908,-14.003322,0.39927626,-0.23646182,0.055324543
17.316666666666666,17.499313,-14.003314,0.3992893,-0.25162497,0.06611624
17.333333333333332,17.499525,-14.003301,0.40045816,-0.2677444,0.07724947
17.35,17.499737,-14.003286,0.40019843,-0.2835906,0.08865589
17.366666666666667,17.499924,-14.003268,0.40109512,-0.30052972,0.10129176
17.383333333333333,17.500105,-14.003247,0.40056208,-0.31815183,0.115225375
17.4,17.500267,-14.003221,0.4011908,-0.33222228,0.129842
17.416666666666668,17.500422,-14.003188,0.4003883,-0.34506324,0.14309262
17.433333333333334,17.500551,-14.003146,0.40073955,-0.35845068,0.15163037
17.45,17.500673,-14.003103,0.3996624,-0.37074527,0.15900701
17.466666666666665,17.50077,-14.003044,0.3997412,-0.38344967,0.16262703
17.483333333333334,17.50086,-14.00298,0.3983912,-0.3953345,0.1651542
17.5,17.500921,-14.002905,0.39819676,-0.40803894,0.16433458
17.516666666666666,17.500973,-14.002827,0.39657283,-0.42101666,0.16324174
17.53333333333333,17.500996,-14.002739,0.39610514,-0.43167204,0.15723115
17.55,17.500975,-14.002635,0.39809203,-0.437956,0.1458247
17.566666666666666,17.500946,-14.002526,0.398646,-0.44410336,0.13298391
17.583333333333332,17.500889,-14.002408,0.40035358,-0.45025072,0.116728015
17.6,17.50082,-14.00229,0.40063277,-0.4548954,0.099994026
17.616666666666667,17.500723,-14.002163,0.40207362,-0.4533927,0.08401136
17.633333333333333,17.500612,-14.002035,0.4020817,-0.45079714,0.06775549
17.65,17.50047,-14.0019045,0.40324962,-0.44437656,0.05252416
17.666666666666668,17.500322,-14.00177,0.40298504,-0.43809262,0.037361138
17.683333333333334,17.500141,-14.001636,0.40387917,-0.430989,0.024110569
17.7,17.499954,-14.001499,0.4033415,-0.4236122,0.01045019
17.716666666666665,17.499735,-14.001362,0.4039644,-0.41350326,-0.0036200003
17.733333333333334,17.499504,-14.001225,0.403155,-0.40353093,-0.0180317
17.75,17.499249,-14.001091,0.40349925,-0.39519787,-0.03298982
17.766666666666666,17.498985,-14.000957,0.40241486,-0.38604522,-0.04746982
17.78333333333333,17.498695,-14.000825,0.40249297,-0.3730676,-0.059217755
17.8,17.498398,-14.000692,0.40113828,-0.35995334,-0.070419274
17.816666666666666,17.49807,-14.000566,0.40094224,-0.34711236,-0.07868381
17.833333333333332,17.49774,-14.0004425,0.39931458,-0.33413476,-0.08694834
17.85,17.497387,-14.000325,0.3988409,-0.3211572,-0.095622696
17.866666666666667,17.497004,-14.000216,0.40082198,-0.30380824,-0.10224798
17.883333333333333,17.496613,-14.000107,0.40137672,-0.28386384,-0.107848756
17.9,17.496222,-13.999999,0.39920387,-0.26460245,-0.11351783
17.916666666666668,17.495811,-13.9999,0.39818573,-0.24588756,-0.11788914
17.933333333333334,17.495384,-13.999813,0.39962125,-0.22362097,-0.118230656
17.95,17.494947,-13.999727,0.39963034,-0.1987589,-0.11693292
17.966666666666665,17.494493,-13.999653,0.4007957,-0.17417009,-0.113176316
17.983333333333334,17.494038,-13.999578,0.40053135,-0.15040094,-0.10778046
18.0,17.49357,-13.999514,0.40142438,-0.12704162,-0.10293101
18.016666666666666,17.4931,-13.99945,0.4008832,-0.10463856,-0.09896949
18.03333333333333,17.492619,-13.999392,0.40150183,-0.08004984,-0.09412005
18.05,17.492142,-13.999341,0.40069434,-0.053685293,-0.08838268
18.066666666666666,17.49166,-13.999292,0.40104362,-0.029506417,-0.08319173
18.083333333333332,17.491175,-13.999248,0.3999577,-0.0072400006,-0.0785472
18.1,17.490694,-13.999207,0.40003237,0.01516302,-0.07301474
18.116666666666667,17.490211,-13.999168,0.39867982,0.037839253,-0.06625285
18.133333333333333,17.489729,-13.999135,0.39848372,0.060242284,-0.062223036
18.15,17.489254,-13.999101,0.39685333,0.08127928,-0.059832472
18.166666666666668,17.488777,-13.999071,0.39638335,0.10409214,-0.059217755
18.183333333333334,17.488317,-13.999045,0.39836514,0.12840767,-0.061881527
18.2,17.487858,-13.9990225,0.39891747,0.15299642,-0.06420379
18.216666666666665,17.48741,-13.999002,0.4006259,0.17553614,-0.06584304
18.233333333333334,17.486963,-13.998987,0.40090582,0.1986223,-0.06673096
18.25,17.486536,-13.998972,0.40234312,0.22239152,-0.06700417
18.266666666666666,17.486105,-13.998961,0.40235123,0.24629737,-0.06584304
18.28333333333333,17.485695,-13.998955,0.40351975,0.2681542,-0.059832472
18.3,17.48529,-13.998951,0.40325636,0.28960127,-0.053480387
18.316666666666666,17.48491,-13.998951,0.4041473,0.30722338,-0.04822114
18.333333333333332,17.48453,-13.99895,0.40360996,0.32457232,-0.04282529
18.35,17.484175,-13.998955,0.40422854,0.3398722,-0.037907552
18.366666666666667,17.48383,-13.99896,0.4034188,0.3551721,-0.032784913
18.383333333333333,17.483505,-13.998966,0.40376472,0.3696524,-0.02814038
18.4,17.483192,-13.998974,0.40268254,0.38467914,-0.023359247
18.416666666666668,17.482906,-13.998983,0.40275794,0.40052554,-0.019534342
18.433333333333334,17.482628,-13.998991,0.4014041,0.4162354,-0.015026417
18.45,17.482378,-13.999004,0.40120512,0.4290765,-0.00901585
18.466666666666665,17.48214,-13.999013,0.39957833,0.441781,-0.0023905663
18.483333333333334,17.481934,-13.999023,0.39910698,0.45270965,0.005122642
18.5,17.48177,-13.999036,0.4010899,0.46391153,0.014480001
18.516666666666666,17.481611,-13.999047,0.40164718,0.4764795,0.024588682
18.53333333333333,17.481457,-13.999058,0.39947754,0.48822784,0.03449246
18.55,17.481333,-13.999066,0.39846012,0.49273592,0.041117743
18.566666666666666,17.481256,-13.999071,0.39989585,0.49055016,0.044464536
18.583333333333332,17.481192,-13.999071,0.399899,0.48631528,0.046445295
18.6,17.481157,-13.99907,0.40105677,0.47743577,0.044327933
18.616666666666667,17.481136,-13.999065,0.40078443,0.46719012,0.04180076
18.633333333333333,17.481144,-13.999061,0.4016744,0.45639804,0.040093213
18.65,17.481165,-13.999056,0.40113148,0.44451317,0.03804416
18.666666666666668,17.481218,-13.999048,0.40174878,0.43208188,0.035312083
18.683333333333334,17.481277,-13.999036,0.40093362,0.41883093,0.03176038
18.7,17.48136,-13.999023,0.40127832,0.40544343,0.026364531
18.716666666666665,17.481455,-13.999008,0.4001905,0.39096308,0.01980755
18.733333333333334,17.48158,-13.998993,0.40025786,0.3759363,0.009084152
18.75,17.48171,-13.998976,0.39889532,0.36090958,-0.0018441511
18.766666666666666,17.481867,-13.998962,0.39869487,0.34875163,-0.012294341
18.78333333333333,17.482035,-13.998946,0.39706334,0.3376865,-0.023905663
18.8,17.482222,-13.998932,0.3965856,0.32484552,-0.035790194
18.816666666666666,17.482437,-13.9989195,0.39856133,0.31091174,-0.043440007
18.833333333333332,17.48266,-13.99891,0.3991101,0.2977976,-0.04924567
18.85,17.482906,-13.998906,0.400815,0.2835906,-0.053343784
18.866666666666667,17.48316,-13.9988985,0.40109164,0.27006668,-0.056622274
18.883333333333333,17.483429,-13.998899,0.40252423,0.2550401,-0.06017398
18.9,17.483704,-13.998901,0.4025285,0.24028675,-0.06358907
18.916666666666668,17.483994,-13.998903,0.40368837,0.22375758,-0.069394745
18.933333333333334,17.484295,-13.998908,0.4034146,0.20627216,-0.077044554
18.95,17.484606,-13.9989195,0.40430084,0.18905999,-0.08448947
18.966666666666665,17.484919,-13.998934,0.40375507,0.17225763,-0.09261741
18.983333333333334,17.485247,-13.998953,0.4043686,0.15723115,-0.09828647
19.0,17.485577,-13.998976,0.40355557,0.14384393,-0.10238459
19.016666666666666,17.485916,-13.999002,0.40389827,0.13154957,-0.10675592
19.03333333333333,17.486258,-13.999033,0.4028079,0.11939179,-0.11222008
19.05,17.486607,-13.999071,0.40287665,0.109966114,-0.11563519
19.066666666666666,17.486961,-13.999112,0.4015185,0.10231629,-0.117752545
19.083333333333332,17.487316,-13.99916,0.401316,0.09603251,-0.12082614
19.1,17.48768,-13.99921,0.3996801,0.08988533,-0.12519746
19.116666666666667,17.488045,-13.9992695,0.39920503,0.087289855,-0.12909068
19.133333333333333,17.488413,-13.999331,0.3972973,0.08469438,-0.132779
19.15,17.488787,-13.999403,0.39654806,0.08168909,-0.13161787
19.166666666666668,17.489168,-13.999487,0.39825433,0.08004984,-0.12478765
19.183333333333334,17.48955,-13.999576,0.39852834,0.07813739,-0.11734273
19.2,17.489939,-13.999668,0.39995733,0.07458568,-0.110375926
19.216666666666665,17.49033,-13.999767,0.3999571,0.07076078,-0.10245289
19.233333333333334,17.490726,-13.999873,0.40111393,0.06666266,-0.09343703
19.25,17.491125,-13.99998,0.40084124,0.06229134,-0.08326004
19.266666666666666,17.49153,-14.0000925,0.4017299,0.058876246,-0.07007776
19.28333333333333,17.491936,-14.000207,0.40118667,0.054641522,-0.056622274
19.3,17.492342,-14.000321,0.40179855,0.04849435,-0.045489065
19.316666666666666,17.492752,-14.000441,0.40098113,0.041527554,-0.034082647
19.333333333333332,17.493162,-14.000562,0.40132046,0.033194724,-0.023769058
19.35,17.493576,-14.000683,0.40023032,0.02417887,-0.012909058
19.366666666666667,17.493986,-14.000808,0.40029764,0.014206794,-0.0026637737
19.383333333333333,17.494404,-14.00093,0.39893523,0.0034150947,0.008196227
19.4,17.494814,-14.001051,0.39873007,-0.008059624,0.019056229
19.416666666666668,17.495228,-14.001171,0.39709556,-0.020080756,0.030667549
19.433333333333334,17.495642,-14.001293,0.3966185,-0.033058118,0.042552084
19.45,17.496054,-14.001412,0.39471188,-0.046445295,0.05525624
19.466666666666665,17.496464,-14.00153,0.39396062,-0.061608322,0.06884832
19.483333333333334,17.496866,-14.0016365,0.39566422,-0.07417587,0.082850225
19.5,17.497272,-14.001743,0.39593616,-0.08578721,0.0958959
19.516666666666666,17.497665,-14.001845,0.39736766,-0.09507628,0.1093514
19.53333333333333,17.498058,-14.001945,0.39736763,-0.10381894,0.121987276
19.55,17.498444,-14.002034,0.3985266,-0.11078574,0.13469145
19.566666666666666,17.498827,-14.002121,0.39825448,-0.11734273,0.14650773
19.583333333333332,17.4992,-14.002195,0.3991413,-0.1228069,0.15818739
19.6,17.499575,-14.002268,0.3985962,-0.12799786,0.16884252
19.616666666666667,17.49994,-14.002329,0.3992107,-0.1330522,0.17888296
19.633333333333333,17.500305,-14.002384,0.39839354,-0.13810655,0.18776223
19.65,17.500658,-14.002428,0.3987357,-0.14370733,0.19541208
19.666666666666668,17.501009,-14.002466,0.39764598,-0.14958131,0.2016959
19.683333333333334,17.501348,-14.002492,0.39771557,-0.15723115,0.20613556
19.7,17.501686,-14.002512,0.39635208,-0.16611043,0.20941406
19.716666666666665,17.502014,-14.002517,0.39614338,-0.17567275,0.2075016
19.733333333333334,17.502335,-14.002516,0.39450538,-0.18523505,0.20504272
19.75,17.50264,-14.002503,0.39402914,-0.19124566,0.2015593
19.766666666666666,17.502932,-14.002473,0.3960033,-0.19561699,0.19459246
19.78333333333333,17.503216,-14.002433,0.39654887,-0.1986223,0.18666941
19.8,17.503489,-14.002382,0.3982509,-0.19971514,0.17348707
19.816666666666666,17.503757,-14.002327,0.39851826,-0.201491,0.15798248
19.833333333333332,17.504013,-14.002261,0.39994612,-0.20176421,0.14165828
19.85,17.50426,-14.002192,0.3999461,-0.201491,0.126222
19.866666666666667,17.504498,-14.002114,0.40110198,-0.20354007,0.10969291
19.883333333333333,17.50473,-14.002035,0.40082428,-0.20613556,0.09145627
19.9,17.50495,-14.0019455,0.40170687,-0.20640875,0.073424555
19.916666666666668,17.505163,-14.001858,0.40116298,-0.20599894,0.05682718
19.933333333333334,17.505363,-14.001764,0.40177402,-0.20791142,0.03995661
19.95,17.505556,-14.001673,0.40095165,-0.21009709,0.021993209
19.966666666666665,17.505735,-14.001581,0.40129003,-0.21023369,0.005122642
19.983333333333334,17.505913,-14.001489,0.40019593,-0.21078011,-0.011611322
20.0,17.506075,-14.001398,0.40026012,-0.21091673,-0.023017738
20.016666666666666,17.50623,-14.001309,0.39889726,-0.20955068,-0.0322385
20.03333333333333,17.506372,-14.001221,0.39869186,-0.2069552,-0.04029812
20.05,17.506508,-14.001136,0.3970522,-0.20490612,-0.048426047
20.066666666666666,17.506632,-14.001054,0.396571,-0.20367667,-0.05143133
20.083333333333332,17.506739,-14.000977,0.39854574,-0.20039816,-0.048972465
20.1,17.506836,-14.0009,0.39908788,-0.19711965,-0.04576227
20.116666666666667,17.506924,-14.000828,0.4007849,-0.1931581,-0.04357661
20.133333333333333,17.50701,-14.000755,0.4010542,-0.18783054,-0.041186046
20.15,17.50708,-14.000688,0.40248457,-0.18209316,-0.035721894
20.166666666666668,17.507149,-14.000619,0.40248176,-0.1777218,-0.029711323
20.183333333333334,17.507202,-14.000552,0.4036339,-0.17430669,-0.02629623
20.2,17.507252,-14.000488,0.4033566,-0.1711648,-0.022471322
20.216666666666665,17.507292,-14.000423,0.4042365,-0.16679347,-0.020285662
20.233333333333334,17.507326,-14.0003605,0.40368798,-0.16091947,-0.018168304
20.25,17.507349,-14.0002985,0.40429568,-0.1555919,-0.015367926
20.266666666666666,17.507368,-14.000237,0.40347385,-0.15081075,-0.01120151
20.28333333333333,17.507378,-14.000179,0.403809,-0.14480017,-0.0062154722
20.3,17.507381,-14.000118,0.40271577,-0.13728693,-0.00054641516
20.316666666666666,17.507372,-14.00006,0.4027836,-0.1299103,0.00901585
20.333333333333332,17.507362,-13.999999,0.40141818,-0.12403633,0.019329436
20.35,17.507347,-13.999937,0.40120757,-0.12021142,0.02732076
20.366666666666667,17.507332,-13.999874,0.39956835,-0.11706953,0.035585288
20.383333333333333,17.507305,-13.99981,0.39908543,-0.114200845,0.041664157
20.4,17.507267,-13.999741,0.4010561,-0.11146876,0.047128312
20.416666666666668,17.507227,-13.999669,0.40159535,-0.10846347,0.051499635
20.433333333333334,17.507181,-13.999592,0.4032941,-0.10436535,0.055324543
20.45,17.507135,-13.9995165,0.40356058,-0.099584214,0.057988312
20.466666666666665,17.507078,-13.999436,0.4049883,-0.09166118,0.05901285
20.483333333333334,17.507019,-13.999355,0.40498298,-0.08373815,0.059217755
20.5,17.506954,-13.9992695,0.40613654,-0.07663474,0.05976417
20.516666666666666,17.506887,-13.9991865,0.40585813,-0.069394745,0.059354357
20.53333333333333,17.506819,-13.999093,0.40673956,-0.061881527,0.05812492
20.55,17.506744,-13.999002,0.40618902,-0.0539585,0.055734355
20.566666666666666,17.506664,-13.998905,0.40679908,-0.044123027,0.051226426
20.583333333333332,17.50659,-13.998808,0.40597618,-0.034833968,0.04576227
20.6,17.506514,-13.998708,0.40631235,-0.027457362,0.039615102
20.616666666666667,17.50644,-13.998605,0.40521675,-0.020353964,0.032170195
20.633333333333333,17.50636,-13.998501,0.40527526,-0.014480001,0.021515096
20.65,17.506275,-13.998397,0.4039053,-0.0077864155,0.010381888
20.666666666666668,17.506193,-13.998288,0.40369776,0.002595472,6.8301895e-05
20.683333333333334,17.506111,-13.998182,0.40205744,0.013113963,-0.010381888
20.7,17.50603,-13.998077,0.40157613,0.022949437,-0.019261133
20.716666666666665,17.505953,-13.997974,0.4035467,0.033194724,-0.029711323
20.733333333333334,17.505875,-13.997871,0.40408885,0.044396233,-0.040639628
20.75,17.505798,-13.997769,0.4019038,0.055051334,-0.051841144
20.766666666666666,17.505724,-13.997667,0.4008725,0.061608322,-0.064067185
20.78333333333333,17.505655,-13.997577,0.402296,0.067618884,-0.0750638
20.8,17.505589,-13.997484,0.40229338,0.07472229,-0.08503589
20.816666666666666,17.50553,-13.997398,0.40344673,0.078410596,-0.09391514
20.833333333333332,17.50547,-13.997315,0.40316984,0.080459654,-0.10122346
20.85,17.505419,-13.99724,0.40405017,0.07909362,-0.109897815
20.866666666666667,17.50537,-13.997164,0.40349498,0.07567852,-0.11952839
20.883333333333333,17.505323,-13.9971,0.40410084,0.07185361,-0.12786125
20.9,17.505283,-13.997036,0.40327555,0.06720907,-0.13564768
20.916666666666668,17.505243,-13.996982,0.40361077,0.06420379,-0.14124846
20.933333333333334,17.505203,-13.996933,0.4025133,0.0609253,-0.14650773
20.95,17.50517,-13.996895,0.40257642,0.059695866,-0.15046924
20.966666666666665,17.50514,-13.996857,0.40120757,0.05942266,-0.15497719
20.983333333333334,17.50511,-13.996834,0.40099815,0.058603037,-0.15688965
21.0,17.505081,-13.996813,0.3993557,0.05641737,-0.15825568
21.016666666666666,17.505056,-13.996803,0.3988734,0.054095104,-0.15825568
21.03333333333333,17.505033,-13.996797,0.39695847,0.050953217,-0.15818739
21.05,17.505014,-13.996801,0.39619848,0.047811333,-0.1588704
21.066666666666666,17.505001,-13.996819,0.39789227,0.04603548,-0.1557285
21.083333333333332,17.504986,-13.9968405,0.39815912,0.04603548,-0.15081075
21.1,17.504976,-13.996872,0.3995821,0.047674727,-0.14404884
21.116666666666667,17.504967,-13.996911,0.39957625,0.05054341,-0.13639902
21.133333333333333,17.50496,-13.996957,0.40072712,0.054368313,-0.12799786
21.15,17.504953,-13.997007,0.4004492,0.059286054,-0.11905028
21.166666666666668,17.50495,-13.997065,0.40132746,0.06420379,-0.11078574
21.183333333333334,17.50495,-13.997125,0.40077707,0.069941156,-0.10238459
21.2,17.504953,-13.997192,0.40138277,0.07458568,-0.09596421
21.216666666666665,17.504961,-13.99726,0.40055472,0.078957014,-0.09138797
21.233333333333334,17.50497,-13.997336,0.4008864,0.08387475,-0.0854457
21.25,17.504988,-13.997413,0.39979106,0.08988533,-0.0784789
21.266666666666666,17.505005,-13.997499,0.39985207,0.095212884,-0.071990214
21.28333333333333,17.505026,-13.997583,0.39848456,0.101086855,-0.065501526
21.3,17.505056,-13.99767,0.39827302,0.10463856,-0.06119851
21.316666666666666,17.505087,-13.997761,0.3966277,0.10764384,-0.058876246
21.333333333333332,17.505125,-13.997855,0.3961419,0.1095563,-0.055870958
21.35,17.505173,-13.997956,0.39811286,0.11201517,-0.051909447
21.366666666666667,17.505222,-13.998058,0.3986507,0.11351783,-0.048289444
21.383333333333333,17.505283,-13.998165,0.40034398,0.112971395,-0.04740152
21.4,17.505337,-13.998271,0.40060765,0.11201517,-0.04630869
21.416666666666668,17.505407,-13.998376,0.40202862,0.109966114,-0.045079254
21.433333333333334,17.505478,-13.998484,0.40201986,0.10750724,-0.042893592
21.45,17.505556,-13.998596,0.40317285,0.105594784,-0.037292838
21.466666666666665,17.505638,-13.998713,0.4028929,0.1027261,-0.031145662
21.483333333333334,17.505728,-13.998829,0.40376836,0.09753515,-0.025749816
21.5,17.505816,-13.998945,0.40321448,0.09152458,-0.019261133
21.516666666666666,17.505913,-13.999065,0.4038225,0.08455778,-0.01010868
21.53333333333333,17.506012,-13.999187,0.40299782,0.07608833,-0.00047811324
21.55,17.506119,-13.999308,0.40332633,0.06283776,0.008059624
21.566666666666666,17.506226,-13.999432,0.40222687,0.04917737,0.016802266
21.583333333333332,17.506334,-13.999551,0.40228468,0.036336612,0.023973964
21.6,17.506445,-13.99967,0.40091324,0.023495851,0.03176038
21.616666666666667,17.506557,-13.999787,0.40069863,0.01120151,0.0396834
21.633333333333333,17.506668,-13.999905,0.39905483,-0.0009562265,0.04876756
21.65,17.506784,-14.000018,0.39857334,-0.011884529,0.06044719
21.666666666666668,17.506891,-14.000131,0.3966588,-0.023495851,0.072468325
21.683333333333334,17.507002,-14.000237,0.39589855,-0.037839253,0.08278192
21.7,17.507109,-14.000339,0.3975926,-0.051089823,0.091729484
21.716666666666665,17.507214,-14.000435,0.39785534,-0.06324757,0.0993793
21.733333333333334,17.507317,-14.000527,0.39927766,-0.07431248,0.10723403
21.75,17.507416,-14.000615,0.3992682,-0.08469438,0.114269145
21.766666666666666,17.507507,-14.000694,0.40041813,-0.094256654,0.12232878
21.78333333333333,17.507597,-14.000772,0.40014097,-0.10245289,0.13127635
21.8,17.50768,-14.000842,0.40102047,-0.11310802,0.13742355
21.816666666666666,17.507765,-14.000909,0.400465,-0.12553899,0.14193147
21.833333333333332,17.507837,-14.000963,0.40106893,-0.13701373,0.1424779
21.85,17.507906,-14.001013,0.40024108,-0.14753225,0.14049713
21.866666666666667,17.507967,-14.001055,0.40057275,-0.15791418,0.13516957
21.883333333333333,17.508022,-14.001089,0.39947227,-0.1680229,0.12779295
21.9,17.508068,-14.001119,0.3995259,-0.17922446,0.116796315
21.916666666666668,17.508108,-14.0011425,0.39815068,-0.1896064,0.10511667
21.933333333333334,17.508137,-14.0011635,0.3979367,-0.1987589,0.09630571
21.95,17.508158,-14.00118,0.39629143,-0.20722839,0.087426454
21.966666666666665,17.508167,-14.001194,0.3958054,-0.21569788,0.08114267
21.983333333333334,17.508156,-14.001198,0.39777058,-0.22403076,0.075951725
22.0,17.508139,-14.001201,0.39830607,-0.23277348,0.07185361
22.016666666666666,17.508104,-14.001201,0.39999768,-0.2437019,0.06884832
22.03333333333333,17.508066,-14.001198,0.400261,-0.25408387,0.06638946
22.05,17.508007,-14.001187,0.40168166,-0.26309982,0.062154736
22.066666666666666,17.507944,-14.001177,0.40167275,-0.27211577,0.05826153
22.083333333333332,17.507868,-14.001164,0.402819,-0.28249776,0.053002276
22.1,17.507782,-14.001148,0.4025376,-0.29219675,0.04746982
22.116666666666667,17.507673,-14.001128,0.40341243,-0.29984668,0.037566043
22.133333333333333,17.507565,-14.001106,0.40285295,-0.30817965,0.025818117
22.15,17.507427,-14.001085,0.40345386,-0.31391707,0.014275095
22.166666666666668,17.507282,-14.001064,0.40262723,-0.3188349,0.004029812
22.183333333333334,17.507116,-14.001042,0.40295607,-0.3240259,-0.006283774
22.2,17.506945,-14.00102,0.4018515,-0.32908034,-0.017826794
22.216666666666665,17.506752,-14.001,0.40190688,-0.32894373,-0.028072078
22.233333333333334,17.506548,-14.0009775,0.4005346,-0.32716784,-0.036609817
22.25,17.506327,-14.000964,0.4003192,-0.32293305,-0.044464536
22.266666666666666,17.506092,-14.000953,0.39867395,-0.31801525,-0.051226426
22.28333333333333,17.505842,-14.000937,0.3981849,-0.31364387,-0.05812492
22.3,17.505558,-14.000931,0.4001449,-0.30695018,-0.06686757
22.316666666666666,17.50527,-14.000923,0.4006766,-0.29848063,-0.076020025
22.333333333333332,17.504965,-14.000923,0.40186986,-0.287962,-0.0821672
22.35,17.504648,-14.000922,0.4014644,-0.27635053,-0.08858759
22.366666666666667,17.50432,-14.00093,0.4022132,-0.26596853,-0.094734766
22.383333333333333,17.50398,-14.0009365,0.401533,-0.25476688,-0.10026723
22.4,17.503628,-14.000952,0.40201408,-0.24424832,-0.10088195
22.416666666666668,17.503265,-14.000969,0.40106198,-0.23468597,-0.10047214
22.433333333333334,17.502893,-14.000995,0.40126505,-0.22580664,-0.10040384
22.45,17.502514,-14.001021,0.40003985,-0.21569788,-0.100062326
22.466666666666665,17.502117,-14.001057,0.39997104,-0.20613556,-0.09685213
22.483333333333334,17.501719,-14.001095,0.39847225,-0.19698304,-0.09166118
22.5,17.501307,-14.001139,0.398135,-0.18550827,-0.08168909
22.516666666666666,17.500889,-14.001184,0.39636514,-0.17389688,-0.070829086
22.53333333333333,17.50046,-14.001237,0.39575028,-0.16214891,-0.059969075
22.55,17.500013,-14.001293,0.3975897,-0.14876169,-0.04569397
22.566666666666666,17.499569,-14.001351,0.39800188,-0.13428164,-0.029779626
22.583333333333332,17.499111,-14.001412,0.3995711,-0.11993822,-0.014616605
22.6,17.498653,-14.0014715,0.39970595,-0.1061412,-0.0010245284
22.616666666666667,17.498186,-14.001532,0.4010008,-0.091251366,0.012704152
22.633333333333333,17.497719,-14.001592,0.40086886,-0.07540531,0.02704755
22.65,17.497244,-14.001649,0.40189272,-0.060378887,0.03742944
22.666666666666668,17.496763,-14.001705,0.4014827,-0.04576227,0.045215856
22.683333333333334,17.496288,-14.001756,0.40223294,-0.031145662,0.049723785
22.7,17.49581,-14.001805,0.40155005,-0.016392455,0.052387558
22.716666666666665,17.495333,-14.001851,0.40202683,-0.0010928303,0.052250955
22.733333333333334,17.49485,-14.001895,0.4010713,0.0147532085,0.050338503
22.75,17.494377,-14.001936,0.40127534,0.031692076,0.04610378
22.766666666666666,17.493895,-14.001976,0.40004778,0.049450576,0.04029812
22.78333333333333,17.493422,-14.002012,0.3999801,0.069394745,0.032170195
22.8,17.49295,-14.002048,0.3984793,0.088929094,0.023222644
22.816666666666666,17.492483,-14.002082,0.3981393,0.110375926,0.012567548
22.833333333333332,17.492016,-14.002112,0.3963665,0.13154957,0.0010928303
22.85,17.491562,-14.002146,0.3957544,0.15408926,-0.011679623
22.866666666666667,17.491117,-14.002176,0.39759314,0.17621917,-0.026774343
22.883333333333333,17.49068,-14.00221,0.39800304,0.1987589,-0.042142272
22.9,17.49026,-14.002245,0.39956895,0.21993263,-0.059217755
22.916666666666668,17.489841,-14.002282,0.39970177,0.2406966,-0.077932484
22.933333333333334,17.489435,-14.002327,0.40099347,0.26200697,-0.093300425
22.95,17.489037,-14.002375,0.40085888,0.28454685,-0.10689252
22.966666666666665,17.488665,-14.002431,0.40187994,0.30640376,-0.11747933
22.983333333333334,17.488293,-14.002489,0.40147313,0.32921693,-0.12670012
23.0,17.487942,-14.002556,0.40222186,0.3506641,-0.13332541
23.016666666666666,17.4876,-14.002625,0.4015422,0.37238452,-0.13858467
23.03333333333333,17.487288,-14.0027075,0.40201792,0.3917827,-0.14145337
23.05,17.486982,-14.002793,0.40106568,0.4110443,-0.14329752
23.066666666666666,17.486704,-14.002887,0.4012692,0.4268908,-0.14336582
23.083333333333332,17.486437,-14.002985,0.4000446,0.44232747,-0.1426145
23.1,17.486198,-14.003097,0.39997527,0.45298284,-0.14070204
23.116666666666667,17.485973,-14.003207,0.3984716,0.46199903,-0.13967751
23.133333333333333,17.485779,-14.00333,0.39812693,0.46759993,-0.13359863
23.15,17.485592,-14.003456,0.3963554,0.4732009,-0.12519746
23.166666666666668,17.485441,-14.003592,0.39573893,0.4737473,-0.1130397
23.183333333333334,17.485332,-14.00374,0.39757532,0.46855623,-0.09528118
23.2,17.485237,-14.003891,0.3979791,0.46227223,-0.077044554
23.216666666666665,17.48517,-14.0040455,0.3995439,0.45503202,-0.058603037
23.233333333333334,17.485113,-14.004197,0.3996762,0.4465623,-0.04043472
23.25,17.48509,-14.004356,0.4009619,0.43372115,-0.023769058
23.266666666666666,17.485075,-14.004512,0.40081912,0.42074344,-0.007171699
23.28333333333333,17.485088,-14.004672,0.4018389,0.41008806,0.009698869
23.3,17.485113,-14.004829,0.40142614,0.3988863,0.026023023
23.316666666666666,17.485165,-14.004984,0.40216812,0.38713807,0.0395468
23.333333333333332,17.485224,-14.005139,0.4014807,0.37511668,0.053343784
23.35,17.485308,-14.005293,0.40195534,0.36405155,0.068506815
23.366666666666667,17.485403,-14.005442,0.4009977,0.35203016,0.08346494
23.383333333333333,17.48552,-14.005586,0.40119505,0.33809635,0.09630571
23.4,17.485647,-14.005729,0.39996287,0.32334286,0.10969291
23.416666666666668,17.485796,-14.005864,0.3998918,0.30708677,0.12526576
23.433333333333334,17.485952,-14.005997,0.39838934,0.29069412,0.14029223
23.45,17.486128,-14.006122,0.39804164,0.27457464,0.15115227
23.466666666666665,17.486311,-14.006237,0.3962648,0.25831863,0.1618757
23.483333333333334,17.486507,-14.006346,0.39565042,0.24315546,0.17225763
23.5,17.486713,-14.006449,0.39360338,0.22730929,0.18209316
23.516666666666666,17.486935,-14.006539,0.39270955,0.20832123,0.18810375
23.53333333333333,17.487173,-14.006615,0.3942704,0.19042602,0.19042602
23.55,17.487413,-14.006684,0.39439917,0.17362368,0.19097245
23.566666666666666,17.487669,-14.00674,0.39568856,0.15791418,0.19097245
23.583333333333332,17.487923,-14.006789,0.39554465,0.14288771,0.18987961
23.6,17.488194,-14.006827,0.39656112,0.12895408,0.19015281
23.616666666666667,17.488462,-14.006863,0.39615065,0.116249904,0.19138226
23.633333333333333,17.488739,-14.006885,0.3968963,0.10163327,0.19083583
23.65,17.489021,-14.006899,0.3962082,0.08619702,0.18837695
23.666666666666668,17.489305,-14.006903,0.39667928,0.06843851,0.18591808
23.683333333333334,17.489594,-14.006901,0.3957177,0.049040765,0.18318598
23.7,17.489883,-14.006887,0.3959168,0.030599248,0.17977087
23.716666666666665,17.490175,-14.006868,0.39468378,0.01297736,0.17512631
23.733333333333334,17.49047,-14.006837,0.3946104,-0.004507925,0.1712331
23.75,17.490759,-14.006804,0.39310545,-0.021583399,0.16679347
23.766666666666666,17.491045,-14.006759,0.3927601,-0.039341893,0.16433458
23.78333333333333,17.491335,-14.006701,0.39486474,-0.05873964,0.16303684
23.8,17.491617,-14.006639,0.39554113,-0.07731777,0.16221721
23.816666666666666,17.4919,-14.006564,0.3973746,-0.09357363,0.16050966
23.833333333333332,17.492174,-14.006486,0.3977786,-0.10914649,0.15941682
23.85,17.492443,-14.006398,0.39933962,-0.12376312,0.15832399
23.866666666666667,17.492706,-14.006307,0.39947197,-0.13824317,0.15825568
23.883333333333333,17.49296,-14.006205,0.40075958,-0.15367945,0.15921192
23.9,17.493212,-14.006099,0.4006189,-0.16843271,0.16078287
23.916666666666668,17.493454,-14.005983,0.40163517,-0.1807271,0.16132928
23.933333333333334,17.493689,-14.005862,0.40122232,-0.1923385,0.16242212
23.95,17.493912,-14.00573,0.40196526,-0.20408648,0.16344665
23.966666666666665,17.494133,-14.005595,0.40127942,-0.21501486,0.16474439
23.983333333333334,17.494333,-14.005448,0.40175068,-0.22266473,0.16351496
24.0,17.494534,-14.005298,0.4007926,-0.22976819,0.16249041
24.016666666666666,17.494717,-14.0051365,0.4009916,-0.2357788,0.15928021
24.03333333333333,17.494894,-14.0049715,0.39976114,-0.24192603,0.15627493
24.05,17.495056,-14.004795,0.39968628,-0.24971253,0.15142547
24.066666666666666,17.495209,-14.004615,0.39818287,-0.25695258,0.14630282
24.083333333333332,17.495342,-14.004422,0.39783502,-0.26364625,0.13701373
24.1,17.495455,-14.00422,0.39993662,-0.26760778,0.12116765
24.116666666666667,17.49556,-14.004009,0.40060925,-0.26924706,0.104023844
24.133333333333333,17.495644,-14.003796,0.40244287,-0.26733458,0.08756306
24.15,17.495726,-14.003578,0.40284482,-0.26419264,0.07007776
24.166666666666668,17.495789,-14.003355,0.40440568,-0.2602311,0.052387558
24.183333333333334,17.495844,-14.003132,0.4045344,-0.25585973,0.033604536
24.2,17.49589,-14.002907,0.40491107,-0.25244462,0.015436227
24.216666666666665,17.495932,-14.002682,0.40355125,-0.25012234,-0.0028003776
24.233333333333334,17.495953,-14.002457,0.40334675,-0.24739023,-0.022881133
24.25,17.495968,-14.002231,0.40171435,-0.24315546,-0.043030195
24.266666666666666,17.495966,-14.002009,0.4012424,-0.23741804,-0.058193225
24.28333333333333,17.495962,-14.001788,0.39933875,-0.2309976,-0.07267323
24.3,17.495937,-14.001574,0.3985936,-0.22539683,-0.08230381
24.316666666666666,17.495895,-14.001367,0.4002992,-0.22225492,-0.08715325
24.333333333333332,17.49585,-14.001165,0.40057558,-0.219113,-0.090704955
24.35,17.49579,-14.000967,0.4020076,-0.21638091,-0.093232125
24.366666666666667,17.495726,-14.000773,0.40201178,-0.2131024,-0.095144585
24.383333333333333,17.495646,-14.000586,0.40317294,-0.20818461,-0.09842307
24.4,17.495564,-14.000398,0.4029049,-0.20326686,-0.10129176
24.416666666666668,17.495466,-14.000215,0.40379247,-0.20053478,-0.10532158
24.433333333333334,17.495365,-14.000036,0.40324637,-0.19821249,-0.11085404
24.45,17.495249,-13.999864,0.40386063,-0.19356793,-0.115703486
24.466666666666665,17.495129,-13.999691,0.4030475,-0.18824035,-0.11891367
24.483333333333334,17.494993,-13.999531,0.40339,-0.18427883,-0.12144086
24.5,17.494854,-13.9993725,0.4023041,-0.18018068,-0.123558216
24.516666666666666,17.494705,-13.999225,0.40237463,-0.17621917,-0.12786125
24.53333333333333,17.494553,-13.999077,0.40101117,-0.17239423,-0.13414504
24.55,17.494387,-13.998936,0.40080798,-0.16488099,-0.14097525
24.566666666666666,17.494213,-13.998799,0.39917725,-0.15627493,-0.14664432
24.583333333333332,17.494034,-13.998674,0.3987025,-0.14848848,-0.15320133
24.6,17.493841,-13.998563,0.40067676,-0.1394726,-0.16310515
24.616666666666667,17.493643,-13.998452,0.40122306,-0.12868087,-0.17355537
24.633333333333333,17.493448,-13.998341,0.399042,-0.11870877,-0.18414222
24.65,17.493244,-13.998244,0.3980214,-0.106551014,-0.19097245
24.666666666666668,17.493029,-13.998167,0.3994557,-0.09384684,-0.19083583
24.683333333333334,17.49281,-13.998094,0.39945683,-0.08237211,-0.18940149
24.7,17.492584,-13.998033,0.4006129,-0.0715804,-0.18707922
24.716666666666665,17.492361,-13.997974,0.4003414,-0.060105678,-0.18414222
24.733333333333334,17.49213,-13.99793,0.4012304,-0.04958718,-0.17621917
24.75,17.491901,-13.997889,0.40068644,-0.04070793,-0.16706666
24.766666666666666,17.491669,-13.99786,0.40129724,-0.034287553,-0.15791418
24.78333333333333,17.491438,-13.997831,0.40047872,-0.02855019,-0.14787376
24.8,17.491205,-13.997814,0.40081683,-0.022676228,-0.13674052
24.816666666666666,17.49097,-13.9978,0.39972606,-0.016665662,-0.124582745
24.833333333333332,17.490736,-13.997798,0.39979756,-0.007923019,-0.10976121
24.85,17.4905,-13.997798,0.39843592,0.0008196227,-0.09493968
24.866666666666667,17.490267,-13.997804,0.3982297,0.010791699,-0.083396636
24.883333333333333,17.49003,-13.99781,0.3965947,0.022539625,-0.07260493
24.9,17.4898,-13.997823,0.39611694,0.033604536,-0.062154736
24.916666666666668,17.489569,-13.997841,0.3980915,0.044532835,-0.049792085
24.933333333333334,17.489338,-13.99786,0.39863998,0.05641737,-0.03640491
24.95,17.489117,-13.99788,0.40034494,0.06734568,-0.026159627
24.966666666666665,17.488892,-13.997893,0.40061513,0.07813739,-0.018236605
24.983333333333334,17.488676,-13.997914,0.40204677,0.08988533,-0.013933586
25.0,17.48846,-13.997936,0.40204513,0.101086855,-0.010928303
25.016666666666666,17.48825,-13.997957,0.4032023,0.11010272,-0.0089475475
25.03333333333333,17.488045,-13.99798,0.4029277,0.11870877,-0.008332831
25.05,17.48785,-13.998005,0.4038131,0.12663181,-0.009220756
25.066666666666666,17.487658,-13.998027,0.4032658,0.13441825,-0.011611322
25.083333333333332,17.487473,-13.998054,0.40387917,0.14343412,-0.016392455
25.1,17.487293,-13.9980755,0.4030603,0.15176699,-0.022129813
25.116666666666667,17.487123,-13.9981,0.40340003,0.15750436,-0.028208682
25.133333333333333,17.486958,-13.998126,0.40230766,0.16255872,-0.035312083
25.15,17.4868,-13.998154,0.4023701,0.16570061,-0.044464536
25.166666666666668,17.486647,-13.998183,0.40100378,0.16925234,-0.05354869
25.183333333333334,17.486507,-13.998216,0.40079996,0.17580935,-0.059969075
25.2,17.486368,-13.998251,0.39916342,0.18222976,-0.06577474
25.216666666666665,17.486242,-13.998288,0.39868551,0.18714751,-0.06741398
25.233333333333334,17.486137,-13.998335,0.40065825,0.19124566,-0.06679926
25.25,17.48604,-13.998379,0.40120202,0.19479737,-0.06516002
25.266666666666666,17.485945,-13.998429,0.40290275,0.1986223,-0.06338417
25.28333333333333,17.48586,-13.998483,0.403174,0.20203741,-0.060856998
25.3,17.485786,-13.998537,0.4046025,0.20572574,-0.059695866
25.316666666666666,17.48572,-13.998592,0.40460277,0.21023369,-0.058807943
25.333333333333332,17.485664,-13.998652,0.40575898,0.21159974,-0.058876246
25.35,17.485617,-13.998712,0.40548515,0.21159974,-0.05839813
25.366666666666667,17.485584,-13.998776,0.40636814,0.20927747,-0.0609253
25.383333333333333,17.485554,-13.998845,0.4058163,0.20545253,-0.065091714
25.4,17.485537,-13.998916,0.4064248,0.20258383,-0.06966795
25.416666666666668,17.485527,-13.998991,0.4056074,0.2013544,-0.07383437
25.433333333333334,17.485529,-13.999069,0.40594575,0.19807589,-0.07882041
25.45,17.48554,-13.999148,0.40484908,0.19274831,-0.08448947
25.466666666666665,17.48556,-13.999236,0.4049127,0.18851356,-0.08851928
25.483333333333334,17.48559,-13.999322,0.4035503,0.18578146,-0.09159288
25.5,17.48563,-13.999414,0.4033435,0.1805905,-0.09364194
25.516666666666666,17.485672,-13.999509,0.4017024,0.17348707,-0.0958959
25.53333333333333,17.485727,-13.999615,0.4012208,0.16693006,-0.09507628
25.55,17.485792,-13.99972,0.39931175,0.16064626,-0.092139296
25.566666666666666,17.485859,-13.999829,0.39855933,0.1551821,-0.08920231
25.583333333333332,17.485947,-13.999948,0.40025604,0.14958131,-0.08660683
25.6,17.48603,-14.000067,0.4005241,0.14480017,-0.083396636
25.616666666666667,17.48613,-14.00019,0.40195426,0.14384393,-0.0782057
25.633333333333333,17.48623,-14.00032,0.40195152,0.14302431,-0.07267323
25.65,17.48634,-14.000453,0.40310282,0.14015561,-0.06714077
25.666666666666668,17.48645,-14.000587,0.4028259,0.13769674,-0.060993604
25.683333333333334,17.486574,-14.00073,0.40371132,0.13742355,-0.05279737
25.7,17.486696,-14.00087,0.4031639,0.13660392,-0.044464536
25.716666666666665,17.486834,-14.001013,0.4037704,0.13168617,-0.036473215
25.733333333333334,17.486977,-14.001155,0.40294835,0.12649521,-0.028003776
25.75,17.487123,-14.001302,0.4032823,0.11993822,-0.018714719
25.766666666666666,17.487272,-14.001449,0.40218788,0.11392764,-0.00867434
25.78333333333333,17.487432,-14.001598,0.40225494,0.109009884,0.0038932078
25.8,17.487595,-14.001746,0.40088975,0.10436535,0.016050944
25.816666666666666,17.487762,-14.001893,0.40067905,0.09903779,0.0252717
25.833333333333332,17.48793,-14.002037,0.39903975,0.094666466,0.034014344
25.849999999999998,17.488106,-14.002174,0.3985573,0.0923442,0.04022982
25.866666666666667,17.48828,-14.002317,0.39664602,0.09029514,0.046786804
25.883333333333333,17.488462,-14.002452,0.39589024,0.087289855,0.0538219
25.9,17.488653,-14.002588,0.3975892,0.08606042,0.06263285
25.916666666666668,17.48885,-14.002721,0.3978616,0.08647023,0.07233173
25.933333333333334,17.489052,-14.002847,0.39929032,0.08360154,0.08059626
25.95,17.489254,-14.002971,0.3992839,0.0785472,0.08790457
25.966666666666665,17.489462,-14.003091,0.4004377,0.0713072,0.09412005
25.983333333333334,17.489672,-14.003206,0.40015835,0.06283776,0.0993793
26.0,17.489885,-14.003316,0.4010397,0.053412087,0.10334082
26.016666666666666,17.490099,-14.003424,0.40048784,0.043166798,0.10634611
26.03333333333333,17.490318,-14.003524,0.40109664,0.032921515,0.107848756
26.05,17.490538,-14.003621,0.4002723,0.022129813,0.10819026
26.066666666666666,17.490757,-14.003712,0.40060866,0.012294341,0.10661931
26.083333333333332,17.490978,-14.003797,0.39951223,0.0021856606,0.10375063
26.099999999999998,17.4912,-14.003878,0.39957556,-0.0060105664,0.09842307
26.116666666666667,17.49142,-14.003954,0.39820668,-0.014480001,0.091729484
26.133333333333333,17.491636,-14.004024,0.3979921,-0.020763775,0.08080117
26.15,17.491858,-14.00409,0.39634955,-0.0252717,0.068984926
26.166666666666668,17.492073,-14.004158,0.39586806,-0.02773057,0.060652092
26.183333333333334,17.492285,-14.004215,0.3978365,-0.029779626,0.054504916
26.2,17.492493,-14.004276,0.39837682,-0.03100906,0.04924567
26.216666666666665,17.492699,-14.004326,0.40007287,-0.031965286,0.044327933
26.233333333333334,17.492908,-14.004379,0.40034086,-0.031965286,0.039820008
26.25,17.493114,-14.00443,0.4017647,-0.03141887,0.03449246
26.266666666666666,17.49332,-14.004481,0.40176016,-0.030052833,0.02923321
26.28333333333333,17.493523,-14.004524,0.40291142,-0.028003776,0.021720001
26.3,17.493727,-14.00457,0.40263405,-0.0252717,0.013865285
26.316666666666666,17.493929,-14.004615,0.40351304,-0.021856606,0.0022539624
26.333333333333332,17.494133,-14.004656,0.40295863,-0.018304907,-0.011679623
26.349999999999998,17.494333,-14.0047,0.4035635,-0.014343398,-0.024725284
26.366666666666667,17.494534,-14.00474,0.40274173,-0.009289057,-0.03674642
26.383333333333333,17.494732,-14.004789,0.40307575,-0.006283774,-0.04849435
26.4,17.494932,-14.004835,0.40197557,-0.0054641515,-0.060652092
26.416666666666668,17.495129,-14.004889,0.40203536,-0.0030052832,-0.07014606
26.433333333333334,17.495329,-14.004945,0.4006687,0.0009562265,-0.078342296
26.45,17.495527,-14.005003,0.40045807,0.0032784909,-0.08503589
26.466666666666665,17.495728,-14.005065,0.39881262,0.0040981136,-0.09152458
26.483333333333334,17.495924,-14.0051365,0.3983273,0.0065569817,-0.09459816
26.5,17.496124,-14.005211,0.40029806,0.012294341,-0.09268571
26.516666666666666,17.496323,-14.00529,0.40083584,0.017758492,-0.09002193
26.53333333333333,17.496521,-14.005379,0.4025288,0.020763775,-0.085240796
26.55,17.496727,-14.005469,0.40279338,0.024042265,-0.079435125
26.566666666666666,17.496931,-14.005562,0.40421495,0.02855019,-0.07219512
26.583333333333332,17.497133,-14.005658,0.40420693,0.033058118,-0.063452475
26.599999999999998,17.49734,-14.00576,0.40535516,0.03565359,-0.050953217
26.616666666666667,17.497545,-14.005862,0.40507412,0.038658876,-0.03701963
26.633333333333333,17.497753,-14.005971,0.4059559,0.043440007,-0.019602643
26.65,17.497963,-14.006074,0.4054048,0.047538124,-0.0018441511
26.666666666666668,17.498178,-14.006178,0.4060074,0.046855103,0.01516302
26.683333333333334,17.498394,-14.00628,0.40518177,0.04576227,0.0322385
26.7,17.498611,-14.006381,0.40551192,0.04221057,0.04774303
26.716666666666665,17.49883,-14.006486,0.40441403,0.038658876,0.06317926
26.733333333333334,17.499052,-14.006582,0.40447173,0.03415095,0.07608833
26.75,17.499273,-14.006677,0.4031012,0.030462643,0.08831438
26.766666666666666,17.499498,-14.006765,0.40288764,0.028003776,0.096578926
26.78333333333333,17.499722,-14.006851,0.40124428,0.025681512,0.104433656
26.8,17.499949,-14.0069275,0.40075707,0.021036983,0.1096246
26.816666666666666,17.500175,-14.006999,0.4008569,0.017075473,0.11256158
26.833333333333332,17.500404,-14.007071,0.39890152,0.012294341,0.11481556
26.849999999999998,17.500633,-14.0071335,0.3981008,0.00901585,0.11208347
26.866666666666667,17.500864,-14.007188,0.399755,0.010245284,0.10716573
26.883333333333333,17.501093,-14.007238,0.39998162,0.012704152,0.10320421
26.9,17.501328,-14.007282,0.40136483,0.015572831,0.09849138
26.916666666666668,17.501558,-14.007324,0.40131968,0.018578114,0.09439325
26.933333333333334,17.501791,-14.00736,0.40242943,0.018304907,0.09043174
26.95,17.502024,-14.007396,0.40211084,0.018168304,0.08653853
26.966666666666665,17.502262,-14.007423,0.4029484,0.015709436,0.08073287
26.983333333333334,17.502495,-14.007447,0.4023519,0.012840756,0.07301474
27.0,17.502731,-14.007468,0.4029159,0.011747926,0.06591134
27.016666666666666,17.502974,-14.007486,0.40205288,0.010928303,0.06017398
27.03333333333333,17.50321,-14.007504,0.40234548,0.007649812,0.055324543
27.05,17.503448,-14.007519,0.40120947,0.004507925,0.050816614
27.066666666666666,17.503687,-14.007525,0.40122956,-0.0008196227,0.044669442
27.083333333333332,17.503927,-14.007536,0.3998154,-0.0065569817,0.036951326
27.099999999999998,17.504166,-14.0075445,0.39956146,-0.011338114,0.030052833
27.116666666666667,17.504404,-14.007547,0.4017599,-0.013113963,0.023222644
27.133333333333333,17.50464,-14.00755,0.40253094,-0.012840756,0.016870568
27.15,17.504875,-14.007554,0.40057477,-0.01297736,0.010313585
27.166666666666668,17.50511,-14.007561,0.3997774,-0.013523775,0.0068301894
27.183333333333334,17.505344,-14.007562,0.40143138,-0.013250567,0.004234717
27.2,17.505577,-14.007566,0.40165752,-0.011747926,0.0019807548
27.216666666666665,17.505816,-14.007569,0.40213165,-0.011884529,0.00047811324
27.233333333333334,17.506048,-14.00757,0.40087405,-0.01297736,0.00034150947
27.25,17.50628,-14.007577,0.40077305,-0.015572831,0.00013660379
27.266666666666666,17.50651,-14.007581,0.39924258,-0.018714719,0.00068301894
27.28333333333333,17.506742,-14.007585,0.3988691,-0.022812832,-0.00020490568
27.3,17.506973,-14.007586,0.39706632,-0.027184155,-0.0008196227
27.316666666666666,17.507202,-14.007591,0.39642042,-0.031965286,-0.004234717
27.333333333333332,17.507427,-14.007594,0.39822286,-0.037975855,-0.011064907
27.349999999999998,17.50765,-14.0076,0.39859724,-0.043303404,-0.0181
27.366666666666667,17.507875,-14.007606,0.4001335,-0.045489065,-0.023700757
27.383333333333333,17.508095,-14.007611,0.40023726,-0.047674727,-0.02923321
27.4,17.508308,-14.00762,0.4014948,-0.051909447,-0.033946045
27.416666666666668,17.508533,-14.007625,0.40132397,-0.05600756,-0.037907552
27.433333333333334,17.508745,-14.007636,0.40231407,-0.058466434,-0.037087932
27.45,17.508951,-14.007649,0.40187234,-0.060378887,-0.0359268
27.466666666666665,17.50916,-14.007664,0.40259013,-0.061061904,-0.032784913
27.483333333333334,17.509367,-14.007683,0.40187538,-0.061335113,-0.029916229
27.5,17.50957,-14.007702,0.40231556,-0.061335113,-0.028413588
27.516666666666666,17.509773,-14.007721,0.40132716,-0.060242284,-0.026774343
27.53333333333333,17.50997,-14.007742,0.4015007,-0.055051334,-0.02315434
27.55,17.51016,-14.007764,0.40024215,-0.049450576,-0.019397737
27.566666666666666,17.510353,-14.007784,0.40013677,-0.04630869,-0.015231322
27.583333333333332,17.510538,-14.007811,0.39860344,-0.04248378,-0.010313585
27.599999999999998,17.510727,-14.007836,0.3982311,-0.037839253,-0.0018441511
27.616666666666667,17.510912,-14.007859,0.40030977,-0.032101892,0.0066252835
27.633333333333333,17.511093,-14.007886,0.4009596,-0.026227929,0.015709436
27.65,17.511276,-14.007906,0.40276605,-0.02062717,0.021173587
27.666666666666668,17.511457,-14.007929,0.4031378,-0.015982643,0.024725284
27.683333333333334,17.511639,-14.00795,0.4046693,-0.009972076,0.02629623
27.7,17.51182,-14.00797,0.40476966,-0.0030052832,0.02629623
27.716666666666665,17.511997,-14.00799,0.40602976,0.003141887,0.02773057
27.733333333333334,17.512177,-14.008007,0.40585685,0.0077864155,0.029506417
27.75,17.512352,-14.008023,0.40684384,0.013113963,0.033946045
27.766666666666666,17.512533,-14.008038,0.40640306,0.018441511,0.04029812
27.78333333333333,17.512714,-14.008049,0.40711957,0.02308604,0.045489065
27.8,17.512896,-14.008062,0.4064018,0.026364531,0.04958718
27.816666666666666,17.513075,-14.008072,0.40684378,0.030052833,0.05354869
27.833333333333332,17.513258,-14.008078,0.40585357,0.032921515,0.057168692
27.849999999999998,17.513443,-14.008081,0.40602326,0.037292838,0.061471716
27.866666666666667,17.51363,-14.008086,0.40476033,0.041117743,0.06591134
27.883333333333333,17.51382,-14.008085,0.4046577,0.047128312,0.0715121
27.9,17.514006,-14.008083,0.40312803,0.0538219,0.07882041
27.916666666666668,17.5142,-14.008077,0.40275466,0.0609253,0.08312343
27.933333333333334,17.514399,-14.008066,0.40094638,0.06679926,0.08571891
27.95,17.514593,-14.008048,0.40029895,0.07390267,0.08592381
27.966666666666665,17.514803,-14.008022,0.40210086,0.08004984,0.08237211
27.983333333333334,17.51501,-14.007996,0.40247482,0.08701664,0.077932484
28.0,17.515226,-14.007964,0.40400505,0.09343703,0.070829086
28.016666666666666,17.515444,-14.007929,0.40410647,0.10054044,0.06290606
28.03333333333333,17.515665,-14.007893,0.4053645,0.10819026,0.051977746
28.05,17.515888,-14.007853,0.40519443,0.115703486,0.040912837
28.066666666666666,17.51612,-14.007811,0.4061791,0.11911858,0.029369814
28.083333333333332,17.516361,-14.007765,0.40573543,0.12185067,0.017826794
28.099999999999998,17.516605,-14.007722,0.40644798,0.12089444,0.0055324533
28.116666666666667,17.516853,-14.007677,0.40572625,0.11898198,-0.008127925
28.133333333333333,17.517113,-14.007635,0.40616417,0.11556688,-0.0180317
28.15,17.517372,-14.00759,0.40517503,0.11310802,-0.026023023
28.166666666666668,17.517635,-14.007551,0.40534234,0.10914649,-0.030872455
28.183333333333334,17.517904,-14.007514,0.40408075,0.105594784,-0.034287553
28.2,17.518179,-14.00748,0.40397465,0.10040384,-0.035175476
28.216666666666665,17.518452,-14.007443,0.40244025,0.0957593,-0.034970574
28.233333333333334,17.518736,-14.00741,0.40206143,0.088929094,-0.03298982
28.25,17.519024,-14.007378,0.4002547,0.08223551,-0.030189436
28.266666666666666,17.519314,-14.007351,0.39960405,0.07321965,-0.026501136
28.28333333333333,17.519611,-14.007325,0.40140778,0.06311096,-0.021515096
28.3,17.519913,-14.007299,0.40177888,0.05177284,-0.016529057
28.316666666666666,17.520218,-14.007274,0.40330505,0.03879548,-0.012772454
28.333333333333332,17.520523,-14.007254,0.40340185,0.0252717,-0.008059624
28.349999999999998,17.52083,-14.007232,0.40466085,0.012567548,0.00020490568
28.366666666666667,17.521135,-14.007209,0.40448695,-0.0008196227,0.009152453
28.383333333333333,17.521446,-14.007186,0.40547356,-0.014616605,0.019670945
28.4,17.521748,-14.007163,0.4050275,-0.029096607,0.03032604
28.416666666666668,17.522053,-14.00714,0.4057418,-0.045079254,0.040844534
28.433333333333334,17.522358,-14.007115,0.40502346,-0.062154736,0.050884917
28.45,17.52266,-14.007085,0.4054586,-0.08264532,0.05826153
28.466666666666665,17.522959,-14.007054,0.4044657,-0.10313591,0.06536493
28.483333333333334,17.523254,-14.007019,0.4046294,-0.12075784,0.07055587
28.5,17.52354,-14.006982,0.4033647,-0.13756014,0.07622493
28.516666666666666,17.523819,-14.006941,0.40326136,-0.14999112,0.08373815
28.53333333333333,17.524092,-14.006897,0.4017255,-0.1617391,0.091251366
28.55,17.524357,-14.006847,0.40134978,-0.1710282,0.09794496
28.566666666666666,17.524616,-14.006794,0.39954147,-0.18018068,0.10388724
28.583333333333332,17.524858,-14.006735,0.3988874,-0.18851356,0.10566309
28.599999999999998,17.5251,-14.006673,0.39680466,-0.19684644,0.10716573
28.616666666666667,17.525331,-14.006604,0.39587793,-0.20340346,0.10723403
28.633333333333333,17.52554,-14.006524,0.39740562,-0.20777482,0.10880498
28.65,17.525747,-14.006443,0.39750677,-0.21078011,0.11167367
28.666666666666668,17.525936,-14.006353,0.39876378,-0.21392202,0.11331292
28.683333333333334,17.52612,-14.006263,0.39858702,-0.21733715,0.11344952
28.7,17.526295,-14.006165,0.39956918,-0.22075227,0.11440575
28.716666666666665,17.52646,-14.0060625,0.39912543,-0.22293794,0.1161816
28.733333333333334,17.526615,-14.005954,0.39983737,-0.22744589,0.11563519
28.75,17.52676,-14.005842,0.39911538,-0.23263688,0.11310802
28.766666666666666,17.52689,-14.005722,0.3995531,-0.23974034,0.109966114
28.78333333333333,17.527014,-14.0056,0.39855853,-0.24711703,0.10579969
28.8,17.527117,-14.005472,0.39872384,-0.25599635,0.10231629
28.816666666666666,17.527222,-14.0053425,0.39745608,-0.26665154,0.09896949
28.833333333333332,17.527308,-14.005206,0.39734846,-0.2751211,0.0957593
28.849999999999998,17.527388,-14.005067,0.3958089,-0.28249776,0.09152458
28.866666666666667,17.527445,-14.004923,0.3954291,-0.28782538,0.08872419
28.883333333333333,17.527477,-14.004768,0.39750022,-0.29014766,0.08571891
28.9,17.5275,-14.004613,0.39814204,-0.29192355,0.08366984
28.916666666666668,17.527504,-14.004453,0.39994085,-0.29178694,0.081962295
28.933333333333334,17.527502,-14.004291,0.40030977,-0.29137713,0.08148418
28.95,17.527483,-14.004121,0.4018357,-0.28960127,0.0821672
28.966666666666665,17.527456,-14.003951,0.4019324,-0.28755218,0.08414797
28.983333333333334,17.527409,-14.0037775,0.40319094,-0.28400046,0.088860795
29.0,17.527359,-14.003598,0.4030168,-0.28126833,0.09364194
29.016666666666666,17.527285,-14.003414,0.4039965,-0.28208795,0.0958959
29.03333333333333,17.52721,-14.003232,0.40354773,-0.28290758,0.097740054
29.05,17.527107,-14.003039,0.40425566,-0.282771,0.09507628
29.066666666666666,17.527002,-14.002843,0.4035342,-0.28290758,0.091797784
29.083333333333332,17.526878,-14.002642,0.40396893,-0.283454,0.08435287
29.099999999999998,17.526749,-14.002438,0.40297496,-0.28454685,0.07642984
29.116666666666667,17.5266,-14.002227,0.40313566,-0.28782538,0.06475021
29.133333333333333,17.526445,-14.002015,0.40186268,-0.29165033,0.05074831
29.15,17.52627,-14.001801,0.4017502,-0.29151374,0.03524378
29.166666666666668,17.526089,-14.001584,0.4002105,-0.2902843,0.02062717
29.183333333333334,17.525885,-14.001364,0.3998276,-0.28673255,0.004439623
29.2,17.525677,-14.001146,0.3980154,-0.28290758,-0.0112698125
29.216666666666665,17.525448,-14.000929,0.3973599,-0.2781264,-0.028891701
29.233333333333334,17.525213,-14.000709,0.3952697,-0.27430144,-0.047606427
29.25,17.524956,-14.000497,0.39433998,-0.26842743,-0.06365738
29.266666666666666,17.524681,-14.00029,0.39586577,-0.26132396,-0.073970966
29.28333333333333,17.524393,-14.000085,0.3959597,-0.25408387,-0.08366984
29.3,17.52409,-13.9998865,0.3972129,-0.24820985,-0.089748725
29.316666666666666,17.52378,-13.999686,0.39703238,-0.2438385,-0.09493968
29.333333333333332,17.523457,-13.999494,0.39800733,-0.23946713,-0.10047214
29.349999999999998,17.523132,-13.999304,0.39755386,-0.23386632,-0.10566309
29.366666666666667,17.522787,-13.9991255,0.39826152,-0.22717269,-0.106004596
29.383333333333333,17.522436,-13.998947,0.3975371,-0.22006924,-0.1059363
29.4,17.52207,-13.9987755,0.39797235,-0.21433184,-0.10306761
29.416666666666668,17.5217,-13.998608,0.3969746,-0.20996049,-0.0994476
29.433333333333334,17.521318,-13.998445,0.39713147,-0.20613556,-0.097193636
29.45,17.520931,-13.998282,0.39586055,-0.20121779,-0.09507628
29.466666666666665,17.520533,-13.99813,0.39575088,-0.19589022,-0.08968042
29.483333333333334,17.520126,-13.99798,0.39420757,-0.19138226,-0.08387475
29.5,17.519707,-13.997834,0.39381987,-0.18619129,-0.08011815
29.516666666666666,17.519272,-13.997697,0.39588684,-0.17690217,-0.07622493
29.53333333333333,17.518833,-13.997562,0.3965265,-0.16706666,-0.070965685
29.55,17.518383,-13.99743,0.39832282,-0.15709455,-0.06720907
29.566666666666666,17.517923,-13.997298,0.3986843,-0.14794207,-0.0645453
29.583333333333332,17.517462,-13.997177,0.40020546,-0.14001901,-0.06017398
29.599999999999998,17.516996,-13.997054,0.40029997,-0.13113976,-0.05484643
29.616666666666667,17.51652,-13.996933,0.40155163,-0.12171406,-0.05307058
29.633333333333333,17.516039,-13.996812,0.4013683,-0.113244615,-0.052933972
29.65,17.515556,-13.996698,0.40234455,-0.106004596,-0.05320718
29.666666666666668,17.515064,-13.996585,0.4018883,-0.09849138,-0.05457322
29.683333333333334,17.51457,-13.996472,0.40259314,-0.08810948,-0.05682718
29.7,17.514074,-13.99636,0.40186495,-0.07745437,-0.059559263
29.716666666666665,17.51357,-13.996257,0.4022974,-0.06529662,-0.0609253
29.733333333333334,17.513065,-13.996152,0.40130192,-0.052592464,-0.060720395
29.75,17.512558,-13.996052,0.40146276,-0.042347178,-0.06154002
29.766666666666666,17.512047,-13.995952,0.40018898,-0.032921515,-0.064067185
29.78333333333333,17.511536,-13.995855,0.40007654,-0.022266418,-0.06843851
29.8,17.511024,-13.99576,0.39853075,-0.012157737,-0.073356256
29.816666666666666,17.510515,-13.995672,0.39814478,-0.0030052832,-0.07752267
29.833333333333332,17.510002,-13.995589,0.40021005,0.006966793,-0.083396636
29.849999999999998,17.509493,-13.995509,0.40084705,0.018304907,-0.08968042
29.866666666666667,17.508984,-13.995429,0.39875674,0.029096607,-0.096169114
29.883333333333333,17.508474,-13.995356,0.3978269,0.04070793,-0.10122346
29.9,17.507965,-13.995292,0.39934787,0.0502702,-0.104433656
29.916666666666668,17.507463,-13.995229,0.39943984,0.059695866,-0.10675592
29.933333333333334,17.506956,-13.995175,0.4006879,0.065979645,-0.106551014
29.95,17.506454,-13.995123,0.40050593,0.07035097,-0.104433656
29.966666666666665,17.50596,-13.995076,0.40148094,0.07321965,-0.10067704
29.983333333333334,17.50547,-13.995035,0.40102622,0.07554191,-0.095622696
30.0,17.504984,-13.994999,0.40172857,0.078274,-0.09015854
30.016666666666666,17.504496,-13.994966,0.40100265,0.08223551,-0.08435287
30.03333333333333,17.504017,-13.994938,0.40143323,0.08442117,-0.07731777
30.05,17.503538,-13.994914,0.40043384,0.08592381,-0.068916626
30.066666666666666,17.503065,-13.99489,0.4005913,0.087426454,-0.060856998
30.083333333333332,17.502596,-13.994873,0.3993197,0.089338906,-0.052319255
30.099999999999998,17.50213,-13.994857,0.3992053,0.091797784,-0.045079254
30.116666666666667,17.50167,-13.994842,0.39766216,0.094256654,-0.037497744
30.133333333333333,17.501217,-13.994827,0.39727435,0.094803065,-0.030804154
30.15,17.500772,-13.994818,0.3993415,0.09698874,-0.026023023
30.166666666666668,17.50033,-13.994808,0.39997685,0.09985742,-0.022881133
30.183333333333334,17.499886,-13.9948,0.39788842,0.1028627,-0.019056229
30.2,17.499453,-13.994792,0.3969552,0.10436535,-0.018987926
30.216666666666665,17.499025,-13.994784,0.39847094,0.10737064,-0.025681512
30.233333333333334,17.4986,-13.994779,0.39855844,0.11201517,-0.033604536
30.25,17.498184,-13.994776,0.39980713,0.11939179,-0.04132265
30.266666666666666,17.497768,-13.994771,0.39962372,0.12772465,-0.050201897
30.28333333333333,17.497362,-13.994772,0.40059477,0.1359209,-0.061061904
30.3,17.496956,-13.994772,0.40013728,0.14493677,-0.07178531
30.316666666666666,17.496561,-13.99478,0.40084153,0.1551821,-0.079366826
30.333333333333332,17.496172,-13.994788,0.4001136,0.16556402,-0.08694834
30.349999999999998,17.4958,-13.994801,0.4005412,0.1740335,-0.09350533
30.366666666666667,17.495424,-13.994816,0.39954075,0.18291278,-0.099174395
30.383333333333333,17.495064,-13.994842,0.3996962,0.18865018,-0.10245289
30.4,17.494709,-13.994866,0.398422,0.1930215,-0.10409214
30.416666666666668,17.494366,-13.994901,0.3983047,0.19684644,-0.10477516
30.433333333333334,17.494028,-13.994937,0.39675924,0.2016276,-0.10491177
30.45,17.493702,-13.994977,0.39636937,0.20422308,-0.103614025
30.466666666666665,17.49338,-13.995021,0.39455023,0.20586234,-0.10081365
30.483333333333334,17.493076,-13.99507,0.39388767,0.2075016,-0.098218165
30.5,17.492785,-13.995133,0.39567998,0.21105333,-0.094734766
30.516666666666666,17.4925,-13.995195,0.39604005,0.21392202,-0.09145627
30.53333333333333,17.492231,-13.995265,0.39755896,0.21569788,-0.08660683
30.55,17.491966,-13.9953375,0.39764592,0.21720053,-0.08237211
30.566666666666666,17.49172,-13.995414,0.3988941,0.22020584,-0.079366826
30.583333333333332,17.491474,-13.995492,0.39870918,0.22293794,-0.07718116
30.599999999999998,17.491245,-13.995578,0.3996841,0.22471382,-0.07608833
30.616666666666667,17.491016,-13.995661,0.39922678,0.22553344,-0.075883426
30.633333333333333,17.490808,-13.9957485,0.39992315,0.22225492,-0.07765928
30.65,17.490606,-13.995841,0.39919046,0.2188398,-0.07964003
30.666666666666668,17.490416,-13.995938,0.39962044,0.21720053,-0.08073287
30.683333333333334,17.49023,-13.996037,0.39861795,0.21515147,-0.0820306
30.7,17.490059,-13.99614,0.39876917,0.21091673,-0.08380645
30.716666666666665,17.489899,-13.996244,0.3974917,0.2069552,-0.085240796
30.733333333333334,17.489748,-13.996359,0.39737678,0.20654538,-0.08442117
30.75,17.489603,-13.996473,0.3958289,0.20613556,-0.083396636
30.766666666666666,17.48947,-13.996591,0.39544147,0.20613556,-0.081415884
30.78333333333333,17.489344,-13.996712,0.39362097,0.20545253,-0.079435125
30.8,17.48923,-13.99684,0.39295414,0.20108119,-0.07806909
30.816666666666666,17.489132,-13.996974,0.3947424,0.19684644,-0.07533701
30.833333333333332,17.489046,-13.9971075,0.39510438,0.19425096,-0.07178531
30.849999999999998,17.488968,-13.997248,0.3966224,0.18933319,-0.068506815
30.866666666666667,17.488892,-13.997391,0.3967051,0.18277617,-0.06577474
30.883333333333333,17.488832,-13.997538,0.39794853,0.17717539,-0.06194983
30.9,17.488777,-13.997687,0.39776534,0.17335047,-0.057441898
30.916666666666668,17.48873,-13.99784,0.39873874,0.16761309,-0.053616993
30.933333333333334,17.488688,-13.997996,0.39827698,0.15996325,-0.05068001
30.95,17.488659,-13.998155,0.39897546,0.15354285,-0.047538124
30.966666666666665,17.488632,-13.998311,0.3982417,0.14807867,-0.045420762
30.983333333333334,17.488613,-13.998475,0.3986675,0.14316091,-0.04029812
31.0,17.488596,-13.998637,0.39766723,0.1394726,-0.033672836
31.016666666666666,17.488594,-13.9988,0.39782265,0.13250579,-0.026364531
31.03333333333333,17.488596,-13.998967,0.39654353,0.12335331,-0.019329436
31.05,17.4886,-13.999135,0.3964244,0.11447405,-0.0112698125
31.066666666666666,17.488611,-13.999303,0.39487237,0.10463856,-0.0032784909
31.083333333333332,17.488632,-13.999471,0.3944809,0.09753515,0.0060788686
31.099999999999998,17.488655,-13.999636,0.3965465,0.09452986,0.016529057
31.116666666666667,17.48868,-13.999804,0.3971793,0.09138797,0.026774343
31.133333333333333,17.488716,-13.999967,0.39896563,0.085514,0.034424156
31.15,17.488752,-14.00013,0.39932355,0.07977664,0.04173246
31.166666666666668,17.48879,-14.000289,0.40083823,0.07526871,0.045898873
31.183333333333334,17.488834,-14.000445,0.40092412,0.07062418,0.050133597
31.2,17.488884,-14.000602,0.40216562,0.0643404,0.053753596
31.216666666666665,17.488932,-14.000758,0.40197888,0.05873964,0.0573736
31.233333333333334,17.488987,-14.000906,0.4029487,0.054504916,0.05914945
31.25,17.489044,-14.001057,0.4024898,0.050406802,0.061403416
31.266666666666666,17.489098,-14.0012,0.40318653,0.045215856,0.06379398
31.28333333333333,17.489159,-14.001341,0.40245497,0.04043472,0.066594355
31.3,17.489218,-14.001481,0.4028801,0.037292838,0.0681653
31.316666666666666,17.489279,-14.001619,0.40187636,0.03415095,0.07035097
31.333333333333332,17.48934,-14.001752,0.40202826,0.029779626,0.07315135
31.349999999999998,17.489407,-14.001886,0.4007518,0.025681512,0.076498136
31.366666666666667,17.489471,-14.002012,0.40063128,0.022129813,0.07909362
31.383333333333333,17.489538,-14.002136,0.39908206,0.019534342,0.08175739
31.4,17.489605,-14.002253,0.39869002,0.019397737,0.081962295
31.416666666666668,17.489674,-14.002368,0.39686897,0.01980755,0.08244041
31.433333333333334,17.489746,-14.002477,0.39620373,0.018987926,0.081962295
31.45,17.489815,-14.002582,0.39799282,0.02062717,0.07998154
31.466666666666665,17.489883,-14.002682,0.39835015,0.02308604,0.07656644
31.483333333333334,17.489956,-14.002776,0.3998675,0.024861889,0.07260493
31.5,17.490026,-14.002871,0.39995167,0.0252717,0.06830191
31.516666666666666,17.490103,-14.002959,0.40119016,0.025408303,0.06051549
31.53333333333333,17.49018,-14.003046,0.40100092,0.026501136,0.052319255
31.55,17.490253,-14.003131,0.4019729,0.02814038,0.047264915
31.566666666666666,17.490335,-14.003219,0.40151203,0.028276984,0.04282529
31.583333333333332,17.490416,-14.003299,0.40221184,0.02923321,0.03879548
31.599999999999998,17.490492,-14.00338,0.40147877,0.029779626,0.03462906
31.616666666666667,17.490578,-14.003461,0.4019,0.030735852,0.027867174
31.633333333333333,17.490664,-14.003539,0.4008935,0.033331327,0.02062717
31.65,17.490753,-14.003615,0.40104824,0.036473215,0.016733963
31.666666666666668,17.490839,-14.003691,0.39976984,0.03879548,0.0135920765
31.683333333333334,17.490929,-14.003761,0.39964658,0.041527554,0.009835472
31.7,17.49102,-14.003837,0.39809507,0.045489065,0.006420378
31.716666666666665,17.491117,-14.00391,0.39770502,0.049450576,0.007923019
31.733333333333334,17.49121,-14.003986,0.3967542,0.052182652,0.011338114
31.75,17.491308,-14.004062,0.39725453,0.05477813,0.016665662
31.766666666666666,17.491405,-14.004134,0.3963225,0.05641737,0.022129813
31.78333333333333,17.491507,-14.004208,0.396545,0.057646804,0.025340002
31.8,17.491615,-14.00428,0.39533865,0.058603037,0.028891701
31.816666666666666,17.491726,-14.004349,0.39529425,0.062154736,0.03312642
31.833333333333332,17.491835,-14.0044155,0.39381853,0.06679926,0.036473215
31.849999999999998,17.491951,-14.004482,0.39349672,0.068984926,0.037975855
31.866666666666667,17.492075,-14.004545,0.39562854,0.069394745,0.040639628
31.883333333333333,17.492197,-14.004608,0.39633378,0.07035097,0.044464536
31.9,17.492327,-14.004667,0.39819494,0.069394745,0.04603548
31.916666666666668,17.492456,-14.004724,0.3986217,0.0678921,0.045557365
31.933333333333334,17.492592,-14.004776,0.4002083,0.06638946,0.04384982
31.95,17.492725,-14.004829,0.4003629,0.06543323,0.040912837
31.966666666666665,17.492867,-14.00488,0.40167853,0.06707247,0.037292838
31.983333333333334,17.493013,-14.0049305,0.40156063,0.06871172,0.033263024
32.0,17.493156,-14.004975,0.4026025,0.07021437,0.03176038
32.016666666666666,17.493305,-14.005022,0.40221447,0.071990214,0.030735852
32.03333333333333,17.493462,-14.005066,0.40298155,0.07403927,0.03025774
32.05,17.493618,-14.00511,0.40231988,0.07718116,0.03032604
32.06666666666666,17.49377,-14.005152,0.4028209,0.08414797,0.03271661
32.083333333333336,17.493929,-14.005191,0.40188885,0.090841554,0.035380382
32.1,17.494093,-14.005228,0.40211076,0.09452986,0.03818076
32.11666666666667,17.49426,-14.005266,0.40090406,0.09835477,0.041595858
32.13333333333333,17.494438,-14.0053,0.40085346,0.10163327,0.04630869
32.15,17.494621,-14.005336,0.3993747,0.105458185,0.051909447
32.166666666666664,17.494806,-14.005365,0.39905682,0.11078574,0.06051549
32.18333333333333,17.495,-14.005391,0.4011902,0.11747933,0.0678921
32.2,17.495197,-14.005419,0.4018901,0.124582745,0.073492855
32.21666666666667,17.495401,-14.005441,0.3998667,0.13141297,0.07950343
32.233333333333334,17.49561,-14.005461,0.39899865,0.13510126,0.08647023
32.25,17.495829,-14.00547,0.4005853,0.13810655,0.09493968
32.266666666666666,17.496056,-14.005477,0.40074492,0.14083865,0.10498007
32.28333333333333,17.496288,-14.00548,0.40206096,0.14193147,0.111878574
32.3,17.496527,-14.005479,0.4019421,0.14124846,0.11700122
32.31666666666666,17.496773,-14.005467,0.40298346,0.14001901,0.11898198
32.333333333333336,17.49702,-14.005455,0.40259147,0.13769674,0.11973331
32.35,17.49728,-14.005434,0.40335995,0.13537447,0.11734273
32.36666666666667,17.497538,-14.005411,0.40269548,0.13236919,0.113722734
32.38333333333333,17.497805,-14.005379,0.40319163,0.13018352,0.10675592
32.4,17.498075,-14.005344,0.40225437,0.12758805,0.09842307
32.416666666666664,17.49836,-14.005303,0.40247178,0.12567559,0.0855823
32.43333333333333,17.498644,-14.00526,0.40126115,0.12540238,0.071990214
32.45,17.498934,-14.005212,0.40121216,0.12635861,0.061813228
32.46666666666667,17.499233,-14.005163,0.39973015,0.1260854,0.05252416
32.483333333333334,17.499537,-14.005114,0.39940825,0.12745143,0.045625668
32.5,17.499855,-14.00506,0.4015366,0.12813446,0.040639628
32.516666666666666,17.500174,-14.005004,0.40223694,0.12963709,0.036200006
32.53333333333333,17.500502,-14.004947,0.40409288,0.13045672,0.0324434
32.55,17.50083,-14.004887,0.4045206,0.13209598,0.028960003
32.56666666666666,17.501173,-14.004828,0.4061045,0.1330522,0.02493019
32.583333333333336,17.501516,-14.004765,0.4062592,0.13482806,0.020832077
32.6,17.501867,-14.004705,0.40757042,0.1359209,0.01516302
32.61666666666667,17.502222,-14.0046425,0.40745273,0.13769674,0.00901585
32.63333333333333,17.502588,-14.004579,0.40849152,0.13851637,-6.8301895e-05
32.65,17.502954,-14.004519,0.40809637,0.13933599,-0.01120151
32.666666666666664,17.503332,-14.004458,0.40886176,0.14206809,-0.022266418
32.68333333333333,17.503714,-14.004396,0.40819967,0.14534658,-0.032033592
32.7,17.504103,-14.004339,0.4086935,0.1454832,-0.04070793
32.71666666666667,17.504498,-14.00428,0.407753,0.14480017,-0.0502702
32.733333333333334,17.504904,-14.004229,0.40797284,0.14316091,-0.055802654
32.75,17.50531,-14.004177,0.40676498,0.1426145,-0.05942266
32.766666666666666,17.505728,-14.004129,0.40671343,0.14042884,-0.060993604
32.78333333333333,17.506151,-14.004085,0.40523338,0.13851637,-0.06167662
32.8,17.506578,-14.004043,0.40490943,0.13441825,-0.062496245
32.81666666666666,17.507011,-14.004003,0.40315133,0.12963709,-0.064477
32.833333333333336,17.507452,-14.003969,0.40255305,0.12430954,-0.06372568
32.85,17.507908,-14.003939,0.40441152,0.12007482,-0.059832472
32.86666666666667,17.508362,-14.003911,0.40483686,0.11515707,-0.05566605
32.88333333333333,17.508825,-14.003888,0.40641716,0.10982951,-0.052865673
32.9,17.50929,-14.003866,0.40656823,0.10409214,-0.049382273
32.916666666666664,17.509764,-14.00385,0.40788174,0.09985742,-0.043781515
32.93333333333333,17.510239,-14.003832,0.4077626,0.09507628,-0.03818076
32.95,17.51072,-14.003815,0.4087977,0.089748725,-0.034833968
32.96666666666667,17.511202,-14.003802,0.40840444,0.08401136,-0.030940758
32.983333333333334,17.511688,-14.003791,0.40916732,0.07923022,-0.027184155
33.0,17.512178,-14.00378,0.4085013,0.07431248,-0.02240302
33.016666666666666,17.512674,-14.003775,0.40899757,0.07171701,-0.015026417
33.03333333333333,17.513168,-14.003768,0.40806097,0.06884832,-0.0074449065
33.05,17.513668,-14.003758,0.40827918,0.06570643,-0.0021173586
33.06666666666666,17.514172,-14.003753,0.40706825,0.06229134,0.0036883021
33.083333333333336,17.514677,-14.003745,0.407014,0.059969075,0.0089475475
33.1,17.515184,-14.003737,0.4055307,0.0575102,0.01516302
33.11666666666667,17.515697,-14.003729,0.40520442,0.05641737,0.021856606
33.13333333333333,17.516207,-14.003721,0.40344834,0.055734355,0.029847927
33.15,17.51672,-14.003711,0.402855,0.0575102,0.04043472
33.166666666666664,17.517239,-14.0037,0.40257895,0.05873964,0.05102152
33.18333333333333,17.517763,-14.003686,0.40404233,0.05942266,0.05867134
33.2,17.518286,-14.003668,0.404076,0.059832472,0.066457756
33.21666666666667,17.518812,-14.003645,0.4052666,0.060242284,0.07253663
33.233333333333334,17.519344,-14.003619,0.40502807,0.060378887,0.07909362
33.25,17.519876,-14.003591,0.40594637,0.06051549,0.08435287
33.266666666666666,17.520412,-14.003564,0.40543526,0.060378887,0.09015854
33.28333333333333,17.520952,-14.003526,0.4060815,0.060378887,0.09500798
33.3,17.521492,-14.003489,0.4052982,0.060105678,0.10047214
33.31666666666666,17.52204,-14.003442,0.40567163,0.059559263,0.10511667
33.333333333333336,17.522585,-14.003398,0.40461597,0.05901285,0.11064913
33.35,17.523136,-14.003347,0.40471718,0.058056615,0.115293674
33.36666666666667,17.523685,-14.00329,0.40338936,0.056690577,0.12075784
33.38333333333333,17.524242,-14.003225,0.40321833,0.05477813,0.12526576
33.4,17.5248,-14.0031595,0.40161794,0.05245586,0.13038842
33.416666666666664,17.52536,-14.003085,0.40117413,0.048904162,0.13441825
33.43333333333333,17.52592,-14.003009,0.39930135,0.044942647,0.13899449
33.45,17.526487,-14.002917,0.39858526,0.03920529,0.14206809
33.46666666666667,17.527056,-14.002816,0.4003231,0.030735852,0.14520998
33.483333333333334,17.52763,-14.002712,0.40062863,0.021446794,0.14766885
33.5,17.528204,-14.002598,0.40209413,0.0094256615,0.14971793
33.516666666666666,17.528774,-14.002479,0.4021276,-0.0035516985,0.15081075
33.53333333333333,17.529352,-14.00235,0.40332034,-0.020353964,0.15074246
33.55,17.529924,-14.002215,0.40308022,-0.038249064,0.1493764
33.56666666666666,17.530499,-14.00207,0.40399453,-0.06119851,0.14493677
33.583333333333336,17.531073,-14.001922,0.4034799,-0.08496759,0.14001901
33.6,17.53164,-14.001765,0.40412712,-0.11146876,0.13715033
33.61666666666667,17.53221,-14.001605,0.40334156,-0.14015561,0.13441825
33.63333333333333,17.532764,-14.001437,0.40371338,-0.16897912,0.1295688
33.65,17.533316,-14.001264,0.40265337,-0.19752946,0.1228752
33.666666666666664,17.533855,-14.001082,0.40275288,-0.22526023,0.11713783
33.68333333333333,17.534386,-14.0008955,0.40142608,-0.2517616,0.11235668
33.7,17.5349,-14.000703,0.40125588,-0.278946,0.1061412
33.71666666666667,17.535414,-14.000509,0.39965117,-0.30667695,0.09842307
33.733333333333334,17.535902,-14.00031,0.39920676,-0.33427134,0.09186608
33.75,17.536383,-14.000108,0.39733595,-0.36063635,0.086401924
33.766666666666666,17.536844,-13.999896,0.39662105,-0.38905057,0.07950343
33.78333333333333,17.53727,-13.99968,0.39835456,-0.41965058,0.07007776
33.8,17.537683,-13.999458,0.3986597,-0.44956765,0.06017398
33.81666666666666,17.53807,-13.999235,0.400122,-0.47593307,0.04801624
33.833333333333336,17.53844,-13.999009,0.40015465,-0.5012057,0.0359268
33.85,17.538778,-13.998782,0.40134403,-0.52265334,0.023769058
33.86666666666667,17.539104,-13.99855,0.4011045,-0.54300815,0.012294341
33.88333333333333,17.539387,-13.998321,0.40202117,-0.5594014,0.0022539624
33.9,17.539658,-13.998089,0.40150848,-0.5745651,-0.006352076
33.916666666666664,17.539892,-13.997866,0.4021573,-0.5850842,-0.010860001
33.93333333333333,17.540112,-13.997636,0.40137336,-0.59519345,-0.014889813
33.95,17.540293,-13.997412,0.40174404,-0.60434633,-0.019466039
33.96666666666667,17.540457,-13.997188,0.4006856,-0.6129529,-0.023290945
33.983333333333334,17.540583,-13.996961,0.4007823,-0.62142277,-0.025749816
34.0,17.540691,-13.996734,0.39945084,-0.62839,-0.027593967
34.016666666666666,17.540754,-13.996511,0.3992754,-0.63071245,-0.02957472
34.03333333333333,17.540806,-13.996288,0.3976706,-0.6318053,-0.030804154
34.05,17.540817,-13.99607,0.39722234,-0.6290731,-0.031145662
34.06666666666666,17.54077,-13.9958515,0.39922753,-0.6219692,-0.027798872
34.083333333333336,17.5407,-13.995633,0.3998056,-0.6128163,-0.022676228
34.1,17.540596,-13.995419,0.40153986,-0.60434633,-0.018578114
34.11666666666667,17.540478,-13.995204,0.40183845,-0.597106,-0.015299624
34.13333333333333,17.54032,-13.994989,0.40329763,-0.5875432,-0.014480001
34.15,17.540152,-13.994775,0.4033246,-0.57688755,-0.015572831
34.166666666666664,17.539938,-13.994559,0.4045112,-0.5654122,-0.018646417
34.18333333333333,17.539711,-13.994347,0.40426475,-0.5533905,-0.023222644
34.2,17.539448,-13.994134,0.4051783,-0.5420519,-0.029506417
34.21666666666667,17.53917,-13.993919,0.40465927,-0.5318062,-0.036609817
34.233333333333334,17.538855,-13.9937105,0.40529427,-0.5206042,-0.04815284
34.25,17.538528,-13.993498,0.40450087,-0.5078995,-0.0609253
34.266666666666666,17.538168,-13.993295,0.4048688,-0.49246272,-0.07219512
34.28333333333333,17.5378,-13.99309,0.4038051,-0.4760697,-0.08401136
34.3,17.537397,-13.992892,0.40390074,-0.45926684,-0.094734766
34.31666666666666,17.536982,-13.992697,0.40256438,-0.44219086,-0.106004596
34.333333333333336,17.536537,-13.99251,0.40238184,-0.427164,-0.11747933
34.35,17.536087,-13.992323,0.4007705,-0.41309342,-0.12751974
34.36666666666667,17.535606,-13.992149,0.40032077,-0.3958809,-0.13428164
34.38333333333333,17.535088,-13.991985,0.4023224,-0.3756631,-0.14001901
34.4,17.534557,-13.991826,0.402895,-0.3550355,-0.14473186
34.416666666666664,17.534006,-13.991677,0.40462407,-0.3352276,-0.14944471
34.43333333333333,17.533447,-13.99153,0.40492392,-0.31596616,-0.15340623
34.45,17.53287,-13.991391,0.40638074,-0.29861724,-0.1590753
34.46666666666667,17.532282,-13.99126,0.40640262,-0.28290758,-0.16570061
34.483333333333334,17.53168,-13.991139,0.40758502,-0.267881,-0.1710282
34.5,17.531067,-13.991022,0.40734005,-0.25285444,-0.1747165
34.516666666666666,17.53044,-13.990918,0.4082515,-0.24055997,-0.17881465
34.53333333333333,17.529804,-13.990817,0.4077283,-0.23004138,-0.18366411
34.55,17.529156,-13.990728,0.40836555,-0.2188398,-0.18748903
34.56666666666666,17.5285,-13.990646,0.40757105,-0.20681858,-0.19192868
34.583333333333336,17.527832,-13.990575,0.40793526,-0.19479737,-0.19213359
34.6,17.527164,-13.990505,0.40687212,-0.18304938,-0.1896064
34.61666666666667,17.52648,-13.990452,0.40696612,-0.1710282,-0.18632789
34.63333333333333,17.525791,-13.990402,0.4056251,-0.15996325,-0.1835958
34.65,17.525091,-13.990365,0.4054446,-0.1457564,-0.17922446
34.666666666666664,17.524387,-13.990335,0.40383768,-0.1295005,-0.17382859
34.68333333333333,17.523678,-13.990313,0.40338716,-0.11406424,-0.16884252
34.7,17.522966,-13.990295,0.4015012,-0.10026723,-0.16440289
34.71666666666667,17.522245,-13.99029,0.40077603,-0.084830984,-0.15928021
34.733333333333334,17.521517,-13.990297,0.40250242,-0.06734568,-0.15463567
34.75,17.520784,-13.990308,0.40279922,-0.049313974,-0.14923981
34.766666666666666,17.520052,-13.990331,0.40425724,-0.032101892,-0.14042884
34.78333333333333,17.519316,-13.9903555,0.4042838,-0.014616605,-0.13161787
34.8,17.518578,-13.990389,0.40546438,0.0013660379,-0.12553899
34.81666666666666,17.517841,-13.990425,0.4052165,0.017758492,-0.11986992
34.833333333333336,17.517105,-13.990469,0.40612543,0.03551699,-0.11686462
34.85,17.516369,-13.990514,0.40560564,0.053685293,-0.113722734
34.86666666666667,17.515638,-13.990565,0.4062418,0.070487574,-0.11064913
34.88333333333333,17.514914,-13.990623,0.40544963,0.087426454,-0.10716573
34.9,17.51419,-13.990688,0.40581405,0.1061412,-0.10463856
34.916666666666664,17.513474,-13.990753,0.4047496,0.12471935,-0.10163327
34.93333333333333,17.51276,-13.990825,0.4048409,0.14179488,-0.09705704
34.95,17.512053,-13.990901,0.40350363,0.1588704,-0.091729484
