Time,UAV_X,UAV_Y,UAV_Z,UAV_quat_0,UAV_quat_1,UAV_quat_2,UAV_quat_3,UAV_v_bx,UAV_v_by,UAV_v_bz,UAV_w_bx,UAV_w_by,UAV_w_bz,Payload_X,Payload_Y,Payload_Z,Swing_Deg_X,Swing_Deg_Y,SwingVel_DegS_X,SwingVel_DegS_Y,Policy_a0,Policy_a1,Policy_a2,Policy_a3,Env_raw_a0,Env_raw_a1,Env_raw_a2,Env_raw_a3,Env_clamp_a0,Env_clamp_a1,Env_clamp_a2,Env_clamp_a3,Thrust_Cmd,Moment_Cmd_X,Moment_Cmd_Y,Moment_Cmd_Z
0.0,21.50001,-13.999993,1.1979537,0.9999896,0.0026853995,-0.003343061,0.0015205556,-0.00027144558,-0.0003023116,-0.1636914,0.4297715,-0.5348348,0.24329196,21.5,-14.0,0.39795366,0.00068301894,0.00047811324,0.040981133,0.028686794,-869.942,220.38676,-1515.893,1803.135,-869.942,220.38676,-1515.893,1803.135,-1.0,1.0,-1.0,1.0,0.0,0.4,-0.4,0.4
0.016666666666666666,21.500036,-13.999992,1.1931782,0.9999185,0.003579727,-0.011166114,0.005040866,-0.005666654,-0.0025259445,-0.32743505,0.00030958664,-1.0719329,0.4857182,21.500004,-13.999998,0.39317834,0.0023222642,0.00040981136,0.09835471,-0.004098113,-574.49567,-40.54809,-1312.002,1710.0138,-574.49567,-40.54809,-1312.002,1710.0138,-1.0,-1.0,-1.0,1.0,0.0,-0.4,-0.4,0.4
0.03333333333333333,21.500072,-13.999988,1.1856745,0.99964917,0.006329944,-0.023435479,0.010594213,-0.02057849,-0.0055938666,-0.4906441,0.44092184,-1.6052585,0.7283886,21.500002,-13.999999,0.3856745,0.00505434,0.0008196227,0.16392455,0.02458868,-411.3408,863.02515,-1197.274,1563.1222,-411.3408,863.02515,-1197.274,1563.1222,-1.0,1.0,-1.0,1.0,0.0,0.4,-0.4,0.4
0.05,21.499912,-14.000031,1.1793224,0.99895346,0.012850331,-0.03993773,0.01821613,-0.042122673,-0.011914166,-0.342013,0.89862525,-2.1104105,0.96955585,21.500004,-13.999996,0.37932253,-0.0065569817,-0.00252717,-0.6966793,-0.20080756,275.28592,687.87177,-850.321,1418.8022,275.28592,687.87177,-850.321,1418.8022,1.0,1.0,-1.0,1.0,33.524375915527344,0.4,-0.4,0.4
0.06666666666666667,21.499338,-14.000214,1.1754043,0.99750525,0.023262398,-0.060518276,0.027921222,-0.067099415,-0.019851258,-0.19120379,1.3717602,-2.6059465,1.2082993,21.500013,-13.999989,0.37540483,-0.048357747,-0.016119247,-2.508046,-0.8155246,737.7798,214.72597,-312.36356,1312.2855,737.7798,214.72597,-312.36356,1312.2855,1.0,1.0,-1.0,1.0,33.524375915527344,0.4,-0.4,0.4
0.08333333333333333,21.498104,-14.000673,1.1738986,0.99560827,0.032124884,-0.07853573,0.039551474,-0.09492602,-0.028316097,-0.03819249,0.99867135,-2.0216033,1.4454125,21.50003,-13.999973,0.37390137,-0.13796996,-0.050133597,-5.3767323,-2.040861,994.0185,-421.40387,1222.8488,1107.1172,994.0185,-421.40387,1222.8488,1107.1172,1.0,-1.0,1.0,1.0,33.524375915527344,-0.4,0.4,0.4
0.1,21.496033,-14.001518,1.1747731,0.9936479,0.037501782,-0.091881886,0.053059228,-0.12434256,-0.03559534,0.11573568,0.6205652,-1.4411173,1.6849667,21.500057,-13.999934,0.3747849,-0.28823522,-0.11344952,-9.015915,-3.7989554,963.541,-615.08093,2073.0662,1121.2612,963.541,-615.08093,2073.0662,1121.2612,1.0,-1.0,1.0,1.0,33.524375915527344,-0.4,0.4,0.4
0.11666666666666667,21.492983,-14.002831,1.1779989,0.9917871,0.039241012,-0.100676976,0.06843023,-0.15666755,-0.041991193,0.2697463,0.23317942,-0.8676054,1.9263649,21.500072,-13.999882,0.3780357,-0.50776297,-0.21125823,-13.171664,-5.868522,820.8708,-745.94135,2696.8108,1076.3214,820.8708,-745.94135,2696.8108,1076.3214,1.0,-1.0,1.0,1.0,33.524375915527344,-0.4,0.4,0.4
0.13333333333333333,21.488874,-14.004652,1.1835558,0.9900742,0.037159026,-0.10506748,0.08563275,-0.19317923,-0.047828704,0.42284092,-0.16766353,-0.30430967,2.169193,21.500055,-13.999821,0.38364887,-0.80079746,-0.3460195,-17.58207,-8.085676,590.28656,-729.248,3074.041,1004.30054,590.28656,-729.248,3074.041,1004.30054,1.0,-1.0,1.0,1.0,33.524375915527344,-0.4,0.4,0.4
0.15,21.483667,-14.006979,1.191435,0.98844284,0.031042518,-0.10522584,0.10461677,-0.23503399,-0.053455945,0.57389367,-0.5860218,0.24530625,2.4131143,21.499973,-13.999757,0.39163384,-1.1679066,-0.5172573,-22.02655,-10.274265,79.290695,-203.63702,2981.8452,997.7199,79.290695,-203.63702,2981.8452,997.7199,1.0,-1.0,1.0,1.0,33.524375915527344,-0.4,0.4,0.4
0.16666666666666666,21.478172,-14.009428,1.1978515,0.9865621,0.025952207,-0.10088302,0.12587447,-0.2776336,-0.049474135,0.4114125,-0.16993521,0.76381147,2.6551304,21.499866,-13.9996805,0.3982052,-1.5539219,-0.6981309,-23.160915,-10.852417,-605.8144,747.8758,2440.0037,1034.8943,-605.8144,747.8758,2440.0037,1034.8943,-1.0,1.0,1.0,1.0,0.0,0.4,0.4,0.4
0.18333333333333332,21.472668,-14.01189,1.2015429,0.9843439,0.018048864,-0.09249081,0.14895202,-0.31908485,-0.041931357,0.24507983,-0.64068955,1.289429,2.8968172,21.499756,-13.999593,0.4020962,-1.9404179,-0.8807876,-23.189754,-10.959402,-507.23212,-422.32623,1852.3136,1169.7856,-507.23212,-422.32623,1852.3136,1169.7856,-1.0,-1.0,1.0,1.0,0.0,-0.4,0.4,0.4
0.2,21.46715,-14.014357,1.2025102,0.9814478,0.010568086,-0.07964743,0.17408241,-0.35444734,-0.025381062,0.07472916,-0.279178,1.8008959,3.1383483,21.499641,-13.999496,0.40330863,-2.3276858,-1.0643413,-23.236074,-11.013221,-205.16711,301.26257,338.39636,1295.7957,-205.16711,301.26257,338.39636,1295.7957,-1.0,1.0,1.0,1.0,0.0,0.4,0.4,0.4
0.21666666666666667,21.46105,-14.0170145,1.2045854,0.97716576,0.00092839444,-0.06941822,0.20081636,-0.38508743,-0.0057194596,0.21467228,-0.7890001,1.2650377,3.3798277,21.499363,-13.99946,0.4056964,-2.7450101,-1.2573339,-25.039457,-11.579554,219.36943,-772.5179,-447.37805,1449.1451,219.36943,-772.5179,-447.37805,1449.1451,1.0,-1.0,-1.0,1.0,33.524375915527344,-0.4,-0.4,0.4
0.23333333333333334,21.45424,-14.01982,1.2090588,0.97124434,-0.0066763004,-0.06335354,0.22940393,-0.41063088,0.021282911,0.35748875,-0.41355556,0.7084702,3.6216795,21.498838,-13.999512,0.41056097,-3.1957264,-1.454645,-27.042974,-11.838669,178.23679,653.1736,-368.92444,979.4669,178.23679,653.1736,-368.92444,979.4669,1.0,1.0,-1.0,1.0,33.524375915527344,0.4,-0.4,0.4
0.25,21.446756,-14.022708,1.2159424,0.9640306,-0.011824957,-0.054330938,0.25990984,-0.43715262,0.05576084,0.4982527,-0.030119643,1.249158,3.8634572,21.498024,-13.999677,0.41791916,-3.674291,-1.6497186,-28.71387,-11.704415,124.654755,715.9575,103.05882,490.7624,124.654755,715.9575,103.05882,490.7624,1.0,1.0,1.0,1.0,33.524375915527344,0.4,0.4,0.4
0.26666666666666666,21.439121,-14.0256,1.2213831,0.95510745,-0.013545932,-0.046583414,0.2922603,-0.4516257,0.09623783,0.32872024,0.33040005,0.7114745,4.1041965,21.49713,-13.999858,0.42390448,-4.15818,-1.8439913,-29.03336,-11.656358,-51.729355,176.79277,-462.98993,761.4708,-51.729355,176.79277,-462.98993,761.4708,-1.0,1.0,-1.0,1.0,0.0,0.4,-0.4,0.4
0.2833333333333333,21.43113,-14.028488,1.2279586,0.9451762,-0.015990134,-0.043486238,0.32325724,-0.45813334,0.1347121,0.4736396,-0.12895623,0.2090739,3.8589585,21.495947,-14.000162,0.43109226,-4.6473002,-2.029127,-29.347198,-11.108135,519.3817,-31.498693,-113.5273,-1378.0543,519.3817,-31.498693,-113.5273,-1378.0543,1.0,-1.0,-1.0,-1.0,33.524375915527344,-0.4,-0.4,-0.4
0.3,21.422647,-14.031356,1.2369635,0.9350731,-0.017599415,-0.037550747,0.35202062,-0.46642217,0.17588772,0.6163065,0.28117093,0.7674292,3.6139662,21.494349,-14.000668,0.4407745,-5.14211,-2.198426,-29.688576,-10.157947,539.72144,802.0813,425.30093,-3626.0344,539.72144,802.0813,425.30093,-3626.0344,1.0,1.0,1.0,-1.0,33.524375915527344,0.4,0.4,-0.4
0.31666666666666665,21.41374,-14.034172,1.2484002,0.9236665,-0.015402774,-0.032223444,0.3815293,-0.46589768,0.2229026,0.75867903,0.6798485,0.26616248,3.8536744,21.49229,-14.001385,0.4529413,-5.634833,-2.348877,-29.563377,-9.027056,394.56564,213.38057,-368.517,682.9652,394.56564,213.38057,-368.517,682.9652,1.0,1.0,-1.0,1.0,33.524375915527344,0.4,-0.4,0.4
0.3333333333333333,21.404469,-14.036962,1.2622765,0.91178167,-0.016034476,-0.025129333,0.409592,-0.46867365,0.26441446,0.89929396,0.22892112,0.86787784,3.6094425,21.48972,-14.002316,0.46758658,-6.1172585,-2.4820476,-28.94554,-7.990236,439.13647,-229.05077,196.39261,-1179.8385,439.13647,-229.05077,196.39261,-1179.8385,1.0,-1.0,1.0,-1.0,33.524375915527344,-0.4,0.4,-0.4
0.35,21.394901,-14.03969,1.2785941,0.8985489,-0.014509356,-0.019115228,0.43821666,-0.4614132,0.31100148,1.0401682,0.62105817,0.3616344,3.8499827,21.486593,-14.003491,0.48469117,-6.5814176,-2.5934205,-27.849539,-6.6823764,342.54044,256.53296,-535.55743,653.1877,342.54044,256.53296,-535.55743,653.1877,1.0,1.0,-1.0,1.0,33.524375915527344,0.4,-0.4,0.4
0.36666666666666664,21.385118,-14.042349,1.2973549,0.8847745,-0.012852368,-0.017621754,0.4655086,-0.44216764,0.3501472,1.1855928,0.18769053,-0.12789881,3.604163,21.482876,-14.0049095,0.5042335,-7.018896,-2.6823754,-26.24871,-5.337295,465.44748,-339.14844,-153.61432,-1810.6514,465.44748,-339.14844,-153.61432,-1810.6514,1.0,-1.0,-1.0,-1.0,33.524375915527344,-0.4,-0.4,-0.4
0.3833333333333333,21.375128,-14.044965,1.3185666,0.8712348,-0.01078934,-0.013012211,0.49057537,-0.43011004,0.39250565,1.327841,0.6158431,0.4517716,3.3596084,21.478527,-14.006603,0.52620506,-7.426203,-2.7484977,-24.438398,-3.9673374,424.46777,507.61066,74.875275,-4128.0225,424.46777,507.61066,74.875275,-4128.0225,1.0,1.0,1.0,-1.0,33.524375915527344,0.4,0.4,-0.4
0.4,21.364992,-14.047533,1.3422277,0.85641587,-0.009395933,-0.01092336,0.5160853,-0.40729067,0.42736942,1.4723339,0.18028937,-0.043426365,3.6000435,21.47351,-14.008567,0.5505805,-7.796107,-2.7918518,-22.19424,-2.6012418,408.21982,-858.2758,-329.42288,568.2361,408.21982,-858.2758,-329.42288,568.2361,1.0,-1.0,-1.0,1.0,33.524375915527344,-0.4,-0.4,0.4
0.4166666666666667,21.354733,-14.05005,1.3683382,0.84136575,-0.0042098262,-0.011495176,0.5403274,-0.3697552,0.46716547,1.6184738,0.6230575,-0.5552962,3.353689,21.467787,-14.0107975,0.57734036,-8.124112,-2.8123667,-19.680317,-1.2308978,377.50616,168.41293,-285.4738,-4681.4854,377.50616,168.41293,-285.4738,-4681.4854,1.0,1.0,-1.0,-1.0,33.524375915527344,0.4,-0.4,-0.4
0.43333333333333335,21.34438,-14.052589,1.3969052,0.8267962,-0.0017645151,-0.010680168,0.56239736,-0.34344262,0.4964234,1.7640747,0.22268814,0.041512296,3.1089132,21.461336,-14.013316,0.6064756,-8.406537,-2.8138714,-16.945494,-0.09027957,444.5155,-894.7636,325.309,-4385.7397,444.5155,-894.7636,325.309,-4385.7397,1.0,-1.0,1.0,-1.0,33.524375915527344,-0.4,0.4,-0.4
0.45,21.333958,-14.055161,1.4279245,0.8128068,-0.0009942742,-0.013443869,0.5823773,-0.30848202,0.51004094,1.9138224,-0.19093174,-0.4785295,2.8635182,21.45412,-14.01611,0.63796526,-8.638732,-2.7979376,-13.931693,0.95602506,473.56674,-702.7111,-338.2008,-1276.1467,473.56674,-702.7111,-338.2008,-1276.1467,1.0,-1.0,-1.0,-1.0,33.524375915527344,-0.4,-0.4,-0.4
0.4666666666666667,21.323452,-14.057786,1.4613962,0.799476,0.0040074806,-0.018618995,0.600396,-0.25739825,0.5301953,2.0639439,0.26811773,-1.0112613,2.6179795,21.446135,-14.019188,0.6718021,-8.821301,-2.7654562,-10.954169,1.9488858,607.95337,266.9874,-221.40129,-3883.6812,607.95337,266.9874,-221.40129,-3883.6812,1.0,1.0,-1.0,-1.0,33.524375915527344,0.4,-0.4,-0.4
0.48333333333333334,21.312841,-14.060556,1.4973228,0.7870318,0.0063944818,-0.0226538,0.6164632,-0.22098166,0.5396893,2.214137,-0.11620986,-0.43524066,2.3736417,21.437347,-14.022533,0.70798624,-8.953482,-2.724223,-7.9308124,2.4739978,636.35394,-497.68146,740.62115,-3721.16,636.35394,-497.68146,740.62115,-3721.16,1.0,-1.0,1.0,-1.0,33.524375915527344,-0.4,0.4,-0.4
0.5,21.302128,-14.063518,1.5356984,0.7754876,0.007567376,-0.030382682,0.63058585,-0.17491001,0.531914,2.367933,-0.51333237,-0.97124785,2.1292944,21.427753,-14.02614,0.7465086,-9.034666,-2.677931,-4.8710628,2.7775095,684.52344,-143.45572,-103.532486,-618.5555,684.52344,-143.45572,-103.532486,-618.5555,1.0,-1.0,-1.0,-1.0,33.524375915527344,-0.4,-0.4,-0.4
0.5166666666666666,21.291239,-14.066741,1.5765234,0.7650151,0.008896448,-0.03498366,0.6429998,-0.1449368,0.5340977,2.5189574,-0.055637717,-0.41687623,1.8856797,21.417341,-14.030004,0.7873793,-9.069247,-2.6320512,-2.0748708,2.7527902,596.02545,821.6092,836.0846,-2899.308,596.02545,821.6092,836.0846,-2899.308,1.0,1.0,1.0,-1.0,33.524375915527344,0.4,0.4,-0.4
0.5333333333333333,21.280157,-14.070281,1.6197945,0.7538521,0.0059494344,-0.037041828,0.65597206,-0.1384018,0.52612525,2.6701021,-0.46517053,0.14608201,2.1274438,21.4061,-14.03411,0.8305987,-9.057628,-2.5914376,0.697174,2.4368188,557.6171,-167.25998,738.95825,651.06805,557.6171,-167.25998,738.95825,651.06805,1.0,-1.0,1.0,1.0,33.524375915527344,-0.4,0.4,0.4
0.55,21.268852,-14.074131,1.6655109,0.7412649,0.0012198782,-0.03443088,0.67032784,-0.15502423,0.53076226,2.8180914,-0.044427097,0.7014723,2.369255,21.394041,-14.038457,0.87617236,-9.002992,-2.5558164,3.2781599,2.1372697,563.1386,155.43105,289.38742,581.4837,563.1386,155.43105,289.38742,581.4837,1.0,1.0,1.0,1.0,33.524375915527344,0.4,0.4,0.4
0.5666666666666667,21.257315,-14.078242,1.7136749,0.7271438,-0.008137052,-0.029648399,0.68579626,-0.19593167,0.5247499,2.9660063,-0.494501,1.2619668,2.6084158,21.381157,-14.043047,0.924103,-8.905359,-2.521495,5.857944,2.0592782,553.0303,-1466.7921,136.40869,777.3169,553.0303,-1466.7921,136.40869,777.3169,1.0,-1.0,1.0,1.0,33.524375915527344,-0.4,0.4,0.4
0.5833333333333334,21.245533,-14.082494,1.7642837,0.7111262,-0.018754631,-0.029159239,0.70220906,-0.21837723,0.49793804,3.117645,-0.96067566,0.70345306,2.8466644,21.367472,-14.047879,0.9743895,-8.767391,-2.4798596,8.278083,2.4981306,421.35245,-1235.7268,-66.97763,691.5074,421.35245,-1235.7268,-66.97763,691.5074,1.0,-1.0,-1.0,1.0,33.524375915527344,-0.4,-0.4,0.4
0.6,21.233435,-14.086817,1.8173378,0.6953674,-0.033489008,-0.029882293,0.7172515,-0.25797898,0.44844458,3.271548,-1.413883,1.2205496,2.5978026,21.352997,-14.052954,1.027048,-8.595211,-2.4259884,10.33081,3.232269,138.54419,-544.46484,179.82845,-4953.12,138.54419,-544.46484,179.82845,-4953.12,1.0,-1.0,1.0,-1.0,33.524375915527344,-0.4,0.4,-0.4
0.6166666666666667,21.221233,-14.091133,1.8689566,0.6806332,-0.045216493,-0.031505927,0.73054856,-0.27794677,0.41587326,3.1134326,-1.0346311,0.6175385,2.3508584,21.338327,-14.058085,1.0782627,-8.416479,-2.3675392,10.723914,3.5069559,-296.6856,38.303547,-25.262423,-2964.8333,-296.6856,38.303547,-25.262423,-2964.8333,-1.0,1.0,-1.0,-1.0,0.0,0.4,-0.4,-0.4
0.6333333333333333,21.209038,-14.095452,1.9178532,0.6670117,-0.05960888,-0.033390284,0.7419079,-0.3091883,0.37579632,2.9555423,-1.483259,1.1209782,2.102832,21.32365,-14.0632105,1.1267629,-8.236864,-2.309776,10.7769,3.4657857,-341.80426,-278.6393,11.156868,-3889.456,-341.80426,-278.6393,11.156868,-3889.456,-1.0,-1.0,1.0,-1.0,0.0,-0.4,0.4,-0.4
0.65,21.196838,-14.099762,1.9640231,0.65461695,-0.07092356,-0.036043435,0.7517628,-0.32041806,0.35203648,2.7973785,-1.0930483,0.5270538,1.8563919,21.308977,-14.068332,1.1725453,-8.057882,-2.251605,10.738906,3.4902618,-504.02768,2.0465753,-529.32416,-2069.7944,-504.02768,2.0465753,-529.32416,-2069.7944,-1.0,1.0,-1.0,-1.0,0.0,0.4,-0.4,-0.4
0.6666666666666666,21.184637,-14.104053,2.007464,0.64321274,-0.07970594,-0.043483235,0.76028514,-0.30371732,0.3215006,2.6435068,-1.5306158,-0.060204387,1.6107974,21.294292,-14.073446,1.215606,-7.87829,-2.1925478,10.775527,3.543434,-590.623,-74.98066,-562.83185,-2777.3945,-590.623,-74.98066,-562.83185,-2777.3945,-1.0,-1.0,-1.0,-1.0,0.0,-0.4,-0.4,-0.4
0.6833333333333333,21.172428,-14.10833,2.0481744,0.63309205,-0.08354789,-0.052863758,0.7677367,-0.26359898,0.30632293,2.4914951,-1.1038777,-0.6425076,1.3677619,21.279608,-14.078559,1.255946,-7.6993284,-2.1326725,10.737704,3.5925148,-608.44434,132.31192,-361.74704,-5498.2144,-608.44434,132.31192,-361.74704,-5498.2144,-1.0,1.0,-1.0,-1.0,0.0,0.4,-0.4,-0.4
0.7,21.1602,-14.112593,2.086155,0.6244241,-0.081318624,-0.06262347,0.7743127,-0.20462221,0.31208295,2.3393328,-0.6661135,-1.209239,1.125978,21.264921,-14.083667,1.2935661,-7.521681,-2.0721164,10.6588545,3.6333702,-670.48444,208.57011,-300.08105,-5584.6387,-670.48444,208.57011,-300.08105,-5584.6387,-1.0,1.0,-1.0,-1.0,0.0,0.4,-0.4,-0.4
0.7166666666666667,21.147963,-14.116844,2.1214044,0.6171784,-0.073046185,-0.07257485,0.7800564,-0.1314261,0.33588606,2.1855018,-0.2219441,-1.7639698,0.88482285,21.250242,-14.088773,1.3284662,-7.345346,-2.010879,10.5800905,3.6742399,-737.80963,313.61578,-189.21405,-5312.11,-737.80963,313.61578,-189.21405,-5312.11,-1.0,1.0,-1.0,-1.0,0.0,0.4,-0.4,-0.4
0.7333333333333333,21.135702,-14.121082,2.1539247,0.6112519,-0.058751497,-0.08257149,0.7849211,-0.048778176,0.37485433,2.027898,0.22434878,-2.310424,0.6431241,21.235554,-14.093869,1.3606473,-7.170044,-1.9493706,10.518121,3.6905048,-731.40985,404.45627,-57.039223,-4692.8896,-731.40985,404.45627,-57.039223,-4692.8896,-1.0,1.0,-1.0,-1.0,0.0,0.4,-0.4,-0.4
0.75,21.123434,-14.125332,2.1837213,0.607127,-0.04382731,-0.08830257,0.7884659,0.010985792,0.42623523,1.8648561,0.6725657,-1.754036,0.3990171,21.220865,-14.098954,1.3901147,-6.9953613,-1.8895047,10.480956,3.5919569,-678.95135,491.09662,229.85876,-3826.0544,-678.95135,491.09662,229.85876,-3826.0544,-1.0,1.0,1.0,-1.0,0.0,0.4,0.4,-0.4
0.7666666666666666,21.111158,-14.129599,2.2107966,0.6026321,-0.030413615,-0.0882561,0.7925405,0.046224415,0.4864292,1.6964353,1.112927,-1.1953992,0.6406268,21.206161,-14.104026,1.4168693,-6.820193,-1.8318273,10.51011,3.460643,-705.0068,456.91052,25.726507,424.11935,-705.0068,456.91052,25.726507,424.11935,-1.0,1.0,1.0,1.0,0.0,0.4,0.4,0.4
0.7833333333333333,21.098886,-14.133858,2.2351463,0.596165,-0.016409298,-0.09077422,0.79754496,0.085553885,0.5341878,1.5268927,0.7011485,-1.7362354,0.88283116,21.191442,-14.1090975,1.4409041,-6.6437135,-1.7736052,10.588759,3.493323,-768.4721,-75.25787,-281.8717,529.4661,-768.4721,-75.25787,-281.8717,529.4661,-1.0,-1.0,-1.0,1.0,0.0,-0.4,-0.4,0.4
0.8,21.086607,-14.138124,2.256773,0.5906024,-0.0030600054,-0.090289675,0.8018897,0.10766244,0.5843897,1.3546536,1.1502076,-1.1721203,0.63769287,21.176714,-14.114164,1.462225,-6.46716,-1.7162734,10.593194,3.4399078,-768.99866,424.01877,77.27637,-2865.0508,-768.99866,424.01877,77.27637,-2865.0508,-1.0,1.0,1.0,-1.0,0.0,0.4,0.4,-0.4
0.8166666666666667,21.074337,-14.142386,2.2756743,0.58390164,0.010998118,-0.09240979,0.8064728,0.13145071,0.62300503,1.1820407,0.7379111,-1.7126118,0.87977433,21.16197,-14.119226,1.4808264,-6.2888813,-1.6589433,10.696734,3.4398077,-660.084,-91.23166,-133.15395,448.26465,-660.084,-91.23166,-133.15395,448.26465,-1.0,-1.0,-1.0,1.0,0.0,-0.4,-0.4,0.4
0.8333333333333334,21.062057,-14.146656,2.291852,0.57806957,0.024344822,-0.09151025,0.81047446,0.13936669,0.6628313,1.0073273,1.1868203,-1.1479359,0.6345307,21.147219,-14.124285,1.4967126,-6.110801,-1.6024346,10.684804,3.3905194,-648.73157,541.9474,450.93484,-2908.1675,-648.73157,541.9474,450.93484,-2908.1675,-1.0,1.0,1.0,-1.0,0.0,0.4,0.4,-0.4
0.85,21.049784,-14.15094,2.3053071,0.57179475,0.032885805,-0.08925151,0.814864,0.13424867,0.69234073,0.8353456,0.77758396,-0.5904211,0.8757563,21.132446,-14.129338,1.5098828,-5.930857,-1.5472943,10.796641,3.3084223,-445.47754,-130.77966,217.55968,352.14014,-445.47754,-130.77966,217.55968,352.14014,-1.0,-1.0,1.0,1.0,0.0,-0.4,0.4,0.4
0.8666666666666667,21.037508,-14.15522,2.316037,0.5635162,0.044055164,-0.086765975,0.8203537,0.1331917,0.72067344,0.6595513,1.2100656,-1.1211305,1.1188409,21.117672,-14.134396,1.5203358,-5.7509723,-1.4916086,10.793094,3.3411381,-526.7645,195.12209,-293.2668,285.3353,-526.7645,195.12209,-293.2668,285.3353,-1.0,1.0,-1.0,1.0,0.0,0.4,-0.4,0.4
0.8833333333333333,21.025246,-14.159506,2.3240423,0.55625445,0.052398525,-0.08417679,0.8250755,0.121695995,0.7409922,0.48685148,0.80573404,-0.55655485,0.8732421,21.102896,-14.139455,1.5280721,-5.5700464,-1.4361976,10.85555,3.3246586,-489.0702,-359.08023,234.82301,-1774.9015,-489.0702,-359.08023,234.82301,-1774.9015,-1.0,-1.0,1.0,-1.0,0.0,-0.4,0.4,-0.4
0.9,21.012985,-14.163782,2.329322,0.5480744,0.06055556,-0.08571338,0.82981956,0.11149305,0.75425947,0.31846076,0.38818085,-1.0983366,1.1167021,21.088104,-14.144511,1.53309,-5.387941,-1.3803098,10.9263315,3.3532689,-159.84094,-107.31796,-161.60023,215.04842,-159.84094,-107.31796,-161.60023,215.04842,-1.0,-1.0,-1.0,1.0,0.0,-0.4,-0.4,0.4
0.9166666666666666,21.000725,-14.168068,2.3318772,0.5407408,0.06785847,-0.08427666,0.83420134,0.09247613,0.7680135,0.14866361,0.8331256,-0.5363085,0.87217706,21.073317,-14.149568,1.5353923,-5.2061644,-1.3251065,10.90659,3.3121989,-66.70681,576.39746,530.45197,-3653.9104,-66.70681,576.39746,530.45197,-3653.9104,-1.0,1.0,1.0,-1.0,0.0,0.4,0.4,-0.4
0.9333333333333333,20.988586,-14.173229,2.3355014,0.53302103,0.07022179,-0.08168918,0.8392164,0.06899631,0.77853864,0.29353696,0.42375845,0.03800866,1.1130291,21.058167,-14.1546955,1.5387487,-4.98961,-1.3274977,12.993249,-0.14347313,251.90656,-250.46938,92.824974,154.1797,251.90656,-250.46938,92.824974,154.1797,1.0,-1.0,1.0,1.0,33.524375915527344,-0.4,0.4,0.4
0.95,20.97649,-14.178693,2.3376648,0.52379686,0.06942057,-0.075199686,0.8456728,0.05060911,0.789937,0.12465629,0.8490763,0.60063255,1.3538452,21.042892,-14.159858,1.5406481,-4.761202,-1.349087,13.704499,-1.2953566,-309.8513,132.38445,304.46774,86.4733,-309.8513,132.38445,304.46774,86.4733,-1.0,1.0,1.0,1.0,0.0,0.4,0.4,0.4
0.9666666666666667,20.964401,-14.184148,2.3371024,0.51274425,0.06932247,-0.07155582,0.8527412,0.039915442,0.7969228,-0.042549737,0.40881786,0.06453802,1.5962716,21.02762,-14.165028,1.5398337,-4.5324583,-1.3695151,13.724612,-1.2256836,-443.44766,-477.25772,-569.7118,282.1997,-443.44766,-477.25772,-569.7118,282.1997,-1.0,-1.0,-1.0,1.0,0.0,-0.4,-0.4,0.4
0.9833333333333333,20.9523,-14.189593,2.3338137,0.50203496,0.07393577,-0.068634205,0.8589434,0.027231574,0.803113,-0.2128022,0.8304623,-0.46538812,1.3527516,21.012348,-14.170199,1.5363064,-4.304746,-1.3891233,13.662728,-1.1764954,-498.6722,262.04593,-206.72496,-3141.362,-498.6722,262.04593,-206.72496,-3141.362,-1.0,1.0,-1.0,-1.0,0.0,0.4,-0.4,-0.4
1.0,20.940199,-14.195046,2.3277998,0.49328995,0.07576838,-0.06582124,0.8640554,0.009775758,0.80640686,-0.3798427,0.4162208,0.093152106,1.107448,20.99707,-14.175367,1.5300668,-4.076554,-1.4095517,13.691539,-1.225705,-208.4694,-405.9264,519.8316,-2896.9617,-208.4694,-405.9264,519.8316,-2896.9617,-1.0,-1.0,1.0,-1.0,0.0,-0.4,0.4,-0.4
1.0166666666666666,20.928381,-14.201252,2.3228657,0.48597935,0.08038849,-0.062305383,0.8680321,-0.0131287575,0.8096805,-0.2388055,0.84188235,-0.42116767,0.8634381,20.981524,-14.180608,1.5248996,-3.8088593,-1.4786952,16.061666,-4.1486044,38.71403,17.996784,-397.89337,-543.36115,38.71403,17.996784,-397.89337,-543.36115,1.0,1.0,-1.0,-1.0,33.524375915527344,0.4,-0.4,-0.4
1.0333333333333332,20.916666,-14.207713,2.316475,0.48068696,0.08222357,-0.05895868,0.87103564,-0.037552357,0.8109831,-0.40596902,0.42439005,0.13124156,0.61853296,20.965878,-14.185877,1.5182887,-3.5267408,-1.5641026,16.927113,-5.1244493,-83.98855,-809.5202,1156.5258,-143.88074,-83.98855,-809.5202,1156.5258,-143.88074,-1.0,-1.0,1.0,-1.0,0.0,-0.4,0.4,-0.4
1.05,20.905333,-14.2149105,2.3111634,0.47505572,0.078250565,-0.056478854,0.8746479,-0.0602026,0.81358373,-0.2568755,0.0060260296,0.6954602,0.85940874,20.949995,-14.191239,1.512762,-3.2003782,-1.6955688,19.581755,-7.8879685,43.441994,-408.99283,594.22797,240.91359,43.441994,-408.99283,594.22797,240.91359,1.0,-1.0,1.0,1.0,33.524375915527344,-0.4,0.4,0.4
1.0666666666666667,20.894129,-14.222361,2.3043966,0.46773764,0.07092901,-0.050419826,0.8795728,-0.070287585,0.81724566,-0.42296404,0.42374897,1.2488418,1.0992824,20.934034,-14.19665,1.5058066,-2.859211,-1.8417362,20.470032,-8.770043,-312.6868,14.651363,616.7894,189.30199,-312.6868,14.651363,616.7894,189.30199,-1.0,1.0,1.0,1.0,0.0,0.4,0.4,0.4
1.0833333333333333,20.88293,-14.229798,2.2949026,0.45859978,0.06457836,-0.04727929,0.88503134,-0.07182163,0.8210031,-0.5867039,-0.028194785,0.7010963,1.3408626,20.918074,-14.202065,1.4961565,-2.517735,-1.9866171,20.488556,-8.692853,-391.82498,-412.57263,-382.52563,366.03635,-391.82498,-412.57263,-382.52563,366.03635,-1.0,-1.0,-1.0,1.0,0.0,-0.4,-0.4,0.4
1.1,20.871714,-14.23723,2.2826812,0.44999686,0.062999815,-0.044719562,0.8896819,-0.07710278,0.82397544,-0.752598,0.38002652,0.16084635,1.0970482,20.902107,-14.207488,1.4838125,-2.1773052,-2.1306221,20.425785,-8.640303,-469.82916,548.61505,-320.2455,-2452.2805,-469.82916,548.61505,-320.2455,-2452.2805,-1.0,1.0,-1.0,-1.0,0.0,0.4,-0.4,-0.4
1.1166666666666667,20.860497,-14.244673,2.2677352,0.4430362,0.060969986,-0.037829895,0.89362764,-0.081427395,0.8191992,-0.92442155,0.8054703,0.7212856,0.85183907,20.886152,-14.212902,1.4687783,-1.8377726,-2.2760077,20.371956,-8.723129,-351.54153,112.20788,121.965485,-2454.8965,-351.54153,112.20788,121.965485,-2454.8965,-1.0,1.0,1.0,-1.0,0.0,0.4,0.4,-0.4
1.1333333333333333,20.849277,-14.252106,2.2500618,0.43516645,0.060060468,-0.033652116,0.8977139,-0.084088266,0.81357014,-1.0935752,0.3647424,0.17889833,1.0935935,20.8702,-14.218313,1.4510498,-1.4985778,-2.4209297,20.351685,-8.69532,-282.40442,-466.8422,-668.8463,259.2919,-282.40442,-466.8422,-668.8463,259.2919,-1.0,-1.0,-1.0,1.0,0.0,-0.4,-0.4,0.4
1.15,20.838041,-14.259531,2.229661,0.4279274,0.06391578,-0.02982474,0.90105677,-0.09799391,0.8029938,-1.264539,0.7836142,-0.35362858,0.8495635,20.854248,-14.223728,1.4306269,-1.1608018,-2.5650463,20.266563,-8.646997,-360.88153,295.83133,-314.59354,-3243.009,-360.88153,295.83133,-314.59354,-3243.009,-1.0,1.0,-1.0,-1.0,0.0,0.4,-0.4,-0.4
1.1666666666666667,20.826813,-14.266959,2.2065346,0.4226741,0.06498373,-0.026438944,0.90356225,-0.11159772,0.7923997,-1.4326978,0.36515313,0.19611736,0.6047175,20.838308,-14.2291355,1.4075122,-0.82333934,-2.7099316,20.247744,-8.693117,-229.37444,-337.40652,451.53824,-2834.9065,-229.37444,-337.40652,451.53824,-2834.9065,-1.0,-1.0,1.0,-1.0,0.0,-0.4,0.4,-0.4
1.1833333333333333,20.815578,-14.274388,2.1806812,0.41907072,0.06883357,-0.022274189,0.90506655,-0.13355917,0.7748642,-1.6032279,0.78428686,-0.33984852,0.3613972,20.82238,-14.234538,1.3817034,-0.48713496,-2.8552444,20.172262,-8.718766,-211.18082,183.2543,-197.32559,-216.80359,-211.18082,183.2543,-197.32559,-216.80359,-1.0,1.0,-1.0,-1.0,0.0,0.4,-0.4,-0.4
1.2,20.804348,-14.281819,2.152102,0.41470924,0.06985512,-0.018804327,0.9070738,-0.14892596,0.75877434,-1.771104,0.3645223,0.20531163,0.6026936,20.806454,-14.239939,1.3532019,-0.15081075,-3.0008495,20.179451,-8.736304,-85.27269,-379.50467,603.6709,44.594307,-85.27269,-379.50467,603.6709,44.594307,-1.0,-1.0,1.0,1.0,0.0,-0.4,0.4,0.4
1.2166666666666666,20.793127,-14.289265,2.1207983,0.41121176,0.067453854,-0.011710138,0.9089651,-0.14773577,0.73464847,-1.9428575,0.79291916,0.7613093,0.35895663,20.790535,-14.245347,1.3220088,0.18564487,-3.1469524,20.187336,-8.766173,-103.54814,91.86905,359.5385,-320.81534,-103.54814,91.86905,359.5385,-320.81534,-1.0,1.0,1.0,-1.0,0.0,0.4,0.4,-0.4
1.2333333333333334,20.782362,-14.296994,2.0906138,0.40687114,0.06625476,-0.0072101476,0.91105103,-0.15166318,0.71391153,-1.8009862,0.36085737,0.23210022,0.60109735,20.774632,-14.250963,1.2919769,0.55366373,-3.2985494,22.081131,-9.09582,198.14043,-504.06174,-315.4797,395.91498,198.14043,-504.06174,-315.4797,395.91498,1.0,-1.0,-1.0,1.0,33.524375915527344,-0.4,-0.4,0.4
1.25,20.771767,-14.304814,2.0589857,0.40369728,0.06152414,-0.0049519143,0.9128081,-0.14736044,0.70641583,-1.9651799,-0.06346071,0.7743046,0.35693502,20.758745,-14.25666,1.2605426,0.93263525,-3.4508533,22.738289,-9.138235,-40.0021,-251.78705,607.0031,-871.2866,-40.0021,-251.78705,607.0031,-871.2866,-1.0,-1.0,1.0,-1.0,0.0,-0.4,0.4,-0.4
1.2666666666666666,20.76159,-14.312856,2.0284836,0.3994755,0.05944123,-0.0020126852,0.91481245,-0.1478228,0.69288695,-1.8208696,0.3581477,0.25276303,0.5992157,20.742924,-14.262591,1.2302828,1.336926,-3.6022923,24.257442,-9.086336,248.74951,510.28503,-104.46182,176.91013,248.74951,510.28503,-104.46182,176.91013,1.0,1.0,-1.0,1.0,33.524375915527344,0.4,-0.4,0.4
1.2833333333333332,20.751997,-14.321158,2.0003963,0.3962769,0.054450165,0.00035355357,0.916515,-0.14313728,0.6838874,-1.6746637,-0.06117904,0.8128489,0.35507506,20.727222,-14.268856,1.2024924,1.7746303,-3.7485542,26.262259,-8.775715,171.98105,-309.90958,740.8019,-1535.5371,171.98105,-309.90958,740.8019,-1535.5371,1.0,-1.0,1.0,-1.0,33.524375915527344,-0.4,0.4,-0.4
1.3,20.74295,-14.3296795,1.9747295,0.39231682,0.043812387,0.0012913627,0.91878515,-0.12184447,0.68620193,-1.5250212,-0.4830513,1.368546,0.59557694,20.711683,-14.275464,1.1771814,2.2399163,-3.8858726,27.91716,-8.239101,130.19955,-8.62478,212.99913,137.80775,130.19955,-8.62478,212.99913,137.80775,1.0,-1.0,1.0,1.0,33.524375915527344,-0.4,0.4,0.4
1.3166666666666667,20.73409,-14.338271,1.9485105,0.389195,0.035866424,0.0029487424,0.9204521,-0.102960885,0.68642706,-1.6168749,-0.0720188,0.82879925,0.35158235,20.696228,-14.282231,1.1513745,2.7127352,-4.016845,28.36913,-7.858357,-0.5416471,512.4521,-609.4958,-517.9117,-0.5416471,512.4521,-609.4958,-517.9117,-0.5416471,1.0,-1.0,-1.0,7.682997703552246,0.4,-0.4,-0.4
1.3333333333333333,20.72549,-14.346941,1.9237324,0.38780978,0.033310298,0.006191522,0.9211165,-0.098837435,0.67524564,-1.4730829,0.3503314,0.3068125,0.10872738,20.680971,-14.289285,1.127056,3.190117,-4.1329107,28.6429,-6.9639297,432.793,388.00858,-383.7939,-565.3231,432.793,388.00858,-383.7939,-565.3231,1.0,1.0,-1.0,-1.0,33.524375915527344,0.4,-0.4,-0.4
1.35,20.717241,-14.355679,1.9013948,0.38831753,0.027866224,0.0088462,0.92106175,-0.092464566,0.6668095,-1.3271196,-0.06540418,0.863793,-0.13458318,20.66601,-14.296711,1.1052177,3.6716902,-4.2270765,28.8944,-5.6499476,532.0588,-255.67296,299.50986,-18.068388,532.0588,-255.67296,299.50986,-18.068388,1.0,-1.0,1.0,-1.0,33.524375915527344,-0.4,0.4,-0.4
1.3666666666666667,20.70929,-14.364423,1.8814987,0.38785437,0.025071964,0.012322531,0.9212972,-0.087505996,0.6554145,-1.1834261,0.3616971,0.341748,0.10879062,20.651388,-14.304518,1.0858488,4.15051,-4.294403,28.729176,-4.0395923,648.382,118.36073,-387.78604,299.70392,648.382,118.36073,-387.78604,299.70392,1.0,1.0,-1.0,1.0,33.524375915527344,0.4,-0.4,0.4
1.3833333333333333,20.701637,-14.373135,1.8640476,0.38832027,0.019391743,0.015172449,0.9211955,-0.08022785,0.6462332,-1.0375249,-0.05394447,0.8986735,-0.13451368,20.637154,-14.312729,1.0689421,4.623317,-4.3303633,28.368414,-2.1576116,572.1069,-526.60205,266.77737,-485.5482,572.1069,-526.60205,266.77737,-485.5482,1.0,-1.0,1.0,-1.0,33.524375915527344,-0.4,0.4,-0.4
1.4,20.694218,-14.381748,1.84904,0.3879446,0.014367115,0.013910207,0.92146564,-0.073325634,0.6438301,-0.8870871,-0.4801556,0.36419272,0.10815369,20.623331,-14.321337,1.0544802,5.0835466,-4.330775,27.61379,-0.024690626,675.576,-206.74275,-426.4207,286.3751,675.576,-206.74275,-426.4207,286.3751,1.0,-1.0,-1.0,1.0,33.524375915527344,-0.4,-0.4,0.4
1.4166666666666667,20.68698,-14.390272,1.8364837,0.38843587,0.007798769,0.015307795,0.92131555,-0.06555641,0.64042825,-0.73878044,-0.041591406,0.93257797,-0.13522632,20.60997,-14.330354,1.0424565,5.5239315,-4.295362,26.42309,2.124767,675.83636,224.80775,59.317184,-2586.0857,675.83636,224.80775,59.317184,-2586.0857,1.0,1.0,1.0,-1.0,33.524375915527344,0.4,0.4,-0.4
1.4333333333333333,20.679863,-14.398657,1.8263764,0.38802356,0.002554952,0.014254862,0.9215356,-0.056820095,0.63774014,-0.5883937,-0.46782738,0.3980294,0.10735408,20.597113,-14.3397665,1.0328503,5.937175,-4.2215285,24.794596,4.4300075,767.3056,-176.08493,-664.1642,291.6502,767.3056,-176.08493,-664.1642,291.6502,1.0,-1.0,-1.0,1.0,33.524375915527344,-0.4,-0.4,0.4
1.45,20.672796,-14.406884,1.8187188,0.3885998,0.0020193583,0.013135083,0.9213107,-0.05367738,0.63524246,-0.43960115,-0.042112097,-0.124371305,-0.13554703,20.584799,-14.349572,1.0256413,6.315131,-4.1081896,22.677382,6.8003364,850.66235,164.43024,-400.4714,-2715.9258,850.66235,164.43024,-400.4714,-2715.9258,1.0,1.0,-1.0,-1.0,33.524375915527344,0.4,-0.4,-0.4
1.4666666666666666,20.665771,-14.414967,1.8135102,0.3910963,0.0048331325,0.008651608,0.9202963,-0.056270897,0.63235724,-0.288187,-0.47131264,-0.6569764,-0.37762228,20.57306,-14.359747,1.0208216,6.654991,-3.9579632,20.391596,9.01358,919.54016,-308.86652,-16.097837,-1530.6818,919.54016,-308.86652,-16.097837,-1530.6818,1.0,-1.0,-1.0,-1.0,33.524375915527344,-0.4,-0.4,-0.4
1.4833333333333334,20.658806,-14.422971,1.8107584,0.39540315,0.0060702753,0.0068197167,0.9184622,-0.06264955,0.6303153,-0.1388217,-0.03681668,-0.0847857,-0.6192376,20.561934,-14.370278,1.0183951,6.955038,-3.7765503,18.002813,10.884775,994.47473,110.88503,359.15506,-1375.6086,994.47473,110.88503,359.15506,-1375.6086,1.0,1.0,1.0,-1.0,33.524375915527344,0.4,0.4,-0.4
1.5,20.651909,-14.430926,1.810464,0.3987409,0.0023440956,0.0052818595,0.9170454,-0.06710523,0.6268741,0.011952441,-0.4510008,0.47360414,-0.37675446,20.55144,-14.381154,1.01836,7.2146554,-3.5669794,15.577039,12.574252,941.48773,-211.49855,59.25176,539.50494,941.48773,-211.49855,59.25176,539.50494,1.0,-1.0,1.0,1.0,33.524375915527344,-0.4,0.4,0.4
1.5166666666666666,20.645031,-14.438822,1.8126241,0.4002226,0.0012687974,0.004571945,0.9164056,-0.06644791,0.62586385,0.1604425,-0.022488836,-0.047023974,-0.13347083,20.541615,-14.392365,1.0206982,7.427443,-3.329063,12.767257,14.274987,999.85986,98.67038,-535.2753,472.6898,999.85986,98.67038,-535.2753,472.6898,1.0,1.0,-1.0,1.0,33.524375915527344,0.4,-0.4,0.4
1.5333333333333332,20.638145,-14.446655,1.8172363,0.3998671,0.0035457835,0.00046220253,0.9165662,-0.061174035,0.6227891,0.31158322,-0.44898093,-0.58129513,0.10982171,20.532463,-14.4038925,1.0254014,7.591132,-3.0641172,9.821347,15.896744,977.873,-471.26993,-257.12762,324.8949,977.873,-471.26993,-257.12762,324.8949,1.0,-1.0,-1.0,1.0,33.524375915527344,-0.4,-0.4,0.4
1.55,20.631277,-14.454491,1.8243067,0.40042064,0.0043254504,-0.00096492475,0.91632074,-0.061352015,0.6231094,0.4606172,-0.010370506,-0.011927363,-0.13274524,20.524015,-14.415702,1.0324793,7.705255,-2.7791326,6.8473716,17.099073,1058.871,7.834049,17.137085,-2818.5798,1058.871,7.834049,17.137085,-2818.5798,1.0,1.0,1.0,-1.0,33.524375915527344,0.4,0.4,-0.4
1.5666666666666667,20.62441,-14.46234,1.833831,0.40004808,0.0063716304,-0.0048658215,0.916459,-0.05597782,0.6199437,0.6115317,-0.43697095,-0.54602665,0.11037113,20.51626,-14.427765,1.0419296,7.7694974,-2.4770567,3.8545415,18.12455,814.1086,-425.35678,-283.55167,463.8005,814.1086,-425.35678,-283.55167,463.8005,1.0,-1.0,-1.0,1.0,33.524375915527344,-0.4,-0.4,0.4
1.5833333333333333,20.617542,-14.470246,1.8458076,0.4005454,0.013145537,-0.008879182,0.9161396,-0.046138406,0.62115556,0.7607799,-0.010963917,-1.0679317,-0.13177307,20.509216,-14.440051,1.0537508,7.7821817,-2.1630883,0.76106066,18.838104,847.42554,198.10751,-119.10447,-1066.6301,847.42554,198.10751,-119.10447,-1066.6301,1.0,1.0,-1.0,-1.0,33.524375915527344,0.4,-0.4,-0.4
1.6,20.610733,-14.478299,1.86024,0.40006652,0.01908728,-0.008604588,0.91624683,-0.04179555,0.62834746,0.90563345,0.42656615,-0.49781334,0.11134432,20.502884,-14.452532,1.0679618,7.747715,-1.8457681,-2.0680044,19.039213,669.40717,33.85301,314.6073,610.594,669.40717,33.85301,314.6073,610.594,1.0,1.0,1.0,1.0,33.524375915527344,0.4,0.4,0.4
1.6166666666666667,20.604063,-14.486521,1.8771251,0.39780387,0.02005637,-0.008029929,0.91721606,-0.044371486,0.6307231,1.0520159,0.012697846,0.060830675,0.3538224,20.497272,-14.46518,1.0845721,7.6712084,-1.5285728,-4.5903964,19.031717,506.77893,-568.9758,165.834,549.9909,506.77893,-568.9758,165.834,549.9909,1.0,-1.0,1.0,1.0,33.524375915527344,-0.4,0.4,0.4
1.6333333333333333,20.597528,-14.494892,1.8964579,0.39373055,0.021603059,-0.011592935,0.9188989,-0.03753239,0.62538147,1.2025971,-0.41342306,-0.4740137,0.59606725,20.492365,-14.477966,1.1035807,7.553649,-1.2123125,-7.0535655,18.975618,116.34577,-183.0423,-257.16077,546.27374,116.34577,-183.0423,-257.16077,546.27374,1.0,-1.0,-1.0,1.0,33.524375915527344,-0.4,-0.4,0.4
1.65,20.591013,-14.5033,1.9143564,0.39047602,0.027996121,-0.015274764,0.92006046,-0.02503544,0.62548065,1.0405898,0.012279391,-1.0157584,0.3535885,20.487642,-14.490779,1.1211619,7.4241366,-0.89677215,-7.770738,18.932417,-470.8899,468.20776,-43.71889,-1147.5093,-470.8899,468.20776,-43.71889,-1147.5093,-1.0,1.0,-1.0,-1.0,0.0,0.4,-0.4,-0.4
1.6666666666666667,20.584484,-14.511721,1.9295312,0.3862003,0.033643417,-0.014741077,0.9216833,-0.02190727,0.6323442,0.87435603,0.45147762,-0.46234328,0.59749484,20.482906,-14.503591,1.1360481,7.2946625,-0.5822837,-7.7684493,18.869307,-303.27286,307.92212,344.28403,77.64127,-303.27286,307.92212,344.28403,77.64127,-1.0,1.0,1.0,1.0,0.0,0.4,0.4,0.4
1.6833333333333333,20.577982,-14.520146,1.9419819,0.3801655,0.034415714,-0.01407444,0.9241708,-0.025922656,0.63381386,0.7099436,0.034270123,0.08089289,0.8397774,20.47819,-14.516407,1.1482391,7.1657763,-0.2678127,-7.733173,18.868258,-210.85497,-359.70206,125.736435,187.91328,-210.85497,-359.70206,125.736435,187.91328,-1.0,-1.0,1.0,1.0,0.0,-0.4,0.4,0.4
1.7,20.571466,-14.528574,1.9517059,0.37495643,0.037927046,-0.012587112,0.92618066,-0.027293503,0.6380896,0.54314417,0.45555562,-0.4563157,0.59741455,20.473478,-14.529227,1.1577299,7.0355506,0.046786804,-7.813539,18.875969,-163.56378,4.8487706,-426.88574,-845.2055,-163.56378,4.8487706,-426.88574,-845.2055,-1.0,1.0,-1.0,-1.0,0.0,0.4,-0.4,-0.4
1.7166666666666666,20.56519,-14.5372095,1.9625762,0.36888835,0.038579382,-0.011815315,0.9285975,-0.032684624,0.63945365,0.6894593,0.04373628,0.1045338,0.8398115,20.469242,-14.542037,1.1683655,6.888299,0.34574628,-8.835095,17.937567,138.59207,-483.49188,105.227745,17.986141,138.59207,-483.49188,105.227745,17.986141,1.0,-1.0,1.0,1.0,33.524375915527344,-0.4,0.4,0.4
1.7333333333333334,20.558979,-14.545914,1.9720103,0.36364853,0.04192517,-0.01016202,0.9305368,-0.035314143,0.6427374,0.5226431,0.46481943,-0.43225336,0.5974472,20.465166,-14.554842,1.1775802,6.734352,0.6394556,-9.236812,17.622559,-386.54266,10.725456,-410.1597,-326.87894,-386.54266,10.725456,-410.1597,-326.87894,-1.0,1.0,-1.0,-1.0,0.0,0.4,-0.4,-0.4
1.75,20.55278,-14.554621,1.9787186,0.3575472,0.042514216,-0.009338292,0.93288004,-0.04169327,0.6415856,0.35823706,0.04706671,0.11045173,0.83971435,20.461092,-14.567654,1.1840972,6.5811424,0.933455,-9.19258,17.639961,-103.57041,-445.5413,208.64967,263.25635,-103.57041,-445.5413,208.64967,263.25635,-1.0,-1.0,1.0,1.0,0.0,-0.4,0.4,0.4
1.7666666666666666,20.546583,-14.563312,1.9826988,0.3525074,0.043991666,-0.012636565,0.9346889,-0.046854556,0.6385211,0.19823365,-0.38655144,-0.44122422,0.59590113,20.457026,-14.580462,1.1879127,6.4275675,1.2284354,-9.214496,17.698824,-49.565994,-67.632454,-399.48047,-530.0812,-49.565994,-67.632454,-399.48047,-530.0812,-1.0,-1.0,-1.0,-1.0,0.0,-0.4,-0.4,-0.4
1.7833333333333332,20.540663,-14.572242,1.9878224,0.34930125,0.043912448,-0.013264525,0.9358869,-0.058665216,0.6395803,0.34699854,0.055219173,0.12548627,0.35292363,20.453386,-14.5931835,1.1928735,6.263182,1.5000126,-9.863118,16.294634,148.66765,509.7469,272.50757,-952.73676,148.66765,509.7469,272.50757,-952.73676,1.0,1.0,1.0,-1.0,33.524375915527344,0.4,0.4,-0.4
1.8,20.534828,-14.581255,1.9915092,0.34495455,0.047097366,-0.011371535,0.937368,-0.06622738,0.6409599,0.18034564,0.47712055,-0.41144854,0.59711,20.449892,-14.605876,1.1964121,6.0945897,1.7636285,-10.115546,15.81695,-2.2097273,79.7433,-50.020393,657.663,-2.2097273,79.7433,-50.020393,657.663,-1.0,1.0,-1.0,1.0,0.0,0.4,-0.4,0.4
1.8166666666666667,20.529312,-14.5904875,1.9963363,0.33880135,0.04743765,-0.010345476,0.9396043,-0.07528645,0.6410785,0.32667926,0.06438123,0.14877981,0.8394819,20.446814,-14.618436,1.2010924,5.9190464,2.0020628,-10.532598,14.306058,90.52988,-285.70193,572.3675,287.4183,90.52988,-285.70193,572.3675,287.4183,1.0,-1.0,1.0,1.0,33.524375915527344,-0.4,0.4,0.4
1.8333333333333333,20.523912,-14.599809,1.9997288,0.33068043,0.04402744,-0.006128547,0.94269526,-0.08252257,0.6421001,0.15923914,0.49432766,0.7018987,1.0827739,20.443878,-14.63095,1.2043518,5.7416363,2.2308936,-10.644607,13.729848,-258.7432,167.67155,51.357788,238.44202,-258.7432,167.67155,51.357788,238.44202,-1.0,1.0,1.0,1.0,0.0,0.4,0.4,0.4
1.8499999999999999,20.518515,-14.60912,2.0003936,0.32068315,0.04209993,-0.0045156595,0.94623965,-0.08240545,0.6402937,-0.006097203,0.050042227,0.15765646,1.3251367,20.440954,-14.643463,1.2049034,5.563596,2.4603755,-10.682429,13.768915,-219.61284,-265.93024,-753.1957,259.95374,-219.61284,-265.93024,-753.1957,259.95374,-1.0,-1.0,-1.0,1.0,0.0,-0.4,-0.4,0.4
1.8666666666666667,20.513098,-14.618426,1.9983313,0.3115202,0.04494828,-0.0026837913,0.9491721,-0.0835647,0.6387103,-0.17273489,0.4708544,-0.3766635,1.0827612,20.438032,-14.655971,1.2027464,5.384099,2.6898968,-10.769805,13.7712755,-138.17712,382.0977,-259.04395,-4129.4644,-138.17712,382.0977,-259.04395,-4129.4644,-1.0,1.0,-1.0,-1.0,0.0,0.4,-0.4,-0.4
1.8833333333333333,20.508005,-14.627886,1.9974134,0.30408767,0.04656135,0.0034805487,0.95149916,-0.08980721,0.6368159,-0.033189684,0.91451013,0.20127726,0.84000176,20.435467,-14.668291,1.2017344,5.202324,2.8950465,-10.906505,12.308978,160.08794,76.101776,523.78595,-3413.8716,160.08794,76.101776,523.78595,-3413.8716,1.0,1.0,1.0,-1.0,33.524375915527344,0.4,0.4,-0.4
1.9,20.503384,-14.637466,1.9989237,0.29575118,0.049592506,0.007296692,0.9539489,-0.09271675,0.63297117,0.10852285,0.48467383,-0.31924325,1.0836434,20.433363,-14.680351,1.2031487,5.0212865,3.0728724,-10.862245,10.669555,6.3824077,-654.7973,-133.9873,366.22702,6.3824077,-654.7973,-133.9873,366.22702,1.0,-1.0,-1.0,1.0,33.524375915527344,-0.4,-0.4,0.4
1.9166666666666667,20.498896,-14.647072,1.998997,0.2885117,0.049361404,0.008497226,0.9561653,-0.098846346,0.62671113,-0.055972453,0.06557764,0.22438222,0.8394184,20.431377,-14.692345,1.2031381,4.8413963,3.2441607,-10.793408,10.277294,-237.98416,-192.43076,765.0272,-2690.0696,-237.98416,-192.43076,765.0272,-2690.0696,-1.0,-1.0,1.0,-1.0,0.0,-0.4,0.4,-0.4
1.9333333333333333,20.49442,-14.656689,1.9963473,0.2801517,0.045278583,0.012701733,0.9588031,-0.1014753,0.62037075,-0.22355725,0.49522293,0.7763188,1.0827396,20.429392,-14.704343,1.2004198,4.662377,3.414999,-10.741166,10.2503,-53.29024,235.23802,133.09734,298.458,-53.29024,235.23802,133.09734,298.458,-1.0,1.0,1.0,1.0,0.0,0.4,0.4,0.4
1.95,20.4903,-14.666303,1.9948367,0.26992798,0.042741776,0.014429917,0.96182317,-0.10020393,0.61372155,-0.078289956,0.053819552,0.25087884,1.3251388,20.427717,-14.716098,1.1988443,4.486691,3.5686219,-10.541152,9.217371,85.72079,-227.75151,-860.326,300.545,85.72079,-227.75151,-860.326,300.545,1.0,-1.0,-1.0,1.0,33.524375915527344,-0.4,-0.4,0.4
1.9666666666666666,20.48629,-14.675914,1.9918884,0.26064366,0.044900205,0.016639672,0.9642468,-0.100553274,0.6067089,-0.24476437,0.47346035,-0.28237057,1.0826087,20.426153,-14.72777,1.1958392,4.311047,3.716521,-10.538634,8.873948,-88.38645,304.94705,-325.9046,-4098.1797,-88.38645,304.94705,-325.9046,-4098.1797,-1.0,1.0,-1.0,-1.0,0.0,0.4,-0.4,-0.4
1.9833333333333334,20.48266,-14.6855,1.9900804,0.25333172,0.044266503,0.01790448,0.9662003,-0.105620176,0.5986136,-0.09855091,0.058197573,0.2779883,0.8384199,20.424871,-14.73919,1.1939788,4.1424294,3.8481526,-10.117063,7.8978963,308.7646,-93.36783,639.43445,-3430.85,308.7646,-93.36783,639.43445,-3430.85,1.0,-1.0,1.0,-1.0,33.524375915527344,-0.4,0.4,-0.4
2.0,20.479523,-14.695036,1.9907008,0.24498142,0.046093494,0.020337818,0.9682179,-0.107822895,0.5922414,0.045714803,0.48422295,-0.23806453,1.0821955,20.423958,-14.750263,1.1945461,3.9827483,3.9585114,-9.580864,6.6215224,75.928474,271.8846,-112.01328,311.39972,75.928474,271.8846,-112.01328,311.39972,1.0,1.0,-1.0,1.0,33.524375915527344,0.4,-0.4,0.4
2.0166666666666666,20.47652,-14.7045555,1.989885,0.23762926,0.045225013,0.021694144,0.97006,-0.11256677,0.5829464,-0.11878528,0.06289022,0.30438495,0.8379578,20.42314,-14.761245,1.1936837,3.8259728,4.063475,-9.4065275,6.2978263,-150.97456,-256.07126,774.2553,-2952.231,-150.97456,-256.07126,774.2553,-2952.231,-1.0,-1.0,1.0,-1.0,0.0,-0.4,0.4,-0.4
2.033333333333333,20.473907,-14.714011,1.9902109,0.2290908,0.04027181,0.025895735,0.97222674,-0.116648465,0.5753878,0.02431494,0.49690044,0.87257576,1.0813544,20.422567,-14.771954,1.1939652,3.6794925,4.1534553,-8.788818,5.398807,103.22307,219.08633,101.104576,299.001,103.22307,219.08633,101.104576,299.001,1.0,1.0,1.0,1.0,33.524375915527344,0.4,0.4,0.4
2.05,20.47142,-14.723422,1.9890978,0.21868768,0.037074823,0.027660307,0.9746978,-0.11369625,0.56546766,-0.14116119,0.04798013,0.33055758,1.3236321,20.422085,-14.782561,1.1928138,3.535637,4.239404,-8.631333,5.156936,-177.66544,-436.65836,-816.45667,331.16565,-177.66544,-436.65836,-816.45667,331.16565,-1.0,-1.0,-1.0,1.0,0.0,-0.4,-0.4,0.4
2.0666666666666664,20.469257,-14.732694,1.9891245,0.20930822,0.03845427,0.030174827,0.97662723,-0.112525225,0.5570176,0.0032781065,0.4717059,-0.18442512,1.0809174,20.42185,-14.79288,1.1928018,3.3972774,4.314609,-8.301572,4.5122905,74.80803,215.33937,-437.1116,-4686.0503,74.80803,215.33937,-437.1116,-4686.0503,1.0,1.0,-1.0,-1.0,33.524375915527344,0.4,-0.4,-0.4
2.0833333333333335,20.467203,-14.741914,1.9877155,0.20189185,0.037142266,0.031530652,0.9781952,-0.114827186,0.5455315,-0.1611435,0.048783943,0.35713708,0.8366676,20.421677,-14.803103,1.1913594,3.2623584,4.38667,-8.095135,4.323663,-62.125664,-385.3674,444.85434,-3659.0327,-62.125664,-385.3674,444.85434,-3659.0327,-1.0,-1.0,1.0,-1.0,0.0,-0.4,0.4,-0.4
2.1,20.46548,-14.7509575,1.9874452,0.19347297,0.038269423,0.034164056,0.9797634,-0.115173295,0.53538424,-0.0165676,0.47436726,-0.15844512,1.0802681,20.421724,-14.813032,1.1910584,3.1353922,4.4502435,-7.617974,3.8144014,269.13126,121.91338,-346.45938,182.97588,269.13126,121.91338,-346.45938,182.97588,1.0,1.0,-1.0,1.0,33.524375915527344,0.4,-0.4,0.4
2.1166666666666667,20.464231,-14.759735,1.9896011,0.18601839,0.036651585,0.035604823,0.98121667,-0.11929698,0.52340966,0.12969324,0.05539997,0.40046355,0.8360237,20.422054,-14.822555,1.1931875,3.0221207,4.503751,-6.796288,3.2104394,31.914608,-532.82587,485.8333,-3854.8333,31.914608,-532.82587,485.8333,-3854.8333,1.0,-1.0,1.0,-1.0,33.524375915527344,-0.4,0.4,-0.4
2.1333333333333333,20.463099,-14.768429,1.9903156,0.17777716,0.036614627,0.033036795,0.9828343,-0.1193822,0.5112009,-0.030873528,-0.38381267,-0.14765325,1.0777011,20.422453,-14.831979,1.1938804,2.9122806,4.556234,-6.590409,3.1489847,-304.7852,-294.2146,-220.73587,231.77667,-304.7852,-294.2146,-220.73587,231.77667,-1.0,-1.0,-1.0,1.0,0.0,-0.4,-0.4,0.4
2.15,20.462288,-14.776936,1.9921721,0.17038065,0.03455251,0.03272903,0.9842283,-0.123544544,0.5014521,0.11723374,0.056853354,0.4121059,0.8345625,20.423038,-14.841091,1.1957155,2.8121617,4.5997443,-6.007132,2.610626,35.43273,384.19305,655.075,-6015.6484,35.43273,384.19305,655.075,-6015.6484,1.0,1.0,1.0,-1.0,33.524375915527344,0.4,0.4,-0.4
2.1666666666666665,20.461582,-14.785369,1.9925898,0.16211756,0.03443024,0.03020126,0.98570806,-0.12368934,0.49056044,-0.043572746,-0.3826064,-0.13553299,1.0762825,20.423685,-14.850101,1.1961142,2.7151968,4.6412015,-5.8178897,2.4874303,-312.28168,-232.44356,-80.32918,179.39157,-312.28168,-232.44356,-80.32918,179.39157,-1.0,-1.0,-1.0,1.0,0.0,-0.4,-0.4,0.4
2.183333333333333,20.461193,-14.79363,1.9941521,0.15471447,0.032252017,0.029898204,0.98697984,-0.12772755,0.48216322,0.1043584,0.05788341,0.42376405,0.8331612,20.424519,-14.858795,1.1976545,2.6275387,4.6723137,-5.2594895,1.8667315,40.013237,447.3732,768.66736,-6133.9604,40.013237,447.3732,768.66736,-6133.9604,1.0,1.0,1.0,-1.0,33.524375915527344,0.4,0.4,-0.4
2.2,20.460915,-14.80183,1.9942801,0.14622587,0.025384903,0.028495183,0.9885148,-0.12871362,0.47256812,-0.058071442,-0.3747697,0.95696115,1.0747331,20.425406,-14.867387,1.1977619,2.5439885,4.7004113,-5.0130124,1.6858577,-312.29047,-135.92007,69.778534,125.69115,-312.29047,-135.92007,69.778534,125.69115,-1.0,-1.0,1.0,1.0,0.0,-0.4,0.4,0.4
2.216666666666667,20.460854,-14.80985,1.9955556,0.13875288,0.020863827,0.028470043,0.98969775,-0.12800884,0.46536738,0.08868206,0.040676266,0.43466508,0.8314899,20.426464,-14.875657,1.1990087,2.4637256,4.718436,-4.8157735,1.0814666,41.950825,462.5395,-1034.6383,-1557.3162,41.950825,462.5395,-1034.6383,-1557.3162,1.0,1.0,-1.0,-1.0,33.524375915527344,0.4,-0.4,-0.4
2.2333333333333334,20.46084,-14.817816,1.9953955,0.13332647,0.021140864,0.03133374,0.990351,-0.12761106,0.45694044,-0.077349275,0.46148393,-0.098359555,0.5888521,20.427578,-14.8838215,1.1988173,2.3829203,4.732691,-4.8483176,0.85530275,-264.8397,94.1513,-504.8531,-374.2559,-264.8397,94.1513,-504.8531,-374.2559,-1.0,1.0,-1.0,-1.0,0.0,0.4,-0.4,-0.4
2.25,20.461035,-14.825559,1.9963837,0.12685557,0.018879214,0.032753255,0.99120045,-0.12861659,0.44691443,0.06865902,0.040502742,0.45702204,0.8310855,20.428854,-14.891664,1.1997696,2.305401,4.7398186,-4.65115,0.42766568,167.01334,-423.25003,394.5238,216.11728,167.01334,-423.25003,394.5238,216.11728,1.0,-1.0,1.0,1.0,33.524375915527344,-0.4,0.4,0.4
2.2666666666666666,20.461288,-14.833213,1.9959342,0.12153215,0.018358616,0.030306049,0.9919548,-0.12768295,0.43677622,-0.092632085,-0.39983782,-0.08913904,0.5869458,20.430182,-14.899399,1.1992841,2.228433,4.745644,-4.618091,0.34953114,-213.04617,-85.17845,-567.9791,-580.7022,-213.04617,-85.17845,-567.9791,-580.7022,-1.0,-1.0,-1.0,-1.0,0.0,-0.4,-0.4,-0.4
2.283333333333333,20.461714,-14.840667,1.9966365,0.11811373,0.015656332,0.030001739,0.9924232,-0.13061601,0.42843232,0.054978065,0.040222645,0.4708192,0.34402204,20.431658,-14.906813,1.1999425,2.153109,4.7427654,-4.5194287,-0.17271994,111.02438,739.85565,387.32983,-1557.483,111.02438,739.85565,387.32983,-1557.483,1.0,1.0,1.0,-1.0,33.524375915527344,0.4,0.4,-0.4
2.3,20.462187,-14.848063,1.9959053,0.11369545,0.015557449,0.032963067,0.9928468,-0.12991899,0.4191641,-0.11095576,0.46385023,-0.06282994,0.58767545,20.433186,-14.914124,1.1991652,2.0775158,4.736597,-4.5355935,-0.3701019,-81.62441,84.73423,-426.86658,791.44727,-81.62441,84.73423,-426.86658,791.44727,-1.0,1.0,-1.0,1.0,0.0,0.4,-0.4,0.4
2.3166666666666664,20.462816,-14.855214,1.9963223,0.107210726,0.012984583,0.034417212,0.9935555,-0.12944259,0.4088016,0.03501623,0.041957155,0.4923604,0.8299859,20.434853,-14.92111,1.1995313,2.0031562,4.724809,-4.461579,-0.7072734,254.4696,-472.75595,326.16757,81.24508,254.4696,-472.75595,326.16757,81.24508,1.0,-1.0,1.0,1.0,33.524375915527344,-0.4,0.4,0.4
2.3333333333333335,20.463493,-14.8622675,1.9953023,0.101858914,0.012224112,0.03202982,0.99420786,-0.12707892,0.39857483,-0.12656695,-0.39880916,-0.0532431,0.5858122,20.436567,-14.927988,1.1984613,1.9288,4.7121987,-4.4613714,-0.75662607,-72.3058,-157.09717,-671.44104,-869.0215,-72.3058,-157.09717,-671.44104,-869.0215,-1.0,-1.0,-1.0,-1.0,0.0,-0.4,-0.4,-0.4
2.35,20.464281,-14.8691,1.9954342,0.0984242,0.009239304,0.031726442,0.99459577,-0.12807293,0.3899333,0.02089995,0.04083322,0.50609004,0.34288958,20.438402,-14.934547,1.1985362,1.8537636,4.692599,-4.502184,-1.1759948,229.99477,699.7087,224.93889,-1871.8829,229.99477,699.7087,224.93889,-1871.8829,1.0,1.0,1.0,-1.0,33.524375915527344,0.4,0.4,-0.4
2.3666666666666667,20.465199,-14.875625,1.9980077,0.09401106,0.008690706,0.034784563,0.9949253,-0.12588644,0.38197315,0.16571365,0.4690831,-0.01016362,0.5865851,20.440416,-14.940684,1.2010428,1.775177,4.6647067,-4.715194,-1.6735266,58.344288,49.307873,-633.2823,800.66174,58.344288,49.307873,-633.2823,800.66174,1.0,1.0,-1.0,1.0,33.524375915527344,0.4,-0.4,0.4
2.3833333333333333,20.466156,-14.882062,1.9991485,0.08751426,0.0057721925,0.03626775,0.995486,-0.123797126,0.371208,0.0010458957,0.041719303,0.52759093,0.8289843,20.442472,-14.946711,1.2021167,1.6964571,4.6351714,-4.723191,-1.7721175,-371.72684,-761.4733,67.818634,252.03963,-371.72684,-761.4733,67.818634,252.03963,-1.0,-1.0,1.0,1.0,0.0,-0.4,0.4,0.4
2.4,20.467169,-14.888215,2.0014336,0.08212763,0.0046667038,0.03395871,0.9960321,-0.11972384,0.35964134,0.1498339,-0.39510182,-0.00021113455,0.58477044,20.444637,-14.952424,1.2043332,1.613914,4.603582,-4.9525876,-1.8953704,16.10373,-138.05266,-905.5589,-1176.4938,16.10373,-138.05266,-905.5589,-1176.4938,1.0,-1.0,-1.0,-1.0,33.524375915527344,-0.4,-0.4,-0.4
2.4166666666666665,20.468184,-14.894282,2.002283,0.07890143,0.008072577,0.033047687,0.9963017,-0.11718153,0.3500578,-0.012207101,0.03211149,-0.5367602,0.34153125,20.446842,-14.9580345,1.2051128,1.5286411,4.57076,-5.116374,-1.9693278,-504.3428,452.29822,-249.00809,-1341.9924,-504.3428,452.29822,-249.00809,-1341.9924,-1.0,1.0,-1.0,-1.0,0.0,0.4,-0.4,-0.4
2.433333333333333,20.469202,-14.900362,2.00041,0.077589326,0.009417465,0.035945028,0.9962927,-0.11927282,0.33914384,-0.17685537,0.46962523,0.007926226,0.09830718,20.449045,-14.963644,1.2031718,1.4437816,4.5369806,-5.091569,-2.0267484,-99.776535,52.145794,765.90436,-209.16153,-99.776535,52.145794,765.90436,-209.16153,-1.0,1.0,1.0,-1.0,0.0,0.4,0.4,-0.4
2.45,20.470327,-14.906168,1.9996876,0.07512106,0.0060975654,0.037464272,0.99645174,-0.120226845,0.3266714,-0.030773971,0.047143325,0.56020623,0.34114966,20.451345,-14.968953,1.2023811,1.3596085,4.501284,-5.0503845,-2.1417902,508.57727,-634.72833,289.5484,876.9914,508.57727,-634.72833,289.5484,876.9914,1.0,-1.0,1.0,1.0,33.524375915527344,-0.4,0.4,0.4
2.466666666666667,20.471542,-14.911577,2.0013988,0.07073926,0.0047193565,0.03523124,0.9968613,-0.117594354,0.31431496,0.11772461,-0.3867407,0.032841228,0.58330745,20.45377,-14.97385,1.2040243,1.2729788,4.4644933,-5.1977844,-2.2074506,172.05107,-306.64426,-665.75525,826.1992,172.05107,-306.64426,-665.75525,826.1992,1.0,-1.0,-1.0,1.0,33.524375915527344,-0.4,-0.4,0.4
2.4833333333333334,20.472763,-14.916902,2.0016732,0.06751712,0.00786858,0.034446433,0.9970922,-0.11567337,0.30434167,-0.044464733,0.040443845,-0.503641,0.3400751,20.456226,-14.978648,1.2042315,1.1844392,4.4266768,-5.3123755,-2.2689912,-390.35593,240.5647,-145.52834,-1298.1635,-390.35593,240.5647,-145.52834,-1298.1635,-1.0,1.0,-1.0,-1.0,0.0,0.4,-0.4,-0.4
2.5,20.474072,-14.921963,2.003098,0.06625286,0.008505618,0.032100677,0.9972501,-0.11772387,0.29256147,0.10477166,-0.38035768,0.04806152,0.096692145,20.458761,-14.983146,1.205588,1.0965855,4.386191,-5.2712197,-2.4291513,23.98157,-244.1999,924.4062,-244.9277,23.98157,-244.1999,924.4062,-244.9277,1.0,-1.0,1.0,-1.0,33.524375915527344,-0.4,0.4,-0.4
2.5166666666666666,20.47542,-14.926945,2.0030932,0.063817665,0.004768103,0.031887226,0.9974406,-0.11893918,0.28310284,-0.058765683,0.055257693,0.5908281,0.33995968,20.46132,-14.987544,1.2055162,1.0098275,4.3442683,-5.2054806,-2.515354,-284.95758,335.49463,363.04785,998.3852,-284.95758,335.49463,363.04785,998.3852,-1.0,1.0,1.0,1.0,0.0,0.4,0.4,0.4
2.533333333333333,20.476812,-14.931679,2.0042357,0.059437625,0.0031376441,0.029725263,0.9977844,-0.116464384,0.27282685,0.08931724,-0.37881243,0.06382621,0.5821578,20.463947,-14.991649,1.2065907,0.92143226,4.299061,-5.303714,-2.7124498,214.52591,-248.01451,-575.07776,831.7704,214.52591,-248.01451,-575.07776,831.7704,1.0,-1.0,-1.0,1.0,33.524375915527344,-0.4,-0.4,0.4
2.55,20.478228,-14.936339,2.003948,0.055998717,-0.00069263094,0.029503277,0.9979946,-0.11539559,0.2646986,-0.07431029,0.055246234,0.6047219,0.33918068,20.4666,-14.995651,1.2062345,0.832766,4.251801,-5.3199754,-2.8355882,-343.47833,381.71744,46.100292,-1168.0398,-343.47833,381.71744,46.100292,-1168.0398,-1.0,1.0,1.0,-1.0,0.0,0.4,0.4,-0.4
2.5666666666666664,20.479633,-14.940769,2.004809,0.05161106,-0.0024333484,0.02735713,0.9982895,-0.111251116,0.25537655,0.07363294,-0.3788917,0.07790129,0.5813811,20.469305,-14.99937,1.2070249,0.73973006,4.200709,-5.5821557,-3.0655286,247.24153,-60.375286,-820.0946,829.77527,247.24153,-60.375286,-820.0946,829.77527,1.0,-1.0,-1.0,1.0,33.524375915527344,-0.4,-0.4,0.4
2.5833333333333335,20.481026,-14.945126,2.0042348,0.048362214,0.00033252477,0.026739266,0.9984718,-0.10794093,0.24808666,-0.08895146,0.048352744,-0.4585376,0.3381382,20.472029,-15.002985,1.2063808,0.64437366,4.147497,-5.721384,-3.192701,-263.0765,458.41617,-348.1677,-1289.2201,-263.0765,458.41617,-348.1677,-1289.2201,-1.0,1.0,-1.0,-1.0,0.0,0.4,-0.4,-0.4
2.6,20.482437,-14.949293,2.0048165,0.047071632,0.0008335798,0.029879846,0.9984441,-0.1079908,0.24070856,0.057245575,0.48959184,0.10252784,0.0950266,20.474798,-15.006326,1.2068887,0.5471065,4.088126,-5.8360286,-3.5622594,171.37166,150.64847,723.0244,-234.82669,171.37166,150.64847,723.0244,-234.82669,1.0,1.0,1.0,-1.0,33.524375915527344,0.4,0.4,-0.4
2.6166666666666667,20.48388,-14.953152,2.0078442,0.044633526,-0.0033262155,0.03151129,0.9985007,-0.10883738,0.23102929,0.20325696,0.066019714,0.6547874,0.33803287,20.477615,-15.009297,1.2098415,0.4486114,4.0244455,-5.909705,-3.8208387,6.7499657,-840.0304,127.48637,1014.6456,6.7499657,-840.0304,127.48637,1014.6456,1.0,-1.0,1.0,1.0,33.524375915527344,-0.4,0.4,0.4
2.6333333333333333,20.485317,-14.956914,2.0094357,0.04023409,-0.005342079,0.029431215,0.99874234,-0.104707696,0.22072347,0.04035528,-0.3726191,0.11108412,0.58027977,20.480442,-15.012174,1.2113618,0.34916145,3.960839,-5.966997,-3.8163898,-502.8029,-313.95334,-827.2059,975.0081,-502.8029,-313.95334,-827.2059,975.0081,-1.0,-1.0,-1.0,1.0,0.0,-0.4,-0.4,0.4
2.65,20.486742,-14.960683,2.008299,0.036990006,-0.0028373674,0.028916648,0.9988931,-0.100872785,0.21274996,-0.12233778,0.054605126,-0.4253412,0.33703613,20.483269,-15.01505,1.2101564,0.24875626,3.8967578,-6.0243106,-3.8448713,-229.5202,313.55737,-565.6474,-1308.6279,-229.5202,313.55737,-565.6474,-1308.6279,-1.0,1.0,-1.0,-1.0,0.0,0.4,-0.4,-0.4
2.6666666666666665,20.488163,-14.964227,2.0083156,0.03570193,-0.0027847355,0.026737625,0.99900085,-0.10001894,0.20326738,0.026152492,-0.36739063,0.1263316,0.09357622,20.486122,-15.017664,1.2101048,0.1461662,3.8300116,-6.1554027,-4.0047736,231.38815,-40.31062,445.34238,-324.48392,231.38815,-40.31062,445.34238,-324.48392,1.0,-1.0,1.0,-1.0,33.524375915527344,-0.4,0.4,-0.4
2.683333333333333,20.48957,-14.967702,2.006898,0.03346342,-0.00045024365,0.02627577,0.99909437,-0.09770855,0.19570278,-0.13667494,0.060620032,-0.40852284,0.33644134,20.488972,-15.020191,1.2086219,0.042893592,3.7619705,-6.196357,-4.0824647,-42.35812,420.72324,-378.24908,1125.027,-42.35812,420.72324,-378.24908,1125.027,-1.0,1.0,-1.0,1.0,0.0,0.4,-0.4,0.4
2.7,20.49099,-14.970989,2.0066366,0.032177445,-0.00040765756,0.029537529,0.9990455,-0.097848356,0.18804178,0.009715555,0.5014488,0.15214434,0.09338964,20.491823,-15.022467,1.2082951,-0.059695866,3.6893485,-6.155367,-4.357323,332.4936,7.763746,725.49927,-94.6066,332.4936,7.763746,725.49927,-94.6066,1.0,1.0,1.0,-1.0,33.524375915527344,0.4,0.4,-0.4
2.716666666666667,20.492424,-14.973965,2.0088215,0.029742332,-0.0050023166,0.031217234,0.9990575,-0.0984297,0.17821442,0.15584518,0.077316806,0.7044482,0.3364658,20.494667,-15.024407,1.2104164,-0.16064626,3.6150901,-6.057023,-4.455499,135.94164,-1003.7436,51.07742,1044.7035,135.94164,-1003.7436,51.07742,1044.7035,1.0,-1.0,1.0,1.0,33.524375915527344,-0.4,0.4,0.4
2.7333333333333334,20.493855,-14.976848,2.0095701,0.025338013,-0.0074020443,0.029217953,0.9992244,-0.09416787,0.16811022,-0.0073549547,-0.36155367,0.16121648,0.5787755,20.497513,-15.026263,1.2111063,-0.26200697,3.5413854,-6.081642,-4.4222827,-358.7128,-527.79895,-863.482,988.44574,-358.7128,-527.79895,-863.482,988.44574,-1.0,-1.0,-1.0,1.0,0.0,-0.4,-0.4,0.4
2.75,20.495218,-14.979511,2.011467,0.022088733,-0.005412662,0.028876107,0.99932414,-0.089075916,0.16016582,0.14037795,0.069658555,-0.35794792,0.33554962,20.500341,-15.02788,1.212947,-0.36692026,3.4662492,-6.2947974,-4.5081706,15.20498,152.9743,-707.7907,-1331.65,15.20498,152.9743,-707.7907,-1331.65,1.0,1.0,-1.0,-1.0,33.524375915527344,0.4,-0.4,-0.4
2.7666666666666666,20.496569,-14.982094,2.0119317,0.017759321,-0.0056890794,0.02682496,0.9994661,-0.08666489,0.15082736,-0.022124704,-0.35640016,0.17607272,0.5778879,20.503159,-15.029416,1.2133596,-0.47197142,3.391188,-6.303069,-4.503679,-612.66254,-505.75394,163.73329,441.54333,-612.66254,-505.75394,163.73329,441.54333,-1.0,-1.0,1.0,1.0,0.0,-0.4,0.4,0.4
2.783333333333333,20.49787,-14.984473,2.013548,0.014510288,-0.003828549,0.02653698,0.9995352,-0.0824898,0.1436291,0.12548622,0.074831486,-0.34306684,0.33468103,20.50594,-15.03072,1.2149265,-0.57798046,3.3140113,-6.360542,-4.630594,22.54413,189.17445,-685.8706,-1173.9154,22.54413,189.17445,-685.8706,-1173.9154,1.0,1.0,-1.0,-1.0,33.524375915527344,0.4,-0.4,-0.4
2.8,20.499174,-14.986786,2.013732,0.010188315,-0.0042231814,0.024519077,0.9996385,-0.080797166,0.13503882,-0.03715626,-0.3515119,0.19100563,0.57702416,20.508717,-15.031957,1.2150652,-0.683445,3.2368405,-6.327871,-4.6302505,-611.1972,-476.34024,268.9482,463.85132,-611.1972,-476.34024,268.9482,463.85132,-1.0,-1.0,1.0,1.0,0.0,-0.4,0.4,0.4
2.8166666666666664,20.500433,-14.988912,2.0150688,0.006939736,-0.0024921491,0.024281831,0.99967796,-0.07742248,0.12857504,0.11035441,0.07973877,-0.3281154,0.33382902,20.511436,-15.0329685,1.2163588,-0.7880921,3.1569397,-6.2788258,-4.794044,44.879475,228.25319,-646.9093,-1076.5292,44.879475,228.25319,-646.9093,-1076.5292,1.0,1.0,-1.0,-1.0,33.524375915527344,0.4,-0.4,-0.4
2.8333333333333335,20.501694,-14.99097,2.0149746,0.0026252125,-0.0030059037,0.022294315,0.9997434,-0.07633477,0.12072565,-0.052410576,-0.34688967,0.20601492,0.576185,20.514145,-15.033908,1.216225,-0.8917855,3.0767028,-6.2216053,-4.814214,-598.218,-438.72485,391.1103,445.53415,-598.218,-438.72485,391.1103,445.53415,-1.0,-1.0,1.0,1.0,0.0,-0.4,0.4,0.4
2.85,20.50293,-14.992865,2.0160334,-0.00062335294,-0.0014049297,0.022104448,0.9997544,-0.07364288,0.11498296,0.09501759,0.0843804,-0.31309882,0.33299732,20.51679,-15.03464,1.2172453,-0.99274933,2.993326,-6.0578294,-5.0026126,79.86138,271.92883,-587.56415,-1020.8333,79.86138,271.92883,-587.56415,-1020.8333,1.0,1.0,-1.0,-1.0,33.524375915527344,0.4,-0.4,-0.4
2.8666666666666667,20.504168,-14.994698,2.0156615,-0.004930378,-0.002038642,0.020144433,0.99978286,-0.07304675,0.10786535,-0.067854986,-0.34253374,0.22109611,0.5753742,20.519417,-15.035304,1.2168385,-1.0922134,2.9094765,-5.967843,-5.0309653,-572.1019,-388.9717,530.8038,406.50708,-572.1019,-388.9717,530.8038,406.50708,-1.0,-1.0,1.0,1.0,0.0,-0.4,0.4,0.4
2.8833333333333333,20.505386,-14.996384,2.0164428,-0.008177538,-0.0005694236,0.019998543,0.9997664,-0.070919715,0.102828264,0.07950486,0.08875576,-0.29801765,0.33218816,20.521969,-15.035771,1.2175851,-1.1877184,2.8220773,-5.7302995,-5.243954,124.10729,322.6855,-494.72485,-1019.077,124.10729,322.6855,-494.72485,-1019.077,1.0,1.0,-1.0,-1.0,33.524375915527344,0.4,-0.4,-0.4
2.9,20.506603,-14.998013,2.015794,-0.012477089,-0.0013235782,0.0180633,0.99975806,-0.0707016,0.096430995,-0.08346251,-0.33844325,0.23624666,0.57459056,20.524488,-15.036174,1.2169048,-1.2810404,2.7341378,-5.599322,-5.2763696,-531.0525,-323.49216,682.08813,355.01492,-531.0525,-323.49216,682.08813,355.01492,-1.0,-1.0,1.0,1.0,0.0,-0.4,0.4,0.4
2.9166666666666665,20.507812,-14.999512,2.0163,-0.0157224,1.3262208e-05,0.017958218,0.9997151,-0.0690198,0.092082486,0.06383986,0.09286329,-0.28287804,0.3314043,20.526926,-15.03639,1.217379,-1.3690368,2.6421707,-5.2797813,-5.518026,169.56398,387.43518,-356.65326,-1063.688,169.56398,387.43518,-356.65326,-1063.688,1.0,1.0,-1.0,-1.0,33.524375915527344,0.4,-0.4,-0.4
2.933333333333333,20.509018,-15.000959,2.0153756,-0.02001498,-0.0008622868,0.016044496,0.99967057,-0.06906631,0.08639263,-0.0992112,-0.3346214,0.25146127,0.5738405,20.529324,-15.036548,1.2164257,-1.4544401,2.549663,-5.124199,-5.5504556,-477.37616,-244.35066,840.579,293.07767,-477.37616,-244.35066,840.579,293.07767,-1.0,-1.0,1.0,1.0,0.0,-0.4,0.4,0.4
2.95,20.510214,-15.002294,2.0156064,-0.02325792,0.0003415832,0.015977046,0.9996018,-0.06770941,0.082713805,0.048042215,0.096702024,-0.26768354,0.3306468,20.531624,-15.036531,1.2166264,-1.5335606,2.4528553,-4.7472305,-5.8084626,217.77731,463.1944,-196.16096,-1150.343,217.77731,463.1944,-196.16096,-1150.343,1.0,1.0,-1.0,-1.0,33.524375915527344,0.4,-0.4,-0.4
2.966666666666667,20.511417,-15.003577,2.014407,-0.027542809,-0.00065575197,0.014082259,0.99952114,-0.067907564,0.077716134,-0.115082674,-0.33106706,0.26673514,0.57312095,20.533892,-15.036456,1.2153989,-1.6098143,2.3554394,-4.5752187,-5.844955,-410.87372,-155.57681,974.5797,227.79216,-410.87372,-155.57681,974.5797,227.79216,-1.0,-1.0,1.0,1.0,0.0,-0.4,0.4,0.4
2.9833333333333334,20.512608,-15.004767,2.0143633,-0.030782942,0.00041417367,0.014048864,0.99942726,-0.0667549,0.07468639,0.03212791,0.100271136,-0.2524407,0.32991943,20.536043,-15.036226,1.2153255,-1.6786908,2.2536554,-4.13259,-6.107039,272.03705,546.1095,-28.326044,-1265.9141,272.03705,546.1095,-28.326044,-1265.9141,1.0,1.0,-1.0,-1.0,33.524375915527344,0.4,-0.4,-0.4
3.0,20.513803,-15.005912,2.0128894,-0.035060734,-0.0007054705,0.012169884,0.9993108,-0.066991836,0.07036427,-0.13106163,-0.32778153,0.28206152,0.5724363,20.538158,-15.03594,1.2138242,-1.7445633,2.151127,-3.9523528,-6.1516995,-334.97275,-55.782967,1092.505,145.24055,-334.97275,-55.782967,1092.505,145.24055,-1.0,-1.0,1.0,1.0,0.0,-0.4,0.4,0.4
3.0166666666666666,20.515007,-15.006975,2.0125766,-0.038376562,-0.0064855036,0.011954693,0.9991708,-0.067114815,0.06796156,0.0156316,0.107398674,0.83808714,0.32953382,20.540154,-15.035511,1.2134813,-1.801281,2.044163,-3.4030578,-6.417846,328.50357,635.9373,146.11908,-1412.7114,328.50357,635.9373,146.11908,-1412.7114,1.0,1.0,1.0,-1.0,33.524375915527344,0.4,0.4,-0.4
3.033333333333333,20.516195,-15.00802,2.0108328,-0.042657327,-0.010214457,0.015392275,0.99891895,-0.062698536,0.064027295,-0.14889002,0.53229535,0.30446067,0.5736788,20.54211,-15.035037,1.2117094,-1.8563604,1.9352922,-3.3047674,-6.532244,-114.10885,51.448647,-959.4308,694.3155,-114.10885,51.448647,-959.4308,694.3155,-1.0,1.0,-1.0,1.0,0.0,0.4,-0.4,0.4
3.05,20.517284,-15.008941,2.0102398,-0.045881342,-0.0095296055,0.017181512,0.99875367,-0.058420055,0.058284268,-0.0019976667,0.099183455,-0.21517257,0.33000132,20.54394,-15.034427,1.2110904,-1.9093914,1.8256086,-3.1818578,-6.5810175,446.41254,-721.6254,-597.648,-467.97375,446.41254,-721.6254,-597.648,-467.97375,1.0,-1.0,-1.0,-1.0,33.524375915527344,-0.4,-0.4,-0.4
3.0666666666666664,20.518356,-15.009809,2.008216,-0.047151398,-0.0109717,0.015269892,0.99871075,-0.05573751,0.05270038,-0.1651953,-0.3298803,0.31980607,0.0865011,20.545734,-15.033775,1.2090439,-1.9611937,1.7167517,-3.1081364,-6.5314145,-51.42356,-184.4889,167.8319,-549.1326,-51.42356,-184.4889,167.8319,-549.1326,-1.0,-1.0,1.0,-1.0,0.0,-0.4,0.4,-0.4
3.0833333333333335,20.519335,-15.010571,2.0073457,-0.049380146,-0.010364252,0.015280473,0.99860936,-0.051477324,0.048531912,-0.018027991,0.10327241,-0.1982727,0.3295277,20.547398,-15.033012,1.2081531,-2.010264,1.607491,-2.944214,-6.55564,594.0346,413.05096,-867.0864,801.99774,594.0346,413.05096,-867.0864,801.99774,1.0,1.0,-1.0,1.0,33.524375915527344,0.4,-0.4,0.4
3.1,20.5202,-15.011178,2.0089264,-0.050648242,-0.012053876,0.013408656,0.99855375,-0.049618762,0.042595692,0.12937547,-0.32218528,0.3540635,0.08603555,20.548874,-15.032103,1.2097142,-2.0540047,1.4987828,-2.6244447,-6.5224953,83.38176,-66.68521,6.873685,-667.4123,83.38176,-66.68521,6.873685,-667.4123,1.0,-1.0,1.0,-1.0,33.524375915527344,-0.4,0.4,-0.4
3.1166666666666667,20.521029,-15.011754,2.0090742,-0.052876223,-0.01162925,0.013455161,0.9984427,-0.04494313,0.03880005,-0.03415238,0.10716708,-0.1813555,0.32907563,20.550303,-15.03116,1.2098458,-2.0970633,1.3900115,-2.5835178,-6.526272,-492.37646,390.58194,-859.889,919.60016,-492.37646,390.58194,-859.889,919.60016,-1.0,1.0,-1.0,1.0,0.0,0.4,-0.4,0.4
3.1333333333333333,20.521755,-15.012237,2.0103748,-0.053991146,-0.0070732585,0.01732077,0.9983661,-0.040126704,0.03547913,0.11308811,0.5411922,-0.6977154,0.08596079,20.551586,-15.030122,1.2111312,-2.1369786,1.2810404,-2.3949192,-6.5382667,77.500015,30.353971,-193.52933,-835.19354,77.500015,30.353971,-193.52933,-835.19354,1.0,1.0,-1.0,-1.0,33.524375915527344,0.4,-0.4,-0.4
3.15,20.522463,-15.012676,2.0102453,-0.056160185,-0.004672485,0.019297378,0.9982243,-0.03913214,0.0289008,-0.05005459,0.113006085,-0.16166851,0.32817525,20.552822,-15.029054,1.2109895,-2.1748447,1.1730304,-2.2719667,-6.4806027,-578.6362,-924.7468,867.0863,393.65698,-578.6362,-924.7468,867.0863,393.65698,-1.0,-1.0,1.0,1.0,0.0,-0.4,0.4,0.4
3.1666666666666665,20.523142,-15.012955,2.0112736,-0.057419308,-0.00665451,0.017468072,0.9981751,-0.03939914,0.021630112,0.0973149,-0.31283662,0.39080513,0.08469729,20.553907,-15.027908,1.2120055,-2.2039626,1.071036,-1.7470692,-6.1196632,68.76278,-706.29114,309.39218,-870.3853,68.76278,-706.29114,309.39218,-870.3853,1.0,-1.0,1.0,-1.0,33.524375915527344,-0.4,0.4,-0.4
3.183333333333333,20.523796,-15.013172,2.0108674,-0.05967172,-0.006184891,0.012177498,0.9981246,-0.036667988,0.01586907,-0.066141605,-0.7473852,-0.15055597,0.32712686,20.554945,-15.02674,1.2115895,-2.2314405,0.9717777,-1.6486787,-5.9554977,-527.9114,-49.17548,-603.65204,844.0237,-527.9114,-49.17548,-603.65204,844.0237,-1.0,-1.0,-1.0,1.0,0.0,-0.4,-0.4,0.4
3.2,20.52441,-15.01331,2.0116205,-0.060922936,-0.008167218,0.008572478,0.9980722,-0.036253076,0.012756955,0.08126574,-0.3087679,0.40406132,0.084205106,20.555828,-15.025508,1.212331,-2.2507164,0.873615,-1.1565541,-5.8897586,127.73793,708.967,306.59888,-2437.9795,127.73793,708.967,306.59888,-2437.9795,1.0,1.0,1.0,-1.0,33.524375915527344,0.4,0.4,-0.4
3.216666666666667,20.525003,-15.0134325,2.0109415,-0.06313848,-0.008175527,0.00870144,0.9979333,-0.0328919,0.010503921,-0.08236071,0.1206575,-0.13145043,0.32730448,20.556664,-15.024254,1.2116418,-2.2680786,0.7750452,-1.041727,-5.9141884,-479.89957,409.22784,-686.72,740.1,-479.89957,409.22784,-686.72,740.1,-1.0,1.0,-1.0,1.0,0.0,0.4,-0.4,0.4
3.2333333333333334,20.525545,-15.013487,2.0114212,-0.06437527,-0.0104134055,0.0069081006,0.9978475,-0.03165017,0.006902281,0.0648853,-0.30545703,0.42108354,0.08382351,20.557348,-15.022947,1.2121099,-2.278332,0.6775706,-0.6152057,-5.848478,155.14554,-68.54219,94.30905,-1249.3756,155.14554,-68.54219,94.30905,-1249.3756,1.0,-1.0,1.0,-1.0,33.524375915527344,-0.4,0.4,-0.4
3.25,20.526049,-15.013527,2.0104685,-0.066587515,-0.010568832,0.0070606023,0.9976996,-0.027526446,0.005102842,-0.098742396,0.12399159,-0.11446563,0.3269381,20.557976,-15.0216255,1.211147,-2.2872183,0.5800296,-0.5331802,-5.852458,-434.2532,461.62357,-814.1297,671.69196,-434.2532,461.62357,-814.1297,671.69196,-1.0,1.0,-1.0,1.0,0.0,0.4,-0.4,0.4
3.2666666666666666,20.526463,-15.013528,2.0106702,-0.06772037,-0.0066381837,0.0110894535,0.9976206,-0.023716839,0.0033266935,0.04849375,0.5579306,-0.6309374,0.08387168,20.558445,-15.020265,1.2113384,-2.291183,0.48249027,-0.23787974,-5.85236,220.47781,90.88903,-159.19798,-1491.29,220.47781,90.88903,-159.19798,-1491.29,1.0,1.0,-1.0,-1.0,33.524375915527344,0.4,-0.4,-0.4
3.283333333333333,20.526857,-15.013501,2.009442,-0.06989279,-0.00484307,0.013196699,0.9974554,-0.023131514,-0.0015815538,-0.11469987,0.12927337,-0.09476515,0.32611543,20.558863,-15.018894,1.2101009,-2.2928236,0.38625014,-0.09843349,-5.7744074,-416.49045,-898.30646,896.8955,75.60091,-416.49045,-898.30646,896.8955,75.60091,-1.0,-1.0,1.0,1.0,0.0,-0.4,0.4,0.4
3.3,20.527225,-15.013361,2.0093734,-0.07112809,-0.007373855,0.011431915,0.9973744,-0.023068143,-0.006715174,0.0325576,-0.29721004,0.45788318,0.08264744,20.559124,-15.017499,1.2100207,-2.2851675,0.29636323,0.45936581,-5.3932137,266.132,-686.52167,309.21436,-1587.3169,266.132,-686.52167,309.21436,-1587.3169,1.0,-1.0,1.0,-1.0,33.524375915527344,-0.4,0.4,-0.4
3.3166666666666664,20.527573,-15.013191,2.0078726,-0.073333286,-0.007830671,0.011623404,0.997209,-0.020032808,-0.010003026,-0.13106494,0.13227755,-0.0777394,0.32579988,20.559334,-15.016096,1.2085087,-2.2753243,0.20804802,0.5905866,-5.298913,-340.70276,63.49137,-641.36633,565.71155,-340.70276,63.49137,-641.36633,565.71155,-1.0,1.0,-1.0,1.0,0.0,0.4,-0.4,0.4
3.3333333333333335,20.527864,-15.012928,2.0075295,-0.07456756,-0.010500215,0.009867187,0.99711186,-0.018802173,-0.014662802,0.016181083,-0.2943591,0.47492433,0.082329705,20.559393,-15.014681,1.2081531,-2.2586455,0.12553899,1.0007285,-4.950541,370.7083,-706.0104,20.866516,-1911.7565,370.7083,-706.0104,20.866516,-1911.7565,1.0,-1.0,1.0,-1.0,33.524375915527344,-0.4,0.4,-0.4
3.35,20.528122,-15.012644,2.0057542,-0.07676918,-0.011104266,0.010077144,0.9969361,-0.014698283,-0.01756197,-0.14742868,0.13515033,-0.06073977,0.3255019,20.559395,-15.013263,1.2063661,-2.2403264,0.044327933,1.0991477,-4.8726635,-242.40442,99.49157,-837.0969,480.5183,-242.40442,99.49157,-837.0969,480.5183,-1.0,1.0,-1.0,1.0,0.0,0.4,-0.4,0.4
3.3666666666666667,20.52828,-15.012282,2.0051312,-0.07793495,-0.00721639,0.00882157,0.9968933,-0.011197025,-0.021776065,-0.00042046778,-0.2951939,-0.5825438,0.0821293,20.559246,-15.011842,1.2057309,-2.2183166,-0.031555474,1.3205909,-4.553004,477.4591,-660.3297,-331.699,-2197.5781,477.4591,-660.3297,-331.699,-2197.5781,1.0,-1.0,-1.0,-1.0,33.524375915527344,-0.4,-0.4,-0.4
3.3833333333333333,20.528418,-15.011902,2.00308,-0.0770919,-0.005767218,0.0091873435,0.996965,-0.010343544,-0.024132987,-0.16358872,0.1392567,-0.04282229,-0.16060573,20.559044,-15.01042,1.2036674,-2.193983,-0.1061412,1.4600085,-4.4751434,-135.98618,58.081455,732.8408,-1831.3041,-135.98618,58.081455,732.8408,-1831.3041,-1.0,1.0,1.0,-1.0,0.0,0.4,0.4,-0.4
3.4,20.52851,-15.011446,2.002184,-0.077245384,-0.002037438,0.007940357,0.9969784,-0.008821225,-0.028129999,-0.016648112,-0.2913692,-0.5650898,0.08228521,20.558697,-15.009007,1.2027572,-2.1625414,-0.17464821,1.8865012,-4.11042,530.7172,-668.38525,-37.463013,557.78674,530.7172,-668.38525,-37.463013,557.78674,1.0,-1.0,-1.0,1.0,33.524375915527344,-0.4,-0.4,0.4
3.4166666666666665,20.528593,-15.010956,1.9998578,-0.07640954,-0.00028927872,0.002948356,0.9970721,-0.009618346,-0.029519223,-0.1802405,-0.7210808,-0.029705152,-0.16079772,20.5583,-15.007599,1.2004166,-2.1280932,-0.24042335,2.0668886,-3.9465082,-22.580795,-150.85097,1133.3706,-1873.3541,-22.580795,-150.85097,1133.3706,-1873.3541,-1.0,-1.0,1.0,-1.0,0.0,-0.4,0.4,-0.4
3.433333333333333,20.528688,-15.01045,1.9986938,-0.076595634,-0.0032716284,-0.0005561916,0.99705666,-0.0104944445,-0.029064644,-0.033066526,-0.282508,0.52827,0.08245077,20.55775,-15.006209,1.1992333,-2.0818899,-0.30373994,2.7722023,-3.7989948,637.7706,872.74084,527.70416,459.22073,637.7706,872.74084,527.70416,459.22073,1.0,1.0,1.0,1.0,33.524375915527344,0.4,0.4,0.4
3.4499999999999997,20.528767,-15.009961,1.9999815,-0.078792565,-0.0044597443,-0.00028508995,0.99688095,-0.009064189,-0.028167771,0.113937244,0.1505327,0.00996279,0.32569006,20.557024,-15.004848,1.2004974,-2.0242062,-0.36623722,3.4610221,-3.7498372,211.21277,443.3208,-379.3089,177.66226,211.21277,443.3208,-379.3089,177.66226,1.0,1.0,-1.0,1.0,33.524375915527344,0.4,-0.4,0.4
3.466666666666667,20.528837,-15.009466,1.9998403,-0.07998593,-0.007764284,-0.0019831923,0.9967637,-0.008147734,-0.028603245,-0.049529858,-0.28019747,0.5453037,0.08219725,20.556244,-15.00349,1.2003323,-1.963244,-0.42798364,3.6577318,-3.7047849,-378.8351,-345.05905,768.8504,-1591.3976,-378.8351,-345.05905,768.8504,-1591.3976,-1.0,-1.0,1.0,-1.0,0.0,-0.4,0.4,-0.4
3.4833333333333334,20.52884,-15.008999,2.000855,-0.08217603,-0.009098502,-0.0016981314,0.99657476,-0.0050263996,-0.027393177,0.09749214,0.15284905,0.026914679,0.32544428,20.555326,-15.002163,1.2013228,-1.8973637,-0.48959395,3.9528177,-3.6966186,232.52873,521.6609,-637.22687,78.97387,232.52873,521.6609,-637.22687,78.97387,1.0,1.0,-1.0,1.0,33.524375915527344,0.4,-0.4,0.4
3.5,20.528826,-15.008534,2.0004404,-0.08336854,-0.012541424,-0.0033952272,0.99643403,-0.0024263978,-0.027466433,-0.06591146,-0.27802303,0.5622921,0.08195422,20.554363,-15.000848,1.2008853,-1.8292989,-0.55052173,4.083888,-3.6556666,-356.51364,-114.88715,362.11798,-1866.9333,-356.51364,-114.88715,362.11798,-1866.9333,-1.0,-1.0,1.0,-1.0,0.0,-0.4,0.4,-0.4
3.5166666666666666,20.528713,-15.008108,2.0011811,-0.085552216,-0.014021992,-0.0030975933,0.9962301,0.0025034873,-0.02598461,0.081160925,0.1550299,0.043823242,0.32521236,20.553282,-14.999565,1.2016041,-1.75987,-0.61186,4.1657276,-3.6802945,270.5844,608.71063,-924.2873,2.3452384,270.5844,608.71063,-924.2873,2.3452384,1.0,1.0,-1.0,1.0,33.524375915527344,0.4,-0.4,0.4
3.533333333333333,20.528553,-15.007712,2.0004873,-0.08669133,-0.011405467,0.0011376212,0.9961692,0.0074935434,-0.025236677,-0.08227639,0.58492744,-0.49018827,0.082258046,20.552156,-14.9983,1.2008911,-1.6907172,-0.67415524,4.1491694,-3.7377152,-335.51028,182.42905,-196.59502,-2110.4417,-335.51028,182.42905,-196.59502,-2110.4417,-1.0,1.0,-1.0,-1.0,0.0,0.4,-0.4,-0.4
3.55,20.52831,-15.007304,2.0009525,-0.085831046,-0.010973966,0.003382174,0.9962435,0.010051975,-0.026850304,0.06519189,0.15820475,0.062825195,-0.16149846,20.550919,-14.99708,1.2013372,-1.6193802,-0.73228455,4.2802186,-3.4877584,241.053,-713.21765,492.08832,-1543.6807,241.053,-713.21765,492.08832,-1543.6807,1.0,-1.0,1.0,-1.0,33.524375915527344,-0.4,0.4,-0.4
3.5666666666666664,20.528036,-15.00688,1.9999844,-0.086007535,-0.0080153,0.0022392052,0.9962597,0.013790399,-0.028795563,-0.09867474,-0.27582103,-0.47676384,0.08139511,20.549646,-14.995875,1.200352,-1.5479091,-0.7881604,4.288265,-3.35255,-351.72406,-253.62468,-226.84473,373.41766,-351.72406,-253.62468,-226.84473,373.41766,-1.0,-1.0,-1.0,1.0,0.0,-0.4,-0.4,0.4
3.5833333333333335,20.527712,-15.006441,2.0001755,-0.08516867,-0.007564004,0.0027132065,0.9963341,0.015128011,-0.029003205,0.04876544,0.162127,0.08005786,-0.161356,20.548271,-14.994721,1.2005258,-1.4726143,-0.839392,4.5176907,-3.0738971,242.2611,397.02618,722.8342,-2906.2654,242.2611,397.02618,722.8342,-2906.2654,1.0,1.0,1.0,-1.0,33.524375915527344,0.4,0.4,-0.4
3.6,20.527378,-15.005989,1.9989395,-0.08536169,-0.011444509,0.0010446126,0.99628377,0.017543731,-0.03059552,-0.114491194,-0.26759067,0.61485845,0.08142205,20.546856,-14.993586,1.199273,-1.3951358,-0.88837,4.648711,-2.938678,-284.40347,-320.09695,3.9995158,302.3048,-284.40347,-320.09695,3.9995158,302.3048,-1.0,-1.0,1.0,1.0,0.0,-0.4,0.4,0.4
3.6166666666666667,20.526947,-15.005547,1.9988594,-0.08452073,-0.013362021,0.0013484881,0.9963312,0.022458974,-0.030527428,0.03265777,0.16566685,0.09654732,-0.16140369,20.545351,-14.9925165,1.1991773,-1.3182062,-0.93325007,4.6157737,-2.6928053,330.4637,411.81418,-1067.9152,-126.084335,330.4637,411.81418,-1067.9152,-126.084335,1.0,1.0,-1.0,-1.0,33.524375915527344,0.4,-0.4,-0.4
3.6333333333333333,20.52646,-15.005101,1.9973441,-0.08470693,-0.010690097,0.00024054857,0.99634856,0.02692049,-0.031801686,-0.13125733,-0.26835978,-0.4431334,0.08149547,20.543806,-14.991468,1.1976483,-1.2423722,-0.97642285,4.5500417,-2.5903664,-210.34752,-49.485344,-592.3299,272.07083,-210.34752,-49.485344,-592.3299,272.07083,-1.0,-1.0,-1.0,1.0,0.0,-0.4,-0.4,0.4
3.65,20.525908,-15.004662,1.9969884,-0.08386747,-0.010520995,0.0007503347,0.9964211,0.029339045,-0.03145016,0.016204244,0.16963221,0.11367446,-0.1612708,20.542185,-14.990487,1.1972798,-1.1658572,-1.0152242,4.590897,-2.328082,458.962,537.0624,304.7342,-3174.2703,458.962,537.0624,304.7342,-3174.2703,1.0,1.0,1.0,-1.0,33.524375915527344,0.4,0.4,-0.4
3.6666666666666665,20.525318,-15.004218,1.9951991,-0.08405237,-0.007994243,-0.00033891428,0.99642915,0.032849107,-0.032416612,-0.14775433,-0.26439297,-0.42605302,0.08163154,20.540533,-14.989528,1.1954787,-1.0897541,-1.0521815,4.566185,-2.2174356,-76.21811,-57.023952,-545.4941,230.30862,-76.21811,-57.023952,-545.4941,230.30862,-1.0,-1.0,-1.0,1.0,0.0,-0.4,-0.4,0.4
3.683333333333333,20.524685,-15.003787,1.99457,-0.08321497,-0.007969296,0.00019421568,0.99649966,0.0343824,-0.031815313,-0.000298383,0.17361966,0.13076967,-0.16114481,20.538815,-14.988644,1.1948382,-1.0120134,-1.0846305,4.6644397,-1.9469403,570.8981,552.322,399.90134,-3145.329,570.8981,552.322,399.90134,-3145.329,1.0,1.0,1.0,-1.0,33.524375915527344,0.4,0.4,-0.4
3.6999999999999997,20.523964,-15.003353,1.9963908,-0.08339875,-0.0056982236,-0.0008618443,0.9964996,0.038164973,-0.033461552,0.14638685,-0.25679657,-0.39173302,0.08177116,20.537003,-14.987859,1.196647,-0.9338648,-1.1097702,4.6889195,-1.5083812,76.836655,-75.307335,-466.7054,181.11378,76.836655,-75.307335,-466.7054,181.11378,1.0,-1.0,-1.0,1.0,33.524375915527344,-0.4,-0.4,0.4
3.716666666666667,20.523224,-15.00292,1.9967831,-0.082563266,-0.0058525787,-0.00030148224,0.99656856,0.039272774,-0.03248377,-0.016810998,0.1776169,0.14781429,-0.16102946,20.53516,-14.987094,1.197029,-0.85489815,-1.1335438,4.7379966,-1.4264201,-480.9404,390.17606,626.532,-2300.935,-480.9404,390.17606,626.532,-2300.935,-1.0,1.0,1.0,-1.0,0.0,0.4,0.4,-0.4
3.7333333333333334,20.522436,-15.002488,1.9983313,-0.082746476,-0.003726037,-0.0013379584,0.9965628,0.04227205,-0.033866078,0.1298596,-0.25279236,-0.37473464,0.08189098,20.533264,-14.986411,1.1985666,-0.77552336,-1.1515108,4.762487,-1.078019,66.962975,-125.56703,-412.70294,135.68932,66.962975,-125.56703,-412.70294,135.68932,1.0,-1.0,-1.0,1.0,33.524375915527344,-0.4,-0.4,0.4
3.75,20.521646,-15.002064,1.9984508,-0.08191263,-0.004023535,-0.00075434265,0.996631,0.042762887,-0.032694012,-0.033328593,0.1816386,0.16482429,-0.16092332,20.531353,-14.985756,1.1986759,-0.6951937,-1.1680433,4.819779,-0.9919452,-487.2043,349.25983,679.5694,-2301.7405,-487.2043,349.25983,679.5694,-2301.7405,-1.0,1.0,1.0,-1.0,0.0,0.4,0.4,-0.4
3.7666666666666666,20.520819,-15.001639,1.9997258,-0.08209522,-0.002041324,-0.0017706068,0.99662083,0.045089718,-0.033835154,0.11333928,-0.24876195,-0.3577734,0.082001686,20.529392,-14.98518,1.1999412,-0.61404574,-1.1789055,4.868878,-0.6517338,73.33554,-170.04921,-350.97403,96.23187,73.33554,-170.04921,-350.97403,96.23187,1.0,-1.0,-1.0,1.0,33.524375915527344,-0.4,-0.4,0.4
3.783333333333333,20.519995,-15.001222,1.9995729,-0.08126301,-0.00248223,-0.0011634307,0.9966889,0.045064513,-0.032495774,-0.049835723,0.18568614,0.18179624,-0.16082723,20.527422,-14.984632,1.1997794,-0.5319428,-1.1882648,4.926177,-0.5615615,-474.97534,299.07678,732.0446,-2315.0823,-474.97534,299.07678,732.0446,-2315.0823,-1.0,1.0,1.0,-1.0,0.0,0.4,0.4,-0.4
3.8,20.519146,-15.000805,2.0005758,-0.081445254,-0.00064402435,-0.002159059,0.9966752,0.0468301,-0.033418946,0.096838154,-0.24470526,-0.34085298,0.08210288,20.525412,-14.984163,1.2007735,-0.44874802,-1.191954,4.9916854,-0.22135018,96.40265,-218.00612,-286.97177,59.386127,96.40265,-218.00612,-286.97177,59.386127,1.0,-1.0,-1.0,1.0,33.524375915527344,-0.4,-0.4,0.4
3.8166666666666664,20.518291,-15.000397,2.0001502,-0.08061397,-0.0012274007,-0.0015282036,0.9967434,0.04638978,-0.031938784,-0.06632203,0.18976012,0.19872653,-0.16074075,20.523384,-14.983723,1.2003403,-0.36473456,-1.1942767,5.0408072,-0.13936041,-446.0361,242.44556,779.68823,-2338.872,-446.0361,242.44556,779.68823,-2338.872,-1.0,1.0,1.0,-1.0,0.0,0.4,0.4,-0.4
3.8333333333333335,20.517426,-14.999993,2.0008807,-0.080796145,0.00046632224,-0.0025022905,0.9967274,0.04770493,-0.03266719,0.080364056,-0.2406196,-0.32397375,0.08219422,20.521336,-14.983366,1.201063,-0.2800389,-1.1909293,5.08174,0.2008438,136.2822,-268.52353,-230.24057,26.978798,136.2822,-268.52353,-230.24057,26.978798,1.0,-1.0,-1.0,1.0,33.524375915527344,-0.4,-0.4,0.4
3.85,20.516567,-14.999599,2.0001822,-0.07996589,-0.00025941496,-0.0018475791,0.9967958,0.046950318,-0.031072699,-0.08278104,0.19386217,0.21561524,-0.16066414,20.51928,-14.983037,1.2003584,-0.19425096,-1.1862837,5.147276,0.27873513,-401.4235,185.06348,813.84467,-2357.2825,-401.4235,185.06348,813.84467,-2357.2825,-1.0,1.0,1.0,-1.0,0.0,0.4,0.4,-0.4
3.8666666666666667,20.515703,-14.999212,2.0006404,-0.07930378,0.0012923172,-0.0028015894,0.9968457,0.047996346,-0.031485435,0.06392104,-0.23666592,-0.30704132,-0.053317986,20.517212,-14.982788,1.2008106,-0.10805366,-1.1763778,5.1718373,0.594356,193.11421,-320.15506,-186.48367,0.44210976,193.11421,-320.15506,-186.48367,0.44210976,1.0,-1.0,-1.0,0.44210976,33.524375915527344,-0.4,-0.4,0.17684391
3.8833333333333333,20.514841,-14.998834,1.9996699,-0.07734768,0.00042640508,-0.0021244595,0.99700177,0.04709462,-0.029694784,-0.099209554,0.19745274,0.23285463,-0.2961394,20.515137,-14.982565,1.1998355,-0.021173587,-1.1652423,5.212804,0.6681275,-371.13132,225.44504,759.7201,-898.73987,-371.13132,225.44504,759.7201,-898.73987,-1.0,1.0,1.0,-1.0,0.0,0.4,0.4,-0.4
3.9,20.51398,-14.998466,1.9998555,-0.0764047,0.0018329893,-0.0030603565,0.99707043,0.047907643,-0.029996697,0.047510836,-0.23268576,-0.29014784,-0.053151418,20.513062,-14.982425,1.2000169,0.06584304,-1.1489148,5.2209973,0.97964996,232.12149,-272.4504,-175.7696,133.58606,232.12149,-272.4504,-175.7696,133.58606,1.0,-1.0,-1.0,1.0,33.524375915527344,-0.4,-0.4,0.4
3.9166666666666665,20.51313,-14.998105,1.9986123,-0.07444969,0.0008260377,-0.0023567341,0.9972216,0.046886172,-0.028142199,-0.115606256,0.20152277,0.24980175,-0.29598993,20.51099,-14.982308,1.1987712,0.15326963,-1.1314261,5.2455955,1.049323,-294.9839,178.16931,768.91516,-906.3733,-294.9839,178.16931,768.91516,-906.3733,-1.0,1.0,1.0,-1.0,0.0,0.4,0.4,-0.4
3.933333333333333,20.512281,-14.997754,1.9985249,-0.07350767,0.002087531,-0.0032727863,0.9972871,0.04757431,-0.0283198,0.031133352,-0.22859026,-0.27331382,-0.052998457,20.508928,-14.982268,1.1986821,0.24015015,-1.1091554,5.212831,1.3362406,315.5274,-311.21683,-176.26416,112.801285,315.5274,-311.21683,-176.26416,112.801285,1.0,-1.0,-1.0,1.0,33.524375915527344,-0.4,-0.4,0.4
3.9499999999999997,20.511442,-14.9974165,1.997009,-0.071552396,0.0009403163,-0.0025416226,0.9974331,0.046533134,-0.026427306,-0.13197145,0.20570727,0.26668933,-0.29585487,20.506872,-14.982259,1.197166,0.32730445,-1.0856553,5.2292576,1.410005,-198.35336,138.28893,755.72565,-899.7547,-198.35336,138.28893,755.72565,-899.7547,-1.0,1.0,1.0,-1.0,0.0,0.4,0.4,-0.4
3.966666666666667,20.510605,-14.99709,1.9966495,-0.07061106,0.0020573754,-0.0034363782,0.99749583,0.04720483,-0.026504377,0.014787411,-0.22437945,-0.2565419,-0.052858815,20.504837,-14.982322,1.1968067,0.41309342,-1.0577832,5.1473374,1.672325,412.38187,-343.94077,-205.48209,99.0407,412.38187,-343.94077,-205.48209,99.0407,1.0,-1.0,-1.0,1.0,33.524375915527344,-0.4,-0.4,0.4
3.9833333333333334,20.509777,-14.996774,1.9948611,-0.06865646,0.00077042956,-0.0026763962,0.99763644,0.04624381,-0.024599377,-0.14830604,0.21000533,0.28351477,-0.29573414,20.502811,-14.9824095,1.1950207,0.4988833,-1.0288184,5.147393,1.7378925,-84.07338,106.226814,718.05396,-882.54456,-84.07338,106.226814,718.05396,-882.54456,-1.0,1.0,1.0,-1.0,0.0,0.4,0.4,-0.4
4.0,20.50895,-14.996468,1.994229,-0.067715496,0.0017435777,-0.003548364,0.9976968,0.047006615,-0.024599582,-0.0015280994,-0.22005448,-0.23983234,-0.052731916,20.500824,-14.982565,1.1943911,0.58194214,-0.99575514,4.9835296,1.9837939,525.93823,-368.1319,-269.51926,91.967865,525.93823,-368.1319,-269.51926,91.967865,1.0,-1.0,-1.0,1.0,33.524375915527344,-0.4,-0.4,0.4
4.016666666666667,20.508144,-14.9962015,1.9960512,-0.0657599,0.00020851796,-0.0027425142,0.99783164,0.045434088,-0.022301532,0.14605874,0.21813169,0.31748173,-0.29563117,20.498886,-14.982815,1.1962168,0.6630896,-0.9587984,4.8688455,2.2174034,52.96318,87.60548,647.2494,-843.61523,52.96318,87.60548,647.2494,-843.61523,1.0,1.0,1.0,-1.0,33.524375915527344,0.4,0.4,-0.4
4.033333333333333,20.507334,-14.995937,1.9964405,-0.064820126,0.0010016132,-0.0035840226,0.99788994,0.04627513,-0.022090197,-0.017799223,-0.2155501,-0.22319445,-0.052626245,20.49696,-14.983087,1.1966112,0.7430088,-0.9204076,4.7951527,2.3034487,-530.3694,-447.7617,-101.001945,226.24594,-530.3694,-447.7617,-101.001945,226.24594,-1.0,-1.0,-1.0,1.0,0.0,-0.4,-0.4,0.4
4.05,20.506538,-14.995706,1.9979903,-0.062863864,-0.0006718061,-0.002746345,0.998018,0.045029745,-0.019811697,0.12979634,0.22273597,0.3341539,-0.29554227,20.495085,-14.983423,1.1981667,0.8203337,-0.87969464,4.6394954,2.442777,54.332645,56.389866,552.445,-793.0568,54.332645,56.389866,552.445,-793.0568,1.0,1.0,1.0,-1.0,33.524375915527344,0.4,0.4,-0.4
4.066666666666666,20.505737,-14.995476,1.9981071,-0.06192509,-2.138687e-05,-0.003561442,0.99807435,0.046136793,-0.0195909,-0.03404247,-0.21093301,-0.20662162,-0.052527037,20.493229,-14.983779,1.1982905,0.8958841,-0.8377525,4.5330224,2.516527,-529.9312,-467.21423,-251.13501,231.1073,-529.9312,-467.21423,-251.13501,231.1073,-1.0,-1.0,-1.0,1.0,0.0,-0.4,-0.4,0.4
4.083333333333333,20.504944,-14.995276,1.999384,-0.059967835,-0.0018328445,-0.0026905437,0.998195,0.045323867,-0.017354496,0.11356486,0.22745204,0.35076314,-0.29545817,20.491436,-14.984191,1.1995752,0.967474,-0.7939666,4.295393,2.6271555,75.69339,44.237213,396.41226,-723.853,75.69339,44.237213,396.41226,-723.853,1.0,1.0,1.0,-1.0,33.524375915527344,0.4,0.4,-0.4
4.1,20.504137,-14.995081,1.9992282,-0.059030816,-0.0013244125,-0.003477589,0.99824923,0.046796523,-0.017148577,-0.050255235,-0.20620398,-0.19011217,-0.05243094,20.489658,-14.984622,1.1994275,1.037016,-0.7490882,4.1725225,2.6927016,-515.13684,-461.897,-425.8529,242.95421,-515.13684,-461.897,-425.8529,242.95421,-1.0,-1.0,-1.0,1.0,0.0,-0.4,-0.4,0.4
4.116666666666666,20.503332,-14.994919,2.0002327,-0.057072278,-0.0032735853,-0.0025720743,0.99836135,0.046520248,-0.014976548,0.097369194,0.23227675,0.36731154,-0.29537445,20.487963,-14.9851055,1.2004405,1.100821,-0.7028441,3.8282988,2.7746484,125.12522,44.6035,165.1147,-636.2091,125.12522,44.6035,165.1147,-636.2091,1.0,1.0,1.0,-1.0,33.524375915527344,0.4,0.4,-0.4
4.133333333333333,20.502514,-14.994758,1.9998045,-0.056136496,-0.0029070654,-0.0033293196,0.99841326,0.048457947,-0.014809651,-0.06643139,-0.2013665,-0.17366458,-0.052334893,20.48629,-14.985604,1.2000217,1.1620314,-0.6555759,3.6726234,2.8360925,-487.21603,-418.67938,-601.47974,260.2371,-487.21603,-418.67938,-601.47974,260.2371,-1.0,-1.0,-1.0,1.0,0.0,-0.4,-0.4,0.4
4.15,20.50166,-14.994632,2.0005312,-0.05420104,0.0017134792,-0.0020499667,0.99852645,0.050894637,-0.012731807,0.080142476,0.23071656,-0.6906681,-0.2947989,20.484697,-14.986148,1.2007561,1.2149085,-0.607625,3.1726239,2.8770516,205.97615,63.856144,-160.30362,-515.4059,205.97615,63.856144,-160.30362,-515.4059,1.0,1.0,-1.0,-1.0,33.524375915527344,0.4,-0.4,-0.4
4.166666666666667,20.500807,-14.994506,1.9998288,-0.053264223,0.004169953,-0.0026917192,0.99856806,0.049114842,-0.01261393,-0.083455265,-0.2006123,-0.15641937,-0.05216899,20.483128,-14.986706,1.2000622,1.2662836,-0.55865,3.0825088,2.9384992,-397.3128,-451.99326,514.4548,240.2156,-397.3128,-451.99326,514.4548,240.2156,-1.0,-1.0,1.0,1.0,0.0,-0.4,0.4,0.4
4.183333333333334,20.499996,-14.994393,2.0002866,-0.05128599,0.0022608957,-0.007122203,0.998656,0.047060568,-0.012121056,0.063977055,-0.6259764,0.3959825,-0.29533893,20.48165,-14.987304,1.2005285,1.3141071,-0.50776297,2.8694055,3.0532227,286.8635,-84.84259,254.62314,-149.84346,286.8635,-84.84259,254.62314,-149.84346,1.0,-1.0,1.0,-1.0,33.524375915527344,-0.4,0.4,-0.4
4.2,20.499193,-14.994296,1.9993128,-0.0503406,0.0024252376,-0.009637843,0.9986827,0.047275394,-0.008592441,-0.09971188,-0.19508089,-0.13671769,-0.05204948,20.480202,-14.987911,1.1995637,1.3602916,-0.45728603,2.7710721,3.0286162,-225.95662,748.7364,-479.67792,447.53238,-225.95662,748.7364,-479.67792,447.53238,-1.0,1.0,-1.0,1.0,0.0,0.4,-0.4,0.4
4.216666666666667,20.498411,-14.994286,1.9994986,-0.048372056,4.617653e-05,-0.008636236,0.998792,0.04603297,-0.0042093457,0.047961347,0.24371612,0.42088085,-0.29501164,20.478842,-14.98855,1.1997584,1.4016947,-0.4107711,2.484183,2.7908955,494.33966,583.9372,69.284164,-91.37902,494.33966,583.9372,69.284164,-91.37902,1.0,1.0,1.0,-1.0,33.524375915527344,0.4,0.4,-0.4
4.233333333333333,20.497635,-14.994314,1.9982525,-0.04743424,-0.00033026293,-0.0039282953,0.99886656,0.047021896,-0.0018194825,-0.11563831,0.67415047,-0.11503175,-0.05135472,20.477524,-14.989201,1.1985216,1.440502,-0.36623722,2.3284433,2.6720326,-218.70514,19.73665,-769.1451,294.3661,-218.70514,19.73665,-769.1451,294.3661,-1.0,1.0,-1.0,1.0,0.0,0.4,-0.4,0.4
4.25,20.496836,-14.994363,1.9981616,-0.0454994,0.003764562,-0.0008156569,0.9989569,0.04817473,-0.0013794596,0.030892907,0.2417332,-0.63892645,-0.29465035,20.476297,-14.989875,1.1984378,1.4711113,-0.3214304,1.8365549,2.68841,487.17587,-859.424,-366.52924,-70.653625,487.17587,-859.424,-366.52924,-70.653625,1.0,-1.0,-1.0,-1.0,33.524375915527344,-0.4,-0.4,-0.4
4.266666666666667,20.496048,-14.994402,1.9966406,-0.044559155,0.0057806293,-0.0014018543,0.99898905,0.04555642,-0.0015915753,-0.13262881,-0.18919021,-0.10486448,-0.05201525,20.47511,-14.990555,1.1969241,1.4998076,-0.2755309,1.7217778,2.7539687,-153.29515,-476.59784,385.5471,333.87347,-153.29515,-476.59784,385.5471,333.87347,-1.0,-1.0,1.0,1.0,0.0,-0.4,0.4,0.4
4.283333333333333,20.495316,-14.99444,1.9962801,-0.042577196,0.0033982992,-0.005734117,0.9990709,0.043192077,-0.0010762154,0.014922502,-0.6142623,0.44734102,-0.29535306,20.474024,-14.991251,1.1965699,1.5250881,-0.22840214,1.5168284,2.827726,691.54407,-77.34997,84.145195,-29.93079,691.54407,-77.34997,84.145195,-29.93079,1.0,-1.0,1.0,-1.0,33.524375915527344,-0.4,0.4,-0.4
4.3,20.494616,-14.994543,1.9983708,-0.04162548,0.0029992252,-0.00815045,0.9990955,0.04332353,0.001344759,0.1619936,-0.17952295,-0.06823581,-0.052116383,20.47308,-14.991969,1.1986647,1.5425797,-0.18434712,1.0494946,2.6433008,126.258736,694.75555,-723.0326,542.70874,126.258736,694.75555,-723.0326,542.70874,1.0,1.0,-1.0,1.0,33.524375915527344,0.4,-0.4,0.4
4.316666666666666,20.493908,-14.994678,1.999028,-0.04274726,0.006844048,-0.0068053147,0.9990393,0.043273423,0.004525559,-0.0019822507,0.24991187,-0.6025,0.19130895,20.47217,-14.992695,1.1993259,1.557065,-0.14199978,0.8691215,2.5408404,-538.1829,638.8539,-45.45139,234.6033,-538.1829,638.8539,-45.45139,234.6033,-1.0,1.0,-1.0,1.0,0.0,0.4,-0.4,0.4
4.333333333333333,20.493263,-14.994858,2.000844,-0.04282406,0.008433769,-0.0073053604,0.9990202,0.04048829,0.006188903,0.14524727,-0.17438035,-0.050180353,-0.052279368,20.471369,-14.993427,1.201145,1.5682707,-0.10245289,0.67234033,2.3728135,57.74195,-218.21658,695.18964,-2477.3154,57.74195,-218.21658,695.18964,-2477.3154,1.0,-1.0,1.0,-1.0,33.524375915527344,-0.4,0.4,-0.4
4.35,20.492653,-14.995059,2.0012329,-0.043895386,0.005414843,-0.0061751464,0.9990024,0.037069544,0.009149427,-0.017761579,0.26080504,0.4902286,0.19081743,20.470598,-14.994165,1.2015377,1.5797497,-0.063998885,0.68874115,2.30724,-560.3223,569.7689,309.91287,254.078,-560.3223,569.7689,309.91287,254.078,-1.0,1.0,1.0,1.0,0.0,0.4,0.4,0.4
4.366666666666666,20.492075,-14.995302,2.002777,-0.043958914,0.0046225707,-0.0067413594,0.99899983,0.036590327,0.010595843,0.12924305,-0.1716638,-0.032891095,-0.052303508,20.469936,-14.994904,1.2030835,1.5857626,-0.02855019,0.36077496,2.1269214,1.7281195,-271.00577,-736.4333,-100.0246,1.7281195,-271.00577,-736.4333,-100.0246,1.0,-1.0,-1.0,-1.0,33.524375915527344,-0.4,-0.4,-0.4
4.383333333333333,20.491514,-14.995564,2.002893,-0.04502591,0.0014583385,-0.0055941176,0.998969,0.03452503,0.013283748,-0.033801068,0.26352435,0.50748324,0.19081913,20.469309,-14.99564,1.2032013,1.5905455,0.0053958497,0.28697488,2.0367622,-561.03094,634.32556,24.939001,293.20682,-561.03094,634.32556,24.939001,293.20682,-1.0,1.0,1.0,1.0,0.0,0.4,0.4,0.4
4.4,20.490953,-14.995872,2.0041647,-0.045091227,0.0005224155,-0.0061451886,0.9989638,0.03546212,0.014496788,0.11320952,-0.16898409,-0.015651934,-0.052315984,20.468794,-14.996381,1.204472,1.5872657,0.036473215,-0.1967883,1.8646418,15.182549,-123.6139,-1008.2119,-81.60486,15.182549,-123.6139,-1008.2119,-81.60486,1.0,-1.0,-1.0,-1.0,33.524375915527344,-0.4,-0.4,-0.4
4.416666666666667,20.490374,-14.996196,2.0040028,-0.046197467,0.0039232485,-0.0047155223,0.9989134,0.03589006,0.01688149,-0.05072348,0.26050365,-0.5499561,0.19111308,20.468306,-14.997115,1.2043079,1.5807064,0.06584304,-0.3935623,1.7621893,-538.90155,642.86017,-416.75705,351.9779,-538.90155,642.86017,-416.75705,351.9779,-1.0,1.0,-1.0,1.0,0.0,0.4,-0.4,0.4
4.433333333333334,20.489838,-14.996552,2.0050004,-0.046269406,0.0050736964,-0.0051438906,0.9989028,0.033958904,0.01786843,0.09655062,-0.16400819,0.002324095,-0.0525241,20.467934,-14.997848,1.2053015,1.5689539,0.09275401,-0.7051491,1.614658,127.30823,-95.689865,419.65826,-2015.5078,127.30823,-95.689865,419.65826,-2015.5078,1.0,-1.0,1.0,-1.0,33.524375915527344,-0.4,0.4,-0.4
4.45,20.48931,-14.996925,2.0045662,-0.047375657,0.008322777,-0.0036803426,0.9988357,0.03279852,0.01995405,-0.06735699,0.26550072,-0.53199685,0.19091263,20.467596,-14.998577,1.2048627,1.5552886,0.118298955,-0.81991905,1.5326968,-523.7721,653.45074,-126.77815,380.9089,-523.7721,653.45074,-126.77815,380.9089,-1.0,1.0,-1.0,1.0,0.0,0.4,-0.4,0.4
4.466666666666667,20.488855,-14.997317,2.0052905,-0.047442615,0.009322368,-0.004073626,0.99882215,0.02925093,0.020677794,0.07994861,-0.15908429,0.02031878,-0.05272303,20.467365,-14.999296,1.2055815,1.5393,0.14172657,-0.95931524,1.4056567,164.78745,-184.62598,690.88306,-1658.236,164.78745,-184.62598,690.88306,-1658.236,1.0,-1.0,1.0,-1.0,33.524375915527344,-0.4,0.4,-0.4
4.483333333333333,20.488441,-14.997722,2.0045877,-0.04851934,0.0057098665,-0.0028586837,0.9988018,0.026017405,0.022446409,-0.08314155,0.2760908,0.56060153,0.1904605,20.46717,-15.000013,1.2048737,1.523585,0.16412967,-0.9429001,1.3441863,-511.0471,578.47394,241.92477,392.7952,-511.0471,578.47394,241.92477,392.7952,-1.0,1.0,1.0,1.0,0.0,0.4,0.4,0.4
4.5,20.48806,-14.998144,2.0050406,-0.048581503,0.0043284744,-0.0033317234,0.9988043,0.025505694,0.022848498,0.063872635,-0.15653972,0.037562583,-0.052685875,20.46708,-15.000719,1.2053198,1.5028139,0.18441543,-1.2462615,1.2171452,209.6163,-246.79291,-879.2348,-6.793484,209.6163,-246.79291,-879.2348,-6.793484,1.0,-1.0,-1.0,-1.0,33.524375915527344,-0.4,-0.4,-0.4
4.516666666666667,20.487673,-14.998578,2.0040603,-0.049678378,0.0072799204,-0.0018116784,0.9987371,0.02441468,0.024254076,-0.099988006,0.27300906,-0.49678582,0.19076417,20.46702,-15.00142,1.2043324,1.4793102,0.20354007,-1.4102267,1.1474785,-413.61902,602.29974,-197.57304,446.09198,-413.61902,602.29974,-197.57304,446.09198,-1.0,1.0,-1.0,1.0,0.0,0.4,-0.4,0.4
4.533333333333333,20.487352,-14.999019,2.004239,-0.049742937,0.007984686,-0.0021553915,0.9987278,0.021147031,0.02434894,0.04733698,-0.15171379,0.055530496,-0.05285984,20.467062,-15.002106,1.2045023,1.4533468,0.22109377,-1.5577983,1.0532221,330.1741,-237.94707,667.267,-1380.7351,330.1741,-237.94707,667.267,-1380.7351,1.0,-1.0,1.0,-1.0,33.524375915527344,-0.4,0.4,-0.4
4.55,20.487066,-14.999468,2.0029907,-0.050822947,0.004076188,-0.0009007056,0.9986989,0.018628882,0.02538738,-0.11581836,0.28344166,0.59575003,0.19034597,20.467136,-15.002791,1.2032459,1.4275206,0.23803279,-1.5495728,1.0163407,-338.7305,511.73242,113.82078,465.17673,-338.7305,511.73242,113.82078,465.17673,-1.0,1.0,1.0,1.0,0.0,0.4,0.4,0.4
4.566666666666666,20.4868,-14.999913,2.0028987,-0.053919446,0.0023986134,-0.0013401344,0.9985415,0.018858284,0.024778236,0.031179283,-0.14937896,0.072685935,0.43293855,20.467312,-15.003456,1.2031438,1.395819,0.25374237,-1.9021009,0.9425747,407.04358,-280.93747,-975.37195,56.270416,407.04358,-280.93747,-975.37195,56.270416,1.0,-1.0,-1.0,1.0,33.524375915527344,-0.4,-0.4,0.4
4.583333333333333,20.486528,-15.00037,2.0013728,-0.056012366,0.005049692,0.00023764205,0.9984172,0.018360231,0.02559597,-0.13264963,0.27979743,-0.46198222,0.19006604,20.46752,-15.004115,1.2016078,1.3615215,0.2682225,-2.0578477,0.86880857,-245.7623,473.74515,-308.23666,-2292.56,-245.7623,473.74515,-308.23666,-2292.56,-1.0,1.0,-1.0,-1.0,0.0,0.4,-0.4,-0.4
4.6,20.486298,-15.00082,2.0010066,-0.05607078,0.005463618,-6.310763e-05,0.9984118,0.015813515,0.024968045,0.014679977,-0.14518611,0.09037599,-0.05355661,20.467817,-15.004759,1.2012298,1.3236718,0.28208795,-2.2709796,0.8319264,574.9343,-314.91437,467.86307,-1165.9412,574.9343,-314.91437,467.86307,-1165.9412,1.0,-1.0,1.0,-1.0,33.524375915527344,-0.4,0.4,-0.4
4.616666666666666,20.486076,-15.001268,1.999208,-0.05715197,0.007963065,0.0015488324,0.9983325,0.014136032,0.0251959,-0.14911605,0.28453332,-0.4440543,0.18993928,20.468143,-15.005391,1.1994199,1.2844564,0.29527038,-2.3529265,0.7909458,-41.381924,417.0651,-239.39462,547.3796,-41.381924,417.0651,-239.39462,547.3796,-1.0,1.0,-1.0,1.0,0.0,0.4,-0.4,0.4
4.633333333333333,20.48592,-15.001697,1.9985687,-0.057208385,0.008226027,0.0012783698,0.99832755,0.010524221,0.024176946,-0.0017700146,-0.14052415,0.10832639,-0.053686142,20.468555,-15.006005,1.1987687,1.2437385,0.30858946,-2.4430702,0.79914445,711.5755,-445.07608,687.1383,-910.81995,711.5755,-445.07608,687.1383,-910.81995,1.0,-1.0,1.0,-1.0,33.524375915527344,-0.4,0.4,-0.4
4.65,20.485859,-15.002112,2.0003846,-0.058296025,0.0037599383,0.0025886886,0.9982888,0.0062729525,0.024856193,0.14565064,0.2983043,0.6654761,0.18953858,20.469082,-15.006597,1.2005733,1.2016549,0.3211572,-2.525017,0.75406367,98.05034,223.2802,32.189785,555.22687,98.05034,223.2802,32.189785,555.22687,1.0,1.0,1.0,1.0,33.524375915527344,0.4,0.4,0.4
4.666666666666667,20.48581,-15.002515,2.000768,-0.06139271,0.0016162803,0.0022089875,0.9981099,0.0060530915,0.023251021,-0.018054763,-0.13849661,0.12548101,0.4321521,20.469637,-15.007178,1.2009451,1.1583424,0.33399814,-2.5987527,0.7704573,-578.4048,-562.88086,-906.07043,328.73856,-578.4048,-562.88086,-906.07043,328.73856,-1.0,-1.0,-1.0,1.0,0.0,-0.4,-0.4,0.4
4.683333333333334,20.485754,-15.002904,2.0023065,-0.06346928,0.003710857,0.0038874873,0.99796927,0.0070514968,0.023619011,0.12884872,0.2942454,-0.3921101,0.18933351,20.470268,-15.007732,1.2024709,1.1091554,0.3458146,-2.9512165,0.70898646,93.16634,125.445786,-474.11346,-1976.3241,93.16634,125.445786,-474.11346,-1976.3241,1.0,1.0,-1.0,-1.0,33.524375915527344,0.4,-0.4,-0.4
4.7,20.485716,-15.003281,2.0024157,-0.06655405,0.0036599343,0.003645544,0.99776936,0.005020612,0.02161921,-0.03447257,-0.13402036,0.14315397,0.43175536,20.470932,-15.008283,1.2025679,1.0588763,0.35824576,-3.0167482,0.7458704,-686.77295,-599.6539,318.16946,68.38016,-686.77295,-599.6539,318.16946,68.38016,-1.0,-1.0,1.0,1.0,0.0,-0.4,0.4,0.4
4.716666666666667,20.485687,-15.003623,2.0036802,-0.06860364,0.0059998133,-2.7687567e-05,0.9976259,0.0051623075,0.019483987,0.11258408,-0.56540936,-0.38086092,0.1882285,20.47166,-15.008809,1.2038201,1.0046357,0.3714283,-3.2544348,0.790953,109.3455,-49.114098,-416.3308,-1755.6669,109.3455,-49.114098,-416.3308,-1755.6669,1.0,-1.0,-1.0,-1.0,33.524375915527344,-0.4,-0.4,-0.4
4.733333333333333,20.48568,-15.003964,2.0035162,-0.06864307,0.005943094,-0.0020257665,0.99762154,0.0023959747,0.020628627,-0.05057392,-0.13002057,0.15826352,-0.0544404,20.472414,-15.009327,1.2036443,0.9501229,0.38406444,-3.2707677,0.75816745,-632.45416,813.1887,468.5963,-870.7119,-632.45416,813.1887,468.5963,-870.7119,-1.0,1.0,1.0,-1.0,0.0,0.4,0.4,-0.4
4.75,20.485718,-15.004331,2.0045094,-0.069721065,0.007739522,-0.00027759947,0.9975364,0.0016555022,0.022329725,0.09636105,0.3037158,-0.35915324,0.18908498,20.473236,-15.00982,1.2046257,0.89397144,0.39314878,-3.3690867,0.5450606,191.21303,471.0192,-302.62646,597.36755,191.21303,471.0192,-302.62646,597.36755,1.0,1.0,-1.0,1.0,33.524375915527344,0.4,-0.4,0.4
4.766666666666667,20.485777,-15.004689,2.0040731,-0.072801985,0.007397572,-0.00047427265,0.9973188,-0.0015595783,0.02183328,-0.06695507,-0.1248278,0.17618753,0.43149194,20.474075,-15.010301,1.2041787,0.8380941,0.40189165,-3.3526394,0.5245721,-634.0874,-304.5043,687.4712,121.87027,-634.0874,-304.5043,687.4712,121.87027,-1.0,-1.0,1.0,1.0,0.0,-0.4,0.4,0.4
4.783333333333333,20.48589,-15.005057,2.0047932,-0.074887075,0.009037665,0.0012981367,0.9971502,-0.0028348267,0.02321516,0.07999469,0.30781865,-0.34142643,0.18869576,20.474974,-15.010756,1.204888,0.7818077,0.40810725,-3.3771834,0.3729361,170.74167,364.92758,-6.7598033,-1274.677,170.74167,364.92758,-6.7598033,-1274.677,1.0,1.0,-1.0,-1.0,33.524375915527344,0.4,-0.4,-0.4
4.8,20.486029,-15.005415,2.0040836,-0.077964485,0.008551461,0.0011177084,0.9969188,-0.0064719105,0.022279,-0.08331986,-0.12091656,0.19397877,0.431102,20.475891,-15.011201,1.204169,0.72606856,0.4143912,-3.3443496,0.3770363,-573.208,-428.11853,847.66547,125.817245,-573.208,-428.11853,847.66547,125.817245,-1.0,-1.0,1.0,1.0,0.0,-0.4,0.4,0.4
4.816666666666666,20.48624,-15.005766,2.0045357,-0.080049634,0.0033410846,0.0024144223,0.99678236,-0.010117969,0.023116935,0.06394115,0.31523433,0.7504575,0.18810992,20.476852,-15.01162,1.2046123,0.67237926,0.41924074,-3.2213578,0.29097316,246.11423,179.3431,164.34274,-1184.961,246.11423,179.3431,164.34274,-1184.961,1.0,1.0,1.0,-1.0,33.524375915527344,0.4,0.4,-0.4
4.833333333333333,20.486456,-15.006104,2.0035553,-0.0831322,0.00048502145,0.0020729555,0.9965362,-0.009728601,0.021695754,-0.099855185,-0.121594384,0.21099333,0.43077138,20.477825,-15.012028,1.2036235,0.61814415,0.4242269,-3.2541058,0.29917,-373.8147,-560.9372,-940.63055,382.40256,-373.8147,-560.9372,-940.63055,382.40256,-1.0,-1.0,-1.0,1.0,0.0,-0.4,-0.4,0.4
4.85,20.48667,-15.006436,2.0037296,-0.08519423,0.0018214623,0.0038789131,0.9963551,-0.008782985,0.021922342,0.04709659,0.3110063,-0.3067786,0.18799327,20.478848,-15.012406,1.2037903,0.560221,0.42757383,-3.475388,0.20081519,388.2115,203.75365,-625.25464,-1478.6453,388.2115,203.75365,-625.25464,-1478.6453,1.0,1.0,-1.0,-1.0,33.524375915527344,0.4,-0.4,-0.4
4.866666666666666,20.486881,-15.006753,2.0024748,-0.08826694,0.0010541839,0.0037151503,0.99608934,-0.010057187,0.01999876,-0.11624974,-0.118101075,0.22874379,0.43039408,20.479876,-15.012775,1.2025282,0.5017521,0.43133053,-3.508136,0.2254021,-338.4826,-592.5304,245.70546,159.67616,-338.4826,-592.5304,245.70546,159.67616,-1.0,-1.0,1.0,1.0,0.0,-0.4,0.4,0.4
4.883333333333333,20.487097,-15.007048,2.0023766,-0.09032351,0.0022351306,0.005542454,0.9958945,-0.009437703,0.019612696,0.030709377,0.31447387,-0.2890727,0.18762484,20.480942,-15.013116,1.2024236,0.44082478,0.43460912,-3.655638,0.19671498,504.43524,45.186775,-683.9376,-1365.8832,504.43524,45.186775,-683.9376,-1365.8832,1.0,1.0,-1.0,-1.0,33.524375915527344,0.4,-0.4,-0.4
4.9,20.487318,-15.007324,2.0008495,-0.09339384,0.001324136,0.005387916,0.99561375,-0.0108546,0.017163454,-0.13263686,-0.114820555,0.24651763,0.4300183,20.482018,-15.013449,1.2008905,0.3796247,0.43863904,-3.6720047,0.24179576,-205.16127,-748.34094,183.16003,174.7221,-205.16127,-748.34094,183.16003,174.7221,-1.0,-1.0,1.0,1.0,0.0,-0.4,0.4,0.4
4.916666666666667,20.487543,-15.007552,2.0004778,-0.09543436,0.0028886783,0.0018596508,0.9954298,-0.0104494,0.015197225,0.014423802,-0.54654735,-0.27677736,0.18641466,20.483126,-15.013751,1.2005142,0.31637597,0.44396675,-3.794923,0.31966206,645.68164,-152.12068,-751.3263,-1299.6766,645.68164,-152.12068,-751.3263,-1299.6766,1.0,-1.0,-1.0,-1.0,33.524375915527344,-0.4,-0.4,-0.4
4.933333333333334,20.487772,-15.007774,1.9986771,-0.09546608,0.00201181,-6.96281e-05,0.99543065,-0.011962362,0.016027935,-0.14879353,-0.111808956,0.26166236,-0.056341674,20.484236,-15.014043,1.1987094,0.25326425,0.44895294,-3.786703,0.29917178,-37.118645,764.8663,288.8682,-522.4906,-37.118645,764.8663,288.8682,-522.4906,-1.0,1.0,1.0,-1.0,0.0,0.4,0.4,-0.4
4.95,20.488018,-15.008008,1.9980338,-0.0965154,0.0028926071,0.0018024739,0.9953256,-0.01176185,0.016677987,-0.0018311465,0.32236224,-0.25611287,0.18717669,20.485367,-15.014307,1.1980629,0.18987961,0.45113865,-3.803078,0.13114212,832.2717,314.35297,-766.5463,637.4544,832.2717,314.35297,-766.5463,637.4544,1.0,1.0,-1.0,1.0,33.524375915527344,0.4,-0.4,0.4
4.966666666666667,20.4883,-15.008216,1.9998437,-0.09957766,0.0015817864,0.0016892189,0.995027,-0.01395184,0.015393215,0.14545383,-0.1036243,0.2967513,0.42957282,20.486519,-15.01453,1.1998708,0.12758805,0.45223153,-3.7374935,0.06557285,101.90435,-456.58813,258.7879,163.00256,101.90435,-456.58813,258.7879,163.00256,1.0,-1.0,1.0,1.0,33.524375915527344,-0.4,0.4,0.4
4.983333333333333,20.488577,-15.008424,2.0002222,-0.101630114,0.002271297,0.0035791202,0.99481314,-0.013608612,0.015676845,-0.01824034,0.32517165,-0.23833573,0.18682452,20.487667,-15.01474,1.2002479,0.06516002,0.45236814,-3.7456815,0.00819683,-568.7165,190.30261,-650.7084,-143.59021,-568.7165,190.30261,-650.7084,-143.59021,-1.0,1.0,-1.0,-1.0,0.0,0.4,-0.4,-0.4
5.0,20.488869,-15.008595,2.0017598,-0.10469062,0.0008164969,0.003467937,0.9944984,-0.0156558,0.013764947,0.12903766,-0.10103017,0.31461066,0.42921796,20.488817,-15.014922,1.2017851,0.0036883021,0.45311952,-3.688303,0.045082565,114.21066,-609.8316,175.07806,166.04935,114.21066,-609.8316,175.07806,166.04935,1.0,-1.0,1.0,1.0,33.524375915527344,-0.4,0.4,0.4
5.016666666666667,20.48916,-15.008743,2.0018644,-0.10672785,0.0019481083,7.533928e-07,0.9942863,-0.015147632,0.012386655,-0.034591533,-0.5365604,-0.22556597,0.18558055,20.48997,-15.015092,1.2018902,-0.057920013,0.45469046,-3.6964986,0.09425639,-549.6081,-14.975688,-755.9121,-167.27634,-549.6081,-14.975688,-755.9121,-167.27634,-1.0,-1.0,-1.0,-1.0,0.0,-0.4,-0.4,-0.4
5.033333333333333,20.48948,-15.0089035,2.0031295,-0.1067518,0.0005521936,-0.0018923379,0.9942837,-0.016973954,0.0134145655,0.112808324,-0.0985588,0.32979792,-0.057223644,20.49112,-15.015233,1.2031566,-0.11747933,0.4533244,-3.5735588,-0.081962936,183.41754,849.84875,254.74294,-406.48715,183.41754,849.84875,254.74294,-406.48715,1.0,1.0,1.0,-1.0,33.524375915527344,0.4,0.4,-0.4
5.05,20.489794,-15.009079,2.0029626,-0.10779094,0.00094366336,3.1297885e-05,0.99417305,-0.016293665,0.0144723,-0.050888132,0.33221683,-0.20535691,0.18628761,20.492264,-15.015366,1.202991,-0.17690217,0.45025072,-3.5653703,-0.18442152,-444.63504,399.43726,-762.99097,757.64954,-444.63504,399.43726,-762.99097,757.64954,-1.0,1.0,-1.0,1.0,0.0,0.4,-0.4,0.4
5.066666666666666,20.49013,-15.009244,2.0039556,-0.11084032,-0.00080145174,-5.776486e-05,0.99383783,-0.017713346,0.01378859,0.09636876,-0.09425844,0.34768817,0.42870483,20.493402,-15.015465,1.2039866,-0.23441276,0.44553772,-3.450635,-0.2827799,178.8889,-277.3694,116.08534,138.81078,178.8889,-277.3694,116.08534,138.81078,1.0,-1.0,1.0,1.0,33.524375915527344,-0.4,0.4,0.4
5.083333333333333,20.490454,-15.009414,2.0035162,-0.11287983,-0.0005664396,0.0018745566,0.9936067,-0.016570892,0.014383031,-0.06733424,0.33445534,-0.18754514,0.18596601,20.494528,-15.0155525,1.2035505,-0.29178694,0.43966362,-3.4424505,-0.3524458,-463.7271,349.46597,-851.5717,-144.20943,-463.7271,349.46597,-851.5717,-144.20943,-1.0,1.0,-1.0,-1.0,0.0,0.4,-0.4,-0.4
5.1,20.490768,-15.009565,2.0042315,-0.11591357,0.0042145913,0.0025242497,0.99324715,-0.015447522,0.012988389,0.07973442,-0.09446885,-0.7082561,0.42875862,20.495642,-15.015612,1.2042692,-0.34902483,0.43303815,-3.4342735,-0.39752838,244.09059,-397.25644,-50.52415,134.78949,244.09059,-397.25644,-50.52415,134.78949,1.0,-1.0,-1.0,1.0,33.524375915527344,-0.4,-0.4,0.4
5.116666666666666,20.491087,-15.009716,2.003518,-0.11795403,0.006508015,0.004743433,0.9929864,-0.018114246,0.012882334,-0.083468705,0.34280273,-0.16901988,0.18543565,20.496738,-15.015659,1.2035602,-0.4047604,0.42566133,-3.3441334,-0.44260916,-519.8826,116.12671,964.4933,-4305.427,-519.8826,116.12671,964.4933,-4305.427,-1.0,1.0,1.0,-1.0,0.0,0.4,0.4,-0.4
5.133333333333333,20.49147,-15.009813,2.0039656,-0.12100383,0.0044660713,0.004668774,0.99263096,-0.021638509,0.010794159,0.063787565,-0.08410242,0.38426277,0.42785886,20.497808,-15.015682,1.2040123,-0.45393914,0.4203336,-2.9507248,-0.31966385,300.9792,-718.51404,569.74207,103.99351,300.9792,-718.51404,569.74207,103.99351,1.0,-1.0,1.0,1.0,33.524375915527344,-0.4,0.4,0.4
5.15,20.491858,-15.009886,2.0029798,-0.12301536,0.00506132,0.0012812042,0.99239093,-0.022375524,0.009643787,-0.099870905,-0.519769,-0.15550646,0.18419525,20.498869,-15.015694,1.2030317,-0.5021619,0.4159622,-2.8933666,-0.26228425,-364.2535,-260.18362,-336.86728,-162.95422,-364.2535,-260.18362,-336.86728,-162.95422,-1.0,-1.0,-1.0,-1.0,0.0,-0.4,-0.4,-0.4
5.166666666666667,20.492292,-15.009953,2.0031538,-0.123025134,0.00310282,-0.00057073863,0.99239856,-0.025207628,0.010601642,0.047473405,-0.08228898,0.39954093,-0.058662873,20.499891,-15.015678,1.2032106,-0.5442377,0.41008806,-2.524545,-0.3524476,425.95343,813.005,576.11633,-373.1277,425.95343,813.005,576.11633,-373.1277,1.0,1.0,1.0,-1.0,33.524375915527344,0.4,0.4,-0.4
5.183333333333334,20.492739,-15.010031,2.0018969,-0.12405375,0.002872911,0.0014213189,0.99227023,-0.025348485,0.011076396,-0.11623105,0.3487849,-0.1359298,0.18481845,20.500904,-15.015654,1.2019583,-0.5848109,0.40271127,-2.4343941,-0.44260737,-195.90297,277.25595,-403.09775,650.0011,-195.90297,277.25595,-403.09775,650.0011,-1.0,1.0,-1.0,1.0,0.0,0.4,-0.4,0.4
5.2,20.493214,-15.010087,2.001799,-0.12708902,0.0005412651,0.0013587782,0.9918902,-0.027340043,0.0100354515,0.030967405,-0.07838717,0.4174411,0.42726502,20.501877,-15.015604,1.2018653,-0.62046653,0.39512956,-2.1393368,-0.45490262,542.8825,-524.68463,492.59885,12.092171,542.8825,-524.68463,492.59885,12.092171,1.0,-1.0,1.0,1.0,33.524375915527344,-0.4,0.4,0.4
5.216666666666667,20.493689,-15.010147,2.0002692,-0.12911567,0.00015566302,0.003349016,0.9916238,-0.02661388,0.009980947,-0.1327438,0.35022452,-0.11801763,0.18454847,20.502836,-15.015545,1.2003398,-0.65516603,0.38659164,-2.0819697,-0.51227504,-123.62051,92.045135,-519.6722,-322.87857,-123.62051,92.045135,-519.6722,-322.87857,-1.0,1.0,-1.0,-1.0,0.0,0.4,-0.4,-0.4
5.233333333333333,20.494165,-15.010175,1.9998987,-0.12914044,-0.0023308147,0.0032729844,0.9916181,-0.027661638,0.00818966,0.014444544,-0.07737312,0.43532217,-0.058917306,20.503748,-15.015462,1.1999738,-0.68631387,0.37866843,-1.8688701,-0.4753929,679.8757,-687.0507,256.0248,-17.803833,679.8757,-687.0507,256.0248,-17.803833,1.0,-1.0,1.0,-1.0,33.524375915527344,-0.4,0.4,-0.4
5.25,20.494612,-15.0101595,2.0019784,-0.1301678,-0.0022621744,-7.295615e-05,0.99148935,-0.026196394,0.0056423694,0.16138676,-0.5071169,-0.08634731,0.18373963,20.504602,-15.015342,1.2020578,-0.71554923,0.37115508,-1.7541217,-0.45080063,69.12629,-4.250863,-764.72437,640.27246,69.12629,-4.250863,-764.72437,640.27246,1.0,-1.0,-1.0,1.0,33.524375915527344,-0.4,-0.4,0.4
5.266666666666667,20.495058,-15.010144,2.0026295,-0.13319282,-0.0046806475,-0.0019103235,0.99107724,-0.02629551,0.0063138194,-0.0019810656,-0.07322538,0.45056817,0.42685762,20.505434,-15.015215,1.2027131,-0.7431454,0.3631636,-1.6557704,-0.47948954,-675.3797,785.1043,248.62016,9.055104,-675.3797,785.1043,248.62016,9.055104,-1.0,1.0,1.0,1.0,0.0,0.4,0.4,0.4
5.283333333333333,20.495464,-15.010163,2.0044374,-0.1352015,-0.0054730335,9.9633326e-05,0.99080294,-0.023716522,0.0082041565,0.14496554,0.3587266,-0.06776182,0.18414949,20.50622,-15.015062,1.204525,-0.770332,0.350869,-1.6311942,-0.73767537,37.673534,356.24283,-969.9141,-558.3451,37.673534,356.24283,-969.9141,-558.3451,1.0,1.0,-1.0,-1.0,33.524375915527344,0.4,-0.4,-0.4
5.3,20.495848,-15.010188,2.004811,-0.13821933,-0.0016228227,0.0009292013,0.99039984,-0.021218954,0.0072571347,-0.01860248,-0.07381189,-0.6051984,0.42687604,20.50699,-15.014904,1.2049029,-0.7980651,0.33775482,-1.6639887,-0.786851,-693.6548,-341.7616,-179.11119,158.91339,-693.6548,-341.7616,-179.11119,158.91339,-1.0,-1.0,-1.0,1.0,0.0,-0.4,-0.4,0.4
5.316666666666666,20.496235,-15.010214,2.0024617,-0.14023155,-0.00025420068,0.0032565398,0.99011326,-0.022146404,0.0070082685,-0.1818106,0.3624061,-0.06638415,0.18357596,20.50776,-15.014741,1.2025574,-0.8253886,0.32423082,-1.639409,-0.8114397,-79.39932,218.70555,859.136,-4690.913,-79.39932,218.70555,859.136,-4690.913,-1.0,1.0,1.0,-1.0,0.0,0.4,0.4,-0.4
5.333333333333333,20.49663,-15.010208,2.0012736,-0.14024954,-0.0031801905,0.003189925,0.9901059,-0.022756686,0.005183177,-0.03461559,-0.06556085,0.4871486,-0.05985967,20.50847,-15.014559,1.2013731,-0.8480672,0.31159478,-1.3607167,-0.7581621,792.8201,-654.32886,102.43005,-87.82755,792.8201,-654.32886,102.43005,-87.82755,1.0,-1.0,1.0,-1.0,33.524375915527344,-0.4,0.4,-0.4
5.35,20.496984,-15.010175,2.0025368,-0.14125532,-0.0042910823,0.005229071,0.98995006,-0.02104624,0.0049431543,0.1123302,0.36919907,-0.0314392,0.1835954,20.509102,-15.014347,1.2026397,-0.86787707,0.29882213,-1.1885904,-0.7663589,223.32834,58.12817,-880.9631,559.0326,223.32834,58.12817,-880.9631,559.0326,1.0,1.0,-1.0,1.0,33.524375915527344,0.4,-0.4,0.4
5.366666666666666,20.497314,-15.010132,2.0023654,-0.1442474,-0.0007433307,0.006121873,0.9895224,-0.019425325,0.002339187,-0.05125736,-0.06337969,-0.5687417,0.4263203,20.509718,-15.01413,1.2024715,-0.88837,0.28632274,-1.2295746,-0.74996346,-536.41785,-889.11835,-157.13647,101.552414,-536.41785,-889.11835,-157.13647,101.552414,-1.0,-1.0,-1.0,1.0,0.0,-0.4,-0.4,0.4
5.383333333333333,20.49764,-15.010033,2.0033529,-0.14625001,0.0010018995,0.0031583805,0.989242,-0.02066192,-0.0004451722,0.09613741,-0.48853397,-0.016252667,0.18303606,20.510271,-15.013893,1.203462,-0.90462786,0.27648714,-0.97547287,-0.590136,137.9427,-351.3328,921.0937,-4842.555,137.9427,-351.3328,921.0937,-4842.555,1.0,-1.0,1.0,-1.0,33.524375915527344,-0.4,0.4,-0.4
5.4,20.49799,-15.00992,2.0029135,-0.14626274,-0.0019849937,0.0013381881,0.98924285,-0.02153167,-0.00043602847,-0.06724949,-0.05527267,0.52102983,-0.059921544,20.51081,-15.013647,1.203025,-0.9182899,0.26692477,-0.81972235,-0.57374233,-509.08405,562.4769,363.12793,-156.523,-509.08405,562.4769,363.12793,-156.523,-1.0,1.0,1.0,-1.0,0.0,0.4,0.4,-0.4
5.416666666666667,20.498304,-15.009817,2.0036316,-0.14726816,-0.0034011926,0.003413543,0.9890848,-0.020125743,-0.00011747144,0.079704516,0.37956128,0.0023215562,0.18352021,20.511272,-15.013392,1.203745,-0.9288098,0.25606465,-0.63119525,-0.65160686,310.2164,54.190838,-841.20374,464.3978,310.2164,54.190838,-841.20374,464.3978,1.0,1.0,-1.0,1.0,33.524375915527344,0.4,-0.4,0.4
5.433333333333334,20.498602,-15.009704,2.0029144,-0.15026526,-0.00015547415,0.0043690833,0.988636,-0.018933404,-0.0021417914,-0.08390223,-0.053046063,-0.53485024,0.42624423,20.51172,-15.013126,1.2030296,-0.939603,0.24513625,-0.6475889,-0.6557044,-422.37738,-872.9731,-96.69674,11.865343,-422.37738,-872.9731,-96.69674,11.865343,-1.0,-1.0,-1.0,1.0,0.0,-0.4,-0.4,0.4
5.45,20.498901,-15.009545,2.0033565,-0.15226711,0.0013114642,0.0014553306,0.98833746,-0.020398352,-0.004079612,0.06345159,-0.4785362,0.01779525,0.1829406,20.512104,-15.012842,1.2034725,-0.9456143,0.23612031,-0.3606784,-0.5409559,257.239,-340.43475,980.79016,-4867.7266,257.239,-340.43475,980.79016,-4867.7266,1.0,-1.0,1.0,-1.0,33.524375915527344,-0.4,0.4,-0.4
5.466666666666667,20.499226,-15.00938,2.0023723,-0.15227321,-0.001956632,-0.00034502937,0.9883364,-0.021021718,-0.00342857,-0.099954255,-0.04546404,0.55496,-0.06003872,20.51247,-15.012553,1.2024883,-0.94862,0.22724098,-0.18034457,-0.53275996,-364.16757,604.3384,416.2007,-301.73328,-364.16757,604.3384,416.2007,-301.73328,-1.0,1.0,1.0,-1.0,0.0,0.4,0.4,-0.4
5.483333333333333,20.499525,-15.009234,2.0025454,-0.15327457,-0.0036781204,0.0017602359,0.9881752,-0.019460121,-0.0026819045,0.0470019,0.3894387,0.036118656,0.18339157,20.512766,-15.012251,1.2026604,-0.9483468,0.21603939,0.01639366,-0.67209536,474.85104,107.662796,-839.2301,367.05304,474.85104,107.662796,-839.2301,367.05304,1.0,1.0,-1.0,1.0,33.524375915527344,0.4,-0.4,0.4
5.5,20.499802,-15.009088,2.0012836,-0.15327252,-0.0007405087,0.0027576315,0.98817974,-0.018183753,-0.00413898,-0.116620265,-0.044221222,-0.5011188,-0.059933785,20.51304,-15.011943,1.2013985,-0.9482102,0.20449631,0.00819683,-0.69258475,-231.13933,-806.51465,-95.25668,-80.82824,-231.13933,-806.51465,-95.25668,-80.82824,-1.0,-1.0,-1.0,-1.0,0.0,-0.4,-0.4,-0.4
5.516666666666667,20.500076,-15.008909,2.0011814,-0.15427545,0.00043739754,-0.00013771089,0.98802775,-0.019458953,-0.005621977,0.030706858,-0.47184265,0.0521148,0.18283738,20.513248,-15.011621,1.2012943,-0.94342834,0.19425096,0.2869105,-0.6147211,529.2208,-113.79472,828.88495,142.5941,529.2208,-113.79472,828.88495,142.5941,1.0,-1.0,1.0,1.0,33.524375915527344,-0.4,0.4,0.4
5.533333333333333,20.50037,-15.008727,1.9996518,-0.1542757,-0.0031178605,-0.0019341637,0.988021,-0.01941469,-0.004429633,-0.13270281,-0.03887227,0.58922875,-0.060162157,20.513437,-15.011294,1.1997628,-0.93591416,0.18386902,0.4508507,-0.62291616,-138.48425,685.1911,384.677,-490.61725,-138.48425,685.1911,384.677,-490.61725,-1.0,1.0,1.0,-1.0,0.0,0.4,0.4,-0.4
5.55,20.500635,-15.008575,1.9992797,-0.15526995,-0.005135988,0.00017953942,0.9878587,-0.017231029,-0.0033671176,0.014255848,0.39604044,0.070328206,0.18326153,20.51356,-15.010955,1.1993878,-0.92566746,0.17041348,0.6148016,-0.80733234,637.52924,227.71973,-912.91437,285.43497,637.52924,227.71973,-912.91437,285.43497,1.0,1.0,-1.0,1.0,33.524375915527344,0.4,-0.4,0.4
5.566666666666666,20.500835,-15.008433,2.001356,-0.15527096,-0.0026009488,0.0011960036,0.9878678,-0.01417768,-0.004226573,0.16126299,-0.034328878,-0.4496451,-0.060048744,20.513596,-15.0106,1.2014605,-0.9139181,0.1551821,0.70496315,-0.9138831,42.54291,-648.87225,-220.207,-147.37065,42.54291,-648.87225,-220.207,-147.37065,1.0,-1.0,-1.0,-1.0,33.524375915527344,-0.4,-0.4,-0.4
5.583333333333333,20.501038,-15.008292,2.0020041,-0.15627222,-0.0025972917,0.0036494583,0.98770386,-0.014299124,-0.0041468116,-0.0019553385,0.39901122,0.08861196,0.18309613,20.513615,-15.010239,1.2021055,-0.9008025,0.1394043,0.78693503,-0.94666773,-669.60736,21.151875,776.09064,274.9773,-669.60736,21.151875,776.09064,274.9773,-1.0,1.0,1.0,1.0,0.0,0.4,0.4,0.4
5.6,20.50123,-15.00815,1.9999248,-0.15626453,-0.000107290514,0.004665569,0.9877042,-0.01362502,-0.006240274,-0.16561413,-0.034713864,-0.44860527,-0.060202025,20.513634,-15.009881,1.2000229,-0.88837,0.12396803,0.7459509,-0.92617613,-18.275457,-989.569,-53.353092,-160.54997,-18.275457,-989.569,-53.353092,-160.54997,-1.0,-1.0,-1.0,-1.0,0.0,-0.4,-0.4,-0.4
5.616666666666666,20.501423,-15.007961,1.9990048,-0.1572638,0.0006365754,0.0017825412,0.9875547,-0.015210884,-0.008105883,-0.018316176,-0.4624298,0.10462923,0.18257794,20.513592,-15.009517,1.1990988,-0.87156576,0.11140046,1.008253,-0.75405383,679.97546,-330.64334,841.5981,37.52227,679.97546,-330.64334,841.5981,37.52227,1.0,-1.0,1.0,1.0,33.524375915527344,-0.4,0.4,0.4
5.633333333333333,20.50164,-15.007749,2.0005414,-0.15726912,-0.003467196,-1.3846996e-05,0.9875497,-0.017181141,-0.0077592265,0.12893622,-0.026293784,0.6589427,-0.060451843,20.513472,-15.009137,1.2006302,-0.84738415,0.0994476,1.4508961,-0.71717167,140.50027,490.51114,331.86963,-746.49133,140.50027,490.51114,331.86963,-746.49133,1.0,1.0,1.0,-1.0,33.524375915527344,0.4,0.4,-0.4
5.65,20.501844,-15.007531,2.0006456,-0.15828115,-0.0051068068,-0.0032292083,0.9873756,-0.015098592,-0.008498307,-0.034915343,-0.45909435,0.120458454,0.18230388,20.513332,-15.008757,1.2007291,-0.8227929,0.087767966,1.4754759,-0.700778,-427.84372,-74.990425,-703.6244,372.60782,-427.84372,-74.990425,-703.6244,372.60782,-1.0,-1.0,-1.0,1.0,0.0,-0.4,-0.4,0.4
5.666666666666667,20.502007,-15.00736,2.0019042,-0.15829664,-0.0027159879,-0.003970513,0.9873798,-0.012137454,-0.006688485,0.112132154,-0.024713203,-0.39896262,-0.060478557,20.513136,-15.00837,1.2019821,-0.7971088,0.07233173,1.5410434,-0.92617434,220.78165,756.3105,-110.21176,-992.3395,220.78165,756.3105,-110.21176,-992.3395,1.0,1.0,-1.0,-1.0,33.524375915527344,0.4,-0.4,-0.4
5.683333333333334,20.50217,-15.007212,2.0017343,-0.15929358,-0.0031540804,-0.0015043333,0.987225,-0.011952287,-0.005200578,-0.051088035,0.40856022,0.13922122,0.1826373,20.512918,-15.00798,1.2018069,-0.76978546,0.055051334,1.6394018,-1.0368235,-503.08133,412.29788,758.3303,152.08932,-503.08133,412.29788,758.3303,152.08932,-1.0,1.0,1.0,1.0,0.0,0.4,0.4,0.4
5.7,20.502302,-15.007073,2.0027204,-0.1592947,-0.0012060545,-0.00046697457,0.98723024,-0.009835284,-0.0054788813,0.095880084,-0.021907896,-0.38072354,-0.060634058,20.512648,-15.007588,1.2027879,-0.7409596,0.036883026,1.7295526,-1.0900984,244.26646,-569.0779,-65.054855,-231.33095,244.26646,-569.0779,-65.054855,-231.33095,1.0,-1.0,-1.0,-1.0,33.524375915527344,-0.4,-0.4,-0.4
5.716666666666667,20.502436,-15.006943,2.0022783,-0.16029383,-0.0017968803,0.0019956997,0.9870657,-0.010297031,-0.0051325634,-0.067350574,0.41134548,0.15743354,0.18247765,20.51236,-15.007195,1.2023401,-0.71076775,0.0181,1.8115102,-1.1269815,-524.70654,92.442535,886.5843,125.30746,-524.70654,92.442535,886.5843,125.30746,-1.0,1.0,1.0,1.0,0.0,0.4,0.4,0.4
5.733333333333333,20.50256,-15.006787,2.0029976,-0.16030242,-0.0066281464,0.001966931,0.9870437,-0.010966562,-0.0065968744,0.079892986,-0.01750055,0.71117944,-0.060805827,20.51202,-15.006802,1.2030536,-0.6775706,0.0010245284,1.9918298,-1.0245283,260.4136,-907.8606,33.129654,-240.30638,260.4136,-907.8606,33.129654,-240.30638,1.0,-1.0,1.0,-1.0,33.524375915527344,-0.4,0.4,-0.4
5.75,20.502668,-15.006617,2.0022836,-0.16132492,-0.008697508,-0.0012475277,0.9868622,-0.0076858876,-0.007884973,-0.08391806,-0.45027623,0.17271413,0.18196562,20.51167,-15.006406,1.2023343,-0.6446469,-0.015094718,1.9754218,-0.9671547,-386.84122,-79.25278,-902.3014,297.48062,-386.84122,-79.25278,-902.3014,297.48062,-1.0,-1.0,-1.0,1.0,0.0,-0.4,-0.4,0.4
5.766666666666667,20.502703,-15.006481,2.002724,-0.16133557,-0.0067453375,-0.0019797147,0.9868746,-0.0037482511,-0.006910841,0.06309927,-0.016001627,-0.34679177,-0.06085406,20.511278,-15.006012,1.2027699,-0.61418235,-0.033604536,1.8278717,-1.110589,360.6638,617.61066,-599.03906,-1305.8643,360.6638,617.61066,-599.03906,-1305.8643,1.0,1.0,-1.0,-1.0,33.524375915527344,0.4,-0.4,-0.4
5.783333333333333,20.502724,-15.00636,2.001736,-0.16231729,-0.007629224,0.0004902766,0.986709,-0.0022760741,-0.00656115,-0.10010712,0.4172189,0.1913068,0.18226638,20.51087,-15.005614,1.201778,-0.58344483,-0.053412087,1.844251,-1.188453,-392.53726,364.87558,307.41696,96.65126,-392.53726,364.87558,307.41696,96.65126,-1.0,1.0,1.0,1.0,0.0,0.4,0.4,0.4
5.8,20.50268,-15.006244,2.0019035,-0.16230825,-0.006124782,0.0015334457,0.98671985,0.0011534826,-0.007912658,0.04683443,-0.013343275,-0.32865414,-0.06096746,20.510426,-15.005225,1.201942,-0.55475664,-0.072946444,1.7212914,-1.1720613,410.1383,-588.6234,-654.7843,-267.94278,410.1383,-588.6234,-654.7843,-267.94278,1.0,-1.0,-1.0,-1.0,33.524375915527344,-0.4,-0.4,-0.4
5.816666666666666,20.502615,-15.006127,2.0006428,-0.16329202,-0.007159802,0.0039988756,0.98654366,0.0022852672,-0.008763928,-0.116358586,0.4198614,0.20940998,0.18216255,20.509956,-15.004833,1.2006778,-0.52579534,-0.09268571,1.7376779,-1.1843557,-327.71698,43.613487,199.86536,96.0039,-327.71698,43.613487,199.86536,96.0039,-1.0,1.0,1.0,1.0,0.0,0.4,0.4,0.4
5.833333333333333,20.502487,-15.005981,2.0005374,-0.1632773,-0.00580861,0.0050402405,0.98655015,0.0053182067,-0.011359959,0.030580448,-0.010742158,-0.31053725,-0.06105526,20.50946,-15.004449,1.2005694,-0.4994298,-0.10976121,1.5819328,-1.02453,464.50116,-891.20447,-655.17017,-282.94336,464.50116,-891.20447,-655.17017,-282.94336,1.0,-1.0,-1.0,-1.0,33.524375915527344,-0.4,-0.4,-0.4
5.85,20.502338,-15.005815,1.9990022,-0.16428968,-0.006101129,0.0021748885,0.9863909,0.006214712,-0.013368476,-0.13279653,-0.44189692,0.22541529,0.18171121,20.508951,-15.004068,1.1990315,-0.4736107,-0.12506086,1.5491455,-0.9179788,-230.04315,-362.06595,34.38611,95.64569,-230.04315,-362.06595,34.38611,95.64569,-1.0,-1.0,1.0,1.0,0.0,-0.4,0.4,0.4
5.866666666666666,20.50214,-15.005646,1.9986236,-0.16428967,-0.004590998,0.001444354,0.9864003,0.008956406,-0.013395814,0.014157884,-0.0077314973,-0.2941329,-0.061136592,20.508413,-15.003693,1.1986507,-0.44929445,-0.13988242,1.458975,-0.8892935,638.8788,401.95416,-832.3768,-1233.7577,638.8788,401.95416,-832.3768,-1233.7577,1.0,1.0,-1.0,-1.0,33.524375915527344,0.4,-0.4,-0.4
5.883333333333333,20.50194,-15.00547,1.9968158,-0.16529526,-0.0050230124,-0.0014204384,0.98623025,0.009715905,-0.014103545,-0.14922659,-0.43889767,0.24182203,0.18162535,20.507874,-15.003324,1.1968408,-0.42497826,-0.15374775,1.4589714,-0.83192015,-45.164593,-26.991346,7.076408,72.34925,-45.164593,-26.991346,7.076408,72.34925,-1.0,-1.0,1.0,1.0,0.0,-0.4,0.4,0.4
5.9,20.501692,-15.005323,1.9961644,-0.16529773,-0.0036507833,-0.0021470496,0.9862346,0.012276625,-0.012794318,-0.0022813547,-0.004742533,-0.2777415,-0.06123588,20.507298,-15.002965,1.1961876,-0.4014818,-0.16891082,1.4097868,-0.9097838,804.70123,607.84216,-836.4484,-1102.4066,804.70123,607.84216,-836.4484,-1102.4066,1.0,1.0,-1.0,-1.0,33.524375915527344,0.4,-0.4,-0.4
5.916666666666667,20.501417,-15.005208,1.997968,-0.1662813,-0.005236186,0.0003161916,0.9860643,0.012298122,-0.011217191,0.1452206,0.43170142,0.2774521,0.18192762,20.506685,-15.002616,1.1979897,-0.37730238,-0.18564487,1.4507656,-1.0040429,147.40929,380.9147,12.496458,43.90718,147.40929,380.9147,12.496458,43.90718,1.0,1.0,1.0,1.0,33.524375915527344,0.4,0.4,0.4
5.933333333333334,20.501122,-15.005099,1.9983385,-0.16627218,-0.004354057,0.0013621837,0.9860693,0.014819248,-0.012214951,-0.018523734,-0.0022648573,-0.25969392,-0.06125784,20.506062,-15.002276,1.1983588,-0.35380605,-0.20217401,1.4097797,-0.9917485,-503.72635,-606.43774,-703.07983,-141.32324,-503.72635,-606.43774,-703.07983,-141.32324,-1.0,-1.0,-1.0,-1.0,0.0,-0.4,-0.4,-0.4
5.95,20.500786,-15.004988,1.9998645,-0.16724686,0.0005285295,0.0049253786,0.98590255,0.017626079,-0.012012572,0.12837106,0.43263543,-0.77814287,0.18195522,20.505415,-15.001947,1.1998836,-0.3315392,-0.21774696,1.33601,-0.93437696,107.81522,75.63413,-145.57027,44.81494,107.81522,75.63413,-145.57027,44.81494,1.0,1.0,-1.0,1.0,33.524375915527344,0.4,-0.4,0.4
5.966666666666667,20.500448,-15.004865,1.9999611,-0.16722181,0.003455621,0.006353114,0.9858928,0.016143272,-0.014210618,-0.03502694,0.0022671074,-0.24086185,-0.06194846,20.504759,-15.001625,1.1999797,-0.30872604,-0.23202217,1.3687901,-0.8565124,-583.8303,-869.32227,929.715,-2948.2307,-583.8303,-869.32227,929.715,-2948.2307,-1.0,-1.0,1.0,-1.0,0.0,-0.4,0.4,-0.4
5.983333333333333,20.50014,-15.004673,2.0012178,-0.16820648,0.002475569,0.0034888943,0.98574245,0.0132481195,-0.017388688,0.11227289,-0.42570543,0.31237832,0.18081859,20.504084,-15.001321,1.2012347,-0.28249776,-0.24008185,1.5736966,-0.4835808,52.593723,-600.70667,480.37393,19.31052,52.593723,-600.70667,480.37393,19.31052,1.0,-1.0,1.0,1.0,33.524375915527344,-0.4,0.4,0.4
6.0,20.499834,-15.004472,2.0010426,-0.16819087,0.0033616736,0.0027722511,0.9857448,0.0130670965,-0.017488325,-0.05143842,0.005053431,-0.22445554,-0.06207631,20.5034,-15.00102,1.2010583,-0.25544992,-0.24718532,1.6228704,-0.42620835,-525.1153,138.9087,-222.38054,-201.20258,-525.1153,138.9087,-222.38054,-201.20258,-1.0,1.0,-1.0,-1.0,0.0,0.4,-0.4,-0.4
6.016666666666667,20.499561,-15.004239,2.002027,-0.16617602,0.0022316675,-8.501217e-05,0.9860935,0.010638129,-0.019043222,0.095833026,-0.4232239,0.3292861,-0.30525762,20.502703,-15.000735,1.202041,-0.22498702,-0.25094196,1.8277743,-0.22539853,134.06271,-431.30188,507.4436,-29.318584,134.06271,-431.30188,507.4436,-29.318584,1.0,-1.0,1.0,-1.0,33.524375915527344,-0.4,0.4,-0.4
6.033333333333333,20.49929,-15.004007,2.0015793,-0.16516565,0.0029577725,-0.00079389475,0.986261,0.01070199,-0.018183703,-0.06787449,0.0094380975,-0.20559193,-0.061841454,20.502,-15.000459,1.2015921,-0.19411436,-0.25415218,1.8523594,-0.19261299,-420.42178,482.06155,-262.68448,549.7094,-420.42178,482.06155,-262.68448,549.7094,-1.0,1.0,-1.0,1.0,0.0,0.4,-0.4,0.4
6.05,20.49905,-15.003772,2.0022912,-0.16314729,0.0016656441,-0.0036375183,0.98659354,0.008690488,-0.018446501,0.07939251,-0.4186989,0.34802175,-0.30501306,20.501284,-15.000197,1.2023025,-0.15996325,-0.25599635,2.0490663,-0.110650055,230.65683,-163.64732,511.91876,-65.36434,230.65683,-163.64732,511.91876,-65.36434,1.0,-1.0,1.0,-1.0,33.524375915527344,-0.4,0.4,-0.4
6.066666666666666,20.49881,-15.003548,2.001571,-0.16214032,0.0022330624,-0.0043371967,0.98675567,0.009129021,-0.016456122,-0.08430232,0.013966173,-0.18680446,-0.06160557,20.500559,-14.999945,1.2015812,-0.12526576,-0.25804543,2.081849,-0.1229453,-341.06317,648.8744,-227.97606,503.20038,-341.06317,648.8744,-227.97606,503.20038,-1.0,1.0,-1.0,1.0,0.0,0.4,-0.4,0.4
6.083333333333333,20.49861,-15.003362,2.002011,-0.16013433,-0.00010564524,-0.0018375503,0.9870935,0.007637184,-0.013975391,0.06322378,0.4502498,0.36812562,-0.3044456,20.49983,-14.999708,1.2020205,-0.087426454,-0.26166546,2.2703583,-0.2172017,343.89447,183.93379,500.27347,-98.13464,343.89447,183.93379,500.27347,-98.13464,1.0,1.0,1.0,-1.0,33.524375915527344,0.4,0.4,-0.4
6.1,20.4984,-15.00318,2.0010185,-0.15913147,2.9697156e-05,-0.0007505956,0.9872571,0.008565715,-0.014383327,-0.10049612,0.018139623,-0.17151806,-0.06132577,20.499098,-14.999477,1.2010275,-0.04999699,-0.26514888,2.2457676,-0.20900486,-309.03934,-665.95874,-390.21805,311.088,-309.03934,-665.95874,-390.21805,311.088,-1.0,-1.0,-1.0,1.0,0.0,-0.4,-0.4,0.4
6.116666666666666,20.498198,-15.00299,2.0011857,-0.15712275,-0.001570269,-0.0035643713,0.9875714,0.00772685,-0.014686095,0.04678819,-0.40976393,0.38184363,-0.30448857,20.498362,-14.999264,1.2011942,-0.011747926,-0.26685646,2.2949438,-0.10245501,392.21674,-124.3846,319.6831,-97.23527,392.21674,-124.3846,319.6831,-97.23527,1.0,-1.0,1.0,-1.0,33.524375915527344,-0.4,0.4,-0.4
6.133333333333333,20.497988,-15.002814,1.9999204,-0.15612024,-0.0012976051,-0.0042414316,0.987728,0.009228345,-0.012853934,-0.116893716,0.022891015,-0.15288234,-0.06109421,20.497622,-14.999059,1.1999292,0.026227929,-0.26897383,2.278551,-0.12704192,-180.20003,615.40485,-487.9617,489.43115,-180.20003,615.40485,-487.9617,489.43115,-1.0,1.0,-1.0,1.0,0.0,0.4,-0.4,0.4
6.15,20.497782,-15.00268,1.9998156,-0.15410511,-0.0039126086,-0.001703915,0.9880452,0.009133609,-0.010806872,0.03062448,0.45941234,0.4020911,-0.3039205,20.496887,-14.998871,1.1998254,0.064067185,-0.2727988,2.2703552,-0.22949873,554.0589,252.70401,176.28444,-113.26531,554.0589,252.70401,176.28444,-113.26531,1.0,1.0,1.0,-1.0,33.524375915527344,0.4,0.4,-0.4
6.166666666666667,20.497564,-15.002552,1.9982783,-0.15310065,-0.004061083,-0.0005892609,0.988202,0.011331145,-0.011532557,-0.13308999,0.027286455,-0.13773793,-0.060783014,20.496153,-14.998691,1.1982889,0.101086855,-0.27655542,2.22118,-0.22539674,-146.26674,-529.22943,-641.74854,304.2634,-146.26674,-529.22943,-641.74854,304.2634,-1.0,-1.0,-1.0,1.0,0.0,-0.4,-0.4,0.4
6.183333333333334,20.497307,-15.002424,1.9978952,-0.1511086,0.0006663187,-0.0023597889,0.98851407,0.01328538,-0.011957181,0.01366398,-0.40372878,-0.6581964,-0.30386558,20.495432,-14.998527,1.197907,0.13428164,-0.27915093,1.9916867,-0.15573083,630.90515,-24.417255,-160.46466,-94.90776,630.90515,-24.417255,-160.46466,-94.90776,1.0,-1.0,-1.0,-1.0,33.524375915527344,-0.4,-0.4,-0.4
6.2,20.49705,-15.002306,1.9960833,-0.15011641,0.0028551887,-0.0027010061,0.9886605,0.011683555,-0.010363873,-0.14965342,0.027956255,-0.118529126,-0.060199812,20.494709,-14.998371,1.1960964,0.16761309,-0.28181475,1.9998871,-0.15982924,-40.437187,773.1519,695.5045,344.48615,-40.437187,773.1519,695.5045,344.48615,-1.0,1.0,1.0,1.0,0.0,0.4,0.4,0.4
6.216666666666667,20.496838,-15.002208,1.9954334,-0.14812155,-3.7574893e-05,-0.00013934847,0.9889691,0.010256899,-0.008838998,-0.0021364219,0.46470875,0.43654746,-0.3030107,20.494003,-14.998234,1.1954485,0.20299365,-0.28461516,2.1228333,-0.16802429,780.33875,106.0159,428.69815,-112.05998,780.33875,106.0159,428.69815,-112.05998,1.0,1.0,1.0,-1.0,33.524375915527344,0.4,0.4,-0.4
6.233333333333333,20.496613,-15.00211,1.9972343,-0.14712876,-0.000579104,0.0009858735,0.9891166,0.011259141,-0.009640311,0.14480649,0.035948403,-0.0863003,-0.059854016,20.493309,-14.998123,1.1972514,0.23659842,-0.2855031,2.0162861,-0.05327582,95.370766,-718.40137,-503.38745,289.81378,95.370766,-718.40137,-503.38745,289.81378,1.0,-1.0,-1.0,1.0,33.524375915527344,-0.4,-0.4,0.4
6.25,20.496393,-15.001995,1.9976056,-0.14813812,-0.00282378,-0.0017652632,0.988961,0.010595093,-0.010719183,-0.01851828,-0.3948087,0.4490385,0.18290669,20.492626,-14.998022,1.1976246,0.26979345,-0.28454685,1.9917018,0.057374235,-554.47076,-286.1526,268.47156,113.48607,-554.47076,-286.1526,268.47156,113.48607,-1.0,-1.0,1.0,1.0,0.0,-0.4,0.4,0.4
6.266666666666667,20.496145,-15.001908,1.9991335,-0.14814411,-0.0032275678,-0.0024147574,0.9889575,0.012708368,-0.009437314,0.12847951,0.038531832,-0.070165895,-0.06005248,20.49196,-14.99794,1.1991545,0.29971007,-0.28420535,1.7949967,0.020490287,147.55666,474.36063,-814.1787,-271.05963,147.55666,474.36063,-814.1787,-271.05963,1.0,1.0,-1.0,-1.0,33.524375915527344,0.4,-0.4,-0.4
6.283333333333333,20.495876,-15.00184,1.9992281,-0.14915098,0.00021090604,0.0011525434,0.98881376,0.014399106,-0.008474427,-0.03523273,0.46969432,-0.60547864,0.18319222,20.4913,-14.997859,1.1992513,0.32771426,-0.28509328,1.6802518,-0.05327582,-513.2545,86.4873,-81.36899,117.50242,-513.2545,86.4873,-81.36899,117.50242,-1.0,1.0,-1.0,1.0,0.0,0.4,-0.4,0.4
6.3,20.495617,-15.001753,2.0004823,-0.14915171,0.0015889604,0.0026218442,0.98880947,0.013380235,-0.009594461,0.112072445,0.042776316,-0.051590808,-0.060599502,20.490665,-14.997801,1.2005076,0.3546257,-0.2830442,1.6146861,0.1229453,127.66467,-834.0923,792.28253,-2726.4397,127.66467,-834.0923,792.28253,-2726.4397,1.0,-1.0,1.0,-1.0,33.524375915527344,-0.4,0.4,-0.4
6.316666666666666,20.49537,-15.001641,2.0003085,-0.15015471,-0.0009431762,-0.00012333324,0.98866206,0.012136251,-0.010949435,-0.051234286,-0.3879819,0.48375016,0.18213034,20.490038,-14.997747,1.200336,0.381947,-0.27887774,1.6392784,0.24998723,-555.41595,-513.1644,251.23242,120.21279,-555.41595,-513.1644,251.23242,120.21279,-1.0,-1.0,1.0,1.0,0.0,-0.4,0.4,0.4
6.333333333333333,20.49511,-15.001545,2.0012918,-0.15015388,-0.0016398064,-0.0007617147,0.988661,0.0135529395,-0.010112436,0.09576907,0.0452861,-0.03548041,-0.060836654,20.489437,-14.997716,1.2013209,0.40626308,-0.27423313,1.4589642,0.27867612,192.0893,335.7962,-840.902,-260.25992,192.0893,335.7962,-840.902,-260.25992,1.0,1.0,-1.0,-1.0,33.524375915527344,0.4,-0.4,-0.4
6.35,20.494823,-15.001449,2.0008404,-0.1511581,0.0023273213,-0.0025142806,0.98850363,0.01443363,-0.01045979,-0.068121925,-0.38782275,-0.57376784,0.18205467,20.488842,-14.997689,1.2008715,0.42839348,-0.26924706,1.3278239,0.29916462,-473.91003,-176.183,-123.6256,120.37494,-473.91003,-176.183,-123.6256,120.37494,-1.0,-1.0,-1.0,1.0,0.0,-0.4,-0.4,0.4
6.366666666666666,20.494574,-15.001373,2.0015492,-0.15116177,0.0036992878,-0.0028041543,0.9884981,0.012783845,-0.008588877,0.0792406,0.049960542,-0.018685982,-0.060590785,20.488277,-14.997679,1.2015827,0.45093372,-0.26460245,1.3524144,0.27867612,265.7844,522.78925,813.05804,-3725.0142,265.7844,522.78925,813.05804,-3725.0142,1.0,1.0,1.0,-1.0,33.524375915527344,0.4,0.4,-0.4
6.383333333333333,20.494345,-15.001293,2.0008307,-0.15214334,0.00088713976,-0.0055389106,0.9883425,0.01136805,-0.007939573,-0.084046185,-0.3808012,0.51664823,0.18211417,20.487722,-14.997676,1.2008663,0.4742938,-0.25906995,1.4016043,0.33195016,-422.38208,-50.72964,359.41382,85.473236,-422.38208,-50.72964,359.41382,85.473236,-1.0,-1.0,1.0,1.0,0.0,-0.4,0.4,0.4
6.4,20.49412,-15.001266,2.0012689,-0.15213524,-8.811661e-05,-0.006161652,0.98834044,0.012518958,-0.005075563,0.06297842,0.052429315,-0.0026096106,-0.0608653,20.4872,-14.997687,1.2013066,0.49560472,-0.25626954,1.2786554,0.16802429,374.39468,652.2289,-705.75525,-260.89206,374.39468,652.2289,-705.75525,-260.89206,1.0,1.0,-1.0,-1.0,33.524375915527344,0.4,-0.4,-0.4
6.416666666666667,20.493908,-15.001266,2.000278,-0.15311429,-0.0038747329,-0.0035595202,0.98819447,0.012627613,-0.003168367,-0.100155406,0.48595127,0.5354827,0.18237157,20.486687,-14.997707,1.2003187,0.51718897,-0.2548352,1.2950544,0.08606135,-311.96216,400.84814,13.90818,88.11412,-311.96216,400.84814,13.90818,88.11412,-1.0,1.0,1.0,1.0,0.0,0.4,0.4,0.4
6.433333333333334,20.493658,-15.00129,2.0004437,-0.15310623,-0.0052781575,-0.0024105315,0.9881926,0.015401374,-0.0030420662,0.04681565,0.054397147,0.015022546,-0.060700886,20.486214,-14.997743,1.2004865,0.53317225,-0.25408387,0.95899695,0.04507899,410.97263,-442.91003,-969.5108,-188.92735,410.97263,-442.91003,-969.5108,-188.92735,1.0,-1.0,-1.0,-1.0,33.524375915527344,-0.4,-0.4,-0.4
6.45,20.493382,-15.001334,1.9991753,-0.15409829,-0.0025787698,0.0011984421,0.9880514,0.017292487,-0.0027187127,-0.11692747,0.4856097,-0.5204308,0.18259203,20.485752,-14.997782,1.1992197,0.54642344,-0.25442538,0.79507107,-0.020490287,-218.56857,212.21114,-635.1181,139.88278,-218.56857,212.21114,-635.1181,139.88278,-1.0,1.0,-1.0,1.0,0.0,0.4,-0.4,0.4
6.466666666666667,20.493086,-15.001362,1.9990666,-0.15409192,-0.0019280411,0.0026941882,0.9880509,0.01711123,-0.004234107,0.030381883,0.058426857,0.033438154,-0.061093703,20.485323,-14.997841,1.1991122,0.55598617,-0.25217143,0.5737638,0.13523696,548.2705,-776.88635,252.73563,-2482.3176,548.2705,-776.88635,252.73563,-2482.3176,1.0,-1.0,1.0,-1.0,33.524375915527344,-0.4,0.4,-0.4
6.483333333333333,20.492777,-15.001372,1.997525,-0.1550832,0.0014650765,0.000978051,0.9878998,0.017596258,-0.0054452284,-0.13348728,-0.37462875,-0.50483704,0.18177737,20.484911,-14.997905,1.1975712,0.5633631,-0.24834645,0.44261453,0.22949873,-131.01582,-344.0887,-503.45242,168.89938,-131.01582,-344.0887,-503.45242,168.89938,-1.0,-1.0,-1.0,1.0,0.0,-0.4,-0.4,0.4
6.5,20.49249,-15.001378,1.9971434,-0.15508041,0.0022548162,0.00071176124,0.987899,0.015997311,-0.0048001497,0.013887655,0.06292089,0.050169267,-0.060912393,20.48454,-14.997986,1.19719,0.56937397,-0.24295056,0.36065337,0.32375333,676.6175,399.40985,579.17255,-3505.1206,676.6175,399.40985,579.17255,-3505.1206,1.0,1.0,1.0,-1.0,33.524375915527344,0.4,0.4,-0.4
6.516666666666667,20.49222,-15.0013685,1.9992125,-0.15607023,0.005394686,-0.0009855578,0.9877307,0.01670296,-0.0063400343,0.16069147,-0.3668055,-0.470973,0.18196811,20.48422,-14.99809,1.1992593,0.5729258,-0.23482257,0.21311043,0.4876792,18.161493,-257.32346,-164.06013,144.6392,18.161493,-257.32346,-164.06013,144.6392,1.0,-1.0,-1.0,1.0,33.524375915527344,-0.4,-0.4,0.4
6.533333333333333,20.491964,-15.001362,1.9998531,-0.15606889,0.0060050534,-0.0012351552,0.98772705,0.014178344,-0.00494326,-0.0025740506,0.067340404,0.0668795,-0.06075127,20.483913,-14.9981985,1.1999,0.57661426,-0.22655797,0.22130726,0.49587604,-679.1992,434.0092,788.5395,-2349.5186,-679.1992,434.0092,788.5395,-2349.5186,-1.0,1.0,1.0,-1.0,0.0,0.4,0.4,-0.4
6.55,20.491718,-15.001346,1.9977863,-0.15704803,0.0024806939,-0.0039544543,0.9875799,0.012700449,-0.004360511,-0.16462258,-0.36341506,0.60223174,0.18187618,20.4836,-14.998312,1.1978333,0.5813957,-0.21726884,0.28688547,0.5573478,-0.9923375,-182.46004,155.5938,115.27856,-0.9923375,-182.46004,155.5938,115.27856,-0.9923375,-1.0,1.0,1.0,0.12843984365463257,-0.4,0.4,0.4
6.566666666666666,20.49149,-15.001368,1.9968815,-0.15703586,0.00078280666,-0.0045522824,0.9875821,0.013551734,-0.0019162269,-0.017576948,0.06965849,0.08290884,-0.06115813,20.483334,-14.998436,1.1969284,0.5841279,-0.20996049,0.16393302,0.4385009,838.7568,539.1527,-978.51276,-231.64278,838.7568,539.1527,-978.51276,-231.64278,1.0,1.0,-1.0,-1.0,33.524375915527344,0.4,-0.4,-0.4
6.583333333333333,20.491266,-15.001446,1.9984266,-0.15804659,0.002778675,-0.0008977506,0.9874273,0.01486708,0.0006508501,0.12935491,0.50426406,-0.4355387,0.1821915,20.483116,-14.998578,1.1984732,0.58371806,-0.20538422,-0.02459049,0.27457592,232.00891,280.4006,-322.6383,123.550095,232.00891,280.4006,-322.6383,123.550095,1.0,1.0,-1.0,1.0,33.524375915527344,0.4,-0.4,0.4
6.6,20.491053,-15.001527,1.9985421,-0.15804635,0.0028093334,0.0006369672,0.9874275,0.01317172,0.00040497258,-0.033985384,0.07354746,0.101225734,-0.061473295,20.482912,-14.998727,1.1985883,0.58303505,-0.20053478,-0.040980574,0.2909669,-559.5398,-618.14484,584.25757,-1074.941,-559.5398,-618.14484,584.25757,-1074.941,-1.0,-1.0,1.0,-1.0,0.0,-0.4,0.4,-0.4
6.616666666666666,20.490854,-15.001587,1.9998134,-0.15903097,0.005520372,-0.0010309906,0.9872576,0.013404453,-0.00084776524,0.11287027,-0.35614538,-0.4199105,0.18139178,20.482752,-14.998885,1.199859,0.5803028,-0.19349964,-0.1639366,0.42210814,207.54375,-186.97733,-200.56435,154.4861,207.54375,-186.97733,-200.56435,154.4861,1.0,-1.0,-1.0,1.0,33.524375915527344,-0.4,-0.4,0.4
6.633333333333333,20.490671,-15.001649,1.999656,-0.15902443,0.005697853,-0.0012596933,0.9872573,0.010832372,0.00059857126,-0.050378133,0.077850044,0.117897004,-0.061364315,20.482603,-14.999049,1.1997008,0.57784384,-0.18619129,-0.14753579,0.4385009,-558.67847,529.8541,757.87744,-2113.3179,-558.67847,529.8541,757.87744,-2113.3179,-1.0,1.0,1.0,-1.0,0.0,0.4,0.4,-0.4
6.6499999999999995,20.490547,-15.001708,2.0006595,-0.15999846,0.0016395191,-0.0039666845,0.98710793,0.007793867,0.0002547521,0.097040154,-0.34961593,0.6703109,0.18124911,20.482498,-14.999229,1.2007039,0.5764777,-0.1775169,-0.0819683,0.5204638,246.8501,-94.63961,62.998875,124.2149,246.8501,-94.63961,62.998875,124.2149,1.0,-1.0,1.0,1.0,33.524375915527344,-0.4,0.4,0.4
6.666666666666667,20.490425,-15.001779,2.0002313,-0.15997893,-0.00052622886,-0.004551074,0.9871097,0.008653967,0.00244912,-0.06657894,0.08000543,0.13381386,-0.061804578,20.482403,-14.999413,1.2002752,0.5745651,-0.16945724,-0.11475562,0.483579,-380.69586,543.3516,-954.41675,-40.492794,-380.69586,543.3516,-954.41675,-40.492794,-1.0,1.0,-1.0,-1.0,0.0,0.4,-0.4,-0.4
6.683333333333334,20.49029,-15.001895,2.000958,-0.16097765,0.0010271055,-0.00087087863,0.9869571,0.010191735,0.0046367617,0.08035635,0.51462835,-0.38471186,0.18157476,20.482342,-14.999605,1.201001,0.5692373,-0.16399308,-0.31966922,0.32784995,358.91434,308.87515,-481.721,134.8442,358.91434,308.87515,-481.721,134.8442,1.0,1.0,-1.0,1.0,33.524375915527344,0.4,-0.4,0.4
6.7,20.490166,-15.002015,2.0002556,-0.1609698,0.00062159164,0.0006800676,0.98695886,0.00910495,0.0041295746,-0.0829883,0.08378649,0.1520661,-0.062074583,20.4823,-14.9998045,1.2002974,0.5633631,-0.15832399,-0.35245296,0.3401452,-438.72275,-619.0208,413.72546,-943.55304,-438.72275,-619.0208,413.72546,-943.55304,-1.0,-1.0,1.0,-1.0,0.0,-0.4,0.4,-0.4
6.716666666666667,20.490034,-15.00212,2.000709,-0.16195406,0.0029059537,-0.0009612326,0.98679346,0.009884782,0.002957562,0.06390415,-0.34587675,-0.3690868,0.18077262,20.482294,-15.000014,1.2007496,0.5543468,-0.15081075,-0.54097646,0.45079437,403.7756,-137.4294,-471.72827,173.49045,403.7756,-137.4294,-471.72827,173.49045,1.0,-1.0,-1.0,1.0,33.524375915527344,-0.4,-0.4,0.4
6.733333333333333,20.489914,-15.002227,1.9997343,-0.16194257,0.0026525846,-0.0011746289,0.9867959,0.008224782,0.0042556487,-0.09934286,0.08796864,0.16867447,-0.06200917,20.482302,-15.000226,1.199773,0.5451939,-0.14329752,-0.5491733,0.45079347,-381.18155,642.457,553.0872,-1980.5012,-381.18155,642.457,553.0872,-1980.5012,-1.0,1.0,1.0,-1.0,0.0,0.4,0.4,-0.4
6.75,20.489809,-15.002338,1.9999152,-0.16292697,0.00479462,-0.0028037236,0.9866224,0.008342692,0.0039203838,0.047562134,-0.3416745,-0.35246873,0.18083026,20.482347,-15.00045,1.1999521,0.5344017,-0.13523787,-0.6475317,0.483579,506.68463,-8.995538,-328.32605,154.24033,506.68463,-8.995538,-328.32605,154.24033,1.0,-1.0,-1.0,1.0,33.524375915527344,-0.4,-0.4,0.4
6.766666666666667,20.489716,-15.002456,1.9986678,-0.162915,0.0043996973,-0.0030059153,0.98662573,0.006213099,0.0059119044,-0.11567692,0.09212117,0.1852788,-0.061956946,20.482403,-15.000676,1.1987033,0.5237462,-0.12745143,-0.6393313,0.46718624,-278.92337,759.8314,645.39355,-1800.8352,-278.92337,759.8314,645.39355,-1800.8352,-1.0,1.0,1.0,-1.0,0.0,0.4,0.4,-0.4
6.783333333333333,20.489666,-15.002596,1.9985771,-0.16392449,0.0055042063,0.00070380536,0.9864573,0.0057728407,0.007521176,0.031259358,0.52675736,-0.33328462,0.18145442,20.4825,-15.000908,1.1986113,0.5132273,-0.12089444,-0.63113445,0.39341968,618.915,147.28987,-144.95825,129.55713,618.915,147.28987,-144.95825,129.55713,1.0,1.0,-1.0,1.0,33.524375915527344,0.4,-0.4,0.4
6.8,20.489624,-15.00273,1.997057,-0.16392402,0.0046544387,0.0022818325,0.9864593,0.0032864579,0.006562979,-0.13208345,0.095791906,0.20351547,-0.0621705,20.482597,-15.001142,1.1970896,0.5032548,-0.11379103,-0.5983507,0.42620432,-132.12753,-751.0942,732.1459,-621.8762,-132.12753,-751.0942,732.1459,-621.8762,-1.0,-1.0,1.0,-1.0,0.0,-0.4,0.4,-0.4
6.816666666666666,20.489614,-15.002836,1.9966927,-0.16489765,0.0065060016,0.00067193544,0.98628896,0.0024159916,0.005276639,0.014855167,-0.33384874,-0.3176217,0.18067037,20.48274,-15.001389,1.1967235,0.4923261,-0.103682324,-0.6557196,0.6065225,724.9699,-364.565,-122.51999,155.02203,724.9699,-364.565,-122.51999,155.02203,1.0,-1.0,-1.0,1.0,33.524375915527344,-0.4,-0.4,0.4
6.833333333333333,20.48962,-15.002936,1.9949001,-0.1648857,0.005814039,0.000485168,0.9862954,-0.00033683795,0.0062316093,-0.1483864,0.09984611,0.22010085,-0.062131975,20.482887,-15.001634,1.1949292,0.48221707,-0.093300425,-0.60654217,0.62291396,-18.854387,364.41025,853.6911,-1747.4309,-18.854387,364.41025,853.6911,-1747.4309,-1.0,1.0,1.0,-1.0,0.0,0.4,0.4,-0.4
6.85,20.489681,-15.003015,1.994268,-0.1658613,0.00090402784,-0.002205414,0.9861462,-0.002509402,0.005710982,-0.0010455768,-0.32767928,0.7724705,0.18046919,20.483072,-15.001885,1.194296,0.4733375,-0.080869466,-0.53277427,0.7458575,861.6201,-284.9102,10.00586,128.71886,861.6201,-284.9102,10.00586,128.71886,1.0,-1.0,1.0,1.0,33.524375915527344,-0.4,0.4,0.4
6.866666666666666,20.489744,-15.003123,1.9960872,-0.16583644,-0.0022363577,-0.002762558,0.98614687,-0.0019746423,0.0074252,0.14594015,0.10507764,0.2530092,-0.062610246,20.483294,-15.002148,1.1961138,0.46199903,-0.069872856,-0.6803083,0.65979654,288.07965,433.88373,-1090.9955,-37.6511,288.07965,433.88373,-1090.9955,-37.6511,1.0,1.0,-1.0,-1.0,33.524375915527344,0.4,-0.4,-0.4
6.883333333333333,20.489803,-15.003254,1.9964734,-0.16681479,-0.0016075606,0.0009670977,0.9859864,-0.0003075665,0.008647205,-0.017775642,0.5364113,-0.28276384,0.1808294,20.483532,-15.002411,1.1964986,0.44915783,-0.060378887,-0.77047163,0.56963813,-429.80756,115.73854,-566.20135,349.55194,-429.80756,115.73854,-566.20135,349.55194,-1.0,1.0,-1.0,1.0,0.0,0.4,-0.4,0.4
6.8999999999999995,20.48985,-15.003368,1.998019,-0.16679835,-0.0029985816,0.0025531175,0.9859831,-0.000852406,0.0076201637,0.1295222,0.10861156,0.27116138,-0.06275935,20.483799,-15.002677,1.1980424,0.43331134,-0.04951888,-0.9507894,0.6516004,233.5186,-809.67444,128.18082,-737.3247,233.5186,-809.67444,128.18082,-737.3247,1.0,-1.0,1.0,-1.0,33.524375915527344,-0.4,0.4,-0.4
6.916666666666667,20.489874,-15.003471,1.9981318,-0.16778171,-0.0016066787,0.00096586597,0.9858223,0.0007437323,0.0059563294,-0.03419372,-0.32427922,-0.26715624,0.18004265,20.484072,-15.00295,1.1981529,0.41555238,-0.037361138,-1.0655378,0.7294645,-442.1422,-329.18912,-719.3632,396.65674,-442.1422,-329.18912,-719.3632,396.65674,-1.0,-1.0,-1.0,1.0,0.0,-0.4,-0.4,0.4
6.933333333333334,20.489893,-15.0035715,1.9994045,-0.16776556,-0.0028343324,0.0007862367,0.98582256,0.00021522352,0.0064359936,0.11321014,0.112550914,0.2876462,-0.06275555,20.484377,-15.003221,1.1994239,0.39506125,-0.025135096,-1.2294673,0.7335624,243.8245,491.5432,97.352196,-1814.596,243.8245,491.5432,97.352196,-1814.596,1.0,1.0,1.0,-1.0,33.524375915527344,0.4,0.4,-0.4
6.95,20.489904,-15.003667,1.9992447,-0.16875038,-0.0015833335,-0.00079011155,0.98565716,0.0018308982,0.0054032695,-0.050512765,-0.320328,-0.2506843,0.18003021,20.484695,-15.003494,1.1992618,0.3730676,-0.012362642,-1.3196199,0.76634717,-409.01932,-181.34386,-822.21716,395.64334,-409.01932,-181.34386,-822.21716,395.64334,-1.0,-1.0,-1.0,1.0,0.0,-0.4,-0.4,0.4
6.966666666666667,20.489895,-15.003781,2.0002403,-0.16873841,0.003663156,0.00015858139,0.985654,0.0037123552,0.0065057264,0.0964571,0.11443555,-0.76944333,-0.06257734,20.485037,-15.003768,1.200255,0.34793198,-0.0009562265,-1.5081363,0.68438494,302.14563,599.4242,-3.6796644,-1667.1014,302.14563,599.4242,-3.6796644,-1667.1014,1.0,1.0,-1.0,-1.0,33.524375915527344,0.4,-0.4,-0.4
6.983333333333333,20.489891,-15.003889,1.9998066,-0.16970865,0.0069751744,-0.0010455457,0.985469,0.0012436798,0.006089701,-0.06685769,-0.3164645,-0.23349938,0.18008733,20.485384,-15.004043,1.1998194,0.32279646,0.010996604,-1.5081309,0.71716976,-480.6256,-123.997986,841.3693,178.05444,-480.6256,-123.997986,841.3693,178.05444,-1.0,-1.0,1.0,1.0,0.0,-0.4,0.4,0.4
7.0,20.48996,-15.003999,2.0005345,-0.16969067,0.0054603536,-0.00121186,0.98548144,-0.0021017506,0.007804311,0.080553904,0.12028441,0.32133263,-0.06273064,20.485756,-15.004315,1.2005458,0.30107614,0.022676228,-1.3032191,0.70077735,310.04453,608.4657,652.6058,-1249.3907,310.04453,608.4657,652.6058,-1249.3907,1.0,1.0,1.0,-1.0,33.524375915527344,0.4,0.4,-0.4
7.016666666666667,20.490038,-15.0041065,1.9998294,-0.17066276,0.006424829,-0.0027777795,0.98530465,-0.0030607018,0.007988118,-0.0831471,-0.31257296,-0.21701452,0.1800498,20.486132,-15.00459,1.1998391,0.27976567,0.03462906,-1.2786286,0.71717,-337.4741,-156.84833,-156.86563,320.1338,-337.4741,-156.84833,-156.86563,320.1338,-1.0,-1.0,-1.0,1.0,0.0,-0.4,-0.4,0.4
7.033333333333333,20.49018,-15.004232,2.0002837,-0.17064156,0.0047693434,-0.0029375628,0.9853172,-0.0060614524,0.010281941,0.064250134,0.12413536,0.33780232,-0.062776886,20.486525,-15.004861,1.2002925,0.26173377,0.04501095,-1.0819136,0.6229133,402.88977,748.9465,680.62634,-1241.5826,402.88977,748.9465,680.62634,-1241.5826,1.0,1.0,1.0,-1.0,33.524375915527344,0.4,0.4,-0.4
7.05,20.490334,-15.0043745,1.9993067,-0.17164157,0.0046573803,0.0008248982,0.985148,-0.006694099,0.011344157,-0.09947923,0.555487,-0.1980699,0.18070754,20.486923,-15.00513,1.1993144,0.24424832,0.054095104,-1.0491272,0.5450492,-249.90805,13.361253,-113.55461,290.6449,-249.90805,13.361253,-113.55461,290.6449,-1.0,1.0,-1.0,1.0,0.0,0.4,-0.4,0.4
7.066666666666666,20.490532,-15.004495,1.9994891,-0.1716371,0.0025359476,0.0024379,0.985154,-0.009232257,0.010482896,0.047779135,0.1274855,0.3559269,-0.062816806,20.487343,-15.005397,1.1994958,0.22840214,0.0646136,-0.9507706,0.6311099,524.188,-840.0851,589.7825,-292.8891,524.188,-840.0851,589.7825,-292.8891,1.0,-1.0,1.0,-1.0,33.524375915527344,-0.4,0.4,-0.4
7.083333333333333,20.490719,-15.004598,1.9982382,-0.17261155,0.003213287,0.0008868796,0.98498434,-0.009428529,0.009440181,-0.11592087,-0.30534977,-0.18243286,0.17997389,20.487759,-15.005663,1.1982446,0.21200955,0.07629324,-0.98355526,0.700778,-152.60428,-486.63547,-308.58075,330.25354,-152.60428,-486.63547,-308.58075,330.25354,-1.0,-1.0,-1.0,1.0,0.0,-0.4,-0.4,0.4
7.1,20.490946,-15.004695,1.9981475,-0.1725954,0.00126474,0.00073259015,0.98499167,-0.011402762,0.010261092,0.031437233,0.1312375,0.37234673,-0.06287199,20.488195,-15.005923,1.1981533,0.19698304,0.08797287,-0.9015905,0.700778,631.7052,398.2382,592.8048,-1447.1665,631.7052,398.2382,592.8048,-1447.1665,1.0,1.0,1.0,-1.0,33.524375915527344,0.4,0.4,-0.4
7.116666666666666,20.49117,-15.004783,1.9966244,-0.17357239,0.0018013396,-0.0008094709,0.98481905,-0.011070296,0.009745424,-0.13226758,-0.30158734,-0.16602147,0.17992108,20.488636,-15.006181,1.1966296,0.18154673,0.100130625,-0.92617834,0.7294651,-15.018297,-353.56924,-418.9404,315.2723,-15.018297,-353.56924,-418.9404,315.2723,-1.0,-1.0,-1.0,1.0,0.0,-0.4,-0.4,0.4
7.133333333333333,20.491423,-15.004882,1.9962612,-0.173552,-0.00028701546,-0.0009587637,0.9848242,-0.012370018,0.011070912,0.015080045,0.13495794,0.3887362,-0.06293453,20.489094,-15.006431,1.1962664,0.16679347,0.11092234,-0.885196,0.64750266,777.9309,577.0563,472.64746,-1438.536,777.9309,577.0563,472.64746,-1438.536,1.0,1.0,1.0,-1.0,33.524375915527344,0.4,0.4,-0.4
7.1499999999999995,20.491667,-15.004991,1.9983491,-0.1745311,7.8859733e-07,-0.0024901815,0.98464847,-0.011160284,0.010231682,0.16202843,-0.294567,-0.13252327,0.17985076,20.489563,-15.006674,1.1983536,0.15067415,0.120552935,-0.9671589,0.57783586,142.3686,-163.49905,-566.50793,303.95453,142.3686,-163.49905,-566.50793,303.95453,1.0,-1.0,-1.0,1.0,33.524375915527344,-0.4,-0.4,0.4
7.166666666666667,20.491924,-15.005108,1.9990082,-0.17450559,-0.0022636482,-0.0026349132,0.98465,-0.011841869,0.01183152,-0.0012829796,0.13861068,0.40508488,-0.06301928,20.490044,-15.006913,1.1990124,0.13469145,0.12929559,-0.9589621,0.52455914,-649.84814,728.71063,411.5161,-492.8825,-649.84814,728.71063,411.5161,-492.8825,-1.0,1.0,1.0,-1.0,0.0,0.4,0.4,-0.4
7.183333333333334,20.492151,-15.005256,2.000824,-0.17547417,-0.0030715049,0.0011570466,0.98447853,-0.00986639,0.013880431,0.14561358,0.5732535,-0.11376858,0.18049671,20.490522,-15.007142,1.2008282,0.116659716,0.13510126,-1.0819038,0.34834024,131.71187,53.169292,-776.1336,303.75766,131.71187,53.169292,-776.1336,303.75766,1.0,1.0,-1.0,1.0,33.524375915527344,0.4,-0.4,0.4
7.2,20.492361,-15.005411,2.001206,-0.1754404,0.00079950347,0.0039488142,0.9844817,-0.008211045,0.012678135,-0.018098772,0.13986254,-0.6504744,-0.06298635,20.49101,-15.007369,1.2012097,0.096715525,0.14022392,-1.1966513,0.30735967,-631.08405,-833.59155,-12.11848,-109.733475,-631.08405,-833.59155,-12.11848,-109.733475,-1.0,-1.0,-1.0,-1.0,0.0,-0.4,-0.4,-0.4
7.216666666666667,20.492573,-15.005518,2.0027466,-0.17640488,0.0030012757,0.0028065273,0.9843091,-0.009590327,0.010310225,0.1293007,-0.28782585,-0.097393185,0.17965877,20.4915,-15.007586,1.2027501,0.07677135,0.14807867,-1.1966505,0.47128466,39.035667,-426.4117,859.2566,154.82065,39.035667,-426.4117,859.2566,154.82065,1.0,-1.0,1.0,1.0,33.524375915527344,-0.4,0.4,0.4
7.233333333333333,20.492805,-15.005616,2.0028605,-0.17639102,0.00043948652,0.0026605772,0.9843164,-0.0113741625,0.0103572495,-0.034012057,0.14525105,0.4401874,-0.063227385,20.491993,-15.0078,1.202864,0.058193225,0.15641153,-1.1146873,0.49997178,-698.5765,178.70505,554.1613,-349.05072,-698.5765,178.70505,554.1613,-349.05072,-1.0,1.0,1.0,-1.0,0.0,0.4,0.4,-0.4
7.25,20.49303,-15.00569,2.0041304,-0.17736755,0.000298665,0.0011382364,0.984144,-0.010697815,0.0084758,0.11292143,-0.28425816,-0.081085324,0.17956364,20.49249,-15.008004,1.2041342,0.038658876,0.16576892,-1.1720608,0.5614435,125.35529,-482.45032,-644.0207,324.65604,125.35529,-482.45032,-644.0207,324.65604,1.0,-1.0,-1.0,1.0,33.524375915527344,-0.4,-0.4,0.4
7.266666666666667,20.493261,-15.005759,2.0039716,-0.1773479,-0.0024014895,0.0009944778,0.9841447,-0.011418572,0.008890892,-0.050399467,0.14877267,0.45648536,-0.06332938,20.492989,-15.008202,1.2039754,0.019534342,0.17492141,-1.147472,0.54914916,-649.5404,336.794,245.02771,-384.1361,-649.5404,336.794,245.02771,-384.1361,-1.0,1.0,1.0,-1.0,0.0,0.4,0.4,-0.4
7.283333333333333,20.49346,-15.005825,2.0049694,-0.17832693,-0.0026811117,-0.0005200042,0.9839674,-0.0096464595,0.007467421,0.09652906,-0.28071874,-0.064813465,0.17945571,20.493488,-15.008391,1.2049737,-0.0020490568,0.18380071,-1.2950039,0.5327582,168.20703,-295.0904,-862.998,317.53415,168.20703,-295.0904,-862.998,317.53415,1.0,-1.0,-1.0,1.0,33.524375915527344,-0.4,-0.4,0.4
7.3,20.493637,-15.005904,2.0045333,-0.17830674,0.0010838057,0.0005242281,0.9839742,-0.00839086,0.008228843,-0.06706917,0.15040785,-0.60084856,-0.06324428,20.493986,-15.008577,1.2045379,-0.024998493,0.19145057,-1.3769661,0.4589912,-585.4231,521.5269,-147.76192,-383.0874,-585.4231,521.5269,-147.76192,-383.0874,-1.0,1.0,-1.0,-1.0,0.0,0.4,-0.4,-0.4
7.316666666666666,20.493837,-15.005967,2.005257,-0.17927565,0.0028628723,-0.0005992093,0.9837945,-0.009877972,0.0072458275,0.0803063,-0.2772837,-0.047770053,0.17939518,20.494486,-15.008749,1.2052621,-0.046445295,0.19923702,-1.286808,0.46718714,203.35765,-244.92343,755.35504,154.18814,203.35765,-244.92343,755.35504,154.18814,1.0,-1.0,1.0,1.0,33.524375915527344,-0.4,0.4,0.4
7.333333333333333,20.494057,-15.006026,2.0045533,-0.17925037,-0.000120476136,-0.00074139744,0.98380315,-0.011101177,0.008338749,-0.08301703,0.15565011,0.48977733,-0.06350945,20.494984,-15.008914,1.2045591,-0.06638946,0.20681858,-1.1966496,0.45489368,-559.5917,483.57654,375.30753,-159.87093,-559.5917,483.57654,375.30753,-159.87093,-1.0,1.0,1.0,-1.0,0.0,0.4,0.4,-0.4
7.35,20.494265,-15.00609,2.0050063,-0.18022335,-0.0006820877,-0.002251775,0.9836229,-0.009987163,0.007771844,0.06390301,-0.2738073,-0.031519264,0.1792833,20.495476,-15.009066,1.2050129,-0.08674344,0.2131024,-1.2212387,0.37702915,303.21796,-201.40329,-821.43384,284.40854,303.21796,-201.40329,-821.43384,284.40854,1.0,-1.0,-1.0,1.0,33.524375915527344,-0.4,-0.4,0.4
7.366666666666666,20.494484,-15.006163,2.0040305,-0.18019038,-0.003803195,-0.0023931575,0.9836215,-0.009848234,0.009169569,-0.09941805,0.15907831,0.506016,-0.06362585,20.495972,-15.0092125,1.2040377,-0.106551014,0.21842998,-1.1884545,0.3196549,-443.37744,654.4145,22.56965,-228.23112,-443.37744,654.4145,22.56965,-228.23112,-1.0,1.0,1.0,-1.0,0.0,0.4,0.4,-0.4
7.383333333333333,20.494665,-15.006269,2.0042114,-0.18114398,-0.005489878,0.001412491,0.98344016,-0.007317328,0.010293504,0.047491387,0.5937237,-0.012981057,0.17994985,20.49645,-15.009346,1.2042195,-0.12786125,0.22034246,-1.2786139,0.11474847,388.22952,86.46827,-1058.559,279.2043,388.22952,86.46827,-1058.559,279.2043,1.0,1.0,-1.0,1.0,33.524375915527344,0.4,-0.4,0.4
7.3999999999999995,20.49482,-15.006383,2.002958,-0.18110143,-0.0024922788,0.0042406083,0.9834521,-0.0055518663,0.008414506,-0.11623683,0.16020054,-0.5496885,-0.06344228,20.496931,-15.009474,1.2029669,-0.15122056,0.22136699,-1.4015588,0.061471757,-289.86343,-870.40027,-550.9524,-113.38058,-289.86343,-870.40027,-550.9524,-113.38058,-1.0,-1.0,-1.0,-1.0,0.0,-0.4,-0.4,-0.4
7.416666666666667,20.494955,-15.006453,2.0028634,-0.18206938,-0.0011404797,0.0031288236,0.98328,-0.006168633,0.0060475646,0.031124445,-0.2675338,0.00338161,0.17918593,20.497404,-15.009586,1.2028737,-0.17539954,0.2244406,-1.4507388,0.18441705,498.23206,-448.46198,296.86542,159.78813,498.23206,-448.46198,296.86542,159.78813,1.0,-1.0,1.0,1.0,33.524375915527344,-0.4,0.4,0.4
7.433333333333334,20.495083,-15.00652,2.001337,-0.18203469,0.0020421473,0.004191157,0.9832811,-0.005984107,0.00564833,-0.13250074,0.16346872,-0.53272516,-0.063544996,20.497873,-15.009693,1.2013483,-0.19985174,0.22724098,-1.4671316,0.1680225,-213.63206,222.54327,-278.24875,-239.65685,-213.63206,222.54327,-278.24875,-239.65685,-1.0,1.0,-1.0,-1.0,0.0,0.4,-0.4,-0.4
7.45,20.495222,-15.006543,2.0009704,-0.18299636,0.0032509426,0.0030773366,0.98310333,-0.008214224,0.0036403493,0.014856273,-0.26426953,0.020373553,0.1790943,20.498322,-15.009786,1.2009833,-0.2219817,0.23222707,-1.327798,0.29916552,627.2568,-544.2386,632.09106,141.53764,627.2568,-544.2386,632.09106,141.53764,1.0,-1.0,1.0,1.0,33.524375915527344,-0.4,0.4,0.4
7.466666666666667,20.495388,-15.0065565,1.9991769,-0.18298115,-0.0003102728,0.0029249508,0.983112,-0.009223781,0.003494086,-0.14846043,0.168467,0.55787313,-0.063829646,20.49877,-15.009875,1.1991911,-0.24219923,0.23769128,-1.2130513,0.32785264,-81.19479,61.18699,170.3236,-145.55112,-81.19479,61.18699,170.3236,-145.55112,-1.0,1.0,1.0,-1.0,0.0,0.4,0.4,-0.4
7.483333333333333,20.495537,-15.006543,1.9985391,-0.18395601,-0.0014401723,0.0014141201,0.9829324,-0.008127874,0.0018179314,-0.0015613538,-0.2609645,0.036555104,0.17898189,20.4992,-15.009948,1.1985546,-0.26241678,0.2438385,-1.2130531,0.3688332,710.08936,-482.68945,-900.42456,274.7828,710.08936,-482.68945,-900.42456,274.7828,1.0,-1.0,-1.0,1.0,33.524375915527344,-0.4,-0.4,0.4
7.5,20.495653,-15.006527,2.000351,-0.1839255,0.0013492987,0.00248502,0.9829361,-0.0063462094,0.0023291735,0.1454728,0.17322055,-0.48245692,-0.06376648,20.499603,-15.009997,1.200368,-0.28290758,0.24855135,-1.2294476,0.28277096,132.33977,276.25705,-358.17032,-262.4452,132.33977,276.25705,-358.17032,-262.4452,1.0,1.0,-1.0,-1.0,33.524375915527344,0.4,-0.4,-0.4
7.516666666666667,20.495775,-15.006499,2.0007334,-0.18488868,0.002241039,0.001377018,0.9827559,-0.00783455,0.00087335566,-0.017845413,-0.2577666,0.053480834,0.17887673,20.5,-15.010041,1.2007527,-0.3025788,0.25367406,-1.1802738,0.30736235,-637.59674,-475.50424,647.4489,317.57147,-637.59674,-475.50424,647.4489,317.57147,-1.0,-1.0,1.0,1.0,0.0,-0.4,0.4,0.4
7.533333333333333,20.495913,-15.006468,2.002273,-0.18485975,0.004886875,0.0024507092,0.98274964,-0.0074517326,0.001629327,0.12919495,0.17639041,-0.4655295,-0.063879415,20.500376,-15.01007,1.2022938,-0.31965452,0.25797713,-1.0245429,0.25818405,115.091774,206.20381,-33.076126,-166.05756,115.091774,206.20381,-33.076126,-166.05756,1.0,1.0,-1.0,-1.0,33.524375915527344,0.4,-0.4,-0.4
7.55,20.496065,-15.006419,2.0023832,-0.18581799,0.005635801,0.001339885,0.9825671,-0.010088674,0.00044204574,-0.034116816,-0.25460458,0.07041137,0.17876849,20.500746,-15.010089,1.2024053,-0.3352276,0.26282662,-0.934385,0.29096958,-639.15094,-535.43524,937.725,277.4172,-639.15094,-535.43524,937.725,277.4172,-1.0,-1.0,1.0,1.0,0.0,-0.4,0.4,0.4
7.566666666666666,20.49627,-15.006356,2.0036547,-0.18579565,0.0015424413,0.0011780307,0.98258644,-0.013496979,0.0014245654,0.11319787,0.18123695,0.62504977,-0.06416805,20.50109,-15.010092,1.203678,-0.34519985,0.26753947,-0.5983346,0.28277096,113.0692,91.528244,366.23138,-192.73409,113.0692,91.528244,366.23138,-192.73409,1.0,1.0,1.0,-1.0,33.524375915527344,0.4,0.4,-0.4
7.583333333333333,20.49648,-15.006289,2.0034938,-0.1867634,-4.5851033e-05,-0.00033691557,0.98240477,-0.013046726,0.0004864186,-0.05059021,-0.2514021,0.08657185,0.1786826,20.501429,-15.010093,1.2035182,-0.35435247,0.27245727,-0.5491572,0.295068,-485.89432,-564.00903,-666.688,374.5793,-485.89432,-564.00903,-666.688,374.5793,-1.0,-1.0,-1.0,1.0,0.0,-0.4,-0.4,0.4
7.6,20.49668,-15.006233,2.004488,-0.1867362,0.0023168812,0.0007415642,0.9824071,-0.011954904,0.0016632113,0.096465,0.18269911,-0.43249315,-0.06408881,20.50174,-15.010073,1.2045132,-0.36241227,0.27498448,-0.48358795,0.15163241,193.88008,307.9912,-126.92178,-271.64163,193.88008,307.9912,-126.92178,-271.64163,1.0,1.0,-1.0,-1.0,33.524375915527344,0.4,-0.4,-0.4
7.616666666666666,20.49689,-15.006167,2.004053,-0.18769701,0.0027859327,-0.00036520278,0.9822229,-0.013659845,0.0009511681,-0.066857375,-0.2483108,0.103456035,0.17856766,20.502045,-15.010043,1.2040793,-0.36924258,0.27758,-0.40981826,0.15573083,-568.15845,-448.40646,862.5785,227.0577,-568.15845,-448.40646,862.5785,227.0577,-1.0,-1.0,1.0,1.0,0.0,-0.4,0.4,0.4
7.633333333333333,20.497137,-15.006105,2.0047798,-0.18766414,-0.0015880335,-0.0005358719,0.98223174,-0.01570075,0.0023089824,0.08041967,0.18743527,0.6580528,-0.06437573,20.502327,-15.009996,1.2048064,-0.3717015,0.2786728,-0.14753579,0.065569274,235.91806,270.20593,176.77591,-245.24895,235.91806,270.20593,176.77591,-245.24895,1.0,1.0,1.0,-1.0,33.524375915527344,0.4,0.4,-0.4
7.6499999999999995,20.497375,-15.006041,2.0040746,-0.18863013,-0.003454389,-0.0020509842,0.98203987,-0.013971527,0.0018013176,-0.083376855,-0.24517858,0.11956702,0.17850196,20.502596,-15.009942,1.204101,-0.3738872,0.27942416,-0.13114212,0.045080777,-409.32245,-355.82178,-805.8783,328.48694,-409.32245,-355.82178,-805.8783,328.48694,-1.0,-1.0,-1.0,1.0,0.0,-0.4,-0.4,0.4
7.666666666666667,20.49759,-15.006008,2.004524,-0.18860282,-0.0013726716,-0.0009692294,0.98205197,-0.0117359515,0.003307929,0.063673325,0.18886396,-0.39956293,-0.064287856,20.502848,-15.009868,1.2045506,-0.37661937,0.27641883,-0.16392945,-0.18031953,345.9113,491.1749,-407.96796,-409.2042,345.9113,491.1749,-407.96796,-409.2042,1.0,1.0,-1.0,-1.0,33.524375915527344,0.4,-0.4,-0.4
7.683333333333334,20.497795,-15.005974,2.0035439,-0.1895665,-0.0011819807,-0.0020727376,0.981865,-0.0121089965,0.002982828,-0.09965336,-0.24215898,0.13639581,0.17837016,20.50308,-15.009787,1.2035706,-0.37853184,0.273072,-0.11474847,-0.20080982,-412.5562,-198.90361,577.4083,195.76666,-412.5562,-198.90361,577.4083,195.76666,-1.0,-1.0,1.0,1.0,0.0,-0.4,0.4,0.4
7.7,20.498,-15.005968,2.0037208,-0.18953906,0.00075615034,-0.0009910875,0.9818724,-0.01072831,0.004623779,0.047383357,0.19185293,-0.38274163,-0.06442928,20.503298,-15.009688,1.2037472,-0.37948808,0.26644665,-0.057374235,-0.39752123,424.6934,552.2184,-221.45288,-307.72885,424.6934,552.2184,-221.45288,-307.72885,1.0,1.0,-1.0,-1.0,33.524375915527344,0.4,-0.4,-0.4
7.716666666666667,20.498196,-15.005962,2.0024688,-0.19049872,0.0008054695,-0.002098388,0.98168486,-0.01174739,0.0044671604,-0.11594377,-0.23917615,0.15322286,0.17823029,20.503492,-15.009586,1.2024946,-0.3793515,0.25954807,0.008195042,-0.4139149,-320.5477,-169.5057,763.807,168.38676,-320.5477,-169.5057,763.807,168.38676,-1.0,-1.0,1.0,1.0,0.0,-0.4,0.4,0.4
7.733333333333333,20.498411,-15.005979,2.0023732,-0.19047126,0.0025999274,-0.0010175799,0.98168874,-0.011112359,0.0062224637,0.031088661,0.19480592,-0.36592615,-0.06457813,20.503674,-15.009463,1.2023983,-0.37689257,0.24957591,0.14753579,-0.59832925,524.5704,604.65576,-7.16633,-290.6575,524.5704,604.65576,-7.16633,-290.6575,1.0,1.0,-1.0,-1.0,33.524375915527344,0.4,-0.4,-0.4
7.75,20.498629,-15.005991,2.0008488,-0.19142735,0.0025076184,-0.0021292588,0.9815013,-0.012675696,0.0062203235,-0.13223663,-0.2362299,0.1700419,0.17808652,20.503836,-15.009334,1.2008727,-0.37293097,0.23939882,0.23769556,-0.6106254,-207.34605,-158.01999,941.77576,132.25371,-207.34605,-158.01999,941.77576,132.25371,-1.0,-1.0,1.0,1.0,0.0,-0.4,0.4,0.4
7.766666666666667,20.498886,-15.006023,2.0004857,-0.19138084,-0.00242832,-0.0023251914,0.98151004,-0.013862111,0.0080699,0.015032604,0.199322,0.72457963,-0.0648644,20.503979,-15.009191,1.2005081,-0.36473456,0.22683117,0.49178478,-0.7540592,629.8045,643.581,230.89941,-300.2139,629.8045,643.581,230.89941,-300.2139,1.0,1.0,1.0,-1.0,33.524375915527344,0.4,0.4,-0.4
7.783333333333333,20.499136,-15.006057,1.9986902,-0.19233786,-0.004853409,-0.0038545637,0.9813092,-0.011297302,0.008196059,-0.14875028,-0.23324743,0.18608083,0.17807436,20.504112,-15.009042,1.1987113,-0.35640156,0.21378541,0.49997982,-0.7827454,-20.951149,-19.933765,-875.9243,243.885,-20.951149,-19.933765,-875.9243,243.885,-1.0,-1.0,-1.0,1.0,0.0,-0.4,-0.4,0.4
7.8,20.499344,-15.00614,1.9980496,-0.19230689,-0.003338224,-0.002774896,0.9813252,-0.008652938,0.010108933,-0.0017281377,0.20067114,-0.33314788,-0.06475517,20.504217,-15.008875,1.1980695,-0.34902483,0.19589022,0.4426038,-1.0737114,777.4829,735.4657,-415.27573,-475.9121,777.4829,735.4657,-415.27573,-475.9121,1.0,1.0,-1.0,-1.0,33.524375915527344,0.4,-0.4,-0.4
7.816666666666666,20.49953,-15.006266,1.9998635,-0.19325192,-0.004865824,0.001409884,0.9811361,-0.008535217,0.012234621,0.14557208,0.6368206,0.22200167,0.17838083,20.504293,-15.008691,1.1998814,-0.34110168,0.17369197,0.47538933,-1.3318946,119.18608,292.18048,473.10925,98.51638,119.18608,292.18048,473.10925,98.51638,1.0,1.0,1.0,1.0,33.524375915527344,0.4,0.4,0.4
7.833333333333333,20.4997,-15.006395,2.000245,-0.19320193,-0.0038930718,0.0042459597,0.98114204,-0.006230347,0.0108004995,-0.01819628,0.20301217,-0.31479448,-0.064813375,20.504358,-15.008503,1.2002612,-0.33358833,0.15094736,0.45080063,-1.3646766,-521.0414,-849.2951,-341.03854,-87.363655,-521.0414,-849.2951,-341.03854,-87.363655,-1.0,-1.0,-1.0,-1.0,0.0,-0.4,-0.4,-0.4
7.85,20.49984,-15.006483,2.0017855,-0.19416626,-0.0045164754,0.0031245903,0.9809532,-0.0063892202,0.008098232,0.12914455,-0.22484013,0.2383001,0.17786454,20.504404,-15.008306,1.201801,-0.3268946,0.13052502,0.40162322,-1.2253402,52.895126,-332.6017,356.90616,113.98429,52.895126,-332.6017,356.90616,113.98429,1.0,-1.0,1.0,1.0,33.524375915527344,-0.4,0.4,0.4
7.866666666666666,20.499958,-15.006574,2.001894,-0.19412291,-0.0033347353,0.0041910796,0.9809626,-0.004348199,0.007550559,-0.03451076,0.205737,-0.29807773,-0.06497227,20.50444,-15.008108,1.2019083,-0.32102057,0.109897815,0.35244223,-1.2376324,-608.90814,329.89096,-428.70123,-96.54164,-608.90814,329.89096,-428.70123,-96.54164,-1.0,1.0,-1.0,-1.0,0.0,0.4,-0.4,-0.4
7.883333333333333,20.50005,-15.006626,2.0031614,-0.1950858,-0.004098469,0.0030635353,0.98077273,-0.004687854,0.004924749,0.112824015,-0.22211972,0.25502247,0.17771031,20.504454,-15.007903,1.2031746,-0.31541973,0.09145627,0.33605036,-1.1064925,77.80438,-397.355,295.70593,107.62095,77.80438,-397.355,295.70593,107.62095,1.0,-1.0,1.0,1.0,33.524375915527344,-0.4,0.4,0.4
7.8999999999999995,20.500132,-15.006678,2.002997,-0.19504161,-0.0030583078,0.004126281,0.98078144,-0.002808622,0.0043932907,-0.0508329,0.20842242,-0.28137118,-0.06512515,20.504465,-15.007694,1.2030097,-0.31036532,0.07280984,0.30326483,-1.118786,-589.39264,270.38895,-500.91782,-104.79242,-589.39264,270.38895,-500.91782,-104.79242,-1.0,1.0,-1.0,-1.0,0.0,0.4,-0.4,-0.4
7.916666666666667,20.500189,-15.006692,2.003992,-0.19600365,-0.0039616856,0.002992751,0.9805905,-0.003220872,0.0018283895,0.096497275,-0.21943656,0.27173033,0.17756155,20.504457,-15.00748,1.2040039,-0.30572072,0.05641737,0.27867612,-0.9835481,122.31199,-456.98294,220.64146,97.17734,122.31199,-456.98294,220.64146,97.17734,1.0,-1.0,1.0,1.0,33.524375915527344,-0.4,0.4,0.4
7.933333333333334,20.50023,-15.006704,2.0035548,-0.19595914,-0.0030634266,0.0040504443,0.9805988,-0.0014033956,0.0012971889,-0.06715899,0.21106833,-0.2646786,-0.06526667,20.504438,-15.007262,1.2035664,-0.30134934,0.03995661,0.26228246,-0.9876454,-551.66943,213.06686,-596.67786,-113.28992,-551.66943,213.06686,-596.67786,-113.28992,-1.0,1.0,-1.0,-1.0,0.0,0.4,-0.4,-0.4
7.95,20.500246,-15.006683,2.0042772,-0.1969197,-0.0041063405,0.002910578,0.9804067,-0.0017802226,-0.0012226915,0.080168396,-0.21679181,0.28842145,0.17742376,20.504402,-15.007047,1.204288,-0.29766098,0.026023023,0.2213019,-0.8360152,188.4053,-511.93073,119.55839,86.68508,188.4053,-511.93073,119.55839,86.68508,1.0,-1.0,1.0,1.0,33.524375915527344,-0.4,0.4,0.4
7.966666666666667,20.500246,-15.006661,2.0035672,-0.19687422,-0.0033495368,0.0039629526,0.980415,7.558195e-05,-0.001769395,-0.083485685,0.21367511,-0.24800052,-0.06539046,20.504354,-15.006828,1.2035778,-0.29424584,0.011952831,0.20490824,-0.84421146,-494.4932,162.1607,-708.84283,-122.23439,-494.4932,162.1607,-708.84283,-122.23439,-1.0,1.0,-1.0,-1.0,0.0,0.4,-0.4,-0.4
7.983333333333333,20.500206,-15.006608,2.004012,-0.19780464,0.0020492084,0.0041266684,0.98023057,0.0016838331,-0.0042607533,0.06342808,-0.21572044,-0.76866716,0.17737377,20.504292,-15.006609,1.2040224,-0.2926066,6.8301895e-05,0.09835481,-0.7130717,276.62216,-559.8144,-15.948051,78.86849,276.62216,-559.8144,-15.948051,78.86849,1.0,-1.0,-1.0,1.0,33.524375915527344,-0.4,-0.4,0.4
8.0,20.500166,-15.006534,2.003027,-0.19773592,0.0059309867,0.00033839516,0.9802373,-0.000673383,-0.0051313587,-0.09993544,-0.6456152,-0.23258924,-0.06570518,20.504223,-15.00639,1.2030374,-0.2905575,-0.010313585,0.1229453,-0.62291324,-454.20233,-153.92589,1101.813,-3545.7715,-454.20233,-153.92589,1101.813,-3545.7715,-1.0,-1.0,1.0,-1.0,0.0,-0.4,0.4,-0.4
8.016666666666666,20.50019,-15.00645,2.0032039,-0.1986719,0.0049524256,-0.0025693902,0.98005015,-0.003833205,-0.003891272,0.04745112,-0.2091198,0.32259136,0.17772086,20.504135,-15.006171,1.2032135,-0.28249776,-0.019944152,0.48358437,-0.57783395,346.7503,879.7133,731.1823,34.074203,346.7503,879.7133,731.1823,34.074203,1.0,1.0,1.0,1.0,33.524375915527344,0.4,0.4,0.4
8.033333333333333,20.500244,-15.006374,2.0019538,-0.19861832,-0.0011621639,-0.0028344728,0.98007214,-0.0046763164,-0.0021694722,-0.115840726,0.22278585,0.8599232,-0.06524742,20.504032,-15.005955,1.2019628,-0.27129614,-0.030052833,0.67209715,-0.60652083,-332.58066,453.62723,203.71263,-206.01297,-332.58066,453.62723,203.71263,-206.01297,-1.0,1.0,1.0,-1.0,0.0,0.4,0.4,-0.4
8.05,20.500282,-15.006318,2.0018597,-0.1995644,-0.0048288773,-0.004415696,0.9798628,-0.0027692532,-0.0021004607,0.0310555,-0.20648235,0.338455,0.17775422,20.503918,-15.005737,1.2018682,-0.26036772,-0.041595858,0.6557053,-0.6925814,389.78677,-65.69676,-1025.1249,139.96411,389.78677,-65.69676,-1025.1249,139.96411,1.0,-1.0,-1.0,1.0,33.524375915527344,-0.4,-0.4,0.4
8.066666666666666,20.500301,-15.0062895,2.0003319,-0.19952545,-0.004499292,-0.0033609157,0.9798765,-0.00019004621,-0.0004590929,-0.1325946,0.22388268,-0.19801456,-0.06506229,20.503794,-15.005525,1.20034,-0.25012234,-0.05477813,0.6147229,-0.79093623,-166.98853,619.91534,-703.1242,-208.90466,-166.98853,619.91534,-703.1242,-208.90466,-1.0,1.0,-1.0,-1.0,0.0,0.4,-0.4,-0.4
8.083333333333334,20.500278,-15.006303,1.9999596,-0.19749792,-0.0006081131,0.0020878462,0.98030084,0.001935592,0.00074480777,0.0144021185,0.6569208,-0.7174654,-0.30793118,20.503647,-15.005312,1.1999673,-0.241243,-0.070965685,0.53275996,-0.9712533,673.5783,197.7488,-96.14459,-19.930693,673.5783,197.7488,-96.14459,-19.930693,1.0,1.0,-1.0,-1.0,33.524375915527344,0.4,-0.4,-0.4
8.1,20.50026,-15.006313,1.9981577,-0.19645733,0.0014342819,0.0053159446,0.9804968,0.00033224968,-0.0015866025,-0.14892508,0.22328204,-0.18327288,-0.06570319,20.5035,-15.005102,1.1981655,-0.23209047,-0.08674344,0.54915184,-0.94666505,-87.12738,-677.524,779.9338,353.48132,-87.12738,-677.524,779.9338,353.48132,-1.0,-1.0,1.0,1.0,0.0,-0.4,0.4,0.4
8.116666666666667,20.500252,-15.006263,1.9975164,-0.19443831,-0.0003092342,0.00414054,0.9809059,-0.0012996563,-0.0039203414,-0.0015991522,-0.20482245,0.36983815,-0.3089441,20.503338,-15.004897,1.1975237,-0.22102547,-0.09780835,0.6639003,-0.66389495,697.0583,-708.99426,396.21777,-3.2666392,697.0583,-708.99426,396.21777,-3.2666392,1.0,-1.0,1.0,-1.0,33.524375915527344,-0.4,0.4,-0.4
8.133333333333333,20.500229,-15.006173,1.9993266,-0.1934044,-0.00035504065,0.005168498,0.98110545,-0.000534147,-0.0045245453,0.14540923,0.23078552,-0.14877607,-0.06542061,20.503153,-15.0047035,1.1993332,-0.20941406,-0.10525328,0.69668406,-0.4466955,107.867455,33.636295,-526.3943,553.245,107.867455,33.636295,-526.3943,553.245,1.0,1.0,-1.0,1.0,33.524375915527344,0.4,-0.4,0.4
8.15,20.50021,-15.0060625,1.9997078,-0.19436833,-0.002269005,0.004005819,0.9809178,-0.0015669595,-0.0069747716,-0.017930588,-0.20010164,0.3870095,0.17728646,20.502968,-15.004512,1.1997142,-0.19752946,-0.11105894,0.71307594,-0.3483398,-617.4135,-830.56793,358.52966,191.2791,-617.4135,-830.56793,358.52966,191.2791,-1.0,-1.0,1.0,1.0,0.0,-0.4,0.4,0.4
8.166666666666666,20.500156,-15.005922,2.001244,-0.19433507,-0.0013870024,-0.00026253174,0.9809342,-6.3608866e-05,-0.009670247,0.1289192,-0.6305971,-0.13446695,-0.06613204,20.502768,-15.004331,1.2012498,-0.18701091,-0.11399594,0.631113,-0.17621978,83.38593,-197.78746,-669.73456,-212.82935,83.38593,-197.78746,-669.73456,-212.82935,1.0,-1.0,-1.0,-1.0,33.524375915527344,-0.4,-0.4,-0.4
8.183333333333334,20.500107,-15.005778,2.0013523,-0.19528551,-0.0030942587,-0.0031941452,0.9807363,-0.00035245344,-0.008919306,-0.034380756,-0.19720706,0.40362895,0.17720757,20.502567,-15.0041485,1.2013576,-0.17621917,-0.116728015,0.64750487,-0.16392453,-565.6071,790.68787,275.53513,196.49667,-565.6071,790.68787,275.53513,196.49667,-1.0,1.0,1.0,1.0,0.0,0.4,0.4,0.4
8.2,20.500029,-15.00568,2.0026174,-0.1952409,-0.003416942,-0.0021740976,0.98074687,0.0019221511,-0.00701552,0.11263377,0.23610693,-0.1156091,-0.06558058,20.50235,-15.003977,1.2026225,-0.16624704,-0.121987276,0.59832746,-0.3155556,158.61697,419.01505,-855.40204,-226.72458,158.61697,419.01505,-855.40204,-226.72458,1.0,1.0,-1.0,-1.0,33.524375915527344,0.4,-0.4,-0.4
8.216666666666667,20.499931,-15.0055895,2.002448,-0.19620176,0.00096851104,-0.002049744,0.9805609,0.0035319766,-0.0072666295,-0.05113749,-0.19657625,-0.6536435,0.17721343,20.502132,-15.003805,1.2024529,-0.15764096,-0.12779295,0.5163645,-0.3483407,-531.2355,-184.07318,-57.650185,159.44052,-531.2355,-184.07318,-57.650185,159.44052,-1.0,-1.0,-1.0,1.0,0.0,-0.4,-0.4,0.4
8.233333333333333,20.499859,-15.005513,2.0034385,-0.19616824,0.0026910568,-0.00058777904,0.9805663,0.002307559,-0.005512703,0.096268855,0.24053943,-0.09834642,-0.06556836,20.501904,-15.00364,1.2034434,-0.14643942,-0.13414504,0.6720927,-0.38112488,147.71483,342.10342,900.92694,-3423.8262,147.71483,342.10342,900.92694,-3423.8262,1.0,1.0,1.0,-1.0,33.524375915527344,0.4,0.4,-0.4
8.25,20.499804,-15.005431,2.0030017,-0.19711609,0.00034667287,-0.0017612255,0.98037845,0.0009282809,-0.0058613406,-0.06706343,-0.19033581,0.4374228,0.17713083,20.501669,-15.003481,1.2030063,-0.13359863,-0.13967751,0.7704475,-0.33194837,-531.6805,-402.70068,505.06082,118.33359,-531.6805,-402.70068,505.06082,118.33359,-1.0,-1.0,1.0,1.0,0.0,-0.4,0.4,0.4
8.266666666666666,20.499748,-15.005372,2.0037217,-0.19707419,-0.00026538214,-0.00074211485,0.9803883,0.0019232198,-0.0042967964,0.079940625,0.24289893,-0.08182256,-0.065675996,20.501429,-15.003332,1.2037259,-0.12034803,-0.14609791,0.7950358,-0.3852242,229.69403,357.19662,-594.679,-247.95467,229.69403,357.19662,-594.679,-247.95467,1.0,1.0,-1.0,-1.0,33.524375915527344,0.4,-0.4,-0.4
8.283333333333333,20.4997,-15.005308,2.0030124,-0.19802265,-0.002747798,-0.0019224817,0.9801917,0.0016097282,-0.004767889,-0.08338858,-0.18797329,0.4539438,0.17702746,20.501186,-15.003186,1.2030168,-0.10641441,-0.15197189,0.83601725,-0.35243866,-478.02908,-340.10007,240.88954,107.95396,-478.02908,-340.10007,240.88954,107.95396,-1.0,-1.0,1.0,1.0,0.0,-0.4,0.4,0.4
8.3,20.499622,-15.005272,2.0034602,-0.19797584,-0.0034994867,-0.00091197534,0.98020023,0.0037156106,-0.0034070788,0.063618846,0.24522062,-0.065337494,-0.065789185,20.500933,-15.003049,1.2034645,-0.09384684,-0.15921192,0.75405383,-0.4344016,302.71368,387.84042,-880.2171,-252.36713,302.71368,387.84042,-880.2171,-252.36713,1.0,1.0,-1.0,-1.0,33.524375915527344,0.4,-0.4,-0.4
8.316666666666666,20.499521,-15.005242,2.002473,-0.19892871,0.00046065566,-0.0007835187,0.9800135,0.004937249,-0.00401764,-0.10015857,-0.18743618,-0.6034081,0.17700994,20.500677,-15.002915,1.2024776,-0.08278192,-0.16665685,0.6638954,-0.44669595,-393.21118,-232.06927,-130.4943,111.87276,-393.21118,-232.06927,-130.4943,111.87276,-1.0,-1.0,-1.0,1.0,0.0,-0.4,-0.4,0.4
8.333333333333334,20.499443,-15.0052185,2.0026464,-0.19888997,0.0017544489,0.000674017,0.9800199,0.0036497032,-0.0028675003,0.04723724,0.24953437,-0.04812987,-0.06578751,20.500423,-15.002792,1.2026507,-0.07021437,-0.17376028,0.75405294,-0.42620566,367.28238,298.23404,868.57556,-3454.332,367.28238,298.23404,868.57556,-3454.332,1.0,1.0,1.0,-1.0,33.524375915527344,0.4,0.4,-0.4
8.35,20.499382,-15.005186,2.001392,-0.19983998,-0.001010719,-0.0005145021,0.9798278,0.0028389492,-0.003632729,-0.11608089,-0.18132961,0.4876241,0.17691624,20.500166,-15.002677,1.2013963,-0.056144163,-0.17970258,0.8442123,-0.35653797,-321.57416,-464.74783,343.00818,78.88368,-321.57416,-464.74783,343.00818,78.88368,-1.0,-1.0,1.0,1.0,0.0,-0.4,0.4,0.4
8.366666666666667,20.499302,-15.005166,2.0012946,-0.19979458,-0.0020499206,0.00049213873,0.97983557,0.0043138224,-0.002731259,0.030924648,0.25178313,-0.03167391,-0.06590895,20.499903,-15.002571,1.201299,-0.043030195,-0.18584977,0.78683805,-0.36883143,499.6278,294.26898,-818.9367,-264.6369,499.6278,294.26898,-818.9367,-264.6369,1.0,1.0,-1.0,-1.0,33.524375915527344,0.4,-0.4,-0.4
8.383333333333333,20.499207,-15.005147,1.9997629,-0.20074011,0.001625823,0.0006242854,0.9796429,0.004798781,-0.0036704699,-0.13285226,-0.18085825,-0.5697761,0.17690176,20.499641,-15.00247,1.1997677,-0.031145662,-0.19172378,0.71307194,-0.35244045,-182.80426,-388.3102,-55.084766,78.706696,-182.80426,-388.3102,-55.084766,78.706696,-1.0,-1.0,-1.0,1.0,0.0,-0.4,-0.4,0.4
8.4,20.49913,-15.005121,1.9993913,-0.20069984,0.0026309092,0.0020803765,0.97964704,0.0029512006,-0.0030207452,0.014548945,0.25601345,-0.014500245,-0.06590795,20.499374,-15.00238,1.199396,-0.017485285,-0.19630003,0.8196226,-0.27457502,598.624,126.26452,945.6052,-3432.331,598.624,126.26452,945.6052,-3432.331,1.0,1.0,1.0,-1.0,33.524375915527344,0.4,0.4,-0.4
8.416666666666666,20.499073,-15.00508,1.9975923,-0.20165285,-0.0004159182,0.00088267034,0.9794565,0.002042178,-0.0041523874,-0.1487706,-0.17484182,0.52123606,0.17679349,20.499105,-15.002296,1.1975973,-0.0023222642,-0.19937362,0.9097812,-0.18441527,-70.13028,-639.342,374.86902,43.348557,-70.13028,-639.342,374.86902,43.348557,-1.0,-1.0,1.0,1.0,0.0,-0.4,0.4,0.4
8.433333333333334,20.499002,-15.005041,1.9969499,-0.20160842,-0.0017424092,0.0018832253,0.9794628,0.0033207997,-0.0037910996,-0.001761948,0.2581889,0.0019160509,-0.0660349,20.498837,-15.002226,1.1969551,0.011884529,-0.2016276,0.8524075,-0.13523875,720.5196,100.65273,-803.52466,-270.7007,720.5196,100.65273,-803.52466,-270.7007,1.0,1.0,-1.0,-1.0,33.524375915527344,0.4,-0.4,-0.4
8.45,20.498896,-15.004986,1.9987563,-0.20254849,0.0015414421,0.0020161474,0.9792689,0.005159516,-0.0056328084,0.14512444,-0.17124999,-0.51914525,0.17680526,20.498568,-15.002174,1.1987615,0.023495851,-0.2013544,0.6966793,0.016391871,114.951935,-595.1555,-77.48995,44.594574,114.951935,-595.1555,-77.48995,44.594574,1.0,-1.0,-1.0,1.0,33.524375915527344,-0.4,-0.4,0.4
8.466666666666667,20.498787,-15.00491,1.9991338,-0.20248969,0.0033318028,-0.0018144093,0.97927696,0.0036737435,-0.0066013476,-0.018262528,-0.6014353,0.016790688,-0.066452585,20.498297,-15.002126,1.1991389,0.035107177,-0.19944192,0.6966795,0.11474847,-598.07916,-134.64745,951.8971,-2609.9524,-598.07916,-134.64745,951.8971,-2609.9524,-1.0,-1.0,1.0,-1.0,0.0,-0.4,0.4,-0.4
8.483333333333333,20.498724,-15.00485,2.0006728,-0.20341657,0.00025624284,-0.004783756,0.97908056,0.00117944,-0.005270122,0.1291376,-0.16492784,0.5719423,0.17674756,20.498032,-15.002092,1.2006779,0.04958718,-0.19752946,0.8688001,0.11474758,131.0608,853.84045,376.67764,56.195683,131.0608,853.84045,376.67764,56.195683,1.0,1.0,1.0,1.0,33.524375915527344,0.4,0.4,0.4
8.5,20.498672,-15.004811,2.0007796,-0.20336455,-0.0013929275,-0.0037895853,0.97909474,0.0023989878,-0.0030145608,-0.034504943,0.26480335,0.035506994,-0.06608943,20.497772,-15.002063,1.2007848,0.064477,-0.19684644,0.893389,0.040981468,-479.73328,462.68503,-635.6771,-131.89378,-479.73328,462.68503,-635.6771,-131.89378,-1.0,1.0,-1.0,-1.0,0.0,0.4,-0.4,-0.4
8.516666666666666,20.498604,-15.004803,2.0020409,-0.20134719,0.001611142,-0.0036634996,0.9795117,0.0043869666,-0.0025849305,0.11239333,-0.16559872,-0.48553598,-0.30926102,20.49752,-15.002044,1.2020466,0.07759098,-0.19759776,0.78683895,-0.04507899,180.65442,-117.52781,-81.28484,-12.109176,180.65442,-117.52781,-81.28484,-12.109176,1.0,-1.0,-1.0,-1.0,33.524375915527344,-0.4,-0.4,-0.4
8.533333333333333,20.498539,-15.004809,2.0018737,-0.20031802,0.002015728,-0.002235305,0.97972625,0.0031540894,-0.0008569586,-0.050860416,0.26610458,0.05302909,-0.06589648,20.497261,-15.002034,1.2018796,0.09152458,-0.1987589,0.8360159,-0.06966858,-509.30176,615.54065,700.06323,481.1183,-509.30176,615.54065,700.06323,481.1183,-1.0,1.0,1.0,1.0,0.0,0.4,0.4,0.4
8.55,20.498507,-15.004817,2.0028677,-0.19828027,-0.0017065377,-0.0034572368,0.98013777,0.0014617095,-0.0007081996,0.09648433,-0.16129512,0.60575473,-0.30913597,20.497013,-15.002034,1.2028741,0.106960826,-0.19930533,0.92617476,-0.03278553,187.2173,-261.724,207.41566,-20.142614,187.2173,-261.724,207.41566,-20.142614,1.0,-1.0,1.0,-1.0,33.524375915527344,-0.4,0.4,-0.4
8.566666666666666,20.498466,-15.004838,2.00243,-0.19723761,-0.0036369385,-0.0024584925,0.98034585,0.0032824953,0.00069282204,-0.06716538,0.27183735,0.06975582,-0.06560053,20.496763,-15.002039,1.2024367,0.121987276,-0.20046647,0.90158695,-0.06966858,-406.2212,430.76666,-807.9057,500.50226,-406.2212,430.76666,-807.9057,500.50226,-1.0,1.0,-1.0,1.0,0.0,0.4,-0.4,0.4
8.583333333333334,20.498392,-15.004882,2.0031462,-0.19819593,-0.00093212887,-0.0023383384,0.98015916,0.0057018297,0.00028804736,0.07973111,-0.15769103,-0.45154324,0.1772443,20.496525,-15.002058,1.2031534,0.13373522,-0.20224231,0.7048769,-0.106550746,264.6054,-134.8587,-330.5836,2.5980322,264.6054,-134.8587,-330.5836,2.5980322,1.0,-1.0,-1.0,1.0,33.524375915527344,-0.4,-0.4,0.4
8.6,20.498318,-15.004933,2.0024343,-0.19815618,-0.00081860955,-0.00089058164,0.9801697,0.0052568433,0.0015458707,-0.08353243,0.27586275,0.08675447,-0.06561536,20.496288,-15.00208,1.202442,0.14534658,-0.2043597,0.6966814,-0.12704282,-500.1695,427.72375,702.5131,-2462.1577,-500.1695,427.72375,702.5131,-2462.1577,-1.0,1.0,1.0,-1.0,0.0,0.4,0.4,-0.4
8.616666666666667,20.49823,-15.004991,2.0028782,-0.19786699,0.0017431241,-0.0007689158,0.980227,0.0065308088,0.00090722693,0.06335467,-0.15403673,-0.43455228,-0.025537437,20.49606,-15.002118,1.2028863,0.15545529,-0.20572574,0.6065225,-0.081962936,321.2242,-284.28378,-159.28336,0.165625,321.2242,-284.28378,-159.28336,0.165625,1.0,-1.0,-1.0,0.165625,33.524375915527344,-0.4,-0.4,0.066250004
8.633333333333333,20.498158,-15.005053,2.0018938,-0.1961749,0.0017140413,0.0006773452,0.98056716,0.0051358156,0.0018001711,-0.09990857,0.2785228,0.103888094,-0.26832303,20.495842,-15.002158,1.2019023,0.16583723,-0.2072967,0.62291616,-0.09425729,-472.6965,335.42645,768.9553,-61.656353,-472.6965,335.42645,768.9553,-61.656353,-1.0,1.0,1.0,-1.0,0.0,0.4,0.4,-0.4
8.65,20.498085,-15.005101,2.0020652,-0.19546844,0.004134819,0.0007912228,0.9807009,0.0053256596,0.0007124231,0.046985906,-0.15114795,-0.41802207,-0.025346585,20.49563,-15.002215,1.2020742,0.17580935,-0.20668198,0.59832746,0.036883052,366.54666,-397.95218,-29.00588,271.51105,366.54666,-397.95218,-29.00588,271.51105,1.0,-1.0,-1.0,1.0,33.524375915527344,-0.4,-0.4,0.4
8.666666666666666,20.498026,-15.005149,2.0008082,-0.1937797,0.0039664395,0.002239183,0.9810344,0.0030885828,0.001197488,-0.11626902,0.28149545,0.12046766,-0.2681327,20.495422,-15.002277,1.2008181,0.1864645,-0.20565744,0.6393089,0.06147265,-390.9344,90.42706,946.8323,-63.500916,-390.9344,90.42706,946.8323,-63.500916,-1.0,1.0,1.0,-1.0,0.0,0.4,0.4,-0.4
8.683333333333334,20.498001,-15.00516,2.0007124,-0.193085,-0.00034161663,0.0010669347,0.9811814,0.00092959363,-0.00027471382,0.031077806,-0.14492702,0.6723305,-0.02527048,20.495226,-15.002352,1.2007221,0.1987589,-0.2011495,0.73766375,0.2704766,455.52353,-607.5169,151.37198,257.23813,455.52353,-607.5169,151.37198,257.23813,1.0,-1.0,1.0,1.0,33.524375915527344,-0.4,0.4,0.4
8.7,20.497976,-15.005172,1.9991846,-0.19436915,-0.0028364423,0.0020908047,0.9809221,0.0023925197,-0.0004628977,-0.1325741,0.28577948,0.13627768,0.21804632,20.495033,-15.002433,1.1991947,0.21078011,-0.19616342,0.72127277,0.29916462,-152.25931,8.71587,-826.9032,153.76273,-152.25931,8.71587,-826.9032,153.76273,-1.0,1.0,-1.0,1.0,0.0,0.4,-0.4,0.4
8.716666666666667,20.497915,-15.005171,1.9988112,-0.19465572,-0.00069817394,0.0022002275,0.9808689,0.004019361,-0.0021292504,0.014331296,-0.14466381,-0.38439822,-0.02520588,20.494862,-15.002529,1.1988215,0.2187032,-0.18919659,0.47538486,0.41800973,652.22845,-768.4103,-391.89297,-828.75885,652.22845,-768.4103,-391.89297,-828.75885,1.0,-1.0,-1.0,-1.0,33.524375915527344,-0.4,-0.4,-0.4
8.733333333333333,20.497849,-15.005152,1.9970077,-0.1929582,-8.88232e-05,-0.0016527757,0.9812056,0.0033298507,-0.0022823615,-0.14901794,-0.57561713,0.15201038,-0.26844567,20.494694,-15.002627,1.1970181,0.22594325,-0.1807954,0.4344034,0.50407106,-84.4029,-65.7382,563.4974,-92.438644,-84.4029,-65.7382,563.4974,-92.438644,-1.0,-1.0,1.0,-1.0,0.0,-0.4,0.4,-0.4
8.75,20.49778,-15.005156,1.9963617,-0.19226019,0.0022409814,-0.0033156888,0.9813358,0.0041538104,-0.0006953556,-0.002040514,-0.14102279,-0.36508933,-0.024947023,20.49454,-15.002737,1.196372,0.23209047,-0.17321387,0.3688332,0.4548919,867.32513,711.6348,-268.57175,403.24252,867.32513,711.6348,-268.57175,403.24252,1.0,1.0,-1.0,1.0,33.524375915527344,0.4,-0.4,0.4
8.766666666666666,20.497746,-15.005196,1.9981704,-0.19057031,0.0015263538,-0.0018725543,0.9816705,0.0025328645,0.0017134913,0.14536361,0.29509252,0.19050914,-0.26773348,20.494404,-15.002862,1.1981808,0.23933053,-0.16713497,0.4344034,0.3647339,127.99097,456.9027,686.5462,-67.67687,127.99097,456.9027,686.5462,-67.67687,1.0,1.0,1.0,-1.0,33.524375915527344,0.4,0.4,-0.4
8.783333333333333,20.497738,-15.005233,1.9985517,-0.18986021,-0.0032678705,-0.003029394,0.9818009,0.001454881,0.0016240198,-0.017945973,-0.1342333,0.72510827,-0.0248354,20.494282,-15.002993,1.1985625,0.24752684,-0.16044135,0.49177852,0.40161696,-464.47223,-320.4561,32.3927,396.0889,-464.47223,-320.4561,32.3927,396.0889,-1.0,-1.0,1.0,1.0,0.0,-0.4,0.4,0.4
8.8,20.497692,-15.005303,2.0000894,-0.19113283,-0.0063218777,-0.0019900529,0.98154175,0.0035516154,0.0032706466,0.12906943,0.2995962,0.20611697,0.21848659,20.49417,-15.003133,1.2001003,0.252308,-0.15545529,0.28687027,0.29916373,168.89188,333.6937,-1108.4016,129.07744,168.89188,333.6937,-1108.4016,129.07744,1.0,1.0,-1.0,1.0,33.524375915527344,0.4,-0.4,0.4
8.816666666666666,20.497618,-15.005389,2.0001924,-0.19143151,-0.004668885,-0.0018864458,0.981493,0.0064820354,0.0029457435,-0.034676213,-0.13436738,-0.33170986,-0.024742082,20.494062,-15.003281,1.2002033,0.25463027,-0.15101565,0.13933538,0.2663782,-526.603,-257.81693,-720.26215,-210.93004,-526.603,-257.81693,-720.26215,-210.93004,-1.0,-1.0,-1.0,-1.0,0.0,-0.4,-0.4,-0.4
8.833333333333334,20.497522,-15.005498,2.001456,-0.18973143,-0.0056684604,-0.0004526081,0.98181957,0.007177612,0.004308166,0.112732336,0.30181757,0.22386494,-0.2675096,20.493977,-15.003434,1.2014667,0.25394726,-0.14780545,-0.040980574,0.1926121,163.22798,547.50916,34.51939,-35.369484,163.22798,547.50916,34.51939,-35.369484,1.0,1.0,1.0,-1.0,33.524375915527344,0.4,0.4,-0.4
8.85,20.497404,-15.005609,2.0012865,-0.18903577,-0.0041540056,-0.0003565109,0.98196125,0.009698559,0.0033348817,-0.051025778,-0.13089937,-0.31550276,-0.024503013,20.493896,-15.0035925,1.2012966,0.25121516,-0.14439034,-0.16392587,0.20490645,-429.7446,-187.18163,-768.49896,467.65466,-429.7446,-187.18163,-768.49896,467.65466,-1.0,-1.0,-1.0,1.0,0.0,-0.4,-0.4,0.4
8.866666666666667,20.497246,-15.005737,2.0022726,-0.18733968,0.0013037837,0.0023317898,0.9822915,0.0124092605,0.004158778,0.09583854,0.30175787,-0.8337369,-0.26709175,20.493832,-15.00376,1.2022822,0.24452153,-0.14158997,-0.40161785,0.1680225,194.91177,448.94135,-73.64849,-5.7100487,194.91177,448.94135,-73.64849,-5.7100487,1.0,1.0,-1.0,-1.0,33.524375915527344,0.4,-0.4,-0.4
8.883333333333333,20.497095,-15.005856,2.0018291,-0.18663037,0.004877147,0.002818276,0.982414,0.010476088,0.002729306,-0.067568675,-0.13096334,-0.29852846,-0.024592418,20.49378,-15.00393,1.2018384,0.23741804,-0.13790165,-0.42620924,0.22129922,-543.30524,-378.6259,779.83124,433.80136,-543.30524,-378.6259,779.83124,433.80136,-1.0,-1.0,1.0,1.0,0.0,-0.4,0.4,0.4
8.9,20.496975,-15.005932,2.0025463,-0.18491636,0.004622541,-0.001048999,0.98274285,0.0075866315,0.001341193,0.07979618,-0.55823195,0.25461626,-0.26791275,20.493732,-15.00411,1.2025552,0.23222707,-0.13045672,-0.31145808,0.44669595,198.87161,-7.686633,664.95667,-6.8266397,198.87161,-7.686633,664.95667,-6.8266397,1.0,-1.0,1.0,-1.0,33.524375915527344,-0.4,0.4,-0.4
8.916666666666666,20.496881,-15.006006,2.0018334,-0.18420543,0.0038028904,-0.003179959,0.9828753,0.006566356,0.002872665,-0.08368596,-0.12551582,0.10708307,-0.024658538,20.493698,-15.004293,1.2018418,0.22799233,-0.12267029,-0.25408474,0.46718535,-350.68835,762.8396,-0.28011453,609.2309,-350.68835,762.8396,-0.28011453,609.2309,-1.0,1.0,-0.28011453,1.0,0.0,0.4,-0.11204582,0.4
8.933333333333334,20.496824,-15.006107,2.0022807,-0.18548684,-0.00080119167,-0.0023326369,0.98264366,0.0045495867,0.0048402073,0.063757434,0.3112591,0.6625704,0.218539,20.493671,-15.004486,1.2022889,0.22580664,-0.1161133,-0.13114123,0.39341968,377.89352,495.9545,61.851974,46.786263,377.89352,495.9545,61.851974,46.786263,1.0,1.0,1.0,1.0,33.524375915527344,0.4,0.4,0.4
8.95,20.496765,-15.006213,2.001296,-0.1857793,-0.0028969443,-0.0028588958,0.98258305,0.0062712147,0.0049809427,-0.099954896,-0.12405631,0.12424532,-0.024561841,20.493652,-15.004682,1.2013038,0.22293794,-0.10969291,-0.17212181,0.3852233,-324.91104,-288.31836,-927.28674,-103.00717,-324.91104,-288.31836,-927.28674,-103.00717,-1.0,-1.0,-1.0,-1.0,0.0,-0.4,-0.4,-0.4
8.966666666666667,20.496681,-15.0063505,2.0014665,-0.18707302,-0.0010459955,-0.0007959854,0.9823451,0.008346478,0.006337108,0.046991922,0.3099761,-0.39425147,0.21880265,20.49365,-15.00488,1.2014737,0.21706393,-0.10532158,-0.35244045,0.26227978,495.1375,504.01907,-575.6374,67.80782,495.1375,504.01907,-575.6374,67.80782,1.0,1.0,-1.0,1.0,33.524375915527344,0.4,-0.4,0.4
8.983333333333333,20.496595,-15.006491,2.0002077,-0.18736814,-0.0010936131,-0.0009089374,0.98228866,0.007926053,0.005971769,-0.1163418,-0.11987893,0.14211704,-0.02478186,20.493652,-15.005084,1.2002143,0.21078011,-0.10074534,-0.37702915,0.27457413,-285.37796,-312.3995,438.9441,-1869.3115,-285.37796,-312.3995,438.9441,-1869.3115,-1.0,-1.0,1.0,-1.0,0.0,-0.4,0.4,-0.4
9.0,20.496494,-15.006644,2.0001054,-0.18865795,0.00060349924,0.0011604255,0.9820419,0.009186052,0.0067084376,0.030595945,0.3141439,-0.3763972,0.21859503,20.493668,-15.005294,1.2001117,0.20244724,-0.096715525,-0.49997267,0.24178906,595.0813,417.20404,-517.2646,78.62263,595.0813,417.20404,-517.2646,78.62263,1.0,1.0,-1.0,1.0,33.524375915527344,0.4,-0.4,0.4
9.016666666666666,20.496405,-15.006795,1.998574,-0.1889514,0.0004037727,0.0010522029,0.9819857,0.008157248,0.0058099898,-0.13273543,-0.11577311,0.15999572,-0.024993101,20.493692,-15.005509,1.1985799,0.19425096,-0.09207099,-0.49177673,0.2786721,-168.92473,-491.17258,505.3753,-1799.5593,-168.92473,-491.17258,505.3753,-1799.5593,-1.0,-1.0,1.0,-1.0,0.0,-0.4,0.4,-0.4
9.033333333333333,20.496305,-15.006942,1.9981995,-0.19023785,0.0019477524,0.0031280231,0.9817311,0.008711906,0.005906703,0.014208108,0.31823874,-0.35853863,0.2183942,20.493727,-15.005731,1.1982045,0.18468864,-0.08674344,-0.57373875,0.31965312,720.99927,232.56522,-451.3725,80.22837,720.99927,232.56522,-451.3725,80.22837,1.0,1.0,-1.0,1.0,33.524375915527344,0.4,-0.4,0.4
9.05,20.496216,-15.007072,1.9963957,-0.19053037,0.0015963619,0.0030238363,0.9816753,0.00717918,0.0044533955,-0.1491178,-0.11174005,0.17787804,-0.025197282,20.493765,-15.005949,1.1964002,0.17553614,-0.080459654,-0.54915005,0.37702692,-28.733948,-690.4741,552.2628,-1761.7958,-28.733948,-690.4741,552.2628,-1761.7958,-1.0,-1.0,1.0,-1.0,0.0,-0.4,0.4,-0.4
9.066666666666666,20.496126,-15.0071745,1.9957478,-0.19180217,0.0040353104,-0.00018845894,0.9814253,0.0071463436,0.0031190584,-0.0021938765,-0.5412765,-0.34403914,0.21759425,20.49382,-15.006179,1.1957519,0.1651542,-0.0713072,-0.62291616,0.54914737,849.1078,-27.9475,-393.2683,79.268265,849.1078,-27.9475,-393.2683,79.268265,1.0,-1.0,-1.0,1.0,33.524375915527344,-0.4,-0.4,0.4
9.083333333333334,20.49608,-15.007271,1.9975543,-0.19208448,0.0037890899,-0.0020478545,0.9813689,0.0046663834,0.0041521117,0.14523244,-0.1039965,0.21061714,-0.025132492,20.493883,-15.0064125,1.1975578,0.15736777,-0.061471716,-0.46718624,0.59012884,126.99824,775.9557,685.8087,-2810.4631,126.99824,775.9557,685.8087,-2810.4631,1.0,1.0,1.0,-1.0,33.524375915527344,0.4,0.4,-0.4
9.1,20.496065,-15.007375,1.9979342,-0.19336295,-0.0015923273,-0.0012278556,0.98112524,0.00289041,0.0055486495,-0.017997678,0.3292486,0.7489767,0.21806467,20.493954,-15.00665,1.1979375,0.15122056,-0.051909447,-0.36883232,0.5737361,-508.72803,328.03757,51.35971,230.98315,-508.72803,328.03757,51.35971,230.98315,-1.0,1.0,1.0,1.0,0.0,0.4,0.4,0.4
9.116666666666667,20.496025,-15.007488,1.9994705,-0.19365266,-0.004527623,-0.0017646758,0.98105806,0.004314159,0.0051200343,0.12894696,-0.102890596,0.22768581,-0.024979033,20.494032,-15.00689,1.1994733,0.1427511,-0.04282529,-0.5081677,0.5450494,168.9722,-335.09048,-1046.1702,-120.67807,168.9722,-335.09048,-1046.1702,-120.67807,1.0,-1.0,-1.0,-1.0,33.524375915527344,-0.4,-0.4,-0.4
9.133333333333333,20.49597,-15.007616,1.9995728,-0.19493335,-0.0034623211,0.00032166668,0.9808103,0.006615692,0.0058326544,-0.034746725,0.32780477,-0.30795458,0.2184142,20.494118,-15.007131,1.199575,0.13264239,-0.03476567,-0.6065225,0.48357722,-477.183,392.39148,-794.1406,282.0753,-477.183,392.39148,-794.1406,282.0753,-1.0,1.0,-1.0,1.0,0.0,0.4,-0.4,0.4
9.15,20.495872,-15.007746,2.0008292,-0.19521806,0.0022349434,0.0015057886,0.98075616,0.009228628,0.0047426634,0.11208595,-0.10156664,-0.82848793,-0.025063183,20.49421,-15.007375,1.200831,0.11911858,-0.026569437,-0.81142855,0.4917738,222.72263,-447.70947,-1.661142,-1786.3202,222.72263,-447.70947,-1.661142,-1786.3202,1.0,-1.0,-1.0,-1.0,33.524375915527344,-0.4,-0.4,-0.4
9.166666666666666,20.49578,-15.007876,2.000657,-0.19352461,0.0053363554,0.0040216646,0.9810726,0.007208,0.0050349236,-0.051235016,0.33057353,-0.28944063,-0.26776007,20.494307,-15.00762,1.2006586,0.105594784,-0.01837321,-0.81142765,0.4917736,-570.76483,86.17885,883.32947,-881.78125,-570.76483,86.17885,883.32947,-881.78125,-1.0,1.0,1.0,-1.0,0.0,0.4,0.4,-0.4
9.183333333333334,20.495733,-15.007952,2.0016465,-0.19282833,0.0043010446,0.0039056477,0.9812153,0.0039648544,0.0030599409,0.09611056,-0.09690985,0.2623438,-0.025037052,20.494408,-15.007864,1.2016476,0.09493968,-0.006283774,-0.63930625,0.7253661,217.52763,-684.93774,501.4303,398.77292,217.52763,-684.93774,501.4303,398.77292,1.0,-1.0,1.0,1.0,33.524375915527344,-0.4,0.4,0.4
9.2,20.495691,-15.008006,2.001202,-0.1940925,0.0061431136,0.0006815304,0.9809637,0.003017698,0.0017451853,-0.06761052,-0.5297878,-0.27667987,0.21772692,20.494514,-15.008113,1.2012031,0.08428457,0.007649812,-0.6393067,0.8360151,-472.5809,-335.82773,-104.37822,255.40103,-472.5809,-335.82773,-104.37822,255.40103,-1.0,-1.0,-1.0,1.0,0.0,-0.4,-0.4,0.4
9.216666666666667,20.495705,-15.008051,2.0019183,-0.19437297,0.0053323735,-0.0011956099,0.98091245,-0.00018721935,0.0028840634,0.079813436,-0.09270248,0.27800608,-0.025054246,20.494625,-15.008358,1.2019192,0.07731777,0.021993209,-0.41800794,0.86060375,258.64554,645.95703,763.96423,-2612.5876,258.64554,645.95703,763.96423,-2612.5876,1.0,1.0,1.0,-1.0,33.524375915527344,0.4,0.4,-0.4
9.233333333333333,20.495754,-15.008097,2.0012078,-0.19565773,-0.00061894447,-0.00040708255,0.9806719,-0.0017502345,0.0038636224,-0.08345922,0.34047413,0.8163468,0.21813537,20.494736,-15.008603,1.2012086,0.072946444,0.03626831,-0.26227933,0.85650593,-391.28275,63.417847,83.562225,184.90138,-391.28275,63.417847,83.562225,184.90138,-1.0,1.0,1.0,1.0,0.0,0.4,0.4,0.4
9.25,20.495789,-15.008149,2.0016532,-0.19595012,-0.004121334,-0.00097065966,0.98060465,-0.00032095192,0.0032367664,0.063455164,-0.091831565,0.29501104,-0.02486485,20.49486,-15.008849,1.2016541,0.066526055,0.050133597,-0.3852233,0.8319172,367.4647,-538.8196,-1018.30566,-119.50626,367.4647,-538.8196,-1018.30566,-119.50626,1.0,-1.0,-1.0,-1.0,33.524375915527344,-0.4,-0.4,-0.4
9.266666666666666,20.495798,-15.008209,2.0006647,-0.19722939,-0.0036275329,0.0010976151,0.98034996,0.0017169705,0.0034706157,-0.1002173,0.33877406,-0.24067393,0.21851878,20.494976,-15.009088,1.2006658,0.058876246,0.06290606,-0.45898852,0.7663475,-263.21576,212.36246,-843.26526,233.69556,-263.21576,212.36246,-843.26526,233.69556,-1.0,1.0,-1.0,1.0,0.0,0.4,-0.4,0.4
9.283333333333333,20.495768,-15.008269,2.0008311,-0.19751163,0.001500652,0.0022731137,0.98029673,0.003599935,0.002115557,0.046678193,-0.09076351,-0.7612642,-0.024934819,20.495096,-15.009328,1.2008324,0.04808454,0.07581512,-0.6475024,0.7745437,534.6245,-692.25,-107.64822,-1718.7704,534.6245,-692.25,-107.64822,-1718.7704,1.0,-1.0,-1.0,-1.0,33.524375915527344,-0.4,-0.4,-0.4
9.3,20.495731,-15.008309,1.9995677,-0.19580105,0.0051101856,-0.00051423215,0.98063016,0.0014418697,0.0017147027,-0.11665053,-0.5219833,-0.22478873,-0.26810184,20.49522,-15.0095625,1.1995689,0.036609817,0.089748725,-0.68848324,0.83601636,-263.9185,-140.62865,867.17065,-847.6394,-263.9185,-140.62865,867.17065,-847.6394,-1.0,-1.0,1.0,-1.0,0.0,-0.4,0.4,-0.4
9.316666666666666,20.495752,-15.0083475,1.9994661,-0.1950919,0.0038488791,-0.0024145732,0.98077434,-0.0012316722,0.0031617978,0.030767279,-0.08529568,0.33234233,-0.024694618,20.49534,-15.009791,1.1994677,0.029506417,0.10340912,-0.426204,0.8196236,646.1604,755.51953,453.87592,461.25555,646.1604,755.51953,453.87592,461.25555,1.0,1.0,1.0,1.0,33.524375915527344,0.4,0.4,0.4
9.333333333333334,20.495789,-15.008403,1.9979323,-0.19638908,0.0040271315,-0.00036440717,0.9805176,-0.0016310785,0.0042364984,-0.13290331,0.34522316,-0.20332791,0.21868445,20.495466,-15.01002,1.1979342,0.02308604,0.11584009,-0.38522264,0.7458584,-53.46362,192.4817,-193.60414,159.09297,-53.46362,192.4817,-193.60414,159.09297,-1.0,1.0,-1.0,1.0,0.0,0.4,-0.4,0.4
9.35,20.495863,-15.008444,1.9975582,-0.19668336,0.0022557632,-0.0005086317,0.9804642,-0.0037913155,0.0039273445,0.014409881,-0.081800014,0.35011643,-0.02486507,20.495594,-15.010238,1.1975605,0.019261133,0.12847596,-0.22949438,0.75815225,743.2215,-641.4909,592.9414,-1315.7883,743.2215,-641.4909,592.9414,-1315.7883,1.0,-1.0,1.0,-1.0,33.524375915527344,-0.4,0.4,-0.4
9.366666666666667,20.495958,-15.00849,1.9996356,-0.19797441,0.0021740415,0.0015429136,0.9802035,-0.0034877607,0.005353498,0.16138881,0.3520194,-0.16857775,0.21849956,20.495724,-15.010444,1.1996379,0.016802266,0.13995071,-0.14753199,0.68848455,89.78042,13.438117,-308.24854,154.96388,89.78042,13.438117,-308.24854,154.96388,1.0,1.0,-1.0,1.0,33.524375915527344,0.4,-0.4,0.4
9.383333333333333,20.496061,-15.00853,2.0002837,-0.1982708,0.00021667614,0.0013948629,0.9801462,-0.005098576,0.0044252737,-0.0019651074,-0.078418046,0.36786258,-0.0250312,20.49585,-15.010649,1.2002867,0.01516302,0.15176699,-0.09835476,0.7089766,-657.8385,-794.14124,583.10345,-620.96136,-657.8385,-794.14124,583.10345,-620.96136,-1.0,-1.0,1.0,-1.0,0.0,-0.4,0.4,-0.4
9.4,20.496151,-15.008553,2.0020874,-0.19955239,0.0010731611,-0.0018366593,0.9798848,-0.0042375503,0.0026340205,0.14497764,-0.50801504,-0.15424103,0.21770689,20.495977,-15.010842,1.202091,0.0124309445,0.16399308,-0.16392453,0.73356533,65.37004,-162.60715,-507.06924,161.7945,65.37004,-162.60715,-507.06924,161.7945,1.0,-1.0,-1.0,1.0,33.524375915527344,-0.4,-0.4,0.4
9.416666666666666,20.496252,-15.008579,2.0024626,-0.19983518,-0.0006546351,-0.003744329,0.97982216,-0.0052118837,0.004152275,-0.01828547,-0.07463482,0.38338625,-0.025168132,20.496107,-15.011033,1.2024666,0.010381888,0.17574105,-0.1229434,0.7048782,-642.6287,752.6037,514.89746,-1749.6709,-642.6287,752.6037,514.89746,-1749.6709,-1.0,1.0,1.0,-1.0,0.0,0.4,0.4,-0.4
9.433333333333334,20.496353,-15.008646,2.003995,-0.20111692,-0.0010304092,-0.0016856665,0.9795652,-0.0037082313,0.0063837282,0.12869085,0.3591886,-0.13539198,0.21819976,20.49624,-15.011209,1.2039994,0.008059624,0.1835275,-0.13933583,0.46718714,101.387794,318.5366,-624.0593,126.078964,101.387794,318.5366,-624.0593,126.078964,1.0,1.0,-1.0,1.0,33.524375915527344,0.4,-0.4,0.4
9.45,20.496452,-15.008716,2.004098,-0.2014032,-0.0032714077,-0.0018371443,0.97950125,-0.0039334465,0.0062604826,-0.034663424,-0.07135844,0.40108693,-0.025312962,20.49637,-15.011381,1.2041026,0.005873963,0.19090414,-0.13113965,0.44259843,-645.05115,-497.69278,271.35132,-568.8356,-645.05115,-497.69278,271.35132,-568.8356,-1.0,-1.0,1.0,-1.0,0.0,-0.4,0.4,-0.4
9.466666666666667,20.496525,-15.008813,2.0053577,-0.2026771,-0.0037974177,0.0002210784,0.9792382,-0.0016618394,0.007572696,0.112306386,0.36245012,-0.11773611,0.21806996,20.4965,-15.011539,1.2053624,0.0017758493,0.19527549,-0.2458868,0.26228067,107.08657,254.6019,-875.06885,145.155,107.08657,254.6019,-875.06885,145.155,1.0,1.0,-1.0,1.0,33.524375915527344,0.4,-0.4,0.4
9.483333333333333,20.496574,-15.008917,2.0051832,-0.20296092,0.00038908565,0.0014099757,0.97918576,-1.238985e-05,0.006639872,-0.051427674,-0.07063973,-0.6553633,-0.025337871,20.496634,-15.011694,1.205188,-0.004234717,0.19889551,-0.36063397,0.2172017,-632.75793,-582.30975,-82.92645,-653.5846,-632.75793,-582.30975,-82.92645,-653.5846,-1.0,-1.0,-1.0,-1.0,0.0,-0.4,-0.4,-0.4
9.5,20.496637,-15.009013,2.0061688,-0.2012674,0.0018980881,0.0039052195,0.9795267,-0.0012398469,0.0072327657,0.09595028,0.36495787,-0.09943576,-0.2680954,20.496767,-15.011838,1.206174,-0.009289057,0.20231064,-0.30326036,0.20490734,63.66307,7.5780654,796.1979,-670.2058,63.66307,7.5780654,796.1979,-670.2058,1.0,1.0,1.0,-1.0,33.524375915527344,0.4,0.4,-0.4
9.516666666666666,20.496716,-15.009089,2.0057268,-0.20057611,-0.000636364,0.0037468718,0.97967076,-0.0026551015,0.0052583255,-0.06739497,-0.06514391,0.43514952,-0.025294797,20.4969,-15.011975,1.2057319,-0.013250567,0.20668198,-0.23769058,0.26228067,-546.20776,-765.88257,251.18507,439.85498,-546.20776,-765.88257,251.18507,439.85498,-1.0,-1.0,1.0,1.0,0.0,-0.4,0.4,0.4
9.533333333333333,20.496767,-15.00913,2.0064406,-0.20185964,-0.00034019107,0.00051409885,0.9794143,-0.0016912075,0.0030332187,0.079549305,-0.4947667,-0.08703819,0.21740551,20.49703,-15.012098,1.2064462,-0.018851323,0.21262428,-0.33604535,0.35653797,157.7571,-277.65527,-736.35785,159.32239,157.7571,-277.65527,-736.35785,159.32239,1.0,-1.0,-1.0,1.0,33.524375915527344,-0.4,-0.4,0.4
9.55,20.49683,-15.009168,2.0057259,-0.20214652,-0.0026338531,-0.00140436,0.9793507,-0.002001097,0.0038846899,-0.08370611,-0.061586738,0.45061153,-0.025519311,20.497166,-15.012215,1.2057319,-0.024042265,0.21822508,-0.31145653,0.33604768,-562.81305,631.7085,206.93822,-1655.018,-562.81305,631.7085,206.93822,-1655.018,-1.0,1.0,1.0,-1.0,0.0,0.4,0.4,-0.4
9.566666666666666,20.496866,-15.009236,2.006168,-0.20341882,-0.0035810973,0.00064852287,0.979085,3.178115e-05,0.0048848297,0.0632722,0.37214592,-0.06822446,0.21787763,20.497297,-15.0123205,1.2061743,-0.030872455,0.22088887,-0.40981135,0.15982746,276.57663,201.07095,-974.1634,129.32431,276.57663,201.07095,-974.1634,129.32431,1.0,1.0,-1.0,1.0,33.524375915527344,0.4,-0.4,0.4
9.583333333333334,20.496874,-15.009309,2.0051763,-0.20369987,0.0001845878,0.0018346516,0.97903156,0.0012385319,0.0037804414,-0.10047351,-0.061084777,-0.6059106,-0.025506366,20.497423,-15.012419,1.2051829,-0.039341893,0.22273304,-0.50816625,0.110650055,-464.65204,-656.7398,-275.1896,-532.64746,-464.65204,-656.7398,-275.1896,-532.64746,-1.0,-1.0,-1.0,-1.0,0.0,-0.4,-0.4,-0.4
9.6,20.496893,-15.009359,2.0053434,-0.20199649,0.0023863798,-0.00095340033,0.9793828,-0.0001059114,0.0027109806,0.046869904,-0.48873663,-0.05252254,-0.26877698,20.497553,-15.012505,1.2053498,-0.047264915,0.22526023,-0.47538128,0.15163152,305.53278,-36.131252,675.1352,-555.45746,305.53278,-36.131252,675.1352,-555.45746,1.0,-1.0,1.0,-1.0,33.524375915527344,-0.4,0.4,-0.4
9.616666666666667,20.496927,-15.009404,2.004084,-0.20128381,-0.00021508783,-0.002877196,0.9795286,-0.0010189652,0.004070865,-0.11637792,-0.05486965,0.48743784,-0.025496248,20.497675,-15.012585,1.204091,-0.05354869,0.2277874,-0.37702647,0.15163063,-298.8802,760.56854,209.51913,590.24304,-298.8802,760.56854,209.51913,590.24304,-1.0,1.0,1.0,1.0,0.0,0.4,0.4,0.4
9.633333333333333,20.496962,-15.009481,2.003981,-0.2025604,-0.0014747195,-0.000833344,0.97926825,0.00033889338,0.0056108437,0.030596951,0.37879658,-0.031375647,0.21790767,20.497795,-15.012646,1.2039878,-0.059695866,0.22662626,-0.36883053,-0.06966858,487.7867,298.64005,-907.5889,105.48166,487.7867,298.64005,-907.5889,105.48166,1.0,1.0,-1.0,1.0,33.524375915527344,0.4,-0.4,0.4
9.65,20.49698,-15.009568,2.0024443,-0.20284863,0.0019802446,0.0003401064,0.97920805,0.0007954496,0.005081007,-0.13315141,-0.05456376,-0.56913227,-0.02545699,20.497917,-15.012703,1.2024511,-0.06707247,0.22450891,-0.44259644,-0.12704103,-238.15163,-480.8911,-124.154434,-349.9732,-238.15163,-480.8911,-124.154434,-349.9732,-1.0,-1.0,-1.0,-1.0,0.0,-0.4,-0.4,-0.4
9.666666666666666,20.497026,-15.009651,2.0020678,-0.20116001,0.0027601512,0.00282401,0.97955036,-0.0011434183,0.0058057746,0.014228861,0.38120797,-0.013188094,-0.268223,20.498034,-15.012745,1.2020746,-0.07212682,0.22157189,-0.3032608,-0.17622112,558.1002,143.76062,769.6545,-389.62228,558.1002,143.76062,769.6545,-389.62228,1.0,1.0,1.0,-1.0,33.524375915527344,0.4,0.4,-0.4
9.683333333333334,20.497087,-15.009719,2.0002635,-0.20046784,-0.00050397264,0.0026578736,0.9796965,-0.002137315,0.004136552,-0.14911914,-0.04849738,0.5212407,-0.025370263,20.498146,-15.012782,1.20027,-0.07581512,0.2193862,-0.22129788,-0.13114123,-92.87565,-692.4404,160.0478,391.03925,-92.87565,-692.4404,160.0478,391.03925,-1.0,-1.0,1.0,1.0,0.0,-0.4,0.4,0.4
9.7,20.497133,-15.00976,1.9996148,-0.20175178,-0.00093868823,-0.00058245094,0.979436,-0.0009777315,0.0028100112,-0.0021827994,-0.47819436,-0.0011161566,0.21730821,20.498259,-15.012805,1.1996214,-0.08059626,0.21808846,-0.28686848,-0.07786452,697.9182,-108.43222,-883.8315,115.92946,697.9182,-108.43222,-883.8315,115.92946,1.0,-1.0,-1.0,1.0,33.524375915527344,-0.4,-0.4,0.4
9.716666666666667,20.497171,-15.0098095,2.0014215,-0.2020338,-0.0040697344,-0.0025118939,0.9793669,-0.0020899903,0.0037935658,0.14522065,-0.04188627,0.5535948,-0.025683232,20.498358,-15.012804,1.201428,-0.08496759,0.21446845,-0.26227978,-0.2172008,59.22745,715.14734,1.8667393,-1506.621,59.22745,715.14734,1.8667393,-1506.621,1.0,1.0,1.0,-1.0,33.524375915527344,0.4,0.4,-0.4
9.733333333333333,20.4972,-15.009879,2.0017962,-0.20329817,-0.005783413,-0.00046902557,0.9790996,0.00026112515,0.004817781,-0.018454393,0.38836205,0.017778128,0.21774128,20.498453,-15.0128,1.2018027,-0.089748725,0.20920916,-0.28686804,-0.3155574,-538.7158,335.97702,-1029.6624,300.93152,-538.7158,335.97702,-1029.6624,300.93152,-1.0,1.0,-1.0,1.0,0.0,0.4,-0.4,0.4
9.75,20.497177,-15.009962,2.003325,-0.20358157,-0.0028535174,0.00070059823,0.9790535,0.003639472,0.0039494117,0.12845343,-0.041832626,-0.5030862,-0.025595153,20.498549,-15.012783,1.2033315,-0.098218165,0.20203741,-0.5081664,-0.43030497,87.78107,-419.23047,-624.8797,-443.49152,87.78107,-419.23047,-624.8797,-443.49152,1.0,-1.0,-1.0,-1.0,33.524375915527344,-0.4,-0.4,-0.4
9.766666666666666,20.497147,-15.010048,2.0034246,-0.20485407,-0.0025272984,0.0031815607,0.978784,0.0035671603,0.003941062,-0.0348245,0.39172488,0.03601581,0.2175754,20.498638,-15.012761,1.2034308,-0.10682422,0.19431926,-0.5163632,-0.46308872,-698.95044,253.20657,376.03143,112.67412,-698.95044,253.20657,376.03143,112.67412,-1.0,1.0,1.0,1.0,0.0,0.4,0.4,0.4
9.783333333333333,20.497087,-15.01011,2.0046809,-0.20512708,0.0002468372,0.00435067,0.9787256,0.0054314006,0.0020190645,0.112067714,-0.038516253,-0.48481628,-0.025747972,20.498724,-15.012727,1.2046868,-0.11720613,0.18742073,-0.6229144,-0.4139122,77.08028,-777.0575,-469.1545,-339.4044,77.08028,-777.0575,-469.1545,-339.4044,1.0,-1.0,-1.0,-1.0,33.524375915527344,-0.4,-0.4,-0.4
9.8,20.497019,-15.01015,2.0045075,-0.20639479,0.0015461047,0.0015486062,0.9784663,0.004108577,0.00014355709,-0.05126357,-0.4681971,0.05082339,0.21695088,20.498804,-15.012691,1.2045135,-0.12786125,0.18195654,-0.63930714,-0.32785085,-708.19006,-183.90189,552.7427,113.94573,-708.19006,-183.90189,552.7427,113.94573,-1.0,-1.0,1.0,1.0,0.0,-0.4,0.4,0.4
9.816666666666666,20.496962,-15.010183,2.005491,-0.20667359,0.0045565763,0.00096485426,0.9783988,0.0045638196,0.00068351324,0.09571237,-0.034763813,-0.46872833,-0.025788523,20.498878,-15.012638,1.2054971,-0.13728693,0.17580935,-0.565541,-0.36883143,98.38966,605.4158,-92.07721,-1281.2003,98.38966,605.4158,-92.07721,-1281.2003,1.0,1.0,-1.0,-1.0,33.524375915527344,0.4,-0.4,-0.4
9.833333333333334,20.496922,-15.010221,2.005046,-0.2079615,0.004583296,0.0034355712,0.9781202,0.002078522,0.00092982734,-0.067543276,0.3987228,0.07033649,0.2173834,20.498947,-15.012583,1.2050521,-0.14507338,0.16918403,-0.46718714,-0.39751944,-658.8489,28.512043,835.562,81.06538,-658.8489,28.512043,835.562,81.06538,-1.0,1.0,1.0,1.0,0.0,0.4,0.4,0.4
9.85,20.496922,-15.010212,2.0057619,-0.20826235,0.00049234385,0.003227061,0.9780676,-0.0008072824,-0.00059255084,0.07979355,-0.028963923,0.6238334,-0.025993187,20.499006,-15.012515,1.205768,-0.14930812,0.1649493,-0.25408384,-0.25408384,165.13708,-915.907,119.647194,-303.94708,165.13708,-915.907,119.647194,-303.94708,1.0,-1.0,1.0,-1.0,33.524375915527344,-0.4,0.4,-0.4
9.866666666666667,20.496916,-15.010183,2.005045,-0.20953919,-0.0006776006,-3.4303484e-05,0.97779995,-5.0187344e-05,-0.0018964766,-0.0839533,-0.46192354,0.08447313,0.21667546,20.499062,-15.012445,1.205051,-0.15367945,0.16201231,-0.26227978,-0.17621933,-484.51932,-257.27753,-842.4729,265.41953,-484.51932,-257.27753,-842.4729,265.41953,-1.0,-1.0,-1.0,1.0,0.0,-0.4,-0.4,0.4
9.883333333333333,20.4969,-15.010172,2.0054827,-0.2098223,0.0020487413,-0.0006155666,0.9777372,0.0011103728,-0.00089419994,0.06303624,-0.028569281,-0.43514326,-0.026091756,20.499111,-15.012366,1.2054888,-0.15832399,0.15716286,-0.27867255,-0.2909669,267.26752,616.11346,-248.1793,-1381.813,267.26752,616.11346,-248.1793,-1381.813,1.0,1.0,-1.0,-1.0,33.524375915527344,0.4,-0.4,-0.4
9.9,20.496899,-15.010168,2.0044928,-0.2111014,0.0017816474,0.00184999,0.9774608,-0.00044719898,-0.0004718493,-0.10021611,0.4048414,0.103888035,0.217071,20.499157,-15.012281,1.2044988,-0.1617391,0.15135717,-0.20490645,-0.34834114,-512.4486,143.95076,695.3403,41.96418,-512.4486,143.95076,695.3403,41.96418,-1.0,1.0,1.0,1.0,0.0,0.4,0.4,0.4
9.916666666666666,20.496897,-15.010142,2.0046587,-0.21137832,0.003972139,0.0030222724,0.9773915,-0.00035085384,-0.0016968276,0.046708707,-0.025501907,-0.41689804,-0.026218576,20.499187,-15.012186,1.2046647,-0.16406137,0.14637111,-0.13933627,-0.29916373,366.53326,-824.85693,-118.05349,-322.68683,366.53326,-824.85693,-118.05349,-322.68683,1.0,-1.0,-1.0,-1.0,33.524375915527344,-0.4,-0.4,-0.4
9.933333333333334,20.4969,-15.010096,2.003395,-0.21263273,0.004711427,0.00020943198,0.97712076,-0.0027474025,-0.002502218,-0.11663039,-0.45528287,0.11879711,0.21648759,20.499214,-15.01209,1.2034009,-0.16570061,0.1428194,-0.09835481,-0.21310239,-436.1631,-287.48065,885.34515,20.170904,-436.1631,-287.48065,885.34515,20.170904,-1.0,-1.0,1.0,1.0,0.0,-0.4,0.4,0.4
9.95,20.496956,-15.01004,2.003293,-0.21290234,0.0005856974,-0.0017859489,0.97707164,-0.005011741,-0.0011089761,0.030739559,-0.01949203,0.67348343,-0.026579374,20.49923,-15.011979,1.2032987,-0.16283193,0.13885789,0.17212091,-0.23769109,459.86993,622.44275,270.85834,-1176.4114,459.86993,622.44275,270.85834,-1176.4114,1.0,1.0,1.0,-1.0,33.524375915527344,0.4,0.4,-0.4
9.966666666666667,20.497017,-15.010004,2.0017598,-0.21416596,-0.0021641306,0.00020232788,0.97679484,-0.0036510883,-0.00058491016,-0.13293588,0.41072887,0.13742927,0.21685724,20.499239,-15.011872,1.2017653,-0.15914361,0.13380353,0.22129922,-0.30326125,-178.80592,97.16852,-865.5925,168.79643,-178.80592,97.16852,-865.5925,168.79643,-1.0,1.0,-1.0,1.0,0.0,0.4,-0.4,0.4
9.983333333333333,20.49705,-15.009966,2.001381,-0.21444245,-0.00026160097,0.0013698251,0.97673553,-0.0021829645,-0.0015903844,0.013994736,-0.019663751,-0.3833765,-0.026412578,20.499243,-15.011752,1.2013861,-0.15709455,0.12792955,0.12294351,-0.35243866,618.2636,-683.6144,-413.62552,-356.06244,618.2636,-683.6144,-413.62552,-356.06244,1.0,-1.0,-1.0,-1.0,33.524375915527344,-0.4,-0.4,-0.4
10.0,20.497082,-15.009913,1.999572,-0.21274114,0.0001945979,-0.0014509961,0.97710747,-0.0029667243,-0.0017801775,-0.14935103,-0.45025533,0.15293834,-0.2697261,20.499245,-15.011628,1.1995766,-0.15490888,0.1228069,0.13114034,-0.30735922,-132.49783,-66.914665,579.6823,-13.341115,-132.49783,-66.914665,579.6823,-13.341115,-1.0,-1.0,1.0,-1.0,0.0,-0.4,0.4,-0.4
10.016666666666666,20.49711,-15.009882,1.9989207,-0.21203469,0.0023314035,-0.0020490384,0.9772572,-0.002302241,-0.00032274122,-0.0023457736,-0.01616013,-0.36466107,-0.026241895,20.49923,-15.011496,1.198925,-0.15176699,0.11556688,0.18851368,-0.43440115,797.63367,668.0716,-275.0212,420.2943,797.63367,668.0716,-275.0212,420.2943,1.0,1.0,-1.0,1.0,33.524375915527344,0.4,-0.4,0.4
10.033333333333333,20.497179,-15.009876,2.0007236,-0.21034352,0.001360062,0.000394445,0.9776265,-0.0040810867,0.0018734634,0.14505015,0.4197834,0.19115245,-0.26902002,20.499203,-15.0113535,1.2007277,-0.14493677,0.10579969,0.4098129,-0.5860313,50.819424,268.46838,758.1083,-40.936325,50.819424,268.46838,758.1083,-40.936325,1.0,1.0,1.0,-1.0,33.524375915527344,0.4,0.4,-0.4
10.05,20.497263,-15.009859,2.001099,-0.2096393,-0.003632981,0.00015832995,0.977772,-0.0052440334,0.0010081991,-0.018329836,-0.009174645,0.72540927,-0.026026765,20.49917,-15.011209,1.2011026,-0.13660392,0.096647225,0.49997088,-0.54914784,-519.4295,-581.86084,38.859127,393.63794,-519.4295,-581.86084,38.859127,393.63794,-1.0,-1.0,1.0,1.0,0.0,-0.4,0.4,0.4
10.066666666666666,20.49731,-15.009856,2.0026317,-0.2109012,-0.006922828,0.0021516439,0.9774804,-0.003307234,0.0017011267,0.12864816,0.4241723,0.20638677,0.21743917,20.49913,-15.01106,1.2026347,-0.13032012,0.08619702,0.37702826,-0.6270124,77.12145,109.17263,-1072.7059,144.31473,77.12145,109.17263,-1072.7059,144.31473,1.0,1.0,-1.0,1.0,33.524375915527344,0.4,-0.4,0.4
10.083333333333334,20.497322,-15.009854,2.0027294,-0.21117595,-0.0054919496,0.0033030878,0.97742695,-0.00046787312,-0.00010083904,-0.03507268,-0.009761244,-0.33155388,-0.02579304,20.49908,-15.010906,1.2027321,-0.1259488,0.07533701,0.26227888,-0.6516006,-578.7568,-738.1295,-653.42645,-194.44812,-578.7568,-738.1295,-653.42645,-194.44812,-1.0,-1.0,-1.0,-1.0,0.0,-0.4,-0.4,-0.4
10.1,20.497297,-15.0098295,2.0039861,-0.20949511,-0.005595265,0.00046017117,0.9777935,9.4363e-05,-0.002513798,0.11225311,-0.43685198,0.22157905,-0.26912004,20.499033,-15.010752,1.2039887,-0.12430954,0.066047944,0.0983557,-0.5573438,61.393898,-117.02922,5.400887,-15.990749,61.393898,-117.02922,5.400887,-15.990749,1.0,-1.0,1.0,-1.0,33.524375915527344,-0.4,0.4,-0.4
10.116666666666667,20.49725,-15.009805,2.003811,-0.20879486,-0.003936952,-0.00015692029,0.9779514,0.0025239736,-0.0023670262,-0.05140987,-0.0059711635,-0.31302005,-0.025670188,20.49898,-15.0105915,1.2038132,-0.12389973,0.05634907,0.024588702,-0.5819325,-490.062,550.1645,-760.1579,657.3435,-490.062,550.1645,-760.1579,657.3435,-1.0,1.0,-1.0,1.0,0.0,0.4,-0.4,0.4
10.133333333333333,20.497171,-15.009801,2.0047908,-0.20708923,0.00122909,0.0036520176,0.9783144,0.005092625,-0.0015437297,0.0955634,0.426201,-0.83156204,-0.2684105,20.498919,-15.010427,1.2047929,-0.12512916,0.044874348,-0.073766105,-0.68848324,126.047295,212.7756,-5.042003,-13.182968,126.047295,212.7756,-5.042003,-13.182968,1.0,1.0,-1.0,-1.0,33.524375915527344,0.4,-0.4,-0.4
10.15,20.497087,-15.009787,2.004342,-0.206368,0.004559964,0.0052235937,0.9784499,0.0030897572,-0.0035394595,-0.06778384,-0.0061546564,-0.29666787,-0.026075771,20.498854,-15.010263,1.2043443,-0.12649521,0.03415095,-0.081962936,-0.64340377,-611.1599,-605.1276,855.27905,398.72656,-611.1599,-605.1276,855.27905,398.72656,-1.0,-1.0,1.0,1.0,0.0,-0.4,0.4,0.4
10.166666666666666,20.497044,-15.009708,2.0050533,-0.2046583,0.004148927,0.00236885,0.97882175,8.250028e-05,-0.005703796,0.0795286,-0.43302166,0.25637442,-0.26939183,20.498781,-15.010096,1.2050554,-0.12444614,0.02773057,0.12294441,-0.38522285,111.15171,-455.44608,726.07477,-24.602722,111.15171,-455.44608,726.07477,-24.602722,1.0,-1.0,1.0,-1.0,33.524375915527344,-0.4,0.4,-0.4
10.183333333333334,20.497005,-15.009624,2.0043335,-0.20394358,0.0055123,0.0017224171,0.9789656,-0.0007762746,-0.005455299,-0.08413388,-0.0021658987,-0.27815452,-0.025964068,20.498703,-15.009928,1.2043356,-0.121577464,0.021788303,0.17212047,-0.35653597,-454.7853,430.32996,-26.651758,580.8398,-454.7853,430.32996,-26.651758,580.8398,-1.0,1.0,-1.0,1.0,0.0,0.4,-0.4,0.4
10.2,20.497013,-15.009511,2.004772,-0.2022283,0.004942818,-0.0011279031,0.97932523,-0.0038172184,-0.0062681017,0.06316127,-0.42889267,0.27480525,-0.2692651,20.498617,-15.009759,1.2047738,-0.11488386,0.017758492,0.40161607,-0.24178861,217.23476,-268.01056,876.0616,-66.31648,217.23476,-268.01056,876.0616,-66.31648,1.0,-1.0,1.0,-1.0,33.524375915527344,-0.4,0.4,-0.4
10.216666666666667,20.497057,-15.009394,2.0037832,-0.20150225,-0.0004321417,-0.003105183,0.979483,-0.0050719003,-0.004833319,-0.10014556,0.0061905384,0.81474835,-0.026180405,20.498533,-15.009592,1.2037848,-0.10573139,0.014206794,0.54914826,-0.21310188,-366.70837,623.6065,155.08269,522.0637,-366.70837,623.6065,155.08269,522.0637,-1.0,1.0,1.0,1.0,0.0,0.4,0.4,0.4
10.233333333333333,20.497091,-15.009311,2.0039525,-0.20276153,-0.0044651637,-0.0011146661,0.97921723,-0.0035158573,-0.0032282812,0.046852197,0.43926215,0.2958426,0.21729405,20.498442,-15.009421,1.2039537,-0.096715525,0.007923019,0.5409519,-0.37702647,353.94418,155.67793,-1050.6442,88.446236,353.94418,155.67793,-1050.6442,88.446236,1.0,1.0,-1.0,1.0,33.524375915527344,0.4,-0.4,0.4
10.25,20.4971,-15.00924,2.002687,-0.20304254,-0.0037783955,-6.3728116e-06,0.97916263,-0.0013339365,-0.0039673066,-0.116872475,0.004897088,-0.24238929,-0.02588864,20.498343,-15.0092535,1.202688,-0.088929094,0.0009562265,0.4671858,-0.41800752,-283.79465,-625.79956,-658.66486,-214.25133,-283.79465,-625.79956,-658.66486,-214.25133,-1.0,-1.0,-1.0,-1.0,0.0,-0.4,-0.4,-0.4
10.266666666666666,20.497097,-15.009175,2.0025814,-0.20133495,-0.005765252,0.0024021026,0.97950256,-0.00092227024,-0.0035583745,0.030554403,0.44126505,0.3135689,-0.26863855,20.498245,-15.009081,1.2025822,-0.08223551,-0.0067618876,0.40161517,-0.4630868,488.39758,63.702065,16.134344,-71.3461,488.39758,63.702065,16.134344,-71.3461,1.0,1.0,1.0,-1.0,33.524375915527344,0.4,0.4,-0.4
10.283333333333333,20.49707,-15.009107,2.0010433,-0.20062296,-0.005212133,0.0035060782,0.9796483,0.0014020402,-0.0057647442,-0.13316585,0.008711338,-0.22701088,-0.025579523,20.498146,-15.008907,1.2010441,-0.077044554,-0.014275095,0.3114572,-0.45079243,-167.5525,-656.4831,-729.0967,383.36584,-167.5525,-656.4831,-729.0967,383.36584,-1.0,-1.0,-1.0,1.0,0.0,-0.4,-0.4,0.4
10.3,20.496983,-15.009016,2.0006592,-0.19891702,0.00035489182,0.001965025,0.98001426,0.0033182036,-0.007712171,0.013703187,-0.42222708,-0.748759,-0.2686942,20.49804,-15.008738,1.2006602,-0.07567852,-0.019944152,0.08196204,-0.34014335,604.95874,-278.89087,-266.1684,-47.570694,604.95874,-278.89087,-266.1684,-47.570694,1.0,-1.0,-1.0,-1.0,33.524375915527344,-0.4,-0.4,-0.4
10.316666666666666,20.496897,-15.00892,1.9988464,-0.19820996,0.0033188711,0.0017272548,0.98015237,0.0013382626,-0.007494586,-0.14957355,0.009420723,-0.20806067,-0.024975406,20.49793,-15.008568,1.1988474,-0.07403927,-0.025203397,0.09835481,-0.3155547,-119.6423,589.8855,682.3507,393.05786,-119.6423,589.8855,682.3507,393.05786,-1.0,1.0,1.0,1.0,0.0,0.4,0.4,0.4
10.333333333333334,20.49685,-15.008799,1.9981946,-0.19650808,0.0021421732,-0.0011425753,0.98049915,-0.00067943335,-0.008143931,-0.0022897883,-0.41696435,0.34466064,-0.26829064,20.49782,-15.008402,1.1981953,-0.069531344,-0.028413588,0.27047572,-0.19261143,745.40027,-255.54005,472.28027,-77.602554,745.40027,-255.54005,472.28027,-77.602554,1.0,-1.0,1.0,-1.0,33.524375915527344,-0.4,0.4,-0.4
10.35,20.49682,-15.008688,1.9999943,-0.19580619,0.0026464465,-0.001814465,0.9806373,-0.00033719745,-0.0069663576,0.14469784,0.017318264,-0.17286092,-0.02490608,20.4977,-15.008238,1.1999948,-0.062974356,-0.0322385,0.39341924,-0.2294946,153.75728,549.12354,-354.87173,516.2751,153.75728,549.12354,-354.87173,516.2751,1.0,1.0,-1.0,1.0,33.524375915527344,0.4,-0.4,0.4
10.366666666666667,20.49681,-15.008586,2.0003655,-0.19709653,0.00019212562,0.0006024718,0.9803838,-0.0019064473,-0.0057390854,-0.018525358,0.45089954,0.36659473,0.21828276,20.49758,-15.008073,1.2003663,-0.055051334,-0.03674642,0.47538128,-0.27047527,-608.33093,37.976868,622.99097,112.286354,-608.33093,37.976868,622.99097,112.286354,-1.0,1.0,1.0,1.0,0.0,0.4,0.4,0.4
10.383333333333333,20.496788,-15.008475,2.0018926,-0.19738996,0.00018206298,0.0016824261,0.98032355,-0.0009759583,-0.006558259,0.12840357,0.019594893,-0.15492252,-0.024859276,20.49745,-15.007912,1.2018934,-0.04740152,-0.040366422,0.45898876,-0.21720013,132.41379,-914.524,-478.19174,-226.89166,132.41379,-914.524,-478.19174,-226.89166,1.0,-1.0,-1.0,-1.0,33.524375915527344,-0.4,-0.4,-0.4
10.4,20.496767,-15.008349,2.0019903,-0.1986747,-0.0013319706,-0.0011936304,0.9800638,-0.001899766,-0.007701743,-0.034975104,-0.40978068,0.3802659,0.21781707,20.497324,-15.007754,1.201991,-0.039888307,-0.042620383,0.45079282,-0.13523763,-624.85187,-309.13937,383.1958,117.21804,-624.85187,-309.13937,383.1958,117.21804,-1.0,-1.0,1.0,1.0,0.0,-0.4,0.4,0.4
10.416666666666666,20.49673,-15.008244,2.0032449,-0.19896623,-0.0011128685,-0.0018781876,0.9800039,-0.00033075176,-0.0064826477,0.11201135,0.022283256,-0.13917035,-0.025122488,20.49719,-15.007596,1.2032455,-0.032921515,-0.046376992,0.4180075,-0.22539651,132.50398,512.7604,-641.7543,-327.94794,132.50398,512.7604,-641.7543,-327.94794,1.0,1.0,-1.0,-1.0,33.524375915527344,0.4,-0.4,-0.4
10.433333333333334,20.496702,-15.008151,2.0030713,-0.20024225,-0.003857793,0.00052012346,0.97973865,-0.00053308136,-0.005671732,-0.051209267,0.45579797,0.40024465,0.21807958,20.497057,-15.007438,1.203072,-0.025408303,-0.051089823,0.4507927,-0.28276986,-582.30597,77.83208,211.65665,101.4585,-582.30597,77.83208,211.65665,101.4585,-1.0,1.0,1.0,1.0,0.0,0.4,0.4,0.4
10.45,20.496632,-15.008059,2.004054,-0.20052977,-0.004153846,0.0015846879,0.97967744,0.0017937543,-0.00682556,0.09572649,0.024435855,-0.12129388,-0.025046716,20.496922,-15.007287,1.2040544,-0.020763775,-0.05525624,0.27867165,-0.249985,173.2068,-781.1682,-785.6475,-234.85666,173.2068,-781.1682,-785.6475,-234.85666,1.0,-1.0,-1.0,-1.0,33.524375915527344,-0.4,-0.4,-0.4
10.466666666666667,20.496534,-15.007957,2.003602,-0.20181233,0.0006420131,1.7062835e-05,0.979424,0.0032387273,-0.00807341,-0.06806904,-0.40837955,-0.6606358,0.21780044,20.496792,-15.0071335,1.2036026,-0.018441511,-0.05901285,0.13933583,-0.22539651,-559.6652,-219.07883,-208.75154,124.109184,-559.6652,-219.07883,-208.75154,124.109184,-1.0,-1.0,-1.0,1.0,0.0,-0.4,-0.4,0.4
10.483333333333333,20.496452,-15.007857,2.0043101,-0.20210506,0.0027657158,-0.00022168447,0.9793598,0.0019479906,-0.0070883054,0.07931324,0.029811643,-0.104806356,-0.024806939,20.496656,-15.006983,1.2043108,-0.014616605,-0.06263285,0.22949438,-0.21720013,198.77599,497.11038,815.4733,-4237.2456,198.77599,497.11038,815.4733,-4237.2456,1.0,1.0,1.0,-1.0,33.524375915527344,0.4,0.4,-0.4
10.5,20.49639,-15.007745,2.0035903,-0.20337878,0.0008366613,-0.003109751,0.9790948,0.0005929773,-0.007223726,-0.08404977,-0.39962268,0.4304262,0.21784991,20.496521,-15.006834,1.2035906,-0.0094256615,-0.06522832,0.3114566,-0.15572815,-519.9011,-150.85277,414.68408,79.548386,-519.9011,-150.85277,414.68408,79.548386,-1.0,-1.0,1.0,1.0,0.0,-0.4,0.4,0.4
10.516666666666666,20.496334,-15.007668,2.0040276,-0.20366743,0.00063270854,-0.0037968943,0.9790326,0.0015614056,-0.005127243,0.06294269,0.03232521,-0.08906506,-0.025103893,20.496386,-15.006689,1.2040282,-0.0036883021,-0.07007776,0.34424156,-0.29096645,310.27954,625.25824,-587.3657,-311.10532,310.27954,625.25824,-587.3657,-311.10532,1.0,1.0,-1.0,-1.0,33.524375915527344,0.4,-0.4,-0.4
10.533333333333333,20.496288,-15.00761,2.0030365,-0.2049412,-0.0025515575,-0.0014174588,0.97876984,0.0012365237,-0.0038936762,-0.10027609,0.46573836,0.45029426,0.21812211,20.496246,-15.006549,1.2030375,0.0030052832,-0.076020025,0.40161508,-0.35653573,-415.30533,284.60422,238.24658,52.52966,-415.30533,284.60422,238.24658,52.52966,-1.0,1.0,1.0,1.0,0.0,0.4,0.4,0.4
10.55,20.496218,-15.007565,2.0032015,-0.2052292,-0.0032780347,-0.00036023595,0.9787084,0.003289511,-0.0044091283,0.046655025,0.034306586,-0.07122772,-0.024993777,20.496113,-15.006414,1.2032026,0.0075132083,-0.08237211,0.2704755,-0.38112488,403.8743,-584.458,-829.22644,-237.9846,403.8743,-584.458,-829.22644,-237.9846,1.0,-1.0,-1.0,-1.0,33.524375915527344,-0.4,-0.4,-0.4
10.566666666666666,20.496124,-15.007531,2.0019326,-0.20650257,-3.3047305e-05,0.0033619474,0.9784403,0.004251348,-0.0046422053,-0.11700408,0.46435297,-0.60648805,0.218263,20.495975,-15.00628,1.2019337,0.010655095,-0.08961212,0.18851317,-0.4344007,-312.65128,39.624035,-227.77074,75.30576,-312.65128,39.624035,-227.77074,75.30576,-1.0,1.0,-1.0,1.0,0.0,0.4,-0.4,0.4
10.583333333333334,20.496038,-15.007458,2.0018234,-0.20678483,0.0012736549,0.004876764,0.9783734,0.0028063417,-0.0066703837,0.03032724,0.038966306,-0.052605454,-0.025513781,20.495844,-15.00615,1.2018245,0.013933586,-0.09364194,0.19670945,-0.24178906,470.48776,-905.7286,691.41895,-2946.8218,470.48776,-905.7286,691.41895,-2946.8218,1.0,-1.0,1.0,-1.0,33.524375915527344,-0.4,0.4,-0.4
10.6,20.495955,-15.007356,2.000286,-0.20806973,-0.001076182,0.0019662175,0.9781114,0.0019401158,-0.0083188685,-0.1330259,-0.3905303,0.4826727,0.21712843,20.495707,-15.006023,1.2002873,0.017758492,-0.09541779,0.22949438,-0.10655119,-231.1252,-632.70636,123.47341,67.99316,-231.1252,-632.70636,123.47341,67.99316,-1.0,-1.0,1.0,1.0,0.0,-0.4,0.4,0.4
10.616666666666667,20.49586,-15.007253,1.9999058,-0.20835559,-0.0017162331,0.0012607472,0.97805077,0.003295862,-0.008083312,0.013965625,0.04126747,-0.036904104,-0.025844611,20.495579,-15.005905,1.1999072,0.020080756,-0.09651062,0.13933583,-0.06556972,619.882,283.9491,-944.14856,-330.86295,619.882,283.9491,-944.14856,-330.86295,1.0,1.0,-1.0,-1.0,33.524375915527344,0.4,-0.4,-0.4
10.633333333333333,20.495739,-15.007149,1.9980911,-0.20962635,0.0023751692,-0.0002805151,0.9777787,0.0034682825,-0.008705204,-0.14983766,-0.3914954,-0.57625484,0.21699543,20.495447,-15.005791,1.1980922,0.02090038,-0.09726194,0.049177404,-0.045079436,-35.214317,-267.62085,-233.2119,56.142338,-35.214317,-267.62085,-233.2119,56.142338,-1.0,-1.0,-1.0,1.0,0.0,-0.4,-0.4,0.4
10.65,20.49565,-15.007045,1.9974366,-0.20991142,0.0037847636,-0.0005155672,0.97771287,0.0013886271,-0.007413194,-0.002448607,0.04631287,-0.020455291,-0.025660468,20.495314,-15.00568,1.1974379,0.024042265,-0.097740054,0.18851313,-0.02868667,733.9506,490.29456,816.6915,-4037.7434,733.9506,490.29456,816.6915,-4037.7434,1.0,1.0,1.0,-1.0,33.524375915527344,0.4,0.4,-0.4
10.666666666666666,20.495619,-15.0069275,1.9992379,-0.21117266,0.0010542203,-0.0034351873,0.9774421,-0.0014218756,-0.008201195,0.14484188,-0.37987357,0.5318259,0.21698087,20.49519,-15.005578,1.1992394,0.030735852,-0.096647225,0.40161517,0.06556972,124.07863,-182.70213,324.86282,4.4752407,124.07863,-182.70213,324.86282,4.4752407,1.0,-1.0,1.0,1.0,33.524375915527344,-0.4,0.4,0.4
10.683333333333334,20.495586,-15.006822,1.9996072,-0.21145043,0.00010434445,-0.0041416553,0.97737986,-0.00059923483,-0.0062156557,-0.018824058,0.048471756,-0.0047477353,-0.026020521,20.495062,-15.005479,1.1996086,0.037566043,-0.096169114,0.40981144,0.02868667,-497.83972,570.66815,-548.8229,-176.91461,-497.83972,570.66815,-548.8229,-176.91461,-1.0,1.0,-1.0,-1.0,0.0,0.4,-0.4,-0.4
10.7,20.495567,-15.006756,2.0011365,-0.20973955,-0.0039084326,-0.0018064104,0.9777478,-0.0016781907,-0.0035491465,0.12860715,0.48509425,0.55112463,-0.26873773,20.494934,-15.005384,1.2011381,0.04535246,-0.098218165,0.4671849,-0.122943066,164.17346,207.31549,29.822645,-23.043196,164.17346,207.31549,29.822645,-23.043196,1.0,1.0,1.0,-1.0,33.524375915527344,0.4,0.4,-0.4
10.716666666666667,20.495543,-15.006697,2.0012336,-0.20902978,-0.0053719245,-0.00074766687,0.97789425,0.0006201584,-0.0041330075,-0.035116564,0.053442325,0.010157149,-0.02551158,20.49481,-15.005293,1.2012353,0.05245586,-0.10054044,0.42620412,-0.13933627,-467.06183,-501.26837,-771.32385,382.92337,-467.06183,-501.26837,-771.32385,382.92337,-1.0,-1.0,-1.0,1.0,0.0,-0.4,-0.4,0.4
10.733333333333333,20.495462,-15.006658,2.0024855,-0.21029168,-0.0029455372,0.0030020743,0.9776296,0.0036952947,-0.0033841794,0.11190025,0.4867497,-0.5082908,0.21777877,20.494688,-15.00521,1.2024873,0.055461146,-0.103682324,0.18031707,-0.18851323,171.40091,13.895566,-547.6076,16.208836,171.40091,13.895566,-547.6076,16.208836,1.0,1.0,-1.0,1.0,33.524375915527344,0.4,-0.4,0.4
10.75,20.495377,-15.006612,2.002308,-0.21056956,-0.0023755317,0.0045328,0.97756547,0.0035117548,-0.005263514,-0.051423047,0.05777272,0.028648973,-0.025923062,20.49457,-15.005127,1.2023101,0.057783406,-0.10634611,0.1393356,-0.15982701,-576.4641,-909.41833,406.76038,-2147.2312,-576.4641,-909.41833,406.76038,-2147.2312,-1.0,-1.0,1.0,-1.0,0.0,-0.4,0.4,-0.4
10.766666666666666,20.49525,-15.006524,2.0032864,-0.21183184,0.0010532673,0.0030193536,0.9773008,0.0050497865,-0.00805686,0.09544594,-0.37169427,-0.4938469,0.21691443,20.494452,-15.005051,1.2032881,0.05723699,-0.105526485,-0.03278486,0.049177404,161.35222,-554.3547,-429.9237,40.307407,161.35222,-554.3547,-429.9237,40.307407,1.0,-1.0,-1.0,1.0,33.524375915527344,-0.4,-0.4,0.4
10.783333333333333,20.495134,-15.006429,2.0028355,-0.21211378,0.0018667529,0.0028038735,0.9772391,0.003567555,-0.008097634,-0.06782061,0.06252044,0.045016855,-0.025812346,20.494339,-15.004975,1.2028371,0.056963786,-0.10409214,-0.016392319,0.08606046,-546.47925,128.65535,719.7846,-3215.0654,-546.47925,128.65535,719.7846,-3215.0654,-1.0,1.0,1.0,-1.0,0.0,0.4,0.4,-0.4
10.8,20.495022,-15.0063095,2.0035415,-0.21337283,0.005153234,0.0013004703,0.97695637,0.003658223,-0.009896644,0.079043075,-0.36693218,-0.47745907,0.21703444,20.49423,-15.004913,1.2035431,0.056690577,-0.099994026,-0.016392542,0.24588703,235.21861,-537.91693,-123.69973,9.505035,235.21861,-537.91693,-123.69973,9.505035,1.0,-1.0,-1.0,1.0,33.524375915527344,-0.4,-0.4,0.4
10.816666666666666,20.494926,-15.006183,2.002818,-0.21365543,0.0058244932,0.0010945642,0.97689104,0.0009824522,-0.009093908,-0.08421309,0.06721601,0.061399847,-0.025710303,20.494123,-15.004849,1.2028198,0.0575102,-0.09548609,0.049177404,0.27047616,-511.6496,117.8659,946.2354,-3011.7434,-511.6496,117.8659,946.2354,-3011.7434,-1.0,1.0,1.0,-1.0,0.0,0.4,0.4,-0.4
10.833333333333334,20.494879,-15.006033,2.003256,-0.21195063,0.0023980937,-0.001797416,0.9772757,-0.0019772334,-0.009697794,0.063073434,-0.3588416,0.61409724,-0.26906285,20.494019,-15.004797,1.2032577,0.061608322,-0.08851928,0.24588725,0.4180084,318.5784,-507.62854,264.58142,-38.60746,318.5784,-507.62854,264.58142,-38.60746,1.0,-1.0,1.0,-1.0,33.524375915527344,-0.4,0.4,-0.4
10.85,20.494843,-15.005887,2.002262,-0.2112405,0.000727832,-0.0024552033,0.9774307,-0.0014283126,-0.008322973,-0.10059567,0.07289984,0.0789908,-0.0257841,20.493916,-15.004745,1.2022638,0.06638946,-0.081825696,0.28686804,0.40161517,-277.59186,367.62317,-764.32855,496.11414,-277.59186,367.62317,-764.32855,496.11414,-1.0,1.0,-1.0,1.0,0.0,0.4,-0.4,0.4
10.866666666666667,20.494806,-15.005759,2.0024228,-0.20954911,0.0037177287,-0.0039383722,0.9777831,-0.0006035697,-0.008021817,0.046296965,-0.35747638,-0.4431603,-0.2689021,20.49382,-15.004696,1.2024243,0.07062418,-0.07615663,0.2540834,0.34014386,469.92004,-134.4732,-166.6107,-54.507854,469.92004,-134.4732,-166.6107,-54.507854,1.0,-1.0,-1.0,-1.0,33.524375915527344,-0.4,-0.4,-0.4
10.883333333333333,20.494781,-15.005637,2.0011544,-0.20884687,0.004085145,-0.004140186,0.97793096,-0.00248096,-0.005869131,-0.11695238,0.07506587,0.097277746,-0.025436515,20.493725,-15.004647,1.2011559,0.07567852,-0.070897385,0.30326036,0.3155547,-252.89148,761.4649,660.2359,415.26593,-252.89148,761.4649,660.2359,415.26593,-1.0,1.0,1.0,1.0,0.0,0.4,0.4,0.4
10.9,20.494812,-15.00555,2.001048,-0.20714897,-0.00079961214,-0.001747525,0.9783074,-0.0041735494,-0.0035520843,0.030461796,0.51193714,0.65324867,-0.26814345,20.493635,-15.004609,1.2010498,0.08428457,-0.06741398,0.5163627,0.20900442,578.7715,25.958012,171.61476,-87.82044,578.7715,25.958012,171.61476,-87.82044,1.0,1.0,1.0,-1.0,33.524375915527344,0.4,0.4,-0.4
10.916666666666666,20.494837,-15.005466,1.9995093,-0.20644648,-0.0031374285,-0.0006371326,0.9784527,-0.002409499,-0.0042694,-0.13327707,0.08054353,0.111956835,-0.024793841,20.493544,-15.004572,1.1995109,0.09261741,-0.064067185,0.49997044,0.20080759,-155.78076,-678.0157,-716.9584,310.85013,-155.78076,-678.0157,-716.9584,310.85013,-1.0,-1.0,-1.0,1.0,0.0,-0.4,-0.4,0.4
10.933333333333334,20.49482,-15.005387,1.9991248,-0.2047644,-0.0004383479,-0.002136151,0.9788088,-0.0005169967,-0.0047533005,0.013629688,-0.34986588,-0.4104066,-0.26792267,20.493458,-15.004536,1.1991264,0.09753515,-0.060993604,0.29506442,0.18441482,695.49536,-176.06903,-510.3528,-47.90436,695.49536,-176.06903,-510.3528,-47.90436,1.0,-1.0,-1.0,-1.0,33.524375915527344,-0.4,-0.4,-0.4
10.95,20.494808,-15.005333,2.0011945,-0.20406905,-0.00046190154,-0.0023359954,0.9789536,-0.0013077036,-0.0033673428,0.16102903,0.086303994,0.14703955,-0.024482034,20.49338,-15.004506,1.2011964,0.10231629,-0.059217755,0.28686848,0.10655097,19.837828,710.69464,413.83264,427.1885,19.837828,710.69464,413.83264,427.1885,1.0,1.0,1.0,1.0,33.524375915527344,0.4,0.4,0.4
10.966666666666667,20.49479,-15.005279,2.001832,-0.20535995,0.0020432228,-0.0038420889,0.9786768,-0.00019038445,-0.0034388683,-0.0027195963,-0.34670627,-0.39271814,0.21834186,20.493303,-15.004476,1.201834,0.10641441,-0.0575102,0.24588703,0.102453224,-630.13324,-44.757225,-133.78767,158.78732,-630.13324,-44.757225,-133.78767,158.78732,-1.0,-1.0,-1.0,1.0,0.0,-0.4,-0.4,0.4
10.983333333333333,20.494781,-15.005229,1.9997461,-0.20565486,0.001983918,-0.0040336144,0.9786142,-0.001385636,-0.0012114735,-0.16597155,0.08737213,0.14638688,-0.024453325,20.49323,-15.004446,1.1997479,0.11105894,-0.05607586,0.2786721,0.08606046,-61.92749,726.5079,715.46344,-2878.912,-61.92749,726.5079,715.46344,-2878.912,-1.0,1.0,1.0,-1.0,0.0,0.4,0.4,-0.4
11.0,20.494795,-15.00522,1.9988172,-0.2039835,0.0032644386,-0.00025798462,0.97896886,-0.0011322746,0.00056549814,-0.018960608,0.51963806,-0.3724566,-0.2671248,20.493166,-15.004421,1.1988192,0.116659716,-0.05723699,0.33604634,-0.06966791,815.4786,154.20264,-99.205826,-87.03239,815.4786,154.20264,-99.205826,-87.03239,1.0,1.0,-1.0,-1.0,33.524375915527344,0.4,-0.4,-0.4
11.016666666666666,20.494844,-15.005201,2.000342,-0.20329417,0.002594004,0.0013019617,0.97911334,-0.0033538337,8.4339175e-05,0.12835887,0.09283581,0.17853878,-0.02448888,20.49311,-15.004402,1.2003443,0.12417293,-0.05723699,0.45079303,0.0,122.34185,-630.24634,693.72205,255.33409,122.34185,-630.24634,693.72205,255.33409,1.0,-1.0,1.0,1.0,33.524375915527344,-0.4,0.4,0.4
11.033333333333333,20.494911,-15.005159,2.0004392,-0.20457865,-0.0017472885,-0.0015521308,0.9788473,-0.0048132166,-0.00081226695,-0.035015676,-0.3364752,0.71358573,0.21813871,20.493057,-15.004384,1.2004418,0.132779,-0.05552945,0.5163641,0.102452554,-546.85803,-420.37808,186.56975,125.72481,-546.85803,-420.37808,186.56975,125.72481,-1.0,-1.0,1.0,1.0,0.0,-0.4,0.4,0.4
11.05,20.49496,-15.005142,2.0016932,-0.20486473,-0.0043653403,-0.0022144313,0.97877806,-0.0032006227,0.0005152647,0.11196673,0.094414264,0.19405364,-0.024919288,20.493017,-15.004367,1.2016962,0.13919939,-0.05552945,0.3852233,0.0,200.46977,404.84503,-1066.0284,-226.50885,200.46977,404.84503,-1066.0284,-226.50885,1.0,1.0,-1.0,-1.0,33.524375915527344,0.4,-0.4,-0.4
11.066666666666666,20.495,-15.005153,2.0015144,-0.20613587,-0.0033864214,0.0015431375,0.9785162,-0.0010099115,0.0011518439,-0.05168562,0.5239472,-0.34130242,0.21842521,20.492985,-15.004355,1.2015172,0.14439034,-0.05710039,0.3114572,-0.09425639,-487.07092,35.269688,-520.374,142.21172,-487.07092,35.269688,-520.374,142.21172,-1.0,1.0,-1.0,1.0,0.0,0.4,-0.4,0.4
11.083333333333334,20.495005,-15.005141,2.0024948,-0.2064223,-0.0043426105,0.0030855339,0.9784484,-0.0009770434,-0.00032203342,0.09563956,0.0982185,0.21243101,-0.025218142,20.492954,-15.004343,1.202498,0.14684923,-0.057168692,0.1475331,-0.0040981914,218.05724,-904.6705,213.91142,-1872.2509,218.05724,-904.6705,213.91142,-1872.2509,1.0,-1.0,1.0,-1.0,33.524375915527344,-0.4,0.4,-0.4
11.1,20.49499,-15.005117,2.0020418,-0.20770411,-0.002380063,0.0015756962,0.9781875,0.00081385765,-0.0021474697,-0.06810077,-0.33479774,-0.32739586,0.21758877,20.49293,-15.0043335,1.2020452,0.14753225,-0.056144163,0.040981468,0.061471757,-480.6908,-454.05557,-626.17847,171.41028,-480.6908,-454.05557,-626.17847,171.41028,-1.0,-1.0,-1.0,1.0,0.0,-0.4,-0.4,0.4
11.116666666666667,20.494965,-15.005092,2.0027492,-0.20799449,-0.0030973733,0.0013663344,0.97812414,0.0005068213,-0.0019428221,0.07930234,0.10244429,0.22863057,-0.025225572,20.49292,-15.004331,1.2027524,0.14643942,-0.054504916,-0.06557017,0.09835481,260.19568,332.40628,304.91055,-3024.4502,260.19568,332.40628,304.91055,-3024.4502,1.0,1.0,1.0,-1.0,33.524375915527344,0.4,0.4,-0.4
11.133333333333333,20.494919,-15.005058,2.0020242,-0.20927641,-0.001273976,-0.0001355331,0.9778556,0.0019822577,-0.0030828803,-0.08445057,-0.33055905,-0.31119594,0.21757628,20.492905,-15.004328,1.2020272,0.14425375,-0.052319255,-0.13114034,0.13113967,-406.96652,-343.00925,-653.0374,160.88608,-406.96652,-343.00925,-653.0374,160.88608,-1.0,-1.0,-1.0,1.0,0.0,-0.4,-0.4,0.4
11.15,20.494879,-15.005033,2.002459,-0.2095652,-0.0021311077,-0.00034061776,0.97779226,0.0014457798,-0.0022024633,0.06295201,0.106614925,0.24482328,-0.02524144,20.492907,-15.004327,1.2024621,0.14124846,-0.05054341,-0.18031685,0.106550746,345.41928,482.3226,305.31735,-2881.298,345.41928,482.3226,305.31735,-2881.298,1.0,1.0,1.0,-1.0,33.524375915527344,0.4,0.4,-0.4
11.166666666666666,20.494825,-15.005005,2.0014613,-0.21084735,-0.00044654874,-0.0018350837,0.9775172,0.0027082711,-0.0026803508,-0.10080336,-0.32637376,-0.2950024,0.21755299,20.492908,-15.004329,1.2014638,0.13728693,-0.048426047,-0.23769198,0.1270417,-314.38745,-196.82388,-659.2947,143.095,-314.38745,-196.82388,-659.2947,143.095,-1.0,-1.0,-1.0,1.0,0.0,-0.4,-0.4,0.4
11.183333333333334,20.494781,-15.004998,2.0016239,-0.21113381,-0.001442823,-0.0020364104,0.9774539,0.0020493176,-0.0011500415,0.04660188,0.1107334,0.26101208,-0.025266089,20.492922,-15.0043335,1.2016262,0.13318881,-0.047606427,-0.24588703,0.04917718,448.38306,637.1602,322.3088,-2757.4297,448.38306,637.1602,322.3088,-2757.4297,1.0,1.0,1.0,-1.0,33.524375915527344,0.4,0.4,-0.4
11.2,20.49473,-15.004994,2.0003538,-0.2124158,0.00010263417,-0.0035235384,0.977173,0.0032010581,-0.0009896266,-0.117147595,-0.3222392,-0.27881232,0.21751925,20.492939,-15.00434,1.200356,0.12827106,-0.046855103,-0.2950653,0.045079436,-204.9257,-12.809933,-643.3615,120.98348,-204.9257,-12.809933,-643.3615,120.98348,-1.0,-1.0,-1.0,1.0,0.0,-0.4,-0.4,0.4
11.216666666666667,20.494692,-15.005021,2.0002437,-0.21269989,-0.0010331437,-0.0037223275,0.9771099,0.0025263212,0.0011639439,0.030262662,0.11480056,0.277197,-0.025299668,20.49296,-15.004348,1.200246,0.12403633,-0.04822114,-0.25408384,-0.081962265,565.97003,769.4648,358.23477,-2652.7942,565.97003,769.4648,358.23477,-2652.7942,1.0,1.0,1.0,-1.0,33.524375915527344,0.4,0.4,-0.4
11.233333333333333,20.494658,-15.005071,1.9987018,-0.21397716,-0.0007982998,5.8070178e-05,0.97683835,0.0036652074,0.0018758704,-0.13341284,0.5443507,-0.2583379,0.21811275,20.492989,-15.004358,1.198704,0.11952839,-0.05102152,-0.27047616,-0.16802272,-81.46584,208.56824,-611.86664,97.15973,-81.46584,208.56824,-611.86664,97.15973,-1.0,1.0,-1.0,1.0,0.0,0.4,-0.4,0.4
11.25,20.494621,-15.005108,1.9983197,-0.21426433,-0.0024791877,0.0016074441,0.97677124,0.0030964755,0.0008032222,0.013912944,0.11832042,0.29554847,-0.025473585,20.493027,-15.004369,1.1983217,0.114200845,-0.052933972,-0.31965268,-0.11474713,688.8116,-745.96844,119.125824,-1475.4589,688.8116,-745.96844,119.125824,-1475.4589,1.0,-1.0,1.0,-1.0,33.524375915527344,-0.4,0.4,-0.4
11.266666666666666,20.494543,-15.00513,2.000388,-0.21554199,-0.001326553,0.00012475204,0.97649366,0.0049622473,-0.001188,0.16082281,-0.31126216,-0.22736451,0.21729495,20.493073,-15.004389,1.2003897,0.10532158,-0.05307058,-0.532756,-0.008196383,41.31283,-242.92685,-775.093,127.338554,41.31283,-242.92685,-775.093,127.338554,1.0,-1.0,-1.0,1.0,33.524375915527344,-0.4,-0.4,0.4
11.283333333333333,20.494465,-15.005153,2.001027,-0.21582778,-0.0027901242,-7.9596e-05,0.9764274,0.004553445,-0.00052447175,-0.002419858,0.12219216,0.31169936,-0.02553118,20.493118,-15.004409,1.2010288,0.09644232,-0.053275485,-0.5327555,-0.012294351,-696.52576,538.9952,179.37466,-1804.325,-696.52576,538.9952,179.37466,-1804.325,-1.0,1.0,1.0,-1.0,0.0,0.4,0.4,-0.4
11.3,20.494358,-15.00518,2.0028229,-0.21710648,-0.0017753739,-0.0015575851,0.976145,0.0066054347,-0.0018992242,0.14448589,-0.3073723,-0.21121922,0.2172253,20.493176,-15.004435,1.2028241,0.08469438,-0.053412087,-0.7048764,-0.008196159,35.180607,-89.28292,-898.0936,124.48821,35.180607,-89.28292,-898.0936,124.48821,1.0,-1.0,-1.0,1.0,33.524375915527344,-0.4,-0.4,0.4
11.316666666666666,20.494253,-15.005211,2.00319,-0.21738848,-0.0033778907,-0.001761881,0.9760777,0.00651227,-0.0007376224,-0.018747792,0.12601356,0.32783717,-0.025606733,20.49323,-15.004458,1.2031915,0.07321965,-0.0538902,-0.68848366,-0.02868667,-696.7142,647.46423,45.73344,-1710.4338,-696.7142,647.46423,45.73344,-1710.4338,-1.0,1.0,1.0,-1.0,0.0,0.4,0.4,-0.4
11.333333333333334,20.494125,-15.00527,2.004714,-0.21864983,-0.0036978684,0.0020198396,0.97579426,0.008845892,0.0006510741,0.12824768,0.5589385,-0.19088991,0.2178578,20.4933,-15.004485,1.2047148,0.05914945,-0.056212462,-0.8442118,-0.13933583,40.166405,109.83898,-1018.52185,120.936295,40.166405,109.83898,-1018.52185,120.936295,1.0,1.0,-1.0,1.0,33.524375915527344,0.4,-0.4,0.4
11.35,20.493967,-15.005335,2.004804,-0.21891244,0.00070715876,0.005008749,0.9757314,0.010421379,-0.0009798375,-0.035577316,0.12592137,-0.7288569,-0.025717206,20.493362,-15.004514,1.2048045,0.043303404,-0.058807943,-0.9507628,-0.15572882,-673.7268,-857.1394,-375.905,-609.85876,-673.7268,-857.1394,-375.905,-609.85876,-1.0,-1.0,-1.0,-1.0,0.0,-0.4,-0.4,-0.4
11.366666666666667,20.493813,-15.005392,2.0021694,-0.21720137,0.0037122343,0.0040079295,0.9761115,0.007939704,-0.0024253293,-0.19895901,-0.3044381,-0.19259408,-0.26908207,20.49343,-15.004547,1.20217,0.027457362,-0.06051549,-0.95076245,-0.10245278,-48.208355,-478.33023,587.7259,-673.04987,-48.208355,-478.33023,587.7259,-673.04987,-1.0,-1.0,1.0,-1.0,0.0,-0.4,0.4,-0.4
11.383333333333333,20.49369,-15.005406,2.0006967,-0.21650578,0.0018343525,0.0037903069,0.97627217,0.0057398626,-0.0028524543,-0.05152385,0.13221443,0.3646479,-0.025688488,20.493492,-15.0045805,1.2006973,0.014206794,-0.05914945,-0.79503405,0.081962265,885.90814,281.545,18.33727,422.84262,885.90814,281.545,18.33727,422.84262,1.0,1.0,1.0,1.0,33.524375915527344,0.4,0.4,0.4
11.4,20.493576,-15.005373,2.0016747,-0.2177745,0.0024066218,0.0022934063,0.9759934,0.0057869432,-0.005037876,0.09538089,-0.29739085,-0.15832439,0.21707574,20.49356,-15.004621,1.2016752,0.0010928303,-0.0538902,-0.78683776,0.31555516,248.3912,-547.45074,-706.98987,122.63352,248.3912,-547.45074,-706.98987,122.63352,1.0,-1.0,-1.0,1.0,33.524375915527344,-0.4,-0.4,0.4
11.416666666666666,20.493473,-15.005333,2.0012245,-0.21806277,0.00035755418,0.0020708188,0.9759324,0.0043003256,-0.0048325597,-0.06785179,0.13584855,0.38077483,-0.025783112,20.493628,-15.004661,1.2012247,-0.011064907,-0.04815284,-0.7294642,0.34424138,-522.39355,168.00876,235.94005,-1582.0284,-522.39355,168.00876,235.94005,-1582.0284,-1.0,1.0,1.0,-1.0,0.0,0.4,0.4,-0.4
11.433333333333334,20.493364,-15.005277,2.00193,-0.21933378,0.00079221406,0.0005766842,0.97564936,0.0049748197,-0.006476587,0.079045124,-0.29374295,-0.1422081,0.21697892,20.493698,-15.004708,1.2019303,-0.023905663,-0.04070793,-0.77044535,0.4466946,316.29596,-436.92346,-820.44226,96.54204,316.29596,-436.92346,-820.44226,96.54204,1.0,-1.0,-1.0,1.0,33.524375915527344,-0.4,-0.4,0.4
11.45,20.493258,-15.005217,2.0012064,-0.21961734,-0.0013947486,0.00035083425,0.975585,0.0042145615,-0.0058504115,-0.0841893,0.13943025,0.39688268,-0.025888769,20.493765,-15.004754,1.2012066,-0.036336612,-0.03312642,-0.7458569,0.45489055,-443.66232,318.15866,27.860598,-1586.9218,-443.66232,318.15866,27.860598,-1586.9218,-1.0,1.0,1.0,-1.0,0.0,0.4,0.4,-0.4
11.466666666666667,20.493128,-15.005156,2.001639,-0.22088955,-0.0010974318,-0.0011400369,0.9752975,0.005624789,-0.006981242,0.06270677,-0.2901448,-0.12611532,0.2168675,20.493826,-15.004804,1.2016393,-0.04999699,-0.025203397,-0.8196227,0.4753814,395.27304,-257.1677,-962.31714,81.08059,395.27304,-257.1677,-962.31714,81.08059,1.0,-1.0,-1.0,1.0,33.524375915527344,-0.4,-0.4,0.4
11.483333333333333,20.492985,-15.005109,2.0006382,-0.22117665,0.003134936,9.46698e-05,0.9752287,0.0060508,-0.0059577753,-0.10099941,0.1395551,-0.66212106,-0.025839433,20.493889,-15.004855,1.2006391,-0.06475021,-0.018168304,-0.88519305,0.42210558,-342.69153,490.35455,-228.58377,-1579.549,-342.69153,490.35455,-228.58377,-1579.549,-1.0,1.0,-1.0,-1.0,0.0,0.4,-0.4,-0.4
11.5,20.492876,-15.005045,2.0007968,-0.21947575,0.0054753693,-0.00090990344,0.97560215,0.0037817894,-0.0063396087,0.046290416,-0.2872969,-0.10890883,-0.2691604,20.493946,-15.004904,1.2007979,-0.07663474,-0.01010868,-0.71307194,0.4835774,475.4488,-275.55814,695.582,-415.35226,475.4488,-275.55814,695.582,-415.35226,1.0,-1.0,1.0,-1.0,33.524375915527344,-0.4,0.4,-0.4
11.516666666666666,20.492792,-15.00498,1.9995282,-0.21877035,0.0029982433,-0.0011396942,0.97577107,0.0017942153,-0.005147616,-0.116942555,0.14622942,0.43129382,-0.02579491,20.493998,-15.004957,1.1995293,-0.086333625,-0.0016392454,-0.5819329,0.5081661,-175.70192,488.26117,270.60016,509.10205,-175.70192,488.26117,270.60016,509.10205,-1.0,1.0,1.0,1.0,0.0,0.4,0.4,0.4
11.533333333333333,20.49273,-15.004917,1.9994161,-0.22003692,0.0030001726,-0.0026439966,0.9754833,0.0018279464,-0.005305783,0.029962534,-0.28336555,-0.09176135,0.2169729,20.49405,-15.005012,1.1994171,-0.09452986,0.0067618876,-0.49177405,0.50406796,619.67566,-273.21228,-746.7767,32.814613,619.67566,-273.21228,-746.7767,32.814613,1.0,-1.0,-1.0,1.0,33.524375915527344,-0.4,-0.4,0.4
11.55,20.49268,-15.004857,1.9978758,-0.22031265,0.00038289744,-0.002881442,0.9754249,0.0009233472,-0.003539265,-0.13328072,0.14966384,0.44737065,-0.025915511,20.494097,-15.005063,1.1978772,-0.10149667,0.0147532085,-0.4180084,0.47947925,-120.392296,591.8326,241.98746,-1423.4482,-120.392296,591.8326,241.98746,-1423.4482,-1.0,1.0,1.0,-1.0,0.0,0.4,0.4,-0.4
11.566666666666666,20.49263,-15.004818,1.9974911,-0.22158092,0.00024845943,-0.00438395,0.9751321,0.002031555,-0.003249185,0.013630506,-0.27991384,-0.07570061,0.21685235,20.494137,-15.005114,1.1974927,-0.107917055,0.021173587,-0.3852233,0.3852227,730.7087,-40.988796,-904.41406,13.365992,730.7087,-40.988796,-904.41406,13.365992,1.0,-1.0,-1.0,1.0,33.524375915527344,-0.4,-0.4,0.4
11.583333333333334,20.492601,-15.004826,1.999561,-0.22184877,-0.0026136248,-0.0046296376,0.9750666,0.0007688543,-0.0006820536,0.16104871,0.15642664,0.48035365,-0.026045103,20.49417,-15.00516,1.1995628,-0.11228838,0.023973964,-0.26227933,0.16802262,51.860264,729.8494,13.467402,-1485.3282,51.860264,729.8494,13.467402,-1485.3282,1.0,1.0,1.0,-1.0,33.524375915527344,0.4,0.4,-0.4
11.6,20.49257,-15.004859,2.0001993,-0.22310309,-0.004140715,-0.00088265503,0.9747856,0.0027656998,0.0011510777,-0.002603049,0.5857829,-0.05544883,0.21745959,20.494198,-15.005207,1.2002012,-0.11652311,0.02493019,-0.25408384,0.057373565,-525.97064,213.43106,-946.4287,205.79015,-525.97064,213.43106,-946.4287,205.79015,-1.0,1.0,-1.0,1.0,0.0,0.4,-0.4,0.4
11.616666666666667,20.492493,-15.004905,2.0019917,-0.2233759,-0.0010064326,0.0020879859,0.97472954,0.00575533,0.0007035113,0.1442844,0.15581596,-0.57660174,-0.025999665,20.494213,-15.005254,1.2019937,-0.12321671,0.024998493,-0.40161607,0.0040981914,70.96659,-709.65173,-505.65973,-496.44763,70.96659,-709.65173,-505.65973,-496.44763,1.0,-1.0,-1.0,-1.0,33.524375915527344,-0.4,-0.4,-0.4
11.633333333333333,20.492413,-15.004937,2.0023549,-0.22463876,0.00072425354,0.001065273,0.97444123,0.0049827923,-0.0007907874,-0.019066986,-0.27313408,-0.040715158,0.21663982,20.494232,-15.0053,1.2023569,-0.13032012,0.025954721,-0.42620432,0.057373676,-713.1472,-263.24857,485.69324,29.817501,-713.1472,-263.24857,485.69324,29.817501,-1.0,-1.0,1.0,1.0,0.0,-0.4,0.4,0.4
11.65,20.492334,-15.004965,2.0038743,-0.22491542,0.004120062,0.0022887758,0.97436684,0.005990638,-9.598886e-05,0.12789443,0.15966237,-0.55984914,-0.026109545,20.494244,-15.005342,1.2038767,-0.13674052,0.026979249,-0.3852242,0.061471645,10.988117,396.3617,-110.12905,-1513.1188,10.988117,396.3617,-110.12905,-1513.1188,1.0,1.0,-1.0,-1.0,33.524375915527344,0.4,-0.4,-0.4
11.666666666666666,20.492264,-15.00498,2.0039647,-0.22617021,0.0057090013,0.0012615636,0.9740702,0.0035296383,-0.0012308457,-0.035447128,-0.26931053,-0.02394487,0.21653411,20.494247,-15.0053835,1.2039671,-0.14206809,0.028891701,-0.31965402,0.11474713,-717.0498,-372.22464,840.05524,7.0396166,-717.0498,-372.22464,840.05524,7.0396166,-1.0,-1.0,1.0,1.0,0.0,-0.4,0.4,0.4
11.683333333333334,20.492252,-15.004974,2.005217,-0.22645381,0.002410347,0.0009875556,0.9740184,0.00018091124,-0.00020616362,0.11197462,0.16677977,0.532122,-0.026379636,20.494244,-15.005422,1.20522,-0.1426145,0.032033592,-0.032784637,0.18851346,11.812113,259.4871,388.22537,-1338.8577,11.812113,259.4871,388.22537,-1338.8577,1.0,1.0,1.0,-1.0,33.524375915527344,0.4,0.4,-0.4
11.7,20.492239,-15.004964,2.0050364,-0.22771642,0.0016780198,-0.0005351611,0.9737258,0.0002795289,-0.0010075246,-0.05176668,-0.26613164,-0.007900819,0.2164199,20.49423,-15.005463,1.205039,-0.1426145,0.035721894,0.0,0.2212981,-557.2772,-424.27353,-647.9776,163.44057,-557.2772,-424.27353,-647.9776,163.44057,-1.0,-1.0,-1.0,1.0,0.0,-0.4,-0.4,0.4
11.716666666666667,20.49225,-15.004958,2.006016,-0.22799082,-0.0017564223,-0.00081827387,0.97366124,-0.0014267436,0.00030329276,0.095631264,0.16988915,0.5481313,-0.026499668,20.494211,-15.0055,1.2060186,-0.14042884,0.03879548,0.13113944,0.18441504,87.1519,432.5076,73.24466,-1496.0095,87.1519,432.5076,73.24466,-1496.0095,1.0,1.0,1.0,-1.0,33.524375915527344,0.4,0.4,-0.4
11.733333333333333,20.49226,-15.004951,2.0055633,-0.22925548,-0.002624676,-0.0023417338,0.9733599,0.00018759046,-0.00019289355,-0.06810886,-0.26300806,0.00810796,0.2163079,20.494194,-15.005536,1.2055659,-0.13851637,0.041937366,0.11474847,0.18851323,-522.86914,-176.32666,-880.16113,144.47977,-522.86914,-176.32666,-880.16113,144.47977,-1.0,-1.0,-1.0,1.0,0.0,-0.4,-0.4,0.4
11.75,20.492239,-15.004981,2.0062652,-0.22953866,0.00034984967,-0.0011129321,0.97329885,0.0022794926,0.0013719171,0.07888089,0.16968536,-0.5111352,-0.026466385,20.494162,-15.005571,1.2062682,-0.13769674,0.042278875,0.049177404,0.02049051,176.90193,583.7295,-334.0379,-1609.6907,176.90193,583.7295,-334.0379,-1609.6907,1.0,1.0,-1.0,-1.0,33.524375915527344,0.4,-0.4,-0.4
11.766666666666666,20.492228,-15.005011,2.0055382,-0.22784257,0.0015268761,-0.0021422056,0.9736943,0.001269745,0.0013960702,-0.084454805,-0.2603557,0.025101662,-0.2698033,20.494131,-15.005604,1.2055409,-0.13633071,0.04248378,0.08196204,0.012294351,-590.4088,-66.89307,621.9942,-49.502228,-590.4088,-66.89307,621.9942,-49.502228,-1.0,-1.0,1.0,-1.0,0.0,-0.4,0.4,-0.4
11.783333333333333,20.492222,-15.005056,2.0059679,-0.22714205,0.0043566637,-0.0009298738,0.97385144,0.0017457322,0.002991027,0.06253499,0.17242545,-0.49317124,-0.026313629,20.494081,-15.00563,1.2059702,-0.13318881,0.04104944,0.18851368,-0.08606046,279.4611,622.4332,-96.47603,379.9628,279.4611,622.4332,-96.47603,379.9628,1.0,1.0,-1.0,1.0,33.524375915527344,0.4,-0.4,0.4
11.8,20.492231,-15.005102,2.0049686,-0.22544132,0.005380162,-0.0019659451,0.9742398,-0.0005604569,0.0032852183,-0.10078696,-0.25752383,0.04300329,-0.26964954,20.494034,-15.005657,1.2049707,-0.12909068,0.039751705,0.24588792,-0.07786407,-530.7403,-134.46736,929.4326,-76.718544,-530.7403,-134.46736,929.4326,-76.718544,-1.0,-1.0,1.0,-1.0,0.0,-0.4,0.4,-0.4
11.816666666666666,20.492296,-15.005153,2.0051308,-0.22472697,0.0015083584,-0.0022545839,0.974418,-0.00313445,0.0051062712,0.046603825,0.17981108,0.6000423,-0.026326962,20.49397,-15.005682,1.2051327,-0.11993822,0.037907552,0.54914784,-0.11064916,340.20117,656.8926,301.18365,337.14972,340.20117,656.8926,301.18365,337.14972,1.0,1.0,1.0,1.0,33.524375915527344,0.4,0.4,0.4
11.833333333333334,20.492369,-15.005205,2.0038602,-0.22598743,0.00019404395,-0.0037962005,0.97412276,-0.0022228975,0.005422647,-0.117130116,-0.2531832,0.05987574,0.21651457,20.49391,-15.005707,1.2038618,-0.110375926,0.0359268,0.57373744,-0.1188451,-315.35345,-81.945206,-685.17255,83.660324,-315.35345,-81.945206,-685.17255,83.660324,-1.0,-1.0,-1.0,1.0,0.0,-0.4,-0.4,0.4
11.85,20.492456,-15.005291,2.0037498,-0.22624798,-0.00381731,-0.0040965048,0.9740536,-0.0026397835,0.007660472,0.030252255,0.18272033,0.61597186,-0.026425593,20.493843,-15.005729,1.2037513,-0.099311,0.031350568,0.6638954,-0.27457392,452.18243,772.3417,79.98731,-1473.4974,452.18243,772.3417,79.98731,-1473.4974,1.0,1.0,1.0,-1.0,33.524375915527344,0.4,0.4,-0.4
11.866666666666667,20.49254,-15.005404,2.0022078,-0.22748749,-0.006509726,-0.00039704787,0.9737592,0.00019769277,0.008133667,-0.133465,0.61189604,0.08001232,0.21713822,20.493773,-15.005753,1.2022089,-0.08824608,0.02493019,0.6638954,-0.38522264,-196.54576,253.62167,-1001.14984,68.985085,-196.54576,253.62167,-1001.14984,68.985085,-1.0,1.0,-1.0,1.0,0.0,0.4,-0.4,0.4
11.883333333333333,20.492563,-15.0055275,2.0018198,-0.22775048,-0.00453685,0.0025404748,0.97370565,0.0031565714,0.006714001,0.013421695,0.18162546,-0.44127625,-0.026196579,20.493698,-15.005773,1.201821,-0.08127928,0.017553587,0.41800794,-0.4425962,573.7223,-618.3268,-665.80273,-566.9677,573.7223,-618.3268,-665.80273,-566.9677,1.0,-1.0,-1.0,-1.0,33.524375915527344,-0.4,-0.4,-0.4
11.9,20.492569,-15.005638,2.0000024,-0.22606038,-0.0039572883,0.0014660058,0.9741041,0.003472632,0.0053555584,-0.14989722,-0.2482118,0.094855994,-0.2695331,20.493622,-15.005791,1.2000033,-0.07540531,0.010928303,0.3524382,-0.397517,-165.72209,-198.92075,208.36987,-90.87901,-165.72209,-198.92075,208.36987,-90.87901,-1.0,-1.0,1.0,-1.0,0.0,-0.4,0.4,-0.4
11.916666666666666,20.49254,-15.0057535,1.9993417,-0.22534846,-0.001717074,0.0026373232,0.9742731,0.0052599967,0.005167572,-0.0029246763,0.18468535,-0.4235099,-0.026062055,20.493542,-15.005809,1.1993426,-0.07171701,0.0039615096,0.22129788,-0.41800758,730.5181,436.5443,-671.71326,375.09515,730.5181,436.5443,-671.71326,375.09515,1.0,1.0,-1.0,1.0,33.524375915527344,0.4,-0.4,0.4
11.933333333333334,20.4925,-15.005854,1.9987088,-0.22365607,-0.0013306881,0.0015571705,0.97466594,0.0046806666,0.0037442795,-0.049628083,-0.2437996,0.11891996,-0.26939416,20.493458,-15.005829,1.1987095,-0.068575114,-0.0017758493,0.18851368,-0.3442415,-0.24917866,-245.88954,350.46024,-86.60921,-0.24917866,-245.88954,350.46024,-86.60921,-0.24917866,-1.0,1.0,-1.0,12.585408210754395,-0.4,0.4,-0.4
11.95,20.49245,-15.005947,1.999719,-0.22294658,0.0007082744,0.002715932,0.9748265,0.006041002,0.0038628122,0.09734034,0.18913043,-0.3994292,-0.025928041,20.493378,-15.005848,1.1997199,-0.06638946,-0.007103397,0.13113944,-0.31965286,318.63907,442.31854,-470.13174,441.85107,318.63907,442.31854,-470.13174,441.85107,1.0,1.0,-1.0,1.0,33.524375915527344,0.4,-0.4,0.4
11.966666666666667,20.492392,-15.00603,1.9993005,-0.22125196,0.00092874834,0.001631961,0.97521484,0.004787623,0.002636895,-0.065988936,-0.24052167,0.13658133,-0.26925486,20.493282,-15.005867,1.1993011,-0.06379398,-0.011679623,0.1557286,-0.27457356,-499.68674,-322.37274,553.52155,-10.200924,-499.68674,-322.37274,553.52155,-10.200924,-1.0,-1.0,1.0,-1.0,0.0,-0.4,0.4,-0.4
11.983333333333333,20.492338,-15.006101,2.0000381,-0.22054505,0.0028207651,0.0027816214,0.9753687,0.005289859,0.0028820406,0.080985144,0.19241962,-0.38174257,-0.025790384,20.493189,-15.005884,1.2000388,-0.0609253,-0.01550453,0.17212069,-0.22949438,364.0055,424.61865,-325.28717,424.54214,364.0055,424.61865,-325.28717,424.54214,1.0,1.0,-1.0,1.0,33.524375915527344,0.4,-0.4,0.4
12.0,20.492289,-15.006162,1.9993467,-0.21884912,0.0028890972,0.0016958687,0.97575295,0.003387801,0.0018135346,-0.082342654,-0.2371425,0.15420976,-0.269111,20.493092,-15.005902,1.199347,-0.0575102,-0.018578114,0.204906,-0.18441504,-443.5092,-397.54614,721.8454,-25.893414,-443.5092,-397.54614,721.8454,-25.893414,-1.0,-1.0,1.0,-1.0,0.0,-0.4,0.4,-0.4
12.016666666666666,20.492264,-15.006211,1.9998122,-0.21814439,0.0046345354,0.0028378384,0.97590137,0.003145646,0.0021585098,0.06464498,0.19580838,-0.36409238,-0.02564745,20.492996,-15.005924,1.1998129,-0.05245586,-0.02055887,0.30326036,-0.11884532,427.67172,379.0756,-162.5592,401.8772,427.67172,379.0756,-162.5592,401.8772,1.0,1.0,-1.0,1.0,33.524375915527344,0.4,-0.4,0.4
12.033333333333333,20.49225,-15.006247,1.9988486,-0.21644698,0.0045506516,0.0017508073,0.9762821,0.0006990937,0.0012194798,-0.098680526,-0.23366356,0.17180371,-0.26896104,20.492897,-15.005944,1.198849,-0.04630869,-0.0216517,0.36883032,-0.06556983,-361.42645,-475.99384,890.9446,-49.3292,-361.42645,-475.99384,890.9446,-49.3292,-1.0,-1.0,1.0,-1.0,0.0,-0.4,0.4,-0.4
12.05,20.492277,-15.006261,1.9990464,-0.21575147,-0.00041911192,0.0014630528,0.9764471,-0.0018120939,0.001643639,0.048720483,0.20428503,0.7289539,-0.025672313,20.492792,-15.005969,1.1990467,-0.036883026,-0.02090038,0.5655397,0.045079213,507.5106,284.00003,24.708136,369.54214,507.5106,284.00003,24.708136,369.54214,1.0,1.0,1.0,1.0,33.524375915527344,0.4,0.4,0.4
12.066666666666666,20.4923,-15.006267,1.9978119,-0.21703,-0.0028326116,-9.710185e-05,0.97616076,-0.0003273721,0.0005769161,-0.11502145,-0.22895342,0.18839425,0.2171988,20.492685,-15.005994,1.1978122,-0.027593967,-0.019534342,0.55734354,0.081962265,-180.27745,-404.28052,-849.7678,120.505974,-180.27745,-404.28052,-849.7678,120.505974,-1.0,-1.0,-1.0,1.0,0.0,-0.4,-0.4,0.4
12.083333333333334,20.492292,-15.0062895,1.9977324,-0.2173129,-0.0013691657,0.0010394491,0.97610044,0.0015224396,0.0012598725,0.031972438,0.20290682,-0.33073696,-0.025623973,20.492579,-15.00602,1.1977326,-0.020490568,-0.019329436,0.42620388,0.012294351,649.00885,397.26105,-545.4393,-1183.666,649.00885,397.26105,-545.4393,-1183.666,1.0,1.0,-1.0,-1.0,33.524375915527344,0.4,-0.4,-0.4
12.1,20.492285,-15.006308,1.9962234,-0.2156214,-0.0017347824,-6.0108643e-05,0.9764754,0.0012166477,0.00052200805,-0.1313629,-0.22646925,0.20511045,-0.2689332,20.492472,-15.006044,1.1962236,-0.013387171,-0.018851323,0.42620382,0.028686782,-82.00945,-312.15765,347.56158,-56.75366,-82.00945,-312.15765,347.56158,-56.75366,-1.0,-1.0,1.0,-1.0,0.0,-0.4,0.4,-0.4
12.116666666666667,20.492258,-15.006336,1.9958714,-0.21491715,-0.00041716592,0.0010689183,0.9766315,0.0025873417,0.0010291685,0.015626853,0.20655629,-0.31325367,-0.025466567,20.492363,-15.006072,1.1958715,-0.0075132083,-0.018919624,0.3524377,-0.0040980796,776.7717,401.86572,-608.0376,372.97208,776.7717,401.86572,-608.0376,372.97208,1.0,1.0,-1.0,1.0,33.524375915527344,0.4,-0.4,0.4
12.133333333333333,20.49223,-15.0063505,1.9979734,-0.213226,-0.001041812,-3.068629e-05,0.9770023,0.0014719306,-0.0002359805,0.16294801,-0.21928787,0.23944072,-0.26877654,20.492256,-15.006101,1.1979735,-0.001912453,-0.017895095,0.3360453,0.061471757,65.960014,-319.57156,368.4285,-59.898174,65.960014,-319.57156,368.4285,-59.898174,1.0,-1.0,1.0,-1.0,33.524375915527344,-0.4,0.4,-0.4
12.15,20.492188,-15.006371,1.9986436,-0.2125234,9.396737e-05,0.0010949904,0.9771553,0.0026276214,0.0002779921,-0.00071762555,0.21034232,-0.29582787,-0.025301423,20.49214,-15.006131,1.1986438,0.0034150947,-0.017143775,0.31965286,0.045079213,-500.74606,427.84454,-395.32617,556.89166,-500.74606,427.84454,-395.32617,556.89166,-1.0,1.0,-1.0,1.0,0.0,0.4,-0.4,0.4
12.166666666666666,20.492153,-15.006374,2.000473,-0.21083178,-0.0006817325,-1.7332561e-06,0.97752213,0.0013477539,-0.00092333637,0.14660239,-0.21539912,0.25680572,-0.26861092,20.492027,-15.006163,1.2004731,0.00901585,-0.01516302,0.3360453,0.11884526,47.395844,-368.11935,362.7722,-59.72765,47.395844,-368.11935,362.7722,-59.72765,1.0,-1.0,1.0,-1.0,33.524375915527344,-0.4,0.4,-0.4
12.183333333333334,20.492113,-15.006382,2.0008705,-0.21013045,0.00030835046,0.0011224638,0.97767264,0.0023482647,-0.0004225202,-0.017060762,0.21422124,-0.27845213,-0.025127815,20.491915,-15.006194,1.2008708,0.014206794,-0.013455473,0.31145665,0.10245284,-518.4811,388.8263,-413.28864,547.0028,-518.4811,388.8263,-413.28864,547.0028,-1.0,1.0,-1.0,1.0,0.0,0.4,-0.4,0.4
12.2,20.492079,-15.00637,2.0024278,-0.20843947,-0.0006180028,3.002857e-05,0.978035,0.0010162978,-0.0015857124,0.13025779,-0.21141577,0.2741208,-0.26843885,20.491804,-15.006225,1.2024281,0.019670945,-0.010381888,0.327849,0.1844151,49.558475,-416.01187,339.83112,-60.947758,49.558475,-416.01187,339.83112,-60.947758,1.0,-1.0,1.0,-1.0,33.524375915527344,-0.4,0.4,-0.4
12.216666666666667,20.49204,-15.006363,2.002553,-0.20773914,0.00022688384,0.0011543921,0.97818345,0.001965545,-0.0011220551,-0.033402573,0.21819392,-0.26112688,-0.024947235,20.491695,-15.006256,1.202553,0.024725284,-0.007649812,0.30326036,0.16392453,-519.58765,347.76956,-456.99603,539.9969,-519.58765,347.76956,-456.99603,539.9969,-1.0,1.0,-1.0,1.0,0.0,0.4,-0.4,0.4
12.233333333333333,20.492004,-15.006343,2.0038376,-0.20604974,-0.00084996066,6.710147e-05,0.9785411,0.0006935033,-0.0022725381,0.11391421,-0.20734051,0.29138604,-0.2682611,20.491585,-15.006291,1.2038379,0.030052833,-0.0036883021,0.31965292,0.23769058,73.07183,-460.51727,289.8278,-61.342464,73.07183,-460.51727,289.8278,-61.342464,1.0,-1.0,1.0,-1.0,33.524375915527344,-0.4,0.4,-0.4
12.25,20.491966,-15.006324,2.0036902,-0.2053502,-0.00015040627,0.0011924809,0.9786878,0.00169527,-0.0018698046,-0.049743377,0.22225723,-0.24385498,-0.024760434,20.491476,-15.006324,1.2036905,0.035107177,0.0,0.3032606,0.22129811,-503.95465,310.3323,-529.31744,535.53436,-503.95465,310.3323,-529.31744,535.53436,-1.0,1.0,-1.0,1.0,0.0,0.4,-0.4,0.4
12.266666666666666,20.491936,-15.00629,2.0047026,-0.2036613,-0.0013778018,0.00011114128,0.9790404,0.00059522176,-0.0030321036,0.09757222,-0.20317435,0.3085972,-0.26807797,20.491379,-15.006359,1.2047029,0.039888307,0.004917736,0.28686783,0.29506415,117.36946,-499.34457,209.42828,-61.722115,117.36946,-499.34457,209.42828,-61.722115,1.0,-1.0,1.0,-1.0,33.524375915527344,-0.4,0.4,-0.4
12.283333333333333,20.491892,-15.00626,2.0042825,-0.2029625,-0.0008228718,0.001239364,0.9791853,0.0017532881,-0.002713751,-0.06608265,0.22641098,-0.22663806,-0.024567707,20.491276,-15.006392,1.2042829,0.044123027,0.0094256615,0.2540832,0.2704755,-469.15964,278.2406,-635.1719,534.6163,-469.15964,278.2406,-635.1719,534.6163,-1.0,1.0,-1.0,1.0,0.0,0.4,-0.4,0.4
12.3,20.49185,-15.006213,2.0050225,-0.20127535,-0.002200269,0.00016512015,0.9795321,0.00093707023,-0.003911795,0.08123319,-0.19891739,0.32575274,-0.26789087,20.491179,-15.006424,1.2050228,0.04808454,0.015094718,0.23769064,0.34014335,184.16289,-527.9562,83.08801,-56.541237,184.16289,-527.9562,83.08801,-56.541237,1.0,-1.0,1.0,-1.0,33.524375915527344,-0.4,0.4,-0.4
12.316666666666666,20.4918,-15.006172,2.0043302,-0.20057723,-0.0017896929,0.0012971731,0.97967535,0.0023548636,-0.003701108,-0.082418546,0.23065466,-0.2094792,-0.024371263,20.491085,-15.006457,1.2043308,0.051226426,0.020422265,0.18851323,0.3196528,-412.94586,257.18204,-760.04376,535.3579,-412.94586,257.18204,-760.04376,535.3579,-1.0,1.0,-1.0,1.0,0.0,0.4,-0.4,0.4
12.333333333333334,20.491724,-15.006121,2.0047927,-0.1988795,0.0032761754,0.0015459398,0.98001724,0.0037937323,-0.0049665757,0.06446522,-0.20026726,-0.7328172,-0.2675646,20.490995,-15.006486,1.2047933,0.052182652,0.026159627,0.057373565,0.34424174,272.2141,-546.41174,-87.58027,-49.002754,272.2141,-546.41174,-87.58027,-49.002754,1.0,-1.0,-1.0,-1.0,33.524375915527344,-0.4,-0.4,-0.4
12.35,20.491652,-15.006067,2.0038266,-0.19818552,0.005740285,0.003096442,0.98014283,0.0012179189,-0.0048739524,-0.09878275,0.23139676,-0.1915846,-0.024122851,20.4909,-15.006516,1.2038269,0.0538219,0.032170195,0.09835481,0.36063403,-475.16635,104.68773,838.2563,423.5004,-475.16635,104.68773,838.2563,423.5004,-1.0,1.0,1.0,1.0,0.0,0.4,0.4,0.4
12.366666666666667,20.491634,-15.005971,2.0040216,-0.19649959,0.0040604887,0.0020245432,0.9804934,-0.0018753107,-0.0062121563,0.048535362,-0.19371825,0.36074263,-0.26745147,20.490814,-15.006546,1.2040224,0.05873964,0.041186046,0.29506442,0.540951,332.94885,-804.4409,535.3271,-73.516884,332.94885,-804.4409,535.3271,-73.516884,1.0,-1.0,1.0,-1.0,33.524375915527344,-0.4,0.4,-0.4
12.383333333333333,20.491611,-15.005854,2.002783,-0.19578414,0.005266971,-0.0021310647,0.9806306,-0.0025507302,-0.006411174,-0.11525086,-0.62591004,-0.1791966,-0.024600951,20.49072,-15.006573,1.202784,0.06379398,0.051499635,0.30326036,0.6188153,-288.3693,-129.61275,-290.12772,479.96664,-288.3693,-129.61275,-290.12772,479.96664,-1.0,-1.0,-1.0,1.0,0.0,-0.4,-0.4,0.4
12.4,20.491648,-15.0057535,2.0027046,-0.194075,0.003802057,-0.0049470807,0.9809668,-0.0050562173,-0.0041129617,0.032124348,-0.18868074,0.3789667,-0.26730072,20.490637,-15.0065975,1.2027061,0.072400026,0.06044719,0.5163627,0.53685325,483.37393,847.95245,583.8147,-95.12481,483.37393,847.95245,583.8147,-95.12481,1.0,1.0,1.0,-1.0,33.524375915527344,0.4,0.4,-0.4
12.416666666666666,20.491695,-15.005676,2.0011945,-0.1933878,0.0037729505,-0.0038162312,0.98110765,-0.0051859044,-0.0020108875,-0.13151416,0.24085319,-0.1562457,-0.023768283,20.490551,-15.006623,1.201196,0.081962295,0.06782379,0.5737361,0.442596,-135.3664,475.65253,-196.98982,413.96512,-135.3664,475.65253,-196.98982,413.96512,-1.0,1.0,-1.0,1.0,0.0,0.4,-0.4,0.4
12.433333333333334,20.491783,-15.005612,2.0008435,-0.19169062,0.0017958716,-0.0048615662,0.9814416,-0.0069636567,-0.0010627862,0.015782792,-0.18401274,0.3959446,-0.26707867,20.49047,-15.0066395,1.2008452,0.09398344,0.07356116,0.7212688,0.34424227,637.221,-228.85811,559.62103,-128.47069,637.221,-228.85811,559.62103,-128.47069,1.0,-1.0,1.0,-1.0,33.524375915527344,-0.4,0.4,-0.4
12.45,20.491882,-15.005566,1.9990608,-0.19100222,0.0016233446,-0.003721089,0.98158115,-0.0064280294,0.00083420146,-0.14786711,0.24550575,-0.13926575,-0.023549251,20.490398,-15.006655,1.1990628,0.1062778,0.07800079,0.73766154,0.26637775,-2.6182299,507.78162,-304.79333,411.10574,-2.6182299,507.78162,-304.79333,411.10574,-1.0,1.0,-1.0,1.0,0.0,0.4,-0.4,0.4
12.466666666666667,20.492,-15.005536,1.9984376,-0.18930732,-0.0005022784,-0.004753404,0.9819062,-0.0073764017,0.0016143615,-0.0005754918,-0.17925382,0.41285813,-0.26684853,20.490332,-15.006662,1.1984402,0.11952839,0.08066456,0.7950353,0.15982611,757.0161,-152.17508,419.319,-128.12424,757.0161,-152.17508,419.319,-128.12424,1.0,-1.0,1.0,-1.0,33.524375915527344,-0.4,0.4,-0.4
12.483333333333333,20.492115,-15.005566,2.0002656,-0.18861628,-0.0009255354,-0.0035997394,0.98204374,-0.005908684,0.004119478,0.14642157,0.25388467,-0.10553298,-0.02332942,20.490269,-15.006665,1.2002685,0.13223258,0.07875211,0.76225114,-0.11474713,148.43823,519.9033,-481.56897,418.45276,148.43823,519.9033,-481.56897,418.45276,1.0,1.0,-1.0,1.0,33.524375915527344,0.4,-0.4,0.4
12.5,20.492233,-15.005598,2.000664,-0.18990579,-0.0032445688,-0.0046127774,0.9817861,-0.0061753737,0.0044568274,-0.016938541,-0.17418116,0.4296354,0.21933098,20.49021,-15.006665,1.2006674,0.14493677,0.07642984,0.76225156,-0.13933627,-586.99744,-62.404102,373.07803,83.829895,-586.99744,-62.404102,373.07803,83.829895,-1.0,-1.0,1.0,1.0,0.0,-0.4,0.4,0.4
12.516666666666666,20.492332,-15.005681,2.002219,-0.19020385,-0.0038117922,-0.0034603996,0.9817311,-0.0036902055,0.0069167255,0.13005497,0.25642285,-0.089215316,-0.023419818,20.490168,-15.00666,1.2022226,0.15504548,0.07014606,0.6065225,-0.37702647,101.40515,574.2503,-707.40436,-264.75418,101.40515,574.2503,-707.40436,-264.75418,1.0,1.0,-1.0,-1.0,33.524375915527344,0.4,-0.4,-0.4
12.533333333333333,20.49243,-15.00578,2.002346,-0.19147532,-0.0073260725,0.00080076006,0.98146975,-0.0029511405,0.008051597,-0.033275604,0.6899431,0.45179766,0.21981098,20.490124,-15.006648,1.2023501,0.1651542,0.062154736,0.6065234,-0.47947946,-599.44763,71.49349,37.746716,101.04818,-599.44763,71.49349,37.746716,101.04818,-1.0,1.0,1.0,1.0,0.0,0.4,0.4,0.4
12.55,20.492458,-15.005882,2.0036285,-0.1917594,-0.008401822,0.0037009313,0.981399,0.0006021346,0.0067496337,0.113623336,0.2583539,-0.07077972,-0.023109322,20.490095,-15.006635,1.2036326,0.16925234,0.0538902,0.24588792,-0.49587223,97.759766,-867.83966,-883.3995,-187.76604,97.759766,-867.83966,-883.3995,-187.76604,1.0,-1.0,-1.0,-1.0,33.524375915527344,-0.4,-0.4,-0.4
12.566666666666666,20.492435,-15.005977,2.003476,-0.19304623,-0.0043945564,0.0039281957,0.9811719,0.0035153152,0.0042829798,-0.05010901,-0.17480496,-0.6115202,0.21965672,20.49006,-15.006622,1.2034798,0.17007196,0.04624039,0.049177404,-0.45898852,-609.515,-470.10666,-582.48114,167.42087,-609.515,-470.10666,-582.48114,167.42087,-1.0,-1.0,-1.0,1.0,0.0,-0.4,-0.4,0.4
12.583333333333334,20.492393,-15.006049,2.0044835,-0.19334191,-0.0030622964,0.00550036,0.9811112,0.0038249963,0.003604704,0.09728474,0.2634728,-0.0537545,-0.023209365,20.49005,-15.006605,1.2044873,0.16788629,0.039820008,-0.13114034,-0.38522285,117.20785,29.352242,528.6231,-3878.14,117.20785,29.352242,528.6231,-3878.14,1.0,1.0,1.0,-1.0,33.524375915527344,0.4,0.4,-0.4
12.6,20.49233,-15.006109,2.0040584,-0.19461834,0.00079966825,0.0057417015,0.9808619,0.0047886195,0.0009035347,-0.066476,-0.16967914,-0.59449977,0.21957597,20.490042,-15.00659,1.2040621,0.16392477,0.034424156,-0.23769109,-0.3237511,-586.1646,-758.17633,-313.4491,171.10442,-586.1646,-758.17633,-313.4491,171.10442,-1.0,-1.0,-1.0,1.0,0.0,-0.4,-0.4,0.4
12.616666666666667,20.49227,-15.006114,2.0047922,-0.19490561,0.0030678522,0.0020534017,0.98081505,0.003117,-0.0017552285,0.0808373,-0.5931033,-0.04250717,-0.02365141,20.490038,-15.006573,1.2047956,0.15982664,0.032853212,-0.24588792,-0.09425662,151.20361,-280.1825,785.0931,-3649.8716,151.20361,-280.1825,785.0931,-3649.8716,1.0,-1.0,1.0,-1.0,33.524375915527344,-0.4,0.4,-0.4
12.633333333333333,20.492233,-15.006101,2.0040994,-0.19619846,0.00053754216,-0.00072768086,0.98056376,0.0016064115,-0.0012751016,-0.0824065,-0.15920696,0.49795142,0.2195475,20.49005,-15.006551,1.2041024,0.15641153,0.0322385,-0.20490645,-0.03688283,-556.5741,697.6599,260.76782,166.9822,-556.5741,697.6599,260.76782,166.9822,-1.0,1.0,1.0,1.0,0.0,0.4,0.4,0.4
12.65,20.492193,-15.006108,2.0045629,-0.19650307,-0.00061791425,0.0004293812,0.9805029,0.002570703,-9.5213414e-05,0.06459797,0.27122384,-0.02094458,-0.023228966,20.490063,-15.00653,1.2045661,0.15258661,0.030189436,-0.22949515,-0.12294374,280.8771,259.49695,-924.2197,-248.2289,280.8771,259.49695,-924.2197,-248.2289,1.0,1.0,-1.0,-1.0,33.524375915527344,0.4,-0.4,-0.4
12.666666666666666,20.492138,-15.006117,2.003593,-0.19779709,0.0029558416,0.00068980944,0.9802382,0.002868789,-0.0009902027,-0.09916292,-0.16191083,-0.56168956,0.219581,20.490084,-15.006506,1.203596,0.14712244,0.027867174,-0.32784995,-0.13933572,-428.9081,-436.823,-166.792,116.33974,-428.9081,-436.823,-166.792,116.33974,-1.0,-1.0,-1.0,1.0,0.0,-0.4,-0.4,0.4
12.683333333333334,20.492119,-15.006114,2.003783,-0.1981068,0.003851985,0.002287665,0.9801702,0.0007006719,-0.00016596328,0.048240654,0.27616453,-0.0039104223,-0.023328902,20.490116,-15.006476,1.2037859,0.14343412,0.025954721,-0.22129922,-0.11474713,339.83347,98.437355,852.06384,-3367.6453,339.83347,98.437355,852.06384,-3367.6453,1.0,1.0,1.0,-1.0,33.524375915527344,0.4,0.4,-0.4
12.7,20.492117,-15.006098,2.0025454,-0.19940858,0.0006834931,0.001259363,0.9799153,-0.00080496876,-0.0013571766,-0.115097195,-0.15205234,0.5312985,0.21929719,20.490149,-15.006452,1.2025478,0.14097525,0.025340002,-0.14753221,-0.036883164,-355.66705,-685.36707,243.8809,89.825455,-355.66705,-685.36707,243.8809,89.825455,-1.0,-1.0,1.0,1.0,0.0,-0.4,0.4,0.4
12.716666666666667,20.492111,-15.006082,2.0024645,-0.19971304,-0.00075904524,0.0024154773,0.9798511,5.1022915e-05,-0.00095110957,0.03190516,0.27829766,0.012361273,-0.023485726,20.49019,-15.006426,1.2024668,0.13756014,0.024656983,-0.20490645,-0.040981133,481.66083,36.2815,-907.3363,-256.72495,481.66083,36.2815,-907.3363,-256.72495,1.0,1.0,-1.0,-1.0,33.524375915527344,0.4,-0.4,-0.4
12.733333333333333,20.4921,-15.006061,2.0009494,-0.20099796,0.0025323571,0.002690312,0.9795847,0.0001008308,-0.0024716333,-0.1318362,-0.15481925,-0.5283779,0.21933907,20.490246,-15.006399,1.2009517,0.132779,0.024247171,-0.28686848,-0.024588702,-205.60658,-678.63965,-215.11986,100.49098,-205.60658,-678.63965,-215.11986,100.49098,-1.0,-1.0,-1.0,1.0,0.0,-0.4,-0.4,0.4
12.75,20.492102,-15.006002,2.0005932,-0.20128235,0.004258271,-0.0009746776,0.9795234,-0.0021020463,-0.0034239972,0.015467513,-0.57848305,0.02371329,-0.023934178,20.490301,-15.006368,1.2005954,0.12895408,0.026159627,-0.22949515,0.11474735,588.35986,-153.1597,849.17194,-3395.93,588.35986,-153.1597,849.17194,-3395.93,1.0,-1.0,1.0,-1.0,33.524375915527344,-0.4,0.4,-0.4
12.766666666666666,20.492128,-15.005937,1.9988102,-0.2025583,0.001178019,-0.0037655204,0.9792622,-0.0032394961,-0.0016194447,-0.1478099,-0.14472377,0.5640942,0.21920767,20.490362,-15.006335,1.1988124,0.12649521,0.02855019,-0.14753221,0.1434338,-70.071335,802.4449,334.4798,105.23599,-70.071335,802.4449,334.4798,105.23599,-1.0,1.0,1.0,1.0,0.0,0.4,0.4,0.4
12.783333333333333,20.492165,-15.005916,1.9981841,-0.20285553,-0.0005499202,-0.0026104786,0.979205,-0.0020750435,0.00046924903,-0.0008125983,0.28557977,0.045113742,-0.023582464,20.49043,-15.006304,1.1981862,0.12417293,0.027798872,-0.13933672,-0.0450791,767.42285,398.147,-909.20056,-257.50034,767.42285,398.147,-909.20056,-257.50034,1.0,1.0,-1.0,-1.0,33.524375915527344,0.4,-0.4,-0.4
12.8,20.492186,-15.005923,2.0000072,-0.2041544,0.0023464756,-0.0023208235,0.97893304,-0.00030333758,0.00035529264,0.14611182,-0.14395908,-0.47875455,0.21923418,20.490509,-15.006267,1.2000089,0.12007482,0.024588682,-0.24588658,-0.19261143,135.36728,-199.87903,-177.85052,41.560673,135.36728,-199.87903,-177.85052,41.560673,1.0,-1.0,-1.0,1.0,33.524375915527344,-0.4,-0.4,0.4
12.816666666666666,20.492218,-15.005941,2.0004015,-0.20446207,0.0026326615,-0.00071374193,0.97887063,-0.0017516136,0.002006539,-0.017143585,0.2902363,0.062088042,-0.023721453,20.490587,-15.00623,1.2004033,0.116796315,0.020695474,-0.19671051,-0.23359245,-648.262,368.51337,809.6286,-2370.6846,-648.262,368.51337,809.6286,-2370.6846,-1.0,1.0,1.0,-1.0,0.0,0.4,0.4,-0.4
12.833333333333334,20.492281,-15.005948,2.0019567,-0.20574942,-0.0012033527,-0.0017587522,0.97860235,-0.0040660594,0.0014896764,0.13015395,-0.13453305,0.6142149,0.218937,20.490677,-15.006193,1.2019583,0.11488386,0.017553587,-0.11474713,-0.18851323,102.06792,-377.59204,94.31371,31.694002,102.06792,-377.59204,94.31371,31.694002,1.0,-1.0,1.0,1.0,33.524375915527344,-0.4,0.4,0.4
12.85,20.492344,-15.005967,2.0020804,-0.20604257,-0.003252274,-0.00061225455,0.9785374,-0.0025572493,0.0026609406,-0.033519343,0.2920928,0.0783239,-0.023859914,20.49077,-15.006157,1.2020822,0.11269819,0.0135920765,-0.13114034,-0.23769058,-524.2449,328.44894,-958.94727,-107.02818,-524.2449,328.44894,-958.94727,-107.02818,-1.0,1.0,-1.0,-1.0,0.0,0.4,-0.4,-0.4
12.866666666666667,20.492365,-15.005992,2.0033584,-0.20733349,-0.0006356895,-0.00031323783,0.97827,-0.00019877264,0.0016750599,0.113405444,-0.1374537,-0.44554502,0.21896051,20.490868,-15.006117,1.2033598,0.10723403,0.0089475475,-0.3278495,-0.2786717,145.51756,-297.1958,-467.17325,53.23982,145.51756,-297.1958,-467.17325,53.23982,1.0,-1.0,-1.0,1.0,33.524375915527344,-0.4,-0.4,0.4
12.883333333333333,20.49239,-15.006024,2.0032077,-0.20763245,-0.000635959,0.0012903725,0.97820586,-0.00083825085,0.0023784644,-0.04985682,0.29660416,0.095261514,-0.024017716,20.490969,-15.006078,1.2032093,0.10176987,0.003824906,-0.3278495,-0.30735847,-631.6675,284.69366,613.97406,-2456.3665,-631.6675,284.69366,613.97406,-2456.3665,-1.0,1.0,1.0,-1.0,0.0,0.4,0.4,-0.4
12.9,20.492401,-15.006041,2.0042129,-0.20891638,0.0018367107,0.0015975138,0.9779305,0.00037630383,0.0009297234,0.097060144,-0.1329462,-0.42858428,0.21881345,20.49108,-15.006038,1.204214,0.094666466,-0.00020490568,-0.42620432,-0.2417887,161.78673,-493.36014,-322.27914,55.896492,161.78673,-493.36014,-322.27914,55.896492,1.0,-1.0,-1.0,1.0,33.524375915527344,-0.4,-0.4,0.4
12.916666666666666,20.492422,-15.006055,2.00379,-0.20921758,0.0016889276,0.003207225,0.97786236,-0.0011774402,0.0011345656,-0.06619653,0.30103937,0.112205714,-0.024175553,20.491192,-15.005996,1.2037911,0.08810948,-0.004234717,-0.39341924,-0.24178867,-617.7314,33.151375,757.4376,-2371.1428,-617.7314,33.151375,757.4376,-2371.1428,-1.0,1.0,1.0,-1.0,0.0,0.4,0.4,-0.4
12.933333333333334,20.492443,-15.006038,2.0045228,-0.21049514,0.0040176176,0.0035221062,0.97758025,-0.001002047,-0.00079690665,0.08072987,-0.12851565,-0.41161838,0.21867219,20.491314,-15.005956,1.2045238,0.080869466,-0.005873963,-0.4344007,-0.09835473,206.38303,-730.5486,-168.21071,49.999226,206.38303,-730.5486,-168.21071,49.999226,1.0,-1.0,-1.0,1.0,33.524375915527344,-0.4,-0.4,0.4
12.95,20.492464,-15.005995,2.0038264,-0.21077116,0.004889764,-0.000119967764,0.9775232,-0.0033659507,-0.0015975682,-0.08260876,-0.5561249,0.123721585,-0.024670126,20.491428,-15.005913,1.2038273,0.07417587,-0.005873963,-0.40161562,0.0,-579.3386,-264.77258,911.0193,-2319.8638,-579.3386,-264.77258,911.0193,-2319.8638,-1.0,-1.0,1.0,-1.0,0.0,-0.4,0.4,-0.4
12.966666666666667,20.49254,-15.005951,2.0042915,-0.21203941,0.0008770909,-0.002936065,0.97725624,-0.0059943916,-0.00038977386,0.064756885,-0.11903685,0.68089056,0.21839115,20.491552,-15.005875,1.2042922,0.07076078,-0.0054641515,-0.20490555,0.024588674,294.9714,734.721,188.13712,73.83444,294.9714,734.721,188.13712,73.83444,1.0,1.0,1.0,1.0,33.524375915527344,0.4,0.4,0.4
12.983333333333333,20.492632,-15.005922,2.0033255,-0.21232669,-0.0017488142,-0.0017959954,0.9771955,-0.004725349,0.0010724994,-0.09892401,0.30746627,0.14490598,-0.024404861,20.491686,-15.005835,1.2033262,0.06775549,-0.006283774,-0.1803173,-0.04917735,-347.7801,305.25128,-937.6687,-130.40489,-347.7801,305.25128,-937.6687,-130.40489,-1.0,1.0,-1.0,-1.0,0.0,0.4,-0.4,-0.4
13.0,20.492691,-15.005911,2.0035133,-0.21064581,0.00029970994,-0.0014850225,0.9775612,-0.003065166,0.0008305369,0.04800747,-0.12283409,-0.37896734,-0.26756975,20.491816,-15.005793,1.2035136,0.06270115,-0.008469434,-0.30326036,-0.13113962,417.90378,-300.46802,-440.80984,-3.1386278,417.90378,-300.46802,-440.80984,-3.1386278,1.0,-1.0,-1.0,-1.0,33.524375915527344,-0.4,-0.4,-0.4
13.016666666666666,20.492758,-15.005907,2.0022728,-0.20995308,-0.00027063585,0.000110108595,0.9777114,-0.0039040265,0.0015110048,-0.115254074,0.30985963,0.16193444,-0.024297852,20.49195,-15.0057535,1.2022735,0.057920013,-0.010996604,-0.28686827,-0.15163018,-305.10327,453.82794,446.19638,494.33603,-305.10327,453.82794,446.19638,494.33603,-1.0,1.0,1.0,1.0,0.0,0.4,0.4,0.4
13.033333333333333,20.492811,-15.005896,2.0021887,-0.21123746,0.0016337712,0.00041453232,0.9774332,-0.0030113773,0.0005247523,0.03167307,-0.11970549,-0.361973,0.21854469,20.492085,-15.005714,1.2021888,0.05204605,-0.01297736,-0.35243776,-0.11884532,515.8086,-462.32336,-362.82025,7.230814,515.8086,-462.32336,-362.82025,7.230814,1.0,-1.0,-1.0,1.0,33.524375915527344,-0.4,-0.4,0.4
13.049999999999999,20.492874,-15.005889,2.0006757,-0.21153614,0.00091605156,0.002012898,0.97736764,-0.0042988635,0.0008583972,-0.1315875,0.3140661,0.17882258,-0.024457593,20.492222,-15.005677,1.2006762,0.0467185,-0.01516302,-0.31965292,-0.13113962,-263.87845,99.907166,720.21875,-2269.8984,-263.87845,99.907166,720.21875,-2269.8984,-1.0,1.0,1.0,-1.0,0.0,0.4,0.4,-0.4
13.066666666666666,20.492935,-15.0058565,2.0003188,-0.21281536,0.002677222,0.0023232817,0.977086,-0.0040110974,-0.00069733243,0.015343719,-0.11550631,-0.34507173,0.2183949,20.492363,-15.005638,1.200319,0.04098114,-0.015641134,-0.34424162,-0.028686838,630.92535,-666.63434,-298.67615,6.5494075,630.92535,-666.63434,-298.67615,6.5494075,1.0,-1.0,-1.0,1.0,33.524375915527344,-0.4,-0.4,0.4
13.083333333333334,20.493,-15.005804,1.9985322,-0.2130956,0.0029925413,-0.0013293158,0.9770258,-0.005711778,-0.000745622,-0.14800137,-0.5432648,0.19029453,-0.02498273,20.492506,-15.005597,1.1985323,0.035380382,-0.014821511,-0.33604544,0.049177404,-124.619225,-160.91797,802.109,-2267.7092,-124.619225,-160.91797,802.109,-2267.7092,-1.0,-1.0,1.0,-1.0,0.0,-0.4,0.4,-0.4
13.1,20.493088,-15.005769,1.9979025,-0.21437465,0.004997133,-0.0027623463,0.97673476,-0.0059390906,0.0009766663,-0.0009748726,-0.11085816,-0.3286772,0.2182427,20.492651,-15.005561,1.1979027,0.03128227,-0.014889813,-0.2458868,-0.0040981355,815.9424,755.3275,-54.785164,34.078243,815.9424,755.3275,-54.785164,34.078243,1.0,1.0,-1.0,1.0,33.524375915527344,0.4,-0.4,0.4
13.116666666666667,20.493244,-15.005756,1.9997274,-0.21467426,0.0038793855,-0.0011575806,0.97667724,-0.00859965,0.0035035596,0.14641589,0.32631454,0.22899336,-0.024760293,20.492798,-15.005523,1.1997275,0.031965286,-0.016733963,0.04098102,-0.110649,46.56463,300.00235,929.49744,-2041.5115,46.56463,300.00235,929.49744,-2041.5115,1.0,1.0,1.0,-1.0,33.524375915527344,0.4,0.4,-0.4
13.133333333333333,20.493423,-15.005737,2.0001245,-0.21594785,-0.0012618841,-0.0022485633,0.9764015,-0.0104511855,0.0033733277,-0.017018015,-0.102160096,0.76428187,0.21797417,20.492945,-15.005487,1.2001247,0.034287553,-0.017895095,0.13933605,-0.06966791,-549.52057,-490.13516,267.7828,112.67815,-549.52057,-490.13516,267.7828,112.67815,-1.0,-1.0,1.0,1.0,0.0,-0.4,0.4,0.4
13.15,20.493591,-15.005747,2.0016785,-0.21622655,-0.0047084778,-0.0011338295,0.9763311,-0.0091033615,0.0051737493,0.12991205,0.3276235,0.24508679,-0.02481421,20.493097,-15.005452,1.2016785,0.035380382,-0.021105284,0.06556972,-0.19261132,156.36188,284.86823,-1049.9792,-165.72571,156.36188,284.86823,-1049.9792,-165.72571,1.0,1.0,-1.0,-1.0,33.524375915527344,0.4,-0.4,-0.4
13.166666666666666,20.493725,-15.005764,2.0017982,-0.2175071,-0.003408322,-0.00081510807,0.97605234,-0.0067649903,0.0044202,-0.033804372,-0.10545261,-0.29568586,0.2180194,20.493238,-15.005418,1.2017983,0.034833968,-0.024793588,-0.03278486,-0.22129822,-534.35486,-327.3007,-530.73016,155.2742,-534.35486,-327.3007,-530.73016,155.2742,-1.0,-1.0,-1.0,1.0,0.0,-0.4,-0.4,0.4
13.183333333333334,20.493853,-15.005798,2.003078,-0.21779084,-0.0048080445,0.0007723561,0.9759833,-0.00662833,0.005508621,0.113569655,0.33156544,0.2618966,-0.024966223,20.493395,-15.005386,1.2030782,0.032784913,-0.029506417,-0.12294329,-0.28276974,107.90879,328.49783,343.41428,-2390.0713,107.90879,328.49783,343.41428,-2390.0713,1.0,1.0,1.0,-1.0,33.524375915527344,0.4,0.4,-0.4
13.2,20.493958,-15.005829,2.0029254,-0.21906702,-0.0036496453,0.00109469,0.9757024,-0.00442448,0.0041270535,-0.0501545,-0.10150169,-0.27887598,0.21787176,20.493546,-15.005351,1.2029256,0.029506417,-0.03421925,-0.19670974,-0.28276998,-532.6198,-448.30206,-628.77673,169.88892,-532.6198,-448.30206,-628.77673,169.88892,-1.0,-1.0,-1.0,1.0,0.0,-0.4,-0.4,0.4
13.216666666666667,20.494043,-15.005863,2.0039325,-0.21935104,-0.005194724,0.0026807953,0.97562844,-0.0043268437,0.0044706576,0.097227626,0.33543253,0.27868894,-0.025102744,20.493702,-15.005323,1.203933,0.024452077,-0.038658876,-0.30326036,-0.26637754,143.47783,161.32909,204.22829,-2383.0007,143.47783,161.32909,204.22829,-2383.0007,1.0,1.0,1.0,-1.0,33.524375915527344,0.4,0.4,-0.4
13.233333333333333,20.494102,-15.00589,2.0035074,-0.22062333,-0.0041783005,0.003006392,0.97534543,-0.0021624453,0.0024381971,-0.0664992,-0.09762521,-0.26208368,0.21774639,20.493853,-15.005293,1.2035077,0.017895095,-0.04275699,-0.3934189,-0.2458868,-510.62836,-584.1621,-706.1677,178.68669,-510.62836,-584.1621,-706.1677,178.68669,-1.0,-1.0,-1.0,1.0,0.0,-0.4,-0.4,0.4
13.25,20.494133,-15.005892,2.004241,-0.22092476,-0.0046487236,-0.0006526324,0.9752795,-0.0019868338,0.0003522596,0.080832645,-0.5221949,0.29025668,-0.025676224,20.49401,-15.005266,1.2042412,0.008742643,-0.044806045,-0.5491471,-0.12294329,207.33115,-42.95088,8.297482,-2383.5876,207.33115,-42.95088,8.297482,-2383.5876,1.0,-1.0,1.0,-1.0,33.524375915527344,-0.4,0.4,-0.4
13.266666666666666,20.49415,-15.0058975,2.003543,-0.22220725,-0.0033736276,-0.002070248,0.9749914,0.00021581084,0.0010761352,-0.0828157,-0.09333645,-0.24577534,0.2175003,20.494173,-15.0052395,1.203543,-0.0016392454,-0.047128312,-0.62291324,-0.13933605,-409.36545,624.4104,-848.13214,271.0387,-409.36545,624.4104,-848.13214,271.0387,-1.0,1.0,-1.0,1.0,0.0,0.4,-0.4,0.4
13.283333333333333,20.494135,-15.005939,2.0040007,-0.22249703,0.0013542296,0.0009839175,0.9749319,0.0023965486,0.0023986083,0.06416962,0.33905268,-0.7643415,-0.0253133,20.494326,-15.005215,1.2040013,-0.013660379,-0.051841144,-0.721268,-0.28276986,297.57043,482.29816,-48.370502,-2155.7732,297.57043,482.29816,-48.370502,-2155.7732,1.0,1.0,-1.0,-1.0,33.524375915527344,0.4,-0.4,-0.4
13.299999999999999,20.494125,-15.005979,2.0030286,-0.22080168,0.0042623812,0.0017975521,0.97530776,0.00046854283,0.0015811711,-0.09917243,-0.09045141,-0.22824773,-0.2688066,20.494486,-15.005193,1.2030289,-0.025818117,-0.056280766,-0.72946423,-0.2663773,-487.33893,-401.14764,853.50696,-155.35379,-487.33893,-401.14764,853.50696,-155.35379,-1.0,-1.0,1.0,-1.0,0.0,-0.4,0.4,-0.4
13.316666666666666,20.494158,-15.005993,2.0032182,-0.22011131,0.0022816178,0.0033764152,0.9754662,-0.0021656759,0.0018829724,0.04822617,0.34610733,0.32935268,-0.025493762,20.49464,-15.005174,1.2032188,-0.034560762,-0.05867134,-0.52455866,-0.14343446,381.76834,124.94211,438.33038,422.49432,381.76834,124.94211,438.33038,422.49432,1.0,1.0,1.0,1.0,33.524375915527344,0.4,0.4,0.4
13.333333333333334,20.494194,-15.005995,2.001975,-0.22138284,0.002867996,0.0036873876,0.97517574,-0.0024492866,0.00013687398,-0.115508586,-0.086979575,-0.21149753,0.21737574,20.494797,-15.0051565,1.201976,-0.043166798,-0.06003738,-0.5163621,-0.081962265,-290.54727,-820.6323,-364.21414,137.99117,-290.54727,-820.6323,-364.21414,137.99117,-1.0,-1.0,-1.0,1.0,0.0,-0.4,-0.4,0.4
13.35,20.494247,-15.005956,2.0018911,-0.2216596,0.0019696201,1.7505412e-05,0.9751221,-0.004616812,-0.0012966744,0.031799506,-0.51163703,0.34089607,-0.02606668,20.49495,-15.005145,1.2018919,-0.0502702,-0.058056615,-0.42620412,0.11884577,471.79703,-268.76852,534.10504,-2046.2222,471.79703,-268.76852,534.10504,-2046.2222,1.0,-1.0,1.0,-1.0,33.524375915527344,-0.4,0.4,-0.4
13.366666666666667,20.494303,-15.005912,2.0003748,-0.22292694,0.0028160077,-0.0014158582,0.97483003,-0.0045563905,-0.0001548985,-0.13185477,-0.08286348,-0.19517606,0.21710716,20.4951,-15.005133,1.200376,-0.05710039,-0.055802654,-0.40981135,0.13523763,-148.46632,606.7026,-333.5517,210.98203,-148.46632,606.7026,-333.5517,210.98203,-1.0,1.0,-1.0,1.0,0.0,0.4,-0.4,0.4
13.383333333333333,20.494394,-15.005881,2.0000196,-0.22321264,0.0005493408,0.00015622396,0.9747696,-0.0062414403,0.0012405461,0.015525488,0.35381785,0.3624379,-0.025829209,20.495247,-15.005122,1.2000204,-0.061061904,-0.054368313,-0.23769087,0.08606046,638.87036,208.80313,552.08905,-1929.5748,638.87036,208.80313,552.08905,-1929.5748,1.0,1.0,1.0,-1.0,33.524375915527344,0.4,0.4,-0.4
13.4,20.494482,-15.00585,1.9982314,-0.22448254,0.00084759656,0.00047253745,0.97447765,-0.0057003126,0.0003749244,-0.1482138,-0.07925511,-0.17841294,0.21704978,20.495392,-15.005116,1.1982322,-0.06516002,-0.05252416,-0.24588703,0.11064916,-9.291404,-619.98206,-466.4481,76.295425,-9.291404,-619.98206,-466.4481,76.295425,-1.0,-1.0,-1.0,1.0,0.0,-0.4,-0.4,0.4
13.416666666666666,20.494587,-15.005815,1.9976035,-0.22476725,-0.0015632219,0.0020387631,0.97440904,-0.00677154,0.00089221215,-0.0008396736,0.35734734,0.37918448,-0.025878808,20.495533,-15.005112,1.1976047,-0.06775549,-0.050338503,-0.15572815,0.13113944,777.5536,29.471525,387.18268,-2068.56,777.5536,29.471525,387.18268,-2068.56,1.0,1.0,1.0,-1.0,33.524375915527344,0.4,0.4,-0.4
13.433333333333334,20.494663,-15.005763,1.9994262,-0.22603518,-0.0015137623,0.0023532836,0.974115,-0.005417292,-0.0008268673,0.1460779,-0.07224463,-0.14477877,0.21701188,20.495667,-15.005116,1.1994272,-0.07185361,-0.04630869,-0.24588703,0.24178883,138.18515,-748.4171,-600.71576,74.260864,138.18515,-748.4171,-600.71576,74.260864,1.0,-1.0,-1.0,1.0,33.524375915527344,-0.4,-0.4,0.4
13.45,20.494734,-15.005691,1.9998192,-0.22632198,-0.002856201,-0.0013235697,0.9740474,-0.0058583156,-0.0021442138,-0.017291887,-0.5005946,0.39075762,-0.026462717,20.495798,-15.005118,1.1998202,-0.07622493,-0.04098114,-0.26227933,0.31965292,-610.3518,-236.8823,239.12196,-1336.6995,-610.3518,-236.8823,239.12196,-1336.6995,-1.0,-1.0,1.0,-1.0,0.0,-0.4,0.4,-0.4
13.466666666666667,20.494781,-15.005644,2.001369,-0.22759145,-0.0025373558,-0.0027529714,0.97374946,-0.0038170181,-0.001322083,0.12970506,-0.068338715,-0.12852135,0.21670234,20.495926,-15.005122,1.2013702,-0.081962295,-0.037361138,-0.34424183,0.21720013,197.59212,567.5414,-850.6527,169.33302,197.59212,567.5414,-850.6527,169.33302,1.0,1.0,-1.0,1.0,33.524375915527344,0.4,-0.4,0.4
13.483333333333333,20.494835,-15.005616,2.0014904,-0.22785866,-0.0052719074,-0.0011974372,0.9736791,-0.0034821013,2.335431e-05,-0.03355884,0.36461163,0.41214836,-0.026208501,20.496052,-15.005129,1.2014916,-0.08715325,-0.03490227,-0.3114572,0.14753199,-593.72906,330.57764,48.232994,-1192.9722,-593.72906,330.57764,48.232994,-1192.9722,-1.0,1.0,1.0,-1.0,0.0,0.4,0.4,-0.4
13.5,20.494843,-15.0056,2.0027678,-0.2291217,-0.005508539,-0.0008813971,0.9733818,-0.0006162012,-0.0009008483,0.1133657,-0.06495719,-0.11184156,0.21668744,20.496176,-15.005135,1.2027692,-0.09548609,-0.033331327,-0.49997044,0.09425662,149.41925,-341.23956,-943.1851,54.766155,149.41925,-341.23956,-943.1851,54.766155,1.0,-1.0,-1.0,1.0,33.524375915527344,-0.4,-0.4,0.4
13.516666666666666,20.494818,-15.005603,2.0026116,-0.22939211,-0.0018332275,0.0021820134,0.97332984,0.0016578406,-0.00045245665,-0.050287478,0.36358368,-0.64741087,-0.026129821,20.496292,-15.00514,1.2026132,-0.105594784,-0.03312642,-0.6065216,0.012294351,-569.1168,237.4251,-380.5677,-1281.2241,-569.1168,237.4251,-380.5677,-1281.2241,-1.0,1.0,-1.0,-1.0,0.0,0.4,-0.4,-0.4
13.533333333333333,20.494783,-15.005583,2.003615,-0.22769232,-3.6012036e-05,0.0029834053,0.9737285,0.0011194155,-0.0020483062,0.09702995,-0.062323697,-0.094442256,-0.26956725,20.4964,-15.00515,1.2036166,-0.11584009,-0.03100906,-0.61471844,0.1270417,156.50467,-613.1851,441.95477,-205.10535,156.50467,-613.1851,441.95477,-205.10535,1.0,-1.0,1.0,-1.0,33.524375915527344,-0.4,0.4,-0.4
13.549999999999999,20.494736,-15.005547,2.0031853,-0.22696868,0.0047491957,0.0007868901,0.9738902,0.0011928966,-0.0033721724,-0.066732705,-0.49573147,-0.63454664,-0.026499927,20.496511,-15.005159,1.2031872,-0.12717824,-0.02773057,-0.6802886,0.1967094,-474.9159,-131.09897,-86.43335,540.8867,-474.9159,-131.09897,-86.43335,540.8867,-1.0,-1.0,-1.0,1.0,0.0,-0.4,-0.4,0.4
13.566666666666666,20.494738,-15.005499,2.0039158,-0.2252695,0.00681856,-0.0001636679,0.97427255,-0.0015883741,-0.0023050397,0.08067711,-0.059754424,-0.07616061,-0.26904458,20.49661,-15.005171,1.2039179,-0.13414504,-0.023495851,-0.41800794,0.25408307,175.57054,692.23987,826.1112,-1105.7264,175.57054,692.23987,826.1112,-1105.7264,1.0,1.0,1.0,-1.0,33.524375915527344,0.4,0.4,-0.4
13.583333333333334,20.494774,-15.005449,2.0032191,-0.22458059,0.0036477419,0.0013777709,0.97444767,-0.0041851527,-0.0015427237,-0.08257554,0.37372383,0.46438044,-0.025679126,20.496702,-15.005181,1.2032213,-0.13810655,-0.019192832,-0.23769109,0.25818115,-447.55658,9.372593,590.8017,446.3009,-447.55658,9.372593,590.8017,446.3009,-1.0,1.0,1.0,1.0,0.0,0.4,0.4,0.4
13.6,20.494825,-15.005379,2.0036788,-0.22585402,0.002975014,0.001659323,0.9741552,-0.004591643,-0.002659127,0.06433993,-0.055907167,-0.059711553,0.21723598,20.496786,-15.005196,1.2036812,-0.14042884,-0.013113963,-0.13933717,0.36473206,328.24963,-830.83954,-509.7678,31.261946,328.24963,-830.83954,-509.7678,31.261946,1.0,-1.0,-1.0,1.0,33.524375915527344,-0.4,-0.4,0.4
13.616666666666667,20.494884,-15.005289,2.002709,-0.22612782,0.0009108585,-0.0020471364,0.974095,-0.005921511,-0.002914419,-0.099043384,-0.48438668,0.47580823,-0.026274348,20.496868,-15.00521,1.2027113,-0.14206809,-0.005669057,-0.09835481,0.44669437,-434.8928,-325.78217,443.32452,-1062.6556,-434.8928,-325.78217,443.32452,-1062.6556,-1.0,-1.0,1.0,-1.0,0.0,-0.4,0.4,-0.4
13.633333333333333,20.494947,-15.005223,2.0028958,-0.22739144,0.00050781097,-0.003510864,0.97379696,-0.005085254,-0.0012912513,0.047944807,-0.052264176,-0.043496214,0.21687225,20.496935,-15.005221,1.2028983,-0.14234129,-0.00013660379,-0.016391871,0.33194718,474.9776,559.6943,-723.38776,89.496956,474.9776,559.6943,-723.38776,89.496956,1.0,1.0,-1.0,1.0,33.524375915527344,0.4,-0.4,0.4
13.65,20.495033,-15.005178,2.0016541,-0.2276616,-0.0029466485,-0.0019883318,0.9737337,-0.00512205,0.00014305674,-0.11533516,0.38046902,0.4972592,-0.026015252,20.497007,-15.005238,1.2016566,-0.14138506,0.004234717,0.05737334,0.26227924,-303.7558,280.7681,219.98813,-1027.3894,-303.7558,280.7681,219.98813,-1027.3894,-1.0,1.0,1.0,-1.0,0.0,0.4,0.4,-0.4
13.666666666666666,20.495083,-15.005151,2.001569,-0.22596925,-0.0038984937,-0.0017201757,0.97412515,-0.0028413252,-0.00016935216,0.03157747,-0.049161583,-0.026981227,-0.26909173,20.497066,-15.005251,1.2015713,-0.14206809,0.007171699,-0.040981468,0.17621888,502.8682,-394.4948,-879.0796,-5.5739594,502.8682,-394.4948,-879.0796,-5.5739594,1.0,-1.0,-1.0,-1.0,33.524375915527344,-0.4,-0.4,-0.4
13.683333333333334,20.49511,-15.00514,2.0000505,-0.2252628,-0.00092768343,0.001290472,0.9742967,-0.0015916993,6.250758e-05,-0.13206069,0.37886316,-0.56283545,-0.025647981,20.497116,-15.005262,1.2000532,-0.14370733,0.008742643,-0.09835481,0.09425662,-86.6453,313.11826,-398.70422,464.3019,-86.6453,313.11826,-398.70422,464.3019,-1.0,1.0,-1.0,1.0,0.0,0.4,-0.4,0.4
13.7,20.49514,-15.005111,1.9996908,-0.22356886,0.00015974123,0.0020529344,0.97468597,-0.0025987015,-0.0012262517,0.015263638,-0.046722054,-0.010012269,-0.26907837,20.497166,-15.005274,1.1996936,-0.14507338,0.011679623,-0.081962936,0.17621882,640.14087,-627.34174,522.43274,-207.8296,640.14087,-627.34174,522.43274,-207.8296,1.0,-1.0,1.0,-1.0,33.524375915527344,-0.4,0.4,-0.4
13.716666666666667,20.495161,-15.005053,2.0017815,-0.22285411,0.0041154358,-0.00019437824,0.9748431,-0.0013157809,-0.0033500493,0.16218266,-0.47637153,-0.53350514,-0.026049452,20.497202,-15.005285,1.2017839,-0.1461662,0.016665662,-0.065569274,0.2991623,3.1885111,-123.91471,-87.50035,449.48715,3.1885111,-123.91471,-87.50035,449.48715,1.0,-1.0,-1.0,1.0,33.524375915527344,-0.4,-0.4,0.4
13.733333333333333,20.49519,-15.0049925,2.0024438,-0.22115989,0.005432629,-0.0011820511,0.9752217,-0.0034439634,-0.0021964223,-0.0010660127,-0.04371378,0.00803807,-0.26864713,20.49723,-15.005295,1.2024465,-0.1461662,0.0216517,0.0,0.2991623,-717.03503,676.5452,851.1941,-268.74487,-717.03503,676.5452,851.1941,-268.74487,-1.0,1.0,1.0,-1.0,0.0,0.4,0.4,-0.4
13.75,20.495235,-15.004938,2.0003846,-0.22046684,0.0015547469,0.00034909247,0.9753931,-0.004848265,-0.0016260934,-0.16433471,0.3900873,0.54863626,-0.025259085,20.497257,-15.005308,1.2003875,-0.14480017,0.026501136,0.08196204,0.29096612,-20.674063,39.587784,382.6061,374.66708,-20.674063,39.587784,382.6061,374.66708,-1.0,1.0,1.0,1.0,0.0,0.4,0.4,0.4
13.766666666666666,20.495283,-15.004873,1.9994818,-0.22174422,0.00016874688,0.00061470293,0.9751046,-0.0042107436,-0.0026445421,-0.017429488,-0.039617304,0.024286,0.2176801,20.497276,-15.005319,1.1994846,-0.1427511,0.031896982,0.12294441,0.32375076,671.6197,-731.35004,-705.73834,6.580556,671.6197,-731.35004,-705.73834,6.580556,1.0,-1.0,-1.0,1.0,33.524375915527344,-0.4,-0.4,0.4
13.783333333333333,20.49533,-15.004791,2.0010328,-0.22202808,-0.0027312657,-0.0031078388,0.97503144,-0.005737846,-0.003820269,0.12983711,-0.46462262,0.57662517,-0.025859691,20.497282,-15.005324,1.2010353,-0.1397458,0.03818076,0.18031774,0.3770267,146.58849,-204.04315,5.082312,-1081.105,146.58849,-204.04315,5.082312,-1081.105,1.0,-1.0,1.0,-1.0,33.524375915527344,-0.4,0.4,-0.4
13.799999999999999,20.495373,-15.00472,2.001152,-0.22329664,-0.0038893179,-0.00458998,0.9747319,-0.0037234721,-0.0023631868,-0.033832386,-0.036247734,0.040420476,0.21726497,20.497284,-15.00533,1.2011545,-0.13687712,0.043713216,0.17212091,0.33194727,-442.5226,545.9499,-933.7199,253.50288,-442.5226,545.9499,-933.7199,253.50288,-1.0,1.0,-1.0,1.0,0.0,0.4,-0.4,0.4
13.816666666666666,20.495392,-15.004704,2.002426,-0.2235845,-0.0015943033,-0.0016063295,0.97468185,-0.00082150206,4.16345e-05,0.11319378,0.39517927,-0.4782799,-0.025538024,20.49728,-15.00533,1.2024285,-0.13523787,0.044806045,0.09835481,0.06556972,200.20451,401.38266,-427.9508,-1071.2811,200.20451,401.38266,-427.9508,-1071.2811,1.0,1.0,-1.0,-1.0,33.524375915527344,0.4,-0.4,-0.4
13.833333333333334,20.495409,-15.004695,2.002271,-0.22189355,-0.0011093745,-0.0008685334,0.97506976,-0.0010808111,-0.00020055275,-0.050143976,-0.033714786,0.057548,-0.26895252,20.497274,-15.005329,1.2022736,-0.13359863,0.045420762,0.09835481,0.036883052,-558.3794,-410.61218,483.337,-23.575346,-558.3794,-410.61218,483.337,-23.575346,-1.0,-1.0,1.0,-1.0,0.0,-0.4,0.4,-0.4
13.85,20.49541,-15.004698,2.0032725,-0.22119041,0.0010504036,0.002100119,0.9752278,0.00040631823,0.00083599205,0.096857205,0.39798653,-0.4614961,-0.025493247,20.497255,-15.005323,1.203275,-0.13209598,0.044806045,0.09015887,-0.036883052,232.95103,181.2293,-344.2933,393.10114,232.95103,181.2293,-344.2933,393.10114,1.0,1.0,-1.0,1.0,33.524375915527344,0.4,-0.4,0.4
13.866666666666667,20.495422,-15.004693,2.0028453,-0.21949859,0.0013891708,0.002833501,0.9756077,-0.0009669127,-0.00041801063,-0.06648046,-0.03082195,0.07428856,-0.2689024,20.497238,-15.005317,1.2028477,-0.1300469,0.044669442,0.12294441,-0.008196159,-568.6384,-708.0285,645.19293,-27.852713,-568.6384,-708.0285,645.19293,-27.852713,-1.0,-1.0,1.0,-1.0,0.0,-0.4,0.4,-0.4
13.883333333333333,20.495428,-15.004661,2.0035734,-0.21878104,0.004621658,0.0005481279,0.9757628,-0.00070981786,-0.0022071803,0.080436826,-0.46020564,-0.44948828,-0.025908088,20.497208,-15.005309,1.2035758,-0.12745143,0.046445295,0.15572815,0.10655119,238.55577,-206.21837,-155.89154,390.75223,238.55577,-206.21837,-155.89154,390.75223,1.0,-1.0,-1.0,1.0,33.524375915527344,-0.4,-0.4,0.4
13.9,20.495447,-15.004621,2.0028734,-0.21708551,0.005220331,-0.00046550107,0.97613853,-0.0031147327,-0.0010733462,-0.08281235,-0.027389899,0.09215556,-0.26854846,20.497175,-15.005299,1.2028756,-0.12376312,0.048562653,0.22129877,0.12704147,-536.9744,598.9216,838.85645,-172.00319,-536.9744,598.9216,838.85645,-172.00319,-1.0,1.0,1.0,-1.0,0.0,0.4,0.4,-0.4
13.916666666666666,20.495522,-15.004565,2.003334,-0.21636227,0.0017219076,-0.0041832216,0.97630256,-0.005863331,-0.0013264809,0.0644715,-0.45072716,0.64487195,-0.025851106,20.497135,-15.005281,1.2033361,-0.11556688,0.05129473,0.4917745,0.16392453,319.81726,-22.521835,208.29532,323.4126,319.81726,-22.521835,208.29532,323.4126,1.0,-1.0,1.0,1.0,33.524375915527344,-0.4,0.4,0.4
13.933333333333334,20.495598,-15.004522,2.0023627,-0.21762258,-2.6126816e-05,-0.005675502,0.97601646,-0.004887544,0.0009312141,-0.09919818,-0.022581205,0.108701326,0.2172583,20.497091,-15.005267,1.2023644,-0.106960826,0.053343784,0.5163632,0.12294329,-289.88245,614.29364,-658.1262,170.13838,-289.88245,614.29364,-658.1262,170.13838,-1.0,1.0,-1.0,1.0,0.0,0.4,-0.4,0.4
13.95,20.495678,-15.00454,2.002547,-0.21792018,0.0017059112,-0.0027213716,0.9759613,-0.003579339,0.0036987062,0.047818065,0.4085443,-0.40995583,-0.02552998,20.497038,-15.00525,1.2025486,-0.09739854,0.050816614,0.57373697,-0.15163018,457.54327,494.9837,-55.83973,-831.70355,457.54327,494.9837,-55.83973,-831.70355,1.0,1.0,-1.0,-1.0,33.524375915527344,0.4,-0.4,-0.4
13.966666666666667,20.495771,-15.004563,2.0013018,-0.21622899,0.0016174035,-0.0019949146,0.9763393,-0.0047805156,0.003933021,-0.11552529,-0.020075768,0.12573692,-0.26893184,20.496986,-15.005228,1.2013029,-0.08701664,0.047606427,0.62291396,-0.1926112,-300.70972,-348.56177,836.9589,-96.10872,-300.70972,-348.56177,836.9589,-96.10872,-1.0,-1.0,1.0,-1.0,0.0,-0.4,0.4,-0.4
13.983333333333333,20.495872,-15.004604,2.0012133,-0.21553382,0.0032161556,0.0009523742,0.97649056,-0.004454337,0.005232398,0.03147492,0.41171467,-0.39333674,-0.025452346,20.496927,-15.005205,1.2012142,-0.07554191,0.043030195,0.68848366,-0.27457392,535.7734,265.05518,-13.276989,294.43005,535.7734,265.05518,-13.276989,294.43005,1.0,1.0,-1.0,1.0,33.524375915527344,0.4,-0.4,0.4
14.0,20.495989,-15.00464,1.9996957,-0.21384327,0.0029821212,0.0016780376,0.976862,-0.0063662142,0.0043630595,-0.1318705,-0.016817346,0.14231431,-0.26884875,20.496866,-15.005179,1.1996963,-0.06283776,0.038658876,0.76224935,-0.26227912,-217.20749,-632.42694,981.0843,-106.25365,-217.20749,-632.42694,981.0843,-106.25365,-1.0,-1.0,1.0,-1.0,0.0,-0.4,0.4,-0.4
14.016666666666666,20.49613,-15.004644,1.9993385,-0.21313345,-0.00095667463,-0.0020305798,0.97702044,-0.0080283545,0.0034492733,0.01540673,-0.4398669,0.69491535,-0.026160175,20.496803,-15.005153,1.1993393,-0.04822114,0.03640491,0.87699693,-0.13523786,599.5183,-100.2348,131.94185,294.75302,599.5183,-100.2348,131.94185,294.75302,1.0,-1.0,1.0,1.0,33.524375915527344,-0.4,0.4,0.4
14.033333333333333,20.496262,-15.004676,2.001433,-0.21439746,-0.0032405409,-0.0035148684,0.97673476,-0.006976098,0.004678248,0.16238351,-0.008271247,0.17561156,0.21694624,20.496733,-15.005121,1.2014333,-0.03374114,0.031896982,0.8688001,-0.27047572,29.843164,540.56696,-843.25757,142.57156,29.843164,540.56696,-843.25757,142.57156,1.0,1.0,-1.0,1.0,33.524375915527344,0.4,-0.4,0.4
14.049999999999999,20.49638,-15.004732,2.0020938,-0.21467772,-0.0019601914,-0.0005703645,0.9766828,-0.0048120124,0.0063640485,-0.001276337,0.41897726,-0.35989738,-0.025810933,20.49666,-15.005087,1.2020943,-0.020080756,0.025408303,0.8196229,-0.3893207,-654.866,334.6694,-120.0464,-252.55412,-654.866,334.6694,-120.0464,-252.55412,-1.0,1.0,-1.0,-1.0,0.0,0.4,-0.4,-0.4
14.066666666666666,20.496502,-15.004784,2.000031,-0.2129799,-0.002475789,0.00014643253,0.97705334,-0.004871455,0.0055524614,-0.16462958,-0.009459227,0.1757091,-0.26919436,20.496588,-15.0050535,1.2000312,-0.0061471704,0.019329436,0.8360151,-0.364732,-65.93593,-467.55667,556.0419,-111.45792,-65.93593,-467.55667,556.0419,-111.45792,-1.0,-1.0,1.0,-1.0,0.0,-0.4,0.4,-0.4
14.083333333333334,20.496603,-15.004843,1.9991251,-0.21226697,-0.001294049,0.0030837948,0.977206,-0.0034104972,0.0055197477,-0.017640764,0.42237943,-0.34343484,-0.025688116,20.49652,-15.005017,1.199125,0.0060105664,0.012499247,0.7294641,-0.40981135,736.87103,149.04561,-409.7047,306.44077,736.87103,149.04561,-409.7047,306.44077,1.0,1.0,-1.0,1.0,33.524375915527344,0.4,-0.4,0.4
14.1,20.496685,-15.0048685,2.0006728,-0.21057206,-0.00206171,0.0038017584,0.9775687,-0.0042960043,0.0037156553,0.12966715,-0.0023684353,0.20897758,-0.2690649,20.496449,-15.004981,1.2006732,0.016938869,0.008059624,0.6556981,-0.26637736,89.26446,-776.6659,517.7912,-107.791916,89.26446,-776.6659,517.7912,-107.791916,1.0,-1.0,1.0,-1.0,33.524375915527344,-0.4,0.4,-0.4
14.116666666666667,20.496752,-15.004878,2.0007877,-0.20986344,0.00011261938,0.00148355,0.9777295,-0.0031799646,0.0017375461,-0.03404614,-0.434981,-0.33218986,-0.026127053,20.496382,-15.004947,1.2007881,0.026501136,0.004917736,0.573736,-0.18851323,-499.4306,-266.6972,-259.5142,493.0779,-499.4306,-266.6972,-259.5142,493.0779,-1.0,-1.0,-1.0,1.0,0.0,-0.4,-0.4,0.4
14.133333333333333,20.496826,-15.004879,2.0020628,-0.20816822,-0.0004086857,0.00045801912,0.97809285,-0.004426556,0.0021132661,0.11335316,0.001730755,0.22651711,-0.26880264,20.496315,-15.0049095,1.2020628,0.036609817,0.0021856606,0.60652083,-0.16392452,91.31124,596.9327,590.64105,-261.23566,91.31124,596.9327,590.64105,-261.23566,1.0,1.0,1.0,-1.0,33.524375915527344,0.4,0.4,-0.4
14.15,20.496893,-15.004875,2.0019054,-0.20746265,0.0016124699,-0.0018605038,0.97823983,-0.003646439,0.0014029056,-0.050368585,-0.43085358,-0.31474704,-0.02587344,20.496248,-15.004873,1.2019056,0.046172082,-0.00013660379,0.5737359,-0.13933586,-473.37997,-52.19702,-155.10526,457.02853,-473.37997,-52.19702,-155.10526,457.02853,-1.0,-1.0,-1.0,1.0,0.0,-0.4,-0.4,0.4
14.166666666666666,20.496986,-15.004886,2.002908,-0.20576473,0.00094482314,-0.0028781372,0.9785968,-0.0051464704,0.003074454,0.09703176,0.005943954,0.24401495,-0.2685511,20.496183,-15.004833,1.2029086,0.0575102,-0.0037566042,0.68028706,-0.21720001,157.25325,806.6273,655.0233,-124.85374,157.25325,806.6273,655.0233,-124.85374,1.0,1.0,1.0,-1.0,33.524375915527344,0.4,0.4,-0.4
14.183333333333334,20.49708,-15.00492,2.002479,-0.20506926,0.0016747023,6.0809387e-05,0.978746,-0.004613205,0.0042614187,-0.06662999,0.43418998,-0.2919962,-0.02501916,20.496119,-15.004799,1.2024797,0.06884832,-0.00867434,0.68028706,-0.29506415,-435.13123,222.85596,-9.048491,413.95566,-435.13123,222.85596,-9.048491,413.95566,-1.0,1.0,-1.0,1.0,0.0,0.4,-0.4,0.4
14.2,20.497196,-15.004936,2.0032098,-0.20337869,0.00047845393,0.00079970463,0.9790997,-0.0062302435,0.0036235251,0.08066596,0.00977549,0.26029176,-0.26838413,20.496061,-15.00476,1.203211,0.08127928,-0.01263585,0.7458575,-0.23769058,230.69775,-639.0082,722.2382,-125.09064,230.69775,-639.0082,722.2382,-125.09064,1.0,-1.0,1.0,-1.0,33.524375915527344,-0.4,0.4,-0.4
14.216666666666667,20.497303,-15.004944,2.0025077,-0.20267297,0.0022005003,-0.0015197521,0.97924274,-0.005809294,0.0030251327,-0.08304536,-0.42275223,-0.28116298,-0.025468465,20.496006,-15.0047245,1.202509,0.09289061,-0.015709436,0.69668007,-0.1844151,-406.0944,-113.15206,-63.552,429.91577,-406.0944,-113.15206,-63.552,429.91577,-1.0,-1.0,-1.0,1.0,0.0,-0.4,-0.4,0.4
14.233333333333333,20.497438,-15.004963,2.0029655,-0.2009757,0.0012390334,-0.0025235713,0.9795922,-0.007471987,0.004656847,0.06434962,0.014171034,0.27769667,-0.26815045,20.495953,-15.004686,1.2029668,0.10641441,-0.01980755,0.81142765,-0.2458868,286.7717,775.7445,726.56744,-123.13557,286.7717,775.7445,726.56744,-123.13557,1.0,1.0,1.0,-1.0,33.524375915527344,0.4,0.4,-0.4
14.25,20.4976,-15.0049925,2.0019965,-0.20026158,-0.0049067973,-0.0008872386,0.9797298,-0.0074748127,0.0055537885,-0.09900969,0.44907397,0.81863296,-0.024679448,20.495903,-15.004651,1.2019985,0.121577464,-0.024452077,0.90978336,-0.27867165,-322.58023,161.01143,36.866337,391.68594,-322.58023,161.01143,36.866337,391.68594,-1.0,1.0,1.0,1.0,0.0,0.4,0.4,0.4
14.266666666666666,20.49771,-15.005031,2.002184,-0.20154095,-0.008584499,-0.0005528734,0.9794423,-0.0044501633,0.0044949194,0.04787431,0.019106984,0.2932946,0.21846242,20.495863,-15.004617,1.2021862,0.13223258,-0.029643022,0.6393067,-0.31145665,322.77734,-504.37704,-991.2107,79.934685,322.77734,-504.37704,-991.2107,79.934685,1.0,-1.0,-1.0,1.0,33.524375915527344,-0.4,-0.4,0.4
14.283333333333333,20.497786,-15.005088,2.0009375,-0.2018127,-0.008270784,0.0023976616,0.9793862,-0.000986875,0.004244875,-0.11577751,0.4456606,-0.2421003,-0.024245892,20.495825,-15.004585,1.2009399,0.14042884,-0.0359951,0.49177584,-0.38112468,-280.15213,93.17035,-910.0207,-268.35452,-280.15213,93.17035,-910.0207,-268.35452,-1.0,1.0,-1.0,-1.0,0.0,0.4,-0.4,-0.4
14.299999999999999,20.49779,-15.005136,2.0008445,-0.2000979,-0.0032940803,0.0044533536,0.97976017,0.0022571685,0.0019788365,0.03114959,0.014784694,-0.76691705,-0.26761538,20.495802,-15.004553,1.2008471,0.14234129,-0.04173246,0.11474668,-0.34424162,531.3865,-706.7872,-355.7038,-81.80109,531.3865,-706.7872,-355.7038,-81.80109,1.0,-1.0,-1.0,-1.0,33.524375915527344,-0.4,-0.4,-0.4
14.316666666666666,20.497768,-15.005164,1.9993218,-0.19939114,0.00019299387,0.0025489083,0.97991663,0.0013329363,0.00021880504,-0.13218947,-0.41454107,-0.23082125,-0.02474419,20.495779,-15.004525,1.1993248,0.1424779,-0.04576227,0.00819683,-0.24178861,-237.19112,-244.51355,627.26495,404.29977,-237.19112,-244.51355,627.26495,404.29977,-1.0,-1.0,1.0,1.0,0.0,-0.4,0.4,0.4
14.333333333333334,20.49776,-15.005172,1.9989613,-0.19770527,-0.00120449,0.0015286545,0.9802596,0.0002688053,0.0003755643,0.015217075,0.02247651,0.32811075,-0.26747954,20.495766,-15.004497,1.1989639,0.14288771,-0.048357747,0.024588702,-0.1557286,627.55426,510.98077,300.8197,-72.23116,627.55426,510.98077,300.8197,-72.23116,1.0,1.0,1.0,-1.0,33.524375915527344,0.4,0.4,-0.4
14.35,20.497732,-15.005168,2.0010514,-0.197011,-0.00017770052,-0.0008054782,0.98040086,0.0016825635,-0.0016055887,0.16212626,-0.40616706,-0.19681013,-0.024590248,20.495764,-15.0044775,1.201054,0.14097525,-0.049450576,-0.11474758,-0.06556972,17.55646,-136.1097,-627.82715,466.89337,17.55646,-136.1097,-627.82715,466.89337,1.0,-1.0,-1.0,1.0,33.524375915527344,-0.4,-0.4,0.4
14.366666666666667,20.497705,-15.005159,2.0017128,-0.19829753,-0.0017578854,-0.0018090139,0.98013854,0.00089854747,-0.00078175566,-0.0011245736,0.027643606,0.3448103,0.21867535,20.495762,-15.004455,1.2017154,0.13919939,-0.050475106,-0.10655164,-0.061471757,-707.4692,721.66766,332.29337,170.00473,-707.4692,721.66766,332.29337,170.00473,-1.0,1.0,1.0,1.0,0.0,0.4,0.4,0.4
14.383333333333333,20.49768,-15.005167,1.9996481,-0.19859065,-0.0018694304,0.0011219434,0.98008007,0.0023067733,-0.0004801547,-0.16477664,0.45393652,-0.19057034,-0.024023112,20.495766,-15.0044365,1.1996506,0.13715033,-0.052319255,-0.12294351,-0.11064894,-11.521929,53.22453,-733.73956,-241.43057,-11.521929,53.22453,-733.73956,-241.43057,-1.0,1.0,-1.0,-1.0,0.0,0.4,-0.4,-0.4
14.4,20.497622,-15.005165,1.9987379,-0.19689132,0.002681795,0.003154805,0.98041654,0.002996201,-0.0019555893,-0.017878477,0.0231359,-0.7155064,-0.26732993,20.495773,-15.004418,1.1987407,0.13236919,-0.053480387,-0.28686848,-0.06966791,793.1241,-743.66504,-87.03026,-76.22982,793.1241,-743.66504,-87.03026,-76.22982,1.0,-1.0,-1.0,-1.0,33.524375915527344,-0.4,-0.4,-0.4
14.416666666666666,20.497593,-15.005113,2.0002813,-0.19617768,0.0056219883,0.0012313884,0.9805515,0.0010164971,-0.004060844,0.12942247,-0.4021808,-0.16263846,-0.024462448,20.495802,-15.004406,1.2002836,0.12827106,-0.05061171,-0.24588792,0.17212069,86.28272,-297.27194,861.36774,404.54224,86.28272,-297.27194,861.36774,404.54224,1.0,-1.0,1.0,1.0,33.524375915527344,-0.4,0.4,0.4
14.433333333333334,20.497585,-15.005051,2.0003977,-0.19746529,0.00375788,0.00019794532,0.9803026,-0.0016315317,-0.0034695433,-0.03383011,0.031606674,0.37901127,0.21877694,20.495829,-15.004397,1.2004002,0.12581219,-0.046786804,-0.14753221,0.22949426,-609.3341,371.51843,687.9099,153.15479,-609.3341,371.51843,687.9099,153.15479,-1.0,1.0,1.0,1.0,0.0,0.4,0.4,0.4
14.45,20.4976,-15.004979,2.0016704,-0.19775252,0.0043594404,-0.002160104,0.9802398,-0.0018766288,-0.0041725524,0.11307025,-0.39909345,-0.14610419,-0.024604272,20.495865,-15.004391,1.2016727,0.12430954,-0.042142272,-0.09015887,0.2786719,184.72865,-368.79645,-279.8175,-252.9674,184.72865,-368.79645,-279.8175,-252.9674,1.0,-1.0,-1.0,-1.0,33.524375915527344,-0.4,-0.4,-0.4
14.466666666666667,20.497635,-15.004909,2.001514,-0.19903232,0.0023524307,-0.0031967652,0.9799848,-0.0038178572,-0.0025486546,-0.05019404,0.034662887,0.3955236,0.2186318,20.495905,-15.004383,1.2015162,0.12389973,-0.037634347,-0.024588702,0.2704755,-556.4803,674.72296,601.416,122.65173,-556.4803,674.72296,601.416,122.65173,-1.0,1.0,1.0,1.0,0.0,0.4,0.4,0.4
14.483333333333333,20.497679,-15.004861,2.0025136,-0.19932158,0.002816943,-0.0055557573,0.97991425,-0.0033410522,-0.0020852024,0.0967164,-0.39605278,-0.12959325,-0.024753552,20.495949,-15.00438,1.2025156,0.12389973,-0.034424156,0.0,0.19261143,249.44298,-23.292002,-378.91745,-258.811,249.44298,-23.292002,-378.91745,-258.811,1.0,-1.0,-1.0,-1.0,33.524375915527344,-0.4,-0.4,-0.4
14.5,20.497744,-15.004827,2.002085,-0.20059253,0.0006674263,-0.0065967776,0.9796522,-0.0044676806,0.00054687983,-0.06654329,0.037672922,0.41201687,0.21848756,20.496,-15.004379,1.2020873,0.12485595,-0.032033592,0.05737334,0.1434338,-480.68512,889.5047,524.1691,93.356,-480.68512,889.5047,524.1691,93.356,-1.0,1.0,1.0,1.0,0.0,0.4,0.4,0.4
14.516666666666666,20.497822,-15.004851,2.0028133,-0.2008886,-0.00012485872,-0.0036978072,0.97960705,-0.0031712172,0.0038079885,0.080454744,0.46750164,-0.10659787,-0.024193356,20.496065,-15.004377,1.2028155,0.12581219,-0.033946045,0.057374235,-0.11474713,316.5135,400.23465,-492.1523,-257.18997,316.5135,400.23465,-492.1523,-257.18997,1.0,1.0,-1.0,-1.0,33.524375915527344,0.4,-0.4,-0.4
14.533333333333333,20.497902,-15.004884,2.002112,-0.20216785,-0.0027831872,-0.002991716,0.9793423,-0.0033535166,0.003995088,-0.08290891,0.040153414,0.42899302,0.21840917,20.496124,-15.004377,1.202114,0.12731484,-0.03626831,0.09015887,-0.13933583,-424.03268,-388.6528,295.9572,33.14329,-424.03268,-388.6528,295.9572,33.14329,-1.0,-1.0,1.0,1.0,0.0,-0.4,0.4,0.4
14.549999999999999,20.497965,-15.004954,2.0025673,-0.20245312,-0.0037214863,-0.00010158426,0.9792849,-0.0011002431,0.0056538596,0.0640682,0.46992245,-0.089659885,-0.024264311,20.496199,-15.004383,1.2025695,0.12649521,-0.040912837,-0.049177404,-0.27867165,371.4698,212.91327,-846.8068,-260.069,371.4698,212.91327,-846.8068,-260.069,1.0,1.0,-1.0,-1.0,33.524375915527344,0.4,-0.4,-0.4
14.566666666666666,20.497993,-15.005028,2.0015883,-0.20373192,8.104683e-05,0.001923002,0.97902477,0.00012088148,0.004400374,-0.09967939,0.036885858,-0.6312345,0.2184621,20.49627,-15.004384,1.2015907,0.12348992,-0.04610378,-0.18031774,-0.31145653,-350.965,-583.36566,-112.65551,65.62368,-350.965,-583.36566,-112.65551,65.62368,-1.0,-1.0,-1.0,1.0,0.0,-0.4,-0.4,0.4
14.583333333333334,20.49803,-15.005077,2.0017684,-0.20401834,0.002324453,8.652827e-06,0.97896427,-0.0011794642,0.0031666732,0.047657862,-0.38558406,-0.07845464,-0.024935061,20.49635,-15.004393,1.2017704,0.12034803,-0.049040765,-0.18851323,-0.1762191,407.57596,-260.08054,919.6371,-3496.4307,407.57596,-260.08054,919.6371,-3496.4307,1.0,-1.0,1.0,-1.0,33.524375915527344,-0.4,0.4,-0.4
14.6,20.498083,-15.0051155,2.0005221,-0.20529927,-0.0002471262,-0.0010433998,0.97869855,-0.002176138,0.004019305,-0.11560106,0.048048794,0.4630943,0.21829826,20.496431,-15.004397,1.2005241,0.118298955,-0.05143133,-0.12294441,-0.14343402,-307.27304,676.0694,428.657,109.767296,-307.27304,676.0694,428.657,109.767296,-1.0,1.0,1.0,1.0,0.0,0.4,0.4,0.4
14.616666666666667,20.498135,-15.005178,2.0004327,-0.20559125,-0.0014857043,0.0018490839,0.978635,-0.00089666806,0.0049755485,0.031371906,0.47773367,-0.0555723,-0.024365654,20.496525,-15.004411,1.200435,0.115293674,-0.054983035,-0.18031685,-0.21310216,575.04065,4.5473194,-752.0333,-265.0847,575.04065,4.5473194,-752.0333,-265.0847,1.0,1.0,-1.0,-1.0,33.524375915527344,0.4,-0.4,-0.4
14.633333333333333,20.498165,-15.005241,1.9989095,-0.20686392,0.002021626,0.0038887046,0.9783598,-0.00072123786,0.003149769,-0.1323708,0.04470992,-0.5971391,0.21839234,20.496618,-15.004423,1.1989113,0.11078574,-0.058603037,-0.27047616,-0.21720013,-134.07117,-791.85724,-10.071359,48.74412,-134.07117,-791.85724,-10.071359,48.74412,-1.0,-1.0,-1.0,1.0,0.0,-0.4,-0.4,0.4
14.65,20.498215,-15.005259,1.9985446,-0.2071429,0.003979508,0.0019850326,0.9783006,-0.0029274218,0.0015197012,0.014968726,-0.37790042,-0.0443103,-0.025006428,20.496721,-15.004441,1.1985466,0.106960826,-0.058534734,-0.2294947,0.0040981914,631.0383,-471.6204,1010.3197,-3407.7927,631.0383,-471.6204,1010.3197,-3407.7927,1.0,-1.0,1.0,-1.0,33.524375915527344,-0.4,0.4,-0.4
14.666666666666666,20.498293,-15.005261,1.9967529,-0.20842744,0.0011225825,0.0009261538,0.97803664,-0.004329308,0.0018741572,-0.14830238,0.055671602,0.4971897,0.21820232,20.496834,-15.004459,1.1967546,0.104501955,-0.057441898,-0.14753221,0.06557017,-37.515583,375.03708,528.4412,88.87967,-37.515583,375.03708,528.4412,88.87967,-1.0,1.0,1.0,1.0,0.0,0.4,0.4,0.4
14.683333333333334,20.498354,-15.005258,1.9961174,-0.20871721,0.00074554636,-0.0014349644,0.97797465,-0.003581158,0.0012616501,-0.0013885696,-0.37527272,-0.02786088,-0.025168587,20.496939,-15.004484,1.196119,0.10136006,-0.055392846,-0.18851368,0.122943066,791.49036,-301.82712,-684.3971,-263.57062,791.49036,-301.82712,-684.3971,-263.57062,1.0,-1.0,-1.0,-1.0,33.524375915527344,-0.4,-0.4,-0.4
14.7,20.498438,-15.005265,1.9979364,-0.20999038,-0.0023599598,-0.0025009948,0.9776974,-0.0052415757,0.0024849188,0.14598963,0.061951637,0.53045285,0.21803054,20.497059,-15.004511,1.197938,0.09876458,-0.054026805,-0.1557286,0.08196249,180.09502,687.0708,215.56256,72.00303,180.09502,687.0708,215.56256,72.00303,1.0,1.0,1.0,1.0,33.524375915527344,0.4,0.4,0.4
14.716666666666667,20.498518,-15.005295,1.998324,-0.21027072,-0.0040776785,0.0003798198,0.9776346,-0.003391496,0.0038018373,-0.017690374,0.48781464,-0.0051032305,-0.024612704,20.49718,-15.004541,1.1983256,0.0957593,-0.0539585,-0.18031685,0.0040981914,-464.1359,34.65701,-828.7731,-122.03697,-464.1359,34.65701,-828.7731,-122.03697,-1.0,1.0,-1.0,-1.0,0.0,0.4,-0.4,-0.4
14.733333333333333,20.498556,-15.005322,1.9998659,-0.21154276,-0.0011189879,0.0024334374,0.9773651,-0.0006791365,0.0025429074,0.12923387,0.058467537,-0.52984273,0.21820152,20.497314,-15.004574,1.1998672,0.088929094,-0.053616993,-0.40981245,0.02049051,204.55287,-723.58746,-303.36655,18.695967,204.55287,-723.58746,-303.36655,18.695967,1.0,-1.0,-1.0,1.0,33.524375915527344,-0.4,-0.4,0.4
14.75,20.498583,-15.005335,1.9999782,-0.2118306,0.00038306104,0.00053187413,0.9773061,-0.0013857712,0.001267693,-0.034096014,-0.3680318,0.006172627,-0.025202189,20.497444,-15.004607,1.1999795,0.08155248,-0.05211435,-0.44259664,0.09015865,-585.9226,-365.91388,765.2309,-2565.461,-585.9226,-365.91388,765.2309,-2565.461,-1.0,-1.0,1.0,-1.0,0.0,-0.4,0.4,-0.4
14.766666666666666,20.49861,-15.005351,2.0012474,-0.21311012,0.0035798887,0.0008460878,0.97702116,-0.00036548823,0.0017972459,0.11291387,0.0636293,-0.5127154,0.21814397,20.49758,-15.004645,1.2012483,0.07376607,-0.05054341,-0.4671849,0.09425639,199.2635,538.3118,-10.638515,90.33492,199.2635,538.3118,-10.638515,90.33492,1.0,1.0,-1.0,1.0,33.524375915527344,0.4,-0.4,0.4
14.783333333333333,20.49865,-15.005357,2.0010872,-0.21338949,0.004936406,-0.0010437724,0.9769541,-0.0024845998,0.0014237501,-0.05041171,-0.3629307,0.02331829,-0.025260067,20.49772,-15.004682,1.2010881,0.066526055,-0.048357747,-0.4344007,0.13113967,-581.2355,-320.44684,1017.1105,-2311.7825,-581.2355,-320.44684,1017.1105,-2311.7825,-1.0,-1.0,1.0,-1.0,0.0,-0.4,0.4,-0.4
14.799999999999999,20.49874,-15.005364,2.002089,-0.21465987,0.0013977138,-0.0021213114,0.97668546,-0.005324748,0.0028765071,0.09697038,0.07419306,0.5815988,0.21791305,20.497862,-15.004724,1.2020898,0.06283776,-0.045898873,-0.22129788,0.14753243,226.82372,643.1472,426.82156,52.34155,226.82372,643.1472,426.82156,52.34155,1.0,1.0,1.0,1.0,33.524375915527344,0.4,0.4,0.4
14.816666666666666,20.498833,-15.005377,2.001658,-0.21494286,0.00042293096,-0.004486039,0.97661614,-0.0045304485,0.003353105,-0.06677014,-0.36058235,0.039748535,-0.025440343,20.498005,-15.004771,1.2016586,0.059286054,-0.043371703,-0.21310216,0.15163018,-409.21695,-109.40178,-652.58673,-131.2442,-409.21695,-109.40178,-652.58673,-131.2442,-1.0,-1.0,-1.0,-1.0,0.0,-0.4,-0.4,-0.4
14.833333333333334,20.498943,-15.0054245,2.0023866,-0.2161991,-0.0032559347,-0.0055734813,0.9763279,-0.005415668,0.005668594,0.08060923,0.07651907,0.59798825,0.2177361,20.498154,-15.004817,1.2023873,0.056553975,-0.04350831,-0.16392475,-0.008196383,333.24237,821.6467,117.38632,22.121414,333.24237,821.6467,117.38632,22.121414,1.0,1.0,1.0,1.0,33.524375915527344,0.4,0.4,0.4
14.85,20.499052,-15.005502,2.001684,-0.21646644,-0.005567645,-0.002707969,0.97627044,-0.0028217677,0.0074610654,-0.08308924,0.5022564,0.062352955,-0.024879014,20.4983,-15.004865,1.2016847,0.0538219,-0.045625668,-0.16392453,-0.12704147,-344.87192,340.1632,-981.85675,-138.02415,-344.87192,340.1632,-981.85675,-138.02415,-1.0,1.0,-1.0,-1.0,0.0,0.4,-0.4,-0.4
14.866666666666667,20.499107,-15.005609,2.0021355,-0.21477659,-0.0031920827,-0.00065979455,0.9766577,0.00024973648,0.0071820873,0.06382,0.07195708,-0.46273407,-0.26804838,20.498453,-15.004914,1.2021364,0.046855103,-0.049723785,-0.41800773,-0.24588703,400.59863,-356.77692,-518.87836,-27.283117,400.59863,-356.77692,-518.87836,-27.283117,1.0,-1.0,-1.0,-1.0,33.524375915527344,-0.4,-0.4,-0.4
14.883333333333333,20.499157,-15.005723,2.0011582,-0.21406992,-0.0034379705,0.0026622924,0.97680867,0.00031657843,0.007089977,-0.09947662,0.50413954,0.07856402,-0.024825081,20.498602,-15.004967,1.201159,0.039751705,-0.054163408,-0.42620388,-0.2663773,-336.69818,217.32016,348.76556,487.92807,-336.69818,217.32016,348.76556,487.92807,-1.0,1.0,1.0,1.0,0.0,0.4,0.4,0.4
14.9,20.49917,-15.005814,2.001337,-0.21533489,-0.0011938802,0.00471042,0.9765281,0.0021289648,0.004845478,0.047421075,0.07476264,-0.44621083,0.21805197,20.498764,-15.00502,1.2013377,0.029096607,-0.05682718,-0.63930583,-0.15982634,468.52417,-802.2035,-467.26205,11.636397,468.52417,-802.2035,-467.26205,11.636397,1.0,-1.0,-1.0,1.0,33.524375915527344,-0.4,-0.4,0.4
14.916666666666666,20.499174,-15.005884,2.0000863,-0.21562305,-0.00039303562,0.0027954648,0.9764725,0.0012709869,0.00316028,-0.1159007,-0.35196504,0.089844376,-0.025333632,20.49892,-15.005077,1.2000871,0.018168304,-0.057783406,-0.6556981,-0.057373565,-300.61237,-501.13004,561.2749,-2451.7676,-300.61237,-501.13004,561.2749,-2451.7676,-1.0,-1.0,1.0,-1.0,0.0,-0.4,0.4,-0.4
14.933333333333334,20.499166,-15.005939,1.9999925,-0.21689497,0.0020961883,0.0031034756,0.97618777,0.0019213147,0.0028924225,0.031096604,0.079610944,-0.42915308,0.21799162,20.499075,-15.0051365,1.1999929,0.0065569817,-0.057441898,-0.6966793,0.02049051,587.8261,395.53238,-345.47366,83.84238,587.8261,395.53238,-345.47366,83.84238,1.0,1.0,-1.0,1.0,33.524375915527344,0.4,-0.4,0.4
14.95,20.499163,-15.005984,1.9984692,-0.21717672,0.0027515546,0.0011973289,0.9761277,0.0001493597,0.0020100889,-0.1322322,-0.3471753,0.10692063,-0.025390886,20.499233,-15.0052,1.1984699,-0.00505434,-0.056144163,-0.6966793,0.07786407,-187.33267,-440.21973,793.82416,-2264.052,-187.33267,-440.21973,793.82416,-2264.052,-1.0,-1.0,1.0,-1.0,0.0,-0.4,0.4,-0.4
14.966666666666667,20.499184,-15.006018,1.9981029,-0.21845137,0.0050910613,0.0015135307,0.97583336,-0.00023627165,0.0025487826,0.014775293,0.084404826,-0.41208547,0.21793438,20.499395,-15.005264,1.1981033,-0.01516302,-0.0539585,-0.6065207,0.13113967,733.21,482.9661,-66.53131,54.698948,733.21,482.9661,-66.53131,54.698948,1.0,1.0,-1.0,1.0,33.524375915527344,0.4,-0.4,0.4
14.983333333333333,20.499212,-15.006042,1.996307,-0.2187276,0.0056018736,-0.00038501408,0.9757697,-0.0028166736,0.002444568,-0.14854668,-0.34243765,0.12400592,-0.025449954,20.499552,-15.00533,1.1963078,-0.024315475,-0.050953217,-0.54914725,0.18031707,-46.6342,-380.3185,1027.837,-2107.697,-46.6342,-380.3185,1027.837,-2107.697,-1.0,-1.0,1.0,-1.0,0.0,-0.4,0.4,-0.4
15.0,20.499302,-15.006061,1.9956732,-0.21999642,0.0012143855,-0.0014998891,0.9754987,-0.0050904765,0.0037674347,-0.0011697168,0.09454206,0.68224806,0.21767686,20.499708,-15.005401,1.195674,-0.029096607,-0.047264915,-0.28686795,0.2212981,850.3653,571.31836,266.5889,7.462085,850.3653,571.31836,266.5889,7.462085,1.0,1.0,1.0,1.0,33.524375915527344,0.4,0.4,0.4
15.016666666666666,20.499401,-15.006089,1.9974897,-0.22027747,-0.00071041344,-0.0038922403,0.9754292,-0.0046676225,0.0034082583,0.14573851,-0.3367933,0.15723541,-0.025651855,20.499863,-15.005474,1.1974902,-0.033058118,-0.044054724,-0.23769064,0.19261143,240.9424,-129.9445,-832.00726,-160.06271,240.9424,-129.9445,-832.00726,-160.06271,1.0,-1.0,-1.0,-1.0,33.524375915527344,-0.4,-0.4,-0.4
15.033333333333333,20.49949,-15.006139,1.9978726,-0.22156034,0.0013017054,-0.003570717,0.9751392,-0.0033964505,0.0051862737,-0.017896306,0.09112218,-0.378703,0.21766049,20.500015,-15.005552,1.1978731,-0.037566043,-0.042005666,-0.2704755,0.12294351,-478.42172,748.9787,-24.923178,204.10664,-478.42172,748.9787,-24.923178,204.10664,-1.0,1.0,-1.0,1.0,0.0,0.4,-0.4,0.4
15.049999999999999,20.49961,-15.006217,1.9994161,-0.22185135,0.00019581101,-0.00024131493,0.97508043,-0.0046591973,0.007813631,0.12946159,0.52831227,0.18039703,-0.025350511,20.500166,-15.00563,1.1994168,-0.039751705,-0.04207397,-0.13113967,-0.0040981914,166.83366,152.9298,803.32477,-2131.2446,166.83366,152.9298,803.32477,-2131.2446,1.0,1.0,1.0,-1.0,33.524375915527344,0.4,0.4,-0.4
15.066666666666666,20.499739,-15.006289,1.9995319,-0.22312436,-0.0049168207,0.00036995625,0.97477746,-0.0052400045,0.0070043486,-0.033946797,0.100590944,0.71600837,0.21745335,20.500307,-15.005709,1.1995324,-0.04070793,-0.041527554,-0.057373565,0.03278486,-473.46686,-733.8813,8.928702,85.72494,-473.46686,-733.8813,8.928702,85.72494,-1.0,-1.0,1.0,1.0,0.0,-0.4,0.4,0.4
15.083333333333334,20.499815,-15.006361,2.0008035,-0.22341937,-0.0071181967,-0.0020406684,0.9746942,-0.0027037268,0.0056436667,0.11298577,-0.3308279,0.19097728,-0.025869772,20.500448,-15.005791,1.2008041,-0.04535246,-0.040844534,-0.27867165,0.040981244,228.0148,-56.867565,-1140.9336,-179.36034,228.0148,-56.867565,-1140.9336,-179.36034,1.0,-1.0,-1.0,-1.0,33.524375915527344,-0.4,-0.4,-0.4
15.1,20.499866,-15.006452,2.0006409,-0.22469538,-0.005389872,-0.0017188187,0.9744126,0.0003760904,0.006355519,-0.05065236,0.09708959,-0.34501415,0.21743825,20.500591,-15.005876,1.2006415,-0.051909447,-0.041254345,-0.39341924,-0.024588702,-443.40128,599.6757,-747.3766,234.93561,-443.40128,599.6757,-747.3766,234.93561,-1.0,1.0,-1.0,1.0,0.0,0.4,-0.4,0.4
15.116666666666667,20.499887,-15.00657,2.001639,-0.22496068,-0.0067901057,0.0015935535,0.9743429,0.0012936732,0.007580051,0.096716546,0.53413296,0.21401244,-0.025553776,20.50073,-15.005961,1.2016397,-0.060378887,-0.04357661,-0.5081664,-0.13933583,260.32816,161.95248,87.21268,-2351.1772,260.32816,161.95248,87.21268,-2351.1772,1.0,1.0,1.0,-1.0,33.524375915527344,0.4,0.4,-0.4
15.133333333333333,20.499886,-15.006686,2.0012045,-0.22621582,-0.005618354,0.0036628316,0.9740541,0.003973755,0.0055302046,-0.06704253,0.10111895,-0.3275635,0.21740144,20.500868,-15.006045,1.2012053,-0.07035097,-0.045898873,-0.5983248,-0.13933583,-429.8038,-663.1145,-735.9456,132.35143,-429.8038,-663.1145,-735.9456,132.35143,-1.0,-1.0,-1.0,1.0,0.0,-0.4,-0.4,0.4
15.15,20.499823,-15.006779,2.001923,-0.22648154,0.00064808497,0.003235597,0.9740098,0.0066359453,0.003095014,0.07984042,-0.32763386,-0.8518044,-0.025870241,20.501001,-15.006132,1.2019246,-0.08442117,-0.04630869,-0.8442123,-0.024588926,310.45038,-342.52585,-99.74587,-2429.1277,310.45038,-342.52585,-99.74587,-2429.1277,1.0,-1.0,-1.0,-1.0,33.524375915527344,-0.4,-0.4,-0.4
15.166666666666666,20.49976,-15.006869,2.0012133,-0.22478345,0.0042612962,0.004051068,0.9743909,0.0047248867,0.0029301895,-0.08344502,0.10447326,-0.3095417,-0.2684189,20.501135,-15.006223,1.2012149,-0.09849138,-0.04630869,-0.8442123,0.0,-478.67352,360.77692,821.9789,-1519.8066,-478.67352,360.77692,821.9789,-1519.8066,-1.0,1.0,1.0,-1.0,0.0,0.4,0.4,-0.4
15.183333333333334,20.499735,-15.006909,2.0016646,-0.22407806,0.0038060895,0.0021215943,0.9745614,0.0018320074,0.0010039854,0.06389306,-0.31974325,0.24315926,-0.025563372,20.501259,-15.006319,1.2016666,-0.10914649,-0.042278875,-0.6393067,0.24178883,364.3896,-408.71698,514.0481,397.70807,364.3896,-408.71698,514.0481,397.70807,1.0,-1.0,1.0,1.0,33.524375915527344,-0.4,0.4,0.4
15.2,20.499716,-15.006942,2.0006843,-0.22534926,0.005095822,0.0024232129,0.97426164,0.001026513,0.0011758364,-0.099760845,0.10810578,-0.29287952,0.21777149,20.501383,-15.006413,1.2006863,-0.11939179,-0.037839253,-0.614718,0.2663773,-319.79565,264.7147,-90.06875,206.53177,-319.79565,264.7147,-90.06875,206.53177,-1.0,1.0,-1.0,1.0,0.0,0.4,-0.4,0.4
15.216666666666667,20.499737,-15.006939,2.000863,-0.22562757,0.0044997944,0.0004921268,0.97420305,-0.0019278702,0.00016061135,0.047566287,-0.3154363,0.26019433,-0.02562193,20.501493,-15.006512,1.2008649,-0.12581219,-0.030599248,-0.38522375,0.43440026,452.57986,-510.42743,817.6743,-1963.2012,452.57986,-510.42743,817.6743,-1963.2012,1.0,-1.0,1.0,-1.0,33.524375915527344,-0.4,0.4,-0.4
15.233333333333333,20.499794,-15.006925,1.9996147,-0.22689644,-0.0009256596,-0.0006878591,0.97391814,-0.0030014312,0.00090196275,-0.115708955,0.11771917,0.801452,0.21744435,20.501612,-15.00661,1.1996168,-0.13018352,-0.022539625,-0.26227978,0.48357734,-211.18748,314.0774,46.764797,156.34436,-211.18748,314.0774,46.764797,156.34436,-1.0,1.0,1.0,1.0,0.0,0.4,0.4,0.4
15.25,20.499825,-15.006923,1.9995228,-0.22718035,-0.0038435892,-0.003132211,0.97384,-0.0012714594,0.00052521675,0.031200096,-0.31388858,0.2764265,-0.025854258,20.501713,-15.006712,1.1995251,-0.13523787,-0.015094718,-0.30326125,0.4466944,565.1698,-168.29675,-1104.6598,-178.47577,565.1698,-168.29675,-1104.6598,-178.47577,1.0,-1.0,-1.0,-1.0,33.524375915527344,-0.4,-0.4,-0.4
15.266666666666666,20.499834,-15.006937,1.9979968,-0.22845401,-0.0028425434,-0.0028321734,0.97354645,0.0007365124,0.0017929804,-0.13245064,0.11396423,-0.25966075,0.21748208,20.501806,-15.006814,1.1979995,-0.14124846,-0.008810944,-0.3606355,0.3770264,-18.43333,563.2746,-748.26263,157.97725,-18.43333,563.2746,-748.26263,157.97725,-1.0,1.0,-1.0,1.0,0.0,0.4,-0.4,0.4
15.283333333333333,20.49984,-15.006983,1.9976317,-0.2287252,-0.004979568,0.00044634414,0.9734781,0.0010422214,0.0030195613,0.014944364,0.5507572,0.29937512,-0.025473952,20.501896,-15.006915,1.1976346,-0.14725904,-0.0048494344,-0.3606346,0.23769055,762.3659,95.946304,75.2066,-2136.7483,762.3659,95.946304,75.2066,-2136.7483,1.0,1.0,1.0,-1.0,33.524375915527344,0.4,0.4,-0.4
15.299999999999999,20.499786,-15.007036,1.9997165,-0.2299852,-0.0046490165,0.0024883118,0.9731798,0.0038092253,0.0018367283,0.16185431,0.12132433,-0.22540979,0.21753938,20.501966,-15.007019,1.1997195,-0.15613832,-0.001229434,-0.5327564,0.21720001,67.57545,-722.90216,-746.04913,43.99774,67.57545,-722.90216,-746.04913,43.99774,1.0,-1.0,-1.0,1.0,33.524375915527344,-0.4,-0.4,0.4
15.316666666666666,20.499706,-15.007083,2.0003667,-0.23025934,0.0008594374,0.0020536114,0.9731267,0.005979142,0.000120069366,-0.0019292186,-0.31125885,-0.7665137,-0.025747107,20.502043,-15.00712,1.2003702,-0.16733988,0.0026637737,-0.6720936,0.23359245,-652.29596,-402.29602,-102.86253,-1422.0813,-652.29596,-402.29602,-102.86253,-1422.0813,-1.0,-1.0,-1.0,-1.0,0.0,-0.4,-0.4,-0.4
15.333333333333334,20.499628,-15.007135,1.9982944,-0.22856988,0.0037489068,0.0028526583,0.97351605,0.0037231967,0.00030634739,-0.16520603,0.12092501,-0.22431235,-0.26833948,20.502111,-15.007223,1.1982981,-0.17785841,0.006283774,-0.6311121,0.21720001,-20.516027,370.5993,757.1511,-1417.5074,-20.516027,370.5993,757.1511,-1417.5074,-1.0,1.0,1.0,-1.0,0.0,0.4,0.4,-0.4
15.35,20.499586,-15.007145,1.9973828,-0.2278683,0.0025796187,0.0008946915,0.97368807,0.0013760409,-0.00095665327,-0.017878238,-0.30301663,0.32831448,-0.025527498,20.502165,-15.007324,1.1973869,-0.18468864,0.012840756,-0.4098138,0.3934189,844.4474,-396.00003,294.5819,326.4163,844.4474,-396.00003,294.5819,326.4163,1.0,-1.0,1.0,1.0,33.524375915527344,-0.4,0.4,0.4
15.366666666666667,20.499569,-15.007141,1.9989227,-0.22914103,0.003036847,0.0011751531,0.9733878,0.0013940453,-0.00029607813,0.12912269,0.12840918,-0.1909176,0.21780209,20.502207,-15.007424,1.1989272,-0.18892339,0.020285662,-0.25408474,0.44669434,243.62659,320.93515,-416.48172,128.42245,243.62659,320.93515,-416.48172,128.42245,1.0,1.0,-1.0,1.0,33.524375915527344,0.4,-0.4,0.4
15.383333333333333,20.499563,-15.007129,1.9990331,-0.22942261,0.0016909472,-0.0007869682,0.97332513,-0.00036384564,-0.00090395095,-0.034217045,-0.29901895,0.34528217,-0.025654716,20.502243,-15.0075245,1.1990378,-0.19192868,0.028345285,-0.18031774,0.48357734,-539.1552,-485.14886,614.316,-1153.245,-539.1552,-485.14886,614.316,-1153.245,-1.0,-1.0,1.0,-1.0,0.0,-0.4,0.4,-0.4
15.4,20.499569,-15.007126,2.0003004,-0.23069476,0.002000353,-0.0005047184,0.973024,7.4031705e-05,0.00027053006,0.112783514,0.13241158,-0.17397743,0.21767005,20.50227,-15.007622,1.2003049,-0.19343133,0.03551699,-0.09015887,0.43030217,272.81915,413.56482,-464.799,91.58452,272.81915,413.56482,-464.799,91.58452,1.0,1.0,-1.0,1.0,33.524375915527344,0.4,-0.4,0.4
15.416666666666666,20.499586,-15.007119,2.0001383,-0.2309738,0.0005122411,-0.0024690856,0.97295666,-0.0011550584,0.00017009676,-0.05055808,-0.29507494,0.3622333,-0.025792446,20.50229,-15.007718,1.200143,-0.19370455,0.042893592,-0.016392766,0.4425962,-506.16864,-337.06357,548.7507,-1154.5475,-506.16864,-337.06357,548.7507,-1154.5475,-1.0,-1.0,1.0,-1.0,0.0,-0.4,0.4,-0.4
15.433333333333334,20.499607,-15.007138,2.0011332,-0.23224403,0.00067436905,-0.0021850523,0.9726548,-0.00018278952,0.0018276256,0.09644281,0.13635817,-0.15705608,0.21752563,20.5023,-15.007811,1.201138,-0.1928849,0.04815284,0.0491783,0.31555495,321.1519,508.27832,-540.0383,61.10342,321.1519,508.27832,-540.0383,61.10342,1.0,1.0,-1.0,1.0,33.524375915527344,0.4,-0.4,0.4
15.45,20.499634,-15.007158,2.0006988,-0.23252048,-0.0009561672,-0.0041530696,0.97258216,-0.000779598,0.002208493,-0.06689111,-0.291187,0.3791658,-0.025941728,20.502302,-15.007902,1.2007035,-0.19110906,0.053275485,0.106550746,0.30735856,-460.19272,-119.58779,438.94275,-1158.8303,-460.19272,-119.58779,438.94275,-1158.8303,-1.0,-1.0,1.0,-1.0,0.0,-0.4,0.4,-0.4
15.466666666666667,20.499653,-15.007225,2.001421,-0.23378833,-0.00094162894,-0.0038685126,0.97227937,0.000840788,0.0043173064,0.08011265,0.14024904,-0.14015305,0.21737002,20.502289,-15.007993,1.201426,-0.18878677,0.054983035,0.13933717,0.102453,389.16675,607.9834,-639.99817,32.239914,389.16675,607.9834,-639.99817,32.239914,1.0,1.0,-1.0,1.0,33.524375915527344,0.4,-0.4,0.4
15.483333333333333,20.499683,-15.007309,2.000715,-0.23405968,-0.004008119,-0.0006217782,0.9722137,0.00097401766,0.0056289355,-0.08317044,0.5730494,0.40200502,-0.025527623,20.502272,-15.008078,1.2007196,-0.18537165,0.055051334,0.20490734,0.004097968,-399.38144,157.91866,282.85068,-1160.4158,-399.38144,157.91866,282.85068,-1160.4158,-1.0,1.0,1.0,-1.0,0.0,0.4,0.4,-0.4
15.5,20.499678,-15.007404,2.001165,-0.23236738,-0.0045623,0.0013852613,0.9726163,0.0034093275,0.0047609927,0.063729346,0.1433869,-0.12333459,-0.26851588,20.502245,-15.0081625,1.2011695,-0.18386902,0.05430001,0.09015798,-0.045079436,404.41342,-636.43195,-772.46704,-25.09165,404.41342,-636.43195,-772.46704,-25.09165,1.0,-1.0,-1.0,-1.0,33.524375915527344,-0.4,-0.4,-0.4
15.516666666666666,20.49964,-15.007492,2.00018,-0.23166552,8.087853e-05,0.0009330537,0.972795,0.004703873,0.0034808265,-0.10003251,-0.29018864,-0.66506815,-0.02555901,20.502214,-15.00824,1.2001843,-0.18441543,0.05354869,-0.032784637,-0.045079213,-254.84483,-125.09949,-276.1906,430.58212,-254.84483,-125.09949,-276.1906,430.58212,-1.0,-1.0,-1.0,1.0,0.0,-0.4,-0.4,0.4
15.533333333333333,20.49961,-15.007577,2.0003555,-0.22998226,0.0020004343,0.0017079174,0.97319126,0.0033614305,0.004139599,0.047353566,0.14576152,-0.106028974,-0.26823676,20.502169,-15.008318,1.2003598,-0.18318598,0.05307058,0.073767,-0.02868667,457.84897,511.62036,722.68933,-1420.4274,457.84897,511.62036,722.68933,-1420.4274,1.0,1.0,1.0,-1.0,33.524375915527344,0.4,0.4,-0.4
15.549999999999999,20.4996,-15.007648,1.9991032,-0.22928427,-6.389557e-05,-0.00027314248,0.97335935,0.002279612,0.003294779,-0.115963094,-0.2813828,0.42956883,-0.02545864,20.502121,-15.008397,1.1991075,-0.1805905,0.053616993,0.15572904,0.03278486,-187.8349,-269.58743,286.39932,377.81384,-187.8349,-269.58743,286.39932,377.81384,-1.0,-1.0,1.0,1.0,0.0,-0.4,0.4,0.4
15.566666666666666,20.499578,-15.007728,1.9990079,-0.23055644,-0.0004704171,-6.9430344e-06,0.97305876,0.0033070685,0.0040952666,0.03103514,0.14992261,-0.089739524,0.21785115,20.502056,-15.008471,1.1990122,-0.1774486,0.05320718,0.18851368,-0.024588702,631.7176,422.32266,-744.9274,26.720852,631.7176,422.32266,-744.9274,26.720852,1.0,1.0,-1.0,1.0,33.524375915527344,0.4,-0.4,0.4
15.583333333333334,20.499569,-15.007801,1.9974834,-0.2308419,-0.0026754448,-0.0019921896,0.9729855,0.003325963,0.0038651652,-0.13227637,-0.27771038,0.4464476,-0.025632827,20.501993,-15.008542,1.1974875,-0.17362368,0.05307058,0.22949515,-0.008196159,-92.28105,-212.56085,176.6997,-1196.3298,-92.28105,-212.56085,176.6997,-1196.3298,-1.0,-1.0,1.0,-1.0,0.0,-0.4,0.4,-0.4
15.6,20.499537,-15.007905,1.9971156,-0.23211019,-0.0032282171,-0.0017257193,0.97268254,0.005429348,0.00502323,0.014728053,0.15359983,-0.07289859,0.21767646,20.50192,-15.008611,1.1971195,-0.17075498,0.05054341,0.17212181,-0.15163018,751.3369,509.10077,-947.7764,7.3653874,751.3369,509.10077,-947.7764,7.3653874,1.0,1.0,-1.0,1.0,33.524375915527344,0.4,-0.4,0.4
15.616666666666667,20.499462,-15.008051,1.9991977,-0.23238797,-0.00041039538,0.0030338168,0.9726183,0.008309957,0.006965448,0.16163562,0.58459014,-0.5912161,-0.025222823,20.501825,-15.008675,1.1992016,-0.16925234,0.044669442,0.09015887,-0.352438,69.48431,76.03863,-153.50035,-1225.3252,69.48431,76.03863,-153.50035,-1225.3252,1.0,1.0,-1.0,-1.0,33.524375915527344,0.4,-0.4,-0.4
15.633333333333333,20.49939,-15.008187,1.9998507,-0.23069508,0.00060653203,0.0055342857,0.97301006,0.007366301,0.0054161306,-0.0017485457,0.15610757,-0.055379275,-0.2688377,20.50173,-15.008734,1.1998544,-0.16761309,0.039136987,0.09835481,-0.33194727,-680.37714,-736.83685,663.0428,-49.708546,-680.37714,-736.83685,663.0428,-49.708546,-1.0,-1.0,1.0,-1.0,0.0,-0.4,0.4,-0.4
15.65,20.499313,-15.008272,2.0016603,-0.22997995,0.0028886101,0.0046636136,0.9731798,0.007381017,0.0024766722,0.14525932,-0.27198392,-0.3053581,-0.025899945,20.501627,-15.008792,1.2016641,-0.16570061,0.037224535,0.11474847,-0.11474713,13.144529,-489.35715,-0.48944163,382.3548,13.144529,-489.35715,-0.48944163,382.3548,1.0,-1.0,-0.48944163,1.0,33.524375915527344,-0.4,-0.19577666,0.4
15.666666666666666,20.499243,-15.00834,2.0020413,-0.23125404,0.0019734956,0.0048961597,0.97287905,0.0052496837,0.0017572069,-0.017977882,0.16145334,0.23640892,0.21730834,20.501516,-15.008851,1.202045,-0.16283193,0.036609817,0.17212091,-0.036883052,-720.7611,77.44056,695.3003,56.462418,-720.7611,77.44056,695.3003,56.462418,-1.0,1.0,1.0,1.0,0.0,0.4,0.4,0.4
15.683333333333334,20.49917,-15.008364,2.003579,-0.23152682,0.003558228,0.0038912669,0.97281414,0.00530753,-0.0005955808,0.12893225,-0.2686962,-0.2881506,-0.026020087,20.501394,-15.008905,1.2035823,-0.15928021,0.03879548,0.21310328,0.13113967,13.378037,-779.85223,-238.41385,-313.7167,13.378037,-779.85223,-238.41385,-313.7167,1.0,-1.0,-1.0,-1.0,33.524375915527344,-0.4,-0.4,-0.4
15.7,20.499107,-15.008376,2.0036874,-0.23279981,0.002495941,0.004114917,0.97251266,0.0030498984,-0.0010273402,-0.03430585,0.1647106,0.2535904,0.21717823,20.501266,-15.008961,1.2036906,-0.15463567,0.041869063,0.27867255,0.18441504,-705.8977,8.612777,735.9314,32.9206,-705.8977,8.612777,735.9314,32.9206,-1.0,1.0,1.0,1.0,0.0,0.4,0.4,0.4
15.716666666666667,20.499052,-15.008351,2.0049527,-0.23307249,0.0039366656,0.0031050732,0.97244644,0.0029389071,-0.0030181983,0.11260275,-0.26547024,-0.27095193,-0.02614908,20.501131,-15.009015,1.2049559,-0.1488983,0.047538124,0.34424183,0.34014365,50.952194,-826.18536,-211.56238,-317.49112,50.952194,-826.18536,-211.56238,-317.49112,1.0,-1.0,-1.0,-1.0,33.524375915527344,-0.4,-0.4,-0.4
15.733333333333333,20.499,-15.008302,2.0047877,-0.23431487,0.004016656,-0.0019008344,0.9721505,0.0006698435,-0.00400526,-0.050758902,-0.69242626,0.26470754,0.21660793,20.500992,-15.0090685,1.2047907,-0.1426145,0.05491473,0.37702826,0.44259644,-676.16327,-43.394386,767.0723,5.812413,-676.16327,-43.394386,767.0723,5.812413,-1.0,-1.0,1.0,1.0,0.0,-0.4,0.4,0.4
15.75,20.498999,-15.008264,2.0057847,-0.23455913,-0.00079542334,-0.0061967154,0.9720817,-0.0018033405,-0.0021275731,0.096638404,-0.2565593,0.8214831,-0.02675333,20.500843,-15.009116,1.2057877,-0.13209598,0.061061904,0.6311112,0.36883032,123.03869,811.84467,93.29421,-1097.1265,123.03869,811.84467,93.29421,-1097.1265,1.0,1.0,1.0,-1.0,33.524375915527344,0.4,0.4,-0.4
15.766666666666666,20.499004,-15.008246,2.0053499,-0.23579371,-0.004324794,-0.0064934012,0.9717717,0.00022009201,0.0002785817,-0.067003496,0.17089869,0.2850449,0.21644075,20.500689,-15.00916,1.2053524,-0.120621234,0.06543323,0.68848455,0.26227933,-433.24725,491.86057,-1008.72046,142.86528,-433.24725,491.86057,-1008.72046,142.86528,-1.0,1.0,-1.0,1.0,0.0,0.4,-0.4,0.4
15.783333333333333,20.498976,-15.008308,2.0060706,-0.2360567,-0.0044558514,-0.0022927392,0.9717263,0.003267176,0.0031156503,0.07999838,0.601006,-0.23354657,-0.026256429,20.500526,-15.009205,1.2060727,-0.11105894,0.06420379,0.57373744,-0.073766105,215.73418,276.68027,-778.8915,-311.1341,215.73418,276.68027,-778.8915,-311.1341,1.0,1.0,-1.0,-1.0,33.524375915527344,0.4,-0.4,-0.4
15.799999999999999,20.498934,-15.008386,2.005356,-0.23435973,0.00018639646,0.0011883778,0.9721492,0.004858651,0.0025516916,-0.08379226,0.16674459,-0.77544713,-0.26973602,20.50037,-15.009244,1.2053581,-0.1028627,0.061471716,0.4917745,-0.16392453,-502.10458,-559.3854,-18.17849,-71.82355,-502.10458,-559.3854,-18.17849,-71.82355,-1.0,-1.0,-1.0,-1.0,0.0,-0.4,-0.4,-0.4
15.816666666666666,20.498886,-15.008438,2.005801,-0.2336422,0.0034062888,0.0006545268,0.9723164,0.0034739682,0.0012962983,0.06350787,-0.25903854,-0.22255754,-0.027052065,20.500196,-15.009279,1.2058026,-0.09384684,0.060242284,0.54095143,-0.07376588,191.82602,-220.53223,833.6861,211.09349,191.82602,-220.53223,833.6861,211.09349,1.0,-1.0,1.0,1.0,33.524375915527344,-0.4,0.4,0.4
15.833333333333334,20.49886,-15.008487,2.0048194,-0.23195028,0.0017879849,0.00083464256,0.97272563,0.001806251,0.002047411,-0.09973858,0.17385352,0.31941202,-0.2698094,20.500021,-15.0093155,1.2048209,-0.08319173,0.059354357,0.6393067,-0.053275596,-534.1677,332.22906,690.81195,-40.688072,-534.1677,332.22906,690.81195,-40.688072,-1.0,1.0,1.0,-1.0,0.0,0.4,0.4,-0.4
15.85,20.498835,-15.008521,2.0049934,-0.23123786,0.0026773938,-0.00021393776,0.97289354,0.002050945,0.0010751123,0.04717603,-0.25457525,-0.20600569,-0.026901057,20.499836,-15.009345,1.2049948,-0.07171701,0.05901285,0.68848324,-0.02049051,301.39066,-313.1799,-369.86935,239.91005,301.39066,-313.1799,-369.86935,239.91005,1.0,-1.0,-1.0,1.0,33.524375915527344,-0.4,-0.4,0.4
15.866666666666667,20.498837,-15.008556,2.0037389,-0.22954434,0.00091789366,-2.6633179e-05,0.97329766,0.00076294283,0.0020145332,-0.11607503,0.17836504,0.3360102,-0.26965785,20.499664,-15.009375,1.20374,-0.059286054,0.058603037,0.74585724,-0.024588702,-432.15555,390.84744,653.77527,-59.487953,-432.15555,390.84744,653.77527,-59.487953,-1.0,1.0,1.0,-1.0,0.0,0.4,0.4,-0.4
15.883333333333333,20.498835,-15.008588,2.003641,-0.22883458,0.00166297,-0.0010727943,0.97346324,0.0013770326,0.0012995484,0.030839736,-0.25001785,-0.18950826,-0.026753034,20.499485,-15.009399,1.2036418,-0.046581898,0.05812492,0.76224935,-0.028687118,414.30002,-250.61836,-440.59256,225.7047,414.30002,-250.61836,-440.59256,225.7047,1.0,-1.0,-1.0,1.0,33.524375915527344,-0.4,-0.4,0.4
15.9,20.49884,-15.008621,2.0021143,-0.22713923,-0.00023764624,-0.0008769886,0.9738619,0.0005653533,0.0024044714,-0.13241348,0.18296781,0.35255277,-0.26950777,20.499304,-15.009421,1.202115,-0.033194724,0.057305295,0.80323035,-0.049177404,-293.10522,489.09412,577.68066,-69.29715,-293.10522,489.09412,577.68066,-69.29715,-1.0,1.0,1.0,-1.0,0.0,0.4,0.4,-0.4
15.916666666666666,20.49884,-15.008664,2.0017433,-0.22643176,0.00036278096,-0.0019192133,0.9740251,0.0016543017,0.0019204484,0.014502503,-0.24536642,-0.17306635,-0.02660563,20.49912,-15.009443,1.201744,-0.020080756,0.055802654,0.78683805,-0.090158425,533.2204,-158.75975,-546.3909,219.07333,533.2204,-158.75975,-546.3909,219.07333,1.0,-1.0,-1.0,1.0,33.524375915527344,-0.4,-0.4,0.4
15.933333333333334,20.498837,-15.008708,1.9999443,-0.2247337,-0.0016783505,-0.0017143012,0.9744172,0.0014155889,0.003168632,-0.14874844,0.18766357,0.36904058,-0.26935485,20.498928,-15.009459,1.199945,-0.0065569817,0.053753596,0.8114264,-0.12294351,-135.40602,619.0319,460.50854,-73.979355,-135.40602,619.0319,460.50854,-73.979355,-1.0,1.0,1.0,-1.0,0.0,0.4,0.4,-0.4
15.95,20.498823,-15.008771,1.9993013,-0.22402862,-0.0012216292,-0.0027517183,0.9745779,0.0030841378,0.0028891396,-0.001828861,-0.2406232,-0.15667927,-0.026454765,20.498745,-15.009476,1.1993016,0.005600755,0.050475106,0.7294641,-0.1967094,653.3838,-33.421642,-683.08997,220.27733,653.3838,-33.421642,-683.08997,220.27733,1.0,-1.0,-1.0,1.0,33.524375915527344,-0.4,-0.4,0.4
15.966666666666667,20.4988,-15.008865,2.0011132,-0.2223272,-0.0035108272,-0.002537256,0.9749624,0.0023861956,0.004812877,0.1455847,0.19618489,0.40229318,-0.26918873,20.498552,-15.009483,1.2011138,0.017758492,0.04425963,0.7294642,-0.3729285,42.50746,736.0269,282.33127,-72.27749,42.50746,736.0269,282.33127,-72.27749,1.0,1.0,1.0,-1.0,33.524375915527344,0.4,0.4,-0.4
15.983333333333333,20.498781,-15.008982,2.0014925,-0.22160606,-0.0044620284,0.0016641784,0.9751246,0.004506463,0.005788099,-0.01810791,0.6243722,-0.13471782,-0.025563002,20.498367,-15.00949,1.2014931,0.029643022,0.03640491,0.7130717,-0.47128308,-504.00702,90.025375,-678.2357,402.80078,-504.00702,90.025375,-678.2357,402.80078,-1.0,1.0,-1.0,1.0,0.0,0.4,-0.4,0.4
16.0,20.498703,-15.009088,2.0030267,-0.21989046,-0.0007265404,0.005082868,0.97551095,0.0073868,0.0044069625,0.12874132,0.19382799,-0.6602907,-0.268963,20.498178,-15.009494,1.2030269,0.037566043,0.029096607,0.47538128,-0.43849823,52.400715,-832.1554,-138.49657,-90.549614,52.400715,-832.1554,-138.49657,-90.549614,1.0,-1.0,-1.0,-1.0,33.524375915527344,-0.4,-0.4,-0.4
16.016666666666666,20.498623,-15.00917,2.0031314,-0.21917187,0.0016044822,0.004516207,0.97567445,0.00621703,0.0020201975,-0.034615085,-0.23485978,-0.124542326,-0.026265608,20.498001,-15.009496,1.203132,0.044532835,0.023359247,0.4180075,-0.34424162,-683.87585,-459.2122,749.85486,398.23935,-683.87585,-459.2122,749.85486,398.23935,-1.0,-1.0,1.0,1.0,0.0,-0.4,0.4,0.4
16.03333333333333,20.498558,-15.009218,2.0043979,-0.21748902,-0.0009690032,0.004735414,0.9760508,0.0041137342,0.0016024804,0.112818286,0.20203367,0.43455005,-0.26901534,20.49782,-15.009501,1.204398,0.052865673,0.020285662,0.4999702,-0.18441504,1.8427858,8.474294,342.60434,-37.57478,1.8427858,8.474294,342.60434,-37.57478,1.0,1.0,1.0,-1.0,33.524375915527344,0.4,0.4,-0.4
16.05,20.498482,-15.009246,2.0042312,-0.21678585,-0.00097437395,0.00369547,0.9762116,0.0049467683,-0.0006668307,-0.05091803,-0.22982062,-0.10826552,-0.026088811,20.497637,-15.0095,1.2042319,0.06051549,0.018168304,0.45898896,-0.12704147,-521.7527,-598.98944,-582.54034,423.60437,-521.7527,-598.98944,-582.54034,423.60437,-1.0,-1.0,-1.0,1.0,0.0,-0.4,-0.4,0.4
16.066666666666666,20.498405,-15.009253,2.0052252,-0.21509965,-0.0036878039,0.003928241,0.9765772,0.0038913721,-0.0010281124,0.096516676,0.20713162,0.4508557,-0.26885048,20.497469,-15.0095005,1.2052261,0.06707247,0.017758492,0.39341903,-0.024588702,71.031,17.55075,49.33703,-35.40785,71.031,17.55075,49.33703,-35.40785,1.0,1.0,1.0,-1.0,33.524375915527344,0.4,0.4,-0.4
16.083333333333332,20.498314,-15.009251,2.0047865,-0.21440026,-0.003836665,0.0028987776,0.97673404,0.005682913,-0.0032025548,-0.0672208,-0.22468795,-0.09205079,-0.025908967,20.497297,-15.009502,1.2047873,0.07280984,0.0180317,0.34424183,0.01639243,-494.67554,-514.68866,-765.4464,427.53995,-494.67554,-514.68866,-765.4464,427.53995,-1.0,-1.0,-1.0,1.0,0.0,-0.4,-0.4,0.4
16.1,20.498175,-15.00924,2.0055027,-0.21269278,-0.0001001817,0.004548513,0.97710854,0.007846935,-0.0035385448,0.07974262,0.20524102,-0.61077094,-0.26850083,20.497131,-15.009501,1.2055038,0.07472229,0.018714719,0.11474713,0.040981133,158.16814,72.20491,-342.58957,-17.106495,158.16814,72.20491,-342.58957,-17.106495,1.0,1.0,-1.0,-1.0,33.524375915527344,0.4,-0.4,-0.4
16.116666666666667,20.498032,-15.009214,2.0047894,-0.2119794,0.0018040962,0.0039730766,0.9772644,0.0063962936,-0.005622588,-0.083627805,-0.2231029,-0.0751345,-0.025795817,20.496965,-15.0095005,1.2047899,0.07636154,0.020490568,0.09835481,0.10655097,-558.84174,-614.5437,576.3115,403.66583,-558.84174,-614.5437,576.3115,403.66583,-1.0,-1.0,1.0,1.0,0.0,-0.4,0.4,0.4
16.133333333333333,20.49791,-15.009148,2.005237,-0.21028157,-1.4220331e-05,-0.0010235282,0.9776403,0.004574472,-0.007397131,0.06366477,-0.64594674,0.478067,-0.26916903,20.496809,-15.009501,1.205238,0.07882041,0.025340002,0.14753221,0.290966,222.80385,-168.0159,78.748985,-21.522655,222.80385,-168.0159,78.748985,-21.522655,1.0,-1.0,1.0,-1.0,33.524375915527344,-0.4,0.4,-0.4
16.15,20.497782,-15.009077,2.0042524,-0.2095732,-7.760123e-05,-0.0038016555,0.9777855,0.0056076376,-0.0059515936,-0.10001425,-0.21727577,-0.056168437,-0.026015323,20.49665,-15.009498,1.2042534,0.08100607,0.030121135,0.13113989,0.28686795,-309.9728,607.34827,-759.5297,585.9168,-309.9728,607.34827,-759.5297,585.9168,-1.0,1.0,-1.0,1.0,0.0,0.4,-0.4,0.4
16.166666666666668,20.49766,-15.009054,2.0044236,-0.20789213,0.0033728133,-0.002166606,0.97814345,0.006733195,-0.0037367723,0.046958137,0.21264637,-0.5748909,-0.26862103,20.496504,-15.009494,1.2044249,0.08278192,0.03148717,0.106550746,0.08196215,397.22894,595.15466,-107.9405,-51.392357,397.22894,595.15466,-107.9405,-51.392357,1.0,1.0,-1.0,-1.0,33.524375915527344,0.4,-0.4,-0.4
16.183333333333334,20.497545,-15.009033,2.0031652,-0.20718537,0.0049741883,-0.0027492961,0.97828513,0.0045875623,-0.0033914878,-0.11640112,-0.21545735,-0.039328948,-0.025908936,20.496357,-15.009491,1.2031662,0.08510419,0.032784913,0.13933627,0.07786452,-345.32278,-146.6766,774.01196,358.56293,-345.32278,-146.6766,774.01196,358.56293,-1.0,-1.0,1.0,1.0,0.0,-0.4,0.4,0.4
16.2,20.497486,-15.009027,2.003069,-0.20548385,0.0016865594,-0.002480511,0.9786558,0.0023588894,-0.0012004685,0.031037208,0.22175972,0.51999575,-0.2686784,20.49621,-15.009485,1.2030702,0.09138797,0.032853212,0.37702692,0.004097968,480.31088,529.16077,403.26804,-71.979904,480.31088,529.16077,403.26804,-71.979904,1.0,1.0,1.0,-1.0,33.524375915527344,0.4,0.4,-0.4
16.216666666666665,20.49743,-15.009022,2.0015397,-0.20477587,0.00094520167,-0.0035019466,0.97880214,0.0030733976,-0.0008633154,-0.13270214,-0.20990491,-0.023259923,-0.025701007,20.49607,-15.009479,1.2015412,0.09739854,0.03271661,0.36063415,-0.008196159,-184.52402,-196.74533,-643.98724,356.08566,-184.52402,-196.74533,-643.98724,356.08566,-1.0,-1.0,-1.0,1.0,0.0,-0.4,-0.4,0.4
16.233333333333334,20.49739,-15.009046,2.0011706,-0.20306844,-0.0024811288,-0.003213955,0.97915614,0.0024108915,0.001254743,0.014725528,0.2273624,0.5360776,-0.26845744,20.495932,-15.009467,1.2011722,0.104501955,0.030189436,0.42620477,-0.1516304,634.34235,654.8619,92.27538,-78.5164,634.34235,654.8619,92.27538,-78.5164,1.0,1.0,1.0,-1.0,33.524375915527344,0.4,0.4,-0.4
16.25,20.497355,-15.009092,1.9993701,-0.20234992,-0.004492736,0.0010350448,0.97930235,0.0045722835,0.0013342095,-0.14892301,0.6555085,-0.0009973645,-0.024737636,20.495798,-15.009454,1.1993716,0.11146876,0.025886418,0.4180084,-0.25818104,-54.756195,21.28351,-879.72,365.44333,-54.756195,21.28351,-879.72,365.44333,-1.0,1.0,-1.0,1.0,0.0,0.4,-0.4,0.4
16.266666666666666,20.497269,-15.009134,1.9987235,-0.20063852,-0.0018286658,0.0044095474,0.9796537,0.006591829,-0.00051313266,-0.0020378893,0.22511524,-0.5272516,-0.26799574,20.495676,-15.009441,1.1987251,0.11406424,0.021993209,0.1557286,-0.23359257,716.36285,-892.95,-467.2866,-82.188156,716.36285,-892.95,-467.2866,-82.188156,1.0,-1.0,-1.0,-1.0,33.524375915527344,-0.4,-0.4,-0.4
16.28333333333333,20.497147,-15.009123,2.0005307,-0.19993322,-0.0007531055,0.0038381214,0.9798017,0.00596961,-0.0032036244,0.14526626,-0.19879588,0.025006913,-0.025254227,20.495558,-15.009427,1.2005322,0.11379103,0.021788303,-0.016392319,-0.012294351,35.73923,-553.4152,370.60226,394.95825,35.73923,-553.4152,370.60226,394.95825,1.0,-1.0,1.0,1.0,33.524375915527344,-0.4,0.4,0.4
16.3,20.497013,-15.0090885,2.0009046,-0.20120311,0.0032427267,0.00020264457,0.9795441,0.0066699376,-0.0051395725,-0.018549245,-0.63149184,-0.5178927,0.21761774,20.495447,-15.009411,1.2009063,0.11215177,0.02308604,-0.0983557,0.077864185,-621.44135,-97.31573,-151.47853,219.405,-621.44135,-97.31573,-151.47853,219.405,-1.0,-1.0,-1.0,1.0,0.0,-0.4,-0.4,0.4
16.316666666666666,20.49692,-15.009056,2.0024385,-0.20148534,0.0045609274,-0.0021008723,0.9794786,0.0045824577,-0.004270567,0.12883039,-0.193158,0.040475518,-0.02488835,20.495346,-15.009395,1.2024404,0.11269819,0.024247171,0.032785084,0.06966791,45.341953,726.219,789.97125,-3796.7434,45.341953,726.219,789.97125,-3796.7434,1.0,1.0,1.0,-1.0,33.524375915527344,0.4,0.4,-0.4
16.333333333333332,20.496857,-15.009029,2.0025458,-0.20276524,0.00068557577,-0.0017805189,0.9792255,0.0026136613,-0.0028038349,-0.03438247,0.24027006,0.5829532,0.21831624,20.495247,-15.00938,1.2025474,0.115293674,0.025135096,0.15572904,0.053275485,-611.7047,382.19983,371.9609,149.45203,-611.7047,382.19983,371.9609,149.45203,-1.0,1.0,1.0,1.0,0.0,0.4,0.4,0.4
16.35,20.49679,-15.009015,2.0038095,-0.20305596,-0.0007145279,-0.0027786922,0.97916293,0.003478386,-0.0029078578,0.11253655,-0.19083422,0.05732553,-0.024889305,20.495155,-15.009364,1.2038112,0.11706953,0.024998493,0.10655119,-0.008196159,130.92279,-358.49796,-837.88245,-197.28401,130.92279,-358.49796,-837.88245,-197.28401,1.0,-1.0,-1.0,-1.0,33.524375915527344,-0.4,-0.4,-0.4
16.366666666666667,20.496708,-15.009016,2.0036395,-0.2043484,0.0018728256,-0.0011395311,0.9788958,0.0044171973,-0.0016148782,-0.051133204,0.23616052,-0.4783948,0.21842176,20.495064,-15.009347,1.2036413,0.117752545,0.023700757,0.04098102,-0.077864185,-571.8777,537.7483,-127.44053,158.60191,-571.8777,537.7483,-127.44053,158.60191,-1.0,1.0,-1.0,1.0,0.0,0.4,-0.4,0.4
16.383333333333333,20.49665,-15.009015,2.0046291,-0.20463873,0.0025256223,-0.0016861042,0.97883284,0.002854413,-0.0018168172,0.09617481,-0.1858285,0.07490627,-0.025095498,20.49498,-15.009328,1.204631,0.11966501,0.02240302,0.11474802,-0.077864185,122.140144,-358.34885,810.73773,-2470.6165,122.140144,-358.34885,810.73773,-2470.6165,1.0,-1.0,1.0,-1.0,33.524375915527344,-0.4,0.4,-0.4
16.4,20.496616,-15.009012,2.0041914,-0.20591474,-0.0016432707,-0.0013745496,0.9785675,0.0018005096,-0.0006926231,-0.06705354,0.24755456,0.6173369,0.21811587,20.494902,-15.009307,1.2041935,0.1228069,0.021105284,0.18851323,-0.077864185,-564.0482,393.28467,175.37376,135.88147,-564.0482,393.28467,175.37376,135.88147,-1.0,1.0,1.0,1.0,0.0,0.4,0.4,0.4
16.416666666666668,20.496561,-15.009024,2.0049102,-0.20620547,-0.003332732,-0.0023773105,0.9785001,0.0035521314,-0.0010644628,0.0798715,-0.18363526,0.09172306,-0.025068741,20.49483,-15.009286,1.2049121,0.12403633,0.01878302,0.07376566,-0.13933583,214.58286,-285.18002,-978.42944,-202.74947,214.58286,-285.18002,-978.42944,-202.74947,1.0,-1.0,-1.0,-1.0,33.524375915527344,-0.4,-0.4,-0.4
16.433333333333334,20.496487,-15.00905,2.0041952,-0.20749092,-0.00104223,-0.00072622375,0.9782361,0.005168288,-0.0001604578,-0.08380098,0.24336886,-0.4440396,0.21824111,20.494764,-15.009263,1.2041972,0.12335331,0.015231322,-0.04098102,-0.21310188,-482.54703,522.7739,-441.53708,155.23047,-482.54703,522.7739,-441.53708,155.23047,-1.0,1.0,-1.0,1.0,0.0,0.4,-0.4,0.4
16.45,20.496412,-15.009075,2.00464,-0.20778115,-0.0006800162,-0.0012711779,0.97817427,0.004565434,-0.00068123057,0.06350833,-0.17876232,0.10926217,-0.02525848,20.494705,-15.009238,1.2046419,0.12226048,0.011679623,-0.06556972,-0.21310188,270.91937,-309.05222,488.58835,-2509.2017,270.91937,-309.05222,488.58835,-2509.2017,1.0,-1.0,1.0,-1.0,33.524375915527344,-0.4,0.4,-0.4
16.466666666666665,20.496328,-15.0091095,2.0036526,-0.20906432,0.001457598,0.00038940224,0.97790074,0.005203906,1.6945414e-06,-0.10016871,0.24824709,-0.42652237,0.21805589,20.494646,-15.009214,1.2036545,0.120484635,0.0075132083,-0.106550746,-0.24998488,-417.4399,458.2946,-272.81415,149.43787,-417.4399,458.2946,-272.81415,149.43787,-1.0,1.0,-1.0,1.0,0.0,0.4,-0.4,0.4
16.483333333333334,20.496265,-15.009128,2.0038247,-0.20935144,0.0016699405,-0.00014698935,0.97783893,0.0036517403,-0.0007054962,0.047142554,-0.17395575,0.12681107,-0.025440432,20.494598,-15.009188,1.2038265,0.11939179,0.004303019,-0.065570615,-0.19261135,352.61502,-436.48218,668.4156,-2401.1172,352.61502,-436.48218,668.4156,-2401.1172,1.0,-1.0,1.0,-1.0,33.524375915527344,-0.4,0.4,-0.4
16.5,20.496202,-15.009152,2.002565,-0.2106329,0.0036553992,0.0015227824,0.9775572,0.0034159203,-0.00026509282,-0.116524555,0.25305784,-0.40899396,0.2178773,20.494553,-15.009164,1.2025667,0.11816236,0.0008196227,-0.073766105,-0.20900376,-328.77045,292.97903,-64.72456,130.5151,-328.77045,292.97903,-64.72456,130.5151,-1.0,1.0,-1.0,1.0,0.0,0.4,-0.4,0.4
16.516666666666666,20.49617,-15.009153,2.0024648,-0.2109176,0.0037175377,0.0009937253,0.9774962,0.0010269021,-0.0011856197,0.030792315,-0.16921578,0.1443676,-0.025620122,20.494513,-15.009142,1.2024666,0.11870877,-0.0008196227,0.032784637,-0.09835472,460.66852,-573.24567,851.5311,-2326.51,460.66852,-573.24567,851.5311,-2326.51,1.0,-1.0,1.0,-1.0,33.524375915527344,-0.4,0.4,-0.4
16.53333333333333,20.496166,-15.009145,2.0009375,-0.21220003,-0.0010441279,0.0012900512,0.9772248,8.994827e-05,-0.0010149607,-0.1324484,0.26407692,0.6866899,0.2175844,20.494482,-15.009122,1.2009394,0.120621234,-0.0016392454,0.11474802,-0.04917736,-219.20683,80.140686,157.85976,103.47342,-219.20683,80.140686,157.85976,103.47342,-1.0,1.0,1.0,1.0,0.0,0.4,0.4,0.4
16.55,20.49613,-15.009127,2.0005662,-0.21249144,-0.0033201368,0.0002870486,0.9771572,0.0017522017,-0.002209295,0.0144704385,-0.167292,0.16115302,-0.025553802,20.494448,-15.009099,1.2005682,0.120484635,-0.0019807548,-0.008195936,-0.02049056,569.0132,-530.4149,-971.64606,-206.4016,569.0132,-530.4149,-971.64606,-206.4016,1.0,-1.0,-1.0,-1.0,33.524375915527344,-0.4,-0.4,-0.4
16.566666666666666,20.496082,-15.009115,1.9987614,-0.21376354,-0.0016310295,0.0019630818,0.97688204,0.003011456,-0.0023481569,-0.1491856,0.25973597,-0.37469512,0.21778001,20.494423,-15.009075,1.1987633,0.11884537,-0.0028686796,-0.0983557,-0.053275485,-28.886662,245.31035,-618.2153,127.117294,-28.886662,245.31035,-618.2153,127.117294,-1.0,1.0,-1.0,1.0,0.0,0.4,-0.4,0.4
16.583333333333332,20.496021,-15.009083,1.9981165,-0.21405017,-0.0018580557,0.0014278904,0.9768198,0.002469821,-0.003794278,-0.0018725061,-0.16268331,0.17866114,-0.025730114,20.494408,-15.00905,1.1981183,0.11556688,-0.0023222642,-0.19670962,0.032784916,764.5423,-636.08374,299.65082,-2486.7852,764.5423,-636.08374,299.65082,-2486.7852,1.0,-1.0,1.0,-1.0,33.524375915527344,-0.4,0.4,-0.4
16.6,20.49594,-15.009046,1.9999223,-0.21532045,-0.00042812753,0.0031120733,0.97653836,0.004216089,-0.003557526,0.14513002,0.2681564,-0.34040615,0.21763115,20.494406,-15.009029,1.1999238,0.10982951,-0.0011611321,-0.34424227,0.06966792,136.95236,86.75796,-587.024,127.666115,136.95236,86.75796,-587.024,127.666115,1.0,1.0,-1.0,1.0,33.524375915527344,0.4,-0.4,0.4
16.616666666666667,20.495852,-15.008997,2.000299,-0.21560624,-0.00084040605,0.0025814855,0.9764766,0.0033255746,-0.0051378054,-0.01821171,-0.15817374,0.19615786,-0.02590332,20.4944,-15.009007,1.2003002,0.10395554,0.0007513208,-0.3524382,0.114747174,-630.69867,-753.36615,373.02484,-1562.5205,-630.69867,-753.36615,373.02484,-1562.5205,-1.0,-1.0,1.0,-1.0,0.0,-0.4,0.4,-0.4
16.633333333333333,20.495737,-15.008922,2.001831,-0.21687536,0.0016380594,-0.0009657238,0.9761974,0.0045719007,-0.0074372813,0.12864082,-0.5870938,-0.3298483,0.21686697,20.494398,-15.008983,1.2018322,0.0958959,0.0043713213,-0.48357812,0.21720003,130.08023,-81.643845,-600.2615,131.31097,130.08023,-81.643845,-600.2615,131.31097,1.0,-1.0,-1.0,1.0,33.524375915527344,-0.4,-0.4,0.4
16.65,20.495636,-15.008849,2.0019345,-0.21715306,0.001492667,-0.0032316882,0.976131,0.0033239238,-0.0060625165,-0.034633458,-0.15322888,0.21150571,-0.025843,20.494404,-15.00896,1.2019358,0.08824608,0.007923019,-0.4589894,0.21310185,-591.40234,748.9086,518.86395,-2569.9934,-591.40234,748.9086,518.86395,-2569.9934,-1.0,1.0,1.0,-1.0,0.0,0.4,0.4,-0.4
16.666666666666668,20.495552,-15.008809,2.0031958,-0.2184332,0.002627038,-0.0015295317,0.9758472,0.004128399,-0.0040333215,0.11237502,0.2776397,-0.3075778,0.2175211,20.494415,-15.008935,1.2031965,0.081415884,0.00901585,-0.40981156,0.06556983,179.82008,426.08615,-426.14282,84.14643,179.82008,426.08615,-426.14282,84.14643,1.0,1.0,-1.0,1.0,33.524375915527344,0.4,-0.4,0.4
16.683333333333334,20.495478,-15.00877,2.0030272,-0.21871363,0.0019309723,-0.002046062,0.97578496,0.002653908,-0.0038934718,-0.0509643,-0.14881581,0.22900681,-0.026026526,20.494429,-15.008912,1.203028,0.0751321,0.010176982,-0.37702692,0.06966791,-607.629,-410.94046,594.4073,-1250.7262,-607.629,-410.94046,594.4073,-1250.7262,-1.0,-1.0,1.0,-1.0,0.0,-0.4,0.4,-0.4
16.7,20.49542,-15.008754,2.0040157,-0.21999028,0.002913736,-0.00033888538,0.97549754,0.0031657028,-0.0022815373,0.096040785,0.28204608,-0.290085,0.21733615,20.49445,-15.008892,1.2040166,0.069531344,0.009903775,-0.33604544,-0.01639243,203.79335,355.43668,-376.34805,73.79657,203.79335,355.43668,-376.34805,73.79657,1.0,1.0,-1.0,1.0,33.524375915527344,0.4,-0.4,0.4
16.716666666666665,20.495377,-15.008729,2.003575,-0.22027007,0.0020686553,-0.000853463,0.9754363,0.0015615774,-0.0024925184,-0.06729863,-0.14447328,0.24650659,-0.026211482,20.494474,-15.008866,1.203576,0.0646136,0.009835472,-0.29506442,-0.0040981355,-580.7642,-498.31497,630.70325,-1254.37,-580.7642,-498.31497,630.70325,-1254.37,-1.0,-1.0,1.0,-1.0,0.0,-0.4,0.4,-0.4
16.733333333333334,20.495342,-15.008717,2.004291,-0.22154322,0.00290037,0.00085848384,0.9751458,0.0018909371,-0.001325256,0.079706244,0.2863817,-0.27259916,0.21715012,20.494497,-15.008842,1.2042918,0.06051549,0.00901585,-0.2458868,-0.04917735,250.93964,249.29294,-354.30298,64.05593,250.93964,249.29294,-354.30298,64.05593,1.0,1.0,-1.0,1.0,33.524375915527344,0.4,-0.4,0.4
16.75,20.495312,-15.008694,2.0035777,-0.22182277,0.0019066245,0.00034514614,0.9750851,0.00026018568,-0.0019125362,-0.08363461,-0.14020255,0.26399875,-0.026398372,20.494518,-15.008817,1.2035781,0.05682718,0.008810944,-0.22129855,-0.012294351,-532.45056,-603.0439,635.3591,-1277.642,-532.45056,-603.0439,635.3591,-1277.642,-1.0,-1.0,1.0,-1.0,0.0,-0.4,0.4,-0.4
16.766666666666666,20.495296,-15.008673,2.0040212,-0.22309217,0.0025871948,0.0020607584,0.97479165,0.0005168689,-0.001217749,0.063372575,0.2906453,-0.25512233,0.21696427,20.494547,-15.008791,1.2040219,0.053685293,0.008469434,-0.18851323,-0.020490566,320.89777,119.5438,-369.6001,55.26041,320.89777,119.5438,-369.6001,55.26041,1.0,1.0,-1.0,1.0,33.524375915527344,0.4,-0.4,0.4
16.78333333333333,20.49529,-15.00864,2.0030355,-0.22337227,0.0014447788,0.0015478372,0.97473085,-0.0010375625,-0.002206719,-0.09997059,-0.13600308,0.28148174,-0.026585419,20.494577,-15.008764,1.2030358,0.051089823,0.008879246,-0.15572815,0.024588702,-454.88123,-724.64215,592.9182,-1307.5526,-454.88123,-724.64215,592.9182,-1307.5526,-1.0,-1.0,1.0,-1.0,0.0,-0.4,0.4,-0.4
16.8,20.495285,-15.008589,2.0032058,-0.2246278,0.0032154594,-0.0019610461,0.9744373,-0.0007302859,-0.0033072804,0.04692658,-0.56495804,-0.24446583,0.21615522,20.494614,-15.008737,1.2032063,0.04808454,0.010586794,-0.18031707,0.10245284,412.5334,-28.41853,-428.02655,47.51374,412.5334,-28.41853,-428.02655,47.51374,1.0,-1.0,-1.0,1.0,33.524375915527344,-0.4,-0.4,0.4
16.816666666666666,20.49529,-15.008538,2.0019474,-0.22489342,0.0023542643,-0.004209979,0.97437143,-0.0021325857,-0.0011791047,-0.116332866,-0.13137561,0.29679596,-0.026634675,20.494648,-15.008708,1.2019477,0.04603548,0.012157737,-0.12294351,0.09425662,-353.95068,815.9665,649.0602,-2402.2207,-353.95068,815.9665,649.0602,-2402.2207,-1.0,1.0,1.0,-1.0,0.0,0.4,0.4,-0.4
16.833333333333332,20.495323,-15.008535,2.0018458,-0.22320576,0.0027550636,-0.002479036,0.9747642,-0.0016460714,0.0012378779,0.03067838,0.29899618,-0.2223655,-0.26925814,20.494688,-15.008682,1.2018464,0.045489065,0.010518491,-0.03278486,-0.09835476,557.7124,496.68082,-310.25247,-9.852512,557.7124,496.68082,-310.25247,-9.852512,1.0,1.0,-1.0,-1.0,33.524375915527344,0.4,-0.4,-0.4
16.85,20.495367,-15.008531,2.0003147,-0.22249325,0.0013435388,-0.0029825373,0.9749287,-0.0028332993,0.0014795325,-0.13266914,-0.1279577,0.31275123,-0.026515763,20.494728,-15.008656,1.2003152,0.04576227,0.0089475475,0.016392319,-0.09425662,-160.40161,-191.78633,528.2274,324.96304,-160.40161,-191.78633,528.2274,324.96304,-1.0,-1.0,1.0,1.0,0.0,-0.4,0.4,0.4
16.866666666666667,20.495419,-15.008555,1.9999406,-0.22080292,0.0016106333,-0.0012566613,0.9753163,-0.0021132096,0.0033328107,0.014330529,0.30238426,-0.20642155,-0.26913893,20.494768,-15.008628,1.1999412,0.046581898,0.005190944,0.049177628,-0.2253962,674.1225,458.76022,-371.05984,-10.242848,674.1225,458.76022,-371.05984,-10.242848,1.0,1.0,-1.0,-1.0,33.524375915527344,0.4,-0.4,-0.4
16.883333333333333,20.49548,-15.0085745,1.9981371,-0.22009285,6.113939e-05,-0.0017585001,0.97547734,-0.0029402291,0.0030973477,-0.14902107,-0.124457985,0.32866174,-0.026393639,20.49481,-15.008597,1.1981373,0.047947936,0.0016392454,0.081962265,-0.21310188,-31.514696,-238.49513,448.52002,330.90714,-31.514696,-238.49513,448.52002,330.90714,-1.0,-1.0,1.0,1.0,0.0,-0.4,0.4,0.4
16.9,20.495544,-15.008619,1.997491,-0.21839896,0.00019462686,-3.613119e-05,0.97585946,-0.0018774034,0.0043672714,-0.0020285542,0.305852,-0.19052476,-0.26901215,20.49486,-15.00857,1.1974914,0.049040765,-0.0035516985,0.06556972,-0.31145662,793.4373,404.21234,-493.48798,-1.0859648,793.4373,404.21234,-493.48798,-1.0859648,1.0,1.0,-1.0,-1.0,33.524375915527344,0.4,-0.4,-0.4
16.916666666666668,20.495611,-15.008657,1.9992985,-0.21769196,-0.0016004993,-0.00053499895,0.976016,-0.0032723881,0.0034437138,0.14527415,-0.11704323,0.36133534,-0.026265243,20.494911,-15.008541,1.199299,0.050133597,-0.008332831,0.065569945,-0.28686795,122.55933,-291.9076,306.53293,343.7606,122.55933,-291.9076,306.53293,343.7606,1.0,-1.0,1.0,1.0,33.524375915527344,-0.4,0.4,0.4
16.933333333333334,20.495674,-15.008701,1.9996746,-0.21895833,-0.0016388295,0.00119297,0.975732,-0.001903432,0.0040141284,-0.018390719,0.30980384,-0.1746428,0.21710284,20.494967,-15.008513,1.1996748,0.05068001,-0.013455473,0.03278486,-0.3073585,-534.82355,302.79062,-486.85788,229.27914,-534.82355,302.79062,-486.85788,229.27914,-1.0,1.0,-1.0,1.0,0.0,0.4,-0.4,0.4
16.95,20.495718,-15.008731,2.0012097,-0.21924084,-0.0035801234,0.00069477974,0.97566396,-0.0026459026,0.0027533032,0.12891577,-0.113106966,0.37872767,-0.026428362,20.495016,-15.008487,1.2012104,0.0502702,-0.017485285,-0.024588702,-0.24178872,113.698555,-544.97455,240.31995,-1340.167,113.698555,-544.97455,240.31995,-1340.167,1.0,-1.0,1.0,-1.0,33.524375915527344,-0.4,0.4,-0.4
16.966666666666665,20.495752,-15.008761,2.001313,-0.22050188,-0.0037680382,0.0024260832,0.9753762,-0.0007376163,0.002727779,-0.034742724,0.3137472,-0.15726659,0.21694623,20.495071,-15.008457,1.2013133,0.04876756,-0.021788303,-0.090158425,-0.25818104,-529.8369,199.51001,-753.095,244.4365,-529.8369,199.51001,-753.095,244.4365,-1.0,1.0,-1.0,1.0,0.0,0.4,-0.4,0.4
16.983333333333334,20.495749,-15.008781,2.0025706,-0.22076656,0.0007247095,0.0033742122,0.9753206,0.0017190243,0.0008620259,0.11217393,-0.11544976,-0.68208414,-0.026443763,20.495134,-15.008432,1.2025708,0.04398642,-0.024998493,-0.28686827,-0.19261143,144.34744,-663.6385,-69.41848,-1394.4078,144.34744,-663.6385,-69.41848,-1394.4078,1.0,-1.0,-1.0,-1.0,33.524375915527344,-0.4,-0.4,-0.4
17.0,20.495733,-15.008783,2.0023985,-0.2190541,0.0037929406,0.0003490892,0.9757052,0.00018056802,-0.00036125284,-0.05116587,-0.5428668,-0.14539611,-0.2696448,20.495193,-15.008409,1.2023987,0.038658876,-0.026842646,-0.31965268,-0.11064916,-651.1973,-80.670334,866.2808,-556.3449,-651.1973,-80.670334,866.2808,-556.3449,-1.0,-1.0,1.0,-1.0,0.0,-0.4,0.4,-0.4
17.016666666666666,20.495766,-15.008778,2.0033884,-0.21833774,0.001945545,-0.0018963418,0.9758694,-0.0023380953,0.00048147107,0.0962386,-0.10545561,0.41550016,-0.026311032,20.495258,-15.008387,1.2033886,0.036336612,-0.028003776,-0.13933583,-0.0696678,196.7396,781.2566,409.78616,471.76633,196.7396,781.2566,409.78616,471.76633,1.0,1.0,1.0,1.0,33.524375915527344,0.4,0.4,0.4
17.03333333333333,20.495802,-15.008784,2.0029464,-0.21960911,0.0014431089,-0.00017739652,0.9755868,-0.0019816447,0.0015598098,-0.06741898,0.32132944,-0.120510444,0.21706316,20.495317,-15.008365,1.202947,0.034697365,-0.030052833,-0.09835481,-0.1229434,-488.52988,279.13715,-362.37616,185.37552,-488.52988,279.13715,-362.37616,185.37552,-1.0,1.0,-1.0,1.0,0.0,0.4,-0.4,0.4
17.05,20.495861,-15.00878,2.0036643,-0.21988854,-0.00095911993,-0.0006839499,0.9755242,-0.0034932254,0.0010174608,0.079880275,-0.101680726,0.43287492,-0.02644106,20.49539,-15.008343,1.2036645,0.03374114,-0.03128227,-0.057373565,-0.073766105,241.4023,-531.2876,368.45844,-1062.154,241.4023,-531.2876,368.45844,-1062.154,1.0,-1.0,1.0,-1.0,33.524375915527344,-0.4,0.4,-0.4
17.066666666666666,20.495914,-15.008783,2.0029497,-0.22115315,-0.001610609,0.001037084,0.97523713,-0.0022685388,0.0014377895,-0.08377974,0.32510808,-0.103153415,0.21693254,20.495459,-15.008324,1.2029501,0.032648306,-0.032921515,-0.065569945,-0.09835481,-420.61755,196.85703,-650.1093,193.81496,-420.61755,196.85703,-650.1093,193.81496,-1.0,1.0,-1.0,1.0,0.0,0.4,-0.4,0.4
17.083333333333332,20.495955,-15.008774,2.003395,-0.22143435,-0.0041596727,0.0005255457,0.9751662,-0.0027342536,0.00023320259,0.063523486,-0.09797737,0.450224,-0.026560266,20.49553,-15.008307,1.2033952,0.030462643,-0.03339963,-0.13113979,-0.028686894,331.7774,-632.0774,44.29743,-1187.0221,331.7774,-632.0774,44.29743,-1187.0221,1.0,-1.0,1.0,-1.0,33.524375915527344,-0.4,0.4,-0.4
17.1,20.495983,-15.008771,2.0024083,-0.22269224,-0.00496043,0.0022481943,0.97487354,-0.0005425542,-3.4730358e-05,-0.10012526,0.3288175,-0.08582203,0.21681736,20.495602,-15.008292,1.2024088,0.02732076,-0.034287553,-0.18851301,-0.053275373,-338.71524,147.46336,-928.408,204.05423,-338.71524,147.46336,-928.408,204.05423,-1.0,1.0,-1.0,1.0,0.0,0.4,-0.4,0.4
17.116666666666667,20.495955,-15.008757,2.0025759,-0.2229582,-0.0010780498,0.0031951172,0.97482216,0.0017703744,-0.0019363314,0.046791665,-0.10055709,-0.610672,-0.026545,20.495674,-15.008279,1.202576,0.020080756,-0.03421925,-0.43440014,0.0040981914,445.27515,-720.582,-391.98,-1293.9967,445.27515,-720.582,-391.98,-1293.9967,1.0,-1.0,-1.0,-1.0,33.524375915527344,-0.4,-0.4,-0.4
17.133333333333333,20.495922,-15.008726,2.0013137,-0.22125493,0.0013897846,0.00016240361,0.975215,0.0006604409,-0.0027846573,-0.116569474,-0.5278595,-0.07402757,-0.26977852,20.495752,-15.008266,1.2013139,0.012157737,-0.032921515,-0.4753811,0.07786407,-363.8466,-106.01496,642.7296,-471.05023,-363.8466,-106.01496,642.7296,-471.05023,-1.0,-1.0,1.0,-1.0,0.0,-0.4,0.4,-0.4
17.15,20.495909,-15.008694,2.0012136,-0.22054103,-0.0010598645,-0.002097094,0.9753748,-0.0006538203,-0.0018371919,0.030829478,-0.090218216,0.48677492,-0.026501821,20.495825,-15.008258,1.2012135,0.0060105664,-0.031213965,-0.36883023,0.102453,588.5903,697.48486,28.861063,453.819,588.5903,697.48486,28.861063,453.819,1.0,1.0,1.0,1.0,33.524375915527344,0.4,0.4,0.4
17.166666666666668,20.495895,-15.008675,1.9996818,-0.22180322,-0.002173506,-0.00038235294,0.9750889,0.00084336894,-0.0011858112,-0.13281731,0.33650896,-0.049286827,0.21688008,20.495895,-15.008247,1.1996819,0.0,-0.030599248,-0.36063397,0.036883052,-100.230736,280.45798,-892.72565,173.16495,-100.230736,280.45798,-892.72565,173.16495,-1.0,1.0,-1.0,1.0,0.0,0.4,-0.4,0.4
17.183333333333334,20.49586,-15.00866,1.9993045,-0.22208053,0.0013980421,0.0005545135,0.97502714,0.002173877,-0.001965766,0.014085833,-0.09294218,-0.57417655,-0.026469951,20.495972,-15.008237,1.1993046,-0.008059624,-0.03032604,-0.4835774,0.01639243,692.63293,-502.14978,-267.31503,-1020.6228,692.63293,-502.14978,-267.31503,-1020.6228,1.0,-1.0,-1.0,-1.0,33.524375915527344,-0.4,-0.4,-0.4
17.2,20.49583,-15.00865,1.9974988,-0.2203886,0.0023252375,0.0027480882,0.97540545,0.000443666,-0.001815851,-0.1491602,0.33950523,-0.03134148,-0.26920784,20.496052,-15.008228,1.1974989,-0.015846038,-0.030189436,-0.46718484,0.008196271,-79.34556,124.43512,729.1116,-242.54007,-79.34556,124.43512,729.1116,-242.54007,-1.0,1.0,1.0,-1.0,0.0,0.4,0.4,-0.4
17.216666666666665,20.495808,-15.008611,1.996849,-0.21966946,0.005757234,0.003671879,0.9755505,-0.00018104934,-0.0035548618,-0.0022374606,-0.09018925,-0.55798465,-0.026312761,20.496128,-15.008225,1.1968491,-0.022949437,-0.027593967,-0.42620388,0.15572815,775.58704,-676.90027,-32.7438,306.75357,775.58704,-676.90027,-32.7438,306.75357,1.0,-1.0,-1.0,1.0,33.524375915527344,-0.4,-0.4,0.4
17.233333333333334,20.495832,-15.008507,1.998652,-0.21794502,0.0076587745,0.00063179876,0.9759308,-0.0033392033,-0.0055339555,0.14507054,-0.51344675,-0.0045399666,-0.2695353,20.496197,-15.008222,1.1986523,-0.026091324,-0.020422265,-0.18851323,0.43030208,51.52575,-316.01852,1057.3633,-159.73828,51.52575,-316.01852,1057.3633,-159.73828,1.0,-1.0,1.0,-1.0,33.524375915527344,-0.4,0.4,-0.4
17.25,20.495897,-15.008391,1.9990281,-0.21722384,0.004717262,-0.0016224906,0.97610897,-0.0065959487,-0.0045605414,-0.018215798,-0.07939306,0.53945744,-0.026305312,20.49627,-15.008221,1.1990281,-0.02663774,-0.012226039,-0.032784972,0.49177355,-521.76746,595.76886,622.5602,570.12445,-521.76746,595.76886,622.5602,570.12445,-1.0,1.0,1.0,1.0,0.0,0.4,0.4,0.4
17.266666666666666,20.49599,-15.008281,2.0005603,-0.21847318,0.0042639715,-0.0051520537,0.97582,-0.0072471118,-0.0048734928,0.1286613,-0.50850284,0.013018161,0.21637076,20.496344,-15.008221,1.2005606,-0.0252717,-0.004303019,0.08196238,0.47538117,184.8835,-55.434307,-415.3493,93.86523,184.8835,-55.434307,-415.3493,93.86523,1.0,-1.0,-1.0,1.0,33.524375915527344,-0.4,-0.4,0.4
17.28333333333333,20.4961,-15.008179,2.0006638,-0.21872239,0.0011900107,-0.007410975,0.97575825,-0.008832388,-0.0020127222,-0.03464007,-0.07556218,0.55457306,-0.026633393,20.496408,-15.008219,1.2006639,-0.022129813,0.0028686796,0.18851323,0.4303019,-547.03046,883.4028,599.62885,-1075.9266,-547.03046,883.4028,599.62885,-1075.9266,-1.0,1.0,1.0,-1.0,0.0,0.4,0.4,-0.4
17.3,20.496227,-15.008142,2.001924,-0.21997926,-0.0006123915,-0.0057011945,0.97548765,-0.007784675,0.0015176109,0.11235907,0.35490802,0.035282165,0.2167252,20.496473,-15.008215,1.2019242,-0.017621888,0.005190944,0.2704755,0.13933584,238.89409,475.81155,-617.1191,52.265106,238.89409,475.81155,-617.1191,52.265106,1.0,1.0,-1.0,1.0,33.524375915527344,0.4,-0.4,0.4
17.316666666666666,20.49636,-15.008121,2.0017548,-0.22023587,-0.0042355023,-0.006223518,0.9754176,-0.007628068,0.0026963223,-0.05102812,-0.07223743,0.5718272,-0.026687618,20.496534,-15.008213,1.2017549,-0.0124309445,0.0066252835,0.3114566,0.086060375,-497.76804,-156.79008,214.72665,-272.78784,-497.76804,-156.79008,214.72665,-272.78784,-1.0,-1.0,1.0,-1.0,0.0,-0.4,0.4,-0.4
17.333333333333332,20.496466,-15.008161,2.0027423,-0.22148135,-0.00618515,-0.0045137894,0.9751345,-0.004738257,0.0053164144,0.09596252,0.35822666,0.052495718,0.21669517,20.496597,-15.008208,1.2027425,-0.0094256615,0.0034150947,0.18031697,-0.19261132,263.96973,460.73718,-994.52734,63.995174,263.96973,460.73718,-994.52734,63.995174,1.0,1.0,-1.0,1.0,33.524375915527344,0.4,-0.4,0.4
17.35,20.49655,-15.008223,2.0022955,-0.221769,-0.0033726017,-0.003590062,0.9750867,-0.0019383528,0.005692899,-0.06775261,-0.07532555,-0.4893062,-0.026609454,20.496664,-15.0082035,1.2022954,-0.008196227,-0.0013660379,0.07376605,-0.28686795,-475.31747,-30.792887,-397.74045,-273.59714,-475.31747,-30.792887,-397.74045,-273.59714,-1.0,-1.0,-1.0,-1.0,0.0,-0.4,-0.4,-0.4
17.366666666666667,20.49662,-15.008323,2.0030081,-0.22006896,-0.003267073,-0.0014184081,0.97547776,-0.0015682303,0.0076113865,0.079632275,0.36111504,0.07030618,-0.269376,20.496729,-15.008201,1.2030083,-0.0077864155,-0.008742643,0.024588702,-0.44259626,252.14189,691.4534,458.26163,-292.66684,252.14189,691.4534,458.26163,-292.66684,1.0,1.0,1.0,-1.0,33.524375915527344,0.4,0.4,-0.4
17.383333333333333,20.496675,-15.008428,2.0022883,-0.21936189,-0.00058876985,-0.0005080139,0.9756432,-6.977981e-05,0.006976859,-0.084111504,-0.07209298,-0.47337994,-0.026434511,20.49679,-15.008197,1.2022884,-0.008196227,-0.016529057,-0.024588702,-0.46718484,-370.01956,-158.87413,-268.5112,392.2231,-370.01956,-158.87413,-268.5112,392.2231,-1.0,-1.0,-1.0,1.0,0.0,-0.4,-0.4,0.4
17.4,20.49674,-15.008536,2.0027294,-0.21766655,-0.0006193394,0.0016651916,0.9760216,-0.0009230147,0.007978007,0.06326183,0.3643899,0.0863018,-0.26919878,20.496855,-15.008193,1.2027292,-0.008196227,-0.024588682,0.0,-0.48357743,291.59818,420.08777,636.40015,-208.47765,291.59818,420.08777,636.40015,-208.47765,1.0,1.0,1.0,-1.0,33.524375915527344,0.4,0.4,-0.4
17.416666666666668,20.496794,-15.008643,2.001737,-0.21695323,0.0019233775,0.0025687322,0.9761766,-0.0005542408,0.0065347156,-0.10048321,-0.06878129,-0.45746955,-0.026250204,20.496918,-15.008191,1.2017374,-0.008879246,-0.0323751,-0.040981133,-0.46718514,-323.08218,-445.88535,-72.53505,387.55157,-323.08218,-445.88535,-72.53505,387.55157,-1.0,-1.0,-1.0,1.0,0.0,-0.4,-0.4,0.4
17.433333333333334,20.49687,-15.008727,2.0019054,-0.21526262,0.0017572651,0.004744821,0.976543,-0.002517541,0.0065838955,0.04690053,0.36774302,0.10227844,-0.2690157,20.49698,-15.008191,1.2019057,-0.007923019,-0.038385667,0.05737362,-0.36063394,358.12646,45.01398,840.98834,-169.55452,358.12646,45.01398,840.98834,-169.55452,1.0,1.0,1.0,-1.0,33.524375915527344,0.4,0.4,-0.4
17.45,20.496962,-15.008786,2.0006456,-0.21457641,-0.002427607,0.0042399936,0.97669494,-0.0033240658,0.0043027885,-0.11646432,-0.057754755,0.63691586,-0.026114227,20.497042,-15.008191,1.2006459,-0.005737359,-0.042620383,0.13113959,-0.25408295,-250.50188,-764.7491,108.457344,378.04147,-250.50188,-764.7491,108.457344,378.04147,-1.0,-1.0,1.0,1.0,0.0,-0.4,0.4,0.4
17.466666666666665,20.497015,-15.008812,2.0005417,-0.21586218,-0.0037128031,0.00072271406,0.9764165,-0.001610928,0.0020246308,0.030466853,-0.48695308,0.11023857,0.21653584,20.497108,-15.008196,1.2005421,-0.0066935853,-0.044123027,-0.057373565,-0.09015865,508.04196,-142.4108,-961.5604,107.88369,508.04196,-142.4108,-961.5604,107.88369,1.0,-1.0,-1.0,1.0,33.524375915527344,-0.4,-0.4,0.4
17.483333333333334,20.497042,-15.008846,1.9990038,-0.21614634,-0.001031423,-0.000110989284,0.9763604,-0.0002379003,0.0026946708,-0.13317287,-0.060801253,-0.4265806,-0.026233025,20.497168,-15.0082035,1.1990044,-0.00901585,-0.04603548,-0.13933586,-0.11474713,-144.80789,615.19946,-319.3158,-1295.6763,-144.80789,615.19946,-319.3158,-1295.6763,-1.0,1.0,-1.0,-1.0,0.0,0.4,-0.4,-0.4
17.5,20.497082,-15.008889,1.9986267,-0.21444994,-0.0014570876,0.0020695552,0.97673166,-0.0009477718,0.0032980347,0.014219311,0.37578532,0.13316071,-0.26898777,20.497234,-15.008212,1.1986274,-0.010928303,-0.04849435,-0.11474719,-0.14753221,668.9561,274.314,508.24585,-181.24078,668.9561,274.314,508.24585,-181.24078,1.0,1.0,1.0,-1.0,33.524375915527344,0.4,0.4,-0.4
17.516666666666666,20.497087,-15.00891,2.0007002,-0.2137378,0.0005799825,0.0029757465,0.9768863,0.0007285798,0.0015927375,0.1611307,-0.05335556,-0.3939992,-0.026017608,20.497292,-15.008225,1.2007005,-0.014616605,-0.049040765,-0.2212981,-0.03278486,26.5574,-584.0041,-310.24,378.3496,26.5574,-584.0041,-310.24,378.3496,1.0,-1.0,-1.0,1.0,33.524375915527344,-0.4,-0.4,0.4
17.53333333333333,20.49709,-15.008909,2.0013437,-0.21500327,0.0011832034,-7.4257005e-05,0.97661257,-0.0005463596,-9.386259e-05,-0.0022076666,-0.47922143,0.14175288,0.21668603,20.497347,-15.008239,1.2013439,-0.018441511,-0.04801624,-0.22949438,0.061471533,-750.8442,-128.99957,699.8444,109.42753,-750.8442,-128.99957,699.8444,109.42753,-1.0,-1.0,1.0,1.0,0.0,-0.4,0.4,0.4
17.55,20.497091,-15.008918,1.9992614,-0.21528365,0.0035935168,-0.0009060765,0.9765445,-0.0007536823,0.0012459417,-0.16585438,-0.053195372,-0.3950655,-0.026106445,20.497408,-15.008254,1.1992619,-0.022676228,-0.047538124,-0.25408295,0.028686894,-30.928905,669.82544,-1.8982631,-1020.0696,-30.928905,669.82544,-1.8982631,-1020.0696,-1.0,1.0,-1.0,-1.0,0.0,0.4,-0.4,-0.4
17.566666666666666,20.497133,-15.008933,1.9983394,-0.21359806,0.0029009576,0.0012885634,0.9769164,-0.0029566907,0.0023150204,-0.018454008,0.38346153,0.1647174,-0.26886636,20.497461,-15.008271,1.1983397,-0.023495851,-0.04740152,-0.049177404,0.008196159,785.62665,212.9573,791.12946,-139.41476,785.62665,212.9573,791.12946,-139.41476,1.0,1.0,1.0,-1.0,33.524375915527344,0.4,0.4,-0.4
17.583333333333332,20.497217,-15.008922,1.9998729,-0.21289995,-0.0019265593,0.00081221526,0.97707176,-0.005625053,0.0012015079,0.12881981,-0.037834466,0.7160655,-0.02591724,20.497522,-15.008295,1.1998732,-0.021856606,-0.044874348,0.0983547,0.1516304,160.14372,-639.99207,30.383028,315.98126,160.14372,-639.99207,30.383028,315.98126,1.0,-1.0,1.0,1.0,33.524375915527344,-0.4,0.4,0.4
17.6,20.497288,-15.008894,1.9999733,-0.21417952,-0.0037933132,-0.0026828835,0.9767833,-0.004046403,0.00022822618,-0.034940045,-0.47097448,0.17245372,0.21673036,20.497574,-15.008319,1.1999736,-0.020490568,-0.041186046,0.081962265,0.2212981,-474.92514,-43.66085,-904.9216,261.67014,-474.92514,-43.66085,-904.9216,261.67014,-1.0,-1.0,-1.0,1.0,0.0,-0.4,-0.4,0.4
17.616666666666667,20.497326,-15.008908,2.0012288,-0.21447101,-0.0017568944,-0.0035021317,0.9767224,-0.0013884676,0.0017303346,0.112082966,-0.041156977,-0.3475824,-0.026093248,20.49763,-15.008345,1.2012291,-0.021720001,-0.040366422,-0.07376599,0.049177404,233.21707,715.2958,-385.6467,-1186.3098,233.21707,715.2958,-385.6467,-1186.3098,1.0,1.0,-1.0,-1.0,33.524375915527344,0.4,-0.4,-0.4
17.633333333333333,20.49737,-15.00894,2.0010562,-0.2157374,-0.0027552443,-0.0012964761,0.9764466,-0.001421635,0.0030652022,-0.05117874,0.39233473,0.1955502,0.2170699,20.497683,-15.00837,1.2010564,-0.02240302,-0.040776234,-0.040981133,-0.024588702,-544.25836,501.39124,462.42966,64.537445,-544.25836,501.39124,462.42966,64.537445,-1.0,1.0,1.0,1.0,0.0,0.4,0.4,0.4
17.65,20.497385,-15.008981,2.0020394,-0.21601875,-0.0012674159,-0.0003720514,0.9763882,0.00072040246,0.0025951387,0.09573128,-0.037746713,-0.32971877,-0.026160125,20.497734,-15.008397,1.2020398,-0.024998493,-0.04180076,-0.15572837,-0.061471533,263.75867,-442.1803,-494.49255,-290.36072,263.75867,-442.1803,-494.49255,-290.36072,1.0,-1.0,-1.0,-1.0,33.524375915527344,-0.4,-0.4,-0.4
17.666666666666668,20.4974,-15.009029,2.0015943,-0.21728665,-0.002416471,0.0018268207,0.9761031,0.00034743478,0.0028780284,-0.067532495,0.39572844,0.21338338,0.21701227,20.497784,-15.008428,1.201595,-0.027457362,-0.043098498,-0.1475321,-0.0778643,-539.8292,231.00096,452.09747,65.9493,-539.8292,231.00096,452.09747,65.9493,-1.0,1.0,1.0,1.0,0.0,0.4,0.4,0.4
17.683333333333334,20.49739,-15.009062,2.002305,-0.21756303,-0.0010808535,0.0027486875,0.9760418,0.0020759031,0.001330697,0.07937492,-0.034413397,-0.31186333,-0.026207546,20.497837,-15.008459,1.2023057,-0.031965286,-0.043166798,-0.2704754,-0.004097968,303.7551,-725.5847,-549.9086,-292.00516,303.7551,-725.5847,-549.9086,-292.00516,1.0,-1.0,-1.0,-1.0,33.524375915527344,-0.4,-0.4,-0.4
17.7,20.497374,-15.009077,2.0015864,-0.2188327,-0.0011678594,-0.0002912473,0.9757616,0.0014692347,7.616053e-05,-0.08396174,-0.4603451,0.22386214,0.21646273,20.497887,-15.008494,1.2015871,-0.03674642,-0.04173246,-0.28686804,0.08606023,-490.44022,-119.02665,366.0072,71.6717,-490.44022,-119.02665,366.0072,71.6717,-1.0,-1.0,1.0,1.0,0.0,-0.4,0.4,0.4
17.716666666666665,20.49734,-15.009107,2.0020244,-0.21911374,0.00043580128,-0.0011098526,0.97569853,0.0028685508,0.0010638537,0.0630369,-0.030641988,-0.29617816,-0.026388567,20.49793,-15.008532,1.202025,-0.042347178,-0.041186046,-0.33604544,0.03278486,385.5439,612.664,-465.69275,-977.80286,385.5439,612.664,-465.69275,-977.80286,1.0,1.0,-1.0,-1.0,33.524375915527344,0.4,-0.4,-0.4
17.733333333333334,20.497322,-15.009149,2.0010347,-0.22038193,-0.0010061729,0.0010794712,0.9754125,0.002100237,0.0015298892,-0.10021732,0.40279582,0.24686748,0.21679284,20.497978,-15.008572,1.2010353,-0.04699171,-0.04132265,-0.2786719,-0.008196159,-383.5668,262.06024,447.60443,49.90528,-383.5668,262.06024,447.60443,49.90528,-1.0,1.0,1.0,1.0,0.0,0.4,0.4,0.4
17.75,20.497284,-15.009176,2.0012007,-0.22065884,4.075228e-05,0.0020004066,0.975349,0.0033123312,0.00030706474,0.046686072,-0.027427033,-0.27833784,-0.026412824,20.498022,-15.00861,1.2012016,-0.052865673,-0.04057133,-0.35243776,0.045079213,488.5637,-681.7154,-564.4514,-295.63257,488.5637,-681.7154,-564.4514,-295.63257,1.0,-1.0,-1.0,-1.0,33.524375915527344,-0.4,-0.4,-0.4
17.766666666666666,20.497238,-15.009187,1.9999374,-0.22192273,-0.0003226028,-0.0010464888,0.9750636,0.0025115563,-0.00045173347,-0.11665257,-0.45341307,0.25738224,0.21624254,20.498058,-15.008651,1.1999379,-0.05873964,-0.038385667,-0.352438,0.13113967,-284.32504,-71.46123,348.18265,49.074177,-284.32504,-71.46123,348.18265,49.074177,-1.0,-1.0,1.0,1.0,0.0,-0.4,0.4,0.4
17.78333333333333,20.497196,-15.009219,1.9998306,-0.22220132,0.0009986879,-0.0018664161,0.9749985,0.0036110342,0.00093447557,0.030344812,-0.023773164,-0.2626664,-0.02662797,20.498098,-15.008696,1.1998315,-0.0646136,-0.037497744,-0.35243776,0.053275373,609.1922,646.7093,-492.68317,-874.0129,609.1922,646.7093,-492.68317,-874.0129,1.0,1.0,-1.0,-1.0,33.524375915527344,0.4,-0.4,-0.4
17.8,20.497162,-15.009265,1.9982955,-0.22346683,-0.0007358009,0.0003117194,0.9747111,0.0028543961,0.0015051563,-0.13290574,0.40962532,0.2803241,0.2165585,20.498133,-15.008743,1.1982965,-0.069531344,-0.037361138,-0.29506442,0.008196383,-132.30591,338.90222,411.6106,22.652805,-132.30591,338.90222,411.6106,22.652805,-1.0,1.0,1.0,1.0,0.0,0.4,0.4,0.4
17.816666666666666,20.497116,-15.009303,1.9979168,-0.2237429,2.4074858e-05,0.0012283782,0.97464734,0.003985322,0.0005201034,0.013996758,-0.02067791,-0.24485277,-0.026631493,20.498165,-15.00879,1.1979177,-0.0751321,-0.03674642,-0.33604544,0.036883052,705.7384,-592.72046,-619.76245,-296.81793,705.7384,-592.72046,-619.76245,-296.81793,1.0,-1.0,-1.0,-1.0,33.524375915527344,-0.4,-0.4,-0.4
17.833333333333332,20.49707,-15.009328,1.9999926,-0.2250091,-0.001967571,0.0033964966,0.9743487,0.002512501,0.0012319097,0.16140862,0.41656172,0.31492287,0.21655469,20.498188,-15.008841,1.1999936,-0.08004984,-0.03490227,-0.29506442,0.11064894,8.893382,28.820055,266.9537,21.034561,8.893382,28.820055,266.9537,21.034561,1.0,1.0,1.0,1.0,33.524375915527344,0.4,0.4,0.4
17.85,20.497011,-15.009346,2.000636,-0.2252821,-0.0013947836,0.0043055257,0.97428304,0.0037816279,-0.0005804647,-0.0023370828,-0.017694518,-0.22705199,-0.026617121,20.498209,-15.00889,1.2006371,-0.08578721,-0.032648306,-0.34424183,0.13523786,-601.1204,-914.35236,-575.3453,-151.46901,-601.1204,-914.35236,-575.3453,-151.46901,-1.0,-1.0,-1.0,-1.0,0.0,-0.4,-0.4,-0.4
17.866666666666667,20.496954,-15.009352,1.9985551,-0.22655149,-0.002175269,0.0012407246,0.9739959,0.0035039526,-0.0019243679,-0.16567388,-0.44376338,0.30866143,0.21602309,20.498228,-15.008943,1.1985561,-0.091251366,-0.029301511,-0.3278495,0.2008077,-14.578582,-331.8313,64.189835,28.63507,-14.578582,-331.8313,64.189835,28.63507,-1.0,-1.0,1.0,1.0,0.0,-0.4,0.4,0.4
17.883333333333333,20.496874,-15.009363,1.9976307,-0.2268275,-0.001283056,0.0004082697,0.97393394,0.0050307885,-0.0013822147,-0.018679488,-0.014242008,-0.21142124,-0.026870934,20.49824,-15.008997,1.1976321,-0.09780835,-0.026227929,-0.39341924,0.18441494,846.1165,451.09265,-851.4645,-935.5022,846.1165,451.09265,-851.4645,-935.5022,1.0,1.0,-1.0,-1.0,33.524375915527344,0.4,-0.4,-0.4
17.9,20.496777,-15.009388,1.9991566,-0.22808193,0.0030076874,0.0040497286,0.9736288,0.006857799,-0.0006691059,0.1282786,0.41652727,-0.7302263,0.21641302,20.498247,-15.009055,1.1991582,-0.10532158,-0.02383736,-0.45079347,0.14343414,207.99591,81.994156,-2.5991244,4.678776,207.99591,81.994156,-2.5991244,4.678776,1.0,1.0,-1.0,1.0,33.524375915527344,0.4,-0.4,0.4
17.916666666666668,20.496683,-15.009394,1.9992535,-0.22834304,0.005476323,0.005465309,0.9735499,0.0045806514,-0.0023616767,-0.035077665,-0.008609876,-0.1929421,-0.027427642,20.498251,-15.009109,1.1992552,-0.11228838,-0.020422265,-0.41800794,0.20490567,-562.728,-827.72107,988.8695,-2722.594,-562.728,-827.72107,988.8695,-2722.594,-1.0,-1.0,1.0,-1.0,0.0,-0.4,0.4,-0.4
17.933333333333334,20.496634,-15.009338,2.0005105,-0.22663341,0.0042863656,0.0024120833,0.9739677,0.0010801721,-0.0046658143,0.112242974,-0.4312637,0.36020705,-0.2707722,20.498247,-15.009168,1.200512,-0.11556688,-0.012226039,-0.19671007,0.49177355,166.64969,-563.1527,580.07574,-15.661154,166.64969,-563.1527,580.07574,-15.661154,1.0,-1.0,1.0,-1.0,33.524375915527344,-0.4,0.4,-0.4
17.95,20.496593,-15.009275,2.0003352,-0.22591218,0.0048246793,0.0015965446,0.9741343,0.00033056596,-0.0044504525,-0.051411748,-0.0035755187,-0.17474167,-0.027401386,20.498243,-15.009228,1.200337,-0.11816236,-0.0034150947,-0.1557286,0.5286566,-412.05316,338.37125,-229.35863,570.6619,-412.05316,338.37125,-229.35863,570.6619,-1.0,1.0,-1.0,1.0,0.0,0.4,-0.4,0.4
17.966666666666665,20.49659,-15.009186,2.0013196,-0.22419655,0.0034765867,-0.0014480386,0.97453666,-0.0025714464,-0.0053935307,0.09587749,-0.42610395,0.3783641,-0.27073768,20.498228,-15.009289,1.2013215,-0.11734273,0.0073766042,0.049177404,0.6475019,248.80998,-342.50092,591.5494,-51.027946,248.80998,-342.50092,591.5494,-51.027946,1.0,-1.0,1.0,-1.0,33.524375915527344,-0.4,0.4,-0.4
17.983333333333334,20.496593,-15.009101,2.0008721,-0.22347738,0.003858628,-0.0022570866,0.97469884,-0.002770178,-0.003991938,-0.06777764,0.0015823394,-0.1566041,-0.027375564,20.498209,-15.00935,1.2008739,-0.115703486,0.017826794,0.09835481,0.62701136,-342.88983,538.4401,-214.56076,524.3573,-342.88983,538.4401,-214.56076,524.3573,-1.0,1.0,-1.0,1.0,0.0,0.4,-0.4,0.4
18.0,20.496643,-15.009032,2.001585,-0.22178112,0.0011126403,-6.627842e-05,0.97509575,-0.0049830917,-0.0019582612,0.07963179,0.4385338,0.40297276,-0.27015638,20.498184,-15.009409,1.2015868,-0.110375926,0.026979249,0.31965357,0.5491473,344.7498,5.0564537,567.9805,-83.38912,344.7498,5.0564537,567.9805,-83.38912,1.0,1.0,1.0,-1.0,33.524375915527344,0.4,0.4,-0.4
18.016666666666666,20.496693,-15.008959,2.0008655,-0.22106905,0.00094531087,0.0008752869,0.9752572,-0.0044982717,-0.0028244085,-0.08410983,0.0064389557,-0.1414471,-0.027058415,20.498156,-15.009464,1.200867,-0.10477516,0.036200006,0.3360459,0.55324537,-310.1095,-772.64087,-407.8492,338.22406,-310.1095,-772.64087,-407.8492,338.22406,-1.0,-1.0,-1.0,1.0,0.0,-0.4,-0.4,0.4
18.03333333333333,20.496752,-15.00887,2.0013046,-0.2193639,-0.0007052385,-0.0021477486,0.9756404,-0.005857743,-0.0036636787,0.06316209,-0.4158889,0.4115686,-0.2703808,20.498121,-15.009521,1.2013062,-0.09808157,0.046581898,0.40161562,0.6229135,410.63443,-293.42767,335.54947,-81.39089,410.63443,-293.42767,335.54947,-81.39089,1.0,-1.0,1.0,-1.0,33.524375915527344,-0.4,0.4,-0.4
18.05,20.496807,-15.008787,2.000312,-0.2186494,-0.0006148817,-0.0029396154,0.9757988,-0.0046351887,-0.0023064548,-0.10049395,0.011783332,-0.12344177,-0.027031261,20.498083,-15.009574,1.2003137,-0.09138797,0.05634907,0.40161562,0.58603024,-190.32767,514.5203,-529.6508,513.21136,-190.32767,514.5203,-529.6508,513.21136,-1.0,1.0,-1.0,1.0,0.0,0.4,-0.4,0.4
18.066666666666666,20.496872,-15.008736,2.0004802,-0.2169387,-0.0036382778,-0.00071946316,0.9761781,-0.0050846427,-0.00056946184,0.04690025,0.44883448,0.43619782,-0.26980436,20.49804,-15.0096245,1.2004817,-0.08360154,0.06365738,0.4671858,0.43849868,554.1308,112.18934,163.63123,-98.832306,554.1308,112.18934,163.63123,-98.832306,1.0,1.0,1.0,-1.0,33.524375915527344,0.4,0.4,-0.4
18.083333333333332,20.496925,-15.008689,1.9992152,-0.21622394,-0.00408836,0.00024400347,0.97633517,-0.0029776194,-0.0016463194,-0.11684114,0.016823225,-0.108404316,-0.026685033,20.497993,-15.009673,1.1992168,-0.076498136,0.070487574,0.42620432,0.40981156,-163.36855,-603.8426,-679.07086,329.94028,-163.36855,-603.8426,-679.07086,329.94028,-1.0,-1.0,-1.0,1.0,0.0,-0.4,-0.4,0.4
18.1,20.496935,-15.008642,1.9991045,-0.2145296,0.00055260083,-0.0013431415,0.9767164,-0.0009599755,-0.0024879223,0.030081203,-0.41319203,-0.63425654,-0.2697604,20.497944,-15.009716,1.1991059,-0.07226342,0.07690795,0.25408295,0.3852224,642.8483,-117.51542,-232.77893,-74.87513,642.8483,-117.51542,-232.77893,-74.87513,1.0,-1.0,-1.0,-1.0,33.524375915527344,-0.4,-0.4,-0.4
18.116666666666667,20.496943,-15.008603,1.9975657,-0.21382377,0.0025500865,-0.0016677103,0.97686744,-0.0024416018,-0.0012491096,-0.13316348,0.01869329,-0.08977612,-0.026136229,20.497889,-15.009762,1.1975672,-0.06775549,0.082986824,0.27047572,0.36473256,-71.08617,734.6863,677.16455,379.6471,-71.08617,734.6863,677.16455,379.6471,-1.0,1.0,1.0,1.0,0.0,0.4,0.4,0.4
18.133333333333333,20.496994,-15.0085745,1.9971886,-0.21213008,-0.0007517992,0.0005694507,0.977241,-0.0038853365,0.00010406738,0.014231164,0.4558379,0.46998006,-0.26889396,20.497833,-15.0098,1.19719,-0.060105678,0.087767966,0.45898876,0.28686848,761.5607,1.93915,346.57623,-104.58394,761.5607,1.93915,346.57623,-104.58394,1.0,1.0,1.0,-1.0,33.524375915527344,0.4,0.4,-0.4
18.15,20.497032,-15.008542,1.9992623,-0.21142569,-0.0015919411,0.0015375527,0.9773915,-0.0027779806,-0.0008878887,0.16113855,0.027897157,-0.058001067,-0.025751937,20.497772,-15.009831,1.1992636,-0.053002276,0.0923442,0.42620412,0.27457413,59.61463,-738.99866,-587.5948,313.8549,59.61463,-738.99866,-587.5948,313.8549,1.0,-1.0,-1.0,1.0,33.524375915527344,-0.4,-0.4,0.4
18.166666666666668,20.497068,-15.008488,1.9999062,-0.21270445,-0.0038759462,-0.0014392387,0.97710776,-0.0032492317,-0.002262781,-0.0022290738,-0.39792448,0.47760817,0.21688345,20.497713,-15.009857,1.1999078,-0.046172082,0.09808157,0.40981156,0.34424183,-613.81915,-316.04852,133.47816,134.38898,-613.81915,-316.04852,133.47816,134.38898,-1.0,-1.0,1.0,1.0,0.0,-0.4,0.4,0.4
18.183333333333334,20.497066,-15.008465,2.0017066,-0.2129874,-0.004452103,-0.002215704,0.9770422,-0.0008551907,-0.0011682006,0.14477822,0.030861814,-0.042489253,-0.026085157,20.497646,-15.009877,1.2017083,-0.041527554,0.101155154,0.27867165,0.18441527,72.758194,462.53775,-954.73914,-266.31335,72.758194,462.53775,-954.73914,-266.31335,1.0,1.0,-1.0,-1.0,33.524375915527344,0.4,-0.4,-0.4
18.2,20.497046,-15.008465,2.002074,-0.21425317,-0.0014601666,0.0014323891,0.976776,0.0014032585,-0.00031195604,-0.018865716,0.45725775,-0.5781479,0.21718778,20.49758,-15.009893,1.2020756,-0.038249064,0.10231629,0.1967094,0.06966814,-597.7343,129.45506,-247.7383,135.98227,-597.7343,129.45506,-247.7383,135.98227,-1.0,1.0,-1.0,1.0,0.0,0.4,-0.4,0.4
18.216666666666665,20.497013,-15.008447,2.003601,-0.21452817,-0.00039075228,0.002874601,0.9767135,0.0008909735,-0.0014850576,0.12844728,0.036039576,-0.024105106,-0.026549006,20.497505,-15.009904,1.2036026,-0.03524378,0.10436535,0.18031707,0.12294351,46.2839,-813.6836,632.2656,-2639.9587,46.2839,-813.6836,632.2656,-2639.9587,1.0,-1.0,1.0,-1.0,33.524375915527344,-0.4,0.4,-0.4
18.233333333333334,20.496992,-15.008406,2.0036998,-0.21580118,-0.0029537429,-0.00010539066,0.97643286,0.00014500716,-0.003058709,-0.03490314,-0.3898309,0.5114944,0.21607,20.497435,-15.009914,1.2037013,-0.031692076,0.10805366,0.21310216,0.22129877,-641.1041,-445.33102,35.16504,137.30522,-641.1041,-445.33102,35.16504,137.30522,-1.0,-1.0,1.0,1.0,0.0,-0.4,0.4,0.4
18.25,20.496944,-15.008381,2.0049555,-0.21607733,-0.0038171518,-0.0008798723,0.97636837,0.0021516937,-0.002316001,0.11210497,0.038889453,-0.008607984,-0.026923671,20.497368,-15.009914,1.2049572,-0.03032604,0.10982951,0.08196215,0.106550746,76.88028,384.64172,-1031.887,-269.10025,76.88028,384.64172,-1031.887,-269.10025,1.0,1.0,-1.0,-1.0,33.524375915527344,0.4,-0.4,-0.4
18.266666666666666,20.496868,-15.008363,2.0047765,-0.21735,8.1386934e-05,-0.0024506953,0.9760906,0.0039073857,-0.0028687073,-0.051670972,-0.3938523,-0.55189496,0.21591711,20.497293,-15.0099125,1.2047782,-0.030462643,0.11099064,-0.008196159,0.06966814,-590.91266,-15.286995,-386.5321,134.05005,-590.91266,-15.286995,-386.5321,134.05005,-1.0,-1.0,-1.0,1.0,0.0,-0.4,-0.4,0.4
18.28333333333333,20.496813,-15.008369,2.0057578,-0.21762922,0.0012749685,-0.0027392001,0.9760268,0.0030527364,-0.0010473626,0.09572779,0.044469327,0.0076273233,-0.026755352,20.497221,-15.009905,1.2057595,-0.02923321,0.109966114,0.07376599,-0.061471757,114.70387,702.19196,644.58203,-3693.7507,114.70387,702.19196,644.58203,-3693.7507,1.0,1.0,1.0,-1.0,33.524375915527344,0.4,0.4,-0.4
18.3,20.496777,-15.008388,2.0053124,-0.21888743,-0.0027731159,-0.0004884841,0.975746,0.0024098405,7.094827e-05,-0.06749833,0.4776984,0.55078655,0.21649238,20.497145,-15.009896,1.2053142,-0.026364531,0.10805366,0.17212069,-0.11474713,-569.7589,141.70485,79.88277,90.67968,-569.7589,141.70485,79.88277,90.67968,-1.0,1.0,1.0,1.0,0.0,0.4,0.4,0.4
18.316666666666666,20.49671,-15.008407,2.0060234,-0.21916161,-0.0043293843,0.00048054924,0.9756788,0.004465503,-0.0006766266,0.07942766,0.04673511,0.02523277,-0.026548775,20.497068,-15.009874,1.2060249,-0.025681512,0.10511667,0.040981133,-0.17621933,179.46048,-640.0854,-931.8274,-200.4524,179.46048,-640.0854,-931.8274,-200.4524,1.0,-1.0,-1.0,-1.0,33.524375915527344,-0.4,-0.4,-0.4
18.333333333333332,20.496609,-15.008422,2.0052996,-0.220433,-0.0007140917,-0.0010750355,0.9754012,0.006111135,-0.0015656201,-0.084353976,-0.38600665,-0.5180293,0.21626782,20.496988,-15.00985,1.2053012,-0.027184155,0.10224798,-0.09015854,-0.17212136,-521.2576,-55.75025,-549.13,122.44171,-521.2576,-55.75025,-549.13,122.44171,-1.0,-1.0,-1.0,1.0,0.0,-0.4,-0.4,0.4
18.35,20.49652,-15.008456,2.0057359,-0.22071314,0.00019178382,-0.0013587188,0.9753378,0.005365505,-0.00025438517,0.06304123,0.05219464,0.04144834,-0.026434708,20.496908,-15.009824,1.2057372,-0.027867174,0.09794496,-0.040981133,-0.25818136,243.94522,677.694,544.8082,-3683.018,243.94522,677.694,544.8082,-3683.018,1.0,1.0,1.0,-1.0,33.524375915527344,0.4,0.4,-0.4
18.366666666666667,20.496435,-15.008505,2.0047412,-0.22198349,0.002435276,0.0023268203,0.97504455,0.005620432,0.00012594461,-0.10064131,0.4786148,-0.4942886,0.21686614,20.496832,-15.009793,1.2047422,-0.028413588,0.092275895,-0.03278486,-0.34014386,-453.8583,89.248405,-156.69904,85.46802,-453.8583,89.248405,-156.69904,85.46802,-1.0,1.0,-1.0,1.0,0.0,0.4,-0.4,0.4
18.383333333333333,20.496365,-15.008519,2.004906,-0.22226179,0.00277314,0.0037921083,0.9749757,0.0035125946,-0.0012641491,0.04667226,0.057061885,0.05977297,-0.026828505,20.496746,-15.009757,1.2049068,-0.02732076,0.08865589,0.06556972,-0.21720035,321.16724,-842.5568,693.088,-2327.521,321.16724,-842.5568,693.088,-2327.521,1.0,-1.0,1.0,-1.0,33.524375915527344,-0.4,0.4,-0.4
18.4,20.496313,-15.008506,2.003642,-0.22352864,-0.0004849049,0.0008027861,0.9746969,0.0023622033,-0.0025595098,-0.11665436,-0.3689469,0.595358,0.21578515,20.496666,-15.009719,1.2036432,-0.0252717,0.08688004,0.12294351,-0.106550746,-389.04535,-520.2527,81.24289,75.08689,-389.04535,-520.2527,81.24289,75.08689,-1.0,-1.0,1.0,1.0,0.0,-0.4,0.4,0.4
18.416666666666668,20.496248,-15.008499,2.0035353,-0.223801,-0.0020617035,3.2976877e-05,0.9746327,0.0036781728,-0.0018744756,0.030359488,0.059604254,0.0752435,-0.027238887,20.496582,-15.009675,1.2035363,-0.023905663,0.08421627,0.081962265,-0.15982656,449.65317,351.85992,-1051.714,-289.76205,449.65317,351.85992,-1051.714,-289.76205,1.0,1.0,-1.0,-1.0,33.524375915527344,0.4,-0.4,-0.4
18.433333333333334,20.496166,-15.008492,2.001994,-0.22506188,0.0011306069,-0.0014972358,0.97434264,0.004427688,-0.002258609,-0.13341738,-0.3731506,-0.46799278,0.21557096,20.4965,-15.009627,1.201995,-0.023905663,0.08127928,0.0,-0.17621933,-215.26752,-84.90251,-420.9464,66.670166,-215.26752,-84.90251,-420.9464,66.670166,-1.0,-1.0,-1.0,1.0,0.0,-0.4,-0.4,0.4
18.45,20.496103,-15.008501,2.0016131,-0.22533455,0.0016078457,-0.0017676255,0.9742785,0.0030535182,-0.00062698906,0.013984763,0.064874575,0.09143801,-0.027163895,20.496412,-15.009575,1.2016138,-0.022129813,0.07690795,0.10655097,-0.26227978,577.6854,686.2572,634.38556,-3545.806,577.6854,686.2572,634.38556,-3545.806,1.0,1.0,1.0,-1.0,33.524375915527344,0.4,0.4,-0.4
18.466666666666665,20.49605,-15.008524,1.9998012,-0.22660267,0.0034040534,0.0019363741,0.9739794,0.0027185585,-0.00034097768,-0.14967619,0.4913032,-0.44434255,0.21614508,20.496328,-15.00952,1.1998019,-0.019944152,0.0713072,0.13113967,-0.336045,-77.75278,72.124146,-53.59441,22.870255,-77.75278,72.124146,-53.59441,22.870255,-1.0,1.0,-1.0,1.0,0.0,0.4,-0.4,0.4
18.483333333333334,20.496027,-15.008517,1.9991481,-0.22687796,0.00330607,0.0034100965,0.9739115,0.00030984567,-0.0016679452,-0.0023549334,0.06955791,0.10974266,-0.027541455,20.496243,-15.009461,1.1991489,-0.015436227,0.067618884,0.27047545,-0.22129877,691.04407,-847.6539,775.0019,-2230.616,691.04407,-847.6539,775.0019,-2230.616,1.0,-1.0,1.0,-1.0,33.524375915527344,-0.4,0.4,-0.4
18.5,20.496033,-15.00845,2.0009499,-0.22813718,-0.00047561395,0.00041093474,0.9736287,-0.0027627414,-0.0037511252,0.14494167,-0.35262102,0.66214454,0.21508132,20.496153,-15.009396,1.2009506,-0.008606038,0.06775549,0.40981135,0.008196383,47.20803,-534.234,128.67479,13.228841,47.20803,-534.234,128.67479,13.228841,1.0,-1.0,1.0,1.0,33.524375915527344,-0.4,0.4,0.4
18.516666666666666,20.496035,-15.008384,2.00132,-0.22840232,-0.0025133907,-0.0003616197,0.9735635,-0.001675576,-0.003115838,-0.018720813,0.07187545,0.12522079,-0.02796347,20.496061,-15.009329,1.2013208,-0.001912453,0.06768719,0.40161505,-0.004097968,-526.3774,308.27704,-904.5806,-146.32976,-526.3774,308.27704,-904.5806,-146.32976,-1.0,1.0,-1.0,-1.0,0.0,0.4,-0.4,-0.4
18.53333333333333,20.496008,-15.008331,2.0028443,-0.22965777,0.00014846137,-0.0018714685,0.97326964,0.00042045326,-0.004314687,0.12817885,-0.3569786,-0.40120995,0.21484937,20.495972,-15.00926,1.2028451,0.002595472,0.066526055,0.27047548,-0.06966814,104.48244,-170.33922,-422.99536,1.415939,104.48244,-170.33922,-422.99536,1.415939,1.0,-1.0,-1.0,1.0,33.524375915527344,-0.4,-0.4,0.4
18.55,20.495987,-15.008281,2.0029407,-0.22992341,0.00016250755,-0.0021369716,0.97320634,-0.00031994516,-0.0028876206,-0.03507445,0.07690189,0.1413558,-0.027922733,20.495884,-15.009187,1.2029412,0.0073766042,0.06488681,0.28686795,-0.09835481,-615.11707,593.41675,640.7026,-2704.7778,-615.11707,593.41675,640.7026,-2704.7778,-1.0,1.0,1.0,-1.0,0.0,0.4,0.4,-0.4
18.566666666666666,20.495962,-15.008249,2.0041924,-0.22822136,0.0026891849,-0.0036410652,0.97359866,0.0009942723,-0.0029669872,0.111826554,-0.3527456,-0.3846565,-0.27106813,20.495792,-15.00911,1.2041934,0.012157737,0.06167662,0.28686798,-0.1926112,125.56841,-12.170468,-236.22017,-23.199017,125.56841,-12.170468,-236.22017,-23.199017,1.0,-1.0,-1.0,-1.0,33.524375915527344,-0.4,-0.4,-0.4
18.583333333333332,20.49595,-15.008224,2.004016,-0.22750281,0.0025552094,-0.003913978,0.9737662,-0.0004681148,-0.0010058561,-0.051419504,0.07989183,0.15941492,-0.027631957,20.495703,-15.009029,1.2040166,0.017758492,0.057715107,0.3360453,-0.23769087,-557.10376,828.00836,607.34827,444.51788,-557.10376,828.00836,607.34827,444.51788,-1.0,1.0,1.0,1.0,0.0,0.4,0.4,0.4
18.6,20.495983,-15.00823,2.0050015,-0.22578713,-0.0029096918,-0.0016984373,0.97417086,-0.0022171827,0.0016144685,0.095982194,0.51726264,0.7188216,-0.27026477,20.495619,-15.008947,1.2050023,0.026091324,0.05136303,0.49996987,-0.38112468,155.1454,171.00067,2.3413644,-53.8581,155.1454,171.00067,2.3413644,-53.8581,1.0,1.0,1.0,-1.0,33.524375915527344,0.4,0.4,-0.4
18.616666666666667,20.496002,-15.008243,2.0045547,-0.22506584,-0.0057888213,-0.00070665614,0.974326,2.4036504e-05,0.0009223692,-0.067764156,0.08622351,0.17380394,-0.026854532,20.495527,-15.008866,1.2045554,0.034014344,0.044669442,0.47538117,-0.40161517,-449.73184,-498.7101,-840.4569,346.14764,-449.73184,-498.7101,-840.4569,346.14764,-1.0,-1.0,-1.0,1.0,0.0,-0.4,-0.4,0.4
18.633333333333333,20.495972,-15.008278,2.0052624,-0.22334911,-0.0048017344,0.0030029912,0.974722,0.003119914,0.0016476612,0.07924038,0.51574343,-0.34569278,-0.2695007,20.495443,-15.008778,1.2052627,0.037839253,0.035790194,0.22949448,-0.53275484,211.48196,41.680527,-781.5104,-6.280136,211.48196,41.680527,-781.5104,-6.280136,1.0,1.0,-1.0,-1.0,33.524375915527344,0.4,-0.4,-0.4
18.65,20.495905,-15.008316,2.0045362,-0.22260341,0.00096926186,0.005941632,0.9748904,0.0042106872,-0.0007243834,-0.08453699,0.08103979,-0.89013785,-0.026949413,20.495358,-15.00869,1.2045367,0.03920529,0.026774343,0.081962265,-0.540951,-480.02982,-720.4468,-45.906265,360.476,-480.02982,-720.4468,-45.906265,360.476,-1.0,-1.0,-1.0,1.0,0.0,-0.4,-0.4,0.4
18.666666666666668,20.49585,-15.00829,2.0049682,-0.22087122,0.005255527,0.004907215,0.9752764,0.0022449847,-0.0033319106,0.06276237,-0.34217596,-0.3366847,-0.27028924,20.495277,-15.008599,1.2049685,0.04098114,0.022129813,0.10655097,-0.27867177,178.19533,-556.74963,982.52924,-1730.3779,178.19533,-556.74963,982.52924,-1730.3779,1.0,-1.0,1.0,-1.0,33.524375915527344,-0.4,0.4,-0.4
18.683333333333334,20.495817,-15.00825,2.0039732,-0.22016105,0.0047026766,0.004636199,0.97544116,-0.0005594038,-0.0039107874,-0.100474015,0.09065834,0.20751262,-0.026868895,20.495203,-15.008515,1.2039734,0.04398642,0.018987926,0.18031685,-0.18851323,-497.11005,46.01337,764.6163,479.62772,-497.11005,46.01337,764.6163,479.62772,-1.0,1.0,1.0,1.0,0.0,0.4,0.4,0.4
18.7,20.495813,-15.008153,2.0041394,-0.21847172,5.199973e-05,0.001668325,0.9758418,-0.003197847,-0.0057294113,0.046811823,-0.3308975,0.7602098,-0.2701972,20.495123,-15.008425,1.2041396,0.049450576,0.019466039,0.3278493,0.028686782,335.24698,-741.73944,15.015868,-12.085129,335.24698,-741.73944,15.015868,-12.085129,1.0,-1.0,1.0,-1.0,33.524375915527344,-0.4,0.4,-0.4
18.716666666666665,20.495815,-15.00805,2.0028734,-0.21776046,-0.0028479323,0.0009410016,0.97599757,-0.0018041832,-0.005670544,-0.116851375,0.09765048,0.22462885,-0.026996518,20.495045,-15.008333,1.202874,0.05518794,0.020285662,0.34424183,0.049177404,-267.1149,216.58485,-980.80835,503.79208,-267.1149,216.58485,-980.80835,503.79208,-1.0,1.0,-1.0,1.0,0.0,0.4,-0.4,0.4
18.733333333333334,20.495775,-15.007948,2.0027618,-0.21606119,-0.0010575578,-0.0005815095,0.9763791,5.041575e-05,-0.006746529,0.030038835,-0.3318847,-0.30180895,-0.2701332,20.49497,-15.00824,1.2027625,0.057646804,0.02090038,0.14753176,0.036883052,498.98203,-374.2215,-659.8612,-18.690956,498.98203,-374.2215,-659.8612,-18.690956,1.0,-1.0,-1.0,-1.0,33.524375915527344,-0.4,-0.4,-0.4
18.75,20.49574,-15.007849,2.0012221,-0.21534872,-0.0019104037,-0.0008325522,0.9765349,-0.00022478029,-0.0060418425,-0.13321322,0.10108599,0.24245599,-0.02672809,20.494902,-15.008148,1.2012227,0.060105678,0.021446794,0.14753243,0.03278486,-175.33095,566.7053,222.71628,469.3122,-175.33095,566.7053,222.71628,469.3122,-1.0,1.0,1.0,1.0,0.0,0.4,0.4,0.4
18.766666666666666,20.495684,-15.007758,2.0008385,-0.21365184,-0.00027162762,-0.0023612888,0.9769069,0.0014153728,-0.0063673696,0.013672788,-0.32841313,-0.28406367,-0.26987398,20.494835,-15.008054,1.2008392,0.0607887,0.021173587,0.040981244,-0.01639243,652.94116,-201.36546,-692.91974,-20.915607,652.94116,-201.36546,-692.91974,-20.915607,1.0,-1.0,-1.0,-1.0,33.524375915527344,-0.4,-0.4,-0.4
18.78333333333333,20.495632,-15.007673,1.9990263,-0.21293867,-0.0012750388,-0.0026127526,0.9770612,0.0010851854,-0.005042958,-0.14957443,0.10462874,0.26024342,-0.0264706,20.494772,-15.007958,1.199027,0.061608322,0.020422265,0.049177404,-0.045079324,-19.739515,693.0829,233.3272,456.57922,-19.739515,693.0829,233.3272,456.57922,-1.0,1.0,1.0,1.0,0.0,0.4,0.4,0.4
18.8,20.495571,-15.007623,1.9983708,-0.2112373,-0.0009745418,0.001087498,0.9774337,0.0026106099,-0.0038811655,-0.002537508,0.53407127,-0.25930303,-0.269077,20.49471,-15.007862,1.1983712,0.061608322,0.017143775,0.0,-0.1967094,789.1547,7.3973374,-695.0329,-26.875069,789.1547,7.3973374,-695.0329,-26.875069,1.0,1.0,-1.0,-1.0,33.524375915527344,0.4,-0.4,-0.4
18.816666666666666,20.4955,-15.007559,2.0001695,-0.21052824,-0.0026114346,0.0025860071,0.97758085,0.00163054,-0.005027103,0.14479652,0.11184759,0.29184562,-0.026366604,20.494656,-15.007767,1.2001703,0.06051549,0.014889813,-0.065569945,-0.1352377,102.16174,-758.0169,34.053303,313.66663,102.16174,-758.0169,34.053303,313.66663,1.0,-1.0,1.0,1.0,33.524375915527344,-0.4,0.4,0.4
18.833333333333332,20.495407,-15.007479,2.0005355,-0.21179877,-0.0012898885,0.0010597983,0.97731185,0.0030725738,-0.0067746397,-0.018974535,-0.32111147,-0.25195992,0.21641476,20.494596,-15.007669,1.2005361,0.058056615,0.013660379,-0.14753243,-0.07376605,-553.85675,-461.69293,-668.1148,219.89882,-553.85675,-461.69293,-668.1148,219.89882,-1.0,-1.0,-1.0,1.0,0.0,-0.4,-0.4,0.4
18.85,20.49532,-15.007394,2.0020614,-0.21207908,-0.0026683689,0.0008221451,0.97724843,0.002266002,-0.00628251,0.12844016,0.116463736,0.30784237,-0.02640209,20.494549,-15.007567,1.2020615,0.05518794,0.0124309445,-0.17212047,-0.07376605,73.24793,332.99057,173.64354,-2474.9905,73.24793,332.99057,173.64354,-2474.9905,1.0,1.0,1.0,-1.0,33.524375915527344,0.4,0.4,-0.4
18.866666666666667,20.495216,-15.007309,2.0021548,-0.21335109,-0.0014848231,-0.0006929058,0.9769741,0.0038228873,-0.007418073,-0.03533523,-0.3165003,-0.23595214,0.21637465,20.494501,-15.007469,1.2021551,0.051226426,0.011474718,-0.23769087,-0.057373565,-544.614,-319.45172,-752.56134,206.80229,-544.614,-319.45172,-752.56134,206.80229,-1.0,-1.0,-1.0,1.0,0.0,-0.4,-0.4,0.4
18.883333333333333,20.495111,-15.007236,2.0034084,-0.21362805,-0.0030017665,-0.0009237422,0.97690994,0.0032515414,-0.0063338205,0.11208369,0.12102833,0.32382745,-0.026446959,20.494457,-15.00737,1.2034087,0.046855103,0.009630566,-0.26227933,-0.11064911,103.65165,501.07312,79.81961,-2389.517,103.65165,501.07312,79.81961,-2389.517,1.0,1.0,1.0,-1.0,33.524375915527344,0.4,0.4,-0.4
18.9,20.494993,-15.007163,2.0032296,-0.21490061,-0.0019564067,-0.0024272099,0.976631,0.0050238054,-0.0068866247,-0.05168958,-0.31194058,-0.21995705,0.21632326,20.494411,-15.00727,1.2032295,0.041664157,0.007649812,-0.31145674,-0.11884526,-522.96924,-134.04327,-848.9578,193.43709,-522.96924,-134.04327,-848.9578,193.43709,-1.0,-1.0,-1.0,1.0,0.0,-0.4,-0.4,0.4
18.916666666666668,20.494862,-15.007125,2.0042055,-0.21519126,0.002983283,-0.0012453197,0.9765665,0.0070732757,-0.0052545164,0.09526301,0.11843616,-0.73938423,-0.026330616,20.494371,-15.007171,1.2042055,0.035107177,0.0032784909,-0.3934188,-0.26227924,153.5509,640.21857,-10.55192,-2317.5918,153.5509,640.21857,-10.55192,-2317.5918,1.0,1.0,-1.0,-1.0,33.524375915527344,0.4,-0.4,-0.4
18.933333333333334,20.494734,-15.007083,2.0037522,-0.21348682,0.0060883244,-0.0022740103,0.9769243,0.0050191656,-0.0049725166,-0.06812447,-0.30829835,-0.20288455,-0.26969334,20.494333,-15.007067,1.2037526,0.028686795,-0.0011611321,-0.38522285,-0.26637736,-605.59247,-69.25475,844.4051,-258.00876,-605.59247,-69.25475,844.4051,-258.00876,-1.0,-1.0,1.0,-1.0,0.0,-0.4,0.4,-0.4
18.95,20.494677,-15.0070505,2.0044608,-0.21277411,0.0042807525,-0.0024967242,0.9770888,0.001983284,-0.0029899373,0.079307996,0.12908274,0.35817903,-0.026300602,20.494295,-15.006966,1.204461,0.02732076,-0.0060788686,-0.08196215,-0.29506418,224.87962,724.4579,460.20227,416.37436,224.87962,724.4579,460.20227,416.37436,1.0,1.0,1.0,1.0,33.524375915527344,0.4,0.4,0.4
18.966666666666665,20.494621,-15.007019,2.0037365,-0.21403706,0.0050291372,-0.0040063094,0.9768044,0.0015517022,-0.002424083,-0.08444057,-0.30391404,-0.1856679,0.21647611,20.494255,-15.006866,1.2037367,0.026227929,-0.010928303,-0.06556983,-0.29096603,-463.5381,-69.603004,-217.31795,114.50057,-463.5381,-69.603004,-217.31795,114.50057,-1.0,-1.0,-1.0,1.0,0.0,-0.4,-0.4,0.4
18.983333333333334,20.494627,-15.007015,2.0041718,-0.21430875,0.0030797275,-0.0042282497,0.97675186,-0.0008634486,0.00028908736,0.06297974,0.13350272,0.37416235,-0.026363362,20.49422,-15.006769,1.2041723,0.029096607,-0.017621888,0.17212069,-0.40161505,251.65944,803.4125,651.5938,-1994.3209,251.65944,803.4125,651.5938,-1994.3209,1.0,1.0,1.0,-1.0,33.524375915527344,0.4,0.4,-0.4
19.0,20.494642,-15.007032,2.0031757,-0.21558909,0.0024925706,-0.00049577333,0.97648084,-0.000771736,0.0016664139,-0.10067268,0.5593479,-0.1617646,0.21706818,20.494183,-15.006671,1.203176,0.032921515,-0.025886418,0.22949448,-0.49587178,-383.1682,139.91928,-215.22629,79.01988,-383.1682,139.91928,-215.22629,79.01988,-1.0,1.0,-1.0,1.0,0.0,0.4,-0.4,0.4
19.016666666666666,20.49468,-15.007038,2.0033393,-0.21587376,-9.98635e-06,0.0010225176,0.97642076,-0.002483856,0.0011747048,0.046627194,0.13734972,0.3922837,-0.026429063,20.494146,-15.006574,1.2033393,0.038249064,-0.033263024,0.31965292,-0.44259632,387.40472,-749.50464,461.06787,-954.22437,387.40472,-749.50464,461.06787,-954.22437,1.0,-1.0,1.0,-1.0,33.524375915527344,-0.4,0.4,-0.4
19.03333333333333,20.494709,-15.0070305,2.00207,-0.2171404,0.0004555813,-0.00047279277,0.97614014,-0.0017442387,0.00041648868,-0.11711785,-0.29566225,-0.15153849,0.21636319,20.49411,-15.006475,1.2020705,0.042893592,-0.039751705,0.27867165,-0.38932082,-292.58405,-307.40192,-501.5436,111.51252,-292.58405,-307.40192,-501.5436,111.51252,-1.0,-1.0,-1.0,1.0,0.0,-0.4,-0.4,0.4
19.05,20.49475,-15.007029,2.0019603,-0.21741673,-0.00178479,-0.0006954187,0.976077,-0.0026833685,0.0015308065,0.030277211,0.14161792,0.40822065,-0.026490364,20.494076,-15.006378,1.201961,0.04822114,-0.046581898,0.31965292,-0.40981156,481.69354,562.61694,405.85785,-2290.5684,481.69354,562.61694,405.85785,-2290.5684,1.0,1.0,1.0,-1.0,33.524375915527344,0.4,0.4,-0.4
19.066666666666666,20.494785,-15.0070305,2.0004187,-0.21868569,-0.0014564574,-0.002182203,0.97579175,-0.0012225602,0.0012350621,-0.13346502,-0.29139966,-0.13558984,0.2163033,20.494047,-15.006288,1.2004192,0.052865673,-0.05320718,0.2786719,-0.397517,-156.01538,-116.240005,-676.3158,94.62884,-156.01538,-116.240005,-676.3158,94.62884,-1.0,-1.0,-1.0,1.0,0.0,-0.4,-0.4,0.4
19.083333333333332,20.494818,-15.007054,2.0000367,-0.21895647,-0.0038337868,-0.0024024034,0.97572404,-0.001274307,0.0027745606,0.013937535,0.14583191,0.4241334,-0.026558943,20.49402,-15.006198,1.200038,0.05710039,-0.061335113,0.25408295,-0.48767585,633.0718,711.4024,223.20978,-2302.9534,633.0718,711.4024,223.20978,-2302.9534,1.0,1.0,1.0,-1.0,33.524375915527344,0.4,0.4,-0.4
19.1,20.49485,-15.0071,1.9982228,-0.22020604,-0.004864944,0.001346517,0.97544026,0.001004739,0.0026715025,-0.14972672,0.5717013,-0.11182997,0.21690279,20.493996,-15.00611,1.1982241,0.06119851,-0.070897385,0.24588725,-0.5737363,-5.096898,139.55579,-872.55334,84.19655,-5.096898,139.55579,-872.55334,84.19655,-1.0,1.0,-1.0,1.0,0.0,0.4,-0.4,0.4
19.116666666666667,20.494831,-15.007138,1.9975636,-0.22046374,-0.0012138345,0.004306601,0.9753849,0.0029318973,0.0007362454,-0.0028272881,0.14240831,-0.63696575,-0.026598647,20.493979,-15.006028,1.1975651,0.061061904,-0.07950343,-0.008196383,-0.5163627,753.4744,-812.3301,-293.1586,-1218.1156,753.4744,-812.3301,-293.1586,-1218.1156,1.0,-1.0,-1.0,-1.0,33.524375915527344,-0.4,-0.4,-0.4
19.133333333333333,20.494785,-15.007127,1.9993579,-0.21875566,0.00090309564,0.003295713,0.9757737,0.0022215713,-0.0017575276,0.14447907,-0.28023356,-0.08376485,-0.26994994,20.493965,-15.005952,1.1993592,0.05873964,-0.08414797,-0.13933583,-0.2786721,32.28779,-427.17072,712.32404,-529.0344,32.28779,-427.17072,712.32404,-529.0344,1.0,-1.0,1.0,-1.0,33.524375915527344,-0.4,0.4,-0.4
19.15,20.494757,-15.007103,1.9997251,-0.21805304,-0.001817809,0.0030718131,0.97593033,0.0009043552,-0.0021774052,-0.018758541,0.15345162,0.46026832,-0.02659757,20.493958,-15.00588,1.1997265,0.05723699,-0.08756306,-0.09015887,-0.20490555,-551.17896,258.90717,166.80557,586.1735,-551.17896,258.90717,166.80557,586.1735,-1.0,1.0,1.0,1.0,0.0,0.4,0.4,0.4
19.166666666666668,20.494692,-15.007055,2.0012484,-0.21932247,-0.0020360332,0.0015888062,0.97564894,0.0022274354,-0.004483929,0.1281469,-0.27559608,-0.066829264,0.21618663,20.493946,-15.0058155,1.2012496,0.053412087,-0.088792495,-0.22949426,-0.073766105,114.422455,-459.07602,-815.2925,106.96321,114.422455,-459.07602,-815.2925,106.96321,1.0,-1.0,-1.0,1.0,33.524375915527344,-0.4,-0.4,0.4
19.183333333333334,20.494608,-15.007013,2.001338,-0.21959248,0.0016972143,0.0028041245,0.9755862,0.0033696704,-0.0043731425,-0.035520125,0.15034586,-0.603061,-0.026542751,20.493938,-15.005751,1.2013392,0.047947936,-0.09043174,-0.32784906,-0.09835481,-600.4879,261.3825,-73.88584,-1363.6338,-600.4879,261.3825,-73.88584,-1363.6338,-1.0,1.0,-1.0,-1.0,0.0,0.4,-0.4,-0.4
19.2,20.494541,-15.006939,2.002587,-0.2178838,0.0035260345,0.0017989816,0.97596663,0.0016428307,-0.006022865,0.11177317,-0.27219412,-0.049871385,-0.26987162,20.493933,-15.005693,1.2025884,0.04357661,-0.08920231,-0.26227957,0.073766105,76.47987,-467.80496,763.2178,-250.5244,76.47987,-467.80496,763.2178,-250.5244,1.0,-1.0,1.0,-1.0,33.524375915527344,-0.4,0.4,-0.4
19.216666666666665,20.494505,-15.006849,2.0024095,-0.21717905,0.0005157452,0.0015841307,0.97613037,-0.00019242521,-0.0058117104,-0.051465183,0.16160288,0.494148,-0.026529025,20.493937,-15.005635,1.2024107,0.04070793,-0.08694834,-0.17212069,0.13523786,-525.7488,211.59491,266.51385,546.58936,-525.7488,211.59491,266.51385,546.58936,-1.0,1.0,1.0,1.0,0.0,0.4,0.4,0.4
19.233333333333334,20.494452,-15.006746,2.003388,-0.21844588,4.707609e-06,0.00010328154,0.975849,0.0004546675,-0.007322781,0.095426954,-0.26745528,-0.03300543,0.21625726,20.493938,-15.005586,1.2033889,0.03674642,-0.08312343,-0.23769064,0.2294947,183.50339,-508.49658,-766.6751,79.51921,183.50339,-508.49658,-766.6751,79.51921,1.0,-1.0,-1.0,1.0,33.524375915527344,-0.4,-0.4,0.4
19.25,20.494408,-15.006642,2.0029378,-0.2187212,-0.0031417967,-0.0001124395,0.9757823,2.967799e-05,-0.0066201985,-0.067814775,0.16549152,0.5100028,-0.0266486,20.49394,-15.005536,1.2029388,0.03346793,-0.07923022,-0.1967094,0.23359267,-541.9169,252.79518,29.604193,-1214.7401,-541.9169,252.79518,29.604193,-1214.7401,-1.0,1.0,1.0,-1.0,0.0,0.4,0.4,-0.4
19.266666666666666,20.494328,-15.006543,2.0036435,-0.21998987,-0.0037887539,-0.0015863751,0.97549343,0.002099038,-0.007785418,0.07908265,-0.26357156,-0.017162487,0.2161304,20.493944,-15.005492,1.2036444,0.027457362,-0.07526871,-0.36063403,0.23769064,236.95279,-272.45758,-1001.7194,68.51936,236.95279,-272.45758,-1001.7194,68.51936,1.0,-1.0,-1.0,1.0,33.524375915527344,-0.4,-0.4,0.4
19.28333333333333,20.494225,-15.006459,2.0029159,-0.22026995,-0.0004828539,-0.00036239644,0.9754388,0.0037129829,-0.006841464,-0.08457937,0.1622197,-0.5533971,-0.026622647,20.493948,-15.005449,1.2029167,0.01980755,-0.07233173,-0.45898876,0.17621888,-462.0439,454.68668,-448.25168,-1257.5042,-462.0439,454.68668,-448.25168,-1257.5042,-1.0,1.0,-1.0,-1.0,0.0,0.4,-0.4,-0.4
19.3,20.494127,-15.006372,2.0033479,-0.21856943,0.0009268,-0.0013639709,0.97582,0.0028497148,-0.0074205333,0.06270458,-0.26022696,-0.00026720762,-0.26994658,20.493954,-15.005412,1.2033488,0.0124309445,-0.06878002,-0.44259626,0.21310239,317.91013,-256.9445,411.58398,-161.09572,317.91013,-256.9445,411.58398,-161.09572,1.0,-1.0,1.0,-1.0,33.524375915527344,-0.4,0.4,-0.4
19.316666666666666,20.494026,-15.006296,2.0023477,-0.21786402,0.0040867673,-0.00015163214,0.9759705,0.0028091697,-0.0064461995,-0.10095536,0.1654951,-0.53558517,-0.026455421,20.49396,-15.005382,1.2023484,0.0047811326,-0.065501526,-0.4589887,0.19670962,-300.66754,482.60733,-173.9172,533.1442,-300.66754,482.60733,-173.9172,533.1442,-1.0,1.0,-1.0,1.0,0.0,0.4,-0.4,0.4
19.333333333333332,20.493963,-15.006203,2.002507,-0.2161579,0.0053425804,-0.0011540755,0.9763431,0.00031466084,-0.0067096013,0.046343118,-0.25685218,0.017554596,-0.26977107,20.493963,-15.00535,1.2025073,0.0,-0.061061904,-0.28686795,0.2663773,397.88354,-340.84415,796.05176,-135.59718,397.88354,-340.84415,796.05176,-135.59718,1.0,-1.0,1.0,-1.0,33.524375915527344,-0.4,0.4,-0.4
19.35,20.493937,-15.006103,2.0012388,-0.21544483,0.0017576296,-0.0013572996,0.9765135,-0.0013693231,-0.0055193743,-0.116897985,0.17717175,0.5615538,-0.0264476,20.493973,-15.005319,1.2012392,-0.002595472,-0.056144163,-0.15572831,0.29506442,-236.37604,388.11386,276.66333,479.90192,-236.37604,388.11386,276.66333,479.90192,-1.0,1.0,1.0,1.0,0.0,0.4,0.4,0.4
19.366666666666667,20.493912,-15.00601,2.001127,-0.21670811,0.0006643446,-0.0028323936,0.9762321,-0.0007641725,-0.005741517,0.029996775,-0.25190687,0.03427933,0.21634959,20.49398,-15.005295,1.2011276,-0.004917736,-0.051226426,-0.13933584,0.2950642,528.1239,-314.71896,-821.62726,27.943527,528.1239,-314.71896,-821.62726,27.943527,1.0,-1.0,-1.0,1.0,33.524375915527344,-0.4,-0.4,0.4
19.383333333333333,20.493883,-15.005935,1.999582,-0.2169954,0.0035348774,-0.0016203828,0.9761649,-0.00071139215,-0.004148644,-0.1336408,0.17366123,-0.5019641,-0.026424209,20.493992,-15.005272,1.1995826,-0.0077864155,-0.04746982,-0.17212075,0.22539629,-166.781,540.5409,-17.263815,-1039.3236,-166.781,540.5409,-17.263815,-1039.3236,-1.0,1.0,-1.0,-1.0,0.0,0.4,-0.4,-0.4
19.4,20.493883,-15.005857,1.9991962,-0.21529116,0.0045045023,-0.0026188167,0.9765359,-0.0029401465,-0.0038794507,0.013669042,-0.24859294,0.051128455,-0.26973814,20.493992,-15.005251,1.1991963,-0.0077864155,-0.043440007,0.0,0.24178883,663.80756,-220.01778,820.13513,-171.31015,663.80756,-220.01778,820.13513,-171.31015,1.0,-1.0,1.0,-1.0,33.524375915527344,-0.4,0.4,-0.4
19.416666666666668,20.493956,-15.005796,2.0012662,-0.2145714,0.0005239805,-0.0028092898,0.9767041,-0.006044976,-0.0018024109,0.16105224,0.18963619,0.6119117,-0.026420737,20.493998,-15.005235,1.2012663,-0.0030052832,-0.04022982,0.28686795,0.1926112,34.83167,538.1488,269.2527,438.1256,34.83167,538.1488,269.2527,438.1256,1.0,1.0,1.0,1.0,33.524375915527344,0.4,0.4,0.4
19.433333333333334,20.494026,-15.005736,2.001904,-0.2158343,-0.0008963198,-0.0042731566,0.97642016,-0.0051719225,-0.0016510626,-0.002713901,-0.24354096,0.06778795,0.2164068,20.494001,-15.00522,1.2019045,0.0017758493,-0.036951326,0.28686795,0.19670962,-554.72894,-229.79234,-682.87384,193.33188,-554.72894,-229.79234,-682.87384,193.33188,-1.0,-1.0,-1.0,1.0,0.0,-0.4,-0.4,0.4
19.45,20.494081,-15.005689,1.9998134,-0.21612452,0.0016877463,-0.0030563236,0.9763595,-0.0046252823,0.00023440784,-0.16633205,0.18190831,-0.46846396,-0.026378365,20.494001,-15.005206,1.1998136,0.005737359,-0.034560762,0.23769058,0.1434338,-21.292004,663.21155,-13.654514,-1084.9702,-21.292004,663.21155,-13.654514,-1084.9702,-1.0,1.0,-1.0,-1.0,0.0,0.4,-0.4,-0.4
19.466666666666665,20.494165,-15.005655,1.9988825,-0.21442336,0.0023715068,-0.004051444,0.97672945,-0.006107903,0.0009131585,-0.019011518,-0.24025519,0.08457791,-0.26969433,20.494003,-15.005193,1.1988827,0.011611322,-0.03312642,0.35243773,0.08606046,781.8841,-39.881123,789.565,-200.63458,781.8841,-39.881123,789.565,-200.63458,1.0,-1.0,1.0,-1.0,33.524375915527344,-0.4,0.4,-0.4
19.483333333333334,20.4943,-15.005653,2.0004072,-0.21369518,-0.0018952983,-0.004230953,0.9768893,-0.008136643,0.003282901,0.12834188,0.1981024,0.645328,-0.026383964,20.49401,-15.00518,1.2004077,0.020763775,-0.03387774,0.5491472,-0.045079213,202.38487,677.5302,203.12907,398.65805,202.38487,677.5302,203.12907,398.65805,1.0,1.0,1.0,1.0,33.524375915527344,0.4,0.4,0.4
19.5,20.494427,-15.005661,2.0004997,-0.2149576,-0.0036052489,-0.0056806114,0.9766001,-0.006247713,0.0037905914,-0.035415508,-0.23510307,0.101155296,0.21646862,20.494013,-15.005171,1.2005005,0.029643022,-0.035107177,0.5327547,-0.073766105,-444.3952,-1.8359627,-794.8181,163.47244,-444.3952,-1.8359627,-794.8181,163.47244,-1.0,-1.0,-1.0,1.0,0.0,-0.4,-0.4,0.4
19.516666666666666,20.49453,-15.005731,2.0017471,-0.21524762,-0.0014148746,-0.0044547995,0.97654825,-0.0033771442,0.006462143,0.11161875,0.19431388,-0.41835058,-0.026341235,20.494024,-15.005163,1.2017475,0.036200006,-0.040639628,0.39341903,-0.33194703,201.45065,779.7944,-155.44612,-1137.7284,201.45065,779.7944,-155.44612,-1137.7284,1.0,1.0,-1.0,-1.0,33.524375915527344,0.4,-0.4,-0.4
19.53333333333333,20.494637,-15.005827,2.001566,-0.21354495,-0.0022512353,-0.00021557549,0.97693056,-0.003482286,0.00812729,-0.051687855,0.6268595,0.12504709,-0.2692039,20.49403,-15.005157,1.2015665,0.043440007,-0.047947936,0.43440005,-0.43849847,-557.2275,279.0858,652.38666,-6.514387,-557.2275,279.0858,652.38666,-6.514387,-1.0,1.0,1.0,-1.0,0.0,0.4,0.4,-0.4
19.55,20.49472,-15.00592,2.002541,-0.21282895,-0.0005815441,0.0027482833,0.97708535,-0.0016360111,0.007143215,0.09519818,0.19775856,-0.40380073,-0.026271157,20.494045,-15.005153,1.2025418,0.048357747,-0.054983035,0.29506442,-0.4221059,204.36488,-654.9184,-261.0315,238.89238,204.36488,-654.9184,-261.0315,238.89238,1.0,-1.0,-1.0,1.0,33.524375915527344,-0.4,-0.4,0.4
19.566666666666666,20.494799,-15.005996,2.0020866,-0.21409597,-0.00034806138,0.0017640919,0.97681093,-0.0025135274,0.0055784006,-0.06813556,-0.22754776,0.13217872,0.21637334,20.494059,-15.005152,1.2020874,0.053002276,-0.06044719,0.27867165,-0.3278493,-591.5093,-374.04184,711.11316,5.788253,-591.5093,-374.04184,711.11316,5.788253,-1.0,-1.0,1.0,1.0,0.0,-0.4,0.4,0.4
19.583333333333332,20.494864,-15.006066,2.0027888,-0.2143703,0.001579575,0.0029919336,0.97674656,-0.0014931345,0.00586137,0.07887168,0.20173037,-0.38730466,-0.026433798,20.494072,-15.005155,1.2027898,0.056690577,-0.06529662,0.2212981,-0.2909658,239.62488,281.04172,-64.72024,-1078.2938,239.62488,281.04172,-64.72024,-1078.2938,1.0,1.0,-1.0,-1.0,33.524375915527344,0.4,-0.4,-0.4
19.6,20.49494,-15.0061245,2.0020618,-0.21266785,0.0016631411,0.002009835,0.977121,-0.0030259136,0.004603342,-0.0844643,-0.2243593,0.14885858,-0.2697476,20.494093,-15.005158,1.2020631,0.060652092,-0.06918984,0.23769087,-0.23359312,-535.80066,-464.1406,831.5074,-9.487989,-535.80066,-464.1406,831.5074,-9.487989,-1.0,-1.0,1.0,-1.0,0.0,-0.4,0.4,-0.4
19.616666666666667,20.49502,-15.006171,2.002492,-0.21195543,0.0034429836,0.003236706,0.9772679,-0.0028565666,0.0046954174,0.06255077,0.20576,-0.3698816,-0.02628657,20.494116,-15.005167,1.2024933,0.06475021,-0.071921915,0.24588703,-0.16392453,334.85437,285.31155,-52.067818,423.49942,334.85437,285.31155,-52.067818,423.49942,1.0,1.0,-1.0,1.0,33.524375915527344,0.4,-0.4,0.4
19.633333333333333,20.49511,-15.006205,2.0014925,-0.21025181,0.0033749756,0.002260101,0.9776388,-0.004962671,0.0035053203,-0.10078602,-0.22025481,0.16626373,-0.26959538,20.49414,-15.0051775,1.2014939,0.069394745,-0.07356116,0.2786721,-0.09835481,-452.8583,-558.9715,960.75024,-23.76511,-452.8583,-558.9715,960.75024,-23.76511,-1.0,-1.0,1.0,-1.0,0.0,-0.4,0.4,-0.4
19.65,20.495235,-15.006212,2.0016546,-0.20955233,-0.0015983916,0.0021214725,0.9777938,-0.007072855,0.003612977,0.046563152,0.21838929,0.72703767,-0.026300592,20.494171,-15.005193,1.2016561,0.07622493,-0.07301474,0.4098111,0.032785084,416.7028,163.24765,101.70032,401.9578,416.7028,163.24765,101.70032,401.9578,1.0,1.0,1.0,1.0,33.524375915527344,0.4,0.4,0.4
19.666666666666668,20.495348,-15.006211,2.0003843,-0.2108305,-0.00400692,0.0007009066,0.97751415,-0.005240605,0.0022445142,-0.11720687,-0.21489409,0.18267602,0.21657065,20.494198,-15.005212,1.2003858,0.08237211,-0.0715804,0.36883053,0.08606046,-247.03606,-525.3065,-809.8168,157.9666,-247.03606,-525.3065,-809.8168,157.9666,-1.0,-1.0,-1.0,1.0,0.0,-0.4,-0.4,0.4
19.683333333333334,20.495424,-15.006224,2.000269,-0.21110567,-0.002508504,0.0019364379,0.97745806,-0.0030337628,0.0025304167,0.02981376,0.21418646,-0.3368414,-0.02622841,20.494238,-15.005235,1.2002707,0.08496759,-0.070829086,0.15572904,0.04507899,576.9028,259.3585,-516.9212,-1138.0625,576.9028,259.3585,-516.9212,-1138.0625,1.0,1.0,-1.0,-1.0,33.524375915527344,0.4,-0.4,-0.4
19.7,20.49549,-15.006229,1.9987241,-0.20940854,-0.0028589214,0.00096054754,0.9778235,-0.003048705,0.0013939502,-0.13353242,-0.21176076,0.19926667,-0.2695384,20.494272,-15.0052595,1.1987256,0.08715325,-0.069463044,0.13113944,0.08196249,-163.60086,-477.32983,365.13165,-13.4889555,-163.60086,-477.32983,365.13165,-13.4889555,-1.0,-1.0,1.0,-1.0,0.0,-0.4,0.4,-0.4
19.716666666666665,20.495527,-15.006238,1.9983366,-0.2086962,-0.0015066284,0.002193734,0.9779768,-0.0013593133,0.0014171228,0.013481249,0.21846756,-0.31958058,-0.02606117,20.494314,-15.005288,1.1983383,0.08688004,-0.068028696,-0.016392319,0.086060904,712.4219,285.95935,-623.0708,426.3217,712.4219,285.95935,-623.0708,426.3217,1.0,1.0,-1.0,1.0,33.524375915527344,0.4,-0.4,0.4
19.733333333333334,20.495564,-15.006241,1.9965198,-0.20699869,-0.0020079575,0.001225534,0.9783383,-0.0016456475,0.00029119785,-0.14986692,-0.20740756,0.21650906,-0.26937515,20.49436,-15.005321,1.1965215,0.08619702,-0.06591134,-0.040981468,0.12704147,-8.902717,-521.5502,345.7035,-7.828496,-8.902717,-521.5502,345.7035,-7.828496,-1.0,-1.0,1.0,-1.0,0.0,-0.4,0.4,-0.4
19.75,20.495573,-15.006243,1.9958595,-0.2062876,-0.0008006649,0.0024619617,0.97848797,-0.0002954966,0.00025365863,-0.0028561896,0.22284016,-0.30236223,-0.025886979,20.494406,-15.005357,1.1958607,0.08360154,-0.063452475,-0.1557286,0.14753176,842.7951,254.70923,-651.37787,431.66638,842.7951,254.70923,-651.37787,431.66638,1.0,1.0,-1.0,1.0,33.524375915527344,0.4,-0.4,0.4
19.766666666666666,20.495577,-15.006214,1.9976535,-0.20459104,-0.0015604813,0.0015063507,0.9788451,-0.0013372804,-0.0014872118,0.14445055,-0.19883761,0.25047293,-0.269211,20.494467,-15.005397,1.1976547,0.07950343,-0.058534734,-0.24588658,0.29506442,166.97932,-569.804,313.88284,-4.1105347,166.97932,-569.804,313.88284,-4.1105347,1.0,-1.0,1.0,-1.0,33.524375915527344,-0.4,0.4,-0.4
19.78333333333333,20.495571,-15.006188,1.9980153,-0.20388168,-0.0005342275,0.0027484621,0.97899145,-0.00016084581,-0.0015439137,-0.019193092,0.2273412,-0.28520846,-0.025705684,20.494528,-15.005441,1.1980165,0.07472229,-0.05354869,-0.28686848,0.29916263,-423.51758,173.35806,-515.3449,610.376,-423.51758,173.35806,-515.3449,610.376,-1.0,1.0,-1.0,1.0,0.0,0.4,-0.4,0.4
19.8,20.49556,-15.006129,1.9995365,-0.20515954,-0.0014349269,0.001807332,0.97872573,-0.0013692102,-0.0035493332,0.12811126,-0.1936813,0.2674771,0.21691339,20.49459,-15.005486,1.1995376,0.069394745,-0.04610378,-0.31965268,0.4466946,178.33192,-661.83673,240.74446,5.6043963,178.33192,-661.83673,240.74446,5.6043963,1.0,-1.0,1.0,1.0,33.524375915527344,-0.4,0.4,0.4
19.816666666666666,20.495533,-15.006058,1.9996247,-0.20544353,0.00060434046,-0.0021852057,0.97866625,-0.00021721073,-0.004496402,-0.03566726,-0.62758195,-0.27711177,-0.026446454,20.494656,-15.005534,1.1996255,0.06283776,-0.037497744,-0.39341924,0.5163621,-510.20364,-59.933105,-549.88434,-185.7087,-510.20364,-59.933105,-549.88434,-185.7087,-1.0,-1.0,-1.0,-1.0,0.0,-0.4,-0.4,-0.4
19.833333333333332,20.495531,-15.006009,2.000873,-0.20373762,-5.1213716e-05,-0.0048717507,0.9790134,-0.0013778978,-0.0029054554,0.11172576,-0.19018349,0.28435916,-0.26911756,20.494732,-15.005583,1.2008736,0.05723699,-0.030530946,-0.3360459,0.41800782,221.00174,888.1171,364.48096,-40.376385,221.00174,888.1171,364.48096,-40.376385,1.0,1.0,1.0,-1.0,33.524375915527344,0.4,0.4,-0.4
19.85,20.49553,-15.005984,2.00069,-0.20303646,0.0006900608,-0.0036154476,0.9791642,-0.00031346967,-0.00089286943,-0.051912595,0.23607287,-0.25137773,-0.02559625,20.494804,-15.005633,1.2006905,0.051909447,-0.025135096,-0.31965268,0.323751,-376.33673,545.65955,-440.91983,540.05945,-376.33673,545.65955,-440.91983,540.05945,-1.0,1.0,-1.0,1.0,0.0,0.4,-0.4,0.4
19.866666666666667,20.495546,-15.0059805,2.001666,-0.20133281,-0.00050062995,-0.0045430986,0.9795122,-0.0013593974,-0.0003228024,0.09539674,-0.1853989,0.30139995,-0.26892653,20.494883,-15.005686,1.2016668,0.047538124,-0.021105284,-0.26227933,0.24178872,284.9786,-77.25987,293.08786,-24.851679,284.9786,-77.25987,293.08786,-24.851679,1.0,-1.0,1.0,-1.0,33.524375915527344,-0.4,0.4,-0.4
19.883333333333333,20.495558,-15.00599,2.0012107,-0.20063141,9.652565e-05,-0.0032785034,0.9796613,-0.00019281497,0.0015153019,-0.06824807,0.24085951,-0.23436917,-0.025403164,20.494959,-15.005737,1.2012107,0.042893592,-0.0181,-0.2786719,0.18031697,-344.17145,554.6447,-475.88184,536.5939,-344.17145,554.6447,-475.88184,536.5939,-1.0,1.0,-1.0,1.0,0.0,0.4,-0.4,0.4
19.9,20.495579,-15.006021,2.0019143,-0.19892931,-0.001243545,-0.004192965,0.980004,-0.0010234853,0.0019512927,0.07906385,-0.18052444,0.31838897,-0.26872995,20.495037,-15.005791,1.2019145,0.03879548,-0.016460756,-0.2458868,0.0983547,340.97742,-40.94623,239.08101,-24.867657,340.97742,-40.94623,239.08101,-24.867657,1.0,-1.0,1.0,-1.0,33.524375915527344,-0.4,0.4,-0.4
19.916666666666668,20.495607,-15.006064,2.001186,-0.19822784,-0.00078984094,-0.0029185254,0.98015124,0.00034819078,0.003587378,-0.08458722,0.24573669,-0.21741362,-0.025205286,20.495123,-15.005843,1.2011861,0.034697365,-0.015846038,-0.2458868,0.036883052,-289.71625,554.6238,-553.7327,539.86945,-289.71625,554.6238,-553.7327,539.86945,-1.0,1.0,-1.0,1.0,0.0,0.4,-0.4,0.4
19.933333333333334,20.495628,-15.006127,2.0016174,-0.1965269,-0.002279549,-0.0038189697,0.98048836,-0.00015611062,0.0038595127,0.06272872,-0.17555958,0.33532447,-0.26852745,20.495205,-15.0058975,1.2016175,0.03032604,-0.016460756,-0.26227945,-0.036883052,417.3091,-1.0347408,145.46544,-24.199259,417.3091,-1.0347408,145.46544,-24.199259,1.0,-1.0,1.0,-1.0,33.524375915527344,-0.4,0.4,-0.4
19.95,20.495642,-15.006205,2.0006166,-0.19582409,-0.001969324,-0.0025331092,0.98063374,0.0015236258,0.0052661756,-0.10092757,0.2507041,-0.20051306,-0.025003064,20.495285,-15.005952,1.2006167,0.02554491,-0.0181,-0.28686783,-0.0983547,-214.24841,548.31934,-673.6107,548.0694,-214.24841,548.31934,-673.6107,548.0694,-1.0,1.0,-1.0,1.0,0.0,0.4,-0.4,0.4
19.966666666666665,20.495644,-15.006315,2.0007715,-0.19412929,0.0019225893,0.0031011263,0.9809691,0.0030617947,0.0066182367,0.046014134,0.6789284,-0.7199613,-0.26783293,20.495373,-15.006007,1.2007719,0.019397737,-0.022061512,-0.36883032,-0.23769064,514.6794,44.916588,-5.0918865,-16.458414,514.6794,44.916588,-5.0918865,-16.458414,1.0,1.0,-1.0,-1.0,33.524375915527344,0.4,-0.4,-0.4
19.983333333333334,20.495647,-15.006417,1.9994974,-0.19342004,0.0039524757,0.0065466533,0.98108625,0.00073694624,0.0042548543,-0.11736149,0.25162637,-0.1856663,-0.025712747,20.49546,-15.0060625,1.1994977,0.013387171,-0.025408303,-0.360634,-0.20080748,-249.51369,-769.74066,799.3914,359.77905,-249.51369,-769.74066,799.3914,359.77905,-1.0,-1.0,1.0,1.0,0.0,-0.4,0.4,0.4
20.0,20.495678,-15.006445,1.9993832,-0.19291985,0.002181775,0.0056555215,0.9811958,-0.0019559206,0.0015018492,0.02996469,-0.16939777,0.36704344,-0.074722126,20.495543,-15.006119,1.1993831,0.009698869,-0.023359247,-0.2212981,0.1229434,550.0807,-868.06714,463.2492,-0.20032513,550.0807,-868.06714,463.2492,-0.20032513,1.0,-1.0,1.0,-0.20032513,33.524375915527344,-0.4,0.4,-0.080130056
20.016666666666666,20.495707,-15.006446,1.9978359,-0.1937867,0.0033177244,0.0016826693,0.98103666,-0.0022640638,0.00012873183,-0.1337671,-0.60213065,-0.17748958,0.16799581,20.495632,-15.006179,1.197836,0.0053275474,-0.01912453,-0.26227927,0.25408295,-95.89234,-335.10358,-393.53625,317.45438,-95.89234,-335.10358,-393.53625,317.45438,-1.0,-1.0,-1.0,1.0,0.0,-0.4,-0.4,0.4
20.03333333333333,20.49577,-15.0064335,1.9974487,-0.19366442,0.0017782962,-0.00094636396,0.9810657,-0.004316107,0.0010302803,0.013634935,-0.16436327,0.38267982,-0.07482167,20.495724,-15.006236,1.1974487,0.0032784909,-0.014138492,-0.12294339,0.2991623,694.9728,706.5454,566.8637,-2100.0652,694.9728,706.5454,566.8637,-2100.0652,1.0,1.0,1.0,-1.0,33.524375915527344,0.4,0.4,-0.4
20.05,20.495852,-15.00644,1.9995133,-0.19454567,0.0015779847,0.0003550215,0.98089206,-0.0038853078,0.0024149911,0.16063878,0.26542723,-0.13661198,0.16852875,20.49581,-15.006299,1.1995134,0.0030052832,-0.01010868,-0.016392458,0.24178867,90.58244,252.39526,-390.67468,253.85895,90.58244,252.39526,-390.67468,253.85895,1.0,1.0,-1.0,1.0,33.524375915527344,0.4,-0.4,0.4
20.066666666666666,20.49594,-15.006439,2.0001488,-0.19443054,-0.00050735404,-0.00051353336,0.980916,-0.0052261706,0.0018354924,-0.0027292361,-0.15986541,0.3997872,-0.07493431,20.495895,-15.006361,1.2001487,0.003141887,-0.005600755,0.008196229,0.2704755,-672.6012,-549.86786,554.9199,-204.8349,-672.6012,-549.86786,554.9199,-204.8349,-1.0,-1.0,1.0,-1.0,0.0,-0.4,0.4,-0.4
20.083333333333332,20.49602,-15.00645,2.0019412,-0.1953075,-0.00085486384,0.00079906225,0.9807413,-0.004047588,0.0028761139,0.14427087,0.26992714,-0.11952852,0.16841742,20.495983,-15.006422,1.2019415,0.002595472,-0.0019807548,-0.032784905,0.21720001,75.93479,232.0788,-607.24164,254.1577,75.93479,232.0788,-607.24164,254.1577,1.0,1.0,-1.0,1.0,33.524375915527344,0.4,-0.4,0.4
20.1,20.496103,-15.006455,2.002304,-0.19519378,-0.0030860386,-6.2466126e-05,0.98075974,-0.0045585465,0.0020124156,-0.019095862,-0.15540192,0.41686398,-0.07503755,20.49607,-15.006485,1.2023042,0.0023222642,0.0021173586,-0.016392458,0.2458868,-680.72504,-580.05865,289.82785,-205.59193,-680.72504,-580.05865,289.82785,-205.59193,-1.0,-1.0,1.0,-1.0,0.0,-0.4,0.4,-0.4
20.116666666666667,20.496153,-15.006475,2.0038233,-0.19606636,-0.003581203,0.0012613133,0.9805832,-0.0025240486,0.0026755836,0.12790759,0.2743945,-0.102473065,0.16831905,20.496157,-15.00655,1.2038233,-0.00027320758,0.0053275474,-0.15572831,0.19261132,73.60979,227.45613,-847.5974,261.05588,73.60979,227.45613,-847.5974,261.05588,1.0,1.0,-1.0,1.0,33.524375915527344,0.4,-0.4,0.4
20.133333333333333,20.496185,-15.0064945,2.003909,-0.19594339,0.00066943927,0.0016811292,0.98061347,-0.0008608564,0.0014925709,-0.035821456,-0.15904498,-0.64604956,-0.075008996,20.496252,-15.00661,1.2039092,-0.0047811326,0.008264529,-0.27047548,0.17621885,-670.61774,-588.6973,-69.84582,-205.99023,-670.61774,-588.6973,-69.84582,-205.99023,-1.0,-1.0,-1.0,-1.0,0.0,-0.4,-0.4,-0.4
20.15,20.496223,-15.006504,2.0051546,-0.19384126,0.002229428,0.003426921,0.9810244,-0.0021588968,0.0019849287,0.11159191,0.2773198,-0.08464414,-0.31773546,20.496336,-15.006672,1.2051547,-0.008059624,0.012021133,-0.19670945,0.22539623,4.738843,98.52045,790.6881,-144.08041,4.738843,98.52045,790.6881,-144.08041,1.0,1.0,1.0,-1.0,33.524375915527344,0.4,0.4,-0.4
20.166666666666668,20.49628,-15.0064945,2.0049725,-0.1927407,-0.00029557134,0.0025807656,0.98124623,-0.0037010985,0.00026567397,-0.051769473,-0.14745367,0.45038828,-0.07494369,20.496424,-15.006734,1.2049729,-0.010245284,0.017143775,-0.13113962,0.3073585,-563.2655,-665.5809,281.06122,527.3959,-563.2655,-665.5809,281.06122,527.3959,-1.0,-1.0,1.0,1.0,0.0,-0.4,0.4,0.4
20.183333333333334,20.496323,-15.00646,2.0059462,-0.19361927,1.3091656e-05,-0.0013388281,0.98107576,-0.0027976576,-0.0016910345,0.09513286,-0.57597595,-0.07750636,0.16774511,20.496513,-15.006796,1.2059463,-0.013660379,0.024042265,-0.20490567,0.4139094,104.319435,-104.767,-736.1303,256.5597,104.319435,-104.767,-736.1303,256.5597,1.0,-1.0,-1.0,1.0,33.524375915527344,-0.4,-0.4,0.4
20.2,20.49637,-15.006428,2.0054913,-0.19349429,-0.0022782274,-0.003922492,0.9810909,-0.003179419,-0.00017460738,-0.068131626,-0.14259386,0.4659129,-0.07516632,20.496603,-15.006857,1.2054914,-0.016665662,0.030735852,-0.18031697,0.40161517,-594.78296,775.4271,283.05624,-1106.1232,-594.78296,775.4271,283.05624,-1106.1232,-1.0,1.0,1.0,-1.0,0.0,0.4,0.4,-0.4
20.216666666666665,20.496399,-15.00644,2.0061932,-0.19436416,-0.003195526,-0.0025727656,0.9809208,-0.0011397052,0.0017581134,0.078878455,0.28718522,-0.053458676,0.16818547,20.496687,-15.006914,1.2061936,-0.02062717,0.033946045,-0.23769052,0.19261155,215.49524,378.11713,-946.18384,215.1106,215.49524,378.11713,-946.18384,215.1106,1.0,1.0,-1.0,1.0,33.524375915527344,0.4,-0.4,0.4
20.233333333333334,20.496407,-15.006467,2.0054607,-0.19425535,0.0006356966,-0.0021358076,0.9809484,0.00029656052,0.0018547173,-0.08486252,-0.14635886,-0.5971189,-0.075130686,20.49677,-15.006971,1.2054611,-0.026091324,0.036131706,-0.32784918,0.13113967,-545.6118,-238.71466,-196.45995,-205.14053,-545.6118,-238.71466,-196.45995,-205.14053,-1.0,-1.0,-1.0,-1.0,0.0,-0.4,-0.4,-0.4
20.25,20.496435,-15.006507,2.005889,-0.19513783,0.0017781308,-0.00036671787,0.98077404,-0.00094555016,0.003331788,0.06254071,0.29130355,-0.035683617,0.1681181,20.496857,-15.007024,1.2058891,-0.030189436,0.03701963,-0.24588668,0.053275373,228.03331,503.5743,658.833,5.8745904,228.03331,503.5743,658.833,5.8745904,1.0,1.0,1.0,1.0,33.524375915527344,0.4,0.4,0.4
20.266666666666666,20.496475,-15.006542,2.004889,-0.19501826,-0.0011728744,-0.0011901911,0.9807981,-0.0017000895,0.0030413265,-0.100814804,-0.13412958,0.50068164,-0.07529946,20.496933,-15.007077,1.2048892,-0.032784913,0.038317364,-0.1557286,0.07786407,-497.7041,-488.02127,265.40253,-216.00653,-497.7041,-488.02127,265.40253,-216.00653,-1.0,-1.0,1.0,-1.0,0.0,-0.4,0.4,-0.4
20.28333333333333,20.496506,-15.0065975,2.0050466,-0.19588952,-0.0023881549,0.00016968549,0.980623,-0.00016917032,0.0039962507,0.046181876,0.29564872,-0.0186944,0.16805847,20.497013,-15.00713,1.2050472,-0.036336612,0.038112458,-0.21310194,-0.012294351,357.36414,290.51743,-922.8032,207.30708,357.36414,290.51743,-922.8032,207.30708,1.0,1.0,-1.0,1.0,33.524375915527344,0.4,-0.4,0.4
20.3,20.496517,-15.006655,2.0037694,-0.19576901,0.0011438614,0.0006242002,0.9806491,0.0006499103,0.0032676386,-0.11756602,-0.13796839,-0.5623579,-0.07524896,20.497093,-15.007177,1.2037696,-0.041254345,0.03742944,-0.29506397,-0.04098102,-381.80884,-452.0824,-182.20206,-216.35735,-381.80884,-452.0824,-182.20206,-216.35735,-1.0,-1.0,-1.0,-1.0,0.0,-0.4,-0.4,-0.4
20.316666666666666,20.496553,-15.006709,2.0036526,-0.19366862,0.0019876622,0.0024068023,0.98106194,-0.0009884229,0.0039291866,0.029833538,0.2986061,-0.0009884834,-0.31799665,20.497179,-15.007224,1.2036532,-0.044806045,0.036883026,-0.21310194,-0.03278486,417.72324,270.06757,704.57074,-5.591496,417.72324,270.06757,704.57074,-5.591496,1.0,1.0,1.0,-1.0,33.524375915527344,0.4,0.4,-0.4
20.333333333333332,20.4966,-15.006749,2.002108,-0.19256535,-0.0012544319,0.0016026924,0.98128194,-0.0017756547,0.0025344924,-0.13352266,-0.1257773,0.5338942,-0.07517166,20.497252,-15.007272,1.2021084,-0.0467185,0.03742944,-0.11474735,0.03278486,-210.18297,-557.09393,100.28556,482.19214,-210.18297,-557.09393,100.28556,482.19214,-1.0,-1.0,1.0,1.0,0.0,-0.4,0.4,0.4
20.35,20.496635,-15.006783,2.00172,-0.19344087,-0.0027484354,0.0029808362,0.98110354,-0.0003158982,0.002401812,0.013478585,0.30394524,0.014496416,0.16818829,20.497335,-15.007316,1.2017207,-0.050133597,0.03818076,-0.20490578,0.045079213,574.7521,104.570244,-945.0254,206.39026,574.7521,104.570244,-945.0254,206.39026,1.0,1.0,-1.0,1.0,33.524375915527344,0.4,-0.4,0.4
20.366666666666667,20.496643,-15.006818,1.9998982,-0.1933126,0.0005009294,0.0034406309,0.981131,0.00029235947,0.0007458015,-0.15026563,-0.12974347,-0.5292497,-0.07510759,20.49741,-15.007362,1.199899,-0.05491473,0.039000385,-0.28686804,0.049177404,-109.819336,-764.9186,-308.50366,-219.9196,-109.819336,-764.9186,-308.50366,-219.9196,-1.0,-1.0,-1.0,-1.0,0.0,-0.4,-0.4,-0.4
20.383333333333333,20.49665,-15.006809,1.9992353,-0.19119881,0.0021440985,-1.8196804e-05,0.98154896,-0.001326698,-0.0004884307,-0.0029520162,-0.551338,0.024386168,-0.31828484,20.497477,-15.0074,1.199236,-0.05914945,0.042278875,-0.2540832,0.1967094,691.525,-53.7121,637.0316,-26.179626,691.525,-53.7121,637.0316,-26.179626,1.0,-1.0,1.0,-1.0,33.524375915527344,-0.4,0.4,-0.4
20.4,20.496696,-15.006799,2.0010285,-0.19008018,-0.0011559747,-0.0025443472,0.98176455,-0.0036705865,0.00017582648,0.14444248,-0.112593174,0.5873294,-0.07506266,20.49754,-15.007438,1.2010294,-0.060378887,0.04576227,-0.073766105,0.20900375,134.55614,725.13367,88.28644,648.84796,134.55614,725.13367,88.28644,648.84796,1.0,1.0,1.0,1.0,33.524375915527344,0.4,0.4,0.4
20.416666666666668,20.496748,-15.006801,2.0013905,-0.19095084,-0.003000281,-0.0011456935,0.98159426,-0.0022553501,0.001425744,-0.019214176,0.31282324,0.051133335,0.16829155,20.497606,-15.007472,1.2013915,-0.061471716,0.04808454,-0.06556972,0.13933605,-521.88715,304.02682,-862.5858,372.15845,-521.88715,304.02682,-862.5858,372.15845,-1.0,1.0,-1.0,1.0,0.0,0.4,-0.4,0.4
20.433333333333334,20.49676,-15.006817,2.0029066,-0.19083671,-0.00017122795,-0.00067433453,0.98162156,0.0001758427,0.0009132577,0.12770094,-0.11667323,-0.47595727,-0.07499056,20.497663,-15.007504,1.2029073,-0.06475021,0.04924567,-0.19670962,0.06966791,95.08971,-415.5826,-353.48242,-233.02283,95.08971,-415.5826,-353.48242,-233.02283,1.0,-1.0,-1.0,-1.0,33.524375915527344,-0.4,-0.4,-0.4
20.45,20.496778,-15.00684,2.0029943,-0.19171658,4.8560963e-05,0.0011364389,0.9814496,-0.0006646587,0.0015755026,-0.035551667,0.31678075,0.068755716,0.16823514,20.497726,-15.007536,1.2029952,-0.0678921,0.049860388,-0.18851323,0.036883052,-658.05884,307.40643,608.56335,206.31953,-658.05884,307.40643,608.56335,206.31953,-1.0,1.0,1.0,1.0,0.0,0.4,0.4,0.4
20.466666666666665,20.496788,-15.006848,2.0042381,-0.19159552,0.0027265488,0.0016140981,0.98146886,0.00044605669,0.00048024888,0.11135768,-0.11276208,-0.45831373,-0.075037815,20.49778,-15.007564,1.2042394,-0.07103399,0.051226426,-0.18851368,0.081962265,93.364685,-659.09686,-146.3571,-230.23714,93.364685,-659.09686,-146.3571,-230.23714,1.0,-1.0,-1.0,-1.0,33.524375915527344,-0.4,-0.4,-0.4
20.483333333333334,20.496805,-15.00685,2.0040526,-0.19247304,0.0031103368,0.0018986779,0.9812955,-0.0014696132,0.00029449616,-0.051916555,0.07115084,0.083854444,0.16804484,20.497833,-15.007591,1.204054,-0.07362946,0.05307058,-0.15572815,0.11064916,-663.43134,0.4184082,808.0564,195.3253,-663.43134,0.4184082,808.0564,195.3253,-1.0,0.4184082,1.0,1.0,0.0,0.16736327,0.4,0.4
20.5,20.496851,-15.006823,2.0050287,-0.19235413,-0.0005719186,-0.0009020687,0.981325,-0.0038474705,-0.0008968315,0.09537205,-0.35000587,0.6365169,-0.07542377,20.497879,-15.007613,1.20503,-0.07362946,0.056622274,0.0,0.21310171,108.815674,-452.25516,137.7803,-250.31538,108.815674,-452.25516,137.7803,-250.31538,1.0,-1.0,1.0,-1.0,33.524375915527344,-0.4,0.4,-0.4
20.516666666666666,20.496902,-15.006798,2.0045729,-0.19322495,-0.0024405986,-0.001527275,0.98115027,-0.002515081,-3.57565e-05,-0.06828624,0.075549684,0.10037163,0.16775082,20.49793,-15.007634,1.204574,-0.07362946,0.05990077,0.0,0.19670984,-482.65207,391.70926,-903.92175,379.25183,-482.65207,391.70926,-903.92175,379.25183,-1.0,1.0,-1.0,1.0,0.0,0.4,-0.4,0.4
20.53333333333333,20.49692,-15.006792,2.005271,-0.1931125,0.00037068524,-0.0030676753,0.9811717,-0.000531915,-0.00035934857,0.07863084,-0.35391432,-0.42714006,-0.07550357,20.497972,-15.007651,1.2052721,-0.07540531,0.06154002,-0.106550746,0.09835481,215.18755,-49.833668,-414.72595,-255.9218,215.18755,-49.833668,-414.72595,-255.9218,1.0,-1.0,-1.0,-1.0,33.524375915527344,-0.4,-0.4,-0.4
20.55,20.496939,-15.006795,2.004541,-0.19398798,0.00056513073,-0.0032737933,0.9809983,-0.0013807531,0.0012691945,-0.08461407,0.07972443,0.11757071,0.16783398,20.498009,-15.007668,1.2045422,-0.07663474,0.062496245,-0.073766105,0.057373565,-521.74817,808.91693,542.7788,157.59483,-521.74817,808.91693,542.7788,157.59483,-1.0,1.0,1.0,1.0,0.0,0.4,0.4,0.4
20.566666666666666,20.496967,-15.006829,2.0049677,-0.19387867,0.0021361674,0.00044545485,0.9810231,-0.00041605462,0.0032845486,0.062387973,0.5084496,-0.40127724,-0.074927084,20.498041,-15.007677,1.2049692,-0.07690795,0.060720395,-0.016392319,-0.10655097,293.47614,146.73009,-159.9781,-261.2958,293.47614,146.73009,-159.9781,-261.2958,1.0,1.0,-1.0,-1.0,33.524375915527344,0.4,-0.4,-0.4
20.583333333333332,20.497002,-15.006864,2.0039654,-0.19475621,0.0018269621,0.0019920205,0.9808479,-0.0020092595,0.002170609,-0.1009686,0.0834053,0.13454139,0.16752504,20.49807,-15.007688,1.2039666,-0.076498136,0.05901285,0.024588702,-0.10245278,-456.88007,-680.49835,706.75183,103.935265,-456.88007,-680.49835,706.75183,103.935265,-1.0,-1.0,1.0,1.0,0.0,-0.4,0.4,0.4
20.6,20.497044,-15.006873,2.0041192,-0.19462545,0.0043478813,0.0004647019,0.9808678,-0.0018954228,0.0010448357,0.04595769,-0.34614578,-0.39293724,-0.07572878,20.498098,-15.007694,1.2041205,-0.07554191,0.058807943,0.05737334,-0.012294351,349.9986,-399.99405,-34.950348,-265.35538,349.9986,-399.99405,-34.950348,-265.35538,1.0,-1.0,-1.0,-1.0,33.524375915527344,-0.4,-0.4,-0.4
20.616666666666667,20.497097,-15.006877,2.0028443,-0.19549735,0.0042541767,0.000263541,0.98069495,-0.0041858447,0.0017985995,-0.11728529,0.087504245,0.1517309,0.16759863,20.498121,-15.007698,1.2028455,-0.073356256,0.058807943,0.13113944,0.0,-402.4384,471.93796,847.3173,131.69469,-402.4384,471.93796,847.3173,131.69469,-1.0,1.0,1.0,1.0,0.0,0.4,0.4,0.4
20.633333333333333,20.497196,-15.006865,2.0027301,-0.1953664,-2.656793e-07,-0.0025265403,0.980727,-0.0062479638,0.0015126349,0.029986715,-0.33379185,0.7043452,-0.07586454,20.498144,-15.007698,1.2027314,-0.0678921,0.059695866,0.3278495,0.053275373,481.05908,-309.51318,229.76146,-281.13116,481.05908,-309.51318,229.76146,-281.13116,1.0,-1.0,1.0,-1.0,33.524375915527344,-0.4,0.4,-0.4
20.65,20.497293,-15.006861,2.0011845,-0.19622771,-0.0024488098,-0.003135383,0.9805503,-0.004582438,0.0029310416,-0.13368285,0.09179692,0.16818574,0.16729689,20.49816,-15.007697,1.2011852,-0.06201813,0.05990077,0.352438,0.012294351,-138.5091,458.97983,-880.2556,293.89713,-138.5091,458.97983,-880.2556,293.89713,-1.0,1.0,-1.0,1.0,0.0,0.4,-0.4,0.4
20.666666666666668,20.497374,-15.006902,2.0007944,-0.19610198,-0.001319332,0.00060197426,0.9805824,-0.002737944,0.004343867,0.013319015,0.52044755,-0.35068703,-0.075444415,20.49818,-15.007695,1.2007953,-0.057783406,0.05682718,0.2540834,-0.18441549,646.35925,149.46938,-403.1249,-282.56223,646.35925,149.46938,-403.1249,-282.56223,1.0,1.0,-1.0,-1.0,33.524375915527344,0.4,-0.4,-0.4
20.683333333333334,20.497446,-15.006939,1.9989747,-0.19696963,-0.002064079,0.0021663297,0.98040503,-0.0031053312,0.002776643,-0.15004382,0.09538112,0.18507603,0.16702898,20.49819,-15.00769,1.1989753,-0.053275485,0.0538219,0.27047527,-0.18031685,-62.820763,-695.1729,433.53696,63.818226,-62.820763,-695.1729,433.53696,63.818226,-1.0,-1.0,1.0,1.0,0.0,-0.4,0.4,0.4
20.7,20.497488,-15.006954,1.9983104,-0.19684319,2.8060194e-05,0.0006582533,0.98043466,-0.0017892532,0.0014951853,-0.0031189492,-0.33428076,-0.34242243,-0.07623442,20.498196,-15.00768,1.1983113,-0.05068001,0.051977746,0.15572837,-0.11064916,732.661,-356.34448,-444.83267,-280.2746,732.661,-356.34448,-444.83267,-280.2746,1.0,-1.0,-1.0,-1.0,33.524375915527344,-0.4,-0.4,-0.4
20.716666666666665,20.497543,-15.006964,2.000101,-0.19771111,-0.000604541,0.0004807514,0.98025995,-0.0030471736,0.0020154302,0.14428525,0.10364426,0.21894147,0.16707833,20.498207,-15.007665,1.2001021,-0.047538124,0.050201897,0.18851323,-0.10655097,66.97236,574.4502,528.50726,105.283195,66.97236,574.4502,528.50726,105.283195,1.0,1.0,1.0,1.0,33.524375915527344,0.4,0.4,0.4
20.733333333333334,20.497585,-15.006971,2.000459,-0.19758543,0.00130653,-0.0010194731,0.98028415,-0.0020456405,0.0013130851,-0.019450745,-0.33032435,-0.32530427,-0.07619131,20.49821,-15.00765,1.2004596,-0.044806045,0.048630953,0.16392475,-0.09425662,-588.0803,-289.8409,-175.13904,-125.57763,-588.0803,-289.8409,-175.13904,-125.57763,-1.0,-1.0,-1.0,-1.0,0.0,-0.4,-0.4,-0.4
20.75,20.497654,-15.006989,2.0019772,-0.19845226,0.0005259549,-0.0011939397,0.98010963,-0.0036208672,0.0025109025,0.12795287,0.107613154,0.23604369,0.16711806,20.498215,-15.007633,1.2019778,-0.040161517,0.046172082,0.27867165,-0.14753221,81.33678,689.5582,586.32635,87.86037,81.33678,689.5582,586.32635,87.86037,1.0,1.0,1.0,1.0,33.524375915527344,0.4,0.4,0.4
20.766666666666666,20.497713,-15.007005,2.0020628,-0.19832744,0.0022920133,-0.0026885169,0.98012936,-0.0029146476,0.0024762352,-0.03577735,-0.32638887,-0.30820173,-0.076154694,20.498213,-15.007613,1.202063,-0.035790194,0.04357661,0.26227933,-0.15572837,-582.8019,-145.13994,-61.180706,-143.95018,-582.8019,-145.13994,-61.180706,-143.95018,-1.0,-1.0,-1.0,-1.0,0.0,-0.4,-0.4,-0.4
20.78333333333333,20.497808,-15.007043,2.0033083,-0.19919248,0.001364201,-0.0028603035,0.97995526,-0.0046926695,0.004326412,0.11162714,0.11156173,0.25313225,0.16715711,20.498213,-15.007592,1.2033089,-0.028960003,0.039341893,0.40981144,-0.25408295,109.51938,802.938,654.8676,63.946354,109.51938,802.938,654.8676,63.946354,1.0,1.0,1.0,1.0,33.524375915527344,0.4,0.4,0.4
20.8,20.497929,-15.007094,2.0031278,-0.19905522,-0.004761411,-0.0003996896,0.9799766,-0.0052089235,0.0057527116,-0.051703017,0.5440925,0.7975768,-0.075532,20.49821,-15.00757,1.203128,-0.02021736,0.034082647,0.5245585,-0.3155547,-563.0781,29.648476,61.703136,-160.2549,-563.0781,29.648476,61.703136,-160.2549,-1.0,1.0,1.0,-1.0,0.0,0.4,0.4,-0.4
20.816666666666666,20.497995,-15.007151,2.0041032,-0.19991851,-0.008405924,0.00075823045,0.9797761,-0.002622371,0.0046812464,0.09518106,0.115178116,0.26913255,0.16779025,20.498207,-15.0075445,1.2041036,-0.01516302,0.028208682,0.30326042,-0.35243788,97.49547,-594.2633,-963.5492,169.02628,97.49547,-594.2633,-963.5492,169.02628,1.0,-1.0,-1.0,1.0,33.524375915527344,-0.4,-0.4,0.4
20.833333333333332,20.498032,-15.007209,2.0036433,-0.19981247,-0.006919964,-0.0007291783,0.97980934,0.0007616717,0.0035484016,-0.06853283,-0.31889072,-0.27511507,-0.07549142,20.498209,-15.007523,1.2036436,-0.012704152,0.022471322,0.1475321,-0.34424162,-537.7177,-93.39664,-893.17194,-143.2497,-537.7177,-93.39664,-893.17194,-143.2497,-1.0,-1.0,-1.0,-1.0,0.0,-0.4,-0.4,-0.4
20.85,20.498001,-15.007288,2.0043387,-0.20069045,-0.001503655,0.00040843873,0.9796534,0.004171769,0.004032022,0.078463376,0.11075634,-0.79384255,0.16797264,20.498203,-15.007491,1.204339,-0.014480001,0.014548304,-0.10655097,-0.47538105,232.87077,660.2669,-175.6282,84.88975,232.87077,660.2669,-175.6282,84.88975,1.0,1.0,-1.0,1.0,33.524375915527344,0.4,-0.4,0.4
20.866666666666667,20.49796,-15.007366,2.003605,-0.20056832,0.0020373417,-0.0006259221,0.9796774,0.003248201,0.0035306062,-0.08489369,-0.31324032,-0.2573552,-0.07551994,20.49819,-15.0074625,1.2036048,-0.016529057,0.006898491,-0.12294334,-0.45898873,-510.9419,-133.96687,883.5144,-3027.918,-510.9419,-133.96687,883.5144,-3027.918,-1.0,-1.0,1.0,-1.0,0.0,-0.4,0.4,-0.4
20.883333333333333,20.49796,-15.007445,2.0040324,-0.20143972,0.00067542464,-0.0007772631,0.9795003,0.001523661,0.004620791,0.06252001,0.124706596,0.30390957,0.16778408,20.498186,-15.007433,1.2040325,-0.01625585,-0.00088792463,0.01639243,-0.46718493,272.2154,745.6281,484.22113,74.63219,272.2154,745.6281,484.22113,74.63219,1.0,1.0,1.0,1.0,33.524375915527344,0.4,0.4,0.4
20.9,20.497955,-15.0075245,2.0030277,-0.20131935,0.0018639902,-0.0022417684,0.9795212,0.0020814664,0.0046723275,-0.101216875,-0.3094349,-0.24033728,-0.0754995,20.498182,-15.007404,1.2030277,-0.01625585,-0.008606038,0.0,-0.46308675,-411.67322,-52.047695,-303.3159,-160.11014,-411.67322,-52.047695,-303.3159,-160.11014,-1.0,-1.0,-1.0,-1.0,0.0,-0.4,-0.4,-0.4
20.916666666666668,20.497974,-15.00762,2.0031834,-0.2021884,0.00035536147,-0.0023914385,0.9793436,0.0005890473,0.006304066,0.046195146,0.12851766,0.3209045,0.1678075,20.498173,-15.007375,1.2031835,-0.014206794,-0.017553587,0.12294334,-0.5368529,385.39465,843.1747,502.98117,48.711407,385.39465,843.1747,502.98117,48.711407,1.0,1.0,1.0,1.0,33.524375915527344,0.4,0.4,0.4
20.933333333333334,20.497997,-15.007734,2.001907,-0.20207244,0.00026183986,0.0013888702,0.97936946,0.0013583589,0.007007424,-0.117502354,0.5526713,-0.21470557,-0.07486337,20.498161,-15.007343,1.2019074,-0.011747926,-0.028003776,0.1475321,-0.62701136,-302.4633,143.91824,-298.14725,-173.75967,-302.4633,143.91824,-298.14725,-173.75967,-1.0,1.0,-1.0,-1.0,0.0,0.4,-0.4,-0.4
20.95,20.498024,-15.007831,2.0017905,-0.19997518,-0.0017671412,0.0029851622,0.97979474,0.0002758063,0.005635632,0.029785391,0.13134213,0.3371666,-0.31817815,20.498148,-15.0073185,1.2017907,-0.008879246,-0.03667812,0.17212075,-0.5204606,506.62622,-682.7959,326.6397,-5.2011395,506.62622,-682.7959,326.6397,-5.2011395,1.0,-1.0,1.0,-1.0,33.524375915527344,-0.4,0.4,-0.4
20.966666666666665,20.49804,-15.007909,2.0002408,-0.1988665,-0.0008660077,0.0015286658,0.98002493,0.0013166277,0.0041968287,-0.13394816,-0.30089524,-0.20760655,-0.07526842,20.49814,-15.007291,1.2002411,-0.0072400006,-0.04425963,0.09835473,-0.45489055,-140.02591,-216.20857,-581.9956,514.91113,-140.02591,-216.20857,-581.9956,514.91113,-1.0,-1.0,-1.0,1.0,0.0,-0.4,-0.4,0.4
20.983333333333334,20.498056,-15.007978,1.9998511,-0.19974327,-0.0026530873,0.0014008408,0.9798436,0.00063602906,0.004294814,0.013462583,0.13705806,0.35366502,0.16802834,20.498133,-15.007268,1.1998516,-0.0054641515,-0.050884917,0.10655094,-0.3975172,625.027,579.21405,246.695,52.630302,625.027,579.21405,246.695,52.630302,1.0,1.0,1.0,1.0,33.524375915527344,0.4,0.4,0.4
21.0,20.49806,-15.008046,1.9980289,-0.19962902,-0.0018930507,-4.9110604e-05,0.97986966,0.0021565212,0.003564449,-0.15027492,-0.29718685,-0.19066405,-0.07525083,20.498125,-15.007249,1.1980292,-0.0046445285,-0.05710039,0.04917738,-0.3729283,-34.6101,-234.88214,-683.55524,-169.37665,-34.6101,-234.88214,-683.55524,-169.37665,-1.0,-1.0,-1.0,-1.0,0.0,-0.4,-0.4,-0.4
21.016666666666666,20.498058,-15.008119,1.9973667,-0.20050274,-0.0038262312,-0.00017522453,0.97968566,0.0020253302,0.0041200677,-0.0028587235,0.14077313,0.37057865,0.16804105,20.498117,-15.007232,1.1973674,-0.004234717,-0.063520774,0.024588674,-0.3852231,791.7619,662.1539,107.79748,42.26501,791.7619,662.1539,107.79748,42.26501,1.0,1.0,1.0,1.0,33.524375915527344,0.4,0.4,0.4
21.03333333333333,20.49801,-15.008201,1.9991548,-0.20039108,-0.0033166185,-0.0016180007,0.979709,0.004437165,0.0029852535,0.14406219,-0.28926158,-0.15702558,-0.07522893,20.498108,-15.007221,1.1991556,-0.006966793,-0.07014606,-0.16392453,-0.3975172,141.4164,-26.81948,-841.71564,-179.00468,141.4164,-26.81948,-841.71564,-179.00468,1.0,-1.0,-1.0,-1.0,33.524375915527344,-0.4,-0.4,-0.4
21.05,20.49796,-15.008287,1.9995143,-0.20126061,-0.005430258,-0.0017407073,0.97952104,0.0047935643,0.0038444414,-0.019162772,0.14444634,0.38745138,0.1680555,20.498096,-15.007212,1.1995152,-0.009835472,-0.077044554,-0.17212075,-0.41390952,-585.8143,755.4232,45.405724,284.39813,-585.8143,755.4232,45.405724,284.39813,-1.0,1.0,1.0,1.0,0.0,0.4,0.4,0.4
21.066666666666666,20.497866,-15.008407,2.0010314,-0.20112254,-0.0061976477,0.002060908,0.9795442,0.007828405,0.0053480472,0.12782589,0.5726771,-0.13145533,-0.07457129,20.498089,-15.007206,1.2010322,-0.015982643,-0.08599211,-0.3688302,-0.5368535,138.68057,199.83943,-1046.7905,-173.83745,138.68057,199.83943,-1046.7905,-173.83745,1.0,1.0,-1.0,-1.0,33.524375915527344,0.4,-0.4,-0.4
21.083333333333332,20.49774,-15.008532,2.0011144,-0.20197165,-0.0022026147,0.004991264,0.9793761,0.010199025,0.0033148862,-0.036007803,0.13932669,-0.6759787,0.16808534,20.498081,-15.007203,1.2011154,-0.024452077,-0.095144585,-0.508166,-0.54914826,-552.6923,-651.0939,-436.01816,224.29626,-552.6923,-651.0939,-436.01816,224.29626,-1.0,-1.0,-1.0,1.0,0.0,-0.4,-0.4,0.4
21.1,20.497595,-15.008608,2.0023556,-0.20184287,0.00022171171,0.0039994,0.9794097,0.009684447,0.0006165602,0.111272335,-0.2806524,-0.122795135,-0.075429074,20.498068,-15.007209,1.202357,-0.03387774,-0.10019893,-0.56553984,-0.3032608,99.67047,-423.96436,618.4773,-2929.35,99.67047,-423.96436,618.4773,-2929.35,1.0,-1.0,1.0,-1.0,33.524375915527344,-0.4,0.4,-0.4
21.116666666666667,20.497465,-15.008665,2.0021698,-0.20272438,-0.0021808855,0.0038833097,0.97922564,0.0086976215,-0.0001253467,-0.051927853,0.1530645,0.42163363,0.16783457,20.49806,-15.007214,1.2021714,-0.042620383,-0.10395554,-0.5245585,-0.22539629,-604.2844,304.57025,39.35244,318.34714,-604.2844,304.57025,39.35244,318.34714,-1.0,1.0,1.0,1.0,0.0,0.4,0.4,0.4
21.133333333333333,20.4973,-15.0087,2.00314,-0.20260982,-0.002106275,0.002454909,0.9792541,0.010200963,-0.0024068428,0.09498508,-0.27711084,-0.10593492,-0.07540359,20.498047,-15.007233,1.2031418,-0.05354869,-0.10511667,-0.65569836,-0.06966814,164.43314,-412.2583,-927.4376,-160.19736,164.43314,-412.2583,-927.4376,-160.19736,1.0,-1.0,-1.0,-1.0,33.524375915527344,-0.4,-0.4,-0.4
21.15,20.497108,-15.008735,2.002677,-0.20347299,0.0019671738,0.0036552045,0.97907174,0.010951997,-0.002830179,-0.068745576,0.14830315,-0.641518,0.16800405,20.498026,-15.00725,1.2026787,-0.06570643,-0.10634611,-0.7294645,-0.073766105,-532.362,404.41843,-300.57477,319.80643,-532.362,404.41843,-300.57477,319.80643,-1.0,1.0,-1.0,1.0,0.0,0.4,-0.4,0.4
21.166666666666668,20.496946,-15.008728,2.003373,-0.20334165,0.004097231,0.002681251,0.9790956,0.008932041,-0.00466717,0.07852314,-0.27174392,-0.088320136,-0.075516365,20.498013,-15.007273,1.203375,-0.07636154,-0.10422875,-0.63930625,0.12704147,203.7067,-489.7348,766.13275,-2656.3613,203.7067,-489.7348,766.13275,-2656.3613,1.0,-1.0,1.0,-1.0,33.524375915527344,-0.4,0.4,-0.4
21.183333333333334,20.4968,-15.00871,2.0026417,-0.20422117,0.0013977883,0.0025725984,0.9789204,0.006986634,-0.0047627315,-0.08467408,0.16198006,0.4560518,0.16771765,20.497988,-15.007301,1.2026439,-0.08510419,-0.10088195,-0.52455914,0.20080803,-495.4279,205.63936,266.71582,279.1286,-495.4279,205.63936,266.71582,279.1286,-1.0,1.0,1.0,1.0,0.0,0.4,0.4,0.4
21.2,20.496649,-15.008668,2.0030668,-0.20410131,0.0011788954,0.0011580824,0.9789483,0.007356353,-0.006236013,0.062227078,-0.2682574,-0.07148185,-0.07549906,20.497957,-15.007337,1.2030691,-0.093710236,-0.09534949,-0.5163627,0.33194748,329.663,-534.5519,-792.8003,-169.97816,329.663,-534.5519,-792.8003,-169.97816,1.0,-1.0,-1.0,-1.0,33.524375915527344,-0.4,-0.4,-0.4
21.216666666666665,20.496492,-15.008631,2.0020585,-0.20497037,0.004952888,0.0023754889,0.9787527,0.0069161383,-0.006056955,-0.10146661,0.15717655,-0.6070961,0.16790843,20.497929,-15.007375,1.2020612,-0.1028627,-0.08995363,-0.54914784,0.32375154,-373.3434,325.3145,-37.88625,264.68835,-373.3434,325.3145,-37.88625,264.68835,-1.0,1.0,-1.0,1.0,0.0,0.4,-0.4,0.4
21.233333333333334,20.496378,-15.008557,2.0022094,-0.2048379,0.006788929,0.0014182907,0.9787713,0.0038414542,-0.0071389023,0.04582243,-0.26293865,-0.053896636,-0.075611584,20.497892,-15.00742,1.202212,-0.10846347,-0.08148418,-0.33604634,0.5081668,396.67337,-557.7811,969.9426,-2505.5562,396.67337,-557.7811,969.9426,-2505.5562,1.0,-1.0,1.0,-1.0,33.524375915527344,-0.4,0.4,-0.4
21.25,20.496296,-15.008474,2.0009334,-0.2057146,0.0037934226,0.0013164668,0.9786037,0.0013566585,-0.0066844225,-0.117393225,0.17079133,0.49041927,0.16759852,20.497852,-15.007467,1.2009357,-0.11146876,-0.07212682,-0.1803173,0.5614417,-295.0581,105.03286,556.75397,207.9708,-295.0581,105.03286,556.75397,207.9708,-1.0,1.0,1.0,1.0,0.0,0.4,0.4,0.4
21.266666666666666,20.49623,-15.008371,2.0008135,-0.20559092,0.0032813414,-8.555278e-05,0.97863245,0.00104518,-0.0074575464,0.029502435,-0.25950426,-0.037085056,-0.075597,20.497803,-15.007518,1.2008156,-0.11269819,-0.061130207,-0.07376566,0.6597968,572.3707,-641.2547,-613.0652,-189.35031,572.3707,-641.2547,-613.0652,-189.35031,1.0,-1.0,-1.0,-1.0,33.524375915527344,-0.4,-0.4,-0.4
21.28333333333333,20.496181,-15.008266,1.999265,-0.20646122,0.00014199123,-0.00018712641,0.97845477,-8.2230195e-05,-0.006778156,-0.13373391,0.1742303,0.50720495,0.16760504,20.497753,-15.007572,1.1992667,-0.11256158,-0.049723785,0.008196383,0.68438524,-127.3523,236.43053,263.66718,183.78194,-127.3523,236.43053,263.66718,183.78194,-1.0,1.0,1.0,1.0,0.0,0.4,0.4,0.4
21.3,20.496126,-15.008163,1.9988724,-0.20634115,-0.00051155745,-0.0015911305,0.97847867,0.0010307543,-0.00725288,0.013156688,-0.2560984,-0.020319968,-0.0755858,20.497698,-15.007628,1.1988744,-0.11256158,-0.038317364,0.0,0.68438524,683.5,-447.8267,-834.9229,-202.27592,683.5,-447.8267,-834.9229,-202.27592,1.0,-1.0,-1.0,-1.0,33.524375915527344,-0.4,-0.4,-0.4
21.316666666666666,20.49606,-15.008081,2.0009294,-0.20721824,0.0027111138,-0.00034760626,0.9782909,0.0027980427,-0.0059307646,0.1601619,0.17361641,-0.5392077,0.16779879,20.49763,-15.007686,1.2009312,-0.112424985,-0.028345285,0.008195936,0.59832466,59.56406,444.1242,-146.16272,178.60486,59.56406,444.1242,-146.16272,178.60486,1.0,1.0,-1.0,1.0,33.524375915527344,0.4,-0.4,0.4
21.333333333333332,20.495998,-15.0079975,2.0015574,-0.20709294,0.0040764734,-0.0012888949,0.97831196,0.0011235084,-0.0061935685,-0.0032027587,-0.25088573,-0.002830714,-0.07572001,20.497559,-15.007744,1.2015588,-0.11174197,-0.018168304,0.04098102,0.6106188,-688.1996,-427.90924,913.4415,-1742.8289,-688.1996,-427.90924,913.4415,-1742.8289,-1.0,-1.0,1.0,-1.0,0.0,-0.4,0.4,-0.4
21.35,20.495985,-15.007918,2.003347,-0.2079582,0.0005339543,-0.0013804847,0.9781366,-0.0017849811,-0.004623473,0.14421515,0.1871115,0.55818456,0.16748062,20.497478,-15.007807,1.2033485,-0.106960826,-0.007991321,0.28686848,0.61061895,9.758124,345.94147,279.8915,141.78932,9.758124,345.94147,279.8915,141.78932,1.0,1.0,1.0,1.0,33.524375915527344,0.4,0.4,0.4
21.366666666666667,20.49597,-15.007839,2.003704,-0.20783518,-0.00044676388,-0.002774065,0.9781597,-0.00091332104,-0.004681469,-0.0195472,-0.24755621,0.013918564,-0.07568879,20.497393,-15.007869,1.2037052,-0.10190648,0.0021173586,0.3032608,0.6065207,-561.3249,-437.20844,-689.0676,-56.988525,-561.3249,-437.20844,-689.0676,-56.988525,-1.0,-1.0,-1.0,-1.0,0.0,-0.4,-0.4,-0.4
21.383333333333333,20.495945,-15.007792,2.0052166,-0.20871435,0.0024793348,-0.0015150642,0.9779723,0.0006816436,-0.0029627995,0.12747018,0.18218166,-0.5049786,0.16767147,20.4973,-15.00793,1.205218,-0.09698874,0.009835472,0.29506442,0.46308678,44.89715,526.3723,-102.194176,129.21164,44.89715,526.3723,-102.194176,129.21164,1.0,1.0,-1.0,1.0,33.524375915527344,0.4,-0.4,0.4
21.4,20.495937,-15.007745,2.0052993,-0.20858961,0.0035527756,-0.0024448186,0.9779937,-0.0008933074,-0.002793538,-0.03588187,-0.24240252,0.031374946,-0.07584006,20.497211,-15.00799,1.2053005,-0.091251366,0.017553587,0.34424227,0.4630868,-688.6347,-346.79333,944.2282,-1710.4464,-688.6347,-346.79333,944.2282,-1710.4464,-1.0,-1.0,1.0,-1.0,0.0,-0.4,0.4,-0.4
21.416666666666668,20.495966,-15.007711,2.0065439,-0.20944837,-0.00028347096,-0.0025312575,0.9778164,-0.003307672,-0.00088890805,0.11151912,0.19561012,0.592346,0.1673664,20.497108,-15.00805,1.2065448,-0.081825696,0.024247171,0.56554013,0.40161505,36.137936,482.15973,279.92322,95.560715,36.137936,482.15973,279.92322,95.560715,1.0,1.0,1.0,1.0,33.524375915527344,0.4,0.4,0.4
21.433333333333334,20.495998,-15.007682,2.0063558,-0.20932357,-0.001555015,-0.003916859,0.9778373,-0.0019844396,-0.00056673214,-0.05223609,-0.23912534,0.04809183,-0.075788796,20.497007,-15.008108,1.2063568,-0.07226342,0.030530946,0.57373655,0.37702647,-530.1892,-287.30377,-739.7854,-72.577225,-530.1892,-287.30377,-739.7854,-72.577225,-1.0,-1.0,-1.0,-1.0,0.0,-0.4,-0.4,-0.4
21.45,20.496017,-15.007694,2.0073228,-0.21020317,0.001074955,-0.0026429752,0.97765356,-0.000113617745,0.0014309922,0.094782926,0.19063473,-0.47081906,0.167544,20.496904,-15.0081625,1.2073237,-0.063520774,0.033536233,0.52455866,0.1803172,105.53763,626.61786,-146.121,85.43621,105.53763,626.61786,-146.121,85.43621,1.0,1.0,-1.0,1.0,33.524375915527344,0.4,-0.4,0.4
21.466666666666665,20.496038,-15.007715,2.0068605,-0.21007958,0.0018572971,-0.0035630271,0.97767603,-0.0011788693,0.0019297899,-0.0685593,-0.23403387,0.06550651,-0.07595762,20.496794,-15.008222,1.2068613,-0.054095104,0.03626831,0.56554013,0.16392453,-640.7383,-167.23007,884.6151,-1710.1881,-640.7383,-167.23007,884.6151,-1710.1881,-1.0,-1.0,1.0,-1.0,0.0,-0.4,0.4,-0.4
21.483333333333334,20.496094,-15.007758,2.0075598,-0.21093066,-0.0022729605,-0.0036450713,0.9774915,-0.002653073,0.004049261,0.078836545,0.20399205,0.62643075,0.16726097,20.496683,-15.008275,1.2075602,-0.04221057,0.03701963,0.71307194,0.045079213,136.83926,670.80676,161.15045,60.726147,136.83926,670.80676,161.15045,60.726147,1.0,1.0,1.0,1.0,33.524375915527344,0.4,0.4,0.4
21.5,20.496145,-15.00781,2.0068266,-0.21080443,-0.0038344266,-0.005025072,0.9775078,-0.00046841893,0.004649328,-0.08489966,-0.2308143,0.082187824,-0.07588084,20.49657,-15.008327,1.2068273,-0.030462643,0.03701963,0.70487565,0.0,-463.6375,-35.369263,-886.14905,-90.13039,-463.6375,-35.369263,-886.14905,-90.13039,-1.0,-1.0,-1.0,-1.0,0.0,-0.4,-0.4,-0.4
21.516666666666666,20.496162,-15.007918,2.0072484,-0.21168268,-0.0014995178,-0.0037371572,0.9773301,0.0021218597,0.0068046,0.06210686,0.19896784,-0.43674505,0.1674258,20.496454,-15.008377,1.2072486,-0.02090038,0.032853212,0.5737358,-0.249985,245.26198,736.5323,-324.25397,55.820274,245.26198,736.5323,-324.25397,55.820274,1.0,1.0,-1.0,1.0,33.524375915527344,0.4,-0.4,0.4
21.53333333333333,20.49619,-15.008049,2.0062423,-0.21155638,-0.0021970675,0.00058254035,0.9773631,0.001972169,0.007813508,-0.10120194,0.63270724,0.10816318,-0.075610176,20.49634,-15.008424,1.2062422,-0.010791699,0.026842646,0.6065208,-0.36063394,-537.37537,148.49161,677.809,-1722.9462,-537.37537,148.49161,677.809,-1722.9462,-1.0,1.0,1.0,-1.0,0.0,0.4,0.4,-0.4
21.55,20.496187,-15.008174,2.0063918,-0.20944472,-0.000400231,0.0036114256,0.97781366,0.0035484415,0.0065631783,0.045661014,0.20267227,-0.42027122,-0.31875873,20.496223,-15.008471,1.2063918,-0.002595472,0.021241888,0.4917736,-0.33604544,296.7887,-770.75726,-288.2884,-6.7356105,296.7887,-770.75726,-288.2884,-6.7356105,1.0,-1.0,-1.0,-1.0,33.524375915527344,-0.4,-0.4,-0.4
21.566666666666666,20.496183,-15.008279,2.0051117,-0.20833111,-4.7396283e-05,0.0026899448,0.9780546,0.0024975464,0.004824501,-0.11767672,-0.22349,0.11513402,-0.07591087,20.49611,-15.008515,1.2051116,0.005190944,0.016938869,0.4671849,-0.25818115,-434.4434,-362.66052,541.5005,454.96295,-434.4434,-362.66052,541.5005,454.96295,-1.0,-1.0,1.0,1.0,0.0,-0.4,0.4,0.4
21.583333333333332,20.496176,-15.008369,2.0049884,-0.2091933,0.0020162484,0.003970676,0.9778641,0.0030618561,0.004520633,0.029315388,0.20622373,-0.4038042,0.16740456,20.496002,-15.008562,1.2049887,0.0124309445,0.013796982,0.43440002,-0.18851317,381.6592,238.76143,-190.44896,89.43014,381.6592,238.76143,-190.44896,89.43014,1.0,1.0,-1.0,1.0,33.524375915527344,0.4,-0.4,0.4
21.6,20.496166,-15.008443,2.003436,-0.20906681,0.0022239175,0.0030592005,0.97789395,0.0013167962,0.0030737957,-0.13402249,-0.21853912,0.13247547,-0.07607056,20.495888,-15.008605,1.2034365,0.019944152,0.011611322,0.4507924,-0.13113962,-366.06952,-637.8326,872.4863,-1734.4601,-366.06952,-637.8326,872.4863,-1734.4601,-1.0,-1.0,1.0,-1.0,0.0,-0.4,0.4,-0.4
21.616666666666667,20.496174,-15.008498,2.0030403,-0.20992917,0.004136862,0.004349736,0.97769815,0.0010097439,0.0027788177,0.01298403,0.21118408,-0.38646126,0.16724843,20.495783,-15.008652,1.2030405,0.028003776,0.010996604,0.48357743,-0.036883052,519.28577,97.04703,-4.829735,66.97948,519.28577,97.04703,-4.829735,66.97948,1.0,1.0,-1.0,1.0,33.524375915527344,0.4,-0.4,0.4
21.633333333333333,20.496185,-15.008534,2.0012152,-0.20980021,0.00419506,0.0034483091,0.97772914,-0.0013967415,0.00137459,-0.15035202,-0.21361911,0.14980763,-0.07622315,20.495672,-15.008695,1.2012154,0.03674642,0.011474718,0.5245586,0.028686838,-222.89052,-743.325,1023.1698,-1655.4889,-222.89052,-743.325,1023.1698,-1655.4889,-1.0,-1.0,1.0,-1.0,0.0,-0.4,0.4,-0.4
21.65,20.496227,-15.008525,2.0005507,-0.21065407,0.0005260024,-0.0018504348,0.9775588,-0.0033991649,0.00031335978,-0.0030471575,-0.6341032,0.7020584,0.1662772,20.49556,-15.0087385,1.2005513,0.047811333,0.015299624,0.6638948,0.22949432,652.48627,-72.756485,192.4855,40.52739,652.48627,-72.756485,192.4855,40.52739,1.0,-1.0,1.0,1.0,33.524375915527344,-0.4,0.4,0.4
21.666666666666668,20.496284,-15.008541,2.0023377,-0.21051371,-0.0014608769,-0.0049477895,0.9775772,-0.0027224277,0.0016041626,0.14396033,-0.20585975,0.18167672,-0.07703025,20.49546,-15.008782,1.2023385,0.05901285,0.01728038,0.6720909,0.11884532,81.33269,649.1335,-815.58777,-185.40385,81.33269,649.1335,-815.58777,-185.40385,1.0,1.0,-1.0,-1.0,33.524375915527344,0.4,-0.4,-0.4
21.683333333333334,20.496323,-15.008581,2.002691,-0.2113802,0.0001285376,-0.0036375183,0.9773971,-0.0011576805,0.0036186466,-0.01968002,0.21965957,-0.35404164,0.1662824,20.495352,-15.008822,1.2026917,0.069531344,0.01728038,0.63110965,0.0,-588.7985,685.42206,-65.28659,225.39037,-588.7985,685.42206,-65.28659,225.39037,-1.0,1.0,-1.0,1.0,0.0,0.4,-0.4,0.4
21.7,20.496376,-15.008643,2.004204,-0.21124487,-0.0001972731,-0.0045239804,0.9774226,-0.0019979249,0.00410988,0.12763612,-0.20097443,0.19892582,-0.0771671,20.495249,-15.008862,1.2042049,0.08073287,0.015641134,0.67209136,-0.0983547,17.240223,-38.727554,743.4798,-1556.6504,17.240223,-38.727554,743.4798,-1556.6504,1.0,-1.0,1.0,-1.0,33.524375915527344,-0.4,0.4,-0.4
21.716666666666665,20.496452,-15.008714,2.00429,-0.21207425,-0.005364185,-0.004577598,0.9772281,-0.0021472843,0.0060482426,-0.035631083,0.23286216,0.74301857,0.16603874,20.495153,-15.008903,1.2042913,0.09302722,0.013523775,0.73766106,-0.12704153,-608.65076,704.2794,37.077156,211.1714,-608.65076,704.2794,37.077156,211.1714,-1.0,1.0,1.0,1.0,0.0,0.4,0.4,0.4
21.733333333333334,20.496485,-15.008841,2.0055332,-0.21190102,-0.009223736,-0.00069783494,0.9772473,0.0009339936,0.0084403455,0.1113403,0.6605934,0.22409701,-0.076324455,20.495064,-15.008942,1.2055347,0.10176987,0.0072400006,0.52455914,-0.37702644,74.196754,147.31364,-1160.7222,-130.96346,74.196754,147.31364,-1160.7222,-130.96346,1.0,1.0,-1.0,-1.0,33.524375915527344,0.4,-0.4,-0.4
21.75,20.496483,-15.00898,2.0053415,-0.21273555,-0.008313391,0.002368031,0.9770716,0.0046190144,0.0069226557,-0.052432287,0.22716248,-0.32050294,0.16664346,20.494978,-15.00898,1.2053429,0.10778046,0.0,0.36063504,-0.43440002,-561.57733,-592.4333,-747.3358,135.2113,-561.57733,-592.4333,-747.3358,135.2113,-1.0,-1.0,-1.0,1.0,0.0,-0.4,-0.4,0.4
21.766666666666666,20.4964,-15.009109,2.0063028,-0.21259259,-0.0023197462,0.0028667862,0.977134,0.008557616,0.004726856,0.09443072,-0.20188212,-0.8473238,-0.07671912,20.494902,-15.009017,1.2063043,0.10737064,-0.0065569817,-0.02458915,-0.39341888,78.805374,-332.4547,-206.38432,-1894.9775,78.805374,-332.4547,-206.38432,-1894.9775,1.0,-1.0,-1.0,-1.0,33.524375915527344,-0.4,-0.4,-0.4
21.78333333333333,20.49631,-15.009236,2.0058362,-0.21047372,0.0010290869,0.00463542,0.97758794,0.007739422,0.004339584,-0.06887787,0.23001605,-0.30250657,-0.3194276,20.494825,-15.009055,1.2058376,0.1062778,-0.01297736,-0.06557017,-0.38522267,-669.8549,279.07468,719.5912,-926.64667,-669.8549,279.07468,719.5912,-926.64667,-1.0,1.0,1.0,-1.0,0.0,0.4,0.4,-0.4
21.8,20.496222,-15.009314,2.0065305,-0.20935872,0.0002675092,0.0037392078,0.9778317,0.005961289,0.0018875264,0.07845157,-0.19142908,0.24938369,-0.07660814,20.49475,-15.009096,1.2065321,0.105458185,-0.015572831,-0.049176957,-0.15572827,103.71349,-491.37973,266.18732,433.04446,103.71349,-491.37973,266.18732,433.04446,1.0,-1.0,1.0,1.0,33.524375915527344,-0.4,0.4,0.4
21.816666666666666,20.496132,-15.009382,2.0057926,-0.21021596,0.0012893421,0.0050452403,0.97764105,0.00622811,0.0010866588,-0.08520992,0.23407543,-0.28637877,0.16675666,20.494678,-15.009134,1.2057941,0.10409214,-0.017758492,-0.08196249,-0.13113967,-550.08405,18.353708,-407.70276,294.7452,-550.08405,18.353708,-407.70276,294.7452,-1.0,1.0,-1.0,1.0,0.0,0.4,-0.4,0.4
21.833333333333332,20.496056,-15.009403,2.0062144,-0.2100909,0.00038496178,0.004156956,0.97767293,0.0044296323,-0.0012572356,0.062115837,-0.18668076,0.2665925,-0.07671737,20.494621,-15.009177,1.206216,0.1027261,-0.016187549,-0.08196249,0.09425662,183.73026,-804.22845,397.41296,-1460.4891,183.73026,-804.22845,397.41296,-1460.4891,1.0,-1.0,1.0,-1.0,33.524375915527344,-0.4,0.4,-0.4
21.85,20.495964,-15.009403,2.0052025,-0.21094248,0.002437823,0.00023857229,0.9774953,0.0046173236,-0.0025035134,-0.101655,-0.61965185,-0.27787983,0.16605419,20.494564,-15.009222,1.2052039,0.10026723,-0.01297736,-0.14753221,0.19261132,-465.1232,-144.24644,-458.84747,285.20306,-465.1232,-144.24644,-458.84747,285.20306,-1.0,-1.0,-1.0,1.0,0.0,-0.4,-0.4,0.4
21.866666666666667,20.495903,-15.009404,2.0053515,-0.21080439,0.0017920511,-0.0023806833,0.9775237,0.002805537,-0.001286708,0.045756087,-0.1814467,0.282334,-0.07666171,20.494513,-15.009267,1.2053529,0.099584214,-0.009835472,-0.04098102,0.18851323,297.55722,776.8817,548.4111,-2512.9717,297.55722,776.8817,548.4111,-2512.9717,1.0,1.0,1.0,-1.0,33.524375915527344,0.4,0.4,-0.4
21.883333333333333,20.49585,-15.009419,2.0040689,-0.21166971,0.0025210304,-0.0010506236,0.9773374,0.0029850279,-0.00010981364,-0.11789472,0.244086,-0.25343445,0.16669516,20.494463,-15.009314,1.2040699,0.099311,-0.00758151,-0.016392766,0.13523772,-338.57965,436.4247,-294.19696,216.83578,-338.57965,436.4247,-294.19696,216.83578,-1.0,1.0,-1.0,1.0,0.0,0.4,-0.4,0.4
21.9,20.495823,-15.00943,2.0039454,-0.21153666,0.0013331155,-0.001917131,0.9773672,0.001312847,-0.00020809931,0.029418599,-0.17672876,0.2995113,-0.07680224,20.494425,-15.009358,1.203947,0.100130625,-0.005122642,0.049177404,0.14753208,444.53406,-367.14487,542.1661,-1223.5502,444.53406,-367.14487,542.1661,-1223.5502,1.0,-1.0,1.0,-1.0,33.524375915527344,-0.4,0.4,-0.4
21.916666666666668,20.495796,-15.009447,2.0023901,-0.21239959,0.001913444,-0.0005776484,0.97718084,0.0016149712,0.0007434223,-0.13423231,0.24881524,-0.2362599,0.16655,20.494383,-15.009401,1.2023916,0.10122346,-0.0032784909,0.06557017,0.110649064,-215.83803,402.8191,-324.453,204.58087,-215.83803,402.8191,-324.453,204.58087,-1.0,1.0,-1.0,1.0,0.0,0.4,-0.4,0.4
21.933333333333334,20.49579,-15.0094595,2.0019946,-0.21226624,0.00057885895,-0.0014371787,0.9772106,0.00018235322,0.0004505798,0.0130776595,-0.17204815,0.31666723,-0.07694637,20.494352,-15.009447,1.2019958,0.10299931,-0.00088792463,0.106550746,0.14343397,584.9571,-405.93176,503.66187,-1243.8237,584.9571,-405.93176,503.66187,-1243.8237,1.0,-1.0,1.0,-1.0,33.524375915527344,-0.4,0.4,-0.4
21.95,20.49578,-15.009479,2.0001671,-0.21312657,0.0010108536,-8.8355126e-05,0.9770241,0.000708564,0.0011474616,-0.15057364,0.25350937,-0.21910696,0.16640346,20.494316,-15.009493,1.2001687,0.10491177,0.0010245284,0.11474758,0.114747174,-69.86835,362.92642,-400.7815,195.99013,-69.86835,362.92642,-400.7815,195.99013,-1.0,1.0,-1.0,1.0,0.0,0.4,-0.4,0.4
21.966666666666665,20.495792,-15.009491,1.999499,-0.21299323,-0.00047141738,-0.00094195845,0.9770531,-0.00037391874,0.00062917324,-0.0032662456,-0.16740304,0.33380032,-0.07708893,20.494297,-15.009539,1.1995003,0.107097425,0.0034150947,0.13113944,0.14343397,722.7142,-448.29837,416.30637,-1268.7566,722.7142,-448.29837,416.30637,-1268.7566,1.0,-1.0,1.0,-1.0,33.524375915527344,-0.4,0.4,-0.4
21.983333333333334,20.495789,-15.009519,2.001282,-0.21385023,-0.00029521395,0.0004193598,0.9768663,0.000917156,0.0017906097,0.14373812,0.26240724,-0.18525502,0.1662632,20.49428,-15.009585,1.2012833,0.10805366,0.0047811326,0.057374235,0.081962265,97.01762,322.03253,-526.93146,191.18663,97.01762,322.03253,-526.93146,191.18663,1.0,1.0,-1.0,1.0,33.524375915527344,0.4,-0.4,0.4
22.0,20.495794,-15.00954,2.0016358,-0.21371762,-0.0019600776,-0.00042732045,0.9768934,0.00022917357,0.001087514,-0.01960887,-0.16281185,0.35090345,-0.07721674,20.49427,-15.009629,1.2016374,0.10914649,0.006420378,0.06556972,0.09835473,-666.24475,-486.28638,387.3356,-446.0644,-666.24475,-486.28638,387.3356,-446.0644,-1.0,-1.0,1.0,-1.0,0.0,-0.4,0.4,-0.4
22.016666666666666,20.495775,-15.009575,2.0031462,-0.21457094,-0.0019321559,0.0009421128,0.976706,0.0019700332,0.0019172644,0.12739582,0.26700822,-0.16816524,0.16614172,20.494267,-15.009674,1.2031479,0.10805366,0.007103397,-0.06556972,0.040981133,98.889275,292.9098,-726.85065,201.63493,98.889275,292.9098,-726.85065,201.63493,1.0,1.0,-1.0,1.0,33.524375915527344,0.4,-0.4,0.4
22.03333333333333,20.495756,-15.009606,2.0032277,-0.21443932,-0.0037439778,0.00010072951,0.9767301,0.0018375642,0.00094510335,-0.035943568,-0.15825236,0.36798328,-0.07732932,20.494263,-15.009719,1.2032292,0.106960826,0.008059624,-0.06557017,0.057373594,-660.3774,-510.41937,150.0224,-450.67584,-660.3774,-510.41937,150.0224,-450.67584,-1.0,-1.0,1.0,-1.0,0.0,-0.4,0.4,-0.4
22.05,20.495707,-15.009648,2.0044656,-0.21528909,-0.0038637035,0.0014789851,0.9765416,0.0041363165,0.0014113439,0.111066096,0.2715783,-0.15109625,0.16603684,20.494274,-15.009762,1.2044673,0.102589495,0.008127925,-0.26227978,0.0040980796,114.43305,272.28082,-920.7281,211.42537,114.43305,272.28082,-920.7281,211.42537,1.0,1.0,-1.0,1.0,33.524375915527344,0.4,-0.4,0.4
22.066666666666666,20.495626,-15.009697,2.0042691,-0.21514565,0.000778658,0.0020453432,0.9765795,0.0056761564,0.00013601175,-0.052722547,-0.16204214,-0.6946156,-0.07730614,20.494284,-15.009808,1.2042706,0.096169114,0.007923019,-0.38522285,-0.012294351,-635.579,-521.1652,-162.55888,-453.44748,-635.579,-521.1652,-162.55888,-453.44748,-1.0,-1.0,-1.0,-1.0,0.0,-0.4,-0.4,-0.4
22.083333333333332,20.495564,-15.009728,2.0052338,-0.21303254,0.0027034963,0.0038849874,0.9770336,0.004278145,0.0004863413,0.09466815,0.27446428,-0.13324258,-0.32002717,20.494303,-15.009852,1.2052349,0.09029514,0.008879246,-0.3524382,0.05737362,64.08946,136.94655,728.05206,-419.65292,64.08946,136.94655,728.05206,-419.65292,1.0,1.0,1.0,-1.0,33.524375915527344,0.4,0.4,-0.4
22.1,20.495514,-15.009739,2.0047698,-0.211917,0.00059735205,0.0030518924,0.97728264,0.0025709658,-0.0012985135,-0.06866292,-0.15053767,0.40155256,-0.077246405,20.494318,-15.009896,1.204771,0.08565061,0.0112698125,-0.2786721,0.14343397,-524.1778,-639.48425,237.56006,491.60327,-524.1778,-639.48425,237.56006,491.60327,-1.0,-1.0,1.0,1.0,0.0,-0.4,0.4,0.4
22.116666666666667,20.495453,-15.009717,2.0054617,-0.21276867,0.0013864359,-0.0008027641,0.97710127,0.0031420193,-0.0032397527,0.078231096,-0.5793044,-0.12629038,0.16546246,20.494345,-15.009937,1.2054628,0.079366826,0.015777737,-0.37702692,0.27047545,187.48946,-90.67386,-726.67737,210.59134,187.48946,-90.67386,-726.67737,210.59134,1.0,-1.0,-1.0,1.0,33.524375915527344,-0.4,-0.4,0.4
22.133333333333333,20.495401,-15.009698,2.0047252,-0.21262501,-0.00045170216,-0.0033691553,0.97712785,0.0023167462,-0.0017239735,-0.08501256,-0.14557183,0.41713747,-0.07740151,20.494371,-15.009981,1.2047261,0.07376607,0.020285662,-0.33604544,0.2704755,-544.72925,784.753,345.08533,-1326.8578,-544.72925,784.753,345.08533,-1326.8578,-1.0,1.0,1.0,-1.0,0.0,0.4,0.4,-0.4
22.15,20.495348,-15.009714,2.0051458,-0.21347757,-0.0009939402,-0.0019778444,0.97694534,0.0037264356,6.440678e-05,0.06200259,0.2842544,-0.10195012,0.1659572,20.4944,-15.010019,1.2051464,0.0678921,0.021856606,-0.3524382,0.09425662,315.13135,392.89774,-862.02924,169.65277,315.13135,392.89774,-862.02924,169.65277,1.0,1.0,-1.0,1.0,33.524375915527344,0.4,-0.4,0.4
22.166666666666668,20.495283,-15.009743,2.0041323,-0.21334803,0.0032276858,-0.0014047498,0.97696984,0.004218437,0.000117701944,-0.10177658,-0.14947987,-0.64553744,-0.077374436,20.494438,-15.010059,1.2041328,0.06051549,0.022676228,-0.44259644,0.049177293,-461.109,-266.83902,-19.420998,-256.57712,-461.109,-266.83902,-19.420998,-256.57712,-1.0,-1.0,-1.0,-1.0,0.0,-0.4,-0.4,-0.4
22.183333333333334,20.495255,-15.00978,2.0042787,-0.21124381,0.004741543,0.00045300968,0.9774217,0.0020276206,0.0017042803,0.04562473,0.28718725,-0.08415527,-0.3201131,20.494476,-15.010098,1.2042794,0.055734355,0.022812832,-0.28686804,0.008196271,331.04294,410.03912,798.44257,-127.53414,331.04294,410.03912,798.44257,-127.53414,1.0,1.0,1.0,-1.0,33.524375915527344,0.4,0.4,-0.4
22.2,20.495255,-15.009803,2.0029974,-0.21011935,0.0022160592,-0.00035454088,0.9776732,0.00021768238,0.001160583,-0.11771551,-0.13756514,0.45054483,-0.077321425,20.494518,-15.010136,1.2029979,0.052729066,0.02383736,-0.1803173,0.061471645,-317.16473,-411.83725,402.74475,431.50693,-317.16473,-411.83725,402.74475,431.50693,-1.0,-1.0,1.0,1.0,0.0,-0.4,0.4,0.4
22.216666666666665,20.49526,-15.009832,2.002873,-0.21097793,0.0013936522,0.001042959,0.9774893,0.00051766314,0.0020080083,0.029289559,0.29221198,-0.068539076,0.16603471,20.49456,-15.010173,1.2028733,0.050133597,0.024383776,-0.15572815,0.032784972,497.11588,218.30815,-641.1839,151.8094,497.11588,218.30815,-641.1839,151.8094,1.0,1.0,-1.0,1.0,33.524375915527344,0.4,-0.4,0.4
22.233333333333334,20.495274,-15.009854,2.0013194,-0.21084565,-0.0012761283,0.00023782966,0.97751844,-7.763924e-05,0.001263119,-0.13405858,-0.13313451,0.46756104,-0.077391855,20.494602,-15.010209,1.20132,0.04808454,0.025408303,-0.12294351,0.061471645,-244.04999,-596.4396,254.52548,-270.18356,-244.04999,-596.4396,254.52548,-270.18356,-1.0,-1.0,1.0,-1.0,0.0,-0.4,0.4,-0.4
22.25,20.495268,-15.009886,2.0009227,-0.21169819,-0.0022453438,0.001643825,0.97733104,0.001423928,0.0015881287,0.012947965,0.29664597,-0.0515493,0.16596775,20.494646,-15.010245,1.2009228,0.044532835,0.025749816,-0.21310216,0.020490734,625.8848,211.86215,-909.2791,154.91655,625.8848,211.86215,-909.2791,154.91655,1.0,1.0,-1.0,1.0,33.524375915527344,0.4,-0.4,0.4
22.266666666666666,20.495249,-15.009916,1.9990916,-0.21155487,0.0015450252,0.0022201582,0.97736233,0.0017738834,0.00040023634,-0.15081012,-0.13720524,-0.59520864,-0.07735079,20.494698,-15.010279,1.1990919,0.039478496,0.025954721,-0.30326036,0.012294351,-79.67994,-604.5996,-168.0774,-281.17093,-79.67994,-604.5996,-168.0774,-281.17093,-1.0,-1.0,-1.0,-1.0,0.0,-0.4,-0.4,-0.4
22.28333333333333,20.49525,-15.009932,1.9984207,-0.20944217,0.0026224246,0.004082906,0.97780895,-0.00021834706,0.00043257704,-0.0033994971,0.29958594,-0.033834994,-0.3200953,20.494753,-15.010313,1.1984214,0.03565359,0.02732076,-0.22949426,0.081962265,717.8259,75.68639,753.46686,-237.6224,717.8259,75.68639,753.46686,-237.6224,1.0,1.0,1.0,-1.0,33.524375915527344,0.4,0.4,-0.4
22.3,20.495275,-15.009887,2.000205,-0.2083303,-0.0004479695,0.003296626,0.97805285,-0.0029090203,-0.0017305189,0.14390318,-0.12064156,0.5175036,-0.077283405,20.494806,-15.010344,1.2002053,0.033604536,0.03271661,-0.12294329,0.323751,80.66963,-719.65466,128.21758,442.16238,80.66963,-719.65466,128.21758,442.16238,1.0,-1.0,1.0,1.0,33.524375915527344,-0.4,0.4,0.4
22.316666666666666,20.49529,-15.00982,2.0005565,-0.20918947,-0.0005605865,-0.00052117417,0.9778748,-0.002119268,-0.0034655351,-0.019867001,-0.55368686,-0.027269125,0.1653964,20.494862,-15.010373,1.2005568,0.030735852,0.039615102,-0.17212103,0.41390952,-541.5851,-225.68243,-703.56604,361.18274,-541.5851,-225.68243,-703.56604,361.18274,-1.0,-1.0,-1.0,1.0,0.0,-0.4,-0.4,0.4
22.333333333333332,20.495308,-15.0097685,2.002068,-0.20904806,-0.0033675549,-0.003041811,0.9778947,-0.0032312095,-0.0025380058,0.12751785,-0.1158092,0.5329508,-0.07755718,20.494917,-15.010402,1.2020687,0.028003776,0.04535246,-0.16392453,0.34424138,107.47985,695.2193,57.70303,-1284.7716,107.47985,695.2193,57.70303,-1284.7716,1.0,1.0,1.0,-1.0,33.524375915527344,0.4,0.4,-0.4
22.35,20.495317,-15.009735,2.0021482,-0.20989214,-0.0047917995,-0.0016088285,0.97771144,-0.0010462445,-0.0013488056,-0.036120117,0.30967313,-0.0029077232,0.1657965,20.494968,-15.010428,1.2021488,0.024998493,0.049655482,-0.18031697,0.25818136,-498.59915,324.6714,-971.6982,330.34518,-498.59915,324.6714,-971.6982,330.34518,-1.0,1.0,-1.0,1.0,0.0,0.4,-0.4,0.4
22.366666666666667,20.495283,-15.009723,2.0033827,-0.20975967,-0.0015263077,-0.0010154183,0.97775126,0.001994961,-0.0018627343,0.11079016,-0.12001684,-0.52994084,-0.07750511,20.495026,-15.010452,1.2033831,0.018441511,0.052250955,-0.3934189,0.15572837,160.5508,-375.58905,-515.91864,-272.30057,160.5508,-375.58905,-515.91864,-272.30057,1.0,-1.0,-1.0,-1.0,33.524375915527344,-0.4,-0.4,-0.4
22.383333333333333,20.495247,-15.009713,2.0031886,-0.21061414,-0.0008963166,0.0008691519,0.97756845,0.0015442898,-0.0012453841,-0.05245631,0.31370646,0.014731079,0.16573574,20.495083,-15.010472,1.2031891,0.011747926,0.054368313,-0.4016151,0.12704147,-612.78613,355.86688,474.4497,158.2272,-612.78613,355.86688,474.4497,158.2272,-1.0,1.0,1.0,1.0,0.0,0.4,0.4,0.4
22.4,20.495197,-15.009698,2.0041504,-0.21047282,0.002217313,0.0014670192,0.97759604,0.002934409,-0.0023222757,0.09443829,-0.11603288,-0.5122673,-0.07755724,20.495142,-15.010491,1.2041507,0.0039615096,0.05682718,-0.46718493,0.14753199,174.50508,-631.85895,-269.15878,-266.11032,174.50508,-631.85895,-269.15878,-266.11032,1.0,-1.0,-1.0,-1.0,33.524375915527344,-0.4,-0.4,-0.4
22.416666666666668,20.495155,-15.009679,2.003684,-0.21133095,0.002697301,0.003350444,0.977405,0.0011016068,-0.0023010192,-0.06880189,0.31770033,0.032375306,0.16568173,20.495203,-15.010509,1.2036848,-0.0034150947,0.05942266,-0.44259623,0.15572882,-604.5121,28.791557,714.3677,152.73193,-604.5121,28.791557,714.3677,152.73193,-1.0,1.0,1.0,1.0,0.0,0.4,0.4,0.4
22.433333333333334,20.495121,-15.009624,2.0043733,-0.21118186,0.0056596114,0.0039520734,0.9774224,0.00095423823,-0.0039648805,0.07811092,-0.11209017,-0.49458933,-0.07760093,20.495262,-15.010518,1.204374,-0.01010868,0.064067185,-0.4016151,0.27867144,218.55748,-910.3906,-6.221924,-264.69925,218.55748,-910.3906,-6.221924,-264.69925,1.0,-1.0,-1.0,-1.0,33.524375915527344,-0.4,-0.4,-0.4
22.45,20.4951,-15.009545,2.003633,-0.21200581,0.0071755215,0.00060115044,0.9772419,-0.0021505419,-0.0050115064,-0.08525307,-0.5369162,0.04112959,0.16519684,20.495323,-15.010531,1.2036334,-0.015982643,0.07062418,-0.3524377,0.39341968,-571.8091,-342.55145,964.2309,131.31944,-571.8091,-342.55145,964.2309,131.31944,-1.0,-1.0,1.0,1.0,0.0,-0.4,0.4,0.4
22.466666666666665,20.495142,-15.009451,2.0040543,-0.21185237,0.003789519,-0.0019115396,0.9772924,-0.005585839,-0.0036408445,0.062126707,-0.09914154,0.6013236,-0.07780966,20.495378,-15.010534,1.204055,-0.016938869,0.07759098,-0.057373565,0.41800794,273.9591,603.27985,531.0643,-850.168,273.9591,603.27985,531.0643,-850.168,1.0,1.0,1.0,-1.0,33.524375915527344,0.4,0.4,-0.4
22.483333333333334,20.495203,-15.00937,2.003044,-0.21270616,0.0017756654,-0.00047321175,0.9771144,-0.0055075604,-0.0025631315,-0.10152421,0.3263882,0.065448314,0.16554199,20.495436,-15.010539,1.2030448,-0.016665662,0.08373815,0.01639243,0.36883008,-336.9927,31.843985,-583.6064,251.76274,-336.9927,31.843985,-583.6064,251.76274,-1.0,1.0,-1.0,1.0,0.0,0.4,-0.4,0.4
22.5,20.49528,-15.009282,2.0031927,-0.21256611,-0.002151101,-0.0012401625,0.9771435,-0.006833557,-0.002955956,0.04573623,-0.094940186,0.618181,-0.07782077,20.495491,-15.010536,1.2031938,-0.01516302,0.08981703,0.090158485,0.364733,442.36813,-695.0696,52.122787,-293.27173,442.36813,-695.0696,52.122787,-293.27173,1.0,-1.0,1.0,-1.0,33.524375915527344,-0.4,0.4,-0.4
22.516666666666666,20.495352,-15.009203,2.0019102,-0.21340962,-0.00431042,0.00020644319,0.97695327,-0.0048155487,-0.0025745644,-0.11791727,0.33060288,0.08230418,0.16553311,20.495544,-15.010533,1.2019116,-0.013796982,0.09528118,0.081962265,0.32784906,-234.2848,108.28408,-949.3403,258.47507,-234.2848,108.28408,-949.3403,258.47507,-1.0,1.0,-1.0,1.0,0.0,0.4,-0.4,0.4
22.53333333333333,20.495382,-15.009131,2.0017817,-0.21326925,-0.0017783385,0.00082868524,0.9769914,-0.0025500762,-0.003675871,0.029014196,-0.09929936,-0.44469148,-0.077732146,20.495605,-15.010525,1.201783,-0.015982643,0.09978912,-0.13113962,0.27047616,560.51465,-673.69604,-560.47736,-294.43134,560.51465,-673.69604,-560.47736,-294.43134,1.0,-1.0,-1.0,-1.0,33.524375915527344,-0.4,-0.4,-0.4
22.55,20.495409,-15.009059,2.0002246,-0.21411878,-0.0018833748,0.0027334613,0.97680193,-0.0030275455,-0.0039855638,-0.13421696,0.33446485,0.09984538,0.16548598,20.495663,-15.010511,1.2002258,-0.018168304,0.104023844,-0.13113967,0.2540834,-192.5477,18.945444,425.756,100.73437,-192.5477,18.945444,425.756,100.73437,-1.0,1.0,1.0,1.0,0.0,0.4,0.4,0.4
22.566666666666666,20.495405,-15.0089655,1.9998236,-0.21397221,0.00049785955,0.003357713,0.9768338,-0.0018601744,-0.0057835267,0.01270721,-0.095488116,-0.42712262,-0.07776793,20.495718,-15.010493,1.1998252,-0.02240302,0.109419696,-0.25408295,0.3237511,667.1316,-925.0631,-465.11523,-285.25723,667.1316,-925.0631,-465.11523,-285.25723,1.0,-1.0,-1.0,-1.0,33.524375915527344,-0.4,-0.4,-0.4
22.583333333333332,20.495394,-15.008852,1.9979925,-0.21481557,0.0014451045,3.0029227e-05,0.97665346,-0.0032119402,-0.006565338,-0.15068193,-0.52035594,0.10850914,0.16499697,20.495766,-15.010472,1.1979945,-0.02663774,0.116045,-0.2540832,0.3975181,-59.98011,-321.04987,533.35547,97.769196,-59.98011,-321.04987,533.35547,97.769196,-1.0,-1.0,1.0,1.0,0.0,-0.4,0.4,0.4
22.6,20.4954,-15.008745,1.9973186,-0.21467498,0.0040893736,-0.001080617,0.9766763,-0.0030712057,-0.0052164258,-0.0036735341,-0.09120247,-0.41102487,-0.07772905,20.495821,-15.010442,1.1973208,-0.030189436,0.12150916,-0.21310171,0.3278495,829.67285,559.5803,-165.59306,-966.2979,829.67285,559.5803,-165.59306,-966.2979,1.0,1.0,-1.0,-1.0,33.524375915527344,0.4,-0.4,-0.4
22.616666666666667,20.495457,-15.008645,1.9991,-0.21553579,0.003583436,0.0008285979,0.976489,-0.005533769,-0.0035094526,0.14375654,0.34684706,0.1501956,0.16547866,20.495869,-15.010401,1.199102,-0.029506417,0.1257439,0.040981133,0.2540843,135.18431,55.377758,798.252,62.281307,135.18431,55.377758,798.252,62.281307,1.0,1.0,1.0,1.0,33.524375915527344,0.4,0.4,0.4
22.633333333333333,20.495544,-15.008535,1.9994532,-0.21540174,-0.00095920666,5.9570975e-05,0.976525,-0.007375626,-0.004100629,-0.019647598,-0.07895243,0.6861396,-0.07783781,20.495924,-15.010357,1.1994554,-0.027184155,0.13045672,0.13933572,0.28276917,-534.8278,-872.1616,208.11554,-164.36533,-534.8278,-872.1616,208.11554,-164.36533,-1.0,-1.0,1.0,-1.0,0.0,-0.4,0.4,-0.4
22.65,20.495598,-15.008422,2.0009623,-0.2162537,-0.0026018328,-0.0037180067,0.9763266,-0.006279155,-0.0053993193,0.12720273,-0.5077906,0.15807778,0.16481115,20.495964,-15.010303,1.2009649,-0.026227929,0.13469145,0.057373565,0.25408384,158.62793,-53.83256,-959.09204,207.39471,158.62793,-53.83256,-959.09204,207.39471,1.0,-1.0,-1.0,1.0,33.524375915527344,-0.4,-0.4,0.4
22.666666666666668,20.495644,-15.0083275,2.0010376,-0.21612562,-0.00027355785,-0.004816499,0.9763535,-0.004447493,-0.0034935414,-0.03642965,-0.08297016,-0.37817687,-0.07795375,20.496012,-15.010246,1.20104,-0.026364531,0.13742355,-0.008196159,0.16392587,-506.31122,730.7174,-267.4147,-196.17906,-506.31122,730.7174,-267.4147,-196.17906,-1.0,1.0,-1.0,-1.0,0.0,0.4,-0.4,-0.4
22.683333333333334,20.495707,-15.008277,2.0022738,-0.2169737,-0.0010668993,-0.002896259,0.9761725,-0.0051149623,-0.0009484743,0.11098995,0.35510975,0.18295875,0.16525677,20.496058,-15.01018,1.2022761,-0.025135096,0.13633071,0.073766105,-0.06557017,209.35153,530.67334,460.75574,37.038746,209.35153,530.67334,460.75574,37.038746,1.0,1.0,1.0,1.0,33.524375915527344,0.4,0.4,0.4
22.7,20.495764,-15.008235,2.0020766,-0.21683833,0.0007078242,-0.0022520875,0.9762047,-0.0038670294,-0.0007067716,-0.052740432,-0.07927039,-0.36070332,-0.07796792,20.496103,-15.01011,1.202079,-0.024315475,0.13428164,0.049177293,-0.12294441,-489.56122,-422.83875,-246.31503,-169.58218,-489.56122,-422.83875,-246.31503,-169.58218,-1.0,-1.0,-1.0,-1.0,0.0,-0.4,-0.4,-0.4
22.716666666666665,20.495844,-15.008209,2.0030403,-0.21768892,-0.00023368954,-0.0003342257,0.97601813,-0.005059551,0.0009580364,0.09466287,0.35880744,0.20041326,0.16524628,20.496151,-15.01003,1.2030424,-0.021993209,0.13038842,0.13933595,-0.23359267,214.78607,341.1845,561.4475,29.957243,214.78607,341.1845,561.4475,29.957243,1.0,1.0,1.0,1.0,33.524375915527344,0.4,0.4,0.4
22.733333333333334,20.495916,-15.008184,2.002571,-0.21754897,0.0013916418,0.0003097736,0.9760483,-0.004300653,0.00042863516,-0.06907102,-0.07561132,-0.34324315,-0.077971786,20.496195,-15.009946,1.202573,-0.019944152,0.12615371,0.1229434,-0.25408295,-472.65067,-635.89343,-174.07481,-172.91205,-472.65067,-635.89343,-174.07481,-172.91205,-1.0,-1.0,-1.0,-1.0,0.0,-0.4,-0.4,-0.4
22.75,20.496002,-15.008159,2.0032625,-0.21840191,0.00030268755,0.0022239357,0.97585624,-0.005909321,0.0011900011,0.0783271,0.36246037,0.21784839,0.16524327,20.49623,-15.009855,1.2032645,-0.01625585,0.12150916,0.2212981,-0.278673,247.81473,91.25854,643.41534,20.794022,247.81473,91.25854,643.41534,20.794022,1.0,1.0,1.0,1.0,33.524375915527344,0.4,0.4,0.4
22.766666666666666,20.49609,-15.008126,2.002521,-0.21825811,0.0017791518,0.0028665303,0.9758852,-0.0055357064,-0.00013182871,-0.085402474,-0.07199696,-0.3258016,-0.077966385,20.496273,-15.009762,1.2025229,-0.013113963,0.11713783,0.18851317,-0.26227978,-428.59525,-879.6093,-139.3637,-173.17505,-428.59525,-879.6093,-139.3637,-173.17505,-1.0,-1.0,-1.0,-1.0,0.0,-0.4,-0.4,-0.4
22.78333333333333,20.496181,-15.008059,2.0029383,-0.21909797,0.0017669734,-0.00044761246,0.97570115,-0.0074346764,-0.0017478783,0.06189167,-0.49269575,0.22643222,0.16476637,20.496307,-15.009662,1.2029399,-0.00901585,0.11481556,0.2458868,-0.13933583,308.1826,-214.99025,686.6578,11.809995,308.1826,-214.99025,686.6578,11.809995,1.0,-1.0,1.0,1.0,33.524375915527344,-0.4,0.4,0.4
22.8,20.496298,-15.007985,2.001929,-0.21894385,-0.0030787464,-0.0029699341,0.97572803,-0.0077297147,-0.0003947029,-0.10143389,-0.059461176,0.7696535,-0.07836325,20.496344,-15.009558,1.2019309,-0.0032784909,0.11262989,0.3442415,-0.13114034,-384.22614,637.83954,58.16695,-217.0779,-384.22614,637.83954,58.16695,-217.0779,-1.0,1.0,1.0,-1.0,0.0,0.4,0.4,-0.4
22.816666666666666,20.496387,-15.007951,2.002077,-0.21977033,-0.0066526807,-0.0015200906,0.9755277,-0.005222402,0.0009902399,0.04554897,0.37047428,0.25043517,0.16503975,20.496382,-15.009445,1.2020783,0.00040981136,0.107029125,0.22129811,-0.3360459,431.61966,248.84294,-1138.8397,140.29646,431.61966,248.84294,-1138.8397,140.29646,1.0,1.0,-1.0,1.0,33.524375915527344,0.4,-0.4,0.4
22.833333333333332,20.496449,-15.007932,2.00079,-0.21962811,-0.0054562367,-0.00087118894,0.975568,-0.0024018036,0.00032825256,-0.11817839,-0.06405905,-0.29320008,-0.07815739,20.496418,-15.009332,1.2007914,0.0021856606,0.10026723,0.10655095,-0.4057136,-214.90192,-391.45456,-802.3297,-185.29291,-214.90192,-391.45456,-802.3297,-185.29291,-1.0,-1.0,-1.0,-1.0,0.0,-0.4,-0.4,-0.4
22.85,20.496464,-15.007935,2.0006585,-0.22046684,-0.00038434213,0.0024786869,0.9753912,-5.4804434e-05,0.00072478945,0.028855383,0.36555666,-0.8116821,0.1651353,20.496456,-15.009209,1.2006596,0.00054641516,0.091251366,-0.09835473,-0.5409519,593.3042,341.34433,-128.88846,15.355382,593.3042,341.34433,-128.88846,15.355382,1.0,1.0,-1.0,1.0,33.524375915527344,0.4,-0.4,0.4
22.866666666666667,20.496475,-15.007932,1.9990977,-0.22031103,0.0028528594,0.0036177426,0.97541875,-0.0018508901,-0.0007669606,-0.13448033,-0.058703914,-0.27510935,-0.07868431,20.496494,-15.009085,1.1990987,-0.0013660379,0.08257701,-0.114747174,-0.52046114,-158.38225,-655.1576,947.3407,-2836.58,-158.38225,-655.1576,947.3407,-2836.58,-1.0,-1.0,1.0,-1.0,0.0,-0.4,0.4,-0.4
22.883333333333333,20.496515,-15.007883,1.9986973,-0.22114365,0.0024122458,0.00031822882,0.9752382,-0.0040542623,-0.0022702627,0.012815527,-0.47943592,0.2770675,0.16402118,20.496536,-15.008957,1.1986979,-0.0015026416,0.07690795,-0.008196223,-0.34014386,663.34033,-231.57751,570.13745,8.170057,663.34033,-231.57751,570.13745,8.170057,1.0,-1.0,1.0,1.0,33.524375915527344,-0.4,0.4,0.4
22.9,20.496555,-15.00783,1.9968652,-0.2209932,0.0037268903,-0.0007579737,0.97526795,-0.0042755017,-0.0010051504,-0.15082543,-0.05474607,-0.25915414,-0.078834504,20.496576,-15.008823,1.1968658,-0.0015026416,0.07117059,0.0,-0.34424138,-1.9573091,603.96924,-96.27476,-221.78198,-1.9573091,603.96924,-96.27476,-221.78198,-1.0,1.0,-1.0,-1.0,0.0,0.4,-0.4,-0.4
22.916666666666668,20.496637,-15.007785,1.9961934,-0.21888013,0.0019124969,0.0011754915,0.97574914,-0.0063220104,0.00010916917,-0.0034264205,0.38287738,0.3016535,-0.321558,20.496613,-15.008686,1.1961942,0.0017758493,0.0645453,0.19670944,-0.3975172,822.46265,151.76637,682.271,-27.594765,822.46265,151.76637,682.271,-27.594765,1.0,1.0,1.0,-1.0,33.524375915527344,0.4,0.4,-0.4
22.933333333333334,20.496733,-15.007723,1.9979722,-0.2177484,0.0025728229,0.0018509058,0.9759998,-0.0059751826,-0.0010259864,0.14349261,-0.045720994,-0.22725433,-0.07849808,20.496653,-15.008544,1.1979729,0.005737359,0.058807943,0.23769058,-0.34424162,173.03192,-663.74634,-264.05234,370.80682,173.03192,-663.74634,-264.05234,370.80682,1.0,-1.0,-1.0,1.0,33.524375915527344,-0.4,-0.4,0.4
22.95,20.49683,-15.007637,1.9983209,-0.21858269,0.00181747,-0.0014310535,0.9758156,-0.0077563236,-0.0020888988,-0.01988482,-0.47062874,0.30814987,0.16419959,20.496689,-15.008398,1.1983216,0.01010868,0.054504916,0.26227927,-0.2581816,-570.85626,-188.60098,771.73517,189.54848,-570.85626,-188.60098,771.73517,189.54848,-1.0,-1.0,1.0,1.0,0.0,-0.4,0.4,0.4
22.966666666666665,20.496946,-15.007573,1.9998271,-0.21843587,0.002752821,-0.0024940376,0.97584414,-0.0071695386,-0.0006173942,0.12713386,-0.041789055,-0.21135394,-0.07867782,20.49673,-15.00825,1.1998277,0.015436227,0.04849435,0.3196528,-0.36063394,182.7687,671.9802,-76.2298,-247.70917,182.7687,671.9802,-76.2298,-247.70917,1.0,1.0,-1.0,-1.0,33.524375915527344,0.4,-0.4,-0.4
22.983333333333334,20.497076,-15.007524,1.9999046,-0.21928158,0.00063405087,-0.00054876134,0.9756612,-0.00865043,0.0007972275,-0.03613986,0.39211386,0.33290744,0.16455457,20.496769,-15.008103,1.1999049,0.021993209,0.041527554,0.39341885,-0.41800773,-538.33514,216.4702,759.7185,157.41983,-538.33514,216.4702,759.7185,157.41983,-1.0,1.0,1.0,1.0,0.0,0.4,0.4,0.4
23.0,20.497202,-15.007469,2.0011384,-0.2191372,0.0010134999,0.00012724038,0.9756934,-0.0077367728,0.00035559805,0.11077484,-0.038364425,-0.19407472,-0.07860025,20.496809,-15.007948,1.2011387,0.02814038,0.034287553,0.3688302,-0.43440005,248.95401,-692.1648,-237.29948,-210.72446,248.95401,-692.1648,-237.29948,-210.72446,1.0,-1.0,-1.0,-1.0,33.524375915527344,-0.4,-0.4,-0.4
23.016666666666666,20.49733,-15.007405,2.0009427,-0.21997285,-2.1576196e-05,-0.0031551064,0.9755008,-0.008769963,-7.360522e-05,-0.05260183,-0.46329492,0.34128952,0.16409194,20.496847,-15.007796,1.2009429,0.034560762,0.028003776,0.38522297,-0.3770266,-539.6627,-5.8269854,661.15216,161.84756,-539.6627,-5.8269854,661.15216,161.84756,-1.0,-1.0,1.0,1.0,0.0,-0.4,0.4,0.4
23.03333333333333,20.49746,-15.007378,2.0019033,-0.21982753,0.00063287077,-0.0042183893,0.9755294,-0.0074610002,0.0019259742,0.09442074,-0.034488708,-0.17822212,-0.07880786,20.496891,-15.007643,1.2019036,0.04070793,0.018987926,0.36883008,-0.540951,261.85904,750.3346,-210.8141,-267.4476,261.85904,750.3346,-210.8141,-267.4476,1.0,1.0,-1.0,-1.0,33.524375915527344,0.4,-0.4,-0.4
23.05,20.497604,-15.007367,2.0014362,-0.22066277,-0.0017726314,-0.0022750653,0.9753459,-0.007989867,0.0035748284,-0.06886778,0.3994426,0.36599064,0.16443998,20.496935,-15.007487,1.2014365,0.047947936,0.008606038,0.43440026,-0.62291324,-476.1816,475.97244,590.7269,136.61224,-476.1816,475.97244,590.7269,136.61224,-1.0,1.0,1.0,1.0,0.0,0.4,0.4,0.4
23.066666666666666,20.497728,-15.007375,2.0021253,-0.22051667,-0.0016765925,-0.0016007177,0.97538036,-0.0061389036,0.003494476,0.07804078,-0.031115584,-0.16099907,-0.07870469,20.496983,-15.007331,1.2021258,0.053412087,-0.003141887,0.32784906,-0.7048754,353.36343,-420.78088,-494.00186,-211.31508,353.36343,-420.78088,-494.00186,-211.31508,1.0,-1.0,-1.0,-1.0,33.524375915527344,-0.4,-0.4,-0.4
23.083333333333332,20.497852,-15.007389,2.001386,-0.22135168,-0.0042273947,0.00033899274,0.9751848,-0.0060305847,0.004054082,-0.0852492,0.4028321,0.38319123,0.16455404,20.497028,-15.007174,1.2013866,0.05901285,-0.015436227,0.33604568,-0.7376604,-431.80225,317.50293,373.92322,151.64444,-431.80225,317.50293,373.92322,151.64444,-1.0,1.0,1.0,1.0,0.0,0.4,0.4,0.4
23.1,20.497936,-15.007405,2.0018017,-0.22120441,-0.0042779776,0.0010084194,0.9752175,-0.0035375431,0.0028480846,0.061661903,-0.027782977,-0.14380127,-0.07858071,20.497082,-15.007016,1.2018026,0.06119851,-0.027867174,0.13113967,-0.74585676,404.54443,-551.2657,-729.70264,-210.954,404.54443,-551.2657,-729.70264,-210.954,1.0,-1.0,-1.0,-1.0,33.524375915527344,-0.4,-0.4,-0.4
23.116666666666667,20.497997,-15.007433,2.0007844,-0.22203161,-0.00038279832,0.0043830755,0.9750295,-0.0023455299,0.0022967816,-0.1019637,0.39762646,-0.67901224,0.1647051,20.497139,-15.006862,1.2007853,0.061471716,-0.040912837,0.016392319,-0.78273976,-337.3109,115.44258,-8.978671,180.89798,-337.3109,115.44258,-8.978671,180.89798,-1.0,1.0,-1.0,1.0,0.0,0.4,-0.4,0.4
23.133333333333333,20.49805,-15.007417,2.0009265,-0.22187287,0.0016079433,0.0055427896,0.9750585,-0.003743715,-1.8448802e-05,0.04536682,-0.022679895,-0.1258334,-0.07905044,20.497194,-15.00671,1.2009275,0.061335113,-0.05061171,-0.008196159,-0.58193225,437.38022,-811.55615,924.1622,-2671.9702,437.38022,-811.55615,924.1622,-2671.9702,1.0,-1.0,1.0,-1.0,33.524375915527344,-0.4,0.4,-0.4
23.15,20.498116,-15.007367,1.9996401,-0.22271527,3.907273e-06,0.0022583187,0.9748809,-0.005001918,-0.001778333,-0.11800209,-0.4476341,0.40944293,0.16361147,20.497257,-15.00656,1.199641,0.061471716,-0.057783406,0.008196159,-0.43030185,-274.33307,-512.3063,451.0201,173.53143,-274.33307,-512.3063,451.0201,173.53143,-1.0,-1.0,1.0,1.0,0.0,-0.4,0.4,0.4
23.166666666666668,20.498165,-15.007312,1.9995111,-0.22256488,7.7955825e-05,0.0011967219,0.9749171,-0.0041226745,-0.0015299148,0.029002307,-0.018938866,-0.11004215,-0.0792981,20.497316,-15.006415,1.1995124,0.0607887,-0.06420379,-0.04098102,-0.3852231,584.958,394.32245,-584.76373,-256.80115,584.958,394.32245,-584.76373,-256.80115,1.0,1.0,-1.0,-1.0,33.524375915527344,0.4,-0.4,-0.4
23.183333333333334,20.498219,-15.007244,1.9979526,-0.22339977,-0.0016627769,-0.0020869721,0.9747232,-0.004467466,-0.0019309991,-0.13437727,-0.44389832,0.42521203,0.16335769,20.49738,-15.00627,1.1979536,0.060105678,-0.06973625,-0.040981244,-0.33194748,-102.64926,-115.029945,276.08383,151.62395,-102.64926,-115.029945,276.08383,151.62395,-1.0,-1.0,1.0,1.0,0.0,-0.4,0.4,0.4
23.2,20.498264,-15.007207,1.997551,-0.22324787,-0.0017221443,-0.0031481679,0.97475505,-0.002646694,-0.00028359448,0.012630476,-0.015203614,-0.09428661,-0.07956043,20.497454,-15.006129,1.1975524,0.058056615,-0.07718116,-0.12294374,-0.4466946,749.9996,623.4198,-726.9528,-267.04947,749.9996,623.4198,-726.9528,-267.04947,1.0,1.0,-1.0,-1.0,33.524375915527344,0.4,-0.4,-0.4
23.216666666666665,20.498302,-15.007214,1.9996045,-0.22406897,-0.004957737,-0.0012074555,0.97455984,-0.0033393928,0.0017947542,0.16002493,0.4230257,0.46648526,0.16371165,20.497526,-15.005997,1.199606,0.055597752,-0.08715325,-0.14753176,-0.59832525,80.45069,418.85547,55.818314,134.51797,80.45069,418.85547,55.818314,134.51797,1.0,1.0,1.0,1.0,33.524375915527344,0.4,0.4,0.4
23.233333333333334,20.498327,-15.007225,2.0002248,-0.22391352,-0.005615835,-0.0005339999,0.9745926,-0.00076914916,0.0012284333,-0.0037187391,-0.011989228,-0.07715392,-0.079369575,20.497604,-15.005864,1.2002263,0.05177284,-0.09746685,-0.2294947,-0.61881596,-557.2307,-444.2529,-828.94354,-61.12818,-557.2307,-444.2529,-828.94354,-61.12818,-1.0,-1.0,-1.0,-1.0,0.0,-0.4,-0.4,-0.4
23.25,20.4983,-15.007257,2.0020006,-0.22473644,-0.0024095927,0.002859377,0.9744123,0.0026717265,0.0019800726,0.14328568,0.41771019,-0.595734,0.16394664,20.497684,-15.005737,1.2020024,0.044123027,-0.108873285,-0.45898876,-0.68438613,64.83879,283.82745,-402.32202,173.17426,64.83879,283.82745,-402.32202,173.17426,1.0,1.0,-1.0,1.0,33.524375915527344,0.4,-0.4,0.4
23.266666666666666,20.498264,-15.007288,2.002347,-0.22457585,-0.0010274925,0.004027588,0.9744477,0.002341059,0.00029190653,-0.02006838,-0.0070067383,-0.059332617,-0.079753384,20.497763,-15.005616,1.2023491,0.0359268,-0.11973331,-0.4917736,-0.6516015,-707.69867,-653.09155,601.64453,-1699.7946,-707.69867,-653.09155,601.64453,-1699.7946,-1.0,-1.0,1.0,-1.0,0.0,-0.4,0.4,-0.4
23.28333333333333,20.498201,-15.00728,2.0038486,-0.22539224,0.0032845547,0.0022077058,0.97426003,0.0037065116,-0.002408742,0.12682004,-0.43625593,-0.58668745,0.1631164,20.49784,-15.005505,1.2038509,0.025818117,-0.12717824,-0.60652095,-0.4466955,20.59672,-228.17542,-118.265625,186.54922,20.59672,-228.17542,-118.265625,186.54922,1.0,-1.0,-1.0,1.0,33.524375915527344,-0.4,-0.4,0.4
23.3,20.498156,-15.007258,2.0039217,-0.22523357,0.0049435073,0.0016512821,0.9742908,0.0015516512,-0.0020003784,-0.036433496,-0.0015745722,-0.042872388,-0.079506606,20.49793,-15.005388,1.2039241,0.016119247,-0.13394013,-0.5819321,-0.4057136,-702.2709,472.23822,889.93964,-2674.6926,-702.2709,472.23822,889.93964,-2674.6926,-1.0,1.0,1.0,-1.0,0.0,0.4,0.4,-0.4
23.316666666666666,20.49815,-15.00721,2.0051558,-0.22605553,0.0025271585,-0.0016237915,0.9741097,-0.001584016,-0.0032872893,0.11086763,-0.4223321,0.509018,0.1631243,20.498013,-15.005287,1.2051581,0.009835472,-0.13769674,-0.37702647,-0.22539674,32.301178,-161.11923,401.88657,138.82677,32.301178,-161.11923,401.88657,138.82677,1.0,-1.0,1.0,1.0,33.524375915527344,-0.4,0.4,0.4
23.333333333333332,20.498161,-15.007165,2.0049582,-0.22589639,0.0018575831,-0.0026705868,0.9741459,-0.0012894927,-0.0017036283,-0.052784376,0.0020116698,-0.027159808,-0.0798224,20.498106,-15.005188,1.2049605,0.0039615096,-0.14158997,-0.35243773,-0.23359357,-566.7564,587.8452,-450.6042,-82.553406,-566.7564,587.8452,-450.6042,-82.553406,-1.0,1.0,-1.0,-1.0,0.0,0.4,-0.4,-0.4
23.35,20.498194,-15.007146,2.0059214,-0.22672367,-0.0019593954,-0.00072786707,0.9739569,-0.0029353634,0.00014791347,0.09461735,0.4402635,0.53352135,0.16345356,20.498192,-15.005102,1.2059242,0.00013660379,-0.14637111,-0.22949433,-0.28686848,116.25831,255.75468,177.28131,103.42167,116.25831,255.75468,177.28131,103.42167,1.0,1.0,1.0,1.0,33.524375915527344,0.4,0.4,0.4
23.366666666666667,20.49822,-15.007126,2.0054517,-0.22656916,-0.0031961722,-4.363442e-05,0.97398984,-0.0012135552,-0.00047896267,-0.069132596,0.0051073106,-0.010076829,-0.079578415,20.49828,-15.005014,1.2054543,-0.004234717,-0.15122056,-0.26227924,-0.2909669,-507.38437,-631.6727,-759.65314,-67.29963,-507.38437,-631.6727,-759.65314,-67.29963,-1.0,-1.0,-1.0,-1.0,0.0,-0.4,-0.4,-0.4
23.383333333333333,20.49821,-15.007122,2.006137,-0.22739384,-0.00057510106,0.0033695472,0.9737968,0.0008251877,-5.0111936e-05,0.07788457,0.43486154,-0.5286628,0.16375643,20.498363,-15.00494,1.20614,-0.010928303,-0.15627493,-0.4016151,-0.30326214,186.59378,93.44697,-332.44113,129.47421,186.59378,93.44697,-332.44113,129.47421,1.0,1.0,-1.0,1.0,33.524375915527344,0.4,-0.4,0.4
23.4,20.498201,-15.00711,2.005393,-0.22723483,0.00022802074,0.0045528635,0.9738292,-0.00024568726,-0.0018989593,-0.08545816,0.009970707,0.007674654,-0.07989205,20.498451,-15.00487,1.2053965,-0.017895095,-0.16037306,-0.4180075,-0.24588792,-594.9492,-828.3874,643.0827,-1577.1774,-594.9492,-828.3874,643.0827,-1577.1774,-1.0,-1.0,1.0,-1.0,0.0,-0.4,0.4,-0.4
23.416666666666668,20.498177,-15.007052,2.0058048,-0.2280473,0.0039696223,0.0027546664,0.973638,0.00014573126,-0.004323836,0.06144449,-0.41932222,-0.5196851,0.1629766,20.498535,-15.004811,1.2058082,-0.025681512,-0.16050966,-0.46718502,-0.008195936,226.07841,-443.36035,-112.68779,137.96967,226.07841,-443.36035,-112.68779,137.96967,1.0,-1.0,-1.0,1.0,33.524375915527344,-0.4,-0.4,0.4
23.433333333333334,20.498163,-15.006986,2.0047877,-0.22788815,0.005054921,0.0022122057,0.9736717,-0.0023501336,-0.0039450806,-0.10180044,0.015274027,0.024065433,-0.07967662,20.49862,-15.004755,1.2047911,-0.032648306,-0.15975834,-0.4180076,0.04507899,-542.0069,249.98543,950.6903,-2622.12,-542.0069,249.98543,950.6903,-2622.12,-1.0,1.0,1.0,-1.0,0.0,0.4,0.4,-0.4
23.45,20.498196,-15.006882,2.004932,-0.22871149,0.0020735313,-0.0010597889,0.97349143,-0.005141841,-0.005070474,0.04546597,-0.40552735,0.5758662,0.16294147,20.498703,-15.004708,1.2049351,-0.036336612,-0.1556602,-0.22129832,0.24588881,331.29092,-389.32843,334.19522,84.38823,331.29092,-389.32843,334.19522,84.38823,1.0,-1.0,1.0,1.0,33.524375915527344,-0.4,0.4,0.4
23.466666666666665,20.498236,-15.006784,2.0036442,-0.2285506,0.0008327844,-0.0021000525,0.97352934,-0.0044950135,-0.0036182995,-0.11820057,0.018738842,0.039703503,-0.08005347,20.498789,-15.004669,1.2036471,-0.039615102,-0.15149377,-0.1967094,0.24998544,-315.28302,440.35614,-654.6315,-122.63437,-315.28302,440.35614,-654.6315,-122.63437,-1.0,1.0,-1.0,-1.0,0.0,0.4,-0.4,-0.4
23.483333333333334,20.498274,-15.006711,2.003512,-0.22938801,0.0030149065,0.001330806,0.9733295,-0.0039754338,-0.0024226247,0.028853938,0.44854343,-0.47887108,0.16328675,20.498863,-15.004638,1.2035147,-0.04221057,-0.14848848,-0.15572815,0.18031774,506.343,40.67452,-23.46901,52.05388,506.343,40.67452,-23.46901,52.05388,1.0,1.0,-1.0,1.0,33.524375915527344,0.4,-0.4,0.4
23.5,20.498325,-15.006634,2.0019503,-0.22923261,0.0033865154,0.0025306721,0.97336245,-0.006029762,-0.003479823,-0.13447805,0.023520445,0.057420388,-0.08034634,20.498941,-15.004611,1.2019533,-0.044123027,-0.14486848,-0.11474735,0.2171999,-271.15976,-844.2232,947.6103,-1392.1366,-271.15976,-844.2232,947.6103,-1392.1366,-1.0,-1.0,1.0,-1.0,0.0,-0.4,0.4,-0.4
23.516666666666666,20.498402,-15.006512,2.0015492,-0.23005658,0.00012365694,-0.0007410949,0.97317696,-0.0079946695,-0.0046847984,0.012759983,-0.39730555,0.6091686,0.16227154,20.499014,-15.004591,1.2015517,-0.04384982,-0.13756014,0.016392542,0.43850002,596.7558,-474.83444,218.26108,46.743,596.7558,-474.83444,218.26108,46.743,1.0,-1.0,1.0,1.0,33.524375915527344,-0.4,0.4,0.4
23.53333333333333,20.498486,-15.006396,1.9997162,-0.22989164,-0.0014017631,-0.0017810873,0.9732135,-0.0065722447,-0.0034532212,-0.15091729,0.026928948,0.07301711,-0.08074651,20.499092,-15.004578,1.1997185,-0.043440007,-0.13025181,0.024588702,0.43850002,-44.910305,365.61353,-820.32806,-150.52362,-44.910305,365.61353,-820.32806,-150.52362,-1.0,1.0,-1.0,-1.0,0.0,0.4,-0.4,-0.4
23.55,20.498543,-15.006298,1.9990379,-0.23072065,0.0017768244,-0.0035548017,0.97301185,-0.0054373336,-0.0034879427,-0.0039898534,-0.40237808,-0.45437557,0.16212296,20.49916,-15.004572,1.1990402,-0.04425963,-0.123626515,-0.049177404,0.39751765,781.71075,-23.878302,-246.73024,26.164398,781.71075,-23.878302,-246.73024,26.164398,1.0,-1.0,-1.0,1.0,33.524375915527344,-0.4,-0.4,0.4
23.566666666666666,20.498632,-15.006235,2.000814,-0.23055974,0.002195729,-0.00408197,0.973047,-0.0068004746,-0.0012573553,0.14342417,0.0363526,0.10602073,-0.08057556,20.499226,-15.004578,1.2008159,-0.04248378,-0.11870877,0.10655097,0.29506487,47.91252,746.1946,801.36615,-2567.931,47.91252,746.1946,801.36615,-2567.931,1.0,1.0,1.0,-1.0,33.524375915527344,0.4,0.4,-0.4
23.583333333333332,20.498753,-15.006186,2.0011635,-0.23137164,-0.0026689605,-0.0021354186,0.9728594,-0.007918119,0.0006774855,-0.01987962,0.470428,0.6497748,0.1627193,20.499289,-15.004588,1.2011654,-0.038385667,-0.11440575,0.2458868,0.25818092,-552.1595,144.18732,320.62106,178.53812,-552.1595,144.18732,320.62106,178.53812,-1.0,1.0,1.0,1.0,0.0,0.4,0.4,0.4
23.6,20.498842,-15.006156,2.0026693,-0.23120655,-0.005016165,-0.0014374697,0.9728906,-0.0059861606,0.0005640625,0.12700656,0.039238162,0.122931905,-0.08021599,20.499352,-15.004606,1.2026712,-0.036473215,-0.11099064,0.11474713,0.20490645,128.46803,-649.3069,-822.4033,-115.976944,128.46803,-649.3069,-822.4033,-115.976944,1.0,-1.0,-1.0,-1.0,33.524375915527344,-0.4,-0.4,-0.4
23.616666666666667,20.498913,-15.00614,2.0027413,-0.23202181,-0.0034494107,0.0020089739,0.9727024,-0.0036281731,0.0009987054,-0.036616746,0.4648794,-0.41237077,0.16313735,20.499414,-15.004623,1.202743,-0.0359268,-0.10860007,0.03278486,0.14343424,-552.30035,40.945953,-415.8683,231.04219,-552.30035,40.945953,-415.8683,231.04219,-1.0,1.0,-1.0,1.0,0.0,0.4,-0.4,0.4
23.633333333333333,20.498955,-15.006106,2.003973,-0.23185895,-0.0037586293,0.003212702,0.97273684,-0.0036614605,-0.00062863133,0.110696904,0.04387849,0.14054075,-0.080478236,20.499475,-15.00465,1.2039746,-0.037292838,-0.10429705,-0.081962265,0.25818136,115.6197,-886.9833,343.2623,-1601.0271,115.6197,-886.9833,343.2623,-1601.0271,1.0,-1.0,1.0,-1.0,33.524375915527344,-0.4,0.4,-0.4
23.65,20.498978,-15.006058,2.0037708,-0.23268357,-0.0010446131,0.0014532115,0.97255075,-0.0021096924,-0.0024848897,-0.05304154,-0.3896501,-0.4035532,0.16237883,20.499537,-15.00468,1.2037725,-0.040024914,-0.098696284,-0.16392453,0.3360459,-560.3569,-444.45163,-441.65768,252.43538,-560.3569,-444.45163,-441.65768,252.43538,-1.0,-1.0,-1.0,1.0,0.0,-0.4,-0.4,0.4
23.666666666666668,20.498997,-15.006003,2.0047293,-0.23252492,-0.0010620665,0.0009305104,0.97258943,-0.002945269,-0.0021461127,0.09436206,0.048980083,0.15677254,-0.0803454,20.499592,-15.004716,1.2047307,-0.042620383,-0.092207596,-0.15572815,0.38932127,116.087585,389.51605,556.2425,-2690.8564,116.087585,389.51605,556.2425,-2690.8564,1.0,1.0,1.0,-1.0,33.524375915527344,0.4,0.4,-0.4
23.683333333333334,20.499006,-15.005942,2.004255,-0.23334944,0.0015098804,-0.00081955746,0.97239137,-0.0021334873,-0.0030014985,-0.069387294,-0.3845545,-0.3873225,0.16251323,20.499645,-15.004752,1.2042562,-0.04576227,-0.085240796,-0.18851323,0.41800794,-518.17926,-320.17773,-270.65366,213.61194,-518.17926,-320.17773,-270.65366,213.61194,-1.0,-1.0,-1.0,1.0,0.0,-0.4,-0.4,0.4
23.7,20.49904,-15.005888,2.0049415,-0.2331902,0.0013520416,-0.0013321856,0.9724293,-0.0036571536,-0.0016475623,0.07801613,0.05406626,0.17299901,-0.08022391,20.499697,-15.004794,1.2049426,-0.04699171,-0.078342296,-0.07376633,0.41390997,183.29024,535.89655,678.653,-2508.3306,183.29024,535.89655,678.653,-2508.3306,1.0,1.0,1.0,-1.0,33.524375915527344,0.4,0.4,-0.4
23.716666666666665,20.499075,-15.005835,2.0041947,-0.23401497,0.0037825217,-0.0030732143,0.9722207,-0.0034837702,-0.0015294221,-0.08572187,-0.37947398,-0.37109625,0.16263483,20.49975,-15.004839,1.204196,-0.048357747,-0.0713072,-0.081962265,0.4221059,-462.88873,-160.49817,-42.03063,162.87129,-462.88873,-160.49817,-42.03063,162.87129,-1.0,-1.0,-1.0,1.0,0.0,-0.4,-0.4,0.4
23.733333333333334,20.499157,-15.005802,2.0046086,-0.23385464,0.0034841571,-0.0035763334,0.9722587,-0.005589436,0.0008072348,0.061689682,0.059133574,0.18921506,-0.08011306,20.4998,-15.0048895,1.2046095,-0.04603548,-0.06536493,0.13933605,0.35653618,265.55188,693.3045,813.273,-2357.6577,265.55188,693.3045,813.273,-2357.6577,1.0,1.0,1.0,-1.0,33.524375915527344,0.4,0.4,-0.4
23.75,20.499268,-15.005778,2.0035954,-0.23467287,-0.0021042847,-0.0016240814,0.97207075,-0.0063061886,0.0021469085,-0.101620704,0.49325156,0.73282886,0.16321704,20.499846,-15.004941,1.2035962,-0.04139095,-0.059969075,0.27867165,0.3237511,-387.76077,32.564594,232.59036,104.989426,-387.76077,32.564594,232.59036,104.989426,-1.0,1.0,1.0,1.0,0.0,0.4,0.4,0.4
23.766666666666666,20.499352,-15.00577,2.0037384,-0.23451239,-0.005171564,-0.0009131049,0.97209895,-0.004207689,0.0016991666,0.045262363,0.06186486,0.206045,-0.07962536,20.49989,-15.004996,1.203739,-0.03852227,-0.055392846,0.17212091,0.27457368,382.20322,-689.97174,-897.18677,-119.581,382.20322,-689.97174,-897.18677,-119.581,1.0,-1.0,-1.0,-1.0,33.524375915527344,-0.4,-0.4,-0.4
23.78333333333333,20.499401,-15.005763,2.0024467,-0.23535523,-0.003021624,-0.0026463473,0.9719011,-0.0020507467,0.0013140735,-0.118462086,-0.37167838,-0.33804232,0.16322556,20.499928,-15.005053,1.2024472,-0.03770265,-0.050884917,0.04917718,0.27047572,-260.76816,-43.120884,-651.39,163.50443,-260.76816,-43.120884,-651.39,163.50443,-1.0,-1.0,-1.0,1.0,0.0,-0.4,-0.4,0.4
23.8,20.499449,-15.005785,2.002315,-0.23520158,-0.003601803,-0.0031528617,0.97193474,-0.0017841354,0.002961752,0.028949287,0.06686754,0.2221793,-0.0795364,20.49997,-15.005111,1.2023152,-0.037292838,-0.048289444,0.024588702,0.15572837,523.92,734.58105,366.25272,-2616.7554,523.92,734.58105,366.25272,-2616.7554,1.0,1.0,1.0,-1.0,33.524375915527344,0.4,0.4,-0.4
23.816666666666666,20.49949,-15.005832,2.0007522,-0.23602627,-0.0029083467,0.00032947454,0.9717422,2.8314767e-05,0.0033883925,-0.13471153,0.49260086,-0.3131448,0.16385017,20.500011,-15.005173,1.2007525,-0.037292838,-0.047196615,0.0,0.06556972,-128.71692,208.39023,-592.1586,138.77145,-128.71692,208.39023,-592.1586,138.77145,-1.0,1.0,-1.0,1.0,0.0,0.4,-0.4,0.4
23.833333333333332,20.499514,-15.005871,2.0003486,-0.23587012,-0.0040794285,0.001559696,0.9717747,6.847922e-05,0.0021196874,0.012592109,0.0713478,0.23969252,-0.079721734,20.50005,-15.005238,1.2003487,-0.038385667,-0.04535246,-0.06556972,0.110649385,650.62836,-742.26746,160.89362,-1384.6655,650.62836,-742.26746,160.89362,-1384.6655,1.0,-1.0,1.0,-1.0,33.524375915527344,-0.4,0.4,-0.4
23.85,20.499512,-15.005898,1.9985116,-0.23670551,-0.0022163806,-0.00016032896,0.97157884,0.0016618592,0.001143665,-0.15114826,-0.36219066,-0.3043837,0.16311575,20.500084,-15.005303,1.1985121,-0.04098114,-0.042620383,-0.15572837,0.16392453,-12.753724,-206.03653,-703.62915,160.55843,-12.753724,-206.03653,-703.62915,160.55843,-1.0,-1.0,-1.0,1.0,0.0,-0.4,-0.4,0.4
23.866666666666667,20.499506,-15.005936,1.997835,-0.2365521,-0.0030869262,-0.00065769185,0.9716136,0.0015355302,0.0020130887,-0.0037365323,0.07628463,0.25580096,-0.07965989,20.500118,-15.005371,1.1978356,-0.04384982,-0.04043472,-0.17212069,0.13113967,772.1658,604.8432,245.43987,-2556.1782,772.1658,604.8432,245.43987,-2556.1782,1.0,1.0,1.0,-1.0,33.524375915527344,0.4,0.4,-0.4
23.883333333333333,20.499464,-15.005983,1.9996089,-0.23738858,-0.0014721043,-0.0023683181,0.97141075,0.003778467,0.00077690044,0.1431741,-0.35306582,-0.27159974,0.16316609,20.50015,-15.005442,1.1996095,-0.04917737,-0.03879548,-0.31965312,0.098354585,168.90839,-4.6224437,-723.10516,136.45538,168.90839,-4.6224437,-723.10516,136.45538,1.0,-1.0,-1.0,1.0,33.524375915527344,-0.4,-0.4,0.4
23.9,20.49943,-15.006038,1.9999541,-0.23723263,-0.0025177826,-0.002858406,0.9714454,0.0036376896,0.0022276593,-0.020064473,0.08116705,0.2718787,-0.0796222,20.500185,-15.005509,1.1999547,-0.054095104,-0.037839253,-0.29506397,0.057373565,-600.5613,753.0995,345.5192,-1544.8422,-600.5613,753.0995,345.5192,-1544.8422,-1.0,1.0,1.0,-1.0,0.0,0.4,0.4,-0.4
23.916666666666668,20.499369,-15.006133,2.0014567,-0.23805724,-0.0023691184,0.0006430289,0.971248,0.0057957317,0.00401814,0.12691814,0.5111526,-0.2467892,0.16379735,20.500208,-15.005587,1.2014574,-0.060105678,-0.039136987,-0.3606344,-0.07786407,176.97891,221.59218,-765.0876,121.23685,176.97891,221.59218,-765.0876,121.23685,1.0,1.0,-1.0,1.0,33.524375915527344,0.4,-0.4,0.4
23.933333333333334,20.499311,-15.006225,2.00153,-0.23790231,-0.004007949,0.0018873516,0.97127897,0.005767864,0.002946014,-0.03642359,0.085558355,0.28933585,-0.079735085,20.500233,-15.005661,1.2015308,-0.065979645,-0.040366422,-0.352438,-0.073766105,-588.6859,-696.9286,65.77317,-410.85754,-588.6859,-696.9286,65.77317,-410.85754,-1.0,-1.0,1.0,-1.0,0.0,-0.4,0.4,-0.4
23.95,20.499208,-15.006303,2.0027585,-0.2387373,-0.002678324,0.00018819215,0.9710805,0.008015612,0.00088704657,0.11048485,-0.34380484,-0.23806366,0.1630801,20.500256,-15.005739,1.2027596,-0.074995495,-0.040366422,-0.540951,0.0,161.45732,-109.85211,-880.97406,147.7319,161.45732,-109.85211,-880.97406,147.7319,1.0,-1.0,-1.0,1.0,33.524375915527344,-0.4,-0.4,0.4
23.966666666666665,20.499098,-15.006387,2.0025592,-0.2385834,-0.00401328,-0.00029567082,0.9711137,0.008162998,0.001438777,-0.052739784,0.09037339,0.3053734,-0.07972259,20.500273,-15.005822,1.2025602,-0.08414797,-0.04043472,-0.54914826,-0.004097968,-591.69324,613.1338,29.980282,-1536.1001,-591.69324,613.1338,29.980282,-1536.1001,-1.0,1.0,1.0,-1.0,0.0,0.4,0.4,-0.4
23.983333333333334,20.498959,-15.006488,2.0035167,-0.23939896,-0.004156683,0.0032159274,0.970907,0.010539187,0.001994905,0.094252296,0.52038133,-0.21331185,0.16372289,20.500286,-15.005906,1.2035182,-0.09507628,-0.041664157,-0.6556986,-0.073766105,214.6815,90.103584,-998.0467,138.68976,214.6815,90.103584,-998.0467,138.68976,1.0,1.0,-1.0,1.0,33.524375915527344,0.4,-0.4,0.4
24.0,20.498789,-15.006591,2.0030398,-0.2392159,0.00047066604,0.006029873,0.97094756,0.01178905,-0.00015296508,-0.06959972,0.0863055,-0.7559328,-0.07980151,20.500296,-15.00599,1.2030416,-0.107917055,-0.043030195,-0.7704466,-0.081962265,-530.66156,-898.4767,-364.30652,-442.89493,-530.66156,-898.4767,-364.30652,-442.89493,-1.0,-1.0,-1.0,-1.0,0.0,-0.4,-0.4,-0.4
24.016666666666666,20.498621,-15.006633,2.0037217,-0.23707229,0.0036793922,0.0048465496,0.971473,0.010040869,-0.0028397348,0.07765659,-0.33652717,-0.20336363,-0.32301828,20.500303,-15.006078,1.2037239,-0.120484635,-0.039751705,-0.7540547,0.1967094,174.70099,-496.57672,633.0086,-454.9345,174.70099,-496.57672,633.0086,-454.9345,1.0,-1.0,1.0,-1.0,33.524375915527344,-0.4,0.4,-0.4
24.03333333333333,20.49847,-15.006655,2.0029764,-0.23594292,0.0020330749,0.004355974,0.97175497,0.007898645,-0.0034788311,-0.085554175,0.09749776,0.3414851,-0.0795966,20.500307,-15.006167,1.2029784,-0.13154957,-0.03490227,-0.66389585,0.290966,-438.09677,173.43115,234.23698,618.02856,-438.09677,173.43115,234.23698,618.02856,-1.0,1.0,1.0,1.0,0.0,0.4,0.4,0.4
24.05,20.49832,-15.006637,2.003387,-0.23676752,0.0029162145,0.0026440031,0.9715583,0.007764356,-0.0056821005,0.061336752,-0.33187723,-0.18598002,0.16322735,20.500301,-15.006259,1.2033894,-0.14193147,-0.02704755,-0.6229144,0.4712832,325.69266,-579.7623,-664.0829,132.17467,325.69266,-579.7623,-664.0829,132.17467,1.0,-1.0,-1.0,1.0,33.524375915527344,-0.4,-0.4,0.4
24.066666666666666,20.49818,-15.006609,2.002369,-0.23661828,0.0011346866,0.0021569391,0.97159964,0.006173917,-0.0054816753,-0.101885684,0.102232754,0.3574969,-0.07960697,20.500292,-15.00635,1.2023716,-0.15122056,-0.018578114,-0.5573451,0.50816613,-435.26123,146.69185,309.14676,-1329.0951,-435.26123,146.69185,309.14676,-1329.0951,-1.0,1.0,1.0,-1.0,0.0,0.4,0.4,-0.4
24.083333333333332,20.498035,-15.006562,2.0025072,-0.23744582,0.001878237,0.00045303028,0.9713988,0.0065234415,-0.006935426,0.044997,-0.3271378,-0.16997537,0.16321883,20.500273,-15.006445,1.2025105,-0.16023645,-0.008401133,-0.5409532,0.6106188,440.8895,-447.12418,-748.8314,98.616455,440.8895,-447.12418,-748.8314,98.616455,1.0,-1.0,-1.0,1.0,33.524375915527344,-0.4,-0.4,0.4
24.1,20.4979,-15.006512,2.001217,-0.23729269,-4.1779203e-05,-2.9364805e-05,0.9714381,0.0055246893,-0.0061264555,-0.11822979,0.10694805,0.37348303,-0.079624645,20.500246,-15.006537,1.2012206,-0.1680229,0.0018441511,-0.46718714,0.614717,-309.27325,334.44293,182.4191,-1321.9613,-309.27325,334.44293,182.4191,-1321.9613,-1.0,1.0,1.0,-1.0,0.0,0.4,0.4,-0.4
24.116666666666667,20.49776,-15.006464,2.0010824,-0.23812321,0.00056251936,-0.0017257598,0.97123325,0.0064657135,-0.0068632807,0.028652765,-0.3224181,-0.15399829,0.1632002,20.500214,-15.006636,1.2010865,-0.17567275,0.012294341,-0.4589912,0.62701136,571.41595,-257.066,-855.7997,69.94064,571.41595,-257.066,-855.7997,69.94064,1.0,-1.0,-1.0,1.0,33.524375915527344,-0.4,-0.4,0.4
24.133333333333333,20.49763,-15.006418,1.9995196,-0.23796526,-0.0014946342,-0.0022031642,0.97126997,0.0061547467,-0.005474214,-0.13456962,0.11164291,0.3894402,-0.07965152,20.500177,-15.006729,1.1995239,-0.18250297,0.022266418,-0.4098129,0.5983246,-159.89763,556.54596,31.397982,-1317.7295,-159.89763,556.54596,31.397982,-1317.7295,-1.0,1.0,1.0,-1.0,0.0,0.4,0.4,-0.4
24.15,20.497473,-15.0063925,1.9991133,-0.23879813,-0.0010294255,-0.0038914566,0.9710609,0.0077934675,-0.0055278586,0.012322274,-0.3177163,-0.13805038,0.16316946,20.500118,-15.006822,1.199118,-0.1894698,0.030735852,-0.41800973,0.508166,692.4687,-7.22944,-983.0873,50.48912,692.4687,-7.22944,-983.0873,50.48912,1.0,-1.0,-1.0,1.0,33.524375915527344,-0.4,-0.4,0.4
24.166666666666668,20.49732,-15.00642,2.0011563,-0.2386624,0.0032272765,-0.0028037902,0.9710932,0.010161875,-0.0032946346,0.15926167,0.112097204,-0.6567097,-0.079469115,20.500055,-15.006913,1.2011611,-0.19589022,0.035312083,-0.3852251,0.2745738,9.977504,702.6604,-121.33674,-1311.6449,9.977504,702.6604,-121.33674,-1311.6449,1.0,1.0,-1.0,-1.0,33.524375915527344,0.4,-0.4,-0.4
24.183333333333334,20.497177,-15.006459,2.0017707,-0.23951256,0.0043680104,0.001226336,0.97088265,0.008436274,-0.001616457,-0.0040001245,0.54602957,-0.11261743,0.16356055,20.49998,-15.006998,1.2017761,-0.20080797,0.038590573,-0.2950653,0.1967094,-672.6607,101.250046,756.23663,69.23153,-672.6607,101.250046,756.23663,69.23153,-1.0,1.0,1.0,1.0,0.0,0.4,0.4,0.4
24.2,20.497044,-15.006489,1.9996635,-0.23937055,0.0015727129,0.002481714,0.9709238,0.0069389734,-0.002862777,-0.16729867,0.120173424,0.42343646,-0.07987104,20.499903,-15.007084,1.199669,-0.2047695,0.042620383,-0.23769198,0.24178861,-6.170809,-924.29926,215.11137,-305.44275,-6.170809,-924.29926,215.11137,-305.44275,-1.0,-1.0,1.0,-1.0,0.0,-0.4,0.4,-0.4
24.216666666666665,20.496906,-15.00649,1.9987117,-0.24019651,0.0017521298,0.00079311605,0.9707224,0.007177693,-0.0041628974,-0.02039694,-0.30921137,-0.104020566,0.16296534,20.499815,-15.007169,1.1987174,-0.20832123,0.048630953,-0.21310328,0.36063415,758.0622,-393.08154,-797.0371,44.043537,758.0622,-393.08154,-797.0371,44.043537,1.0,-1.0,-1.0,1.0,33.524375915527344,-0.4,-0.4,0.4
24.233333333333334,20.496794,-15.00648,2.0002146,-0.24004212,-0.00084231276,0.0003179469,0.970762,0.005174612,-0.0032787095,0.12704396,0.12894851,0.45604607,-0.07990645,20.499708,-15.007249,1.2002205,-0.20873106,0.055051334,-0.024589596,0.38522285,154.09404,365.9783,77.93579,-1321.2517,154.09404,365.9783,77.93579,-1321.2517,1.0,1.0,1.0,-1.0,33.524375915527344,0.4,0.4,-0.4
24.25,20.496674,-15.006469,2.0002851,-0.24087141,-0.0008368927,-0.001362942,0.97055566,0.0062780445,-0.0041387253,-0.03671189,-0.3046118,-0.08812368,0.16293839,20.499596,-15.007331,1.2002908,-0.20927747,0.061744925,-0.032784637,0.4016154,-461.70117,-256.33466,-797.50775,206.70187,-461.70117,-256.33466,-797.50775,206.70187,-1.0,-1.0,-1.0,1.0,0.0,-0.4,-0.4,0.4
24.266666666666666,20.496542,-15.00648,2.0015106,-0.24072212,0.0029863704,-0.00026122387,0.97058946,0.007910982,-0.002750245,0.11024509,0.12513602,-0.6067796,-0.079725765,20.499468,-15.007406,1.2015164,-0.20955068,0.06632115,-0.016392766,0.27457348,202.16377,549.75714,-158.59933,-1379.1519,202.16377,549.75714,-158.59933,-1379.1519,1.0,1.0,-1.0,-1.0,33.524375915527344,0.4,-0.4,-0.4
24.28333333333333,20.496422,-15.006486,2.001307,-0.2415421,0.0050361343,-0.0014230232,0.97037613,0.005913624,-0.0030607225,-0.05313131,-0.300392,-0.07152066,0.16292647,20.499338,-15.007482,1.2013131,-0.20886765,0.0713072,0.040981468,0.29916283,-544.5655,-179.95874,801.56445,16.718119,-544.5655,-179.95874,801.56445,16.718119,-1.0,-1.0,1.0,1.0,0.0,-0.4,0.4,0.4
24.3,20.496353,-15.0064945,2.0022655,-0.24138169,0.0021623191,-0.0018956354,0.97042596,0.0031372004,-0.0011353884,0.09431061,0.13772455,0.48851502,-0.07995627,20.49919,-15.007551,1.2022712,-0.20313026,0.07567852,0.34424362,0.26227933,212.04773,539.0909,409.24295,-1147.3864,212.04773,539.0909,409.24295,-1147.3864,1.0,1.0,1.0,-1.0,33.524375915527344,0.4,0.4,-0.4
24.316666666666666,20.49629,-15.006503,2.0017908,-0.24220417,0.0018871534,-0.0035732444,0.9702169,0.0035305102,-0.00095501635,-0.06943316,-0.2958413,-0.05564174,0.16290702,20.499037,-15.00762,1.2017962,-0.19670984,0.07998154,0.3852251,0.25818136,-395.14307,-148.61208,-602.24115,134.37543,-395.14307,-148.61208,-602.24115,134.37543,-1.0,-1.0,-1.0,1.0,0.0,-0.4,-0.4,0.4
24.333333333333332,20.496258,-15.006543,2.0024765,-0.24203601,-0.0011228359,-0.0040437263,0.9702581,0.0021224322,0.001433305,0.07799762,0.14225319,0.50434256,-0.07998119,20.498869,-15.007686,1.2024815,-0.18701091,0.081825696,0.5819356,0.11064916,297.27557,739.45807,223.09024,-1261.0483,297.27557,739.45807,223.09024,-1261.0483,1.0,1.0,1.0,-1.0,33.524375915527344,0.4,0.4,-0.4
24.35,20.496235,-15.006601,2.00173,-0.24285388,-0.0028874807,-0.0005155159,0.9700584,0.0037713074,0.0025297408,-0.085655436,0.5681469,-0.031093657,0.16352482,20.498703,-15.007745,1.2017347,-0.17676558,0.081893995,0.6147202,0.004097968,-333.2177,141.41171,-800.62286,112.58651,-333.2177,141.41171,-800.62286,112.58651,-1.0,1.0,-1.0,1.0,0.0,0.4,-0.4,0.4
24.366666666666667,20.496176,-15.006669,2.0021381,-0.2426915,5.426947e-05,0.002329369,0.9701007,0.005690228,0.0016983743,0.061216578,0.13785815,-0.5570356,-0.07986679,20.498524,-15.007801,1.2021426,-0.1681595,0.08107437,0.5163645,-0.049177404,416.5106,-748.51654,-306.5889,-365.78452,416.5106,-748.51654,-306.5889,-365.78452,1.0,-1.0,-1.0,-1.0,33.524375915527344,-0.4,-0.4,-0.4
24.383333333333333,20.49611,-15.0067215,2.0011168,-0.24056585,0.0016722776,0.0011731201,0.9706306,0.0043981406,0.00072292564,-0.10214129,-0.2887848,-0.021495402,-0.32310948,20.49834,-15.007853,1.2011207,-0.15969002,0.08100607,0.5081686,-0.004097968,-411.33344,-323.53018,705.4168,-38.992256,-411.33344,-323.53018,705.4168,-38.992256,-1.0,-1.0,1.0,-1.0,0.0,-0.4,0.4,-0.4
24.4,20.496058,-15.006768,2.0012524,-0.2394256,0.004916797,0.0022653185,0.97089964,0.0044181715,0.0012037526,0.04484368,0.14073634,-0.5390419,-0.07958652,20.498146,-15.007897,1.2012562,-0.14958131,0.080869466,0.6065225,-0.008196383,483.05862,452.15314,-22.32776,396.54987,483.05862,452.15314,-22.32776,396.54987,1.0,1.0,-1.0,1.0,33.524375915527344,0.4,-0.4,0.4
24.416666666666668,20.496014,-15.006807,1.9999589,-0.23729347,0.006380134,0.0011022298,0.9714164,0.0015831995,0.0006607005,-0.11849897,-0.2857931,-0.0035218596,-0.32282373,20.497946,-15.007947,1.1999623,-0.13837977,0.08162079,0.6720927,0.045079436,-311.9912,-418.9879,1033.5804,-67.043724,-311.9912,-418.9879,1033.5804,-67.043724,-1.0,-1.0,1.0,-1.0,0.0,-0.4,0.4,-0.4
24.433333333333334,20.496029,-15.006821,1.9998268,-0.23616177,0.0029134576,0.000637576,0.9717092,-0.0014829235,0.0015469822,0.02891887,0.1533505,0.5576901,-0.07944091,20.497734,-15.007985,1.1998296,-0.122123875,0.083396636,0.9753535,0.106550746,564.0262,357.7484,449.24045,342.97,564.0262,357.7484,449.24045,342.97,1.0,1.0,1.0,1.0,33.524375915527344,0.4,0.4,0.4
24.45,20.496054,-15.006826,1.9982618,-0.23699132,0.002042111,-0.0010487952,0.97150904,-0.0012819542,0.0011545821,-0.1348273,-0.28025043,0.013356045,0.16345485,20.497524,-15.008023,1.1982644,-0.10532158,0.08571891,1.0081377,0.13933627,-78.26383,-426.99692,-479.2623,73.0803,-78.26383,-426.99692,-479.2623,73.0803,-1.0,-1.0,-1.0,1.0,0.0,-0.4,-0.4,0.4
24.466666666666665,20.4961,-15.006842,1.997857,-0.23683396,-0.0015609121,-0.0015141909,0.9715477,-0.0024665846,0.0026197417,0.012566875,0.15777297,0.5734372,-0.07945283,20.497305,-15.008057,1.1978587,-0.086333625,0.08701664,1.1392771,0.07786407,696.918,461.7778,323.46713,-1340.5253,696.918,461.7778,323.46713,-1340.5253,1.0,1.0,1.0,-1.0,33.524375915527344,0.4,0.4,-0.4
24.483333333333334,20.496124,-15.006877,1.9999027,-0.23766631,-0.0026766679,-0.003191398,0.97133785,-0.0010473588,0.0018841989,0.1594805,-0.27162385,0.0457744,0.16344798,20.497072,-15.008083,1.1999042,-0.0678921,0.086401924,1.1064916,-0.036883052,72.52147,-139.3306,-760.3169,51.160133,72.52147,-139.3306,-760.3169,51.160133,1.0,-1.0,-1.0,1.0,33.524375915527344,-0.4,-0.4,0.4
24.5,20.496157,-15.00692,2.0005198,-0.2374983,-0.006450301,-0.003655392,0.9713596,-0.00075661764,0.0034893719,-0.00376731,0.16213386,0.5891326,-0.07946524,20.49684,-15.008105,1.2005211,-0.048904162,0.084899284,1.139276,-0.090158425,-612.0248,682.435,54.539127,-598.3434,-612.0248,682.435,54.539127,-598.3434,-1.0,1.0,1.0,-1.0,0.0,0.4,0.4,-0.4
24.516666666666666,20.496136,-15.007016,2.0022938,-0.23829645,-0.009030516,-0.00012062677,0.9711504,0.0025454254,0.005445047,0.14323775,0.59214574,0.0702818,0.16409524,20.496601,-15.0081215,1.202295,-0.033331327,0.07916192,0.93437004,-0.34424183,48.366333,191.81726,-1069.5234,47.635666,48.366333,191.81726,-1069.5234,47.635666,1.0,1.0,-1.0,1.0,33.524375915527344,0.4,-0.4,0.4
24.53333333333333,20.496084,-15.007127,2.0026336,-0.23812428,-0.006835143,0.0027005605,0.97120684,0.006204827,0.004111153,-0.020531826,0.15747482,-0.47248518,-0.07921524,20.496368,-15.008138,1.2026342,-0.020353964,0.072400026,0.77864176,-0.4057136,-583.14667,-677.0979,-669.8031,-201.12654,-583.14667,-677.0979,-669.8031,-201.12654,-1.0,-1.0,-1.0,-1.0,0.0,-0.4,-0.4,-0.4
24.55,20.496035,-15.007227,2.000249,-0.23601292,-0.005946088,0.0015142767,0.9717305,0.007115054,0.0026804027,-0.1838671,-0.26889002,0.06292519,-0.32246262,20.496134,-15.008153,1.2002494,-0.007103397,0.06632115,0.795034,-0.36473256,-19.233095,-225.24689,19.939342,-68.270134,-19.233095,-225.24689,19.939342,-68.270134,-1.0,-1.0,1.0,-1.0,0.0,-0.4,0.4,-0.4
24.566666666666666,20.495934,-15.007331,1.999021,-0.23487327,-0.0034187625,0.0025797621,0.9720166,0.009369817,0.002309572,-0.03689412,0.16090351,-0.45479316,-0.07897459,20.495901,-15.0081625,1.1990215,0.0023222642,0.059559263,0.56553966,-0.40571314,831.3363,394.14642,-797.49677,373.99603,831.3363,394.14642,-797.49677,373.99603,1.0,1.0,-1.0,1.0,33.524375915527344,0.4,-0.4,0.4
24.583333333333332,20.495794,-15.007415,2.0002468,-0.23275788,-0.0027902522,0.0013928191,0.97252965,0.0093225,0.00040714908,0.11041334,-0.26114324,0.09725067,-0.32222596,20.495672,-15.008168,1.2002473,0.008742643,0.0539585,0.3852227,-0.33604568,187.9243,-249.08746,187.74506,-67.339455,187.9243,-249.08746,187.74506,-67.339455,1.0,-1.0,1.0,-1.0,33.524375915527344,-0.4,0.4,-0.4
24.6,20.495644,-15.007499,2.0000405,-0.23162143,-0.00044506392,0.0024491507,0.9728028,0.010655738,0.000291951,-0.05328282,0.16451624,-0.4371614,-0.07874736,20.495441,-15.008171,1.2000407,0.014480001,0.04815284,0.3442415,-0.3483396,-388.37784,440.76788,-506.87442,574.2685,-388.37784,440.76788,-506.87442,574.2685,-1.0,1.0,-1.0,1.0,0.0,0.4,-0.4,0.4
24.616666666666667,20.49549,-15.00756,2.000994,-0.22950257,2.9702784e-05,0.0012624229,0.97330713,0.009590314,-0.001276535,0.09401826,-0.2574003,0.11487868,-0.3219947,20.495213,-15.008173,1.2009945,0.01980755,0.04391812,0.31965286,-0.2540832,232.00832,-309.9738,340.44876,-60.050064,232.00832,-309.9738,340.44876,-60.050064,1.0,-1.0,1.0,-1.0,33.524375915527344,-0.4,0.4,-0.4
24.633333333333333,20.49533,-15.007619,2.0005155,-0.228369,0.0022284572,0.0023108525,0.9735693,0.009979046,-0.0011576894,-0.06967308,0.16826397,-0.4195616,-0.07851878,20.494984,-15.008173,1.2005156,0.024861889,0.0396834,0.30326036,-0.2540832,-356.70786,422.7021,-330.54477,551.72986,-356.70786,422.7021,-330.54477,551.72986,-1.0,1.0,-1.0,1.0,0.0,0.4,-0.4,0.4
24.65,20.495186,-15.007647,2.001196,-0.2262478,0.0025495458,0.0011261784,0.9740658,0.008005364,-0.0024297838,0.07762965,-0.25352147,0.13247527,-0.32175988,20.494753,-15.008167,1.2011966,0.03100906,0.037292838,0.3688302,-0.1434338,292.23807,-385.39908,542.53064,-68.75099,292.23807,-385.39908,542.53064,-68.75099,1.0,-1.0,1.0,-1.0,33.524375915527344,-0.4,0.4,-0.4
24.666666666666668,20.495049,-15.007678,2.0004447,-0.2251166,0.00460231,0.0021685888,0.9743185,0.0075523057,-0.0021095946,-0.086045034,0.17214677,-0.4019943,-0.078284524,20.494524,-15.008166,1.2004452,0.037566043,0.034970574,0.39341903,-0.13933583,-312.89362,356.48175,-114.26577,521.10406,-312.89362,356.48175,-114.26577,521.10406,-1.0,1.0,-1.0,1.0,0.0,0.4,-0.4,0.4
24.683333333333334,20.494951,-15.007674,2.0008526,-0.22299355,0.004769483,0.0009872882,0.97480774,0.004781204,-0.003122659,0.061263636,-0.24950796,0.15003772,-0.3215177,20.494303,-15.008161,1.2008531,0.046445295,0.034833968,0.5327551,-0.008196383,368.27255,-457.99185,770.22925,-88.89795,368.27255,-457.99185,770.22925,-88.89795,1.0,-1.0,1.0,-1.0,33.524375915527344,-0.4,0.4,-0.4
24.7,20.494877,-15.00766,1.999834,-0.22186828,8.804036e-05,0.0005834414,0.9750764,0.003246698,-0.0026309416,-0.10193886,0.18611631,0.6946367,-0.078182824,20.494074,-15.008155,1.1998348,0.0575102,0.035448685,0.6638943,0.036883052,-251.56708,255.67642,133.05328,482.29504,-251.56708,255.67642,133.05328,482.29504,-1.0,1.0,1.0,1.0,0.0,0.4,0.4,0.4
24.716666666666665,20.494793,-15.007641,1.9999713,-0.22271584,-0.0020859512,-0.0010705008,0.9748806,0.004351972,-0.0036916055,0.044983104,-0.24325946,0.1664978,0.16473643,20.493858,-15.008147,1.1999723,0.06693587,0.03626831,0.56553996,0.049177404,438.58878,-344.97937,-922.5357,53.543713,438.58878,-344.97937,-922.5357,53.543713,1.0,-1.0,-1.0,1.0,33.524375915527344,-0.4,-0.4,0.4
24.733333333333334,20.494694,-15.007632,1.9986751,-0.22257523,-0.0003164016,-2.3037672e-05,0.9749154,0.00551511,-0.0028597726,-0.11867928,0.18147239,-0.36889204,-0.078032054,20.49364,-15.008138,1.198676,0.07540531,0.036200006,0.5081664,-0.0040981914,-199.39767,419.4922,-453.63824,-309.95398,-199.39767,419.4922,-453.63824,-309.95398,-1.0,1.0,-1.0,-1.0,0.0,0.4,-0.4,-0.4
24.75,20.494596,-15.007622,1.9985384,-0.22045839,-0.00043344664,-0.0012005437,0.97539556,0.004665174,-0.0034414688,0.028621437,-0.2400446,0.18305248,-0.3212756,20.493427,-15.00813,1.1985396,0.08373815,0.03640491,0.49997044,0.012294351,635.71375,-261.73837,314.44046,-95.84931,635.71375,-261.73837,314.44046,-95.84931,1.0,-1.0,1.0,-1.0,33.524375915527344,-0.4,0.4,-0.4
24.766666666666666,20.494495,-15.007627,2.000853,-0.21933271,0.0010852295,-0.00015280665,0.9756494,0.006231483,-0.0021985455,0.17561664,0.1900236,-0.33484337,-0.07779877,20.493223,-15.008114,1.2008543,0.09111477,0.03490227,0.4425971,-0.090158425,10.554303,454.70526,-409.09842,495.30807,10.554303,454.70526,-409.09842,495.30807,1.0,1.0,-1.0,1.0,33.524375915527344,0.4,-0.4,0.4
24.78333333333333,20.494398,-15.007625,2.0017383,-0.22017735,0.00078072015,-0.001322348,0.97545856,0.004994843,-0.0028970693,0.012265199,-0.2350069,0.20018971,0.1648669,20.49302,-15.0081,1.2017395,0.09876458,0.034014344,0.45898896,-0.053275596,-726.44867,-248.45952,543.97424,126.16628,-726.44867,-248.45952,543.97424,126.16628,-1.0,-1.0,1.0,1.0,0.0,-0.4,0.4,0.4
24.8,20.494295,-15.007631,1.9998972,-0.22003947,0.0022643136,-0.00027462965,0.9754882,0.005217814,-0.0018385937,-0.15139554,0.18961284,-0.33520365,-0.077916965,20.492813,-15.008083,1.1998987,0.1061412,0.0323751,0.4425971,-0.098354585,-119.676346,436.66583,-263.09003,-272.16473,-119.676346,436.66583,-263.09003,-272.16473,-1.0,1.0,-1.0,-1.0,0.0,0.4,-0.4,-0.4
24.816666666666666,20.494219,-15.00763,1.9992158,-0.21791963,0.0018560449,-0.0014410267,0.9759639,0.0035673957,-0.0020780412,-0.0040885936,-0.23176196,0.21670747,-0.32116064,20.492619,-15.008065,1.1992176,0.11461066,0.031145662,0.50816727,-0.07376633,719.25366,-258.4673,495.41296,-105.321465,719.25366,-258.4673,495.41296,-105.321465,1.0,-1.0,1.0,-1.0,33.524375915527344,-0.4,0.4,-0.4
24.833333333333332,20.494164,-15.007644,2.0009851,-0.21679628,0.0030887614,-0.00038777138,0.9762119,0.004214417,-0.00061905873,0.14291432,0.19841236,-0.3012266,-0.07767933,20.492435,-15.008045,1.2009871,0.12376312,0.028755097,0.54914784,-0.14343391,111.63371,475.03455,-239.81267,460.13672,111.63371,475.03455,-239.81267,460.13672,1.0,1.0,-1.0,1.0,33.524375915527344,0.4,-0.4,0.4
24.85,20.494112,-15.007651,2.0013258,-0.21764036,0.0024921412,-0.0015505239,0.9760246,0.0024054768,-0.0010296257,-0.020431759,-0.22656143,0.23378336,0.16499412,20.492249,-15.008025,1.2013282,0.13346201,0.026774343,0.5819334,-0.11884521,-635.4804,-268.41736,728.1921,93.705414,-635.4804,-268.41736,728.1921,93.705414,-1.0,-1.0,1.0,1.0,0.0,-0.4,0.4,0.4
24.866666666666667,20.494083,-15.007671,2.002823,-0.21750453,0.0035830995,-0.0004957349,0.9760525,0.0028450026,0.0007053658,0.12657408,0.20226324,-0.28494042,-0.07781006,20.492075,-15.007998,1.202826,0.14384393,0.02342755,0.62291527,-0.20080759,45.876686,434.5898,-61.746075,-282.88898,45.876686,434.5898,-61.746075,-282.88898,1.0,1.0,-1.0,-1.0,33.524375915527344,0.4,-0.4,-0.4
24.883333333333333,20.494066,-15.007689,2.002891,-0.2183468,0.0028479549,-0.0016574978,0.9758656,0.0009259428,0.00039806834,-0.03677023,-0.22272497,0.25005072,0.1648681,20.491901,-15.007977,1.2028943,0.15504548,0.02055887,0.6720927,-0.17212081,-637.40857,-269.4724,787.98035,77.99603,-637.40857,-269.4724,787.98035,77.99603,-1.0,-1.0,1.0,1.0,0.0,-0.4,0.4,0.4
24.9,20.494085,-15.007715,2.0041208,-0.2181935,-0.0027945128,-0.0020193635,0.97589946,-0.0012749627,0.002188865,0.11064196,0.21507144,0.8105,-0.07807691,20.49174,-15.00795,1.2041246,0.1680229,0.016802266,0.7786452,-0.22539619,64.583954,442.4953,4.5858116,-290.48483,64.583954,442.4953,4.5858116,-290.48483,1.0,1.0,1.0,-1.0,33.524375915527344,0.4,0.4,-0.4
24.916666666666668,20.494097,-15.007743,2.0039182,-0.21903713,-0.005862985,-0.0036404547,0.97569203,0.0009590742,0.0019264439,-0.053092197,-0.2186124,0.2655192,0.16490015,20.491581,-15.007922,1.2039224,0.18018068,0.012840756,0.7294669,-0.23769058,-514.8746,-111.64421,-984.3559,210.21626,-514.8746,-111.64421,-984.3559,210.21626,-1.0,-1.0,-1.0,1.0,0.0,-0.4,-0.4,0.4
24.933333333333334,20.494057,-15.007823,2.00487,-0.21889482,-0.005045164,-0.002578816,0.97573197,0.004371005,0.0036787754,0.09392301,0.2101787,-0.25325507,-0.07791322,20.491434,-15.0078945,1.2048744,0.18783054,0.005122642,0.4589912,-0.4630868,141.99057,578.8361,-809.1817,-293.52853,141.99057,578.8361,-809.1817,-293.52853,1.0,1.0,-1.0,-1.0,33.524375915527344,0.4,-0.4,-0.4
24.95,20.493998,-15.007932,2.0043883,-0.21973044,-0.00068992143,0.0029195,0.975556,0.0062335394,0.0040854234,-0.06980364,0.6353555,-0.78813004,0.16518468,20.491293,-15.007866,1.2043929,0.19370455,-0.0047128308,0.35244045,-0.5901283,-567.12604,146.2476,-46.483387,101.46035,-567.12604,146.2476,-46.483387,101.46035,-1.0,1.0,-1.0,1.0,0.0,0.4,-0.4,0.4
24.966666666666665,20.493935,-15.008004,2.0050669,-0.21957159,0.0017534208,0.00620745,0.975575,0.005227752,0.0022813194,0.07746488,0.21522683,-0.23484974,-0.078918055,20.491165,-15.007839,1.2050714,0.1983491,-0.011816228,0.27867344,-0.4262038,165.2829,-872.77985,831.9373,-2755.7153,165.2829,-872.77985,831.9373,-2755.7153,1.0,-1.0,1.0,-1.0,33.524375915527344,-0.4,0.4,-0.4
24.983333333333334,20.493874,-15.008045,2.0043168,-0.22041593,0.0005966153,0.0050594737,0.97539264,0.0035781462,-0.0002209919,-0.08586238,-0.20979899,0.3000848,0.16376558,20.491037,-15.007812,1.204322,0.20313026,-0.016733963,0.28686938,-0.2950641,-584.1186,-774.3904,426.35797,110.38481,-584.1186,-774.3904,426.35797,110.38481,-1.0,-1.0,1.0,1.0,0.0,-0.4,0.4,0.4
25.0,20.493801,-15.008045,2.0047224,-0.22025648,0.0023553509,0.00090631034,0.9754387,0.00403986,-0.0024918942,0.06103596,-0.64027977,-0.2279262,-0.079575144,20.490927,-15.007789,1.2047278,0.20586234,-0.01837321,0.16392498,-0.09835481,220.53235,-199.43031,-487.10724,-273.69046,220.53235,-199.43031,-487.10724,-273.69046,1.0,-1.0,-1.0,-1.0,33.524375915527344,-0.4,-0.4,-0.4
25.016666666666666,20.493736,-15.008036,2.003699,-0.22108568,0.0014640589,-0.001982056,0.97525126,0.0026294542,-0.001499452,-0.10220997,-0.20565301,0.31654862,0.16381252,20.49082,-15.007764,1.2037047,0.20886765,-0.019466039,0.18031864,-0.06556972,-478.73615,805.8995,465.939,104.49599,-478.73615,805.8995,465.939,104.49599,-1.0,1.0,1.0,1.0,0.0,0.4,0.4,0.4
25.03333333333333,20.493689,-15.008053,2.0038333,-0.2209396,0.001840533,-0.0009070488,0.9752853,0.0033111414,0.00014651194,0.04479792,0.2230781,-0.20214376,-0.078916095,20.490732,-15.007739,1.203839,0.21173635,-0.022471322,0.17212181,-0.18031697,369.70837,453.53778,-424.359,-281.71527,369.70837,453.53778,-424.359,-281.71527,1.0,1.0,-1.0,-1.0,33.524375915527344,0.4,-0.4,-0.4
25.05,20.493647,-15.008065,2.0025382,-0.22177379,0.00039936777,-0.0020531612,0.97509587,0.002300974,-3.6175712e-05,-0.11854406,-0.20196459,0.33274758,0.16375645,20.490646,-15.007714,1.2025441,0.21487826,-0.025135096,0.18851458,-0.15982646,-344.88696,-238.84258,421.74213,69.74046,-344.88696,-238.84258,421.74213,69.74046,-1.0,-1.0,1.0,1.0,0.0,-0.4,0.4,0.4
25.066666666666666,20.49361,-15.008102,2.0024,-0.22162579,0.0006368072,-0.000978291,0.97513103,0.0033519906,0.0015140513,0.028461449,0.22674936,-0.18594176,-0.078984134,20.49058,-15.007692,1.2024062,0.21706393,-0.029369814,0.13114034,-0.25408307,488.14346,483.48538,-528.6346,-284.25006,488.14346,483.48538,-528.6346,-284.25006,1.0,1.0,-1.0,-1.0,33.524375915527344,0.4,-0.4,-0.4
25.083333333333332,20.493576,-15.008137,2.0008326,-0.22246017,-0.0009419673,-0.0021244541,0.9749389,0.0028239435,0.001284234,-0.13487703,-0.19830477,0.34892702,0.16368037,20.490513,-15.007671,1.2008387,0.2193862,-0.033331327,0.13933627,-0.23769075,-209.82173,-177.35814,291.94043,68.51588,-209.82173,-177.35814,291.94043,68.51588,-1.0,-1.0,1.0,1.0,0.0,-0.4,0.4,0.4
25.1,20.493528,-15.0082,2.000422,-0.22230998,-0.00084369566,-0.0010502582,0.9749751,0.004348069,0.002714294,0.01212675,0.23038954,-0.1697667,-0.07907505,20.49046,-15.007652,1.200428,0.21979602,-0.03920529,0.024588702,-0.35243776,624.0864,500.49545,-680.2768,-283.6029,624.0864,500.49545,-680.2768,-283.6029,1.0,1.0,-1.0,-1.0,33.524375915527344,0.4,-0.4,-0.4
25.116666666666667,20.493486,-15.008259,1.9985821,-0.2231444,-0.0025598241,-0.002196281,0.97477955,0.0043986687,0.0024131527,-0.15120322,-0.1946752,0.36507642,0.16358115,20.490414,-15.007634,1.1985883,0.22006924,-0.04473774,0.01639366,-0.33194703,-51.24702,-93.87956,103.228264,74.217064,-51.24702,-93.87956,103.228264,74.217064,-1.0,-1.0,1.0,1.0,0.0,-0.4,0.4,0.4
25.133333333333333,20.493425,-15.008347,1.997899,-0.22299115,-0.0025998093,-0.0011227492,0.9748163,0.0064988686,0.0036988305,-0.004198888,0.23399928,-0.15362366,-0.0791881,20.490385,-15.007616,1.1979052,0.21774696,-0.052319255,-0.13933717,-0.4548908,756.68695,512.9971,-874.571,-277.3939,756.68695,512.9971,-874.571,-277.3939,1.0,1.0,-1.0,-1.0,33.524375915527344,0.4,-0.4,-0.4
25.15,20.493328,-15.008469,1.999666,-0.22381745,0.0007727419,0.0044040717,0.9746208,0.009062407,0.0051258113,0.1427119,0.66357815,-0.6718946,0.16398735,20.490372,-15.0076065,1.199672,0.21173635,-0.061744925,-0.36063638,-0.56554013,130.2643,11.973583,-149.44522,84.96639,130.2643,11.973583,-149.44522,84.96639,1.0,1.0,-1.0,1.0,33.524375915527344,0.4,-0.4,0.4
25.166666666666668,20.49323,-15.008578,2.0000033,-0.22365358,0.002314351,0.0077103456,0.97463536,0.007577098,0.0030970974,-0.020682111,0.23884234,-0.1353953,-0.08000139,20.490366,-15.007594,1.2000093,0.20517932,-0.070487574,-0.39342192,-0.5245589,-645.6556,-916.7294,719.0648,-1633.8794,-645.6556,-916.7294,719.0648,-1633.8794,-1.0,-1.0,1.0,-1.0,0.0,-0.4,0.4,-0.4
25.183333333333334,20.493149,-15.008606,2.001501,-0.22449808,0.00020560987,0.006566235,0.9744524,0.004895517,-0.00041575276,0.12667523,-0.18200395,0.41605622,0.16263334,20.490376,-15.007588,1.2015066,0.1986223,-0.07287814,-0.39342102,-0.1434338,61.747223,-846.56476,150.59116,119.108185,61.747223,-846.56476,150.59116,119.108185,1.0,-1.0,1.0,1.0,33.524375915527344,-0.4,0.4,0.4
25.2,20.493052,-15.008607,2.0015655,-0.22433595,0.001095295,0.0024249381,0.9745082,0.0052531012,-0.0027602543,-0.037076857,-0.61700314,-0.12855661,-0.080768034,20.490389,-15.0075865,1.2015709,0.19069923,-0.07308304,-0.47538397,-0.012294351,-578.72,-351.42172,-681.69763,-74.156075,-578.72,-351.42172,-681.69763,-74.156075,-1.0,-1.0,-1.0,-1.0,0.0,-0.4,-0.4,-0.4
25.216666666666665,20.49297,-15.008593,2.0027902,-0.22516118,-0.0007390271,-0.00045870763,0.97432107,0.0034542312,-0.002957251,0.11034153,-0.17804867,0.4324183,0.16250245,20.490416,-15.007589,1.202795,0.18291278,-0.07185361,-0.46718714,0.073766105,115.12758,694.11346,101.80841,127.93217,115.12758,694.11346,101.80841,127.93217,1.0,1.0,1.0,1.0,33.524375915527344,0.4,0.4,0.4
25.233333333333334,20.492882,-15.008589,2.0025835,-0.22500014,-0.0012522219,0.0006201299,0.9743577,0.004635469,-0.0022004568,-0.05329799,0.24627018,-0.10290688,-0.08027917,20.490444,-15.007592,1.2025878,0.1745799,-0.0713755,-0.49997267,0.02868667,-522.5798,284.6768,-851.7581,-97.67122,-522.5798,284.6768,-851.7581,-97.67122,-1.0,1.0,-1.0,-1.0,0.0,0.4,-0.4,-0.4
25.25,20.492775,-15.008581,2.0035312,-0.22582144,0.0029391372,0.00093735417,0.9741638,0.0061384826,-0.003513077,0.09356547,-0.1835129,-0.630455,0.16253892,20.490486,-15.007601,1.2035353,0.16392477,-0.07021437,-0.63930804,0.06966769,210.05498,-379.01675,-246.54655,93.039604,210.05498,-379.01675,-246.54655,93.039604,1.0,-1.0,-1.0,1.0,33.524375915527344,-0.4,-0.4,0.4
25.266666666666666,20.492678,-15.0085745,2.0030506,-0.22566564,0.0044733896,0.002516323,0.97419125,0.004037552,-0.0029555168,-0.0696886,0.25149006,-0.08614088,-0.08022156,20.490532,-15.007612,1.2030542,0.15367945,-0.068916626,-0.61471933,0.07786452,-578.10126,103.56599,846.66974,-2577.8665,-578.10126,103.56599,846.66974,-2577.8665,-1.0,1.0,1.0,-1.0,0.0,0.4,0.4,-0.4
25.28333333333333,20.492622,-15.008526,2.0037303,-0.22649609,0.0019394126,0.0013764169,0.97400916,0.001232652,-0.0044228295,0.07763318,-0.16936588,0.46522677,0.16240019,20.490591,-15.007627,1.2037336,0.1454832,-0.0644087,-0.49177495,0.27047572,239.77911,-644.5164,222.42337,72.745026,239.77911,-644.5164,222.42337,72.745026,1.0,-1.0,1.0,1.0,33.524375915527344,-0.4,0.4,0.4
25.3,20.49257,-15.008463,2.0029774,-0.22632535,0.0024156547,-0.002754263,0.97404486,0.0014949585,-0.004588533,-0.08614737,-0.60446906,-0.07935816,-0.08101975,20.49066,-15.007645,1.2029802,0.13687712,-0.058603037,-0.5163645,0.3483396,-436.8431,-39.2141,-690.3424,-112.513664,-436.8431,-39.2141,-690.3424,-112.513664,-1.0,-1.0,-1.0,-1.0,0.0,-0.4,-0.4,-0.4
25.316666666666666,20.492538,-15.008423,2.0033846,-0.22713085,0.00016022495,-0.0056330147,0.97384787,-9.966048e-05,-0.0026419815,0.06125774,-0.16546375,0.48154655,0.16220103,20.490726,-15.007666,1.2033871,0.1297737,-0.05423171,-0.42620477,0.26227957,372.66907,901.87787,208.76498,78.21825,372.66907,901.87787,208.76498,78.21825,1.0,1.0,1.0,1.0,33.524375915527344,0.4,0.4,0.4
25.333333333333332,20.49252,-15.008408,2.0023603,-0.22696453,-0.00077652704,-0.004546314,0.9738921,0.0012879052,-0.00030837936,-0.10237648,0.25880912,-0.053767107,-0.0805914,20.490803,-15.0076885,1.2023627,0.1229435,-0.051499635,-0.40981245,0.16392453,-325.01154,540.37964,-753.4303,-137.38281,-325.01154,540.37964,-753.4303,-137.38281,-1.0,1.0,-1.0,-1.0,0.0,0.4,-0.4,-0.4
25.35,20.492493,-15.008438,2.0024917,-0.22779892,0.0017131151,0.0010059664,0.9737062,0.0026453184,0.0015397887,0.04462303,0.6884912,-0.5720557,0.16264714,20.490883,-15.007712,1.2024935,0.115293674,-0.051977746,-0.4589894,-0.02868667,479.71045,75.118965,-190.90851,29.029207,479.71045,75.118965,-190.90851,29.029207,1.0,1.0,-1.0,1.0,33.524375915527344,0.4,-0.4,0.4
25.366666666666667,20.49248,-15.00847,2.001194,-0.2276371,0.0023855392,0.004328911,0.9737334,0.00086538814,4.9781054e-05,-0.11872975,0.26349735,-0.035675317,-0.08126391,20.490974,-15.00774,1.201196,0.10778046,-0.052250955,-0.45079303,-0.016392542,-293.20984,-888.9988,695.20166,-1294.4781,-293.20984,-888.9988,695.20166,-1294.4781,-1.0,-1.0,1.0,-1.0,0.0,-0.4,0.4,-0.4
25.383333333333333,20.492485,-15.008444,2.0010562,-0.22846705,-0.00057689054,0.0031873607,0.97354615,-0.0010580615,-0.0021547663,0.028581573,-0.15739965,0.5156037,0.16137674,20.491074,-15.007771,1.2010579,0.101086855,-0.04822114,-0.40161607,0.24178883,542.44006,-752.7925,35.845573,58.285355,542.44006,-752.7925,35.845573,58.285355,1.0,-1.0,1.0,1.0,33.524375915527344,-0.4,0.4,0.4
25.4,20.492468,-15.0084,1.9994851,-0.22830078,-0.00052420894,-0.00094218436,0.97359,2.858811e-05,-0.0027056122,-0.13518423,-0.5926064,-0.028955817,-0.08206139,20.491165,-15.007803,1.1994867,0.093300425,-0.04275699,-0.4671858,0.32784906,-136.39568,-136.55444,-878.8456,-134.1156,-136.39568,-136.55444,-878.8456,-134.1156,-1.0,-1.0,-1.0,-1.0,0.0,-0.4,-0.4,-0.4
25.416666666666668,20.492449,-15.008377,1.9990697,-0.2291216,0.0033736415,-0.0023391687,0.9733891,0.0007906739,-0.0014102405,0.011819634,-0.16246139,-0.5469033,0.16139431,20.491268,-15.007838,1.1990709,0.08455778,-0.038590573,-0.52455866,0.249985,745.50214,775.1168,-160.96027,78.02579,745.50214,775.1168,-160.96027,78.02579,1.0,1.0,-1.0,1.0,33.524375915527344,0.4,-0.4,0.4
25.433333333333334,20.49244,-15.008366,1.9972264,-0.2289619,0.004186281,-0.000744621,0.97342604,-0.0012964108,-2.298411e-05,-0.15142149,0.2724253,-0.0026816577,-0.08140562,20.49137,-15.007872,1.1972275,0.07663474,-0.035380382,-0.47538218,0.19261143,-46.906746,376.11035,842.80566,-2355.8108,-46.906746,376.11035,842.80566,-2355.8108,-1.0,1.0,1.0,-1.0,0.0,0.4,0.4,-0.4
25.45,20.492477,-15.008344,1.9965435,-0.22795692,0.0009376596,-0.0018749562,0.9736689,-0.0031423015,-0.00017311098,-0.0041268775,-0.14845538,0.54862523,-0.13735873,20.491478,-15.00791,1.1965445,0.0715804,-0.03107736,-0.30326036,0.25818127,822.89307,-375.70303,188.88382,-0.22912948,822.89307,-375.70303,188.88382,-0.22912948,1.0,-1.0,1.0,-0.22912948,33.524375915527344,-0.4,0.4,-0.09165179
25.466666666666665,20.492525,-15.008341,1.9983122,-0.22832014,-0.00069038535,-0.00076220394,0.9735855,-0.0024942681,0.0014386675,0.14287454,0.28199917,0.030174434,0.10598323,20.491592,-15.007949,1.198313,0.06679926,-0.028072078,-0.28686848,0.18031697,211.52641,315.12662,-820.14075,285.08517,211.52641,315.12662,-820.14075,285.08517,1.0,1.0,-1.0,1.0,33.524375915527344,0.4,-0.4,0.4
25.483333333333334,20.492558,-15.0083475,1.9986465,-0.22770017,0.0024566343,-0.0004015852,0.973728,-0.0014506028,0.0010609739,-0.02085998,-0.15278035,-0.5134938,-0.1372521,20.491709,-15.007991,1.1986473,0.0607887,-0.02554491,-0.3606337,0.15163007,-539.041,-384.4397,-27.21887,-111.607155,-539.041,-384.4397,-27.21887,-111.607155,-1.0,-1.0,-1.0,-1.0,0.0,-0.4,-0.4,-0.4
25.5,20.49262,-15.008352,2.0001411,-0.22807224,0.0028744608,0.001199696,0.97363925,-0.0033004498,0.0022570333,0.12654863,0.28553975,0.047605455,0.10606101,20.491827,-15.008036,1.2001414,0.05682718,-0.022676228,-0.23769109,0.17212091,145.18849,346.2934,738.89954,140.8264,145.18849,346.2934,738.89954,140.8264,1.0,1.0,1.0,1.0,33.524375915527344,0.4,0.4,0.4
25.516666666666666,20.4927,-15.008342,2.000208,-0.2274554,-0.00070466433,7.425173e-05,0.9737882,-0.0048523126,0.0015366949,-0.03683011,-0.14003819,0.5827159,-0.13729776,20.491945,-15.008077,1.2002084,0.054095104,-0.018987926,-0.16392453,0.2212981,-555.19727,-622.33246,298.93088,-125.11748,-555.19727,-622.33246,298.93088,-125.11748,-1.0,-1.0,1.0,-1.0,0.0,-0.4,0.4,-0.4
25.53333333333333,20.49277,-15.008342,2.0014315,-0.22781895,-0.0026237136,0.0011921317,0.97369915,-0.0037255757,0.0022565727,0.110162236,0.290428,0.06423679,0.10604768,20.492067,-15.008122,1.2014322,0.0502702,-0.015709436,-0.22949426,0.1967094,210.58464,198.20995,-914.9126,280.6652,210.58464,198.20995,-914.9126,280.6652,1.0,1.0,-1.0,1.0,33.524375915527344,0.4,-0.4,0.4
25.55,20.492826,-15.008345,2.0012212,-0.2271945,0.00023033952,0.001553218,0.97384804,-0.0023877183,0.0011282545,-0.05356657,-0.14439999,-0.4794739,-0.13717552,20.4922,-15.008167,1.2012217,0.044806045,-0.012704152,-0.3278493,0.18031701,-521.3202,-573.3769,-256.51352,-112.883354,-521.3202,-573.3769,-256.51352,-112.883354,-1.0,-1.0,-1.0,-1.0,0.0,-0.4,-0.4,-0.4
25.566666666666666,20.492886,-15.008335,2.002171,-0.22756265,0.00035804254,0.003158592,0.9737582,-0.003686333,0.0013797239,0.09384139,0.2939692,0.08160153,0.10613145,20.49233,-15.008214,1.2021711,0.039751705,-0.00867434,-0.30326036,0.24178867,212.59906,167.1121,590.3703,138.02493,212.59906,167.1121,590.3703,138.02493,1.0,1.0,1.0,1.0,33.524375915527344,0.4,0.4,0.4
25.583333333333332,20.492935,-15.008317,2.0016885,-0.22693315,0.003062686,0.0035161583,0.9738992,-0.003515623,-0.00014837342,-0.06988292,-0.14088166,-0.46212757,-0.13708298,20.492462,-15.008261,1.2016886,0.03387774,-0.004029812,-0.35243776,0.27867168,-494.47928,-819.36865,-47.61157,-117.03735,-494.47928,-819.36865,-47.61157,-117.03735,-1.0,-1.0,-1.0,-1.0,0.0,-0.4,-0.4,-0.4
25.6,20.493011,-15.008251,2.0023642,-0.22728167,0.0043174084,-0.000100774596,0.97381943,-0.005949877,-0.002013567,0.07742769,-0.561944,0.08977899,0.10575588,20.492596,-15.008304,1.2023643,0.029779626,0.0037566042,-0.2458869,0.46718493,254.49278,-149.6742,797.0003,130.52286,254.49278,-149.6742,797.0003,130.52286,1.0,-1.0,1.0,1.0,33.524375915527344,-0.4,0.4,0.4
25.616666666666667,20.493107,-15.00818,2.0016131,-0.22664668,0.000729646,-0.0029574886,0.9739722,-0.0074414294,-0.00052750856,-0.08587537,-0.12761211,0.633362,-0.13726172,20.492725,-15.00835,1.2016135,0.02732076,0.012226039,-0.14753199,0.508166,-455.3775,716.8954,391.8571,-125.15755,-455.3775,716.8954,391.8571,-125.15755,-1.0,1.0,1.0,-1.0,0.0,0.4,0.4,-0.4
25.633333333333333,20.493214,-15.008143,2.0020196,-0.22700636,-0.0016243533,-0.0018325131,0.9738902,-0.0063940156,0.0012136274,0.06110937,0.30290428,0.11485475,0.10608356,20.492863,-15.008394,1.2020197,0.025135096,0.017963398,-0.13113979,0.34424156,404.07895,274.1806,-903.0639,227.2533,404.07895,274.1806,-903.0639,227.2533,1.0,1.0,-1.0,1.0,33.524375915527344,0.4,-0.4,0.4
25.65,20.493303,-15.008118,2.0009913,-0.22639015,0.00079740665,-0.0014685914,0.9740352,-0.005343825,0.0011277674,-0.102609664,-0.13199274,-0.42891842,-0.13712001,20.492998,-15.008439,1.2009915,0.021856606,0.023017738,-0.1967094,0.30326036,-301.36835,-395.85773,-220.39754,-145.23598,-301.36835,-395.85773,-220.39754,-145.23598,-1.0,-1.0,-1.0,-1.0,0.0,-0.4,-0.4,-0.4
25.666666666666668,20.493412,-15.008101,2.0011234,-0.22676042,0.0004913337,0.00014305048,0.97395045,-0.006612821,0.0023234268,0.044792682,0.30648133,0.13213634,0.10617214,20.493135,-15.008481,1.2011237,0.01980755,0.027184155,-0.1229434,0.249985,502.79358,379.79166,597.8943,96.58034,502.79358,379.79166,597.8943,96.58034,1.0,1.0,1.0,1.0,33.524375915527344,0.4,0.4,0.4
25.683333333333334,20.493513,-15.008086,1.9998233,-0.22613977,0.002765584,0.0005041295,0.9740908,-0.0064293933,0.0017633985,-0.11892519,-0.12843885,-0.41166067,-0.13702741,20.493269,-15.008525,1.1998235,0.017485285,0.03141887,-0.13933583,0.25408295,-207.02718,-596.0277,-33.922035,-149.69638,-207.02718,-596.0277,-33.922035,-149.69638,-1.0,-1.0,-1.0,-1.0,0.0,-0.4,-0.4,-0.4
25.7,20.49365,-15.0080595,1.9996829,-0.22651392,0.0023140307,0.0021113555,0.97400284,-0.00852416,0.0023821755,0.028476829,0.31005716,0.14940673,0.10626133,20.49341,-15.008562,1.1996831,0.017212076,0.0359951,-0.016392542,0.27457368,596.7834,135.04861,771.2053,83.99347,596.7834,135.04861,771.2053,83.99347,1.0,1.0,1.0,1.0,33.524375915527344,0.4,0.4,0.4
25.716666666666665,20.493807,-15.008022,1.9981146,-0.22590439,-0.0021393353,0.0009977416,0.9741466,-0.009000685,0.0013230108,-0.13495089,-0.11555421,0.6844268,-0.13704877,20.493553,-15.008604,1.1981149,0.018168304,0.041664157,0.057373676,0.3401434,-91.471985,-819.7057,143.47546,-156.86734,-91.471985,-819.7057,143.47546,-156.86734,-1.0,-1.0,1.0,-1.0,0.0,-0.4,0.4,-0.4
25.733333333333334,20.493935,-15.007986,1.9977034,-0.22626896,-0.004928127,0.0021274588,0.97405,-0.007019233,0.0013009566,0.012023532,0.31497833,0.16588059,0.10630727,20.493694,-15.008639,1.1977041,0.017212076,0.046786804,-0.057373676,0.30735877,654.63666,71.5246,-1036.6295,223.58195,654.63666,71.5246,-1036.6295,223.58195,1.0,1.0,-1.0,1.0,33.524375915527344,0.4,-0.4,0.4
25.75,20.493998,-15.007941,1.9997408,-0.2256466,-0.0030523797,0.0024913817,0.97420126,-0.0041296803,-0.0005582911,0.15896074,-0.11570881,-0.3613248,-0.1368724,20.493845,-15.008669,1.1997414,0.010928303,0.05211435,-0.37702635,0.31965268,75.403854,-733.5829,-584.7325,-146.15231,75.403854,-733.5829,-584.7325,-146.15231,1.0,-1.0,-1.0,-1.0,33.524375915527344,-0.4,-0.4,-0.4
25.766666666666666,20.494045,-15.00788,2.0003486,-0.22602233,-0.0025601832,-0.0011108249,0.9741181,-0.0042218147,-0.0023316857,-0.0044000503,-0.5408833,0.173771,0.10590432,20.49399,-15.008699,1.2003493,0.0039615096,0.05867134,-0.41800758,0.39341947,-650.4755,-32.121464,256.3293,349.27176,-650.4755,-32.121464,256.3293,349.27176,-1.0,-1.0,1.0,1.0,0.0,-0.4,0.4,0.4
25.78333333333333,20.49407,-15.007845,2.0021129,-0.22541143,-0.00039876532,-0.0024835623,0.9742604,-0.0019868934,-0.0014275757,0.14261773,-0.111635625,-0.3448188,-0.13683796,20.494135,-15.008727,1.2021136,-0.0046445285,0.06317926,-0.51636225,0.27047527,79.37882,641.8945,-519.2951,-130.76291,79.37882,641.8945,-519.2951,-130.76291,1.0,1.0,-1.0,-1.0,33.524375915527344,0.4,-0.4,-0.4
25.8,20.494102,-15.007824,2.0024495,-0.2257804,-0.0013172581,-0.0008653862,0.97417694,-0.0025543466,-0.00015697745,-0.020630587,0.3226794,0.19953087,0.106445715,20.494276,-15.008753,1.2024502,-0.0124309445,0.066526055,-0.46718493,0.20080759,-635.0026,442.68768,380.28748,327.68542,-635.0026,442.68768,380.28748,327.68542,-1.0,1.0,1.0,1.0,0.0,0.4,0.4,0.4
25.816666666666666,20.494114,-15.007808,2.003942,-0.22516452,0.0002730703,-0.000501438,0.9743206,-0.00082722027,-0.00067017134,0.126282,-0.1080292,-0.3276989,-0.13672817,20.494413,-15.008773,1.2039428,-0.021446794,0.06912153,-0.54095095,0.1557286,87.262764,-478.06985,-541.7335,-144.6695,87.262764,-478.06985,-541.7335,-144.6695,1.0,-1.0,-1.0,-1.0,33.524375915527344,-0.4,-0.4,-0.4
25.833333333333332,20.494135,-15.007793,2.0040064,-0.22553642,-0.00078988454,0.0011142353,0.97423375,-0.0017269852,-4.2695086e-05,-0.036968227,0.32631728,0.2166433,0.10655454,20.494555,-15.00879,1.2040074,-0.030052833,0.0713755,-0.5163623,0.13523786,-652.7207,263.19003,400.01437,329.52383,-652.7207,263.19003,400.01437,329.52383,-1.0,1.0,1.0,1.0,0.0,0.4,0.4,0.4
25.849999999999998,20.494143,-15.007772,2.0052266,-0.22491853,0.00065352314,0.0014752885,0.97437626,-0.00040487567,-0.0011925749,0.10994222,-0.104419254,-0.3105978,-0.13660967,20.494698,-15.008804,1.2052276,-0.039751705,0.07390267,-0.58193225,0.15163018,96.1589,-659.8037,-553.35144,-135.93134,96.1589,-659.8037,-553.35144,-135.93134,1.0,-1.0,-1.0,-1.0,33.524375915527344,-0.4,-0.4,-0.4
25.866666666666667,20.49415,-15.007749,2.0050185,-0.2252935,-0.000553687,0.0030886997,0.9742858,-0.0015350279,-0.0012296179,-0.053303033,0.32995588,0.23373687,0.10667097,20.494831,-15.008818,1.2050196,-0.04876756,0.07656644,-0.54095125,0.15982656,-645.4007,38.346867,377.16003,331.6426,-645.4007,38.346867,377.16003,331.6426,-1.0,1.0,1.0,1.0,0.0,0.4,0.4,0.4
25.883333333333333,20.494144,-15.007699,2.0059657,-0.22467393,0.00074377586,0.0034470987,0.9744276,-0.00050561724,-0.003040212,0.093610264,-0.10080927,-0.2935166,-0.13647996,20.494968,-15.008826,1.2059672,-0.05901285,0.08073287,-0.61471736,0.24998544,127.760216,-855.33203,-573.5224,-128.06273,127.760216,-855.33203,-573.5224,-128.06273,1.0,-1.0,-1.0,-1.0,33.524375915527344,-0.4,-0.4,-0.4
25.9,20.494139,-15.007626,2.0054836,-0.22504169,0.000654867,-0.00016192076,0.97434884,-0.0017556286,-0.004383987,-0.069767095,-0.525867,0.24149133,0.106260225,20.495108,-15.008832,1.2054853,-0.069394745,0.086401924,-0.6229137,0.3401434,-611.4158,-232.57285,309.25476,331.88528,-611.4158,-232.57285,309.25476,331.88528,-1.0,-1.0,1.0,1.0,0.0,-0.4,0.4,0.4
25.916666666666668,20.494127,-15.007565,2.0061584,-0.22442573,0.002236082,-0.001540469,0.9744874,-0.00094932574,-0.0032973834,0.07723494,-0.096695505,-0.27708915,-0.13652906,20.495234,-15.008832,1.2061601,-0.07923022,0.090773255,-0.5901284,0.26227978,202.88356,566.2985,-520.2417,-139.57979,202.88356,566.2985,-520.2417,-139.57979,1.0,1.0,-1.0,-1.0,33.524375915527344,0.4,-0.4,-0.4
25.933333333333334,20.494135,-15.007512,2.0054054,-0.22480144,0.0007420109,7.326368e-05,0.9744043,-0.0022617842,-0.002388551,-0.086006284,0.33773252,0.26723245,0.10674743,20.49536,-15.008829,1.2054076,-0.08769967,0.094324954,-0.5081668,0.21310194,-530.2855,245.27968,427.46927,293.939,-530.2855,245.27968,427.46927,293.939,-1.0,1.0,1.0,1.0,0.0,0.4,0.4,0.4
25.95,20.49414,-15.007457,2.0058084,-0.22418706,0.001754849,0.0004320704,0.97454447,-0.0015225948,-0.0030529317,0.060905308,-0.093053006,-0.26005632,-0.13639657,20.495481,-15.0088215,1.2058103,-0.09603251,0.097740054,-0.49997044,0.204906,297.31348,-650.93774,-554.87354,-148.13264,297.31348,-650.93774,-554.87354,-148.13264,1.0,-1.0,-1.0,-1.0,33.524375915527344,-0.4,-0.4,-0.4
25.966666666666665,20.494158,-15.007398,2.0047832,-0.22456498,0.000117155505,0.0020441755,0.97445697,-0.0027621486,-0.0028763646,-0.10233716,0.34140214,0.28425846,0.106878474,20.495602,-15.008807,1.2047856,-0.10340912,0.10095025,-0.44259664,0.19261165,-455.25705,44.611816,374.8848,289.9674,-455.25705,44.611816,374.8848,289.9674,-1.0,1.0,1.0,1.0,0.0,0.4,0.4,0.4
25.983333333333334,20.494162,-15.007324,2.004913,-0.22394997,0.0009837396,0.002400009,0.9745972,-0.0019895746,-0.0042756307,0.04457644,-0.089413226,-0.24304843,-0.13625498,20.495712,-15.008791,1.204916,-0.11105894,0.10504837,-0.4589894,0.24588747,385.2521,-821.4642,-606.6007,-145.4255,385.2521,-821.4642,-606.6007,-145.4255,1.0,-1.0,-1.0,-1.0,33.524375915527344,-0.4,-0.4,-0.4
26.0,20.494165,-15.007224,2.0036135,-0.22431895,0.00046107676,-0.0012099157,0.9745149,-0.0030510873,-0.00494705,-0.11881188,-0.5143933,0.29189718,0.106465265,20.495823,-15.008767,1.2036167,-0.11870877,0.11051253,-0.4589894,0.3278495,-343.82114,-194.56563,254.98906,288.65186,-343.82114,-194.56563,254.98906,288.65186,-1.0,-1.0,1.0,1.0,0.0,-0.4,0.4,0.4
26.016666666666666,20.494173,-15.007149,2.0034714,-0.22370516,0.001611728,-0.0025919026,0.974652,-0.0021785302,-0.003347911,0.028191665,-0.08527403,-0.22669783,-0.13635972,20.495922,-15.008738,1.203475,-0.12526576,0.11379103,-0.39341968,0.19671007,526.34216,589.47455,-610.7546,-175.30919,526.34216,589.47455,-610.7546,-175.30919,1.0,1.0,-1.0,-1.0,33.524375915527344,0.4,-0.4,-0.4
26.03333333333333,20.494196,-15.007086,2.001901,-0.22407869,-0.00031182478,-0.0009773864,0.97457045,-0.0029949842,-0.0023626755,-0.13505267,0.34923467,0.31760538,0.10691427,20.496021,-15.008706,1.2019048,-0.13072994,0.116045,-0.32785085,0.13523786,-192.05515,335.70618,312.1337,248.0107,-192.05515,335.70618,312.1337,248.0107,-1.0,1.0,1.0,1.0,0.0,0.4,0.4,0.4
26.05,20.49421,-15.007029,2.0014863,-0.22346643,0.0002719765,-0.00062109163,0.9747113,-0.0018616226,-0.0027641226,0.011858166,-0.08160289,-0.20974754,-0.13621485,20.49611,-15.008666,1.2014902,-0.13619411,0.117274426,-0.32784995,0.07376566,634.8514,-530.9398,-692.7551,-166.39381,634.8514,-530.9398,-692.7551,-166.39381,1.0,-1.0,-1.0,-1.0,33.524375915527344,-0.4,-0.4,-0.4
26.066666666666666,20.49423,-15.006977,1.9996433,-0.22384132,-0.0017952559,0.0009931903,0.97462344,-0.0023032078,-0.0025805708,-0.15138692,0.35293528,0.33455038,0.10705981,20.496199,-15.008627,1.1996477,-0.14097525,0.11816236,-0.28686848,0.05327582,-41.854527,182.5211,157.52565,250.8913,-41.854527,182.5211,157.52565,250.8913,-1.0,1.0,1.0,1.0,0.0,0.4,0.4,0.4
26.083333333333332,20.494223,-15.006917,1.9989562,-0.22322895,-0.0013567077,0.0013462867,0.97476417,-0.00081124296,-0.003790601,-0.0044761547,-0.07793492,-0.19282618,-0.1360602,20.496275,-15.008576,1.1989605,-0.14698583,0.11884537,-0.3606346,0.04098102,735.3627,-643.3326,-781.50964,-164.97227,735.3627,-643.3326,-781.50964,-164.97227,1.0,-1.0,-1.0,-1.0,33.524375915527344,-0.4,-0.4,-0.4
26.099999999999998,20.494192,-15.006853,2.000719,-0.22359511,0.0029116888,0.0044093826,0.9746677,0.0010952312,-0.0033514695,0.14255658,0.35143197,-0.71076286,0.10730253,20.496338,-15.008515,1.2007236,-0.15367945,0.11905028,-0.40161696,0.012294351,135.52296,3.9438906,-83.21356,261.15628,135.52296,3.9438906,-83.21356,261.15628,1.0,1.0,-1.0,1.0,33.524375915527344,0.4,-0.4,0.4
26.116666666666667,20.494165,-15.006778,2.0010529,-0.22296971,0.005355872,0.005255094,0.9747965,-0.0010774988,-0.005124209,-0.02077693,-0.07346941,-0.1751653,-0.1363597,20.496399,-15.008453,1.2010578,-0.15996325,0.12000652,-0.37702826,0.057374235,-656.82104,-841.67444,927.9578,-1459.8502,-656.82104,-841.67444,927.9578,-1459.8502,-1.0,-1.0,1.0,-1.0,0.0,-0.4,0.4,-0.4
26.133333333333333,20.494179,-15.006637,2.0025468,-0.22333136,0.0041421996,0.0016508384,0.97473234,-0.0046484093,-0.007689411,0.12649131,-0.49403274,0.37639636,0.10634056,20.496447,-15.008383,1.2025518,-0.16242212,0.12506086,-0.14753221,0.30326036,75.40733,-525.3822,489.17822,237.06142,75.40733,-525.3822,489.17822,237.06142,1.0,-1.0,1.0,1.0,33.524375915527344,-0.4,0.4,0.4
26.15,20.494202,-15.006489,2.0026083,-0.22566873,0.004678596,0.00026591844,0.97419274,-0.0053143096,-0.007210019,-0.03716821,-0.06905617,-0.1595706,0.3494635,20.496492,-15.00831,1.2026137,-0.16406137,0.13045672,-0.09835481,0.32375154,-556.82,349.49493,-229.15771,4.1207013,-556.82,349.49493,-229.15771,4.1207013,-1.0,1.0,-1.0,1.0,0.0,0.4,-0.4,0.4
26.166666666666668,20.494267,-15.006325,2.0038295,-0.22700611,0.0033441384,-0.0033397072,0.97388184,-0.008148653,-0.007748616,0.110071115,-0.48981488,0.3912983,0.105967656,20.496529,-15.008226,1.2038351,-0.16201231,0.13619411,0.12294351,0.34424362,84.715004,-303.85815,691.61414,-3003.9465,84.715004,-303.85815,691.61414,-3003.9465,1.0,-1.0,1.0,-1.0,33.524375915527344,-0.4,0.4,-0.4
26.183333333333334,20.494335,-15.006172,2.0036187,-0.2263833,0.0037546833,-0.004707906,0.97401965,-0.008084724,-0.0055058347,-0.053583384,-0.065047465,-0.14396505,-0.13690184,20.496553,-15.0081415,1.2036242,-0.1588704,0.14104356,0.18851458,0.2909669,-500.0932,651.8636,-169.62238,-56.781498,-500.0932,651.8636,-169.62238,-56.781498,-1.0,1.0,-1.0,-1.0,0.0,0.4,-0.4,-0.4
26.2,20.494455,-15.006058,2.004568,-0.22674952,0.0010097428,-0.003087336,0.97394764,-0.010199335,-0.0027312133,0.09381091,0.37391946,0.41686594,0.10636933,20.49657,-15.008048,1.2045736,-0.15149377,0.14254619,0.44259754,0.09015798,213.28204,319.94376,509.81458,121.96242,213.28204,319.94376,509.81458,121.96242,1.0,1.0,1.0,1.0,33.524375915527344,0.4,0.4,0.4
26.216666666666665,20.494577,-15.005948,2.0040848,-0.22613342,0.0008493915,-0.0027196284,0.9740922,-0.009379007,-0.002322548,-0.06993569,-0.061354764,-0.12713248,-0.13671422,20.496586,-15.007948,1.20409,-0.14384393,0.14322922,0.4589903,0.040981468,-415.33392,-589.7714,-384.87796,-68.44928,-415.33392,-589.7714,-384.87796,-68.44928,-1.0,-1.0,-1.0,-1.0,0.0,-0.4,-0.4,-0.4
26.233333333333334,20.494719,-15.005858,2.0047622,-0.22649893,-0.0020385392,-0.0010983637,0.9740086,-0.010567844,-0.00054210797,0.077432685,0.37763315,0.433681,0.1065622,20.496592,-15.007837,1.2047669,-0.13414504,0.14172657,0.5819338,-0.09015887,270.05988,219.67188,315.7553,119.964645,270.05988,219.67188,315.7553,119.964645,1.0,1.0,1.0,1.0,33.524375915527344,0.4,0.4,0.4
26.25,20.49486,-15.005776,2.0040064,-0.22588345,-0.0023433026,-0.0007344962,0.97415113,-0.008899078,-0.0010101348,-0.086318746,-0.057667624,-0.11033714,-0.13651495,20.4966,-15.007728,1.2040108,-0.124582745,0.1397458,0.57373744,-0.11884599,-388.34766,-667.0933,-599.1825,-71.20876,-388.34766,-667.0933,-599.1825,-71.20876,-1.0,-1.0,-1.0,-1.0,0.0,-0.4,-0.4,-0.4
26.266666666666666,20.49497,-15.005713,2.004406,-0.22625308,0.0012083154,0.0023511215,0.97406495,-0.007240775,-0.00026397174,0.060766384,0.37181896,-0.6283015,0.106830776,20.496593,-15.007607,1.2044097,-0.116249904,0.13564768,0.49997044,-0.24588703,347.00134,104.99043,-1.6356447,128.56544,347.00134,104.99043,-1.6356447,128.56544,1.0,1.0,-1.0,1.0,33.524375915527344,0.4,-0.4,0.4
26.28333333333333,20.495087,-15.00564,2.003376,-0.22563155,0.0029445402,0.0032111816,0.97420293,-0.009006243,-0.0015925658,-0.10254851,-0.053199768,-0.092803456,-0.13681628,20.496588,-15.007482,1.2033798,-0.10750724,0.13189107,0.52456003,-0.22539674,-448.45865,-785.0927,1014.51514,-1516.8729,-448.45865,-785.0927,1014.51514,-1516.8729,-1.0,-1.0,1.0,-1.0,0.0,-0.4,0.4,-0.4
26.3,20.49523,-15.005518,2.003507,-0.2259956,0.0010343126,-0.0003845481,0.9741277,-0.011191596,-0.0031187665,0.044693004,-0.47374177,0.45863172,0.10586644,20.496578,-15.007344,1.20351,-0.096578926,0.13079825,0.6556986,-0.065569274,388.32556,-381.20828,455.61127,115.91338,388.32556,-381.20828,455.61127,115.91338,1.0,-1.0,1.0,1.0,33.524375915527344,-0.4,0.4,0.4
26.316666666666666,20.49537,-15.005403,2.0022056,-0.22537431,0.0008649673,-0.0017518328,0.9742702,-0.010493671,-0.0018368373,-0.118969314,-0.049060546,-0.07665489,-0.13703851,20.496561,-15.007206,1.2022088,-0.085240796,0.12915899,0.6802877,-0.0983557,-278.95593,488.37888,-380.573,-110.066086,-278.95593,488.37888,-380.573,-110.066086,-1.0,1.0,-1.0,-1.0,0.0,0.4,-0.4,-0.4
26.333333333333332,20.495535,-15.005303,2.0020652,-0.2257386,-0.002453896,-0.0001227486,0.97418475,-0.0114704445,-0.0006287666,0.028383655,0.39001042,0.48414493,0.10624495,20.496542,-15.007057,1.2020682,-0.07212682,0.12560728,0.7868385,-0.21310239,559.80066,91.70195,289.16367,74.71674,559.80066,91.70195,289.16367,74.71674,1.0,1.0,1.0,1.0,33.524375915527344,0.4,0.4,0.4
26.349999999999998,20.49569,-15.005209,2.000492,-0.22512032,-0.0031914124,0.0002461595,0.97432566,-0.009605704,-0.0015079286,-0.13537546,-0.045359366,-0.05993215,-0.13680291,20.496521,-15.006908,1.2004942,-0.059559263,0.12171406,0.7540534,-0.23359312,-109.77528,-771.4202,-631.6,-97.5582,-109.77528,-771.4202,-631.6,-97.5582,-1.0,-1.0,-1.0,-1.0,0.0,-0.4,-0.4,-0.4
26.366666666666667,20.495802,-15.005115,2.000073,-0.22549503,0.001196409,-0.0018854317,0.97424173,-0.008058886,-0.002326141,0.011592878,-0.47534862,-0.58739424,0.1061322,20.496492,-15.00675,1.2000753,-0.049450576,0.11713783,0.6065212,-0.27457413,676.5744,-19.689608,-136.08934,92.097244,676.5744,-19.689608,-136.08934,92.097244,1.0,-1.0,-1.0,1.0,33.524375915527344,-0.4,-0.4,0.4
26.383333333333333,20.495924,-15.005026,1.9982253,-0.22488183,0.0029328684,-0.0027560443,0.97437763,-0.009592202,-0.0004682308,-0.15162855,-0.04040386,-0.04316277,-0.13642281,20.496468,-15.00659,1.198227,-0.03893208,0.11201517,0.63110965,-0.30735922,-58.862103,726.60126,906.0597,-2617.6335,-58.862103,726.60126,906.0597,-2617.6335,-1.0,1.0,1.0,-1.0,0.0,0.4,0.4,-0.4
26.4,20.496088,-15.004958,1.9975396,-0.22525233,-0.0006744083,-0.0011177253,0.9742995,-0.010959448,0.0010777321,-0.004282225,0.39873677,0.51764005,0.106867895,20.496439,-15.006423,1.1975411,-0.025135096,0.10491177,0.82781905,-0.42620432,788.1557,218.24696,420.7587,44.900543,788.1557,218.24696,420.7587,44.900543,1.0,1.0,1.0,1.0,33.524375915527344,0.4,0.4,0.4
26.416666666666668,20.49624,-15.004903,1.999305,-0.2246391,-0.0018065388,-0.0007368039,0.97444004,-0.009704296,0.00077919057,0.14260389,-0.03235772,-0.009835519,-0.13615707,20.496405,-15.0062475,1.1993064,-0.011747926,0.09630571,0.80323017,-0.5163632,196.60548,-694.03174,-574.12714,-111.28119,196.60548,-694.03174,-574.12714,-111.28119,1.0,-1.0,-1.0,-1.0,33.524375915527344,-0.4,-0.4,-0.4
26.433333333333334,20.496397,-15.00485,1.9996417,-0.22500631,-0.005590084,0.000904295,0.9743408,-0.009835015,0.0013661911,-0.020709442,0.40248758,0.5342923,0.10714146,20.496368,-15.006066,1.1996428,0.0020490568,0.08708495,0.8278189,-0.5532458,-523.4489,71.80753,197.18758,268.69147,-523.4489,71.80753,197.18758,268.69147,-1.0,1.0,1.0,1.0,0.0,0.4,0.4,0.4
26.45,20.496496,-15.0048,2.0011342,-0.22439428,-0.0068649766,0.0012812766,0.9744734,-0.007016234,-4.5035966e-05,0.12619357,-0.028647205,0.0067733135,-0.13587102,20.496334,-15.00588,1.2011348,0.011611322,0.077386074,0.5737359,-0.5819325,157.70221,-684.6641,-836.58777,-116.040115,157.70221,-684.6641,-836.58777,-116.040115,1.0,-1.0,-1.0,-1.0,33.524375915527344,-0.4,-0.4,-0.4
26.466666666666665,20.49656,-15.004745,2.0011916,-0.22478421,-0.002943255,-0.0008434131,0.97440374,-0.004334405,-0.0015364992,-0.037511762,-0.46289518,-0.53741217,0.10703965,20.496304,-15.005692,1.2011921,0.018304907,0.06782379,0.40161505,-0.57373697,-514.8809,-26.878834,-435.66043,320.781,-514.8809,-26.878834,-435.66043,320.781,-1.0,-1.0,-1.0,1.0,0.0,-0.4,-0.4,0.4
26.483333333333334,20.496609,-15.004706,2.0024095,-0.22418034,-0.0017441976,-0.0017079272,0.9745446,-0.004235985,-0.000577064,0.10990504,-0.023640797,0.023460632,-0.13555275,20.496267,-15.0055,1.2024102,0.024452077,0.05682718,0.3688302,-0.65979654,146.51677,730.14874,582.4005,-2666.1682,146.51677,730.14874,582.4005,-2666.1682,1.0,1.0,1.0,-1.0,33.524375915527344,0.4,0.4,-0.4
26.5,20.496655,-15.0046835,2.0021963,-0.22456118,0.0007703212,0.0013960144,0.9744586,-0.0030713512,0.00014658365,-0.053715385,0.401618,-0.5112512,0.10779913,20.496233,-15.005303,1.2021968,0.030189436,0.044396233,0.3442415,-0.74585676,-502.50488,210.33063,-55.714424,278.20926,-502.50488,210.33063,-55.714424,278.20926,-1.0,1.0,-1.0,1.0,0.0,0.4,-0.4,0.4
26.516666666666666,20.49671,-15.004639,2.003142,-0.22395176,0.0013961241,0.002278376,0.97459656,-0.0044507785,-0.0009592152,0.09359761,-0.0191263,0.040804498,-0.13578896,20.496202,-15.005105,1.2031428,0.036336612,0.03339963,0.36883053,-0.6597961,175.03719,-688.3561,799.15497,-1277.6837,175.03719,-688.3561,799.15497,-1277.6837,1.0,-1.0,1.0,-1.0,33.524375915527344,-0.4,0.4,-0.4
26.53333333333333,20.496775,-15.004569,2.0026598,-0.22432913,-0.0015611291,-0.0012875507,0.97451127,-0.0054309713,-0.0019742902,-0.069796436,-0.4437697,0.5754062,0.10686127,20.496172,-15.004906,1.2026606,0.043166798,0.024110569,0.4098111,-0.55734366,-505.34543,-249.0714,197.5226,272.77972,-505.34543,-249.0714,197.5226,272.77972,-1.0,-1.0,1.0,1.0,0.0,-0.4,0.4,0.4
26.55,20.49683,-15.004527,2.0033343,-0.2237158,-0.002843214,-0.0026298387,0.9746466,-0.0037314906,-0.0007099416,0.07720159,-0.01492127,0.056693003,-0.13608491,20.49615,-15.004706,1.2033346,0.04876756,0.012840756,0.33604568,-0.6761887,300.90897,513.04895,-932.2935,-146.69713,300.90897,513.04895,-932.2935,-146.69713,1.0,1.0,-1.0,-1.0,33.524375915527344,0.4,-0.4,-0.4
26.566666666666666,20.496866,-15.004511,2.0025759,-0.2240917,-0.0006137468,0.00048226985,0.97456765,-0.0023076513,5.321612e-05,-0.086422734,0.41036278,-0.47804838,0.10727245,20.496122,-15.004508,1.2025764,0.053275485,-0.00020490568,0.2704755,-0.7827397,-397.9698,306.87323,-233.62553,263.1993,-397.9698,306.87323,-233.62553,263.1993,-1.0,1.0,-1.0,1.0,0.0,0.4,-0.4,0.4
26.583333333333332,20.496912,-15.00448,2.0029767,-0.2234785,-0.00027256284,0.0013721843,0.9747078,-0.003177134,-0.0009073578,0.060885552,-0.010397486,0.07396713,-0.13629945,20.496109,-15.004308,1.2029771,0.0575102,-0.012362642,0.25408295,-0.7294641,330.46854,-614.3567,626.7159,-1226.5707,330.46854,-614.3567,626.7159,-1226.5707,1.0,-1.0,1.0,-1.0,33.524375915527344,-0.4,0.4,-0.4
26.599999999999998,20.496935,-15.0044365,2.001944,-0.22384657,0.0030678266,-0.0007348279,0.9746192,-0.0029243797,-0.0015905418,-0.102851845,-0.44459355,-0.47031963,0.10658992,20.496088,-15.004108,1.2019448,0.060652092,-0.023495851,0.18851346,-0.6679925,-347.34918,-112.55788,-58.402718,268.70355,-347.34918,-112.55788,-58.402718,268.70355,-1.0,-1.0,-1.0,1.0,0.0,-0.4,-0.4,0.4
26.616666666666667,20.497,-15.004396,2.0020723,-0.223232,0.0036871822,-0.0015738979,0.974757,-0.0050008222,-8.152332e-05,0.044562206,-0.005365342,0.09059584,-0.13603367,20.496075,-15.003909,1.2020731,0.06625285,-0.03490227,0.33604544,-0.6843851,381.9354,719.2794,843.05786,-2266.524,381.9354,719.2794,843.05786,-2266.524,1.0,1.0,1.0,-1.0,33.524375915527344,0.4,0.4,-0.4
26.633333333333333,20.497093,-15.004362,2.0007737,-0.22360964,-0.0009604359,0.000104479885,0.9746783,-0.005971921,0.00063792523,-0.11872956,0.42963028,0.63468516,0.10729374,20.496061,-15.003712,1.2007748,0.07390267,-0.046581898,0.45898896,-0.7007776,-255.85011,96.43906,361.81497,203.67613,-255.85011,96.43906,361.81497,203.67613,-1.0,1.0,1.0,1.0,0.0,0.4,0.4,0.4
26.65,20.497166,-15.004328,2.000631,-0.22300108,-0.003100011,0.0005187197,0.9748131,-0.0043721413,-0.0003136329,0.028160354,-0.0016202033,0.1070918,-0.13563527,20.496054,-15.003519,1.2006325,0.07964003,-0.057920013,0.34424183,-0.6802868,509.88922,-689.7065,-791.4729,-104.82434,509.88922,-689.7065,-791.4729,-104.82434,1.0,-1.0,-1.0,-1.0,33.524375915527344,-0.4,-0.4,-0.4
26.666666666666668,20.497213,-15.0042925,1.9990542,-0.22338235,-0.00033498535,-0.00037460675,0.97473073,-0.0032630975,-0.00078632846,-0.13554648,-0.23759577,-0.4350335,0.10735025,20.496046,-15.003327,1.1990557,0.08360154,-0.06912153,0.23769064,-0.6720911,-101.0053,-0.5388096,-332.89624,250.78023,-101.0053,-0.5388096,-332.89624,250.78023,-1.0,-0.5388096,-1.0,1.0,0.0,-0.21552384,-0.4,0.4
26.683333333333334,20.497274,-15.00426,1.9986377,-0.2227761,-0.00039016752,0.0003980135,0.97486943,-0.004177876,0.00013967301,0.011861533,0.20151669,0.12598774,-0.13538045,20.49605,-15.003137,1.1986395,0.08769967,-0.080459654,0.24588747,-0.6802873,645.5755,442.69003,663.5622,-2085.3738,645.5755,442.69003,663.5622,-2085.3738,1.0,1.0,1.0,-1.0,33.524375915527344,0.4,0.4,-0.4
26.7,20.497318,-15.004224,2.000672,-0.22315463,0.002027396,-8.319428e-05,0.97478086,-0.002723827,-0.0011514178,0.15878329,-0.22844097,-0.401984,0.10748749,20.496056,-15.002956,1.2006739,0.09043174,-0.090773255,0.16392453,-0.61881596,25.956333,-328.76526,-119.64127,189.84866,25.956333,-328.76526,-119.64127,189.84866,1.0,-1.0,-1.0,1.0,33.524375915527344,-0.4,-0.4,0.4
26.716666666666665,20.49738,-15.004187,2.0012774,-0.22255109,0.0017943486,0.0007003633,0.97491914,-0.004201879,-0.00018575857,-0.004464501,0.20631513,0.14238629,-0.13525778,20.496067,-15.002774,1.2012799,0.09398344,-0.101155154,0.21310194,-0.62291396,-733.49493,308.31424,843.6229,-1097.7687,-733.49493,308.31424,843.6229,-1097.7687,-1.0,1.0,1.0,-1.0,0.0,0.4,0.4,-0.4
26.733333333333334,20.497446,-15.00414,1.9991609,-0.2229319,-0.0024089173,-0.0012170991,0.9748302,-0.0041869683,-0.0007505971,-0.16785283,-0.21826798,0.6765984,0.107485354,20.496078,-15.002595,1.1991638,0.09794496,-0.11064913,0.23769109,-0.56963855,-8.8458805,-417.5685,44.370846,170.23425,-8.8458805,-417.5685,44.370846,170.23425,-1.0,-1.0,1.0,1.0,0.0,-0.4,0.4,0.4
26.75,20.497482,-15.00412,1.9982014,-0.22231811,-0.0049351947,-0.0009171601,0.9749612,-0.0017264883,0.00020776119,-0.020848358,0.2103128,0.15800878,-0.13535441,20.496088,-15.002426,1.1982044,0.09985742,-0.12130425,0.11474758,-0.63930714,768.498,342.88388,-1121.4117,-152.84422,768.498,342.88388,-1121.4117,-152.84422,1.0,1.0,-1.0,-1.0,33.524375915527344,0.4,-0.4,-0.4
26.766666666666666,20.497465,-15.004118,1.9996904,-0.22270416,-0.0027935964,-0.001385168,0.974881,0.00123078,-0.00092723663,0.12606548,-0.21961695,-0.37003595,0.107511066,20.496117,-15.002263,1.1996937,0.096578926,-0.1328473,-0.19670962,-0.69258255,224.1436,-108.15136,-662.4046,199.79276,224.1436,-108.15136,-662.4046,199.79276,1.0,-1.0,-1.0,1.0,33.524375915527344,-0.4,-0.4,0.4
26.78333333333333,20.497438,-15.004127,1.9997509,-0.2220958,-0.0033008908,-0.0005921407,0.97501904,0.0014070817,5.0032046e-05,-0.037179746,0.21511415,0.17432547,-0.135253,20.49614,-15.002108,1.1997547,0.09302722,-0.14459527,-0.21310239,-0.7048782,-596.1519,637.63965,370.09433,-1101.3145,-596.1519,637.63965,370.09433,-1101.3145,-1.0,1.0,1.0,-1.0,0.0,0.4,0.4,-0.4
26.8,20.497385,-15.004145,2.000967,-0.22248042,-0.0013013589,-0.0010523015,0.97493565,0.0036966773,-0.0010413608,0.10971902,-0.21480262,-0.35373017,0.10761229,20.496176,-15.001963,1.2009708,0.08660683,-0.15627493,-0.3852233,-0.7007798,237.35754,-114.94268,-657.04486,210.5182,237.35754,-114.94268,-657.04486,210.5182,1.0,-1.0,-1.0,1.0,33.524375915527344,-0.4,-0.4,0.4
26.816666666666666,20.497334,-15.004168,2.0007548,-0.22187392,-0.0019503989,-0.00024951805,0.9750734,0.0033980203,-9.236415e-05,-0.053525828,0.21991646,0.19062775,-0.13517343,20.496214,-15.001821,1.2007593,0.08018645,-0.1680912,-0.38522285,-0.70897573,-588.55554,621.92944,394.70288,-987.7696,-588.55554,621.92944,394.70288,-987.7696,-1.0,1.0,1.0,-1.0,0.0,0.4,0.4,-0.4
26.833333333333332,20.497257,-15.004189,2.0016987,-0.22225727,-9.1699774e-05,-0.00070156495,0.97498775,0.005124268,-0.0011701514,0.09336552,-0.20998868,-0.3374417,0.10768947,20.496256,-15.001688,1.2017032,0.07171701,-0.17908786,-0.5081664,-0.6598001,268.50766,-141.08118,-628.7083,208.90034,268.50766,-141.08118,-628.7083,208.90034,1.0,-1.0,-1.0,1.0,33.524375915527344,-0.4,-0.4,0.4
26.849999999999998,20.497187,-15.004216,2.001214,-0.22165233,-0.00088198605,0.0001108883,0.97512525,0.004448586,-0.0002797232,-0.06987735,0.22472231,0.20691982,-0.13513055,20.4963,-15.00156,1.2012188,0.063520774,-0.19022112,-0.49177405,-0.66799515,-559.64307,587.6994,425.32047,-905.28534,-559.64307,587.6994,425.32047,-905.28534,-1.0,1.0,1.0,-1.0,0.0,0.4,0.4,-0.4
26.866666666666667,20.497103,-15.004237,2.001886,-0.22203463,0.00083599094,-0.00033302637,0.9750383,0.005715972,-0.0013738677,0.07701161,-0.20517117,-0.3211612,0.107717246,20.496351,-15.001443,1.2018912,0.0538219,-0.20012496,-0.5819325,-0.59423083,320.25058,-181.35362,-599.2711,203.91872,320.25058,-181.35362,-599.2711,203.91872,1.0,-1.0,-1.0,1.0,33.524375915527344,-0.4,-0.4,0.4
26.883333333333333,20.497025,-15.004263,2.0011287,-0.22143088,-9.542686e-05,0.00048913335,0.97517586,0.0047612865,-0.00057221367,-0.08622875,0.22954383,0.22321811,-0.13511108,20.4964,-15.001331,1.2011344,0.044669442,-0.20996049,-0.54914737,-0.5901315,-505.52896,538.5285,455.92056,-846.8318,-505.52896,538.5285,455.92056,-846.8318,-1.0,1.0,1.0,-1.0,0.0,0.4,0.4,-0.4
26.9,20.496931,-15.004282,2.0015278,-0.22181238,0.0014809506,5.3498763e-05,0.97508824,0.0056749033,-0.0017128004,0.06066085,-0.20033166,-0.30487114,0.10773202,20.496449,-15.001237,1.2015338,0.034560762,-0.21808846,-0.6065207,-0.48767832,392.74393,-233.98479,-576.2875,197.00676,392.74393,-233.98479,-576.2875,197.00676,1.0,-1.0,-1.0,1.0,33.524375915527344,-0.4,-0.4,0.4
26.916666666666668,20.496851,-15.004299,2.0004988,-0.22120996,0.00040863545,0.0008851551,0.9752257,0.0045386567,-0.0010293322,-0.102576986,0.23438078,0.23951155,-0.13505681,20.496504,-15.001143,1.200505,0.024861889,-0.22601154,-0.58193237,-0.47538486,-421.28366,472.38718,481.5675,-815.8269,-421.28366,472.38718,481.5675,-815.8269,-1.0,1.0,1.0,-1.0,0.0,0.4,0.4,-0.4
26.933333333333334,20.496767,-15.004309,2.0006254,-0.2215912,0.0018435154,0.00045847823,0.9751377,0.0052034035,-0.0022461305,0.044314772,-0.19548234,-0.28859526,0.10781795,20.496561,-15.00107,1.200632,0.0147532085,-0.23195387,-0.6065208,-0.35653976,486.0265,-297.4572,-567.9549,189.7974,486.0265,-297.4572,-567.9549,189.7974,1.0,-1.0,-1.0,1.0,33.524375915527344,-0.4,-0.4,0.4
26.95,20.49669,-15.004315,1.9993238,-0.22099045,0.000629903,0.0012996165,0.9752748,0.003983237,-0.0017100303,-0.11892081,0.23921797,0.25578058,-0.13495673,20.49662,-15.0009985,1.1993307,0.00505434,-0.23755467,-0.581932,-0.33604768,-308.81158,394.82077,492.3483,-804.9315,-308.81158,394.82077,492.3483,-804.9315,-1.0,1.0,1.0,-1.0,0.0,0.4,0.4,-0.4
26.966666666666665,20.496609,-15.004307,1.9991782,-0.22137247,0.0019243546,0.0008817742,0.97518694,0.004504614,-0.0030329877,0.027973348,-0.19063495,-0.27234584,0.10794186,20.496677,-15.000944,1.1991851,-0.004917736,-0.2408332,-0.5983246,-0.1967114,599.2223,-369.102,-576.11395,180.95892,599.2223,-369.102,-576.11395,180.95892,1.0,-1.0,-1.0,1.0,33.524375915527344,-0.4,-0.4,0.4
26.983333333333334,20.496538,-15.004298,1.9976041,-0.22077292,0.00056931743,0.0017330854,0.97532356,0.0032983543,-0.0026735596,-0.13526003,0.24405581,0.27202624,-0.13483724,20.496737,-15.000896,1.1976116,-0.014206794,-0.2436336,-0.5573434,-0.16802429,-170.68546,305.91354,474.116,-810.0202,-170.68546,305.91354,474.116,-810.0202,-1.0,1.0,1.0,-1.0,0.0,0.4,0.4,-0.4
27.0,20.496452,-15.004271,1.9971861,-0.2211559,0.0017236186,0.0013245409,0.97523606,0.0037816856,-0.0041328967,0.011635997,-0.18579017,-0.256124,0.10807907,20.496786,-15.000866,1.1971934,-0.023905663,-0.2438385,-0.58193207,-0.012294351,718.10724,-446.72705,-602.36755,172.22867,718.10724,-446.72705,-602.36755,172.22867,1.0,-1.0,-1.0,1.0,33.524375915527344,-0.4,-0.4,0.4
27.016666666666666,20.496382,-15.004241,1.9953396,-0.22055809,0.00022827905,0.002184847,0.97537136,0.0026868442,-0.003978968,-0.1515947,0.24889201,0.2882452,-0.13470854,20.496841,-15.000841,1.195347,-0.032921515,-0.24349697,-0.54095113,0.020492075,-6.778655,205.49141,416.1377,-831.54224,-6.778655,205.49141,416.1377,-831.54224,-1.0,1.0,1.0,-1.0,0.0,0.4,0.4,-0.4
27.03333333333333,20.496296,-15.00419,1.9946492,-0.2209419,0.001241381,0.001786526,0.97528446,0.0032372633,-0.0056046,-0.004697688,-0.18094692,-0.23993063,0.10822331,20.496891,-15.0008335,1.1946566,-0.042620383,-0.24042335,-0.581932,0.18441705,836.5853,-523.46094,-644.8077,167.1324,836.5853,-523.46094,-644.8077,167.1324,1.0,-1.0,-1.0,1.0,33.524375915527344,-0.4,-0.4,0.4
27.05,20.496225,-15.004115,1.9964132,-0.22034563,-0.0005019762,0.0026599139,0.9754181,0.001399097,-0.0050608525,0.14273216,0.25806767,0.32110125,-0.13457493,20.496937,-15.000845,1.1964206,-0.050953217,-0.23420782,-0.49997,0.37293163,181.93582,99.68447,314.22855,-860.12006,181.93582,99.68447,314.22855,-860.12006,1.0,1.0,1.0,-1.0,33.524375915527344,0.4,0.4,-0.4
27.066666666666666,20.496151,-15.004031,1.996745,-0.2207313,0.00033561199,0.002272497,0.97533196,0.002172192,-0.0067253495,-0.021025892,-0.17608231,-0.22377202,0.10837412,20.496984,-15.000863,1.196752,-0.059695866,-0.22689947,-0.5245589,0.4385009,-424.59723,-670.0062,-562.3324,334.62863,-424.59723,-670.0062,-562.3324,334.62863,-1.0,-1.0,-1.0,1.0,0.0,-0.4,-0.4,0.4
27.083333333333332,20.496077,-15.003921,1.9982353,-0.22012714,-0.00030298898,-0.0020704428,0.9754689,0.00067241536,-0.008597678,0.12622428,-0.5966585,0.32757878,-0.134999,20.497028,-15.0008955,1.1982417,-0.0681653,-0.21665412,-0.50816613,0.6147211,204.20937,-35.917442,186.61766,-909.1208,204.20937,-35.917442,186.61766,-909.1208,1.0,-1.0,1.0,-1.0,33.524375915527344,-0.4,0.4,-0.4
27.099999999999998,20.495998,-15.003816,1.998294,-0.22051488,0.00079673575,-0.004189319,0.9753742,0.0016888268,-0.0072189625,-0.037454743,-0.1707737,-0.20661685,0.10819873,20.497068,-15.000936,1.1983001,-0.07663474,-0.20627216,-0.5081664,0.62291795,-368.14883,672.7179,-562.8292,453.15222,-368.14883,672.7179,-562.8292,453.15222,-1.0,1.0,-1.0,1.0,0.0,0.4,-0.4,0.4
27.116666666666667,20.495949,-15.003751,1.9995133,-0.21990725,-0.0012322989,-0.0032938172,0.9755144,0.0005510375,-0.0047079194,0.10997762,0.26825538,0.35440242,-0.1346166,20.497107,-15.000989,1.199519,-0.082918525,-0.19780266,-0.37702692,0.5081695,261.3688,593.2211,191.60657,-706.7714,261.3688,593.2211,191.60657,-706.7714,1.0,1.0,1.0,-1.0,33.524375915527344,0.4,0.4,-0.4
27.133333333333333,20.495888,-15.003693,1.9992999,-0.22029637,-0.0006864885,-0.0036589734,0.97542584,0.001969193,-0.004498116,-0.05377476,-0.16587187,-0.19051614,0.108349934,20.497135,-15.001046,1.1993053,-0.089338906,-0.18953809,-0.38522285,0.49587426,-370.60498,-194.99187,-701.7589,282.89822,-370.60498,-194.99187,-701.7589,282.89822,-1.0,-1.0,-1.0,1.0,0.0,-0.4,-0.4,0.4
27.15,20.49584,-15.003665,2.0002468,-0.21968833,-0.0028551193,-0.00275386,0.975562,0.0013541067,-0.0023228072,0.093653046,0.2731433,0.37048736,-0.13446622,20.497164,-15.001115,1.2002519,-0.094803065,-0.18263957,-0.3278495,0.4139113,305.8643,603.2358,59.037415,-774.6813,305.8643,603.2358,59.037415,-774.6813,1.0,1.0,1.0,-1.0,33.524375915527344,0.4,0.4,-0.4
27.166666666666668,20.495783,-15.003646,1.9997606,-0.22007892,-0.002448756,-0.0031080067,0.975474,0.003256416,-0.0023928287,-0.07009622,-0.16097187,-0.17445078,0.1085044,20.497189,-15.001189,1.1997656,-0.10067704,-0.17594595,-0.35243866,0.40161696,-341.18515,-145.86716,-813.8848,280.14722,-341.18515,-145.86716,-813.8848,280.14722,-1.0,-1.0,-1.0,1.0,0.0,-0.4,-0.4,0.4
27.183333333333334,20.495708,-15.003665,2.0004296,-0.21949138,0.0018328764,-0.0007678378,0.9756124,0.005300624,-0.00060061575,0.07688523,0.26821345,-0.6922924,-0.13416961,20.49721,-15.001275,1.2004348,-0.10750724,-0.1711648,-0.40981156,0.28686938,374.0675,593.03156,-141.69873,-834.78546,374.0675,593.03156,-141.69873,-834.78546,1.0,1.0,-1.0,-1.0,33.524375915527344,0.4,-0.4,-0.4
27.2,20.495636,-15.00368,1.9996697,-0.2198778,0.00429452,-0.00065221067,0.97551775,0.0034681507,-0.0009430982,-0.08648421,-0.1573745,-0.1576686,0.108343154,20.497227,-15.001364,1.1996748,-0.11392764,-0.16590552,-0.3852242,0.3155565,-388.2418,-234.0562,802.9076,159.0375,-388.2418,-234.0562,802.9076,159.0375,-1.0,-1.0,1.0,1.0,0.0,-0.4,0.4,0.4
27.216666666666665,20.495615,-15.003692,2.000071,-0.21928205,0.0018419225,0.0002653671,0.9756597,0.0010244123,0.00049542985,0.060939007,0.28161383,0.40335995,-0.13447674,20.497236,-15.001462,1.2000756,-0.1161133,-0.15969002,-0.13113944,0.37292984,411.313,326.1103,474.19345,-612.5231,411.313,326.1103,474.19345,-612.5231,1.0,1.0,1.0,-1.0,33.524375915527344,0.4,0.4,-0.4
27.233333333333334,20.495596,-15.003699,1.9990399,-0.21967001,0.0019667402,-8.165631e-05,0.97557217,0.0012484764,-0.0001851879,-0.10281087,-0.1524767,-0.14161897,0.1085089,20.497244,-15.001565,1.1990446,-0.11802575,-0.15285982,-0.11474713,0.409812,-223.09875,-485.08636,-501.5404,242.04716,-223.09875,-485.08636,-501.5404,242.04716,-1.0,-1.0,-1.0,1.0,0.0,-0.4,-0.4,0.4
27.25,20.495596,-15.003705,1.9991691,-0.2190734,-0.0006252153,0.00084536854,0.9757077,-0.00035234465,0.0008260608,0.044599067,0.28650013,0.41939235,-0.13431562,20.497238,-15.0016775,1.1991736,-0.11761594,-0.14520998,0.024588702,0.4589903,531.80176,246.44994,305.6473,-765.47394,531.80176,246.44994,305.6473,-765.47394,1.0,1.0,1.0,-1.0,33.524375915527344,0.4,0.4,-0.4
27.266666666666666,20.495598,-15.003713,1.9978654,-0.21946359,-0.00063986535,0.00051017024,0.9756203,0.00064762065,-0.00021396739,-0.11915116,-0.14757949,-0.1256059,0.10868,20.497238,-15.001798,1.1978693,-0.11747933,-0.13715033,0.008196383,0.483579,-125.11279,-505.83817,-638.97174,232.0005,-125.11279,-505.83817,-638.97174,232.0005,-1.0,-1.0,-1.0,1.0,0.0,-0.4,-0.4,0.4
27.28333333333333,20.4956,-15.003718,1.9977223,-0.21886571,-0.0033713107,0.001446649,0.975748,-4.222922e-06,0.00034062887,0.028260186,0.29138368,0.43538547,-0.13414848,20.497229,-15.001926,1.1977262,-0.116659716,-0.12833937,0.049176957,0.528658,666.2317,180.42949,40.196735,-888.54987,666.2317,180.42949,40.196735,-888.54987,1.0,1.0,1.0,-1.0,33.524375915527344,0.4,0.4,-0.4
27.3,20.49558,-15.003718,1.9961461,-0.21925846,-0.0035239952,0.0011231167,0.9756598,0.0018670418,-0.0010890997,-0.13548562,-0.14268541,-0.1096326,0.108856045,20.497208,-15.002058,1.1961495,-0.11652311,-0.11891367,0.008196383,0.5655415,-20.872456,-483.47952,-795.4295,228.25331,-20.872456,-483.47952,-795.4295,228.25331,-1.0,-1.0,-1.0,1.0,0.0,-0.4,-0.4,0.4
27.316666666666666,20.495539,-15.003725,1.9957253,-0.21865258,0.0001965821,0.0034881919,0.9757965,0.0034181452,-0.0010282276,0.011513334,0.2864188,-0.62749934,-0.13382989,20.49719,-15.002196,1.1957287,-0.118298955,-0.109488,-0.106550746,0.56554013,799.63116,130.1234,-322.45697,-993.643,799.63116,130.1234,-322.45697,-993.643,1.0,1.0,-1.0,-1.0,33.524375915527344,0.4,-0.4,-0.4
27.333333333333332,20.49548,-15.003687,1.9977585,-0.21903533,0.001992907,0.00363657,0.975708,0.0022221063,-0.0031974632,0.15881316,-0.13474876,-0.0762915,0.108711146,20.49715,-15.002345,1.1977617,-0.11966501,-0.09610081,-0.08196338,0.8032317,74.95099,-661.47156,645.5748,99.866585,74.95099,-661.47156,645.5748,99.866585,1.0,-1.0,1.0,1.0,33.524375915527344,-0.4,0.4,0.4
27.349999999999998,20.49544,-15.003621,1.9983634,-0.21843387,0.00017993442,-0.0006416192,0.9758515,0.00053325435,-0.004745173,-0.004557961,-0.5597668,0.4582953,-0.13472821,20.497116,-15.002495,1.1983659,-0.12007482,-0.08066456,-0.024588702,0.92617476,-614.62506,-350.02655,281.85028,-118.15596,-614.62506,-350.02655,281.85028,-118.15596,-1.0,-1.0,1.0,-1.0,0.0,-0.4,0.4,-0.4
27.366666666666667,20.495394,-15.003574,2.0001252,-0.21881996,3.9408387e-05,-0.002695009,0.97576153,0.0013819677,-0.004035347,0.14243938,-0.1294117,-0.059361503,0.10840385,20.49707,-15.002651,1.2001274,-0.12007482,-0.06611624,0.0,0.87289894,181.44952,521.2746,-799.9083,339.4543,181.44952,521.2746,-799.9083,339.4543,1.0,1.0,-1.0,1.0,33.524375915527344,0.4,-0.4,0.4
27.383333333333333,20.495361,-15.003541,2.0004585,-0.21821137,-0.0031530648,-0.0017337954,0.9758948,0.0008491876,-0.0024366756,-0.020789322,0.30515933,0.48496944,-0.13443838,20.497023,-15.00281,1.2004606,-0.11898198,-0.052387558,0.065570615,0.8237211,-580.74756,295.32635,65.49078,-129.0905,-580.74756,295.32635,65.49078,-129.0905,-1.0,1.0,1.0,-1.0,0.0,0.4,0.4,-0.4
27.4,20.495296,-15.003524,2.0019479,-0.21860005,-0.0038428,-0.0020310043,0.9758048,0.002967712,-0.0030348226,0.12612453,-0.12450072,-0.043484896,0.10858486,20.496965,-15.002973,1.20195,-0.11952839,-0.039478496,-0.032784637,0.7745437,111.67707,-318.63766,-906.4776,178.06374,111.67707,-318.63766,-906.4776,178.06374,1.0,-1.0,-1.0,1.0,33.524375915527344,-0.4,-0.4,0.4
27.416666666666668,20.495213,-15.003527,2.0020037,-0.21800297,-0.00058159983,0.00035461216,0.9759478,0.004947434,-0.001987502,-0.037538618,0.30018717,-0.57800716,-0.13411286,20.496908,-15.003137,1.2020056,-0.12144086,-0.027935475,-0.11474802,0.6925812,-570.57306,319.5483,-401.33347,-120.23558,-570.57306,319.5483,-401.33347,-120.23558,-1.0,1.0,-1.0,-1.0,0.0,0.4,-0.4,-0.4
27.433333333333334,20.495127,-15.003516,2.0032191,-0.21838966,0.00078674743,0.0005252395,0.9758612,0.0040735365,-0.0030845418,0.10975249,-0.12090297,-0.026862904,0.10842545,20.496838,-15.003303,1.2032213,-0.12253369,-0.015299624,-0.06556972,0.75815105,146.4864,-489.22992,425.3157,81.40937,146.4864,-489.22992,425.3157,81.40937,1.0,-1.0,1.0,1.0,33.524375915527344,-0.4,0.4,0.4
27.45,20.495028,-15.003495,2.0030017,-0.21778095,0.005138982,-0.0023172516,0.9759813,0.0042974534,-0.0033725654,-0.054044906,-0.55579317,-0.57114106,-0.13469686,20.496763,-15.003469,1.2030038,-0.12430954,-0.0018441511,-0.10655119,0.80732834,-578.57306,-29.628798,-19.865335,-136.15784,-578.57306,-29.628798,-19.865335,-136.15784,-1.0,-1.0,-1.0,-1.0,0.0,-0.4,-0.4,-0.4
27.466666666666665,20.494997,-15.003485,2.003944,-0.21816435,0.0067645255,-0.0038918841,0.97588074,0.0015829747,-0.0014723244,0.09336751,-0.1167823,-0.009191424,0.10891138,20.496689,-15.003633,1.2039461,-0.12116765,0.010586794,0.18851323,0.74585664,168.5542,858.72266,752.47144,49.97316,168.5542,858.72266,752.47144,49.97316,1.0,1.0,1.0,1.0,33.524375915527344,0.4,0.4,0.4
27.483333333333334,20.495,-15.003487,2.0034597,-0.2175657,0.0031419462,-0.0029131318,0.9760362,-0.00067090755,0.00081102044,-0.069863364,0.3177534,0.5351211,-0.13392945,20.496607,-15.0037985,1.2034614,-0.11502047,0.02233472,0.36883098,0.70487547,-534.3165,320.14844,635.8834,-187.26624,-534.3165,320.14844,635.8834,-187.26624,-1.0,1.0,1.0,-1.0,0.0,0.4,0.4,-0.4
27.5,20.495022,-15.0035,2.0041318,-0.21795633,0.0020214822,-0.0032004989,0.97595114,-0.00055390096,0.0011390145,0.077047855,-0.111849435,0.0066455156,0.10911773,20.496517,-15.00396,1.2041337,-0.107097425,0.032921515,0.47538263,0.6352077,252.73647,-392.47028,-627.7767,115.5763,252.73647,-392.47028,-627.7767,115.5763,1.0,-1.0,-1.0,1.0,33.524375915527344,-0.4,-0.4,0.4
27.516666666666666,20.495052,-15.003526,2.003375,-0.21735297,-0.0017387293,-0.002212735,0.976089,-0.0012144761,0.0027987482,-0.08621,0.32267252,0.5509497,-0.13372104,20.496416,-15.004122,1.2033767,-0.097671755,0.042688686,0.56554013,0.58603024,-475.72382,332.11597,272.30783,-193.54233,-475.72382,332.11597,272.30783,-193.54233,-1.0,1.0,1.0,-1.0,0.0,0.4,0.4,-0.4
27.53333333333333,20.495062,-15.00357,2.0037746,-0.21774559,-0.0029965024,-0.0024859346,0.9759978,0.00058850454,0.0025086708,0.06070009,-0.106925406,0.022425577,0.1093305,20.496311,-15.004283,1.2037759,-0.08947551,0.051089823,0.4917745,0.5040682,305.39307,-297.46255,-852.5912,111.063705,305.39307,-297.46255,-852.5912,111.063705,1.0,-1.0,-1.0,1.0,33.524375915527344,-0.4,-0.4,0.4
27.55,20.49506,-15.0036335,2.0027409,-0.21715587,-0.00030124877,-8.04087e-05,0.9761369,0.0019516515,0.0035175737,-0.10296152,0.31771433,-0.51213753,-0.13338856,20.49621,-15.004442,1.202742,-0.08237211,0.057920013,0.42620432,0.40981135,-392.28775,377.4551,-273.65555,-186.57834,-392.28775,377.4551,-273.65555,-186.57834,-1.0,1.0,-1.0,-1.0,0.0,0.4,-0.4,-0.4
27.566666666666666,20.495062,-15.003685,2.002866,-0.21754953,0.0004999179,0.000113021255,0.97604907,0.0008972678,0.0026159538,0.044339303,-0.10329923,0.038934484,0.10916123,20.496101,-15.004596,1.2028674,-0.074449085,0.06522832,0.47538128,0.43849847,431.3469,-426.6385,532.2575,5.145769,431.3469,-426.6385,532.2575,5.145769,1.0,-1.0,1.0,1.0,33.524375915527344,-0.4,0.4,0.4
27.583333333333332,20.49508,-15.003735,2.0015652,-0.21695489,-0.0035404607,0.0011123049,0.9761745,0.0007764017,0.0029782522,-0.11891087,0.3311964,0.58321613,-0.1336711,20.495993,-15.004748,1.2015663,-0.06529662,0.07260493,0.54914784,0.44259664,-309.9321,53.830734,26.194635,-199.04533,-309.9321,53.830734,26.194635,-199.04533,-1.0,1.0,1.0,-1.0,0.0,0.4,0.4,-0.4
27.599999999999998,20.495058,-15.0037775,2.0014195,-0.21735275,-0.0050749523,0.00085131545,0.97607946,0.003069071,0.0013914041,0.02800934,-0.09838835,0.054650083,0.10939066,20.49588,-15.004895,1.2014208,-0.058876246,0.08004984,0.3852224,0.4466946,433.62442,-459.79953,-953.8267,115.82518,433.62442,-459.79953,-953.8267,115.82518,1.0,-1.0,-1.0,1.0,33.524375915527344,-0.4,-0.4,0.4
27.616666666666667,20.495012,-15.003836,1.9998404,-0.21674901,-0.002657978,0.0032654393,0.9762182,0.0047275284,0.0010566856,-0.13565618,0.32622415,-0.47992083,-0.1333285,20.495766,-15.005042,1.1998419,-0.0539585,0.086401924,0.29506466,0.38112488,-158.2682,57.01037,-650.86597,-189.7188,-158.2682,57.01037,-650.86597,-189.7188,-1.0,1.0,-1.0,-1.0,0.0,0.4,-0.4,-0.4
27.633333333333333,20.494946,-15.00386,1.9994205,-0.21714151,-0.0021323855,0.0034708274,0.97613156,0.0042217714,-0.0011951377,0.01164815,-0.0947718,0.07110663,0.10921857,20.495651,-15.005181,1.199422,-0.05054341,0.09459816,0.20490555,0.49177405,660.24866,-709.98535,137.9598,20.089497,660.24866,-709.98535,137.9598,20.089497,1.0,-1.0,1.0,1.0,33.524375915527344,-0.4,0.4,0.4
27.65,20.494858,-15.003869,1.9975672,-0.21654241,0.0013703688,0.00065554515,0.9762719,0.0047037043,-0.0019650161,-0.15213382,-0.5297717,-0.4732198,-0.13395126,20.495531,-15.005319,1.1975688,-0.04822114,0.10381894,0.13933605,0.5532467,-19.82815,-307.0465,-495.42038,-185.77928,-19.82815,-307.0465,-495.42038,-185.77928,-1.0,-1.0,-1.0,-1.0,0.0,-0.4,-0.4,-0.4
27.666666666666668,20.494795,-15.003878,1.9968745,-0.21397012,0.0021498983,-0.0008823641,0.97683734,0.0030516398,-0.0007956268,-0.004731427,-0.09160863,0.089333296,-0.37647626,20.495409,-15.005449,1.1968762,-0.04398642,0.11256158,0.2540832,0.52455866,793.31665,707.84436,459.88226,-3.627669,793.31665,707.84436,459.88226,-3.627669,1.0,1.0,1.0,-1.0,33.524375915527344,0.4,0.4,-0.4
27.683333333333334,20.494747,-15.003899,1.9986334,-0.2123976,0.00417542,0.0015303248,0.97717315,0.0036525056,0.00066519016,0.14226863,0.3378563,-0.42865053,-0.13295299,20.495274,-15.00557,1.1986353,-0.03770265,0.11973331,0.37702626,0.43030363,208.18916,184.90945,-170.5044,514.08057,208.18916,184.90945,-170.5044,514.08057,1.0,1.0,-1.0,1.0,33.524375915527344,0.4,-0.4,0.4
27.7,20.49472,-15.00391,1.998963,-0.21279606,0.0043705315,0.0017311799,0.97708523,0.0013203348,-0.00033200358,-0.021079333,-0.08734703,0.10571585,0.10960672,20.495146,-15.005689,1.1989653,-0.030462643,0.12738314,0.43440038,0.45898986,-547.3276,-635.9265,818.51465,167.57607,-547.3276,-635.9265,818.51465,167.57607,-1.0,-1.0,1.0,1.0,0.0,-0.4,0.4,0.4
27.716666666666665,20.494728,-15.003891,2.000453,-0.21219122,0.0008582193,-0.0024680272,0.97722465,-0.0017417326,-0.0015750285,0.12622555,-0.50803554,0.6568313,-0.13388543,20.495012,-15.0058,1.2004551,-0.020353964,0.13674052,0.6065207,0.5614426,143.76321,-268.9179,188.64459,-222.61392,143.76321,-268.9179,188.64459,-222.61392,1.0,-1.0,1.0,-1.0,33.524375915527344,-0.4,0.4,-0.4
27.733333333333334,20.49474,-15.003874,2.0005114,-0.21257676,-0.0008959433,-0.0044536865,0.9771338,-0.00086226047,-3.95003e-05,-0.03742101,-0.081951395,0.122380644,0.10915657,20.494877,-15.005906,1.200514,-0.009835472,0.14555149,0.6311094,0.528658,-417.35956,537.9423,-803.8801,373.12338,-417.35956,537.9423,-803.8801,373.12338,-1.0,1.0,-1.0,1.0,0.0,0.4,-0.4,0.4
27.75,20.49475,-15.003911,2.0017252,-0.21199036,0.00084871467,-0.0020312127,0.9772692,0.0009523594,0.0025254383,0.10959092,0.34693444,-0.39561647,-0.13357632,20.494747,-15.006002,1.2017283,0.00013660379,0.14978622,0.59832454,0.25408384,231.51851,398.67255,-281.79288,-224.24733,231.51851,398.67255,-281.79288,-224.24733,1.0,1.0,-1.0,-1.0,33.524375915527344,0.4,-0.4,-0.4
27.766666666666666,20.494762,-15.003951,2.0015097,-0.21238394,0.00075749395,-0.0018134922,0.97718424,-5.319575e-05,0.00241797,-0.05376302,-0.078242585,0.13871337,0.10899698,20.494616,-15.006097,1.2015128,0.010518491,0.15367945,0.62291324,0.23359357,-486.31625,-348.66306,612.7994,144.7862,-486.31625,-348.66306,612.7994,144.7862,-1.0,-1.0,1.0,1.0,0.0,-0.4,0.4,0.4
27.78333333333333,20.494781,-15.004008,2.0024512,-0.21179345,0.0023613805,0.00061054074,0.9773114,0.0009164638,0.0041270973,0.093235,0.350622,-0.37927976,-0.13373601,20.494486,-15.006177,1.2024541,0.021173587,0.15531869,0.6393057,0.09835481,243.68446,192.197,-143.48705,-231.93483,243.68446,192.197,-143.48705,-231.93483,1.0,1.0,-1.0,-1.0,33.524375915527344,0.4,-0.4,-0.4
27.8,20.494808,-15.004065,2.0019631,-0.21218653,0.0021319825,0.00082936004,0.97722644,-0.00073455996,0.0032687425,-0.07011915,-0.07454066,0.15503338,0.10884484,20.494354,-15.006259,1.2019665,0.032511704,0.15716286,0.68028694,0.110650055,-490.311,-552.89343,728.5359,133.42612,-490.311,-552.89343,728.5359,133.42612,-1.0,-1.0,1.0,1.0,0.0,-0.4,0.4,0.4
27.816666666666666,20.494844,-15.004102,2.0026307,-0.21157786,0.004796536,-0.0019807303,0.9773474,-0.00048111938,0.0024787763,0.07681549,-0.5052388,-0.37279904,-0.13435899,20.494228,-15.006327,1.2026342,0.044123027,0.15934852,0.6966794,0.13113944,276.7953,-93.8971,-9.871682,-235.33203,276.7953,-93.8971,-9.871682,-235.33203,1.0,-1.0,-1.0,-1.0,33.524375915527344,-0.4,-0.4,-0.4
27.833333333333332,20.4949,-15.00414,2.0018697,-0.21196204,0.00481589,-0.0035053543,0.9772597,-0.0027224752,0.004284528,-0.08641295,-0.07038978,0.1723758,0.10911692,20.494106,-15.00639,1.2018732,0.05682718,0.16112438,0.7622491,0.10655164,-429.0083,844.7137,797.13855,150.01758,-429.0083,844.7137,797.13855,150.01758,-1.0,1.0,1.0,1.0,0.0,0.4,0.4,0.4
27.849999999999998,20.495008,-15.004206,2.0022712,-0.21135649,-0.00046906553,-0.0024443278,0.97740585,-0.004958013,0.0067578442,0.06094605,0.36842135,0.73333657,-0.13368657,20.49398,-15.006444,1.2022749,0.07362946,0.16030475,1.0081367,-0.049177404,388.24536,303.5329,301.13083,-257.7261,388.24536,303.5329,301.13083,-257.7261,1.0,1.0,1.0,-1.0,33.524375915527344,0.4,0.4,-0.4
27.866666666666667,20.49512,-15.004273,2.0012398,-0.21174714,-0.0031857241,-0.0026619195,0.97731566,-0.0032389518,0.0066317148,-0.10282557,-0.06539339,0.18789609,0.109479025,20.493862,-15.006493,1.2012441,0.09002193,0.1589387,0.9835481,-0.081962936,-285.42334,-408.28906,-754.2807,198.14415,-285.42334,-408.28906,-754.2807,198.14415,-1.0,-1.0,-1.0,1.0,0.0,-0.4,-0.4,0.4
27.883333333333333,20.4952,-15.00438,2.0013633,-0.21115252,-0.0020023112,-0.0002237491,0.977451,-0.0009991219,0.00812217,0.044166174,0.36343807,-0.33015025,-0.13326314,20.493748,-15.006532,1.2013676,0.10395554,0.15408926,0.83601636,-0.2909669,486.67862,368.15225,-432.35422,-247.46104,486.67862,368.15225,-432.35422,-247.46104,1.0,1.0,-1.0,-1.0,33.524375915527344,0.4,-0.4,-0.4
27.9,20.495277,-15.004482,2.0000575,-0.21154799,-0.0026539476,1.559033e-05,0.97736394,-0.0010797409,0.007177842,-0.119193405,-0.061681718,0.20411506,0.109343626,20.493639,-15.006564,1.200062,0.11734273,0.14910321,0.8032317,-0.29916283,-241.4797,-384.4054,406.973,108.6291,-241.4797,-384.4054,406.973,108.6291,-1.0,-1.0,1.0,1.0,0.0,-0.4,0.4,0.4
27.916666666666668,20.495329,-15.004598,1.9999086,-0.21094894,-0.0016102974,0.002455497,0.97749263,0.0007396485,0.0077036354,0.027789168,0.3671224,-0.313928,-0.13339205,20.493536,-15.006588,1.1999129,0.12840767,0.14254619,0.6638963,-0.39342102,572.667,158.92229,-478.20837,-243.13503,572.667,158.92229,-478.20837,-243.13503,1.0,1.0,-1.0,-1.0,33.524375915527344,0.4,-0.4,-0.4
27.933333333333334,20.495369,-15.0047035,1.9983306,-0.21134573,-0.002399615,0.002696406,0.9774047,0.00040381262,0.005908639,-0.13556623,-0.05798365,0.22031812,0.10921777,20.493427,-15.006609,1.1983353,0.13906279,0.13646731,0.63930714,-0.364733,-135.24834,-601.9902,340.42694,120.8935,-135.24834,-601.9902,340.42694,120.8935,-1.0,-1.0,1.0,1.0,0.0,-0.4,0.4,0.4
27.95,20.495382,-15.004787,1.9979079,-0.21075289,-0.0002992769,-9.93561e-05,0.97753924,0.0019206567,0.0045327884,0.011373736,-0.48877922,-0.30758393,-0.13401192,20.493338,-15.006619,1.1979128,0.14643942,0.13120806,0.44259754,-0.3155547,671.2539,-110.53755,-555.7415,-234.18956,671.2539,-110.53755,-555.7415,-234.18956,1.0,-1.0,-1.0,-1.0,33.524375915527344,-0.4,-0.4,-0.4
27.966666666666665,20.4954,-15.004879,1.9999402,-0.21114743,-0.00094727153,-0.0015969515,0.9774524,0.0008175983,0.005089102,0.15879808,-0.049461246,0.2541595,0.109419815,20.493261,-15.006622,1.1999449,0.15313303,0.12485595,0.40161696,-0.38112667,26.278057,799.2409,410.42093,157.71027,26.278057,799.2409,410.42093,157.71027,1.0,1.0,1.0,1.0,33.524375915527344,0.4,0.4,0.4
27.983333333333334,20.495417,-15.004987,2.0005407,-0.21055429,-0.00022319953,0.00084993785,0.97758174,0.0020948073,0.006302632,-0.004876192,0.37490553,-0.28050518,-0.13330425,20.493189,-15.006621,1.2005455,0.15955342,0.11706953,0.3852233,-0.46718535,-613.3324,257.78302,-307.28778,-68.11886,-613.3324,257.78302,-307.28778,-68.11886,-1.0,1.0,-1.0,-1.0,0.0,0.4,-0.4,-0.4
28.0,20.495424,-15.005076,2.0023007,-0.21095163,-0.001405745,0.0011006453,0.9774948,0.00093024666,0.0051357215,0.14242464,-0.045786202,0.2703207,0.10931434,20.493118,-15.006611,1.2023056,0.1651542,0.109897815,0.3360468,-0.43030274,16.484516,-486.49286,339.35504,117.856094,16.484516,-486.49286,339.35504,117.856094,1.0,-1.0,1.0,1.0,33.524375915527344,-0.4,0.4,0.4
28.016666666666666,20.495424,-15.005156,2.0026276,-0.21035928,0.0003731987,-0.0016889314,0.9776226,0.0021493833,0.0042381277,-0.021298936,-0.48101428,-0.2742228,-0.13392828,20.49306,-15.006598,1.2026323,0.16938893,0.10334082,0.25408384,-0.39341968,-638.2183,-7.8906507,-413.36954,-56.73056,-638.2183,-7.8906507,-413.36954,-56.73056,-1.0,-1.0,-1.0,-1.0,0.0,-0.4,-0.4,-0.4
28.03333333333333,20.49544,-15.00525,2.0041149,-0.21075122,-0.00056112563,-0.003181287,0.9775343,0.00097146514,0.005480529,0.12612806,-0.04164958,0.2874971,0.10947851,20.49301,-15.0065775,1.2041198,0.1740335,0.09507628,0.27867344,-0.49587247,33.725376,870.5489,402.12003,157.74248,33.725376,870.5489,402.12003,157.74248,1.0,1.0,1.0,1.0,33.524375915527344,0.4,0.4,0.4
28.05,20.495459,-15.005364,2.0041704,-0.21016033,-0.00012042458,-0.00072966574,0.9776667,0.0021743067,0.0070760627,-0.037547827,0.382684,-0.24717587,-0.13323767,20.492966,-15.006552,1.2041754,0.17854144,0.08503589,0.2704766,-0.6024232,-624.853,426.1994,-344.9116,-75.01634,-624.853,426.1994,-344.9116,-75.01634,-1.0,1.0,-1.0,-1.0,0.0,0.4,-0.4,-0.4
28.066666666666666,20.495476,-15.005479,2.0053859,-0.21055661,-0.0015887924,-0.00047280555,0.97758025,0.0011499571,0.0064272624,0.10975224,-0.03796798,0.30360824,0.10939657,20.492931,-15.006524,1.2053905,0.18222976,0.0748589,0.22129922,-0.6106196,51.967182,-324.6286,299.16904,108.62174,51.967182,-324.6286,299.16904,108.62174,1.0,-1.0,1.0,1.0,33.524375915527344,-0.4,0.4,0.4
28.083333333333332,20.49549,-15.005598,2.0051694,-0.20996006,-0.0012868318,0.0019790805,0.977707,0.0024782275,0.007007961,-0.05392666,0.38634923,-0.23106943,-0.13331462,20.492899,-15.00649,1.2051742,0.18550827,0.06386229,0.19671051,-0.65979654,-619.56335,206.43472,-494.35117,-63.505833,-619.56335,206.43472,-494.35117,-63.505833,-1.0,1.0,-1.0,-1.0,0.0,0.4,-0.4,-0.4
28.099999999999998,20.495491,-15.005697,2.0061123,-0.21035926,-0.002891801,0.0022383186,0.9776172,0.0016969269,0.005309367,0.0933788,-0.03430125,0.31968454,0.109324634,20.492882,-15.006457,1.2061169,0.18687432,0.054436617,0.081962936,-0.56554013,82.22783,-544.2347,139.35403,129.69095,82.22783,-544.2347,139.35403,129.69095,1.0,-1.0,1.0,1.0,33.524375915527344,-0.4,0.4,0.4
28.116666666666667,20.495476,-15.005781,2.0056221,-0.20977102,-0.0015370253,-0.0005469201,0.9777491,0.0032580362,0.0042382586,-0.07034354,-0.46958634,-0.22488672,-0.13393162,20.492868,-15.006419,1.2056267,0.1867377,0.04569397,-0.00819683,-0.52455866,-588.4503,-63.54365,-709.3259,-41.473713,-588.4503,-63.54365,-709.3259,-41.473713,-1.0,-1.0,-1.0,-1.0,0.0,-0.4,-0.4,-0.4
28.133333333333333,20.495462,-15.00588,2.006292,-0.21016605,-0.0028933396,-0.002030185,0.9776592,0.002779021,0.0050499863,0.07708825,-0.030172616,0.33678174,0.109434195,20.49287,-15.006382,1.2062967,0.18564487,0.0359268,-0.06557017,-0.58603024,162.58554,806.8101,156.13159,179.18668,162.58554,806.8101,156.13159,179.18668,1.0,1.0,1.0,1.0,33.524375915527344,0.4,0.4,0.4
28.15,20.495441,-15.005992,2.0055306,-0.20956716,-0.002873064,0.00042556977,0.97778994,0.0046273773,0.0058779903,-0.08658417,0.3941058,-0.19790633,-0.13326174,20.492876,-15.006336,1.2055347,0.1837324,0.024656983,-0.11474758,-0.676189,-519.23596,370.77197,-777.5092,-55.55817,-519.23596,370.77197,-777.5092,-55.55817,-1.0,1.0,-1.0,-1.0,0.0,0.4,-0.4,-0.4
28.166666666666668,20.49539,-15.006104,2.0059233,-0.20995551,0.0018441054,0.0020425634,0.97770697,0.00642482,0.004533043,0.060268916,-0.03647095,-0.7261332,0.10943046,20.492899,-15.006293,1.2059275,0.17840484,0.013523775,-0.31965402,-0.6679924,251.89552,-367.75186,-152.36707,141.63252,251.89552,-367.75186,-152.36707,141.63252,1.0,-1.0,-1.0,1.0,33.524375915527344,-0.4,-0.4,0.4
28.183333333333334,20.495337,-15.0062,2.0048864,-0.20934513,0.005109982,-0.00027616517,0.9778284,0.004309496,0.0040545086,-0.103079595,-0.46099862,-0.1911022,-0.13386886,20.492924,-15.0062475,1.2048901,0.17280406,0.0034150947,-0.3360468,-0.6065208,-538.4986,-48.498455,924.8913,-2239.206,-538.4986,-48.498455,924.8913,-2239.206,-1.0,-1.0,1.0,-1.0,0.0,-0.4,0.4,-0.4
28.2,20.495333,-15.006291,2.005011,-0.20973338,0.003462662,-0.001750414,0.9777509,0.001625009,0.005330746,0.044357978,-0.021535367,0.37058073,0.10947236,20.492954,-15.006204,1.2050148,0.17034517,-0.006283774,-0.1475331,-0.58193207,317.4239,840.1169,537.3043,177.99066,317.4239,840.1169,537.3043,177.99066,1.0,1.0,1.0,1.0,33.524375915527344,0.4,0.4,0.4
28.216666666666665,20.495344,-15.0064,2.0037045,-0.20914926,0.0031931677,0.0007212767,0.9778782,0.0014533823,0.006327343,-0.11931339,0.40271318,-0.16412045,-0.13321589,20.492992,-15.006163,1.2037082,0.16843271,-0.017007172,-0.11474758,-0.6434038,-363.85126,258.68024,-202.2278,-87.04781,-363.85126,258.68024,-202.2278,-87.04781,-1.0,1.0,-1.0,-1.0,0.0,0.4,-0.4,-0.4
28.233333333333334,20.495382,-15.006485,2.0035572,-0.20955124,0.0010141996,0.0009973904,0.9777966,-0.0005427711,0.0052921223,0.027985398,-0.017857254,0.38657334,0.10945291,20.49304,-15.006121,1.203561,0.16774969,-0.026091324,-0.040981468,-0.5450491,438.99014,-487.60263,426.0006,93.4354,438.99014,-487.60263,426.0006,93.4354,1.0,-1.0,1.0,1.0,33.524375915527344,-0.4,0.4,0.4
28.25,20.495419,-15.006559,2.001977,-0.20895414,0.0017940619,-0.0017698539,0.97792214,-9.140931e-05,0.0052380553,-0.13573326,-0.4532116,-0.15803435,-0.13381143,20.493097,-15.00608,1.2019806,0.16624704,-0.034355856,-0.09015887,-0.4958719,-235.40663,-11.097315,-428.1864,-80.219574,-235.40663,-11.097315,-428.1864,-80.219574,-1.0,-1.0,-1.0,-1.0,0.0,-0.4,-0.4,-0.4
28.266666666666666,20.495478,-15.006648,2.0015574,-0.20934309,-0.0001373552,-0.0032355597,0.9778369,-0.001354598,0.006843119,0.011687314,-0.013708919,0.403601,0.109505534,20.493162,-15.006041,1.2015607,0.16583723,-0.04350831,-0.024588702,-0.5491472,610.3729,893.4609,401.77536,144.63933,610.3729,893.4609,401.77536,144.63933,1.0,1.0,1.0,1.0,33.524375915527344,0.4,0.4,0.4
28.28333333333333,20.495537,-15.006758,1.9997053,-0.20874964,-0.00068711885,-0.00076054165,0.9779686,-0.00020877691,0.007884558,-0.15199368,0.41051358,-0.13111179,-0.13317712,20.493227,-15.006002,1.199709,0.16542742,-0.054095104,-0.024588702,-0.63520765,-66.21425,446.93988,-502.77005,-102.832924,-66.21425,446.93988,-502.77005,-102.832924,-1.0,1.0,-1.0,-1.0,0.0,0.4,-0.4,-0.4
28.3,20.495598,-15.006864,1.9990135,-0.20914593,-0.0031484633,-0.0004753586,0.97787917,-0.00056891795,0.007009059,-0.0047020568,-0.010020196,0.4195153,0.10951008,20.493309,-15.005967,1.1990175,0.16392477,-0.06420379,-0.09015887,-0.6065212,728.5047,-292.15762,113.43475,84.8321,728.5047,-292.15762,113.43475,84.8321,1.0,-1.0,1.0,1.0,33.524375915527344,-0.4,0.4,0.4
28.316666666666666,20.495619,-15.006987,2.000773,-0.20854463,-0.0039426386,0.0020051033,0.97800285,0.0015796493,0.008167714,0.14227657,0.41856503,-0.09859814,-0.13315687,20.493399,-15.005937,1.2007765,0.15900701,-0.0752004,-0.2950653,-0.65979654,101.113785,261.84683,-853.8036,-82.037254,101.113785,261.84683,-853.8036,-82.037254,1.0,1.0,-1.0,-1.0,33.524375915527344,0.4,-0.4,-0.4
28.333333333333332,20.495619,-15.00711,2.0010977,-0.20892756,3.299222e-05,0.0036402496,0.9779242,0.003367294,0.0064197234,-0.021498594,-0.01629603,-0.6435369,0.109581426,20.493498,-15.005906,1.2011012,0.15190358,-0.08619702,-0.42620566,-0.659797,-595.84576,-484.73355,-136.53455,316.5314,-595.84576,-484.73355,-136.53455,316.5314,-1.0,-1.0,-1.0,1.0,0.0,-0.4,-0.4,0.4
28.349999999999998,20.495615,-15.0071945,2.0025814,-0.2083228,0.0024803896,0.001341576,0.978056,0.002240262,0.004178739,0.12583001,-0.4365245,-0.091914356,-0.1337548,20.493603,-15.005885,1.2025852,0.14411715,-0.093778536,-0.46718624,-0.454891,1.0206065,-124.394684,842.86273,-2185.673,1.0206065,-124.394684,842.86273,-2185.673,1.0,-1.0,1.0,-1.0,33.524375915527344,-0.4,0.4,-0.4
28.366666666666667,20.495634,-15.007268,2.002638,-0.20871854,8.9386005e-05,-0.00010627096,0.9779757,0.0006583787,0.0045698993,-0.037401352,-0.0013422966,0.4530241,0.10951168,20.493715,-15.005867,1.2026417,0.13742355,-0.10033553,-0.40161607,-0.39341968,-644.0539,734.9545,380.87354,413.43387,-644.0539,734.9545,380.87354,413.43387,-1.0,1.0,1.0,1.0,0.0,0.4,0.4,0.4
28.383333333333333,20.495646,-15.007354,2.0038524,-0.20812558,-0.000992619,0.002388841,0.97809863,0.0016502936,0.005669966,0.1095855,0.42721492,-0.06508118,-0.13314366,20.493834,-15.005854,1.203856,0.1297737,-0.10743894,-0.4589903,-0.42620432,127.72382,119.30088,-742.0036,-73.8465,127.72382,119.30088,-742.0036,-73.8465,1.0,1.0,-1.0,-1.0,33.524375915527344,0.4,-0.4,-0.4
28.4,20.495663,-15.00743,2.0036378,-0.20853058,-0.0039120954,0.0026929493,0.97800434,0.0012272996,0.0039514536,-0.053763717,0.0023602545,0.46884304,0.10957113,20.49396,-15.005843,1.2036413,0.121987276,-0.11365443,-0.4671858,-0.3729294,-580.1033,-629.8718,11.626597,291.36075,-580.1033,-629.8718,11.626597,291.36075,-1.0,-1.0,1.0,1.0,0.0,-0.4,0.4,0.4
28.416666666666668,20.495628,-15.007488,2.004578,-0.20794974,-0.0039483667,-5.2180403e-05,0.97813153,0.0034344152,0.0019078045,0.09317012,-0.42872024,-0.059198737,-0.13370427,20.494091,-15.005841,1.2045814,0.11010272,-0.11795745,-0.71307325,-0.25818136,144.36801,-43.897034,-1018.19366,-60.026478,144.36801,-43.897034,-1018.19366,-60.026478,1.0,-1.0,-1.0,-1.0,33.524375915527344,-0.4,-0.4,-0.4
28.433333333333334,20.495571,-15.007555,2.004085,-0.20835271,-1.2509746e-05,-0.00014988432,0.9780537,0.0049870145,0.002348777,-0.070499554,-0.0034607053,-0.5931705,0.10977927,20.494225,-15.005842,1.204088,0.09644232,-0.12267029,-0.819624,-0.2827705,-527.1431,689.6584,-318.74045,440.09402,-527.1431,689.6584,-318.74045,440.09402,-1.0,1.0,-1.0,1.0,0.0,0.4,-0.4,0.4
28.45,20.49553,-15.007624,2.0047526,-0.20776422,0.0008219075,0.0028072316,0.9781745,0.0039400654,0.0033041453,0.07688341,0.43589112,-0.031644136,-0.13308829,20.494368,-15.005847,1.2047557,0.08319173,-0.12724653,-0.7950353,-0.27457413,168.032,184.68268,651.1438,-1913.2953,168.032,184.68268,651.1438,-1913.2953,1.0,1.0,1.0,-1.0,33.524375915527344,0.4,0.4,-0.4
28.466666666666665,20.495472,-15.0076885,2.0039876,-0.20815061,0.0042237174,0.0044631124,0.9780774,0.0036898195,0.0014978764,-0.086890765,0.0011031628,-0.5766603,0.10970242,20.494507,-15.005857,1.2039905,0.06912153,-0.13113976,-0.8442118,-0.23359357,-479.3018,-708.66425,-22.827976,288.4151,-479.3018,-708.66425,-22.827976,288.4151,-1.0,-1.0,-1.0,1.0,0.0,-0.4,-0.4,0.4
28.483333333333334,20.495459,-15.007698,2.0043812,-0.20753703,0.0060938005,0.0021900868,0.9782056,0.0008036968,-0.0003673528,0.060426865,-0.41918132,-0.025045872,-0.13365945,20.49466,-15.0058775,1.2043839,0.05723699,-0.13038842,-0.71307236,0.045079883,207.90373,-357.5571,966.6248,-1842.4658,207.90373,-357.5571,966.6248,-1842.4658,1.0,-1.0,1.0,-1.0,33.524375915527344,-0.4,0.4,-0.4
28.5,20.495466,-15.00769,2.0033479,-0.20793392,0.003127431,0.0007693942,0.9781375,-0.0015344135,8.872198e-05,-0.10281485,0.016086817,0.51981616,0.10955265,20.494802,-15.005898,1.2033502,0.047538124,-0.12833937,-0.581932,0.12294351,-445.00467,499.89127,504.08072,389.83157,-445.00467,499.89127,504.08072,389.83157,-1.0,1.0,1.0,1.0,0.0,0.4,0.4,0.4
28.516666666666666,20.49549,-15.007676,2.0034704,-0.20733352,0.0026513736,-0.0019490476,0.97826475,-0.0015515607,-0.0005146159,0.04409164,-0.4150241,-0.008203477,-0.13371354,20.494955,-15.005932,1.2034725,0.038249064,-0.12492426,-0.55734354,0.20490645,411.85565,-189.53543,-662.3251,-83.141846,411.85565,-189.53543,-662.3251,-83.141846,1.0,-1.0,-1.0,-1.0,33.524375915527344,-0.4,-0.4,-0.4
28.53333333333333,20.495533,-15.007662,2.0021644,-0.207719,-0.00046137915,-0.0033629448,0.97818255,-0.002368827,0.0010493132,-0.11916508,0.020265102,0.53664327,0.10948836,20.495111,-15.005967,1.2021664,0.030189436,-0.12137256,-0.48357767,0.21310194,-286.53772,765.3676,269.6291,358.0898,-286.53772,765.3676,269.6291,358.0898,-1.0,1.0,1.0,1.0,0.0,0.4,0.4,0.4
28.55,20.49557,-15.007687,2.002016,-0.2071197,-0.0022569678,-0.0008369728,0.97831255,-0.0008062853,0.0027870806,0.027835753,0.44878024,0.018508673,-0.13314512,20.49527,-15.006009,1.202018,0.021446794,-0.12014312,-0.5245585,0.073766105,547.44684,256.49072,-933.3179,-106.52741,547.44684,256.49072,-933.3179,-106.52741,1.0,1.0,-1.0,-1.0,33.524375915527344,0.4,-0.4,-0.4
28.566666666666666,20.495588,-15.007717,2.0004332,-0.20751615,0.0007135104,0.00083725434,0.9782309,-7.045304e-05,0.0018212388,-0.13591458,0.014041156,-0.5265525,0.10968191,20.495426,-15.006051,1.200435,0.011611322,-0.119323485,-0.5901283,0.0491783,-137.41463,-484.3035,-258.25867,238.94333,-137.41463,-484.3035,-258.25867,238.94333,-1.0,-1.0,-1.0,1.0,0.0,-0.4,-0.4,0.4
28.583333333333332,20.495607,-15.007731,2.0000093,-0.20691712,0.0021537628,-0.001420698,0.978355,-0.0015583611,0.0012021495,0.011400145,-0.40626907,0.025012285,-0.13369547,20.495575,-15.006106,1.2000111,0.0023222642,-0.1163865,-0.5573434,0.17621888,625.44794,-42.368855,752.76245,-1876.3538,625.44794,-42.368855,752.76245,-1876.3538,1.0,-1.0,1.0,-1.0,33.524375915527344,-0.4,0.4,-0.4
28.599999999999998,20.495657,-15.007742,1.9981586,-0.2073043,-0.0012448635,-0.0028183726,0.9782716,-0.001948884,0.0025886768,-0.15185495,0.029060543,0.5698254,0.10948838,20.495733,-15.006164,1.1981602,-0.0054641515,-0.1130397,-0.4671849,0.20080803,-4.213841,742.06866,166.38628,346.69104,-4.213841,742.06866,166.38628,346.69104,-1.0,1.0,1.0,1.0,0.0,0.4,0.4,0.4
28.616666666666667,20.495691,-15.007791,1.9974648,-0.20670213,-0.003325456,-0.00027748485,0.9783982,-3.503589e-05,0.003887443,-0.004860094,0.4575473,0.051676303,-0.13313143,20.49589,-15.006228,1.1974665,-0.014206794,-0.111878574,-0.52455854,0.06966769,780.3812,251.29419,-1012.3223,-110.66913,780.3812,251.29419,-1012.3223,-110.66913,1.0,1.0,-1.0,-1.0,33.524375915527344,0.4,-0.4,-0.4
28.633333333333333,20.49568,-15.007847,1.9992199,-0.20709588,-0.00074651977,0.0014160665,0.97831935,0.0024689385,0.002910534,0.14203528,0.027228445,-0.47679722,0.10972531,20.49604,-15.006301,1.1992217,-0.025818117,-0.11071744,-0.69667935,0.06966814,175.42978,-480.3077,-423.2411,229.76697,175.42978,-480.3077,-423.2411,229.76697,1.0,-1.0,-1.0,1.0,33.524375915527344,-0.4,-0.4,0.4
28.65,20.495663,-15.007893,1.9995453,-0.20650083,0.00037172125,-0.00082753686,0.978446,0.001759432,0.0019458949,-0.021308279,-0.39752057,0.058101475,-0.13367163,20.496195,-15.006379,1.1995469,-0.038112458,-0.10839517,-0.7376604,0.13933627,-650.3911,-44.325466,617.17664,-1008.2067,-650.3911,-44.325466,617.17664,-1008.2067,-1.0,-1.0,1.0,-1.0,0.0,-0.4,0.4,-0.4
28.666666666666668,20.495653,-15.007954,2.001028,-0.20690216,0.003190449,-0.00087338063,0.978356,0.002890277,0.002902823,0.12569593,0.03226787,-0.45935738,0.10974609,20.49635,-15.006466,1.2010295,-0.049860388,-0.106551014,-0.70487577,0.11064916,186.346,691.91547,-164.79713,358.18573,186.346,691.91547,-164.79713,358.18573,1.0,1.0,-1.0,1.0,33.524375915527344,0.4,-0.4,0.4
28.683333333333334,20.495655,-15.008024,2.001083,-0.20632254,0.0029857224,0.0021389897,0.9784771,0.0010530673,0.00397879,-0.037570212,0.4671332,0.08545235,-0.1331328,20.496498,-15.006554,1.2010847,-0.060378887,-0.10532158,-0.6311099,0.073766105,-649.6637,94.654594,839.4901,-772.2598,-649.6637,94.654594,839.4901,-772.2598,-1.0,1.0,1.0,-1.0,0.0,0.4,0.4,-0.4
28.7,20.495687,-15.008058,2.0022984,-0.20673515,-0.0013354397,0.0025205752,0.9783928,-0.0014928326,0.0025869117,0.10973035,0.04679957,0.6358274,0.109686345,20.496645,-15.006647,1.2023001,-0.068575114,-0.101018555,-0.4917736,0.25818136,164.59677,-758.0862,21.08781,198.74124,164.59677,-758.0862,21.08781,198.74124,1.0,-1.0,1.0,1.0,33.524375915527344,-0.4,0.4,0.4
28.716666666666665,20.495714,-15.008072,2.0020804,-0.2091211,-0.0026971514,-0.00014828112,0.977886,-0.00018338638,0.0011372212,-0.054010045,-0.3889915,0.090600654,0.35222265,20.496794,-15.006742,1.2020822,-0.07731777,-0.09528118,-0.52455914,0.34424227,-504.97928,-250.46999,-907.4364,93.11735,-504.97928,-250.46999,-907.4364,93.11735,-1.0,-1.0,-1.0,1.0,0.0,-0.4,-0.4,0.4
28.733333333333334,20.495703,-15.008104,2.003018,-0.21050791,-0.00014521113,-0.0001693794,0.9775921,0.0018342969,0.0019005337,0.09299955,0.04027918,-0.42858434,0.1093228,20.49693,-15.006843,1.2030201,-0.087836266,-0.09036344,-0.6311099,0.29506442,228.04222,538.8658,-363.24847,-2790.4966,228.04222,538.8658,-363.24847,-2790.4966,1.0,1.0,-1.0,-1.0,33.524375915527344,0.4,-0.4,-0.4
28.75,20.4957,-15.008151,2.0025277,-0.20991485,-0.00062543864,0.0028512434,0.9777153,0.0010271082,0.0023205394,-0.070260964,0.4751203,0.11608881,-0.13355675,20.497065,-15.006947,1.2025298,-0.097671755,-0.086265326,-0.5901293,0.24588703,-572.7477,18.23001,583.89246,-908.73914,-572.7477,18.23001,583.89246,-908.73914,-1.0,1.0,1.0,-1.0,0.0,0.4,0.4,-0.4
28.766666666666666,20.49568,-15.00817,2.003193,-0.21030107,0.0013930998,0.004582837,0.97762495,0.001971959,0.0003216056,0.07664199,0.04483375,-0.41230282,0.10935674,20.49719,-15.007058,1.2031952,-0.10819026,-0.07964003,-0.6311103,0.39751765,285.91132,-831.393,-386.73978,202.563,285.91132,-831.393,-386.73978,202.563,1.0,-1.0,-1.0,1.0,33.524375915527344,-0.4,-0.4,0.4
28.78333333333333,20.495665,-15.0081625,2.0024285,-0.20969926,0.0019607968,0.002373635,0.97776103,0.0003736345,-0.0012183599,-0.08670805,-0.38006857,0.12254222,-0.13405287,20.497324,-15.007168,1.202431,-0.11884537,-0.07123889,-0.6393067,0.5040684,-528.0255,-513.9125,653.8279,-959.73987,-528.0255,-513.9125,653.8279,-959.73987,-1.0,-1.0,1.0,-1.0,0.0,-0.4,0.4,-0.4
28.8,20.495653,-15.008144,2.0028205,-0.21008866,0.0042253775,0.0023669954,0.9776703,0.00036125747,-0.001159091,0.060306422,0.04985422,-0.39495257,0.109346405,20.497438,-15.007287,1.2028234,-0.12786125,-0.061403416,-0.5409523,0.5901284,391.1222,388.23593,-244.6833,324.1031,391.1222,388.23593,-244.6833,324.1031,1.0,1.0,-1.0,1.0,33.524375915527344,0.4,-0.4,0.4
28.816666666666666,20.495651,-15.00811,2.0017838,-0.20948114,0.0046443176,0.00016952955,0.9778016,-0.001962766,-0.0017330172,-0.10304592,-0.37506056,0.13988276,-0.13406305,20.497553,-15.007405,1.2017865,-0.13619411,-0.050475106,-0.49997178,0.6556986,-439.6656,-422.21744,883.52924,-809.22296,-439.6656,-422.21744,883.52924,-809.22296,-1.0,-1.0,1.0,-1.0,0.0,-0.4,0.4,-0.4
28.833333333333332,20.495699,-15.008073,2.0019088,-0.20986913,0.00015311295,-0.0011778524,0.9777287,-0.0043905596,-0.0006746992,0.044339765,0.06479034,0.7011003,0.10906026,20.497656,-15.007532,1.2019112,-0.14015561,-0.038727175,-0.2376902,0.70487577,499.53888,501.12726,37.61549,271.45883,499.53888,501.12726,37.61549,271.45883,1.0,1.0,1.0,1.0,33.524375915527344,0.4,0.4,0.4
28.849999999999998,20.49575,-15.00803,2.0006008,-0.21223722,-0.001772832,-0.0038232661,0.9772091,-0.0029377756,-0.0005581749,-0.11942563,-0.37119585,0.155989,0.35160297,20.49776,-15.007658,1.2006037,-0.14398053,-0.02663774,-0.22949515,0.72536606,-199.61737,-138.20842,-916.1087,1.1511337,-199.61737,-138.20842,-916.1087,1.1511337,-1.0,-1.0,-1.0,1.0,0.0,-0.4,-0.4,0.4
28.866666666666667,20.495779,-15.008033,2.0004482,-0.21362418,0.00020994218,-0.003810217,0.97690845,-0.0012410376,0.0016336062,0.027599366,0.05785069,-0.36313975,0.10867826,20.497849,-15.007783,1.200451,-0.14821526,-0.017895095,-0.25408384,0.52455866,623.5117,661.35474,-340.09393,-2643.1304,623.5117,661.35474,-340.09393,-2643.1304,1.0,1.0,-1.0,-1.0,33.524375915527344,0.4,-0.4,-0.4
28.883333333333333,20.495827,-15.008055,1.9988676,-0.21302572,-0.0008406944,-0.00076482765,0.97704583,-0.0017817086,0.0027986707,-0.135662,0.4926511,0.18137652,-0.13420267,20.49794,-15.007906,1.1988704,-0.15135717,-0.010655095,-0.18851458,0.4344,-136.75325,262.39752,577.9685,-824.2095,-136.75325,262.39752,577.9685,-824.2095,-1.0,1.0,1.0,-1.0,0.0,0.4,0.4,-0.4
28.9,20.495863,-15.008081,1.9984428,-0.21341492,0.0006083446,0.0010009868,0.9769609,-0.00072424,0.0018742863,0.011243455,0.062420994,-0.34695858,0.10875014,20.498026,-15.008033,1.1984458,-0.15490888,-0.0034833965,-0.21310239,0.43030187,690.6135,-614.17993,-424.03928,109.02158,690.6135,-614.17993,-424.03928,109.02158,1.0,-1.0,-1.0,1.0,33.524375915527344,-0.4,-0.4,0.4
28.916666666666668,20.495893,-15.008091,1.9965885,-0.21281151,0.0006228095,-0.0011813382,0.97709227,-0.0016759704,0.0016780023,-0.15210293,-0.36263278,0.1878284,-0.13465892,20.4981,-15.008159,1.1965916,-0.15805078,0.0048494344,-0.18851368,0.4999698,-6.460961,-215.63013,592.033,-928.4549,-6.460961,-215.63013,592.033,-928.4549,-1.0,-1.0,1.0,-1.0,0.0,-0.4,0.4,-0.4
28.933333333333334,20.495928,-15.008119,1.9958906,-0.2132033,0.0023235898,-0.0011526229,0.9770044,-0.0011516795,0.0029306305,-0.0050844536,0.06745142,-0.32972342,0.10869512,20.498163,-15.008283,1.195894,-0.16009985,0.011747926,-0.12294441,0.41390944,893.1593,578.2899,-344.6462,221.45462,893.1593,578.2899,-344.6462,221.45462,1.0,1.0,-1.0,1.0,33.524375915527344,0.4,-0.4,0.4
28.95,20.495993,-15.008152,1.9976469,-0.21259476,0.0020822168,-0.0033192001,0.9771325,-0.0030285907,0.0025672836,0.14223193,-0.35325155,0.22169283,-0.13471065,20.498209,-15.008409,1.1976501,-0.1587338,0.01837321,0.081962936,0.39751706,171.4113,-9.867121,743.4962,-807.2723,171.4113,-9.867121,743.4962,-807.2723,1.0,-1.0,1.0,-1.0,33.524375915527344,-0.4,0.4,-0.4
28.966666666666665,20.49608,-15.008186,1.9979765,-0.21295926,-0.003002694,-0.004650848,0.9770454,-0.0041338024,0.0043670875,-0.021042688,0.082313776,0.766071,0.10838968,20.498253,-15.008536,1.1979795,-0.1555919,0.025066795,0.18851368,0.40161505,-447.34412,744.1359,93.29301,375.31314,-447.34412,744.1359,93.29301,375.31314,-1.0,1.0,1.0,1.0,0.0,0.4,0.4,0.4
28.983333333333334,20.49615,-15.008275,1.9994631,-0.2123306,-0.0067890803,-0.0020383585,0.9771721,-0.0020289943,0.0070107467,0.12593102,0.5108285,0.24787676,-0.13413903,20.498291,-15.008659,1.1994662,-0.15340623,0.027525665,0.13114034,0.14753221,229.61816,283.58057,-1129.6779,-47.72225,229.61816,283.58057,-1129.6779,-47.72225,1.0,1.0,-1.0,-1.0,33.524375915527344,0.4,-0.4,-0.4
29.0,20.49619,-15.008375,1.999515,-0.21271287,-0.0058056805,-0.00024526642,0.9770974,0.0010250208,0.0062700175,-0.03782364,0.076299936,-0.29712903,0.108852446,20.498325,-15.00878,1.1995183,-0.15299642,0.028960003,0.024588702,0.08606023,-418.78613,-352.90155,-717.52515,258.71817,-418.78613,-352.90155,-717.52515,258.71817,-1.0,-1.0,-1.0,1.0,0.0,-0.4,-0.4,0.4
29.016666666666666,20.496181,-15.008495,2.0007224,-0.21209441,-0.0009330033,0.0042102854,0.9772396,0.0043715867,0.0070714913,0.10912931,0.5055623,-0.8145746,-0.13401257,20.49835,-15.0089,1.2007254,-0.15531869,0.028960003,-0.13933627,0.0,228.80318,124.13636,-55.102337,-1090.2395,228.80318,124.13636,-55.102337,-1090.2395,1.0,1.0,-1.0,-1.0,33.524375915527344,0.4,-0.4,-0.4
29.03333333333333,20.496164,-15.008604,2.0005004,-0.21246304,0.0021115348,0.0064543206,0.9771455,0.0031244433,0.0047001154,-0.05425265,0.07958579,-0.28034258,0.10817604,20.498371,-15.009018,1.2005036,-0.15805078,0.029643022,-0.16392498,0.040981133,-565.1519,-710.93164,813.2232,141.19336,-565.1519,-710.93164,813.2232,141.19336,-1.0,-1.0,1.0,1.0,0.0,-0.4,0.4,0.4
29.05,20.496162,-15.008646,2.0014386,-0.21185909,0.0014404801,0.0042987866,0.9772897,0.0008093856,0.0018966494,0.09308133,-0.3412133,0.27105218,-0.13523419,20.498379,-15.009137,1.2014421,-0.1587338,0.035175476,-0.040981468,0.33194727,201.3318,-658.64276,540.82916,-889.60065,201.3318,-658.64276,540.82916,-889.60065,1.0,-1.0,1.0,-1.0,33.524375915527344,-0.4,0.4,-0.4
29.066666666666666,20.496159,-15.008677,2.0009449,-0.21223912,0.0025355418,0.004349628,0.97720474,0.00072149804,0.0012157585,-0.07055903,0.084602565,-0.26321572,0.108088076,20.498383,-15.0092535,1.2009482,-0.15928021,0.04132265,-0.032784637,0.36883032,-420.04877,152.36707,-276.82574,416.46323,-420.04877,152.36707,-276.82574,416.46323,-1.0,1.0,-1.0,1.0,0.0,0.4,-0.4,0.4
29.083333333333332,20.496172,-15.008663,2.0016103,-0.21163213,0.0017173026,0.002204854,0.97734535,-0.0015398243,-0.00076226215,0.07675085,-0.33619693,0.2881664,-0.13532244,20.498377,-15.009371,1.2016137,-0.15791418,0.05068001,0.08196204,0.5614417,292.512,-618.01355,571.7651,-841.5947,292.512,-618.01355,571.7651,-841.5947,1.0,-1.0,1.0,-1.0,33.524375915527344,-0.4,0.4,-0.4
29.099999999999998,20.496191,-15.008645,2.0008438,-0.21201411,0.002663617,0.0022661933,0.9772603,-0.001582983,-0.0007547423,-0.0868899,0.089636326,-0.24611829,0.10799465,20.49837,-15.009484,1.2008474,-0.1560017,0.060105678,0.11474847,0.56553996,-338.73428,227.48418,-256.08743,378.93616,-338.73428,227.48418,-256.08743,378.93616,-1.0,1.0,-1.0,1.0,0.0,0.4,-0.4,0.4
29.116666666666667,20.496227,-15.008598,2.001237,-0.21140389,0.0016979794,0.00013260533,0.97739726,-0.0036806357,-0.0019386024,0.06040424,-0.33116436,0.30524793,-0.13541426,20.498348,-15.009595,1.2012404,-0.15190358,0.0713755,0.24588703,0.6761891,401.1955,-533.33527,596.9713,-795.47455,401.1955,-533.33527,596.9713,-795.47455,1.0,-1.0,1.0,-1.0,33.524375915527344,-0.4,0.4,-0.4
29.133333333333333,20.496265,-15.0085535,2.000198,-0.21178688,0.002495263,0.00020495719,0.97731256,-0.0035758382,-0.0012730495,-0.10323544,0.09468487,-0.22905132,0.107894294,20.498322,-15.009706,1.2002014,-0.14725904,0.08250871,0.27867255,0.66799295,-237.93703,344.7014,-241.90944,340.331,-237.93703,344.7014,-241.90944,340.331,-1.0,1.0,-1.0,1.0,0.0,0.4,-0.4,0.4
29.15,20.49633,-15.008495,2.000318,-0.2111734,0.0013827899,-0.0019176457,0.97744566,-0.0053997464,-0.0016945675,0.04405103,-0.326116,0.32229564,-0.13551144,20.498287,-15.009808,1.2003216,-0.14015561,0.09398344,0.42620566,0.68848366,528.8353,-398.8464,606.9405,-758.0276,528.8353,-398.8464,606.9405,-758.0276,1.0,-1.0,1.0,-1.0,33.524375915527344,-0.4,0.4,-0.4
29.166666666666668,20.496399,-15.008448,1.9990067,-0.21155693,0.0020315829,-0.0018345087,0.97736186,-0.005044045,-0.0004013516,-0.119586594,0.099747956,-0.21201718,0.107786514,20.498253,-15.009911,1.1990103,-0.132779,0.10477516,0.44259664,0.6475031,-117.50597,479.2092,-234.8155,303.1901,-117.50597,479.2092,-234.8155,303.1901,-1.0,1.0,-1.0,1.0,0.0,0.4,-0.4,0.4
29.183333333333334,20.496489,-15.008403,1.9988544,-0.2109403,0.0007724872,-0.0039457246,0.9774906,-0.006484916,-9.29879e-05,0.02770112,-0.32105362,0.33931094,-0.13561586,20.498203,-15.010005,1.198858,-0.1228069,0.114747256,0.59832615,0.59832567,654.5474,-196.1103,593.19525,-722.4676,654.5474,-196.1103,593.19525,-722.4676,1.0,-1.0,1.0,-1.0,33.524375915527344,-0.4,0.4,-0.4
29.2,20.496595,-15.008403,2.0011535,-0.2113233,0.0011659974,-0.003845728,0.9774079,-0.005424629,0.0020981012,0.17472307,0.10920213,-0.17838925,0.107657425,20.498146,-15.01009,1.201157,-0.11105894,0.12082614,0.7048773,0.364733,18.628832,603.4679,-233.07663,266.99216,18.628832,603.4679,-233.07663,266.99216,1.0,1.0,-1.0,1.0,33.524375915527344,0.4,-0.4,0.4
29.216666666666665,20.496714,-15.008422,2.0020242,-0.21071295,-0.0014716133,-0.0007053733,0.97754663,-0.0064172996,0.004285926,0.0114320805,0.54388964,0.36602736,-0.13518624,20.49808,-15.01017,1.2020276,-0.09780835,0.12519746,0.7950353,0.26227888,-702.5662,34.108677,713.88086,-172.08736,-702.5662,34.108677,713.88086,-172.08736,-1.0,1.0,1.0,-1.0,0.0,0.4,0.4,-0.4
29.233333333333334,20.496822,-15.008437,2.0001678,-0.21109311,-0.0015043848,0.0011469672,0.977464,-0.005164845,0.0030567145,-0.15232548,0.10945219,-0.17908038,0.10789182,20.498013,-15.01025,1.2001708,-0.085240796,0.129842,0.7540534,0.27867255,-46.43172,-799.88214,-442.67282,135.44794,-46.43172,-799.88214,-442.67282,135.44794,-1.0,-1.0,-1.0,1.0,0.0,-0.4,-0.4,0.4
29.25,20.496927,-15.008438,1.999471,-0.21048892,-0.0030513566,-0.0009452529,0.97759104,-0.0054351347,0.002171352,-0.0050318013,-0.3113944,0.3722005,-0.13550465,20.497952,-15.0103245,1.199474,-0.073356256,0.13510126,0.71307236,0.3155556,716.2044,-384.23096,292.02667,-914.2289,716.2044,-384.23096,292.02667,-914.2289,1.0,-1.0,1.0,-1.0,33.524375915527344,-0.4,0.4,-0.4
29.266666666666666,20.496996,-15.008458,2.0012252,-0.21087107,-0.002940966,-0.00082252506,0.9775091,-0.003319819,0.0030431722,0.1419831,0.11887176,-0.14555067,0.1077596,20.497879,-15.010384,1.2012281,-0.06324757,0.13790165,0.6065212,0.1680234,124.33424,419.45026,-661.5104,281.72586,124.33424,419.45026,-661.5104,281.72586,1.0,1.0,-1.0,1.0,33.524375915527344,0.4,-0.4,0.4
29.28333333333333,20.497059,-15.008478,2.0015502,-0.21026413,-0.0046694065,-0.0029024135,0.9776291,-0.0030572098,0.0026045353,-0.021368625,-0.3063596,0.38909924,-0.13563806,20.497803,-15.010441,1.2015532,-0.053275485,0.14056544,0.598325,0.15982746,-630.5976,-168.84625,223.0818,-169.67462,-630.5976,-168.84625,223.0818,-169.67462,-1.0,-1.0,1.0,-1.0,0.0,-0.4,0.4,-0.4
29.3,20.497084,-15.00854,2.0030315,-0.21064456,-0.004706058,-0.0027674166,0.97754747,-0.00024616765,0.0040323753,0.12565315,0.12393047,-0.12868103,0.107620984,20.497723,-15.010491,1.2030344,-0.04576227,0.1397458,0.45079282,-0.0491783,143.57108,518.7645,-851.739,276.3003,143.57108,518.7645,-851.739,276.3003,1.0,1.0,-1.0,1.0,33.524375915527344,0.4,-0.4,0.4
29.316666666666666,20.497095,-15.008628,2.0030797,-0.210029,-0.0011706494,0.0017643255,0.97769284,0.0019919313,0.0051047103,-0.038024846,0.5487057,-0.6628131,-0.13521571,20.497646,-15.010534,1.2030822,-0.039478496,0.13653561,0.37702647,-0.1926112,-621.5317,136.97878,-56.01096,-157.55246,-621.5317,136.97878,-56.01096,-157.55246,-1.0,1.0,-1.0,-1.0,0.0,0.4,-0.4,-0.4
29.333333333333332,20.497095,-15.00869,2.0042877,-0.21040027,0.00045972707,0.004094431,0.97760665,0.0012961628,0.0036206485,0.10926143,0.12722127,-0.112112805,0.10705573,20.497562,-15.010569,1.2042899,-0.03346793,0.13455485,0.36063394,-0.11884599,80.55925,-709.2266,674.98615,41.99122,80.55925,-709.2266,674.98615,41.99122,1.0,-1.0,1.0,1.0,33.524375915527344,-0.4,0.4,0.4
29.349999999999998,20.497107,-15.008729,2.004067,-0.20979358,-0.0015597605,0.002026433,0.9777424,0.00030383177,0.0019500435,-0.05407542,-0.29804188,0.42251632,-0.13634369,20.497482,-15.010601,1.2040693,-0.026910948,0.13407673,0.3934189,-0.028687118,-652.8957,-628.2422,337.97836,-161.4368,-652.8957,-628.2422,337.97836,-161.4368,-1.0,-1.0,1.0,-1.0,0.0,-0.4,0.4,-0.4
29.366666666666667,20.497097,-15.008764,2.0050035,-0.21016894,-0.0018812862,0.0021696715,0.97766083,0.0016662377,0.0018877268,0.092937306,0.13226601,-0.09526594,0.106916875,20.497398,-15.010627,1.2050056,-0.021583399,0.13339372,0.31965292,-0.040980574,150.371,267.63474,-789.0277,291.53223,150.371,267.63474,-789.0277,291.53223,1.0,1.0,-1.0,1.0,33.524375915527344,0.4,-0.4,0.4
29.383333333333333,20.497082,-15.008786,2.0045104,-0.20956042,-0.004046397,0.00011179708,0.97778726,0.0016550114,0.0007194332,-0.07039978,-0.29301232,0.4393541,-0.13648409,20.497314,-15.010644,1.2045128,-0.016665662,0.1330522,0.2950642,-0.020491181,-596.235,-460.068,46.721756,-162.73602,-596.235,-460.068,46.721756,-162.73602,-1.0,-1.0,1.0,-1.0,0.0,-0.4,0.4,-0.4
29.4,20.49703,-15.008826,2.0051746,-0.20993324,-0.0045145573,0.00026772963,0.9777052,0.004034729,0.0011265161,0.07662001,0.137321,-0.07845797,0.10677733,20.497229,-15.010657,1.2051766,-0.014206794,0.13113976,0.14753205,-0.11474668,227.64648,353.74738,-994.7334,283.21237,227.64648,353.74738,-994.7334,283.21237,1.0,1.0,-1.0,1.0,33.524375915527344,0.4,-0.4,0.4
29.416666666666668,20.49695,-15.00887,2.0044038,-0.20932002,-0.00022167017,-0.0004236868,0.97784704,0.005653148,0.00042911386,-0.08716171,-0.29784882,-0.6223725,-0.13644888,20.49714,-15.010664,1.2044059,-0.013660379,0.12847596,0.032784916,-0.15982746,-521.9289,-196.66531,-334.6196,-152.26062,-521.9289,-196.66531,-334.6196,-152.26062,-1.0,-1.0,-1.0,-1.0,0.0,-0.4,-0.4,-0.4
29.433333333333334,20.496885,-15.008921,2.0047941,-0.2096975,0.0013623324,0.00018045612,0.97776526,0.00458616,0.001311169,0.060229413,0.14106087,-0.060878746,0.10698385,20.497057,-15.010665,1.2047962,-0.012294341,0.12492426,0.081962265,-0.21310239,261.8035,646.782,552.3483,67.63479,261.8035,646.782,552.3483,67.63479,1.0,1.0,1.0,1.0,33.524375915527344,0.4,0.4,0.4
29.45,20.496834,-15.008962,2.003756,-0.20907958,-0.0010973647,-0.0018626563,0.97789615,0.003900116,0.0010907187,-0.10309532,-0.28424418,0.4737186,-0.13641456,20.49697,-15.010663,1.2037582,-0.009698869,0.12185067,0.15572833,-0.18441527,-463.796,-251.25098,195.15826,-175.64806,-463.796,-251.25098,195.15826,-175.64806,-1.0,-1.0,1.0,-1.0,0.0,-0.4,0.4,-0.4
29.466666666666665,20.496767,-15.009026,2.0038753,-0.20945212,-0.0018610508,-0.0016953554,0.9778157,0.0054534916,0.0023762914,0.043923423,0.14613712,-0.04410331,0.10684212,20.49688,-15.01065,1.203877,-0.008059624,0.1163182,0.0983547,-0.33194792,415.35178,463.587,-921.5726,249.54547,415.35178,463.587,-921.5726,249.54547,1.0,1.0,-1.0,1.0,33.524375915527344,0.4,-0.4,0.4
29.483333333333334,20.496693,-15.009114,2.002561,-0.2088346,0.00095150527,0.0028661217,0.9779463,0.006158095,0.0026606885,-0.11977964,0.57082206,-0.57826585,-0.13595906,20.496794,-15.010633,1.2025628,-0.0072400006,0.10880498,0.04917738,-0.45079347,-332.24695,42.79309,-150.13397,-173.28404,-332.24695,42.79309,-150.13397,-173.28404,-1.0,1.0,-1.0,-1.0,0.0,0.4,-0.4,-0.4
29.5,20.496626,-15.009167,2.0024068,-0.20920478,0.0018581881,0.005227364,0.9778561,0.004382328,0.00060401345,0.027511772,0.14943238,-0.027635105,0.10637052,20.496704,-15.010612,1.2024081,-0.005600755,0.10347742,0.09835473,-0.31965357,490.35498,-793.27124,559.195,32.297028,490.35498,-793.27124,559.195,32.297028,1.0,-1.0,1.0,1.0,33.524375915527344,-0.4,0.4,0.4
29.516666666666666,20.49657,-15.0091915,2.0008237,-0.20859711,-0.00089059415,0.003196023,0.977996,0.0034559597,-0.0011192084,-0.13581069,-0.27589875,0.50693923,-0.13702361,20.496616,-15.01059,1.2008251,-0.0032784909,0.100130625,0.13933584,-0.20080759,-249.81313,-755.5097,156.37193,-175.76157,-249.81313,-755.5097,156.37193,-175.76157,-1.0,-1.0,1.0,-1.0,0.0,-0.4,0.4,-0.4
29.53333333333333,20.496494,-15.009201,2.0003972,-0.2089688,-0.0019378733,0.0033736597,0.9779145,0.004644856,-0.0016089496,0.011213847,0.15449674,-0.010899343,0.10623401,20.496527,-15.010559,1.2003986,-0.0023222642,0.09726194,0.057373594,-0.17212091,613.66327,179.65094,-954.58234,261.40958,613.66327,179.65094,-954.58234,261.40958,1.0,1.0,-1.0,1.0,33.524375915527344,0.4,-0.4,0.4
29.55,20.496399,-15.009205,1.998537,-0.20833664,0.0017724277,0.0027011659,0.97805184,0.004873086,-0.0029600998,-0.15257087,-0.28074825,-0.55485916,-0.13699129,20.496439,-15.010527,1.1985381,-0.0028686796,0.094666466,-0.032784916,-0.1557286,-64.28748,-587.5357,-279.31262,-173.25476,-64.28748,-587.5357,-279.31262,-173.25476,-1.0,-1.0,-1.0,-1.0,0.0,-0.4,-0.4,-0.4
29.566666666666666,20.496328,-15.009187,1.997837,-0.2087066,0.0027790386,0.003325938,0.97796863,0.0027562263,-0.0030805815,-0.0051639834,0.15823546,0.006594807,0.10641646,20.496355,-15.0104885,1.1978381,-0.001912453,0.093232125,0.057373594,-0.08606046,740.83215,267.72784,633.79767,52.05278,740.83215,267.72784,633.79767,52.05278,1.0,1.0,1.0,1.0,33.524375915527344,0.4,0.4,0.4
29.583333333333332,20.496279,-15.009119,1.9995921,-0.20809355,-0.00037164992,0.0013129753,0.978108,9.989971e-05,-0.004869211,0.14214413,-0.26277375,0.55778545,-0.13697414,20.49626,-15.01044,1.1995932,0.0013660379,0.09459816,0.19670944,0.08196204,96.37501,-696.6047,163.16437,-194.9121,96.37501,-696.6047,163.16437,-194.9121,1.0,-1.0,1.0,-1.0,33.524375915527344,-0.4,0.4,-0.4
29.599999999999998,20.496235,-15.009053,1.9999155,-0.20846412,-0.001749279,0.0015054296,0.9780273,0.0010040053,-0.004766822,-0.021494014,0.16332611,0.023292482,0.106268995,20.496172,-15.010393,1.1999166,0.004507925,0.09596421,0.1885132,0.081962936,-494.72437,169.82643,-819.0507,424.5043,-494.72437,169.82643,-819.0507,424.5043,-1.0,1.0,-1.0,1.0,0.0,0.4,-0.4,0.4
29.616666666666667,20.496164,-15.008977,2.0013933,-0.20783931,0.0015607454,0.0008484692,0.9781613,0.0028440068,-0.006234713,0.12538865,-0.26759875,-0.50407404,-0.13694729,20.496088,-15.010337,1.2013944,0.0054641515,0.09739854,0.057373594,0.08606001,135.72993,-553.0947,-281.45505,-194.71112,135.72993,-553.0947,-281.45505,-194.71112,1.0,-1.0,-1.0,-1.0,33.524375915527344,-0.4,-0.4,-0.4
29.633333333333333,20.496101,-15.008897,2.0014424,-0.20821188,0.0022372624,0.001487901,0.97808,0.0013227062,-0.0058569624,-0.037856255,0.16709554,0.040697426,0.106435165,20.496002,-15.010277,1.2014439,0.007103397,0.09883288,0.09835473,0.08606046,-597.7429,270.24304,657.5345,252.6589,-597.7429,270.24304,657.5345,252.6589,-1.0,1.0,1.0,1.0,0.0,0.4,0.4,0.4
29.65,20.49605,-15.008797,2.0026526,-0.2075938,-0.0012061709,-0.0005108551,0.9782142,-0.0007909718,-0.0069589475,0.10943639,-0.25392914,0.5918593,-0.13695247,20.495909,-15.010214,1.202654,0.01010868,0.10149667,0.180317,0.15982701,150.76086,-633.8912,30.523153,-204.82237,150.76086,-633.8912,30.523153,-204.82237,1.0,-1.0,1.0,-1.0,33.524375915527344,-0.4,0.4,-0.4
29.666666666666668,20.496006,-15.0086975,2.002431,-0.20796116,-0.0028771057,-0.00030402126,0.9781328,0.00061941845,-0.006368589,-0.05419983,0.17220509,0.057338893,0.106286705,20.495825,-15.010144,1.2024324,0.01297736,0.103614025,0.17212075,0.12704147,-461.34396,254.3832,-938.44617,397.1367,-461.34396,254.3832,-938.44617,397.1367,-1.0,1.0,-1.0,1.0,0.0,0.4,-0.4,0.4
29.683333333333334,20.495924,-15.008608,2.0033636,-0.20734358,0.00014128115,-0.0009503607,0.97826767,0.0027790125,-0.0072017224,0.09268279,-0.25874966,-0.4700598,-0.13692863,20.495737,-15.010069,1.2033651,0.013387171,0.10463856,0.024588646,0.061472204,225.57623,-408.9136,-493.92,-199.3297,225.57623,-408.9136,-493.92,-199.3297,1.0,-1.0,-1.0,-1.0,33.524375915527344,-0.4,-0.4,-0.4
29.7,20.495848,-15.008521,2.002868,-0.20771657,0.00052563986,-0.00029696184,0.9781888,0.0018213685,-0.006387541,-0.070561185,0.17599156,0.074682266,0.10644271,20.495653,-15.009992,1.2028693,0.013933586,0.10532158,0.032784916,0.04098102,-517.42163,453.63513,482.9173,243.61717,-517.42163,453.63513,482.9173,243.61717,-1.0,1.0,1.0,1.0,0.0,0.4,0.4,0.4
29.716666666666665,20.49577,-15.008436,2.0035284,-0.20709613,0.0033953723,-0.0009411754,0.9783142,0.0027086148,-0.0069310055,0.076319575,-0.25497878,-0.4527095,-0.13677153,20.49557,-15.009909,1.2035297,0.014343398,0.105458185,0.024588702,0.008196383,280.01303,-436.77313,-246.92387,-207.29384,280.01303,-436.77313,-246.92387,-207.29384,1.0,-1.0,-1.0,-1.0,33.524375915527344,-0.4,-0.4,-0.4
29.733333333333334,20.495705,-15.008352,2.0027602,-0.20747213,0.00363169,-0.00028814637,0.9782341,0.00071791094,-0.005922363,-0.086919166,0.17978823,0.09201822,0.1065941,20.495487,-15.009823,1.2027615,0.015572831,0.10532158,0.07376599,-0.008196383,-471.71585,381.89407,687.13477,229.82837,-471.71585,381.89407,687.13477,229.82837,-1.0,1.0,1.0,1.0,0.0,0.4,0.4,0.4
29.75,20.49568,-15.008255,2.003153,-0.20684695,-0.00025271313,-0.0022693423,0.9783706,-0.0013577214,-0.0061891847,0.060373478,-0.24126577,0.64314467,-0.13678022,20.495407,-15.0097275,1.2031546,0.019534342,0.105458185,0.23769064,0.008196383,354.83228,-485.12094,54.10417,-221.53609,354.83228,-485.12094,54.10417,-221.53609,1.0,-1.0,1.0,-1.0,33.524375915527344,-0.4,0.4,-0.4
29.766666666666666,20.495653,-15.008169,2.002114,-0.20721218,-0.0023635353,-0.0020458836,0.97829103,0.00011190656,-0.0050468263,-0.10326357,0.18492126,0.10858816,0.10645616,20.495327,-15.009634,1.2021154,0.023359247,0.10491177,0.22949426,-0.032785084,-278.17853,338.35846,-957.9395,348.89114,-278.17853,338.35846,-957.9395,348.89114,-1.0,1.0,-1.0,1.0,0.0,0.4,-0.4,0.4
29.78333333333333,20.495598,-15.008101,2.0022297,-0.20659947,0.0002156135,-0.0026795196,0.97842187,0.0019766842,-0.005122927,0.043629985,-0.24608298,-0.41884965,-0.13676019,20.495245,-15.009529,1.202231,0.0252717,0.10224798,0.11474724,-0.15982701,483.76553,-209.09154,-519.51324,-217.38373,483.76553,-209.09154,-519.51324,-217.38373,1.0,-1.0,-1.0,-1.0,33.524375915527344,-0.4,-0.4,-0.4
29.8,20.495544,-15.008041,2.000917,-0.20697348,0.00016073408,-0.0020106027,0.9783444,0.0011653597,-0.0038302613,-0.119612105,0.18873274,0.12584771,0.10659766,20.495163,-15.009422,1.2009182,0.02732076,0.09890119,0.12294351,-0.20080759,-256.0077,663.9573,447.48386,211.7532,-256.0077,663.9573,447.48386,211.7532,-1.0,1.0,1.0,1.0,0.0,0.4,0.4,0.4
29.816666666666666,20.495495,-15.007995,2.00076,-0.20635879,0.0025922735,-0.0026421298,0.9784693,0.0020869123,-0.0037003579,0.027281899,-0.24229053,-0.401591,-0.13661946,20.495089,-15.009308,1.2007612,0.029096607,0.09405175,0.10655086,-0.29096645,594.3017,-184.37735,-326.0046,-225.63927,594.3017,-184.37735,-326.0046,-225.63927,1.0,-1.0,-1.0,-1.0,33.524375915527344,-0.4,-0.4,-0.4
29.833333333333332,20.495457,-15.007957,1.9991746,-0.20673506,0.002390398,-0.001972778,0.978392,0.00054972013,-0.0022891778,-0.13595946,0.19255137,0.1430904,0.106735945,20.495014,-15.009192,1.199176,0.031692076,0.08845098,0.15572815,-0.3360459,-138.3059,659.12836,598.165,199.19814,-138.3059,659.12836,598.165,199.19814,-1.0,1.0,1.0,1.0,0.0,0.4,0.4,0.4
29.849999999999998,20.495432,-15.007927,1.9987453,-0.20611869,0.0046752556,-0.0026022957,0.97851235,0.0006388092,-0.0019811662,0.010946598,-0.2384902,-0.38434654,-0.13648064,20.494938,-15.009069,1.1987464,0.035380382,0.081825696,0.22129832,-0.3975172,707.66016,-175.07364,-99.237015,-235.74997,707.66016,-175.07364,-99.237015,-235.74997,1.0,-1.0,-1.0,-1.0,33.524375915527344,-0.4,-0.4,-0.4
29.866666666666667,20.495424,-15.007903,1.9968874,-0.20649737,0.004326022,-0.0019319813,0.97843564,-0.0015208179,-0.0004735696,-0.15229283,0.1963765,0.16031846,0.10687052,20.494864,-15.008945,1.1968883,0.040161517,0.07465399,0.28686804,-0.4303023,-6.3907375,629.2366,762.7028,173.98352,-6.3907375,629.2366,762.7028,173.98352,-1.0,1.0,1.0,1.0,0.0,0.4,0.4,0.4
29.883333333333333,20.495453,-15.007882,1.9961903,-0.20586595,-0.00014402765,-0.0038916357,0.9785724,-0.0030735638,-7.852912e-06,-0.005001609,-0.22472447,0.71137774,-0.13647395,20.494783,-15.008819,1.1961912,0.047947936,0.06707247,0.46718514,-0.454891,817.4568,-180.10161,142.8609,-244.43396,817.4568,-180.10161,142.8609,-244.43396,1.0,-1.0,1.0,-1.0,33.524375915527344,-0.4,0.4,-0.4
29.9,20.495495,-15.007904,1.9979448,-0.20622714,-0.002946889,-0.0036419635,0.97849286,-0.0020768824,0.0021642614,0.14200363,0.20592476,0.19338465,0.10677243,20.494717,-15.008683,1.1979458,0.055734355,0.055802654,0.46718514,-0.6761891,225.89676,473.9282,-939.09814,288.08255,225.89676,473.9282,-939.09814,288.08255,1.0,1.0,-1.0,1.0,33.524375915527344,0.4,-0.4,0.4
29.916666666666668,20.495531,-15.007956,1.998266,-0.20560324,-0.0021563421,0.0009867521,0.97863257,-8.377363e-05,0.003729439,-0.021657497,0.63040906,-0.34087482,-0.13591498,20.494656,-15.008546,1.1982667,0.06270115,0.042278875,0.41800773,-0.81142676,-499.81412,104.68654,-319.28476,-83.0728,-499.81412,104.68654,-319.28476,-83.0728,-1.0,1.0,-1.0,-1.0,0.0,0.4,-0.4,-0.4
29.933333333333334,20.495543,-15.00799,1.9997463,-0.20597337,-0.003278684,0.003428732,0.978546,-0.00053469336,0.0025397073,0.12563582,0.20927152,0.20946732,0.10657016,20.49459,-15.008407,1.1997473,0.0681653,0.029847927,0.32784906,-0.74585676,181.33302,-720.25305,281.43433,98.47877,181.33302,-720.25305,281.43433,98.47877,1.0,-1.0,1.0,1.0,33.524375915527344,-0.4,0.4,0.4
29.95,20.49554,-15.008013,1.9997936,-0.20535244,-0.0014613095,0.002810408,0.97868294,0.0010560917,0.0007146745,-0.038106866,-0.22622392,-0.3346355,-0.13664107,20.494534,-15.008267,1.1997945,0.07212682,0.018236605,0.23769109,-0.6966793,-530.4209,-550.4964,-455.57068,-53.449768,-530.4209,-550.4964,-455.57068,-53.449768,-1.0,-1.0,-1.0,-1.0,0.0,-0.4,-0.4,-0.4
29.966666666666665,20.495531,-15.008015,2.0010014,-0.20572753,-0.0023411186,0.0035044872,0.9786002,0.00021961646,0.00041319086,0.10930453,0.21305805,0.22658601,0.10669876,20.49448,-15.008125,1.2010022,0.07526871,0.007923019,0.18851323,-0.6188151,169.36537,302.09042,346.67007,191.38913,169.36537,302.09042,346.67007,191.38913,1.0,1.0,1.0,1.0,33.524375915527344,0.4,0.4,0.4
29.983333333333334,20.495506,-15.008008,2.0007758,-0.20510678,-0.00066905183,0.002887541,0.9787351,0.0014694904,-0.0013437914,-0.05444493,-0.2224555,-0.31752437,-0.1365096,20.494427,-15.007983,1.2007768,0.07731777,-0.0017758493,0.12294351,-0.58193207,-508.59262,-621.89813,-463.84055,-52.701183,-508.59262,-621.89813,-463.84055,-52.701183,-1.0,-1.0,-1.0,-1.0,0.0,-0.4,-0.4,-0.4
30.0,20.495483,-15.007983,2.001711,-0.20548421,-0.0016950365,0.00358309,0.97865236,0.00037050946,-0.0016464256,0.092970245,0.21684432,0.24368021,0.10681659,20.49438,-15.007843,1.2017117,0.078957014,-0.010040378,0.09835481,-0.4958717,219.53084,230.52553,335.51865,191.8246,219.53084,230.52553,335.51865,191.8246,1.0,1.0,1.0,1.0,33.524375915527344,0.4,0.4,0.4
30.016666666666666,20.495443,-15.00795,2.001213,-0.20486462,-0.00016966772,0.0029676666,0.9787858,0.0013819388,-0.0033587194,-0.07078311,-0.2186864,-0.30043748,-0.13638951,20.494333,-15.007705,1.201214,0.07950343,-0.017553587,0.032785084,-0.45079246,-464.80725,-692.67834,-478.8893,-54.99968,-464.80725,-692.67834,-478.8893,-54.99968,-1.0,-1.0,-1.0,-1.0,0.0,-0.4,-0.4,-0.4
30.03333333333333,20.495407,-15.007893,2.0018759,-0.2052436,-0.0013404227,0.003664856,0.97870314,0.00013105478,-0.0036855144,0.07663583,0.22063376,0.2607521,0.10691877,20.494291,-15.007566,1.2018766,0.07991324,-0.023359247,0.024588702,-0.3483396,290.93973,153.90356,307.839,190.83855,290.93973,153.90356,307.839,190.83855,1.0,1.0,1.0,1.0,33.524375915527344,0.4,0.4,0.4
30.05,20.495361,-15.007827,2.0011058,-0.20462522,3.9434373e-05,0.0030506665,0.97883564,0.0010063229,-0.005376203,-0.08711997,-0.21491286,-0.2833687,-0.13628428,20.49425,-15.007428,1.2011068,0.07964003,-0.02855019,-0.016392766,-0.31145665,-397.16275,-763.16254,-506.78384,-58.703735,-397.16275,-763.16254,-506.78384,-58.703735,-1.0,-1.0,-1.0,-1.0,0.0,-0.4,-0.4,-0.4
30.066666666666666,20.495323,-15.00774,2.0014958,-0.20500551,-0.0012764477,0.0037500204,0.97875273,-0.0002865647,-0.005750063,0.060302693,0.22443001,0.27781096,0.10699944,20.494219,-15.007294,1.2014968,0.07909362,-0.031965286,-0.032784637,-0.20490567,383.54962,73.94778,261.1757,186.43677,383.54962,73.94778,261.1757,186.43677,1.0,1.0,1.0,1.0,33.524375915527344,0.4,0.4,0.4
30.083333333333332,20.495277,-15.007644,2.0004535,-0.20438786,-4.1919895e-05,0.0031372888,0.9788849,0.00055472786,-0.0074420273,-0.1034551,-0.21112792,-0.26630887,-0.13620764,20.494192,-15.007162,1.2004545,0.07772758,-0.03449246,-0.08196249,-0.1516304,-309.1589,-825.15594,-544.16693,-63.98101,-309.1589,-825.15594,-544.16693,-63.98101,-1.0,-1.0,-1.0,-1.0,0.0,-0.4,-0.4,-0.4
30.099999999999998,20.495224,-15.007508,2.0005696,-0.2047622,-0.00034565435,-0.0014092919,0.9788106,-0.00065407855,-0.009145504,0.043780774,-0.63172495,0.28499377,0.10655908,20.494165,-15.007027,1.2005705,0.07581512,-0.03449246,-0.11474758,0.0,499.74167,-5.8830433,180.51141,184.38606,499.74167,-5.8830433,180.51141,184.38606,1.0,-1.0,1.0,1.0,33.524375915527344,-0.4,0.4,0.4
30.116666666666667,20.495167,-15.00738,1.9992537,-0.20414864,0.0011392263,-0.0037645588,0.97893196,0.00021071592,-0.0073041553,-0.119903095,-0.20686577,-0.2499091,-0.13629986,20.49414,-15.006895,1.1992545,0.073492855,-0.034697365,-0.13933583,-0.012294351,-162.86848,693.8398,-448.09113,-72.27449,-162.86848,693.8398,-448.09113,-72.27449,-1.0,1.0,-1.0,-1.0,0.0,0.4,-0.4,-0.4
30.133333333333333,20.495134,-15.007285,1.9990985,-0.20452084,-0.00046530436,-0.0030555427,0.97885734,-0.0008658166,-0.0053012995,0.027520323,0.23256311,0.31125015,0.10697337,20.494122,-15.006763,1.1990993,0.07253663,-0.037361138,-0.05737334,-0.15982634,672.3909,660.3202,275.60187,145.55742,672.3909,660.3202,275.60187,145.55742,1.0,1.0,1.0,1.0,33.524375915527344,0.4,0.4,0.4
30.15,20.495102,-15.007196,1.9975107,-0.20390882,0.00048720854,-0.0036594593,0.9789828,0.00017304206,-0.004723665,-0.13623393,-0.20302965,-0.23288134,-0.1362107,20.494104,-15.006632,1.1975118,0.071443796,-0.04043472,-0.06557017,-0.18441504,-33.784634,-195.84052,-549.79895,-103.84759,-33.784634,-195.84052,-549.79895,-103.84759,-1.0,-1.0,-1.0,-1.0,0.0,-0.4,-0.4,-0.4
30.166666666666668,20.495087,-15.007144,1.9970833,-0.20428081,-0.0012620592,-0.0029472457,0.97890705,-0.00061765674,-0.002843701,0.011184436,0.23641948,0.32826608,0.107066244,20.494093,-15.006509,1.1970843,0.07117059,-0.045489065,-0.016392319,-0.3032606,802.01355,698.7452,239.12645,133.90517,802.01355,698.7452,239.12645,133.90517,1.0,1.0,1.0,1.0,33.524375915527344,0.4,0.4,0.4
30.183333333333334,20.495058,-15.007121,1.9991064,-0.2036694,-0.0005622732,-0.0035440025,0.9790331,0.001186487,-0.0027614883,0.15809017,-0.19482322,-0.19927424,-0.13611102,20.494087,-15.006387,1.1991076,0.069531344,-0.052592464,-0.09835481,-0.42620388,110.465195,-122.3827,-624.81915,-109.297104,110.465195,-122.3827,-624.81915,-109.297104,1.0,-1.0,-1.0,-1.0,33.524375915527344,-0.4,-0.4,-0.4
30.2,20.495037,-15.007108,1.9997009,-0.20404041,-0.0024927517,-0.002826122,0.9789552,0.00072103995,-0.0010948991,-0.0051478483,0.24028519,0.34523284,0.10716905,20.494083,-15.006266,1.1997019,0.06830191,-0.060310584,-0.073766105,-0.46308717,-605.75195,739.93585,275.46252,364.85144,-605.75195,739.93585,275.46252,364.85144,-1.0,1.0,1.0,1.0,0.0,0.4,0.4,0.4
30.216666666666665,20.49499,-15.007117,2.001451,-0.20343031,-0.0019374893,-0.0034213837,0.97908145,0.0029039397,-0.0011171519,0.1417607,-0.1909805,-0.18232691,-0.13600351,20.494085,-15.006144,1.2014523,0.06475021,-0.06973625,-0.21310194,-0.56553996,90.35672,-43.942432,-783.2189,-104.99888,90.35672,-43.942432,-783.2189,-104.99888,1.0,-1.0,-1.0,-1.0,33.524375915527344,-0.4,-0.4,-0.4
30.233333333333334,20.494951,-15.007138,2.001773,-0.20380016,-0.0040122755,-0.0026997284,0.97900057,0.0029346459,0.0003800902,-0.021471279,0.24415144,0.3621678,0.10728043,20.494093,-15.006024,1.2017744,0.061471716,-0.07977664,-0.19670962,-0.6024232,-620.5729,751.4176,114.35687,376.33453,-620.5729,751.4176,114.35687,376.33453,-1.0,1.0,1.0,1.0,0.0,0.4,0.4,0.4
30.25,20.494871,-15.0072,2.003252,-0.20316827,-0.0047591683,0.0019556636,0.97913027,0.005578313,0.0023676157,0.12553836,0.6728428,-0.15556017,-0.13527198,20.494095,-15.005917,1.2032534,0.055597752,-0.09193439,-0.35243776,-0.7294651,85.89573,58.83282,-949.81287,-97.828766,85.89573,58.83282,-949.81287,-97.828766,1.0,1.0,-1.0,-1.0,33.524375915527344,0.4,-0.4,-0.4
30.266666666666666,20.494768,-15.007266,2.0032966,-0.2035194,-0.0007380947,0.005738014,0.97905374,0.0074519487,0.0003965511,-0.038266152,0.23762012,-0.7005724,0.10730515,20.494104,-15.005808,1.2032983,0.047538124,-0.104433656,-0.48357767,-0.7499559,-582.70087,-792.68,-325.63458,268.76266,-582.70087,-792.68,-325.63458,268.76266,-1.0,-1.0,-1.0,1.0,0.0,-0.4,-0.4,0.4
30.28333333333333,20.494654,-15.007271,2.0045,-0.20288901,0.0017288484,0.0055913907,0.97918427,0.0063952324,-0.0024098107,0.10901883,-0.18293002,-0.148895,-0.13627467,20.494116,-15.005706,1.2045015,0.03852227,-0.11208347,-0.54095125,-0.45898896,14.143148,-627.5596,678.39923,-2122.491,14.143148,-627.5596,678.39923,-2122.491,1.0,-1.0,1.0,-1.0,33.524375915527344,-0.4,0.4,-0.4
30.3,20.494549,-15.00724,2.004275,-0.20326343,0.0005213175,0.0010726037,0.97912335,0.0048141466,-0.004422742,-0.054331545,-0.6077441,0.38566062,0.10641624,20.494127,-15.005607,1.2042772,0.030189436,-0.11700122,-0.49997,-0.29506487,-655.39,-111.89297,190.59064,421.4932,-655.39,-111.89297,190.59064,421.4932,-1.0,-1.0,1.0,1.0,0.0,-0.4,0.4,0.4
30.316666666666666,20.494436,-15.007213,2.0052075,-0.20264383,0.0010324137,-0.0012547555,0.9792511,0.005587222,-0.0038954872,0.09266123,-0.17860676,-0.13266231,-0.13653,20.494137,-15.005514,1.2052093,0.021446794,-0.12164576,-0.5245585,-0.27867255,148.25682,613.80396,-736.5777,-61.605267,148.25682,613.80396,-736.5777,-61.605267,1.0,1.0,-1.0,-1.0,33.524375915527344,0.4,-0.4,-0.4
30.333333333333332,20.494339,-15.007196,2.0047116,-0.20301606,-0.0014666815,-0.00051472883,0.9791741,0.0047635646,-0.0030211282,-0.07055539,0.2565885,0.411772,0.106746815,20.494148,-15.005427,1.2047137,0.013660379,-0.12670012,-0.4671849,-0.30326125,-577.01263,545.97687,106.38326,379.6155,-577.01263,545.97687,106.38326,379.6155,-1.0,1.0,1.0,1.0,0.0,0.4,0.4,0.4
30.349999999999998,20.494225,-15.007182,2.0053716,-0.20240054,-0.001483896,-0.0010901765,0.9793011,0.006357242,-0.0036869268,0.0763495,-0.1747528,-0.115803316,-0.13639511,20.494165,-15.005346,1.2053738,0.004234717,-0.13148126,-0.56553966,-0.28686848,196.94884,-246.02783,-910.1691,-95.69072,196.94884,-246.02783,-910.1691,-95.69072,1.0,-1.0,-1.0,-1.0,33.524375915527344,-0.4,-0.4,-0.4
30.366666666666667,20.494097,-15.007181,2.0045981,-0.20277943,0.0024859563,0.00095652,0.97922075,0.0069737704,-0.0030816721,-0.087342374,0.2504614,-0.64988005,0.10701665,20.494188,-15.005269,1.2046006,-0.0065569817,-0.13694543,-0.6475019,-0.32784995,-497.99524,547.63434,-192.094,391.0045,-497.99524,547.63434,-192.094,391.0045,-1.0,1.0,-1.0,1.0,0.0,0.4,-0.4,0.4
30.383333333333333,20.493996,-15.007158,2.0049844,-0.20215714,0.0045200856,0.00082899886,0.9793423,0.004912739,-0.0039392402,0.059941016,-0.17010541,-0.09821038,-0.13655204,20.494205,-15.005199,1.2049866,-0.015026417,-0.14029223,-0.508166,-0.20080803,227.76173,-376.0188,819.58685,-1763.0841,227.76173,-376.0188,819.58685,-1763.0841,1.0,-1.0,1.0,-1.0,33.524375915527344,-0.4,0.4,-0.4
30.4,20.493912,-15.00713,2.0039432,-0.20253861,0.0017265136,0.0015807154,0.9792714,0.0030434555,-0.0035957731,-0.103273556,0.26513177,0.44618547,0.106718965,20.494219,-15.0051365,1.2039459,-0.021993209,-0.1427511,-0.4180075,-0.14753221,-457.37076,256.47906,375.4926,350.70847,-457.37076,256.47906,375.4926,350.70847,-1.0,1.0,1.0,1.0,0.0,0.4,0.4,0.4
30.416666666666668,20.493835,-15.007086,2.0040584,-0.20192191,0.0014121351,0.0010184445,0.9794001,0.0033995225,-0.004732269,0.043633122,-0.16624656,-0.08138266,-0.13639954,20.494234,-15.005085,1.2040608,-0.02855019,-0.14329752,-0.3934189,-0.03278553,373.81934,-559.21313,-718.2293,-98.79724,373.81934,-559.21313,-718.2293,-98.79724,1.0,-1.0,-1.0,-1.0,33.524375915527344,-0.4,-0.4,-0.4
30.433333333333334,20.493769,-15.007037,2.002745,-0.20230116,-0.0015245827,0.0017754325,0.9793205,0.0026301038,-0.004704999,-0.11958599,0.2690103,0.46299183,0.106868066,20.494251,-15.005035,1.2027478,-0.034560762,-0.14336582,-0.36063427,-0.004097521,-321.56506,217.8556,71.237785,350.77148,-321.56506,217.8556,71.237785,350.77148,-1.0,1.0,1.0,1.0,0.0,0.4,0.4,0.4
30.45,20.493673,-15.006973,2.0025878,-0.20168798,-0.0019825965,0.0012146616,0.97944707,0.004129488,-0.006128067,0.027321652,-0.16238934,-0.06460261,-0.1362442,20.494259,-15.004993,1.2025905,-0.041937366,-0.14179488,-0.4425962,0.09425639,476.30447,-515.3586,-901.6394,-111.59083,476.30447,-515.3586,-901.6394,-111.59083,1.0,-1.0,-1.0,-1.0,33.524375915527344,-0.4,-0.4,-0.4
30.466666666666665,20.493563,-15.006915,2.000997,-0.20205806,0.0015515066,0.0032743877,0.97936684,0.0044451486,-0.006437968,-0.13633712,0.26288605,-0.5987339,0.10716026,20.494274,-15.004955,1.2009999,-0.050953217,-0.14036053,-0.540951,0.08606046,-162.93532,218.4977,-352.468,365.26123,-162.93532,218.4977,-352.468,365.26123,-1.0,1.0,-1.0,1.0,0.0,0.4,-0.4,0.4
30.483333333333334,20.493464,-15.006818,2.0005655,-0.20143458,0.0031465604,0.0031594,0.9794918,0.0024049273,-0.008129146,0.010957427,-0.15773867,-0.04709156,-0.13638613,20.49428,-15.004925,1.2005684,-0.058466434,-0.13557938,-0.45079303,0.28686938,611.3879,-690.69116,653.7994,-1829.843,611.3879,-690.69116,653.7994,-1829.843,1.0,-1.0,1.0,-1.0,33.524375915527344,-0.4,0.4,-0.4
30.5,20.493382,-15.006694,1.9987056,-0.20180042,0.0010588128,-0.0013223867,0.9794252,0.0012009209,-0.008512598,-0.15244533,-0.5824408,0.4873541,0.106250376,20.494286,-15.004899,1.198708,-0.06475021,-0.12854427,-0.37702647,0.42210636,-44.676178,-156.75735,106.87231,331.98132,-44.676178,-156.75735,106.87231,331.98132,-1.0,-1.0,1.0,1.0,0.0,-0.4,0.4,0.4
30.516666666666666,20.493303,-15.006593,1.9980031,-0.2011762,0.0006959026,-0.0036151272,0.9795481,0.0020816377,-0.0066807666,-0.005460287,-0.15336384,-0.03101188,-0.1367401,20.49429,-15.004884,1.1980054,-0.07062418,-0.12239709,-0.3524382,0.36883098,840.91364,601.6246,-903.015,-123.51058,840.91364,601.6246,-903.015,-123.51058,1.0,1.0,-1.0,-1.0,33.524375915527344,0.4,-0.4,-0.4
30.53333333333333,20.493233,-15.0065365,1.9997504,-0.20156309,0.0038320816,-0.0015350252,0.97946686,0.0034594457,-0.00450615,0.14155406,0.27632654,-0.54854584,0.10665414,20.49428,-15.004876,1.1997527,-0.074995495,-0.11891367,-0.26227888,0.20900486,180.201,559.1226,-117.1563,289.16376,180.201,559.1226,-117.1563,289.16376,1.0,1.0,-1.0,1.0,33.524375915527344,0.4,-0.4,0.4
30.55,20.493177,-15.006483,2.0000687,-0.2009423,0.005105552,-0.0016296344,0.9795883,0.001463152,-0.0043118885,-0.021800252,-0.14868975,-0.013576232,-0.13688892,20.494276,-15.004873,1.2000709,-0.07868381,-0.115293674,-0.22129877,0.2171999,-630.65796,-323.49146,922.81396,-801.5059,-630.65796,-323.49146,922.81396,-801.5059,-1.0,-1.0,1.0,-1.0,0.0,-0.4,0.4,-0.4
30.566666666666666,20.493177,-15.006434,2.0015483,-0.2013145,0.0014779855,-0.0008343909,0.97952515,-0.0016414493,-0.0025275375,0.12562482,0.29102516,0.5473685,0.10637089,20.494267,-15.00488,1.2015504,-0.07800079,-0.111332156,0.04098102,0.23769109,136.88498,358.30115,326.4999,255.95027,136.88498,358.30115,326.4999,255.95027,1.0,1.0,1.0,1.0,33.524375915527344,0.4,0.4,0.4
30.583333333333332,20.493183,-15.006386,2.0015955,-0.20366773,0.00040089444,-0.0013621602,0.97903895,-0.0011460852,-0.0029400412,-0.038128905,-0.14481892,0.0030654073,0.34907803,20.494255,-15.004891,1.2015976,-0.07677135,-0.107029125,0.07376655,0.2581818,-494.99097,-514.7663,-635.10034,15.036053,-494.99097,-514.7663,-635.10034,15.036053,-1.0,-1.0,-1.0,1.0,0.0,-0.4,-0.4,0.4
30.599999999999998,20.493198,-15.006347,2.0028024,-0.20502259,-0.0033680906,-0.00057984353,0.9787512,-0.0024706502,-0.0014075504,0.10927541,0.29376873,0.5635983,0.10613507,20.494238,-15.004906,1.2028043,-0.074449085,-0.10320421,0.13933583,0.2294947,133.05956,256.9093,115.57843,-2684.6194,133.05956,256.9093,115.57843,-2684.6194,1.0,1.0,1.0,-1.0,33.524375915527344,0.4,0.4,-0.4
30.616666666666667,20.493202,-15.006309,2.0025766,-0.20737359,-0.004579963,-0.0011057772,0.97825044,-0.00038428232,-0.002221327,-0.054472614,-0.14211552,0.019403487,0.34884483,20.494219,-15.004924,1.2025787,-0.07280984,-0.099174395,0.09835481,0.24178906,-495.69574,-387.73413,-886.7666,1.4930089,-495.69574,-387.73413,-886.7666,1.4930089,-1.0,-1.0,-1.0,1.0,0.0,-0.4,-0.4,0.4
30.633333333333333,20.493155,-15.006295,2.0035062,-0.20872729,-0.0018857527,0.001006922,0.97797155,0.0023575185,-0.0012155112,0.09254221,0.28760004,-0.49841776,0.105967835,20.494184,-15.004947,1.203508,-0.07376607,-0.096578926,-0.05737379,0.15572815,205.24586,307.32074,-425.74298,-2852.6477,205.24586,307.32074,-425.74298,-2852.6477,1.0,1.0,-1.0,-1.0,33.524375915527344,0.4,-0.4,-0.4
30.65,20.49311,-15.006282,2.0030065,-0.20810126,-0.0010406475,0.0009207942,0.97810626,0.001958122,-0.0021941403,-0.070813805,-0.13765728,0.036482695,-0.13756187,20.494158,-15.004975,1.2030084,-0.074995495,-0.09357363,-0.07376566,0.18031774,-563.80664,-485.8538,486.49316,-1068.0972,-563.80664,-485.8538,486.49316,-1068.0972,-1.0,-1.0,1.0,-1.0,0.0,-0.4,0.4,-0.4
30.666666666666668,20.493053,-15.006265,2.0036638,-0.20846306,0.0015059687,0.0030367575,0.97802436,0.0031654316,-0.0018999137,0.07619096,0.29223287,-0.4810828,0.10582822,20.494123,-15.005005,1.2036656,-0.07663474,-0.09022684,-0.09835481,0.20080759,286.21854,202.61092,-364.3239,257.79135,286.21854,202.61092,-364.3239,257.79135,1.0,1.0,-1.0,1.0,33.524375915527344,0.4,-0.4,0.4
30.683333333333334,20.493002,-15.006239,2.0028915,-0.20783399,0.0022000985,0.0029597299,0.9781571,0.001543141,-0.0032949583,-0.087161735,-0.1330436,0.053806122,-0.1376975,20.494091,-15.00504,1.2028935,-0.07800079,-0.085855514,-0.081962936,0.26227933,-529.9348,-693.21313,689.4565,-965.2452,-529.9348,-693.21313,689.4565,-965.2452,-1.0,-1.0,1.0,-1.0,0.0,-0.4,0.4,-0.4
30.7,20.492949,-15.00618,2.0032754,-0.20817831,0.005774575,-0.00016499695,0.9780737,0.0014025657,-0.0049528675,0.059717804,-0.5633089,-0.47344118,0.10522984,20.494045,-15.00508,1.2032768,-0.0785472,-0.07875211,-0.032784637,0.42620432,342.46658,-104.19719,-102.14892,238.06952,342.46658,-104.19719,-102.14892,238.06952,1.0,-1.0,-1.0,1.0,33.524375915527344,-0.4,-0.4,0.4
30.716666666666665,20.492922,-15.006115,2.0022306,-0.2075414,0.006720269,-0.0019754763,0.9782011,-0.0013807866,-0.003294956,-0.10353298,-0.12796149,0.070495166,-0.1373324,20.494009,-15.005119,1.2022321,-0.077864185,-0.0713072,0.04098102,0.4466946,-441.9035,723.2611,908.07947,-1960.3131,-441.9035,723.2611,908.07947,-1960.3131,-1.0,1.0,1.0,-1.0,0.0,0.4,0.4,-0.4
30.733333333333334,20.49296,-15.006063,2.0023475,-0.2079096,0.0023683128,-0.0011806306,0.97814447,-0.0044008587,-0.0015081912,0.043872483,0.3118077,0.6311166,0.10592603,20.493958,-15.00517,1.2023488,-0.071443796,-0.063998885,0.3852233,0.43849868,457.90036,247.35506,372.6416,156.86548,457.90036,247.35506,372.6416,156.86548,1.0,1.0,1.0,1.0,33.524375915527344,0.4,0.4,0.4
30.75,20.493011,-15.006011,2.0010316,-0.2072861,0.000577262,-0.0016906506,0.9782787,-0.0037309672,-0.0015269476,-0.11989005,-0.12409185,0.087063245,-0.13709967,20.493914,-15.00522,1.2010328,-0.0646136,-0.056622274,0.40981156,0.44259664,-204.85883,-599.6457,-638.1545,-35.007317,-204.85883,-599.6457,-638.1545,-35.007317,-1.0,-1.0,-1.0,-1.0,0.0,-0.4,-0.4,-0.4
30.766666666666666,20.493057,-15.005979,2.0008712,-0.20766102,0.0026885173,0.0004460113,0.97819704,-0.0031271318,-0.0003590521,0.027142903,0.3058666,-0.43053442,0.10627705,20.493862,-15.005273,1.2008721,-0.057646804,-0.05054341,0.41800794,0.3647319,604.3722,295.96222,-125.0922,156.901,604.3722,295.96222,-125.0922,156.901,1.0,1.0,-1.0,1.0,33.524375915527344,0.4,-0.4,0.4
30.78333333333333,20.493113,-15.005941,1.9992809,-0.2070379,0.0029494336,0.00039274234,0.9783284,-0.0049048783,-0.00086243823,-0.13620557,-0.1194516,0.104314476,-0.13722974,20.493809,-15.005328,1.1992817,-0.049860388,-0.04391812,0.4671849,0.3975172,-176.40134,-591.8729,922.3825,-902.6351,-176.40134,-591.8729,922.3825,-902.6351,-1.0,-1.0,1.0,-1.0,0.0,-0.4,0.4,-0.4
30.8,20.493208,-15.005892,1.998853,-0.20741019,-0.0016911112,0.0012025594,0.97825176,-0.006473246,-0.0002915766,0.011158933,0.3203439,0.6648753,0.106032334,20.493755,-15.005382,1.1988531,-0.03920529,-0.036541514,0.63930583,0.44259644,696.37585,43.570118,101.48469,140.26721,696.37585,43.570118,101.48469,140.26721,1.0,1.0,1.0,1.0,33.524375915527344,0.4,0.4,0.4
30.816666666666666,20.49327,-15.005835,2.0008755,-0.20679249,-0.0038809206,0.00070617744,0.97837687,-0.005278215,-0.001570147,0.15804508,-0.111280575,0.13741277,-0.13697492,20.493696,-15.005442,1.2008759,-0.030462643,-0.02814038,0.5245588,0.5040681,23.936062,-703.8287,-789.6244,-55.91541,23.936062,-703.8287,-789.6244,-55.91541,1.0,-1.0,-1.0,-1.0,33.524375915527344,-0.4,-0.4,-0.4
30.833333333333332,20.493307,-15.005786,2.0014644,-0.20715496,-0.0020925826,0.0028569356,0.9783017,-0.0032881112,-0.0015067565,-0.0055726757,0.31440943,-0.39685228,0.10640106,20.493628,-15.005501,1.2014645,-0.022949437,-0.020422265,0.45079237,0.4630868,-594.84906,35.29483,-365.55048,381.7094,-594.84906,35.29483,-365.55048,381.7094,-1.0,1.0,-1.0,1.0,0.0,0.4,-0.4,0.4
30.849999999999998,20.49335,-15.005731,1.9993296,-0.20653358,-0.002122454,0.002811419,0.97843313,-0.003618026,-0.0031208294,-0.16892225,-0.110946834,0.1379718,-0.13710046,20.49356,-15.005563,1.1993295,-0.01516302,-0.012021133,0.46718496,0.5040679,-16.369898,-835.4187,413.3696,-1101.3434,-16.369898,-835.4187,413.3696,-1101.3434,-1.0,-1.0,1.0,-1.0,0.0,-0.4,0.4,-0.4
30.866666666666667,20.493368,-15.005649,1.9983505,-0.20690182,0.0007240105,-0.00027987704,0.97836137,-0.0025456026,-0.0044493047,-0.02202429,-0.5411501,-0.3893937,0.10579073,20.4935,-15.00562,1.1983505,-0.0094256615,-0.0020490568,0.3442415,0.59832454,810.25226,-187.03488,-520.3892,165.70766,810.25226,-187.03488,-520.3892,165.70766,1.0,-1.0,-1.0,1.0,33.524375915527344,-0.4,-0.4,0.4
30.883333333333333,20.4934,-15.005574,1.999826,-0.20627847,0.00083745195,-0.0020551006,0.97849077,-0.0038509357,-0.0034973873,0.12536852,-0.10152051,0.17111264,-0.13683401,20.493439,-15.005684,1.1998259,-0.0027320758,0.007854718,0.4016151,0.5942264,172.99341,692.2228,614.9997,-2113.1357,172.99341,692.2228,614.9997,-2113.1357,1.0,1.0,1.0,-1.0,33.524375915527344,0.4,0.4,-0.4
30.9,20.493435,-15.005514,1.9998698,-0.20665577,0.0023343605,0.000114769675,0.9784109,-0.0033065798,-0.0023512444,-0.038252167,0.3242125,-0.36318484,0.10654155,20.493374,-15.005745,1.19987,0.0043713213,0.016529057,0.4262038,0.5204603,-452.0799,154.73764,-67.72497,315.48965,-452.0799,154.73764,-67.72497,315.48965,-1.0,1.0,-1.0,1.0,0.0,0.4,-0.4,0.4
30.916666666666668,20.493496,-15.005438,2.0010734,-0.20603567,0.0019079155,9.861809e-05,0.9785425,-0.0051769735,-0.0029205326,0.109049514,-0.09685975,0.18824124,-0.1369547,20.493317,-15.005802,1.2010736,0.012840756,0.026091324,0.508166,0.573736,210.13315,-685.42847,725.94073,-803.35785,210.13315,-685.42847,725.94073,-803.35785,1.0,-1.0,1.0,-1.0,33.524375915527344,-0.4,0.4,-0.4
30.933333333333334,20.493567,-15.005343,2.0008485,-0.20639297,-0.0021821395,-0.0042991685,0.9784572,-0.0061411182,-0.0032307492,-0.05437247,-0.5215212,0.7224106,0.10560346,20.493252,-15.005861,1.2008488,0.022539625,0.037087932,0.58193207,0.6597964,-453.1377,-102.26804,32.562424,301.30972,-453.1377,-102.26804,32.562424,301.30972,-1.0,-1.0,1.0,1.0,0.0,-0.4,0.4,0.4
30.95,20.49362,-15.005303,2.0017807,-0.20575641,-0.0045531862,-0.006504796,0.978571,-0.0040919245,-0.0009940031,0.092622966,-0.09246315,0.20390739,-0.13751416,20.49319,-15.005919,1.2017814,0.030735852,0.044123027,0.4917736,0.4221057,340.66272,582.4699,-1099.3171,-114.609764,340.66272,582.4699,-1099.3171,-114.609764,1.0,1.0,-1.0,-1.0,33.524375915527344,0.4,-0.4,-0.4
30.966666666666665,20.493656,-15.005294,2.0012794,-0.2061247,-0.0033395032,-0.0043155793,0.9785105,-0.0016078707,0.0010824184,-0.0709987,0.333309,-0.3304178,0.105861336,20.493126,-15.005974,1.2012799,0.037975855,0.048699256,0.43440014,0.27457368,-346.79752,553.19586,-571.82336,296.53113,-346.79752,553.19586,-571.82336,296.53113,-1.0,1.0,-1.0,1.0,0.0,0.4,-0.4,0.4
30.983333333333334,20.493685,-15.005317,2.0019374,-0.20549534,-0.004045621,-0.0043174424,0.9786402,-0.0011491947,0.0016388226,0.07631411,-0.08778238,0.22093582,-0.13762408,20.49307,-15.006026,1.2019379,0.04398642,0.050816614,0.36063394,0.12704147,365.26175,-136.91449,182.13249,-806.27704,365.26175,-136.91449,182.13249,-806.27704,1.0,-1.0,1.0,-1.0,33.524375915527344,-0.4,0.4,-0.4
31.0,20.493696,-15.005355,2.0011637,-0.20585927,-0.0029774937,-0.0021201787,0.9785747,0.0009974099,0.0029796546,-0.08733286,0.33801338,-0.31340647,0.105752006,20.493011,-15.006073,1.2011646,0.049040765,0.05143133,0.3032606,0.036883052,-311.56293,489.40204,-628.0227,310.9944,-311.56293,489.40204,-628.0227,310.9944,-1.0,1.0,-1.0,1.0,0.0,0.4,-0.4,0.4
31.016666666666666,20.493698,-15.005408,2.0015497,-0.20523061,-0.0038314327,-0.0021131735,0.97870386,0.0011995959,0.002796549,0.059976935,-0.083107784,0.23793806,-0.13772571,20.492962,-15.006119,1.2015505,0.052729066,0.050884917,0.2212981,-0.03278486,424.97046,-261.898,131.95004,-779.9209,424.97046,-261.898,131.95004,-779.9209,1.0,-1.0,1.0,-1.0,33.524375915527344,-0.4,0.4,-0.4
31.03333333333333,20.493685,-15.005475,2.000503,-0.2055904,-0.0029081358,9.386687e-05,0.97863376,0.0031098519,0.003373879,-0.10368288,0.3427142,-0.29642108,0.10565171,20.492908,-15.006163,1.2005037,0.055597752,0.04924567,0.17212114,-0.09835481,-242.18417,387.81876,-719.9638,325.72296,-242.18417,387.81876,-719.9638,325.72296,-1.0,1.0,-1.0,1.0,0.0,0.4,-0.4,0.4
31.05,20.493654,-15.005538,2.000616,-0.20496249,-0.003910254,0.00011006587,0.97876203,0.0031657198,0.0024195607,0.043629505,-0.07843533,0.25491402,-0.13782066,20.492863,-15.006204,1.200617,0.056690577,0.047674727,0.0655695,-0.09425662,511.24268,-432.1582,44.37392,-770.6786,511.24268,-432.1582,44.37392,-770.6786,1.0,-1.0,1.0,-1.0,33.524375915527344,-0.4,0.4,-0.4
31.066666666666666,20.493608,-15.005609,1.9992974,-0.20531806,-0.0031320308,0.0023257695,0.97868747,0.0049408046,0.0022053686,-0.120031096,0.3474135,-0.27946103,0.10555918,20.492815,-15.006245,1.199298,0.05682718,0.045557365,0.008196159,-0.1270417,-149.95996,249.71591,-823.20667,339.9263,-149.95996,249.71591,-823.20667,339.9263,-1.0,1.0,-1.0,1.0,0.0,0.4,-0.4,0.4
31.083333333333332,20.49353,-15.005662,1.9991331,-0.20467053,0.0023246773,0.0036762182,0.97882116,0.0063185273,0.00043760007,0.026824985,-0.08357409,-0.80623883,-0.1378376,20.492777,-15.006282,1.199134,0.0539585,0.044396233,-0.17212069,-0.06966791,619.7259,-644.6973,-93.93581,-767.75867,619.7259,-644.6973,-93.93581,-767.75867,1.0,-1.0,-1.0,-1.0,33.524375915527344,-0.4,-0.4,-0.4
31.099999999999998,20.493444,-15.005697,1.9975386,-0.20500642,0.0063174684,0.0010761595,0.9787396,0.003525034,-0.00046045752,-0.13654652,-0.50947213,-0.27145177,0.10507198,20.492735,-15.006321,1.1975394,0.050816614,0.044669442,-0.18851323,0.016392542,-164.80222,-134.01248,882.85657,95.64976,-164.80222,-134.01248,882.85657,95.64976,-1.0,-1.0,1.0,1.0,0.0,-0.4,0.4,0.4
31.116666666666667,20.493423,-15.005712,1.9971058,-0.20436919,0.0054111737,-0.0006396643,0.9788786,0.0003880381,0.0008022297,0.010879658,-0.069927394,0.28902003,-0.13763608,20.492697,-15.006351,1.1971066,0.05204605,0.045830574,0.073766105,0.06966791,696.57086,700.03955,713.7214,-1542.13,696.57086,700.03955,713.7214,-1542.13,1.0,1.0,1.0,-1.0,33.524375915527344,0.4,0.4,-0.4
31.133333333333333,20.493467,-15.005731,1.9991248,-0.20474613,0.005790635,0.0015889904,0.9787966,-0.00033031194,0.002466255,0.15789463,0.3602864,-0.22873631,0.10574296,20.49267,-15.006379,1.1991258,0.05710039,0.046445295,0.30326036,0.036883276,87.485306,89.11979,-11.382168,245.73235,87.485306,89.11979,-11.382168,245.73235,1.0,1.0,-1.0,1.0,33.524375915527344,0.4,-0.4,0.4
31.15,20.493525,-15.00574,1.999714,-0.20412406,0.0043132696,0.0016340567,0.97893417,-0.0030984175,0.0017708892,-0.0054553226,-0.065230995,0.30595925,-0.13770711,20.492638,-15.006406,1.199715,0.063520774,0.047674727,0.3852231,0.07376588,-664.68884,-705.04333,917.6302,-177.3325,-664.68884,-705.04333,917.6302,-177.3325,-1.0,-1.0,1.0,-1.0,0.0,-0.4,0.4,-0.4
31.166666666666668,20.493605,-15.005727,2.0014591,-0.20447154,0.005704152,-0.0013774453,0.97885484,-0.0036144303,0.0001904734,0.14147414,-0.495256,-0.22153288,0.10512731,20.49261,-15.0064335,1.2014602,0.07117059,0.05061171,0.45898896,0.17621888,51.143127,-164.98744,-30.591566,237.56053,51.143127,-164.98744,-30.591566,237.56053,1.0,-1.0,-1.0,1.0,33.524375915527344,-0.4,-0.4,0.4
31.183333333333334,20.493706,-15.005711,2.0017753,-0.20383233,0.0044746553,-0.0030673905,0.97899073,-0.0061204685,0.0018718493,-0.021776894,-0.06006193,0.32225645,-0.13760804,20.49259,-15.006455,1.2017767,0.07991324,0.053343784,0.52455914,0.16392453,-665.11566,738.2071,863.79865,-720.1602,-665.11566,738.2071,863.79865,-720.1602,-1.0,1.0,1.0,-1.0,0.0,0.4,0.4,-0.4
31.2,20.49385,-15.005716,2.003254,-0.20418356,-0.0020426197,-0.002125454,0.9789282,-0.009086546,0.0042066844,0.12553689,0.38003263,0.8825751,0.10570419,20.492561,-15.006475,1.2032554,0.0923442,0.054368313,0.7458575,0.061471757,86.81304,207.06146,44.449158,185.39325,86.81304,207.06146,44.449158,185.39325,1.0,1.0,1.0,1.0,33.524375915527344,0.4,0.4,0.4
31.216666666666665,20.493998,-15.005725,2.0032997,-0.20652296,-0.006006808,-0.0024971575,0.97842014,-0.0071324892,0.003941773,-0.038267095,-0.05681297,0.3384527,0.34858727,20.49254,-15.006494,1.2033014,0.10436535,0.055051334,0.7212688,0.040981244,-470.8105,-510.14676,-882.63,83.15143,-470.8105,-510.14676,-882.63,83.15143,-1.0,-1.0,-1.0,1.0,0.0,-0.4,-0.4,0.4
31.233333333333334,20.49409,-15.005774,2.0045006,-0.2078668,-0.006059307,-0.0002486571,0.9781383,-0.0037688501,0.005442949,0.10874262,0.3714907,-0.17919596,0.10587045,20.492527,-15.006509,1.2045025,0.111878574,0.052660767,0.45079347,-0.14343402,118.31435,257.11313,-812.25336,-1577.175,118.31435,257.11313,-812.25336,-1577.175,1.0,1.0,-1.0,-1.0,33.524375915527344,0.4,-0.4,-0.4
31.25,20.494148,-15.005834,2.004267,-0.20723604,-0.0013562897,0.0011311768,0.97828937,-0.0014564549,0.004484508,-0.05497487,-0.063889086,-0.72251344,-0.13750061,20.492516,-15.006523,1.2042689,0.11693292,0.049382273,0.3032608,-0.19670962,-620.37506,-474.02243,-94.34464,-174.37764,-620.37506,-474.02243,-94.34464,-174.37764,-1.0,-1.0,-1.0,-1.0,0.0,-0.4,-0.4,-0.4
31.266666666666666,20.494202,-15.005888,2.0051937,-0.20759776,0.0006472711,0.0038119173,0.9782066,-0.0020928108,0.0047790455,0.09242597,0.37483332,-0.16160318,0.10572321,20.492506,-15.006536,1.2051957,0.12144086,0.046376992,0.27047616,-0.18031685,76.85751,86.4318,765.2886,47.883785,76.85751,86.4318,765.2886,47.883785,1.0,1.0,1.0,1.0,33.524375915527344,0.4,0.4,0.4
31.28333333333333,20.494272,-15.005922,2.0046926,-0.20697977,-0.0014036631,0.0038506698,0.97833663,-0.0031005177,0.0029665001,-0.07093548,-0.050843447,0.37303042,-0.13769598,20.492506,-15.006543,1.2046947,0.12649521,0.044464536,0.30326125,-0.11474735,-622.26825,-892.0939,388.80484,-176.47064,-622.26825,-892.0939,388.80484,-176.47064,-1.0,-1.0,1.0,-1.0,0.0,-0.4,0.4,-0.4
31.3,20.494314,-15.005925,2.0053468,-0.20734608,-0.00057504093,0.00084778847,0.978267,-0.0018745924,0.00061535975,0.0759892,-0.48082986,-0.15443361,0.10511975,20.492517,-15.00655,1.2053492,0.12868087,0.04473774,0.13113944,0.016392319,176.9748,-262.03955,-662.1481,258.4088,176.9748,-262.03955,-662.1481,258.4088,1.0,-1.0,-1.0,1.0,33.524375915527344,-0.4,-0.4,0.4
31.316666666666666,20.494362,-15.005924,2.0045729,-0.20671909,-0.002371944,-0.0008489117,0.9783971,-0.0022184676,0.0013319756,-0.087265946,-0.04568973,0.38918874,-0.13766828,20.492533,-15.006555,1.2045752,0.13100316,0.045147553,0.13933717,0.024588702,-560.67163,644.01807,316.07187,-779.6988,-560.67163,644.01807,316.07187,-779.6988,-1.0,1.0,1.0,-1.0,0.0,0.4,0.4,-0.4
31.333333333333332,20.494385,-15.005946,2.0049565,-0.20707777,-0.0028555512,0.0014110598,0.9783192,-0.00032764592,0.0020720346,0.05974014,0.38472557,-0.12868798,0.10573489,20.492554,-15.006557,1.2049587,0.13113976,0.043781515,0.008195936,-0.081962265,301.3676,141.60294,-844.3257,233.0233,301.3676,141.60294,-844.3257,233.0233,1.0,1.0,-1.0,1.0,33.524375915527344,0.4,-0.4,0.4
31.349999999999998,20.494385,-15.005973,2.0039053,-0.20643981,0.0014132023,0.0028092698,0.9784542,0.00046054262,0.00074395165,-0.10400513,-0.05070898,-0.67201036,-0.13760799,20.492577,-15.00656,1.2039075,0.1295005,0.04207397,-0.0983557,-0.10245278,-449.3346,-725.01495,-84.6077,-172.10887,-449.3346,-725.01495,-84.6077,-172.10887,-1.0,-1.0,-1.0,-1.0,0.0,-0.4,-0.4,-0.4
31.366666666666667,20.4944,-15.0059595,2.0040128,-0.2067883,0.004152709,0.00025993402,0.9783768,-0.0014610728,-0.00082525157,0.043309007,-0.47229356,-0.12077069,0.10522336,20.492615,-15.006558,1.2040151,0.12786125,0.042893592,-0.09835481,0.049177404,323.78378,-175.0171,814.0264,70.0452,323.78378,-175.0171,814.0264,70.0452,1.0,-1.0,1.0,1.0,33.524375915527344,-0.4,0.4,0.4
31.383333333333333,20.494438,-15.00594,2.0026941,-0.20615466,0.0020659808,-0.0014215307,0.97851616,-0.0030712243,0.00046507036,-0.11994813,-0.03717634,0.4228269,-0.13759182,20.492653,-15.0065565,1.2026964,0.12786125,0.044123027,0.0,0.073766105,-394.3611,648.5668,567.3245,-483.69733,-394.3611,648.5668,567.3245,-483.69733,-1.0,1.0,1.0,-1.0,0.0,0.4,0.4,-0.4
31.4,20.494493,-15.00594,2.0025322,-0.20652382,0.0012948187,0.0008486615,0.9784403,-0.002649667,0.00157233,0.027057206,0.3932876,-0.09505072,0.10581756,20.492702,-15.006551,1.2025348,0.12827106,0.043713216,0.024588702,-0.024588702,515.7727,71.7641,-588.40216,196.84975,515.7727,71.7641,-588.40216,196.84975,1.0,1.0,-1.0,1.0,33.524375915527344,0.4,-0.4,0.4
31.416666666666668,20.49455,-15.005936,2.0009413,-0.2059018,-0.0013281282,0.0009256429,0.97857124,-0.0032477502,0.0006479578,-0.13631083,-0.03245759,0.43954673,-0.13757639,20.492746,-15.006545,1.2009437,0.12922728,0.043644913,0.05737334,-0.0040981914,-209.27844,-759.8223,281.92072,-194.64406,-209.27844,-759.8223,281.92072,-194.64406,-1.0,-1.0,1.0,-1.0,0.0,-0.4,0.4,-0.4
31.433333333333334,20.494587,-15.00592,2.000506,-0.20626995,-0.0010778336,-0.002041953,0.9784923,-0.001779569,-0.00029674463,0.010598787,-0.4623662,-0.087976575,0.1052255,20.492805,-15.006537,1.2005082,0.12758805,0.044191327,-0.098353915,0.03278486,629.0433,-54.11642,-834.1006,215.85942,629.0433,-54.11642,-834.1006,215.85942,1.0,-1.0,-1.0,1.0,33.524375915527344,-0.4,-0.4,0.4
31.45,20.494625,-15.005909,1.9986418,-0.20563626,-0.0034476079,-0.003700825,0.97861534,-0.0013223658,0.0014328726,-0.1526531,-0.027272522,0.4555937,-0.13761155,20.492867,-15.006527,1.1986442,0.1259488,0.04425963,-0.09835481,0.0040981914,-54.00528,773.0692,118.18409,-574.10016,-54.00528,773.0692,118.18409,-574.10016,-1.0,1.0,1.0,-1.0,0.0,0.4,0.4,-0.4
31.466666666666665,20.494638,-15.005943,1.9979352,-0.20598996,-0.004502356,-0.0014031684,0.9785427,0.0012459628,0.0027561043,-0.005642691,0.40324333,-0.062348083,0.10581237,20.492933,-15.006512,1.1979373,0.122123875,0.04070793,-0.2294956,-0.21310194,777.1263,315.7268,-1029.7048,199.3439,777.1263,315.7268,-1029.7048,199.3439,1.0,1.0,-1.0,1.0,33.524375915527344,0.4,-0.4,0.4
31.483333333333334,20.494593,-15.006007,1.999677,-0.2053636,-0.00091025635,3.0407597e-05,0.97868526,0.0044490295,0.002273566,0.14124753,-0.027970612,-0.58911157,-0.13749926,20.493013,-15.006495,1.1996785,0.11310802,0.034970574,-0.54095143,-0.34424138,147.61395,-373.28418,-418.84714,-180.5503,147.61395,-373.28418,-418.84714,-180.5503,1.0,-1.0,-1.0,-1.0,33.524375915527344,-0.4,-0.4,-0.4
31.5,20.494547,-15.006074,1.9999909,-0.20572884,5.6665704e-05,0.0027688013,0.9786051,0.0037747137,0.0026720916,-0.022025136,0.40664387,-0.044977203,0.10572118,20.493093,-15.006477,1.1999924,0.10409214,0.028891701,-0.5409523,-0.36473235,-627.0392,262.33783,521.1453,305.4424,-627.0392,262.33783,521.1453,305.4424,-1.0,1.0,1.0,1.0,0.0,0.4,0.4,0.4
31.516666666666666,20.494493,-15.006113,2.0014603,-0.20508933,0.003499599,0.00420219,0.978728,0.004949111,0.0010547175,0.12485694,-0.024604976,-0.5717069,-0.13757184,20.493185,-15.006455,1.2014614,0.093710236,0.024520379,-0.6229144,-0.26227933,112.79998,-775.7761,-133.69638,-169.57698,112.79998,-775.7761,-133.69638,-169.57698,1.0,-1.0,-1.0,-1.0,33.524375915527344,-0.4,-0.4,-0.4
31.53333333333333,20.494444,-15.006128,2.0015004,-0.2054332,0.0054814112,0.0016859333,0.97865427,0.0025555114,-0.0006270567,-0.038493138,-0.45037472,-0.037200958,0.105200686,20.49328,-15.006435,1.2015015,0.08332834,0.021993209,-0.62291396,-0.15163018,-660.4637,-241.9821,811.7807,305.18005,-660.4637,-241.9821,811.7807,305.18005,-1.0,-1.0,1.0,1.0,0.0,-0.4,0.4,0.4
31.55,20.49445,-15.006124,2.0027015,-0.20480244,0.0025660405,4.8178274e-05,0.9787999,-0.0006801345,8.7549444e-05,0.108927384,-0.011029124,0.5229688,-0.13767193,20.493382,-15.0064125,1.2027025,0.076498136,0.020695474,-0.409812,-0.07786407,90.83802,597.0936,405.82397,-202.8832,90.83802,597.0936,405.82397,-202.8832,1.0,1.0,1.0,-1.0,33.524375915527344,0.4,0.4,-0.4
31.566666666666666,20.494453,-15.006115,2.0024703,-0.20515892,0.0022033586,-0.0028929436,0.9787219,-0.0005615593,-0.00025096483,-0.054819364,-0.44514075,-0.021221012,0.10512056,20.493479,-15.0063925,1.2024709,0.06980456,0.01987585,-0.40161473,-0.049177404,-484.06708,-55.158886,-653.89905,387.55206,-484.06708,-55.158886,-653.89905,387.55206,-1.0,-1.0,-1.0,1.0,0.0,-0.4,-0.4,0.4
31.583333333333332,20.494488,-15.006132,2.0033994,-0.2045156,-0.0008489141,-0.0045166155,0.9788525,-0.0022295662,0.0018473199,0.09258721,-0.005787492,0.5389062,-0.1377602,20.493578,-15.006371,1.2033999,0.06516002,0.017075473,-0.2786721,-0.16802262,189.31975,842.2987,226.87274,-242.44704,189.31975,842.2987,226.87274,-242.44704,1.0,1.0,1.0,-1.0,33.524375915527344,0.4,0.4,-0.4
31.599999999999998,20.494532,-15.006173,2.0028965,-0.20487115,-0.0025101928,-0.0021890032,0.97878325,-0.00066809356,0.0034335856,-0.07107008,0.4205318,0.0043210387,0.10569177,20.493687,-15.00635,1.2028972,0.06051549,0.01263585,-0.2786719,-0.26637736,-418.18268,369.04565,-866.1129,364.6558,-418.18268,369.04565,-866.1129,364.6558,-1.0,1.0,-1.0,1.0,0.0,0.4,-0.4,0.4
31.616666666666667,20.494545,-15.006228,2.0035481,-0.2042471,0.00051172124,-0.000731358,0.97891897,0.0013893592,0.0032782839,0.075833835,-0.010745823,-0.5224517,-0.13758604,20.4938,-15.006323,1.2035488,0.053412087,0.0067618876,-0.42620412,-0.35243773,282.8122,-334.86316,-316.32806,-193.42387,282.8122,-334.86316,-316.32806,-193.42387,1.0,-1.0,-1.0,-1.0,33.524375915527344,-0.4,-0.4,-0.4
31.633333333333333,20.494555,-15.006291,2.0027711,-0.20461586,0.0009087775,0.0020334935,0.97883976,0.00021135225,0.0036687278,-0.08743461,0.42394775,0.021600097,0.10563005,20.493906,-15.006298,1.2027718,0.046445295,0.00047811324,-0.4180075,-0.37702644,-496.4614,268.76056,621.5764,277.39688,-496.4614,268.76056,621.5764,277.39688,-1.0,1.0,1.0,1.0,0.0,0.4,0.4,0.4
31.65,20.49457,-15.006334,2.0031507,-0.20398101,0.0037809627,0.0034905425,0.97896135,0.00067127496,0.0022655656,0.05947234,-0.007365495,-0.50515115,-0.13762997,20.494024,-15.006277,1.2031507,0.039068684,-0.0040981136,-0.44259664,-0.2745736,335.92593,-741.36676,-71.629616,-184.27606,335.92593,-741.36676,-71.629616,-184.27606,1.0,-1.0,-1.0,-1.0,33.524375915527344,-0.4,-0.4,-0.4
31.666666666666668,20.494583,-15.006351,2.0021005,-0.20432752,0.005187821,0.0010004614,0.9788883,-0.0018335498,0.0011771794,-0.10385984,-0.43308344,0.029277354,0.105118945,20.494135,-15.006251,1.2021009,0.032101892,-0.007171699,-0.4180075,-0.1844151,-445.61923,-235.13788,873.0355,271.5195,-445.61923,-235.13788,873.0355,271.5195,-1.0,-1.0,1.0,1.0,0.0,-0.4,0.4,0.4
31.683333333333334,20.494654,-15.006357,2.0022116,-0.20369442,0.001699217,-0.000606919,0.9790328,-0.0044749845,0.0022206977,0.04353396,0.006216824,0.5893855,-0.13778916,20.494253,-15.006229,1.202212,0.028686795,-0.009152453,-0.20490578,-0.11884526,397.5174,638.8548,396.8265,-216.40254,397.5174,638.8548,396.8265,-216.40254,1.0,1.0,1.0,-1.0,33.524375915527344,0.4,0.4,-0.4
31.7,20.494734,-15.006372,2.0008912,-0.20406039,-0.0003907998,0.001733733,0.97895664,-0.0037775026,0.0024469234,-0.120136,0.43259946,0.054759026,0.10567935,20.494371,-15.0062065,1.2008911,0.025954721,-0.011884529,-0.16392443,-0.16392453,-210.21194,8.352722,-726.949,346.54297,-210.21194,8.352722,-726.949,346.54297,-1.0,1.0,-1.0,1.0,0.0,0.4,-0.4,0.4
31.716666666666665,20.494797,-15.0063715,2.000726,-0.2034265,0.0021971785,0.0032021154,0.97908247,-0.0030216335,0.0009859096,0.026792359,0.0012531877,-0.4720095,-0.13755924,20.494492,-15.006183,1.200726,0.021856606,-0.013523775,-0.2458869,-0.09835476,573.0229,-794.7963,-150.2105,-198.69783,573.0229,-794.7963,-150.2105,-198.69783,1.0,-1.0,-1.0,-1.0,33.524375915527344,-0.4,-0.4,-0.4
31.733333333333334,20.494856,-15.00635,1.9991304,-0.20377944,0.0033178737,0.00072600594,0.9790109,-0.004981936,4.449347e-05,-0.1365476,-0.42444247,0.06237918,0.10518059,20.494612,-15.006161,1.1991304,0.017485285,-0.013523775,-0.26227924,0.0,-186.7672,-279.04993,813.5714,241.26791,-186.7672,-279.04993,813.5714,241.26791,-1.0,-1.0,1.0,1.0,0.0,-0.4,0.4,0.4
31.75,20.494955,-15.006321,1.9986967,-0.20314749,-0.00045600915,-0.00086668873,0.9791476,-0.0066722846,0.0010908577,0.010817493,0.014831871,0.62245256,-0.13774903,20.494734,-15.00614,1.1986969,0.015846038,-0.01297736,-0.09835481,0.032784916,683.3934,589.22144,215.01118,-242.75902,683.3934,589.22144,215.01118,-242.75902,1.0,1.0,1.0,-1.0,33.524375915527344,0.4,0.4,-0.4
31.766666666666666,20.49505,-15.006313,2.0007145,-0.20350696,-0.0029361045,0.0014960414,0.97906786,-0.005775564,0.002511638,0.15779774,0.44554326,0.104395956,0.10573494,20.494856,-15.006122,1.2007148,0.013933586,-0.01372868,-0.11474713,-0.045079213,51.57564,20.616718,-865.2449,325.7086,51.57564,20.616718,-865.2449,325.7086,1.0,1.0,-1.0,1.0,33.524375915527344,0.4,-0.4,0.4
31.78333333333333,20.495125,-15.006309,2.001298,-0.20287248,-0.00066683115,0.0029768567,0.9792004,-0.0040678866,0.0012367966,-0.005925959,0.009878516,-0.4390033,-0.13747774,20.494978,-15.006104,1.2012981,0.010518491,-0.014616605,-0.20490567,-0.053275485,-637.46747,-820.69,-242.62422,-31.03118,-637.46747,-820.69,-242.62422,-31.03118,-1.0,-1.0,-1.0,-1.0,0.0,-0.4,-0.4,-0.4
31.8,20.495205,-15.006289,1.9991575,-0.20323476,0.00016848199,0.00051632203,0.97912985,-0.0050411955,0.00032617804,-0.1692696,-0.41579124,0.09534784,0.10525233,20.495104,-15.006085,1.1991576,0.0072400006,-0.014548304,-0.19670942,0.0040980796,-27.01588,-245.38307,565.9847,233.85059,-27.01588,-245.38307,565.9847,233.85059,-1.0,-1.0,1.0,1.0,0.0,-0.4,0.4,0.4
31.816666666666666,20.495277,-15.006273,1.9981736,-0.20260769,0.0027184887,0.0002492684,0.9792561,-0.004612338,0.0012509137,-0.022233251,0.013752848,-0.42247045,-0.13744587,20.495222,-15.006066,1.1981738,0.0039615096,-0.014821511,-0.19670945,-0.01639243,827.52167,561.6382,-144.04134,-265.6265,827.52167,561.6382,-144.04134,-265.6265,1.0,1.0,-1.0,-1.0,33.524375915527344,0.4,-0.4,-0.4
31.833333333333332,20.495384,-15.006244,1.999644,-0.20296274,0.0033036214,-0.0022033723,0.9791783,-0.006662854,0.00021433737,0.12508015,-0.40761638,0.12849444,0.10528106,20.495346,-15.006049,1.1996441,0.0027320758,-0.013933586,-0.07376602,0.053275485,177.46106,-42.605774,809.6564,204.21071,177.46106,-42.605774,809.6564,204.21071,1.0,-1.0,1.0,1.0,33.524375915527344,-0.4,0.4,0.4
31.849999999999998,20.495514,-15.006217,1.9996872,-0.2023184,-0.0009300878,-0.0037730446,0.97931206,-0.008071045,0.0019858037,-0.038227346,0.027321368,0.67188734,-0.13768137,20.495468,-15.006035,1.1996872,0.0032784909,-0.013045661,0.032784905,0.053275485,-533.82825,750.0436,371.28693,-49.530247,-533.82825,750.0436,371.28693,-49.530247,-1.0,1.0,1.0,-1.0,0.0,0.4,0.4,-0.4
31.866666666666667,20.495632,-15.006229,2.0008879,-0.20266944,-0.003833603,-0.0013887192,0.9792386,-0.0066341273,0.004113693,0.10873949,0.4581083,0.15378153,0.10582286,20.495586,-15.006017,1.2008882,0.0032784909,-0.015231322,0.0,-0.13113962,241.43039,229.39589,-937.66705,278.79736,241.43039,229.39589,-937.66705,278.79736,1.0,1.0,-1.0,1.0,33.524375915527344,0.4,-0.4,0.4
31.883333333333333,20.495731,-15.006254,2.000654,-0.20204148,-0.00198519,0.00010821386,0.97937495,-0.004653087,0.0035944995,-0.054989964,0.022399038,-0.38963684,-0.13736421,20.495705,-15.006001,1.200654,0.001912453,-0.0181,-0.081962265,-0.17212075,-466.06143,-550.6081,-358.08167,-69.532,-466.06143,-550.6081,-358.08167,-69.532,-1.0,-1.0,-1.0,-1.0,0.0,-0.4,-0.4,-0.4
31.9,20.495825,-15.006282,2.0015807,-0.20240411,-0.00282747,0.0029272821,0.9792936,-0.005089956,0.0042166444,0.092394955,0.46152425,0.17084277,0.105856545,20.495825,-15.00599,1.2015806,0.0,-0.02090038,-0.114747174,-0.16802272,266.6153,100.27138,418.75204,198.46527,266.6153,100.27138,418.75204,198.46527,1.0,1.0,1.0,1.0,33.524375915527344,0.4,0.4,0.4
31.916666666666668,20.495914,-15.006304,2.0010743,-0.20176886,-0.0011261782,0.004423866,0.97942245,-0.003764134,0.0023435648,-0.07133706,0.02579853,-0.37257817,-0.13731724,20.495956,-15.005977,1.2010742,-0.0030052832,-0.02342755,-0.18031698,-0.15163018,-445.44128,-927.1959,-361.89218,-54.79685,-445.44128,-927.1959,-361.89218,-54.79685,-1.0,-1.0,-1.0,-1.0,0.0,-0.4,-0.4,-0.4
31.933333333333334,20.495983,-15.006279,2.001727,-0.20213628,-0.00096855755,0.0019873818,0.9793548,-0.0047833156,-0.00017605769,0.075974755,-0.39555287,0.17831273,0.10539585,20.49608,-15.005963,1.201727,-0.006966793,-0.022607926,-0.23769058,0.049177404,303.70187,-376.83295,408.1612,210.75287,303.70187,-376.83295,408.1612,210.75287,1.0,-1.0,1.0,1.0,33.524375915527344,-0.4,0.4,0.4
31.95,20.496054,-15.006253,2.000948,-0.20150831,0.0009759588,0.0017366341,0.97948474,-0.0040469384,1.8671388e-05,-0.08765473,0.02966091,-0.35614586,-0.13734125,20.49621,-15.005951,1.2009479,-0.01120151,-0.0216517,-0.254083,0.057373565,-400.384,400.18784,-273.70605,-23.608192,-400.384,400.18784,-273.70605,-23.608192,-1.0,1.0,-1.0,-1.0,0.0,0.4,-0.4,-0.4
31.966666666666665,20.496128,-15.006205,2.0013285,-0.20186988,0.0009914306,-0.00069656427,0.9794116,-0.005589521,-0.0013371436,0.05964285,-0.39166233,0.19473669,0.10536669,20.496334,-15.0059395,1.2013284,-0.0147532085,-0.018987926,-0.21310188,0.15982646,409.80392,-220.18587,540.21277,190.7925,409.80392,-220.18587,540.21277,190.7925,1.0,-1.0,1.0,1.0,33.524375915527344,-0.4,0.4,0.4
31.983333333333334,20.496202,-15.006164,2.0002766,-0.20124507,0.002797467,-0.0009422412,0.9795364,-0.0053355354,-0.0001409296,-0.10398477,0.033544213,-0.33972722,-0.1373761,20.496458,-15.005931,1.2002767,-0.018304907,-0.016665662,-0.21310188,0.13933583,-302.61853,568.4295,-92.28546,-52.058445,-302.61853,568.4295,-92.28546,-52.058445,-1.0,1.0,-1.0,-1.0,0.0,0.4,-0.4,-0.4
32.0,20.496307,-15.006117,2.0003846,-0.20160075,0.0026709216,-0.003371624,0.97945833,-0.007294124,-0.00035714312,0.04331553,-0.38775396,0.21114758,0.105328895,20.496582,-15.005922,1.2003846,-0.019670945,-0.013933586,-0.081962265,0.16392453,527.0623,-12.478478,701.60614,160.0337,527.0623,-12.478478,701.60614,160.0337,1.0,-1.0,1.0,1.0,33.524375915527344,-0.4,0.4,0.4
32.016666666666666,20.496435,-15.006072,1.9990654,-0.20094873,-0.002271612,-0.0049131145,0.9795867,-0.007527325,0.0018173635,-0.11999968,0.047120064,0.75447196,-0.13767484,20.496704,-15.005913,1.1990654,-0.019261133,-0.011406416,0.024588702,0.15163018,-181.07481,742.41974,141.9453,-88.381226,-181.07481,742.41974,141.9453,-88.381226,-1.0,1.0,1.0,-1.0,0.0,0.4,0.4,-0.4
32.03333333333333,20.496544,-15.006082,1.9989034,-0.20128903,-0.0058789374,-0.002499451,0.97951096,-0.0050888117,0.0037524668,0.026972797,0.47801775,0.23628473,0.10587151,20.49682,-15.005904,1.1989037,-0.01980755,-0.012704152,-0.032784972,-0.07786413,565.1358,271.17618,-1087.4594,230.85626,565.1358,271.17618,-1087.4594,230.85626,1.0,1.0,-1.0,1.0,33.524375915527344,0.4,-0.4,0.4
32.05,20.496632,-15.006106,1.9973068,-0.20065947,-0.004733945,-0.0009827466,0.97964907,-0.002537548,0.0032346444,-0.13676278,0.042233825,-0.30715626,-0.13725923,20.496943,-15.005896,1.197307,-0.022266418,-0.015094718,-0.1475321,-0.14343397,-12.785229,-420.64215,-729.1095,-100.36164,-12.785229,-420.64215,-729.1095,-100.36164,-1.0,-1.0,-1.0,-1.0,0.0,-0.4,-0.4,-0.4
32.06666666666666,20.496677,-15.006153,1.9968654,-0.20101652,0.00033290387,0.0031545002,0.9795826,-0.00067636627,0.0035302897,0.01025916,0.4717911,-0.8246308,0.105987065,20.497063,-15.00589,1.1968656,-0.027593967,-0.018851323,-0.31965292,-0.22539629,809.3208,240.31293,-67.393036,171.79024,809.3208,240.31293,-67.393036,171.79024,1.0,1.0,-1.0,1.0,33.524375915527344,0.4,-0.4,0.4
32.083333333333336,20.496717,-15.006161,1.998878,-0.20037533,0.00342059,0.00511816,0.97969985,-0.0015373672,0.0019496134,0.15757847,0.05067949,-0.27283698,-0.1378517,20.497173,-15.005886,1.1988783,-0.032648306,-0.019670945,-0.30326036,-0.049177293,50.685913,-764.0664,993.5259,-2035.3308,50.685913,-764.0664,993.5259,-2035.3308,1.0,-1.0,1.0,-1.0,33.524375915527344,-0.4,0.4,-0.4
32.1,20.496775,-15.006137,1.9994621,-0.2007324,0.0028272637,0.002712167,0.9796383,-0.0038375014,-0.00022690673,-0.0057669836,-0.37484238,0.26133716,0.104840696,20.49729,-15.00588,1.1994622,-0.036883026,-0.01837321,-0.2540832,0.07786407,-657.10175,-520.0078,741.22034,376.89438,-657.10175,-520.0078,741.22034,376.89438,-1.0,-1.0,1.0,1.0,0.0,-0.4,0.4,0.4
32.11666666666667,20.496847,-15.006095,2.001203,-0.20009819,0.003952003,0.002496286,0.9797647,-0.003865039,-8.640485e-05,0.14125685,0.054598853,-0.25652006,-0.13792703,20.497406,-15.005874,1.2012033,-0.040024914,-0.015846038,-0.18851323,0.1516303,60.091595,250.34831,-107.08716,-73.62095,60.091595,250.34831,-107.08716,-73.62095,1.0,1.0,-1.0,-1.0,33.524375915527344,0.4,-0.4,-0.4
32.13333333333333,20.49693,-15.00604,2.0015144,-0.20045124,0.0032172685,9.457084e-05,0.97969836,-0.006123306,-0.0013152994,-0.02210547,-0.37091047,0.27763677,0.104763724,20.497519,-15.00587,1.201515,-0.04221057,-0.012157737,-0.13113944,0.22129804,-641.7733,-400.41153,798.4065,343.44244,-641.7733,-400.41153,798.4065,343.44244,-1.0,-1.0,1.0,1.0,0.0,-0.4,0.4,0.4
32.15,20.497023,-15.005991,2.002983,-0.19981888,0.0042042574,-0.0001170147,0.9798238,-0.0061468016,-0.00022112392,0.12491958,0.058536842,-0.24022679,-0.13801362,20.497618,-15.00587,1.2029831,-0.042620383,-0.00867434,-0.024588702,0.2090038,83.42464,432.32867,-49.95724,-100.35052,83.42464,432.32867,-49.95724,-100.35052,1.0,1.0,-1.0,-1.0,33.524375915527344,0.4,-0.4,-0.4
32.166666666666664,20.497139,-15.005931,2.0030222,-0.20016773,0.0033284125,-0.002513351,0.9797527,-0.008264676,-0.0005255453,-0.038448326,-0.36696184,0.29391432,0.10467741,20.497723,-15.005867,1.2030226,-0.04180076,-0.0045762267,0.049177404,0.2458868,-615.1353,-230.62245,845.637,308.5136,-615.1353,-230.62245,845.637,308.5136,-1.0,-1.0,1.0,1.0,0.0,-0.4,0.4,0.4
32.18333333333333,20.497297,-15.00589,2.0042233,-0.19951168,-0.0024343024,-0.004010677,0.9798842,-0.010634295,0.00151806,0.10885979,0.07214743,0.8537953,-0.13835828,20.497828,-15.005865,1.2042234,-0.037975855,-0.0017758493,0.22949426,0.16802265,123.66662,622.5961,26.225964,-130.63051,123.66662,622.5961,26.225964,-130.63051,1.0,1.0,1.0,-1.0,33.524375915527344,0.4,0.4,-0.4
32.2,20.497461,-15.005874,2.003993,-0.1998447,-0.006782869,-0.0015568573,0.9798028,-0.008353994,0.0028602695,-0.054856017,0.49887827,0.31892955,0.10524526,20.497934,-15.005866,1.2039932,-0.03387774,-0.00054641516,0.2458868,0.07376604,-490.71072,132.6895,-1001.353,372.61844,-490.71072,132.6895,-1001.353,372.61844,-1.0,1.0,-1.0,1.0,0.0,0.4,-0.4,0.4
32.21666666666667,20.497559,-15.005876,2.0049167,-0.19920577,-0.00645236,-5.4011916e-06,0.97993636,-0.004832448,0.0022260142,0.09207076,0.06729837,-0.20796654,-0.13782857,20.498041,-15.005863,1.2049168,-0.034560762,-0.00088792463,-0.040981244,-0.020490566,189.49956,-592.7367,-790.0341,-120.2689,189.49956,-592.7367,-790.0341,-120.2689,1.0,-1.0,-1.0,-1.0,33.524375915527344,-0.4,-0.4,-0.4
32.233333333333334,20.497614,-15.005878,2.004405,-0.1995777,-0.000994954,-0.00109771,0.9798808,-0.0026573436,0.0013140322,-0.07162146,-0.36783594,-0.7516411,0.10507617,20.49814,-15.005862,1.2044052,-0.03770265,-0.0011611321,-0.18851323,-0.016392449,-526.7242,-15.878972,-186.72511,355.96588,-526.7242,-15.878972,-186.72511,355.96588,-1.0,-1.0,-1.0,1.0,0.0,-0.4,-0.4,0.4
32.25,20.49768,-15.005893,2.005054,-0.19895457,0.0017732799,-0.0008546001,0.9800067,-0.003329853,0.002586686,0.075806536,0.07201715,-0.19106582,-0.13746819,20.498241,-15.00586,1.205054,-0.040161517,-0.0023222642,-0.14753199,-0.06966792,203.58324,640.7224,810.33887,-3130.6538,203.58324,640.7224,810.33887,-3130.6538,1.0,1.0,1.0,-1.0,33.524375915527344,0.4,0.4,-0.4
32.266666666666666,20.497757,-15.0058975,2.0042753,-0.19931222,0.0004717907,-0.0032199356,0.9799306,-0.004415928,0.0025502217,-0.0875469,-0.35343355,0.3430166,0.10521885,20.498333,-15.005857,1.2042756,-0.041254345,-0.0028686796,-0.06556972,-0.032784916,-500.14893,-34.637836,527.6898,303.78445,-500.14893,-34.637836,527.6898,303.78445,-1.0,-1.0,1.0,1.0,0.0,-0.4,0.4,0.4
32.28333333333333,20.497847,-15.00594,2.0046535,-0.19868544,0.0008983704,-0.0034003274,0.98005694,-0.003353327,0.0046535237,0.0594716,0.075986534,-0.17490211,-0.13759318,20.498432,-15.005857,1.2046537,-0.041937366,-0.0059422646,-0.040981244,-0.18441509,328.7628,672.8464,-383.65613,-138.39233,328.7628,672.8464,-383.65613,-138.39233,1.0,1.0,-1.0,-1.0,33.524375915527344,0.4,-0.4,-0.4
32.3,20.497944,-15.005996,2.0036035,-0.19904765,-0.0016692486,-0.00050077407,0.97998816,-0.003911486,0.005689744,-0.10382451,0.5110966,0.36869115,0.105672516,20.498526,-15.005853,1.2036037,-0.041664157,-0.010245284,0.016392542,-0.25818115,-401.57703,275.94516,465.00977,277.674,-401.57703,275.94516,465.00977,277.674,-1.0,1.0,1.0,1.0,0.0,0.4,0.4,0.4
32.31666666666666,20.498024,-15.006058,2.0037093,-0.19841884,-0.0017648486,0.0010705593,0.9801151,-0.0022791252,0.004902153,0.04307024,0.07946408,-0.15817851,-0.13737121,20.498621,-15.005855,1.2037097,-0.04275699,-0.014548304,-0.065569945,-0.25818115,424.6253,-682.2921,-613.62177,-111.657166,424.6253,-682.2921,-613.62177,-111.657166,1.0,-1.0,-1.0,-1.0,33.524375915527344,-0.4,-0.4,-0.4
32.333333333333336,20.498098,-15.006104,2.0023851,-0.1987882,-0.0033475582,-0.001286076,0.98003584,-0.0021750834,0.004137103,-0.12027071,-0.3459618,0.37586647,0.1053155,20.498713,-15.005855,1.2023854,-0.04398642,-0.017895095,-0.07376588,-0.20080748,-297.9301,-100.138664,154.78961,311.38998,-297.9301,-100.138664,154.78961,311.38998,-1.0,-1.0,1.0,1.0,0.0,-0.4,0.4,0.4
32.35,20.49814,-15.006177,2.0022182,-0.19816202,-0.0032029508,-0.0014632267,0.9801629,8.044671e-05,0.0053101396,0.026745306,0.08342436,-0.14208934,-0.13750213,20.4988,-15.005856,1.2022188,-0.047264915,-0.023017738,-0.19670962,-0.30735856,544.4376,551.20984,-853.73145,-128.80922,544.4376,551.20984,-853.73145,-128.80922,1.0,1.0,-1.0,-1.0,33.524375915527344,0.4,-0.4,-0.4
32.36666666666667,20.498163,-15.006272,2.0006182,-0.19852227,0.0005653917,0.0027207783,0.98009235,0.0007890067,0.0052224104,-0.13693444,0.5089404,-0.6762929,0.105772905,20.498884,-15.005857,1.2006187,-0.051636238,-0.029711323,-0.26227933,-0.40161505,-144.2095,223.50604,-73.31927,307.35437,-144.2095,223.50604,-73.31927,307.35437,-1.0,1.0,-1.0,1.0,0.0,0.4,-0.4,0.4
32.38333333333333,20.498198,-15.006331,2.0001774,-0.19788654,0.002386252,0.0047330135,0.98021054,-0.0009612383,0.003382163,0.010366727,0.08763547,-0.12462546,-0.13797848,20.498968,-15.00586,1.2001779,-0.05518794,-0.03374114,-0.21310216,-0.24178894,613.99585,-766.7733,869.38245,-1735.4629,613.99585,-766.7733,869.38245,-1735.4629,1.0,-1.0,1.0,-1.0,33.524375915527344,-0.4,0.4,-0.4
32.4,20.49824,-15.006362,1.9983085,-0.19825163,0.0005161694,0.0023871951,0.980148,-0.002208578,0.001821782,-0.15297712,-0.33776033,0.40937746,0.10470631,20.499048,-15.005864,1.1983093,-0.057920013,-0.03565359,-0.1639243,-0.11474713,-57.48842,-519.843,407.09143,297.99615,-57.48842,-519.843,407.09143,297.99615,-1.0,-1.0,1.0,1.0,0.0,-0.4,0.4,0.4
32.416666666666664,20.498278,-15.006385,1.9975965,-0.19761935,0.00037144998,0.0022239804,0.98027617,-0.0015142744,0.0019867823,-0.005966326,0.091591254,-0.10856347,-0.13811387,20.499123,-15.005872,1.1975974,-0.06051549,-0.03674642,-0.1557286,-0.06556972,776.15393,312.13257,-660.1862,-126.705505,776.15393,312.13257,-660.1862,-126.705505,1.0,1.0,-1.0,-1.0,33.524375915527344,0.4,-0.4,-0.4
32.43333333333333,20.49831,-15.006372,1.9993382,-0.19798203,-0.001744658,-0.00010876854,0.980204,-0.0032147223,8.891523e-05,0.14133185,-0.329531,0.442035,0.10457109,20.499186,-15.0058775,1.1993392,-0.06270115,-0.035448685,-0.13113967,0.07786407,149.35773,-308.9613,196.44969,277.66962,149.35773,-308.9613,196.44969,277.66962,1.0,-1.0,1.0,1.0,33.524375915527344,-0.4,0.4,0.4
32.45,20.498346,-15.006364,1.9996482,-0.20032424,-0.0020620066,-0.0002572873,0.97972745,-0.0018074532,0.00059217477,-0.022315966,0.095723525,-0.09288803,0.34779635,20.499256,-15.005887,1.199649,-0.06516002,-0.03415095,-0.14753221,0.07786407,-512.1829,420.78595,-706.30176,93.90179,-512.1829,420.78595,-706.30176,93.90179,-1.0,1.0,-1.0,1.0,0.0,0.4,-0.4,0.4
32.46666666666667,20.498371,-15.006359,2.0011177,-0.20167391,-0.0043084207,-0.0025898318,0.9794398,-0.0023562016,-0.0003283287,0.12498396,-0.3260154,0.45796826,0.10424112,20.499321,-15.005901,1.2011185,-0.068028696,-0.032784913,-0.17212047,0.081962265,136.0978,-213.50853,76.60792,-2633.4028,136.0978,-213.50853,76.60792,-2633.4028,1.0,-1.0,1.0,-1.0,33.524375915527344,-0.4,0.4,-0.4
32.483333333333334,20.49838,-15.006363,2.0011554,-0.20401092,-0.0047670016,-0.0027308592,0.9789531,5.7840603e-05,0.00079002825,-0.03865532,0.09929809,-0.076944284,0.34746933,20.499382,-15.005916,1.2011561,-0.07171701,-0.032033592,-0.22129877,0.045079213,-480.55652,518.6136,-933.89716,72.07842,-480.55652,518.6136,-933.89716,72.07842,-1.0,1.0,-1.0,1.0,0.0,0.4,-0.4,0.4
32.5,20.498358,-15.0064125,2.002349,-0.20534976,-0.0017015783,0.0015094276,0.9786859,0.003135451,0.0025244863,0.108340144,0.5297439,-0.59343445,0.104518086,20.499447,-15.005935,1.2023499,-0.07800079,-0.03421925,-0.37702692,-0.13113944,175.8638,112.26123,-270.98636,-2623.9602,175.8638,112.26123,-270.98636,-2623.9602,1.0,1.0,-1.0,-1.0,33.524375915527344,0.4,-0.4,-0.4
32.516666666666666,20.498325,-15.006457,2.0021126,-0.20470515,-0.000497346,0.0035537055,0.97881705,0.0025798716,0.0011702133,-0.0550219,0.10388605,-0.058480494,-0.13918799,20.499502,-15.005951,1.2021137,-0.08428457,-0.03626831,-0.37702647,-0.12294351,-582.5353,-735.1652,559.8077,-890.9051,-582.5353,-735.1652,559.8077,-890.9051,-1.0,-1.0,1.0,-1.0,0.0,-0.4,0.4,-0.4
32.53333333333333,20.498281,-15.006465,2.0030322,-0.20504071,0.003578373,0.002539091,0.9787435,0.00354376,-0.0010838924,0.091871805,-0.32687292,-0.58539975,0.10369656,20.49956,-15.005968,1.2030332,-0.09152458,-0.035585288,-0.4344007,0.040981244,222.40436,-403.9585,-133.92847,270.9178,222.40436,-403.9585,-133.92847,270.9178,1.0,-1.0,-1.0,1.0,33.524375915527344,-0.4,-0.4,0.4
32.55,20.49824,-15.006465,2.0025232,-0.20439981,0.005026308,0.0028442002,0.97887045,0.0011797016,-0.0008510248,-0.071376726,0.10853934,-0.041795943,-0.13894054,20.499605,-15.005984,1.2025245,-0.09780835,-0.034424156,-0.37702647,0.06966791,-568.3271,199.46631,926.91986,-1917.9729,-568.3271,199.46631,926.91986,-1917.9729,-1.0,1.0,1.0,-1.0,0.0,0.4,0.4,-0.4
32.56666666666666,20.49825,-15.006427,2.0031748,-0.20475034,0.0023535092,0.00051873655,0.97881126,-0.0018596861,-0.0023785962,0.07592987,-0.31275517,0.5087323,0.103746824,20.499651,-15.006006,1.2031763,-0.10040384,-0.030121135,-0.15572904,0.25818127,269.38007,-495.4648,348.8143,221.0948,269.38007,-495.4648,348.8143,221.0948,1.0,-1.0,1.0,1.0,33.524375915527344,-0.4,0.4,0.4
32.583333333333336,20.49826,-15.006385,2.0023947,-0.20708323,0.0014659432,0.0003817875,0.9783221,-0.0016756671,-0.0018199908,-0.08771967,0.11253026,-0.026161507,0.3469812,20.499691,-15.006028,1.2023962,-0.10245289,-0.02554491,-0.122943066,0.27457348,-397.8757,264.9668,-580.47314,36.385902,-397.8757,264.9668,-580.47314,36.385902,-1.0,1.0,-1.0,1.0,0.0,0.4,-0.4,0.4
32.6,20.498285,-15.006333,2.0027742,-0.2084201,-0.0013362052,-0.001953385,0.9780365,-0.0031369796,-0.002466423,0.059565727,-0.3097806,0.5247189,0.10340291,20.499723,-15.006053,1.2027757,-0.10299931,-0.020080756,-0.032785084,0.32784918,354.595,-436.82718,220.1064,-2441.355,354.595,-436.82718,220.1064,-2441.355,1.0,-1.0,1.0,-1.0,33.524375915527344,-0.4,0.4,-0.4
32.61666666666667,20.49831,-15.0062895,2.0017216,-0.21074535,-0.002364525,-0.0020878755,0.97753584,-0.0015452818,-0.0013733273,-0.104083985,0.11556217,-0.010170467,0.34663874,20.49976,-15.006078,1.201723,-0.10381894,-0.01516302,-0.04917785,0.29506415,-291.00195,419.29413,-872.99976,7.029615,-291.00195,419.29413,-872.99976,7.029615,-1.0,1.0,-1.0,1.0,0.0,0.4,-0.4,0.4
32.63333333333333,20.498304,-15.006266,2.0018237,-0.21209104,0.001295003,-0.0030625055,0.9772442,0.00019551395,-0.0014051981,0.04283022,-0.31509313,-0.53652185,0.1033077,20.49978,-15.006102,1.2018253,-0.10573139,-0.011747926,-0.11474713,0.20490567,479.9288,-119.33826,-174.91011,-2504.9375,479.9288,-119.33826,-174.91011,-2504.9375,1.0,-1.0,-1.0,-1.0,33.524375915527344,-0.4,-0.4,-0.4
32.65,20.498308,-15.006253,2.0004964,-0.21145464,0.0023271646,-0.0027389748,0.97738117,-0.0011031623,0.00044287217,-0.12041583,0.120251335,0.006818041,-0.13936007,20.499802,-15.006125,1.2004979,-0.106960826,-0.009152453,-0.073766105,0.15572833,-278.07883,696.4706,738.5698,-1891.8127,-278.07883,696.4706,738.5698,-1891.8127,-1.0,1.0,1.0,-1.0,0.0,0.4,0.4,-0.4
32.666666666666664,20.498346,-15.00626,2.0003319,-0.21180275,-0.001939093,0.00017347498,0.9773105,-0.0024548084,0.0019073328,0.026974749,0.55971587,0.5663185,0.103981905,20.499813,-15.006151,1.2003332,-0.10504837,-0.0077864155,0.11474713,0.081962265,628.5402,33.638927,99.72586,130.5076,628.5402,33.638927,99.72586,130.5076,1.0,1.0,1.0,1.0,33.524375915527344,0.4,0.4,0.4
32.68333333333333,20.49838,-15.006267,1.9987345,-0.21116245,-0.003645766,0.0017839664,0.97744256,-0.00058715837,0.0006016415,-0.1367763,0.12371578,0.023271501,-0.13891862,20.499825,-15.006174,1.198736,-0.10340912,-0.0066252835,0.098355256,0.06966791,-80.3381,-873.8586,-725.67456,-35.18403,-80.3381,-873.8586,-725.67456,-35.18403,-1.0,-1.0,-1.0,-1.0,0.0,-0.4,-0.4,-0.4
32.7,20.498373,-15.006262,1.9982911,-0.2115135,-0.00026584225,0.0008156963,0.9773746,0.0010696133,-0.0009887029,0.01013487,-0.30697167,-0.50350577,0.10396142,20.499832,-15.006201,1.1982925,-0.104501955,-0.0043713213,-0.06557017,0.13523772,735.1555,-286.35934,-479.28705,172.61623,735.1555,-286.35934,-479.28705,172.61623,1.0,-1.0,-1.0,1.0,33.524375915527344,-0.4,-0.4,0.4
32.71666666666667,20.49836,-15.006255,1.9997582,-0.21087812,0.00038912406,0.0011483214,0.9775115,0.00012099324,-0.00032587725,0.11398877,0.13193947,0.054094568,-0.13872537,20.499825,-15.006229,1.19976,-0.10491177,-0.0018441511,-0.024588702,0.15163021,0.7196219,395.8205,661.3279,-2029.6239,0.7196219,395.8205,661.3279,-2029.6239,0.7196219,1.0,1.0,-1.0,28.82462501525879,0.4,0.4,-0.4
32.733333333333334,20.498339,-15.006241,1.9996113,-0.21122645,0.0036098121,0.00018728324,0.9774304,0.00046196685,-0.0013089966,-0.049760878,-0.30288142,-0.48931104,0.10415396,20.499813,-15.006256,1.1996127,-0.105594784,0.0010928303,-0.04098102,0.17621887,-443.54773,-356.17578,-14.53707,310.3608,-443.54773,-356.17578,-14.53707,310.3608,-1.0,-1.0,-1.0,1.0,0.0,-0.4,-0.4,0.4
32.75,20.498365,-15.006224,2.0006242,-0.21059372,0.0041275555,0.000531037,0.97756475,-0.0018611148,-0.00012793229,0.09765154,0.13661253,0.07063028,-0.13854457,20.499804,-15.006284,1.2006258,-0.10299931,0.004303019,0.1557286,0.19261132,232.9856,346.85544,885.4932,-1969.7594,232.9856,346.85544,885.4932,-1969.7594,1.0,1.0,1.0,-1.0,33.524375915527344,0.4,0.4,-0.4
32.766666666666666,20.498415,-15.006192,2.0002096,-0.21094282,0.0006115311,-0.001783598,0.9774965,-0.0035812492,-0.00060137943,-0.06571764,-0.28899282,0.6043833,0.104154855,20.499792,-15.006314,1.2002108,-0.09862798,0.008742643,0.26227978,0.2663774,-421.35028,-398.5585,369.07532,254.44499,-421.35028,-398.5585,369.07532,254.44499,-1.0,-1.0,1.0,1.0,0.0,-0.4,0.4,0.4
32.78333333333333,20.49846,-15.006185,2.0009518,-0.2103026,-0.0012028846,-0.0018942344,0.9776338,-0.0026514076,0.0010137145,0.08128202,0.14054716,0.08637281,-0.13873045,20.499767,-15.006342,1.200953,-0.09357363,0.0112698125,0.3032608,0.15163018,372.87277,384.96655,-855.5547,-105.6642,372.87277,384.96655,-855.5547,-105.6642,1.0,1.0,-1.0,-1.0,33.524375915527344,0.4,-0.4,-0.4
32.8,20.498493,-15.006182,2.0002599,-0.21066207,0.0017376557,-0.0028424624,0.97755325,-0.001739019,0.0009888425,-0.082448386,-0.2942413,-0.45705378,0.10414979,20.499743,-15.006368,1.200261,-0.08947551,0.013318869,0.24588703,0.1229434,-326.7299,-87.09948,-103.80739,259.4059,-326.7299,-87.09948,-103.80739,259.4059,-1.0,-1.0,-1.0,1.0,0.0,-0.4,-0.4,0.4
32.81666666666666,20.498552,-15.006205,2.0007281,-0.21002981,0.0019796947,-0.0024866376,0.9776898,-0.003214141,0.0030625833,0.064961106,0.14523709,0.10284236,-0.13856621,20.499706,-15.006395,1.2007289,-0.08264532,0.013660379,0.40981156,0.020490566,392.3961,672.41254,774.604,-1965.0874,392.3961,672.41254,774.604,-1965.0874,1.0,1.0,1.0,-1.0,33.524375915527344,0.4,0.4,-0.4
32.833333333333336,20.498634,-15.006217,1.9997687,-0.21036968,-0.0018156635,-0.0047840495,0.9776085,-0.0037279632,0.0034910617,-0.09840277,-0.2803474,0.6365666,0.10414307,20.499674,-15.006418,1.1997696,-0.074449085,0.014411699,0.49177405,0.045079213,-263.82364,-47.443756,219.52948,214.73427,-263.82364,-47.443756,219.52948,214.73427,-1.0,-1.0,1.0,1.0,0.0,-0.4,0.4,0.4
32.85,20.498707,-15.006284,1.9999659,-0.20972154,-0.0039050253,-0.0048812665,0.9777411,-0.0015978795,0.005942867,0.04860547,0.14918739,0.11852056,-0.13874042,20.499638,-15.006441,1.1999667,-0.06666266,0.0112698125,0.46718535,-0.18851317,550.57117,563.8514,-967.45636,-140.96515,550.57117,563.8514,-967.45636,-140.96515,1.0,1.0,-1.0,-1.0,33.524375915527344,0.4,-0.4,-0.4
32.86666666666667,20.49876,-15.006384,1.9987295,-0.21007144,-0.0024251405,-0.0005661168,0.9776828,0.00026969193,0.006906051,-0.11508052,0.5754501,-0.4158778,0.10462895,20.499596,-15.006466,1.1987301,-0.059832472,0.005873963,0.40981135,-0.32375097,-130.64984,361.65305,-343.11197,227.89249,-130.64984,361.65305,-343.11197,227.89249,-1.0,1.0,-1.0,1.0,0.0,0.4,-0.4,0.4
32.88333333333333,20.498802,-15.00648,1.9986527,-0.20943011,-0.0028611696,0.0015459703,0.97781813,9.729108e-05,0.006013462,0.032201502,0.15338127,0.13551788,-0.13899595,20.499552,-15.006489,1.1986529,-0.053685293,0.000614717,0.36883077,-0.3155547,614.39374,-626.8012,435.33005,-905.377,614.39374,-626.8012,435.33005,-905.377,1.0,-1.0,1.0,-1.0,33.524375915527344,-0.4,0.4,-0.4
32.9,20.498823,-15.006567,1.9971428,-0.20978159,-0.0003424734,0.0006149603,0.9777479,0.0011511354,0.004897089,-0.13153161,-0.2813508,-0.4079255,0.1038822,20.499504,-15.006513,1.1971433,-0.04876756,-0.0038932078,0.29506397,-0.27047548,-59.659992,-212.86247,-336.51395,256.95084,-59.659992,-212.86247,-336.51395,256.95084,-1.0,-1.0,-1.0,1.0,0.0,-0.4,-0.4,0.4
32.916666666666664,20.498854,-15.006652,1.9967934,-0.20914517,-0.000524129,0.0009877835,0.97788393,0.0001663575,0.0055694724,0.015868599,0.15805824,0.1519096,-0.13884804,20.499456,-15.006536,1.1967938,-0.043166798,-0.008332831,0.33604568,-0.26637736,689.2546,525.75385,636.7415,-2058.2065,689.2546,525.75385,636.7415,-2058.2065,1.0,1.0,1.0,-1.0,33.524375915527344,0.4,0.4,-0.4
32.93333333333333,20.498877,-15.006725,1.9988943,-0.2094962,0.001745422,6.867907e-05,0.9778078,0.0015880424,0.004022212,0.16278775,-0.2724982,-0.3749347,0.104032636,20.499407,-15.00656,1.198895,-0.037975855,-0.011816228,0.31145653,-0.2090038,74.29433,-214.43613,-155.77888,227.27875,74.29433,-214.43613,-155.77888,227.27875,1.0,-1.0,-1.0,1.0,33.524375915527344,-0.4,-0.4,0.4
32.95,20.498907,-15.006799,1.9995669,-0.20886166,0.0013866734,0.00045363366,0.977944,0.00018238509,0.0049245814,-0.00046718805,0.1627218,0.1682638,-0.13871352,20.499357,-15.006584,1.1995673,-0.0322385,-0.015367926,0.34424138,-0.21310188,-684.0991,451.62744,804.53687,-1082.742,-684.0991,451.62744,804.53687,-1082.742,-1.0,1.0,1.0,-1.0,0.0,0.4,0.4,-0.4
32.96666666666667,20.498938,-15.006864,2.0013952,-0.20921265,0.0035143127,-0.00045709393,0.97786367,0.0008982655,0.0037520826,0.14645353,-0.26781583,-0.35858196,0.104169324,20.4993,-15.00661,1.2013955,-0.025954721,-0.018168304,0.3770266,-0.16802268,44.125675,-231.78967,-15.050921,200.79097,44.125675,-231.78967,-15.050921,200.79097,1.0,-1.0,-1.0,1.0,33.524375915527344,-0.4,-0.4,0.4
32.983333333333334,20.498983,-15.0069275,2.0017953,-0.20857969,0.0030145892,-6.1241124e-05,0.97800064,-0.0010235915,0.004925943,-0.016799403,0.16739357,0.1846028,-0.13858527,20.499245,-15.006632,1.2017953,-0.018714719,-0.021173587,0.43440014,-0.18031697,-703.8926,424.11334,912.89886,-995.67346,-703.8926,424.11334,912.89886,-995.67346,-1.0,1.0,1.0,-1.0,0.0,0.4,0.4,-0.4
33.0,20.499054,-15.006978,2.0033565,-0.2089286,-0.0015948152,-0.0023103086,0.97792685,-0.0036502304,0.00412092,0.13050096,-0.25395948,0.73485696,0.10414382,20.499184,-15.006659,1.2033566,-0.009289057,-0.022881133,0.56553966,-0.10245278,32.2385,-245.98766,142.01622,169.89928,32.2385,-245.98766,142.01622,169.89928,1.0,-1.0,1.0,1.0,33.524375915527344,-0.4,0.4,0.4
33.016666666666666,20.499126,-15.007039,2.0034857,-0.2112529,-0.004433091,-0.002357516,0.9774185,-0.0019488619,0.005289497,-0.03316045,0.17094773,0.2000252,0.3473972,20.499125,-15.006688,1.2034856,0.00013660379,-0.025135096,0.5655396,-0.13523775,-531.14355,438.2763,-917.33014,52.151978,-531.14355,438.2763,-917.33014,52.151978,-1.0,1.0,-1.0,1.0,0.0,0.4,-0.4,0.4
33.03333333333333,20.499151,-15.007128,2.0047693,-0.21260418,-0.0025829647,-0.00325399,0.9771295,0.0009333673,0.004962919,0.11377163,-0.26075616,-0.32605276,0.104000755,20.499063,-15.006719,1.2047694,0.006283774,-0.029301511,0.3688302,-0.24998488,71.27877,-41.419285,-459.46466,-1669.1996,71.27877,-41.419285,-459.46466,-1669.1996,1.0,-1.0,-1.0,-1.0,33.524375915527344,-0.4,-0.4,-0.4
33.05,20.499176,-15.007227,2.004624,-0.21196494,-0.0033584198,-0.0028642723,0.9772672,0.001207211,0.0065755406,-0.049480163,0.17440116,0.21698418,-0.13876635,20.499,-15.006747,1.2046245,0.012567548,-0.034355856,0.3770264,-0.3032607,-665.58716,790.79376,478.19913,-1089.4576,-665.58716,790.79376,478.19913,-1089.4576,-1.0,1.0,1.0,-1.0,0.0,0.4,0.4,-0.4
33.06666666666666,20.499178,-15.007366,2.0056362,-0.21230836,-0.0028407825,0.0014903719,0.9771974,0.0036079069,0.008161651,0.09746833,0.6050629,-0.3009063,0.104660876,20.498943,-15.006781,1.2056363,0.016802266,-0.041937366,0.25408307,-0.45489055,127.41817,169.60225,-539.30695,175.75253,127.41817,169.60225,-539.30695,175.75253,1.0,1.0,-1.0,1.0,33.524375915527344,0.4,-0.4,0.4
33.083333333333336,20.499172,-15.007501,2.005219,-0.21166804,-0.004164125,0.0036340232,0.977326,0.003692752,0.0066108247,-0.06590332,0.17860335,0.23380741,-0.13888417,20.498882,-15.006813,1.2052193,0.020763775,-0.04924567,0.23769052,-0.43849823,-636.5762,-783.33813,278.91052,-205.17365,-636.5762,-783.33813,278.91052,-205.17365,-1.0,-1.0,1.0,-1.0,0.0,-0.4,0.4,-0.4
33.1,20.499119,-15.007605,2.0059574,-0.2120205,-0.0025951054,0.0027458267,0.9772579,0.005854962,0.0040788744,0.08101484,-0.25189534,-0.29298106,0.104002364,20.498825,-15.006848,1.2059579,0.021036983,-0.054163408,0.01639243,-0.2950642,130.43459,-343.6341,-666.71063,225.21175,130.43459,-343.6341,-666.71063,225.21175,1.0,-1.0,-1.0,1.0,33.524375915527344,-0.4,-0.4,0.4
33.11666666666667,20.499065,-15.007707,2.0052671,-0.2113855,-0.0036590262,0.003149563,0.9773908,0.005809672,0.0037317276,-0.08222613,0.18322662,0.25003108,-0.13879927,20.498772,-15.0068865,1.2052679,0.021036983,-0.05873964,0.0,-0.27457392,-625.98193,309.81973,294.32104,-1099.9626,-625.98193,309.81973,294.32104,-1099.9626,-1.0,1.0,1.0,-1.0,0.0,0.4,0.4,-0.4
33.13333333333333,20.498968,-15.007786,2.005733,-0.21173914,-0.0022302547,0.0022698408,0.97732097,0.0077914614,0.0014409223,0.06467929,-0.24726024,-0.27676344,0.10407788,20.498718,-15.0069275,1.2057337,0.017895095,-0.061471716,-0.18851323,-0.16392453,211.79642,-343.12756,-735.9104,223.18823,211.79642,-343.12756,-735.9104,223.18823,1.0,-1.0,-1.0,1.0,33.524375915527344,-0.4,-0.4,0.4
33.15,20.498873,-15.007864,2.0047703,-0.21110448,-0.0034340606,0.0026833874,0.97745377,0.007724197,0.0012457254,-0.09855416,0.18784916,0.26625088,-0.13875462,20.498669,-15.006971,1.2047709,0.014616605,-0.063930586,-0.1967094,-0.14753221,-549.0242,317.0232,180.4008,-1012.5732,-549.0242,317.0232,180.4008,-1012.5732,-1.0,1.0,1.0,-1.0,0.0,0.4,0.4,-0.4
33.166666666666664,20.498734,-15.007922,2.0049632,-0.21145898,-0.0021459716,0.0018124522,0.9773828,0.009629323,-0.00083227083,0.048342075,-0.2426184,-0.2605412,0.10411792,20.49862,-15.007018,1.2049638,0.008196227,-0.06475021,-0.38522264,-0.049177404,310.46695,-325.85535,-810.75195,219.26195,310.46695,-325.85535,-810.75195,219.26195,1.0,-1.0,-1.0,1.0,33.524375915527344,-0.4,-0.4,0.4
33.18333333333333,20.498592,-15.007979,2.0037274,-0.21082412,-0.0034894417,0.0022352773,0.97751516,0.009636713,-0.00090386765,-0.11488234,0.19249567,0.2824747,-0.13871263,20.498568,-15.007068,1.2037281,0.0017758493,-0.06529662,-0.38522267,-0.032784637,-440.39856,337.2285,44.167645,-935.3877,-440.39856,337.2285,44.167645,-935.3877,-1.0,1.0,1.0,-1.0,0.0,0.4,0.4,-0.4
33.2,20.498407,-15.00802,2.0036483,-0.21117969,-0.0023422593,0.0013735625,0.97744346,0.011568628,-0.0027978122,0.032007523,-0.2379458,-0.2443305,0.104184166,20.498514,-15.007119,1.2036488,-0.007649812,-0.0645453,-0.56553966,0.04507899,426.11353,-292.25766,-897.8859,215.6753,426.11353,-292.25766,-897.8859,215.6753,1.0,-1.0,-1.0,1.0,33.524375915527344,-0.4,-0.4,0.4
33.21666666666667,20.498203,-15.008068,2.0021353,-0.21053602,0.0027648227,0.0031733979,0.977577,0.011695174,-0.002773204,-0.13175526,0.18816555,-0.77825874,-0.1384273,20.498463,-15.007171,1.2021358,-0.018578114,-0.06427209,-0.65569806,0.016392766,-302.53296,371.4651,-117.159615,-873.5733,-302.53296,371.4651,-117.159615,-873.5733,-1.0,1.0,-1.0,-1.0,0.0,0.4,-0.4,-0.4
33.233333333333334,20.49803,-15.008078,2.0017815,-0.21087442,0.005966051,0.0027600192,0.9774911,0.008991918,-0.0044721854,0.015495369,-0.23463027,-0.22739136,0.1041395,20.498415,-15.00723,1.2017823,-0.027593967,-0.060720395,-0.54095113,0.21310171,524.4063,-442.44812,789.91766,49.397587,524.4063,-442.44812,789.91766,49.397587,1.0,-1.0,1.0,1.0,33.524375915527344,-0.4,0.4,0.4
33.25,20.497877,-15.008075,2.0000007,-0.21024764,0.004338808,0.003195562,0.9776333,0.0065071452,-0.00435705,-0.14771548,0.20047753,0.31558558,-0.13867584,20.498362,-15.007291,1.2000014,-0.034697365,-0.056144163,-0.42620388,0.27457392,-206.80699,15.2288065,676.4858,-606.97,-206.80699,15.2288065,676.4858,-606.97,-1.0,1.0,1.0,-1.0,0.0,0.4,0.4,-0.4
33.266666666666666,20.497744,-15.008037,1.9993758,-0.21059601,0.005202683,0.0023375785,0.97755647,0.005626958,-0.005929187,-0.0008136359,-0.22993094,-0.21119815,0.10425528,20.498302,-15.007357,1.1993766,-0.040024914,-0.048699256,-0.31965292,0.4466944,691.1238,-670.57745,-443.15268,174.60986,691.1238,-670.57745,-443.15268,174.60986,1.0,-1.0,-1.0,1.0,33.524375915527344,-0.4,-0.4,0.4
33.28333333333333,20.497627,-15.007975,1.9973211,-0.20993415,0.00462397,-0.0024670232,0.9777015,0.0035058977,-0.005378134,-0.1641894,-0.65604645,0.32289708,-0.13910711,20.498247,-15.0074215,1.1973217,-0.044396233,-0.039615102,-0.26227912,0.5450492,-18.860565,-42.098446,649.5656,-680.09033,-18.860565,-42.098446,649.5656,-680.09033,-1.0,-1.0,1.0,-1.0,0.0,-0.4,0.4,-0.4
33.3,20.497543,-15.0079365,1.9964231,-0.21027558,0.0057296758,-0.0050642537,0.97761226,0.0029333085,-0.0029165607,-0.017189002,-0.22474632,-0.19396132,0.104068376,20.498186,-15.007489,1.1964234,-0.04603548,-0.032033592,-0.09835481,0.45489055,928.3875,788.72327,-274.56973,225.16916,928.3875,788.72327,-274.56973,225.16916,1.0,1.0,-1.0,1.0,33.524375915527344,0.4,-0.4,0.4
33.31666666666666,20.49754,-15.007946,1.9979794,-0.20963454,0.0037112797,-0.004602738,0.9777619,7.490732e-05,0.0003109275,0.1302418,0.21449198,0.36562738,-0.138758,20.498117,-15.00756,1.19798,-0.04139095,-0.027662268,0.27867165,0.26227945,206.09615,724.49084,685.4831,-491.53033,206.09615,724.49084,685.4831,-491.53033,1.0,1.0,1.0,-1.0,33.524375915527344,0.4,0.4,-0.4
33.333333333333336,20.497547,-15.007962,1.9981031,-0.20998685,0.004246346,-0.005436763,0.97767985,1.9157887e-05,0.0012955985,-0.03349173,-0.21998121,-0.17783499,0.104178816,20.498053,-15.00763,1.1981037,-0.036200006,-0.023769058,0.31145674,0.23359257,-401.74136,-34.947365,-61.4251,235.50362,-401.74136,-34.947365,-61.4251,235.50362,-1.0,-1.0,-1.0,1.0,0.0,-0.4,-0.4,0.4
33.35,20.497612,-15.008017,1.9993867,-0.20934385,0.0020883668,-0.0049653375,0.97782725,-0.0022469354,0.004513301,0.11391785,0.21923876,0.38172108,-0.13864164,20.49799,-15.007701,1.1993867,-0.02704755,-0.022607926,0.5491473,0.06966791,224.47757,812.8475,692.06824,-593.29816,224.47757,812.8475,692.06824,-593.29816,1.0,1.0,1.0,-1.0,33.524375915527344,0.4,0.4,-0.4
33.36666666666667,20.49768,-15.008098,1.9992388,-0.20970829,0.0013041411,-0.00053760543,0.97776294,-0.0017650998,0.00636731,-0.04977197,0.64598906,-0.1529045,0.10489073,20.49792,-15.007774,1.1992391,-0.017075473,-0.02315434,0.5983246,-0.03278486,-388.8154,67.680885,-104.118126,219.17935,-388.8154,67.680885,-104.118126,219.17935,-1.0,1.0,-1.0,1.0,0.0,0.4,-0.4,0.4
33.38333333333333,20.497766,-15.008169,2.0002503,-0.2090786,-0.0013957185,0.0016888169,0.9778964,-0.0032944852,0.006027155,0.09749313,0.22349346,0.39835367,-0.13854389,20.49785,-15.007848,1.2002504,-0.0060105664,-0.023017738,0.6638944,0.008196159,305.9726,-820.7733,495.2118,-258.49274,305.9726,-820.7733,495.2118,-258.49274,1.0,-1.0,1.0,-1.0,33.524375915527344,-0.4,0.4,-0.4
33.4,20.497839,-15.008226,1.9998285,-0.20943606,-0.0011405413,0.0008727253,0.9778213,-0.0021332642,0.004702641,-0.06624377,-0.21094555,-0.14512753,0.10440812,20.49778,-15.00792,1.1998285,0.004234717,-0.021924907,0.614717,0.06556983,-389.7327,-455.13345,-427.1767,265.70212,-389.7327,-455.13345,-427.1767,265.70212,-1.0,-1.0,-1.0,1.0,0.0,-0.4,-0.4,0.4
33.416666666666664,20.49791,-15.008282,2.0005672,-0.20880276,-0.0035836985,0.0013579011,0.9779502,-0.0028600232,0.005265853,0.08114172,0.22820973,0.41436008,-0.13840616,20.497711,-15.007994,1.2005672,0.014206794,-0.02062717,0.5983246,0.077864185,311.04865,287.62228,369.80887,-964.6358,311.04865,287.62228,369.80887,-964.6358,1.0,1.0,1.0,-1.0,33.524375915527344,0.4,0.4,-0.4
33.43333333333333,20.497963,-15.008335,1.999873,-0.20916338,-0.0034676532,0.0005532714,0.97787434,-0.00095757935,0.003918426,-0.08259392,-0.20621234,-0.12913501,0.10455631,20.497639,-15.008069,1.1998733,0.023222644,-0.019056229,0.54095095,0.094256505,-330.60284,-396.6754,-627.0116,267.2081,-330.60284,-396.6754,-627.0116,267.2081,-1.0,-1.0,-1.0,1.0,0.0,-0.4,-0.4,0.4
33.45,20.497997,-15.008397,2.0003393,-0.20852795,-0.00604904,0.0010482415,0.97799706,-0.0007684659,0.0043876977,0.06480638,0.23292664,0.43031967,-0.13826008,20.497572,-15.00815,1.2003393,0.030462643,-0.017690191,0.43439993,0.081962265,408.0655,336.16684,60.1635,-1002.0173,408.0655,336.16684,60.1635,-1002.0173,1.0,1.0,1.0,-1.0,33.524375915527344,0.4,0.4,-0.4
33.46666666666667,20.49801,-15.008451,1.9993731,-0.20889172,-0.0060715643,0.00025550308,0.9779198,0.0019710113,0.0029882537,-0.0989225,-0.20147786,-0.113187626,0.10470856,20.497505,-15.008225,1.1993735,0.036200006,-0.016187549,0.34424174,0.09015854,-254.59648,-282.77448,-838.84406,273.7948,-254.59648,-282.77448,-838.84406,273.7948,-1.0,-1.0,-1.0,1.0,0.0,-0.4,-0.4,0.4
33.483333333333334,20.497969,-15.008529,1.9995613,-0.20825407,-0.0021983825,0.0021123285,0.97807,0.0048169554,0.003323628,0.048062373,0.2286945,-0.63059926,-0.13796271,20.497438,-15.008307,1.1995616,0.037975855,-0.015846038,0.10655097,0.020490622,525.01514,409.79135,-335.76544,-1020.3578,525.01514,409.79135,-335.76544,-1020.3578,1.0,1.0,-1.0,-1.0,33.524375915527344,0.4,-0.4,-0.4
33.5,20.497913,-15.008597,1.9983207,-0.20860769,-0.00016403539,0.0017656253,0.9779978,0.004053992,0.0018794173,-0.115298115,-0.19810998,-0.096538946,0.10459699,20.49737,-15.008388,1.198321,0.03893208,-0.015026417,0.057373565,0.049177293,-242.28685,-360.8677,626.4592,150.59856,-242.28685,-360.8677,626.4592,150.59856,-1.0,-1.0,1.0,1.0,0.0,-0.4,0.4,0.4
33.516666666666666,20.497871,-15.008652,1.9982418,-0.20797895,-0.003025781,0.0022733235,0.9781259,0.0031985487,0.0021035685,0.032124504,0.24099585,0.46289808,-0.13822484,20.497305,-15.008469,1.1982421,0.04057133,-0.013113963,0.09835481,0.11474719,610.9732,201.12334,93.23284,-746.0621,610.9732,201.12334,93.23284,-746.0621,1.0,1.0,1.0,-1.0,33.524375915527344,0.4,0.4,-0.4
33.53333333333333,20.49782,-15.008699,1.9967302,-0.20834173,-0.0033274663,0.0014890298,0.9780492,0.0049701612,0.00054989103,-0.13161238,-0.19337088,-0.08062725,0.104752734,20.497246,-15.008551,1.1967303,0.041117743,-0.010655095,0.03278486,0.1475321,-59.80437,-440.15598,-800.90656,266.86862,-59.80437,-440.15598,-800.90656,266.86862,-1.0,-1.0,-1.0,1.0,0.0,-0.4,-0.4,0.4
33.55,20.49773,-15.008751,1.9963739,-0.20770214,0.00026701443,0.0033548952,0.9781863,0.0065401653,0.0005895351,0.01535584,0.23678118,-0.5980259,-0.1379201,20.497189,-15.008633,1.1963739,0.03879548,-0.008469434,-0.13933583,0.13113962,756.71075,241.07875,-296.4126,-833.74316,756.71075,241.07875,-296.4126,-833.74316,1.0,1.0,-1.0,-1.0,33.524375915527344,0.4,-0.4,-0.4
33.56666666666666,20.497639,-15.00876,1.9984715,-0.20805374,0.0019157999,0.0030193818,0.9781108,0.0053642737,-0.0016014681,0.16264847,-0.18590118,-0.047373936,0.104645565,20.497133,-15.008718,1.1984718,0.036200006,-0.0030735852,-0.15572837,0.32375094,28.765184,-531.71765,661.9203,147.00002,28.765184,-531.71765,661.9203,147.00002,1.0,-1.0,1.0,1.0,33.524375915527344,-0.4,0.4,0.4
33.583333333333336,20.497562,-15.00874,1.9991405,-0.2074156,-8.645105e-05,-0.0017127255,0.97825134,0.003732204,-0.002993581,-0.00068968284,-0.61221176,0.48661363,-0.13881165,20.497084,-15.008798,1.1991407,0.034287553,0.0040981136,-0.11474713,0.4303019,-659.0997,-99.09194,271.40173,-68.31441,-659.0997,-99.09194,271.40173,-68.31441,-1.0,-1.0,1.0,-1.0,0.0,-0.4,0.4,-0.4
33.6,20.49748,-15.00875,2.0009665,-0.20776825,-0.0003961865,-0.004234129,0.9781688,0.0047566914,-0.0020000804,0.14631978,-0.18071067,-0.030429602,0.10424504,20.497032,-15.00888,1.2009668,0.032101892,0.009289057,-0.13113967,0.3114566,155.44345,650.7058,-801.6768,380.60947,155.44345,650.7058,-801.6768,380.60947,1.0,1.0,-1.0,1.0,33.524375915527344,0.4,-0.4,0.4
33.61666666666667,20.497414,-15.008778,2.0013647,-0.20711777,-0.0037148723,-0.003700881,0.97830194,0.004442894,9.607896e-05,-0.016893838,0.25423557,0.5123384,-0.13859196,20.496986,-15.008963,1.2013649,0.030599248,0.013250567,-0.09015865,0.23769058,-628.8853,656.22723,35.48934,-80.63685,-628.8853,656.22723,35.48934,-80.63685,-1.0,1.0,1.0,-1.0,0.0,0.4,0.4,-0.4
33.63333333333333,20.497316,-15.008846,2.00292,-0.20745063,-0.0057202186,0.0007973805,0.97822845,0.006883224,0.0022957986,0.13013077,0.68532866,-0.0058225393,0.10505851,20.496939,-15.009042,1.20292,0.02704755,0.014001888,-0.21310183,0.04507927,74.3885,35.080727,-1011.8951,230.12758,74.3885,35.080727,-1011.8951,230.12758,1.0,1.0,-1.0,1.0,33.524375915527344,0.4,-0.4,0.4
33.65,20.49719,-15.008927,2.0030403,-0.20679426,-0.0029801407,0.0044293962,0.9783698,0.009324783,0.00088134874,-0.033667132,0.24958092,-0.548038,-0.13827543,20.496895,-15.009123,1.2030402,0.021173587,0.014001888,-0.35243776,0.0,-592.9456,-913.13324,-556.76447,-94.42101,-592.9456,-913.13324,-556.76447,-94.42101,-1.0,-1.0,-1.0,-1.0,0.0,-0.4,-0.4,-0.4
33.666666666666664,20.497036,-15.0089655,2.0043197,-0.2071456,-0.0017602763,0.004111945,0.9782998,0.00901813,-0.0018444327,0.11362736,-0.17307585,0.0025470704,0.104281604,20.49685,-15.009205,1.2043198,0.013387171,0.017143775,-0.46718496,0.18851317,54.591156,-590.39734,181.2032,175.12033,54.591156,-590.39734,181.2032,175.12033,1.0,-1.0,1.0,1.0,33.524375915527344,-0.4,0.4,0.4
33.68333333333333,20.496862,-15.008984,2.0041661,-0.20650029,0.0023982984,0.0007377901,0.97844326,0.00986581,-0.003434431,-0.050198272,-0.6083644,-0.5402695,-0.13885309,20.496803,-15.009287,1.2041662,0.004234717,0.021720001,-0.5491472,0.2745736,-644.0379,-116.57954,-369.3326,-38.27519,-644.0379,-116.57954,-369.3326,-38.27519,-1.0,-1.0,-1.0,-1.0,0.0,-0.4,-0.4,-0.4
33.7,20.49672,-15.008995,2.005173,-0.20685107,0.0038542813,-0.0013333067,0.97836393,0.007898288,-0.0028541447,0.09718087,-0.1692132,0.020190641,0.10477448,20.496758,-15.009365,1.2051731,-0.0027320758,0.026501136,-0.41800755,0.28686804,87.953835,810.2179,521.4093,144.27786,87.953835,810.2179,521.4093,144.27786,1.0,1.0,1.0,1.0,33.524375915527344,0.4,0.4,0.4
33.71666666666667,20.496609,-15.009011,2.0047529,-0.20621839,0.00010223051,-0.0007881319,0.9785057,0.0063934796,-0.0015279087,-0.066011354,0.2656917,0.5629084,-0.138068,20.496716,-15.009443,1.2047528,-0.007649812,0.030940758,-0.29506415,0.2663773,-612.6486,327.54623,179.95113,-90.646614,-612.6486,327.54623,179.95113,-90.646614,-1.0,1.0,1.0,-1.0,0.0,0.4,0.4,-0.4
33.733333333333334,20.496489,-15.00903,2.0054884,-0.20657843,-0.0011671591,-0.0015382988,0.97842807,0.00740478,-0.002185759,0.080916956,-0.16444659,0.035939783,0.104937255,20.496672,-15.009518,1.2054888,-0.013113963,0.03490227,-0.32784906,0.23769075,146.56374,-290.64313,-909.454,219.59799,146.56374,-290.64313,-909.454,219.59799,1.0,-1.0,-1.0,1.0,33.524375915527344,-0.4,-0.4,0.4
33.75,20.49635,-15.009065,2.0047913,-0.20595245,0.0015397664,0.00035329023,0.9785607,0.008263673,-0.0011854945,-0.08277399,0.2615435,-0.49811,-0.13775578,20.496624,-15.009593,1.2047918,-0.019670945,0.037839253,-0.39341885,0.17621888,-542.19037,429.8987,-332.3299,-84.67099,-542.19037,429.8987,-332.3299,-84.67099,-1.0,1.0,-1.0,-1.0,0.0,0.4,-0.4,-0.4
33.766666666666666,20.496227,-15.009084,2.0052533,-0.20631045,0.0023304434,4.6197787e-05,0.9784838,0.006583445,-0.002102097,0.06452146,-0.16105261,0.052448492,0.10480755,20.496572,-15.0096655,1.2052538,-0.024725284,0.041664157,-0.30326036,0.22949426,258.51346,-360.44086,475.47287,133.86824,258.51346,-360.44086,475.47287,133.86824,1.0,-1.0,1.0,1.0,33.524375915527344,-0.4,0.4,0.4
33.78333333333333,20.496105,-15.009108,2.004284,-0.2056832,0.004896361,0.0019383503,0.97860444,0.0061441446,-0.0014232015,-0.09915455,0.2649331,-0.4816113,-0.13788982,20.49652,-15.009736,1.2042842,-0.029643022,0.04501095,-0.2950642,0.20080759,-488.44977,197.36398,-2.1520166,-103.9814,-488.44977,197.36398,-2.1520166,-103.9814,-1.0,1.0,-1.0,-1.0,0.0,0.4,-0.4,-0.4
33.8,20.496033,-15.009101,2.0044734,-0.20603822,0.0055467756,0.0016287441,0.97852683,0.0031669522,-0.0026271618,0.048156373,-0.15766011,0.06895426,0.104684256,20.49647,-15.009808,1.2044741,-0.03128227,0.05061171,-0.09835481,0.33604544,331.24588,-552.323,775.5505,108.42112,331.24588,-552.323,775.5505,108.42112,1.0,-1.0,1.0,1.0,33.524375915527344,-0.4,0.4,0.4
33.81666666666666,20.49598,-15.0090685,2.0032344,-0.20538329,0.002539095,-0.003067968,0.9786735,0.0013656716,-0.0024236706,-0.11518524,-0.58411527,0.6028647,-0.13882706,20.496416,-15.009876,1.203235,-0.03128227,0.05785171,0.0,0.43440005,-407.04468,-104.52212,372.40332,-136.88683,-407.04468,-104.52212,372.40332,-136.88683,-1.0,-1.0,1.0,-1.0,0.0,-0.4,0.4,-0.4
33.833333333333336,20.495945,-15.009066,2.0031524,-0.20572509,0.0012280367,-0.005557998,0.97859323,0.001853157,-0.00021991425,0.031835258,-0.15244147,0.08574699,0.104162976,20.49636,-15.009938,1.2031534,-0.029779626,0.062496245,0.09015854,0.2786721,526.3096,648.0745,-811.03595,283.76892,526.3096,648.0745,-811.03595,283.76892,1.0,1.0,-1.0,1.0,33.524375915527344,0.4,-0.4,0.4
33.85,20.49593,-15.009082,2.0016425,-0.20506513,-0.0030840018,-0.0049862317,0.9787308,0.0020772703,0.0020672516,-0.1313914,0.2824083,0.6283946,-0.13868044,20.496305,-15.009996,1.2016432,-0.026910948,0.065501526,0.17212069,0.18031685,-221.46004,702.65125,28.831102,-154.4032,-221.46004,702.65125,28.831102,-154.4032,-1.0,1.0,1.0,-1.0,0.0,0.4,0.4,-0.4
33.86666666666667,20.49589,-15.009155,2.0012894,-0.20539314,-0.0060740835,-0.00045147634,0.9786606,0.0047462336,0.0036476036,0.015621528,0.7136713,0.11013067,0.10507386,20.496246,-15.010053,1.2012901,-0.02554491,0.06427209,0.081962265,-0.073766105,522.0895,114.26895,-1068.461,154.25641,522.0895,114.26895,-1068.461,154.25641,1.0,1.0,-1.0,1.0,33.524375915527344,0.4,-0.4,0.4
33.88333333333333,20.495823,-15.009242,1.9995022,-0.20473957,-0.004319623,0.0032060517,0.97880167,0.006883352,0.0018554823,-0.14815728,0.27784252,-0.43210846,-0.13814221,20.496187,-15.01011,1.199503,-0.026091324,0.062154736,-0.03278486,-0.12704125,-54.87817,-821.8822,-674.53485,-138.44904,-54.87817,-821.8822,-674.53485,-138.44904,-1.0,-1.0,-1.0,-1.0,0.0,-0.4,-0.4,-0.4
33.9,20.495708,-15.0093,1.9988686,-0.2050692,0.0025040912,0.004242622,0.9787351,0.008006508,-0.0004408639,-0.0013301006,-0.15360531,-0.9583852,0.10454709,20.496132,-15.0101595,1.1988691,-0.03032604,0.06154002,-0.25408295,-0.036883052,736.5983,-479.57135,-62.05041,108.425255,736.5983,-479.57135,-62.05041,108.425255,1.0,-1.0,-1.0,1.0,33.524375915527344,-0.4,-0.4,0.4
33.916666666666664,20.495611,-15.0093,2.0006886,-0.20439827,0.007748581,0.0013467607,0.9788562,0.0063839713,-0.002921056,0.14592433,-0.57531136,-0.40712625,-0.13849145,20.496069,-15.010206,1.2006893,-0.032784913,0.06488681,-0.14753233,0.20080736,20.577301,-185.9553,1084.1941,-3507.058,20.577301,-185.9553,1084.1941,-3507.058,1.0,-1.0,1.0,-1.0,33.524375915527344,-0.4,0.4,-0.4
33.93333333333333,20.495543,-15.009285,2.001081,-0.20474131,0.008166102,-0.00068849156,0.9787818,0.0029142858,-0.002182514,-0.017315434,-0.14014773,0.1365013,0.10502786,20.496006,-15.010248,1.201082,-0.033194724,0.068984926,-0.024588702,0.24588703,-652.2443,754.6163,864.48615,295.65796,-652.2443,754.6163,864.48615,295.65796,-1.0,1.0,1.0,1.0,0.0,0.4,0.4,0.4
33.95,20.495556,-15.009271,2.0026355,-0.20411831,0.0033097358,-9.0951085e-05,0.97894055,-0.0013732396,-0.00021949352,0.1301189,0.29876775,0.69576204,-0.13781595,20.495943,-15.010288,1.2026365,-0.02773057,0.07287814,0.3278493,0.23359267,44.294178,107.27603,504.61313,-184.1992,44.294178,107.27603,504.61313,-184.1992,1.0,1.0,1.0,-1.0,33.524375915527344,0.4,0.4,-0.4
33.96666666666667,20.495575,-15.009252,2.002757,-0.20448153,0.0010065786,-0.00079843495,0.97886956,-0.0014285743,-0.00075677736,-0.033631537,-0.13533534,0.15210667,0.10526748,20.495876,-15.010327,1.2027581,-0.021583399,0.077044554,0.3688302,0.249985,-498.08905,-593.29364,-605.90076,304.6908,-498.08905,-593.29364,-605.90076,304.6908,-1.0,-1.0,-1.0,1.0,0.0,-0.4,-0.4,0.4
33.983333333333334,20.495594,-15.009247,2.004034,-0.20385768,0.0026134753,0.0011314388,0.97899634,-0.00056012045,0.00065481267,0.11338157,0.29472572,-0.36539158,-0.13746019,20.495808,-15.010361,1.2040348,-0.015299624,0.07977664,0.37702647,0.16392498,90.42575,171.1285,-72.51007,-187.66313,90.42575,171.1285,-72.51007,-187.66313,1.0,1.0,-1.0,-1.0,33.524375915527344,0.4,-0.4,-0.4
34.0,20.495617,-15.009234,2.0038817,-0.20421998,0.0023726092,0.00086458493,0.9789217,-0.0023241704,-0.00030240207,-0.04996756,-0.13189015,0.16841304,0.10514577,20.495735,-15.010392,1.2038826,-0.008469434,0.082918525,0.40981135,0.18851323,-617.13965,-545.0905,794.4489,217.75793,-617.13965,-545.0905,794.4489,217.75793,-1.0,-1.0,1.0,1.0,0.0,-0.4,0.4,0.4
34.016666666666666,20.49567,-15.009201,2.00489,-0.2035793,-0.0016045975,-0.0037846714,0.9790498,-0.0043928567,-0.001240991,0.09731082,-0.5543684,0.7188752,-0.13839565,20.495668,-15.010418,1.2048912,0.00013660379,0.08715325,0.51636225,0.2540834,109.36979,-36.218365,54.451714,-193.02042,109.36979,-36.218365,54.451714,-193.02042,1.0,-1.0,1.0,-1.0,33.524375915527344,-0.4,0.4,-0.4
34.03333333333333,20.495718,-15.009175,2.0044665,-0.20392734,-0.0038099696,-0.0062274714,0.9789587,-0.0024520813,0.00069635594,-0.06634176,-0.1266552,0.18504246,0.10453623,20.4956,-15.010441,1.2044678,0.008469434,0.09063665,0.4999698,0.20900397,-428.0866,623.6774,-925.9843,408.3527,-428.0866,623.6774,-925.9843,408.3527,-1.0,1.0,-1.0,1.0,0.0,0.4,-0.4,0.4
34.05,20.495737,-15.009223,2.005198,-0.2032986,-0.002481695,-0.004286978,0.97910416,0.00035783695,0.0035438493,0.08067839,0.30341685,-0.3325132,-0.13820374,20.495527,-15.010458,1.2051992,0.015026417,0.08845098,0.3934189,-0.13113989,234.96616,634.34125,-510.8522,-198.33696,234.96616,634.34125,-510.8522,-198.33696,1.0,1.0,-1.0,-1.0,33.524375915527344,0.4,-0.4,-0.4
34.06666666666666,20.495764,-15.009294,2.0045018,-0.20364271,-0.0041542267,0.0007235369,0.97903615,0.00064600003,0.004465,-0.08260585,0.73817015,0.20993197,0.10491712,20.495459,-15.010472,1.2045028,0.021856606,0.08442117,0.40981135,-0.24178861,-488.94547,63.51633,334.14978,205.65543,-488.94547,63.51633,334.14978,205.65543,-1.0,1.0,1.0,1.0,0.0,0.4,0.4,0.4
34.083333333333336,20.495749,-15.009359,2.004961,-0.20299208,-0.0033563438,0.004413119,0.97916466,0.0030427678,0.0030941712,0.06428588,0.30635804,-0.31571868,-0.13818516,20.495396,-15.010482,1.2049623,0.0252717,0.080391355,0.20490567,-0.24178906,297.50848,-1014.98755,-581.0477,-151.14496,297.50848,-1014.98755,-581.0477,-151.14496,1.0,-1.0,-1.0,-1.0,33.524375915527344,-0.4,-0.4,-0.4
34.1,20.49572,-15.009405,2.0039907,-0.20335265,-0.0040208497,0.004159728,0.9790885,0.0030837443,0.0006872632,-0.09904967,-0.12023622,0.21803832,0.10443788,20.49533,-15.0104885,1.2039918,0.027867174,0.07759098,0.15572837,-0.1680225,-468.04398,-689.44354,101.689995,250.0266,-468.04398,-689.44354,101.689995,250.0266,-1.0,-1.0,1.0,1.0,0.0,-0.4,0.4,0.4
34.11666666666667,20.495646,-15.009423,2.0041757,-0.20272477,-0.0018296944,0.0008361343,0.9792337,0.005145577,-0.0015048237,0.04785459,-0.5516188,-0.308169,-0.1388017,20.495268,-15.010491,1.2041767,0.02704755,0.076498136,-0.049177404,-0.065570615,315.17874,-141.06699,-770.9353,-163.8883,315.17874,-141.06699,-770.9353,-163.8883,1.0,-1.0,-1.0,-1.0,33.524375915527344,-0.4,-0.4,-0.4
34.13333333333333,20.49557,-15.009437,2.002932,-0.20308448,-0.00226194,-0.0011686434,0.97915787,0.0049692984,-0.00088140566,-0.11539151,-0.11636299,0.23531216,0.10464134,20.49521,-15.010492,1.2029333,0.025681512,0.07561021,-0.081962265,-0.053275373,-359.40903,757.68866,198.80478,277.22107,-359.40903,757.68866,198.80478,277.22107,-1.0,1.0,1.0,1.0,0.0,0.4,0.4,0.4
34.15,20.495472,-15.009475,2.0028462,-0.20244971,-0.0013627862,0.0007697132,0.9792913,0.00675692,0.00015630387,0.031603836,0.31365198,-0.2822436,-0.13807961,20.49515,-15.010488,1.2028471,0.02308604,0.07253663,-0.15572837,-0.18441482,488.43338,340.8633,-785.9719,-178.04114,488.43338,340.8633,-785.9719,-178.04114,1.0,1.0,-1.0,-1.0,33.524375915527344,0.4,-0.4,-0.4
34.166666666666664,20.495377,-15.009508,2.0013309,-0.20280895,-0.0023144626,0.00051880116,0.97921544,0.0065199877,-0.0009619491,-0.13173279,-0.11291933,0.25147253,0.1045498,20.495092,-15.010481,1.2013316,0.020353964,0.06966795,-0.16392453,-0.17212091,-210.2688,-399.53915,70.94795,236.37833,-210.2688,-399.53915,70.94795,236.37833,-1.0,-1.0,1.0,1.0,0.0,-0.4,0.4,0.4
34.18333333333333,20.495247,-15.009547,2.0009723,-0.20217109,-0.001553347,0.002457478,0.9793459,0.008179508,-0.00057287933,0.015262702,0.3170754,-0.2660902,-0.13816503,20.495026,-15.010468,1.2009733,0.015846038,0.06591134,-0.2704755,-0.22539674,605.8595,229.439,-859.36017,-172.58797,605.8595,229.439,-859.36017,-172.58797,1.0,1.0,-1.0,-1.0,33.524375915527344,0.4,-0.4,-0.4
34.2,20.49511,-15.009586,1.9991794,-0.20250985,0.0039592637,0.0035137406,0.97926587,0.007684977,-0.0022478728,-0.1485637,-0.11825502,-0.8090563,0.104550675,20.494974,-15.010453,1.1991799,0.009698869,0.062086433,-0.36883014,-0.22949426,-72.192986,-538.4801,-41.7667,245.12602,-72.192986,-538.4801,-41.7667,245.12602,-1.0,-1.0,-1.0,1.0,0.0,-0.4,-0.4,0.4
34.21666666666667,20.495003,-15.009581,1.9985454,-0.20184305,0.007918931,0.0006399925,0.9793856,0.004490003,-0.0032747276,-0.0012935279,-0.5401734,-0.25786978,-0.13860896,20.494919,-15.010436,1.1985457,0.0060105664,0.06126681,-0.22129813,-0.049177404,692.02814,-179.02563,1040.616,-3096.413,692.02814,-179.02563,1040.616,-3096.413,1.0,-1.0,1.0,-1.0,33.524375915527344,-0.4,0.4,-0.4
34.233333333333334,20.494987,-15.009547,2.0003672,-0.20218682,0.0069480115,-0.0013544182,0.97932136,0.00040936389,-0.002407205,0.1461305,-0.100771874,0.30221838,0.104794465,20.494858,-15.010412,1.2003677,0.009289057,0.06194983,0.19670942,0.040981244,39.094513,779.9987,737.4431,241.13376,39.094513,779.9987,737.4431,241.13376,1.0,1.0,1.0,1.0,33.524375915527344,0.4,0.4,0.4
34.25,20.495014,-15.009516,2.0007617,-0.20155513,0.0007833433,-0.00070829364,0.9794765,-0.0023532473,-0.000777734,-0.017114796,0.33388492,0.8446414,-0.13802677,20.494802,-15.0103855,1.2007625,0.01516302,0.06229134,0.35243776,0.02049051,-599.26984,81.23034,323.34848,-43.48453,-599.26984,81.23034,323.34848,-43.48453,-1.0,1.0,1.0,-1.0,0.0,0.4,0.4,-0.4
34.266666666666666,20.495033,-15.00949,2.0023131,-0.20191532,-0.0029027082,-0.0013660776,0.9793977,-0.0019413952,-0.0013947472,0.12978595,-0.09595212,0.31752712,0.10515224,20.494747,-15.010358,1.2023137,0.020490568,0.062154736,0.31965286,-0.008196159,21.886026,-461.72754,-875.4941,241.0954,21.886026,-461.72754,-875.4941,241.0954,1.0,-1.0,-1.0,1.0,33.524375915527344,-0.4,-0.4,0.4
34.28333333333333,20.495031,-15.009478,2.0024304,-0.20128204,-0.0025988766,0.00059460965,0.9795296,-8.532903e-05,-0.00048501027,-0.033855908,0.32994163,-0.21667968,-0.13757843,20.494684,-15.010328,1.2024312,0.024861889,0.0609253,0.26227924,-0.073766105,-573.32874,221.65913,-612.7743,-17.444159,-573.32874,221.65913,-612.7743,-17.444159,-1.0,1.0,-1.0,-1.0,0.0,0.4,-0.4,-0.4
34.3,20.495022,-15.009457,2.0037072,-0.20164557,-0.004219291,0.0003732297,0.97944933,-0.0004132028,-0.0017863729,0.11345394,-0.09251925,0.33356795,0.10508054,20.494635,-15.010295,1.2037078,0.02773057,0.06003738,0.17212081,-0.053275373,123.85895,-497.78763,22.516903,174.63513,123.85895,-497.78763,22.516903,174.63513,1.0,-1.0,1.0,1.0,33.524375915527344,-0.4,0.4,0.4
34.31666666666666,20.494993,-15.009443,2.0035524,-0.20260541,-0.004053014,0.0023431545,0.97924924,0.00170267,-0.0017055547,-0.05018358,0.33360577,-0.20059717,0.12335988,20.49458,-15.0102625,1.2035527,0.029643022,0.05867134,0.11474713,-0.081962265,-565.0621,91.07577,-816.9911,0.07389385,-565.0621,91.07577,-816.9911,0.07389385,-1.0,1.0,-1.0,0.07389385,0.0,0.4,-0.4,0.029557541
34.333333333333336,20.494919,-15.009411,2.0045521,-0.20210585,0.00078021246,0.003429352,0.97935736,0.004162441,-0.0035170654,0.09670902,-0.09762189,-0.7260244,-0.12000411,20.494528,-15.01022,1.2045527,0.028003776,0.057920013,-0.0983547,-0.04507966,137.93338,-744.15405,-172.90341,-540.80493,137.93338,-744.15405,-172.90341,-540.80493,1.0,-1.0,-1.0,-1.0,33.524375915527344,-0.4,-0.4,-0.4
34.35,20.494835,-15.009361,2.0041218,-0.20259611,0.004138087,0.00056502357,0.9792534,0.0024390197,-0.004895104,-0.06667916,-0.5244114,-0.19154882,0.12288631,20.494474,-15.01018,1.2041225,0.025818117,0.05867134,-0.13113956,0.04507966,-634.7911,-158.02531,798.1574,157.44107,-634.7911,-158.02531,798.1574,157.44107,-1.0,-1.0,1.0,1.0,0.0,-0.4,0.4,0.4
34.36666666666667,20.494804,-15.009301,2.0048532,-0.20210524,0.0026107456,-0.001407016,0.97935927,-7.330044e-05,-0.003822032,0.080720924,-0.08510798,0.3673714,-0.11988606,20.494425,-15.010134,1.2048541,0.027184155,0.059627566,0.081962265,0.057373565,147.64764,688.09393,541.6767,-1325.551,147.64764,688.09393,541.6767,-1325.551,1.0,1.0,1.0,-1.0,33.524375915527344,0.4,0.4,-0.4
34.38333333333333,20.494778,-15.009254,2.0041533,-0.20262057,0.0024856213,0.00056808046,0.979254,-4.4399872e-05,-0.0029536616,-0.08291315,0.34201255,-0.16682902,0.12348875,20.494373,-15.010087,1.2041539,0.028960003,0.059627566,0.10655086,0.0,-460.98462,115.77688,-333.81476,305.27274,-460.98462,115.77688,-333.81476,305.27274,-1.0,1.0,-1.0,1.0,0.0,0.4,-0.4,0.4
34.4,20.494776,-15.009193,2.0046127,-0.20214055,0.0004312947,0.00035685947,0.97935635,-0.0018977651,-0.0036765016,0.06439225,-0.08065337,0.38429564,-0.119947694,20.494322,-15.010037,1.2046133,0.032511704,0.06044719,0.21310206,0.049177404,264.26416,-699.08527,383.0947,-291.60416,264.26416,-699.08527,383.0947,-291.60416,1.0,-1.0,1.0,-1.0,33.524375915527344,-0.4,0.4,-0.4
34.416666666666664,20.494772,-15.009116,2.0036392,-0.20264678,0.0013014434,-0.0029208867,0.9792466,-0.0012645021,-0.003891728,-0.09937678,-0.5149886,-0.15852314,0.122840166,20.49428,-15.009985,1.2036399,0.03524378,0.062223036,0.16392453,0.106550746,-383.7243,-46.48678,-534.3812,313.60883,-383.7243,-46.48678,-534.3812,313.60883,-1.0,-1.0,-1.0,1.0,0.0,-0.4,-0.4,0.4
34.43333333333333,20.49479,-15.009069,2.0038252,-0.20215249,-0.0005086867,-0.004873535,0.9793418,-0.0023975805,-0.0017127958,0.04801789,-0.075719625,0.40031517,-0.11995502,20.494238,-15.009928,1.203826,0.039478496,0.061471716,0.25408295,-0.045079213,372.0335,852.8899,414.90366,-1370.7894,372.0335,852.8899,414.90366,-1370.7894,1.0,1.0,1.0,-1.0,33.524375915527344,0.4,0.4,-0.4
34.45,20.494812,-15.009047,2.0025797,-0.2026606,-0.00091960473,-0.0028751527,0.9792444,-0.0010924682,-8.583418e-05,-0.1156225,0.35145828,-0.13391499,0.1234207,20.494198,-15.0098715,1.2025805,0.04398642,0.059081152,0.2704755,-0.1434338,-258.11917,450.7503,-581.10095,271.38818,-258.11917,450.7503,-581.10095,271.38818,-1.0,1.0,-1.0,1.0,0.0,0.4,-0.4,0.4
34.46666666666667,20.494831,-15.009038,2.0024943,-0.20217143,-0.0032566967,-0.0030675349,0.9793399,-0.0013537115,0.000120054756,0.03168415,-0.07127285,0.41716817,-0.11999632,20.494156,-15.0098095,1.2024951,0.048357747,0.05525624,0.26227957,-0.2294947,506.86172,-282.36832,103.8321,-301.5593,506.86172,-282.36832,103.8321,-301.5593,1.0,-1.0,1.0,-1.0,33.524375915527344,-0.4,0.4,-0.4
34.483333333333334,20.49484,-15.009046,2.0009766,-0.20267285,-0.0038116742,-0.0010598577,0.97923845,0.000749978,0.0009087936,-0.13196166,0.35593823,-0.11707668,0.123384014,20.494116,-15.009747,1.2009772,0.051909447,0.050201897,0.21310194,-0.3032606,-145.41962,373.22025,-856.4801,291.08044,-145.41962,373.22025,-856.4801,291.08044,-1.0,1.0,-1.0,1.0,0.0,0.4,-0.4,0.4
34.5,20.494812,-15.009065,2.0006135,-0.20219004,0.00030315947,6.687676e-05,0.9793463,0.002652144,0.00025287713,0.014940107,-0.0753732,-0.6424585,-0.11996188,20.494078,-15.009681,1.2006142,0.052592464,0.044123027,0.04098102,-0.36473212,630.9185,-357.25604,-237.04523,-330.35742,630.9185,-357.25604,-237.04523,-330.35742,1.0,-1.0,-1.0,-1.0,33.524375915527344,-0.4,-0.4,-0.4
34.516666666666666,20.494785,-15.009086,1.9988217,-0.20270163,0.0018013284,0.0025065711,0.9792356,0.0010723041,0.00021290814,-0.1483182,0.3593294,-0.09950994,0.12327541,20.494043,-15.009612,1.1988224,0.05313888,0.03770265,0.03278486,-0.38522264,-122.0254,236.3271,729.6091,119.27561,-122.0254,236.3271,729.6091,119.27561,-1.0,1.0,1.0,1.0,0.0,0.4,0.4,0.4
34.53333333333333,20.49478,-15.009076,1.998191,-0.20222558,-0.0008322552,0.0023208908,0.9793358,-0.0003206052,-0.0012898803,-0.00100539,-0.06351027,0.45158467,-0.12012329,20.494015,-15.009543,1.1981914,0.05477813,0.03346793,0.09835503,-0.2540832,722.80597,-750.7571,203.72383,-289.9637,722.80597,-750.7571,203.72383,-289.9637,1.0,-1.0,1.0,-1.0,33.524375915527344,-0.4,0.4,-0.4
34.55,20.494745,-15.009038,2.000011,-0.2027359,-0.0006457036,-0.00092487666,0.9792327,0.0007405812,-0.0035136668,0.14589274,-0.49373376,-0.074600905,0.12264551,20.493984,-15.009473,1.2000115,0.054504916,0.031145662,-0.016392766,-0.13933605,102.30891,-88.77621,-764.64777,297.02866,102.30891,-88.77621,-764.64777,297.02866,1.0,-1.0,-1.0,1.0,33.524375915527344,-0.4,-0.4,0.4
34.56666666666666,20.494719,-15.008999,2.0004017,-0.2022458,-0.0030699312,-0.0028518452,0.97932583,0.00027274783,-0.0024069224,-0.01736212,-0.058651716,0.4674914,-0.12021142,20.493958,-15.0094,1.2004024,0.054504916,0.028755097,0.0,-0.14343391,-624.1615,765.7512,198.64842,-413.9808,-624.1615,765.7512,198.64842,-413.9808,-1.0,1.0,1.0,-1.0,0.0,0.4,0.4,-0.4
34.583333333333336,20.494667,-15.009,2.0019503,-0.20274374,-0.0041639614,-0.00082097016,0.9792226,0.00246337,-0.0007009492,0.12966113,0.3727091,-0.050203264,0.123188645,20.493933,-15.009326,1.2019508,0.052592464,0.023359247,-0.11474713,-0.323751,138.07106,317.74673,-986.43134,273.10355,138.07106,317.74673,-986.43134,273.10355,1.0,1.0,-1.0,1.0,33.524375915527344,0.4,-0.4,0.4
34.6,20.494596,-15.009012,2.0020638,-0.20225802,-0.00051613385,0.00032543862,0.97933203,0.0044905962,-0.001319358,-0.03410618,-0.06272048,-0.5921575,-0.1201271,20.493916,-15.0092535,1.2020639,0.04876756,0.01728038,-0.22949426,-0.364732,-604.65405,-411.00824,-320.59302,-118.884315,-604.65405,-411.00824,-320.59302,-118.884315,-1.0,-1.0,-1.0,-1.0,0.0,-0.4,-0.4,-0.4
34.61666666666667,20.494532,-15.009018,2.0033379,-0.20276612,0.00044368132,0.0027881244,0.9792231,0.0036375688,-0.0005950745,0.11329236,0.37604916,-0.032691002,0.123110615,20.4939,-15.009174,1.2033384,0.045215856,0.01120151,-0.21310216,-0.36473212,73.412735,241.21191,554.49493,130.26755,73.412735,241.21191,554.49493,130.26755,1.0,1.0,1.0,1.0,33.524375915527344,0.4,0.4,0.4
34.63333333333333,20.494478,-15.009009,2.0031843,-0.2022905,-0.002656925,0.0026207394,0.97931844,0.0027998248,-0.002072741,-0.05003185,-0.05095136,0.50174403,-0.120258,20.493887,-15.009095,1.2031848,0.042347178,0.0061471704,-0.17212069,-0.30326036,-619.822,-790.84534,27.598972,-122.88973,-619.822,-790.84534,27.598972,-122.88973,-1.0,-1.0,1.0,-1.0,0.0,-0.4,0.4,-0.4
34.65,20.49439,-15.008984,2.0041866,-0.20280664,-0.0029005813,-0.0006058562,0.9792143,0.0045001167,-0.0042213937,0.09687203,-0.48112947,-0.02444169,0.122497335,20.493881,-15.00902,1.2041866,0.036473215,0.002595472,-0.35243776,-0.2131019,138.79149,-13.620963,-1007.81274,300.30942,138.79149,-13.620963,-1007.81274,300.30942,1.0,-1.0,-1.0,1.0,33.524375915527344,-0.4,-0.4,0.4
34.666666666666664,20.494278,-15.0089655,2.0037556,-0.20232828,0.00084246974,-0.0012027519,0.97931665,0.005881619,-0.0032445346,-0.066821426,-0.054552108,-0.55880594,-0.12012371,20.49387,-15.008943,1.2037555,0.02923321,-0.0016392454,-0.43440026,-0.254083,-565.6702,691.6141,-269.57742,-325.87982,-565.6702,691.6141,-269.57742,-325.87982,-1.0,1.0,-1.0,-1.0,0.0,0.4,-0.4,-0.4
34.68333333333333,20.49419,-15.008959,2.0044847,-0.20284127,0.001515751,0.0012702256,0.97920966,0.004564874,-0.0020400456,0.080584005,0.38424194,0.0005966723,0.12311146,20.493864,-15.008865,1.2044847,0.023359247,-0.0066935853,-0.35243776,-0.30326036,191.13072,346.32114,529.4525,127.98752,191.13072,346.32114,529.4525,127.98752,1.0,1.0,1.0,1.0,33.524375915527344,0.4,0.4,0.4
34.7,20.494114,-15.008944,2.003786,-0.20236214,-0.0018687678,0.0011132096,0.9793083,0.0037321197,-0.0030015188,-0.08273255,-0.04282978,0.53502226,-0.12023997,20.493853,-15.008788,1.2037863,0.018714719,-0.011133209,-0.27867165,-0.2663774,-523.8117,-693.8203,8.765699,-134.94987,-523.8117,-693.8203,8.765699,-134.94987,-1.0,-1.0,1.0,-1.0,0.0,-0.4,0.4,-0.4
34.71666666666667,20.49402,-15.008927,2.0042443,-0.20286502,-0.0035379466,0.0031590036,0.9791952,0.0053121257,-0.0028883799,0.06430488,0.3886222,0.017278463,0.1231845,20.49385,-15.008712,1.2042445,0.012157737,-0.015436227,-0.39341885,-0.2581811,271.83182,95.20954,-1057.6221,277.84296,271.83182,95.20954,-1057.6221,277.84296,1.0,1.0,-1.0,1.0,33.524375915527344,0.4,-0.4,0.4
34.733333333333334,20.493896,-15.008911,2.0032685,-0.20236646,-0.00046978844,0.0043214276,0.97930014,0.006492338,-0.004814296,-0.09946758,-0.046871692,-0.524626,-0.12009324,20.493845,-15.008636,1.2032685,0.0036883021,-0.019670945,-0.5081661,-0.254083,-431.20685,-812.9234,-534.34814,-115.26849,-431.20685,-812.9234,-534.34814,-115.26849,-1.0,-1.0,-1.0,-1.0,0.0,-0.4,-0.4,-0.4
34.75,20.493769,-15.008848,2.0034509,-0.20286666,0.0010543669,0.0015380398,0.9792046,0.00518093,-0.0070858942,0.047799118,-0.46969444,0.026307076,0.12268109,20.493837,-15.008562,1.2034512,-0.004917736,-0.020490568,-0.51636225,-0.049177404,336.6227,-206.09448,344.35092,139.02585,336.6227,-206.09448,344.35092,139.02585,1.0,-1.0,1.0,1.0,33.524375915527344,-0.4,0.4,0.4
34.766666666666666,20.493637,-15.008786,2.002202,-0.20237738,0.004362854,0.0009508096,0.97929734,0.004907042,-0.0064243004,-0.115894884,-0.04312098,-0.50807595,-0.11997315,20.493834,-15.008489,1.2022021,-0.01407019,-0.02131019,-0.5491472,-0.049177293,-357.7545,552.7533,-145.18846,-150.55728,-357.7545,552.7533,-145.18846,-150.55728,-1.0,1.0,-1.0,-1.0,0.0,0.4,-0.4,-0.4
34.78333333333333,20.493551,-15.008699,2.0021124,-0.20286739,0.0057440307,-0.001832641,0.97918767,0.0021376675,-0.0070764385,0.031378932,-0.46593425,0.042870373,0.122797094,20.493832,-15.008416,1.2021126,-0.020080756,-0.020285662,-0.360634,0.061471645,471.7846,-16.333794,717.5866,108.87592,471.7846,-16.333794,717.5866,108.87592,1.0,-1.0,1.0,1.0,33.524375915527344,-0.4,0.4,0.4
34.8,20.493494,-15.008612,2.0005958,-0.20236525,0.0023164495,-0.003730051,0.9793002,0.00057845656,-0.004996483,-0.13186735,-0.031016707,0.5847713,-0.12014897,20.493826,-15.008346,1.2005961,-0.023769058,-0.019056229,-0.2212981,0.07376599,-240.0767,780.3772,382.5308,-159.3965,-240.0767,780.3772,382.5308,-159.3965,-1.0,1.0,1.0,-1.0,0.0,0.4,0.4,-0.4
34.81666666666666,20.493454,-15.008562,2.0002363,-0.2028711,0.00021860082,-0.0016728665,0.97920394,0.0012168575,-0.003136417,0.015167793,0.400533,0.06699437,0.12327782,20.493818,-15.008277,1.2002366,-0.026091324,-0.020422265,-0.13933595,-0.08196215,625.8696,271.1099,-906.76086,199.711,625.8696,271.1099,-906.76086,199.711,1.0,1.0,-1.0,1.0,33.524375915527344,0.4,-0.4,0.4
34.833333333333336,20.493402,-15.008522,1.9984425,-0.20239091,0.0028624835,-0.0004964721,0.97930044,0.0013177628,-0.0033508628,-0.14857917,-0.035003155,-0.47487986,-0.11997368,20.493809,-15.008208,1.1984426,-0.029096607,-0.022471322,-0.18031697,-0.1229434,-35.390324,-488.0296,-164.53606,-175.72554,-35.390324,-488.0296,-164.53606,-175.72554,-1.0,-1.0,-1.0,-1.0,0.0,-0.4,-0.4,-0.4
34.85,20.493382,-15.008477,1.997809,-0.20290889,0.0028190378,0.0019945407,0.9791914,-0.0008411962,-0.002641058,-0.0011568415,0.4038083,0.08436334,0.12324883,20.493795,-15.00814,1.1978093,-0.029643022,-0.02417887,-0.03278486,-0.10245289,766.9671,177.79123,687.0507,62.757057,766.9671,177.79123,687.0507,62.757057,1.0,1.0,1.0,1.0,33.524375915527344,0.4,0.4,0.4
34.86666666666667,20.493399,-15.0084,1.9996307,-0.20243633,-0.0013890599,0.0018578857,0.97929263,-0.0035400833,-0.0037504155,0.14614348,-0.019445807,0.63541543,-0.120048776,20.493782,-15.008074,1.1996312,-0.027457362,-0.023359247,0.13113956,0.049177404,99.8895,-857.4093,93.6172,-181.21284,99.8895,-857.4093,93.6172,-181.21284,1.0,-1.0,1.0,-1.0,33.524375915527344,-0.4,0.4,-0.4
34.88333333333333,20.493406,-15.008305,2.000019,-0.20295122,-0.0026703277,-0.0013398003,0.9791842,-0.0023199222,-0.0051361076,-0.01763463,-0.45352095,0.092636764,0.12270804,20.493767,-15.008005,1.2000194,-0.025818117,-0.021446794,0.0983547,0.11474713,-522.33307,-155.68187,-852.00275,399.18073,-522.33307,-155.68187,-852.00275,399.18073,-1.0,-1.0,-1.0,1.0,0.0,-0.4,-0.4,0.4
34.9,20.493385,-15.008241,2.001563,-0.20247413,-3.5364163e-05,-0.0019055274,0.97928566,-3.085099e-05,-0.004027749,0.12937066,-0.022939593,-0.42516243,-0.120000206,20.493748,-15.007942,1.2015634,-0.025954721,-0.021378493,-0.008196271,0.0040980796,123.66164,645.3331,-351.1297,-286.13672,123.66164,645.3331,-351.1297,-286.13672,1.0,1.0,-1.0,-1.0,33.524375915527344,0.4,-0.4,-0.4
34.916666666666664,20.493374,-15.00819,2.001679,-0.20298466,-0.00039821127,0.00059874746,0.9791816,-0.00080340105,-0.0030086387,-0.0338641,0.4118869,0.11734158,0.123220466,20.49373,-15.00788,1.2016791,-0.02554491,-0.022198115,0.024588702,-0.049177293,-603.6084,252.09602,551.02496,266.67242,-603.6084,252.09602,551.02496,266.67242,-1.0,1.0,1.0,1.0,0.0,0.4,0.4,0.4
34.93333333333333,20.49335,-15.008134,2.002951,-0.20249814,0.0017077506,0.0017859961,0.97927946,0.00048211194,-0.003923352,0.113054104,-0.019696236,-0.4078626,-0.11999823,20.493711,-15.007821,1.202951,-0.025954721,-0.02240302,-0.024588702,-0.012294351,141.82167,-741.80725,-273.43192,-182.8289,141.82167,-741.80725,-273.43192,-182.8289,1.0,-1.0,-1.0,-1.0,33.524375915527344,-0.4,-0.4,-0.4
34.95,20.493328,-15.008054,2.0027928,-0.2029972,0.0023401466,-0.0009767406,0.979176,-0.0010752892,-0.004887877,-0.05031709,-0.44654757,0.12634194,0.12274168,20.493692,-15.007757,1.2027931,-0.026091324,-0.021241888,-0.008196159,0.06966791,-623.1266,-144.83104,676.1102,264.62653,-623.1266,-144.83104,676.1102,264.62653,-1.0,-1.0,1.0,1.0,0.0,-0.4,0.4,0.4
