Time,Payload_X,Payload_Y,Payload_Z,Swing_Deg_X,Swing_Deg_Y
0.0,21.5,-14.0,0.39795366,0.00068301894,0.00047811324
0.016666666666666666,21.500004,-14.000001,0.39317968,0.0023222642,0.0016392454
0.03333333333333333,21.50001,-13.999998,0.3856788,0.004917736,0.0035516985
0.05,21.500015,-13.999995,0.37932765,-0.0068301894,-0.006420378
0.06666666666666667,21.500027,-13.999977,0.37540305,-0.04849435,-0.042415477
0.08333333333333333,21.50005,-13.999938,0.37387443,-0.13687712,-0.12027973
0.1,21.500078,-13.999874,0.37470308,-0.28413704,-0.25394726
0.11666666666666667,21.500084,-13.999795,0.37785852,-0.49724403,-0.45352933
0.13333333333333333,21.500046,-13.999721,0.3833295,-0.7789388,-0.72586364
0.15,21.499928,-13.999666,0.3911265,-1.1280104,-1.07493
0.16666666666666666,21.499771,-13.99961,0.39751008,-1.4924284,-1.4451481
0.18333333333333332,21.499596,-13.999543,0.4012314,-1.8566337,-1.8174766
0.2,21.499414,-13.99947,0.40229177,-2.2205038,-2.1918643
0.21666666666666667,21.49922,-13.999387,0.4006942,-2.58378,-2.568465
0.23333333333333334,21.498827,-13.999478,0.40029985,-2.9607017,-2.9656947
0.25,21.498165,-13.999832,0.4024096,-3.3481514,-3.376272
0.26666666666666666,21.497189,-14.000481,0.40703326,-3.740546,-3.7870233
0.2833333333333333,21.495857,-14.001468,0.41415706,-4.128597,-4.184615
0.3,21.49415,-14.002838,0.42376006,-4.504915,-4.5580835
0.31666666666666665,21.492031,-14.004626,0.4358197,-4.8633323,-4.901309
0.3333333333333333,21.48948,-14.006866,0.45031554,-5.2028728,-5.2084966
0.35,21.48647,-14.009591,0.4672327,-5.52352,-5.478369
0.36666666666666664,21.482958,-14.012821,0.4865633,-5.828412,-5.7119823
0.3833333333333333,21.478935,-14.016582,0.50831324,-6.121517,-5.9160933
0.4,21.474363,-14.0208845,0.53247774,-6.3993874,-6.098574
0.4166666666666667,21.469225,-14.025748,0.559043,-6.6587043,-6.260846
0.43333333333333335,21.463486,-14.031192,0.5880014,-6.894078,-6.4074287
0.45,21.457117,-14.037225,0.61933565,-7.099695,-6.53941
0.4666666666666667,21.450111,-14.043872,0.6530368,-7.2746935,-6.658016
0.48333333333333334,21.442448,-14.051139,0.6890989,-7.4135294,-6.7703238
0.5,21.434114,-14.059042,0.72751373,-7.512311,-6.8795614
0.5166666666666666,21.425093,-14.067598,0.7682651,-7.5668783,-6.982906
0.5333333333333333,21.415394,-14.076813,0.8113377,-7.5693583,-7.078496
0.55,21.40501,-14.086705,0.85672283,-7.5150666,-7.1619906
0.5666666666666667,21.393959,-14.097282,0.90441424,-7.4025087,-7.224363
0.5833333333333334,21.382248,-14.108547,0.95440185,-7.232556,-7.251146
0.6,21.369913,-14.1205015,1.0066887,-7.013529,-7.2275987
0.6166666666666667,21.356983,-14.133138,1.0612652,-6.7598004,-7.1368647
0.6333333333333333,21.34349,-14.146433,1.118139,-6.4864073,-6.969075
0.65,21.329466,-14.160372,1.1773072,-6.2119255,-6.7142015
0.6666666666666666,21.315338,-14.174459,1.235043,-5.940883,-6.436984
0.6833333333333333,21.301188,-14.188532,1.2901028,-5.6677775,-6.1606054
0.7,21.287012,-14.20259,1.3424784,-5.393704,-5.884988
0.7166666666666667,21.27281,-14.21662,1.392165,-5.1186566,-5.6110177
0.7333333333333333,21.258575,-14.230626,1.4391607,-4.8424935,-5.3390274
0.75,21.244314,-14.244595,1.4834596,-4.5653467,-5.0690784
0.7666666666666666,21.230032,-14.2585335,1.5250562,-4.2876225,-4.8000646
0.7833333333333333,21.215736,-14.272462,1.563957,-4.0098615,-4.532321
0.8,21.201427,-14.28637,1.600156,-3.731648,-4.26591
0.8166666666666667,21.187109,-14.30027,1.633649,-3.4537957,-3.9997969
0.8333333333333334,21.172781,-14.314165,1.6644367,-3.176025,-3.7337012
0.85,21.158436,-14.328058,1.6925275,-2.8979187,-3.469055
0.8666666666666667,21.144066,-14.341942,1.7179163,-2.619197,-3.2054405
0.8833333333333333,21.12968,-14.355826,1.7406006,-2.3399901,-2.9417572
0.9,21.115278,-14.369711,1.7605819,-2.060566,-2.6782727
0.9166666666666666,21.100847,-14.383601,1.7778727,-1.7792771,-2.4138198
0.9333333333333333,21.086405,-14.397494,1.7924783,-1.4966646,-2.1479146
0.95,21.071943,-14.411391,1.8044002,-1.212859,-1.880894
0.9666666666666667,21.057474,-14.4252825,1.813633,-0.9286732,-1.6149389
0.9833333333333333,21.042997,-14.439162,1.8201813,-0.643554,-1.3492236
1.0,21.028522,-14.453046,1.8240528,-0.35817745,-1.0832642
1.0166666666666666,21.014067,-14.466941,1.8252326,-0.074449085,-0.81644017
1.0333333333333332,20.99963,-14.480855,1.8237196,0.2069552,-0.54915565
1.05,20.985237,-14.494787,1.8195229,0.48563227,-0.2799706
1.0666666666666667,20.970875,-14.508739,1.8126363,0.7622716,-0.009698869
1.0833333333333333,20.956547,-14.522715,1.8030542,1.0356497,0.26105073
1.1,20.942253,-14.536696,1.7907768,1.3061819,0.53119147
1.1166666666666667,20.92798,-14.550677,1.7758137,1.5757867,0.80079746
1.1333333333333333,20.913723,-14.564651,1.7581567,1.8444698,1.06885
1.15,20.89961,-14.578538,1.7414707,2.0423858,1.271954
1.1666666666666667,20.885569,-14.592401,1.7233068,2.2174964,1.4534836
1.1833333333333333,20.87152,-14.606257,1.702429,2.3923542,1.6335928
1.2,20.85747,-14.620113,1.6788365,2.5661404,1.8129663
1.2166666666666666,20.843428,-14.633963,1.6525372,2.7400868,1.9915378
1.2333333333333334,20.829382,-14.6478,1.623533,2.9148793,2.1687615
1.25,20.815332,-14.661635,1.5918235,3.0902464,2.3451173
1.2666666666666666,20.80129,-14.675466,1.5574086,3.2659159,2.5210166
1.2833333333333332,20.787256,-14.689302,1.5202887,3.4418898,2.6965294
1.3,20.77323,-14.703142,1.4804577,3.6165276,2.873162
1.3166666666666667,20.75945,-14.716789,1.4417787,3.7816155,3.032312
1.3333333333333333,20.746023,-14.730167,1.405542,3.9366026,3.1727417
1.35,20.732964,-14.743262,1.3717426,4.08121,3.3049119
1.3666666666666667,20.720278,-14.756066,1.3403847,4.2199535,3.4372368
1.3833333333333333,20.707972,-14.768567,1.3114609,4.3533792,3.574781
1.4,20.696062,-14.78075,1.2849742,4.4843616,3.7196698
1.4166666666666667,20.684563,-14.792601,1.2609187,4.6118045,3.8716335
1.4333333333333333,20.673489,-14.804104,1.239298,4.736529,4.02739
1.45,20.66284,-14.8152485,1.2201058,4.855243,4.180574
1.4666666666666666,20.652636,-14.826015,1.2033427,4.9678082,4.327213
1.4833333333333334,20.642889,-14.836386,1.1890041,5.0717525,4.460862
1.5,20.633608,-14.846354,1.1770782,5.1602144,4.5796676
1.5166666666666666,20.624802,-14.8559065,1.167559,5.230307,4.6847177
1.5333333333333332,20.616467,-14.865035,1.1604478,5.2831216,4.772168
1.55,20.60861,-14.873727,1.1557368,5.31687,4.841945
1.5666666666666667,20.60124,-14.881977,1.1534272,5.331962,4.891369
1.5833333333333333,20.594355,-14.889782,1.1535128,5.3268857,4.9208465
1.6,20.587948,-14.89714,1.1559966,5.3020535,4.9279075
1.6166666666666667,20.582026,-14.904047,1.1608738,5.255685,4.9128256
1.6333333333333333,20.576586,-14.910508,1.1681521,5.1903906,4.8785496
1.65,20.571615,-14.916523,1.1778308,5.1046677,4.8269334
1.6666666666666667,20.566761,-14.922431,1.1860652,5.01347,4.772237
1.6833333333333333,20.561907,-14.928342,1.1915796,4.9224234,4.717133
1.7,20.557056,-14.93425,1.1943744,4.8322115,4.661897
1.7166666666666666,20.552204,-14.940159,1.1944451,4.741463,4.6063223
1.7333333333333334,20.547668,-14.945755,1.1956459,4.6437373,4.5471206
1.75,20.54356,-14.95094,1.1992702,4.54164,4.48258
1.7666666666666666,20.539557,-14.956026,1.2014623,4.4392824,4.415785
1.7833333333333332,20.535557,-14.961114,1.200931,4.336665,4.349543
1.8,20.531845,-14.965901,1.2015401,4.231323,4.2774167
1.8166666666666667,20.528229,-14.970594,1.2007132,4.1246247,4.20427
1.8333333333333333,20.52489,-14.974997,1.2010293,4.0146546,4.1257205
1.8499999999999999,20.52165,-14.979302,1.1999104,3.9023714,4.044987
1.8666666666666667,20.518663,-14.983335,1.1999321,3.7864072,3.9641936
1.8833333333333333,20.51602,-14.987007,1.2023885,3.6700478,3.8829975
1.9,20.513462,-14.990593,1.2034112,3.553019,3.8013983
1.9166666666666667,20.511145,-14.993927,1.2055836,3.439837,3.7188485
1.9333333333333333,20.508904,-14.997175,1.2063273,3.3287208,3.634869
1.95,20.50689,-15.000176,1.2082179,3.2199433,3.5506923
1.9666666666666666,20.50494,-15.003098,1.2086791,3.1126823,3.465702
1.9833333333333334,20.503212,-15.005788,1.2102883,3.005979,3.3814719
2.0,20.50154,-15.008395,1.2104694,2.9005175,3.2967021
2.0166666666666666,20.499872,-15.010999,1.2079275,2.7946553,3.212418
2.033333333333333,20.49839,-15.013386,1.2065337,2.687025,3.1291673
2.05,20.49716,-15.0154915,1.2075852,2.5813186,3.0477698
2.0666666666666664,20.495983,-15.017531,1.2072055,2.475621,2.9666522
2.0833333333333335,20.494976,-15.01937,1.2079803,2.3748538,2.8864295
2.1,20.494013,-15.021141,1.2073286,2.2773747,2.8068275
2.1166666666666667,20.493204,-15.022719,1.2078294,2.1809964,2.7252486
2.1333333333333333,20.492453,-15.024234,1.2068985,2.083667,2.6425807
2.15,20.49184,-15.025577,1.2071236,1.9898975,2.558141
2.1666666666666665,20.491268,-15.026856,1.2059232,1.8981837,2.4722028
2.183333333333333,20.490831,-15.02797,1.2058778,1.8072945,2.3858597
2.2,20.49043,-15.029024,1.2043993,1.7157267,2.299249
2.216666666666667,20.490139,-15.029925,1.2040801,1.6271697,2.2120967
2.2333333333333334,20.489891,-15.03077,1.2023356,1.5405298,2.1239922
2.25,20.48975,-15.031474,1.2017474,1.4530736,2.0360982
2.2666666666666666,20.489645,-15.032128,1.199727,1.3645276,1.949644
2.283333333333333,20.489634,-15.032659,1.1988655,1.2787176,1.8690029
2.3,20.489729,-15.033021,1.2004538,1.1955065,1.7945842
2.3166666666666664,20.489859,-15.033343,1.200614,1.1133909,1.7221501
2.3333333333333335,20.49006,-15.03355,1.20193,1.0344201,1.6552534
2.35,20.490286,-15.033719,1.2018195,0.956954,1.5891789
2.3666666666666667,20.49058,-15.033786,1.2028658,0.8822221,1.523585
2.3833333333333333,20.490887,-15.03382,1.2024845,0.80899453,1.4588128
2.4,20.491253,-15.033753,1.2032595,0.7398666,1.3948624
2.4166666666666665,20.491632,-15.033658,1.2026079,0.6727891,1.3318702
2.433333333333333,20.49206,-15.033472,1.2031125,0.6102206,1.2698362
2.45,20.492496,-15.033256,1.202189,0.5501119,1.2088282
2.466666666666667,20.49297,-15.032959,1.202422,0.49492165,1.149188
2.4833333333333334,20.493458,-15.032636,1.2012268,0.4420542,1.0905739
2.5,20.49397,-15.032237,1.2011939,0.3956077,1.033532
2.5166666666666666,20.494493,-15.031815,1.1997288,0.3502543,0.9777891
2.533333333333333,20.495037,-15.03133,1.1994185,0.3046279,0.9264189
2.55,20.495588,-15.030821,1.1976805,0.25968468,0.8753228
2.5666666666666664,20.496157,-15.030258,1.1970999,0.213239,0.82333934
2.5833333333333335,20.496746,-15.029618,1.1989745,0.16720328,0.7717664
2.6,20.49734,-15.028958,1.1994176,0.120621234,0.7201258
2.6166666666666667,20.497932,-15.028304,1.1971323,0.07308304,0.6691005
2.6333333333333333,20.498531,-15.027605,1.1960083,0.028686795,0.6174611
2.65,20.499134,-15.026851,1.1973411,-0.009152453,0.5664368
2.6666666666666665,20.49973,-15.026077,1.1972423,-0.04603548,0.5151398
2.683333333333333,20.500328,-15.025273,1.1983038,-0.079366826,0.465141
2.7,20.500923,-15.024457,1.1979334,-0.11215177,0.41521084
2.716666666666667,20.501507,-15.023612,1.1987242,-0.1426145,0.36698857
2.7333333333333334,20.50209,-15.022759,1.1980826,-0.17307726,0.31897148
2.75,20.502663,-15.021888,1.1985962,-0.20381327,0.2733452
2.7666666666666666,20.503231,-15.021013,1.1976817,-0.2335931,0.22806063
2.783333333333333,20.50378,-15.020121,1.1979296,-0.25831863,0.18496184
2.8,20.504326,-15.019222,1.1967456,-0.28236118,0.14220469
2.8166666666666664,20.50485,-15.018313,1.1967218,-0.30367163,0.10224798
2.8333333333333335,20.505344,-15.017397,1.1991489,-0.32484552,0.064955115
2.85,20.505836,-15.016482,1.2001413,-0.34711236,0.029028304
2.8666666666666667,20.506306,-15.015565,1.2022945,-0.36664706,-0.004986038
2.8833333333333333,20.506773,-15.014649,1.2030215,-0.38426933,-0.037907552
2.9,20.507233,-15.013728,1.2010217,-0.40230146,-0.07123889
2.9166666666666665,20.50767,-15.012818,1.2001759,-0.42101666,-0.10040384
2.933333333333333,20.508064,-15.011918,1.2017846,-0.4364533,-0.12581219
2.95,20.508448,-15.011019,1.2019601,-0.4517534,-0.15005943
2.966666666666667,20.508799,-15.010133,1.2032958,-0.46186242,-0.1713014
2.9833333333333334,20.50914,-15.009249,1.2032044,-0.46937585,-0.19124566
3.0,20.509449,-15.008381,1.2042683,-0.47511342,-0.2069552
3.0166666666666666,20.509745,-15.007518,1.2038983,-0.4813974,-0.22225492
3.033333333333333,20.51001,-15.006668,1.2046883,-0.48412958,-0.23885241
3.05,20.510265,-15.005822,1.2040516,-0.4845394,-0.25510842
3.0666666666666664,20.51049,-15.004992,1.2045712,-0.48522246,-0.27197915
3.0833333333333335,20.510706,-15.004167,1.2036558,-0.48713496,-0.28850842
3.1,20.510887,-15.003368,1.2039009,-0.4876814,-0.3052426
3.1166666666666667,20.51106,-15.002573,1.202713,-0.48877427,-0.3216353
3.1333333333333333,20.511194,-15.001801,1.2026852,-0.48713496,-0.33782312
3.15,20.511316,-15.001036,1.2012242,-0.48535907,-0.35339624
3.1666666666666665,20.511408,-15.000296,1.2009242,-0.4803045,-0.36849123
3.183333333333333,20.51145,-14.999587,1.2030803,-0.471425,-0.38112736
3.2,20.511486,-14.998888,1.2038044,-0.46254542,-0.3936952
3.216666666666667,20.511526,-14.998189,1.2017981,-0.4548954,-0.40578493
3.2333333333333334,20.511534,-14.99752,1.2009525,-0.4483382,-0.41698673
3.25,20.511505,-14.996888,1.2025564,-0.44533283,-0.4254564
3.2666666666666666,20.511463,-14.996265,1.202726,-0.44396675,-0.43351623
3.283333333333333,20.511389,-14.995678,1.2040548,-0.4401417,-0.43836582
3.3,20.511309,-14.995095,1.2039576,-0.434131,-0.44253236
3.3166666666666664,20.511194,-14.994547,1.2050152,-0.42607114,-0.44294217
3.3333333333333335,20.51107,-14.994012,1.2046437,-0.4165086,-0.4413712
3.35,20.510918,-14.993501,1.2054284,-0.4047604,-0.44027832
3.3666666666666667,20.510757,-14.993001,1.2047849,-0.3915095,-0.44000512
3.3833333333333333,20.510572,-14.992531,1.2052974,-0.37675595,-0.4394587
3.4,20.510376,-14.992073,1.2043818,-0.36063635,-0.43925378
3.4166666666666665,20.510147,-14.991641,1.2046218,-0.34424362,-0.43857074
3.433333333333333,20.509916,-14.991221,1.2034338,-0.3268946,-0.4381609
3.4499999999999997,20.50967,-14.99083,1.2034011,-0.31050193,-0.43693146
3.466666666666667,20.509409,-14.990452,1.2019402,-0.29342622,-0.43583858
3.4833333333333334,20.50913,-14.990101,1.201635,-0.2786728,-0.43358454
3.5,20.508846,-14.989761,1.1998956,-0.26555872,-0.43146715
3.5166666666666666,20.508549,-14.989452,1.1993155,-0.25094196,-0.4272323
3.533333333333333,20.508228,-14.989181,1.2011926,-0.2329101,-0.42094836
3.55,20.507898,-14.988917,1.2016369,-0.21501486,-0.41377646
3.5666666666666664,20.507553,-14.988684,1.2032404,-0.19698304,-0.404009
3.5833333333333335,20.507206,-14.988461,1.2034118,-0.17949767,-0.39437824
3.6,20.50686,-14.9882345,1.2008544,-0.16310515,-0.3858403
3.6166666666666667,20.506502,-14.988037,1.1994572,-0.1457564,-0.377439
3.6333333333333333,20.506128,-14.987872,1.2005175,-0.1260854,-0.37047204
3.65,20.50575,-14.987715,1.2001445,-0.106960826,-0.36336848
3.6666666666666665,20.505371,-14.987585,1.2009264,-0.09029514,-0.35722122
3.683333333333333,20.504986,-14.987462,1.200279,-0.07362946,-0.3508007
3.6999999999999997,20.504599,-14.987361,1.2007947,-0.055461146,-0.344107
3.716666666666667,20.504204,-14.987267,1.1998767,-0.037975855,-0.3368669
3.7333333333333334,20.50381,-14.987197,1.2001134,-0.023905663,-0.32914862
3.75,20.503422,-14.987135,1.198921,-0.010245284,-0.32061076
3.7666666666666666,20.503027,-14.987093,1.1988839,0.0023222642,-0.3096823
3.783333333333333,20.502634,-14.987087,1.201302,0.016802266,-0.29861724
3.8,20.502243,-14.98708,1.2022951,0.032921515,-0.28857672
3.8166666666666664,20.501848,-14.987071,1.2005613,0.04849435,-0.2781947
3.8333333333333335,20.501461,-14.987083,1.1999805,0.0609253,-0.26890555
3.85,20.501074,-14.987123,1.2018546,0.071990214,-0.25886506
3.8666666666666667,20.500694,-14.987168,1.202296,0.08237211,-0.24896117
3.8833333333333333,20.50032,-14.987228,1.2038978,0.09289061,-0.23693994
3.9,20.49994,-14.987294,1.2040656,0.10299931,-0.22341605
3.9166666666666665,20.499563,-14.987365,1.2015108,0.11379103,-0.210302
3.933333333333333,20.499195,-14.987443,1.2001202,0.12649521,-0.19910042
3.9499999999999997,20.498837,-14.987537,1.2011796,0.13633071,-0.18892339
3.966666666666667,20.498482,-14.98764,1.2008044,0.14439034,-0.17956597
3.9833333333333334,20.498142,-14.987754,1.2015886,0.14985453,-0.16932063
4.0,20.497805,-14.987873,1.2009392,0.15381604,-0.15832399
4.016666666666667,20.497475,-14.988004,1.2014503,0.15654814,-0.14971793
4.033333333333333,20.497149,-14.988133,1.2005302,0.15846059,-0.142956
4.05,20.496832,-14.988277,1.2007626,0.15764096,-0.13715033
4.066666666666666,20.496521,-14.98842,1.1995677,0.15723115,-0.13202769
4.083333333333333,20.496223,-14.988575,1.1995344,0.16078287,-0.12533407
4.1,20.495937,-14.988739,1.201952,0.16747648,-0.117820844
4.116666666666666,20.495651,-14.988903,1.2029408,0.17512631,-0.109488
4.133333333333333,20.495369,-14.989071,1.2012075,0.1837324,-0.099994026
4.15,20.495102,-14.989239,1.2006313,0.19001621,-0.09200269
4.166666666666667,20.494854,-14.989421,1.2025033,0.19069923,-0.08701664
4.183333333333334,20.494612,-14.989605,1.2029405,0.18892339,-0.08237211
4.2,20.49437,-14.989791,1.2006549,0.18783054,-0.07806909
4.216666666666667,20.494139,-14.989982,1.1995313,0.18783054,-0.070897385
4.233333333333333,20.493921,-14.990181,1.2008569,0.18632789,-0.06051549
4.25,20.49371,-14.990377,1.2007487,0.1837324,-0.050475106
4.266666666666667,20.493507,-14.9905815,1.2018002,0.18441543,-0.039751705
4.283333333333333,20.493305,-14.990786,1.2014257,0.18755732,-0.02923321
4.3,20.493118,-14.990989,1.2022074,0.1931581,-0.021856606
4.316666666666666,20.49294,-14.991193,1.201561,0.19985174,-0.014684907
4.333333333333333,20.492767,-14.991396,1.202071,0.2069552,-0.0089475475
4.35,20.492607,-14.991599,1.2011514,0.21433184,-0.0029369814
4.366666666666666,20.49246,-14.9918,1.2013874,0.2193862,0.0036200003
4.383333333333333,20.492313,-14.992005,1.2001951,0.2245772,0.009835472
4.4,20.49218,-14.9922085,1.2001598,0.22621645,0.01263585
4.416666666666667,20.49206,-14.992409,1.1986892,0.22526023,0.015026417
4.433333333333334,20.491951,-14.992607,1.1983794,0.22348435,0.017007172
4.45,20.491867,-14.992812,1.2005197,0.219113,0.021241888
4.466666666666667,20.491783,-14.993011,1.2012297,0.21474166,0.026979249
4.483333333333333,20.491716,-14.993209,1.2031031,0.21269259,0.033331327
4.5,20.491657,-14.993404,1.2035433,0.21023369,0.040093213
4.516666666666667,20.491589,-14.993602,1.2012547,0.2070918,0.04624039
4.533333333333333,20.491537,-14.993797,1.2001276,0.20572574,0.050406802
4.55,20.491505,-14.993986,1.2014567,0.20627216,0.055051334
4.566666666666666,20.491474,-14.994177,1.2013522,0.20627216,0.06044719
4.583333333333333,20.491467,-14.994361,1.2024021,0.20354007,0.06338417
4.6,20.491459,-14.994544,1.2020245,0.20108119,0.06481851
4.616666666666666,20.491468,-14.99472,1.2028025,0.19725625,0.06673096
4.633333333333333,20.491478,-14.994901,1.2021507,0.19384114,0.06980456
4.65,20.491488,-14.99507,1.2026616,0.1924751,0.071921915
4.666666666666667,20.491512,-14.995239,1.2017411,0.19110906,0.07280984
4.683333333333334,20.491554,-14.995402,1.2019743,0.18564487,0.07403927
4.7,20.491598,-14.995566,1.200777,0.17949767,0.07636154
4.716666666666667,20.491655,-14.995726,1.200737,0.17157461,0.07772758
4.733333333333333,20.491713,-14.995885,1.1992695,0.16392477,0.07806909
4.75,20.491783,-14.996039,1.1989574,0.15477228,0.080323055
4.766666666666667,20.491863,-14.996186,1.2010988,0.14520998,0.08653853
4.783333333333333,20.49195,-14.996328,1.2018085,0.13551107,0.09275401
4.8,20.492037,-14.996473,1.1997947,0.1259488,0.099584214
4.816666666666666,20.492132,-14.996612,1.1989374,0.11747933,0.105594784
4.833333333333333,20.49224,-14.99674,1.2005342,0.11160537,0.11167367
4.85,20.49235,-14.996864,1.2006991,0.1062778,0.11706953
4.866666666666666,20.492462,-14.996984,1.2020243,0.10395554,0.12068954
4.883333333333333,20.492586,-14.997097,1.2019234,0.10313591,0.124651045
4.9,20.492708,-14.9972,1.2029771,0.099311,0.12915899
4.916666666666667,20.49284,-14.997304,1.2025964,0.09343703,0.1330522
4.933333333333334,20.492964,-14.997406,1.1994867,0.086333625,0.13694543
4.95,20.4931,-14.997499,1.1975374,0.08073287,0.13913108
4.966666666666667,20.493238,-14.99758,1.1980454,0.078957014,0.1392677
4.983333333333333,20.493385,-14.997648,1.2010036,0.07759098,0.14036053
5.0,20.493534,-14.997714,1.2025322,0.07677135,0.1428194
5.016666666666667,20.493681,-14.997773,1.2013341,0.07567852,0.14452696
5.033333333333333,20.493834,-14.997828,1.2012961,0.0748589,0.14719073
5.05,20.493986,-14.997881,1.1998259,0.07403927,0.14923981
5.066666666666666,20.494146,-14.997922,1.1995149,0.072946444,0.15087906
5.083333333333333,20.494312,-14.997951,1.2016553,0.07007776,0.1493764
5.1,20.494486,-14.997976,1.2023683,0.06734568,0.14637111
5.116666666666666,20.494656,-14.997999,1.2003531,0.064067185,0.14350243
5.133333333333333,20.494835,-14.998014,1.1994914,0.056280766,0.14172657
5.15,20.495018,-14.998018,1.2010849,0.04808454,0.14049713
5.166666666666667,20.495195,-14.99802,1.2012511,0.04070793,0.14022392
5.183333333333334,20.495378,-14.998007,1.2025739,0.032101892,0.13892618
5.2,20.495562,-14.997997,1.2024621,0.021993209,0.13756014
5.216666666666667,20.49575,-14.997975,1.2035106,0.014343398,0.13564768
5.233333333333333,20.495935,-14.997948,1.2031322,0.008332831,0.13434994
5.25,20.496119,-14.997913,1.2039104,0.003141887,0.13120806
5.266666666666667,20.496302,-14.997874,1.203259,-0.0016392454,0.12820277
5.283333333333333,20.496483,-14.997827,1.2037647,-0.0075132083,0.122123875
5.3,20.496668,-14.997774,1.202837,-0.0147532085,0.11392764
5.316666666666666,20.496851,-14.997718,1.2030687,-0.021856606,0.10716573
5.333333333333333,20.497036,-14.997658,1.2018722,-0.028003776,0.10204308
5.35,20.497215,-14.997588,1.2018334,-0.036063403,0.09692043
5.366666666666666,20.497398,-14.997519,1.2003591,-0.046172082,0.09200269
5.383333333333333,20.497581,-14.997445,1.2000457,-0.055734355,0.08763136
5.4,20.497755,-14.99736,1.2021818,-0.06529662,0.084899284
5.416666666666667,20.497923,-14.997277,1.2028908,-0.07390267,0.08237211
5.433333333333334,20.498093,-14.997191,1.2008775,-0.081825696,0.08052796
5.45,20.498253,-14.997098,1.2000213,-0.08961212,0.0782057
5.466666666666667,20.498411,-14.997003,1.2016131,-0.099174395,0.07615663
5.483333333333333,20.498564,-14.996902,1.2017772,-0.107917055,0.07390267
5.5,20.498716,-14.9967985,1.2030971,-0.1161133,0.07253663
5.516666666666667,20.49886,-14.996693,1.2029885,-0.1228069,0.07117059
5.533333333333333,20.498995,-14.996581,1.2040408,-0.12635861,0.0713072
5.55,20.499125,-14.996467,1.203662,-0.12922728,0.070965685
5.566666666666666,20.49925,-14.996355,1.2005535,-0.13332541,0.070829086
5.583333333333333,20.499376,-14.996238,1.1986059,-0.1359209,0.069872856
5.6,20.499485,-14.996113,1.199108,-0.13810655,0.06871172
5.616666666666666,20.49959,-14.99599,1.1981819,-0.1394726,0.06734568
5.633333333333333,20.49969,-14.995858,1.1984117,-0.1397458,0.06625285
5.65,20.499771,-14.995725,1.2010965,-0.1357843,0.06516002
5.666666666666667,20.49985,-14.995587,1.2023536,-0.1300469,0.06481851
5.683333333333334,20.499926,-14.995447,1.2008843,-0.12471935,0.063930586
5.7,20.5,-14.995306,1.2005689,-0.12267029,0.06194983
5.716666666666667,20.500076,-14.995165,1.1988255,-0.120621234,0.059354357
5.733333333333333,20.50014,-14.995018,1.1982375,-0.12130425,0.05600756
5.75,20.500187,-14.994865,1.2001048,-0.12239709,0.051158123
5.766666666666667,20.500242,-14.994713,1.2005391,-0.124582745,0.04624039
5.783333333333333,20.50028,-14.994557,1.202128,-0.12786125,0.040093213
5.8,20.500317,-14.994404,1.2022877,-0.13072994,0.034424156
5.816666666666666,20.500353,-14.994247,1.2036097,-0.12840767,0.03025774
5.833333333333333,20.500381,-14.994084,1.2035038,-0.12417293,0.027252456
5.85,20.500404,-14.993922,1.2006719,-0.12007482,0.02383736
5.866666666666666,20.500418,-14.993759,1.1989943,-0.11952839,0.020490568
5.883333333333333,20.500425,-14.993597,1.1997658,-0.121987276,0.01659736
5.9,20.500427,-14.993438,1.1991076,-0.12444614,0.013318869
5.916666666666667,20.500425,-14.993274,1.199612,-0.123080105,0.012021133
5.933333333333334,20.500418,-14.993108,1.1986833,-0.12185067,0.011679623
5.95,20.5004,-14.992945,1.1989133,-0.11843556,0.014138492
5.966666666666667,20.500374,-14.992781,1.2015947,-0.113244615,0.01550453
5.983333333333333,20.500341,-14.992614,1.2028484,-0.10682422,0.015641134
6.0,20.500315,-14.992448,1.2013745,-0.101086855,0.016050944
6.016666666666667,20.500278,-14.99228,1.2010612,-0.09398344,0.014411699
6.033333333333333,20.50024,-14.992109,1.1993154,-0.087426454,0.012362642
6.05,20.500195,-14.991942,1.1987243,-0.08223551,0.007991321
6.066666666666666,20.500141,-14.991774,1.2005868,-0.074995495,0.003824906
6.083333333333333,20.500086,-14.991606,1.2010229,-0.06611624,-0.00027320758
6.1,20.500027,-14.991434,1.2026153,-0.05710039,-0.0037566042
6.116666666666666,20.499966,-14.991264,1.2027788,-0.047674727,-0.0072400006
6.133333333333333,20.499903,-14.991095,1.2040983,-0.04029812,-0.010176982
6.15,20.499836,-14.990926,1.2039826,-0.034697365,-0.012499247
6.166666666666667,20.499767,-14.990758,1.2011442,-0.028413588,-0.015094718
6.183333333333334,20.499699,-14.990587,1.1994685,-0.018441511,-0.02021736
6.2,20.49963,-14.990419,1.2002434,-0.008196227,-0.027525665
6.216666666666667,20.499561,-14.990253,1.1995897,0.002595472,-0.03551699
6.233333333333333,20.499487,-14.990087,1.2000917,0.010655095,-0.045147553
6.25,20.499416,-14.98992,1.1991596,0.016938869,-0.05593926
6.266666666666667,20.499348,-14.989761,1.1993878,0.022539625,-0.06638946
6.283333333333333,20.49928,-14.989604,1.2020719,0.028276984,-0.07731777
6.3,20.499214,-14.9894495,1.2033236,0.033058118,-0.08804117
6.316666666666666,20.49915,-14.989296,1.2018478,0.036883026,-0.0993793
6.333333333333333,20.499084,-14.989151,1.2015305,0.03893208,-0.10860007
6.35,20.499022,-14.989007,1.1997817,0.040024914,-0.117752545
6.366666666666666,20.498959,-14.988871,1.1991922,0.04070793,-0.123080105
6.383333333333333,20.498901,-14.988749,1.2010579,0.04139095,-0.12321671
6.4,20.49884,-14.988629,1.2014915,0.041664157,-0.123080105
6.416666666666667,20.498783,-14.988508,1.1991974,0.041117743,-0.12396803
6.433333333333334,20.498734,-14.988396,1.1980625,0.039478496,-0.12342161
6.45,20.498684,-14.9882965,1.1993775,0.03565359,-0.12130425
6.466666666666667,20.498632,-14.9882,1.1992643,0.0323751,-0.11946009
6.483333333333333,20.49859,-14.988108,1.2003084,0.030052833,-0.11980161
6.5,20.498543,-14.988021,1.1999235,0.02855019,-0.12000652
6.516666666666667,20.498495,-14.987941,1.2007004,0.029779626,-0.12000652
6.533333333333333,20.49845,-14.987862,1.2000448,0.030599248,-0.11980161
6.55,20.49841,-14.987792,1.200544,0.028003776,-0.12007482
6.566666666666666,20.498367,-14.987725,1.1996138,0.024998493,-0.11973331
6.583333333333333,20.498327,-14.987669,1.1998388,0.019261133,-0.11754764
6.6,20.498291,-14.987615,1.1986357,0.013523775,-0.11536197
6.616666666666666,20.498253,-14.987567,1.1985893,0.0072400006,-0.11495216
6.633333333333333,20.498217,-14.98753,1.2009977,0.0010928303,-0.11358613
6.6499999999999995,20.49818,-14.9874935,1.201973,-0.0053275474,-0.11262989
6.666666666666667,20.498144,-14.987459,1.200226,-0.011338114,-0.11105894
6.683333333333334,20.498102,-14.987432,1.1996335,-0.018851323,-0.107029125
6.7,20.498068,-14.987418,1.2014965,-0.024861889,-0.10238459
6.716666666666667,20.498022,-14.987401,1.201928,-0.030599248,-0.09903779
6.733333333333333,20.497984,-14.987387,1.1996353,-0.036063403,-0.09487137
6.75,20.497946,-14.987379,1.1984987,-0.042347178,-0.08954381
6.766666666666667,20.497896,-14.987378,1.1998167,-0.046172082,-0.0851725
6.783333333333333,20.49785,-14.987379,1.1997033,-0.049860388,-0.08230381
6.8,20.497797,-14.987388,1.2007486,-0.052592464,-0.078957014
6.816666666666666,20.49774,-14.987395,1.2003629,-0.055324543,-0.07636154
6.833333333333333,20.497683,-14.987409,1.2011307,-0.05914945,-0.072468325
6.85,20.497623,-14.987426,1.2004694,-0.06283776,-0.06700417
6.866666666666666,20.49756,-14.987447,1.2009696,-0.06051549,-0.06044719
6.883333333333333,20.49749,-14.987466,1.2000381,-0.05682718,-0.054709822
6.8999999999999995,20.497429,-14.98749,1.200266,-0.049860388,-0.0467185
6.916666666666667,20.497358,-14.9875145,1.1990604,-0.042347178,-0.037497744
6.933333333333334,20.497278,-14.987542,1.1990155,-0.031145662,-0.028960003
6.95,20.4972,-14.987572,1.2014213,-0.017485285,-0.022949437
6.966666666666667,20.497124,-14.987598,1.202399,-0.0030052832,-0.01659736
6.983333333333333,20.497042,-14.987625,1.2006485,0.010655095,-0.009698869
7.0,20.49696,-14.987655,1.2000586,0.025408303,-0.00505434
7.016666666666667,20.49689,-14.987683,1.2019199,0.03879548,-0.005190944
7.033333333333333,20.496817,-14.987711,1.2023528,0.05204605,-0.005669057
7.05,20.49674,-14.98774,1.2000586,0.06516002,-0.0068301894
7.066666666666666,20.49667,-14.98777,1.1989177,0.07280984,-0.008537737
7.083333333333333,20.496614,-14.987802,1.2002306,0.07718116,-0.0089475475
7.1,20.496552,-14.987834,1.2001176,0.08237211,-0.009152453
7.116666666666666,20.496502,-14.987867,1.201161,0.08469438,-0.012021133
7.133333333333333,20.496456,-14.987896,1.2007699,0.084830984,-0.015572831
7.1499999999999995,20.496412,-14.98793,1.2015386,0.08401136,-0.018578114
7.166666666666667,20.496374,-14.987966,1.2008744,0.081962295,-0.020763775
7.183333333333334,20.496336,-14.988003,1.2013698,0.08018645,-0.018646417
7.2,20.496302,-14.988043,1.2004383,0.07991324,-0.015367926
7.216666666666667,20.496271,-14.988079,1.2006627,0.078274,-0.011338114
7.233333333333333,20.496244,-14.988118,1.1994537,0.07554191,-0.0077864155
7.25,20.496225,-14.988154,1.1994054,0.07458568,-0.00505434
7.266666666666667,20.496214,-14.988195,1.2018124,0.07554191,-0.00034150947
7.283333333333333,20.496199,-14.9882345,1.2027868,0.07567852,0.0053275474
7.3,20.496191,-14.9882765,1.2010331,0.074995495,0.010313585
7.316666666666666,20.496183,-14.988319,1.2004389,0.07458568,0.014821511
7.333333333333333,20.496183,-14.9883585,1.2022954,0.0751321,0.015777737
7.35,20.496185,-14.9884,1.2027235,0.07677135,0.015367926
7.366666666666666,20.496187,-14.988437,1.2004304,0.07909362,0.015709436
7.383333333333333,20.496193,-14.988471,1.1992942,0.07977664,0.014548304
7.3999999999999995,20.496208,-14.98851,1.2006061,0.07581512,0.013113963
7.416666666666667,20.49623,-14.988548,1.2004884,0.070897385,0.012840756
7.433333333333334,20.496248,-14.988584,1.2015277,0.064477,0.011474718
7.45,20.496271,-14.988617,1.201138,0.058603037,0.009220756
7.466666666666667,20.496305,-14.988652,1.2019054,0.050816614,0.00867434
7.483333333333333,20.496336,-14.988685,1.2012429,0.043030195,0.009698869
7.5,20.496365,-14.988721,1.2017373,0.035107177,0.010928303
7.516666666666667,20.4964,-14.988756,1.2008024,0.027593967,0.012840756
7.533333333333333,20.496435,-14.988792,1.2010249,0.02131019,0.0135920765
7.55,20.496471,-14.988827,1.1998188,0.016392455,0.013455473
7.566666666666666,20.496506,-14.988858,1.1997682,0.012021133,0.014480001
7.583333333333333,20.496542,-14.988895,1.1982889,0.008059624,0.017075473
7.6,20.496578,-14.988927,1.1979659,0.005737359,0.019329436
7.616666666666666,20.496618,-14.988957,1.2000967,0.0068301894,0.02233472
7.633333333333333,20.496655,-14.988987,1.2007959,0.008606038,0.024588682
7.6499999999999995,20.496693,-14.989017,1.2026552,0.013796982,0.025340002
7.666666666666667,20.496727,-14.989044,1.2030818,0.019397737,0.025954721
7.683333333333334,20.496761,-14.989075,1.2007842,0.025135096,0.027662268
7.7,20.496801,-14.9890995,1.1996437,0.031692076,0.027935475
7.716666666666667,20.496845,-14.989122,1.2009584,0.04098114,0.026706042
7.733333333333333,20.496891,-14.989143,1.2008402,0.04999699,0.025476608
7.75,20.49694,-14.989167,1.2018818,0.058876246,0.026501136
7.766666666666667,20.496986,-14.989187,1.2014899,0.06720907,0.027184155
7.783333333333333,20.497042,-14.989209,1.2022593,0.07540531,0.027935475
7.8,20.497095,-14.989228,1.2015957,0.082918525,0.02773057
7.816666666666666,20.497164,-14.9892435,1.2020925,0.089748725,0.02493019
7.833333333333333,20.497229,-14.989261,1.2011572,0.095212884,0.021583399
7.85,20.4973,-14.989276,1.2013747,0.096169114,0.018578114
7.866666666666666,20.497374,-14.989294,1.2001643,0.09685213,0.015299624
7.883333333333333,20.497452,-14.9893055,1.2001166,0.09890119,0.011611322
7.8999999999999995,20.497538,-14.989318,1.1986358,0.099994026,0.008196227
7.916666666666667,20.497623,-14.98933,1.1983148,0.09876458,0.00758151
7.933333333333334,20.49773,-14.989343,1.2004439,0.09261741,0.0067618876
7.95,20.497833,-14.989355,1.2011384,0.08414797,0.0060788686
7.966666666666667,20.497932,-14.989368,1.1991102,0.07622493,0.005190944
7.983333333333333,20.498045,-14.98938,1.198238,0.067618884,0.0043713213
8.0,20.498152,-14.989394,1.1998206,0.062154736,0.0035516985
8.016666666666666,20.498264,-14.989405,1.199977,0.05914945,0.0023222642
8.033333333333333,20.498383,-14.989415,1.2012889,0.055324543,0.0027320758
8.05,20.498503,-14.989426,1.2011724,0.05136303,0.0047128308
8.066666666666666,20.498625,-14.989437,1.2022116,0.044942647,0.0059422646
8.083333333333334,20.498745,-14.989448,1.2018161,0.036336612,0.007171699
8.1,20.49887,-14.989459,1.2025815,0.028003776,0.0077181137
8.116666666666667,20.498999,-14.989468,1.2019132,0.018851323,0.008059624
8.133333333333333,20.499126,-14.989477,1.2024059,0.012567548,0.0077864155
8.15,20.49926,-14.989487,1.2014726,0.008332831,0.006898491
8.166666666666666,20.499392,-14.9894905,1.2016954,0.0021856606,0.0068301894
8.183333333333334,20.499521,-14.989496,1.2004827,-0.005873963,0.0077181137
8.2,20.499645,-14.989506,1.2004305,-0.013387171,0.009220756
8.216666666666667,20.499779,-14.989513,1.1989459,-0.021720001,0.011064907
8.233333333333333,20.4999,-14.989521,1.1986215,-0.027593967,0.013250567
8.25,20.500025,-14.989528,1.2007536,-0.030599248,0.016938869
8.266666666666666,20.500145,-14.989531,1.2014532,-0.03374114,0.020149058
8.283333333333333,20.50027,-14.989535,1.1994233,-0.038112458,0.02342755
8.3,20.500387,-14.989539,1.1985542,-0.04180076,0.024452077
8.316666666666666,20.50051,-14.98954,1.2001356,-0.04630869,0.021924907
8.333333333333334,20.500628,-14.989538,1.2002891,-0.05068001,0.019397737
8.35,20.50074,-14.989541,1.2015976,-0.05682718,0.018919624
8.366666666666667,20.500854,-14.98954,1.2014776,-0.06283776,0.018646417
8.383333333333333,20.500961,-14.989537,1.2025143,-0.069394745,0.01912453
8.4,20.501064,-14.989536,1.2021221,-0.07554191,0.019739248
8.416666666666666,20.501165,-14.98953,1.2028859,-0.081825696,0.020832077
8.433333333333334,20.50126,-14.989525,1.2022213,-0.08715325,0.021993209
8.45,20.501352,-14.989518,1.2027124,-0.0923442,0.02315434
8.466666666666667,20.501442,-14.989511,1.2017757,-0.096578926,0.024042265
8.483333333333333,20.501524,-14.989501,1.2019944,-0.10026723,0.024383776
8.5,20.501606,-14.989492,1.2007855,-0.10299931,0.024315475
8.516666666666666,20.501684,-14.989475,1.2007331,-0.10491177,0.022061512
8.533333333333333,20.501759,-14.989464,1.1992522,-0.10641441,0.02055887
8.55,20.50182,-14.9894495,1.1989261,-0.109419696,0.021446794
8.566666666666666,20.501875,-14.989433,1.201049,-0.11338122,0.023632456
8.583333333333334,20.50193,-14.98942,1.2017429,-0.11693292,0.026842646
8.6,20.501982,-14.9894085,1.1997153,-0.11952839,0.031145662
8.616666666666667,20.50202,-14.989391,1.1988437,-0.11788914,0.03415095
8.633333333333333,20.502054,-14.989371,1.200427,-0.10914649,0.034082647
8.65,20.502083,-14.989344,1.200584,-0.09739854,0.032853212
8.666666666666666,20.502104,-14.989316,1.2018976,-0.087836266,0.030462643
8.683333333333334,20.502125,-14.989293,1.2017752,-0.08073287,0.028208682
8.7,20.502142,-14.989266,1.2028067,-0.07800079,0.023359247
8.716666666666667,20.502151,-14.989238,1.2024089,-0.075951725,0.018578114
8.733333333333333,20.502169,-14.989213,1.203168,-0.074449085,0.01263585
8.75,20.50218,-14.989185,1.202498,-0.072946444,0.0072400006
8.766666666666666,20.502178,-14.989156,1.2029909,-0.067482285,0.0022539624
8.783333333333333,20.502176,-14.989127,1.2020507,-0.062154736,-0.00252717
8.8,20.50217,-14.989098,1.202271,-0.055734355,-0.00758151
8.816666666666666,20.502165,-14.989067,1.2010589,-0.04999699,-0.01263585
8.833333333333334,20.50216,-14.989038,1.2010003,-0.046172082,-0.019534342
8.85,20.50215,-14.989011,1.1995133,-0.042620383,-0.026432835
8.866666666666667,20.50214,-14.988984,1.1991892,-0.03701963,-0.03339963
8.883333333333333,20.50212,-14.988961,1.2013158,-0.033331327,-0.040912837
8.9,20.502104,-14.988937,1.202007,-0.03100906,-0.049382273
8.916666666666666,20.502092,-14.988917,1.1999758,-0.02855019,-0.0573736
8.933333333333334,20.502077,-14.988899,1.199107,-0.024725284,-0.06556983
8.95,20.502054,-14.988885,1.2006898,-0.023359247,-0.07526871
8.966666666666667,20.502039,-14.9888735,1.2008369,-0.024315475,-0.08503589
8.983333333333333,20.502014,-14.988871,1.2021435,-0.028003776,-0.09022684
9.0,20.501993,-14.988868,1.2020159,-0.03346793,-0.09357363
9.016666666666666,20.501968,-14.98887,1.2030491,-0.038385667,-0.0957593
9.033333333333333,20.501947,-14.988876,1.2026507,-0.043303404,-0.09849138
9.05,20.501919,-14.988893,1.2034123,-0.046445295,-0.099106096
9.066666666666666,20.501892,-14.988908,1.2027415,-0.04917737,-0.099652514
9.083333333333334,20.50186,-14.988932,1.2032304,-0.04917737,-0.09726194
9.1,20.501822,-14.988957,1.2022933,-0.046855103,-0.094256654
9.116666666666667,20.501787,-14.988986,1.2025113,-0.04603548,-0.09015854
9.133333333333333,20.501749,-14.989018,1.2012953,-0.04630869,-0.086333625
9.15,20.50171,-14.989058,1.2012388,-0.04740152,-0.08059626
9.166666666666666,20.501667,-14.989098,1.1997501,-0.04876756,-0.0750638
9.183333333333334,20.501627,-14.989144,1.1994216,-0.050406802,-0.06707247
9.2,20.501577,-14.989192,1.2015431,-0.053412087,-0.056895483
9.216666666666667,20.501524,-14.989247,1.2022363,-0.055734355,-0.0466502
9.233333333333333,20.50147,-14.989301,1.2002028,-0.058193225,-0.037361138
9.25,20.50142,-14.989356,1.1993301,-0.05901285,-0.028755097
9.266666666666666,20.501358,-14.989411,1.2009077,-0.058603037,-0.022676228
9.283333333333333,20.501299,-14.98947,1.2010562,-0.057783406,-0.016529057
9.3,20.50123,-14.989528,1.2023617,-0.05641737,-0.012362642
9.316666666666666,20.501163,-14.989588,1.202238,-0.05491473,-0.007923019
9.333333333333334,20.501095,-14.989645,1.2032707,-0.053685293,-0.005190944
9.35,20.501032,-14.989702,1.2028748,-0.05245586,-0.0021856606
9.366666666666667,20.500956,-14.98976,1.2036349,-0.05245586,-0.00040981136
9.383333333333333,20.500877,-14.9898205,1.2029598,-0.054095104,0.0010245284
9.4,20.500801,-14.98988,1.2034458,-0.053275485,0.0036883021
9.416666666666666,20.500721,-14.989939,1.2025051,-0.050816614,0.0077181137
9.433333333333334,20.500633,-14.989994,1.2027193,-0.047674727,0.01407019
9.45,20.500551,-14.990051,1.2015054,-0.043166798,0.02062717
9.466666666666667,20.500458,-14.9901085,1.2014483,-0.03742944,0.024452077
9.483333333333333,20.500366,-14.990164,1.1999625,-0.030872455,0.028276984
9.5,20.50027,-14.990217,1.1996335,-0.024861889,0.029916229
9.516666666666666,20.500177,-14.990268,1.201752,-0.02062717,0.03025774
9.533333333333333,20.500086,-14.990316,1.2024429,-0.015846038,0.03025774
9.55,20.499994,-14.990365,1.2004124,-0.010245284,0.03100906
9.566666666666666,20.499899,-14.990411,1.1995382,-0.0046445285,0.031965286
9.583333333333334,20.499805,-14.990456,1.2011122,-0.00013660379,0.03462906
9.6,20.499714,-14.990499,1.2012566,0.004507925,0.03893208
9.616666666666667,20.499619,-14.990539,1.2025642,0.013523775,0.04357661
9.633333333333333,20.499517,-14.99058,1.2024394,0.023495851,0.047264915
9.65,20.49942,-14.990617,1.2034751,0.034287553,0.051089823
9.666666666666666,20.499323,-14.990646,1.2030783,0.045079254,0.054095104
9.683333333333334,20.499235,-14.990679,1.2038351,0.052319255,0.056895483
9.7,20.49915,-14.990707,1.2031623,0.05914945,0.06051549
9.716666666666667,20.499062,-14.990733,1.2036526,0.0678921,0.062359642
9.733333333333333,20.498976,-14.990757,1.2027109,0.076498136,0.06242794
9.75,20.498903,-14.990777,1.2029226,0.08155248,0.060105678
9.766666666666666,20.498827,-14.990799,1.201706,0.08660683,0.056963786
9.783333333333333,20.498762,-14.990813,1.2016454,0.089748725,0.053412087
9.8,20.49869,-14.990826,1.2001568,0.09343703,0.049655482
9.816666666666666,20.498627,-14.990836,1.1998236,0.09603251,0.04733322
9.833333333333334,20.498577,-14.990844,1.2019445,0.09985742,0.048562653
9.85,20.498524,-14.990849,1.2026387,0.105458185,0.050406802
9.866666666666667,20.498474,-14.990852,1.2006077,0.11078574,0.05129473
9.883333333333333,20.498432,-14.990854,1.1997297,0.1128348,0.05143133
9.9,20.498402,-14.99085,1.2013053,0.113244615,0.051977746
9.916666666666666,20.498371,-14.990846,1.2014488,0.11310802,0.051499635
9.933333333333334,20.49835,-14.990839,1.2027534,0.11461066,0.048289444
9.95,20.498335,-14.990829,1.202625,0.115293674,0.044464536
9.966666666666667,20.49832,-14.990819,1.2036572,0.11734273,0.04029812
9.983333333333333,20.498306,-14.990804,1.2032566,0.11884537,0.036063403
10.0,20.498312,-14.990792,1.2040149,0.120621234,0.034014344
10.016666666666666,20.49831,-14.990777,1.2033471,0.12417293,0.0322385
10.033333333333333,20.498318,-14.990756,1.2038368,0.12471935,0.026910948
10.05,20.498327,-14.990738,1.2028905,0.1228069,0.020832077
10.066666666666666,20.498352,-14.990719,1.2030987,0.1163865,0.012909058
10.083333333333334,20.498373,-14.990696,1.2018775,0.10914649,0.0052592456
10.1,20.49841,-14.990679,1.2018181,0.10245289,0.001229434
10.116666666666667,20.498438,-14.990659,1.2003263,0.0957593,-0.0028686796
10.133333333333333,20.498482,-14.99064,1.1999959,0.08988533,-0.007103397
10.15,20.498533,-14.99062,1.2021153,0.08237211,-0.0094256615
10.166666666666666,20.498587,-14.990602,1.2028054,0.07472229,-0.010245284
10.183333333333334,20.498632,-14.990583,1.2007691,0.06679926,-0.011816228
10.2,20.498686,-14.990566,1.1998944,0.058876246,-0.014275095
10.216666666666667,20.498747,-14.990548,1.201469,0.04740152,-0.016119247
10.233333333333333,20.498808,-14.990532,1.2016084,0.03374114,-0.01728038
10.25,20.49887,-14.990519,1.2029078,0.022129813,-0.0180317
10.266666666666666,20.498934,-14.990504,1.2027822,0.0124309445,-0.01912453
10.283333333333333,20.499,-14.990492,1.2038121,0.0023222642,-0.01837321
10.3,20.499071,-14.9904785,1.2034067,-0.0094256615,-0.016460756
10.316666666666666,20.499134,-14.990471,1.2041615,-0.016802266,-0.012909058
10.333333333333334,20.499197,-14.990459,1.2034894,-0.022129813,-0.008196227
10.35,20.499252,-14.990448,1.2039732,-0.024042265,-0.0046445285
10.366666666666667,20.499313,-14.990438,1.20303,-0.024452077,-0.0017758493
10.383333333333333,20.49937,-14.990427,1.203242,-0.024588682,0.001297736
10.4,20.49943,-14.990419,1.202025,-0.024588682,0.005669057
10.416666666666666,20.499481,-14.99041,1.2019644,-0.025408303,0.007854718
10.433333333333334,20.499537,-14.990398,1.2004702,-0.027457362,0.008059624
10.45,20.49959,-14.990387,1.2001358,-0.028960003,0.009357359
10.466666666666667,20.499643,-14.990375,1.2022566,-0.029096607,0.013318869
10.483333333333333,20.499693,-14.990362,1.2029457,-0.029506417,0.016870568
10.5,20.499743,-14.990353,1.2009051,-0.03100906,0.020490568
10.516666666666666,20.499788,-14.990341,1.2000251,-0.030735852,0.022129813
10.533333333333333,20.499832,-14.990323,1.2016029,-0.027593967,0.02090038
10.55,20.499872,-14.990306,1.2017475,-0.024861889,0.019397737
10.566666666666666,20.499912,-14.990288,1.1991621,-0.023359247,0.018236605
10.583333333333334,20.499952,-14.990272,1.1977373,-0.021446794,0.015641134
10.6,20.49999,-14.990252,1.1987644,-0.020080756,0.010518491
10.616666666666667,20.50003,-14.990231,1.198362,-0.018441511,0.005805661
10.633333333333333,20.50007,-14.990209,1.1991212,-0.016119247,0.0039615096
10.65,20.500109,-14.990185,1.1984482,-0.014480001,0.0021173586
10.666666666666666,20.500141,-14.990162,1.1989284,-0.016392455,-0.0008196227
10.683333333333334,20.500177,-14.990142,1.1979805,-0.018714719,-0.004234717
10.7,20.500212,-14.990118,1.1981905,-0.022266418,-0.009972076
10.716666666666667,20.500244,-14.990096,1.2008535,-0.02663774,-0.014206794
10.733333333333333,20.500284,-14.990078,1.2020835,-0.0323751,-0.01734868
10.75,20.50032,-14.990056,1.200591,-0.03715623,-0.02062717
10.766666666666666,20.500353,-14.990038,1.2002543,-0.042620383,-0.022881133
10.783333333333333,20.50039,-14.990019,1.1984898,-0.04740152,-0.024998493
10.8,20.500412,-14.990001,1.1978822,-0.051089823,-0.027662268
10.816666666666666,20.500437,-14.989986,1.1997284,-0.05354869,-0.026706042
10.833333333333334,20.500454,-14.989972,1.2001412,-0.056280766,-0.024110569
10.85,20.500467,-14.98996,1.2017143,-0.05710039,-0.019056229
10.866666666666667,20.500488,-14.989949,1.2018547,-0.058056615,-0.013113963
10.883333333333333,20.5005,-14.989939,1.2031553,-0.05641737,-0.005805661
10.9,20.500515,-14.98993,1.2030232,-0.055051334,0.0023222642
10.916666666666666,20.500523,-14.989919,1.2001685,-0.052729066,0.010176982
10.933333333333334,20.500528,-14.989906,1.1984689,-0.049860388,0.018509813
10.95,20.500526,-14.989896,1.1992251,-0.043303404,0.026432835
10.966666666666667,20.500526,-14.989884,1.1985475,-0.036883026,0.034355856
10.983333333333333,20.500519,-14.989869,1.1990311,-0.02773057,0.04070793
11.0,20.500515,-14.989851,1.1980814,-0.018441511,0.0467185
11.016666666666666,20.500511,-14.989831,1.1982923,-0.007103397,0.050133597
11.033333333333333,20.5005,-14.989806,1.2009531,0.0047811326,0.050065294
11.05,20.50049,-14.98978,1.2021855,0.01734868,0.04883586
11.066666666666666,20.500484,-14.989754,1.2006923,0.029779626,0.0467185
11.083333333333334,20.500479,-14.989722,1.2003592,0.040844534,0.043713216
11.1,20.500475,-14.989684,1.1985917,0.050406802,0.040912837
11.116666666666667,20.500477,-14.989649,1.1979852,0.057783406,0.03626831
11.133333333333333,20.500486,-14.989609,1.1998283,0.05901285,0.029028304
11.15,20.500486,-14.98957,1.2002364,0.058193225,0.020149058
11.166666666666666,20.500496,-14.9895315,1.2018063,0.056144163,0.010040378
11.183333333333334,20.50051,-14.989492,1.2019432,0.053002276,0.00013660379
11.2,20.500523,-14.989455,1.2032387,0.049860388,-0.005122642
11.216666666666667,20.50054,-14.989418,1.2031066,0.047538124,-0.008059624
11.233333333333333,20.500555,-14.989382,1.2041312,0.045489065,-0.011679623
11.25,20.500576,-14.9893465,1.2037284,0.044123027,-0.016324153
11.266666666666666,20.500599,-14.989307,1.2044832,0.04139095,-0.023700757
11.283333333333333,20.500612,-14.989271,1.2038023,0.03674642,-0.03141887
11.3,20.500635,-14.989242,1.2042809,0.03128227,-0.03565359
11.316666666666666,20.500666,-14.989207,1.203327,0.025135096,-0.039751705
11.333333333333334,20.500694,-14.989179,1.2035326,0.020490568,-0.039820008
11.35,20.500723,-14.98915,1.2023101,0.017212076,-0.03742944
11.366666666666667,20.50075,-14.989122,1.2022448,0.014616605,-0.036200006
11.383333333333333,20.500776,-14.989094,1.2007457,0.011747926,-0.03667812
11.4,20.500805,-14.989072,1.2004061,0.011611322,-0.037224535
11.416666666666666,20.500832,-14.989049,1.2025234,0.01625585,-0.039136987
11.433333333333334,20.500856,-14.989028,1.2032093,0.021583399,-0.042347178
11.45,20.500883,-14.989007,1.2011664,0.025681512,-0.045557365
11.466666666666667,20.500912,-14.988992,1.2002814,0.029096607,-0.045147553
11.483333333333333,20.500944,-14.988982,1.2018523,0.0322385,-0.041117743
11.5,20.500969,-14.988969,1.2019908,0.034697365,-0.037361138
11.516666666666666,20.501009,-14.988957,1.1994017,0.036200006,-0.034697365
11.533333333333333,20.501041,-14.988948,1.1979719,0.036609817,-0.033331327
11.55,20.501083,-14.98894,1.1989937,0.035107177,-0.03565359
11.566666666666666,20.501122,-14.988934,1.1985859,0.033331327,-0.037975855
11.583333333333334,20.501158,-14.988932,1.1993347,0.030599248,-0.04248378
11.6,20.5012,-14.988926,1.1986544,0.02814038,-0.046855103
11.616666666666667,20.501247,-14.988929,1.1991316,0.0252717,-0.052592464
11.633333333333333,20.50129,-14.988933,1.1981785,0.022676228,-0.05785171
11.65,20.501337,-14.988936,1.198383,0.02021736,-0.063930586
11.666666666666666,20.50139,-14.988952,1.2010413,0.018851323,-0.0681653
11.683333333333334,20.501442,-14.988962,1.2022674,0.017758492,-0.07280984
11.7,20.501492,-14.988977,1.2007703,0.016665662,-0.07670304
11.716666666666667,20.501537,-14.9889965,1.2004306,0.015846038,-0.08011815
11.733333333333333,20.501589,-14.989022,1.2025437,0.015982643,-0.08018645
11.75,20.501638,-14.98905,1.2032257,0.016119247,-0.08018645
11.766666666666666,20.50169,-14.989078,1.2011836,0.016392455,-0.079435125
11.783333333333333,20.50174,-14.989111,1.2002964,0.015982643,-0.07642984
11.8,20.501795,-14.989152,1.2018644,0.017621888,-0.07315135
11.816666666666666,20.501846,-14.989191,1.202001,0.019670945,-0.07110229
11.833333333333334,20.501902,-14.98924,1.2032973,0.022676228,-0.06837021
11.85,20.501955,-14.989288,1.2031614,0.025681512,-0.06638946
11.866666666666667,20.502012,-14.989335,1.2003022,0.028823398,-0.06372568
11.883333333333333,20.502071,-14.989386,1.1985992,0.030735852,-0.06201813
11.9,20.50213,-14.989441,1.1993507,0.031145662,-0.059354357
11.916666666666666,20.50219,-14.989499,1.1986703,0.030735852,-0.05710039
11.933333333333334,20.502258,-14.989562,1.1991432,0.02704755,-0.0538902
11.95,20.502325,-14.989626,1.1981864,0.022676228,-0.049382273
11.966666666666667,20.502386,-14.989697,1.1983918,0.021446794,-0.04460114
11.983333333333333,20.502457,-14.989766,1.2010493,0.022266418,-0.04207397
12.0,20.502525,-14.98984,1.2022778,0.023359247,-0.039068684
12.016666666666666,20.502592,-14.989911,1.20078,0.024315475,-0.036814723
12.033333333333333,20.50266,-14.989985,1.2004412,0.023905663,-0.033946045
12.05,20.502731,-14.990059,1.198671,0.022676228,-0.031555474
12.066666666666666,20.502804,-14.99014,1.1980541,0.016938869,-0.028960003
12.083333333333334,20.50288,-14.990221,1.1998909,0.009289057,-0.024247171
12.1,20.502958,-14.990303,1.2002953,0.0010928303,-0.020012455
12.116666666666667,20.503035,-14.990389,1.2018611,-0.0032784909,-0.016392455
12.133333333333333,20.503113,-14.990474,1.2019995,-0.005737359,-0.011816228
12.15,20.50318,-14.990556,1.2032948,-0.007649812,-0.0074449065
12.166666666666666,20.503263,-14.990639,1.2031609,-0.009289057,-0.0022539624
12.183333333333334,20.503338,-14.990722,1.2002987,-0.011611322,0.0036200003
12.2,20.50341,-14.990808,1.1985916,-0.015709436,0.0068301894
12.216666666666667,20.50348,-14.990892,1.1993399,-0.018578114,0.0072400006
12.233333333333333,20.503553,-14.990973,1.1986609,-0.020353964,0.007991321
12.25,20.503622,-14.991056,1.1991386,-0.023905663,0.007171699
12.266666666666666,20.503695,-14.991136,1.1981814,-0.029643022,0.005805661
12.283333333333333,20.503761,-14.99122,1.1983846,-0.035790194,0.004986038
12.3,20.503828,-14.991301,1.2010376,-0.044396233,0.0065569817
12.316666666666666,20.50389,-14.991384,1.2022617,-0.053412087,0.009972076
12.333333333333334,20.503956,-14.99147,1.200759,-0.06270115,0.01263585
12.35,20.504019,-14.99155,1.2004166,-0.06843851,0.016187549
12.366666666666667,20.504072,-14.991633,1.2025301,-0.07076078,0.023359247
12.383333333333333,20.504126,-14.991716,1.2032106,-0.073492855,0.03176038
12.4,20.504177,-14.991798,1.201163,-0.07690795,0.039410196
12.416666666666666,20.504225,-14.991876,1.2002764,-0.07868381,0.04569397
12.433333333333334,20.504265,-14.991951,1.2018398,-0.08073287,0.052319255
12.45,20.504303,-14.992023,1.2019739,-0.08237211,0.060105678
12.466666666666667,20.50434,-14.992098,1.1993811,-0.08428457,0.06727738
12.483333333333333,20.50437,-14.992165,1.1979495,-0.08237211,0.07328795
12.5,20.504396,-14.992227,1.1989682,-0.07813739,0.07984494
12.516666666666666,20.50442,-14.992288,1.1985573,-0.07280984,0.08756306
12.533333333333333,20.504438,-14.992342,1.1993082,-0.06324757,0.09418835
12.55,20.504452,-14.992393,1.198628,-0.052865673,0.099242695
12.566666666666666,20.504463,-14.992437,1.1991009,-0.045489065,0.10238459
12.583333333333334,20.504473,-14.992483,1.1981446,-0.038385667,0.106004596
12.6,20.504484,-14.9925165,1.1983452,-0.032511704,0.1059363
12.616666666666667,20.50449,-14.992542,1.2010005,-0.026227929,0.10095025
12.633333333333333,20.504496,-14.992566,1.2022228,-0.02090038,0.09528118
12.65,20.504505,-14.992588,1.2007228,-0.015026417,0.089338906
12.666666666666666,20.504517,-14.992603,1.2003783,-0.012294341,0.08360154
12.683333333333334,20.504524,-14.9926195,1.1986037,-0.010381888,0.07882041
12.7,20.50453,-14.99263,1.1979864,-0.01120151,0.07219512
12.716666666666667,20.504536,-14.992633,1.1998184,-0.01516302,0.06270115
12.733333333333333,20.50454,-14.992637,1.2002214,-0.019261133,0.05354869
12.75,20.504543,-14.992634,1.2017853,-0.021173587,0.04815284
12.766666666666666,20.504547,-14.99263,1.2019175,-0.022949437,0.042893592
12.783333333333333,20.504549,-14.992623,1.20321,-0.022676228,0.037839253
12.8,20.50455,-14.992615,1.2030702,-0.022812832,0.033263024
12.816666666666666,20.504545,-14.992607,1.2040886,-0.023222644,0.031896982
12.833333333333334,20.504545,-14.9926,1.2036757,-0.024315475,0.030599248
12.85,20.50454,-14.992592,1.2005391,-0.024998493,0.029779626
12.866666666666667,20.504536,-14.99258,1.1985593,-0.027593967,0.026706042
12.883333333333333,20.504526,-14.992568,1.1990286,-0.032511704,0.020080756
12.9,20.50452,-14.992555,1.1980693,-0.037566043,0.0135920765
12.916666666666666,20.504509,-14.992537,1.1982707,-0.04098114,0.009972076
12.933333333333334,20.504498,-14.99252,1.2009233,-0.044396233,0.0062154722
12.95,20.504488,-14.992504,1.2021422,-0.04876756,0.0010928303
12.966666666666667,20.50448,-14.992484,1.2006375,-0.052729066,-0.0036200003
12.983333333333333,20.504463,-14.992466,1.2002941,-0.05423171,-0.0038932078
13.0,20.504438,-14.99245,1.2024014,-0.054641522,-0.0023905663
13.016666666666666,20.504416,-14.9924345,1.2030795,-0.05491473,6.8301895e-05
13.033333333333333,20.504395,-14.992417,1.2010317,-0.05518794,0.0018441511
13.049999999999999,20.50436,-14.992403,1.2001384,-0.05723699,0.0015709435
13.066666666666666,20.504332,-14.99239,1.2017001,-0.059286054,0.0034150947
13.083333333333334,20.5043,-14.9923725,1.2018278,-0.061881527,0.006420378
13.1,20.50426,-14.992357,1.203116,-0.061061904,0.01120151
13.116666666666667,20.504223,-14.992338,1.2029767,-0.058466434,0.01728038
13.133333333333333,20.504173,-14.992318,1.2039945,-0.054504916,0.022607926
13.15,20.50413,-14.992295,1.2035826,-0.0502702,0.028276984
13.166666666666666,20.504087,-14.992275,1.2004452,-0.046172082,0.03346793
13.183333333333334,20.504036,-14.992254,1.1984625,-0.044396233,0.03490227
13.2,20.503988,-14.992229,1.1989331,-0.04384982,0.035858497
13.216666666666667,20.503935,-14.992203,1.1979707,-0.044123027,0.037292838
13.233333333333333,20.503881,-14.992178,1.1981696,-0.043030195,0.03852227
13.25,20.503824,-14.992144,1.2008183,-0.04098114,0.039820008
13.266666666666666,20.503765,-14.992112,1.2020383,-0.037839253,0.040844534
13.283333333333333,20.503706,-14.992078,1.200537,-0.03387774,0.042620383
13.299999999999999,20.503641,-14.992042,1.2001923,-0.029916229,0.041186046
13.316666666666666,20.50358,-14.992004,1.1984144,-0.026910948,0.037497744
13.333333333333334,20.503515,-14.991964,1.1977956,-0.023905663,0.03415095
13.35,20.503448,-14.991922,1.1996267,-0.022949437,0.031828683
13.366666666666667,20.503384,-14.991879,1.2000294,-0.021446794,0.029301511
13.383333333333333,20.503311,-14.991835,1.2015883,-0.020353964,0.026501136
13.4,20.503244,-14.991789,1.2017189,-0.018441511,0.023290945
13.416666666666666,20.503174,-14.991739,1.203005,-0.016119247,0.019397737
13.433333333333334,20.5031,-14.99169,1.202863,-0.012704152,0.015094718
13.45,20.503027,-14.991637,1.2038845,-0.0066935853,0.00901585
13.466666666666667,20.50295,-14.991585,1.2034724,-0.0010928303,0.0028003776
13.483333333333333,20.502884,-14.991534,1.204213,-0.0010928303,-0.0028003776
13.5,20.502817,-14.991486,1.2035203,-0.0032784909,-0.009357359
13.516666666666666,20.502747,-14.991437,1.2039874,-0.004917736,-0.014480001
13.533333333333333,20.502678,-14.991389,1.2030277,-0.004917736,-0.019329436
13.549999999999999,20.502605,-14.991341,1.2032242,-0.0043713213,-0.023290945
13.566666666666666,20.502533,-14.991293,1.2019924,-0.002595472,-0.027252456
13.583333333333334,20.502459,-14.991246,1.2019161,-0.00027320758,-0.03100906
13.6,20.502388,-14.991198,1.2004119,0.0030052832,-0.034970574
13.616666666666667,20.502314,-14.991153,1.2000649,0.006966793,-0.04029812
13.633333333333333,20.502241,-14.991113,1.2021722,0.011747926,-0.042620383
13.65,20.50217,-14.991075,1.202846,0.015436227,-0.043440007
13.666666666666666,20.502092,-14.9910345,1.2007953,0.019670945,-0.043303404
13.683333333333334,20.502022,-14.991001,1.199901,0.02308604,-0.045147553
13.7,20.501955,-14.990971,1.2014624,0.02732076,-0.05102152
13.716666666666667,20.501894,-14.990937,1.2015926,0.03128227,-0.05867134
13.733333333333333,20.501827,-14.99091,1.2028817,0.033604536,-0.066047944
13.75,20.501759,-14.990884,1.2027377,0.034287553,-0.07260493
13.766666666666666,20.5017,-14.99086,1.199865,0.034014344,-0.07991324
13.783333333333333,20.50163,-14.990843,1.1981522,0.033331327,-0.0854457
13.799999999999999,20.501575,-14.990832,1.1988963,0.033604536,-0.08954381
13.816666666666666,20.501513,-14.99082,1.1982079,0.033331327,-0.093232125
13.833333333333334,20.501455,-14.990814,1.1986737,0.031145662,-0.09733024
13.85,20.501404,-14.990817,1.1977106,0.028960003,-0.10081365
13.866666666666667,20.501348,-14.990826,1.1979098,0.029916229,-0.10299931
13.883333333333333,20.501299,-14.990842,1.200559,0.030462643,-0.103545725
13.9,20.501247,-14.99086,1.2017807,0.031555474,-0.10409214
13.916666666666666,20.501194,-14.990879,1.2002742,0.032101892,-0.10436535
13.933333333333334,20.501143,-14.990906,1.1999228,0.029779626,-0.1060729
13.95,20.501097,-14.990941,1.2020255,0.026910948,-0.10682422
13.966666666666667,20.501057,-14.990981,1.2027016,0.025135096,-0.107097425
13.983333333333333,20.50101,-14.991021,1.2006506,0.022812832,-0.10723403
14.0,20.500975,-14.991067,1.1997545,0.017758492,-0.10880498
14.016666666666666,20.500937,-14.991122,1.2013123,0.012157737,-0.109488
14.033333333333333,20.500889,-14.991182,1.2014382,0.0061471704,-0.110444225
14.049999999999999,20.500847,-14.991248,1.2027239,0.0020490568,-0.10921479
14.066666666666666,20.500805,-14.99132,1.2025827,-0.00013660379,-0.10743894
14.083333333333334,20.500767,-14.991394,1.2035975,-0.0035516985,-0.10484347
14.1,20.500727,-14.991472,1.2031784,-0.008059624,-0.10293101
14.116666666666667,20.50069,-14.991558,1.2039189,-0.012294341,-0.09903779
14.133333333333333,20.500645,-14.991649,1.2032275,-0.01625585,-0.09541779
14.15,20.500603,-14.991744,1.2036958,-0.018304907,-0.08920231
14.166666666666666,20.50056,-14.991841,1.2027372,-0.018441511,-0.08230381
14.183333333333334,20.500517,-14.9919405,1.2029341,-0.02021736,-0.07410757
14.2,20.50047,-14.992046,1.2016976,-0.023495851,-0.066457756
14.216666666666667,20.50043,-14.992155,1.2016214,-0.027184155,-0.05682718
14.233333333333333,20.50038,-14.992265,1.2001115,-0.03128227,-0.04733322
14.25,20.500332,-14.992378,1.1997628,-0.034970574,-0.035175476
14.266666666666666,20.50028,-14.992497,1.2018632,-0.03893208,-0.02055887
14.283333333333333,20.500227,-14.992619,1.2025352,-0.041937366,-0.0059422646
14.299999999999999,20.500175,-14.992737,1.2004817,-0.045215856,0.007649812
14.316666666666666,20.500122,-14.992856,1.1995873,-0.045215856,0.021105284
14.333333333333334,20.500055,-14.992968,1.2011445,-0.04139095,0.032648306
14.35,20.499992,-14.993081,1.2012724,-0.036473215,0.04425963
14.366666666666667,20.499928,-14.99319,1.2025626,-0.027867174,0.054983035
14.383333333333333,20.499859,-14.993296,1.2024196,-0.019397737,0.06563813
14.4,20.49979,-14.993401,1.2034316,-0.013796982,0.073492855
14.416666666666666,20.499727,-14.993501,1.2030145,-0.00901585,0.08114267
14.433333333333334,20.499659,-14.993598,1.2037531,-0.006966793,0.08647023
14.45,20.499594,-14.9936905,1.2030576,-0.0068301894,0.09118307
14.466666666666667,20.499527,-14.99378,1.203521,-0.0053275474,0.09692043
14.483333333333333,20.499458,-14.99387,1.2025582,-0.001912453,0.102521196
14.5,20.49939,-14.99395,1.202752,0.004234717,0.104570255
14.516666666666666,20.499325,-14.994027,1.201517,0.01120151,0.10634611
14.533333333333333,20.49926,-14.994094,1.2014384,0.020080756,0.105458185
14.549999999999999,20.499195,-14.994163,1.1999304,0.029779626,0.10463856
14.566666666666666,20.49913,-14.994219,1.1995792,0.039751705,0.101564966
14.583333333333334,20.499067,-14.9942665,1.2016828,0.05068001,0.09794496
14.6,20.49901,-14.994309,1.2023537,0.061335113,0.09343703
14.616666666666667,20.498945,-14.994353,1.2003009,0.07226342,0.08961212
14.633333333333333,20.498888,-14.994391,1.1994056,0.08073287,0.08462608
14.65,20.498844,-14.994425,1.2009637,0.08578721,0.08025475
14.666666666666666,20.498806,-14.994453,1.2010895,0.089338906,0.07540531
14.683333333333334,20.498772,-14.994479,1.2023687,0.08769967,0.0713072
14.7,20.498734,-14.994505,1.2022184,0.084830984,0.068506815
14.716666666666667,20.498701,-14.994524,1.2032306,0.082918525,0.06556983
14.733333333333333,20.498676,-14.994542,1.2028111,0.08059626,0.06154002
14.75,20.498655,-14.994556,1.2035462,0.074995495,0.057168692
14.766666666666666,20.498634,-14.994567,1.2028524,0.06980456,0.052387558
14.783333333333333,20.498623,-14.994576,1.20332,0.06556983,0.050338503
14.799999999999999,20.498606,-14.994584,1.2023546,0.060378887,0.04958718
14.816666666666666,20.4986,-14.99459,1.2025441,0.0538219,0.046923406
14.833333333333334,20.498594,-14.994595,1.2013057,0.04822114,0.0432351
14.85,20.49859,-14.994593,1.2012284,0.044942647,0.040776234
14.866666666666667,20.498587,-14.994593,1.1997194,0.04139095,0.03804416
14.883333333333333,20.498583,-14.994594,1.1993641,0.035790194,0.0359951
14.9,20.498585,-14.994591,1.2014627,0.030872455,0.036541514
14.916666666666666,20.49859,-14.99459,1.202135,0.027593967,0.037361138
14.933333333333334,20.498596,-14.994583,1.200081,0.024042265,0.03715623
14.95,20.498598,-14.994575,1.1991813,0.018304907,0.03626831
14.966666666666667,20.498604,-14.994562,1.200736,0.013250567,0.034970574
14.983333333333333,20.49861,-14.994552,1.2008581,0.007923019,0.03415095
15.0,20.498617,-14.994538,1.2021396,0.0043713213,0.0359268
15.016666666666666,20.49862,-14.994527,1.2019945,0.0027320758,0.038249064
15.033333333333333,20.498627,-14.994507,1.2030067,0.001229434,0.038112458
15.049999999999999,20.498634,-14.994491,1.2025839,-0.0017758493,0.03770265
15.066666666666666,20.498632,-14.994472,1.2033218,-0.0039615096,0.037292838
15.083333333333334,20.498636,-14.99445,1.2026267,-0.0068301894,0.03742944
15.1,20.498644,-14.994429,1.2030905,-0.008742643,0.04057133
15.116666666666667,20.498646,-14.994407,1.2021227,-0.010518491,0.043713216
15.133333333333333,20.498657,-14.994383,1.2023137,-0.0094256615,0.047606427
15.15,20.49866,-14.994358,1.2010784,-0.005737359,0.05136303
15.166666666666666,20.498663,-14.994328,1.2010007,-0.0020490568,0.05102152
15.183333333333334,20.498667,-14.994294,1.1994874,0.00027320758,0.049792085
15.2,20.498667,-14.99426,1.1991352,0.0027320758,0.046923406
15.216666666666667,20.498674,-14.994217,1.201233,0.0027320758,0.04357661
15.233333333333333,20.498676,-14.99418,1.2019012,0.002458868,0.041254345
15.25,20.498676,-14.994141,1.1998428,0.001912453,0.03845397
15.266666666666666,20.498684,-14.994098,1.1989458,0.0023222642,0.033672836
15.283333333333333,20.49869,-14.994053,1.2004985,0.0010928303,0.02855019
15.299999999999999,20.498693,-14.994007,1.2006235,0.00040981136,0.023359247
15.316666666666666,20.4987,-14.993958,1.2019039,-0.002595472,0.020080756
15.333333333333334,20.498703,-14.99391,1.2017554,-0.0060105664,0.018441511
15.35,20.498707,-14.993861,1.2027631,-0.011064907,0.016733963
15.366666666666667,20.498714,-14.9938135,1.2023413,-0.016119247,0.015641134
15.383333333333333,20.498722,-14.993764,1.2030765,-0.02240302,0.0124309445
15.4,20.498726,-14.9937105,1.2023782,-0.029643022,0.0073083024
15.416666666666666,20.498724,-14.993662,1.2028397,-0.03415095,0.004029812
15.433333333333334,20.498728,-14.993611,1.2018734,-0.037292838,0.00252717
15.45,20.498724,-14.993559,1.2020633,-0.03770265,0.00068301894
15.466666666666667,20.498714,-14.993508,1.2008256,-0.036336612,-0.0017758493
15.483333333333333,20.498707,-14.993456,1.2007434,-0.034287553,-0.0028003776
15.5,20.498693,-14.993404,1.199232,-0.031965286,-0.0023222642
15.516666666666666,20.49868,-14.993356,1.1988771,-0.028960003,-0.00252717
15.533333333333333,20.498665,-14.993304,1.2009777,-0.024452077,-0.003824906
15.549999999999999,20.498652,-14.993253,1.2016455,-0.020353964,-0.0048494344
15.566666666666666,20.49864,-14.9932,1.199589,-0.016119247,-0.004986038
15.583333333333334,20.498629,-14.993151,1.1986895,-0.014616605,-0.006283774
15.6,20.498617,-14.993101,1.200239,-0.016802266,-0.009493963
15.616666666666667,20.498608,-14.993049,1.2003597,-0.019397737,-0.012294341
15.633333333333333,20.498585,-14.993002,1.2016417,-0.021173587,-0.011406416
15.65,20.498571,-14.992955,1.201491,-0.023495851,-0.010381888
15.666666666666666,20.498556,-14.992911,1.2024945,-0.02814038,-0.008742643
15.683333333333334,20.498543,-14.992865,1.2020696,-0.032511704,-0.0072400006
15.7,20.498518,-14.992819,1.2028062,-0.03387774,-0.005122642
15.716666666666667,20.498495,-14.992775,1.2021112,-0.03524378,-0.0037566042
15.733333333333333,20.49847,-14.99273,1.2025713,-0.03674642,-0.0053958497
15.75,20.49845,-14.992684,1.2016017,-0.037839253,-0.0067618876
15.766666666666666,20.49842,-14.992641,1.2017939,-0.036473215,-0.0060105664
15.783333333333333,20.498392,-14.992598,1.2005537,-0.03524378,-0.0053958497
15.799999999999999,20.498362,-14.992553,1.2004691,-0.034970574,-0.00648868
15.816666666666666,20.49833,-14.992508,1.1989552,-0.034560762,-0.007103397
15.833333333333334,20.498295,-14.992467,1.1985966,-0.03387774,-0.0047811326
15.85,20.498257,-14.992428,1.2006927,-0.029506417,0.00020490568
15.866666666666667,20.498215,-14.992384,1.2013611,-0.023222644,0.0065569817
15.883333333333333,20.498175,-14.992343,1.2031865,-0.01625585,0.012362642
15.9,20.49814,-14.992303,1.2035774,-0.010655095,0.017895095
15.916666666666666,20.498096,-14.992263,1.2012457,-0.004234717,0.02315434
15.933333333333334,20.498056,-14.992217,1.2000754,0.0046445285,0.028003776
15.95,20.498009,-14.992169,1.2013559,0.013113963,0.028755097
15.966666666666667,20.497965,-14.99212,1.2012029,0.02062717,0.027252456
15.983333333333333,20.49793,-14.99207,1.2022094,0.027457362,0.02554491
16.0,20.497892,-14.992021,1.2017825,0.032921515,0.024383776
16.016666666666666,20.49785,-14.99197,1.2025164,0.03920529,0.022471322
16.03333333333333,20.49782,-14.991915,1.2018173,0.044942647,0.020149058
16.05,20.497787,-14.991861,1.2022789,0.05245586,0.016460756
16.066666666666666,20.497753,-14.991804,1.2013142,0.061608322,0.011816228
16.083333333333332,20.49773,-14.991745,1.2015058,0.06666266,0.0073083024
16.1,20.497705,-14.991689,1.2002615,0.06912153,0.0034833965
16.116666666666667,20.497688,-14.9916315,1.200171,0.06720907,-0.0014343398
16.133333333333333,20.497673,-14.991576,1.198652,0.06516002,-0.005805661
16.15,20.497662,-14.99152,1.1982957,0.06584304,-0.009289057
16.166666666666668,20.497652,-14.991461,1.2003952,0.06871172,-0.010996604
16.183333333333334,20.497643,-14.991403,1.2010622,0.071443796,-0.01297736
16.2,20.497637,-14.991345,1.1990006,0.072946444,-0.014821511
16.216666666666665,20.497637,-14.991291,1.1980934,0.0713072,-0.019397737
16.233333333333334,20.497644,-14.991241,1.1996402,0.07035097,-0.024656983
16.25,20.49765,-14.99119,1.1997608,0.07103399,-0.03025774
16.266666666666666,20.497665,-14.9911375,1.2010444,0.07376607,-0.036951326
16.28333333333333,20.497673,-14.991084,1.200895,0.07567852,-0.04357661
16.3,20.497696,-14.991038,1.2018982,0.07076078,-0.04917737
16.316666666666666,20.497719,-14.9909935,1.2014672,0.06324757,-0.055324543
16.333333333333332,20.497746,-14.9909525,1.2021956,0.0539585,-0.059627566
16.35,20.49777,-14.990912,1.2014982,0.045489065,-0.06324757
16.366666666666667,20.4978,-14.990879,1.201956,0.034560762,-0.065501526
16.383333333333333,20.497835,-14.990844,1.20098,0.022129813,-0.06830191
16.4,20.49787,-14.990816,1.2011641,0.011611322,-0.06837021
16.416666666666668,20.497902,-14.99079,1.1999214,0.0028686796,-0.0678921
16.433333333333334,20.497936,-14.990768,1.1998347,-0.005190944,-0.06556983
16.45,20.49797,-14.990746,1.1983198,-0.012294341,-0.06283776
16.466666666666665,20.498005,-14.990729,1.1979609,-0.020080756,-0.058944546
16.483333333333334,20.498037,-14.990718,1.2000511,-0.028003776,-0.055324543
16.5,20.498068,-14.990708,1.2007122,-0.035380382,-0.05102152
16.516666666666666,20.498096,-14.990703,1.2025354,-0.038112458,-0.045625668
16.53333333333333,20.498125,-14.990699,1.2029258,-0.04043472,-0.039615102
16.55,20.498142,-14.990695,1.200593,-0.04221057,-0.033604536
16.566666666666666,20.498169,-14.99069,1.1994169,-0.044806045,-0.027184155
16.583333333333332,20.498186,-14.990689,1.2006891,-0.048357747,-0.021924907
16.6,20.4982,-14.99069,1.2005332,-0.051499635,-0.01625585
16.616666666666667,20.498215,-14.990692,1.2015394,-0.051226426,-0.009972076
16.633333333333333,20.498224,-14.990691,1.201112,-0.051089823,-0.0034150947
16.65,20.498234,-14.990697,1.2018394,-0.051499635,0.0021856606
16.666666666666668,20.498241,-14.9907,1.2011387,-0.051499635,0.008127925
16.683333333333334,20.498247,-14.990702,1.2016,-0.048357747,0.014616605
16.7,20.498251,-14.990703,1.2006279,-0.04535246,0.021515096
16.716666666666665,20.498247,-14.990701,1.2008114,-0.043440007,0.027184155
16.733333333333334,20.498255,-14.990701,1.1995652,-0.04139095,0.033263024
16.75,20.498257,-14.990698,1.1994753,-0.038385667,0.039341893
16.766666666666666,20.49825,-14.990693,1.2018402,-0.031828683,0.04801624
16.78333333333333,20.498238,-14.990687,1.202777,-0.023632456,0.05826153
16.8,20.498226,-14.990679,1.2009873,-0.015846038,0.06782379
16.816666666666666,20.498217,-14.990667,1.2003525,-0.007649812,0.072946444
16.833333333333332,20.498209,-14.990651,1.2021722,0.0030052832,0.074995495
16.85,20.498201,-14.990629,1.2025648,0.015709436,0.07629324
16.866666666666667,20.498182,-14.990609,1.2002302,0.027867174,0.077864185
16.883333333333333,20.49817,-14.9905815,1.19905,0.03715623,0.07472229
16.9,20.498167,-14.990547,1.2003239,0.044942647,0.068097
16.916666666666668,20.498163,-14.99051,1.2001656,0.051909447,0.06003738
16.933333333333334,20.498165,-14.990471,1.2011688,0.05914945,0.04992869
16.95,20.498167,-14.990428,1.2007384,0.06529662,0.039751705
16.966666666666665,20.498175,-14.990385,1.2014672,0.06966795,0.033536233
16.983333333333334,20.498175,-14.990342,1.2007622,0.07280984,0.028960003
17.0,20.498186,-14.9902935,1.2012185,0.07636154,0.024656983
17.016666666666666,20.498205,-14.990245,1.2002426,0.07964003,0.019534342
17.03333333333333,20.498222,-14.990197,1.2004268,0.08346494,0.015709436
17.05,20.498241,-14.9901495,1.1991786,0.08674344,0.011611322
17.066666666666666,20.498268,-14.990101,1.19909,0.09043174,0.009630566
17.083333333333332,20.498304,-14.990047,1.2014515,0.09275401,0.0094256615
17.1,20.49834,-14.989997,1.2023841,0.0958959,0.009220756
17.116666666666667,20.49838,-14.989943,1.2005916,0.09862798,0.008059624
17.133333333333333,20.498426,-14.989893,1.1999587,0.10231629,0.00648868
17.15,20.498482,-14.989841,1.2017765,0.105868,0.0027320758
17.166666666666668,20.498537,-14.989787,1.2021654,0.1095563,-0.0010245284
17.183333333333334,20.49859,-14.989737,1.1998277,0.112971395,-0.005190944
17.2,20.49865,-14.989681,1.1986494,0.11556688,-0.008606038
17.216666666666665,20.498732,-14.989627,1.1999223,0.11543028,-0.012362642
17.233333333333334,20.498808,-14.9895735,1.1997664,0.11488386,-0.015641134
17.25,20.498894,-14.989523,1.2007669,0.11064913,-0.018919624
17.266666666666666,20.498981,-14.989474,1.2003324,0.10422875,-0.021720001
17.28333333333333,20.499077,-14.989424,1.2010568,0.09739854,-0.021241888
17.3,20.499174,-14.989378,1.2003549,0.09193439,-0.019944152
17.316666666666666,20.499277,-14.989331,1.20081,0.08647023,-0.019670945
17.333333333333332,20.499386,-14.989285,1.1998357,0.08127928,-0.018987926
17.35,20.499498,-14.989242,1.2000176,0.07390267,-0.017621888
17.366666666666667,20.499609,-14.989195,1.198771,0.06679926,-0.016665662
17.383333333333333,20.499725,-14.98915,1.1986814,0.057646804,-0.019602643
17.4,20.499844,-14.989108,1.2010399,0.044396233,-0.025203397
17.416666666666668,20.499968,-14.989066,1.2019703,0.03141887,-0.031623777
17.433333333333334,20.50009,-14.989025,1.2001731,0.017758492,-0.037907552
17.45,20.50022,-14.988984,1.199537,0.0072400006,-0.042552084
17.466666666666665,20.500343,-14.988951,1.2013556,0.0009562265,-0.042415477
17.483333333333334,20.500467,-14.988914,1.2017409,-0.0053275474,-0.04070793
17.5,20.500591,-14.988881,1.1994033,-0.010928303,-0.039136987
17.516666666666666,20.500715,-14.988848,1.198223,-0.016938869,-0.039341893
17.53333333333333,20.50084,-14.988821,1.199491,-0.025408303,-0.039341893
17.55,20.50096,-14.988794,1.1993297,-0.03387774,-0.038249064
17.566666666666666,20.501078,-14.98877,1.2003312,-0.03920529,-0.037907552
17.583333333333332,20.501194,-14.988746,1.1999009,-0.044396233,-0.03893208
17.6,20.501307,-14.988725,1.2006242,-0.051499635,-0.04057133
17.616666666666667,20.501421,-14.988705,1.1999191,-0.058056615,-0.042620383
17.633333333333333,20.50153,-14.988685,1.2003702,-0.06475021,-0.04282529
17.65,20.501638,-14.988666,1.1993915,-0.07103399,-0.04139095
17.666666666666668,20.50174,-14.988653,1.1995754,-0.073492855,-0.039410196
17.683333333333334,20.501833,-14.98864,1.1983273,-0.074995495,-0.038317364
17.7,20.501928,-14.988629,1.1982332,-0.0785472,-0.03667812
17.716666666666665,20.502016,-14.988625,1.2005931,-0.08114267,-0.032853212
17.733333333333334,20.502094,-14.988621,1.201521,-0.08346494,-0.029369814
17.75,20.50218,-14.988616,1.1997266,-0.08496759,-0.026569437
17.766666666666666,20.502262,-14.988614,1.1990932,-0.08387475,-0.021924907
17.78333333333333,20.50233,-14.988611,1.2009101,-0.08373815,-0.016324153
17.8,20.502401,-14.988611,1.201292,-0.08469438,-0.011679623
17.816666666666666,20.502472,-14.98861,1.198953,-0.08496759,-0.0075132083
17.833333333333332,20.502539,-14.988609,1.1977693,-0.08619702,-0.0033467927
17.85,20.50259,-14.988612,1.1990392,-0.08674344,0.0021173586
17.866666666666667,20.502642,-14.988613,1.1988776,-0.087289855,0.0068301894
17.883333333333333,20.50269,-14.988613,1.1998762,-0.08510419,0.009972076
17.9,20.502735,-14.988612,1.1994423,-0.08305513,0.01297736
17.916666666666668,20.502775,-14.98861,1.2001674,-0.078957014,0.017895095
17.933333333333334,20.502808,-14.98861,1.1994609,-0.07458568,0.02240302
17.95,20.502836,-14.9886055,1.1999134,-0.06720907,0.02663774
17.966666666666665,20.502865,-14.988601,1.1989397,-0.057646804,0.030530946
17.983333333333334,20.502886,-14.988593,1.1991225,-0.04876756,0.029506417
18.0,20.502909,-14.988583,1.1978705,-0.041664157,0.027252456
18.016666666666666,20.502932,-14.988575,1.1977788,-0.036336612,0.022607926
18.03333333333333,20.50295,-14.98856,1.200137,-0.036473215,0.01659736
18.05,20.502968,-14.988548,1.2010602,-0.03920529,0.010723397
18.066666666666666,20.50299,-14.988535,1.1992604,-0.04139095,0.0047128308
18.083333333333332,20.503002,-14.988522,1.1986234,-0.04070793,-0.0013660379
18.1,20.503016,-14.988507,1.2004366,-0.04057133,-0.0052592456
18.116666666666667,20.503025,-14.988495,1.2008201,-0.040161517,-0.007649812
18.133333333333333,20.503029,-14.988486,1.2023605,-0.04043472,-0.010176982
18.15,20.503035,-14.988476,1.2024713,-0.04070793,-0.012021133
18.166666666666668,20.50304,-14.988467,1.1998562,-0.041254345,-0.014343398
18.183333333333334,20.50304,-14.988457,1.1984023,-0.041527554,-0.018509813
18.2,20.503042,-14.988447,1.1993985,-0.045215856,-0.022881133
18.216666666666665,20.503033,-14.98844,1.1989596,-0.050953217,-0.026774343
18.233333333333334,20.503033,-14.988436,1.1996808,-0.055324543,-0.030394342
18.25,20.503021,-14.98843,1.1989751,-0.058193225,-0.033194724
18.266666666666666,20.503016,-14.988428,1.1994263,-0.060652092,-0.036951326
18.28333333333333,20.503006,-14.988427,1.1984429,-0.06420379,-0.040912837
18.3,20.502983,-14.988425,1.1986197,-0.063930586,-0.044191327
18.316666666666666,20.50296,-14.988429,1.2012516,-0.058466434,-0.04460114
18.333333333333332,20.50293,-14.988434,1.2024521,-0.05204605,-0.04501095
18.35,20.502905,-14.98844,1.2009277,-0.045489065,-0.04473774
18.366666666666667,20.50287,-14.988449,1.2005616,-0.03920529,-0.044806045
18.383333333333333,20.502838,-14.988457,1.1987655,-0.032921515,-0.044396233
18.4,20.502806,-14.988471,1.1981258,-0.029096607,-0.045147553
18.416666666666668,20.502777,-14.988487,1.1999354,-0.030189436,-0.046376992
18.433333333333334,20.50274,-14.988505,1.200316,-0.03128227,-0.047879633
18.45,20.502708,-14.98853,1.2018522,-0.03346793,-0.047606427
18.466666666666665,20.502674,-14.98855,1.2019606,-0.034970574,-0.04699171
18.483333333333334,20.50263,-14.988577,1.2032299,-0.03415095,-0.04282529
18.5,20.502592,-14.9886055,1.203066,-0.034014344,-0.037361138
18.516666666666666,20.502554,-14.988633,1.2001739,-0.034697365,-0.032648306
18.53333333333333,20.50251,-14.988663,1.1984423,-0.032101892,-0.029711323
18.55,20.502462,-14.988696,1.1991667,-0.02554491,-0.026910948
18.566666666666666,20.502415,-14.988725,1.1984589,-0.018851323,-0.025203397
18.583333333333332,20.502367,-14.988761,1.1989055,-0.014206794,-0.024725284
18.6,20.502317,-14.988795,1.1979237,-0.009152453,-0.02493019
18.616666666666667,20.502266,-14.988832,1.1981037,-0.0030052832,-0.024452077
18.633333333333333,20.502218,-14.988869,1.2007338,0.00040981136,-0.026227929
18.65,20.502163,-14.988914,1.20193,0.001912453,-0.02855019
18.666666666666668,20.502111,-14.988955,1.2004033,0.0039615096,-0.031145662
18.683333333333334,20.502066,-14.988996,1.2000325,0.0030052832,-0.03346793
18.7,20.502018,-14.989036,1.1982335,0.0021856606,-0.035858497
18.716666666666665,20.501972,-14.989081,1.1975899,-0.0008196227,-0.03667812
18.733333333333334,20.50192,-14.989132,1.199401,-0.0035516985,-0.03524378
18.75,20.501875,-14.989183,1.1997793,-0.0072400006,-0.03298982
18.766666666666666,20.501823,-14.989235,1.2013166,-0.01010868,-0.027184155
18.78333333333333,20.501774,-14.989292,1.201422,-0.01297736,-0.021378493
18.8,20.501719,-14.989347,1.2026883,-0.012567548,-0.015846038
18.816666666666666,20.501673,-14.989406,1.2025219,-0.012157737,-0.010040378
18.833333333333332,20.501617,-14.989463,1.2035141,-0.008606038,-0.0023905663
18.85,20.50156,-14.989519,1.2030803,-0.0028686796,0.0053275474
18.866666666666667,20.50151,-14.989575,1.2038032,0.0028686796,0.008537737
18.883333333333333,20.501457,-14.989632,1.2030911,0.0072400006,0.01045019
18.9,20.5014,-14.989687,1.2035395,0.011338114,0.009357359
18.916666666666668,20.501343,-14.989744,1.2025552,0.014616605,0.0074449065
18.933333333333334,20.501295,-14.989799,1.2027304,0.016938869,0.0034150947
18.95,20.501247,-14.989854,1.2014732,0.018168304,-0.0010245284
18.966666666666665,20.501196,-14.989906,1.2013712,0.017075473,-0.007035095
18.983333333333334,20.501148,-14.989962,1.1998396,0.015846038,-0.01263585
19.0,20.501099,-14.990017,1.1994704,0.017895095,-0.015982643
19.016666666666666,20.501049,-14.990074,1.201551,0.02062717,-0.015367926
19.03333333333333,20.501001,-14.990134,1.2022018,0.023905663,-0.012772454
19.05,20.500952,-14.990193,1.2001262,0.026910948,-0.010723397
19.066666666666666,20.500908,-14.990254,1.1992117,0.032101892,-0.009152453
19.083333333333332,20.500864,-14.990314,1.2007477,0.03715623,-0.0066252835
19.1,20.500824,-14.990375,1.200854,0.042347178,-0.0028003776
19.116666666666667,20.500792,-14.990436,1.2021173,0.04699171,-0.001229434
19.133333333333333,20.500753,-14.990494,1.2019528,0.052592464,-0.0009562265
19.15,20.50072,-14.990555,1.2029434,0.055870958,-0.0021173586
19.166666666666668,20.500689,-14.990617,1.2025062,0.05914945,-0.0038932078
19.183333333333334,20.500668,-14.990679,1.2032244,0.058466434,-0.006283774
19.2,20.500645,-14.990743,1.2025087,0.055597752,-0.009493963
19.216666666666665,20.500626,-14.990806,1.2029525,0.051499635,-0.010518491
19.233333333333334,20.500603,-14.99087,1.2019687,0.047947936,-0.009698869
19.25,20.500584,-14.990933,1.2021415,0.042893592,-0.009835472
19.266666666666666,20.50057,-14.990999,1.2008804,0.036473215,-0.011474718
19.28333333333333,20.500555,-14.991066,1.2007797,0.03100906,-0.010928303
19.3,20.500542,-14.991133,1.1992509,0.026501136,-0.00867434
19.316666666666666,20.500525,-14.991196,1.1988786,0.022266418,-0.0077181137
19.333333333333332,20.500515,-14.991262,1.2009563,0.017485285,-0.0094256615
19.35,20.500505,-14.991332,1.2016046,0.013387171,-0.010928303
19.366666666666667,20.500496,-14.991397,1.2034152,0.012567548,-0.010928303
19.383333333333333,20.500484,-14.991463,1.2037933,0.011338114,-0.01010868
19.4,20.500477,-14.991532,1.2014414,0.009152453,-0.0089475475
19.416666666666668,20.500467,-14.991602,1.2002501,0.0094256615,-0.006966793
19.433333333333334,20.500462,-14.99167,1.2015162,0.013933586,-0.004234717
19.45,20.50045,-14.991735,1.2013491,0.018441511,-0.0009562265
19.466666666666665,20.50044,-14.991804,1.2023355,0.02090038,0.0038932078
19.483333333333334,20.500433,-14.991874,1.2018939,0.023905663,0.008879246
19.5,20.500427,-14.991939,1.2026148,0.029916229,0.013318869
19.516666666666666,20.50042,-14.992005,1.2019029,0.035380382,0.018168304
19.53333333333333,20.50042,-14.992073,1.2023444,0.03770265,0.023973964
19.55,20.50042,-14.99214,1.2013577,0.040161517,0.029506417
19.566666666666666,20.500427,-14.992204,1.2015283,0.042893592,0.03312642
19.583333333333332,20.500433,-14.9922695,1.2002692,0.046172082,0.037087932
19.6,20.500435,-14.992329,1.2001717,0.051226426,0.04350831
19.616666666666667,20.500439,-14.992387,1.1986417,0.056144163,0.04958718
19.633333333333333,20.500448,-14.992442,1.1982672,0.058603037,0.05307058
19.65,20.50047,-14.992494,1.2003465,0.059695866,0.056690577
19.666666666666668,20.500492,-14.992543,1.200993,0.059832472,0.061061904
19.683333333333334,20.500507,-14.992593,1.1989167,0.0607887,0.065023415
19.7,20.50053,-14.992639,1.1979971,0.061744925,0.06734568
19.716666666666665,20.500557,-14.9926815,1.1995319,0.063930586,0.0713072
19.733333333333334,20.500584,-14.992719,1.1996334,0.06584304,0.07629324
19.75,20.500616,-14.992751,1.2008952,0.07035097,0.08121098
19.766666666666666,20.500654,-14.99278,1.2007295,0.07622493,0.086811736
19.78333333333333,20.500689,-14.9928,1.201721,0.08100607,0.088929094
19.8,20.500734,-14.992821,1.2012782,0.08428457,0.088929094
19.816666666666666,20.500784,-14.992837,1.2019956,0.08578721,0.087767966
19.833333333333332,20.500837,-14.992847,1.2012789,0.08565061,0.08674344
19.85,20.500893,-14.992856,1.2017232,0.08455778,0.082986824
19.866666666666667,20.50095,-14.992858,1.2007354,0.08305513,0.07731777
19.883333333333333,20.501015,-14.992858,1.2009065,0.079366826,0.0713072
19.9,20.501085,-14.992853,1.1996464,0.07458568,0.0645453
19.916666666666668,20.501158,-14.992848,1.1995397,0.06570643,0.059354357
19.933333333333334,20.501236,-14.992837,1.2018867,0.05600756,0.058876246
19.95,20.501316,-14.9928255,1.2028068,0.047811333,0.05942266
19.966666666666665,20.501396,-14.992813,1.2009999,0.03893208,0.060105678
19.983333333333334,20.501474,-14.992798,1.2003531,0.032511704,0.061403416
20.0,20.501562,-14.992775,1.202157,0.02704755,0.06324757
20.016666666666666,20.501648,-14.99275,1.2025324,0.022539625,0.06475021
20.03333333333333,20.50173,-14.992724,1.2001808,0.01734868,0.066457756
20.05,20.501818,-14.992695,1.1989893,0.014343398,0.065501526
20.066666666666666,20.501911,-14.992657,1.2002486,0.011611322,0.05976417
20.083333333333332,20.501993,-14.992619,1.2000791,0.009152453,0.05354869
20.1,20.502079,-14.992574,1.2010667,0.0043713213,0.04603548
20.116666666666667,20.502169,-14.992532,1.2006191,-0.0023222642,0.038385667
20.133333333333333,20.502258,-14.992485,1.2013313,-0.009152453,0.03415095
20.15,20.502346,-14.992439,1.2006159,-0.014616605,0.030667549
20.166666666666668,20.502436,-14.992393,1.2010572,-0.021036983,0.02848189
20.183333333333334,20.502525,-14.992344,1.2000701,-0.02704755,0.026706042
20.2,20.502604,-14.992292,1.2002385,-0.03524378,0.024383776
20.216666666666665,20.502691,-14.992241,1.1989737,-0.044806045,0.020968681
20.233333333333334,20.502773,-14.992191,1.1988692,-0.052592464,0.016392455
20.25,20.502851,-14.992137,1.201221,-0.058193225,0.014206794
20.266666666666666,20.50293,-14.992083,1.2021391,-0.064477,0.013250567
20.28333333333333,20.503008,-14.99203,1.2003291,-0.0715804,0.01154302
20.3,20.503077,-14.991978,1.1996789,-0.07718116,0.011474718
20.316666666666666,20.50314,-14.991921,1.2014849,-0.078957014,0.011952831
20.333333333333332,20.503214,-14.991865,1.201858,-0.080869466,0.01263585
20.35,20.503277,-14.991808,1.1995035,-0.08360154,0.012704152
20.366666666666667,20.503332,-14.991755,1.1983086,-0.08387475,0.012499247
20.383333333333333,20.50338,-14.991696,1.1995693,-0.079366826,0.010381888
20.4,20.50342,-14.991637,1.1993986,-0.074449085,0.0066935853
20.416666666666668,20.503456,-14.991582,1.2003822,-0.0715804,0.0027320758
20.433333333333334,20.503494,-14.991524,1.1999359,-0.06871172,-0.00040981136
20.45,20.50353,-14.991465,1.2006519,-0.064067185,-0.0034150947
20.466666666666665,20.503567,-14.991404,1.199935,-0.060105678,-0.0061471704
20.483333333333334,20.503593,-14.991346,1.2003732,-0.058466434,-0.01154302
20.5,20.503622,-14.991289,1.199384,-0.056690577,-0.018236605
20.516666666666666,20.50365,-14.991232,1.1995503,-0.056963786,-0.023495851
20.53333333333333,20.503681,-14.991176,1.1982867,-0.0575102,-0.027115854
20.55,20.5037,-14.991121,1.1981801,-0.057920013,-0.029438116
20.566666666666666,20.50372,-14.991068,1.200527,-0.056553975,-0.028208682
20.583333333333332,20.503733,-14.991021,1.201447,-0.05354869,-0.026023023
20.6,20.50375,-14.990969,1.19964,-0.051226426,-0.023632456
20.616666666666667,20.503757,-14.990922,1.1989881,-0.051499635,-0.02274453
20.633333333333333,20.503769,-14.990876,1.20079,-0.053002276,-0.021720001
20.65,20.503777,-14.990831,1.2011606,-0.055051334,-0.021241888
20.666666666666668,20.503773,-14.9907875,1.2026902,-0.05641737,-0.020695474
20.683333333333334,20.50377,-14.9907465,1.202788,-0.058193225,-0.020763775
20.7,20.50377,-14.9907055,1.2001618,-0.059559263,-0.020353964
20.716666666666665,20.503765,-14.990665,1.1986926,-0.060242284,-0.022061512
20.733333333333334,20.50376,-14.990628,1.1996787,-0.057920013,-0.025749816
20.75,20.503746,-14.990589,1.1992316,-0.055734355,-0.029301511
20.766666666666666,20.503738,-14.990554,1.1999438,-0.052865673,-0.029506417
20.78333333333333,20.50372,-14.990519,1.1992239,-0.049860388,-0.029438116
20.8,20.503698,-14.990484,1.1996636,-0.04576227,-0.026910948
20.816666666666666,20.503672,-14.990452,1.1986716,-0.04139095,-0.024247171
20.833333333333332,20.503654,-14.990423,1.1988384,-0.0359268,-0.019602643
20.85,20.503628,-14.990395,1.2014568,-0.029779626,-0.014548304
20.866666666666667,20.503601,-14.990365,1.2026459,-0.022949437,-0.008879246
20.883333333333333,20.503582,-14.990336,1.2011086,-0.016665662,-0.0037566042
20.9,20.503553,-14.990309,1.2007316,-0.009289057,0.0023222642
20.916666666666668,20.503529,-14.99028,1.1989222,-0.0021856606,0.007854718
20.933333333333334,20.503494,-14.990253,1.1982721,0.0054641515,0.013660379
20.95,20.50347,-14.990223,1.2000737,0.012294341,0.017416982
20.966666666666665,20.503443,-14.990191,1.200446,0.018987926,0.021241888
20.983333333333334,20.503418,-14.990161,1.2019747,0.02417887,0.022539625
21.0,20.503391,-14.990131,1.2020742,0.029096607,0.023632456
21.016666666666666,20.50337,-14.990097,1.203331,0.03128227,0.021446794
21.03333333333333,20.50335,-14.990064,1.2031523,0.03141887,0.018304907
21.05,20.503326,-14.990028,1.2002507,0.0323751,0.014958114
21.066666666666666,20.50331,-14.989992,1.1985105,0.03524378,0.011474718
21.083333333333332,20.503292,-14.989953,1.1992217,0.038385667,0.005122642
21.1,20.503277,-14.989914,1.1985049,0.04221057,-0.00252717
21.116666666666667,20.503265,-14.98988,1.198944,0.04275699,-0.009357359
21.133333333333333,20.50325,-14.989843,1.1979475,0.040844534,-0.015367926
21.15,20.503242,-14.989806,1.1981114,0.03920529,-0.019466039
21.166666666666668,20.503237,-14.989775,1.2007313,0.038385667,-0.019329436
21.183333333333334,20.503231,-14.9897375,1.2019181,0.036473215,-0.017826794
21.2,20.503225,-14.989706,1.2003819,0.035380382,-0.016529057
21.216666666666665,20.503225,-14.989673,1.2000027,0.0322385,-0.01912453
21.233333333333334,20.503225,-14.989638,1.19819,0.027593967,-0.023769058
21.25,20.503222,-14.989608,1.1975365,0.022129813,-0.026842646
21.266666666666666,20.503222,-14.989585,1.1993328,0.014480001,-0.026159627
21.28333333333333,20.50322,-14.989559,1.1996999,0.0068301894,-0.023700757
21.3,20.503222,-14.989536,1.2012291,0.002595472,-0.020968681
21.316666666666666,20.503222,-14.9895115,1.2013263,-0.0008196227,-0.019397737
21.333333333333332,20.503223,-14.989491,1.202578,-0.00505434,-0.01912453
21.35,20.50323,-14.98947,1.202401,-0.008332831,-0.019397737
21.366666666666667,20.503233,-14.989451,1.2033858,-0.008742643,-0.019261133
21.383333333333333,20.503233,-14.989429,1.2029384,-0.00901585,-0.019739248
21.4,20.503235,-14.989411,1.2036449,-0.010928303,-0.021241888
21.416666666666668,20.503237,-14.989394,1.2029233,-0.0124309445,-0.023290945
21.433333333333334,20.503233,-14.989375,1.2033632,-0.012294341,-0.025135096
21.45,20.503235,-14.989358,1.2023712,-0.012567548,-0.027662268
21.466666666666665,20.503233,-14.989343,1.2025332,-0.016119247,-0.031145662
21.483333333333334,20.503239,-14.989331,1.2012665,-0.019944152,-0.035380382
21.5,20.50324,-14.989319,1.2011557,-0.025408303,-0.0395468
21.516666666666666,20.503237,-14.989307,1.1996167,-0.03032604,-0.04384982
21.53333333333333,20.503233,-14.989301,1.1992334,-0.035790194,-0.04733322
21.55,20.50323,-14.989294,1.2013049,-0.039068684,-0.04958718
21.566666666666666,20.503223,-14.989291,1.2019444,-0.04248378,-0.051499635
21.583333333333332,20.50322,-14.989289,1.1998605,-0.045079254,-0.053616993
21.6,20.50321,-14.98929,1.1989379,-0.045489065,-0.052592464
21.616666666666667,20.503193,-14.989295,1.200466,-0.04699171,-0.0502702
21.633333333333333,20.503178,-14.989304,1.20056,-0.05054341,-0.047606427
21.65,20.503157,-14.98931,1.2018132,-0.055051334,-0.043030195
21.666666666666668,20.503132,-14.989324,1.2016349,-0.060105678,-0.03879548
21.683333333333334,20.503107,-14.98934,1.2026163,-0.06365738,-0.03674642
21.7,20.503078,-14.989356,1.2021657,-0.0678921,-0.03490227
21.716666666666665,20.503046,-14.989371,1.2028748,-0.07062418,-0.034287553
21.733333333333334,20.503014,-14.98939,1.202151,-0.07390267,-0.033672836
21.75,20.502977,-14.989411,1.2025877,-0.07581512,-0.033604536
21.766666666666666,20.502934,-14.989433,1.2015921,-0.07813739,-0.033331327
21.78333333333333,20.502892,-14.989454,1.201757,-0.07950343,-0.03298982
21.8,20.502842,-14.989479,1.2004887,-0.081415884,-0.032170195
21.816666666666666,20.502787,-14.989504,1.2003803,-0.08278192,-0.030667549
21.833333333333332,20.502728,-14.989532,1.1988397,-0.084830984,-0.028618492
21.85,20.502672,-14.989561,1.198453,-0.08851928,-0.024998493
21.866666666666667,20.502604,-14.989595,1.2005208,-0.087289855,-0.020422265
21.883333333333333,20.50253,-14.989626,1.201162,-0.08346494,-0.016187549
21.9,20.50245,-14.989659,1.2029643,-0.07554191,-0.010518491
21.916666666666668,20.502365,-14.98969,1.2033348,-0.06693587,-0.0052592456
21.933333333333334,20.502287,-14.989722,1.2009761,-0.059559263,0.00013660379
21.95,20.502203,-14.989756,1.1997725,-0.05491473,0.0038932078
21.966666666666665,20.502115,-14.989792,1.2010226,-0.049860388,0.009152453
21.983333333333334,20.502031,-14.989826,1.2008457,-0.04384982,0.016050944
22.0,20.501938,-14.989858,1.201825,-0.03715623,0.021173587
22.016666666666666,20.501846,-14.98989,1.2013764,-0.028960003,0.025066795
22.03333333333333,20.501747,-14.989919,1.2020833,-0.022129813,0.027525665
22.05,20.501656,-14.989945,1.201362,-0.0147532085,0.029506417
22.066666666666666,20.501556,-14.989975,1.2017969,-0.010381888,0.030394342
22.083333333333332,20.50146,-14.990001,1.2007978,-0.0077864155,0.030052833
22.1,20.501366,-14.990023,1.200958,-0.0053275474,0.030872455
22.116666666666667,20.501274,-14.9900465,1.1996912,-0.0023222642,0.033331327
22.133333333333333,20.501175,-14.9900675,1.1995807,0.00027320758,0.033263024
22.15,20.501078,-14.9900875,1.1980363,0.001912453,0.031350568
22.166666666666668,20.500984,-14.990104,1.1976519,0.0053275474,0.029369814
22.183333333333334,20.500893,-14.990119,1.1997238,0.0124309445,0.026979249
22.2,20.500797,-14.990129,1.2003627,0.019397737,0.024725284
22.216666666666665,20.500702,-14.990142,1.2021626,0.025818117,0.022266418
22.233333333333334,20.500605,-14.990152,1.2025295,0.031145662,0.020012455
22.25,20.500511,-14.990162,1.2001673,0.03524378,0.0181
22.266666666666666,20.500414,-14.990172,1.198966,0.03920529,0.0147532085
22.28333333333333,20.500322,-14.99018,1.2002147,0.043166798,0.008332831
22.3,20.500235,-14.990187,1.2000353,0.04740152,0.0020490568
22.316666666666666,20.50015,-14.990193,1.2010171,0.053685293,-0.0036200003
22.333333333333332,20.50007,-14.9902,1.2005666,0.059695866,-0.008879246
22.35,20.499987,-14.990208,1.2012707,0.062974356,-0.014275095
22.366666666666667,20.499912,-14.990215,1.2005459,0.06584304,-0.018987926
22.383333333333333,20.499842,-14.990226,1.200977,0.06720907,-0.020695474
22.4,20.49977,-14.990234,1.199979,0.06925814,-0.021924907
22.416666666666668,20.4997,-14.990246,1.2001439,0.07431248,-0.022812832
22.433333333333334,20.49963,-14.990253,1.1988757,0.07882041,-0.023222644
22.45,20.49957,-14.990269,1.1987622,0.08018645,-0.02308604
22.466666666666665,20.499517,-14.990285,1.201103,0.0820989,-0.024110569
22.483333333333334,20.499468,-14.990301,1.2020117,0.08414797,-0.026569437
22.5,20.499416,-14.990316,1.200197,0.08647023,-0.028413588
22.516666666666666,20.499374,-14.99033,1.1995448,0.09015854,-0.029916229
22.53333333333333,20.49933,-14.990349,1.2013426,0.090841554,-0.030940758
22.55,20.499294,-14.990371,1.2017065,0.08947551,-0.032784913
22.566666666666666,20.499258,-14.99039,1.199347,0.08851928,-0.03415095
22.583333333333332,20.499228,-14.990415,1.1981432,0.08319173,-0.033536233
22.6,20.499208,-14.990442,1.199394,0.07608833,-0.032921515
22.616666666666667,20.499186,-14.990471,1.1992124,0.06830191,-0.033263024
22.633333333333333,20.499172,-14.9904995,1.2001908,0.059286054,-0.032101892
22.65,20.499157,-14.990532,1.1997365,0.049040765,-0.029916229
22.666666666666668,20.499147,-14.990565,1.2004423,0.03920529,-0.02855019
22.683333333333334,20.499136,-14.990597,1.1997159,0.029506417,-0.02855019
22.7,20.499126,-14.990632,1.2001493,0.019670945,-0.027798872
22.716666666666665,20.499117,-14.990668,1.1991514,0.0094256615,-0.027457362
22.733333333333334,20.49911,-14.9907055,1.1993068,-0.002595472,-0.025340002
22.75,20.499104,-14.990749,1.2019162,-0.012021133,-0.018509813
22.766666666666666,20.499088,-14.990789,1.2030989,-0.018987926,-0.010655095
22.78333333333333,20.499086,-14.990832,1.2015542,-0.026910948,-0.0027320758
22.8,20.499077,-14.990871,1.2011696,-0.02855019,0.004507925
22.816666666666666,20.499056,-14.990911,1.2032406,-0.02308604,0.009357359
22.833333333333332,20.499043,-14.990947,1.2038796,-0.01734868,0.013865285
22.85,20.499027,-14.990984,1.2017896,-0.0124309445,0.017758492
22.866666666666667,20.499016,-14.991018,1.2008533,-0.010518491,0.020968681
22.883333333333333,20.499,-14.991055,1.2023718,-0.007923019,0.025476608
22.9,20.49898,-14.99109,1.2024635,-0.0035516985,0.029916229
22.916666666666668,20.498966,-14.991123,1.2037117,0.0017758493,0.031828683
22.933333333333334,20.498953,-14.991152,1.2035308,0.007649812,0.03374114
22.95,20.498936,-14.991182,1.2018571,0.013250567,0.034970574
22.966666666666665,20.498926,-14.991209,1.201755,0.01734868,0.03777095
22.983333333333334,20.498909,-14.991237,1.200219,0.02021736,0.04132265
23.0,20.4989,-14.9912615,1.1998383,0.020490568,0.042893592
23.016666666666666,20.498894,-14.9912815,1.2019125,0.021720001,0.042961895
23.03333333333333,20.498886,-14.991302,1.2025588,0.023905663,0.04384982
23.05,20.498869,-14.991319,1.2004776,0.025408303,0.045420762
23.066666666666666,20.498861,-14.991333,1.1995523,0.025818117,0.045147553
23.083333333333332,20.498856,-14.991347,1.2010809,0.028960003,0.043781515
23.1,20.498848,-14.991357,1.2011826,0.033604536,0.043303404
23.116666666666667,20.49884,-14.991365,1.2024403,0.03742944,0.044191327
23.133333333333333,20.49884,-14.991371,1.2022698,0.041527554,0.044806045
23.15,20.498837,-14.991374,1.2032557,0.044123027,0.042552084
23.166666666666668,20.498835,-14.991377,1.202807,0.044669442,0.039888307
23.183333333333334,20.498837,-14.991377,1.2035182,0.044669442,0.038317364
23.2,20.498835,-14.991375,1.2028028,0.04576227,0.03674642
23.216666666666665,20.498837,-14.991371,1.2032435,0.045079254,0.032033592
23.233333333333334,20.498846,-14.991367,1.2022498,0.042347178,0.026842646
23.25,20.498856,-14.99136,1.2024164,0.03879548,0.021720001
23.266666666666666,20.49887,-14.991354,1.2011503,0.034287553,0.017075473
23.28333333333333,20.49888,-14.991345,1.201044,0.030189436,0.016392455
23.3,20.498896,-14.991338,1.199505,0.025681512,0.015777737
23.316666666666666,20.498915,-14.99133,1.1991261,0.024042265,0.017553587
23.333333333333332,20.498924,-14.99132,1.2012032,0.02773057,0.020285662
23.35,20.498938,-14.99131,1.2018486,0.032101892,0.021993209
23.366666666666667,20.498953,-14.991302,1.1997644,0.035107177,0.023905663
23.383333333333333,20.49897,-14.991289,1.19884,0.03893208,0.02773057
23.4,20.498987,-14.991277,1.2003725,0.044942647,0.031350568
23.416666666666668,20.499006,-14.9912615,1.2004726,0.050816614,0.033604536
23.433333333333334,20.49903,-14.991243,1.2017268,0.052182652,0.035448685
23.45,20.499054,-14.991225,1.201552,0.052729066,0.03804416
23.466666666666665,20.499083,-14.991201,1.2025332,0.050816614,0.038658876
23.483333333333334,20.49911,-14.9911785,1.2020863,0.04917737,0.038317364
23.5,20.499142,-14.991155,1.202795,0.044942647,0.038727175
23.516666666666666,20.499174,-14.991128,1.2020755,0.040161517,0.040366422
23.53333333333333,20.499214,-14.991099,1.2025119,0.03415095,0.040912837
23.55,20.49925,-14.99107,1.201519,0.028413588,0.04173246
23.566666666666666,20.499289,-14.991038,1.201683,0.022812832,0.04022982
23.583333333333332,20.499329,-14.991003,1.2004187,0.0180317,0.037292838
23.6,20.499369,-14.990968,1.2003108,0.0124309445,0.034424156
23.616666666666667,20.499413,-14.9909315,1.1987736,0.006966793,0.032853212
23.633333333333333,20.499453,-14.9908905,1.1983935,0.0016392454,0.029369814
23.65,20.499495,-14.990853,1.2004673,-0.0017758493,0.024042265
23.666666666666668,20.499537,-14.990809,1.2011089,-0.0054641515,0.018714719
23.683333333333334,20.499575,-14.9907675,1.199027,-0.009152453,0.014343398
23.7,20.49961,-14.9907255,1.1981012,-0.013113963,0.008742643
23.716666666666665,20.49965,-14.99068,1.1996309,-0.016392455,0.0016392454
23.733333333333334,20.499687,-14.990634,1.1997274,-0.020353964,-0.0052592456
23.75,20.499727,-14.990591,1.2009776,-0.026501136,-0.010518491
23.766666666666666,20.49976,-14.990552,1.2008002,-0.032101892,-0.01550453
23.78333333333333,20.499798,-14.990512,1.2017841,-0.033331327,-0.018236605
23.8,20.499823,-14.990469,1.2013355,-0.03374114,-0.021241888
23.816666666666666,20.499851,-14.99043,1.2020471,-0.030599248,-0.024725284
23.833333333333332,20.499882,-14.990392,1.2013265,-0.027184155,-0.028072078
23.85,20.499905,-14.990352,1.2017651,-0.022676228,-0.028755097
23.866666666666667,20.499928,-14.990316,1.2007712,-0.018168304,-0.029643022
23.883333333333333,20.499954,-14.990277,1.2009377,-0.013113963,-0.03141887
23.9,20.499979,-14.990244,1.199672,-0.008742643,-0.032853212
23.916666666666668,20.499998,-14.990215,1.19956,-0.007649812,-0.03271661
23.933333333333334,20.500027,-14.990186,1.1980191,-0.0065569817,-0.0323751
23.95,20.50005,-14.990157,1.1976405,-0.003141887,-0.030189436
23.966666666666665,20.500069,-14.99013,1.1997126,0.00054641516,-0.029164908
23.983333333333334,20.50009,-14.990108,1.2003562,0.00505434,-0.029028304
24.0,20.500118,-14.990087,1.2021558,0.0061471704,-0.02848189
24.016666666666666,20.500145,-14.990064,1.2025207,0.005190944,-0.027662268
24.03333333333333,20.500166,-14.990044,1.2001625,0.004917736,-0.026979249
24.05,20.500193,-14.990025,1.1989665,0.0053275474,-0.025476608
24.066666666666666,20.500208,-14.990007,1.200221,0.004234717,-0.026501136
24.083333333333332,20.500237,-14.98999,1.2000414,0.0017758493,-0.029506417
24.1,20.50026,-14.989973,1.2010219,-0.0008196227,-0.03148717
24.116666666666667,20.50029,-14.989959,1.2005696,-0.0046445285,-0.0324434
24.133333333333333,20.50031,-14.989945,1.2012779,-0.005600755,-0.03271661
24.15,20.500334,-14.989932,1.2005588,-0.005190944,-0.031828683
24.166666666666668,20.50036,-14.989921,1.2009963,-0.0047811326,-0.032853212
24.183333333333334,20.500383,-14.989913,1.1999993,-0.004917736,-0.035721894
24.2,20.500408,-14.989901,1.2001631,-0.004507925,-0.03715623
24.216666666666665,20.50043,-14.989891,1.1988993,-0.003141887,-0.036883026
24.233333333333334,20.500452,-14.989887,1.198792,-0.0036883021,-0.037975855
24.25,20.50048,-14.989883,1.2011335,-0.008332831,-0.04180076
24.266666666666666,20.500504,-14.989881,1.2020458,-0.013523775,-0.04528416
24.28333333333333,20.500525,-14.989874,1.2002313,-0.019397737,-0.04822114
24.3,20.500547,-14.989876,1.199577,-0.025135096,-0.04999699
24.316666666666666,20.500568,-14.989882,1.201373,-0.032101892,-0.050065294
24.333333333333332,20.500587,-14.989888,1.2017409,-0.038385667,-0.04999699
24.35,20.500607,-14.989899,1.2032642,-0.04425963,-0.04951888
24.366666666666667,20.500618,-14.989914,1.203359,-0.04917737,-0.049040765
24.383333333333333,20.50063,-14.989924,1.2007278,-0.05423171,-0.049655482
24.4,20.500639,-14.989941,1.1992564,-0.056690577,-0.047606427
24.416666666666668,20.50065,-14.98996,1.2002351,-0.057646804,-0.041937366
24.433333333333334,20.50065,-14.9899845,1.1997848,-0.056963786,-0.03565359
24.45,20.500648,-14.9900055,1.2004967,-0.053685293,-0.027525665
24.466666666666665,20.500647,-14.990029,1.1997762,-0.04999699,-0.01987585
24.483333333333334,20.500639,-14.990051,1.20021,-0.04849435,-0.015231322
24.5,20.500633,-14.990077,1.1992093,-0.048904162,-0.011133209
24.516666666666666,20.50063,-14.990106,1.1993681,-0.04808454,-0.0038932078
24.53333333333333,20.500618,-14.990133,1.2019839,-0.04248378,0.0061471704
24.55,20.500599,-14.990158,1.2031721,-0.035107177,0.017553587
24.566666666666666,20.500586,-14.990182,1.2016338,-0.028003776,0.028276984
24.583333333333332,20.500566,-14.990206,1.2012498,-0.024588682,0.03674642
24.6,20.500555,-14.990228,1.1994307,-0.022812832,0.04357661
24.616666666666667,20.500538,-14.990248,1.1987717,-0.019397737,0.048972465
24.633333333333333,20.500511,-14.99026,1.2005689,-0.011064907,0.05136303
24.65,20.500494,-14.990273,1.200934,-0.0021856606,0.05204605
24.666666666666668,20.500471,-14.99028,1.2024593,0.0077864155,0.052319255
24.683333333333334,20.500446,-14.990287,1.2025511,0.01734868,0.05307058
24.7,20.50043,-14.990293,1.1999205,0.02732076,0.05354869
24.716666666666665,20.500408,-14.990297,1.1984465,0.035790194,0.051089823
24.733333333333334,20.500395,-14.9902935,1.1994268,0.04139095,0.048630953
24.75,20.500372,-14.99029,1.1989741,0.045489065,0.0467185
24.766666666666666,20.500366,-14.990282,1.1996748,0.04535246,0.04282529
24.78333333333333,20.50036,-14.990279,1.1989474,0.044532835,0.039136987
24.8,20.500353,-14.99027,1.1993829,0.044942647,0.034697365
24.816666666666666,20.500345,-14.990256,1.1983855,0.045079254,0.029028304
24.833333333333332,20.50034,-14.990241,1.1985424,0.04139095,0.02417887
24.85,20.500338,-14.99023,1.2011529,0.036609817,0.023017738
24.866666666666667,20.500336,-14.990215,1.2023314,0.03141887,0.021993209
24.883333333333333,20.500334,-14.990203,1.2007871,0.026501136,0.021515096
24.9,20.500338,-14.990187,1.2004042,0.025954721,0.02274453
24.916666666666668,20.500341,-14.990169,1.202472,0.02704755,0.025613211
24.933333333333334,20.50035,-14.990148,1.2031113,0.028823398,0.028345285
24.95,20.500353,-14.9901285,1.2010235,0.030189436,0.03141887
24.966666666666665,20.500357,-14.990107,1.2000899,0.029916229,0.031145662
24.983333333333334,20.500372,-14.990084,1.2016109,0.030872455,0.028276984
25.0,20.500378,-14.990056,1.201706,0.032921515,0.025954721
25.016666666666666,20.500387,-14.990034,1.202956,0.031555474,0.024725284
25.03333333333333,20.5004,-14.990007,1.2027714,0.028413588,0.022676228
25.05,20.500416,-14.98998,1.1998634,0.02554491,0.02131019
25.066666666666666,20.500425,-14.989951,1.1981121,0.021856606,0.01837321
25.083333333333332,20.500446,-14.9899235,1.1988155,0.018987926,0.015641134
25.1,20.500465,-14.989895,1.1980863,0.01625585,0.012226039
25.116666666666667,20.500477,-14.9898615,1.1985177,0.016938869,0.007923019
25.133333333333333,20.500498,-14.989829,1.2014056,0.02021736,0.006352076
25.15,20.50052,-14.989796,1.202861,0.022812832,0.0060105664
25.166666666666668,20.50054,-14.989763,1.2015864,0.024588682,0.004917736
25.183333333333334,20.500563,-14.989731,1.2014723,0.02554491,0.00505434
25.2,20.500586,-14.989699,1.1999259,0.025954721,0.0047128308
25.216666666666665,20.500612,-14.989669,1.1995394,0.026501136,0.005190944
25.233333333333334,20.500637,-14.989637,1.2016039,0.02732076,0.004234717
25.25,20.500666,-14.989606,1.2022393,0.028413588,0.0034150947
25.266666666666666,20.500696,-14.989574,1.2001482,0.029096607,0.0020490568
25.28333333333333,20.500721,-14.989541,1.1992172,0.0323751,-0.00040981136
25.3,20.500753,-14.98951,1.200737,0.03565359,-0.0014343398
25.316666666666666,20.500788,-14.989481,1.2008278,0.03920529,-0.0009562265
25.333333333333332,20.500822,-14.989448,1.2020752,0.043030195,-6.8301895e-05
25.35,20.50086,-14.989415,1.2018937,0.04740152,0.0015709435
25.366666666666667,20.500896,-14.989385,1.2028743,0.05313888,0.0034833965
25.383333333333333,20.500937,-14.989351,1.2024227,0.057920013,0.0053958497
25.4,20.500982,-14.989319,1.2031245,0.0575102,0.004303019
25.416666666666668,20.50103,-14.989287,1.2023915,0.054504916,0.0022539624
25.433333333333334,20.501078,-14.989253,1.2028185,0.05177284,-0.0017758493
25.45,20.501131,-14.989217,1.2018198,0.050406802,-0.0066935853
25.466666666666665,20.501184,-14.989185,1.201977,0.04699171,-0.010313585
25.483333333333334,20.501242,-14.989152,1.2007049,0.043440007,-0.012499247
25.5,20.501297,-14.989121,1.2005894,0.037566043,-0.014480001
25.516666666666666,20.501356,-14.989091,1.1990387,0.029643022,-0.016529057
25.53333333333333,20.50142,-14.989063,1.1986485,0.023632456,-0.01734868
25.55,20.501488,-14.989037,1.200715,0.021173587,-0.014821511
25.566666666666666,20.501547,-14.989007,1.2013485,0.019261133,-0.0124309445
25.583333333333332,20.501616,-14.98898,1.1992592,0.017485285,-0.009357359
25.6,20.501677,-14.988955,1.1983266,0.015299624,-0.0073766042
25.616666666666667,20.50174,-14.988927,1.1998479,0.01297736,-0.005669057
25.633333333333333,20.501804,-14.9889,1.1999371,0.010245284,-0.0047811326
25.65,20.50187,-14.988875,1.20118,0.004917736,-0.005600755
25.666666666666668,20.501934,-14.988849,1.2009941,-0.00013660379,-0.0073083024
25.683333333333334,20.502,-14.988824,1.2019718,-0.002595472,-0.009972076
25.7,20.502066,-14.988799,1.2015159,-0.005600755,-0.012567548
25.716666666666665,20.502132,-14.988776,1.2022138,-0.011747926,-0.013318869
25.733333333333334,20.50219,-14.988755,1.201483,-0.017485285,-0.013865285
25.75,20.502258,-14.98873,1.201915,-0.021993209,-0.011679623
25.766666666666666,20.502316,-14.988708,1.2009144,-0.026501136,-0.009493963
25.78333333333333,20.502373,-14.988684,1.2010671,-0.03374114,-0.006898491
25.8,20.502434,-14.988663,1.1997921,-0.04057133,-0.004234717
25.816666666666666,20.502487,-14.988643,1.1996726,-0.046855103,-0.00040981136
25.833333333333332,20.50254,-14.98862,1.1981252,-0.05204605,0.0035516985
25.849999999999998,20.50259,-14.988598,1.1977394,-0.05354869,0.009493963
25.866666666666667,20.502632,-14.988571,1.1998043,-0.053412087,0.014548304
25.883333333333333,20.502676,-14.988551,1.2004347,-0.05423171,0.019397737
25.9,20.502712,-14.988529,1.2022252,-0.05245586,0.02342755
25.916666666666668,20.502748,-14.988505,1.2025895,-0.049040765,0.02814038
25.933333333333334,20.502787,-14.9884815,1.2002262,-0.04603548,0.032306798
25.95,20.502821,-14.988454,1.1990168,-0.045489065,0.03415095
25.966666666666665,20.502853,-14.988424,1.2002629,-0.044532835,0.0324434
25.983333333333334,20.502882,-14.988394,1.2000761,-0.043713216,0.029028304
26.0,20.50291,-14.98836,1.2010496,-0.04275699,0.02704755
26.016666666666666,20.502941,-14.988326,1.2005894,-0.04275699,0.026159627
26.03333333333333,20.502956,-14.988291,1.20129,-0.041254345,0.02663774
26.05,20.502981,-14.988257,1.2005583,-0.04043472,0.027867174
26.066666666666666,20.503004,-14.98822,1.2009858,-0.037975855,0.031145662
26.083333333333332,20.503017,-14.988187,1.1999815,-0.035107177,0.034082647
26.099999999999998,20.503029,-14.988145,1.2001367,-0.028003776,0.034082647
26.116666666666667,20.503044,-14.988102,1.1988662,-0.018441511,0.032921515
26.133333333333333,20.503056,-14.988059,1.1987519,-0.01120151,0.030872455
26.15,20.503067,-14.988012,1.2010846,-0.009835472,0.028072078
26.166666666666668,20.503078,-14.987966,1.2019827,-0.010245284,0.024042265
26.183333333333334,20.503088,-14.987919,1.200158,-0.010381888,0.020490568
26.2,20.503101,-14.987871,1.1994958,-0.0073766042,0.017758492
26.216666666666665,20.503107,-14.987823,1.2012837,-0.0032784909,0.016187549
26.233333333333334,20.503117,-14.987768,1.2016436,0.0017758493,0.014548304
26.25,20.503126,-14.987719,1.2031589,0.0068301894,0.013455473
26.266666666666666,20.503138,-14.987663,1.2032465,0.012567548,0.012021133
26.28333333333333,20.503147,-14.987613,1.200606,0.017621888,0.010928303
26.3,20.503155,-14.987559,1.199127,0.023769058,0.008810944
26.316666666666666,20.503172,-14.987503,1.2000977,0.028276984,0.005600755
26.333333333333332,20.50318,-14.98745,1.1996406,0.033058118,0.0020490568
26.349999999999998,20.50319,-14.987393,1.2003394,0.03524378,-0.0029369814
26.366666666666667,20.503204,-14.987337,1.1996093,0.037292838,-0.008606038
26.383333333333333,20.503225,-14.987284,1.2000352,0.03524378,-0.016460756
26.4,20.503244,-14.987229,1.1990268,0.03128227,-0.025681512
26.416666666666668,20.503267,-14.987178,1.199178,0.026091324,-0.03339963
26.433333333333334,20.503294,-14.987124,1.1978964,0.01980755,-0.04029812
26.45,20.503323,-14.987078,1.1977746,0.01625585,-0.04603548
26.466666666666665,20.503342,-14.987033,1.2001112,0.017758492,-0.0502702
26.483333333333334,20.503366,-14.986987,1.2010136,0.019261133,-0.053753596
26.5,20.503391,-14.986941,1.1991936,0.020763775,-0.056280766
26.516666666666666,20.503408,-14.9869,1.1985292,0.020763775,-0.05914945
26.53333333333333,20.503439,-14.986867,1.200314,0.0180317,-0.06290606
26.55,20.503464,-14.986834,1.2006695,0.015299624,-0.065979645
26.566666666666666,20.503494,-14.986806,1.2021875,0.012840756,-0.065091714
26.583333333333332,20.503523,-14.986777,1.2022737,0.009972076,-0.064067185
26.599999999999998,20.50355,-14.986754,1.1996295,0.0060105664,-0.06283776
26.616666666666667,20.50358,-14.9867325,1.1981456,0.0030052832,-0.062359642
26.633333333333333,20.503609,-14.986717,1.1991127,0.0010928303,-0.06338417
26.65,20.503637,-14.986704,1.1986517,-0.00013660379,-0.06386229
26.666666666666668,20.503668,-14.986692,1.199352,0.00054641516,-0.061061904
26.683333333333334,20.503695,-14.986684,1.1986207,0.0013660379,-0.058056615
26.7,20.503729,-14.986677,1.1990421,0.00013660379,-0.055597752
26.716666666666665,20.503763,-14.986674,1.1980358,-0.00068301894,-0.05354869
26.733333333333334,20.503796,-14.986673,1.1981854,-0.00040981136,-0.0538902
26.75,20.503828,-14.986676,1.2007904,0.0020490568,-0.053002276
26.766666666666666,20.503859,-14.986676,1.2019684,0.005600755,-0.05054341
26.78333333333333,20.503885,-14.986678,1.2004195,0.009152453,-0.048630953
26.8,20.503916,-14.986688,1.2000241,0.009698869,-0.049450576
26.816666666666666,20.50395,-14.986699,1.1982005,0.009835472,-0.050065294
26.833333333333332,20.503986,-14.986711,1.1975322,0.006966793,-0.04951888
26.849999999999998,20.504019,-14.98673,1.1993196,0.0034150947,-0.048972465
26.866666666666667,20.504051,-14.986748,1.1996738,-0.0009562265,-0.048426047
26.883333333333333,20.504086,-14.986773,1.201188,-0.0043713213,-0.049313974
26.9,20.50412,-14.986794,1.2012701,-0.007649812,-0.051841144
26.916666666666668,20.504152,-14.986822,1.2025125,-0.010928303,-0.05307058
26.933333333333334,20.504183,-14.98685,1.2023218,-0.01516302,-0.053343784
26.95,20.504215,-14.986881,1.2032914,-0.018441511,-0.0538902
26.966666666666665,20.504244,-14.986913,1.2028286,-0.021993209,-0.05552945
26.983333333333334,20.504276,-14.986949,1.2035272,-0.025818117,-0.05484643
27.0,20.504309,-14.986985,1.2027916,-0.03100906,-0.053002276
27.016666666666666,20.504335,-14.987027,1.2032169,-0.036200006,-0.050475106
27.03333333333333,20.50437,-14.987071,1.2022091,-0.04248378,-0.047538124
27.05,20.504393,-14.987115,1.2023555,-0.04958718,-0.04610378
27.066666666666666,20.504417,-14.987163,1.2010728,-0.05641737,-0.04425963
27.083333333333332,20.504438,-14.987215,1.2009534,-0.057920013,-0.042347178
27.099999999999998,20.504448,-14.987265,1.1994015,-0.058193225,-0.041595858
27.116666666666667,20.504461,-14.987318,1.1990093,-0.05600756,-0.03852227
27.133333333333333,20.504473,-14.987374,1.2010667,-0.053275485,-0.033058118
27.15,20.504475,-14.9874325,1.2016962,-0.04958718,-0.027457362
27.166666666666668,20.50448,-14.987488,1.1995982,-0.046581898,-0.021788303
27.183333333333334,20.504477,-14.987547,1.1986606,-0.042620383,-0.017553587
27.2,20.50448,-14.987607,1.2001746,-0.039888307,-0.016870568
27.216666666666665,20.504477,-14.987669,1.2002522,-0.038658876,-0.016802266
27.233333333333334,20.504475,-14.987728,1.2014904,-0.03742944,-0.014480001
27.25,20.504469,-14.987788,1.2013028,-0.034697365,-0.011816228
27.266666666666666,20.504461,-14.987851,1.2022707,-0.033331327,-0.009220756
27.28333333333333,20.504452,-14.987913,1.2018042,-0.033194724,-0.0074449065
27.3,20.504442,-14.987979,1.2024976,-0.030872455,-0.0054641515
27.316666666666666,20.504435,-14.988043,1.2017658,-0.026910948,-0.0037566042
27.333333333333332,20.50442,-14.988103,1.2021896,-0.02240302,-0.0048494344
27.349999999999998,20.504404,-14.988165,1.2011783,-0.019261133,-0.006352076
27.366666666666667,20.50439,-14.988229,1.2013272,-0.01516302,-0.0054641515
27.383333333333333,20.504375,-14.988293,1.20005,-0.009698869,-0.004234717
27.4,20.504364,-14.988354,1.1999284,-0.005600755,-0.0034150947
27.416666666666668,20.504354,-14.988419,1.198372,-0.0028686796,-0.0034150947
27.433333333333334,20.504335,-14.9884815,1.1979767,0.0009562265,-0.0045762267
27.45,20.504318,-14.988545,1.2000316,0.004234717,-0.0039615096
27.466666666666665,20.504305,-14.988609,1.2006575,0.0075132083,-0.0017075473
27.483333333333334,20.504286,-14.988675,1.2024466,0.012840756,0.002458868
27.5,20.50427,-14.988739,1.2028025,0.017621888,0.0073083024
27.516666666666666,20.504257,-14.988802,1.2004288,0.021446794,0.011338114
27.53333333333333,20.504246,-14.988866,1.1992158,0.025135096,0.015914341
27.55,20.504236,-14.988927,1.2004532,0.02773057,0.019192832
27.566666666666666,20.50423,-14.98899,1.2002622,0.030462643,0.02274453
27.583333333333332,20.504221,-14.98905,1.2012271,0.03374114,0.024520379
27.599999999999998,20.50421,-14.989111,1.200764,0.03770265,0.026501136
27.616666666666667,20.50421,-14.989169,1.2014637,0.04398642,0.026706042
27.633333333333333,20.504202,-14.989226,1.2007313,0.05054341,0.025340002
27.65,20.504208,-14.989281,1.2011511,0.051909447,0.022812832
27.666666666666668,20.504206,-14.989337,1.2001423,0.052182652,0.020968681
27.683333333333334,20.504211,-14.98939,1.2002898,0.048630953,0.01734868
27.7,20.504213,-14.989444,1.1990016,0.042893592,0.013045661
27.716666666666665,20.504227,-14.989495,1.1988742,0.038658876,0.008810944
27.733333333333334,20.50424,-14.9895525,1.2012036,0.037975855,0.0066252835
27.75,20.504251,-14.989603,1.202101,0.037839253,0.004234717
27.766666666666666,20.504261,-14.989656,1.2002742,0.037975855,0.0023905663
27.78333333333333,20.504284,-14.989707,1.1996044,0.039341893,-0.00088792463
27.8,20.504305,-14.989759,1.2013899,0.044123027,-0.0053275474
27.816666666666666,20.504326,-14.989811,1.2017426,0.048630953,-0.009630566
27.833333333333332,20.504349,-14.989865,1.2032545,0.053002276,-0.010518491
27.849999999999998,20.504372,-14.989915,1.2033345,0.05682718,-0.011338114
27.866666666666667,20.504395,-14.989967,1.2006907,0.0609253,-0.01154302
27.883333333333333,20.504425,-14.99002,1.1992043,0.062974356,-0.012226039
27.9,20.504465,-14.990072,1.2001717,0.062564544,-0.012157737
27.916666666666668,20.504501,-14.990127,1.1997068,0.06119851,-0.012567548
27.933333333333334,20.504545,-14.990184,1.2003943,0.055870958,-0.013523775
27.95,20.504591,-14.990238,1.1996543,0.05068001,-0.014889813
27.966666666666665,20.504635,-14.990296,1.2000768,0.046581898,-0.015299624
27.983333333333334,20.504683,-14.990352,1.1990666,0.04248378,-0.01625585
28.0,20.504736,-14.99041,1.19921,0.036336612,-0.0180317
28.016666666666666,20.504787,-14.990471,1.1979254,0.030872455,-0.020285662
28.03333333333333,20.50484,-14.990531,1.1978037,0.028686795,-0.022471322
28.05,20.504898,-14.99059,1.2001323,0.025408303,-0.02240302
28.066666666666666,20.504957,-14.990654,1.201025,0.02021736,-0.02131019
28.083333333333332,20.505014,-14.990719,1.1991948,0.015299624,-0.019261133
28.099999999999998,20.505068,-14.990784,1.198527,0.013796982,-0.017007172
28.116666666666667,20.505129,-14.990848,1.2003103,0.01407019,-0.0181
28.133333333333333,20.505188,-14.990912,1.200666,0.01516302,-0.020490568
28.15,20.505249,-14.990977,1.2021772,0.0124309445,-0.02308604
28.166666666666668,20.505308,-14.991043,1.2022518,0.007103397,-0.0252717
28.183333333333334,20.505373,-14.99111,1.1996045,0.002458868,-0.027593967
28.2,20.505434,-14.991179,1.1981131,-0.00505434,-0.028823398
28.216666666666665,20.505499,-14.991256,1.1990765,-0.012840756,-0.028618492
28.233333333333334,20.50556,-14.991328,1.1986071,-0.021173587,-0.028208682
28.25,20.505617,-14.991403,1.1992989,-0.02773057,-0.026364531
28.266666666666666,20.50568,-14.99148,1.1985632,-0.032921515,-0.02315434
28.28333333333333,20.505732,-14.991557,1.1989844,-0.039888307,-0.020285662
28.3,20.50579,-14.991634,1.1979702,-0.048630953,-0.01734868
28.316666666666666,20.505842,-14.991715,1.1981167,-0.057920013,-0.014343398
28.333333333333332,20.50589,-14.9917965,1.2007136,-0.069531344,-0.010655095
28.349999999999998,20.50594,-14.991877,1.2018825,-0.08114267,-0.007035095
28.366666666666667,20.505983,-14.991956,1.2003231,-0.093300425,-0.003141887
28.383333333333333,20.506027,-14.992036,1.1999253,-0.10409214,0.001229434
28.4,20.506067,-14.992117,1.1980942,-0.11543028,0.0060788686
28.416666666666668,20.506098,-14.992199,1.197424,-0.12499256,0.011611322
28.433333333333334,20.506115,-14.992279,1.1992037,-0.13441825,0.018646417
28.45,20.50613,-14.992359,1.1995554,-0.14302431,0.025749816
28.466666666666665,20.50613,-14.992439,1.2010632,-0.15190358,0.034287553
28.483333333333334,20.506126,-14.992518,1.2011352,-0.1616025,0.04350831
28.5,20.50612,-14.992597,1.2023675,-0.1650176,0.05245586
28.516666666666666,20.506102,-14.992669,1.2021731,-0.16433458,0.0609253
28.53333333333333,20.506075,-14.992733,1.2031406,-0.15723115,0.069394745
28.55,20.506042,-14.9928,1.2026752,-0.14835188,0.077044554
28.566666666666666,20.506002,-14.992862,1.2033637,-0.13988242,0.08175739
28.583333333333332,20.505957,-14.992922,1.2026238,-0.13032012,0.085240796
28.599999999999998,20.505905,-14.992973,1.2030399,-0.12130425,0.084762685
28.616666666666667,20.50585,-14.993025,1.2020286,-0.11215177,0.08442117
28.633333333333333,20.50579,-14.99307,1.2021722,-0.106960826,0.0851725
28.65,20.505726,-14.993112,1.2008787,-0.10409214,0.086401924
28.666666666666668,20.505651,-14.99315,1.2007469,-0.099311,0.08599211
28.683333333333334,20.505577,-14.993183,1.1991893,-0.0924808,0.08462608
28.7,20.505497,-14.993211,1.1987873,-0.08578721,0.08162079
28.716666666666665,20.505404,-14.993233,1.2008405,-0.07745437,0.07567852
28.733333333333334,20.505314,-14.993251,1.2014618,-0.069531344,0.06830191
28.75,20.505224,-14.993271,1.1993532,-0.06283776,0.060856998
28.766666666666666,20.505127,-14.993284,1.1984041,-0.056690577,0.05710039
28.78333333333333,20.505028,-14.993293,1.1999114,-0.05068001,0.05839813
28.8,20.504927,-14.993301,1.1999865,-0.045079254,0.059695866
28.816666666666666,20.504824,-14.993305,1.2012159,-0.040844534,0.058603037
28.833333333333332,20.504717,-14.99331,1.2010161,-0.036609817,0.057783406
28.849999999999998,20.504612,-14.993308,1.2019794,-0.030462643,0.05710039
28.866666666666667,20.504501,-14.993303,1.2015097,-0.024861889,0.056690577
28.883333333333333,20.504395,-14.993299,1.2021945,-0.021583399,0.055119637
28.9,20.504282,-14.993291,1.2014501,-0.018441511,0.0538902
28.916666666666668,20.504179,-14.993279,1.2018626,-0.015709436,0.05320718
28.933333333333334,20.504074,-14.993267,1.2008458,-0.0124309445,0.053412087
28.95,20.503962,-14.993252,1.2009914,-0.0072400006,0.056622274
28.966666666666665,20.503847,-14.993235,1.1997045,-0.001912453,0.059559263
28.983333333333334,20.503736,-14.993215,1.199571,0.002458868,0.059081152
29.0,20.503632,-14.993188,1.2018931,0.007649812,0.0573736
29.016666666666666,20.503521,-14.993158,1.2027826,0.012840756,0.05484643
29.03333333333333,20.503405,-14.993129,1.2009491,0.018304907,0.05279737
29.05,20.503292,-14.993097,1.2002783,0.025954721,0.05074831
29.066666666666666,20.503185,-14.993057,1.2020582,0.03128227,0.048289444
29.083333333333332,20.503073,-14.993018,1.2024026,0.034970574,0.044806045
29.099999999999998,20.502966,-14.992977,1.2000246,0.03893208,0.04180076
29.116666666666667,20.502865,-14.992935,1.1988015,0.040024914,0.038249064
29.133333333333333,20.502762,-14.992889,1.2000337,0.03852227,0.036473215
29.15,20.502659,-14.992843,1.1998321,0.03565359,0.035721894
29.166666666666668,20.502565,-14.992795,1.2007915,0.032921515,0.03380944
29.183333333333334,20.50247,-14.992745,1.2003182,0.030052833,0.030462643
29.2,20.502377,-14.992692,1.2010057,0.026910948,0.026842646
29.216666666666665,20.502283,-14.99264,1.2002604,0.023222644,0.022539625
29.233333333333334,20.502188,-14.992584,1.2006756,0.019261133,0.01878302
29.25,20.502094,-14.992528,1.1996583,0.014480001,0.014548304
29.266666666666666,20.502007,-14.992472,1.199794,0.0073766042,0.011338114
29.28333333333333,20.50192,-14.992415,1.198501,0.00027320758,0.009493963
29.3,20.501825,-14.992361,1.1983708,-0.0016392454,0.008401133
29.316666666666666,20.50173,-14.992303,1.2006913,0.0009562265,0.005873963
29.333333333333332,20.501633,-14.992246,1.201583,0.00505434,0.0036883021
29.349999999999998,20.501541,-14.992183,1.1997478,0.008742643,0.0009562265
29.366666666666667,20.501448,-14.992124,1.1990725,0.014480001,-0.00013660379
29.383333333333333,20.501354,-14.992064,1.2008482,0.020490568,-0.0007513208
29.4,20.501265,-14.992003,1.2011955,0.02704755,-0.000614717
29.416666666666668,20.501177,-14.991943,1.2026975,0.031145662,0.0008196227
29.433333333333334,20.501085,-14.991886,1.2027719,0.03565359,0.0020490568
29.45,20.500996,-14.991825,1.2001204,0.040024914,0.0023905663
29.466666666666665,20.50091,-14.991768,1.1986212,0.041117743,0.0016392454
29.483333333333334,20.500828,-14.991712,1.1995776,0.04221057,6.8301895e-05
29.5,20.500746,-14.9916525,1.199107,0.04425963,-0.0008196227
29.516666666666666,20.50067,-14.991592,1.1997921,0.04384982,-0.0010245284
29.53333333333333,20.500597,-14.991529,1.1990424,0.042347178,-0.0021856606
29.55,20.500526,-14.991471,1.1994541,0.042893592,-0.0052592456
29.566666666666666,20.500452,-14.991409,1.198439,0.044806045,-0.007991321
29.583333333333332,20.50038,-14.99135,1.1985806,0.045625668,-0.011884529
29.599999999999998,20.500319,-14.991291,1.20117,0.043303404,-0.015572831
29.616666666666667,20.50026,-14.991234,1.20233,0.040844534,-0.018236605
29.633333333333333,20.500193,-14.991176,1.2007694,0.039615102,-0.02090038
29.65,20.500132,-14.991118,1.2003664,0.03742944,-0.026706042
29.666666666666668,20.500076,-14.991061,1.1985279,0.033604536,-0.03298982
29.683333333333334,20.500013,-14.991007,1.1978495,0.030189436,-0.039751705
29.7,20.499958,-14.990956,1.1996217,0.025408303,-0.045147553
29.716666666666665,20.499905,-14.990906,1.199965,0.020763775,-0.04917737
29.733333333333334,20.499847,-14.990861,1.2014642,0.017485285,-0.053753596
29.75,20.49979,-14.990814,1.2015357,0.015846038,-0.05901285
29.766666666666666,20.499735,-14.990772,1.2027698,0.017212076,-0.062154736
29.78333333333333,20.499681,-14.990733,1.2025713,0.018714719,-0.06522832
29.8,20.499628,-14.9907,1.203526,0.017212076,-0.06673096
29.816666666666666,20.499575,-14.990668,1.2030513,0.015299624,-0.06666266
29.833333333333332,20.499527,-14.990641,1.2037332,0.012704152,-0.06714077
29.849999999999998,20.49948,-14.990614,1.2029884,0.011064907,-0.068097
29.866666666666667,20.49943,-14.99059,1.2033982,0.008742643,-0.06734568
29.883333333333333,20.49938,-14.990572,1.2023797,0.0065569817,-0.064955115
29.9,20.499332,-14.990555,1.2025168,0.005190944,-0.06283776
29.916666666666668,20.499283,-14.9905405,1.2012262,0.00505434,-0.061335113
29.933333333333334,20.499237,-14.99053,1.2010915,0.0053275474,-0.058193225
29.95,20.499187,-14.9905205,1.1995281,0.005873963,-0.053480387
29.966666666666665,20.499136,-14.990519,1.1991205,0.007923019,-0.049313974
29.983333333333334,20.499084,-14.9905205,1.2011691,0.013387171,-0.045898873
30.0,20.499031,-14.99052,1.2017833,0.018987926,-0.04221057
30.016666666666666,20.498983,-14.990523,1.199675,0.024861889,-0.037566043
30.03333333333333,20.498938,-14.990526,1.1987233,0.031145662,-0.034014344
30.05,20.498892,-14.990535,1.2002265,0.040024914,-0.031692076
30.066666666666666,20.498854,-14.990542,1.2002969,0.04849435,-0.029164908
30.083333333333332,20.498816,-14.990553,1.2015266,0.056963786,-0.025135096
30.099999999999998,20.498772,-14.990564,1.2013245,0.06529662,-0.0216517
30.116666666666667,20.49874,-14.990575,1.2022834,0.073492855,-0.020080756
30.133333333333333,20.498707,-14.990588,1.2018093,0.08073287,-0.018441511
30.15,20.498678,-14.990602,1.2024945,0.085514,-0.016187549
30.166666666666668,20.49866,-14.990615,1.201747,0.0890657,-0.014548304
30.183333333333334,20.498646,-14.990629,1.2021543,0.088792495,-0.016324153
30.2,20.498632,-14.9906435,1.2011323,0.08810948,-0.0180317
30.216666666666665,20.49862,-14.99066,1.2012726,0.08715325,-0.017758492
30.233333333333334,20.498615,-14.990674,1.1999799,0.085514,-0.017758492
30.25,20.498613,-14.990689,1.1998419,0.08155248,-0.020149058
30.266666666666666,20.49862,-14.990707,1.2021587,0.077044554,-0.020968681
30.28333333333333,20.498627,-14.990725,1.2030482,0.073356256,-0.020080756
30.3,20.49864,-14.99074,1.2012112,0.06925814,-0.019534342
30.316666666666666,20.498652,-14.990755,1.2005283,0.06324757,-0.020695474
30.333333333333332,20.498672,-14.990777,1.2023004,0.05710039,-0.019466039
30.349999999999998,20.49869,-14.990798,1.2026454,0.051636238,-0.016187549
30.366666666666667,20.498709,-14.990819,1.2002631,0.045898873,-0.013250567
30.383333333333333,20.498734,-14.990841,1.1990343,0.03742944,-0.010791699
30.4,20.498758,-14.990862,1.2002614,0.029916229,-0.009493963
30.416666666666668,20.498789,-14.990887,1.2000558,0.022539625,-0.0094256615
30.433333333333334,20.498814,-14.99091,1.2010107,0.017212076,-0.0073083024
30.45,20.498846,-14.990936,1.2005386,0.013250567,-0.0030735852
30.466666666666665,20.498877,-14.990959,1.2012225,0.008606038,0.00027320758
30.483333333333334,20.49891,-14.990985,1.2004708,0.0027320758,0.0034150947
30.5,20.498941,-14.991006,1.2008805,-0.0015026416,0.0047128308
30.516666666666666,20.498974,-14.99103,1.1998582,-0.005190944,0.0046445285
30.53333333333333,20.49901,-14.991046,1.1999959,-0.0073766042,0.005873963
30.55,20.499033,-14.991068,1.1986996,-0.009698869,0.008127925
30.566666666666666,20.499063,-14.991089,1.1985645,-0.008332831,0.010928303
30.583333333333332,20.499092,-14.991109,1.2008854,-0.0030052832,0.014616605
30.599999999999998,20.499119,-14.99113,1.2017742,0.0027320758,0.017621888
30.616666666666667,20.499144,-14.991148,1.1999346,0.0077864155,0.019534342
30.633333333333333,20.499174,-14.991167,1.1992548,0.012021133,0.021515096
30.65,20.499199,-14.991182,1.2010247,0.013387171,0.024042265
30.666666666666668,20.499233,-14.9911995,1.2013665,0.014889813,0.02629623
30.683333333333334,20.499258,-14.991215,1.2028643,0.0147532085,0.027525665
30.7,20.499294,-14.991226,1.2029334,0.015026417,0.028003776
30.716666666666665,20.499325,-14.991239,1.2002766,0.015026417,0.027593967
30.733333333333334,20.499355,-14.99125,1.1987797,0.014480001,0.027798872
30.75,20.49939,-14.991256,1.1997321,0.010928303,0.028960003
30.766666666666666,20.49942,-14.991265,1.1992569,0.0075132083,0.02998453
30.78333333333333,20.499453,-14.991269,1.1999371,0.0016392454,0.03025774
30.8,20.499485,-14.991269,1.1991825,-0.0054641515,0.029301511
30.816666666666666,20.499516,-14.991272,1.1995897,-0.009835472,0.02773057
30.833333333333332,20.499548,-14.991274,1.1985695,-0.012567548,0.02704755
30.849999999999998,20.499584,-14.991272,1.1987052,-0.015026417,0.029438116
30.866666666666667,20.49961,-14.991272,1.2012954,-0.014889813,0.03387774
30.883333333333333,20.499641,-14.991272,1.2024528,-0.014889813,0.03893208
30.9,20.49967,-14.991267,1.2008877,-0.014343398,0.043644913
30.916666666666668,20.499697,-14.9912615,1.2004782,-0.014889813,0.04822114
30.933333333333334,20.499725,-14.991255,1.1986341,-0.016392455,0.05170454
30.95,20.499752,-14.991242,1.1979496,-0.01516302,0.055392846
30.966666666666665,20.499777,-14.991227,1.1997228,-0.008059624,0.05826153
30.983333333333334,20.499802,-14.991212,1.200062,-0.00054641516,0.060856998
31.0,20.499826,-14.991189,1.2015624,0.009562265,0.060856998
31.016666666666666,20.499847,-14.991163,1.2016311,0.020080756,0.058944546
31.03333333333333,20.499866,-14.991135,1.2028594,0.029643022,0.057032086
31.05,20.499891,-14.991105,1.2026545,0.037839253,0.05552945
31.066666666666666,20.499912,-14.991077,1.1997206,0.045215856,0.053275485
31.083333333333332,20.499943,-14.991043,1.1979463,0.051499635,0.050884917
31.099999999999998,20.499973,-14.991008,1.1986299,0.058056615,0.046855103
31.116666666666667,20.500008,-14.990966,1.1978816,0.063930586,0.041186046
31.133333333333333,20.500046,-14.990925,1.1982857,0.064477,0.036131706
31.15,20.50008,-14.990884,1.1972606,0.06379398,0.032306798
31.166666666666668,20.500122,-14.990839,1.197392,0.060652092,0.029301511
31.183333333333334,20.500172,-14.990795,1.199978,0.056280766,0.02957472
31.2,20.500223,-14.990747,1.2011293,0.050953217,0.030940758
31.216666666666665,20.50027,-14.990699,1.1995591,0.046445295,0.032101892
31.233333333333334,20.500326,-14.990652,1.1991525,0.046172082,0.030804154
31.25,20.500385,-14.990598,1.2011967,0.046581898,0.0252717
31.266666666666666,20.500443,-14.990543,1.2018051,0.04576227,0.01912453
31.28333333333333,20.5005,-14.990487,1.1996894,0.045079254,0.013865285
31.3,20.50056,-14.990431,1.1987311,0.043440007,0.008127925
31.316666666666666,20.500624,-14.990377,1.2002267,0.04248378,0.004303019
31.333333333333332,20.500687,-14.990322,1.2002903,0.04139095,0.00020490568
31.349999999999998,20.500755,-14.990268,1.2015136,0.041664157,-0.0020490568
31.366666666666667,20.500822,-14.9902115,1.2013116,0.04384982,-0.0038932078
31.383333333333333,20.500896,-14.990154,1.202265,0.043030195,-0.0060788686
31.4,20.500969,-14.990097,1.2017834,0.04043472,-0.009152453
31.416666666666668,20.501045,-14.990044,1.2024614,0.03565359,-0.012499247
31.433333333333334,20.501122,-14.989986,1.2017075,0.029643022,-0.016733963
31.45,20.501198,-14.98993,1.2021066,0.02062717,-0.0216517
31.466666666666665,20.501282,-14.989879,1.2010783,0.012021133,-0.026910948
31.483333333333334,20.501358,-14.989829,1.2012119,0.0066935853,-0.030052833
31.5,20.501442,-14.9897785,1.1999134,0.0020490568,-0.033331327
31.516666666666666,20.501518,-14.989731,1.1997746,0.0,-0.034697365
31.53333333333333,20.501595,-14.989689,1.2020866,0.00027320758,-0.0359951
31.55,20.501675,-14.989643,1.2029693,0.0013660379,-0.036541514
31.566666666666666,20.501747,-14.989597,1.2011256,0.0021856606,-0.037634347
31.583333333333332,20.501827,-14.989553,1.200442,0.0043713213,-0.037224535
31.599999999999998,20.501904,-14.989516,1.202209,0.006966793,-0.037361138
31.616666666666667,20.501984,-14.989483,1.2025473,0.009698869,-0.036814723
31.633333333333333,20.502062,-14.989448,1.2001592,0.012157737,-0.03674642
31.65,20.502146,-14.989412,1.1989307,0.013660379,-0.0359268
31.666666666666668,20.502226,-14.989384,1.2001528,0.0124309445,-0.03626831
31.683333333333334,20.502306,-14.989353,1.1999395,0.009289057,-0.037087932
31.7,20.502384,-14.9893265,1.2008871,0.006966793,-0.037361138
31.716666666666665,20.502464,-14.989299,1.2004083,0.005600755,-0.036541514
31.733333333333334,20.50255,-14.989274,1.2010862,0.0032784909,-0.035585288
31.75,20.502628,-14.989253,1.200328,-0.00040981136,-0.034560762
31.766666666666666,20.502708,-14.989233,1.2007297,-0.002595472,-0.03100906
31.78333333333333,20.502792,-14.989217,1.1997055,-0.0028686796,-0.027184155
31.8,20.50288,-14.989198,1.1998385,-0.0016392454,-0.026432835
31.816666666666666,20.502964,-14.9891815,1.1985422,0.00040981136,-0.025613211
31.833333333333332,20.503042,-14.989163,1.1984024,0.001229434,-0.028003776
31.849999999999998,20.50313,-14.98915,1.2007098,-0.0009562265,-0.033536233
31.866666666666667,20.503212,-14.989139,1.2015897,-0.0028686796,-0.039888307
31.883333333333333,20.503296,-14.989124,1.199749,-0.0040981136,-0.045420762
31.9,20.503378,-14.989115,1.1990639,-0.0073766042,-0.05320718
31.916666666666668,20.503456,-14.989107,1.200828,-0.0147532085,-0.06365738
31.933333333333334,20.503536,-14.989103,1.2011639,-0.022812832,-0.073492855
31.95,20.503622,-14.989104,1.2026538,-0.034833968,-0.07868381
31.966666666666665,20.5037,-14.989109,1.2027136,-0.04740152,-0.08148418
31.983333333333334,20.50378,-14.989112,1.2000475,-0.060378887,-0.084899284
32.0,20.503857,-14.989124,1.1985425,-0.070897385,-0.08653853
32.016666666666666,20.503923,-14.989143,1.1994873,-0.08004984,-0.08394306
32.03333333333333,20.503992,-14.989165,1.1990027,-0.08865589,-0.07923022
32.05,20.504053,-14.989193,1.1996809,-0.09275401,-0.073492855
32.06666666666666,20.504107,-14.989223,1.1989275,-0.09603251,-0.068575114
32.083333333333336,20.50416,-14.989257,1.1993275,-0.10095025,-0.063998885
32.1,20.504208,-14.989292,1.1982993,-0.10504837,-0.059695866
32.11666666666667,20.504246,-14.989331,1.1984266,-0.109966114,-0.054368313
32.13333333333333,20.504272,-14.989377,1.2010077,-0.11406424,-0.046923406
32.15,20.504301,-14.989426,1.2021568,-0.117752545,-0.040024914
32.166666666666664,20.504332,-14.989474,1.2005839,-0.120621234,-0.033604536
32.18333333333333,20.50435,-14.989521,1.2001668,-0.1228069,-0.027867174
32.2,20.504372,-14.989569,1.198322,-0.12389973,-0.022471322
32.21666666666667,20.504385,-14.989617,1.1976323,-0.12444614,-0.016665662
32.233333333333334,20.504381,-14.989672,1.1993983,-0.12239709,-0.010381888
32.25,20.504374,-14.989722,1.1997308,-0.120484635,-0.0037566042
32.266666666666666,20.50436,-14.9897785,1.2012224,-0.117752545,0.004986038
32.28333333333333,20.504345,-14.989831,1.2012817,-0.11488386,0.013455473
32.3,20.504322,-14.989883,1.2025025,-0.10982951,0.01980755
32.31666666666666,20.504295,-14.989934,1.2022904,-0.10504837,0.025954721
32.333333333333336,20.50426,-14.989984,1.2032375,-0.099994026,0.032101892
32.35,20.504225,-14.990034,1.2027526,-0.095212884,0.037292838
32.36666666666667,20.504183,-14.990083,1.2034217,-0.09043174,0.037975855
32.38333333333333,20.504133,-14.9901285,1.2026622,-0.08510419,0.03804416
32.4,20.504086,-14.990172,1.2030655,-0.07554191,0.03777095
32.416666666666664,20.504032,-14.990213,1.2020357,-0.06543323,0.037497744
32.43333333333333,20.503971,-14.990253,1.2021669,-0.053685293,0.03742944
32.45,20.503914,-14.990293,1.2008649,-0.042347178,0.03770265
32.46666666666667,20.503855,-14.990329,1.2007216,-0.031965286,0.0396834
32.483333333333334,20.503796,-14.990365,1.199147,-0.022266418,0.041186046
32.5,20.503733,-14.990397,1.1987258,-0.0147532085,0.039751705
32.516666666666666,20.503672,-14.990428,1.20076,-0.0073766042,0.039000385
32.53333333333333,20.503601,-14.9904585,1.2013676,0.00068301894,0.039478496
32.55,20.503532,-14.990487,1.1992476,0.008469434,0.039478496
32.56666666666666,20.503471,-14.990512,1.1982826,0.014889813,0.036131706
32.583333333333336,20.503414,-14.990537,1.1997726,0.021856606,0.033058118
32.6,20.50335,-14.9905615,1.199834,0.029779626,0.031145662
32.61666666666667,20.503288,-14.9905815,1.2010535,0.036609817,0.02663774
32.63333333333333,20.503227,-14.9906025,1.200838,0.04275699,0.020012455
32.65,20.503178,-14.990621,1.2017825,0.049040765,0.0135920765
32.666666666666664,20.50312,-14.990638,1.2013019,0.056690577,0.007171699
32.68333333333333,20.503067,-14.990655,1.201977,0.0609253,0.0014343398
32.7,20.503017,-14.990673,1.2012151,0.062564544,-0.0034833965
32.71666666666667,20.502974,-14.99069,1.2016145,0.06338417,-0.0089475475
32.733333333333334,20.502932,-14.990706,1.2005818,0.06379398,-0.015709436
32.75,20.502893,-14.990723,1.2007095,0.064067185,-0.020080756
32.766666666666666,20.50286,-14.990743,1.1994032,0.06338417,-0.023222644
32.78333333333333,20.502829,-14.990765,1.1992577,0.06475021,-0.02554491
32.8,20.502802,-14.9907875,1.2015705,0.06925814,-0.02704755
32.81666666666666,20.50277,-14.990811,1.2024493,0.073356256,-0.028003776
32.833333333333336,20.502745,-14.990834,1.2005976,0.075951725,-0.028413588
32.85,20.502724,-14.990863,1.1999075,0.07759098,-0.028823398
32.86666666666667,20.502708,-14.990891,1.2016668,0.076498136,-0.02923321
32.88333333333333,20.502697,-14.990922,1.2019979,0.07567852,-0.02998453
32.9,20.502684,-14.990952,1.1996038,0.07458568,-0.031692076
32.916666666666664,20.502684,-14.990983,1.1983693,0.07362946,-0.032101892
32.93333333333333,20.50268,-14.991016,1.1995839,0.070897385,-0.030667549
32.95,20.502687,-14.991055,1.1993709,0.06843851,-0.029301511
32.96666666666667,20.50269,-14.991092,1.2003152,0.065979645,-0.029301511
32.983333333333334,20.502695,-14.991133,1.1998303,0.063520774,-0.02855019
33.0,20.502708,-14.991173,1.2005004,0.05914945,-0.025476608
33.016666666666666,20.502724,-14.991214,1.1997428,0.055324543,-0.022061512
33.03333333333333,20.502743,-14.991256,1.2001404,0.0502702,-0.018304907
33.05,20.502756,-14.991297,1.1991107,0.045625668,-0.0147532085
33.06666666666666,20.502785,-14.991341,1.1992376,0.04043472,-0.013045661
33.083333333333336,20.502808,-14.991384,1.1979362,0.03551699,-0.011133209
33.1,20.502836,-14.991429,1.1977892,0.02773057,-0.0077181137
33.11666666666667,20.502863,-14.991475,1.2000908,0.017621888,-0.00505434
33.13333333333333,20.502888,-14.99152,1.2009636,0.007923019,-0.0017758493
33.15,20.502913,-14.991567,1.1991166,-0.00040981136,0.0014343398
33.166666666666664,20.502943,-14.991613,1.1984252,-0.0073766042,0.0046445285
33.18333333333333,20.502972,-14.991658,1.2001889,-0.009835472,0.006283774
33.2,20.502995,-14.991704,1.2005205,-0.011338114,0.00648868
33.21666666666667,20.503025,-14.991748,1.202012,-0.0124309445,0.0077181137
33.233333333333334,20.503042,-14.991791,1.2020693,-0.01407019,0.009767171
33.25,20.503067,-14.991833,1.1993982,-0.016529057,0.010928303
33.266666666666666,20.50309,-14.991878,1.1978868,-0.016938869,0.012909058
33.28333333333333,20.503115,-14.991919,1.1988331,-0.012567548,0.014548304
33.3,20.503138,-14.9919615,1.1983478,-0.0073766042,0.015094718
33.31666666666666,20.503164,-14.992002,1.1990222,-0.0023222642,0.01734868
33.333333333333336,20.503183,-14.992043,1.1982623,0.0016392454,0.02062717
33.35,20.503208,-14.992083,1.1986575,0.0028686796,0.023017738
33.36666666666667,20.50323,-14.992121,1.1976235,0.0039615096,0.025886418
33.38333333333333,20.50325,-14.992158,1.1977522,0.0065569817,0.029096607
33.4,20.503273,-14.992191,1.2003313,0.007103397,0.03176038
33.416666666666664,20.503298,-14.992226,1.2014755,0.0061471704,0.033263024
33.43333333333333,20.503317,-14.992259,1.1998968,0.005737359,0.035312083
33.45,20.50334,-14.992292,1.1994812,0.006966793,0.0359951
33.46666666666667,20.50336,-14.99232,1.2015169,0.0065569817,0.033194724
33.483333333333334,20.503386,-14.992345,1.202117,0.0040981136,0.029711323
33.5,20.503408,-14.992373,1.1999929,0.001912453,0.02704755
33.516666666666666,20.503435,-14.992398,1.1990259,-0.0023222642,0.024520379
33.53333333333333,20.503468,-14.99242,1.2005129,-0.006966793,0.024452077
33.55,20.503492,-14.992443,1.2005674,-0.011884529,0.024315475
33.56666666666666,20.503513,-14.992464,1.2017822,-0.015299624,0.026569437
33.583333333333336,20.503536,-14.992484,1.2015648,-0.018441511,0.028618492
33.6,20.503557,-14.992505,1.2025068,-0.018851323,0.033331327
33.61666666666667,20.50358,-14.992525,1.2020231,-0.01734868,0.038590573
33.63333333333333,20.5036,-14.99254,1.202695,-0.016802266,0.04391812
33.65,20.503616,-14.992555,1.2019324,-0.017212076,0.04849435
33.666666666666664,20.503641,-14.992565,1.2023296,-0.017895095,0.053275485
33.68333333333333,20.503654,-14.992573,1.2012951,-0.018714719,0.057305295
33.7,20.503677,-14.99258,1.2014203,-0.019261133,0.061403416
33.71666666666667,20.503695,-14.992582,1.2001129,-0.019944152,0.06488681
33.733333333333334,20.50372,-14.992579,1.1999655,-0.019670945,0.06837021
33.75,20.503733,-14.992577,1.1983864,-0.019397737,0.07117059
33.766666666666666,20.503746,-14.992568,1.1979665,-0.0180317,0.07390267
33.78333333333333,20.50376,-14.992554,1.1999983,-0.01625585,0.074449085
33.8,20.50377,-14.992539,1.2006005,-0.014206794,0.0751321
33.81666666666666,20.503782,-14.992519,1.2023597,-0.012157737,0.07376607
33.833333333333336,20.503794,-14.992497,1.2026895,-0.009972076,0.072400026
33.85,20.503805,-14.992474,1.2002937,-0.007923019,0.070419274
33.86666666666667,20.503815,-14.992446,1.199057,-0.0060105664,0.068097
33.88333333333333,20.503824,-14.992415,1.2002709,-0.005600755,0.062974356
33.9,20.503836,-14.992382,1.2000566,-0.0053275474,0.05785171
33.916666666666664,20.503841,-14.99234,1.2009985,-0.0073766042,0.050133597
33.93333333333333,20.50385,-14.9923,1.2005045,-0.011338114,0.04180076
33.95,20.503857,-14.992256,1.2011719,-0.013796982,0.032921515
33.96666666666667,20.503866,-14.992212,1.2004124,-0.01516302,0.024725284
33.983333333333334,20.503872,-14.992165,1.2008096,-0.016665662,0.015846038
34.0,20.503878,-14.992117,1.1997774,-0.017758492,0.0074449065
34.016666666666666,20.503885,-14.992068,1.1999023,-0.020763775,-0.0019807548
34.03333333333333,20.50389,-14.9920225,1.1985918,-0.025408303,-0.011338114
34.05,20.503891,-14.991976,1.1984417,-0.02855019,-0.019602643
34.06666666666666,20.503895,-14.991932,1.2007483,-0.029916229,-0.024452077
34.083333333333336,20.503893,-14.991888,1.2016228,-0.03128227,-0.029164908
34.1,20.503895,-14.991841,1.1997675,-0.03387774,-0.034014344
34.11666666666667,20.503897,-14.991802,1.1990707,-0.03524378,-0.035312083
34.13333333333333,20.50389,-14.991767,1.2008321,-0.0322385,-0.035107177
34.15,20.503881,-14.991728,1.2011614,-0.02855019,-0.035790194
34.166666666666664,20.503878,-14.991692,1.2026505,-0.024861889,-0.036541514
34.18333333333333,20.503866,-14.991658,1.2027075,-0.021446794,-0.037907552
34.2,20.503859,-14.991623,1.2000351,-0.019397737,-0.03920529
34.21666666666667,20.50385,-14.9915905,1.1985235,-0.017621888,-0.040776234
34.233333333333334,20.503838,-14.991559,1.199461,-0.017895095,-0.041117743
34.25,20.503826,-14.99153,1.1989696,-0.018168304,-0.04022982
34.266666666666666,20.503815,-14.9915085,1.1996411,-0.015982643,-0.039888307
34.28333333333333,20.503798,-14.991484,1.1988811,-0.013387171,-0.040912837
34.3,20.503778,-14.991463,1.1992743,-0.013660379,-0.04357661
34.31666666666666,20.503763,-14.991445,1.19824,-0.013796982,-0.046923406
34.333333333333336,20.503748,-14.9914255,1.1983608,-0.015299624,-0.04999699
34.35,20.503733,-14.991413,1.2009373,-0.015846038,-0.052592464
34.36666666666667,20.503712,-14.991403,1.2020798,-0.016938869,-0.05477813
34.38333333333333,20.503698,-14.991394,1.2004979,-0.017895095,-0.056212462
34.4,20.503677,-14.991385,1.20008,-0.016119247,-0.0573736
34.416666666666664,20.503656,-14.9913845,1.2021136,-0.015299624,-0.06154002
34.43333333333333,20.503635,-14.991384,1.2027116,-0.016119247,-0.06632115
34.45,20.503616,-14.991383,1.2005879,-0.01625585,-0.07123889
34.46666666666667,20.503601,-14.991384,1.1996193,-0.01980755,-0.07561021
34.483333333333334,20.503576,-14.991397,1.2011057,-0.025408303,-0.07909362
34.5,20.503555,-14.991411,1.2011588,-0.0323751,-0.081893995
34.516666666666666,20.50353,-14.991429,1.2023646,-0.04248378,-0.0821672
34.53333333333333,20.5035,-14.991448,1.2021426,-0.05204605,-0.081962295
34.55,20.50347,-14.991476,1.2030817,-0.05710039,-0.07875211
34.56666666666666,20.503433,-14.991504,1.2025957,-0.059695866,-0.07472229
34.583333333333336,20.503395,-14.991539,1.2032663,-0.061608322,-0.07328795
34.6,20.503355,-14.991574,1.2025013,-0.06488681,-0.07253663
34.61666666666667,20.503313,-14.9916115,1.2028916,-0.06966795,-0.07328795
34.63333333333333,20.503271,-14.9916525,1.2018527,-0.074449085,-0.07356116
34.65,20.503222,-14.991697,1.2019743,-0.07636154,-0.07014606
34.666666666666664,20.50317,-14.991745,1.2006639,-0.07759098,-0.066594355
34.68333333333333,20.503113,-14.991796,1.2005153,-0.075951725,-0.06317926
34.7,20.503056,-14.991848,1.1989332,-0.07417587,-0.059217755
34.71666666666667,20.502998,-14.991905,1.1985102,-0.07171701,-0.052865673
34.733333333333334,20.50293,-14.99197,1.2005384,-0.06925814,-0.04746982
34.75,20.502861,-14.992032,1.2011395,-0.065979645,-0.042961895
34.766666666666666,20.502789,-14.992097,1.1990126,-0.06338417,-0.038112458
34.78333333333333,20.502712,-14.992163,1.1980394,-0.06365738,-0.032853212
34.8,20.502626,-14.99223,1.1995206,-0.06229134,-0.027935475
34.81666666666666,20.50254,-14.992303,1.1995769,-0.05901285,-0.023495851
34.833333333333336,20.50245,-14.9923725,1.2007883,-0.056690577,-0.018168304
34.85,20.502363,-14.992448,1.2005643,-0.056144163,-0.012021133
34.86666666666667,20.502266,-14.992521,1.2015011,-0.052729066,-0.0054641515
34.88333333333333,20.502172,-14.992592,1.2010107,-0.047538124,0.0019807548
34.9,20.502071,-14.992664,1.2016766,-0.040844534,0.007103397
34.916666666666664,20.501972,-14.992736,1.200915,-0.032921515,0.01120151
34.93333333333333,20.501867,-14.992809,1.2013097,-0.027184155,0.014343398
34.95,20.501766,-14.992881,1.200268,-0.023359247,0.017416982
