Time,UAV_X,UAV_Y,UAV_Z,UAV_quat_0,UAV_quat_1,UAV_quat_2,UAV_quat_3,UAV_v_bx,UAV_v_by,UAV_v_bz,UAV_w_bx,UAV_w_by,UAV_w_bz,UAV_v_wx,UAV_v_wy,UAV_v_wz,UAV_a_wx,UAV_a_wy,UAV_a_wz,Payload_X,Payload_Y,Payload_Z,Swing_Deg_X,Swing_Deg_Y,SwingVel_DegS_X,SwingVel_DegS_Y,Policy_a0,Policy_a1,Policy_a2,Policy_a3,Env_raw_a0,Env_raw_a1,Env_raw_a2,Env_raw_a3,Env_clamp_a0,Env_clamp_a1,Env_clamp_a2,Env_clamp_a3,Thrust_Cmd,Moment_Cmd_X,Moment_Cmd_Y,Moment_Cmd_Z
0.0,21.50001,-13.999993,1.1979537,0.9999896,0.0026853995,-0.003343061,0.0015205556,-0.00027144558,-0.0003023116,-0.1636914,0.4297715,-0.5348348,0.24329196,0.0008225991,0.0005776822,-0.16368882,0.0,0.0,0.0,21.5,-14.0,0.39795366,0.00068301894,0.00047811324,0.040981133,0.028686794,-1444.195,722.54504,-1718.821,1427.6561,-1444.195,722.54504,-1718.821,1427.6561,-1.0,1.0,-1.0,1.0,0.0,0.4,-0.4,0.4
0.016666666666666666,21.500036,-13.999978,1.1931797,0.99988496,0.008968298,-0.011126645,0.0050634253,-0.0056659086,-0.0046764854,-0.3272607,0.86262125,-1.0669401,0.4858684,0.0016361383,0.0011744098,-0.32733697,0.04881235,0.03580365,-9.818888,21.500004,-14.000001,0.39317968,0.0023222642,0.0016392454,0.09835471,0.06966793,-1297.5427,694.0958,-1546.4396,1354.3694,-1297.5427,694.0958,-1546.4396,1354.3694,-1.0,1.0,-1.0,1.0,0.0,0.4,-0.4,0.4
0.03333333333333333,21.500078,-13.9999485,1.1856788,0.99949336,0.018899083,-0.02330498,0.010616804,-0.020605072,-0.016551979,-0.4902055,1.3028936,-1.5931202,0.7269555,0.0024279798,0.0018064865,-0.49090815,0.04751049,0.037924603,-9.81427,21.50001,-13.999998,0.3856788,0.004917736,0.0035516985,0.15572831,0.11474718,-979.37994,591.98047,-1273.1847,1262.9476,-979.37994,591.98047,-1273.1847,1262.9476,-1.0,1.0,-1.0,1.0,0.0,0.4,-0.4,0.4
0.05,21.500126,-13.999909,1.1754528,0.9985121,0.032556448,-0.039795928,0.01816181,-0.049526345,-0.03924269,-0.65132046,1.754806,-2.110093,0.96576357,0.0031806417,0.002486183,-0.654366,0.04515971,0.040781792,-9.807471,21.50001,-13.999995,0.3754528,0.008332831,0.0061471704,0.20490567,0.15572831,-454.79282,302.71353,-884.42065,1139.4463,-454.79282,302.71353,-884.42065,1139.4463,-1.0,1.0,-1.0,1.0,0.0,0.4,-0.4,0.4
0.06666666666666667,21.499853,-14.000163,1.1663603,0.9967898,0.044699416,-0.060481433,0.02745668,-0.08806921,-0.06403498,-0.49866495,1.3653946,-2.5990844,1.2023635,-0.024538502,-0.021933874,-0.5093527,-1.6631485,-1.4652033,8.7008,21.500032,-13.999979,0.36636043,-0.012840756,-0.013182266,-1.2704152,-1.1597661,357.6287,-261.52676,-418.68637,998.66626,357.6287,-261.52676,-418.68637,998.66626,1.0,-1.0,-1.0,1.0,33.524375915527344,-0.4,-0.4,0.4
0.08333333333333333,21.498922,-14.000915,1.1596669,0.9944133,0.058849894,-0.0784827,0.03897784,-0.12832768,-0.087889135,-0.34205472,1.8540735,-2.0075364,1.4386756,-0.06691025,-0.05364827,-0.36583987,-2.5423048,-1.9028636,8.610768,21.500053,-13.999948,0.35966855,-0.08100607,-0.06925814,-4.0899186,-3.364552,549.70044,453.18503,695.0044,783.62616,549.70044,453.18503,695.0044,783.62616,1.0,1.0,1.0,1.0,33.524375915527344,0.4,0.4,0.4
0.1,21.497162,-14.00234,1.1553296,0.99184227,0.07127895,-0.09165236,0.052612066,-0.16790743,-0.11096954,-0.18376951,1.4748937,-1.4069049,1.6752808,-0.11909298,-0.09680119,-0.2252216,-3.1309633,-2.5891752,8.437096,21.500084,-13.999894,0.35533887,-0.20927747,-0.17519462,-7.6962833,-6.356189,844.7574,-545.09204,1445.0634,855.69037,844.7574,-545.09204,1445.0634,855.69037,1.0,-1.0,1.0,1.0,33.524375915527344,-0.4,0.4,0.4
0.11666666666666667,21.494446,-14.004591,1.1533056,0.9893961,0.08003833,-0.1001502,0.068257764,-0.20840831,-0.1309395,-0.02533045,1.0853539,-0.80996895,1.9138551,-0.17775758,-0.14849174,-0.08702444,-3.5198758,-3.1014328,8.291829,21.500105,-13.999818,0.35333994,-0.40530682,-0.341853,-11.761761,-9.999501,888.3858,-509.2658,2192.7332,827.53455,888.3858,-509.2658,2192.7332,827.53455,1.0,-1.0,1.0,1.0,33.524375915527344,-0.4,0.4,0.4
0.13333333333333333,21.49071,-14.007784,1.1535623,0.98719954,0.08493297,-0.1041192,0.08592109,-0.25147346,-0.14811218,0.13171813,0.6811252,-0.22004098,2.1536586,-0.2397177,-0.20644616,0.04940842,-3.7176077,-3.4772646,8.185971,21.500093,-13.999733,0.35365814,-0.672106,-0.57661426,-16.007952,-14.085675,837.2071,-443.7547,2711.9111,810.42554,837.2071,-443.7547,2711.9111,810.42554,1.0,-1.0,1.0,1.0,33.524375915527344,-0.4,0.4,0.4
0.15,21.485935,-14.011993,1.1560811,0.9852626,0.085731864,-0.10372933,0.1055834,-0.29864633,-0.16284701,0.28571594,0.25805062,0.35939482,2.394124,-0.30201176,-0.26817182,0.18497336,-3.7376428,-3.7035394,8.133896,21.50002,-13.9996605,0.35630032,-1.0087345,-0.8833151,-20.197704,-18.402048,472.67712,-196.79472,3016.4648,785.3696,472.67712,-196.79472,3016.4648,785.3696,1.0,-1.0,1.0,1.0,33.524375915527344,-0.4,0.4,0.4
0.16666666666666666,21.480892,-14.01646,1.1571215,0.9830008,0.08745335,-0.09869977,0.12774806,-0.34521502,-0.17065938,0.12565248,0.6677921,0.9105741,2.6328793,-0.30298835,-0.26799348,0.021543534,-0.058595534,0.010700225,-9.805789,21.499905,-13.9995775,0.3575259,-1.3617947,-1.2092382,-21.183613,-19.555384,-122.33587,325.8038,3009.341,772.83636,-122.33587,325.8038,3009.341,772.83636,-1.0,1.0,1.0,1.0,0.0,0.4,0.4,0.4
0.18333333333333332,21.475155,-14.021738,1.1591833,0.9805461,0.08624405,-0.089345634,0.15201496,-0.3973683,-0.17836305,0.27150905,0.19412598,1.4936112,2.8713293,-0.3571908,-0.33310023,0.15776913,-3.252146,-3.9064047,8.173535,21.49968,-13.999549,0.35986716,-1.7567267,-1.589384,-23.69592,-22.808746,41.25466,-910.1772,2681.4358,929.6161,41.25466,-910.1772,2681.4358,929.6161,1.0,-1.0,1.0,1.0,33.524375915527344,-0.4,0.4,0.4
0.2,21.469196,-14.027307,1.1597664,0.97778547,0.079995185,-0.07621719,0.17812145,-0.44418928,-0.18078467,0.09869412,-0.31613672,2.0349,3.109307,-0.35756338,-0.334426,-0.005952253,-0.022355316,-0.07954537,-9.823282,21.499393,-13.999531,0.36081934,-2.1632252,-1.9896926,-24.389904,-24.018515,-374.8997,-639.5855,1972.9379,1033.1218,-374.8997,-639.5855,1972.9379,1033.1218,-1.0,-1.0,1.0,1.0,0.0,-0.4,0.4,0.4
0.21666666666666667,21.463236,-14.032896,1.157622,0.97434026,0.068375,-0.059701853,0.20596503,-0.48138377,-0.17612864,-0.0822247,-0.8598772,2.5515835,3.3467495,-0.357731,-0.3358387,-0.16956839,-0.010058283,-0.08476316,-9.816968,21.499094,-13.999504,0.35912392,-2.569012,-2.3922174,-24.347204,-24.151487,-370.8617,-526.15894,698.9859,1123.5282,-370.8617,-526.15894,698.9859,1123.5282,-1.0,-1.0,1.0,1.0,0.0,-0.4,0.4,0.4
0.23333333333333334,21.457293,-14.038503,1.152748,0.96944624,0.052570418,-0.046747856,0.2349996,-0.505342,-0.1600458,-0.26494405,-1.4214516,1.9609413,3.5848153,-0.3561407,-0.33642736,-0.33340815,0.095418684,-0.03531933,-9.830385,21.498777,-13.999475,0.35477817,-2.9724655,-2.7962966,-24.207214,-24.244751,-306.4199,-326.79666,-661.9444,1188.0314,-306.4199,-326.79666,-661.9444,1188.0314,-1.0,-1.0,-1.0,1.0,0.0,-0.4,-0.4,0.4
0.25,21.451372,-14.044099,1.1451459,0.96258503,0.038640425,-0.038566478,0.26542354,-0.5216898,-0.13160919,-0.44317758,-1.0957412,1.3430029,3.825201,-0.35517538,-0.33565268,-0.49706665,0.057919618,0.04648089,-9.8195095,21.498457,-13.99944,0.34778237,-3.374151,-3.2001047,-24.101128,-24.228485,-167.08371,571.8551,-526.8841,617.8252,-167.08371,571.8551,-526.8841,617.8252,-1.0,1.0,-1.0,1.0,0.0,0.4,-0.4,0.4
0.26666666666666666,21.445257,-14.050039,1.1386769,0.9546043,0.028846795,-0.03425841,0.29449067,-0.53761923,-0.10237556,-0.30517402,-0.7310234,0.76251566,3.5801048,-0.3705697,-0.36269385,-0.35182044,-0.92365974,-1.6224699,8.714772,21.497892,-13.999632,0.3420037,-3.7724433,-3.612558,-23.897537,-24.747189,334.40482,611.9336,-412.0971,-2605.4033,334.40482,611.9336,-412.0971,-2605.4033,1.0,1.0,-1.0,-1.0,33.524375915527344,0.4,-0.4,-0.4
0.2833333333333333,21.438904,-14.056355,1.1346353,0.94608456,0.023602536,-0.033371076,0.3213303,-0.5534961,-0.07451009,-0.16156034,-0.32884568,0.20556289,3.3355417,-0.38479167,-0.38402012,-0.20609562,-0.8533179,-1.2795763,8.743488,21.496996,-14.000168,0.3387282,-4.1642065,-4.0274587,-23.50579,-24.894045,507.2151,557.48645,-48.76824,-2456.421,507.2151,557.48645,-48.76824,-2456.421,1.0,1.0,-1.0,-1.0,33.524375915527344,0.4,-0.4,-0.4
0.3,21.432295,-14.063006,1.1330296,0.9374839,0.020921791,-0.029171169,0.3461721,-0.5692017,-0.047729768,-0.019564133,0.08511206,0.75320274,3.0899727,-0.39998782,-0.4038382,-0.05979949,-0.9117686,-1.1890839,8.777767,21.495726,-14.001086,0.33795583,-4.547669,-4.439145,-23.007744,-24.701183,620.06726,437.2808,788.53766,-1864.486,620.06726,437.2808,788.53766,-1864.486,1.0,1.0,1.0,-1.0,33.524375915527344,0.4,0.4,-0.4
0.31666666666666665,21.4255,-14.069959,1.1338588,0.9278269,0.017094499,-0.027617214,0.3715943,-0.5810404,-0.020612255,0.12388045,-0.36593902,0.23391066,3.3320954,-0.41023332,-0.4214881,0.086229354,-0.61473006,-1.0589951,8.76173,21.494047,-14.002419,0.3396676,-4.915294,-4.8429046,-22.057512,-24.225567,774.8613,-556.38153,-287.45837,764.1678,774.8613,-556.38153,-287.45837,764.1678,1.0,-1.0,-1.0,1.0,33.524375915527344,-0.4,-0.4,0.4
0.3333333333333333,21.418512,-14.077176,1.1371309,0.9179046,0.013928391,-0.023258356,0.39587384,-0.5939585,0.009226583,0.26522857,0.04578498,0.7801666,3.087039,-0.4222614,-0.43660873,0.2329939,-0.72168404,-0.90723747,8.805872,21.491915,-14.004202,0.34385502,-5.2644644,-5.233668,-20.95021,-23.445795,616.74475,623.86456,570.3349,-2063.3796,616.74475,623.86456,570.3349,-2063.3796,1.0,1.0,1.0,-1.0,33.524375915527344,0.4,0.4,-0.4
0.35,21.411379,-14.084607,1.1428454,0.90688705,0.009773214,-0.021622466,0.42070496,-0.6014464,0.038002037,0.40847757,-0.40558445,0.2575573,3.3290408,-0.42965564,-0.4488176,0.3794663,-0.44365522,-0.7325327,8.788343,21.489305,-14.0064745,0.35049284,-5.589948,-5.604772,-19.529026,-22.266253,781.96295,-379.42465,-420.83853,751.9985,781.96295,-379.42465,-420.83853,751.9985,1.0,-1.0,-1.0,1.0,33.524375915527344,-0.4,-0.4,0.4
0.36666666666666664,21.404099,-14.092212,1.1510099,0.89566654,0.0061248685,-0.017181832,0.44435203,-0.6112409,0.07000624,0.5494546,0.004273176,0.80250984,3.084491,-0.43916154,-0.4584711,0.526648,-0.57035387,-0.5792087,8.830901,21.486189,-14.009269,0.35956696,-5.889657,-5.9510465,-17.982529,-20.77646,689.2233,656.5718,163.27097,-2644.512,689.2233,656.5718,163.27097,-2644.512,1.0,1.0,1.0,-1.0,33.524375915527344,0.4,0.4,-0.4
0.3833333333333333,21.396713,-14.099933,1.1616231,0.8833128,0.0016522354,-0.015533305,0.4685235,-0.61407584,0.099505536,0.6927828,-0.44736442,0.2762599,3.3262644,-0.4444876,-0.46452925,0.6734849,-0.31956372,-0.36348936,8.810216,21.482548,-14.012622,0.37104794,-6.1593,-6.2656555,-16.178568,-18.876541,830.6214,-246.32198,-641.9526,705.5862,830.6214,-246.32198,-641.9526,705.5862,1.0,-1.0,-1.0,1.0,33.524375915527344,-0.4,-0.4,0.4
0.4,21.389212,-14.107709,1.1746861,0.87072706,0.00083378074,-0.01703885,0.49147052,-0.6081089,0.13267824,0.8415839,-0.019202683,-0.26878256,3.0814538,-0.45182824,-0.46718094,0.8205222,-0.44043836,-0.15910147,8.822236,21.478348,-14.016555,0.38491035,-6.397188,-6.542641,-14.273299,-16.619137,760.2544,577.6158,-296.52936,-3587.311,760.2544,577.6158,-296.52936,-3587.311,1.0,1.0,-1.0,-1.0,33.524375915527344,0.4,-0.4,-0.4
0.4166666666666667,21.381573,-14.115555,1.1902051,0.85862136,0.002013856,-0.014660208,0.5123966,-0.6073482,0.16996725,0.9869452,0.41654822,0.2980086,2.8364878,-0.4605438,-0.47190025,0.96800375,-0.5229342,-0.28315902,8.848893,21.473593,-14.021105,0.40114775,-6.60507,-6.7802973,-12.472915,-14.259366,824.661,452.66937,322.523,-3068.5452,824.661,452.66937,322.523,-3068.5452,1.0,1.0,1.0,-1.0,33.524375915527344,0.4,0.4,-0.4
0.43333333333333335,21.373837,-14.123469,1.208177,0.84545326,0.002700173,-0.0148873525,0.53383505,-0.59808415,0.20256135,1.1346282,-0.008779015,-0.2106529,3.07787,-0.46508762,-0.47593012,1.115034,-0.27262866,-0.24179219,8.821814,21.46825,-14.026284,0.41973487,-6.7776833,-6.9776073,-10.356788,-11.838597,911.094,-598.8766,-494.82785,663.08344,911.094,-598.8766,-494.82785,663.08344,1.0,-1.0,-1.0,1.0,33.524375915527344,-0.4,-0.4,0.4
0.45,21.366009,-14.131453,1.2286004,0.83223605,0.0073408773,-0.017732391,0.5540892,-0.5769199,0.23990992,1.2866548,0.44137114,-0.734002,2.8328028,-0.4711432,-0.48035598,1.262203,-0.3633338,-0.2655512,8.830139,21.462303,-14.032106,0.440655,-6.913342,-7.1335607,-8.1395235,-9.3572035,713.63116,209.9858,-23.138672,-3321.6372,713.63116,209.9858,-23.138672,-3321.6372,1.0,1.0,-1.0,-1.0,33.524375915527344,0.4,-0.4,-0.4
0.4666666666666667,21.358093,-14.139585,1.2514791,0.81974614,0.009318406,-0.019274488,0.5723268,-0.564484,0.26832923,1.4365637,0.045640033,-0.15016808,2.5881486,-0.4762117,-0.49061236,1.4095674,-0.30411062,-0.61538273,8.841863,21.45575,-14.038594,0.46391076,-7.0116014,-7.2522473,-5.8955665,-7.1212,684.65155,-242.24986,1005.7534,-2517.2334,684.65155,-242.24986,1005.7534,-2517.2334,1.0,-1.0,1.0,-1.0,33.524375915527344,-0.4,0.4,-0.4
0.48333333333333334,21.350098,-14.147901,1.2768136,0.8063828,0.0057220333,-0.018899506,0.59106404,-0.5648173,0.28704873,1.5829514,-0.37482673,0.41538262,2.829769,-0.48100087,-0.50179726,1.5569164,-0.2873504,-0.671094,8.8409395,21.448568,-14.045749,0.48949665,-7.0703745,-7.3361177,-3.5263822,-5.032224,701.72406,-53.880745,16.667257,154.19974,701.72406,-53.880745,16.667257,154.19974,1.0,-1.0,1.0,1.0,33.524375915527344,-0.4,0.4,0.4
0.5,21.342003,-14.156357,1.3046011,0.79315746,0.004855784,-0.01925346,0.60869277,-0.55506754,0.31238174,1.7305517,0.045145765,-0.12595338,2.585575,-0.48765555,-0.50886196,1.7040374,-0.39928076,-0.42388198,8.827264,21.44076,-14.053583,0.5174006,-7.0910225,-7.38102,-1.23888,-2.6941392,632.8821,272.50058,-739.36237,-1069.7078,632.8821,272.50058,-739.36237,-1069.7078,1.0,1.0,-1.0,-1.0,33.524375915527344,0.4,-0.4,-0.4
0.5166666666666666,21.333801,-14.164936,1.334839,0.7807324,0.0053996607,-0.024119964,0.6243765,-0.52972496,0.32736242,1.8839488,-0.3623252,-0.6547434,2.3414116,-0.49358195,-0.51684016,1.8510243,-0.355584,-0.47869202,8.81921,21.432318,-14.062093,0.54761785,-7.073678,-7.386048,1.0406684,-0.30166623,708.33484,-243.7886,-334.15634,-735.90533,708.33484,-243.7886,-334.15634,-735.90533,1.0,-1.0,-1.0,-1.0,33.524375915527344,-0.4,-0.4,-0.4
0.5333333333333333,21.325457,-14.1736965,1.3675311,0.76932794,0.006032531,-0.02588982,0.6383006,-0.51654327,0.34904367,2.0340633,0.086327404,-0.09784814,2.0973635,-0.50321984,-0.52865857,1.9983374,-0.5782735,-0.7091045,8.838787,21.42325,-14.0712805,0.580164,-7.0215116,-7.3551936,3.1299875,1.8512534,731.04114,707.35065,493.21564,-2855.7039,731.04114,707.35065,493.21564,-2855.7039,1.0,1.0,1.0,-1.0,33.524375915527344,0.4,0.4,-0.4
0.55,21.31697,-14.182651,1.4026713,0.7569668,0.0067524016,-0.030341327,0.65271354,-0.49096584,0.36258787,2.186858,-0.32312274,-0.62623024,2.339582,-0.51134604,-0.540323,2.145097,-0.48757192,-0.69986695,8.805577,21.413553,-14.081139,0.6150377,-6.9341207,-7.2899113,5.2434535,3.9169405,822.28906,-163.14905,-284.7364,681.8249,822.28906,-163.14905,-284.7364,681.8249,1.0,-1.0,-1.0,1.0,33.524375915527344,-0.4,-0.4,0.4
0.5666666666666667,21.308302,-14.191852,1.440261,0.74506164,0.00741304,-0.031692985,0.66620094,-0.47840047,0.38545212,2.336402,0.12464473,-0.06701297,2.0954201,-0.52287924,-0.55589926,2.2921143,-0.691992,-0.93457454,8.821034,21.40323,-14.091672,0.6522559,-6.814828,-7.193726,7.1575637,5.771112,810.2854,703.44684,683.66736,-3534.8423,810.2854,703.44684,683.66736,-3534.8423,1.0,1.0,1.0,-1.0,33.524375915527344,0.4,0.4,-0.4
0.5833333333333334,21.299465,-14.201323,1.480299,0.7323929,0.0036284225,-0.0306591,0.68018186,-0.4870891,0.39943847,2.4825566,-0.29651856,0.50126743,2.3357646,-0.53276557,-0.5720948,2.4390085,-0.5931794,-0.9717321,8.813653,21.3923,-14.102862,0.6918278,-6.663793,-7.0696177,9.062089,7.4464984,831.15265,-237.3677,89.697975,492.25873,831.15265,-237.3677,89.697975,492.25873,1.0,-1.0,1.0,1.0,33.524375915527344,-0.4,0.4,0.4
0.6,21.290453,-14.21101,1.5227809,0.7201069,-0.0012355259,-0.033668533,0.69304466,-0.48256218,0.39483213,2.6332397,-0.72823936,-0.043085515,2.0900688,-0.5441654,-0.5843559,2.5855603,-0.6839883,-0.7356655,8.793111,21.380777,-14.114701,0.7337525,-6.482833,-6.914374,10.85761,9.314631,776.9943,-89.02844,-506.82028,-230.08855,776.9943,-89.02844,-506.82028,-230.08855,1.0,-1.0,-1.0,-1.0,33.524375915527344,-0.4,-0.4,-0.4
0.6166666666666667,21.281183,-14.22092,1.5677094,0.70909196,-0.006336649,-0.033794925,0.7042771,-0.49387896,0.40013266,2.7808764,-0.30052114,0.5040538,1.8452173,-0.5603968,-0.5977161,2.732396,-0.973885,-0.8016121,8.810134,21.368664,-14.127176,0.7780518,-6.277887,-6.7293315,12.2967615,11.102542,764.0583,606.8779,207.00348,-2718.771,764.0583,606.8779,207.00348,-2718.771,1.0,1.0,1.0,-1.0,33.524375915527344,0.4,0.4,-0.4
0.6333333333333333,21.271633,-14.231001,1.6150788,0.6970807,-0.011152026,-0.036761835,0.7159627,-0.48908526,0.39489037,2.9315667,-0.72978616,-0.039252162,2.0855603,-0.57725596,-0.60738075,2.8787308,-1.0115504,-0.5798792,8.780093,21.35598,-14.14026,0.8247298,-6.052141,-6.5128736,13.54474,12.98747,671.15625,-235.23378,-289.89163,625.74414,671.15625,-235.23378,-289.89163,625.74414,1.0,-1.0,-1.0,1.0,33.524375915527344,-0.4,-0.4,0.4
0.65,21.261747,-14.241262,1.6648895,0.6857083,-0.016324734,-0.036862005,0.7267591,-0.500559,0.40173942,3.0792108,-0.30180722,0.5083936,1.8404646,-0.5990837,-0.61840504,3.025255,-1.3096653,-0.6614577,8.791451,21.342766,-14.153949,0.8738065,-5.812484,-6.265862,14.379443,14.820699,643.808,464.12332,204.99997,-3928.0496,643.808,464.12332,204.99997,-3928.0496,1.0,1.0,1.0,-1.0,33.524375915527344,0.4,0.4,-0.4
0.6666666666666666,21.251478,-14.251664,1.7171355,0.6733009,-0.021118332,-0.039784547,0.73799527,-0.4944054,0.3969017,3.23,-0.73160946,-0.035707235,2.080643,-0.6217902,-0.6257671,3.1712236,-1.3623868,-0.44172403,8.758121,21.329016,-14.16821,0.9252875,-5.561949,-5.9878564,15.0321,16.680334,514.3728,-361.67297,-251.60997,336.8975,514.3728,-361.67297,-251.60997,336.8975,1.0,-1.0,-1.0,1.0,33.524375915527344,-0.4,-0.4,0.4
0.6833333333333333,21.240772,-14.262211,1.7718163,0.66158915,-0.026356041,-0.039863363,0.74834216,-0.5057817,0.4051225,3.3777578,-0.30331308,0.5124059,1.8353931,-0.64938533,-0.6348051,3.3173044,-1.6557096,-0.5422783,8.764844,21.31478,-14.183027,0.97919214,-5.307953,-5.680407,15.239753,18.446959,247.25919,325.26755,207.5606,-4911.06,247.25919,325.26755,207.5606,-4911.06,1.0,1.0,1.0,-1.0,33.524375915527344,0.4,0.4,-0.4
0.7,21.229958,-14.2727785,1.8250573,0.6511018,-0.030943552,-0.04293024,0.75714314,-0.500548,0.40004128,3.218169,-0.73965174,-0.05010903,1.5898548,-0.64887214,-0.63376576,3.15349,0.030791758,0.062359568,-9.828857,21.300413,-14.1979685,1.0316852,-5.052553,-5.3657136,15.323981,18.881605,-203.18953,-431.90323,-169.73738,-429.76392,-203.18953,-431.90323,-169.73738,-429.76392,-1.0,-1.0,-1.0,-1.0,0.0,-0.4,-0.4,-0.4
0.7166666666666667,21.219135,-14.283356,1.8755735,0.6421869,-0.035945646,-0.043322265,0.76447827,-0.51101345,0.40841982,3.0557256,-0.31579906,0.48424265,1.3448343,-0.64950806,-0.63469124,2.9901016,-0.038155314,-0.055528875,-9.8033085,21.286036,-14.21291,1.0814947,-4.7969804,-5.0518675,15.334367,18.830765,-351.85303,183.44536,236.6909,-2656.7014,-351.85303,183.44536,236.6909,-2656.7014,-1.0,1.0,1.0,-1.0,0.0,0.4,0.4,-0.4
0.7333333333333333,21.208317,-14.293921,1.9233613,0.6322307,-0.040326823,-0.046599098,0.7723254,-0.50265336,0.40800786,2.8967934,-0.74888945,-0.07682365,1.5853001,-0.6488665,-0.63362676,2.8263106,0.03849506,0.06386876,-9.8274555,21.27165,-14.22784,1.1286149,-4.5406804,-4.738105,15.377997,18.825758,-378.70914,-418.83078,-349.9697,607.88324,-378.70914,-418.83078,-349.9697,607.88324,-1.0,-1.0,-1.0,1.0,0.0,-0.4,-0.4,0.4
0.75,21.197493,-14.304473,1.9684187,0.622807,-0.039909717,-0.05150943,0.7796572,-0.46843415,0.4207134,2.7413552,-0.32128537,-0.63979244,1.3428354,-0.6497928,-0.6328532,2.662466,-0.055578943,0.04641294,-9.830674,21.25727,-14.242777,1.1730446,-4.2852936,-4.423046,15.323209,18.90352,-600.16235,130.64626,-145.47833,-3786.6094,-600.16235,130.64626,-145.47833,-3786.6094,-1.0,1.0,-1.0,-1.0,0.0,0.4,-0.4,-0.4
0.7666666666666666,21.186655,-14.315032,2.010751,0.6151447,-0.038880076,-0.052272394,0.785718,-0.4510787,0.4519385,2.5811536,0.115337096,-0.0929036,1.0992622,-0.65039504,-0.63386923,2.4990537,-0.036134716,-0.060961243,-9.804739,21.24288,-14.257708,1.214791,-4.030129,-4.10908,15.309876,18.837975,-511.27536,65.36143,180.90271,-3359.6755,-511.27536,65.36143,180.90271,-3359.6755,-1.0,1.0,1.0,-1.0,0.0,0.4,0.4,-0.4
0.7833333333333333,21.175827,-14.3255825,2.050355,0.606432,-0.037151992,-0.055764247,0.79230696,-0.420173,0.4736244,2.4239147,-0.30617163,-0.6438105,1.3428264,-0.649844,-0.6327959,2.335273,0.033062696,0.06440163,-9.82684,21.228483,-14.272636,1.2538478,-3.773949,-3.7947583,15.370802,18.85929,-412.21567,-498.7674,-278.68454,399.16428,-412.21567,-498.7674,-278.68454,399.16428,-1.0,-1.0,-1.0,1.0,0.0,-0.4,-0.4,0.4
0.8,21.164978,-14.336122,2.087229,0.59823656,-0.030599235,-0.060591016,0.7984394,-0.37114137,0.5047596,2.2684433,0.13210166,-1.1941891,1.101622,-0.65083337,-0.63212776,2.17145,-0.059362646,0.040086504,-9.829387,21.214079,-14.287576,1.2902143,-3.518803,-3.478977,15.308761,18.94688,-674.2739,125.954834,-80.422585,-4068.0889,-674.2739,125.954834,-80.422585,-4068.0889,-1.0,1.0,-1.0,-1.0,0.0,0.4,-0.4,-0.4
0.8166666666666667,21.154125,-14.346671,2.1213775,0.59182084,-0.023573091,-0.061130717,0.8034023,-0.34037876,0.5491869,2.1071281,0.57679594,-0.6379672,0.85877615,-0.6513754,-0.6332154,2.0080342,-0.03252268,-0.06525993,-9.804939,21.19967,-14.302508,1.323897,-3.2637265,-3.1645327,15.304584,18.866657,-479.23538,93.489655,311.39706,-3269.0154,-479.23538,93.489655,311.39706,-3269.0154,-1.0,1.0,1.0,-1.0,0.0,0.4,0.4,-0.4
0.8333333333333334,21.14328,-14.357235,2.1528027,0.5847755,-0.021299876,-0.060245655,0.8086744,-0.32969338,0.5835137,1.9437932,0.1625888,-0.08416222,1.1010959,-0.6503957,-0.6338413,1.8446541,0.05878329,-0.037550922,-9.802808,21.185242,-14.317444,1.3548958,-3.006663,-2.8510046,15.423802,18.811682,-251.48729,-543.8365,17.397472,306.77853,-251.48729,-543.8365,17.397472,306.77853,-1.0,-1.0,1.0,1.0,0.0,-0.4,0.4,0.4
0.85,21.132442,-14.367789,2.1814997,0.5782901,-0.019167922,-0.063545235,0.81312674,-0.3106851,0.6032803,1.7854664,-0.2606911,-0.63426864,0.8584828,-0.6501043,-0.63277924,1.6808681,0.017484426,0.06372213,-9.827155,21.170809,-14.332389,1.3832048,-2.7488396,-2.5361943,15.469407,18.888615,-496.04584,-319.14648,-551.7668,-313.00885,-496.04584,-319.14648,-551.7668,-313.00885,-1.0,-1.0,-1.0,-1.0,0.0,-0.4,-0.4,-0.4
0.8666666666666667,21.121595,-14.378328,2.207467,0.573134,-0.012140577,-0.06804285,0.81654155,-0.28134096,0.62966883,1.6277313,0.17149699,-1.1821964,0.61727995,-0.6511155,-0.63218164,1.5170827,-0.060671564,0.035855766,-9.8271265,21.156368,-14.347329,1.4088246,-2.4912086,-2.220709,15.457863,18.929113,-477.40137,375.03384,-192.01746,-1683.1538,-477.40137,375.03384,-192.01746,-1683.1538,-1.0,1.0,-1.0,-1.0,0.0,0.4,-0.4,-0.4
0.8833333333333333,21.11074,-14.388879,2.2307093,0.56977266,-0.0047930893,-0.068260856,0.8189485,-0.2682737,0.6651047,1.4641145,0.6084076,-0.62742734,0.37424394,-0.6515657,-0.6332999,1.3536469,-0.027011631,-0.067094564,-9.806149,21.141914,-14.362264,1.4317602,-2.2332177,-1.906521,15.479449,18.851286,-164.93158,288.65683,332.58,-724.0888,-164.93158,288.65683,332.58,-724.0888,-1.0,1.0,1.0,-1.0,0.0,0.4,0.4,-0.4
0.9,21.09956,-14.399871,2.255074,0.5658703,-0.0023183047,-0.0671519,0.8217517,-0.27005434,0.6945311,1.6104677,0.19655901,-0.058394626,0.61662984,-0.6771305,-0.668227,1.4979575,-1.5338908,-2.0956278,8.658635,21.127293,-14.377319,1.4558729,-1.9866171,-1.6153488,14.796037,17.470327,95.73761,-410.8528,70.35521,539.3707,95.73761,-410.8528,70.35521,539.3707,1.0,-1.0,1.0,1.0,33.524375915527344,-0.4,0.4,0.4
0.9166666666666666,21.08828,-14.410994,2.2779942,0.5601196,-0.00011192039,-0.070192136,0.82543266,-0.2601006,0.71289057,1.4516389,-0.22752619,-0.6089878,0.86050475,-0.67670363,-0.6670949,1.3342329,0.025613306,0.06792784,-9.823472,21.112623,-14.392422,1.4785805,-1.7437433,-1.3302306,14.572427,17.107092,-577.86786,-53.223156,-161.53847,541.51556,-577.86786,-53.223156,-161.53847,541.51556,-1.0,-1.0,-1.0,1.0,0.0,-0.4,-0.4,0.4
0.9333333333333333,21.076996,-14.422127,2.2981887,0.5553331,0.0012964412,-0.07043669,0.8286387,-0.26128262,0.73776746,1.2896478,0.20569932,-0.0586486,0.61733776,-0.6771276,-0.66822255,1.1707853,-0.025438068,-0.06765962,-9.806856,21.097956,-14.40753,1.4985967,-1.5013108,-1.0454868,14.545948,17.084625,-839.444,697.62683,102.36554,-1723.8434,-839.444,697.62683,102.36554,-1723.8434,-1.0,1.0,1.0,-1.0,0.0,0.4,0.4,-0.4
0.95,21.065693,-14.433254,2.315656,0.5495117,0.00646541,-0.06898096,0.8326084,-0.2546606,0.77053356,1.1229228,0.6306937,-0.60103154,0.8619851,-0.67796654,-0.66762406,1.0070596,-0.05033612,0.03590941,-9.823544,21.083273,-14.422634,1.5159196,-1.2591785,-0.7606322,14.527938,17.091274,-490.7748,194.64874,-381.72842,457.1091,-490.7748,194.64874,-381.72842,457.1091,-1.0,1.0,-1.0,1.0,0.0,0.4,-0.4,0.4
0.9666666666666667,21.054396,-14.444368,2.3303938,0.5441826,0.014525911,-0.07143211,0.83579403,-0.24285394,0.7955476,0.96074736,0.21353579,-1.1454034,0.619624,-0.67776823,-0.6665653,0.84334487,0.011898278,0.06352544,-9.822882,21.068596,-14.437752,1.5305473,-1.0170686,-0.47388393,14.526593,17.204897,-432.94684,-159.02074,-134.40134,-299.01456,-432.94684,-159.02074,-134.40134,-299.01456,-1.0,-1.0,-1.0,-1.0,0.0,-0.4,-0.4,-0.4
0.9833333333333333,21.043093,-14.45549,2.342407,0.5406216,0.021791892,-0.07102092,0.8379794,-0.24479729,0.82229805,0.79491955,0.6504207,-0.5901743,0.37648833,-0.67813647,-0.667725,0.67990535,-0.022094248,-0.069583654,-9.80637,21.053902,-14.452861,1.5424844,-0.77415717,-0.18830866,14.574687,17.134516,-310.16446,556.38635,512.19855,-1059.4254,-310.16446,556.38635,512.19855,-1059.4254,-1.0,1.0,1.0,-1.0,0.0,0.4,0.4,-0.4
1.0,21.031803,-14.466625,2.3516958,0.5365514,0.02421937,-0.06957497,0.8406457,-0.25454134,0.8430793,0.6293554,0.2323502,-0.04022762,0.6188258,-0.6770599,-0.66823334,0.5164464,0.064594746,-0.030498503,-9.807536,21.03919,-14.467971,1.5517311,-0.52907395,0.09637402,14.704992,17.080961,-11.125331,-251.60324,369.43704,421.14914,-11.125331,-251.60324,369.43704,421.14914,-1.0,-1.0,1.0,1.0,0.0,-0.4,0.4,0.4
1.0166666666666666,21.020508,-14.477756,2.358257,0.5305488,0.029343871,-0.067877755,0.8444226,-0.25758344,0.8663279,0.46146202,0.6571518,-0.5821603,0.86345935,-0.677932,-0.667674,0.35276058,-0.052328106,0.0335598,-9.821149,21.02448,-14.483091,1.5582849,-0.28454685,0.38215193,14.671625,17.146675,-140.6845,201.55843,-347.448,328.41306,-140.6845,201.55843,-347.448,328.41306,-1.0,1.0,-1.0,1.0,0.0,0.4,-0.4,0.4
1.0333333333333332,21.009184,-14.489179,2.3639576,0.52558005,0.031617202,-0.06630624,0.84756666,-0.26825035,0.88536906,0.4464128,0.24404849,-0.019272625,0.6192072,-0.6801875,-0.6913246,0.3384327,-0.13532996,-1.4190351,-0.85967296,21.009768,-14.4981985,1.5640088,-0.04180076,0.646013,14.564764,15.831664,-0.029208258,-220.68788,225.83173,-646.6354,-0.029208258,-220.68788,225.83173,-646.6354,-0.029208258,-1.0,1.0,-1.0,16.272594451904297,-0.4,0.4,-0.4
1.05,20.997833,-14.500694,2.3675528,0.5195169,0.03663887,-0.06441259,0.8512407,-0.27352023,0.9052637,0.27800003,0.6684663,-0.5609926,0.86369705,-0.6810738,-0.6907923,0.17476977,-0.053175684,0.03193617,-9.819775,20.995033,-14.513296,1.5676571,0.20053478,0.90257853,14.540131,15.3939295,-249.16315,189.2624,-31.618649,314.36655,-249.16315,189.2624,-31.618649,314.36655,-1.0,1.0,-1.0,1.0,0.0,0.4,-0.4,0.4
1.0666666666666667,20.986488,-14.512216,2.368422,0.51449597,0.03884691,-0.06272325,0.8543129,-0.284873,0.92036957,0.11163868,0.2522573,-0.0074515343,0.6195423,-0.68016213,-0.69133806,0.01128227,0.05469918,-0.032744408,-9.80925,20.980297,-14.528401,1.5686098,0.44342032,1.1592988,14.573132,15.4032135,-81.04947,-225.46007,660.6548,-617.0565,-81.04947,-225.46007,660.6548,-617.0565,-1.0,-1.0,1.0,-1.0,0.0,-0.4,0.4,-0.4
1.0833333333333333,20.975155,-14.523752,2.3665676,0.5087969,0.037965093,-0.05715501,0.85814786,-0.29434383,0.9354237,-0.060791925,0.67797846,0.54817694,0.86174905,-0.6802405,-0.69244325,-0.15213999,-0.004702806,-0.06631136,-9.805335,20.96556,-14.543505,1.566869,0.68713355,1.4148126,14.622793,15.330826,-122.65814,184.49837,176.98474,270.945,-122.65814,184.49837,176.98474,270.945,-1.0,1.0,1.0,1.0,0.0,0.4,0.4,0.4
1.1,20.963818,-14.535279,2.3619857,0.5012652,0.037960663,-0.054365087,0.86274946,-0.2966612,0.9483354,-0.22940974,0.24418189,0.004494533,1.1045363,-0.67995954,-0.6912759,-0.31586283,0.016858578,0.07004142,-9.82337,20.950823,-14.55861,1.5624317,0.9307226,1.6711744,14.615342,15.381709,-118.4464,-365.88928,-581.9461,366.97327,-118.4464,-365.88928,-581.9461,366.97327,-1.0,-1.0,-1.0,1.0,0.0,-0.4,-0.4,0.4
1.1166666666666667,20.952473,-14.546796,2.3546758,0.4942556,0.042760503,-0.052287064,0.8666885,-0.30332726,0.9592911,-0.39860144,0.66794443,-0.5348289,0.8625275,-0.68106735,-0.6908965,-0.47951993,-0.066468716,0.022763012,-9.819426,20.936098,-14.573716,1.5552967,1.1728253,1.9283899,14.526164,15.432929,-194.52893,461.84122,-112.304054,-2248.2278,-194.52893,461.84122,-112.304054,-2248.2278,-1.0,1.0,-1.0,-1.0,0.0,0.4,-0.4,-0.4
1.1333333333333333,20.94113,-14.558316,2.3446403,0.48916414,0.044791643,-0.050454203,0.86957836,-0.31497854,0.96691996,-0.56560844,0.25150228,0.018294752,0.6183406,-0.6801255,-0.69138753,-0.6430173,0.056512352,-0.029461382,-9.809841,20.921362,-14.588816,1.5454665,1.4159057,2.1848924,14.584822,15.390149,-98.003395,-143.80075,755.2601,-1171.4813,-98.003395,-143.80075,755.2601,-1171.4813,-1.0,-1.0,1.0,-1.0,0.0,-0.4,0.4,-0.4
1.15,20.929794,-14.569855,2.3318808,0.48331326,0.043629322,-0.044838786,0.8732092,-0.31840193,0.97206897,-0.73902225,0.6772047,0.5740119,0.86041063,-0.68013597,-0.69249475,-0.8064228,-0.000629425,-0.06643295,-9.804332,20.906618,-14.603915,1.5329422,1.6601049,2.4401398,14.651949,15.31484,-167.63115,373.28433,429.70636,262.1375,-167.63115,373.28433,429.70636,262.1375,-1.0,1.0,1.0,1.0,0.0,0.4,0.4,0.4
1.1666666666666667,20.918459,-14.581383,2.316394,0.47563925,0.043447495,-0.041989338,0.8775627,-0.31760728,0.9775711,-0.9082532,0.24261127,0.030144602,1.1031055,-0.679929,-0.691315,-0.9701672,0.012416839,0.070785284,-9.824663,20.891882,-14.619016,1.5177219,1.9037874,2.6962562,14.62095,15.366982,-112.5945,-126.570625,-297.76428,336.9237,-112.5945,-126.570625,-297.76428,336.9237,-1.0,-1.0,-1.0,1.0,0.0,-0.4,-0.4,0.4
1.1833333333333333,20.907127,-14.592918,2.2981827,0.46883848,0.042066563,-0.03643736,0.8815289,-0.31441194,0.9785755,-1.081931,0.66731113,0.5879015,0.8590709,-0.6800787,-0.6925213,-1.1335549,-0.008980035,-0.07237672,-9.803263,20.877155,-14.634113,1.4998064,2.1470942,2.951674,14.598412,15.325068,-96.56992,734.001,375.3623,-2949.6084,-96.56992,734.001,375.3623,-2949.6084,-1.0,1.0,1.0,-1.0,0.0,0.4,0.4,-0.4
1.2,20.895782,-14.604454,2.277245,0.46086794,0.04419406,-0.028879017,0.885897,-0.3104512,0.9683175,-1.2615474,1.0818374,0.054412246,1.1027229,-0.6810069,-0.6921332,-1.2971903,-0.055693384,0.023285149,-9.818122,20.862429,-14.649204,1.4791944,2.389483,3.2066717,14.543323,15.299863,-77.90748,176.11159,-135.16832,281.2658,-77.90748,176.11159,-135.16832,281.2658,-1.0,1.0,-1.0,1.0,0.0,0.4,-0.4,0.4
1.2166666666666666,20.884443,-14.615993,2.2535818,0.45388186,0.043385673,-0.021757394,0.889739,-0.30240268,0.95608515,-1.4387704,0.65639365,0.6157496,0.8583067,-0.6800024,-0.6925587,-1.4606732,0.06027102,-0.025531052,-9.808973,20.847706,-14.664294,1.455887,2.6320512,3.4614594,14.554094,15.28726,-12.885628,-273.79675,513.9954,-1662.1333,-12.885628,-273.79675,513.9954,-1662.1333,-1.0,-1.0,1.0,-1.0,0.0,-0.4,0.4,-0.4
1.2333333333333334,20.873116,-14.62755,2.2271955,0.4459507,0.03916583,-0.011018121,0.8941323,-0.27490795,0.93563867,-1.6216487,1.0722473,1.1783316,1.0999799,-0.6798794,-0.6936632,-1.623987,0.0073778625,-0.066268444,-9.798824,20.832985,-14.679379,1.4298855,2.8753505,3.7146049,14.597954,15.188726,-53.916847,136.39064,112.96161,218.33069,-53.916847,136.39064,112.96161,218.33069,-1.0,1.0,1.0,1.0,0.0,0.4,0.4,0.4
1.25,20.86202,-14.639316,2.2019541,0.436174,0.03590482,-0.002974985,0.8991407,-0.24798971,0.91950333,-1.4890682,0.6288093,0.6622419,1.3418361,-0.66071075,-0.70947516,-1.477977,1.1501204,-0.9487187,8.760595,20.818464,-14.694196,1.4050283,3.1210272,3.9335902,14.740604,13.139118,17.840496,-375.59955,-745.5483,218.83331,17.840496,-375.59955,-745.5483,218.83331,1.0,-1.0,-1.0,1.0,33.524375915527344,-0.4,-0.4,0.4
1.2666666666666666,20.850992,-14.651137,2.1752758,0.4271743,0.037285108,0.004656451,0.9033882,-0.23328549,0.8948699,-1.6675498,1.0381712,0.13291502,1.0991479,-0.66182923,-0.70928633,-1.6415942,-0.06710887,0.01132965,-9.817027,20.804012,-14.708918,1.3787495,3.3666248,4.1418133,14.735855,12.493385,-175.8734,38.851208,-226.30148,-4237.359,-175.8734,38.851208,-226.30148,-4237.359,-1.0,1.0,-1.0,-1.0,0.0,0.4,-0.4,-0.4
1.2833333333333332,20.839975,-14.662965,2.145873,0.42000252,0.035709564,0.011748607,0.906744,-0.2141887,0.869228,-1.8431032,0.61145115,0.69278526,0.85449153,-0.66080594,-0.70962435,-1.8050574,0.06139755,-0.020281075,-9.807794,20.789566,-14.723628,1.3497708,3.612695,4.348858,14.764208,12.422675,-18.053997,-459.1432,463.82025,-3631.408,-18.053997,-459.1432,463.82025,-3631.408,-1.0,-1.0,1.0,-1.0,0.0,-0.4,0.4,-0.4
1.3,20.82925,-14.674816,2.1176145,0.41479656,0.034533154,0.014766871,0.9091387,-0.20469248,0.8546299,-1.7009101,0.18011989,0.16573785,0.6109441,-0.6375749,-0.71170086,-1.6590258,1.3938617,-0.12459039,8.761897,20.775356,-14.73802,1.3219382,3.862802,4.531362,15.006422,10.95025,406.4749,-262.35098,-33.482468,-1387.1143,406.4749,-262.35098,-33.482468,-1387.1143,1.0,-1.0,-1.0,-1.0,33.524375915527344,-0.4,-0.4,-0.4
1.3166666666666667,20.818916,-14.686707,2.091797,0.41131952,0.031812526,0.020520179,0.91070473,-0.19269961,0.834872,-1.5620203,0.6115362,0.73897034,0.36738628,-0.6141513,-0.71379703,-1.5124034,1.4054166,-0.12577057,8.797345,20.761494,-14.751987,1.2965357,4.116133,4.680606,15.19987,8.954629,387.63223,81.378006,734.95013,-2067.9817,387.63223,81.378006,734.95013,-2067.9817,1.0,1.0,1.0,-1.0,33.524375915527344,0.4,0.4,-0.4
1.3333333333333333,20.808985,-14.698563,2.0684206,0.40684062,0.024093933,0.02660266,0.91279376,-0.1647076,0.81848437,-1.421766,0.1888256,1.3037809,0.60835224,-0.59017926,-0.71009463,-1.3659861,1.438322,0.22214411,8.785035,20.748007,-14.765516,1.2735628,4.371463,4.8008184,15.319776,7.212753,418.73505,-437.8105,318.1682,305.18283,418.73505,-437.8105,318.1682,305.18283,1.0,-1.0,1.0,1.0,33.524375915527344,-0.4,0.4,0.4
1.35,20.799397,-14.710273,2.0474803,0.40063047,0.016930064,0.028460413,0.915641,-0.13670892,0.8121207,-1.2748978,-0.24737918,0.76988375,0.8489623,-0.5708981,-0.6996893,-1.2198789,1.1568688,0.62431806,8.766432,20.734922,-14.778597,1.2530154,4.622631,4.8993206,15.070094,5.910129,369.2317,-298.76248,-620.3635,123.19174,369.2317,-298.76248,-620.3635,123.19174,1.0,-1.0,-1.0,1.0,33.524375915527344,-0.4,-0.4,0.4
1.3666666666666667,20.79007,-14.721787,2.0289793,0.3954357,0.014455228,0.03012008,0.9178858,-0.120771945,0.8031317,-1.1292198,0.170962,0.2422674,0.6057412,-0.55623144,-0.68781036,-1.0734373,0.88000053,0.712738,8.786494,20.722256,-14.791228,1.2348894,4.8626466,4.979601,14.400929,4.8168178,268.74564,280.23566,-231.32413,-4732.8574,268.74564,280.23566,-231.32413,-4732.8574,1.0,1.0,-1.0,-1.0,33.524375915527344,0.4,-0.4,-0.4
1.3833333333333333,20.780993,-14.7330885,2.0129218,0.39204034,0.009006662,0.031162828,0.9193759,-0.105020165,0.79563916,-0.98088,-0.24788016,0.8051387,0.361338,-0.5405924,-0.6745639,-0.92677945,0.93834394,0.79478854,8.799473,20.710026,-14.803399,1.219184,5.089307,5.042131,13.599614,3.7518022,238.38661,-177.3547,396.981,-3475.9788,238.38661,-177.3547,396.981,-3475.9788,1.0,-1.0,1.0,-1.0,33.524375915527344,-0.4,0.4,-0.4
1.4,20.772118,-14.744138,1.9993063,0.39055464,0.006137533,0.033020373,0.9199669,-0.09400731,0.78614223,-0.83508015,0.17523912,0.27864435,0.118229814,-0.5302462,-0.65892607,-0.780302,0.6207704,0.93826884,8.788648,20.698261,-14.815101,1.20589,5.297115,5.0890326,12.46848,2.814102,261.68774,341.07825,-430.30658,-223.4949,261.68774,341.07825,-430.30658,-223.4949,1.0,1.0,-1.0,-1.0,33.524375915527344,0.4,-0.4,-0.4
1.4166666666666667,20.763426,-14.754906,1.9881351,0.38805923,0.00040708878,0.03423408,0.9209983,-0.07968521,0.77757025,-0.6865782,-0.24132633,0.84064484,0.35969627,-0.5188601,-0.6415988,-0.6336327,0.6831657,1.039635,8.800156,20.686981,-14.826334,1.1950059,5.4833097,5.1224966,11.171693,2.007837,224.70985,-86.7363,178.55751,219.03139,224.70985,-86.7363,178.55751,219.03139,1.0,-1.0,1.0,1.0,33.524375915527344,-0.4,0.4,0.4
1.4333333333333333,20.754852,-14.765354,1.9794048,0.3865673,-0.002716931,0.036255486,0.9215442,-0.06713909,0.7685127,-0.5406159,0.18172994,0.3140418,0.11669182,-0.51307404,-0.62189066,-0.48722926,0.34716365,1.1824893,8.784207,20.676195,-14.837104,1.1865208,5.6425195,5.145607,9.552583,1.3866233,286.03812,367.97546,-882.7897,-32.08543,286.03812,367.97546,-882.7897,-32.08543,1.0,1.0,-1.0,-1.0,33.524375915527344,0.4,-0.4,-0.4
1.45,20.746376,-14.775439,1.9731106,0.3842943,-0.0024010674,0.034941696,0.92254597,-0.057101667,0.75931823,-0.39143813,-0.24168673,-0.21978909,0.35969037,-0.5070716,-0.59962624,-0.34113884,0.36014554,1.3358651,8.765425,20.665926,-14.847403,1.1804256,5.7715673,5.160969,7.7428718,0.9217071,228.62619,-41.62332,-389.80353,268.21948,228.62619,-41.62332,-389.80353,268.21948,1.0,-1.0,-1.0,1.0,33.524375915527344,-0.4,-0.4,0.4
1.4666666666666666,20.737997,-14.785194,1.9692613,0.38287246,-0.0036738596,0.03626235,0.9230818,-0.049191833,0.7507355,-0.24473384,0.19366843,0.35022336,0.11656749,-0.50122166,-0.580489,-0.19423708,0.35099742,1.1482357,8.814105,20.656185,-14.857239,1.1767235,5.8696074,5.166798,5.8824058,0.34976003,222.3867,449.75616,160.3524,-3040.7773,222.3867,449.75616,160.3524,-3040.7773,1.0,1.0,1.0,-1.0,33.524375915527344,0.4,0.4,-0.4
1.4833333333333334,20.729708,-14.794587,1.9678504,0.3805855,-0.0035930204,0.03515904,0.92407006,-0.03840196,0.74088955,-0.09577331,-0.22979912,-0.1835063,0.35938102,-0.49596173,-0.5579156,-0.04813545,0.31559584,1.354401,8.766098,20.646976,-14.866604,1.1754055,5.9358015,5.164809,3.9716432,-0.11933326,218.6358,-1.1851085,-619.6642,403.22385,218.6358,-1.1851085,-619.6642,403.22385,1.0,-1.0,-1.0,1.0,33.524375915527344,-0.4,-0.4,0.4
1.5,20.721498,-14.803629,1.9688784,0.37938714,0.0011998557,0.034035426,0.9246109,-0.029416263,0.73274225,0.050935365,0.19840139,-0.7094736,0.11646932,-0.49163467,-0.5375914,0.09829685,0.25962353,1.2194537,8.785937,20.638319,-14.875504,1.1764675,5.9680777,5.154591,1.9365691,-0.61308855,124.199005,575.4394,-174.16515,-2053.71,124.199005,575.4394,-174.16515,-2053.71,1.0,1.0,-1.0,-1.0,33.524375915527344,0.4,-0.4,-0.4
1.5166666666666666,20.713408,-14.812365,1.972353,0.3771532,0.0051080068,0.037193906,0.92538965,-0.022078156,0.72517943,0.19262975,0.63498867,-0.13753366,0.35913616,-0.48289812,-0.51976895,0.24521126,0.52419305,1.0693467,8.814864,20.630194,-14.883934,1.1799182,5.9705496,5.132646,0.14831541,-1.3166999,14.648463,172.48036,401.20346,198.77927,14.648463,172.48036,401.20346,198.77927,1.0,1.0,1.0,1.0,33.524375915527344,0.4,0.4,0.4
1.5333333333333332,20.70536,-14.821014,1.9743916,0.37313175,0.010499091,0.037870135,0.92694557,-0.011520386,0.71279,0.02570843,0.20803672,-0.68599266,0.60156685,-0.4829661,-0.51864076,0.08135809,-0.004078746,0.0676918,-9.831189,20.62221,-14.892252,1.1819204,5.9660172,5.108782,-0.2719402,-1.431856,-22.288393,-423.0462,-149.33203,272.63837,-22.288393,-423.0462,-149.33203,272.63837,-1.0,-1.0,-1.0,1.0,0.0,-0.4,-0.4,0.4
1.55,20.697496,-14.829434,1.9775805,0.36992177,0.014275806,0.041193023,0.9280394,-0.0055769086,0.70266336,0.16746789,0.6473995,-0.11209726,0.357776,-0.46803573,-0.50077116,0.22799882,0.895822,1.0721755,8.798444,20.614632,-14.900219,1.1850389,5.9454155,5.07621,-1.2361048,-1.9543074,127.07801,14.125549,523.7589,-4281.149,127.07801,14.125549,523.7589,-4281.149,1.0,1.0,1.0,-1.0,33.524375915527344,0.4,0.4,-0.4
1.5666666666666667,20.689709,-14.837781,1.9793379,0.3655994,0.013174684,0.044610396,0.9296092,0.0003402233,0.6876842,0.0009335093,0.22602701,0.435556,0.6002101,-0.46682677,-0.5008113,0.06458825,0.07253765,-0.0024068353,-9.804634,20.607183,-14.908071,1.1867167,5.920969,5.040622,-1.4667891,-2.135267,-7.343629,-558.73334,159.9667,306.4235,-7.343629,-558.73334,159.9667,306.4235,-1.0,-1.0,1.0,1.0,0.0,-0.4,0.4,0.4
1.5833333333333333,20.682144,-14.84583,1.9822338,0.36236033,0.012763416,0.043947827,0.9309138,0.00770092,0.6722783,0.14959449,-0.20022553,-0.096942484,0.35641313,-0.4501569,-0.47707382,0.21013215,1.0001922,1.4242475,8.732634,20.600147,-14.915579,1.1895096,5.8829284,5.0017457,-2.282438,-2.3325918,141.90057,-211.33286,-686.71484,-350.0874,141.90057,-211.33286,-686.71484,-350.0874,1.0,-1.0,-1.0,-1.0,33.524375915527344,-0.4,-0.4,-0.4
1.6,20.674643,-14.853795,1.9836968,0.36087888,0.010736763,0.045826357,0.93142426,0.010161459,0.65812546,-0.014209416,0.22849232,0.45464167,0.11351379,-0.4500521,-0.47820288,0.047003284,0.0062870975,-0.06774366,-9.787731,20.59324,-14.9229765,1.1908619,5.8400836,4.9609528,-2.570686,-2.4475763,-111.66038,302.78564,31.945028,-203.82628,-111.66038,302.78564,31.945028,-203.82628,-1.0,1.0,1.0,-1.0,0.0,0.4,0.4,-0.4
1.6166666666666667,20.667337,-14.861451,1.9862987,0.35857052,0.010159691,0.045271005,0.9323489,0.016828775,0.6423648,0.13438216,-0.19522518,-0.07891736,0.35617426,-0.43449992,-0.4529179,0.19248262,0.9331315,1.5170984,8.72876,20.58673,-14.930041,1.1933312,5.7829633,4.9184475,-3.4272192,-2.5503156,287.02765,-68.8854,-639.33527,767.10626,287.02765,-68.8854,-639.33527,767.10626,1.0,-1.0,-1.0,1.0,33.524375915527344,-0.4,-0.4,0.4
1.6333333333333333,20.660082,-14.868999,1.9874618,0.35738814,0.014373565,0.044741895,0.9327728,0.021529496,0.62803715,-0.02999819,0.2265985,-0.6233556,0.11318481,-0.43570444,-0.45290282,0.02889652,-0.07227122,0.00090479845,-9.8151655,20.580353,-14.93699,1.194354,5.7196703,4.8753967,-3.7975786,-2.5830457,-123.66358,338.34714,-286.27213,-169.30238,-123.66358,338.34714,-286.27213,-169.30238,-1.0,1.0,-1.0,-1.0,0.0,0.4,-0.4,-0.4
1.65,20.65306,-14.876266,1.9897677,0.35517943,0.015795054,0.04345536,0.93365395,0.024697363,0.6121354,0.11883378,-0.18713781,-0.060054936,0.3555688,-0.41642648,-0.4306555,0.17483144,1.1566775,1.3348387,8.756094,20.574366,-14.943608,1.1965009,5.6452656,4.828784,-4.4642825,-2.7967641,162.80295,-79.033356,446.88962,424.37903,162.80295,-79.033356,446.88962,424.37903,1.0,-1.0,1.0,1.0,33.524375915527344,-0.4,0.4,0.4
1.6666666666666667,20.646109,-14.88344,1.9906367,0.3511408,0.020018699,0.043008436,0.93512005,0.030760765,0.5972569,-0.045632277,0.2358107,-0.6045748,0.59803736,-0.41743815,-0.43053886,0.011233411,-0.060700174,0.006998777,-9.815882,20.568506,-14.950116,1.197206,5.566615,4.780873,-4.719028,-2.8746698,-167.74619,375.72144,-29.639353,255.84996,-167.74619,375.72144,-29.639353,255.84996,-1.0,1.0,-1.0,1.0,0.0,0.4,-0.4,0.4
1.6833333333333333,20.639423,-14.890366,1.9926476,0.3479789,0.021366246,0.04184347,0.9363243,0.032767892,0.5813266,0.10303579,-0.17564537,-0.040079087,0.35453886,-0.39545676,-0.41055313,0.15713376,1.3188832,1.199144,8.754021,20.563023,-14.956301,1.1990387,5.480153,4.727619,-5.187721,-3.1952188,219.35825,-126.58666,607.36884,-3663.4165,219.35825,-126.58666,607.36884,-3663.4165,1.0,-1.0,1.0,-1.0,33.524375915527344,-0.4,0.4,-0.4
1.7,20.63284,-14.897221,1.9932269,0.3436291,0.019060494,0.04396743,0.9378819,0.035515487,0.566211,-0.060623433,0.2527216,0.5115545,0.5981631,-0.3951137,-0.41155848,-0.006034456,0.02058327,-0.06032109,-9.790092,20.557669,-14.962377,1.1994362,5.391646,4.6716285,-5.31043,-3.3594415,-175.32632,398.0506,261.07303,375.16754,-175.32632,398.0506,261.07303,375.16754,-1.0,1.0,1.0,1.0,0.0,0.4,0.4,0.4
1.7166666666666666,20.626503,-14.903796,1.994944,0.3374965,0.018276414,0.04363861,0.940137,0.042928517,0.54950935,0.08768925,-0.17411673,-0.020756245,0.84038085,-0.3753585,-0.38881037,0.13937508,1.1853127,1.3648866,8.724571,20.55268,-14.968135,1.20096,5.2947826,4.6129007,-5.8117957,-3.5236642,264.54062,-103.48201,-666.10815,200.5026,264.54062,-103.48201,-666.10815,200.5026,1.0,-1.0,-1.0,1.0,33.524375915527344,-0.4,-0.4,0.4
1.7333333333333334,20.620232,-14.910278,1.9952223,0.3324687,0.02228177,0.04345018,0.94184935,0.048351645,0.53418636,-0.07683479,0.24863848,-0.5655673,0.596702,-0.37657028,-0.38885176,-0.024199845,-0.07270753,-0.0024837253,-9.814495,20.547808,-14.973788,1.2010429,5.1940937,4.5533557,-6.0413356,-3.5727022,-61.54136,381.35767,-188.74521,-4795.1562,-61.54136,381.35767,-188.74521,-4795.1562,-1.0,1.0,-1.0,-1.0,0.0,0.4,-0.4,-0.4
1.75,20.614243,-14.916501,1.9966414,0.32927957,0.023380913,0.042507913,0.94298536,0.04881823,0.51768017,0.07166192,-0.16319856,-0.0011315495,0.35319477,-0.3534689,-0.36849505,0.12158348,1.3860832,1.2214028,8.746999,20.54329,-14.97913,1.2022591,5.0883465,4.490048,-6.344833,-3.7984655,261.7614,-177.6258,584.5206,-3491.8325,261.7614,-177.6258,584.5206,-3491.8325,1.0,-1.0,1.0,-1.0,33.524375915527344,-0.4,0.4,-0.4
1.7666666666666666,20.608355,-14.922654,1.996628,0.3248898,0.020761717,0.044776995,0.9444631,0.050382495,0.5019548,-0.091774866,0.26501304,0.55062807,0.5969517,-0.35308525,-0.3694871,-0.041590557,0.023018716,-0.05952358,-9.7904415,20.538889,-14.984372,1.2020429,4.9813833,4.4246216,-6.417789,-3.9255807,-147.4199,358.46353,240.70982,443.219,-147.4199,358.46353,240.70982,443.219,-1.0,1.0,1.0,1.0,0.0,0.4,0.4,0.4
1.7833333333333332,20.602728,-14.92852,1.9977512,0.3187072,0.019710941,0.04461535,0.94659734,0.056228817,0.48453948,0.05646563,-0.1624248,0.018392414,0.83920723,-0.33255625,-0.34609112,0.103710845,1.23174,1.403759,8.718083,20.534828,-14.989314,1.2029599,4.868816,4.3582425,-6.754045,-3.982744,330.24023,-178.55475,-703.2901,247.2089,330.24023,-178.55475,-703.2901,247.2089,1.0,-1.0,-1.0,1.0,33.524375915527344,-0.4,-0.4,0.4
1.8,20.597174,-14.934289,1.997435,0.3136391,0.023441646,0.04468766,0.94820035,0.06012249,0.46855485,-0.107997745,0.2598083,-0.5261667,0.5955413,-0.3337644,-0.34617886,-0.059862446,-0.07248937,-0.0052642818,-9.814397,20.53088,-14.994155,1.2024373,4.753389,4.291595,-6.9256206,-3.9988515,-28.30101,265.22943,-247.66376,-4728.0107,-28.30101,265.22943,-247.66376,-4728.0107,-1.0,1.0,-1.0,-1.0,0.0,0.4,-0.4,-0.4
1.8166666666666667,20.591908,-14.939789,1.998258,0.31042278,0.024279077,0.043949455,0.9492716,0.05950129,0.45137262,0.040408537,-0.15241194,0.03819126,0.3520282,-0.31005225,-0.3246816,0.085790254,1.4227294,1.2898349,8.7391615,20.527254,-14.998708,1.2030545,4.6355143,4.223583,-7.072477,-4.080705,327.6799,-335.42264,555.7393,-3456.2192,327.6799,-335.42264,555.7393,-3456.2192,1.0,-1.0,1.0,-1.0,33.524375915527344,-0.4,0.4,-0.4
1.8333333333333333,20.586739,-14.945212,1.9976482,0.3059916,0.021335773,0.04634458,0.95066607,0.060312063,0.43497318,-0.12276898,0.27565426,0.5900605,0.5958717,-0.30962896,-0.32565752,-0.07738598,0.025396941,-0.058554407,-9.790574,20.52373,-15.003164,1.202242,4.5173845,4.15414,-7.0877833,-4.166593,-75.37567,164.35983,192.42406,474.57156,-75.37567,164.35983,192.42406,474.57156,-1.0,1.0,1.0,1.0,0.0,0.4,0.4,0.4
1.8499999999999999,20.581842,-14.950333,1.998173,0.2997593,0.020009099,0.04633426,0.9526789,0.06502721,0.4167745,0.025452413,-0.15239201,0.057881296,0.8381675,-0.28887904,-0.30088344,0.06778933,1.2449955,1.4864444,8.710518,20.52052,-15.007341,1.2025669,4.3962607,4.0864143,-7.267427,-4.063539,438.94943,-425.54788,-755.33215,247.7563,438.94943,-425.54788,-755.33215,247.7563,1.0,-1.0,-1.0,1.0,33.524375915527344,-0.4,-0.4,0.4
1.8666666666666667,20.57727,-14.95505,2.0011218,0.29465705,0.023247112,0.046365544,0.95419437,0.069446266,0.40068555,0.17207086,0.21592936,-0.46861678,0.59452254,-0.26942664,-0.27731672,0.21327186,1.1671435,1.4140033,8.728951,20.517704,-15.011146,1.205317,4.2700877,4.020817,-7.5703807,-3.9358518,80.585175,0.8610753,-357.277,-4804.293,80.585175,0.8610753,-357.277,-4804.293,1.0,0.8610753,-1.0,-1.0,33.524375915527344,0.34443012,-0.4,-0.4
1.8833333333333333,20.572792,-14.959673,2.0026336,0.29142255,0.023640303,0.045361888,0.9552257,0.068475276,0.3829404,0.010150537,-0.2024671,0.07656121,0.35100034,-0.26842147,-0.27731025,0.049842265,0.06031036,0.0003880262,-9.805775,20.514986,-15.014862,1.2066357,4.143662,3.9557724,-7.585544,-3.902664,-457.5819,-567.81476,304.0909,-3006.065,-457.5819,-567.81476,304.0909,-3006.065,-1.0,-1.0,1.0,-1.0,0.0,-0.4,0.4,-0.4
1.9,20.56831,-14.964283,2.0014162,0.28740436,0.02526806,0.040263843,0.956629,0.06866905,0.36644593,-0.14996842,-0.6304988,-0.4776944,0.5929227,-0.26871333,-0.27619526,-0.11400859,-0.017511249,0.06689966,-9.831051,20.512268,-15.018583,1.2052311,4.0169826,3.8919656,-7.6007648,-3.828406,-74.003685,-66.88146,-6.510093,457.70255,-74.003685,-66.88146,-6.510093,457.70255,-1.0,-1.0,-1.0,1.0,0.0,-0.4,-0.4,0.4
1.9166666666666667,20.564114,-14.968663,2.0013428,0.28420672,0.025106758,0.037643842,0.9576947,0.06577578,0.35243896,-7.6808035e-05,-0.19231796,0.08861451,0.35013506,-0.2462621,-0.25857863,0.032120623,1.3470732,1.0569978,8.767753,20.509825,-15.0220375,1.2049733,3.8911438,3.8254938,-7.550325,-3.9883087,324.0317,607.848,640.18726,-5082.0977,324.0317,607.848,640.18726,-5082.0977,1.0,1.0,1.0,-1.0,33.524375915527344,0.4,0.4,-0.4
1.9333333333333333,20.560024,-14.972986,1.9998385,0.27976882,0.02157063,0.03974863,0.95900166,0.064866066,0.33797982,-0.16282243,0.23558098,0.6402159,0.59396607,-0.24578874,-0.2595339,-0.13106923,0.02840191,-0.057317015,-9.791391,20.507477,-15.02541,1.2032892,3.766146,3.7572474,-7.499871,-4.0947814,-26.341373,287.18298,297.94547,508.57272,-26.341373,287.18298,297.94547,508.57272,-1.0,1.0,1.0,1.0,0.0,0.4,0.4,0.4
1.95,20.556166,-14.977043,1.999473,0.2734994,0.019704584,0.039484374,0.96085936,0.06729928,0.32192427,-0.014575125,-0.19315174,0.10757573,0.83627236,-0.22674443,-0.23823178,0.014473269,1.1426586,1.2781279,8.73255,20.505373,-15.028521,1.2027483,3.6402075,3.6893485,-7.5563045,-4.073939,539.81586,-377.85132,-719.26074,262.5719,539.81586,-377.85132,-719.26074,262.5719,1.0,-1.0,-1.0,1.0,33.524375915527344,-0.4,-0.4,0.4
1.9666666666666666,20.552605,-14.980766,2.0015373,0.26833317,0.022507088,0.03973814,0.96224296,0.069348216,0.30808163,0.13208163,0.23357889,-0.41855896,0.59273076,-0.20929697,-0.2183019,0.16033748,1.0468473,1.1957922,8.751852,20.503603,-15.0313015,1.2046404,3.511686,3.6217287,-7.711286,-4.0571876,127.00399,152.51352,-241.7068,-4836.4683,127.00399,152.51352,-241.7068,-4836.4683,1.0,1.0,-1.0,-1.0,33.524375915527344,0.4,-0.4,-0.4
1.9833333333333334,20.54913,-14.984404,2.0021672,0.2650621,0.02253992,0.03899452,0.9631788,0.06692466,0.29263017,-0.030212015,-0.18525599,0.12656797,0.34919468,-0.20829292,-0.21823983,-0.0030887956,0.060243305,0.003724694,-9.805576,20.501913,-15.034,1.2051033,3.383593,3.5543876,-7.68558,-4.040465,-393.49628,-544.94183,462.02615,-2977.16,-393.49628,-544.94183,462.02615,-2977.16,-1.0,-1.0,1.0,-1.0,0.0,-0.4,0.4,-0.4
2.0,20.545914,-14.987793,2.0039406,0.26070932,0.01722486,0.0361056,0.9645881,0.0641495,0.27654254,0.12064758,-0.6022405,0.68650496,0.5916982,-0.18785495,-0.19856466,0.14293146,1.2262782,1.1805098,8.761215,20.50045,-15.036461,1.2067174,3.257843,3.4877357,-7.5450034,-3.999109,75.305916,-29.835737,70.71686,484.53036,75.305916,-29.835737,70.71686,484.53036,1.0,-1.0,1.0,1.0,33.524375915527344,-0.4,0.4,0.4
2.0166666666666666,20.54277,-14.991103,2.0042782,0.25737926,0.014507164,0.034310047,0.9655922,0.06470424,0.264223,-0.04092358,-0.18617705,0.13820532,0.3481979,-0.18904191,-0.19877501,-0.020659726,-0.071218014,-0.012620687,-9.815471,20.499067,-15.038838,1.2069004,3.1315615,3.420815,-7.5768895,-4.015245,-444.07095,468.14874,-991.2224,-580.4474,-444.07095,468.14874,-991.2224,-580.4474,-1.0,1.0,-1.0,-1.0,0.0,0.4,-0.4,-0.4
2.033333333333333,20.539785,-14.994188,2.0057611,0.25316522,0.017005159,0.034776486,0.96664816,0.06642142,0.2524404,0.10568261,0.24100564,-0.38729444,0.5908978,-0.17579022,-0.18068716,0.12552592,0.79510146,1.0852709,8.771138,20.497894,-15.040987,1.2082309,3.0016017,3.353625,-7.797589,-4.0313954,58.86044,268.56088,-441.8547,428.5753,58.86044,268.56088,-441.8547,428.5753,1.0,1.0,-1.0,1.0,33.524375915527344,0.4,-0.4,0.4
2.05,20.536865,-14.997198,2.0058107,0.24988016,0.016794503,0.034174237,0.9675277,0.06474894,0.23911029,-0.056870315,-0.17811447,0.15782444,0.34734857,-0.17478912,-0.18059263,-0.037887964,0.06006628,0.0056719775,-9.804832,20.49679,-15.043057,1.2081323,2.8713841,3.2862346,-7.8130527,-4.043426,-434.08826,-429.5549,220.46635,-3074.6558,-434.08826,-429.5549,220.46635,-3074.6558,-1.0,-1.0,1.0,-1.0,0.0,-0.4,0.4,-0.4
2.0666666666666664,20.534134,-14.999986,2.0070062,0.24565469,0.019145388,0.034753937,0.96854496,0.06524716,0.22709838,0.089806415,0.24890813,-0.36759472,0.5901034,-0.16022423,-0.16280454,0.10825409,0.87389314,1.067285,8.768522,20.495884,-15.044908,1.2091849,2.740497,3.2189856,-7.8532214,-4.034943,90.2297,145.67055,-356.6774,504.75476,90.2297,145.67055,-356.6774,504.75476,1.0,1.0,-1.0,1.0,33.524375915527344,0.4,-0.4,0.4
2.0833333333333335,20.531475,-15.002699,2.0067673,0.2423642,0.018795388,0.034245074,0.96939856,0.062652186,0.21364745,-0.07276046,-0.17039008,0.17755592,0.34655258,-0.15922359,-0.16269428,-0.055163886,0.060038563,0.006616115,-9.8050785,20.495039,-15.046683,1.2088093,2.6104453,3.1517408,-7.8031106,-4.0346856,-422.36127,-563.6056,342.9739,-2977.8086,-422.36127,-563.6056,342.9739,-2977.8086,-1.0,-1.0,1.0,-1.0,0.0,-0.4,0.4,-0.4
2.1,20.529024,-15.00518,2.0076714,0.23823044,0.019769326,0.029766973,0.97055095,0.06207663,0.19979845,0.07600708,-0.59375733,-0.3579471,0.58849895,-0.14314486,-0.14431086,0.09074117,0.96472347,1.1030048,8.754303,20.49437,-15.048249,1.2095836,2.482731,3.0860736,-7.662849,-3.940029,144.5711,-72.67765,-254.55418,523.16205,144.5711,-72.67765,-254.55418,523.16205,1.0,-1.0,-1.0,1.0,33.524375915527344,-0.4,-0.4,0.4
2.1166666666666667,20.526642,-15.0076,2.0071442,0.2349724,0.018906567,0.027620737,0.97142553,0.05864957,0.18959779,-0.085893184,-0.16214824,0.18999687,0.34563452,-0.14275779,-0.14538273,-0.072448686,0.023224352,-0.06431222,-9.791391,20.493755,-15.049743,1.2089322,2.3559864,3.0196586,-7.6046844,-3.984904,-475.03326,637.675,452.05383,-4437.3584,-475.03326,637.675,452.05383,-4437.3584,-1.0,1.0,1.0,-1.0,0.0,0.4,0.4,-0.4
2.1333333333333333,20.524448,-15.009851,2.0077665,0.23071873,0.020987712,0.028416703,0.9723789,0.05709076,0.1795843,0.060804546,0.26464236,-0.3352476,0.5884767,-0.12804723,-0.13171962,0.073898055,0.88263357,0.8197867,8.780805,20.493301,-15.051034,1.2094345,2.2313037,2.950785,-7.4809594,-4.132418,147.84741,267.31113,-101.50582,540.8726,147.84741,267.31113,-101.50582,540.8726,1.0,1.0,-1.0,1.0,33.524375915527344,0.4,-0.4,0.4
2.15,20.522326,-15.012048,2.0069551,0.22742158,0.020390145,0.028082648,0.9731778,0.05299896,0.16813025,-0.10193931,-0.15494965,0.20996475,0.34492305,-0.1270495,-0.13157962,-0.089518294,0.059863325,0.008399785,-9.804981,20.492897,-15.0522585,1.2085088,2.1081355,2.8810952,-7.3900933,-4.1813846,-375.7663,-463.28333,634.9224,-2776.504,-375.7663,-463.28333,634.9224,-2776.504,-1.0,-1.0,1.0,-1.0,0.0,-0.4,0.4,-0.4
2.1666666666666665,20.520416,-15.014072,2.0072975,0.22296314,0.015663944,0.030579632,0.9742212,0.049001247,0.1578283,0.045975164,0.27804446,0.780434,0.5888341,-0.11048939,-0.11808823,0.05720021,0.99360687,0.80948347,8.80311,20.492636,-15.053286,1.2087424,1.9900343,2.8095632,-7.0860667,-4.29192,238.49155,6.5321946,52.03404,542.30054,238.49155,6.5321946,52.03404,542.30054,1.0,1.0,1.0,1.0,33.524375915527344,0.4,0.4,0.4
2.183333333333333,20.518568,-15.016029,2.006203,0.21661404,0.012789298,0.030764947,0.9756885,0.04967971,0.1456111,-0.11702256,-0.15807766,0.22955477,0.83129555,-0.11091622,-0.11700934,-0.10663664,-0.02560973,0.06473333,-9.830211,20.492418,-15.054251,1.2075444,1.8731714,2.7384458,-7.011773,-4.2670436,-209.02278,-735.5501,-845.1745,435.45587,-209.02278,-735.5501,-845.1745,435.45587,-1.0,-1.0,-1.0,1.0,0.0,-0.4,-0.4,0.4
2.2,20.516861,-15.01776,2.0062528,0.2114319,0.01350134,0.026502829,0.97694004,0.0501391,0.13391528,0.03113323,-0.58343583,-0.30712563,0.5871078,-0.09969408,-0.09957079,0.039538037,0.6733283,1.0463132,8.77048,20.492327,-15.055029,1.2074982,1.75741,2.6701362,-6.9456835,-4.0985723,348.32434,-222.2083,-616.492,-4823.3315,348.32434,-222.2083,-616.492,-4823.3315,1.0,-1.0,-1.0,-1.0,33.524375915527344,-0.4,-0.4,-0.4
2.216666666666667,20.515203,-15.019437,2.0048718,0.20813932,0.012288491,0.02452351,0.9777144,0.047899768,0.1255556,-0.13117315,-0.15213618,0.24088204,0.34423414,-0.09925185,-0.10062108,-0.12365058,0.02653375,-0.06301761,-9.791317,20.49228,-15.055753,1.2060255,1.6420656,2.6018302,-6.920664,-4.0983577,-196.3389,504.38773,170.06865,-4664.9434,-196.3389,504.38773,170.06865,-4664.9434,-1.0,1.0,1.0,-1.0,0.0,0.4,0.4,-0.4
2.2333333333333334,20.513668,-15.020949,2.0046434,0.2038617,0.013932777,0.025570672,0.97856647,0.047385156,0.11700261,0.015620994,0.27426472,-0.28418833,0.5871925,-0.08943821,-0.087491736,0.022912668,0.5888186,0.78776073,8.793795,20.492338,-15.056298,1.2057095,1.5278212,2.5325024,-6.854667,-4.1596694,450.66904,43.18924,-617.98596,510.70947,450.66904,43.18924,-617.98596,510.70947,1.0,1.0,-1.0,1.0,33.524375915527344,0.4,-0.4,0.4
2.25,20.512182,-15.022407,2.002983,0.20054089,0.012933143,0.025403848,0.97927046,0.044834673,0.10712528,-0.14729157,-0.14576207,0.26089677,0.34363163,-0.08845011,-0.08729589,-0.1404877,0.059285756,0.011750757,-9.804022,20.492428,-15.056785,1.2039663,1.4149493,2.462905,-6.7723126,-4.1758485,-80.52792,-646.9266,146.47461,-3045.9812,-80.52792,-646.9266,146.47461,-3045.9812,-1.0,-1.0,1.0,-1.0,0.0,-0.4,0.4,-0.4
2.2666666666666666,20.510849,-15.023677,2.0024705,0.19632804,0.01341558,0.021325795,0.9802145,0.04389657,0.09737188,0.00049528386,-0.569979,-0.27448073,0.58565533,-0.07790113,-0.072838545,0.005865394,0.6329387,0.86744064,8.781185,20.49263,-15.057106,1.2033771,1.3049521,2.3948836,-6.5998287,-4.0812774,599.57056,-245.1812,-639.7223,518.9454,599.57056,-245.1812,-639.7223,518.9454,1.0,-1.0,-1.0,1.0,33.524375915527344,-0.4,-0.4,0.4
2.283333333333333,20.509556,-15.024906,2.0005283,0.19303444,0.0119695775,0.019489033,0.9809253,0.041111104,0.09085935,-0.16205193,-0.138939,0.2736262,0.34277207,-0.07742672,-0.07387807,-0.15733248,0.028464941,-0.062371638,-9.791872,20.492853,-15.057375,1.2013621,1.1963264,2.326045,-6.5175457,-4.1303153,-3.6154985,589.48126,207.68669,-4540.019,-3.6154985,589.48126,207.68669,-4540.019,-1.0,1.0,1.0,-1.0,0.0,0.4,0.4,-0.4
2.3,20.508379,-15.026012,1.9997399,0.18874286,0.013326931,0.02072084,0.98171747,0.03984735,0.08396922,-0.015216194,0.28723803,-0.25131205,0.58580065,-0.06858263,-0.06366821,-0.010628101,0.5306451,0.6125919,8.802262,20.49316,-15.0574875,1.2005043,1.0900273,2.2548177,-6.377942,-4.2736382,693.369,147.53932,-601.56335,522.8963,693.369,147.53932,-601.56335,522.8963,1.0,1.0,-1.0,1.0,33.524375915527344,0.4,-0.4,0.4
2.3166666666666664,20.507381,-15.026933,2.001399,0.18541807,0.0119559,0.020751787,0.9823678,0.035948075,0.07549725,0.13242391,-0.12746342,0.31243286,0.3422626,-0.05680229,-0.052315388,0.13625267,0.70682037,0.6811691,8.812846,20.493557,-15.057394,1.202099,0.99015355,2.1821585,-5.9924264,-4.359555,128.93398,-552.5473,199.67897,-2939.5647,128.93398,-552.5473,199.67897,-2939.5647,1.0,-1.0,1.0,-1.0,33.524375915527344,-0.4,0.4,-0.4
2.3333333333333335,20.506424,-15.02779,2.0016227,0.18118645,0.012193033,0.016855426,0.9832287,0.034755893,0.06724108,-0.030733442,-0.55771995,-0.24144125,0.5843212,-0.057318266,-0.051273257,-0.027559945,-0.030958502,0.06252788,-9.828757,20.493975,-15.05725,1.2022623,0.8916489,2.110391,-5.9102793,-4.3060536,-414.76266,-134.65685,-594.15094,699.89856,-414.76266,-134.65685,-594.15094,699.89856,-1.0,-1.0,-1.0,1.0,0.0,-0.4,-0.4,0.4
2.35,20.505594,-15.02855,2.0030034,0.17788783,0.010398216,0.015203627,0.9838783,0.03085208,0.06172792,0.11718441,-0.121321216,0.3253822,0.3414723,-0.047448974,-0.043911234,0.11964435,0.5921575,0.44172135,8.832257,20.494457,-15.056963,1.2035859,0.7976553,2.0353463,-5.639616,-4.5026774,120.06384,657.548,255.36801,-4507.9097,120.06384,657.548,255.36801,-4507.9097,1.0,1.0,1.0,-1.0,33.524375915527344,0.4,0.4,-0.4
2.3666666666666667,20.504791,-15.029286,2.0029519,0.17358619,0.011425778,0.016626097,0.9846119,0.029646799,0.05639192,-0.046590168,0.29886952,-0.21803421,0.584545,-0.048424676,-0.04415747,-0.043986328,-0.058542114,-0.014774277,-9.817841,20.494957,-15.056634,1.20348,0.70434684,1.9590067,-5.5985065,-4.5803757,-413.14423,283.76215,-593.597,689.5933,-413.14423,283.76215,-593.597,689.5933,-1.0,1.0,-1.0,1.0,0.0,0.4,-0.4,0.4
2.3833333333333333,20.50411,-15.029909,2.0040565,0.17026119,0.009782854,0.016783038,0.98520744,0.025893115,0.04950049,0.10095248,-0.11612961,0.34574205,0.34101585,-0.038454432,-0.034905262,0.103029296,0.5982146,0.5551325,8.820937,20.495502,-15.05617,1.204534,0.6165048,1.881167,-5.2705226,-4.6703763,143.60817,-494.77872,237.02496,-2913.8977,143.60817,-494.77872,237.02496,-2913.8977,1.0,-1.0,1.0,-1.0,33.524375915527344,-0.4,0.4,-0.4
2.4,20.50346,-15.0304785,2.0037258,0.16601068,0.009803719,0.013037654,0.98598903,0.024832461,0.04299508,-0.06242922,-0.5466755,-0.20806044,0.58313024,-0.0390004,-0.033876717,-0.06077806,-0.032758042,0.06171271,-9.828442,20.49606,-15.055666,1.2041566,0.53003025,1.8042195,-5.188472,-4.6168537,-365.26694,-35.981777,-608.80646,677.5168,-365.26694,-35.981777,-608.80646,677.5168,-1.0,-1.0,-1.0,1.0,0.0,-0.4,-0.4,0.4
2.4166666666666665,20.50291,-15.030973,2.0045543,0.16270997,0.007761433,0.011500819,0.9865764,0.021337964,0.03909475,0.08532386,-0.11054516,0.3588377,0.3402821,-0.031124,-0.028439242,0.086523846,0.47258398,0.32624847,8.838115,20.496655,-15.055037,1.2049407,0.448065,1.7236533,-4.917914,-4.8339696,175.31995,727.22766,264.97586,-4523.163,175.31995,727.22766,264.97586,-4523.163,1.0,1.0,1.0,-1.0,33.524375915527344,0.4,0.4,-0.4
2.433333333333333,20.502382,-15.03145,2.0039506,0.15840408,0.00848893,0.013082558,0.98725116,0.020515222,0.035092726,-0.07841177,0.30942178,-0.18448585,0.58339393,-0.032090154,-0.02871317,-0.07711392,-0.05796924,-0.016435683,-9.818265,20.497263,-15.054368,1.2042956,0.36664706,1.6415874,-4.8850765,-4.923956,-318.48764,398.3027,-632.54193,657.1528,-318.48764,398.3027,-632.54193,657.1528,-1.0,1.0,-1.0,1.0,0.0,0.4,-0.4,0.4
2.45,20.50195,-15.031835,2.0045047,0.15508114,0.006568636,0.013352376,0.98778963,0.017434862,0.029615795,0.06904946,-0.10587779,0.37930405,0.339872,-0.024481075,-0.021155287,0.07001449,0.4565447,0.453473,8.827703,20.497898,-15.053588,1.2048107,0.29014766,1.5581583,-4.589964,-5.0057454,211.44609,-384.64914,218.11368,-2932.058,211.44609,-384.64914,218.11368,-2932.058,1.0,-1.0,1.0,-1.0,33.524375915527344,-0.4,0.4,-0.4
2.466666666666667,20.50153,-15.032193,2.003626,0.15077353,0.0071290033,0.015008733,0.98842865,0.016991306,0.025058042,-0.09463572,0.31395322,-0.16397965,0.58300865,-0.025442457,-0.021443868,-0.093623556,-0.057682913,-0.017314889,-9.818283,20.498535,-15.052774,1.2038966,0.21446845,1.4741858,-4.5407524,-5.038347,-244.83232,145.29953,-709.49585,645.6792,-244.83232,145.29953,-709.49585,645.6792,-1.0,1.0,-1.0,1.0,0.0,0.4,-0.4,0.4
2.4833333333333334,20.501194,-15.032438,2.0039048,0.14744367,0.0050496873,0.015329585,0.98893875,0.014438223,0.01896489,0.052828554,-0.10154185,0.3998012,0.33948222,-0.01857099,-0.012395512,0.05348322,0.41228804,0.54290134,8.8264065,20.499186,-15.05186,1.2041432,0.14384393,1.3911047,-4.2374706,-4.984867,309.93063,-633.2737,91.80932,-3016.3738,309.93063,-633.2737,91.80932,-3016.3738,1.0,-1.0,1.0,-1.0,33.524375915527344,-0.4,0.4,-0.4
2.5,20.500872,-15.032632,2.0027485,0.14316435,0.004721482,0.011788792,0.9896174,0.014486788,0.013625629,-0.11078509,-0.53253764,-0.15392332,0.5816677,-0.01916092,-0.011391925,-0.110326536,-0.035395883,0.060215253,-9.828586,20.499832,-15.050914,1.2029581,0.074449085,1.3094612,-4.1636906,-4.8986073,-165.1983,-181.357,-771.7072,619.1794,-165.1983,-181.357,-771.7072,619.1794,-1.0,-1.0,-1.0,1.0,0.0,-0.4,-0.4,0.4
2.5166666666666666,20.500607,-15.032751,2.0027514,0.13985121,0.0022793992,0.010399504,0.9901153,0.012568636,0.01056477,0.036805402,-0.096855335,0.4130431,0.33880752,-0.014728956,-0.0059334175,0.03704153,0.26591787,0.32751042,8.842084,20.500488,-15.049878,1.202935,0.008469434,1.2267274,-3.9587789,-4.9640317,400.96268,619.7307,75.26119,-4702.727,400.96268,619.7307,75.26119,-4702.727,1.0,1.0,1.0,-1.0,33.524375915527344,0.4,0.4,-0.4
2.533333333333333,20.50035,-15.032854,2.0013232,0.13554634,0.0025323294,0.012194673,0.9906926,0.0132077355,0.007082088,-0.12684357,0.32275152,-0.13015893,0.58199984,-0.015679613,-0.0062494976,-0.12660563,-0.057039406,-0.018964808,-9.81883,20.501146,-15.048817,1.201483,-0.056963786,1.1433129,-3.925993,-5.0048656,-68.68485,266.7557,-938.1396,598.0984,-68.68485,266.7557,-938.1396,598.0984,-1.0,1.0,-1.0,1.0,0.0,0.4,-0.4,0.4
2.55,20.500116,-15.032858,2.0010476,0.13230202,0.006942323,0.011638036,0.9911168,0.013362178,0.0021343757,0.019963276,-0.09977877,-0.66127354,0.33826864,-0.013116318,0.0018712261,0.020151835,0.15379769,0.4872434,8.805448,20.501797,-15.047676,1.2011869,-0.12034803,1.0613356,-3.8030543,-4.9186416,469.4691,-550.1027,-189.53586,-3140.3884,469.4691,-550.1027,-189.53586,-3140.3884,1.0,-1.0,-1.0,-1.0,33.524375915527344,-0.4,-0.4,-0.4
2.5666666666666664,20.499907,-15.032818,1.9993412,0.13106492,0.008601775,0.0079327375,0.99130464,0.010178582,-0.0015382958,-0.14338037,-0.51840204,-0.11857318,0.09491168,-0.012171216,0.002199827,-0.14321636,0.056706086,0.01971605,-9.802092,20.502445,-15.046509,1.1994627,-0.18181995,0.98058987,-3.6883147,-4.8447413,-18.13068,-54.338894,704.4006,-2899.2803,-18.13068,-54.338894,704.4006,-2899.2803,-1.0,-1.0,1.0,-1.0,0.0,-0.4,0.4,-0.4
2.5833333333333335,20.499792,-15.032742,1.9987966,0.12876894,0.005860541,0.0066683614,0.99163485,0.006660247,-0.0035687708,0.0041401405,-0.08266003,0.45104983,0.33831608,-0.0054725604,0.005200047,0.004152878,0.40191934,0.1800132,8.842154,20.50309,-15.045281,1.1989018,-0.2361886,0.8981384,-3.2621193,-4.9470873,753.5874,744.6431,410.89572,674.3918,753.5874,744.6431,410.89572,674.3918,1.0,1.0,1.0,1.0,33.524375915527344,0.4,0.4,0.4
2.6,20.499744,-15.032613,2.0007029,0.12445161,0.0056671333,0.008656801,0.9921717,0.005650186,-0.005052113,0.15119529,0.34232035,-0.073515,0.5815724,-0.0022015995,0.008674726,0.15112038,0.19625764,0.20848072,8.818049,20.503704,-15.043972,1.2007935,-0.2835906,0.81357116,-2.8441203,-5.0740347,151.48463,335.2587,-540.6037,543.4995,151.48463,335.2587,-540.6037,543.4995,1.0,1.0,-1.0,1.0,33.524375915527344,0.4,-0.4,0.4
2.6166666666666667,20.499718,-15.032463,2.0011797,0.12112792,0.0029486332,0.00919996,0.99258983,0.0033466008,-0.00868827,-0.012093319,-0.07957028,0.471846,0.33802864,-0.0012573658,0.009024533,-0.012243816,0.05665402,0.020988451,-9.801851,20.50431,-15.042643,1.2012577,-0.32894373,0.72907406,-2.7211866,-5.069825,-577.5084,-411.88272,333.1596,-2385.9343,-577.5084,-411.88272,333.1596,-2385.9343,-1.0,-1.0,1.0,-1.0,0.0,-0.4,0.4,-0.4
2.6333333333333333,20.499718,-15.032248,2.0028121,0.11681208,0.0025817365,0.011244753,0.993087,0.0033882307,-0.01101028,0.13498864,0.3452541,-0.052711174,0.5813092,0.00030493925,0.0144267455,0.13470863,0.093738295,0.3241327,8.817146,20.504896,-15.041267,1.2028799,-0.37088186,0.646013,-2.5162873,-4.983662,153.62038,41.10698,-706.86285,502.92374,153.62038,41.10698,-706.86285,502.92374,1.0,1.0,-1.0,1.0,33.524375915527344,0.4,-0.4,0.4
2.65,20.499737,-15.032003,2.0030155,0.11347907,-0.00030163664,0.011820255,0.99346995,0.002217931,-0.01535857,-0.028292637,-0.07681411,0.4926372,0.33776325,0.0012433493,0.014792375,-0.028651666,0.0563046,0.021937786,-9.801618,20.505474,-15.039874,1.203075,-0.41090772,0.5637046,-2.4015515,-4.938504,-546.9431,-703.1601,55.73637,-2574.092,-546.9431,-703.1601,55.73637,-2574.092,-1.0,-1.0,1.0,-1.0,0.0,-0.4,0.4,-0.4
2.6666666666666665,20.499758,-15.031652,2.0043726,0.10916471,-0.0013821151,0.008627764,0.9939852,0.0034464137,-0.020619052,0.11849909,-0.5029079,-0.042373493,0.5800821,0.0010085303,0.022940625,0.11811761,-0.01408914,0.48889494,8.806156,20.506025,-15.0384445,1.2044259,-0.44888464,0.48645195,-2.278615,-4.635159,152.9886,-250.05559,-820.8859,451.47382,152.9886,-250.05559,-820.8859,451.47382,1.0,-1.0,-1.0,1.0,33.524375915527344,-0.4,-0.4,0.4
2.683333333333333,20.499763,-15.03128,2.0042953,0.10589678,0.0022242125,0.0066807014,0.99435216,0.0046272585,-0.02248057,-0.045235503,-0.08039865,-0.58870167,0.33684736,-5.384497e-05,0.022369307,-0.045526363,-0.06374251,-0.03427908,-9.818638,20.506567,-15.037007,1.2043446,-0.48727158,0.41022468,-2.3032162,-4.5736365,-526.7146,497.5431,-220.06166,-4302.8027,-526.7146,497.5431,-220.06166,-4302.8027,-1.0,1.0,-1.0,-1.0,0.0,0.4,-0.4,-0.4
2.7,20.499798,-15.030865,2.0053797,0.10461819,0.0037807217,0.008589815,0.99446815,0.002881059,-0.023820763,0.10232128,0.35702714,-0.01774694,0.09376709,0.0030904606,0.025562664,0.10189393,0.18865831,0.19160147,8.845217,20.50707,-15.03554,1.2054266,-0.52087736,0.33481777,-2.016347,-4.524414,159.31187,84.10691,616.09564,-3176.844,159.31187,84.10691,616.09564,-3176.844,1.0,1.0,1.0,-1.0,33.524375915527344,0.4,0.4,-0.4
2.716666666666667,20.499865,-15.030432,2.0050359,0.102301486,0.00060562853,0.009260825,0.99471015,0.0013181902,-0.027575828,-0.060966663,-0.06444361,0.52593577,0.3367094,0.0041323686,0.02614652,-0.061468534,0.06251448,0.035031326,-9.801748,20.507568,-15.034068,1.2050815,-0.5517512,0.26043603,-1.85243,-4.462904,-444.00952,-808.9153,125.234604,780.97455,-444.00952,-808.9153,125.234604,780.97455,-1.0,-1.0,1.0,1.0,0.0,-0.4,0.4,0.4
2.7333333333333334,20.499937,-15.029911,2.0058465,0.09799332,-0.00071595213,0.006182142,0.99516755,0.0020214384,-0.031819634,0.08574003,-0.4907155,-0.008983865,0.5790627,0.0042054616,0.03266736,0.085341,0.0043855794,0.39125046,8.808572,20.508026,-15.0325775,1.2058921,-0.57934654,0.19097245,-1.6557204,-4.1678147,209.9068,-282.68768,-776.13824,393.92767,209.9068,-282.68768,-776.13824,393.92767,1.0,-1.0,-1.0,1.0,33.524375915527344,-0.4,-0.4,0.4
2.75,20.499992,-15.029374,2.0052238,0.094720736,0.00263652,0.0043995488,0.9954907,0.0026028208,-0.03281604,-0.07801668,-0.06850541,-0.5552935,0.33582914,0.0031572904,0.03207242,-0.078304924,-0.06289027,-0.035696402,-9.818755,20.508469,-15.031085,1.2052705,-0.6070786,0.12253369,-1.6639243,-4.1063256,-483.5127,499.05222,-139.20784,-4316.229,-483.5127,499.05222,-139.20784,-4316.229,-1.0,1.0,-1.0,-1.0,0.0,0.4,-0.4,-0.4
2.7666666666666666,20.50008,-15.028816,2.0057616,0.09344386,0.0039007028,0.0064492836,0.995596,0.00048745424,-0.033560243,0.06958821,0.36869845,0.015707664,0.09274144,0.006388131,0.033905003,0.06912806,0.19385043,0.109954916,8.845979,20.50887,-15.029585,1.2058102,-0.62948287,0.055051334,-1.3442551,-4.0489407,247.94788,57.01023,684.764,-3226.6938,247.94788,57.01023,684.764,-3226.6938,1.0,1.0,1.0,-1.0,33.524375915527344,0.4,0.4,-0.4
2.783333333333333,20.500198,-15.028243,2.0048718,0.09113769,0.00044446543,0.0072064037,0.9958121,-0.0009882469,-0.036642384,-0.09371111,-0.052862383,0.5594434,0.33566955,0.007416581,0.034513094,-0.09422979,0.061706983,0.036485415,-9.801471,20.509256,-15.028085,1.2049232,-0.64874524,-0.011338114,-1.1557423,-3.9833667,-344.91205,-851.67413,189.2516,717.6469,-344.91205,-851.67413,189.2516,717.6469,-1.0,-1.0,1.0,1.0,0.0,-0.4,0.4,0.4
2.8,20.500324,-15.0276,2.0051365,0.08683366,-0.0011210821,0.0042343982,0.99621314,-0.00032790378,-0.03999787,0.052935205,-0.4793094,0.024602205,0.5780524,0.007164047,0.03979345,0.052604485,-0.015152021,0.3168214,8.810056,20.509605,-15.026587,1.2051911,-0.6647289,-0.07260493,-0.9590184,-3.6760087,343.50327,-335.81418,-738.8274,305.72427,343.50327,-335.81418,-738.8274,305.72427,1.0,-1.0,-1.0,1.0,33.524375915527344,-0.4,-0.4,0.4
2.8166666666666664,20.500431,-15.026944,2.0039673,0.083558336,0.0019738085,0.0026077922,0.9964975,9.066146e-05,-0.040262178,-0.110825025,-0.0573958,-0.5216955,0.334823,0.0061308444,0.039175075,-0.11104487,-0.06199216,-0.037102547,-9.81896,20.509933,-15.02509,1.204026,-0.6805761,-0.132779,-0.9508323,-3.610444,-365.76608,481.5166,-113.58577,-4390.9893,-365.76608,481.5166,-113.58577,-4390.9893,-1.0,1.0,-1.0,-1.0,0.0,0.4,-0.4,-0.4
2.8333333333333335,20.500559,-15.02628,2.003959,0.082287714,0.0029407279,0.004786503,0.9965927,-0.0019305758,-0.040548343,0.036817178,0.37958956,0.049338117,0.091726266,0.008798587,0.0400141,0.03639859,0.16006456,0.050341483,8.846607,20.510212,-15.023603,1.204022,-0.6913685,-0.19172378,-0.647546,-3.5366864,401.87424,12.310781,715.01373,-3347.0415,401.87424,12.310781,715.01373,-3347.0415,1.0,1.0,1.0,-1.0,33.524375915527344,0.4,0.4,-0.4
2.85,20.500715,-15.025606,2.0025234,0.07999223,-0.0007998407,0.005620099,0.9967793,-0.002889203,-0.043094512,-0.1264914,-0.042061985,0.59311706,0.33462518,0.009812822,0.040646177,-0.12695335,0.060854066,0.037924644,-9.801116,20.510477,-15.022122,1.2025907,-0.6991555,-0.24950762,-0.46721932,-3.4670303,-167.63002,-906.4711,176.71413,648.27155,-167.63002,-906.4711,176.71413,648.27155,-1.0,-1.0,1.0,1.0,0.0,-0.4,0.4,0.4
2.8666666666666667,20.500866,-15.024872,2.0022435,0.07568929,-0.0026118106,0.0027467802,0.99712425,-0.0017936965,-0.045704667,0.020115944,-0.46868113,0.058338314,0.5770255,0.008576176,0.045027725,0.019893166,-0.07419872,0.2628929,8.810791,20.510696,-15.0206585,1.2023149,-0.7040736,-0.30175915,-0.29508588,-3.1350918,544.9493,-373.61267,-748.4017,192.07063,544.9493,-373.61267,-748.4017,192.07063,1.0,-1.0,-1.0,1.0,33.524375915527344,-0.4,-0.4,0.4
2.8833333333333333,20.500992,-15.024127,2.0005293,0.07241272,0.00022241806,0.0012672651,0.99737394,-0.0011054864,-0.045380525,-0.1436451,-0.047061905,-0.48795313,0.33380046,0.007558767,0.04438629,-0.14376108,-0.061044533,-0.03848612,-9.819255,20.510897,-15.019201,1.2006059,-0.7094016,-0.3527815,-0.31967995,-3.0613408,-171.6091,449.73328,-192.92747,-4509.8125,-171.6091,449.73328,-192.92747,-4509.8125,-1.0,1.0,-1.0,-1.0,0.0,0.4,-0.4,-0.4
2.9,20.501137,-15.023372,1.9999744,0.07115794,0.0005633437,-0.0017435272,0.99746335,-0.002560542,-0.046169113,0.003402219,-0.46102753,0.073706105,0.09041875,0.009091615,0.045325708,0.0035555675,0.091970846,0.056365054,8.838999,20.511055,-15.017768,1.2000556,-0.7103579,-0.4013452,-0.05737781,-2.9138212,626.2734,-17.376883,650.636,-3508.4534,626.2734,-17.376883,650.636,-3508.4534,1.0,-1.0,1.0,-1.0,33.524375915527344,-0.4,0.4,-0.4
2.9166666666666665,20.501299,-15.02264,2.0018768,0.06890037,-0.0036852662,-0.0025665038,0.99761343,-0.0048751347,-0.045100637,0.15072453,-0.026009038,0.6433845,0.33377832,0.009866356,0.043306272,0.15100642,0.046484467,-0.1211661,8.847051,20.511147,-15.016375,1.201962,-0.7053032,-0.44874802,0.3032827,-2.8441696,85.59092,712.46716,136.36856,516.5186,85.59092,712.46716,136.36856,516.5186,1.0,1.0,1.0,1.0,33.524375915527344,0.4,0.4,0.4
2.933333333333333,20.50146,-15.021922,2.002348,0.06462387,-0.0054923445,-2.2199563e-05,0.9978945,-0.0032263221,-0.0436623,-0.012725334,0.39217368,0.100236736,0.57719684,0.008970071,0.042873025,-0.012656281,-0.053777114,-0.02599485,-9.819761,20.511229,-15.014989,1.2024375,-0.69970196,-0.49656096,0.3360736,-2.868776,-554.60535,277.06296,-885.97845,354.98276,-554.60535,277.06296,-885.97845,354.98276,-1.0,1.0,-1.0,1.0,0.0,0.4,-0.4,0.4
2.95,20.5016,-15.0212,2.0000894,0.061345953,-0.0028638232,0.00040794208,0.9981123,-0.0017282432,-0.044305,-0.17644472,-0.03775631,-0.4490473,0.3336898,0.008140791,0.0435542,-0.17645231,-0.04975676,0.040870603,-9.827761,20.511307,-15.013604,1.2001845,-0.6951937,-0.54403275,0.27049538,-2.8483074,-106.144104,-478.06833,-316.71063,-2988.9583,-106.144104,-478.06833,-316.71063,-2988.9583,-1.0,-1.0,-1.0,-1.0,0.0,-0.4,-0.4,-0.4
2.966666666666667,20.501732,-15.020477,1.9989914,0.060092915,-0.0025431653,0.0028106852,0.9981856,-0.002076081,-0.044115126,-0.028777152,0.398776,0.12200394,0.090583436,0.0074904673,0.043376517,-0.028999137,-0.039019432,-0.010661109,8.84719,20.511341,-15.012258,1.1990913,-0.6882264,-0.58870435,0.41803834,-2.6802955,770.10126,62.140892,528.6663,-3692.7732,770.10126,62.140892,528.6663,-3692.7732,1.0,1.0,1.0,-1.0,33.524375915527344,0.4,0.4,-0.4
2.9833333333333334,20.501835,-15.019715,2.0003438,0.057834174,-0.0001866435,0.0033505738,0.9983205,-0.0003015427,-0.046095103,0.11816729,-0.024984881,-0.4106821,0.33322504,0.005624136,0.046543986,0.117857486,-0.11197987,0.19004813,8.811397,20.51131,-15.010963,1.2004479,-0.67866343,-0.62681895,0.5737781,-2.2868762,282.94302,-916.53516,-193.05974,519.61084,282.94302,-916.53516,-193.05974,519.61084,1.0,-1.0,-1.0,1.0,33.524375915527344,-0.4,-0.4,0.4
3.0,20.50194,-15.018932,2.0002663,0.0565811,-0.00031833007,0.0005219686,0.9983978,-0.0011300137,-0.04748473,-0.04544027,-0.44496632,0.13252822,0.08981777,0.00651386,0.047004,-0.045487233,0.053383444,0.027600823,-9.800682,20.511265,-15.009684,1.2003742,-0.667871,-0.66240656,0.647546,-2.1352563,-478.70428,-402.01447,645.2249,-3069.9917,-478.70428,-402.01447,645.2249,-3069.9917,-1.0,-1.0,1.0,-1.0,0.0,-0.4,0.4,-0.4
3.0166666666666666,20.50204,-15.018152,2.001346,0.054315735,0.0018000038,-0.0006356074,0.998522,-0.00028898567,-0.04716677,0.10147252,-0.017569967,-0.39310047,0.332943,0.0057613645,0.046708435,0.101521365,-0.045149732,-0.017733872,8.820516,20.511175,-15.008452,1.2014571,-0.65420973,-0.69471556,0.81967586,-1.9385396,271.56848,402.9451,-15.251831,392.6053,271.56848,402.9451,-15.251831,392.6053,1.0,1.0,-1.0,1.0,33.524375915527344,0.4,-0.4,0.4
3.033333333333333,20.502148,-15.017368,2.0009964,0.05307034,0.0015293013,-0.0033984939,0.9985838,-0.0018231263,-0.04720161,-0.062130842,-0.43765196,0.15020908,0.08953264,0.006648903,0.04717321,-0.06182263,0.053252295,0.027886478,-9.800639,20.511065,-15.0072365,1.2011106,-0.63863593,-0.7256587,0.9344279,-1.8565892,-459.80106,-167.17326,782.4553,-2958.6372,-459.80106,-167.17326,782.4553,-2958.6372,-1.0,-1.0,1.0,-1.0,0.0,-0.4,0.4,-0.4
3.05,20.502277,-15.016618,2.001809,0.0508278,-0.0033340962,-0.0040741586,0.99869347,-0.003936094,-0.04548783,0.085216574,-0.0030092597,0.719903,0.3328152,0.007929696,0.044187006,0.08562202,0.076847576,-0.17917222,8.846679,20.510916,-15.006068,1.201925,-0.61869055,-0.7555774,1.1967229,-1.7951201,327.2531,644.66974,206.77895,374.9265,327.2531,644.66974,206.77895,374.9265,1.0,1.0,1.0,1.0,33.524375915527344,0.4,0.4,0.4
3.0666666666666664,20.502398,-15.015885,2.0011907,0.04655954,-0.0058196066,-0.0013426584,0.9988977,-0.0020518964,-0.043939445,-0.078210846,0.41472602,0.17663494,0.5762446,0.007048352,0.04372529,-0.07804,-0.052880615,-0.02770297,-9.81972,20.51075,-15.004918,1.2013096,-0.59819883,-0.78549635,1.229503,-1.795138,-344.35953,199.25461,-862.05554,220.69951,-344.35953,199.25461,-862.05554,220.69951,-1.0,1.0,-1.0,1.0,0.0,0.4,-0.4,0.4
3.0833333333333335,20.50246,-15.015155,2.0017254,0.04328473,-0.0039462238,-0.00060934003,0.9990548,0.00058807805,-0.044299312,0.06874211,-0.010061085,-0.3538685,0.3328514,0.0026996164,0.044123936,0.06880438,-0.26092413,0.02391882,8.810663,20.510544,-15.003826,1.2018466,-0.5789367,-0.8113853,1.155728,-1.5533351,145.82451,-619.7204,-374.78217,-3095.5574,145.82451,-619.7204,-374.78217,-3095.5574,1.0,-1.0,-1.0,-1.0,33.524375915527344,-0.4,-0.4,-0.4
3.1,20.502514,-15.014415,2.0008307,0.042023946,-0.004510462,-0.0032919908,0.999101,0.001010506,-0.04409244,-0.09483375,-0.43034464,0.18950665,0.08943981,0.0035752975,0.044608504,-0.094529904,0.05254087,0.029074026,-9.800056,20.510323,-15.002749,1.2009538,-0.5592648,-0.8354984,1.1803149,-1.446787,-322.84503,-115.30895,398.94733,-3221.1797,-322.84503,-115.30895,398.94733,-3221.1797,-1.0,-1.0,1.0,-1.0,0.0,-0.4,0.4,-0.4
3.1166666666666667,20.50253,-15.013702,2.0010924,0.0397502,-0.002852288,-0.0042676376,0.99919647,0.0031373296,-0.042317297,0.052093472,-0.0030700527,-0.33628047,0.33258885,-8.146228e-05,0.041998856,0.052444402,-0.21940558,-0.15657885,8.818459,20.510069,-15.001728,1.2012178,-0.54000276,-0.85763055,1.1557208,-1.3279294,492.96747,602.26624,-366.50952,235.08882,492.96747,602.26624,-366.50952,235.08882,1.0,1.0,-1.0,1.0,33.524375915527344,0.4,-0.4,0.4
3.1333333333333333,20.502539,-15.013014,1.9999261,0.038508866,-0.003402433,-0.001577536,0.99925125,0.0032067974,-0.040688913,-0.11088501,0.42703438,0.21618828,0.08946969,0.00070123706,0.041135393,-0.11076436,0.046961956,-0.051807757,-9.792525,20.509804,-15.000728,1.2000537,-0.52033097,-0.87996787,1.1803077,-1.3402389,-255.80583,259.38446,425.8444,-3096.9333,-255.80583,259.38446,425.8444,-3096.9333,-1.0,1.0,1.0,-1.0,0.0,0.4,0.4,-0.4
3.15,20.50252,-15.012323,1.999916,0.03624935,-0.0018434658,-0.0007193669,0.9993408,0.0049585723,-0.041338693,0.03605116,0.003293205,-0.31644496,0.33222413,-0.002085302,0.04154226,0.03609783,-0.16719234,0.024412123,8.811731,20.509504,-14.999786,1.2000448,-0.5002494,-0.89793336,1.2048947,-1.0779296,604.35046,-736.11725,-335.0523,377.8375,604.35046,-736.11725,-335.0523,377.8375,1.0,-1.0,-1.0,1.0,33.524375915527344,-0.4,-0.4,0.4
3.1666666666666665,20.5025,-15.011625,1.998476,0.034999736,-0.0026980373,-0.003287542,0.99937826,0.00481053,-0.040990453,-0.12749635,-0.41720262,0.22712371,0.08880415,-0.0012149833,0.04203945,-0.12723948,0.052219123,0.029831303,-9.800238,20.509195,-14.998865,1.1986058,-0.4794849,-0.9139181,1.2458699,-0.9590828,-159.57869,-168.43027,462.42755,-3180.7378,-159.57869,-168.43027,462.42755,-3180.7378,-1.0,-1.0,1.0,-1.0,0.0,-0.4,0.4,-0.4
3.183333333333333,20.502445,-15.010957,1.9981927,0.032734055,-0.0013415753,-0.0041353735,0.9994546,0.006262824,-0.03923395,0.01943374,0.010000477,-0.29878455,0.33198264,-0.00374002,0.039399456,0.01974567,-0.15150219,-0.15839963,8.819108,20.508846,-14.998008,1.1983231,-0.45844722,-0.9274436,1.26226,-0.8115327,700.64496,577.9577,-335.3208,222.79877,700.64496,577.9577,-335.3208,222.79877,1.0,1.0,-1.0,1.0,33.524375915527344,0.4,-0.4,0.4
3.2,20.502394,-15.010311,1.9964814,0.031494558,-0.0022193221,-0.0013336275,0.9995006,0.0059893513,-0.03788325,-0.14354628,0.43978024,0.25368834,0.08887239,-0.002943703,0.038547684,-0.14346413,0.047779024,-0.05110636,-9.792587,20.50849,-14.9971695,1.1966127,-0.43658993,-0.94124246,1.3114374,-0.8279299,-50.834106,173.13823,470.2445,-3090.117,-50.834106,173.13823,470.2445,-3090.117,-1.0,1.0,1.0,-1.0,0.0,0.4,0.4,-0.4
3.216666666666667,20.502316,-15.009662,1.9959261,0.029238919,-0.0009748892,-0.00035059627,0.9995719,0.0073078396,-0.038739536,0.0033881036,0.016077762,-0.27889538,0.3316684,-0.0050375946,0.03909828,0.0034033642,-0.1256335,0.033035874,8.81205,20.508099,-14.996395,1.1960572,-0.41418627,-0.95019114,1.3442193,-0.53692096,823.3169,-814.4491,-319.41467,326.42123,823.3169,-814.4491,-319.41467,326.42123,1.0,-1.0,-1.0,1.0,33.524375915527344,-0.4,-0.4,0.4
3.2333333333333334,20.502237,-15.0090065,1.9978244,0.02799592,-0.0022373805,-0.0027725801,0.9996016,0.0062478986,-0.039890528,0.15053086,-0.39898992,0.28356257,0.088246815,-0.004702573,0.03936164,0.15072617,0.020101283,0.015801564,8.839368,20.507677,-14.995708,1.1979535,-0.389597,-0.95244545,1.4753561,-0.13525842,82.18407,-290.78784,457.15768,-3208.2317,82.18407,-290.78784,457.15768,-3208.2317,1.0,-1.0,1.0,-1.0,33.524375915527344,-0.4,0.4,-0.4
3.25,20.50215,-15.008356,1.998291,0.025737021,-0.0012231458,-0.0034864463,0.99966186,0.007590765,-0.038417555,-0.013189161,0.022440454,-0.2611741,0.33145776,-0.0055695553,0.0388475,-0.012935792,-0.052018926,-0.030848531,-9.819716,20.507246,-14.995043,1.198418,-0.3650078,-0.9535384,1.4753525,-0.065578215,-504.19727,443.12662,-380.45514,441.17517,-504.19727,443.12662,-380.45514,441.17517,-1.0,1.0,-1.0,1.0,0.0,0.4,-0.4,0.4
3.2666666666666666,20.502058,-15.0077305,1.999917,0.024499122,-0.002628369,-0.0058569335,0.99967915,0.006627975,-0.038368694,0.13396943,-0.39270696,0.30138648,0.088022634,-0.0054841773,0.037093334,0.1343797,0.0051226835,-0.105249874,8.838929,20.50679,-14.994445,1.2000415,-0.33891597,-0.9515574,1.5655087,0.11886119,83.131584,-53.721004,401.70676,-3167.4124,83.131584,-53.721004,401.70676,-3167.4124,1.0,-1.0,1.0,-1.0,33.524375915527344,-0.4,0.4,-0.4
3.283333333333333,20.501959,-15.007118,2.0001106,0.022239285,-0.0017650422,-0.0065104286,0.9997299,0.008063272,-0.0358695,-0.029732717,0.028693112,-0.24342357,0.33124515,-0.0063475375,0.036574423,-0.02928639,-0.05180161,-0.031134633,-9.819964,20.506327,-14.993866,1.2002324,-0.31282422,-0.94916654,1.5655051,0.14345168,-483.60815,602.86005,-401.43048,420.5315,-483.60815,602.86005,-401.43048,420.5315,-1.0,1.0,-1.0,1.0,0.0,0.4,-0.4,0.4
3.3,20.501852,-15.006567,2.0014653,0.021013184,-0.0032488927,-0.0035169565,0.99976766,0.0073039723,-0.032630775,0.11795537,0.46366748,0.3277606,0.088163175,-0.0067107854,0.03209483,0.11813752,-0.021794874,-0.26877567,8.845434,20.505842,-14.993352,1.2015846,-0.2857763,-0.9465023,1.6228758,0.15985249,104.23807,254.10089,345.4604,-3112.6904,104.23807,254.10089,345.4604,-3112.6904,1.0,1.0,1.0,-1.0,33.524375915527344,0.4,0.4,-0.4
3.3166666666666664,20.501732,-15.006022,2.0013866,0.018763565,-0.0025169174,-0.0023441352,0.999818,0.008980604,-0.032401364,-0.04576472,0.034321494,-0.22346474,0.3309952,-0.007524485,0.032925446,-0.045653105,-0.048821956,0.049837004,-9.827437,20.505352,-14.99286,1.201503,-0.25927487,-0.9427453,1.5900849,0.22541998,-406.2805,-700.05664,-407.2271,427.39383,-406.2805,-700.05664,-407.2271,427.39383,-1.0,-1.0,-1.0,1.0,0.0,-0.4,-0.4,0.4
3.3333333333333335,20.501598,-15.005485,2.0024676,0.01752613,-0.004217292,-0.0046186484,0.9998268,0.00860371,-0.032591514,0.101438604,-0.38103506,0.33928585,0.08753527,-0.008329047,0.03195011,0.101665325,-0.048273724,-0.05852021,8.839105,20.504843,-14.992431,1.2025808,-0.23236369,-0.9349578,1.614671,0.4672515,140.83072,-160.7089,247.89642,-3252.9268,140.83072,-160.7089,247.89642,-3252.9268,1.0,-1.0,1.0,-1.0,33.524375915527344,-0.4,0.4,-0.4
3.35,20.501446,-15.00496,2.0021162,0.015272206,-0.003659634,-0.0051599094,0.9998633,0.010585118,-0.030475974,-0.062249616,0.040303938,-0.20566754,0.33077484,-0.009184935,0.031419173,-0.06200256,-0.05135329,-0.03185615,-9.820073,20.504324,-14.992024,1.2022263,-0.20613556,-0.9264872,1.5736877,0.50823563,-454.26172,516.121,-639.1348,391.55887,-454.26172,516.121,-639.1348,391.55887,-1.0,1.0,-1.0,1.0,0.0,0.4,-0.4,0.4
3.3666666666666667,20.501272,-15.004484,2.0029259,0.014055189,-0.005475733,-0.0020748386,0.99988407,0.010653412,-0.027903214,0.085431956,0.4749675,0.36550784,0.08771784,-0.0108054,0.027850306,0.08543013,-0.097227894,-0.21413203,8.845961,20.503796,-14.991681,1.2030324,-0.1807271,-0.91699207,1.5245076,0.5697083,196.81976,145.63564,90.05069,-3209.5818,196.81976,145.63564,90.05069,-3209.5818,1.0,1.0,1.0,-1.0,33.524375915527344,0.4,0.4,-0.4
3.3833333333333333,20.501078,-15.004008,2.0023017,0.011813453,-0.0050617126,-0.0007930607,0.99991703,0.013094775,-0.028252218,-0.078286886,0.045652866,-0.18568815,0.33057597,-0.011629289,0.028668571,-0.07836689,-0.049433332,0.049095932,-9.827821,20.503256,-14.991355,1.2024049,-0.1560017,-0.9062673,1.4835235,0.6434869,-384.71707,-731.07166,-569.85986,395.13672,-384.71707,-731.07166,-569.85986,395.13672,-1.0,-1.0,-1.0,1.0,0.0,-0.4,-0.4,0.4
3.4,20.500835,-15.003529,2.0028315,0.0105647715,-0.00021150189,-0.0031004644,0.9999393,0.015726766,-0.028851056,0.06832394,-0.3764391,-0.7186138,0.08731051,-0.015147096,0.028753024,0.068496026,-0.21106838,0.0050671394,8.811775,20.502712,-14.991092,1.2029305,-0.13441825,-0.89076084,1.2950071,0.9303867,270.1903,-278.37762,-138.53024,-3354.1577,270.1903,-278.37762,-138.53024,-3354.1577,1.0,-1.0,-1.0,-1.0,33.524375915527344,-0.4,-0.4,-0.4
3.4166666666666665,20.500595,-15.003057,2.001933,0.011343444,0.00232525,-0.0035793046,0.99992645,0.014494427,-0.026932808,-0.09497968,0.052760646,-0.16666742,-0.15522298,-0.0143130785,0.027938649,-0.09471627,0.05004102,-0.04886247,-9.792737,20.502165,-14.990847,1.2020278,-0.112424985,-0.8745031,1.3195958,0.9754657,-329.9734,432.84387,640.6339,-2825.3325,-329.9734,432.84387,640.6339,-2825.3325,-1.0,1.0,1.0,-1.0,0.0,0.4,0.4,-0.4
3.433333333333333,20.500385,-15.00261,2.002196,0.011132949,0.00016968009,-0.0057127755,0.9999217,0.012628947,-0.026680943,0.052286226,-0.36283225,0.39645448,0.08747969,-0.012020646,0.026356189,0.05259342,0.13754596,-0.09494762,8.838581,20.50161,-14.990664,1.2022864,-0.08769967,-0.8556496,1.483519,1.131209,406.13672,-214.75723,334.52618,576.98737,406.13672,-214.75723,334.52618,576.98737,1.0,-1.0,1.0,1.0,33.524375915527344,-0.4,0.4,0.4
3.4499999999999997,20.500181,-15.002178,2.0010266,0.00888405,0.00025571595,-0.0061034937,0.9999418,0.013259939,-0.024225442,-0.11138133,0.058454297,-0.14880534,0.330742,-0.012872237,0.025815422,-0.11106921,-0.051095463,-0.032446012,-9.819757,20.50106,-14.9905,1.2011126,-0.062974356,-0.8363864,1.4835185,1.1557924,-260.64496,549.11414,-491.03384,361.42352,-260.64496,549.11414,-491.03384,361.42352,-1.0,1.0,-1.0,1.0,0.0,0.4,-0.4,0.4
3.466666666666667,20.499973,-15.001804,2.0010185,0.0076598786,-0.0020538368,-0.0028831,0.9999644,0.012219583,-0.021633169,0.036285296,0.49258006,0.42238927,0.08771265,-0.012037544,0.021609532,0.036360152,0.05008159,-0.2523534,8.845761,20.500494,-14.9903965,1.2010999,-0.037292838,-0.8170549,1.5408909,1.1598872,436.96924,122.71137,234.22498,-3035.6448,436.96924,122.71137,234.22498,-3035.6448,1.0,1.0,1.0,-1.0,33.524375915527344,0.4,0.4,-0.4
3.4833333333333334,20.499765,-15.001436,1.9995773,0.0054141474,-0.0021228583,-0.0014547573,0.999982,0.013655055,-0.021903185,-0.12743953,0.06339289,-0.12872024,0.33059886,-0.012874029,0.022417605,-0.12743136,-0.0501891,0.04848439,-9.82749,20.499935,-14.99031,1.1996549,-0.012157737,-0.7969039,1.5081059,1.209061,-140.67273,-784.3212,-492.4647,348.4473,-140.67273,-784.3212,-492.4647,348.4473,-1.0,-1.0,-1.0,1.0,0.0,-0.4,-0.4,0.4
3.5,20.499527,-15.001066,1.9992893,0.0041699223,0.002265622,-0.0035840084,0.99998224,0.014871331,-0.02205149,0.019217115,-0.35864165,-0.6614569,0.08732339,-0.014599903,0.022035837,0.019441899,-0.10355243,-0.022906063,8.812395,20.499372,-14.990275,1.199362,0.011064907,-0.77285933,1.3933586,1.4426743,559.5641,-322.37787,-12.597154,-3235.1348,559.5641,-322.37787,-12.597154,-3235.1348,1.0,-1.0,-1.0,-1.0,33.524375915527344,-0.4,-0.4,-0.4
3.5166666666666666,20.499296,-15.000707,1.997573,0.0049504666,0.004330851,-0.00389669,0.99997073,0.012711397,-0.019979442,-0.14405036,0.070215784,-0.10961538,-0.15525073,-0.013753944,0.021232065,-0.14377515,0.050757505,-0.048226338,-9.793023,20.49881,-14.990256,1.1976414,0.034833968,-0.7484734,1.4261436,1.4631556,-30.181377,356.99615,740.4363,-2715.7153,-30.181377,356.99615,740.4363,-2715.7153,-1.0,1.0,1.0,-1.0,0.0,0.4,0.4,-0.4
3.533333333333333,20.499111,-15.000375,1.9970179,0.0047461432,0.0017122462,-0.0058966293,0.99996984,0.0104611125,-0.019392373,0.003258267,-0.3453789,0.45379853,0.087451115,-0.0102651445,0.019450763,0.003522807,0.20932797,-0.10687809,8.837877,20.49825,-14.990291,1.1970822,0.061744925,-0.7222433,1.6146573,1.5738057,744.8768,-285.49084,431.18088,511.597,744.8768,-285.49084,431.18088,511.597,1.0,-1.0,1.0,1.0,33.524375915527344,-0.4,0.4,0.4
3.55,20.498943,-15.000108,1.9989139,0.0025015394,0.0012075298,-0.006106313,0.99997747,0.010706693,-0.01683994,0.15027519,0.08160147,-0.07292826,0.33071324,-0.010263707,0.015055761,0.15049528,8.6277716e-05,-0.26370013,8.818347,20.497696,-14.990393,1.198974,0.089338906,-0.69580853,1.6556388,1.5860866,108.832985,525.9318,-419.0798,308.3677,108.832985,525.9318,-419.0798,308.3677,1.0,1.0,-1.0,1.0,33.524375915527344,0.4,-0.4,0.4
3.5666666666666664,20.498781,-14.999866,1.9993817,0.0012774314,-0.0016365935,-0.0027478028,0.99999404,0.009491867,-0.014162794,-0.012761768,0.5093748,0.47942922,0.08772244,-0.009413869,0.014256952,-0.012714617,0.050990243,-0.0479285,-9.792593,20.49714,-14.990507,1.1994382,0.11747933,-0.67026174,1.6884254,1.5328072,-566.9279,33.21544,311.91083,-2294.6619,-566.9279,33.21544,311.91083,-2294.6619,-1.0,1.0,1.0,-1.0,0.0,0.4,0.4,-0.4
3.5833333333333335,20.498594,-14.999636,2.0010056,-0.00096749765,-0.0023077463,-0.0011432609,0.9999961,0.01096709,-0.014155237,0.13416757,0.08602329,-0.052760426,0.3306259,-0.011613372,0.01382664,0.13414745,-0.13197015,-0.025818719,8.811723,20.496592,-14.990668,1.2010585,0.14343412,-0.64225614,1.5572873,1.6803359,97.39849,-849.4374,-481.4551,299.54956,97.39849,-849.4374,-481.4551,299.54956,1.0,-1.0,-1.0,1.0,33.524375915527344,-0.4,-0.4,0.4
3.6,20.498392,-14.999399,2.001194,-0.0022103863,0.001578481,-0.0030926764,0.99999154,0.012368033,-0.014264,-0.029767988,-0.34176558,-0.60411745,0.087332554,-0.01252515,0.0143927075,-0.029640067,-0.054706667,0.03396403,-9.8272505,20.496052,-14.990844,1.201243,0.16761309,-0.61274797,1.450738,1.7704903,-551.63446,-418.4109,-51.037792,-2509.8022,-551.63446,-418.4109,-51.037792,-2509.8022,-1.0,-1.0,-1.0,-1.0,0.0,-0.4,-0.4,-0.4
3.6166666666666667,20.49821,-14.999195,2.002543,-0.0014274727,0.0030498772,-0.0032200813,0.99998915,0.01090439,-0.012354956,0.11765194,0.09250325,-0.033557832,-0.15529005,-0.010220451,0.011566639,0.117793396,0.1382819,-0.1695641,8.846007,20.495522,-14.991061,1.2025889,0.1926117,-0.58255684,1.4999162,1.8114673,136.25085,265.70456,710.6435,-2687.72,136.25085,265.70456,710.6435,-2687.72,1.0,1.0,1.0,-1.0,33.524375915527344,0.4,0.4,-0.4
3.6333333333333333,20.498049,-14.998989,2.0024645,-0.0016349658,-7.338774e-05,-0.0050873123,0.99998564,0.009292603,-0.011920396,-0.045666646,-0.3288543,0.51121145,0.08741617,-0.0093256,0.0123539865,-0.04554452,0.05369106,0.04724085,-9.800275,20.494991,-14.991286,1.2025076,0.21897641,-0.55168295,1.5818827,1.8524336,-471.58545,-366.41904,330.75473,628.393,-471.58545,-366.41904,330.75473,628.393,-1.0,-1.0,1.0,1.0,0.0,-0.4,0.4,0.4
3.65,20.497879,-14.998832,2.0035427,-0.0038773904,-0.0010518489,-0.005159017,0.9999786,0.010282678,-0.009583398,0.101361625,0.09812195,-0.015770815,0.3306624,-0.010565939,0.008456317,0.10143276,-0.07442034,-0.23386016,8.818636,20.494482,-14.991554,1.203583,0.24329206,-0.52121896,1.4589392,1.8278395,144.94518,431.07834,-666.81775,281.76062,144.94518,431.07834,-666.81775,281.76062,1.0,1.0,-1.0,1.0,33.524375915527344,0.4,-0.4,0.4
3.6666666666666665,20.497692,-14.998685,2.0031855,-0.0051317164,0.0025250374,-0.0069986125,0.9999591,0.011077201,-0.008261269,-0.06252784,-0.3296181,-0.56700206,0.087366715,-0.011481221,0.009019509,-0.062349934,-0.054916885,0.03379153,-9.8269615,20.493977,-14.991835,1.2032236,0.26610515,-0.49061847,1.3687848,1.8360292,-508.36746,-43.50848,-5.154692,-2303.239,-508.36746,-43.50848,-5.154692,-2303.239,-1.0,-1.0,-1.0,-1.0,0.0,-0.4,-0.4,-0.4
3.683333333333333,20.497532,-14.998602,2.003989,-0.0043521924,0.0036907392,-0.007022734,0.99995905,0.009201389,-0.004927378,0.08492087,0.10443532,0.0034812144,-0.15529309,-0.008611415,0.0036561629,0.085046895,0.17218837,-0.32180074,8.843809,20.493483,-14.992147,1.2040254,0.29001105,-0.46227223,1.4343541,1.7007743,247.95944,627.43805,693.60046,-2438.7087,247.95944,627.43805,693.60046,-2438.7087,1.0,1.0,1.0,-1.0,33.524375915527344,0.4,0.4,-0.4
3.6999999999999997,20.497402,-14.998548,2.0033662,-0.0045681396,0.00020231302,-0.0034928212,0.99998343,0.0076382225,-0.002614645,-0.078185536,0.53243166,0.554443,0.08804002,-0.007695918,0.0030907004,-0.078162506,0.054929793,-0.03392775,-9.792564,20.493002,-14.992469,1.2034013,0.31514654,-0.43536046,1.5081291,1.6147058,-376.41763,37.994156,407.6793,617.11145,-376.41763,37.994156,407.6793,617.11145,-1.0,1.0,1.0,1.0,0.0,0.4,0.4,0.4
3.716666666666667,20.497263,-14.998509,2.0038993,-0.006816369,-0.0011073337,-0.0017052189,0.99997467,0.008668898,-0.0024902383,0.06871396,0.1093361,0.022523895,0.3309637,-0.008852607,0.0021364712,0.06870245,-0.06940132,-0.057253744,8.811896,20.492542,-14.992819,1.2039337,0.33809635,-0.40756083,1.3769888,1.667978,252.27487,-799.5773,-476.94785,283.00192,252.27487,-799.5773,-476.94785,283.00192,1.0,-1.0,-1.0,1.0,33.524375915527344,-0.4,-0.4,0.4
3.7333333333333334,20.497107,-14.998468,2.002997,-0.008060443,0.0021590746,-0.003443156,0.99995923,0.009320651,-0.0021912232,-0.09514369,-0.3183637,-0.52857006,0.08766064,-0.009770755,0.0026923479,-0.09508566,-0.05508888,0.0333526,-9.827286,20.492094,-14.993179,1.2030302,0.3589971,-0.37880504,1.2540452,1.7253469,-408.74258,-352.5583,-28.040882,-2328.1003,-408.74258,-352.5583,-28.040882,-2328.1003,-1.0,-1.0,-1.0,-1.0,0.0,-0.4,-0.4,-0.4
3.75,20.496973,-14.99846,2.003255,-0.0072786226,0.0030016068,-0.0033749777,0.9999632,0.007529428,-9.734617e-05,0.05230129,0.11544311,0.041811887,-0.15502767,-0.0072133783,-0.00036315585,0.052344646,0.15344258,-0.18333021,8.845818,20.491663,-14.993563,1.2032878,0.38030773,-0.35073242,1.2786375,1.6843574,386.26254,335.03168,721.49713,-2451.0325,386.26254,335.03168,721.49713,-2451.0325,1.0,1.0,1.0,-1.0,33.524375915527344,0.4,0.4,-0.4
3.7666666666666666,20.496866,-14.998456,2.0020852,-0.0074867643,-0.0007417417,-0.0050742626,0.99995875,0.006492872,0.00059588416,-0.11098042,-0.30605233,0.58691764,0.087681115,-0.0063270144,0.00043451885,-0.11099075,0.05318183,0.04786048,-9.800123,20.491243,-14.993955,1.2021179,0.40271127,-0.32238665,1.3442122,1.7007457,-284.43127,-301.68018,296.87735,609.3649,-284.43127,-301.68018,296.87735,609.3649,-1.0,-1.0,1.0,1.0,0.0,-0.4,0.4,0.4
3.783333333333333,20.496738,-14.998497,2.0020728,-0.009727477,-0.0023494281,-0.0049642413,0.99993753,0.008014252,0.002982702,0.036055643,0.120970234,0.0595752,0.3309049,-0.008120484,-0.003497315,0.035985563,-0.107608154,-0.23591003,8.818578,20.49085,-14.994369,1.2021055,0.4216997,-0.2956802,1.1393057,1.6023873,451.91266,472.8777,-746.1709,272.8803,451.91266,472.8777,-746.1709,272.8803,1.0,1.0,-1.0,1.0,33.524375915527344,0.4,-0.4,0.4
3.8,20.496593,-14.998566,2.000627,-0.010971947,0.0005145739,-0.0012891062,0.9999388,0.008963456,0.0044331914,-0.12767117,0.5427081,-0.48492965,0.08802232,-0.008999021,-0.0043011014,-0.1276732,-0.05271222,-0.048227176,-9.819525,20.490469,-14.99479,1.2006595,0.43863904,-0.2704082,1.0163604,1.5163188,-216.28899,78.33796,-177.77193,-2168.5613,-216.28899,78.33796,-177.77193,-2168.5613,-1.0,1.0,-1.0,-1.0,0.0,0.4,-0.4,-0.4
3.8166666666666664,20.49646,-14.998638,2.0003405,-0.010184583,0.0010013764,0.0006383343,0.9999474,0.0077620437,0.0039093923,0.019622717,0.1263709,0.08023078,-0.15567257,-0.007641744,-0.004041215,0.01964322,0.08143661,0.015593189,8.8389845,20.490118,-14.99523,1.200373,0.45421234,-0.24411172,0.9343975,1.5777897,572.971,-888.372,582.5101,-969.5093,572.971,-888.372,582.5101,-969.5093,1.0,-1.0,1.0,-1.0,33.524375915527344,-0.4,0.4,-0.4
3.8333333333333335,20.496342,-14.998694,1.9986265,-0.01040625,-0.0030589115,-0.0009842394,0.9999407,0.0077081644,0.003369513,-0.14364277,-0.29519984,0.6254889,0.08703657,-0.0067604207,-0.0032372614,-0.14369354,0.052879386,0.04823721,-9.800204,20.48977,-14.995672,1.1986593,0.4706053,-0.21644922,0.9835785,1.65975,-91.91464,-599.44415,19.136889,629.1215,-91.91464,-599.44415,19.136889,629.1215,-1.0,-1.0,1.0,1.0,0.0,-0.4,0.4,0.4
3.85,20.496195,-14.998763,1.9980688,-0.012647007,-0.0049789227,-0.0007863841,0.9999073,0.010218409,0.004289575,0.0034021349,0.13184364,0.09796618,0.33025014,-0.010139915,-0.004552336,0.0032938092,-0.20276965,-0.078904465,8.819241,20.48947,-14.99613,1.1981014,0.4816706,-0.18858187,0.6639164,1.6720407,667.8526,282.46823,-941.2552,274.09015,667.8526,282.46823,-941.2552,274.09015,1.0,1.0,-1.0,1.0,33.524375915527344,0.4,-0.4,0.4
3.8666666666666667,20.495972,-14.998838,1.9999591,-0.013887523,-0.002452972,-0.0022862041,0.9998979,0.0135203,0.0035530282,0.15022844,-0.29000673,-0.43388247,0.08693881,-0.014143607,-0.0046240287,0.15014188,-0.24022147,-0.004301565,8.8108835,20.489202,-14.996606,1.199991,0.4848126,-0.15989494,0.18851994,1.7212155,62.067818,-275.76337,-599.078,-2225.4714,62.067818,-275.76337,-599.078,-2225.4714,1.0,-1.0,-1.0,-1.0,33.524375915527344,-0.4,-0.4,-0.4
3.8833333333333333,20.495743,-14.998925,2.0004213,-0.013095572,-0.0022837038,-0.0020291049,0.9999095,0.013470199,0.005095917,-0.0129800895,0.13750422,0.11728757,-0.15579127,-0.013273347,-0.0053933244,-0.013062455,0.052215565,-0.04615774,-9.79226,20.488945,-14.997086,1.2004524,0.48686177,-0.13175447,0.122950666,1.6884282,-566.0583,498.91858,155.34804,-1508.2393,-566.0583,498.91858,155.34804,-1508.2393,-1.0,1.0,1.0,-1.0,0.0,0.4,0.4,-0.4
3.9,20.495493,-14.999022,2.0020394,-0.013323454,8.408852e-05,-0.0034835595,0.9999051,0.015656825,0.0046841563,0.13383417,-0.2835939,-0.41502845,0.087121174,-0.015491537,-0.006031607,0.13379945,-0.13309138,-0.03829694,8.811714,20.488724,-14.997573,1.2020696,0.4848126,-0.10375063,-0.122950666,1.6802304,90.559265,-175.22797,-529.2827,693.7132,90.559265,-175.22797,-529.2827,693.7132,1.0,-1.0,-1.0,1.0,33.524375915527344,-0.4,-0.4,0.4
3.9166666666666665,20.495247,-14.999132,2.0022292,-0.012533294,9.7611315e-05,-0.0031744677,0.9999164,0.014783282,0.006620163,-0.02937058,0.1437558,0.13603441,-0.15561448,-0.014620782,-0.006802111,-0.029410321,0.052245293,-0.046230245,-9.792585,20.488518,-14.998064,1.2022585,0.48194388,-0.076498136,-0.1721227,1.6351496,-568.5088,608.8563,214.11018,-1260.8132,-568.5088,608.8563,214.11018,-1260.8132,-1.0,1.0,1.0,-1.0,0.0,0.4,0.4,-0.4
3.933333333333333,20.494991,-14.999262,2.0035753,-0.012761373,0.0023066555,-0.00457941,0.99990535,0.016041119,0.0066921376,0.11745005,-0.2771614,-0.39615363,0.08729057,-0.015309574,-0.00816808,0.11745432,-0.04132753,-0.08195813,8.811878,20.488338,-14.99856,1.2036031,0.4764795,-0.0502702,-0.32786247,1.5736761,114.18055,-58.718822,-438.5349,703.1782,114.18055,-58.718822,-438.5349,703.1782,1.0,-1.0,-1.0,1.0,33.524375915527344,-0.4,-0.4,0.4
3.9499999999999997,20.494753,-14.999406,2.0034926,-0.011972679,0.002163689,-0.0042178733,0.9999171,0.014455191,0.008979876,-0.045747105,0.15002957,0.15479495,-0.1554524,-0.014438635,-0.008939843,-0.04576017,0.052256357,-0.046305764,-9.792869,20.488178,-14.999054,1.2035199,0.47087854,-0.025203397,-0.3360575,1.504008,-553.8997,707.198,304.7906,-1037.1506,-553.8997,707.198,304.7906,-1037.1506,-1.0,1.0,1.0,-1.0,0.0,0.4,0.4,-0.4
3.966666666666667,20.494518,-14.99959,2.0045671,-0.012214405,0.0041233143,-0.00026712197,0.99991685,0.014893206,0.011345962,0.10112502,0.57850045,-0.3726808,0.08797247,-0.013776603,-0.011750237,0.10123707,0.03972189,-0.16862366,8.819834,20.488043,-14.99955,1.2045935,0.46377492,-0.0028686796,-0.4262173,1.340083,147.08871,58.630703,-294.12506,702.99744,147.08871,58.630703,-294.12506,702.99744,1.0,1.0,-1.0,1.0,33.524375915527344,0.4,-0.4,0.4
3.9833333333333334,20.4943,-14.999778,2.0042124,-0.014471298,0.0037830833,0.0019026637,0.9998863,0.01273044,0.010333797,-0.062248383,0.15668233,0.17462483,0.3303339,-0.012893043,-0.0109412875,-0.062110953,0.053013578,0.04853697,-9.80088,20.48792,-15.00005,1.204238,0.45694453,0.019466039,-0.40982363,1.340083,-531.5431,-801.60876,416.69833,146.45284,-531.5431,-801.60876,416.69833,146.45284,-1.0,-1.0,1.0,1.0,0.0,-0.4,0.4,0.4
4.0,20.494104,-14.999938,2.005013,-0.015693823,0.0056691384,0.00059526705,0.9998605,0.012583451,0.008939175,0.08459991,-0.26502514,-0.3566593,0.086997226,-0.011338344,-0.009213833,0.08474636,0.09328197,0.103647254,8.811439,20.48783,-15.000547,1.2050382,0.44943103,0.043644913,-0.45080957,1.4507324,148.15755,-538.32336,-246.88904,-1599.5378,148.15755,-538.32336,-246.88904,-1599.5378,1.0,-1.0,-1.0,-1.0,33.524375915527344,-0.4,-0.4,-0.4
4.016666666666667,20.493929,-15.000101,2.0043855,-0.014905238,0.005192028,0.0010530698,0.99987483,0.009936302,0.009507561,-0.078591414,0.16193257,0.19411267,-0.15575969,-0.010461387,-0.009977045,-0.07846498,0.052617393,-0.04579268,-9.79268,20.48775,-15.001044,1.2044096,0.44260067,0.067550585,-0.40982184,1.4343402,-523.77716,140.64182,556.9856,-913.77045,-523.77716,140.64182,556.9856,-913.77045,-1.0,1.0,1.0,-1.0,0.0,0.4,0.4,-0.4
4.033333333333333,20.493784,-15.000249,2.0049133,-0.015117247,0.0069177123,-0.00020105636,0.9998618,0.009155605,0.008282182,0.068271995,-0.25857916,-0.33776015,0.087158896,-0.007955338,-0.008568369,0.068386994,0.15036295,0.08452053,8.811118,20.487696,-15.001535,1.2049377,0.4360435,0.092139296,-0.39342996,1.4753226,232.4635,-542.5389,-89.95078,688.1769,232.4635,-542.5389,-89.95078,688.1769,1.0,-1.0,-1.0,1.0,33.524375915527344,-0.4,-0.4,0.4
4.05,20.493662,-15.0004015,2.004013,-0.014330694,0.0062838136,0.00030841192,0.9998775,0.006150257,0.009084877,-0.094915785,0.16822691,0.21288994,-0.15560584,-0.0070787375,-0.009333006,-0.09482697,0.05259602,-0.04587823,-9.792837,20.487652,-15.002027,1.2040373,0.43044257,0.1163865,-0.33605573,1.4548323,-457.81992,130.80376,658.56525,-798.74054,-457.81992,130.80376,658.56525,-798.74054,-1.0,1.0,1.0,-1.0,0.0,0.4,0.4,-0.4
4.066666666666666,20.493599,-15.000544,2.004274,-0.014546776,0.0009964383,-0.00096637575,0.9998931,0.003213114,0.008185049,0.05248395,-0.24792111,0.777871,0.087132014,-0.0028675997,-0.0083749555,0.052474007,0.25266826,0.057483032,8.8380575,20.487638,-15.002507,1.2042986,0.4268908,0.14063375,-0.21310686,1.4548346,319.06006,-546.5467,22.119722,673.3088,319.06006,-546.5467,22.119722,673.3088,1.0,-1.0,1.0,1.0,33.524375915527344,-0.4,0.4,0.4
4.083333333333333,20.49354,-15.000692,2.0031028,-0.016787957,-0.0020761704,-0.00044271117,0.99985677,0.0044570537,0.0089199785,-0.11115717,0.17349444,0.23066236,0.33030617,-0.0036951895,-0.008958413,-0.11118201,-0.049655385,-0.035007466,-9.819361,20.487633,-15.002991,1.2031282,0.42306575,0.1646078,-0.2295023,1.4384427,-330.00058,306.86493,-968.7334,539.7269,-330.00058,306.86493,-968.7334,539.7269,-1.0,1.0,-1.0,1.0,0.0,0.4,-0.4,0.4
4.1,20.493446,-15.000837,2.0030851,-0.01802252,-0.00066088745,-0.001606321,0.999836,0.0062519843,0.008493572,0.035712376,-0.24811733,-0.30027735,0.08695116,-0.0059869285,-0.0088288775,0.035676457,-0.13750434,0.007772147,8.811507,20.487654,-15.003456,1.2031106,0.41486934,0.18755732,-0.49178478,1.3769718,433.59326,-307.04926,-668.2204,-1607.371,433.59326,-307.04926,-668.2204,-1607.371,1.0,-1.0,-1.0,-1.0,33.524375915527344,-0.4,-0.4,-0.4
4.116666666666666,20.493359,-15.000998,2.0016394,-0.017228467,-0.0016076608,-0.0010245299,0.9998497,0.005852668,0.009661111,-0.12748872,0.17847513,0.25017744,-0.15585029,-0.0051109362,-0.009588719,-0.12752607,0.052559532,-0.04559051,-9.7921505,20.487692,-15.003923,1.2016652,0.40585324,0.20955068,-0.54096574,1.3196012,-222.4616,452.3196,85.36476,-901.5768,-222.4616,452.3196,85.36476,-901.5768,-1.0,1.0,1.0,-1.0,0.0,0.4,0.4,-0.4
4.133333333333333,20.49325,-15.001159,2.00135,-0.017451648,-0.00035056172,-0.002140327,0.9998453,0.007379283,0.009278849,0.019379562,-0.24162151,-0.28142598,0.0870829,-0.007063098,-0.009613806,0.019334055,-0.11712968,-0.001505222,8.811607,20.487755,-15.0043745,1.2013751,0.3935586,0.2303146,-0.73767895,1.2458351,550.4031,-221.01823,-626.4299,715.4658,550.4031,-221.01823,-626.4299,715.4658,1.0,-1.0,-1.0,1.0,33.524375915527344,-0.4,-0.4,0.4
4.15,20.493147,-15.001328,1.9996324,-0.01665772,-0.0014540005,-0.001506995,0.999859,0.006956046,0.010589065,-0.14381842,0.18482934,0.26890108,-0.15573958,-0.006188438,-0.010374453,-0.14386913,0.052479595,-0.04563879,-9.792191,20.48783,-15.004818,1.1996577,0.38085416,0.24991742,-0.76226586,1.1761692,-88.544975,556.81976,31.80768,-762.9023,-88.544975,556.81976,31.80768,-762.9023,-1.0,1.0,1.0,-1.0,0.0,0.4,0.4,-0.4
4.166666666666667,20.493021,-15.001506,1.99907,-0.01688187,-0.00035538216,-0.0025720506,0.9998541,0.008408954,0.010417843,0.0030510065,-0.23510702,-0.2625631,0.08719336,-0.0080543505,-0.010711359,0.0029908016,-0.111954756,-0.020214355,8.811595,20.487928,-15.005245,1.199095,0.36473456,0.2678127,-0.9671759,1.0737168,681.0233,-113.83789,-678.6327,729.0577,681.0233,-113.83789,-678.6327,729.0577,1.0,-1.0,-1.0,1.0,33.524375915527344,-0.4,-0.4,0.4
4.183333333333334,20.492882,-15.001715,2.000957,-0.016107868,0.005118106,-0.0017582278,0.9998556,0.010429111,0.012443715,0.14994381,0.1935431,-0.7898918,-0.15540722,-0.008479427,-0.013275775,0.14999537,-0.025504565,-0.15386496,8.820274,20.488064,-15.005646,1.2009814,0.34506324,0.28154153,-1.1802791,0.8237296,64.154655,637.43005,-26.461823,-641.5014,64.154655,637.43005,-26.461823,-641.5014,1.0,1.0,-1.0,-1.0,33.524375915527344,0.4,-0.4,-0.4
4.2,20.492744,-15.001927,2.0014153,-0.016326614,0.008297679,-0.002745709,0.9998285,0.007784657,0.012283204,-0.013408875,-0.23013172,-0.24296677,0.087165,-0.007602666,-0.012460987,-0.013349126,0.052605633,0.04888728,-9.80067,20.488197,-15.0060425,1.201439,0.32566518,0.294724,-1.1638837,0.7909476,-565.4525,-61.761936,762.59875,577.9553,-565.4525,-61.761936,762.59875,577.9553,-1.0,-1.0,1.0,1.0,0.0,-0.4,0.4,0.4
4.216666666666667,20.4927,-15.002168,2.0030355,-0.01553811,0.006754985,-0.0019812044,0.99985445,0.0036826963,0.0144084,0.13406982,0.20191023,0.32634223,-0.15565637,-0.0014140045,-0.015018876,0.13404593,0.37131968,-0.1534733,8.843703,20.488363,-15.006417,1.2030588,0.31063852,0.30435467,-0.90159947,0.57784075,35.15267,613.8148,582.7537,-183.78172,35.15267,613.8148,582.7537,-183.78172,1.0,1.0,1.0,-1.0,33.524375915527344,0.4,0.4,-0.4
4.233333333333333,20.49268,-15.002409,2.0032248,-0.015747933,0.003857617,-0.0029927038,0.999864,0.0015827981,0.0143599585,-0.029430132,-0.22191052,0.35727715,0.0872035,-0.0013598835,-0.014229914,-0.029504351,0.0032472608,0.04733769,-9.813017,20.488535,-15.006786,1.2032478,0.29684135,0.31350726,-0.8278298,0.5491554,-541.38055,-89.62989,0.06030771,843.7218,-541.38055,-89.62989,0.06030771,843.7218,-1.0,-1.0,0.06030771,1.0,0.0,-0.4,0.024123086,0.4
4.25,20.492678,-15.002677,2.0045705,-0.017998217,0.00416078,-0.00216439,0.999827,0.0013892559,0.016292455,0.11755117,0.20694105,-0.17081061,0.3305412,0.000184966,-0.01682293,0.117484495,0.09269097,-0.15558097,8.81933,20.488722,-15.00713,1.2045927,0.2833174,0.31890318,-0.8114379,0.32375512,78.97723,625.2885,-267.24512,421.8072,78.97723,625.2885,-267.24512,421.8072,1.0,1.0,-1.0,1.0,33.524375915527344,0.4,-0.4,0.4
4.266666666666667,20.492693,-15.002969,2.0044882,-0.019248055,0.0020560063,0.0021791402,0.99981016,-0.00058083213,0.017410358,-0.04578773,0.63280314,0.38047192,0.08752301,0.0010662545,-0.017578095,-0.04571486,0.052877303,-0.045309883,-9.791961,20.488916,-15.007469,1.20451,0.27047652,0.32231835,-0.77045196,0.20491003,-625.69006,63.176144,474.08777,-1858.8301,-625.69006,63.176144,474.08777,-1858.8301,-1.0,1.0,1.0,-1.0,0.0,0.4,0.4,-0.4
4.283333333333333,20.492716,-15.003232,2.0055618,-0.021499814,0.0021521742,0.0048213685,0.99975485,-0.00018770108,0.01591304,0.10099188,0.21211569,-0.14918679,0.33055228,0.001285604,-0.0149065815,0.10113734,0.01316097,0.16029081,8.8111315,20.489128,-15.007787,1.2055831,0.25695258,0.3262116,-0.8114361,0.23359536,121.550804,-930.9544,-375.6521,407.3293,121.550804,-930.9544,-375.6521,407.3293,1.0,-1.0,-1.0,1.0,33.524375915527344,-0.4,-0.4,0.4
4.3,20.49275,-15.003474,2.0052059,-0.022739468,-1.8501398e-06,0.0038943694,0.9997338,-0.0014598861,0.013898335,-0.0623181,-0.21117224,0.39847466,0.086954206,0.0021015578,-0.014302412,-0.06220824,0.04895723,0.036250163,-9.800734,20.489347,-15.008097,1.2052265,0.2437019,0.33106112,-0.79504067,0.29097137,-588.44244,-642.5703,267.1087,-2069.6816,-588.44244,-642.5703,267.1087,-2069.6816,-1.0,-1.0,1.0,-1.0,0.0,-0.4,0.4,-0.4
4.316666666666666,20.492777,-15.003689,2.0060062,-0.024982674,-3.3695913e-05,0.004814926,0.9996763,-0.00038083084,0.013323294,0.08466162,0.21764384,-0.12968197,0.33031377,0.0010197673,-0.012472151,0.08478591,-0.06490743,0.109815665,8.819648,20.489588,-15.008382,1.2060264,0.22840214,0.33611554,-0.917986,0.30326483,145.1509,58.029087,-652.1548,416.39426,145.1509,58.029087,-652.1548,416.39426,1.0,1.0,-1.0,1.0,33.524375915527344,0.4,-0.4,0.4
4.333333333333333,20.4928,-15.00389,2.0053773,-0.026223557,-0.002349023,0.0039239046,0.9996456,-0.0008534775,0.011315225,-0.07865319,-0.20578782,0.41802415,0.0867101,0.0018308986,-0.0118619,-0.078555904,0.048667878,0.036615055,-9.8005085,20.489824,-15.008661,1.205397,0.2131024,0.3417164,-0.9179842,0.33605215,-525.2254,-659.8786,11.870697,-2081.794,-525.2254,-659.8786,11.870697,-2081.794,-1.0,-1.0,1.0,-1.0,0.0,-0.4,0.4,-0.4
4.35,20.492796,-15.004064,2.0059052,-0.02846358,-0.0025479586,0.0048904745,0.9995796,0.0010393239,0.010672963,0.06833347,0.2230334,-0.11016682,0.3300801,-0.00079766556,-0.010056153,0.0684302,-0.15771385,0.10834481,8.819165,20.490078,-15.008917,1.2059244,0.19466077,0.34759048,-1.1064979,0.35244402,213.511,104.7069,-846.9253,418.88846,213.511,104.7069,-846.9253,418.88846,1.0,1.0,-1.0,1.0,33.524375915527344,0.4,-0.4,0.4
4.366666666666666,20.492767,-15.004226,2.0049982,-0.029672116,0.0018273165,0.004219399,0.99954903,0.0019268567,0.008632234,-0.0954537,-0.20220004,-0.65901154,0.086735845,-0.0017360654,-0.009546499,-0.09537026,-0.056303985,0.030579248,-9.828028,20.490335,-15.009165,1.2050171,0.17417009,0.35373774,-1.2294405,0.3688359,-436.72287,-645.0132,-319.9415,-2093.0525,-436.72287,-645.0132,-319.9415,-2093.0525,-1.0,-1.0,-1.0,-1.0,0.0,-0.4,-0.4,-0.4
4.383333333333333,20.492765,-15.004352,2.0052495,-0.02885603,0.003900304,-8.27246e-06,0.999576,8.9656096e-05,0.0067933877,0.05193895,-0.6193503,-0.09220621,-0.15644158,0.00070739794,-0.006776415,0.051936425,0.14660779,0.16620503,8.838401,20.490602,-15.009392,1.2052683,0.15490888,0.36097792,-1.1556726,0.43441054,328.03018,-80.94359,633.19385,-2092.7756,328.03018,-80.94359,633.19385,-2092.7756,1.0,-1.0,1.0,-1.0,33.524375915527344,-0.4,0.4,-0.4
4.4,20.492796,-15.004472,2.0040753,-0.029060403,0.0013004164,-0.0025813163,0.9995734,-0.0014941276,0.007959433,-0.11122086,-0.19313496,0.45816544,0.08682024,0.0016481277,-0.007293532,-0.11126433,0.05644378,-0.031027038,-9.792046,20.490885,-15.009609,1.204094,0.13687712,0.36794484,-1.0819056,0.4180151,-339.18848,758.6013,245.0624,763.1642,-339.18848,758.6013,245.0624,763.1642,-1.0,1.0,1.0,1.0,0.0,0.4,0.4,0.4
4.416666666666667,20.492817,-15.0046215,2.0040584,-0.03130255,0.0007469702,-0.0015271046,0.9995085,-0.0008128132,0.009602016,0.0357609,0.23579052,-0.070080414,0.33018854,0.0014688547,-0.009639787,0.035729792,-0.010756377,-0.14077526,8.819647,20.491165,-15.009797,1.204077,0.118298955,0.37067696,-1.1146898,0.16392766,433.89572,511.67844,-699.17786,433.16595,433.89572,511.67844,-699.17786,433.16595,1.0,1.0,-1.0,1.0,33.524375915527344,0.4,-0.4,0.4
4.433333333333334,20.49283,-15.004777,2.0026066,-0.032536764,0.004776796,-0.002094215,0.99945694,-0.0011358507,0.009722231,-0.12801258,-0.1894719,-0.61868006,0.086846344,0.00052575464,-0.009131575,-0.12806003,-0.056586,0.030492691,-9.827389,20.491451,-15.009978,1.202625,0.09876458,0.37252113,-1.1720623,0.110650055,-255.68478,-16.011263,-21.717545,-1713.1941,-255.68478,-16.011263,-21.717545,-1713.1941,-1.0,-1.0,-1.0,-1.0,0.0,-0.4,-0.4,-0.4
4.45,20.492891,-15.004953,2.002315,-0.031754114,0.006339644,-0.000917358,0.9994751,-0.004061845,0.011407623,0.019447343,0.24231744,-0.049601868,-0.15587334,0.005024875,-0.011154562,0.019368999,0.26994723,-0.12137923,8.84574,20.491743,-15.010132,1.2023329,0.08223551,0.37088186,-0.99174446,-0.0983566,576.44446,546.3199,765.1416,-1699.1155,576.44446,546.3199,765.1416,-1699.1155,1.0,1.0,1.0,-1.0,33.524375915527344,0.4,0.4,-0.4
4.466666666666667,20.49299,-15.00513,2.000596,-0.031966217,0.0033580363,-0.0016400425,0.9994819,-0.00615723,0.011169771,-0.14389902,-0.18105097,0.4971673,0.086866595,0.0058771027,-0.010312512,-0.1439747,0.05113366,0.050523035,-9.800621,20.49204,-15.010279,1.2006135,0.068028696,0.36876446,-0.85240865,-0.12704371,-88.43289,-209.28197,524.15656,707.2943,-88.43289,-209.28197,524.15656,707.2943,-1.0,-1.0,1.0,1.0,0.0,-0.4,0.4,0.4
4.483333333333333,20.493103,-15.005324,2.0000339,-0.034210388,0.0024762172,-0.00050136686,0.9994114,-0.006132555,0.012441321,0.0030657314,0.24794315,-0.031126285,0.33024096,0.0069841184,-0.011995386,0.0030209736,0.066420935,-0.10097248,8.81974,20.49234,-15.010402,1.2000502,0.054641522,0.36364174,-0.80323035,-0.30736324,677.1088,517.9931,-412.09903,410.76834,677.1088,517.9931,-412.09903,410.76834,1.0,1.0,-1.0,1.0,33.524375915527344,0.4,-0.4,0.4
4.5,20.493248,-15.005521,2.0019255,-0.03543632,-0.00079088315,-0.0011660954,0.99937093,-0.008473966,0.011978064,0.15035506,-0.1704897,0.53629184,0.0866595,0.009075829,-0.011706633,0.15034132,0.12550262,0.017325226,8.83922,20.492643,-15.0104885,1.2019414,0.043303404,0.35578686,-0.68028706,-0.4712927,1.2943546,-110.001076,290.31662,-1631.8059,1.2943546,-110.001076,290.31662,-1631.8059,1.0,-1.0,1.0,-1.0,33.524375915527344,-0.4,0.4,-0.4
4.516666666666667,20.49339,-15.005724,2.0023851,-0.03767392,-0.0018822701,2.2652397e-05,0.9992883,-0.007275087,0.012914438,-0.013351721,0.25257662,-0.011411694,0.3300467,0.008277015,-0.012328717,-0.013321854,-0.047928836,-0.037325058,-9.81979,20.492949,-15.010569,1.2023998,0.031555474,0.3469757,-0.70487577,-0.5286687,-593.43915,507.06778,-653.7013,584.3115,-593.43915,507.06778,-653.7013,584.3115,-1.0,1.0,-1.0,1.0,0.0,0.4,-0.4,0.4
4.533333333333333,20.493505,-15.005923,2.0039985,-0.038901888,0.0015344027,-0.00036307177,0.99924177,-0.0051513487,0.01222635,0.13356441,-0.16690244,-0.5403049,0.08669203,0.0064996,-0.011869814,0.13353777,-0.10664488,0.027534159,8.811577,20.493256,-15.010623,1.2040122,0.017895095,0.3365937,-0.8196227,-0.6229215,15.296128,-67.38943,-54.195797,-1752.4595,15.296128,-67.38943,-54.195797,-1752.4595,1.0,-1.0,-1.0,-1.0,33.524375915527344,-0.4,-0.4,-0.4
4.55,20.493624,-15.006129,2.0041845,-0.0381115,0.0025526893,0.0009494831,0.9992697,-0.0065778745,0.013067041,-0.02965146,0.25873783,0.009058487,-0.15605934,0.007404902,-0.012590108,-0.029662801,0.05431811,-0.043217648,-9.792034,20.49356,-15.010671,1.2041976,0.004507925,0.32525533,-0.8032301,-0.68030113,-655.2821,527.8157,685.55646,-1028.6559,-655.2821,527.8157,685.55646,-1028.6559,-1.0,1.0,1.0,-1.0,0.0,0.4,0.4,-0.4
4.566666666666666,20.493774,-15.006323,2.0055313,-0.03833146,-0.0010409976,0.00035785325,0.9992644,-0.008872315,0.011894587,0.11762775,-0.15891972,0.57531846,0.08670808,0.009509472,-0.011105211,0.117655136,0.1262742,0.08909381,8.839075,20.49387,-15.010698,1.2055436,-0.0068301894,0.31337065,-0.6802868,-0.7130813,75.23433,-259.95688,289.1566,713.36597,75.23433,-259.95688,289.1566,713.36597,1.0,-1.0,1.0,1.0,33.524375915527344,-0.4,0.4,0.4
4.583333333333333,20.493923,-15.006514,2.005447,-0.040570572,-0.0024602236,0.0016288244,0.99917233,-0.0075140344,0.012240971,-0.046085943,0.26422554,0.027525678,0.3301115,0.0087142,-0.011732162,-0.046006907,-0.047716327,-0.037617028,-9.819722,20.494175,-15.0107155,1.2054579,-0.0180317,0.30093953,-0.6720906,-0.74586684,-578.11725,433.25513,-725.46954,588.8544,-578.11725,433.25513,-725.46954,588.8544,-1.0,1.0,-1.0,1.0,0.0,0.4,-0.4,0.4
4.6,20.494038,-15.006691,2.0065155,-0.041794334,0.0006300633,0.0013368634,0.99912506,-0.0054599326,0.011000779,0.10082417,-0.15530264,-0.50107324,0.08676076,0.0064752838,-0.010231679,0.10084505,-0.13433497,0.09002896,8.811117,20.494478,-15.010714,1.2065257,-0.031555474,0.2880986,-0.8114264,-0.77045554,65.14929,-220.08104,-131.93117,-1721.7258,65.14929,-220.08104,-131.93117,-1721.7258,1.0,-1.0,-1.0,-1.0,33.524375915527344,-0.4,-0.4,-0.4
4.616666666666666,20.494156,-15.006868,2.0061562,-0.04100163,0.0013145684,0.0027339398,0.99915445,-0.0066398373,0.011179635,-0.062393147,0.2701664,0.04803609,-0.15600027,0.0073836483,-0.010945493,-0.06235106,0.05450187,-0.04282884,-9.791765,20.494783,-15.010703,1.2061659,-0.044942647,0.27464294,-0.80323035,-0.8073395,-618.91766,372.85617,657.17523,-1012.78894,-618.91766,372.85617,657.17523,-1012.78894,-1.0,1.0,1.0,-1.0,0.0,0.4,0.4,-0.4
4.633333333333333,20.494295,-15.00702,2.006959,-0.0412302,-0.0026057179,0.0022134515,0.9991438,-0.008301355,0.009377668,0.084882,-0.14764075,0.6143709,0.08678297,0.008588064,-0.008304448,0.08496522,0.07226496,0.15846272,8.838976,20.495085,-15.010679,1.2069678,-0.056553975,0.26207528,-0.6966796,-0.7540601,157.38026,-427.49875,145.20885,718.2189,157.38026,-427.49875,145.20885,718.2189,1.0,-1.0,1.0,1.0,33.524375915527344,-0.4,0.4,0.4
4.65,20.49443,-15.007167,2.006329,-0.043469753,-0.0043524853,0.0035645403,0.9990389,-0.006330397,0.008989024,-0.078822784,0.27558878,0.06649837,0.33020052,0.007796623,-0.008936362,-0.07869729,-0.047486495,-0.037914865,-9.81975,20.495388,-15.010646,1.2063375,-0.068575114,0.24916607,-0.7212683,-0.77455217,-496.49338,320.8698,-869.0567,588.6635,-496.49338,320.8698,-869.0567,588.6635,-1.0,1.0,-1.0,1.0,0.0,0.4,-0.4,0.4
4.666666666666667,20.49451,-15.007281,2.0068529,-0.04468983,-0.0015894618,0.0033637714,0.998994,-0.0038534016,0.007040358,0.06807636,-0.14399976,-0.46181336,0.08685592,0.004229888,-0.0062201116,0.06813387,-0.21400408,0.16297503,8.809869,20.49568,-15.010595,1.2068608,-0.08373815,0.23734975,-0.909782,-0.7089793,188.60535,-422.4293,-404.1929,-1747.7893,188.60535,-422.4293,-404.1929,-1747.7893,1.0,-1.0,-1.0,-1.0,33.524375915527344,-0.4,-0.4,-0.4
4.683333333333334,20.494595,-15.007392,2.0059485,-0.043894604,-0.0012403319,0.0048388513,0.9990236,-0.004317755,0.006421557,-0.09513138,0.28130418,0.08704406,-0.15590602,0.0051403907,-0.0069271745,-0.095054984,0.054630168,-0.04242377,-9.79133,20.495977,-15.010539,1.205956,-0.09903779,0.22539683,-0.9179784,-0.71717525,-499.47284,174.41968,449.3885,-1062.1981,-499.47284,174.41968,449.3885,-1062.1981,-1.0,1.0,1.0,-1.0,0.0,0.4,0.4,-0.4
4.7,20.494661,-15.007462,2.0061998,-0.044100355,0.0013552605,0.004677394,0.99901515,-0.0031299137,0.0038411417,0.051755995,-0.13774565,-0.44248214,0.08696309,0.003575031,-0.0030604082,0.05177921,-0.09392158,0.23200597,8.810051,20.496265,-15.01047,1.2062069,-0.11488386,0.21549298,-0.95076436,-0.59423083,311.97067,-632.248,-210.57619,734.8068,311.97067,-632.248,-210.57619,734.8068,1.0,-1.0,-1.0,1.0,33.524375915527344,-0.4,-0.4,0.4
4.716666666666667,20.494728,-15.007504,2.005021,-0.043296307,0.0017824682,0.00089751964,0.9990602,-0.004544989,0.0026075158,-0.11154882,-0.5618524,0.1053977,-0.15636954,0.004364888,-0.0024218217,-0.111560196,0.047391433,0.038315184,-9.800364,20.49655,-15.010395,1.2050285,-0.13045672,0.20702349,-0.9343712,-0.5081695,-421.91968,-87.96537,609.99866,-960.1246,-421.91968,-87.96537,609.99866,-960.1246,-1.0,-1.0,1.0,-1.0,0.0,-0.4,0.4,-0.4
4.733333333333333,20.494822,-15.007548,2.005005,-0.0435093,-0.0025603455,-0.0012757576,0.99904895,-0.005942169,0.0032758173,0.035886314,-0.13023321,0.6739352,0.086728744,0.006024796,-0.0028463276,0.035909165,0.09959447,-0.025470354,8.848161,20.496822,-15.010307,1.2050121,-0.14329752,0.19759776,-0.7704484,-0.5655437,417.60577,712.7504,30.078333,760.3825,417.60577,712.7504,30.078333,760.3825,1.0,1.0,1.0,1.0,33.524375915527344,0.4,0.4,0.4
4.75,20.494911,-15.007604,2.0035577,-0.04574178,-0.0048199357,0.00019637145,0.99894166,-0.0036672824,0.003837768,-0.12780182,0.29316798,0.12594086,0.3301555,0.0052354652,-0.0034803464,-0.12775743,-0.047359847,-0.038041126,-9.819995,20.497097,-15.010213,1.2035649,-0.15654814,0.18687432,-0.7950371,-0.64340645,-213.64845,443.4405,-973.14905,573.5421,-213.64845,443.4405,-973.14905,573.5421,-1.0,1.0,-1.0,1.0,0.0,0.4,-0.4,0.4
4.766666666666667,20.49495,-15.007656,2.0032637,-0.04697018,-0.0025652826,0.00012529363,0.9988929,-0.0012139531,0.0030656408,0.0190724,-0.12647198,-0.40185475,0.08680783,0.0013982796,-0.0029380235,0.019079862,-0.23023114,0.03253937,8.810237,20.49736,-15.010106,1.2032712,-0.17266744,0.17546785,-0.967158,-0.6843879,490.99744,-98.49219,-605.41473,-1548.3936,490.99744,-98.49219,-605.41473,-1548.3936,1.0,-1.0,-1.0,-1.0,33.524375915527344,-0.4,-0.4,-0.4
4.783333333333333,20.494986,-15.007716,2.0015416,-0.046174046,-0.0027195248,0.0017212792,0.9989281,-0.0012044287,0.0033088282,-0.14413238,0.29856366,0.14655839,-0.15594421,0.0023104954,-0.0036430364,-0.14411083,0.054732945,-0.04230077,-9.791441,20.497623,-15.009995,1.2015493,-0.18892339,0.16324174,-0.97535664,-0.7335662,-149.27936,539.63416,238.85225,-887.2552,-149.27936,539.63416,238.85225,-887.2552,-1.0,1.0,1.0,-1.0,0.0,0.4,0.4,-0.4
4.8,20.494993,-15.007754,2.0009754,-0.046388756,-0.00062947354,0.0016885833,0.9989218,0.00035500634,0.0017982402,0.002727858,-0.12018746,-0.3825498,0.08692878,-0.0001906835,-0.0018143494,0.002733621,-0.15007071,0.109721206,8.810666,20.497871,-15.009872,1.2009835,-0.20613556,0.15169868,-1.03273,-0.69258386,663.4021,-277.87347,-449.9162,735.23486,663.4021,-277.87347,-449.9162,735.23486,1.0,-1.0,-1.0,1.0,33.524375915527344,-0.4,-0.4,0.4
4.816666666666666,20.494999,-15.007794,1.9989811,-0.045597058,-0.0009461645,0.0033302924,0.99895394,-0.0002345678,0.001493166,-0.16047189,0.30474702,0.16567506,-0.15581927,0.0007216918,-0.0025194257,-0.16045761,0.054742515,-0.042304575,-9.791473,20.498112,-15.0097475,1.1989897,-0.22293794,0.13988242,-1.0081431,-0.70897573,-13.777572,349.43222,329.54398,-821.8677,-13.777572,349.43222,329.54398,-821.8677,-1.0,1.0,1.0,-1.0,0.0,0.4,0.4,-0.4
4.833333333333333,20.494993,-15.007801,1.9981427,-0.045809753,0.0009818206,0.0033409419,0.9989441,0.00062272063,-0.0005690899,-0.013612955,-0.113909066,-0.3632359,0.08706423,-0.0006947302,0.00041761098,-0.01361496,-0.084985316,0.17622219,8.810559,20.498343,-15.009613,1.1981518,-0.23987694,0.1297737,-1.0163399,-0.6065225,803.81854,-476.91022,-368.5348,725.61816,803.81854,-476.91022,-368.5348,725.61816,1.0,-1.0,-1.0,1.0,33.524375915527344,-0.4,-0.4,0.4
4.85,20.495003,-15.007774,1.9997592,-0.045023046,0.00037877867,0.0050596017,0.99897295,-0.0009557844,-0.0005759585,0.13385893,0.31680515,0.20439571,-0.1556921,0.00094041374,0.002017288,0.13384508,0.098108634,0.095980614,8.847602,20.49855,-15.009465,1.199769,-0.25408387,0.121099345,-0.8524158,-0.5204616,140.66534,92.98506,409.70825,-795.7978,140.66534,92.98506,409.70825,-795.7978,1.0,1.0,1.0,-1.0,33.524375915527344,0.4,0.4,-0.4
4.866666666666666,20.495008,-15.007735,1.9999423,-0.045234572,0.0021030374,0.005124253,0.998961,-0.00041310198,-0.0030092094,-0.029933993,-0.107602045,-0.34395713,0.08721184,2.7488322e-05,0.0027219073,-0.029964318,-0.05477552,0.042277157,-9.828563,20.49875,-15.009319,1.1999526,-0.26801762,0.11344952,-0.8360248,-0.4589894,-436.5338,-708.3401,-287.84665,839.1455,-436.5338,-708.3401,-287.84665,839.1455,-1.0,-1.0,-1.0,1.0,0.0,-0.4,-0.4,0.4
4.883333333333333,20.49504,-15.007643,2.0012844,-0.044435296,0.0015779216,0.0015855847,0.99900967,-0.0024103983,-0.0057149534,0.1173661,-0.52651364,0.22367568,-0.15617023,0.002246935,0.006294626,0.11733968,0.13316679,0.2143631,8.83824,20.498936,-15.009161,1.2012955,-0.278946,0.10873668,-0.6557035,-0.2827705,147.29219,-228.36795,484.9144,-818.856,147.29219,-228.36795,484.9144,-818.856,1.0,-1.0,1.0,-1.0,33.524375915527344,-0.4,0.4,-0.4
4.9,20.495068,-15.0075445,2.001194,-0.044650707,0.0032075255,-7.059997e-05,0.9989975,-0.0022532512,-0.005481938,-0.046306502,-0.10083598,-0.32347897,0.08714427,0.001458116,0.005654365,-0.04631763,-0.04732913,-0.038415655,-9.819438,20.499111,-15.009001,1.2012058,-0.28960127,0.10429705,-0.6393152,-0.26637775,-459.4849,589.8288,-194.73375,900.8334,-459.4849,589.8288,-194.73375,900.8334,-1.0,1.0,-1.0,1.0,0.0,0.4,-0.4,0.4
4.916666666666667,20.49513,-15.007457,2.0022655,-0.043866757,0.0022753791,0.0017436229,0.9990332,-0.0045501115,-0.0043650353,0.10117492,0.3297302,0.24383485,-0.1556418,0.0045944303,0.005119664,0.10113754,0.18817885,-0.03208204,8.84731,20.499266,-15.008833,1.2022773,-0.2961583,0.09855968,-0.3934228,-0.34424227,202.10732,214.02649,586.02386,-631.90656,202.10732,214.02649,586.02386,-631.90656,1.0,1.0,1.0,-1.0,33.524375915527344,0.4,0.4,-0.4
4.933333333333334,20.495193,-15.00736,2.0019035,-0.044085477,0.0036644454,0.0019004805,0.99901915,-0.0046507055,-0.005699311,-0.062612504,-0.09449806,-0.30420506,0.08729785,0.0036824658,0.0058287233,-0.062665,-0.054717872,0.04254355,-9.828152,20.49941,-15.008662,1.201916,-0.30203235,0.093232125,-0.35244223,-0.31965312,-386.06573,-604.3327,-95.487595,791.8995,-386.06573,-604.3327,-95.487595,791.8995,-1.0,-1.0,-1.0,1.0,0.0,-0.4,-0.4,0.4
4.95,20.495295,-15.00724,2.0027003,-0.043280378,0.0028017454,-0.0015437606,0.9990578,-0.007113089,-0.0070203813,0.08466461,-0.5136858,0.2635065,-0.15609182,0.0069645564,0.0073686186,0.084647365,0.19692543,0.09239371,8.838742,20.499537,-15.008486,1.2027125,-0.30380824,0.08920231,-0.10655343,-0.24178906,241.9045,-74.475945,691.3703,-694.29974,241.9045,-74.475945,691.3703,-694.29974,1.0,-1.0,1.0,-1.0,33.524375915527344,-0.4,0.4,-0.4
4.966666666666667,20.495424,-15.007124,2.0020714,-0.043480776,-0.0027431354,-0.0034055335,0.9990446,-0.008024673,-0.0056505813,-0.07862535,-0.08823463,0.81116986,0.08689804,0.007910856,0.0068798764,-0.07853888,0.056777976,-0.029324533,-9.791175,20.499659,-15.00831,1.2020836,-0.30326182,0.08496759,0.03278553,-0.25408295,-365.28732,703.1735,40.53824,844.80994,-365.28732,703.1735,40.53824,844.80994,-1.0,1.0,1.0,1.0,0.0,0.4,0.4,0.4
4.983333333333333,20.49552,-15.007045,2.0025997,-0.045703296,-0.006288063,-0.0015979792,0.9989339,-0.0060101883,-0.0037661484,0.068355076,0.34157297,0.28266186,0.33032492,0.0047919056,0.0040415456,0.068435565,-0.18713701,-0.17029984,8.818466,20.49976,-15.008126,1.2026118,-0.30367163,0.07745437,-0.024588702,-0.45079303,353.76614,417.93112,-1032.912,487.46384,353.76614,417.93112,-1032.912,487.46384,1.0,1.0,-1.0,1.0,33.524375915527344,0.4,-0.4,0.4
5.0,20.495588,-15.006974,2.0016928,-0.04693419,-0.005243529,-0.0013575848,0.9988833,-0.003239681,-0.003931076,-0.09542693,-0.0842205,-0.26336476,0.08700991,0.0038440519,0.00452324,-0.09537826,-0.056871224,0.028901666,-9.828829,20.499855,-15.007944,1.2017047,-0.3055841,0.069463044,-0.11474847,-0.4794797,-333.34036,-94.087456,-775.18805,-706.3029,-333.34036,-94.087456,-775.18805,-706.3029,-1.0,-1.0,-1.0,-1.0,0.0,-0.4,-0.4,-0.4
5.016666666666667,20.49561,-15.006923,2.00194,-0.046140634,0.00015156818,0.00088765455,0.9989345,-0.0006971536,-0.0026889304,0.051613867,0.34681755,-0.7912108,-0.15574592,0.00045771245,0.0028339978,0.051608782,-0.20318036,-0.101354524,8.8192215,20.49993,-15.007756,1.2019521,-0.30940908,0.059695866,-0.22949873,-0.58603066,445.4158,486.5896,-63.50925,-881.79474,445.4158,486.5896,-63.50925,-881.79474,1.0,1.0,-1.0,-1.0,33.524375915527344,0.4,-0.4,-0.4
5.033333333333333,20.49563,-15.006863,2.0007582,-0.04635256,0.003307715,0.0012572181,0.9989188,-0.0023736279,-0.003817445,-0.111704476,-0.0794144,-0.24345586,0.08665853,0.0012846757,0.0037059973,-0.11172605,0.04961779,0.052319963,-9.80009,20.5,-15.007561,1.2007705,-0.31296083,0.04999699,-0.21310507,-0.5819325,-238.3656,-427.62094,850.31335,472.8399,-238.3656,-427.62094,850.31335,472.8399,-1.0,-1.0,1.0,1.0,0.0,-0.4,0.4,0.4
5.05,20.495691,-15.0068,2.0007393,-0.045567058,0.0017010648,0.0032154121,0.9989546,-0.0045626033,-0.0034388592,0.03577127,0.3508913,0.3232534,-0.15614253,0.0043416116,0.0040751775,0.035731923,0.18341614,0.022150813,8.847478,20.500046,-15.007369,1.2007513,-0.31186798,0.040776234,0.06557106,-0.55324537,506.27072,67.45432,622.3727,-601.0938,506.27072,67.45432,622.3727,-601.0938,1.0,1.0,1.0,-1.0,33.524375915527344,0.4,0.4,-0.4
5.066666666666666,20.49575,-15.006721,1.9992876,-0.04578259,0.0024180019,0.0035224056,0.9989422,-0.0045114015,-0.0053193164,-0.12802064,-0.073056,-0.22423026,0.086846784,0.0034286354,0.00478019,-0.12807548,-0.05477857,0.042300753,-9.828444,20.500082,-15.007171,1.1992998,-0.3102287,0.0322385,0.0983566,-0.51226413,-90.14745,-748.7256,-161.95908,745.8317,-90.14745,-748.7256,-161.95908,745.8317,-1.0,-1.0,-1.0,1.0,0.0,-0.4,-0.4,0.4
5.083333333333333,20.495838,-15.006607,1.9989942,-0.04498255,0.0008856491,0.00021964512,0.9989873,-0.006346993,-0.0068236236,0.019253327,-0.49278533,0.34353003,-0.1565606,0.005741718,0.007376421,0.019239487,0.13878496,0.15577383,8.838898,20.500101,-15.006973,1.199006,-0.3053109,0.026227929,0.295068,-0.36063415,623.8144,-269.35892,579.9695,-750.251,623.8144,-269.35892,579.9695,-750.251,1.0,-1.0,1.0,-1.0,33.524375915527344,-0.4,0.4,-0.4
5.1,20.49593,-15.0064945,2.0011523,-0.04519719,0.0013814657,-0.001162378,0.9989764,-0.0056781443,-0.0063873166,0.16623612,-0.06034258,-0.18406977,0.086682245,0.0055544535,0.006508666,0.16623558,-0.011235884,-0.05206528,8.819765,20.500086,-15.006774,1.2011632,-0.29766098,0.020012455,0.45899567,-0.37292838,20.278728,576.66345,-203.73909,817.996,20.278728,576.66345,-203.73909,817.996,1.0,1.0,-1.0,1.0,33.524375915527344,0.4,-0.4,0.4
5.116666666666666,20.496035,-15.00639,2.001883,-0.047437456,-0.00059929484,0.0008982908,0.99887353,-0.0070533743,-0.0053822016,0.003044307,0.36432698,0.36263782,0.32979888,0.0065076677,0.0060317046,0.0030421787,0.05719285,-0.028617688,-9.791604,20.500067,-15.006571,1.2018936,-0.28878164,0.01297736,0.53275996,-0.4221057,-684.85345,185.96931,539.3492,53.196884,-684.85345,185.96931,539.3492,53.196884,-1.0,1.0,1.0,1.0,0.0,0.4,0.4,0.4
5.133333333333333,20.496126,-15.006283,1.9998863,-0.048663132,-0.00023119127,0.0012894354,0.9988144,-0.006108308,-0.006355069,-0.16075175,-0.06167402,-0.18269543,0.08651072,0.0055560134,0.006508296,-0.16076565,-0.057099253,0.028595475,-9.828469,20.500042,-15.006371,1.199896,-0.2804487,0.006283774,0.49997625,-0.4016151,-37.87084,-646.45605,-360.92783,-567.07446,-37.87084,-646.45605,-360.92783,-567.07446,-1.0,-1.0,-1.0,-1.0,0.0,-0.4,-0.4,-0.4
5.15,20.496235,-15.006161,1.9990485,-0.047865693,-0.0021023452,-0.0019438132,0.9988496,-0.0067871367,-0.006924632,-0.013490584,-0.48161626,0.3850372,-0.1569045,0.006147928,0.007596893,-0.013435099,0.035514876,0.06531581,8.839832,20.500013,-15.006171,1.1990573,-0.2706131,0.0007513208,0.590136,-0.33194718,773.43884,-95.03438,383.75513,-811.99774,773.43884,-95.03438,383.75513,-811.99774,1.0,-1.0,1.0,-1.0,33.524375915527344,-0.4,0.4,-0.4
5.166666666666667,20.496305,-15.006061,2.0006618,-0.04808131,-0.0019528072,-0.0032460098,0.99883616,-0.0050792256,-0.005676046,0.13349254,-0.048926197,-0.14258602,0.08631497,0.004031349,0.0052467873,0.13354586,-0.12699474,-0.14100632,8.818857,20.499945,-15.005968,1.2006701,-0.26064092,-0.0066252835,0.59833103,-0.44259623,173.66821,643.9306,-418.7762,790.6928,173.66821,643.9306,-418.7762,790.6928,1.0,1.0,-1.0,1.0,33.524375915527344,0.4,-0.4,0.4
5.183333333333334,20.49639,-15.005978,2.0008478,-0.050305385,-0.0042918995,-0.0011062361,0.998724,-0.0051814844,-0.0041969125,-0.029696122,0.375582,0.403847,0.3294509,0.0049845893,0.0047747013,-0.029642496,0.057194415,-0.02832516,-9.791301,20.49988,-15.005765,1.2008554,-0.24998572,-0.015231322,0.6393116,-0.51636225,-551.77075,454.99875,256.02563,41.869602,-551.77075,454.99875,256.02563,41.869602,-1.0,1.0,1.0,1.0,0.0,0.4,0.4,0.4
5.2,20.496426,-15.005901,2.0021892,-0.051526316,-0.004402198,-0.0006039437,0.9986617,-0.0026701516,-0.004534672,0.11716782,-0.044696204,-0.12140392,0.086163975,0.0011662425,0.004590884,0.11719026,-0.2291008,-0.011029047,8.809964,20.499796,-15.005566,1.2021965,-0.2413796,-0.024042265,0.5163672,-0.5286566,141.04544,-326.5715,-678.1799,-582.90796,141.04544,-326.5715,-678.1799,-582.90796,1.0,-1.0,-1.0,-1.0,33.524375915527344,-0.4,-0.4,-0.4
5.216666666666667,20.496437,-15.005837,2.0020967,-0.050720897,-9.205785e-05,0.0019069883,0.998711,-0.00072257494,-0.0038343174,-0.046458304,0.3810265,-0.66899854,-0.15661295,0.00034792977,0.003711238,-0.046472613,-0.049098764,-0.052778747,-9.819772,20.499708,-15.005368,1.2021036,-0.23427613,-0.033604536,0.42620835,-0.5737362,-540.30457,256.83643,-36.841423,-65.24432,-540.30457,256.83643,-36.841423,-65.24432,-1.0,1.0,-1.0,-1.0,0.0,0.4,-0.4,-0.4
5.233333333333333,20.49645,-15.005748,2.0031633,-0.0509256,0.001907495,0.0025516094,0.99869734,-0.0018308088,-0.00541868,0.100883015,-0.039890766,-0.10157952,0.08585007,0.0016282147,0.0061104717,0.100846946,0.076817095,0.14395401,8.839173,20.499594,-15.005171,1.20317,-0.22512363,-0.04132265,0.54915005,-0.46308672,164.80182,-665.1506,846.6494,405.66092,164.80182,-665.1506,846.6494,405.66092,1.0,-1.0,1.0,1.0,33.524375915527344,-0.4,0.4,0.4
5.25,20.49649,-15.005635,2.0028024,-0.053153977,-0.00050491357,-0.0005743595,0.99858606,-0.0031025093,-0.0066258833,-0.062495623,-0.46592247,0.44563222,0.32849923,0.002440789,0.0069928337,-0.062484987,0.048754454,0.052941717,-9.799915,20.499485,-15.004975,1.2028086,-0.21446845,-0.047264915,0.6393107,-0.35653597,-541.4462,-257.35068,450.6608,72.21778,-541.4462,-257.35068,450.6608,72.21778,-1.0,-1.0,1.0,1.0,0.0,-0.4,0.4,0.4
5.266666666666667,20.49652,-15.005537,2.0035982,-0.05436966,-0.0008424695,-0.0017867344,0.9985189,-0.0019270037,-0.0054955417,0.0844816,-0.03552866,-0.084104486,0.0853969,0.0011931739,0.005363058,0.08450366,-0.0748569,-0.097786546,8.819318,20.499361,-15.004783,1.203604,-0.20354007,-0.054026805,0.6557026,-0.40571338,218.0984,589.3903,-489.3301,-1907.3475,218.0984,589.3903,-489.3301,-1907.3475,1.0,1.0,-1.0,-1.0,33.524375915527344,0.4,-0.4,-0.4
5.283333333333333,20.49655,-15.005454,2.0029666,-0.056590356,-0.0036821384,0.00042012436,0.99839056,-0.0021175095,-0.004729204,-0.07869521,0.38877591,0.4619637,0.3285527,0.0021518539,0.0049049743,-0.07868352,0.057520792,-0.027485013,-9.79123,20.499228,-15.004592,1.2029718,-0.19179207,-0.061744925,0.70488,-0.46308717,-463.1146,238.19444,225.54602,89.857635,-463.1146,238.19444,225.54602,89.857635,-1.0,1.0,1.0,1.0,0.0,0.4,0.4,0.4
5.3,20.496546,-15.0053625,2.003491,-0.057804003,-0.00428562,0.0010013974,0.99831825,0.00017923908,-0.005676595,0.06816932,-0.031733003,-0.062876716,0.0852758,-0.0014243469,0.0057204864,0.068151,-0.21457204,0.048930727,8.810071,20.499086,-15.004403,1.2034956,-0.18195654,-0.06871172,0.5901315,-0.41800773,278.91006,-516.99603,-696.70276,-550.30554,278.91006,-516.99603,-696.70276,-550.30554,1.0,-1.0,-1.0,-1.0,33.524375915527344,-0.4,-0.4,-0.4
5.316666666666666,20.496515,-15.005278,2.0025811,-0.056984354,-0.00048589523,0.0036201682,0.9983683,0.0017201407,-0.005747754,-0.09547083,0.3942011,-0.61045796,-0.15749921,-0.0022309283,0.0048297215,-0.09551111,-0.048394877,-0.05344589,-9.819726,20.498943,-15.004216,1.2025857,-0.17389688,-0.076020025,0.4835799,-0.43849823,-384.62,6.5004787,-171.08676,-68.08398,-384.62,6.5004787,-171.08676,-68.08398,-1.0,1.0,-1.0,-1.0,0.0,0.4,-0.4,-0.4
5.333333333333333,20.496489,-15.005154,2.0028305,-0.05717987,0.0010166435,0.0043579675,0.9983538,0.00055519235,-0.0080190115,0.051869653,-0.026921924,-0.043114085,0.084999345,-0.0013877332,0.00836027,0.05180013,0.050591704,0.21183293,8.838674,20.498783,-15.004034,1.2028346,-0.16433458,-0.08018645,0.57373786,-0.24998544,348.55148,-864.8882,677.62054,373.71393,348.55148,-864.8882,677.62054,373.71393,1.0,-1.0,1.0,1.0,33.524375915527344,-0.4,0.4,0.4
5.35,20.496479,-15.005003,2.001652,-0.059410032,-0.0018642683,0.0012964975,0.99823105,-0.00011658389,-0.009572178,-0.111506395,-0.4533534,0.50402653,0.32761598,-0.00058735075,0.00925448,-0.11153173,0.04802294,0.05365256,-9.7999115,20.498625,-15.003857,1.2016556,-0.15367945,-0.0820989,0.63930804,-0.11474713,-319.25534,-551.5473,203.03833,29.843678,-319.25534,-551.5473,203.03833,29.843678,-1.0,-1.0,1.0,1.0,0.0,-0.4,0.4,0.4
5.366666666666666,20.496445,-15.004855,2.0016303,-0.06062055,-0.0026847753,0.00015854441,0.9981572,0.0015903236,-0.009044315,0.03546934,-0.022995327,-0.025596911,0.084518015,-0.0028639128,0.008785066,0.035454527,-0.13659373,-0.028164813,8.819175,20.498453,-15.003685,1.2016338,-0.14384393,-0.08380645,0.5901306,-0.10245278,475.89355,397.6353,-792.72894,-1946.052,475.89355,397.6353,-792.72894,-1946.052,1.0,1.0,-1.0,-1.0,33.524375915527344,0.4,-0.4,-0.4
5.383333333333333,20.496384,-15.004699,2.0001736,-0.06284451,0.0011058284,-0.0024491535,0.99801964,0.0023375652,-0.009217329,-0.12839967,-0.44642013,-0.5715336,0.32734478,-0.003798209,0.009461028,-0.12834704,-0.05605776,0.04055768,-9.828094,20.498276,-15.003512,1.2001768,-0.13551107,-0.08496759,0.49997178,-0.06966858,-173.39609,-52.923737,-166.90918,20.939726,-173.39609,-52.923737,-166.90918,20.939726,-1.0,-1.0,-1.0,1.0,0.0,-0.4,-0.4,0.4
5.4,20.49635,-15.004573,1.9998778,-0.06405434,0.0024016602,-0.003387806,0.99793774,0.0007341278,-0.0072728605,0.019052876,-0.014249003,-0.007275381,0.08454506,-0.001558175,0.0069961813,0.019106833,0.13440202,-0.14789076,8.847232,20.49809,-15.003348,1.1998806,-0.12471935,-0.08769967,0.6475031,-0.16392453,571.0264,708.9205,676.2148,-5145.6597,571.0264,708.9205,676.2148,-5145.6597,1.0,1.0,1.0,-1.0,33.524375915527344,0.4,0.4,-0.4
5.416666666666667,20.49633,-15.004462,1.9981564,-0.06626785,-0.0011101554,-0.001080814,0.99780065,5.7696016e-05,-0.0062877443,-0.14409827,0.4098116,0.5383489,0.32771,-0.0005901243,0.00655688,-0.14408508,0.05808304,-0.026358066,-9.791514,20.497896,-15.003184,1.1981592,-0.11215177,-0.09152458,0.7540547,-0.2294947,-52.169624,250.76978,322.45593,114.85537,-52.169624,250.76978,322.45593,114.85537,-1.0,1.0,1.0,1.0,0.0,0.4,0.4,0.4
5.433333333333334,20.496296,-15.004354,1.9975904,-0.06747413,-0.0023709466,-0.00037822928,0.9977181,0.0016659868,-0.0067756274,0.0027689075,-0.011015089,0.014029158,0.084448054,-0.0025760422,0.006486649,0.0027638546,-0.119155064,-0.004213862,8.810935,20.497698,-15.003026,1.197593,-0.10040384,-0.09507628,0.704876,-0.21310194,697.94086,-514.18286,-684.1645,-343.81705,697.94086,-514.18286,-684.1645,-343.81705,1.0,-1.0,-1.0,-1.0,33.524375915527344,-0.4,-0.4,-0.4
5.45,20.496231,-15.004255,1.9994738,-0.069687076,0.0006239337,0.0024495076,0.9975657,0.0038838917,-0.0056446334,0.14977953,0.42201972,-0.5133382,0.32765266,-0.004495669,0.0057947687,0.14975667,-0.11517761,-0.041512825,8.819569,20.497494,-15.002877,1.199476,-0.09043174,-0.098696284,0.59832567,-0.21720035,103.55485,17.811644,-141.88924,43.887985,103.55485,17.811644,-141.88924,43.887985,1.0,1.0,-1.0,1.0,33.524375915527344,0.4,-0.4,0.4
5.466666666666667,20.496166,-15.00415,1.9999281,-0.07088874,0.0014071398,0.0033663139,0.9974775,0.002739939,-0.0070268568,-0.013542314,-0.0031552222,0.03612582,0.08397328,-0.0037377477,0.006474973,-0.013578742,0.045475286,0.040812265,-9.800124,20.497286,-15.002729,1.1999303,-0.08018645,-0.10176987,0.61471754,-0.18441527,-573.1094,-724.7248,664.86755,-3076.8818,-573.1094,-724.7248,664.86755,-3076.8818,-1.0,-1.0,1.0,-1.0,0.0,-0.4,0.4,-0.4
5.483333333333333,20.49612,-15.0040045,2.0015435,-0.073106885,-0.0022319816,0.00044085018,0.9973215,0.0005707112,-0.009419271,0.13376178,-0.424191,0.6031207,0.326561,-0.0025422554,0.00930933,0.13374653,0.071729526,0.17006141,8.839517,20.497074,-15.00259,1.2015452,-0.06830191,-0.10129176,0.71307236,0.02868667,68.79339,-494.03412,98.05388,62.040173,68.79339,-494.03412,98.05388,62.040173,1.0,-1.0,1.0,1.0,33.524375915527344,-0.4,0.4,0.4
5.5,20.49607,-15.003858,2.0017266,-0.074306734,-0.0037531124,-0.00055510877,0.9972282,0.0022686967,-0.008778225,-0.029913591,9.333063e-05,0.053770535,0.08352021,-0.0033231145,0.008394872,-0.029925076,-0.046851538,-0.054867487,-9.820296,20.49686,-15.00245,1.2017283,-0.056553975,-0.10081365,0.704876,0.02868667,-548.39404,401.96375,-884.34534,-1104.4991,-548.39404,401.96375,-884.34534,-1104.4991,-1.0,1.0,-1.0,-1.0,0.0,0.4,-0.4,-0.4
5.516666666666667,20.495977,-15.003717,2.0030632,-0.07652471,-0.0007310411,-0.002939438,0.997063,0.004747163,-0.009826272,0.11687633,-0.41770196,-0.47193098,0.3263282,-0.006308893,0.008288461,0.11692162,-0.1791467,-0.006384663,8.8108015,20.496645,-15.002317,1.2030649,-0.047811333,-0.10026723,0.5245585,0.032785084,125.81499,-51.202774,-381.39044,43.521473,125.81499,-51.202774,-381.39044,43.521473,1.0,-1.0,-1.0,1.0,33.524375915527344,-0.4,-0.4,0.4
5.533333333333333,20.495886,-15.003591,2.0029724,-0.07772464,-0.00014019904,-0.0037129412,0.99696785,0.0041524814,-0.008031149,-0.04633103,0.008129312,0.07213736,0.083481506,-0.0053607617,0.007634372,-0.046274025,0.05688789,-0.039245326,-9.791738,20.496428,-15.002192,1.2029738,-0.03879548,-0.10019893,0.54095125,0.004097968,-529.6312,720.2652,452.44922,-4391.796,-529.6312,720.2652,452.44922,-4391.796,-1.0,1.0,1.0,-1.0,0.0,0.4,0.4,-0.4
5.55,20.495794,-15.003499,2.0040383,-0.07994233,0.0023225278,-0.0007376788,0.9967964,0.0053556403,-0.0059289,0.1006785,0.4411866,-0.45512715,0.32670826,-0.005753981,0.0048888796,0.10071239,-0.023593156,-0.16472954,8.819184,20.49621,-15.00207,1.2040396,-0.029779626,-0.10231629,0.54095113,-0.12704147,161.18427,256.58792,-128.40118,101.915276,161.18427,256.58792,-128.40118,101.915276,1.0,1.0,-1.0,1.0,33.524375915527344,0.4,-0.4,0.4
5.566666666666666,20.495707,-15.003409,2.003675,-0.08113915,0.002596635,0.00030217378,0.99669933,0.0037134578,-0.006332539,-0.06264043,0.015569482,0.09431274,0.08297318,-0.005009928,0.005584411,-0.06262132,0.044643186,0.04173187,-9.800022,20.495987,-15.001951,1.2036765,-0.020080756,-0.104433656,0.5819321,-0.12704192,-523.443,-567.30286,707.4111,-2845.7253,-523.443,-567.30286,707.4111,-2845.7253,-1.0,-1.0,1.0,-1.0,0.0,-0.4,0.4,-0.4
5.583333333333333,20.495651,-15.003304,2.0044727,-0.08333313,-0.0015150539,-0.0025491128,0.9965173,0.0015967349,-0.007346437,0.08468355,-0.40577567,0.6612742,0.32554993,-0.0030144758,0.0065275105,0.08471203,0.11972711,0.056585975,8.840001,20.495762,-15.00184,1.2044742,-0.007923019,-0.10484347,0.7294642,-0.024588702,179.73633,-225.21808,101.43178,76.05954,179.73633,-225.21808,101.43178,76.05954,1.0,-1.0,1.0,1.0,33.524375915527344,-0.4,0.4,0.4
5.6,20.49559,-15.003206,2.0038385,-0.08451638,-0.00352556,-0.0034499078,0.9964099,0.00338154,-0.0056589935,-0.07897702,0.018418904,0.11206428,0.08253818,-0.0037775834,0.0055985926,-0.07896338,-0.04578645,-0.05573507,-9.820523,20.495539,-15.001729,1.20384,0.0036883021,-0.10579969,0.69667923,-0.05737334,-458.10992,546.2801,-899.0293,-918.87854,-458.10992,546.2801,-899.0293,-918.87854,-1.0,1.0,-1.0,-1.0,0.0,0.4,-0.4,-0.4
5.616666666666666,20.495493,-15.003147,2.0043595,-0.086713515,-0.0014214017,-0.00039277683,0.9962321,0.0056336923,-0.0039406037,0.06802664,0.45147383,-0.41516274,0.32578093,-0.006417811,0.0028379892,0.06801212,-0.15841365,-0.1656362,8.818529,20.495316,-15.001623,1.2043611,0.012704152,-0.10914649,0.54095095,-0.20080803,283.98206,283.96274,-421.9097,77.06796,283.98206,283.96274,-421.9097,77.06796,1.0,1.0,-1.0,1.0,33.524375915527344,0.4,-0.4,0.4
5.633333333333333,20.495394,-15.00309,2.0034513,-0.08789824,-0.0014930061,0.00070791354,0.9961281,0.0052479566,-0.0046444074,-0.09529368,0.025556652,0.13423604,0.082033955,-0.0056848344,0.0035442396,-0.09531588,0.043978587,0.042375017,-9.799679,20.495089,-15.001521,1.2034532,0.021856606,-0.11235668,0.54914725,-0.1926112,-422.97025,-557.2822,402.87543,-2924.5566,-422.97025,-557.2822,402.87543,-2924.5566,-1.0,-1.0,1.0,-1.0,0.0,-0.4,0.4,-0.4
5.65,20.495272,-15.003021,2.0036988,-0.090092026,0.0008752602,-0.0014886853,0.99593186,0.0065917717,-0.0057731117,0.051509693,-0.3924697,-0.3910901,0.3248074,-0.007417116,0.0043518385,0.05153714,-0.10393688,0.048455935,8.811181,20.494865,-15.00143,1.2037005,0.029096607,-0.11399594,0.43440005,-0.0983557,342.24185,-163.32643,-331.48517,68.161705,342.24185,-163.32643,-331.48517,68.161705,1.0,-1.0,-1.0,1.0,33.524375915527344,-0.4,-0.4,0.4
5.666666666666667,20.49516,-15.002957,2.0025177,-0.0912749,0.0007904258,-0.00210986,0.99582314,0.0055335765,-0.0043508755,-0.11168537,0.03298335,0.15271652,0.081945635,-0.0064511257,0.0037255867,-0.11165875,0.057959404,-0.037575107,-9.791753,20.494644,-15.001339,1.2025197,0.036883026,-0.11590839,0.46718514,-0.11474713,-339.414,637.3048,488.25293,-4255.6553,-339.414,637.3048,488.25293,-4255.6553,-1.0,1.0,1.0,-1.0,0.0,0.4,0.4,-0.4
5.683333333333334,20.49505,-15.002914,2.0024943,-0.09347388,0.0025275492,0.0010414788,0.9956179,0.0061119176,-0.0031803502,0.03530754,0.46603072,-0.3744101,0.32521102,-0.0064261807,0.002077103,0.03533387,0.0014967005,-0.09890902,8.819557,20.494423,-15.001253,1.2024965,0.044942647,-0.11898198,0.48357722,-0.18441527,455.716,98.54928,-163.66347,81.48542,455.716,98.54928,-163.66347,81.48542,1.0,1.0,-1.0,1.0,33.524375915527344,0.4,-0.4,0.4
5.7,20.494946,-15.002871,2.0010414,-0.09465822,0.0021007513,0.0022237273,0.99550503,0.0044834516,-0.004334705,-0.12800689,0.03980937,0.17496298,0.08146404,-0.005701566,0.0027943945,-0.12800133,0.043476872,0.043037493,-9.800112,20.4942,-15.001173,1.2010437,0.053412087,-0.121577464,0.5081664,-0.15572904,-260.031,-733.108,612.04016,-2771.4722,-260.031,-733.108,612.04016,-2771.4722,-1.0,-1.0,1.0,-1.0,0.0,-0.4,0.4,-0.4
5.716666666666667,20.494854,-15.0028,2.0007434,-0.096834846,0.0041368464,0.000120923316,0.99529177,0.004411952,-0.005734126,0.018811185,-0.3783477,-0.35016432,0.32424232,-0.005279901,0.004795755,0.018850189,0.025299907,0.12008161,8.811091,20.493986,-15.001102,1.2007457,0.062154736,-0.121577464,0.5245589,0.0,547.32916,-428.3243,-73.384026,50.63202,547.32916,-428.3243,-73.384026,50.63202,1.0,-1.0,-1.0,1.0,33.524375915527344,-0.4,-0.4,0.4
5.733333333333333,20.494778,-15.00273,1.9990174,-0.09801101,0.0037084336,-0.00042204876,0.9951783,0.0023511131,-0.0047170226,-0.14437748,0.046921544,0.19351922,0.08135717,-0.004303656,0.0041840696,-0.1443489,0.05857469,-0.03670111,-9.791945,20.493774,-15.001037,1.1990199,0.07185361,-0.12130425,0.58193225,0.016392766,-125.68971,374.5371,699.5704,-4164.1353,-125.68971,374.5371,699.5704,-4164.1353,-1.0,1.0,1.0,-1.0,0.0,0.4,0.4,-0.4
5.75,20.494741,-15.00265,1.998453,-0.100182794,-0.0012034187,-0.0031688337,0.9949632,0.00073389057,-0.0050564604,0.0029556088,-0.37495136,0.76038903,0.32391044,-0.0017324351,0.00478921,0.002983983,0.15427326,0.03630842,8.839973,20.493567,-15.000975,1.198456,0.08414797,-0.12000652,0.73766154,0.07786407,700.20953,-237.05074,86.41297,42.535973,700.20953,-237.05074,86.41297,42.535973,1.0,-1.0,1.0,1.0,33.524375915527344,-0.4,0.4,0.4
5.766666666666667,20.494696,-15.002614,2.00034,-0.101345114,-0.0041759927,-0.003908882,0.99483484,0.0019168467,-0.0031347969,0.14996205,0.054911606,0.23141558,0.08084802,-0.0036368165,0.0013906057,0.14995651,-0.11426288,-0.20391624,8.818351,20.493374,-15.000928,1.2003428,0.094666466,-0.12075784,0.6311099,-0.045079436,56.12537,547.0472,-977.5237,-737.7011,56.12537,547.0472,-977.5237,-737.7011,1.0,1.0,-1.0,-1.0,33.524375915527344,0.4,-0.4,-0.4
5.783333333333333,20.494629,-15.002601,2.0007935,-0.10351927,-0.0030177163,-0.00063678157,0.9946226,0.004195616,-0.0015333806,-0.013694221,0.48209023,-0.31562597,0.32414466,-0.0043409853,0.0006624507,-0.013718716,-0.042250127,-0.0436893,-9.820513,20.49318,-15.00088,1.2007967,0.10381894,-0.12321671,0.54914826,-0.14753221,-556.4467,326.88962,-544.40735,262.6085,-556.4467,326.88962,-544.40735,262.6085,-1.0,1.0,-1.0,1.0,0.0,0.4,-0.4,0.4
5.8,20.494541,-15.0025835,2.0024066,-0.10468569,-0.0040861988,0.0006501902,0.99449676,0.0041322936,-0.002022363,0.13365388,0.061240766,0.25368154,0.08042783,-0.005567124,0.001176089,0.13361195,-0.07356832,0.0308183,8.839839,20.492989,-15.00084,1.20241,0.11119555,-0.12485595,0.44259664,-0.09835436,27.438845,-575.80414,196.69339,-2824.0696,27.438845,-575.80414,196.69339,-2824.0696,1.0,-1.0,1.0,-1.0,33.524375915527344,-0.4,0.4,-0.4
5.816666666666666,20.494434,-15.002558,2.002586,-0.106868275,-0.0025763426,-0.0013336933,0.99426895,0.0061906246,-0.0030583376,-0.03017399,-0.36293554,-0.2912315,0.32316494,-0.0065531074,0.001769572,-0.030200535,-0.059158996,0.035608977,-9.828749,20.492802,-15.000806,1.2025898,0.11693292,-0.12547068,0.34424227,-0.036883947,-580.7292,-107.17331,-629.00354,264.36554,-580.7292,-107.17331,-629.00354,264.36554,-1.0,-1.0,-1.0,1.0,0.0,-0.4,-0.4,0.4
5.833333333333333,20.494316,-15.00255,2.0039258,-0.1080353,-0.0036299485,-0.001776693,0.9941388,0.006028534,-0.0018179097,0.11731004,0.06788544,0.27225673,0.080267265,-0.007079801,-2.5828134e-05,0.11726538,-0.03160162,-0.107724,8.847955,20.49262,-15.000776,1.2039297,0.12144086,-0.12704162,0.27047616,-0.09425639,66.02353,640.5658,174.60579,-4211.557,66.02353,640.5658,174.60579,-4211.557,1.0,1.0,1.0,-1.0,33.524375915527344,0.4,0.4,-0.4
5.85,20.494179,-15.00256,2.0038342,-0.11019999,-0.0028395257,0.0015719342,0.99390405,0.007998241,-0.0011317709,-0.046361182,0.49507403,-0.27472544,0.32361045,-0.0077740196,-0.00076371233,-0.046406824,-0.04165311,-0.04427305,-9.820332,20.492435,-15.0007515,1.2038383,0.12485595,-0.1295005,0.20490555,-0.14753221,-557.61066,160.27747,-681.66797,276.09576,-557.61066,160.27747,-681.66797,276.09576,-1.0,1.0,-1.0,1.0,0.0,0.4,-0.4,0.4
5.866666666666666,20.494036,-15.002549,2.0049028,-0.11136389,-0.00426443,0.0029192453,0.99376625,0.007836553,-0.002498815,0.10100281,0.07390995,0.29456377,0.07991541,-0.009116657,0.001192154,0.10091922,-0.08055824,0.11735197,8.839561,20.492271,-15.000735,1.204907,0.12635861,-0.1299103,0.09015977,-0.024588702,76.31519,-755.76587,8.129385,-2765.5032,76.31519,-755.76587,8.129385,-2765.5032,1.0,-1.0,1.0,-1.0,33.524375915527344,-0.4,0.4,-0.4
5.883333333333333,20.49387,-15.002523,2.004537,-0.11353882,-0.0030874081,0.0010121467,0.99352825,0.009820896,-0.00417679,-0.06282936,-0.3503816,-0.250198,0.32262665,-0.010109907,0.0017710467,-0.062897354,-0.059594993,0.034733556,-9.828994,20.492105,-15.000724,1.2045412,0.12635861,-0.12888578,0.0,0.061471757,-553.8287,-286.81454,-737.5194,267.86234,-553.8287,-286.81454,-737.5194,267.86234,-1.0,-1.0,-1.0,1.0,0.0,-0.4,-0.4,0.4
5.9,20.493671,-15.002502,2.0053263,-0.114698,0.002287256,0.0014259365,0.9933967,0.011968252,-0.00376883,0.08405028,0.08410254,-0.77820045,0.07988317,-0.012157642,0.0012246078,0.08409867,-0.12286411,-0.03278633,8.819761,20.491953,-15.000721,1.20533,0.123080105,-0.12758805,-0.19671051,0.077863626,158.16827,454.1438,-93.48767,-4174.694,158.16827,454.1438,-93.48767,-4174.694,1.0,1.0,-1.0,-1.0,33.524375915527344,0.4,-0.4,-0.4
5.916666666666667,20.493475,-15.002471,2.0046864,-0.1138357,0.0055509745,-0.00017378936,0.99348396,0.009851655,-0.004388683,-0.079352796,-0.34304485,-0.23028097,-0.16356802,-0.011466756,0.001973712,-0.07923257,0.041453145,0.044946242,-9.799874,20.491798,-15.000716,1.2046903,0.12007482,-0.12567559,-0.18031685,0.11474758,-490.91553,-309.70618,743.9746,-2143.669,-490.91553,-309.70618,743.9746,-2143.669,-1.0,-1.0,1.0,-1.0,0.0,-0.4,0.4,-0.4
5.933333333333334,20.493341,-15.0024395,2.0052087,-0.11399087,0.003969177,-0.0005263218,0.99347365,0.0068422034,-0.0034178514,0.06815043,0.08720969,0.33447883,0.07976657,-0.0068926355,0.0017696806,0.06820805,0.27444723,-0.012241874,8.846437,20.491655,-15.000724,1.2052126,0.12075784,-0.1228752,0.04098102,0.1680234,225.0595,410.17123,496.63095,444.05054,225.0595,410.17123,496.63095,444.05054,1.0,1.0,1.0,1.0,33.524375915527344,0.4,0.4,0.4
5.95,20.493216,-15.002405,2.004298,-0.116150975,0.0047993883,-0.0023770744,0.9932171,0.0062808376,-0.003545418,-0.095672846,-0.33720475,-0.21001709,0.32247466,-0.007893963,0.0023455091,-0.095590256,-0.060079634,0.034549706,-9.827898,20.491516,-15.000735,1.2043016,0.12171406,-0.119596705,0.05737334,0.19670962,-436.93753,-185.12134,-226.93134,258.74023,-436.93753,-185.12134,-226.93134,258.74023,-1.0,-1.0,-1.0,1.0,0.0,-0.4,-0.4,0.4
5.966666666666667,20.49314,-15.002388,2.0045476,-0.117306694,0.0030530416,-0.0027064476,0.99308735,0.0037501194,-0.0016059509,0.05182118,0.09327232,0.3532019,0.07955706,-0.0036738443,0.00044647563,0.051849596,0.25320712,-0.113942005,8.846391,20.491386,-15.000752,1.2045512,0.12553899,-0.11713783,0.2294956,0.14753266,274.8582,625.5292,527.8691,-3763.0505,274.8582,625.5292,527.8691,-3763.0505,1.0,1.0,1.0,-1.0,33.524375915527344,0.4,0.4,-0.4
5.983333333333333,20.493065,-15.002391,2.003366,-0.11948524,0.0031145616,0.00076770416,0.99283075,0.0035920665,-0.0008262005,-0.111839384,0.52053833,-0.193609,0.32293546,-0.0043566064,-0.00030334684,-0.11181486,-0.040965725,-0.044989347,-9.819867,20.491251,-15.000774,1.2033696,0.1299103,-0.115771785,0.26227888,0.08196249,-337.25055,37.64283,-216.69632,241.30013,-337.25055,37.64283,-216.69632,241.30013,-1.0,1.0,-1.0,1.0,0.0,0.4,-0.4,0.4
6.0,20.493032,-15.002374,2.003344,-0.12065202,0.0009806459,0.0022201892,0.9926919,0.0015919018,-0.0018646858,0.03551079,0.09870753,0.37563968,0.07928855,-0.0019421149,0.0015939934,0.035506543,0.14486948,0.1138404,8.839284,20.491138,-15.000802,1.2033478,0.13564768,-0.11256158,0.34424272,0.1926121,373.81973,-839.378,409.12634,-2405.144,373.81973,-839.378,409.12634,-2405.144,1.0,-1.0,1.0,-1.0,33.524375915527344,-0.4,0.4,-0.4
6.016666666666667,20.492985,-15.00234,2.0018883,-0.12281153,0.0014762687,0.00043458247,0.99242884,0.0019446169,-0.002873526,-0.1283063,-0.32583493,-0.16871163,0.32200095,-0.0029486776,0.0021556201,-0.12830123,-0.06039376,0.0336976,-9.828466,20.491016,-15.0008335,1.201892,0.14097525,-0.107917055,0.31965402,0.27867165,-245.11037,-491.94592,-401.271,219.29709,-245.11037,-491.94592,-401.271,219.29709,-1.0,-1.0,-1.0,1.0,0.0,-0.4,-0.4,0.4
6.033333333333333,20.492962,-15.002309,2.0015934,-0.123967536,-0.000616214,0.00014785862,0.992286,0.00063109444,-0.0020533828,0.019168233,0.10445525,0.39437747,0.07906993,-0.0011410189,0.001837703,0.019166553,0.10845952,-0.019075025,8.848067,20.49091,-15.000874,1.2015973,0.14698583,-0.1027944,0.3606346,0.30735922,517.7367,318.74475,344.9894,-3940.4775,517.7367,318.74475,344.9894,-3940.4775,1.0,1.0,1.0,-1.0,33.524375915527344,0.4,0.4,-0.4
6.05,20.492928,-15.002271,1.9998653,-0.12612739,-0.00028042577,-0.0016044191,0.9920126,0.0016217863,-0.0024059839,-0.14464836,-0.3201455,-0.14990067,0.32177886,-0.0021503274,0.0023942664,-0.14464165,-0.060558505,0.0333938,-9.828492,20.490803,-15.000915,1.1998692,0.15217678,-0.09712534,0.3114572,0.34014386,-103.39716,-278.34152,-537.7938,213.64848,-103.39716,-278.34152,-537.7938,213.64848,-1.0,-1.0,-1.0,1.0,0.0,-0.4,-0.4,0.4
6.066666666666666,20.492905,-15.002254,1.9992979,-0.12727633,-0.0025354845,-0.0018691523,0.99186224,0.0011168192,-0.0009509366,0.0028290425,0.11007745,0.41312385,0.07884335,-0.0013336077,0.00062584016,0.0028257498,0.04900318,-0.10610557,8.848043,20.49071,-15.000964,1.1993022,0.15723115,-0.0923442,0.30326214,0.28686804,655.5478,543.6474,188.78554,-3906.872,655.5478,543.6474,188.78554,-3906.872,1.0,1.0,1.0,-1.0,33.524375915527344,0.4,0.4,-0.4
6.083333333333333,20.49285,-15.002265,2.001182,-0.12942432,-0.0031497483,0.0017122935,0.9915828,0.0030890692,0.0007720045,0.1498261,0.5431312,-0.113488,0.32226315,-0.0037896696,-0.0011524218,0.14980756,-0.1473637,-0.10669571,8.818908,20.490627,-15.001018,1.2011862,0.15914361,-0.089338906,0.11474758,0.18031774,53.624756,1.1486039,-705.9082,213.46748,53.624756,1.1486039,-705.9082,213.46748,1.0,1.0,-1.0,1.0,33.524375915527344,0.4,-0.4,0.4
6.1,20.492775,-15.00228,2.0016313,-0.13056056,0.00090127945,0.0041375807,0.99143124,0.0048123305,-0.0005402409,-0.014008793,0.119182765,-0.6550194,0.07871456,-0.004798024,-0.0008422221,-0.013998796,-0.06050126,0.01861198,-9.828381,20.49055,-15.001076,1.2016354,0.15941682,-0.086265326,0.016392766,0.18441482,-578.4403,-832.26794,-166.11566,-1830.4167,-578.4403,-832.26794,-166.11566,-1830.4167,-1.0,-1.0,-1.0,-1.0,0.0,-0.4,-0.4,-0.4
6.116666666666666,20.49271,-15.002249,2.003239,-0.12969051,0.003005128,0.0027608732,0.99154615,0.0034731394,-0.002854429,0.13330968,-0.302643,-0.08729789,-0.16475311,-0.0033914293,0.0026989623,0.13331503,0.08439568,0.21247107,8.838829,20.490482,-15.00114,1.2032428,0.15955342,-0.079435125,0.008195936,0.409812,4.5823784,-631.82935,716.57477,-2098.3782,4.5823784,-631.82935,716.57477,-2098.3782,1.0,-1.0,1.0,-1.0,33.524375915527344,-0.4,0.4,-0.4
6.133333333333333,20.49266,-15.0021925,2.0034194,-0.12982138,0.0010064966,-0.0027371626,0.99153304,0.001642003,-0.004103142,-0.030033048,-0.7300518,0.4600836,0.0779292,-0.0027242498,0.003697212,-0.030007083,0.040030766,0.059894983,-9.799326,20.49042,-15.001207,1.2034234,0.16050966,-0.07055587,0.057374235,0.5327551,-630.1116,-5.234288,280.23688,575.09515,-630.1116,-5.234288,280.23688,575.09515,-1.0,-1.0,1.0,1.0,0.0,-0.4,0.4,0.4
6.15,20.49262,-15.002168,2.0047565,-0.1319649,0.0009093892,-0.0061519416,0.9912348,0.0023921276,-0.0026431647,0.116947904,-0.29657683,-0.06836338,0.3208996,-0.0025995497,0.00052682613,0.11697216,0.0074820076,-0.19022314,8.818754,20.490372,-15.001277,1.2047601,0.16105607,-0.06379398,0.032784637,0.4057136,70.4622,755.8862,-500.16367,124.0906,70.4622,755.8862,-500.16367,124.0906,1.0,1.0,-1.0,1.0,33.524375915527344,0.4,-0.4,0.4
6.166666666666667,20.492584,-15.002168,2.0046659,-0.13309194,-0.0019177666,-0.006347798,0.9910814,0.0017888467,0.00015508753,-0.04621655,0.12753479,0.47427616,0.07794675,-0.0015869503,-1.6346601e-05,-0.04622418,0.060755964,-0.03259036,-9.7917795,20.490318,-15.001349,1.2046697,0.1622855,-0.058603037,0.073766105,0.31145653,-607.1558,819.4914,174.46533,-2846.0503,-607.1558,819.4914,174.46533,-2846.0503,-1.0,1.0,1.0,-1.0,0.0,0.4,0.4,-0.4
6.183333333333334,20.492535,-15.002226,2.0057325,-0.13522883,-0.003088269,-0.0026939574,0.99080586,0.0037663963,0.0031304061,0.1007778,0.560674,-0.052139014,0.3214066,-0.0033329716,-0.0046472577,0.100734524,-0.10476127,-0.27785465,8.817522,20.49028,-15.001423,1.2057362,0.16146588,-0.0575102,-0.049177404,0.06557017,113.45944,406.1357,-781.9759,226.64162,113.45944,406.1357,-781.9759,226.64162,1.0,1.0,-1.0,1.0,33.524375915527344,0.4,-0.4,0.4
6.2,20.492472,-15.002301,2.005364,-0.13637516,0.00041522025,-0.00017196604,0.9906571,0.005308136,0.0030379654,-0.06307275,0.13639379,-0.59331346,0.0779065,-0.004344675,-0.0043448894,-0.063069984,-0.060702216,0.018142097,-9.82827,20.490252,-15.0015,1.2053677,0.15900701,-0.0573736,-0.14753221,0.008196159,-529.3135,-395.24924,-225.33853,-1545.0625,-529.3135,-395.24924,-225.33853,-1545.0625,-1.0,-1.0,-1.0,-1.0,0.0,-0.4,-0.4,-0.4
6.216666666666667,20.492413,-15.002363,2.0061545,-0.13550848,0.0020033598,-0.0014664292,0.990773,0.0041421643,0.002387247,0.08425578,-0.28568655,-0.025766328,-0.16558386,-0.0029810497,-0.003610913,0.0842613,0.08181753,0.044038586,8.839876,20.490227,-15.001578,1.2061582,0.15654814,-0.056212462,-0.14753221,0.06966814,136.99648,-163.82281,636.2799,-1798.4894,136.99648,-163.82281,636.2799,-1798.4894,1.0,-1.0,1.0,-1.0,33.524375915527344,-0.4,0.4,-0.4
6.233333333333333,20.49238,-15.00243,2.005519,-0.13564199,-0.0011872018,-0.0016251169,0.9907558,0.0031659114,0.0034713782,-0.078910194,0.13918072,0.5177751,0.07767927,-0.0019655242,-0.003915013,-0.07892846,0.06093153,-0.018245991,-9.791386,20.490211,-15.001661,1.2055224,0.15531869,-0.055051334,-0.073767,0.06966769,-524.2266,578.5078,167.12079,590.27496,-524.2266,578.5078,167.12079,590.27496,-1.0,1.0,1.0,1.0,0.0,0.4,0.4,0.4
6.25,20.492329,-15.002517,2.0060408,-0.13778108,-0.0027304725,0.0020714002,0.9904567,0.004722637,0.0045664883,0.06806087,0.5723519,-0.008469701,0.32117778,-0.0037039495,-0.0054540257,0.06805859,-0.10430551,-0.09234077,8.819222,20.490206,-15.001747,1.2060442,0.15204018,-0.055119637,-0.19671051,-0.0040981914,215.96608,62.416138,-777.49164,233.12611,215.96608,62.416138,-777.49164,233.12611,1.0,1.0,-1.0,1.0,33.524375915527344,0.4,-0.4,0.4
6.266666666666667,20.492252,-15.0026045,2.0051274,-0.1389087,0.0003967971,0.004646448,0.9902942,0.0057548787,0.0027914462,-0.095792025,0.14782742,-0.54937214,0.07771238,-0.004716421,-0.0051589725,-0.095750526,-0.060748287,0.017703194,-9.828547,20.490198,-15.001834,1.2051306,0.14712244,-0.05518794,-0.29506442,-0.0040981914,-444.28384,-835.3964,-326.80054,-1568.12,-444.28384,-835.3964,-326.80054,-1568.12,-1.0,-1.0,-1.0,-1.0,0.0,-0.4,-0.4,-0.4
6.283333333333333,20.492178,-15.002646,2.005373,-0.1380361,0.0016092291,0.0033981495,0.99042004,0.004288836,0.00054085976,0.051542535,-0.2744754,0.018044598,-0.16577797,-0.0038615386,-0.0013230337,0.05156217,0.05129294,0.23015632,8.838761,20.4902,-15.001927,1.2053758,0.14165828,-0.051499635,-0.32784995,0.22129832,270.79947,-644.1212,539.0064,-1816.7593,270.79947,-644.1212,539.0064,-1816.7593,1.0,-1.0,1.0,-1.0,33.524375915527344,-0.4,0.4,-0.4
6.3,20.492107,-15.002677,2.004187,-0.13816483,0.004787419,0.004234327,0.99038863,0.003725105,-2.7350616e-06,-0.11214669,0.15396348,-0.5281648,0.07770799,-0.004515709,-0.002105645,-0.11209786,-0.039250214,-0.04695667,-9.819602,20.490213,-15.002017,1.2041893,0.13564768,-0.047264915,-0.3606355,0.2540832,-374.7905,19.815306,-18.269945,596.39075,-374.7905,19.815306,-18.269945,596.39075,-1.0,1.0,-1.0,1.0,0.0,0.4,-0.4,0.4
6.316666666666666,20.492077,-15.002665,2.00416,-0.13728757,0.005817416,0.003014486,0.99050957,0.0007223862,-0.0018556197,0.035196073,-0.26846388,0.039196007,-0.16577323,-0.0008233609,0.0018555969,0.035193857,0.22154087,0.23767449,8.8375025,20.49023,-15.002113,1.2041626,0.13223258,-0.039478496,-0.20490645,0.46718514,361.78735,-725.8722,808.089,-1598.46,361.78735,-725.8722,808.089,-1598.46,1.0,-1.0,1.0,-1.0,33.524375915527344,-0.4,0.4,-0.4
6.333333333333333,20.49207,-15.002622,2.0027049,-0.13740031,0.0027817206,-0.0023628352,0.99050885,-0.0012366332,-0.002104948,-0.1281386,-0.69617224,0.58600795,0.07681684,-0.00017232867,0.0028639073,-0.12812974,0.039061934,0.060498618,-9.799416,20.490252,-15.00221,1.2027069,0.13018352,-0.029506417,-0.12294351,0.59832466,-284.87982,-145.7807,343.43927,561.0134,-284.87982,-145.7807,343.43927,561.0134,-1.0,-1.0,1.0,1.0,0.0,-0.4,0.4,0.4
6.35,20.492083,-15.0026045,2.0024066,-0.13952388,0.0016303365,-0.005645868,0.9902012,-0.0008805507,-3.5990728e-05,0.018852124,-0.26255614,0.05809538,0.31971937,0.0009268882,7.5700744e-05,0.018849786,0.06595301,-0.16729239,8.818771,20.490286,-15.002305,1.2024089,0.12868087,-0.021446794,-0.09015887,0.48357734,532.4785,714.9614,-543.8083,146.60484,532.4785,714.9614,-543.8083,146.60484,1.0,1.0,-1.0,1.0,33.524375915527344,0.4,-0.4,0.4
6.366666666666666,20.492105,-15.002608,2.0006804,-0.14063476,-0.0022727237,-0.0057327114,0.9900423,-0.00086096535,0.0025209826,-0.1443324,0.16115248,0.6000496,0.07673,0.0019457762,-0.000450749,-0.14434315,0.061133277,-0.031586982,-9.791576,20.490314,-15.002399,1.2006829,0.12827106,-0.014958114,-0.024588702,0.38932076,-169.15012,781.4351,92.48046,-2575.626,-169.15012,781.4351,92.48046,-2575.626,-1.0,1.0,1.0,-1.0,0.0,0.4,0.4,-0.4
6.383333333333333,20.492111,-15.002672,2.0001113,-0.14275132,-0.004549802,-0.0019559467,0.9897462,0.0015229326,0.0044921543,0.0026441466,0.59443796,0.074128896,0.32026294,-0.00021368724,-0.004753026,0.002617893,-0.1295678,-0.25813663,8.817662,20.490356,-15.002498,1.2001133,0.12567559,-0.012499247,-0.15572815,0.14753205,636.5257,342.18408,-897.3348,211.23016,636.5257,342.18408,-897.3348,211.23016,1.0,1.0,-1.0,1.0,33.524375915527344,0.4,-0.4,0.4
6.4,20.492065,-15.002763,2.00199,-0.14387923,-0.0022804223,0.0007347996,0.9895923,0.004654752,0.0045511182,0.1494662,0.17517582,-0.44602954,0.07687451,-0.0038722092,-0.005568918,0.14945407,-0.2195113,-0.048953496,8.81017,20.490414,-15.002596,1.2019919,0.118298955,-0.011952831,-0.442598,0.032784916,13.124675,-481.56424,-512.332,-1353.6411,13.124675,-481.56424,-512.332,-1353.6411,1.0,-1.0,-1.0,-1.0,33.524375915527344,-0.4,-0.4,-0.4
6.416666666666667,20.492006,-15.002844,2.002439,-0.14300853,-0.0018104805,-0.00042821292,0.9897197,0.0045022964,0.0036751037,-0.013852094,-0.25325906,0.100823484,-0.16661961,-0.0032298225,-0.004780355,-0.0138698965,0.038543202,0.047313772,-9.7994375,20.490469,-15.00269,1.2024409,0.11010272,-0.010996604,-0.49177405,0.05737362,-656.86285,-144.66974,240.34224,-855.4924,-656.86285,-144.66974,240.34224,-855.4924,-1.0,-1.0,1.0,-1.0,0.0,-0.4,0.4,-0.4
6.433333333333334,20.491936,-15.002943,2.0040455,-0.14314029,0.0005229604,0.00052116695,0.98970205,0.006425964,0.0045147785,0.13310443,0.18136573,-0.42494425,0.07684707,-0.0047655273,-0.0059932135,0.13311587,-0.092142284,-0.07277151,8.819146,20.49054,-15.002794,1.2040466,0.099994026,-0.010655095,-0.6065216,0.020490566,43.441135,502.3639,-389.446,611.9947,43.441135,502.3639,-389.446,611.9947,1.0,1.0,-1.0,1.0,33.524375915527344,0.4,-0.4,0.4
6.45,20.491861,-15.003034,2.0042224,-0.14226636,0.0008113092,-0.00061439443,0.9898279,0.0053771813,0.0038776947,-0.03021373,-0.24719015,0.12178522,-0.1666458,-0.004121214,-0.0052053784,-0.030211583,0.038658787,0.047270104,-9.799646,20.490604,-15.0028925,1.2042236,0.09002193,-0.01010868,-0.59832567,0.03278486,-666.95575,-151.17766,383.71414,-657.92395,-666.95575,-151.17766,383.71414,-657.92395,-1.0,-1.0,1.0,-1.0,0.0,-0.4,0.4,-0.4
6.466666666666667,20.491798,-15.003132,2.005556,-0.14239986,0.002964105,0.00035884386,0.9898046,0.0062919264,0.0049013817,0.11674236,0.1875698,-0.40386546,0.07681465,-0.0039818673,-0.006294779,0.11677719,0.008360809,-0.06536403,8.819326,20.490683,-15.00299,1.2055573,0.07991324,-0.010176982,-0.6065212,-0.0040980796,51.84007,522.1173,-229.56094,612.60205,51.84007,522.1173,-229.56094,612.60205,1.0,1.0,-1.0,1.0,33.524375915527344,0.4,-0.4,0.4
6.483333333333333,20.491734,-15.003226,2.005461,-0.14152324,0.0030713326,-0.00074923807,0.98992985,0.0044721514,0.0044620093,-0.046569858,-0.24110374,0.14273675,-0.16667306,-0.0033357646,-0.005507771,-0.04655318,0.03876616,0.047220483,-9.799822,20.490751,-15.003088,1.2054619,0.07035097,-0.009903775,-0.57373655,0.01639243,-660.51074,-179.02324,561.33185,-508.53745,-660.51074,-179.02324,561.33185,-508.53745,-1.0,-1.0,1.0,-1.0,0.0,-0.4,0.4,-0.4
6.5,20.491692,-15.003327,2.0065224,-0.14165832,0.005043912,0.00024838746,0.9899027,0.0045140316,0.005628923,0.10039665,0.19378725,-0.3827919,0.076779544,-0.0017584639,-0.0064761476,0.10043165,0.094638035,-0.058102597,8.819089,20.490828,-15.003186,1.2065231,0.061881527,-0.01010868,-0.5081664,-0.012294351,75.4045,520.5468,-45.322617,601.5792,75.4045,520.5468,-45.322617,601.5792,1.0,1.0,-1.0,1.0,33.524375915527344,0.4,-0.4,0.4
6.516666666666667,20.49168,-15.003427,2.0061545,-0.14077918,0.0049705748,-0.0008323535,0.99002814,0.0020484393,0.005346643,-0.06290777,-0.23500034,0.16367778,-0.16669998,-0.0011106889,-0.0056900904,-0.062901184,0.038866498,0.04716343,-9.79997,20.49092,-15.003286,1.2061551,0.054504916,-0.010040378,-0.44259664,0.0040981355,-636.59827,-228.5231,749.4468,-392.92786,-636.59827,-228.5231,749.4468,-392.92786,-1.0,-1.0,1.0,-1.0,0.0,-0.4,0.4,-0.4
6.533333333333333,20.49171,-15.003529,2.0069492,-0.14090519,3.6360747e-05,-0.00078893633,0.9900227,-0.00078995153,0.0066065183,0.084570155,0.19623925,0.72608453,0.076536715,0.0026266857,-0.0062550236,0.084559776,0.22424246,-0.033895995,8.847657,20.491005,-15.003389,1.2069494,0.05054341,-0.009972076,-0.23769042,0.0040981355,113.968155,482.8194,159.07382,581.38983,113.968155,482.8194,159.07382,581.38983,1.0,1.0,1.0,1.0,33.524375915527344,0.4,0.4,0.4
6.55,20.491743,-15.003633,2.006312,-0.14303753,-0.0027965088,0.00030097095,0.9897132,0.0005196554,0.006475749,-0.07919257,0.17074254,0.18213654,0.3197223,0.0017802882,-0.006341722,-0.079185106,-0.050783847,-0.0052018925,-9.824693,20.49109,-15.0034895,1.2063121,0.0467185,-0.010245284,-0.22949448,-0.016392486,-500.65808,-0.061816067,-814.75,389.89877,-500.65808,-0.061816067,-814.75,389.89877,-1.0,-0.061816067,-1.0,1.0,0.0,-0.024726426,-0.4,0.4
6.566666666666666,20.491737,-15.003736,2.0068274,-0.14417078,-0.0009030671,-0.0006355396,0.98955214,0.002502908,0.0055519287,0.06766763,-0.24903849,-0.3390666,0.076334015,-0.00092326384,-0.0061380113,0.067656994,-0.16221312,0.01222263,8.810525,20.491179,-15.003591,1.2068279,0.040024914,-0.010381888,-0.40161517,-0.008196215,170.91353,-57.525875,-503.81335,-1886.1309,170.91353,-57.525875,-503.81335,-1886.1309,1.0,-1.0,-1.0,-1.0,33.524375915527344,-0.4,-0.4,-0.4
6.583333333333333,20.491734,-15.003846,2.0059152,-0.14329791,-0.0015418676,-0.0001422887,0.9896784,0.0020857335,0.0063959677,-0.09552536,0.17583345,0.20290765,-0.1665049,0.000101714046,-0.006655771,-0.09553032,0.06149867,-0.031065566,-9.791239,20.49127,-15.003694,1.2059153,0.033194724,-0.010928303,-0.40981135,-0.032784916,-524.482,618.9903,300.68826,-1236.7887,-524.482,618.9903,300.68826,-1236.7887,-1.0,1.0,1.0,-1.0,0.0,0.4,0.4,-0.4
6.6,20.491716,-15.003955,2.0061588,-0.14342923,0.00017768776,-0.001056431,0.98965997,0.0035290213,0.005510826,0.0513286,-0.24286668,-0.31890953,0.0763981,-0.0017857366,-0.0063906545,0.05131685,-0.11324704,0.01590698,8.81083,20.491367,-15.003798,1.2061588,0.024998493,-0.0112698125,-0.4917738,-0.020490566,287.34705,-55.178337,-405.69235,566.97546,287.34705,-55.178337,-405.69235,566.97546,1.0,-1.0,-1.0,1.0,33.524375915527344,-0.4,-0.4,0.4
6.616666666666666,20.491701,-15.004067,2.004974,-0.14255714,-0.0006332429,-0.0005344255,0.98978615,0.002837807,0.0065127434,-0.111863,0.182056,0.22289541,-0.16646312,-0.0007613655,-0.006910324,-0.111872554,0.061462265,-0.031180175,-9.791364,20.491463,-15.0039,1.204974,0.017075473,-0.012021133,-0.47538117,-0.045079213,-440.2486,657.7566,332.55505,-1124.2434,-440.2486,657.7566,332.55505,-1124.2434,-1.0,1.0,1.0,-1.0,0.0,0.4,0.4,-0.4
6.633333333333333,20.491673,-15.004181,2.0049448,-0.1426881,0.0009122268,-0.0014226023,0.9897662,0.003941884,0.005845298,0.03498971,-0.23668337,-0.29875505,0.07642728,-0.002052953,-0.0068101,0.03497705,-0.07749525,0.0060134563,8.810976,20.491558,-15.004003,1.204945,0.008196227,-0.012772454,-0.5327547,-0.04507927,385.12747,-15.860315,-372.58508,564.4736,385.12747,-15.860315,-372.58508,564.4736,1.0,-1.0,-1.0,1.0,33.524375915527344,-0.4,-0.4,0.4
6.6499999999999995,20.491655,-15.004302,2.0034878,-0.14181574,-7.047575e-05,-0.0008718969,0.98989266,0.0030961863,0.0069664996,-0.12820081,0.18829584,0.24288607,-0.1664461,-0.0010295154,-0.0073317136,-0.1282137,0.06140625,-0.031296823,-9.791445,20.491657,-15.0041065,1.203488,-0.00013660379,-0.014001888,-0.4999698,-0.07376605,-329.39426,695.76636,362.10397,-1034.7987,-329.39426,695.76636,362.10397,-1034.7987,-1.0,1.0,1.0,-1.0,0.0,0.4,0.4,-0.4
6.666666666666667,20.491627,-15.004438,2.0031884,-0.14194691,0.00057101407,0.0035531176,0.9898677,0.00399232,0.007459048,0.018718613,0.6235994,-0.28278297,0.07704868,-0.0017330045,-0.008145467,0.018777927,-0.042209342,-0.048825227,8.819497,20.491749,-15.004212,1.2031887,-0.008742643,-0.016187549,-0.5163623,-0.13113962,499.2564,25.971014,-347.5531,560.78625,499.2564,25.971014,-347.5531,560.78625,1.0,1.0,-1.0,1.0,33.524375915527344,0.4,-0.4,0.4
6.683333333333334,20.491602,-15.004566,2.0014596,-0.14108188,-0.0008359741,0.0058900313,0.98998,0.0031000616,0.005040428,-0.14461966,0.19411737,0.2631815,-0.1664859,-0.0010889982,-0.007357866,-0.14454943,0.038640376,0.04725608,-9.799641,20.49184,-15.004319,1.2014598,-0.017075473,-0.017690191,-0.4999698,-0.09015854,-171.06505,-935.02356,247.3111,-14.254861,-171.06505,-935.02356,247.3111,-14.254861,-1.0,-1.0,1.0,-1.0,0.0,-0.4,0.4,-0.4
6.7,20.491556,-15.004635,2.000886,-0.1412061,0.00036042384,0.0050511416,0.98996717,0.0039052756,0.002163852,0.0022399663,-0.22474329,-0.25815183,0.07641844,-0.0031461613,-0.003146641,0.0022696296,-0.123429775,0.25267348,8.809143,20.491932,-15.004425,1.2008862,-0.026910948,-0.015026417,-0.5901284,0.15982646,604.4853,-634.8201,-433.0795,563.34784,604.4853,-634.8201,-433.0795,563.34784,1.0,-1.0,-1.0,1.0,33.524375915527344,-0.4,-0.4,0.4
6.716666666666667,20.491514,-15.004678,1.9988823,-0.140332,-0.00024525708,0.00036561204,0.9901043,0.0031185583,0.0014460026,-0.16105221,-0.6539527,0.28735197,-0.16696668,-0.0024991634,-0.002361171,-0.1610522,0.038819876,0.047128197,-9.799309,20.492027,-15.004532,1.1988825,-0.03674642,-0.01045019,-0.5901283,0.2745736,-57.571087,-56.85787,197.39713,-1170.3246,-57.571087,-56.85787,197.39713,-1170.3246,-1.0,-1.0,1.0,-1.0,0.0,-0.4,0.4,-0.4
6.733333333333333,20.491463,-15.004728,1.9980356,-0.14046116,0.0010073183,-0.0022083009,0.9900832,0.003993268,0.0025534336,-0.014059293,-0.2180568,-0.23670998,0.07628364,-0.0031622644,-0.0035058444,-0.014065527,-0.039786056,-0.068680406,8.8192,20.492119,-15.004639,1.1980357,-0.04699171,-0.006420378,-0.61471736,0.2417887,810.76,697.38354,-484.02435,587.1275,810.76,697.38354,-484.02435,587.1275,1.0,1.0,-1.0,1.0,33.524375915527344,0.4,-0.4,0.4
6.75,20.491432,-15.004811,1.9996444,-0.13958524,-0.00063522585,-0.001555783,0.9902086,0.00251432,0.004420843,0.13341843,0.2128377,0.32490462,-0.16656044,-0.001304141,-0.0053783315,0.13340057,0.111487396,-0.11234922,8.847966,20.492205,-15.004747,1.1996446,-0.055324543,-0.0045762267,-0.49997,0.11064908,131.807,699.62915,244.97731,-892.86804,131.807,699.62915,244.97731,-892.86804,1.0,1.0,1.0,-1.0,33.524375915527344,0.4,0.4,-0.4
6.766666666666667,20.491402,-15.0049095,1.9998219,-0.13971291,-0.00055988727,0.002959065,0.99018747,0.003589134,0.005198087,-0.030300897,0.6428041,-0.22085479,0.07698656,-0.0019521526,-0.0061609587,-0.030270085,-0.03888069,-0.046957627,-9.820239,20.492289,-15.004854,1.1998227,-0.063520774,-0.0039615096,-0.4917738,0.036883026,-436.7501,63.373928,-470.60504,697.0311,-436.7501,63.373928,-470.60504,697.0311,-1.0,1.0,-1.0,1.0,0.0,0.4,-0.4,0.4
6.783333333333333,20.491367,-15.0049715,2.0011592,-0.13884601,-0.002623109,0.0054006516,0.9902957,0.0024336802,0.0036243717,0.1170334,0.2187214,0.3451373,-0.16650142,-0.0021267654,-0.0029871454,0.117057376,-0.010476771,0.19042878,8.839646,20.492369,-15.004959,1.2011597,-0.07171701,-0.00088792463,-0.49177405,0.18441509,173.02957,-938.9891,67.79624,-7.941125,173.02957,-938.9891,67.79624,-7.941125,1.0,-1.0,1.0,-1.0,33.524375915527344,-0.4,0.4,-0.4
6.8,20.491314,-15.005013,2.0010622,-0.1389755,-0.0020038455,0.004649342,0.99028283,0.0038262252,0.001045625,-0.046768237,-0.20592941,-0.1962907,0.07646296,-0.003144556,-0.0024630385,-0.046765868,-0.06106743,0.031446412,-9.829394,20.492445,-15.005067,1.201063,-0.08100607,0.003824906,-0.5573438,0.28276983,-448.1202,-559.0138,-574.4008,692.6973,-448.1202,-559.0138,-574.4008,692.6973,-1.0,-1.0,-1.0,1.0,0.0,-0.4,-0.4,0.4
6.816666666666666,20.491234,-15.005022,2.002118,-0.13808538,0.00343424,0.0010305154,0.99041384,0.0055068675,-0.0015397028,0.10004681,-0.62578875,-0.71632236,-0.1665551,-0.005065779,0.00027387583,0.10008159,-0.115273386,0.16421486,8.810847,20.49252,-15.005179,1.2021192,-0.09207099,0.0112698125,-0.66389495,0.44669437,186.03424,-15.28681,-112.656525,-1104.7769,186.03424,-15.28681,-112.656525,-1104.7769,1.0,-1.0,-1.0,-1.0,33.524375915527344,-0.4,-0.4,-0.4
6.833333333333333,20.49116,-15.005024,2.0017462,-0.13519928,0.0063379933,-0.0011448333,0.99079746,0.0031869574,-0.0005900983,-0.063154705,-0.20241256,-0.17333454,-0.40892574,-0.00404101,-0.0002503017,-0.06310808,0.061486147,-0.03145065,-9.79138,20.49259,-15.005288,1.2017475,-0.10245289,0.018919624,-0.62291396,0.4589887,-489.67612,731.5061,655.5484,-100.02289,-489.67612,731.5061,655.5484,-100.02289,-1.0,1.0,1.0,-1.0,0.0,0.4,0.4,-0.4
6.85,20.491158,-15.005035,2.0025373,-0.13333464,0.004155955,-0.00041357413,0.9910622,-0.0001386858,0.0008578646,0.084337294,0.22877368,0.3884392,-0.16546907,0.0010645086,-0.0007663766,0.08433157,0.3063311,-0.030964496,8.846379,20.492655,-15.005396,1.202539,-0.10723403,0.025818117,-0.28686848,0.41390952,274.83475,374.977,478.2211,867.67694,274.83475,374.977,478.2211,867.67694,1.0,1.0,1.0,1.0,33.524375915527344,0.4,0.4,0.4
6.866666666666666,20.491158,-15.005043,2.0018952,-0.13347062,0.004400077,-0.001135258,0.99104226,-0.0006555102,0.0005039112,-0.07946887,-0.19603461,-0.15267794,0.07752266,4.8277892e-05,-0.00022705636,-0.07947283,-0.060973838,0.032359216,-9.828264,20.492712,-15.005505,1.2018968,-0.111332156,0.033058118,-0.24588747,0.43440005,-360.5759,-294.24142,-178.6498,649.71967,-360.5759,-294.24142,-178.6498,649.71967,-1.0,-1.0,-1.0,1.0,0.0,-0.4,-0.4,0.4
6.883333333333333,20.49121,-15.005056,2.0024137,-0.13260832,0.002046523,-0.0003777707,0.9911663,-0.003171307,0.0020377834,0.067998774,0.23516831,0.40834183,-0.16532551,0.0038780991,-0.00114647,0.067983,0.22978926,-0.055164814,8.84735,20.49277,-15.005606,1.2024156,-0.11160537,0.039341893,-0.016392766,0.37702647,303.82175,392.45447,505.23868,-691.35565,303.82175,392.45447,505.23868,-691.35565,1.0,1.0,1.0,-1.0,33.524375915527344,0.4,0.4,-0.4
6.8999999999999995,20.491257,-15.005068,2.0014992,-0.13274732,0.002118198,-0.0010692115,0.99114704,-0.0029791922,0.0015944778,-0.095810644,-0.18970063,-0.13267025,0.077676356,0.002864242,-0.00060511933,-0.0958255,-0.06083142,0.032481037,-9.828509,20.492813,-15.005708,1.201501,-0.11146876,0.045830574,0.008196383,0.38932082,-286.2449,-295.74774,-274.40054,638.95447,-286.2449,-295.74774,-274.40054,638.95447,-1.0,-1.0,-1.0,1.0,0.0,-0.4,-0.4,0.4
6.916666666666667,20.491335,-15.005091,2.0017452,-0.13188346,-0.00040709833,-0.00028113494,0.99126506,-0.004613461,0.0029594009,0.051641155,0.24157302,0.42821163,-0.16517286,0.005188899,-0.0016845332,0.051643863,0.13947941,-0.06476483,8.848162,20.492857,-15.005806,1.2017471,-0.109009884,0.051226426,0.14753266,0.3237511,401.32367,394.96707,378.42395,-782.5044,401.32367,394.96707,378.42395,-782.5044,1.0,1.0,1.0,-1.0,33.524375915527344,0.4,0.4,-0.4
6.933333333333334,20.49141,-15.005114,2.0005584,-0.13202557,-0.00050727656,-0.0009416932,0.99124575,-0.0035926271,0.0023893174,-0.112169996,-0.1833587,-0.112698644,0.07783925,0.0041776756,-0.0011412543,-0.11216938,-0.06067341,0.03259673,-9.828794,20.492899,-15.005907,1.2005603,-0.10668761,0.05682718,0.13933627,0.33604524,-196.39885,-272.2185,-433.6525,636.75024,-196.39885,-272.2185,-433.6525,636.75024,-1.0,-1.0,-1.0,1.0,0.0,-0.4,-0.4,0.4
6.95,20.49149,-15.005149,2.0005324,-0.13116023,-0.0032027657,-0.00012336356,0.991356,-0.0042147865,0.003547535,0.035278894,0.24798599,0.44804043,-0.16500854,0.0047693504,-0.0023676828,0.035307184,0.03550049,-0.073585704,8.848593,20.492935,-15.006002,1.2005343,-0.103545725,0.061130207,0.18851323,0.2581816,516.57104,418.03836,168.37787,-862.00305,516.57104,418.03836,168.37787,-862.00305,1.0,1.0,1.0,-1.0,33.524375915527344,0.4,0.4,-0.4
6.966666666666667,20.491556,-15.005184,1.9990731,-0.13130528,-0.0034752435,-0.0007523516,0.9913356,-0.0022458835,0.0028133357,-0.12852898,-0.17701003,-0.09277168,0.078012794,0.0037610163,-0.0018226297,-0.12851143,-0.060500044,0.03270318,-9.829116,20.492966,-15.006098,1.1990752,-0.10095025,0.06543323,0.1557286,0.25818115,-96.541115,-204.90361,-615.6227,641.3065,-96.541115,-204.90361,-615.6227,641.3065,-1.0,-1.0,-1.0,1.0,0.0,-0.4,-0.4,0.4
6.983333333333333,20.491587,-15.005236,1.9987684,-0.13044484,0.00037053725,0.001010721,0.99145496,-0.00047726976,0.003733744,0.018460805,0.25821185,-0.61611235,-0.16466546,0.001435498,-0.0034444374,0.018467408,-0.13953109,-0.09730846,8.81873,20.492989,-15.006186,1.1987704,-0.10040384,0.068028696,0.032784637,0.15572815,648.98083,462.9869,-128.90948,-930.2848,648.98083,462.9869,-128.90948,-930.2848,1.0,1.0,-1.0,-1.0,33.524375915527344,0.4,-0.4,-0.4
7.0,20.491621,-15.005282,1.9970348,-0.13058397,0.0021609024,0.0007001601,0.9914346,-0.002038791,0.0027801218,-0.14485061,-0.1723789,-0.07214251,0.07791837,0.002094943,-0.002440253,-0.14485593,0.039566703,0.060251057,-9.7994,20.493013,-15.006275,1.1970366,-0.09972081,0.07110229,0.040981468,0.18441571,-30.118494,-398.7158,754.2111,342.7348,-30.118494,-398.7158,754.2111,342.7348,-1.0,-1.0,1.0,1.0,0.0,-0.4,0.4,0.4
7.016666666666667,20.491684,-15.005325,1.9964641,-0.1297265,-0.0008811561,0.0015723663,0.9915481,-0.003452321,0.003398125,0.0026019271,0.2591142,0.48837978,-0.16492589,0.0042047035,-0.0023880627,0.0026179072,0.12658562,0.003131423,8.84843,20.49303,-15.006359,1.1964661,-0.09644232,0.07403927,0.19670962,0.17621888,766.737,219.96182,309.48447,-715.40393,766.737,219.96182,309.48447,-715.40393,1.0,1.0,1.0,-1.0,33.524375915527344,0.4,0.4,-0.4
7.033333333333333,20.49173,-15.005344,1.9983433,-0.12987223,-0.0016333221,0.0010095009,0.9915288,-0.0023675803,0.0018437866,0.14944781,-0.16038348,-0.031614386,0.07811587,0.0022393074,-0.0009360443,0.14945823,-0.11792376,0.08712109,8.810419,20.493036,-15.006433,1.1983451,-0.09357363,0.077932484,0.17212136,0.23359267,148.40334,-413.37463,-517.8852,621.98474,148.40334,-413.37463,-517.8852,621.98474,1.0,-1.0,-1.0,1.0,33.524375915527344,-0.4,-0.4,0.4
7.05,20.491764,-15.005375,1.998788,-0.12900762,0.0018211232,0.002821709,0.9916379,-0.0010898563,0.0022040156,-0.014220852,0.26926672,-0.5752721,-0.16457582,0.0015765,-0.0019380462,-0.014213963,-0.03976844,-0.060120106,-9.820332,20.493046,-15.006508,1.1987901,-0.091797784,0.08114267,0.106550746,0.1926112,-570.3652,217.68481,-23.478361,-80.83869,-570.3652,217.68481,-23.478361,-80.83869,-1.0,1.0,-1.0,-1.0,0.0,0.4,-0.4,-0.4
7.066666666666666,20.491816,-15.005369,2.000393,-0.12914526,0.0031314853,0.0025745863,0.9916173,-0.0028638272,0.00034359435,0.13313094,-0.15575732,-0.010993496,0.07802113,0.0035945273,0.0011887733,0.13310835,0.12108163,0.18760917,8.839338,20.493048,-15.006576,1.2003949,-0.08824608,0.086401924,0.21310239,0.31555516,103.43726,-644.18787,811.04346,325.29755,103.43726,-644.18787,811.04346,325.29755,1.0,-1.0,1.0,1.0,33.524375915527344,-0.4,0.4,0.4
7.083333333333333,20.491884,-15.00534,2.0005698,-0.13128632,0.00037803513,-0.0018100827,0.99134266,-0.0046811774,-0.0008984648,-0.030210173,-0.5858213,0.53172463,0.32056707,0.004248938,0.0021914232,-0.030207936,0.039264645,0.06015899,-9.798976,20.493046,-15.006644,1.2005718,-0.08319173,0.09343703,0.3032608,0.42210636,-589.06726,-118.588455,346.13272,36.748558,-589.06726,-118.588455,346.13272,36.748558,-1.0,-1.0,1.0,1.0,0.0,-0.4,0.4,0.4
7.1,20.49195,-15.005335,2.0019038,-0.13242343,-0.00047455818,-0.0041137957,0.99118453,-0.003778305,0.00058941497,0.11676654,-0.15205923,0.0064258203,0.07735134,0.0038178945,-0.0005438011,0.11676548,-0.025862612,-0.16411345,8.818404,20.493032,-15.006705,1.2019058,-0.07759098,0.098149866,0.336045,0.28277007,145.4157,696.0713,-562.75275,-1870.9927,145.4157,696.0713,-562.75275,-1870.9927,1.0,1.0,-1.0,-1.0,33.524375915527344,0.4,-0.4,-0.4
7.116666666666666,20.492025,-15.005344,2.0018098,-0.13455184,-0.0040635625,-0.0031825264,0.9908931,-0.004008251,0.0023520319,-0.046442725,0.27398685,0.5459665,0.32052082,0.004824456,-0.00085440825,-0.0464168,0.060393676,-0.018636428,-9.7909355,20.493023,-15.006758,1.2018119,-0.071443796,0.10122346,0.36883098,0.18441571,-535.1361,634.2936,81.0831,69.65654,-535.1361,634.2936,81.0831,69.65654,-1.0,1.0,1.0,1.0,0.0,0.4,0.4,0.4
7.133333333333333,20.492065,-15.005397,2.002873,-0.13566764,-0.0060184468,0.0015932466,0.99073476,-0.0014431425,0.004450552,0.10051497,0.7072956,0.024425954,0.07799704,0.0013441015,-0.0037455447,0.100545086,-0.20882125,-0.17346817,8.817713,20.493011,-15.006809,1.2028749,-0.06775549,0.101155154,0.22129832,-0.004098415,171.68161,77.20076,-928.22375,-473.32092,171.68161,77.20076,-928.22375,-473.32092,1.0,1.0,-1.0,-1.0,33.524375915527344,0.4,-0.4,-0.4
7.1499999999999995,20.492077,-15.005451,2.002501,-0.13778561,-0.0033187266,0.0052372175,0.99044263,0.0008757799,0.00246791,-0.06330243,0.28142244,-0.51396143,0.32074165,0.00033850304,-0.0032119597,-0.0632742,-0.060335904,0.032015096,-9.829157,20.492994,-15.006856,1.2025032,-0.06570643,0.100608744,0.12294351,-0.032784637,-434.85846,-934.7023,-408.2463,138.14679,-434.85846,-934.7023,-408.2463,138.14679,-1.0,-1.0,-1.0,1.0,0.0,-0.4,-0.4,0.4
7.166666666666667,20.492056,-15.005456,2.0032878,-0.13892049,-0.0025302742,0.005049739,0.9902874,0.00072005857,-0.00021743233,0.08405096,-0.14167248,0.051355466,0.07719016,-0.0012912143,0.0007924289,0.08404067,-0.09778304,0.2402633,8.838892,20.492968,-15.006898,1.2032899,-0.06529662,0.10327251,0.024588702,0.15982611,187.65074,-730.4126,337.78198,-3993.0947,187.65074,-730.4126,337.78198,-3993.0947,1.0,-1.0,1.0,-1.0,33.524375915527344,-0.4,0.4,-0.4
7.183333333333334,20.492023,-15.005441,2.0026407,-0.13804631,0.0009157042,0.0016481836,0.990424,0.0017357594,-0.0019217187,-0.07977008,-0.5682442,-0.4881497,-0.16598232,-0.002303491,0.0010932278,-0.07977136,-0.060736608,0.01804793,-9.828722,20.492947,-15.006938,1.2026427,-0.06611624,0.10723403,-0.049177404,0.23769109,-465.4782,-277.29453,-348.27426,-39.426464,-465.4782,-277.29453,-348.27426,-39.426464,-1.0,-1.0,-1.0,-1.0,0.0,-0.4,-0.4,-0.4
7.2,20.492006,-15.005413,2.0031548,-0.13818091,0.0017493274,-0.00029268416,0.99040544,0.00019388262,-0.0016501397,0.06769944,-0.1364919,0.073136784,0.07763345,-0.0003980754,0.0015275361,0.06770142,0.114324935,0.026058497,8.848367,20.49292,-15.006967,1.2031567,-0.06543323,0.11126385,0.04098102,0.24178906,299.54764,597.0044,495.1412,146.07448,299.54764,597.0044,495.1412,146.07448,1.0,1.0,1.0,1.0,33.524375915527344,0.4,0.4,0.4
7.216666666666667,20.492016,-15.005392,2.0022433,-0.14032598,-0.0024046404,0.0006653494,0.99010223,-0.0004933545,-0.0012031024,-0.09548073,0.28958583,0.6124918,0.32080597,0.0006120899,0.00123145,-0.09547968,0.060609914,-0.017765164,-9.790865,20.492895,-15.006996,1.2022454,-0.062974356,0.11488386,0.14753221,0.2172008,-398.89108,186.1108,8.322765,84.21356,-398.89108,186.1108,8.322765,84.21356,-1.0,1.0,1.0,1.0,0.0,0.4,0.4,0.4
7.233333333333333,20.49199,-15.005363,2.0024877,-0.1414691,-0.0042172996,0.00017412563,0.98993367,0.0014492553,-0.0022202223,0.05137305,-0.13380204,0.094215855,0.07743675,-0.0024445339,0.0016818395,0.051355775,-0.18339741,0.027023366,8.810127,20.492859,-15.007017,1.2024896,-0.06229134,0.11843556,0.04098102,0.21310194,357.11432,-341.90167,-911.8981,-390.9317,357.11432,-341.90167,-911.8981,-390.9317,1.0,-1.0,-1.0,-1.0,33.524375915527344,-0.4,-0.4,-0.4
7.25,20.49194,-15.005343,2.0012975,-0.14360501,-0.0018564817,0.0021128077,0.989631,0.0030463429,-0.0022609623,-0.11230766,0.29683727,-0.44897982,0.3207257,-0.0030824763,0.0008920318,-0.112325884,-0.038276546,-0.047388457,-9.820899,20.492825,-15.007033,1.2012997,-0.06338417,0.121031046,-0.06556972,0.15572904,-278.16623,248.21243,-586.1941,62.016106,-278.16623,248.21243,-586.1941,62.016106,-1.0,1.0,-1.0,1.0,0.0,0.4,-0.4,0.4
7.266666666666667,20.49188,-15.005302,2.001267,-0.14474197,-0.0016228692,0.0019751366,0.9894661,0.002495505,-0.00376324,0.03503373,-0.12660523,0.116112396,0.07713393,-0.003601371,0.0030111915,0.035010207,-0.031133683,0.12714958,8.840165,20.492783,-15.007044,1.2012694,-0.0646136,0.12471935,-0.073766105,0.22129832,443.33533,-575.9776,260.0127,-3721.031,443.33533,-575.9776,260.0127,-3721.031,1.0,-1.0,1.0,-1.0,33.524375915527344,-0.4,0.4,-0.4
7.283333333333333,20.491806,-15.005244,1.9998031,-0.14687955,0.0013016518,-0.0013505475,0.9891526,0.003125249,-0.004325747,-0.12882002,-0.55252886,-0.424096,0.3199145,-0.0046301475,0.003525888,-0.12879908,-0.06172658,0.030881794,-9.828557,20.49274,-15.0070505,1.1998056,-0.06693587,0.1293639,-0.13933583,0.27867255,-174.87535,-20.224121,-455.3122,72.3761,-174.87535,-20.224121,-455.3122,72.3761,-1.0,-1.0,-1.0,1.0,0.0,-0.4,-0.4,0.4
7.3,20.491758,-15.005205,1.9994996,-0.14801303,0.0016232968,-0.0032187658,0.98897874,0.0016700658,-0.002569081,0.018645963,-0.11907476,0.13437285,0.07719,-0.002271354,0.0018577595,0.018666841,0.14152761,-0.10008771,8.847955,20.492697,-15.0070505,1.1995022,-0.06720907,0.13216428,-0.016392319,0.1680234,596.0443,781.6088,462.49313,-4975.6,596.0443,781.6088,462.49313,-4975.6,1.0,1.0,1.0,-1.0,33.524375915527344,0.4,0.4,-0.4
7.316666666666666,20.491716,-15.005184,1.9977645,-0.15016156,0.0036138159,-0.00120606,0.98865414,0.0014710634,-0.0013712998,-0.14503081,0.31148714,-0.40868893,0.3204812,-0.0029007008,0.0010611186,-0.14501187,-0.037760805,-0.04779846,-9.820722,20.492655,-15.007047,1.1977674,-0.06720907,0.13339372,0.0,0.073766105,-39.17487,501.97467,-129.93857,87.87687,-39.17487,501.97467,-129.93857,87.87687,-1.0,1.0,-1.0,1.0,0.0,0.4,-0.4,0.4
7.333333333333333,20.49171,-15.005163,1.997189,-0.15129548,0.0034949759,-0.0012794024,0.9884815,-0.0007821337,-0.001419295,0.0023164954,-0.11214873,0.1563516,0.07687418,0.00033870406,0.0015848527,0.0023164207,0.19436428,0.031424046,8.839697,20.492605,-15.007035,1.1971917,-0.064067185,0.13407673,0.18851323,0.040980574,668.3586,-352.0394,699.3061,-3377.2434,668.3586,-352.0394,699.3061,-3377.2434,1.0,-1.0,1.0,-1.0,33.524375915527344,-0.4,0.4,-0.4
7.35,20.491756,-15.005145,1.999071,-0.1534277,-0.0015220771,-0.00026952627,0.98815864,-0.0037144923,0.00022220635,0.14977875,0.31948665,0.71633273,0.32008103,0.0031688116,0.00076482963,0.1497895,0.16980644,-0.04920138,8.848385,20.49255,-15.0070095,1.1990737,-0.05682718,0.13353032,0.43440026,-0.032784637,93.959785,241.76733,93.61714,52.299995,93.959785,241.76733,93.61714,52.299995,1.0,1.0,1.0,1.0,33.524375915527344,0.4,0.4,0.4
7.366666666666666,20.491795,-15.005127,1.99952,-0.15456049,-0.00408927,-0.0006916044,0.9879746,-0.0022479903,-0.0003341001,-0.014044774,-0.1101204,0.1775282,0.07678094,0.0021489558,0.0010416161,-0.014025612,-0.06119134,0.016607186,-9.828906,20.492487,-15.00698,1.1995227,-0.04958718,0.1327107,0.43440005,-0.049177404,-490.79126,-302.91644,-843.6712,-48.323128,-490.79126,-302.91644,-843.6712,-48.323128,-1.0,-1.0,-1.0,-1.0,0.0,-0.4,-0.4,-0.4
7.383333333333333,20.491793,-15.005129,2.001123,-0.15668711,-0.0026071477,0.001378759,0.9876439,0.0003857577,0.0006393039,0.13294262,0.3259195,-0.34470093,0.32006174,-0.0009110268,-0.00047385992,0.13294075,-0.18359895,-0.090928555,8.817982,20.492426,-15.006943,1.2011255,-0.04535246,0.1299103,0.2540832,-0.1680234,108.692345,293.45837,-526.55426,28.923447,108.692345,293.45837,-526.55426,28.923447,1.0,1.0,-1.0,1.0,33.524375915527344,0.4,-0.4,0.4
7.3999999999999995,20.491787,-15.005129,2.0012972,-0.1578176,-0.0031334343,0.0013308623,0.98746234,0.0003518198,-0.00051719416,-0.030372499,-0.10359943,0.19947863,0.07644973,-0.00029476907,0.0003319816,-0.030375695,0.036975462,0.04835049,-9.798986,20.492363,-15.006906,1.2012993,-0.041254345,0.12724653,0.2458868,-0.15982656,-544.0504,-452.54266,232.07137,-2956.3145,-544.0504,-452.54266,232.07137,-2956.3145,-1.0,-1.0,1.0,-1.0,0.0,-0.4,0.4,-0.4
7.416666666666667,20.491747,-15.005126,2.002628,-0.1599386,-0.00184325,0.003428546,0.98711926,0.0024637687,-0.0002701906,0.116608486,0.33238637,-0.32267392,0.31975174,-0.0029752415,0.00019891953,0.1165967,-0.16082835,-0.007983724,8.818343,20.492294,-15.006858,1.2026304,-0.03920529,0.12403633,0.12294329,-0.1926121,118.03649,92.45258,-557.5532,38.218258,118.03649,92.45258,-557.5532,38.218258,1.0,1.0,-1.0,1.0,33.524375915527344,0.4,-0.4,0.4
7.433333333333334,20.491701,-15.005113,2.0025299,-0.16106756,-0.0025565452,0.0034009875,0.9869341,0.0021051099,-0.0020613377,-0.04670116,-0.097240806,0.22145121,0.07612697,-0.0023643437,0.0010099817,-0.04672332,0.036653865,0.048663728,-9.799201,20.492224,-15.006806,1.202532,-0.03742944,0.12130425,0.10655097,-0.16392453,-530.9747,-664.9063,177.23865,-2937.999,-530.9747,-664.9063,177.23865,-2937.999,-1.0,-1.0,1.0,-1.0,0.0,-0.4,0.4,-0.4
7.45,20.491629,-15.005068,2.0035865,-0.16319443,-0.00061362155,0.00023654381,0.9865936,0.003822091,-0.0044379355,0.10012039,-0.5180975,-0.29787552,0.31884313,-0.005176535,0.0029974636,0.10011301,-0.16873147,0.11924891,8.81018,20.492157,-15.006746,1.2035884,-0.037839253,0.12021142,-0.024588702,-0.06556972,141.62244,-156.37737,-603.165,37.43986,141.62244,-156.37737,-603.165,37.43986,1.0,-1.0,-1.0,1.0,33.524375915527344,-0.4,-0.4,0.4
7.466666666666667,20.491554,-15.005024,2.0032153,-0.16431879,-0.0012095595,-0.0015282708,0.9864054,0.0032818709,-0.0035553633,-0.06307133,-0.0905827,0.23977357,0.07601717,-0.004138365,0.002514711,-0.06307103,0.062290195,-0.028965145,-9.791042,20.492086,-15.006683,1.2032175,-0.038112458,0.11884537,-0.016392319,-0.081962936,-512.83344,683.6765,230.91154,-4196.051,-512.83344,683.6765,230.91154,-4196.051,-1.0,1.0,1.0,-1.0,0.0,0.4,0.4,-0.4
7.483333333333333,20.491472,-15.005005,2.0040014,-0.16644168,-0.00028915465,0.00062523666,0.9860511,0.0047674687,-0.0023363545,0.08391016,0.34533277,-0.28222752,0.31934598,-0.0053355205,0.0007374168,0.08390524,-0.07182933,-0.10663766,8.818575,20.492014,-15.006614,1.2040032,-0.03879548,0.115225375,-0.040981244,-0.2171999,215.40053,332.53253,-570.4701,68.60131,215.40053,332.53253,-570.4701,68.60131,1.0,1.0,-1.0,1.0,33.524375915527344,0.4,-0.4,0.4
7.5,20.49139,-15.004981,2.0033584,-0.16756444,-0.0013550976,0.00063999766,0.98586,0.004150143,-0.0031692677,-0.07939734,-0.084496096,0.26179248,0.075705595,-0.004734995,0.0015559847,-0.07941262,0.036031537,0.049114075,-9.799071,20.49194,-15.006541,1.2033602,-0.039341893,0.11174197,-0.03278486,-0.20900442,-468.8628,-445.32016,183.52965,-2721.0088,-468.8628,-445.32016,183.52965,-2721.0088,-1.0,-1.0,1.0,-1.0,0.0,-0.4,0.4,-0.4
7.516666666666667,20.491297,-15.004961,2.003872,-0.16968058,-0.00062692806,0.0028156731,0.98549485,0.005520236,-0.0027900157,0.06758486,0.35135922,-0.26013967,0.31904995,-0.0062835324,0.0011438078,0.06756611,-0.09291225,-0.024730615,8.818724,20.491867,-15.006461,1.2038735,-0.040844534,0.10743894,-0.090158425,-0.2581818,275.0444,128.32973,-630.8261,59.167233,275.0444,128.32973,-630.8261,59.167233,1.0,1.0,-1.0,1.0,33.524375915527344,0.4,-0.4,0.4
7.533333333333333,20.491201,-15.004931,2.0029569,-0.17080233,-0.0018791684,0.0028448103,0.98529935,0.0049562026,-0.004365477,-0.09571528,-0.07857764,0.28382254,0.07540557,-0.0056888303,0.0019673335,-0.09575387,0.035682123,0.04941154,-9.799198,20.491793,-15.006378,1.2029583,-0.042347178,0.103614025,-0.09015865,-0.2294947,-411.203,-659.53455,82.45785,-2753.2246,-411.203,-659.53455,82.45785,-2753.2246,-1.0,-1.0,1.0,-1.0,0.0,-0.4,0.4,-0.4
7.55,20.49108,-15.004874,2.0031962,-0.17291893,-0.0004455627,-0.00023830032,0.9849358,0.006339752,-0.0062008826,0.05109052,-0.49972707,-0.2354011,0.31808308,-0.008113451,0.003638706,0.051086362,-0.14547725,0.10028234,8.810413,20.491716,-15.006288,1.2031978,-0.045625668,0.10122346,-0.1967094,-0.1434338,346.81888,-102.728,-712.3297,48.05374,346.81888,-102.728,-712.3297,48.05374,1.0,-1.0,-1.0,1.0,33.524375915527344,-0.4,-0.4,0.4
7.566666666666666,20.490961,-15.004819,2.002008,-0.17403363,-0.0015632239,-0.0019492711,0.98473656,0.0059703933,-0.0050368295,-0.112093575,-0.0723604,0.3022027,0.075213514,-0.007066079,0.0031766624,-0.112098016,0.06284234,-0.027722612,-9.791062,20.491638,-15.006195,1.2020094,-0.04849435,0.09855968,-0.17212091,-0.15982701,-334.9182,703.1525,83.00359,-4051.9812,-334.9182,703.1525,83.00359,-4051.9812,-1.0,1.0,1.0,-1.0,0.0,0.4,0.4,-0.4
7.583333333333333,20.490826,-15.004793,2.0019767,-0.17614423,-0.0012047361,0.0002716531,0.9843635,0.00752371,-0.0039213803,0.034895763,0.36341956,-0.21958807,0.31858316,-0.008502777,0.0010728196,0.03487477,-0.08620186,-0.12623057,8.818367,20.491554,-15.006097,1.2019782,-0.052182652,0.093368724,-0.2212981,-0.3114572,473.55093,378.29013,-767.5635,70.26706,473.55093,378.29013,-767.5635,70.26706,1.0,1.0,-1.0,1.0,33.524375915527344,0.4,-0.4,0.4
7.6,20.490671,-15.004773,2.0005107,-0.17725302,0.0038389957,0.0015491125,0.9841566,0.007439143,-0.0047553955,-0.128986,-0.06251991,-0.7572849,0.07507824,-0.0095344605,0.0012923672,-0.1289293,-0.06190102,0.013172858,-9.828243,20.491468,-15.005998,1.2005122,-0.05710039,0.08769967,-0.2950642,-0.3401434,-222.4482,-385.36588,-62.381184,-2613.5562,-222.4482,-385.36588,-62.381184,-2613.5562,-1.0,-1.0,-1.0,-1.0,0.0,-0.4,-0.4,-0.4
7.616666666666666,20.490555,-15.004725,2.0002036,-0.17635131,0.007142185,-0.0010746148,0.98430073,0.004594617,-0.0053336704,0.01830903,-0.48710972,-0.19345579,-0.16821334,-0.0058955844,0.003414133,0.0183947,0.21833256,0.12730594,8.839439,20.491379,-15.005891,1.2002047,-0.05901285,0.08346494,-0.11474758,-0.2540834,598.8005,-103.505745,828.4847,-2780.8647,598.8005,-103.505745,828.4847,-2780.8647,1.0,-1.0,1.0,-1.0,33.524375915527344,-0.4,0.4,-0.4
7.633333333333333,20.490469,-15.00467,1.9984698,-0.1764553,0.0056516537,-0.002753274,0.9842885,0.0019769534,-0.0036039758,-0.14486101,-0.05991441,0.34636974,0.075162105,-0.004857942,0.0031889258,-0.14480276,0.062258538,-0.013512437,-9.791847,20.491287,-15.005781,1.1984712,-0.058603037,0.07957173,0.024588702,-0.23359267,-85.872086,721.9033,557.06134,403.91354,-85.872086,721.9033,557.06134,403.91354,-1.0,1.0,1.0,1.0,0.0,0.4,0.4,0.4
7.6499999999999995,20.490433,-15.00464,1.9978935,-0.17858052,0.0056205606,-0.0005098246,0.98390913,0.0010769726,-0.0018901408,0.0021421711,0.37578028,-0.1751186,0.31851384,-0.0016483412,0.0013932644,0.002159441,0.19257604,-0.10773968,8.817732,20.491194,-15.005667,1.1978943,-0.054504916,0.07356116,0.24588725,-0.36063415,729.1304,333.26248,-87.43843,36.012722,729.1304,333.26248,-87.43843,36.012722,1.0,1.0,-1.0,1.0,33.524375915527344,0.4,-0.4,0.4
7.666666666666667,20.490461,-15.0046015,1.999771,-0.17969525,0.0034986038,-0.00041728545,0.98371595,-0.0022049074,-0.0019777261,0.14949417,-0.049056888,0.38934803,0.07488288,0.0024146908,0.002694765,0.14947972,0.24378191,0.07809004,8.839216,20.491096,-15.005547,1.1997721,-0.045489065,0.06768719,0.540951,-0.3524382,25.005733,-479.53226,648.1432,-2354.806,25.005733,-479.53226,648.1432,-2354.806,1.0,-1.0,1.0,-1.0,33.524375915527344,-0.4,0.4,-0.4
7.683333333333334,20.490496,-15.004568,2.0002162,-0.18181092,0.0032307215,0.0018438483,0.9833265,-0.0024826922,-0.0011167987,-0.014176495,0.3809963,-0.15290903,0.31823564,0.0018386053,0.001862577,-0.014196279,-0.03456513,-0.04993128,-9.8205595,20.490995,-15.0054245,1.2002169,-0.035790194,0.061335113,0.58193225,-0.38112468,-557.75024,77.02707,-106.739655,184.10641,-557.75024,77.02707,-106.739655,184.10641,-1.0,1.0,-1.0,1.0,0.0,0.4,-0.4,0.4
7.7,20.490553,-15.004504,2.001821,-0.1829267,0.0009224808,0.001940497,0.9831242,-0.0050289095,-0.0021824897,0.1331557,-0.043961525,0.4114852,0.0746132,0.0040543294,0.0043981825,0.1331342,0.13294344,0.15213631,8.8398285,20.490887,-15.005298,1.2018218,-0.023905663,0.05682718,0.7130718,-0.27047595,30.423752,-719.8123,519.3229,-2519.228,30.423752,-719.8123,519.3229,-2519.228,1.0,-1.0,1.0,-1.0,33.524375915527344,-0.4,0.4,-0.4
7.716666666666667,20.490602,-15.004427,2.0019925,-0.1850261,0.0014272252,-0.0010555212,0.98273194,-0.0046172757,-0.0033378368,-0.030673485,-0.47126788,-0.12833467,0.31730935,0.0029892558,0.0048358687,-0.030675754,-0.06390441,0.026261171,-9.828597,20.490776,-15.005172,1.2019928,-0.0124309445,0.053343784,0.68848306,-0.20900375,-561.9137,-207.94374,-302.9832,166.51067,-561.9137,-207.94374,-302.9832,166.51067,-1.0,-1.0,-1.0,1.0,0.0,-0.4,-0.4,0.4
7.733333333333333,20.49068,-15.00436,2.0033245,-0.18612616,-0.0007246226,-0.002706116,0.98252183,-0.006268862,-0.0019908068,0.116771236,-0.03856182,0.42996228,0.07437271,0.0050577326,0.0034931852,0.1167947,0.1241086,-0.08056101,8.848227,20.490671,-15.005037,1.203325,0.00068301894,0.04849435,0.78683776,-0.290966,58.15541,672.27783,444.95038,-3940.332,58.15541,672.27783,444.95038,-3940.332,1.0,1.0,1.0,-1.0,33.524375915527344,0.4,0.4,-0.4
7.75,20.490757,-15.0043125,2.0032253,-0.18822499,-0.0013616679,-0.0004149269,0.9821248,-0.00502453,-0.0007916023,-0.04690514,0.3914016,-0.112168066,0.31773165,0.0044939443,0.002655453,-0.04689049,-0.033827294,-0.050263923,-9.821111,20.490564,-15.004905,1.2032255,0.013796982,0.042415477,0.78683776,-0.36473235,-526.2514,277.70642,-404.32803,164.66205,-526.2514,277.70642,-404.32803,164.66205,-1.0,1.0,-1.0,1.0,0.0,0.4,-0.4,0.4
7.766666666666667,20.490828,-15.004263,2.0042858,-0.18932821,-0.0040225643,-0.00030803305,0.9819056,-0.005675923,-0.0014068652,0.1004158,-0.033747345,0.45208597,0.074127145,0.0039642197,0.0032026337,0.100456744,-0.031783476,0.032830838,8.840834,20.490458,-15.004771,1.2042859,0.026501136,0.03640491,0.7622492,-0.36063394,106.99012,-546.60486,202.06874,-2558.423,106.99012,-546.60486,202.06874,-2558.423,1.0,-1.0,1.0,-1.0,33.524375915527344,-0.4,0.4,-0.4
7.783333333333333,20.490887,-15.004218,2.0039139,-0.19141611,-0.004851003,0.0019922704,0.9814949,-0.0034906885,-0.0012723065,-0.06325641,0.39616928,-0.08998245,0.31750107,0.0034072874,0.0023608396,-0.063229695,-0.033415936,-0.050507642,-9.821186,20.49035,-15.004632,1.2039142,0.038385667,0.029643022,0.7130718,-0.40571338,-506.50357,103.5728,-709.4391,161.77736,-506.50357,103.5728,-709.4391,161.77736,-1.0,1.0,-1.0,1.0,0.0,0.4,-0.4,0.4
7.8,20.490896,-15.004168,2.0046957,-0.19250524,-0.0010726231,0.0034153748,0.9812893,-0.00087957387,-0.0029855068,0.08362151,-0.02520898,-0.60664546,0.074059166,-0.00059953314,0.0036224555,0.083598815,-0.24040923,0.07569695,8.80971,20.490252,-15.004498,1.2046962,0.046172082,0.023632456,0.4671849,-0.36063394,165.2362,-731.14496,-167.42995,-2694.8232,165.2362,-731.14496,-167.42995,-2694.8232,1.0,-1.0,-1.0,-1.0,33.524375915527344,-0.4,-0.4,-0.4
7.816666666666666,20.490892,-15.004094,2.0040472,-0.19161235,0.0011163384,0.00089216157,0.98146963,-0.0018430264,-0.0042649857,-0.07970772,-0.45544794,-0.06421068,-0.1692889,-4.389426e-05,0.0044713123,-0.07971771,0.03333833,0.0509314,-9.79899,20.490149,-15.004355,1.2040474,0.053275485,0.018714719,0.42620412,-0.2950642,-496.8748,-369.8272,664.22736,-2206.6218,-496.8748,-369.8272,664.22736,-2206.6218,-1.0,-1.0,1.0,-1.0,0.0,-0.4,0.4,-0.4
7.833333333333333,20.49091,-15.004018,2.0045621,-0.19171886,-0.0015878535,-0.0007429598,0.9814483,-0.003310734,-0.0037454665,0.06774569,-0.022188753,0.4961432,0.07399101,0.0014659689,0.0045759836,0.06775972,0.09059179,0.00628028,8.848645,20.490051,-15.004216,1.2045627,0.061471716,0.014206794,0.4917738,-0.27047545,245.52219,462.98914,215.59732,334.95413,245.52219,462.98914,215.59732,334.95413,1.0,1.0,1.0,1.0,33.524375915527344,0.4,0.4,0.4
7.85,20.490925,-15.003953,2.0036454,-0.19380964,-0.0028028016,0.0015736708,0.9810338,-0.0017937148,-0.0035051466,-0.09592031,0.4076471,-0.045692533,0.3173924,0.00091207505,0.0037319576,-0.095924184,-0.03323363,-0.050641555,-9.8210335,20.489954,-15.004077,1.2036462,0.069531344,0.008879246,0.48357767,-0.31965286,-393.71127,64.24758,-685.1252,173.54411,-393.71127,64.24758,-685.1252,173.54411,-1.0,1.0,-1.0,1.0,0.0,0.4,-0.4,0.4
7.866666666666666,20.490902,-15.003875,2.0038824,-0.19490136,0.0005907128,0.0030233758,0.98081803,-0.000107065076,-0.004995594,0.050945926,-0.014102519,-0.56221926,0.07397638,-0.0018120361,0.004970784,0.050916232,-0.16344665,0.07432957,8.810425,20.489859,-15.003934,1.2038832,0.07472229,0.004234717,0.31145674,-0.2786717,317.97186,-758.44727,-159.95897,-2497.9553,317.97186,-758.44727,-159.95897,-2497.9553,1.0,-1.0,-1.0,-1.0,33.524375915527344,-0.4,-0.4,-0.4
7.883333333333333,20.490885,-15.003778,2.0026898,-0.19400562,0.0024061562,0.0005260782,0.98099726,-0.0016044572,-0.0058746594,-0.112394914,-0.44437513,-0.02004823,-0.16939026,-0.0012601317,0.0058222036,-0.11240203,0.033114266,0.05108518,-9.799095,20.489775,-15.003789,1.2026907,0.07950343,0.0007513208,0.28686848,-0.20900378,-363.43195,-412.3523,684.84814,-2034.5962,-363.43195,-412.3523,684.84814,-2034.5962,-1.0,-1.0,1.0,-1.0,0.0,-0.4,0.4,-0.4
7.8999999999999995,20.490898,-15.003678,2.0026598,-0.19410878,-0.000672886,-0.001094909,0.98097914,-0.0032641273,-0.0050815092,0.03505657,-0.010882556,0.54020464,0.073858246,0.0010515561,0.005857192,0.035071738,0.13870127,0.0020993035,8.848426,20.489697,-15.003646,1.2026606,0.08606042,-0.0023222642,0.39341924,-0.18441509,443.44113,431.03757,218.2649,338.86368,443.44113,431.03757,218.2649,338.86368,1.0,1.0,1.0,1.0,33.524375915527344,0.4,0.4,0.4
7.916666666666667,20.49091,-15.003591,2.0011983,-0.1961989,-0.0022740308,0.0012373993,0.98056066,-0.0018797731,-0.0048592496,-0.12860462,0.41886204,-0.0013979673,0.3172752,0.0005013439,0.005011096,-0.12861156,-0.03301273,-0.05076575,-9.820997,20.489616,-15.003504,1.2011994,0.09261741,-0.0062154722,0.39341924,-0.23359247,-189.35625,39.778164,-698.0877,171.58212,-189.35625,39.778164,-698.0877,171.58212,-1.0,1.0,-1.0,1.0,0.0,0.4,-0.4,0.4
7.933333333333334,20.490889,-15.003495,2.0008903,-0.19729134,0.00073536305,0.0027112484,0.98034084,-0.0005445087,-0.0062649166,0.018264102,-0.0032630563,-0.5178042,0.07388487,-0.0019145415,0.006090133,0.018230962,-0.14495312,0.06474221,8.810551,20.489542,-15.003363,1.2008915,0.09644232,-0.009493963,0.2294947,-0.19670942,538.17126,-774.62317,-211.5043,-2369.0498,538.17126,-774.62317,-211.5043,-2369.0498,1.0,-1.0,-1.0,-1.0,33.524375915527344,-0.4,-0.4,-0.4
7.95,20.490864,-15.003386,1.9991525,-0.1963966,0.002178561,0.00023398691,0.9805221,-0.0020460838,-0.0068772105,-0.14508216,-0.4335603,0.024102002,-0.16949613,-0.0013669833,0.0069439877,-0.14508696,0.032853488,0.05123128,-9.799074,20.48947,-15.003223,1.1991539,0.09985742,-0.011611322,0.204906,-0.12704153,-122.938324,-431.818,630.7857,-1933.5145,-122.938324,-431.818,630.7857,-1933.5145,-1.0,-1.0,1.0,-1.0,0.0,-0.4,0.4,-0.4
7.966666666666667,20.490866,-15.00327,1.9985783,-0.19649771,-0.0012745735,-0.0013768576,0.9805024,-0.0033264179,-0.005949975,0.0023656366,0.00016379356,0.58424914,0.07372329,0.00077215664,0.0067646755,0.002388819,0.1283484,-0.010758731,8.848546,20.489399,-15.003082,1.1985799,0.10504837,-0.013455473,0.3114572,-0.11064905,713.1239,420.81274,118.630196,337.25034,713.1239,420.81274,118.630196,337.25034,1.0,1.0,1.0,1.0,33.524375915527344,0.4,0.4,0.4
7.983333333333333,20.490856,-15.00318,2.0004554,-0.19858257,-0.0033955886,0.0009781119,0.9800778,-0.0020318069,-0.0044649933,0.14936708,0.43527275,0.06375277,0.31716567,-0.0009186644,0.0049886666,0.1493615,-0.10144926,-0.10656053,8.81836,20.48934,-15.002943,1.2004571,0.10860007,-0.016938869,0.21310194,-0.20900375,83.5445,62.42296,-792.85156,165.92456,83.5445,62.42296,-792.85156,165.92456,1.0,1.0,-1.0,1.0,33.524375915527344,0.4,-0.4,0.4
8.0,20.49083,-15.003093,2.0008974,-0.19967417,-0.0008147545,0.002476067,0.9798588,-0.00021232734,-0.005593939,-0.014426737,0.007231027,-0.47341064,0.07380575,-0.0019562184,0.0051655895,-0.014455376,-0.062253237,0.010615372,-9.829013,20.489288,-15.002802,1.200899,0.110375926,-0.020832077,0.10655119,-0.23359245,-534.5293,-708.1787,-361.38516,-1581.8004,-534.5293,-708.1787,-361.38516,-1581.8004,-1.0,-1.0,-1.0,-1.0,0.0,-0.4,-0.4,-0.4
8.016666666666666,20.490795,-15.002978,2.0024981,-0.19878511,0.000121344965,2.0329504e-05,0.9800431,-0.0010820285,-0.007507708,0.13288699,-0.417627,0.08911641,-0.169591,-0.0018982255,0.0073476685,0.13288678,0.0034795722,0.13092473,8.840529,20.48924,-15.002663,1.2024995,0.111332156,-0.022607926,0.05737379,-0.10655097,37.071976,-374.22427,440.37912,-1862.7028,37.071976,-374.22427,440.37912,-1862.7028,1.0,-1.0,1.0,-1.0,33.524375915527344,-0.4,0.4,-0.4
8.033333333333333,20.490757,-15.002866,2.002667,-0.19889186,0.002860801,-0.00022820258,0.98001724,-0.0004518777,-0.006882701,-0.030802267,0.013164699,-0.4514573,0.07386737,-0.0024425017,0.0064930525,-0.03079334,-0.03265657,-0.05127696,-9.8208065,20.489197,-15.002524,1.2026689,0.11174197,-0.024452077,0.024588702,-0.11064905,-572.1261,469.44226,-133.69098,543.5707,-572.1261,469.44226,-133.69098,543.5707,-1.0,1.0,-1.0,1.0,0.0,0.4,-0.4,0.4
8.05,20.49075,-15.002747,2.0039954,-0.19799483,0.0036092952,-0.0026696075,0.9801928,-0.002434739,-0.007511506,0.11651272,-0.41169313,0.11092124,-0.16953294,0.00027593345,0.0074243094,0.11654342,0.1631061,0.055875413,8.840205,20.489162,-15.002389,1.203997,0.11365443,-0.025613211,0.11474758,-0.069668025,53.931675,-207.20213,674.8031,-1590.559,53.931675,-207.20213,674.8031,-1590.559,1.0,-1.0,1.0,-1.0,33.524375915527344,-0.4,0.4,-0.4
8.066666666666666,20.490767,-15.002625,2.0038981,-0.19808167,-0.00045080337,-0.0042551043,0.98017615,-0.0039051045,-0.0057797316,-0.04670076,0.01699382,0.64997303,0.0736391,0.0013168566,0.007240242,-0.046641838,0.062455386,-0.011044051,-9.791115,20.48913,-15.002254,1.2039,0.11720613,-0.02663774,0.21310194,-0.061471757,-560.7336,626.6377,178.52339,524.3378,-560.7336,626.6377,178.52339,524.3378,-1.0,1.0,1.0,1.0,0.0,0.4,0.4,0.4
8.083333333333334,20.490782,-15.002551,2.004958,-0.20015983,-0.0031487162,-0.0018777334,0.9797564,-0.00255137,-0.0035013217,0.10029691,0.45193157,0.12991706,0.31710374,0.00043013445,0.00372594,0.10032034,-0.053203326,-0.2108581,8.81773,20.489107,-15.002122,1.20496,0.11993822,-0.030735852,0.16392542,-0.24588668,141.84381,284.02493,-843.06964,175.18422,141.84381,284.02493,-843.06964,175.18422,1.0,1.0,-1.0,1.0,33.524375915527344,0.4,-0.4,0.4
8.1,20.490776,-15.002485,2.0045822,-0.20125781,-0.0011420657,-0.00035459644,0.9795375,-0.00082840794,-0.003811499,-0.063498415,0.023299217,-0.40711635,0.07378088,-0.00060849363,0.0039026565,-0.06349537,-0.06231768,0.010602995,-9.828942,20.489086,-15.001986,1.2045844,0.121031046,-0.035790194,0.06556972,-0.30326048,-486.21735,-448.8487,-412.0279,-1335.4568,-486.21735,-448.8487,-412.0279,-1335.4568,-1.0,-1.0,-1.0,-1.0,0.0,-0.4,-0.4,-0.4
8.116666666666667,20.490767,-15.002415,2.0053658,-0.2003708,-0.0007648257,-0.00278914,0.9797158,-0.001432058,-0.004514817,0.08382849,-0.4015876,0.15499276,-0.16963243,-0.00048745872,0.0042306334,0.08385412,0.0072620944,0.019678611,8.840968,20.48907,-15.001853,1.2053679,0.12144086,-0.04022982,0.024588702,-0.26637754,157.80351,-65.796616,363.24173,-1622.5247,157.80351,-65.796616,363.24173,-1622.5247,1.0,-1.0,1.0,-1.0,33.524375915527344,-0.4,0.4,-0.4
8.133333333333333,20.490753,-15.002357,2.0047174,-0.20048338,0.0014073952,-0.0030114579,0.9796914,-0.00050492317,-0.0029916144,-0.07985343,0.029297262,-0.38526186,0.07378314,-0.0010274489,0.0033755437,-0.079833105,-0.03239941,-0.051305376,-9.821233,20.489063,-15.001723,1.2047194,0.121031046,-0.04535246,-0.024588702,-0.30735832,-465.50186,647.8879,-202.7286,540.45337,-465.50186,647.8879,-202.7286,540.45337,-1.0,1.0,-1.0,1.0,0.0,0.4,-0.4,0.4
8.15,20.490767,-15.002324,2.0052304,-0.19960262,0.0005343391,-0.00017393166,0.97987676,-0.0017987937,-0.0010012309,0.06763624,0.4628241,0.17454848,-0.16907576,0.0013393301,0.0016164611,0.067634985,0.14200673,-0.105544955,8.848085,20.489061,-15.001595,1.2052326,0.122123875,-0.052250955,0.06556972,-0.41390976,229.51482,188.46904,537.66626,-1382.2693,229.51482,188.46904,537.66626,-1382.2693,1.0,1.0,1.0,-1.0,33.524375915527344,0.4,0.4,-0.4
8.166666666666666,20.490776,-15.00229,2.00431,-0.19970922,0.0021774457,0.001366717,0.9798518,-0.0014965509,-0.0019308836,-0.096167386,0.034854442,-0.36484075,0.073873945,0.00026359377,0.0020213441,-0.09617681,-0.06454418,0.024292983,-9.828708,20.489063,-15.001466,1.204312,0.12267029,-0.05901285,0.032785084,-0.4057136,-357.86197,-670.90894,-112.87649,452.11307,-357.86197,-670.90894,-112.87649,452.11307,-1.0,-1.0,-1.0,1.0,0.0,-0.4,-0.4,0.4
8.183333333333334,20.490807,-15.002231,2.0045485,-0.19881539,0.0021869692,-0.0010419246,0.9800339,-0.003351503,-0.002850586,0.051167864,-0.39005163,0.19695523,-0.1695415,0.0022162164,0.0038712947,0.051162586,0.117157355,0.11099703,8.8403635,20.489075,-15.001342,1.204551,0.12403633,-0.06365738,0.08196204,-0.2786719,291.93384,-292.73843,621.9095,-1449.7397,291.93384,-292.73843,621.9095,-1449.7397,1.0,-1.0,1.0,-1.0,33.524375915527344,-0.4,0.4,-0.4
8.2,20.490856,-15.002168,2.0033617,-0.19890861,-0.0026102983,-0.002592687,0.98001105,-0.0037471855,-0.0016744924,-0.11204865,0.039210618,0.73579824,0.07359319,0.003255473,0.003688571,-0.11201581,0.06235539,-0.010963417,-9.790704,20.489086,-15.00122,1.2033641,0.12676843,-0.0678921,0.16392587,-0.25408295,-331.05435,550.2533,8.156555,529.471,-331.05435,550.2533,8.156555,529.471,-1.0,1.0,1.0,1.0,0.0,0.4,0.4,0.4
8.216666666666667,20.490875,-15.002144,2.0033317,-0.20098041,-0.0060476116,-0.00017615355,0.9795766,-0.001398459,-0.00053371885,0.034932375,0.4738614,0.21635908,0.31710368,0.00066381454,0.00094427104,0.034945372,-0.15549949,-0.164658,8.817671,20.489101,-15.001106,1.2033345,0.12704162,-0.07431248,0.016391871,-0.38522285,415.37546,253.49757,-980.4653,175.07071,415.37546,253.49757,-980.4653,175.07071,1.0,1.0,-1.0,1.0,33.524375915527344,0.4,-0.4,0.4
8.233333333333333,20.490871,-15.002125,2.0018663,-0.20207088,-0.004782578,0.0013806854,0.9793582,0.001034494,-0.0017741877,-0.1288676,0.044415176,-0.32053572,0.07382749,-0.00037306192,0.0011204,-0.12887855,-0.062212586,0.010567739,-9.829434,20.489124,-15.000989,1.2018694,0.12512916,-0.08134758,-0.11474758,-0.4221059,-221.67468,-487.87616,-719.45886,-1292.2284,-221.67468,-487.87616,-719.45886,-1292.2284,-1.0,-1.0,-1.0,-1.0,0.0,-0.4,-0.4,-0.4
8.25,20.490816,-15.0021,2.0015538,-0.20118211,0.0014568197,0.00034196847,0.9795526,0.0029107155,-0.0030446262,0.01795727,-0.37899786,-0.8376766,-0.16935639,-0.003826309,0.0016735067,0.017965643,-0.2071948,0.0331864,8.810651,20.489155,-15.000879,1.2015567,0.11898198,-0.087426454,-0.36883098,-0.36473256,555.54834,-115.142914,-64.01264,-1578.5913,555.54834,-115.142914,-64.01264,-1578.5913,1.0,-1.0,-1.0,-1.0,33.524375915527344,-0.4,-0.4,-0.4
8.266666666666666,20.490763,-15.002078,1.9998133,-0.19831306,0.0050874925,0.00058913045,0.9801253,0.0005544338,-0.002122619,-0.14523366,0.046996355,-0.29771268,-0.41193295,-0.002750407,0.0012793522,-0.14521855,0.06455412,-0.023649266,-9.791051,20.48919,-15.000772,1.1998162,0.11269819,-0.09350533,-0.37702736,-0.36473256,-130.17944,489.82953,714.2007,-551.9083,-130.17944,489.82953,714.2007,-551.9083,-1.0,1.0,1.0,-1.0,0.0,0.4,0.4,-0.4
8.283333333333333,20.490763,-15.00203,1.9992348,-0.19642526,0.0045287265,-0.0018278857,0.98050666,-0.0021838425,-0.0025836837,0.002110212,-0.37854028,0.26361522,-0.16894893,0.001040318,0.0032217202,0.0021061432,0.22744349,0.11654207,8.839481,20.48923,-15.00067,1.1992376,0.10982951,-0.09739854,-0.17212091,-0.23359267,659.03595,-212.1159,592.436,670.6951,659.03595,-212.1159,592.436,670.6951,1.0,-1.0,1.0,1.0,33.524375915527344,-0.4,0.4,0.4
8.3,20.49083,-15.001988,2.001113,-0.19651634,-0.00097077154,-0.003371289,0.9804942,-0.0055024256,-0.0009938567,0.14955391,0.056623995,0.82335526,0.074154064,0.00460788,0.0019917144,0.14957418,0.2140537,-0.07380035,8.848082,20.489285,-15.000577,1.201116,0.11064913,-0.101086855,0.049177404,-0.22129877,46.16909,604.8944,68.09475,532.68134,46.16909,604.8944,68.09475,532.68134,1.0,1.0,1.0,1.0,33.524375915527344,0.4,0.4,0.4
8.316666666666666,20.490902,-15.001967,2.00156,-0.19859381,-0.005015656,-0.000960195,0.98006856,-0.004043579,0.0005225206,-0.014153687,0.48559085,0.28344566,0.31768063,0.004061582,0.0011475411,-0.014111596,-0.03277788,-0.05065039,-9.821146,20.489342,-15.000489,1.2015631,0.11174197,-0.105868,0.06557017,-0.28686848,-516.386,290.01846,-918.5072,350.26773,-516.386,290.01846,-918.5072,350.26773,-1.0,1.0,-1.0,1.0,0.0,0.4,-0.4,0.4
8.333333333333334,20.490913,-15.00196,2.0031605,-0.19969168,-0.004449648,0.0005797336,0.97984844,-0.001100589,-9.205e-05,0.13270648,0.06081958,-0.23239598,0.07445607,-0.00021117403,0.000430347,0.1327102,-0.25636536,-0.043031644,8.809307,20.489403,-15.000408,1.2031633,0.10819026,-0.11112724,-0.21310239,-0.3155547,41.83114,-463.85486,-686.08875,-1102.212,41.83114,-463.85486,-686.08875,-1102.212,1.0,-1.0,-1.0,-1.0,33.524375915527344,-0.4,-0.4,-0.4
8.35,20.490896,-15.001949,2.0033247,-0.19881234,0.0011766704,-0.00049629435,0.9800367,0.000851255,-0.0010070036,-0.031102218,-0.36840698,-0.7705039,-0.1687455,-0.0012542442,0.00061137654,-0.03109887,-0.06258421,0.010861772,-9.828544,20.489466,-15.000326,1.2033279,0.10245289,-0.116249904,-0.34424227,-0.30735967,-629.5042,-12.586255,-78.46601,-631.5258,-629.5042,-12.586255,-78.46601,-631.5258,-1.0,-1.0,-1.0,-1.0,0.0,-0.4,-0.4,-0.4
8.366666666666667,20.490906,-15.0019455,2.0046492,-0.19594973,0.004109059,-0.0002729296,0.98060524,-0.0003617045,0.0001269196,0.116378844,0.06362048,-0.20962581,-0.41135642,0.0013330046,0.0001469452,0.11637175,0.15523492,-0.02786588,8.848237,20.48954,-15.000254,1.2046524,0.09780835,-0.12116765,-0.2786721,-0.29506487,42.534184,572.45514,703.4555,-379.5644,42.534184,572.45514,703.4555,-379.5644,1.0,1.0,1.0,-1.0,33.524375915527344,0.4,0.4,-0.4
8.383333333333333,20.490934,-15.001929,2.004547,-0.19406734,0.0029383968,-0.0027010695,0.98098,-0.0023996655,-0.0001254871,-0.046933297,-0.36676854,0.33000168,-0.16842258,0.0018513192,0.0012249411,-0.046942312,0.031098878,0.06467975,-9.798843,20.489613,-15.000184,1.2045505,0.094666466,-0.12499256,-0.18851323,-0.22949426,-516.35925,-95.93843,537.1736,799.2768,-516.35925,-95.93843,537.1736,799.2768,-1.0,-1.0,1.0,1.0,0.0,-0.4,0.4,0.4
8.4,20.490988,-15.001937,2.005602,-0.19418281,0.0034793457,-0.002928817,0.98095477,-0.002237278,0.0017004086,0.10004912,0.069589615,-0.18806833,0.07489957,0.0035130235,-0.0011594631,0.10002019,0.099702254,-0.14306425,8.81775,20.489695,-15.000122,1.2056051,0.09261741,-0.12997861,-0.12294351,-0.29916328,104.29691,645.81006,-96.86191,539.8533,104.29691,645.81006,-96.86191,539.8533,1.0,1.0,-1.0,1.0,33.524375915527344,0.4,-0.4,0.4
8.416666666666666,20.491056,-15.001963,2.005229,-0.19331194,0.001083074,-7.580353e-05,0.98113674,-0.0037740776,0.0032358994,-0.063157834,0.49863863,0.3505242,-0.16792557,0.004583395,-0.001579479,-0.06316743,0.06422229,-0.025200952,-9.791257,20.489773,-15.000065,1.205232,0.09193439,-0.1359209,-0.04098102,-0.35653707,-605.04407,209.70628,594.19135,-166.62955,-605.04407,209.70628,594.19135,-166.62955,-1.0,1.0,1.0,-1.0,0.0,0.4,0.4,-0.4
8.433333333333334,20.491129,-15.001979,2.0060117,-0.19343057,0.0011054863,0.0014672062,0.98111224,-0.0031625098,0.0023768437,0.08368278,0.075244844,-0.16781346,0.07516831,0.003962025,-0.0007219283,0.083679385,-0.0372822,0.051453035,8.810808,20.489862,-15.000016,1.2060153,0.090704955,-0.14056544,-0.073766105,-0.27867255,171.6761,-655.96045,-206.40627,451.0199,171.6761,-655.96045,-206.40627,451.0199,1.0,-1.0,-1.0,1.0,33.524375915527344,-0.4,-0.4,0.4
8.45,20.491203,-15.001981,2.005365,-0.19255213,-0.00043201682,-0.0009350905,0.98128617,-0.004128724,0.001722345,-0.07963424,-0.35492855,0.3715419,-0.16824834,0.0045122807,0.00012499816,-0.079631954,0.033015337,0.050815586,-9.798679,20.489956,-14.99997,1.2053689,0.089338906,-0.14398053,-0.081962936,-0.20490555,-571.2857,-240.98717,402.96402,-343.25018,-571.2857,-240.98717,402.96402,-343.25018,-1.0,-1.0,1.0,-1.0,0.0,-0.4,0.4,-0.4
8.466666666666667,20.491268,-15.002,2.0058746,-0.1926687,-0.0002511428,-0.0011333562,0.9812631,-0.002940794,0.0027170607,0.067340925,0.08138336,-0.14624746,0.0750631,0.003746051,-0.0015596685,0.0673377,-0.045973774,-0.10107999,8.818178,20.490051,-14.999936,1.2058784,0.08715325,-0.14780545,-0.13113944,-0.22949515,222.9983,528.16205,-385.6121,548.42896,222.9983,528.16205,-385.6121,548.42896,1.0,1.0,-1.0,1.0,33.524375915527344,0.4,-0.4,0.4
8.483333333333333,20.49134,-15.002032,2.0049572,-0.19178942,-0.0030052701,0.0017503555,0.98142993,-0.0032108114,0.0032084028,-0.09587366,0.5106772,0.39233267,-0.16775237,0.0048122555,-0.0019824645,-0.095839836,0.06397226,-0.02536776,-9.790651,20.490145,-14.999904,1.2049612,0.08565061,-0.15245,-0.090158425,-0.27867255,-496.03546,67.34915,261.43137,-249.22769,-496.03546,67.34915,261.43137,-249.22769,-1.0,1.0,1.0,-1.0,0.0,0.4,0.4,-0.4
8.5,20.491375,-15.002048,2.0051951,-0.19190319,-0.0033410077,0.0033239636,0.9814025,-0.0013030244,0.0013263518,0.050972555,0.08704986,-0.12605783,0.075381845,0.0013072948,-0.00047059686,0.050987527,-0.21029764,0.090712056,8.809642,20.490246,-14.999882,1.2051992,0.080869466,-0.15511379,-0.28686848,-0.15982746,300.6816,-729.9821,-498.96185,466.86508,300.6816,-729.9821,-498.96185,466.86508,1.0,-1.0,-1.0,1.0,33.524375915527344,-0.4,-0.4,0.4
8.516666666666666,20.491386,-15.002054,2.0039973,-0.1910167,0.0013635025,0.002243768,0.9815833,-0.0005441214,-8.406794e-05,-0.11282504,-0.34293893,-0.6642358,-0.16783486,0.00026759124,-0.00027377976,-0.11282574,-0.062382214,0.011809025,-9.828795,20.490355,-14.999866,1.2040012,0.07390267,-0.15675305,-0.41800794,-0.0983557,-400.8351,-378.93063,-122.45271,-412.7778,-400.8351,-378.93063,-122.45271,-412.7778,-1.0,-1.0,-1.0,-1.0,0.0,-0.4,-0.4,-0.4
8.533333333333333,20.491417,-15.002046,2.0039601,-0.18815112,0.003378918,0.002489516,0.98213106,-0.0024133786,0.00013109588,0.034664113,0.09013444,-0.10341414,-0.41047895,0.0024884997,0.0009836641,0.034645088,0.1332545,0.07544662,8.848249,20.490467,-14.99986,1.203964,0.068028696,-0.15654814,-0.3524382,0.012294351,382.98758,246.87955,727.64777,-196.66911,382.98758,246.87955,727.64777,-196.66911,1.0,1.0,1.0,-1.0,33.524375915527344,0.4,0.4,-0.4
8.55,20.491463,-15.002015,2.0024962,-0.18628113,0.0012785889,0.00012574837,0.9824956,-0.003891879,-0.00077313394,-0.12866065,-0.33944535,0.43508008,-0.16760051,0.0030215445,0.002050984,-0.12867,0.031982686,0.06403919,-9.798904,20.490576,-14.999856,1.2024996,0.063520774,-0.15463567,-0.27047527,0.11474847,-220.47939,-441.11697,362.62512,801.04846,-220.47939,-441.11697,362.62512,801.04846,-1.0,-1.0,1.0,1.0,0.0,-0.4,0.4,0.4
8.566666666666666,20.49152,-15.00199,2.0021892,-0.18640201,0.00091041776,-4.7483114e-05,0.9824731,-0.0033265406,-2.7065165e-05,0.018308636,0.09676495,-0.08213781,0.075699896,0.0031185334,0.0012481029,0.018302726,0.0058193314,-0.04817286,8.818363,20.490698,-14.999864,1.2021922,0.058876246,-0.1523134,-0.27867165,0.13933627,519.9123,398.30685,-435.33142,554.2131,519.9123,398.30685,-435.33142,554.2131,1.0,1.0,-1.0,1.0,33.524375915527344,0.4,-0.4,0.4
8.583333333333334,20.491583,-15.001962,2.0004528,-0.1855243,-0.0013734761,-0.0023948702,0.9826358,-0.0036667695,8.429168e-06,-0.14501894,-0.3332358,0.45643255,-0.16772024,0.003679991,0.0020854992,-0.1450036,0.033687454,0.05024378,-9.798379,20.49082,-14.999877,1.2004561,0.054641522,-0.14930812,-0.2540834,0.18031685,-159.70522,-176.49294,204.26111,-105.35143,-159.70522,-176.49294,204.26111,-105.35143,-1.0,-1.0,1.0,-1.0,0.0,-0.4,0.4,-0.4
8.6,20.491623,-15.001962,1.999873,-0.1856431,-0.0019266182,-0.002549158,0.98261195,-0.0019711496,0.0014550186,0.0019529584,0.102955565,-0.060659856,0.07557337,0.002360574,-0.00064677495,0.001955999,-0.07916502,-0.16393644,8.817575,20.490936,-14.999899,1.1998762,0.04917737,-0.14773716,-0.32784906,0.09425729,667.23755,537.27856,-624.0018,552.27997,667.23755,537.27856,-624.0018,552.27997,1.0,1.0,-1.0,1.0,33.524375915527344,0.4,-0.4,0.4
8.616666666666667,20.491648,-15.002004,2.0017428,-0.18477087,0.0010822079,0.0016552913,0.98277956,0.00039840932,0.0036161826,0.1489186,0.53755045,-0.5775364,-0.16719738,0.0011678049,-0.0029698678,0.14892885,-0.071566135,-0.13938557,8.818371,20.491064,-14.999932,1.2017457,0.04180076,-0.14835188,-0.44259664,-0.036883052,11.575227,206.21744,-73.75321,-78.95336,11.575227,206.21744,-73.75321,-78.95336,1.0,1.0,-1.0,-1.0,33.524375915527344,0.4,-0.4,-0.4
8.633333333333333,20.491673,-15.002039,2.002183,-0.18488902,0.0021807442,0.0036793866,0.9827501,-0.0009765988,0.0022992492,-0.014395503,0.10697495,-0.039807547,0.075202145,0.0017032871,-0.0019028266,-0.014385718,0.03212893,0.06402247,-9.798874,20.491188,-14.999969,1.2021858,0.034697365,-0.14828357,-0.42620367,0.004098415,-598.1845,-700.18567,670.36316,365.46268,-598.1845,-700.18567,670.36316,365.46268,-1.0,-1.0,1.0,1.0,0.0,-0.4,0.4,0.4
8.65,20.491713,-15.002062,1.9999019,-0.18401623,-0.00047041266,0.0013559702,0.9829221,-0.001652004,0.0013093079,-0.1777027,-0.32292825,0.49843004,-0.16821513,0.0022667735,-0.0010659454,-0.17769754,0.03380918,0.05021287,-9.798709,20.491322,-15.000008,1.1999046,0.028003776,-0.14712244,-0.4016153,0.06966769,-29.062967,-522.03467,206.24004,-75.655846,-29.062967,-522.03467,206.24004,-75.655846,-1.0,-1.0,1.0,-1.0,0.0,-0.4,0.4,-0.4
8.666666666666666,20.491735,-15.002083,1.9987775,-0.1841333,-0.00138477,0.0012218009,0.9828995,-0.00040741777,0.0014943827,-0.03073236,0.113178745,-0.018354129,0.075069994,0.0010181917,-0.0013037111,-0.030726872,-0.0749149,-0.014265942,8.818239,20.491451,-15.000056,1.1987803,0.020353964,-0.14514168,-0.45898876,0.11884599,801.4824,349.33698,-685.0372,564.74414,801.4824,349.33698,-685.0372,564.74414,1.0,1.0,-1.0,1.0,33.524375915527344,0.4,-0.4,0.4
8.683333333333334,20.49173,-15.002093,2.000101,-0.18325028,0.0022571527,0.0001577233,0.98306364,0.0012542342,0.000112432,0.11611614,-0.31231564,-0.5355405,-0.1681444,-0.0006208832,-0.00042470757,0.116120525,-0.09834449,0.05274021,8.810843,20.491583,-15.000116,1.2001035,0.010518491,-0.14158997,-0.5901283,0.21310239,183.43701,-200.67148,-151.45126,-66.42233,183.43701,-200.67148,-151.45126,-66.42233,1.0,-1.0,-1.0,-1.0,33.524375915527344,-0.4,-0.4,-0.4
8.7,20.491735,-15.002103,1.9999965,-0.18336934,0.0033143838,0.0004389347,0.98303837,-0.00047356996,0.00076288066,-0.04706548,0.11768138,0.0037835613,0.07532679,0.00041762937,-0.0006386738,-0.047067862,0.06231075,-0.012837972,-9.791303,20.491718,-15.00018,1.1999987,0.001229434,-0.13769674,-0.55734336,0.23359357,-514.322,485.7181,604.3306,348.4259,-514.322,485.7181,604.3306,348.4259,-1.0,1.0,1.0,1.0,0.0,0.4,0.4,0.4
8.716666666666667,20.49177,-15.002094,2.001054,-0.18248597,0.00015423943,-0.0018497644,0.9832066,-0.0028556713,1.7668353e-05,0.10028035,-0.30686837,0.562938,-0.16809061,0.0027699328,0.0006491328,0.10028066,0.1411382,0.07726839,8.840911,20.491846,-15.000251,1.2010561,-0.0054641515,-0.13202769,-0.4016151,0.3401434,209.07648,-223.52934,193.96593,-33.009502,209.07648,-223.52934,193.96593,-33.009502,1.0,-1.0,1.0,-1.0,33.524375915527344,-0.4,0.4,-0.4
8.733333333333333,20.491804,-15.002093,2.0006793,-0.18259981,-0.0011789589,-0.001957698,0.9831846,-0.0017976405,0.0011811677,-0.06341419,0.12395678,0.025188915,0.075172156,0.0022035472,-0.0001855218,-0.063412115,-0.03398314,-0.050079275,-9.821566,20.491974,-15.000328,1.2006812,-0.012157737,-0.1264269,-0.4016151,0.3360468,-380.3567,495.67532,-643.3489,707.7588,-380.3567,495.67532,-643.3489,707.7588,-1.0,1.0,-1.0,1.0,0.0,0.4,-0.4,0.4
8.75,20.491835,-15.002121,2.0014596,-0.1817228,0.00110365,0.002276216,0.98334646,-0.00023417687,0.0027296022,0.08355263,0.558218,-0.49108946,-0.16756772,0.0013064975,-0.0020580546,0.08356198,-0.053822976,-0.11235196,8.818445,20.49211,-15.000412,1.2014613,-0.019670945,-0.12239709,-0.4507924,0.24178906,285.1932,81.01196,-172.72807,-30.059656,285.1932,81.01196,-172.72807,-30.059656,1.0,1.0,-1.0,-1.0,33.524375915527344,0.4,-0.4,-0.4
8.766666666666666,20.491861,-15.002144,2.000811,-0.18183973,0.001472824,0.0043386226,0.9833175,-0.0017259822,0.0009526145,-0.07975581,0.12801233,0.04595674,0.07485553,0.0018473429,-0.0009956058,-0.079752564,0.032450724,0.06374692,-9.798873,20.492239,-15.000502,1.2008127,-0.02704755,-0.11761594,-0.44259632,0.28686893,-372.3517,-829.8807,546.5266,357.0964,-372.3517,-829.8807,546.5266,357.0964,-1.0,-1.0,1.0,1.0,0.0,-0.4,0.4,0.4
8.783333333333333,20.491884,-15.002122,2.0013173,-0.18094224,0.0045613167,0.0032897752,0.9834776,-0.0015836693,-0.0011613395,0.067109756,-0.29792705,-0.47133994,-0.16834208,0.0015887498,0.0021938917,0.06708382,-0.015515586,0.19136985,8.810183,20.492363,-15.000598,1.2013189,-0.034287553,-0.10914649,-0.43440014,0.5081668,319.62585,-656.2322,-12.943881,-53.355312,319.62585,-656.2322,-12.943881,-53.355312,1.0,-1.0,-1.0,-1.0,33.524375915527344,-0.4,-0.4,-0.4
8.8,20.49192,-15.002073,2.0003934,-0.18102539,0.006050168,-0.0016924792,0.9834583,-0.004239957,-0.001751469,-0.09619444,-0.72761756,0.06676689,0.07464308,0.002134488,0.0032559594,-0.09622504,0.03274429,0.063724056,-9.798531,20.492495,-15.000699,1.2003951,-0.041117743,-0.09842307,-0.40981135,0.64340514,-390.49283,-23.77676,776.2369,325.61282,-390.49283,-23.77676,776.2369,325.61282,-1.0,-1.0,1.0,1.0,0.0,-0.4,0.4,0.4
8.816666666666666,20.492016,-15.002036,2.0006328,-0.1801102,0.0026713172,-0.00570262,0.98362625,-0.0070718974,0.00035303412,0.051253892,-0.2913822,0.6264624,-0.16840385,0.0071126865,0.0016501682,0.05122289,0.2986919,-0.096347466,8.846875,20.492617,-15.000804,1.200634,-0.043030195,-0.08824608,-0.11474713,0.6106196,412.3193,869.78217,433.3375,-936.68567,412.3193,869.78217,433.3375,-936.68567,1.0,1.0,1.0,-1.0,33.524375915527344,0.4,0.4,-0.4
8.833333333333334,20.492128,-15.002018,1.9994402,-0.1802135,0.00079146744,-0.005777029,0.98361015,-0.0063478607,0.0028623661,-0.112449825,0.13932699,0.08907926,0.0748337,0.00654105,0.00082012586,-0.112472184,-0.03429819,-0.049802538,-9.821704,20.49274,-15.00091,1.1994413,-0.04384982,-0.079366826,-0.049177404,0.5327551,-165.56369,624.0515,-395.48148,649.80725,-165.56369,624.0515,-395.48148,649.80725,-1.0,1.0,-1.0,1.0,0.0,0.4,-0.4,0.4
8.85,20.492262,-15.002052,1.999409,-0.17931056,-0.004077427,-0.0027207104,0.98378026,-0.0069378754,0.005494822,0.034954302,0.575262,0.6492476,-0.16789535,0.00818391,-0.0029320677,0.034993675,0.09857157,-0.2251316,8.847951,20.492863,-15.00102,1.1994098,-0.043030195,-0.07390267,0.049177404,0.3278495,558.0198,367.64044,59.87385,-41.087128,558.0198,367.64044,59.87385,-41.087128,1.0,1.0,1.0,-1.0,33.524375915527344,0.4,0.4,-0.4
8.866666666666667,20.492386,-15.002095,1.9979445,-0.17941618,-0.006454521,-0.0010107276,0.9837515,-0.004108431,0.004793284,-0.1288915,0.1452204,0.10902628,0.07545684,0.0071257744,-0.0024796114,-0.12882526,-0.06348811,0.027147377,-9.829136,20.492983,-15.001134,1.1979455,-0.04275699,-0.06884832,0.016392319,0.3032608,-63.798996,-367.7701,-692.53357,571.72577,-63.798996,-367.7701,-692.53357,571.72577,-1.0,-1.0,-1.0,1.0,0.0,-0.4,-0.4,0.4
8.883333333333333,20.492449,-15.002165,1.997634,-0.17851648,-0.004880694,0.0032571314,0.98391944,-0.0010802583,0.0051775863,0.018067747,0.57910246,-0.40673006,-0.16725549,0.002635492,-0.0043836343,0.01811783,-0.26941693,-0.11424137,8.816586,20.4931,-15.001254,1.1976348,-0.046581898,-0.06522832,-0.22949448,0.2171999,664.4989,61.360466,-603.8131,-64.39816,664.4989,61.360466,-603.8131,-64.39816,1.0,1.0,-1.0,-1.0,33.524375915527344,0.4,-0.4,-0.4
8.9,20.492458,-15.0022,1.9997777,-0.17862634,-0.0053605726,0.005376636,0.9838877,-0.0007202812,0.0031548147,0.16542126,0.15446946,0.15093653,0.07521516,-0.00027967428,-0.0012667266,0.16544782,-0.17490996,0.18701445,8.839799,20.493214,-15.001378,1.1997786,-0.054095104,-0.058876246,-0.45079237,0.38112444,28.920084,-892.3042,72.14547,352.83868,28.920084,-892.3042,72.14547,352.83868,1.0,-1.0,1.0,1.0,33.524375915527344,-0.4,0.4,0.4
8.916666666666666,20.492441,-15.002217,2.0004873,-0.18073061,-0.0030200006,0.004382309,0.9835182,0.0015338941,0.00030628964,0.0016232283,-0.2764201,-0.3882187,0.31801096,-0.0013369963,-0.00081939413,0.0016194286,-0.06343932,0.02683995,-9.829702,20.493328,-15.001504,1.2004884,-0.063520774,-0.051089823,-0.56554013,0.46718535,-635.21497,-551.8048,-607.0388,176.24011,-635.21497,-551.8048,-607.0388,176.24011,-1.0,-1.0,-1.0,1.0,0.0,-0.4,-0.4,0.4
8.933333333333334,20.49243,-15.002238,1.9984745,-0.18184255,-0.0032149667,0.004754829,0.9833109,0.0014557175,-0.00061555946,-0.16155133,0.15585439,0.15029308,0.07502482,-0.00027873807,-0.0012675762,-0.16155384,0.06349549,-0.026890924,-9.790396,20.493437,-15.001631,1.1984755,-0.07212682,-0.04350831,-0.5163627,0.4548908,-33.239433,106.17141,94.26233,-4422.345,-33.239433,106.17141,94.26233,-4422.345,-1.0,1.0,1.0,-1.0,0.0,0.4,0.4,-0.4
8.95,20.492376,-15.002223,1.9976172,-0.18095696,-0.0010215456,0.003768008,0.9834832,0.002905617,-0.0029314451,-0.014710268,-0.27071455,-0.36732638,-0.16817498,-0.0037090874,0.0016015552,-0.014734506,-0.20582095,0.17214788,8.80916,20.493542,-15.001759,1.1976185,-0.08346494,-0.033263024,-0.6802873,0.6147171,753.31946,-615.5547,-590.79614,-46.150696,753.31946,-615.5547,-590.79614,-46.150696,1.0,-1.0,-1.0,-1.0,33.524375915527344,-0.4,-0.4,-0.4
8.966666666666667,20.492317,-15.002172,1.9992152,-0.18107596,-0.0015443545,0.0041501024,0.9834591,0.0018371767,-0.0035318907,0.13277736,0.16559677,0.19353977,0.07513517,-0.0035774575,0.0036553915,0.13273853,0.007897792,0.123230174,8.848382,20.493643,-15.001892,1.1992165,-0.09493968,-0.020080756,-0.68848413,0.790936,141.21597,37.017563,107.13737,347.89127,141.21597,37.017563,107.13737,347.89127,1.0,1.0,1.0,1.0,33.524375915527344,0.4,0.4,0.4
8.983333333333333,20.492249,-15.002105,1.9993798,-0.18317777,0.00043125974,0.0031789893,0.9830745,0.0027901982,-0.005683624,-0.031053878,-0.26555526,-0.3457255,0.3179441,-0.004640119,0.0040981923,-0.03108225,-0.06375969,0.026568048,-9.829246,20.493746,-15.002024,1.1993814,-0.10723403,-0.005805661,-0.73766106,0.8565057,-513.57324,-635.2718,-565.5962,181.838,-513.57324,-635.2718,-565.5962,181.838,-1.0,-1.0,-1.0,1.0,0.0,-0.4,-0.4,0.4
9.0,20.492186,-15.002018,2.0007052,-0.18429111,-0.00026835696,0.0035778906,0.98286515,0.0012956755,-0.00576812,0.11643455,0.17181121,0.21423888,0.07493956,-0.0035122198,0.005714169,0.116391435,0.06767396,0.096958585,8.848421,20.493837,-15.002159,1.2007071,-0.118298955,0.01010868,-0.6638954,0.95486045,132.66588,38.56784,154.5368,-4194.0703,132.66588,38.56784,154.5368,-4194.0703,1.0,1.0,1.0,-1.0,33.524375915527344,0.4,0.4,-0.4
9.016666666666666,20.492115,-15.001915,2.0005975,-0.18639019,0.0015304855,0.0026291353,0.9824711,0.001818955,-0.007618099,-0.04739982,-0.25943246,-0.32505918,0.31775233,-0.0045788097,0.006150582,-0.0474267,-0.06399539,0.026184784,-9.829087,20.493927,-15.002291,1.2005996,-0.1297737,0.026910948,-0.688485,1.0081359,-492.6812,-679.82806,-534.83514,172.23918,-492.6812,-679.82806,-534.83514,172.23918,-1.0,-1.0,-1.0,1.0,0.0,-0.4,-0.4,0.4
9.033333333333333,20.492062,-15.001787,2.001649,-0.1874877,0.0016723935,-0.0022368135,0.98226297,-9.601004e-06,-0.00930348,0.09988228,-0.68244654,0.23179731,0.07437111,-0.0030057682,0.0082765855,0.09992742,0.09438249,0.12756021,8.841248,20.49401,-15.002426,1.2016513,-0.1396092,0.04576227,-0.59012973,1.1310793,169.2362,-3.6887069,195.20456,-4119.921,169.2362,-3.6887069,195.20456,-4119.921,1.0,-1.0,1.0,-1.0,33.524375915527344,-0.4,0.4,-0.4
9.05,20.492004,-15.001662,2.0012684,-0.18660486,0.003640334,-0.0049204277,0.9824159,0.00030602887,-0.007305307,-0.06385142,-0.2535726,-0.30529302,-0.16840385,-0.003536878,0.0072145322,-0.06376446,-0.031866584,-0.06372319,-9.821512,20.494085,-15.002557,1.2012719,-0.1490349,0.064067185,-0.5655419,1.0982947,-455.9178,704.6922,-386.27176,-34.25726,-455.9178,704.6922,-386.27176,-34.25726,-1.0,1.0,-1.0,-1.0,0.0,0.4,-0.4,-0.4
9.066666666666666,20.492002,-15.001578,2.0020487,-0.18671764,0.0025789377,-0.0044957944,0.9823999,-0.001784639,-0.004585558,0.08364457,0.1830668,0.25569528,0.07484589,0.0005422782,0.00426209,0.08367895,0.24474935,-0.17714651,8.846604,20.49416,-15.002682,1.2020524,-0.15449907,0.07902531,-0.32784995,0.89748764,301.6351,660.53406,359.16263,341.7692,301.6351,660.53406,359.16263,341.7692,1.0,1.0,1.0,1.0,33.524375915527344,0.4,0.4,0.4
9.083333333333334,20.492006,-15.001516,2.0013976,-0.1888369,0.0029829051,-0.00014139773,0.98200387,-0.0017232854,-0.0030749133,-0.0800052,0.61194515,-0.28030294,0.31820825,-1.3039298e-05,0.0034268303,-0.08000946,-0.03331905,-0.050115593,-9.821304,20.49422,-15.002806,1.2014017,-0.1585972,0.0923442,-0.24588792,0.7991333,-364.08035,50.583958,-282.26654,152.10306,-364.08035,50.583958,-282.26654,152.10306,-1.0,1.0,-1.0,1.0,0.0,0.4,-0.4,0.4
9.1,20.492035,-15.00144,2.001906,-0.18995209,0.0013722467,0.0020423033,0.98179024,-0.0038100476,-0.0035598176,0.06736495,0.1884005,0.28012413,0.07452236,0.0023365528,0.005029241,0.06733849,0.14097552,0.09614465,8.840877,20.494268,-15.002921,1.2019106,-0.15996325,0.1060729,-0.081962936,0.823722,299.62628,-871.455,332.39804,-2417.4065,299.62628,-871.455,332.39804,-2417.4065,1.0,-1.0,1.0,-1.0,33.524375915527344,-0.4,0.4,-0.4
9.116666666666667,20.49206,-15.001351,2.0009809,-0.19204701,0.0026091433,0.0011302875,0.9813816,-0.0037627502,-0.0046942383,-0.09645053,-0.2431892,-0.25932327,0.31730813,0.0012635927,0.0054556476,-0.09647558,-0.0643776,0.025584389,-9.828843,20.494314,-15.003037,1.2009858,-0.16146588,0.12075784,-0.09015798,0.88109624,-330.1981,-637.1198,-369.96338,117.317604,-330.1981,-637.1198,-369.96338,117.317604,-1.0,-1.0,-1.0,1.0,0.0,-0.4,-0.4,0.4
9.133333333333333,20.492113,-15.001255,2.001216,-0.1931541,0.0011597516,0.0015635218,0.9811664,-0.005757233,-0.0039435886,0.051021416,0.19401896,0.30089068,0.07431293,0.003918166,0.006010872,0.050994117,0.15927437,0.033313453,8.848182,20.494349,-15.003146,1.2012217,-0.16009985,0.13544278,0.08196204,0.88109624,385.76077,57.869328,400.35562,-4016.0278,385.76077,57.869328,400.35562,-4016.0278,1.0,1.0,1.0,-1.0,33.524375915527344,0.4,0.4,-0.4
9.15,20.492163,-15.001151,2.0000181,-0.19524695,0.0022199936,0.0006682028,0.98075134,-0.005609371,-0.0049022217,-0.112793155,-0.23765802,-0.23859295,0.3170949,0.0028424582,0.0064310897,-0.11282001,-0.06454245,0.02521307,-9.828847,20.494377,-15.003252,1.2000241,-0.1585972,0.15046924,0.09015887,0.90158784,-232.7377,-642.7782,-373.92422,95.95302,-232.7377,-642.7782,-373.92422,95.95302,-1.0,-1.0,-1.0,1.0,0.0,-0.4,-0.4,0.4
9.166666666666666,20.49224,-15.001041,1.9999813,-0.19635119,0.00059033534,0.0011079542,0.9805328,-0.007373454,-0.00403169,0.034671612,0.1994956,0.3216659,0.074103184,0.005277515,0.006643372,0.034651935,0.1461034,0.012736944,8.848315,20.4944,-15.003346,1.1999876,-0.15463567,0.1650859,0.23769198,0.87699914,496.3758,60.421486,391.07266,-4013.005,496.3758,60.421486,391.07266,-4013.005,1.0,1.0,1.0,-1.0,33.524375915527344,0.4,0.4,-0.4
9.183333333333334,20.492317,-15.000928,1.9985111,-0.19844234,0.0014741737,0.00022764133,0.9801114,-0.006998786,-0.004850123,-0.12914328,-0.2322674,-0.217854,0.31687927,0.004199363,0.0070574097,-0.1291629,-0.06468912,0.024842255,-9.828889,20.494417,-15.00344,1.1985177,-0.15040094,0.17990747,0.25408384,0.8892944,-116.824974,-627.1606,-404.65613,76.28438,-116.824974,-627.1606,-404.65613,76.28438,-1.0,-1.0,-1.0,1.0,0.0,-0.4,-0.4,0.4
9.2,20.492413,-15.000813,1.9982017,-0.199543,-0.0003359669,0.00067217444,0.97988874,-0.008395953,-0.0038982658,0.018314611,0.20482951,0.34244546,0.07389339,0.006185917,0.0068928204,0.018312208,0.119193256,-0.009875362,8.848505,20.494421,-15.003519,1.1982092,-0.14384393,0.19384114,0.39342013,0.83602035,618.25366,82.91646,346.93152,-4017.624,618.25366,82.91646,346.93152,-4017.624,1.0,1.0,1.0,-1.0,33.524375915527344,0.4,0.4,-0.4
9.216666666666667,20.4925,-15.00069,2.0003424,-0.20163262,0.00023466066,-0.00019009669,0.97946113,-0.0073205074,-0.0051621804,0.16515687,-0.22191536,-0.17575261,0.3166541,0.0047748755,0.0075880387,0.16515644,-0.0846625,0.041713096,8.810654,20.494417,-15.003581,1.2003498,-0.13728693,0.20702349,0.39342013,0.79094046,14.96875,-591.13654,-462.7791,56.1393,14.96875,-591.13654,-462.7791,56.1393,1.0,-1.0,-1.0,1.0,33.524375915527344,-0.4,-0.4,0.4
9.233333333333333,20.492596,-15.0005665,2.0010552,-0.20272857,-0.0018011733,0.00025824923,0.9792332,-0.008231558,-0.004266316,0.0019509726,0.2099263,0.36323196,0.07368058,0.0058539226,0.0071834405,0.0019738614,0.064742826,-0.02427589,-9.790954,20.49441,-15.003634,1.2010633,-0.1299103,0.21972772,0.44259754,0.76225424,-617.65466,132.03294,230.04211,-3302.1824,-617.65466,132.03294,230.04211,-3302.1824,-1.0,1.0,1.0,-1.0,0.0,0.4,0.4,-0.4
9.25,20.492682,-15.000443,1.9990405,-0.204817,-0.0012693513,-0.0005972376,0.9787992,-0.006970987,-0.0049302354,-0.16186763,-0.22200455,-0.17636192,0.31644043,0.004771938,0.0075850035,-0.16184478,-0.06491907,0.024093779,-9.829118,20.4944,-15.003693,1.1990489,-0.123080105,0.23270519,0.409812,0.7786479,-1.7026199,-531.79895,-577.28174,50.11254,-1.7026199,-531.79895,-577.28174,50.11254,-1.0,-1.0,-1.0,1.0,0.0,-0.4,-0.4,0.4
9.266666666666666,20.492764,-15.00033,1.9981863,-0.20590834,-0.00343972,-0.00014936652,0.9785652,-0.0071664522,-0.0039499477,-0.014409774,0.21497706,0.3840081,0.07347109,0.005062922,0.0065276283,-0.014365188,0.01745903,-0.06344251,8.848775,20.49438,-15.003732,1.1981953,-0.11584009,0.2436336,0.4344007,0.6557044,737.2106,182.9531,79.15085,-4027.3489,737.2106,182.9531,79.15085,-4027.3489,1.0,1.0,1.0,-1.0,33.524375915527344,0.4,0.4,-0.4
9.283333333333333,20.492811,-15.000224,1.9997826,-0.20799455,-0.0032204548,-0.0009906957,0.97812414,-0.005004226,-0.005086711,0.1324326,-0.21194229,-0.13428554,0.3162054,0.001721631,0.006248638,0.13246621,-0.20047744,-0.016739415,8.809883,20.494356,-15.003749,1.1997918,-0.11064913,0.25244462,0.31145763,0.52866155,159.4922,-417.7752,-698.5855,42.1454,159.4922,-417.7752,-698.5855,42.1454,1.0,-1.0,-1.0,1.0,33.524375915527344,-0.4,-0.4,0.4
9.3,20.49283,-15.0001335,1.9999444,-0.20908742,0.0009625214,0.0008421757,0.9778961,-0.003308596,-0.0042387643,-0.031211713,0.21750855,-0.6709397,0.073355086,0.0012381673,0.005157154,-0.03122428,-0.029007824,-0.06548904,-9.821429,20.494322,-15.003759,1.1999542,-0.10682422,0.25968468,0.2294947,0.4344034,-501.77933,305.21198,-162.19109,-3311.211,-501.77933,305.21198,-162.19109,-3311.211,-1.0,1.0,-1.0,-1.0,0.0,0.4,-0.4,-0.4
9.316666666666666,20.492867,-15.000024,2.0012655,-0.20819196,0.0031898005,0.00046789902,0.9780826,-0.0045948434,-0.0051665995,0.116156384,-0.20608677,-0.112588525,-0.17016134,0.0027944387,0.006850584,0.11612654,0.09337628,0.10160579,8.841048,20.494282,-15.003748,1.2012756,-0.10136006,0.26671985,0.3278495,0.42210993,179.08232,-592.315,682.1027,-2120.5522,179.08232,-592.315,682.1027,-2120.5522,1.0,-1.0,1.0,-1.0,33.524375915527344,-0.4,0.4,-0.4
9.333333333333334,20.49292,-14.999896,2.0011597,-0.2082722,0.0017408179,-0.0043326872,0.97805977,-0.006302954,-0.005476849,-0.047214605,-0.6343576,0.4239878,0.07254583,0.0032789025,0.007935372,-0.047172245,0.029067824,0.06508729,-9.797927,20.494242,-15.0037365,1.20117,-0.094666466,0.2750528,0.40161562,0.49997625,-482.24454,-30.257044,322.68054,399.30396,-482.24454,-30.257044,322.68054,399.30396,-1.0,-1.0,1.0,1.0,0.0,-0.4,0.4,0.4
9.35,20.492992,-14.999816,2.0022101,-0.20737213,0.0019786137,-0.006916787,0.97823566,-0.005562228,-0.0029328507,0.09974528,-0.20082399,-0.09135094,-0.17040733,0.0045662317,0.0036692226,0.09977148,0.07723975,-0.25596896,8.816623,20.494196,-15.003706,1.2022208,-0.08619702,0.2786045,0.5081668,0.21310328,222.9444,751.81036,-378.62912,-49.255898,222.9444,751.81036,-378.62912,-49.255898,1.0,1.0,-1.0,-1.0,33.524375915527344,0.4,-0.4,-0.4
9.366666666666667,20.493084,-14.999756,2.0018334,-0.20745344,-0.00079065945,-0.006452833,0.97822326,-0.0062842257,-0.00013937429,-0.06345098,0.23145345,0.44851607,0.07288581,0.005615013,0.0034997507,-0.06341736,0.06292688,-0.010168309,-9.79133,20.494148,-15.003667,1.2018437,-0.07622493,0.28010717,0.59832525,0.09015977,-399.86337,722.2271,314.25122,392.26797,-399.86337,722.2271,314.25122,392.26797,-1.0,1.0,1.0,1.0,0.0,0.4,0.4,0.4
9.383333333333333,20.493177,-14.999759,2.0026133,-0.20952411,-0.002277341,-0.0020237162,0.97779876,-0.0045559914,0.0028795418,0.0835128,0.66449,-0.065660745,0.3163162,0.00503472,-0.0011701464,0.08352675,-0.034817588,-0.28019384,8.816646,20.494099,-15.00361,1.2026232,-0.065979645,0.2758041,0.6147171,-0.25818405,301.04877,201.74254,-602.13336,52.785507,301.04877,201.74254,-602.13336,52.785507,1.0,1.0,-1.0,1.0,33.524375915527344,0.4,-0.4,0.4
9.4,20.493248,-14.999775,2.001958,-0.2106094,0.0009410884,0.0015720396,0.9775685,-0.003421099,0.0023492773,-0.080280036,0.23256594,-0.60273093,0.0727442,0.003990416,-0.0010107267,-0.08028177,-0.06265824,0.009565183,-9.828511,20.494041,-15.003545,1.2019675,-0.05682718,0.26999837,0.54914784,-0.34834382,-344.74496,-694.12445,-54.211666,-1609.0729,-344.74496,-694.12445,-54.211666,-1609.0729,-1.0,-1.0,-1.0,-1.0,0.0,-0.4,-0.4,-0.4
9.416666666666666,20.493328,-14.999766,2.002462,-0.2097093,0.002587883,0.0012052632,0.97775954,-0.0049435403,0.0012419233,0.067094155,-0.19086215,-0.04466352,-0.17077656,0.0053235944,0.001125544,0.067067124,0.07999071,0.12817623,8.840933,20.49398,-15.003462,1.2024705,-0.0467185,0.26467076,0.6065207,-0.3196567,332.86462,-558.4719,773.935,-2022.4495,332.86462,-558.4719,773.935,-2022.4495,1.0,-1.0,1.0,-1.0,33.524375915527344,-0.4,0.4,-0.4
9.433333333333334,20.493431,-14.999747,2.0015397,-0.20980956,-0.0005814253,0.0016635736,0.9777406,-0.006165466,0.0013972514,-0.09612423,0.24163234,0.49531198,0.07251343,0.006372306,0.000966094,-0.09611604,0.062922694,-0.009566995,-9.79099,20.493921,-15.003369,1.2015482,-0.035107177,0.25941145,0.6966794,-0.31555828,-350.38626,18.929178,346.1464,381.34628,-350.38626,18.929178,346.1464,381.34628,-1.0,1.0,1.0,1.0,0.0,0.4,0.4,0.4
9.45,20.493513,-14.999715,2.001773,-0.21188585,-0.0013054227,0.0008362065,0.97729313,-0.00504068,-3.8211234e-05,0.05071336,-0.18597189,-0.023315117,0.31524676,0.00442486,0.0021772187,0.050724108,-0.11684677,0.07266748,8.810409,20.493856,-15.0032625,1.2017812,-0.024588682,0.25408387,0.63110965,-0.3196549,407.43332,-556.4851,-563.55255,28.80338,407.43332,-556.4851,-563.55255,28.80338,1.0,-1.0,-1.0,1.0,33.524375915527344,-0.4,-0.4,0.4
9.466666666666667,20.493599,-14.999682,2.0005789,-0.21296863,-0.0046526752,0.0012858545,0.977047,-0.0047953934,0.00015351828,-0.11249833,0.2456556,0.5161678,0.07232385,0.0055084997,0.0017963918,-0.11245142,0.06501839,-0.022849612,-9.790531,20.49379,-15.003149,1.2005864,-0.013660379,0.24827816,0.6556981,-0.34834293,-281.27356,135.21645,3.053246,-3145.1416,-281.27356,135.21645,3.053246,-3145.1416,-1.0,1.0,1.0,-1.0,0.0,0.4,0.4,-0.4
9.483333333333333,20.493635,-14.999648,2.0005398,-0.21504438,-0.0055511356,0.00046017728,0.97658837,-0.002189929,-0.0014571622,0.034350224,-0.18203364,-0.0025293082,0.3150541,0.0009959863,0.00219108,0.034366615,-0.2707508,0.023681292,8.809082,20.493727,-15.00302,1.2005471,-0.0065569817,0.24151622,0.4262038,-0.40571627,494.19342,-395.17737,-802.70935,21.706322,494.19342,-395.17737,-802.70935,21.706322,1.0,-1.0,-1.0,1.0,33.524375915527344,-0.4,-0.4,0.4
9.5,20.493649,-14.999624,1.9990662,-0.21611652,-0.002507409,0.0023256175,0.9763615,-0.00043873198,-0.001496958,-0.12932508,0.24643385,-0.53874,0.072163455,0.0005292309,0.0010951225,-0.12932877,-0.02800532,-0.065757446,-9.821723,20.493664,-15.002885,1.1990728,-0.0010928303,0.23352481,0.32784906,-0.47948417,-155.48581,271.88846,-478.28424,-3197.436,-155.48581,271.88846,-478.28424,-3197.436,-1.0,1.0,-1.0,-1.0,0.0,0.4,-0.4,-0.4
9.516666666666666,20.49364,-14.999582,1.9987528,-0.21521549,-0.0014039143,0.0019631265,0.9765636,-0.00089297746,-0.0030789596,0.018033328,-0.17687649,0.019124977,-0.17134456,-0.00054863613,0.003227324,0.018021146,-0.06467202,0.12793209,8.840995,20.4936,-15.002736,1.198759,0.0028686796,0.22587495,0.23769058,-0.4589921,653.70026,-623.96674,331.82956,-2016.4645,653.70026,-623.96674,331.82956,-2016.4645,1.0,-1.0,1.0,-1.0,33.524375915527344,-0.4,0.4,-0.4
9.533333333333333,20.493608,-14.999514,2.0008888,-0.21530177,0.0024946993,-0.0014198596,0.97654337,0.00095717376,-0.0054498473,0.16485038,-0.6037668,-0.499164,0.071639776,-0.0022560605,0.004262008,0.1648727,-0.10244546,0.062081024,8.811092,20.493538,-15.002564,1.2008948,0.00505434,0.21849829,0.13113964,-0.44259933,13.4956045,-9.780794,-235.58481,408.74182,13.4956045,-9.780794,-235.58481,408.74182,1.0,-1.0,-1.0,1.0,33.524375915527344,-0.4,-0.4,0.4
9.55,20.493586,-14.999449,2.0015967,-0.21439932,0.0037641912,-0.003519502,0.97673243,-0.0005624071,-0.0040279096,0.0016519133,-0.17126572,0.040912673,-0.17087363,-0.0011615426,0.003884381,0.001682733,0.06567107,-0.02265761,-9.791398,20.493477,-15.002389,1.2016023,0.0077864155,0.21057521,0.1639245,-0.47538486,-623.37695,779.3079,523.9308,-2333.8972,-623.37695,779.3079,523.9308,-2333.8972,-1.0,1.0,1.0,-1.0,0.0,0.4,0.4,-0.4
9.566666666666666,20.493582,-14.999387,1.9995848,-0.21448296,-0.00014061244,-0.0030674748,0.9767229,-0.0012062598,-0.0024757013,-0.1615235,0.26163167,0.5811002,0.072415404,-0.000110168934,0.003730889,-0.16150385,0.06308242,-0.009209517,-9.791194,20.493416,-15.0022135,1.19959,0.011884529,0.20244724,0.2458868,-0.48767832,-6.5481663,461.5113,166.64674,399.21332,-6.5481663,461.5113,166.64674,399.21332,-1.0,1.0,1.0,1.0,0.0,0.4,0.4,0.4
9.583333333333334,20.493563,-14.999346,1.9987286,-0.2165498,-0.0016025007,-0.0038917654,0.9762625,0.00037023216,-0.0022250195,-0.014674896,-0.16644458,0.06217911,0.31516728,-0.0012551337,0.0019814325,-0.014660796,-0.06869788,-0.10496738,8.810583,20.49335,-15.002022,1.1987331,0.015299624,0.19165547,0.20490567,-0.64750576,728.09686,-83.435974,-783.38995,67.397316,728.09686,-83.435974,-783.38995,67.397316,1.0,-1.0,-1.0,1.0,33.524375915527344,-0.4,-0.4,0.4
9.6,20.493534,-14.999358,2.000321,-0.21763916,0.00074147515,-0.0020177858,0.9760269,0.0025475891,0.000120536424,0.13229074,0.26651192,-0.45238662,0.072264574,-0.0019473672,-0.0016698247,0.13229045,-0.04153401,-0.21907541,8.817074,20.49329,-15.001812,1.2003247,0.017485285,0.17574105,0.13113967,-0.95486546,93.86788,646.44275,-257.50107,-2782.8486,93.86788,646.44275,-257.50107,-2782.8486,1.0,1.0,-1.0,-1.0,33.524375915527344,0.4,-0.4,-0.4
9.616666666666667,20.493502,-14.999375,2.0004845,-0.21674138,0.0012495858,-0.0023690313,0.9762253,0.0016040483,0.00027572177,-0.031013047,-0.16161871,0.08381533,-0.17122322,-0.0014441725,-0.00080197013,-0.031011762,0.030191684,0.052071273,-9.798132,20.493223,-15.001599,1.2004879,0.019944152,0.15928021,0.14753199,-0.9876501,-518.5227,-82.668915,500.2492,-887.0846,-518.5227,-82.668915,500.2492,-887.0846,-1.0,-1.0,1.0,-1.0,0.0,-0.4,0.4,-0.4
9.633333333333333,20.49349,-14.999415,2.0018046,-0.21684083,0.0034093459,-0.00049527414,0.9762008,0.0025138794,0.0020468184,0.11594251,0.27165318,-0.43025148,0.072197385,-0.0006142162,-0.0028593054,0.11595094,0.049797375,-0.12344012,8.817761,20.493168,-15.001375,1.2018069,0.02308604,0.14036053,0.18851323,-1.1351805,177.3708,531.434,-45.971447,410.52988,177.3708,531.434,-45.971447,410.52988,1.0,1.0,-1.0,1.0,33.524375915527344,0.4,-0.4,0.4
9.65,20.49349,-14.999454,2.001696,-0.21594052,0.0037271073,-0.0008419389,0.976399,0.0006111513,0.0019141077,-0.04735602,-0.15637633,0.10584772,-0.17128201,-0.0001088833,-0.0019916815,-0.04735664,0.030319972,0.052057426,-9.798454,20.493113,-15.001148,1.201698,0.02704755,0.12137256,0.23769064,-1.1392785,-522.1866,-249.17229,725.64996,-793.92725,-522.1866,-249.17229,725.64996,-793.92725,-1.0,-1.0,1.0,-1.0,0.0,-0.4,0.4,-0.4
9.666666666666666,20.493528,-14.99949,2.00275,-0.21602982,-0.00087262504,-0.00038813587,0.97638625,-0.0018758068,0.0033024203,0.10011332,0.28184435,0.6677185,0.07201294,0.0029400645,-0.0023164828,0.10011539,0.18293686,-0.019488078,8.848321,20.493057,-15.000912,1.2027513,0.03374114,0.10183817,0.4016153,-1.1720631,189.63185,359.82178,191.62643,396.3483,189.63185,359.82178,191.62643,396.3483,1.0,1.0,1.0,1.0,33.524375915527344,0.4,0.4,0.4
9.683333333333334,20.49356,-14.999525,2.0023713,-0.21809727,-0.002928558,-0.0012081587,0.9759218,-0.00044773403,0.0026105451,-0.06370153,-0.15165439,0.12709875,0.31482866,0.0018469924,-0.0019400051,-0.06370028,-0.065584324,0.022588663,-9.82894,20.492998,-15.000675,1.2023723,0.04029812,0.08237211,0.3934188,-1.1679639,-403.90808,-179.9905,-748.8487,223.63493,-403.90808,-179.9905,-748.8487,223.63493,-1.0,-1.0,-1.0,1.0,0.0,-0.4,-0.4,0.4
9.7,20.493563,-14.999582,2.0031464,-0.2191734,-0.0011401376,0.00066889945,0.97568494,0.001718237,0.0037669777,0.08325304,0.28071725,-0.38724315,0.07194394,-0.0001517016,-0.0040728804,0.08325623,-0.11992163,-0.12797251,8.8173895,20.492943,-15.000427,1.2031474,0.044396233,0.06051549,0.2458868,-1.311397,201.52715,530.48535,-320.1608,-2778.903,201.52715,530.48535,-320.1608,-2778.903,1.0,1.0,-1.0,-1.0,33.524375915527344,0.4,-0.4,-0.4
9.716666666666667,20.493568,-14.9996395,2.0024924,-0.21827345,-0.0011881797,0.0003147152,0.9758868,0.0012249805,0.0029551543,-0.08004756,-0.14717928,0.14872257,-0.17151134,0.00034733376,-0.0032030842,-0.08004665,0.02994212,0.052187767,-9.798172,20.492893,-15.00018,1.202493,0.048357747,0.038727175,0.23769087,-1.3072988,-452.607,-268.8718,405.4421,-901.8561,-452.607,-268.8718,405.4421,-901.8561,-1.0,-1.0,1.0,-1.0,0.0,-0.4,0.4,-0.4
9.733333333333333,20.493559,-14.999704,2.0029955,-0.21836042,0.00041405478,0.0021901468,0.9758656,0.0025341208,0.0034417347,0.066900775,0.28589112,-0.36522132,0.07190876,-0.00083557714,-0.0038954092,0.06691867,-0.07097465,-0.041539494,8.817919,20.492846,-14.999933,1.2029958,0.051089823,0.016392455,0.16392453,-1.3400831,321.6953,358.2589,-238.78886,413.28693,321.6953,358.2589,-238.78886,413.28693,1.0,1.0,-1.0,1.0,33.524375915527344,0.4,-0.4,0.4
9.75,20.49355,-14.999756,2.0020692,-0.21746074,0.00017591323,0.0018397698,0.97606725,0.0014773826,0.0022588146,-0.09639828,-0.14190418,0.17065664,-0.17152366,-0.00033472726,-0.0030259194,-0.09638799,0.030050993,0.052169383,-9.798399,20.492798,-14.999681,1.2020695,0.0538219,-0.0053275474,0.16392453,-1.3032,-403.04794,-449.6201,487.65997,-831.7522,-403.04794,-449.6201,487.65997,-831.7522,-1.0,-1.0,1.0,-1.0,0.0,-0.4,0.4,-0.4
9.766666666666666,20.493536,-14.999799,2.0022998,-0.21754713,0.0015912852,0.0037158984,0.9760414,0.0021394608,0.002261574,0.050555505,0.29106876,-0.34321812,0.071900606,-0.0009011879,-0.0025542667,0.0505788,-0.033987638,0.028299162,8.8180065,20.492754,-14.99943,1.2023005,0.05600756,-0.026432835,0.13113967,-1.2663171,393.41696,167.03691,-172.31561,414.22324,393.41696,167.03691,-172.31561,414.22324,1.0,1.0,-1.0,1.0,33.524375915527344,0.4,-0.4,0.4
9.783333333333333,20.49353,-14.999832,2.0011015,-0.21664815,0.0011639165,0.0033701842,0.9762432,0.00065317855,0.000673512,-0.11274048,-0.13662583,0.19257471,-0.17150067,-0.00039853103,-0.0016852804,-0.112731084,0.03015941,0.052139178,-9.798593,20.492716,-14.999184,1.2011023,0.058329828,-0.046445295,0.13933605,-1.2007476,-324.30054,-643.8987,540.5939,-788.58984,-324.30054,-643.8987,540.5939,-788.58984,-1.0,-1.0,1.0,-1.0,0.0,-0.4,0.4,-0.4
9.8,20.493511,-14.999828,2.0010586,-0.2167244,0.0035889824,7.3890515e-06,0.97622615,0.00081920205,-0.001002023,0.034108937,-0.5639067,-0.32657874,0.0713926,-0.00092732377,0.00061480695,0.034115344,-0.031727564,0.13800524,8.810785,20.492676,-14.998939,1.2010597,0.059832472,-0.06372568,0.09015865,-1.036823,482.7869,-62.74409,-125.86078,410.10052,482.7869,-62.74409,-125.86078,410.10052,1.0,-1.0,-1.0,1.0,33.524375915527344,-0.4,-0.4,0.4
9.816666666666666,20.493507,-14.999822,1.9995869,-0.2158161,0.0033795862,-0.0020755655,0.97642595,-0.0009908841,0.00056401873,-0.12907088,-0.13085315,0.21419585,-0.17124267,0.00016878093,0.00024103395,-0.12907559,0.06576628,-0.022426378,-9.791455,20.492638,-14.998694,1.1995883,0.06229134,-0.08073287,0.14753199,-1.0204312,-224.52151,778.2658,604.8018,-1949.4386,-224.52151,778.2658,604.8018,-1949.4386,-1.0,1.0,1.0,-1.0,0.0,0.4,0.4,-0.4
9.833333333333334,20.49355,-14.99983,1.999279,-0.2158973,-0.0021511388,-0.0016056381,0.97641236,-0.002444116,0.002043834,0.01839203,0.30784282,0.7765325,0.072058395,0.0030134493,-0.0008975969,0.018399218,0.17068009,-0.068317845,8.848488,20.492607,-14.998456,1.199281,0.067482285,-0.09842307,0.31145674,-1.0614122,617.33795,423.25925,91.71264,393.61597,617.33795,423.25925,91.71264,393.61597,1.0,1.0,1.0,1.0,33.524375915527344,0.4,0.4,0.4
9.85,20.493565,-14.999862,2.0014212,-0.21796128,-0.0052757217,-0.0024085883,0.97594017,-0.0011316712,0.0014487801,0.16523817,-0.12137216,0.256835,0.31494114,0.000112421105,-0.0019865315,0.16523641,-0.17406169,-0.06533608,8.810231,20.49258,-14.998231,1.2014235,0.070487574,-0.116796315,0.1803173,-1.1023946,1.0994985,-55.89502,-861.7332,222.2849,1.0994985,-55.89502,-861.7332,222.2849,1.0,-1.0,-1.0,1.0,33.524375915527344,-0.4,-0.4,0.4
9.866666666666667,20.49356,-14.99991,2.002129,-0.21903445,-0.004461455,-0.0005270887,0.9757067,0.0016165647,0.0026354147,0.0015411151,0.30498627,-0.27859887,0.072131634,-0.00034798935,-0.0030780928,0.0015290456,-0.027624626,-0.06549367,-9.822441,20.492558,-14.998007,1.202132,0.07185361,-0.13633071,0.08196204,-1.1720636,-629.01,585.19086,-598.00793,-1843.6691,-629.01,585.19086,-598.00793,-1843.6691,-1.0,1.0,-1.0,-1.0,0.0,0.4,-0.4,-0.4
9.883333333333333,20.49356,-14.999952,2.0001135,-0.2181368,-0.0054344595,-0.0008827223,0.9759026,0.0025829354,0.0019594787,-0.16174848,-0.122481704,0.25697872,-0.171192,0.0001506924,-0.002210517,-0.1617658,0.029920902,0.05205455,-9.79769,20.492533,-14.997783,1.2001173,0.07362946,-0.155387,0.10655119,-1.1433773,-61.8819,-127.69011,34.111034,-732.77924,-61.8819,-127.69011,34.111034,-732.77924,-1.0,-1.0,1.0,-1.0,0.0,-0.4,0.4,-0.4
9.9,20.49352,-15.000012,1.999254,-0.21822049,-0.0047581983,0.000994203,0.9758873,0.005289559,0.0022048987,-0.014790554,0.31020874,-0.25678802,0.072252534,-0.0037026806,-0.0042458503,-0.014827826,-0.23120236,-0.12211999,8.8162775,20.492521,-14.997563,1.1992584,0.0715804,-0.17539954,-0.12294351,-1.2007525,751.64325,438.53436,-691.1681,427.192,751.64325,438.53436,-691.1681,427.192,1.0,1.0,-1.0,1.0,33.524375915527344,0.4,-0.4,0.4
9.916666666666666,20.493404,-15.000077,2.0008426,-0.21731332,0.0005145103,0.0020743308,0.97609955,0.008440757,0.0007309583,0.13199328,-0.11845249,-0.7759779,-0.17113924,-0.007319843,-0.003678769,0.13201095,-0.21702974,0.03402487,8.810327,20.492504,-14.997364,1.2008477,0.064477,-0.19431926,-0.42620432,-1.1351832,101.77263,-227.85893,-112.993256,-715.1168,101.77263,-227.85893,-112.993256,-715.1168,1.0,-1.0,-1.0,-1.0,33.524375915527344,-0.4,-0.4,-0.4
9.933333333333334,20.493296,-15.000141,2.0010028,-0.21740136,0.003149713,0.0044137477,0.9760672,0.007042869,0.00057559833,-0.031233106,0.3137006,-0.23425794,0.072186865,-0.006264795,-0.0038218272,-0.031170279,0.06330287,-0.008583488,-9.790874,20.492493,-14.9971695,1.2010089,0.0575102,-0.21282919,-0.41800773,-1.1105953,-603.48346,190.72351,674.13104,179.45941,-603.48346,190.72351,674.13104,179.45941,-1.0,1.0,1.0,1.0,0.0,0.4,0.4,0.4
9.95,20.493221,-15.000153,2.002325,-0.21651086,0.0016582409,0.0040586013,0.9762703,0.004450318,-0.0014622664,0.116154715,-0.108697504,0.3227061,-0.17116903,-0.0044793007,0.00044771255,0.11616194,0.107129656,0.2561724,8.839932,20.492495,-14.99699,1.2023317,0.05204605,-0.22648966,-0.32784906,-0.8196285,77.63239,-703.92004,397.37442,-442.75388,77.63239,-703.92004,397.37442,-442.75388,1.0,-1.0,1.0,-1.0,33.524375915527344,-0.4,0.4,-0.4
9.966666666666667,20.493132,-15.00014,2.002213,-0.21659142,0.0031163625,0.00068712304,0.976257,0.004401548,-0.003098505,-0.047676735,-0.5410128,-0.21864009,0.071671724,-0.0055747703,0.0008180767,-0.047647648,-0.06572817,0.022221848,-9.828575,20.492489,-14.996815,1.2022206,0.04603548,-0.23816939,-0.36063415,-0.7007834,-503.18213,-116.04866,-332.10873,594.0527,-503.18213,-116.04866,-332.10873,594.0527,-1.0,-1.0,-1.0,1.0,0.0,-0.4,-0.4,0.4
9.983333333333333,20.493076,-15.000123,2.003262,-0.21568689,0.0018451469,-0.0014036009,0.9764598,0.002136946,-0.0022582177,0.09980532,-0.10279387,0.3441948,-0.17105874,-0.002469229,0.0009538282,0.09981864,0.18633246,0.008145089,8.847977,20.492485,-14.996657,1.2032698,0.042347178,-0.24820985,-0.2212981,-0.60242766,107.70553,735.304,433.0801,-1709.1095,107.70553,735.304,433.0801,-1709.1095,1.0,1.0,1.0,-1.0,33.524375915527344,0.4,0.4,-0.4
10.0,20.49303,-15.000118,2.0028796,-0.21578372,0.0019191608,0.00047255078,0.9764392,0.0024085005,-0.0013398965,-0.06388804,0.32480425,-0.19096321,0.07235562,-0.0029752406,8.8308334e-05,-0.06387815,-0.030360691,-0.051931188,-9.821807,20.492487,-14.996505,1.2028879,0.03893208,-0.25879675,-0.20490578,-0.6352141,-460.2559,353.34146,-267.86154,578.77344,-460.2559,353.34146,-267.86154,578.77344,-1.0,1.0,-1.0,1.0,0.0,0.4,-0.4,0.4
10.016666666666666,20.492998,-15.000095,2.0036569,-0.21488856,5.8776877e-05,0.00013273102,0.97663856,0.0006378845,-0.0021211598,0.083479345,-0.09738389,0.36589083,-0.17101675,-0.0014644803,0.0016812697,0.08347896,0.09064561,0.09557768,8.841426,20.492485,-14.996369,1.2036657,0.03674642,-0.26685646,-0.13113967,-0.4835826,192.55472,-463.97952,353.39197,-333.24524,192.55472,-463.97952,353.39197,-333.24524,1.0,-1.0,1.0,-1.0,33.524375915527344,-0.4,0.4,-0.4
10.033333333333333,20.492968,-15.000077,2.0030024,-0.21498154,-5.1964285e-05,0.0020135653,0.97661597,0.0013849917,-0.00188594,-0.080212586,0.33013126,-0.16923963,0.072396055,-0.001971308,0.0008163482,-0.08021834,-0.030409655,-0.05189529,-9.821837,20.492485,-14.996239,1.2030119,0.034560762,-0.27491617,-0.13113944,-0.4835826,-410.57397,194.5743,-417.05008,580.1531,-410.57397,194.5743,-417.05008,580.1531,-1.0,1.0,-1.0,1.0,0.0,0.4,-0.4,0.4
10.05,20.492935,-15.000035,2.0035071,-0.21408963,-0.0021002332,0.0016786305,0.9768103,0.0002467821,-0.0033591525,0.06715498,-0.091968715,0.38756424,-0.170984,-0.0019529086,0.003107824,0.06713914,0.0011039595,0.13748853,8.841448,20.492487,-14.996131,1.2035171,0.032101892,-0.27962908,-0.14753221,-0.28277454,264.03024,-643.542,167.18118,-413.35065,264.03024,-643.542,167.18118,-413.35065,1.0,-1.0,1.0,-1.0,33.524375915527344,-0.4,0.4,-0.4
10.066666666666666,20.4929,-14.999992,2.00258,-0.21417858,-0.002395335,0.0035651808,0.97678506,0.0016004033,-0.0038386527,-0.096527,0.3354648,-0.1475421,0.07242894,-0.0024605256,0.0022434695,-0.09655916,-0.03045702,-0.051861264,-9.8218975,20.492496,-14.996026,1.2025901,0.028960003,-0.28406873,-0.18851335,-0.2663791,-338.6167,34.30797,-629.90247,587.77057,-338.6167,34.30797,-629.90247,587.77057,-1.0,1.0,-1.0,1.0,0.0,0.4,-0.4,0.4
10.083333333333334,20.492828,-14.999927,2.0028062,-0.2132622,0.0019497885,0.004633636,0.976982,0.0029100147,-0.0060432814,0.05031356,-0.09365064,-0.6673649,-0.17088367,-0.0050714314,0.0047781267,0.050278164,-0.15665434,0.15207943,8.810239,20.492506,-14.995945,1.2028165,0.02308604,-0.28516158,-0.35243776,-0.06557106,356.77155,-817.0772,-118.15082,-484.13556,356.77155,-817.0772,-118.15082,-484.13556,1.0,-1.0,-1.0,-1.0,33.524375915527344,-0.4,-0.4,-0.4
10.1,20.492748,-14.999831,2.0016031,-0.21333273,0.004849089,0.0017331544,0.97696596,0.0005801879,-0.0074009774,-0.11302837,-0.520808,-0.13199908,0.07202709,-0.004599821,0.0058688344,-0.1130262,0.028296633,0.06544246,-9.798261,20.492512,-14.995867,1.2016132,0.016938869,-0.28393215,-0.3688302,0.073766105,-383.04016,-417.31464,748.2707,175.2011,-383.04016,-417.31464,748.2707,175.2011,-1.0,-1.0,1.0,1.0,0.0,-0.4,0.4,0.4
10.116666666666667,20.49272,-14.999718,2.0015626,-0.21243028,0.0028251538,-0.0003413735,0.977172,-0.0020783585,-0.0065941024,0.034430455,-0.08241582,0.43140456,-0.17078644,-0.0006517661,0.0068801786,0.03443104,0.23688327,0.060680646,8.847434,20.492517,-14.995809,1.2015721,0.014480001,-0.2799706,-0.14753205,0.23769377,426.22183,466.40277,446.22592,-1540.484,426.22183,466.40277,446.22592,-1540.484,1.0,1.0,1.0,-1.0,33.524375915527344,0.4,0.4,-0.4
10.133333333333333,20.492695,-14.9995985,2.000089,-0.21251366,0.0033424925,-0.003696851,0.9771454,-0.002068745,-0.006212217,-0.12942201,-0.51489246,-0.11075121,0.07202748,-0.0017467897,0.007261338,-0.12937213,-0.06570141,0.022869574,-9.82819,20.492525,-14.995758,1.2000984,0.012157737,-0.2750528,-0.13933583,0.295068,-155.76508,-12.004154,-326.46393,544.93695,-155.76508,-12.004154,-326.46393,544.93695,-1.0,-1.0,-1.0,1.0,0.0,-0.4,-0.4,0.4
10.15,20.49271,-14.999504,1.9997761,-0.21159959,0.0011373509,-0.005760644,0.9773388,-0.003698999,-0.0035918741,0.018036013,-0.076435596,0.45277232,-0.17079863,0.0019662313,0.004605567,0.018077737,0.22278126,-0.15934625,8.846992,20.492533,-14.995722,1.1997851,0.012704152,-0.27088633,0.03278486,0.24998723,578.6009,835.9662,411.46887,-1452.1295,578.6009,835.9662,411.46887,-1452.1295,1.0,1.0,1.0,-1.0,33.524375915527344,0.4,0.4,-0.4
10.166666666666666,20.49274,-14.999439,1.9980308,-0.2116938,0.00028804943,-0.0038637475,0.97732836,-0.002715787,-0.0016930043,-0.14564776,0.35073695,-0.08228642,0.07261848,0.0014515674,0.0037471931,-0.14562748,-0.030879831,-0.051502433,-9.822312,20.492546,-14.995697,1.1980397,0.013933586,-0.26801762,0.07376605,0.1721227,-14.306402,506.97012,-363.44907,531.2299,-14.306402,506.97012,-363.44907,531.2299,-1.0,1.0,-1.0,1.0,0.0,0.4,-0.4,0.4
10.183333333333334,20.492777,-14.999396,1.9974461,-0.21078838,-0.0024997306,-0.0041748188,0.9775196,-0.0031481464,-0.0011469733,0.0017053613,-0.07092956,0.47437704,-0.17075755,0.0023903279,0.0023265774,0.0017343593,0.056325626,-0.08523694,8.84171,20.492556,-14.99569,1.1974547,0.015846038,-0.2654221,0.11474713,0.15573083,724.57794,-177.67332,172.1458,-206.0153,724.57794,-177.67332,172.1458,-206.0153,1.0,-1.0,1.0,-1.0,33.524375915527344,-0.4,0.4,-0.4
10.2,20.492796,-14.999404,1.9993118,-0.2108744,-0.0036708058,-0.0022697833,0.9775036,-0.0011293362,0.0010629809,0.14867109,0.36094236,-0.039098457,0.0726634,0.0005424991,-0.001392756,0.14867166,-0.11086972,-0.22316,8.816237,20.492567,-14.995706,1.1993206,0.016392455,-0.26487568,0.032784972,0.03278553,126.508675,444.063,-661.0565,543.2587,126.508675,444.063,-661.0565,543.2587,1.0,1.0,-1.0,1.0,33.524375915527344,0.4,-0.4,0.4
10.216666666666667,20.492792,-14.999422,1.9997419,-0.21295299,-0.00010894225,-0.0011849497,0.9770617,0.0009290139,0.000725833,-0.015138423,-0.072063,-0.5810157,0.3154288,-0.00054712576,-0.0010108396,-0.015140694,-0.06537749,0.022914983,-9.828741,20.492579,-14.995728,1.1997505,0.015299624,-0.26460245,-0.06556983,0.01639366,-528.6911,-171.86916,-176.92084,16.177269,-528.6911,-171.86916,-176.92084,16.177269,-1.0,-1.0,-1.0,1.0,0.0,-0.4,-0.4,0.4
10.233333333333333,20.492804,-14.999448,2.0013332,-0.21403821,0.0007141131,0.001196801,0.9768243,0.000109436805,0.0022494888,0.13233128,0.36803395,-0.016510993,0.07231433,0.00095805293,-0.0017392746,0.13233556,0.090310715,-0.043706097,8.848575,20.492594,-14.995765,1.2013417,0.015026417,-0.26378283,-0.01639243,0.049177404,15.676226,296.73395,669.04785,-4562.3667,15.676226,296.73395,669.04785,-4562.3667,1.0,1.0,1.0,-1.0,33.524375915527344,0.4,0.4,-0.4
10.25,20.492826,-14.999465,2.0014977,-0.21383364,-0.002504061,0.0009031973,0.9768665,-0.00083971757,0.0012706287,-0.030969014,-0.058277965,0.5185332,-0.05835458,0.0014572158,-0.00082509534,-0.03096119,0.029949768,0.054850753,-9.797804,20.492609,-14.9958105,1.2015063,0.015572831,-0.26173377,0.03278486,0.12294351,-552.0857,-595.708,122.9367,-0.536318,-552.0857,-595.708,122.9367,-0.536318,-1.0,-1.0,1.0,-0.536318,0.0,-0.4,0.4,-0.2145272
10.266666666666666,20.492819,-14.999484,2.0028188,-0.21483745,-0.004061715,0.0028268022,0.9766372,0.00082400156,0.0015833564,0.11599206,0.3727652,0.005138248,0.18503441,-0.0011446374,-0.0013449505,0.115992345,-0.15611118,-0.03119131,8.817212,20.49262,-14.9958725,1.202827,0.014206794,-0.25866014,-0.08196221,0.18441795,106.27431,103.27053,-756.4727,360.51416,106.27431,103.27053,-756.4727,360.51416,1.0,1.0,-1.0,1.0,33.524375915527344,0.4,-0.4,0.4
10.283333333333333,20.492786,-14.999504,2.0027041,-0.21484432,-0.00088297675,0.003929905,0.9766399,0.0024987515,-0.00022233243,-0.04782572,-0.061232537,-0.5365912,-0.058301806,-0.0021981278,-0.0011957956,-0.047826048,-0.06320942,0.008949295,-9.8291025,20.492638,-14.995942,1.202712,0.010655095,-0.25510842,-0.21310194,0.21310328,-527.03436,-694.30865,-370.25198,-786.83813,-527.03436,-694.30865,-370.25198,-786.83813,-1.0,-1.0,-1.0,-1.0,0.0,-0.4,-0.4,-0.4
10.3,20.49275,-14.999483,2.003749,-0.21288116,0.00075176463,0.0010691825,0.97707725,0.0014770185,-0.0025238914,0.09953073,-0.48317143,0.020503432,-0.30150464,-0.002292185,0.0019204984,0.09952876,-0.005643437,0.18697764,8.841289,20.492657,-14.996029,1.2037565,0.0066935853,-0.24739023,-0.23769055,0.4630914,93.70335,-308.66248,493.52872,-803.1861,93.70335,-308.66248,493.52872,-803.1861,1.0,-1.0,1.0,-1.0,33.524375915527344,-0.4,0.4,-0.4
10.316666666666666,20.492704,-14.999464,2.0033612,-0.21190934,0.0041295527,0.00040962588,0.9772805,0.0015844046,-0.0020675512,-0.064181685,-0.05720675,-0.5127974,-0.057924394,-0.0028053168,0.0010619066,-0.06416445,-0.030787902,-0.05151551,-9.821592,20.49267,-14.996124,1.2033683,0.002458868,-0.23919392,-0.254083,0.49177852,-487.84418,523.0142,-25.062174,722.1998,-487.84418,523.0142,-25.062174,722.1998,-1.0,1.0,-1.0,1.0,0.0,0.4,-0.4,0.4
10.333333333333334,20.492695,-14.999425,2.0041337,-0.20993575,0.005561728,-0.002454305,0.9776962,-0.0009385961,-0.002673058,0.08317837,-0.47892144,0.044292897,-0.30111727,0.00074887817,0.0026177887,0.08318205,0.21325168,0.09335292,8.84079,20.492683,-14.996233,1.2041403,0.0008196227,-0.22860704,-0.09835471,0.6352123,156.08029,-125.434715,790.04016,-467.1593,156.08029,-125.434715,790.04016,-467.1593,1.0,-1.0,1.0,-1.0,33.524375915527344,-0.4,0.4,-0.4
10.35,20.492718,-14.999385,2.0034802,-0.20894939,0.0021439737,-0.00448381,0.97791386,-0.0028375755,-0.00072529726,-0.08001303,-0.0440318,0.58853817,-0.05787085,0.0018079398,0.002451609,-0.08000865,0.06354369,-0.00997079,-9.791441,20.492695,-14.99635,1.2034861,0.0016392454,-0.21733715,0.04917736,0.6761938,-440.75003,699.53687,390.01947,682.10504,-440.75003,699.53687,390.01947,682.10504,-1.0,1.0,1.0,1.0,0.0,0.4,0.4,0.4
10.366666666666667,20.492764,-14.999386,2.0039835,-0.20995942,-4.2948036e-06,-0.0025658987,0.9777067,-0.0022565576,0.0016016307,0.06694261,0.38654235,0.07519579,0.18550454,0.0027867346,-0.000869952,0.06693615,0.05872768,-0.19929366,8.816687,20.492714,-14.996479,1.2039889,0.0035516985,-0.20818461,0.11474718,0.54915184,272.5539,366.71744,-554.0271,336.7423,272.5539,366.71744,-554.0271,336.7423,1.0,1.0,-1.0,1.0,33.524375915527344,0.4,-0.4,0.4
10.383333333333333,20.492794,-14.999399,2.0030515,-0.20998923,0.002588984,-0.0014902194,0.9776991,-0.0017178336,0.001743468,-0.09685914,-0.04775393,-0.46706197,-0.057793,0.0017312206,-0.00070739666,-0.09687201,-0.06333084,0.009753321,-9.828489,20.492725,-14.996614,1.2030562,0.004917736,-0.19944192,0.08196225,0.52456135,-378.6982,-337.0464,-57.78721,-395.89114,-378.6982,-337.0464,-57.78721,-395.89114,-1.0,-1.0,-1.0,-1.0,0.0,-0.4,-0.4,-0.4
10.4,20.49286,-14.999419,2.0032802,-0.20804243,0.0024538792,0.0008777158,0.9781163,-0.0036184173,0.0032081166,0.050610412,0.39004034,0.09783268,-0.30058256,0.004835269,-0.0013192276,0.050593268,0.1862429,-0.036709856,8.847916,20.492743,-14.99676,1.2032847,0.008469434,-0.19042602,0.21310188,0.5409541,335.24426,83.92071,751.22565,-433.56116,335.24426,83.92071,751.22565,-433.56116,1.0,1.0,1.0,-1.0,33.524375915527344,0.4,0.4,-0.4
10.416666666666666,20.492947,-14.999427,2.0020819,-0.20708232,-0.0017287972,0.00060226634,0.9783218,-0.0044091996,0.002162165,-0.11272055,-0.03444439,0.63122904,-0.05766086,0.0053164978,-0.00024228997,-0.11270188,0.028873727,0.064616255,-9.7977085,20.49276,-14.996911,1.2020861,0.013387171,-0.18018068,0.29506415,0.6147202,-260.69113,-715.407,192.41835,574.309,-260.69113,-715.407,192.41835,574.309,-1.0,-1.0,1.0,1.0,0.0,-0.4,0.4,0.4
10.433333333333334,20.493006,-14.999429,2.002039,-0.20810354,-0.0030670941,-0.0027097575,0.9780982,-0.002694746,0.001130628,0.034129016,-0.46326742,0.108964935,0.18504654,0.0027553025,-0.00016019901,0.03414253,-0.15367171,0.0049254573,8.810664,20.492779,-14.997076,1.2020428,0.01625585,-0.168501,0.17212075,0.7007807,432.7847,-13.597579,-756.1292,323.38974,432.7847,-13.597579,-756.1292,323.38974,1.0,-1.0,-1.0,1.0,33.524375915527344,-0.4,-0.4,0.4
10.45,20.493048,-14.999443,2.0005622,-0.20813863,-0.00043044623,-0.0033785638,0.9780933,-0.0012781012,0.0028899345,-0.12955366,-0.038166016,-0.4265613,-0.057702657,0.0022709128,-0.0012396424,-0.12956636,-0.029063381,-0.0647666,-9.822534,20.4928,-14.997242,1.2005652,0.017758492,-0.15764096,0.09015854,0.6516024,-215.47469,713.78394,-294.93106,-1865.5132,-215.47469,713.78394,-294.93106,-1865.5132,-1.0,1.0,-1.0,-1.0,0.0,0.4,-0.4,-0.4
10.466666666666667,20.493097,-14.999494,2.000246,-0.20618385,-0.000905648,-0.0010080995,0.97851235,-0.0019725976,0.0046371417,0.01790594,0.39974207,0.13859913,-0.3004887,0.0036517114,-0.0034889267,0.017902773,0.082847916,-0.13495705,8.848147,20.492813,-14.997422,1.200249,0.020353964,-0.14835188,0.15572827,0.5573451,595.6755,346.41245,494.3999,-420.3109,595.6755,346.41245,494.3999,-420.3109,1.0,1.0,1.0,-1.0,33.524375915527344,0.4,0.4,-0.4
10.483333333333333,20.493145,-14.999547,1.998497,-0.20522048,0.0011696154,6.1697785e-05,0.97871506,-0.001438668,0.0039127865,-0.14590509,-0.033991694,-0.40625012,-0.057498798,0.0025589233,-0.0030929535,-0.14590943,-0.06556728,0.02375839,-9.828732,20.492834,-14.997602,1.1984993,0.022266418,-0.1392677,0.11474724,0.54505074,-16.669333,-482.19217,-124.20366,589.3595,-16.669333,-482.19217,-124.20366,589.3595,-1.0,-1.0,-1.0,1.0,0.0,-0.4,-0.4,0.4
10.5,20.493204,-14.999585,1.9979073,-0.2032579,0.0016735591,-0.0028061117,0.9791197,-0.002906349,0.0036938943,0.0014838825,-0.45491734,0.1507386,-0.30071628,0.0041429834,-0.002238928,0.0014548303,0.0950436,0.05124152,8.841855,20.492851,-14.997792,1.1979095,0.0252717,-0.12840767,0.18031697,0.6516015,701.9486,-39.254967,624.1129,-428.55917,701.9486,-39.254967,624.1129,-428.55917,1.0,-1.0,1.0,-1.0,33.524375915527344,-0.4,0.4,-0.4
10.516666666666666,20.493301,-14.999649,1.9997746,-0.20227294,-0.002809839,-0.0047962046,0.9793134,-0.0050729685,0.005350788,0.14894207,-0.0147922635,0.7173594,-0.05754149,0.006247078,-0.0044714985,0.14892644,0.12624568,-0.13395421,8.848296,20.492874,-14.997997,1.1997765,0.030599248,-0.118298955,0.3196528,0.606523,105.06696,703.3424,95.693344,668.01636,105.06696,703.3424,95.693344,668.01636,1.0,1.0,1.0,1.0,33.524375915527344,0.4,0.4,0.4
10.533333333333333,20.493395,-14.999734,2.0002108,-0.20326932,-0.005905861,-0.0028422098,0.9791009,-0.0029397784,0.00719901,-0.014799166,0.41035378,0.18229151,0.18586457,0.005716443,-0.005316035,-0.014783282,-0.0318381,-0.050672177,-9.822582,20.492895,-14.998203,1.2002126,0.035790194,-0.1096246,0.31145674,0.52046114,-479.6941,422.40714,-839.7379,485.09702,-479.6941,422.40714,-839.7379,485.09702,-1.0,1.0,-1.0,1.0,0.0,0.4,-0.4,0.4
10.55,20.493437,-14.99985,2.001799,-0.20329688,-0.0043516443,-0.0017724514,0.97910583,0.0005305358,0.007088725,0.13205522,-0.019727051,-0.3392044,-0.05736747,0.0013053244,-0.007405923,0.13203242,-0.2646671,-0.12539329,8.808942,20.492924,-14.998416,1.2018007,0.03674642,-0.1027261,0.057373565,0.41390997,95.27077,-176.69191,-618.0618,-396.47995,95.27077,-176.69191,-618.0618,-396.47995,1.0,-1.0,-1.0,-1.0,33.524375915527344,-0.4,-0.4,-0.4
10.566666666666666,20.493471,-14.999975,2.00196,-0.20430519,-0.005433428,0.0006098744,0.9788919,0.0011955155,0.0077853673,-0.03115991,0.41438755,0.2049801,0.18581362,0.0023575693,-0.0075816535,-0.031143885,0.06313469,-0.010543819,-9.790578,20.49295,-14.99863,1.2019613,0.037292838,-0.09637402,0.032785084,0.38112488,-594.50543,363.2603,116.41183,125.81496,-594.50543,363.2603,116.41183,125.81496,-1.0,1.0,1.0,1.0,0.0,0.4,0.4,0.4
10.583333333333334,20.493454,-15.000102,2.0032763,-0.20432676,-0.0040716752,0.0016747864,0.9788928,0.0041834777,0.006488614,0.11567887,-0.015782788,-0.31661785,-0.057400364,-0.0022397868,-0.0074335337,0.11567597,-0.27584136,0.008887192,8.809191,20.492983,-14.998853,1.2032776,0.03374114,-0.08947551,-0.21310194,0.41391042,94.95035,-442.3302,-669.63,-394.17374,94.95035,-442.3302,-669.63,-394.17374,1.0,-1.0,-1.0,-1.0,33.524375915527344,-0.4,-0.4,-0.4
10.6,20.493416,-15.00024,2.003158,-0.20532359,0.0012676276,0.0053710844,0.9786786,0.005638134,0.0059980825,-0.048102096,0.4093371,-0.8510878,0.18586624,-0.0027653293,-0.008288588,-0.048012804,-0.031532552,-0.05130328,-9.821326,20.49302,-14.999079,1.2031591,0.028413588,-0.08319173,-0.31965303,0.37702692,-596.35944,26.922125,-16.932724,136.2016,-596.35944,26.922125,-16.932724,136.2016,-1.0,1.0,-1.0,1.0,0.0,0.4,-0.4,0.4
10.616666666666667,20.493376,-15.000319,2.0041995,-0.20532607,0.004631994,0.0068897563,0.9786583,0.0038888971,0.003533471,0.09924655,-0.009591207,-0.29327595,-0.058015995,-0.0015215431,-0.0032706934,0.099320054,0.07462717,0.3010737,8.839972,20.493046,-14.999308,1.2042005,0.023632456,-0.072400026,-0.28686795,0.6475022,102.29746,-848.37537,816.71,-3516.3066,102.29746,-848.37537,816.71,-3516.3066,1.0,-1.0,1.0,-1.0,33.524375915527344,-0.4,0.4,-0.4
10.633333333333333,20.493353,-15.00036,2.0038137,-0.20632869,0.0043209097,0.004026217,0.9784649,0.0011821215,0.0011982806,-0.06401382,-0.4340006,0.24140647,0.18466772,-0.0010324826,-0.0021919883,-0.06399009,0.029343631,0.0647223,-9.798608,20.493076,-14.99954,1.203814,0.01980755,-0.05867134,-0.22949438,0.8237211,-609.2381,-740.75903,563.69366,112.66335,-609.2381,-740.75903,563.69366,112.66335,-1.0,-1.0,1.0,1.0,0.0,-0.4,0.4,0.4
10.65,20.493359,-15.000372,2.004584,-0.20634061,0.005689841,0.0033574484,0.97845787,0.00041239458,0.0010397625,0.0829575,-0.0052853376,-0.27246708,-0.058157973,0.0008513868,-0.00037786312,0.08295981,0.11303216,0.1088475,8.816993,20.493113,-14.999777,1.2045842,0.017621888,-0.042620383,-0.13113967,0.96305734,152.5397,85.9593,-99.19722,-1451.7753,152.5397,85.9593,-99.19722,-1451.7753,1.0,1.0,-1.0,-1.0,33.524375915527344,0.4,-0.4,-0.4
10.666666666666666,20.493378,-15.000365,2.0039253,-0.20733674,0.0052008783,0.00049199676,0.9782557,-0.0023416895,-1.1918601e-06,-0.08032521,-0.42962468,0.26221862,0.18452808,0.0013387802,0.00070044404,-0.08034513,0.0292436,0.06469843,-9.798296,20.493149,-15.000014,1.2039254,0.016392455,-0.025135096,-0.07376599,1.0491172,-538.5374,-562.62756,683.2533,102.800064,-538.5374,-562.62756,683.2533,102.800064,-1.0,-1.0,1.0,1.0,0.0,-0.4,0.4,0.4
10.683333333333334,20.493452,-15.000352,2.0044293,-0.20734656,-0.00021574291,-0.0015200466,0.9782663,-0.005080867,0.0011851615,0.06711972,0.00823909,0.8273288,-0.058609556,0.0051387637,0.000772335,0.067121334,0.227999,0.0043134564,8.847987,20.493187,-15.000256,1.2044293,0.018987926,-0.006898491,0.15572827,1.0941962,235.42308,351.39987,8.229716,-1317.2692,235.42308,351.39987,8.229716,-1317.2692,1.0,1.0,1.0,-1.0,33.524375915527344,0.4,0.4,-0.4
10.7,20.493534,-15.000348,2.003502,-0.20834611,-0.0042539476,0.00041132057,0.9780458,-0.0033949995,0.0017039448,-0.0966149,0.43294725,0.29211587,0.18482198,0.0046150647,-7.886653e-05,-0.09657931,-0.031421937,-0.05107209,-9.822038,20.493225,-15.000492,1.2035018,0.022129813,0.010313585,0.18851323,1.0327245,-373.51648,55.045597,-856.35785,456.82916,-373.51648,55.045597,-856.35785,456.82916,-1.0,1.0,-1.0,1.0,0.0,0.4,-0.4,0.4
10.716666666666667,20.493559,-15.00035,2.0037277,-0.20836127,-0.0036362899,0.0014803838,0.978044,-0.0009554898,0.00047199562,0.05024151,0.0025052577,-0.22990312,-0.05832995,0.00067651074,2.7786733e-05,0.05024825,-0.23631322,0.006399195,8.809653,20.493261,-15.000731,1.203728,0.02131019,0.02732076,-0.049177404,1.0204303,346.90964,-696.1685,-653.91547,-253.919,346.90964,-696.1685,-653.91547,-253.919,1.0,-1.0,-1.0,-1.0,33.524375915527344,-0.4,-0.4,-0.4
10.733333333333333,20.493557,-15.000346,2.0025172,-0.20936793,0.0021273897,-3.916759e-05,0.9778346,-0.00025751808,-0.0004392632,-0.1135577,-0.43109423,-0.7744521,0.18462995,-0.000419235,0.0004137346,-0.11355732,-0.06574474,0.023156872,-9.828334,20.493301,-15.00097,1.2025176,0.018304907,0.044669442,-0.18031697,1.0409209,-345.24823,-279.81693,-119.15842,107.57223,-345.24823,-279.81693,-119.15842,107.57223,-1.0,-1.0,-1.0,1.0,0.0,-0.4,-0.4,0.4
10.75,20.493587,-15.000341,2.002468,-0.20938934,0.0051554996,-0.0002493779,0.9778187,-0.002324706,0.00078041997,0.033934057,0.008929402,-0.20846377,-0.057832852,0.002785983,0.00029667723,0.03390699,0.19231308,-0.0070234425,8.847857,20.493341,-15.001204,1.2024686,0.017621888,0.061744925,-0.040981133,1.0245289,493.641,400.72714,775.27985,-4711.973,493.641,400.72714,775.27985,-4711.973,1.0,1.0,1.0,-1.0,33.524375915527344,0.4,0.4,-0.4
10.766666666666666,20.493637,-15.000324,2.0009918,-0.21038556,0.0041251,-0.0031098402,0.9776048,-0.0044178767,0.0011005736,-0.12935823,-0.41518468,0.32623878,0.18483381,0.0032667285,0.0013762914,-0.12938978,0.028844725,0.064776845,-9.797805,20.49338,-15.001439,1.2009928,0.018441511,0.07984494,0.049177404,1.0860007,-247.37881,-280.4193,603.9329,97.17166,-247.37881,-280.4193,603.9329,97.17166,-1.0,-1.0,1.0,1.0,0.0,-0.4,0.4,0.4
10.783333333333333,20.493723,-15.000334,2.0006723,-0.2104055,0.0047737528,-0.0037720413,0.9775952,-0.004645042,0.003543546,0.017618092,0.013024494,-0.18771416,-0.058045417,0.0058835875,-0.0014131808,0.017547553,0.15701154,-0.16736832,8.816239,20.493418,-15.001666,1.2006736,0.021856606,0.09541779,0.20490567,0.9343712,571.6159,624.857,-114.976776,-1146.0901,571.6159,624.857,-114.976776,-1146.0901,1.0,1.0,-1.0,-1.0,33.524375915527344,0.4,-0.4,-0.4
10.8,20.493835,-15.0003605,1.998925,-0.21142453,0.0023773084,-0.0014059359,0.9773904,-0.0062639713,0.004848941,-0.14560466,0.44714653,0.35709774,0.1851324,0.006944674,-0.0015727568,-0.14564602,0.06366519,-0.009574557,-9.791614,20.49346,-15.001891,1.1989267,0.026910948,0.1096246,0.30326048,0.85240865,-92.59159,110.86205,656.05853,84.49279,-92.59159,110.86205,656.05853,84.49279,-1.0,1.0,1.0,1.0,0.0,0.4,0.4,0.4
10.816666666666666,20.493961,-15.000389,1.9983331,-0.21144979,0.0024394086,-0.00033488098,0.9773857,-0.005972093,0.0046524964,0.0012396807,0.016530335,-0.16520914,-0.057987064,0.0073671103,-0.0017675014,0.0012041884,0.025346175,-0.011684673,8.811012,20.493507,-15.002106,1.1983353,0.032511704,0.1229435,0.33604535,0.7991337,675.09344,-663.1059,-248.82176,-190.22136,675.09344,-663.1059,-248.82176,-190.22136,1.0,-1.0,-1.0,-1.0,33.524375915527344,-0.4,-0.4,-0.4
10.833333333333334,20.494114,-15.000407,2.0001953,-0.21245116,0.0009105176,-0.0032089744,0.97716594,-0.008149132,0.0037342648,0.14860082,-0.4029144,0.39123526,0.18468596,0.009430981,-0.00088796805,0.14856926,0.12383225,0.052771997,8.841904,20.493555,-15.002313,1.2001978,0.040024914,0.13646731,0.45079258,0.81142855,44.88659,-213.94359,495.48703,62.058212,44.88659,-213.94359,495.48703,62.058212,1.0,-1.0,1.0,1.0,33.524375915527344,-0.4,0.4,0.4
10.85,20.494265,-15.000436,2.0006251,-0.21247087,0.0011494649,-0.0038857558,0.977159,-0.0073364098,0.0056323083,-0.0150915,0.020434111,-0.14449838,-0.05822499,0.008953865,-0.0019699729,-0.015140894,-0.028626991,-0.064920284,-9.822608,20.4936,-15.002516,1.2006284,0.047538124,0.1489666,0.45079258,0.7499572,-565.37775,626.0337,-242.25381,-523.9934,-565.37775,626.0337,-242.25381,-523.9934,-1.0,1.0,-1.0,-1.0,0.0,0.4,-0.4,-0.4
10.866666666666667,20.494444,-15.000497,2.0022159,-0.21347545,-0.001757158,-0.0015379934,0.9769456,-0.008764683,0.008144336,0.13231066,0.45909548,0.42219836,0.18496788,0.0109955175,-0.0042430884,0.1323267,0.12249916,-0.13638693,8.848056,20.493654,-15.002705,1.2022194,0.056553975,0.15811908,0.540951,0.54914916,73.6399,167.71501,418.65143,66.24962,73.6399,167.71501,418.65143,66.24962,1.0,1.0,1.0,1.0,33.524375915527344,0.4,0.4,0.4
10.883333333333333,20.494617,-15.000563,2.0023735,-0.21349494,-0.0021086393,-0.00048471818,0.97694176,-0.007191035,0.007862052,-0.031519312,0.023790717,-0.12205719,-0.058119427,0.009938397,-0.004087428,-0.03148827,-0.0634272,0.0093396185,-9.828898,20.493706,-15.00289,1.2023776,0.06529662,0.16665685,0.52455866,0.5122661,-466.92468,-561.3354,-471.11716,-40.837288,-466.92468,-561.3354,-471.11716,-40.837288,-1.0,-1.0,-1.0,-1.0,0.0,-0.4,-0.4,-0.4
10.9,20.494768,-15.0006275,2.0036907,-0.21450543,-0.003995908,-0.0033738918,0.97670877,-0.0076491814,0.006825166,0.115853235,-0.39553428,0.43439147,0.18454424,0.009068454,-0.00395413,0.11588439,-0.052196622,0.007997872,8.84236,20.493757,-15.003065,1.2036949,0.072400026,0.1745799,0.42620432,0.47538307,80.06182,-98.41314,157.94084,58.060154,80.06182,-98.41314,157.94084,58.060154,1.0,-1.0,1.0,1.0,33.524375915527344,-0.4,0.4,0.4
10.916666666666666,20.494913,-15.000707,2.0035753,-0.21452595,-0.004119557,-0.00406895,0.97670114,-0.0052266056,0.008472129,-0.047835007,0.027567677,-0.10140132,-0.058384825,0.008597358,-0.0050372304,-0.04783298,-0.028265731,-0.06498601,-9.823042,20.493813,-15.003236,1.2035804,0.07882041,0.18113692,0.38522285,0.39342102,-531.8419,635.312,-665.00006,-561.565,-531.8419,635.312,-665.00006,-561.565,-1.0,1.0,-1.0,-1.0,0.0,0.4,-0.4,-0.4
10.933333333333334,20.49503,-15.000839,2.0046148,-0.21553795,-0.00078984484,-0.00035445287,0.9764951,-0.0023241984,0.010432746,0.099108085,0.45635533,-0.6144838,0.18488094,0.0063621122,-0.008587401,0.099108204,-0.13411474,-0.21301025,8.816471,20.493877,-15.003396,1.2046198,0.08250871,0.18311769,0.22129832,0.11884599,146.68262,370.98123,-75.50049,87.76797,146.68262,370.98123,-75.50049,87.76797,1.0,1.0,-1.0,1.0,33.524375915527344,0.4,-0.4,0.4
10.95,20.495146,-15.000971,2.0042257,-0.21555306,0.0006859387,0.0011584959,0.97649115,-0.0030980548,0.009776827,-0.06419745,0.03311216,-0.07825357,-0.058872573,0.0068720044,-0.0077283224,-0.06418369,0.030593526,0.051544733,-9.797514,20.493944,-15.003549,1.2042308,0.08606042,0.18462034,0.21310239,0.09015887,-477.35623,-514.7601,696.27155,-2410.5562,-477.35623,-514.7601,696.27155,-2410.5562,-1.0,-1.0,1.0,-1.0,0.0,-0.4,0.4,-0.4
10.966666666666667,20.495266,-15.00108,2.0049977,-0.21655482,-0.0015673365,-0.0017398369,0.9762676,-0.004481584,0.008536795,0.0831934,-0.38609064,0.47824812,0.18377809,0.0074789897,-0.006180223,0.08318638,0.036419116,0.092885956,8.842204,20.494013,-15.003691,1.2050031,0.089748725,0.18701091,0.22129832,0.14343469,156.19653,-203.67871,253.8109,82.903244,156.19653,-203.67871,253.8109,82.903244,1.0,-1.0,1.0,1.0,33.524375915527344,-0.4,0.4,0.4
10.983333333333333,20.495384,-15.001198,2.0043378,-0.21656714,-0.002062744,-0.0024396607,0.9762624,-0.002871599,0.009860432,-0.08050319,0.03676685,-0.057604074,-0.05916535,0.0070109884,-0.0072657447,-0.08052511,-0.028080072,-0.0651313,-9.822689,20.494085,-15.003829,1.2043433,0.09302722,0.18844526,0.19670962,0.08606046,-481.6486,590.25574,-593.57544,-363.56845,-481.6486,590.25574,-593.57544,-363.56845,-1.0,1.0,-1.0,-1.0,0.0,0.4,-0.4,-0.4
11.0,20.495497,-15.001343,2.0048392,-0.21755451,-0.0057160268,-0.0001252386,0.9760314,-0.0029456858,0.011230805,0.06689888,0.47539043,0.5094581,0.18409266,0.006693354,-0.009099465,0.06695273,-0.019058071,-0.1100232,8.84867,20.49416,-15.003953,1.2048448,0.0957593,0.1869426,0.16392498,-0.09015887,258.4141,235.64708,4.8915863,100.53035,258.4141,235.64708,4.8915863,100.53035,1.0,1.0,1.0,1.0,33.524375915527344,0.4,0.4,0.4
11.016666666666666,20.4956,-15.0014925,2.0039067,-0.21756245,-0.0068077478,0.00089955394,0.9760222,-5.0569884e-05,0.0100411475,-0.09692765,0.03990749,-0.035237864,-0.058979087,0.0056360606,-0.008952172,-0.09687048,-0.063437596,0.008837599,-9.829392,20.494246,-15.004071,1.2039123,0.09698874,0.18468864,0.073766105,-0.13523786,-366.1697,-389.55984,-827.4585,-24.753578,-366.1697,-389.55984,-827.4585,-24.753578,-1.0,-1.0,-1.0,-1.0,0.0,-0.4,-0.4,-0.4
11.033333333333333,20.495634,-15.001654,2.004129,-0.2185409,-0.0040436154,0.0046063024,0.97580844,0.0030408974,0.009762755,0.04997735,0.4684056,-0.54845667,0.1843187,0.00091818057,-0.009765931,0.05006074,-0.28307277,-0.048825588,8.815873,20.494333,-15.004178,1.204134,0.09316382,0.1807954,-0.22949515,-0.23359446,338.88812,30.16417,-491.6264,115.151054,338.88812,30.16417,-491.6264,115.151054,1.0,1.0,-1.0,1.0,33.524375915527344,0.4,-0.4,0.4
11.05,20.495651,-15.001804,2.002922,-0.21854223,-0.0031317484,0.0061011133,0.9758034,0.0029012838,0.0071532093,-0.113329425,0.045232024,-0.012177391,-0.059351064,0.0014214184,-0.008901208,-0.1132338,0.030194268,0.051883418,-9.797672,20.494417,-15.004279,1.2029266,0.08838268,0.1772437,-0.28686804,-0.21310239,-324.65448,-835.0759,210.73665,-2475.2922,-324.65448,-835.0759,210.73665,-2475.2922,-1.0,-1.0,1.0,-1.0,0.0,-0.4,0.4,-0.4
11.066666666666666,20.495634,-15.001907,2.0028698,-0.21952492,0.0006718268,0.0045918226,0.9755958,0.004224556,0.004100653,0.033536494,-0.3839772,-0.5361079,0.18350452,-0.0020845495,-0.005204387,0.033584636,-0.21035807,0.22180922,8.809105,20.49452,-15.004371,1.2028744,0.07977664,0.17642407,-0.5163627,-0.049177404,405.80487,-583.5469,-358.03824,124.16589,405.80487,-583.5469,-358.03824,124.16589,1.0,-1.0,-1.0,1.0,33.524375915527344,-0.4,-0.4,0.4
11.083333333333334,20.495611,-15.001999,2.0013895,-0.21953262,0.0018121297,0.0043566586,0.97559375,0.002565246,0.0036103446,-0.12964682,0.05097699,0.009142902,-0.05915519,-0.0009818316,-0.005566227,-0.12959926,0.06616307,-0.021710385,-9.791034,20.494616,-15.004457,1.2013941,0.0713072,0.17608257,-0.5081664,-0.020490287,-234.20853,153.49228,520.75946,-3696.7922,-234.20853,153.49228,520.75946,-3696.7922,-1.0,1.0,1.0,-1.0,0.0,0.4,0.4,-0.4
11.1,20.495594,-15.00205,2.0010648,-0.22051257,0.005433117,0.0028537042,0.9753648,0.002214181,0.0016209083,0.01721077,-0.37823343,-0.51487684,0.1837035,-0.0011406686,-0.002278582,0.017240867,-0.009530223,0.19725868,8.810407,20.494722,-15.004533,1.2010692,0.06242794,0.1777901,-0.5327553,0.10245233,539.8551,-557.5761,-46.03832,135.57927,539.8551,-557.5761,-46.03832,135.57927,1.0,-1.0,-1.0,1.0,33.524375915527344,-0.4,-0.4,0.4
11.116666666666667,20.495588,-15.002091,1.9993119,-0.22052215,0.0063901036,0.0026266812,0.9753575,-0.0008230493,0.0020308758,-0.14596164,0.05667094,0.030475937,-0.058974333,-3.372327e-05,-0.002638557,-0.14595425,0.06641672,-0.021598501,-9.791707,20.494827,-15.004602,1.1993164,0.054504916,0.17983918,-0.4753815,0.12294441,-126.51142,146.57869,778.7339,-3449.9407,-126.51142,146.57869,778.7339,-3449.9407,-1.0,1.0,1.0,-1.0,0.0,0.4,0.4,-0.4
11.133333333333333,20.495636,-15.002094,1.998721,-0.2215162,0.0032250022,-0.00029512396,0.97515124,-0.0037138546,0.0010837581,0.0014090759,-0.36222088,0.58710647,0.18364163,0.0038265588,0.00062828365,0.0013840005,0.23161691,0.19601043,8.840295,20.494932,-15.004663,1.1987256,0.050406802,0.18400562,-0.2458868,0.24998634,680.4705,-525.2965,350.7148,121.27338,680.4705,-525.2965,350.7148,121.27338,1.0,-1.0,1.0,1.0,33.524375915527344,-0.4,0.4,0.4
11.15,20.495716,-15.002098,2.0005808,-0.2215244,0.0016680906,-0.0010111438,0.97515285,-0.003978518,0.0023637034,0.14835562,0.06447268,0.0728265,-0.059370033,0.0051583326,-0.00059573795,0.14833692,0.07990643,-0.0734413,8.817174,20.495043,-15.004707,1.2005852,0.04822114,0.18687432,-0.13113967,0.17212181,48.579697,416.01437,-567.15967,-127.78892,48.579697,416.01437,-567.15967,-127.78892,1.0,1.0,-1.0,-1.0,33.524375915527344,0.4,-0.4,-0.4
11.166666666666666,20.495811,-15.002093,2.0010123,-0.22251146,-0.0017177376,-0.003942507,0.9749206,-0.0051934426,0.0020935503,-0.014959573,-0.35879183,0.60770404,0.1832518,0.0056113424,0.0004934253,-0.0149470065,0.027180582,0.06534979,-9.797035,20.495161,-15.004745,1.201017,0.046581898,0.18987961,-0.098354585,0.18031774,-551.04156,-92.78479,79.93485,294.4066,-551.04156,-92.78479,79.93485,294.4066,-1.0,-1.0,1.0,1.0,0.0,-0.4,0.4,0.4
11.183333333333334,20.49589,-15.002136,2.0026,-0.22251149,-0.0034466141,-0.004671396,0.97491276,-0.0034224926,0.004261518,0.13199374,0.06778906,0.09334678,-0.05976649,0.004319903,-0.0037592852,0.13198267,-0.07748636,-0.2551626,8.815781,20.495277,-15.004769,1.2026048,0.04384982,0.18858187,-0.16392475,-0.07786452,74.43456,603.5626,-860.926,-138.6454,74.43456,603.5626,-860.926,-138.6454,1.0,1.0,-1.0,-1.0,33.524375915527344,0.4,-0.4,-0.4
11.2,20.495955,-15.002208,2.0027535,-0.22350696,-0.0016630242,-0.00096463325,0.97470033,-0.0013122731,0.005866947,-0.03172574,0.49144292,-0.44180578,0.18356748,0.0038266045,-0.0046257637,-0.031727355,-0.02959791,-0.05198871,-9.822601,20.495394,-15.004787,1.2027578,0.040161517,0.18475693,-0.2212981,-0.22949605,-526.1173,435.0759,-331.33163,319.38297,-526.1173,435.0759,-331.33163,319.38297,-1.0,1.0,-1.0,1.0,0.0,0.4,-0.4,0.4
11.216666666666667,20.496012,-15.002282,2.004067,-0.22351117,-0.0018071526,0.0005199198,0.97469956,-0.0016682209,0.0055066105,0.11562833,0.07281771,0.11633785,-0.060086563,0.003466603,-0.0042057657,0.11564303,-0.021600079,0.025199883,8.842222,20.495512,-15.004796,1.204071,0.035790194,0.18004408,-0.26227933,-0.28277096,99.98402,-505.82498,359.40744,-2007.4834,99.98402,-505.82498,359.40744,-2007.4834,1.0,-1.0,1.0,-1.0,33.524375915527344,-0.4,0.4,-0.4
11.233333333333333,20.496056,-15.002349,2.0039468,-0.22450367,0.0010455818,-0.0009819786,0.9744721,-0.00051156245,0.004611566,-0.048155658,-0.3608031,-0.42988437,0.18273552,0.0023583905,-0.0038533085,-0.04816727,-0.06649275,0.021147428,-9.828617,20.495632,-15.004802,1.203951,0.03032604,0.17567275,-0.32784918,-0.26227978,-543.2089,-60.06238,-272.64246,319.54053,-543.2089,-60.06238,-272.64246,319.54053,-1.0,-1.0,-1.0,1.0,0.0,-0.4,-0.4,0.4
11.25,20.496122,-15.002425,2.0049872,-0.22450952,0.0011403583,-0.0012284566,0.97447044,-0.0018360731,0.006016913,0.09932124,0.07828718,0.1376033,-0.059995323,0.0045592207,-0.004793883,0.099300124,0.13204981,-0.056434456,8.8480425,20.495756,-15.004794,1.2049906,0.026227929,0.16966215,-0.24588668,-0.36063638,105.47672,663.87445,525.69275,-3307.9028,105.47672,663.87445,525.69275,-3307.9028,1.0,1.0,1.0,-1.0,33.524375915527344,0.4,0.4,-0.4
11.266666666666666,20.49619,-15.002517,2.0045958,-0.22550805,0.0025415143,0.002478579,0.9742348,-0.0015564966,0.0066379914,-0.06441671,0.50178933,-0.39765158,0.18335442,0.0040679714,-0.0056638117,-0.06440008,-0.02947496,-0.052195728,-9.822011,20.495876,-15.004783,1.2045993,0.02240302,0.1622855,-0.22949448,-0.44259843,-514.54114,79.26464,-22.451488,307.72,-514.54114,79.26464,-22.451488,307.72,-1.0,1.0,-1.0,1.0,0.0,0.4,-0.4,0.4
11.283333333333333,20.496273,-15.002571,2.0053644,-0.22551757,0.0020159427,0.003963725,0.97422886,-0.0036608092,0.0053226263,0.08293883,0.083177954,0.16060413,-0.06027946,0.005804831,-0.0024565558,0.08295089,0.104211584,0.19243534,8.841058,20.495996,-15.004758,1.2053677,0.01980755,0.15661643,-0.15572827,-0.3401443,164.56102,-819.73535,613.92224,-1866.3806,164.56102,-819.73535,613.92224,-1866.3806,1.0,-1.0,1.0,-1.0,33.524375915527344,-0.4,0.4,-0.4
11.3,20.496376,-15.002599,2.0047057,-0.22651826,-0.002101748,0.0010066621,0.97400415,-0.004713779,0.003745622,-0.08036862,-0.33982176,0.6955973,0.18235531,0.006248479,-0.0013622928,-0.08033969,0.026618855,0.06565578,-9.797435,20.496122,-15.004733,1.2047088,0.018168304,0.15285982,-0.0983547,-0.22539674,-500.139,-526.9026,33.747623,289.6288,-500.139,-526.9026,33.747623,289.6288,-1.0,-1.0,1.0,1.0,0.0,-0.4,0.4,0.4
11.316666666666666,20.49645,-15.002635,2.0052035,-0.22651957,-0.0045752903,0.0002552956,0.97399575,-0.0029490385,0.0042001195,0.066574216,0.08622438,0.1810818,-0.06068597,0.003898556,-0.0025726852,0.06660816,-0.14099535,-0.07262354,8.816872,20.496246,-15.004698,1.2052064,0.014616605,0.14773716,-0.21310194,-0.30735967,210.30789,374.29074,-976.34076,-127.62036,210.30789,374.29074,-976.34076,-127.62036,1.0,1.0,-1.0,-1.0,33.524375915527344,0.4,-0.4,-0.4
11.333333333333334,20.496502,-15.002674,2.0042663,-0.22751315,-0.0022668163,-0.0012474984,0.9737716,-0.0010302246,0.003368056,-0.09720991,-0.34737146,-0.36548048,0.18212287,0.0027899113,-0.002226446,-0.09720819,-0.06651868,0.02077435,-9.82898,20.496374,-15.004659,1.2042692,0.009152453,0.14213638,-0.32784906,-0.3360468,-391.0547,-31.457893,-557.8303,317.75058,-391.0547,-31.457893,-557.8303,317.75058,-1.0,-1.0,-1.0,1.0,0.0,-0.4,-0.4,0.4
11.35,20.49655,-15.002731,2.0044894,-0.22751316,-0.0027215905,-0.0015082348,0.97376996,-0.0011665039,0.0046117697,0.050265618,0.09150214,0.20228264,-0.06063649,0.002857266,-0.0038273572,0.050263792,0.0040412787,-0.096054666,8.848318,20.496504,-15.004609,1.2044916,0.0032784909,0.13448654,-0.3524377,-0.4589903,333.89587,695.8132,269.81406,-3278.0005,333.89587,695.8132,269.81406,-3278.0005,1.0,1.0,1.0,-1.0,33.524375915527344,0.4,0.4,-0.4
11.366666666666667,20.496584,-15.002806,2.003281,-0.22849263,-0.0018804935,0.0021909953,0.9735413,0.00026752194,0.0046824855,-0.11346819,0.5147886,-0.3331369,0.18274592,0.0023726572,-0.0046990793,-0.11344301,-0.029076528,-0.052303325,-9.822408,20.496626,-15.004556,1.2032828,-0.0030052832,0.12533407,-0.3770264,-0.54914826,-295.21878,176.01176,-453.01053,322.8568,-295.21878,176.01176,-453.01053,322.8568,-1.0,1.0,-1.0,1.0,0.0,0.4,-0.4,0.4
11.383333333333333,20.496613,-15.002856,2.003232,-0.22849166,-0.0029590211,0.003656655,0.97353446,-0.00022909371,0.0029415516,0.033894222,0.09621342,0.22521557,-0.060851503,0.001261852,-0.002336913,0.033918582,-0.06664831,0.14172997,8.841695,20.496756,-15.004495,1.203234,-0.010245284,0.11734273,-0.43440005,-0.47948015,438.34784,-768.7312,167.78423,-1852.5131,438.34784,-768.7312,167.78423,-1852.5131,1.0,-1.0,1.0,-1.0,33.524375915527344,-0.4,0.4,-0.4
11.4,20.496618,-15.002892,2.00175,-0.22947519,-0.0010196185,0.0021544192,0.9733116,0.0008863588,0.0012492763,-0.1299056,-0.33735824,-0.32157403,0.18194218,0.00015132595,-0.0019976492,-0.12989919,-0.066631556,0.020355828,-9.829065,20.496883,-15.004433,1.2017516,-0.018987926,0.110375926,-0.5245585,-0.4180084,-203.18758,-356.56418,-550.83307,322.2236,-203.18758,-356.56418,-550.83307,322.2236,-1.0,-1.0,-1.0,1.0,0.0,-0.4,-0.4,0.4
11.416666666666666,20.496626,-15.002914,2.0014281,-0.2294759,-0.0018499282,0.0018882852,0.9733107,0.00011235342,0.0014131041,0.01756928,0.101350084,0.2463983,-0.060829658,0.000452213,-0.0012647939,0.01757512,0.01805322,0.043971315,8.848457,20.497013,-15.00436,1.2014296,-0.02773057,0.103545725,-0.5245586,-0.409812,551.8659,399.5042,218.21436,-3227.8645,551.8659,399.5042,218.21436,-3227.8645,1.0,1.0,1.0,-1.0,33.524375915527344,0.4,0.4,-0.4
11.433333333333334,20.496622,-15.002932,1.9996735,-0.23046005,-9.21706e-05,0.0003888988,0.9730817,0.0010055886,0.00041550817,-0.14623912,-0.3322103,-0.3005048,0.1819624,-0.00065996475,-0.00092686067,-0.14623874,-0.06673066,0.020275993,-9.828831,20.497143,-15.004288,1.1996748,-0.037292838,0.09712534,-0.5737361,-0.3852233,-65.66313,-213.67236,-526.45215,323.4312,-65.66313,-213.67236,-526.45215,323.4312,-1.0,-1.0,-1.0,1.0,0.0,-0.4,-0.4,0.4
11.45,20.496622,-15.002948,1.99908,-0.23045908,-0.00110362,0.00012292748,0.9730813,0.00010594528,0.0012589791,0.0012340398,0.106434554,0.2675715,-0.060818586,0.00046725408,-0.0011730973,0.0012347569,0.06763313,-0.014774197,8.84841,20.497265,-15.004207,1.1990812,-0.04603548,0.09015854,-0.5245585,-0.41800794,682.75275,555.6455,260.5738,-3100.4836,682.75275,555.6455,260.5738,-3100.4836,1.0,1.0,1.0,-1.0,33.524375915527344,0.4,0.4,-0.4
11.466666666666667,20.496609,-15.002968,2.000936,-0.23144431,0.0003346722,-0.0013797297,0.9728471,0.0016050073,-3.135891e-05,0.14808452,-0.3227822,-0.2576835,0.1819663,-0.0012561753,-0.001069366,0.14808403,-0.10340576,0.006223877,8.810956,20.497385,-15.004121,1.2009374,-0.055597752,0.08257701,-0.5737363,-0.45489144,83.64686,-38.641212,-481.58914,315.2507,83.64686,-38.641212,-481.58914,315.2507,1.0,-1.0,-1.0,1.0,33.524375915527344,-0.4,-0.4,0.4
11.483333333333333,20.4966,-15.002992,2.0013638,-0.23144116,-0.00090326957,-0.0016490811,0.9728471,0.00079958304,0.0012333017,-0.015100597,0.11141417,0.2887164,-0.0608314,-0.00014353373,-0.0014064666,-0.015105948,0.0667585,-0.020226033,-9.791398,20.497501,-15.004034,1.201365,-0.0646136,0.07465399,-0.540951,-0.47538128,-625.3125,709.81683,268.447,-2274.5444,-625.3125,709.81683,268.447,-2274.5444,-1.0,1.0,1.0,-1.0,0.0,0.4,0.4,-0.4
11.5,20.496588,-15.003038,2.002949,-0.23242284,-0.0009529757,0.0020402544,0.9726122,0.0022881015,0.0028292767,0.13183834,0.53874135,-0.22517148,0.18259968,-0.001131174,-0.0030932385,0.13184741,-0.059258416,-0.10120631,8.817201,20.49762,-15.00394,1.2029504,-0.07390267,0.0645453,-0.5573438,-0.6065212,86.87129,152.32767,-493.0325,315.27237,86.87129,152.32767,-493.0325,315.27237,1.0,1.0,-1.0,1.0,33.524375915527344,0.4,-0.4,0.4
11.516666666666666,20.49657,-15.003078,2.0031052,-0.23242404,-0.0028216206,0.0034914487,0.97260416,0.0017042407,0.0014251836,-0.0314499,0.11586115,0.31160513,-0.060923684,-0.0006521078,-0.0022140574,-0.031443674,0.028743971,0.052750863,-9.797464,20.497728,-15.003843,1.2031066,-0.082918525,0.05477813,-0.54095143,-0.5860304,-562.4984,-713.995,77.999306,-918.8011,-562.4984,-713.995,77.999306,-918.8011,-1.0,-1.0,1.0,-1.0,0.0,-0.4,0.4,-0.4
11.533333333333333,20.49652,-15.00309,2.0044167,-0.23340885,-0.0017504757,0.001984821,0.972375,0.003410217,-0.0010545747,0.11540207,-0.31336606,-0.21387723,0.18186209,-0.0040170914,-0.0002571874,0.115387075,-0.20189899,0.11741219,8.809845,20.497837,-15.003744,1.2044183,-0.09439325,0.046855103,-0.68848366,-0.4753815,85.47991,-293.30203,-652.0364,321.1797,85.47991,-293.30203,-652.0364,321.1797,1.0,-1.0,-1.0,1.0,33.524375915527344,-0.4,-0.4,0.4
11.55,20.496449,-15.003107,2.0042934,-0.23339678,0.0032317638,0.0032159293,0.97237086,0.004206406,-0.0010377122,-0.048338067,0.10968286,-0.74982274,-0.060764134,-0.004450313,-0.0013597868,-0.04830823,-0.025993286,-0.06615596,-9.821718,20.497946,-15.003642,1.2042952,-0.10723403,0.038317364,-0.7704466,-0.5122643,-604.3094,458.76526,-38.675774,-2330.284,-604.3094,458.76526,-38.675774,-2330.284,-1.0,1.0,-1.0,-1.0,0.0,0.4,-0.4,-0.4
11.566666666666666,20.49641,-15.003088,2.00533,-0.23140813,0.0063068015,0.0022083125,0.9728338,0.0018653541,-0.0026175044,0.0990248,-0.30988634,-0.19175372,-0.30405492,-0.0017300944,0.0022118508,0.09903715,0.16321309,0.21429825,8.840722,20.498049,-15.003543,1.2053319,-0.11734273,0.032580007,-0.6065221,-0.34424138,61.84348,-434.10934,857.85846,-862.6211,61.84348,-434.10934,857.85846,-862.6211,1.0,-1.0,1.0,-1.0,33.524375915527344,-0.4,0.4,-0.4
11.583333333333334,20.496395,-15.003052,2.004941,-0.23042779,0.0044966354,0.0019181075,0.9730771,-0.00097171566,-0.002279389,-0.064150155,0.12406192,0.3562587,-0.06064593,-0.0006584215,0.002100656,-0.064160235,0.06430037,-0.006671687,-9.791842,20.498144,-15.003441,1.2049431,-0.12526576,0.027867174,-0.47538173,-0.28276998,-561.52234,202.60182,584.9615,636.8524,-561.52234,202.60182,584.9615,636.8524,-1.0,1.0,1.0,1.0,0.0,0.4,0.4,0.4
11.6,20.496403,-15.002991,2.0057073,-0.2314052,0.0051871734,0.00038348496,0.97284347,-0.001723388,-0.0034948979,0.08270092,-0.30513662,-0.16950789,0.18216088,0.00078515254,0.0041567856,0.08268453,0.08661444,0.123367764,8.810686,20.498232,-15.003337,1.2057095,-0.13100316,0.024793588,-0.34424362,-0.18441516,163.5572,-408.9494,-158.64488,291.8294,163.5572,-408.9494,-158.64488,291.8294,1.0,-1.0,-1.0,1.0,33.524375915527344,-0.4,-0.4,0.4
11.616666666666667,20.496426,-15.002923,2.0050454,-0.23140623,0.0031980583,8.428836e-05,0.9728519,-0.0039219977,-0.0024506496,-0.080492385,0.12876713,0.3773759,-0.060681805,0.0019007575,0.0038217234,-0.08051207,0.0669363,-0.020103728,-9.791795,20.498312,-15.00323,1.2050481,-0.13510126,0.021993209,-0.24588613,-0.16802272,-548.2656,346.9891,583.005,-2046.0237,-548.2656,346.9891,583.005,-2046.0237,-1.0,1.0,1.0,-1.0,0.0,0.4,0.4,-0.4
11.633333333333333,20.496468,-15.002851,2.0055394,-0.23238593,0.0037084732,-0.0014504235,0.9726154,-0.0040820627,-0.003080944,0.06635494,-0.30041945,-0.14850679,0.182133,0.0027717757,0.004520643,0.06634014,0.052261088,0.041935176,8.811132,20.498384,-15.003126,1.2055417,-0.13728693,0.019739248,-0.13114034,-0.13523763,240.73282,-268.0281,-209.08594,272.7692,240.73282,-268.0281,-209.08594,272.7692,1.0,-1.0,-1.0,1.0,33.524375915527344,-0.4,-0.4,0.4
11.65,20.496523,-15.002778,2.0046048,-0.23238227,0.0015403044,-0.0017543696,0.9726217,-0.0055711754,-0.0015770704,-0.09685076,0.13341603,0.39846742,-0.06071937,0.0038873954,0.004186345,-0.09685535,0.06693718,-0.020057892,-9.791729,20.49845,-15.003019,1.2046072,-0.13796996,0.01728038,-0.040981468,-0.1475321,-479.65488,524.3104,517.0797,-2044.4751,-479.65488,524.3104,517.0797,-2044.4751,-1.0,1.0,1.0,-1.0,0.0,0.4,0.4,-0.4
11.666666666666666,20.496586,-15.002719,2.004826,-0.2333645,0.0018711879,-0.0032901608,0.97238195,-0.0049992306,-0.0016572769,0.04999772,-0.29575512,-0.12752846,0.1820992,0.003961293,0.00346939,0.049997825,0.004433859,-0.04301728,8.811191,20.498508,-15.002914,1.2048286,-0.13769674,0.014001888,0.016392766,-0.19670945,334.3648,-78.39483,-296.5983,256.58197,334.3648,-78.39483,-296.5983,256.58197,1.0,-1.0,-1.0,1.0,33.524375915527344,-0.4,-0.4,0.4
11.683333333333334,20.49667,-15.0026655,2.0036192,-0.2333556,-0.00047720826,-0.0036003117,0.9723847,-0.005651596,0.00027700234,-0.11321181,0.13801031,0.4195331,-0.060762417,0.0050766272,0.0031358742,-0.113195956,0.06692005,-0.020010954,-9.791626,20.498571,-15.002808,1.2036215,-0.13619411,0.010176982,0.09015798,-0.22949438,-390.2286,722.8002,415.56775,-2037.2928,-390.2286,722.8002,415.56775,-2037.2928,-1.0,1.0,1.0,-1.0,0.0,0.4,0.4,-0.4
11.7,20.496746,-15.00265,2.0035696,-0.23433602,-0.0016444302,4.7222962e-05,0.9721542,-0.0042252042,0.0018585405,0.033734523,0.5647535,-0.09479344,0.18270299,0.004499328,0.00024777043,0.03374936,-0.03463796,-0.17328621,8.816718,20.49862,-15.002699,1.2035719,-0.13414504,0.0034833965,0.12294441,-0.40161508,440.6295,167.56404,-430.6786,247.28691,440.6295,167.56404,-430.6786,247.28691,1.0,1.0,-1.0,1.0,33.524375915527344,0.4,-0.4,0.4
11.716666666666667,20.496822,-15.002635,2.002091,-0.23433436,-0.0046250834,0.0014511852,0.97214395,-0.0038646548,0.0006167025,-0.12957585,0.14205329,0.44234797,-0.060706988,0.00497436,0.0011271418,-0.12953456,0.028501933,0.052762277,-9.797034,20.49866,-15.002589,1.2020932,-0.13154957,-0.0032784909,0.15572815,-0.4057132,-215.71677,-714.82324,75.98351,-771.55597,-215.71677,-714.82324,75.98351,-771.55597,-1.0,-1.0,1.0,-1.0,0.0,-0.4,0.4,-0.4
11.733333333333333,20.496853,-15.002611,2.0017676,-0.23532633,-0.004658619,-9.284408e-05,0.9719052,-0.0013820875,-0.0009999165,0.017280627,-0.28711838,-0.08389309,0.18211694,0.00061583007,0.0014803678,0.01729044,-0.2615118,0.021193564,8.8095,20.498697,-15.002482,1.2017696,-0.13209598,-0.009220756,-0.032784637,-0.35653585,532.345,-186.5188,-720.49713,249.32411,532.345,-186.5188,-720.49713,249.32411,1.0,-1.0,-1.0,1.0,33.524375915527344,-0.4,-0.4,0.4
11.75,20.496859,-15.002602,2.000009,-0.23532575,-0.0007794721,0.0011015916,0.97191554,-0.00019411987,-0.0006170751,-0.14641668,0.13520306,-0.6202605,-0.0605753,0.00018810687,0.0003777171,-0.1464175,-0.02566339,-0.06615904,-9.822476,20.498734,-15.002376,1.2000113,-0.13428164,-0.016187549,-0.13113944,-0.41800755,-124.345436,537.8105,-245.80977,-2270.1624,-124.345436,537.8105,-245.80977,-2270.1624,-1.0,1.0,-1.0,-1.0,0.0,0.4,-0.4,-0.4
11.766666666666666,20.496868,-15.002576,1.999411,-0.2333542,0.0012001516,4.70346e-05,0.97239095,-0.0013603831,-0.0015185988,0.00095526193,-0.2837517,-0.06192732,-0.30386215,0.00052525534,0.001971207,0.00095276587,0.020228907,0.0956094,8.842216,20.498762,-15.00227,1.1994134,-0.13564768,-0.021924907,-0.081962936,-0.3442415,672.6515,-275.05334,658.1779,-868.8216,672.6515,-275.05334,658.1779,-868.8216,1.0,-1.0,1.0,-1.0,33.524375915527344,-0.4,0.4,-0.4
11.783333333333333,20.496899,-15.00254,2.0012703,-0.23237021,-0.0018515543,-0.00029705674,0.9726256,-0.0033489035,-0.00064304564,0.14841487,0.15473156,0.5083816,-0.060492117,0.002182495,0.001873893,0.14842616,0.099434376,-0.0058388473,8.848403,20.498775,-15.002162,1.2012725,-0.13441825,-0.02704755,0.073766105,-0.30735856,53.898518,427.1695,204.81808,604.079,53.898518,427.1695,204.81808,604.079,1.0,1.0,1.0,1.0,33.524375915527344,0.4,0.4,0.4
11.8,20.49692,-15.002505,2.0016966,-0.23335937,-0.0023093428,-0.00186152,0.97238594,-0.0018702291,-0.001442583,-0.015399995,-0.27858925,-0.039955914,0.1823475,0.0010675995,0.002206559,-0.015386032,-0.066893734,0.019959964,-9.828731,20.498783,-15.00206,1.2016993,-0.13346201,-0.031896982,0.057374235,-0.2909659,-518.59503,-94.02729,-633.3966,413.50385,-518.59503,-94.02729,-633.3966,413.50385,-1.0,-1.0,-1.0,1.0,0.0,-0.4,-0.4,0.4
11.816666666666666,20.496923,-15.002499,2.0032768,-0.23336737,0.0010628053,-0.0006992876,0.97238773,0.00043173926,-1.4550082e-05,0.13156016,0.14765376,-0.55473745,-0.06036951,-7.645356e-05,-0.00029663517,0.13156052,-0.06864318,-0.15019163,8.8167925,20.498787,-15.001957,1.2032791,-0.13346201,-0.03879548,0.0,-0.41390976,20.826597,634.29407,-71.53792,-2079.435,20.826597,634.29407,-71.53792,-2079.435,1.0,1.0,-1.0,-1.0,33.524375915527344,0.4,-0.4,-0.4
11.833333333333334,20.49693,-15.002492,2.003428,-0.23139712,0.0026265436,-0.0017727966,0.97285414,-0.00075806613,-0.00019032811,-0.031727053,-0.27523202,-0.018062443,-0.3036555,0.00040301422,0.000582129,-0.03172878,0.028768064,0.052725848,-9.797358,20.498787,-15.001855,1.2034305,-0.1330522,-0.045625668,0.024588702,-0.40981135,-623.38226,-91.58734,728.9451,-1.6454974,-623.38226,-91.58734,728.9451,-1.6454974,-1.0,-1.0,1.0,-1.0,0.0,-0.4,0.4,-0.4
11.85,20.496975,-15.002495,2.0047424,-0.23040804,-0.0007983684,-0.0021247335,0.9730914,-0.0029224243,0.0014052805,0.11573541,0.16329454,0.55248225,-0.06029853,0.0031757774,-0.0004667676,0.11573633,0.16636577,-0.06293379,8.847906,20.49878,-15.00176,1.2047448,-0.12922728,-0.052660767,0.22949515,-0.4221059,69.28381,583.8074,304.198,589.9914,69.28381,583.8074,304.198,589.9914,1.0,1.0,1.0,1.0,33.524375915527344,0.4,0.4,0.4
11.866666666666667,20.497023,-15.002515,2.0046253,-0.23138961,-0.002936889,0.0014806201,0.9728556,-0.0015601863,0.0022038089,-0.047989845,0.58531475,0.015850008,0.18324208,0.0026923777,-0.0013384013,-0.047971617,-0.029003982,-0.052298024,-9.822476,20.498766,-15.001664,1.2046278,-0.12485595,-0.0609253,0.26227978,-0.49587202,-497.87714,71.2052,-581.3603,400.32755,-497.87714,71.2052,-581.3603,400.32755,-1.0,1.0,-1.0,1.0,0.0,0.4,-0.4,0.4
11.883333333333333,20.497026,-15.002524,2.005661,-0.23138045,-0.00038090313,0.0043410594,0.97285354,0.00045781542,0.00081109814,0.098867424,0.15545124,-0.50934964,-0.060124446,-0.0003155279,-0.00011267993,0.09887124,-0.18047433,0.07354328,8.810571,20.49874,-15.001574,1.2056634,-0.12267029,-0.068097,0.13113944,-0.43030208,114.18774,-838.9289,-184.6856,-679.5449,114.18774,-838.9289,-184.6856,-679.5449,1.0,-1.0,-1.0,-1.0,33.524375915527344,-0.4,-0.4,-0.4
11.9,20.497026,-15.002515,2.0052679,-0.22940916,0.00078573934,0.0032383478,0.9733243,-0.0006855502,-0.0009932119,-0.06441662,-0.26717257,0.027488902,-0.30340067,0.0001670197,0.00076549704,-0.06442316,0.028952854,0.052690618,-9.797664,20.498713,-15.001482,1.2052704,-0.12075784,-0.073970966,0.11474713,-0.35243776,-614.45874,-587.74646,623.401,-90.61523,-614.45874,-587.74646,623.401,-90.61523,-1.0,-1.0,1.0,-1.0,0.0,-0.4,0.4,-0.4
11.916666666666666,20.497044,-15.00248,2.0060375,-0.22843887,-0.0030306017,0.0028697057,0.9735493,-0.0023967954,-0.0013153814,0.08305061,0.17135654,0.5982572,-0.06006057,0.0009625919,0.002593255,0.08304954,0.047734328,0.10966546,8.848362,20.498684,-15.001398,1.20604,-0.11747933,-0.07745437,0.19671051,-0.20900442,141.62752,44.396145,74.4788,591.14703,141.62752,44.396145,74.4788,591.14703,1.0,1.0,1.0,1.0,33.524375915527344,0.4,0.4,0.4
11.933333333333334,20.497047,-15.002431,2.005374,-0.22943887,-0.00424891,0.0012741996,0.9733129,-0.00055568345,-0.0030482374,-0.080761485,-0.2617835,0.049305424,0.18280247,-0.00014904529,0.0029326314,-0.080767535,-0.06669823,0.02036259,-9.829024,20.49865,-15.001314,1.2053765,-0.114747256,-0.07998154,0.16392453,-0.15163018,-468.807,-388.13058,-714.8588,395.6779,-468.807,-388.13058,-714.8588,395.6779,-1.0,-1.0,-1.0,1.0,0.0,-0.4,-0.4,0.4
11.95,20.497007,-15.002393,2.005865,-0.229439,-0.0016243786,0.0023850384,0.97331876,0.0017163674,-0.0029195738,0.06619379,0.16383135,-0.46590543,-0.059946083,-0.0031213667,0.0021035369,0.066173404,-0.17833927,-0.04974567,8.816457,20.498608,-15.001237,1.2058675,-0.11461066,-0.08278192,0.008195936,-0.1680225,217.18362,307.8091,-414.42056,-2078.4998,217.18362,307.8091,-414.42056,-2078.4998,1.0,1.0,-1.0,-1.0,33.524375915527344,0.4,-0.4,-0.4
11.966666666666667,20.496964,-15.002347,2.0049267,-0.22747244,-0.0008255199,0.0012632691,0.9737834,0.0011430252,-0.0041128504,-0.09710388,-0.2585467,0.071106054,-0.30321354,-0.002634865,0.00297839,-0.09711628,0.029190103,0.05249119,-9.79738,20.498564,-15.001162,1.2049294,-0.11461066,-0.084899284,0.0,-0.12704192,-489.89142,-482.23904,390.70856,-16.458458,-489.89142,-482.23904,390.70856,-16.458458,-1.0,-1.0,1.0,-1.0,0.0,-0.4,0.4,-0.4
11.983333333333333,20.496906,-15.0023,2.005145,-0.22648962,0.0016106515,0.002352564,0.9740094,0.0021015443,-0.003937453,0.049844526,0.16735953,-0.44328076,-0.05974205,-0.0035199095,0.0028710437,0.049837377,-0.053102665,-0.0064407797,8.817219,20.498508,-15.001094,1.2051475,-0.114747256,-0.086401924,-0.008195936,-0.090158425,321.20547,212.92044,-208.54628,604.0605,321.20547,212.92044,-208.54628,604.0605,1.0,1.0,-1.0,1.0,33.524375915527344,0.4,-0.4,0.4
12.0,20.496857,-15.002239,2.0039346,-0.22747731,0.0022231063,0.0012197797,0.97378004,0.0004419242,-0.0050700987,-0.11345354,-0.25401387,0.09359358,0.18290792,-0.0030706488,0.003965321,-0.11345684,0.02695564,0.06565663,-9.797652,20.498455,-15.001026,1.2039375,-0.11447405,-0.08688004,0.016392319,-0.028687118,-415.06714,-554.77167,590.3211,2.0346992,-415.06714,-554.77167,590.3211,2.0346992,-1.0,-1.0,1.0,1.0,0.0,-0.4,0.4,0.4
12.016666666666666,20.496828,-15.002166,2.0038872,-0.22748597,-0.0021449777,0.00082891923,0.97377867,-0.0011191,-0.0044232444,0.034024045,0.1828975,0.6637107,-0.060027953,-0.0011113693,0.004482968,0.034016483,0.11755676,0.031058805,8.848399,20.498388,-15.000965,1.2038896,-0.11174197,-0.08599211,0.16392498,0.05327582,395.86014,159.11609,10.224574,-1765.6312,395.86014,159.11609,10.224574,-1765.6312,1.0,1.0,1.0,-1.0,33.524375915527344,0.4,0.4,-0.4
12.033333333333333,20.496796,-15.002088,2.0024066,-0.22848246,-0.0039174096,-0.0007949961,0.9735398,0.0008820724,-0.005342286,-0.12979157,-0.25010744,0.11436612,0.18284984,-0.002223789,0.004825344,-0.12979576,-0.06674518,0.020542562,-9.828734,20.498322,-15.000906,1.2024093,-0.1092831,-0.08462608,0.14753221,0.08196204,-222.60999,-275.42578,-781.4718,379.8823,-222.60999,-275.42578,-781.4718,379.8823,-1.0,-1.0,-1.0,1.0,0.0,-0.4,-0.4,0.4
12.05,20.496721,-15.002032,2.0020797,-0.22848785,-0.0018395411,0.00028186102,0.97354496,0.0030027297,-0.0045319246,0.017158462,0.175122,-0.40114197,-0.059927557,-0.004769039,0.0027178463,0.017141677,-0.15271498,-0.12644984,8.816245,20.498243,-15.000851,1.2020823,-0.109009884,-0.08462608,0.016392766,0.0,538.45197,429.4015,-536.2032,-1903.9254,538.45197,429.4015,-536.2032,-1903.9254,1.0,1.0,-1.0,-1.0,33.524375915527344,0.4,-0.4,-0.4
12.066666666666666,20.496649,-15.001973,2.0003245,-0.22947882,-0.0015841506,-0.00086292403,0.97331196,0.002675273,-0.0052042236,-0.14614059,-0.2461628,0.13584718,0.1827278,-0.0043255026,0.0038127783,-0.14614399,0.026612177,0.06569591,-9.79714,20.498169,-15.000798,1.200327,-0.108873285,-0.08414797,0.008195936,0.02868667,-144.01048,-309.89957,244.00453,2.8947196,-144.01048,-309.89957,244.00453,2.8947196,-1.0,-1.0,1.0,1.0,0.0,-0.4,0.4,0.4
12.083333333333334,20.496563,-15.001932,1.9997253,-0.22948433,0.00031091366,0.00020616784,0.97331226,0.003950389,-0.004206022,0.00080116687,0.17896503,-0.37972066,-0.060058847,-0.005412814,0.0019987368,0.00080284354,-0.0652387,-0.108842485,8.81681,20.498085,-15.000752,1.1997278,-0.109009884,-0.08448947,-0.008195936,-0.020490287,667.30194,444.96695,-417.53632,-1766.4243,667.30194,444.96695,-417.53632,-1766.4243,1.0,1.0,-1.0,-1.0,33.524375915527344,0.4,-0.4,-0.4
12.1,20.496475,-15.001883,2.001581,-0.23047179,0.0002478264,-0.0009565611,0.9730784,0.002630184,-0.005331302,0.14816506,-0.23821181,0.17913383,0.18260153,-0.004605248,0.003326294,0.14817542,0.048453964,0.079653434,8.842354,20.497982,-15.000713,1.2015834,-0.107917055,-0.08373815,0.06556972,0.045079436,2.4015715,-321.1065,374.9434,1.6426821,2.4015715,-321.1065,374.9434,1.6426821,1.0,-1.0,1.0,1.0,33.524375915527344,-0.4,0.4,0.4
12.116666666666667,20.496395,-15.001839,2.0020037,-0.23047723,0.0019151117,0.000101816135,0.97307575,0.0034523178,-0.004245726,-0.015551421,0.18270087,-0.35830748,-0.060195137,-0.005047149,0.0022293383,-0.01553537,-0.026514053,-0.06581734,-9.822647,20.497889,-15.000675,1.202006,-0.106960826,-0.08332834,0.05737379,0.024588702,-609.7066,439.10562,-273.22324,-969.42267,-609.7066,439.10562,-273.22324,-969.42267,-1.0,1.0,-1.0,-1.0,0.0,0.4,-0.4,-0.4
12.133333333333333,20.496332,-15.001789,2.003587,-0.22850645,0.0016700183,-0.0010704268,0.9735403,0.0016674167,-0.00493055,0.13181496,-0.23511067,0.20083907,-0.30345652,-0.0031938637,0.003499641,0.13183257,0.111197114,0.076218165,8.842076,20.497784,-15.000647,1.2035891,-0.10395554,-0.081825696,0.1803173,0.090158425,1.1606699,-372.37634,490.88486,-5.435835,1.1606699,-372.37634,490.88486,-5.435835,1.0,-1.0,1.0,-1.0,33.524375915527344,-0.4,0.4,-0.4
12.15,20.49627,-15.001741,2.003738,-0.22752883,0.0031521365,-2.4217174e-05,0.9737662,0.0019432115,-0.0039419057,-0.031894505,0.18686539,-0.33592585,-0.059986927,-0.0036848595,0.0026284442,-0.031876124,-0.029459748,-0.05227181,-9.82252,20.497671,-15.000617,1.2037399,-0.10040384,-0.08052796,0.21310194,0.07786407,-530.5399,341.0398,-95.37267,702.73175,-530.5399,341.0398,-95.37267,702.73175,-1.0,1.0,-1.0,1.0,0.0,0.4,-0.4,0.4
12.166666666666666,20.496244,-15.001679,2.0050483,-0.2255572,0.002713273,-0.0012012895,0.97422534,-0.00025564525,-0.004454729,0.11547418,-0.23082349,0.22336707,-0.30324453,-0.0010550859,0.003984848,0.11548681,0.15778641,0.08138423,8.841776,20.497562,-15.000592,1.2050502,-0.09439325,-0.077864185,0.36063504,0.15982656,18.527885,-428.18625,612.1007,-14.388434,18.527885,-428.18625,612.1007,-14.388434,1.0,-1.0,1.0,-1.0,33.524375915527344,-0.4,0.4,-0.4
12.183333333333334,20.49624,-15.0016165,2.004933,-0.22456792,-0.0026245029,-0.0016188783,0.9744535,-0.0014211505,-0.0033678736,-0.047714043,0.20383754,0.7730256,-0.059949074,1.3132665e-05,0.003856923,-0.047698177,0.06409311,-0.007675504,-9.791099,20.497448,-15.000572,1.2049347,-0.08647023,-0.07479059,0.47538128,0.18441571,-520.75323,281.81915,17.59769,681.8692,-520.75323,281.81915,17.59769,681.8692,-1.0,1.0,1.0,1.0,0.0,0.4,0.4,0.4
12.2,20.496206,-15.001564,2.0059738,-0.22555879,-0.005466112,-0.0032743716,0.97420865,0.00045970036,-0.0040002274,0.09914122,-0.22488439,0.24481092,0.1829702,-0.0030805082,0.0025141174,0.09914325,-0.18561843,-0.08056833,8.810486,20.497326,-15.000553,1.2059753,-0.08018645,-0.072400026,0.37702692,0.1434338,80.262794,-79.98938,-885.4603,346.88525,80.262794,-79.98938,-885.4603,346.88525,1.0,-1.0,-1.0,1.0,33.524375915527344,-0.4,-0.4,0.4
12.216666666666667,20.496157,-15.001538,2.0055797,-0.22556506,-0.0043483838,-0.0022415887,0.9742158,0.0031589656,-0.0026754602,-0.06456032,0.19564101,-0.29305056,-0.059827276,-0.0035316017,0.0014235027,-0.064580746,-0.02706561,-0.06543688,-9.82344,20.497211,-15.000541,1.2055813,-0.07554191,-0.071443796,0.2786721,0.05737379,-543.09265,545.577,-732.9902,-1004.25085,-543.09265,545.577,-732.9902,-1004.25085,-1.0,1.0,-1.0,-1.0,0.0,0.4,-0.4,-0.4
12.233333333333333,20.496052,-15.001535,2.006339,-0.226569,0.0014777367,-0.0019656061,0.973992,0.005819554,-0.0032058004,0.08224694,-0.23294702,-0.8206747,0.18294984,-0.00632691,4.8288308e-05,0.08227193,-0.1677185,-0.08251286,8.81116,20.497074,-15.000533,1.2063403,-0.07321965,-0.07178531,0.13933583,-0.020490734,149.1391,-47.771324,-54.717934,5.527323,149.1391,-47.771324,-54.717934,5.527323,1.0,-1.0,-1.0,1.0,33.524375915527344,-0.4,-0.4,0.4
12.25,20.495964,-15.001537,2.0056705,-0.22658521,0.0046166694,-0.00043860378,0.9739803,0.004097612,-0.001793528,-0.08096659,0.20136556,-0.27100667,-0.059748765,-0.0052125393,-0.00029946907,-0.08092179,0.06686224,-0.020865442,-9.791623,20.496948,-15.000523,1.2056718,-0.070487574,-0.07267323,0.16392453,-0.053275373,-465.93115,437.68365,754.8113,-4131.239,-465.93115,437.68365,754.8113,-4131.239,-1.0,1.0,1.0,-1.0,0.0,0.4,0.4,-0.4
12.266666666666666,20.495922,-15.001526,2.0061636,-0.22461405,0.003621548,-0.0016161486,0.97443974,0.0015073132,-0.0019404072,0.06641727,-0.21607319,0.28853148,-0.30301356,-0.0016875728,0.000983628,0.066433996,0.21149798,0.07698582,8.841348,20.496813,-15.000518,1.2061646,-0.06379398,-0.07219512,0.40161562,0.02868667,184.48808,-370.04382,630.63104,-5.6879,184.48808,-370.04382,630.63104,-5.6879,1.0,-1.0,1.0,-1.0,33.524375915527344,-0.4,0.4,-0.4
12.283333333333333,20.495905,-15.001513,2.0052311,-0.22362351,-0.0022745219,-0.0020295037,0.97467077,0.00070217537,-0.0007534177,-0.09675129,0.21864507,0.8384079,-0.059725754,-0.00061921845,0.00085316336,-0.09675103,0.06410126,-0.007827876,-9.791101,20.496674,-15.000519,1.2052324,-0.055051334,-0.07117059,0.52455866,0.061471757,-400.56046,336.5458,4.3043146,664.82227,-400.56046,336.5458,4.3043146,664.82227,-1.0,1.0,1.0,1.0,0.0,0.4,0.4,0.4
12.3,20.495867,-15.001522,2.0054545,-0.22460893,-0.0061042844,-0.0019234226,0.974428,0.0028424577,-0.0006862598,0.050163265,0.079816096,0.31397197,0.1834788,-0.0034092772,-0.0009527422,0.050123572,-0.16740352,-0.10835432,8.812476,20.496536,-15.000524,1.2054557,-0.047947936,-0.0715121,0.42620388,-0.020490734,264.17337,-0.32104275,-928.2638,338.1585,264.17337,-0.32104275,-928.2638,338.1585,1.0,-0.32104275,-1.0,1.0,33.524375915527344,-0.1284171,-0.4,0.4
12.316666666666666,20.495802,-15.001552,2.0042436,-0.22459939,-0.0061193346,0.0014493731,0.97443086,0.0056468947,-0.00048774877,-0.1135377,0.49986756,-0.22360893,-0.05922371,-0.0038623041,-0.0020418928,-0.113595106,-0.027181616,-0.065349035,-9.82312,20.496393,-15.000529,1.2042445,-0.042347178,-0.07321965,0.33604544,-0.10245278,-367.91156,216.98624,-876.0279,-464.37494,-367.91156,216.98624,-876.0279,-464.37494,-1.0,1.0,-1.0,-1.0,0.0,0.4,-0.4,-0.4
12.333333333333334,20.49568,-15.0015745,2.0041857,-0.22557291,-0.0014191279,0.0040621404,0.9742167,0.008123421,-0.0025815372,0.033266775,0.071228385,-0.7515828,0.18339297,-0.008584242,-0.0010097107,0.033235885,-0.28331628,0.061930925,8.809859,20.49625,-15.000539,1.2041867,-0.040844534,-0.07417587,0.09015865,-0.05737334,407.6338,-762.49744,-306.9959,16.557966,407.6338,-762.49744,-306.9959,16.557966,1.0,-1.0,-1.0,1.0,33.524375915527344,-0.4,-0.4,0.4
12.35,20.49554,-15.001581,2.0026984,-0.22556682,0.0018620025,0.0027408295,0.974222,0.0066943197,-0.0040128496,-0.13006815,-0.34851122,-0.21320671,-0.060032025,-0.008087823,-0.00014154511,-0.1300508,0.029785147,0.052089937,-9.7972,20.496101,-15.00055,1.2026993,-0.040161517,-0.07383437,0.04098102,0.020490287,-271.14175,-462.34964,602.9036,-3810.5442,-271.14175,-462.34964,602.9036,-3810.5442,-1.0,-1.0,1.0,-1.0,0.0,-0.4,0.4,-0.4
12.366666666666667,20.495432,-15.001563,2.0023742,-0.22360519,0.00014455261,0.0021685793,0.9746774,0.0049851676,-0.003824591,0.017422665,0.088063285,0.35890624,-0.30276403,-0.0061657326,0.0013439181,0.017412819,0.11532543,0.08912779,8.847816,20.495955,-15.0005665,1.2023748,-0.03742944,-0.0713755,0.16392453,0.14753221,485.52744,157.90352,247.22832,-352.71475,485.52744,157.90352,247.22832,-352.71475,1.0,1.0,1.0,-1.0,33.524375915527344,0.4,0.4,-0.4
12.383333333333333,20.495312,-15.001537,2.000617,-0.2226249,0.001016976,0.00035693625,0.9749035,0.0055072065,-0.004718096,-0.14640492,-0.34337658,-0.19122842,-0.05987245,-0.0072763567,0.0016916946,-0.14639394,-0.06663744,0.020866586,-9.828405,20.495802,-15.0005865,1.200618,-0.035107177,-0.068097,0.13933583,0.19670962,-91.859314,-378.7064,-477.9257,649.43646,-91.859314,-378.7064,-477.9257,649.43646,-1.0,-1.0,-1.0,1.0,0.0,-0.4,-0.4,0.4
12.4,20.495207,-15.001513,2.0000205,-0.22065926,-0.0008858479,-0.00021142722,0.97535044,0.0043709027,-0.0037775883,0.0010815595,0.09312007,0.38099802,-0.30260926,-0.0055730506,0.0015274428,0.0010736779,0.10219836,-0.009855106,8.848057,20.495644,-15.000611,1.2000213,-0.03128227,-0.0645453,0.22949448,0.21310194,646.3995,376.84897,169.69774,-297.75665,646.3995,376.84897,169.69774,-297.75665,1.0,1.0,1.0,-1.0,33.524375915527344,0.4,0.4,-0.4
12.416666666666666,20.495092,-15.001488,2.001874,-0.21968246,-0.00034255502,-0.0020311398,0.9755692,0.0056988774,-0.0049627824,0.14791861,-0.33420125,-0.14753205,-0.059721954,-0.0072428873,0.0014325532,0.14792737,-0.1001902,-0.0056933793,8.811221,20.495487,-15.00064,1.2018749,-0.028276984,-0.060720395,0.18031707,0.22949448,55.93403,-153.54712,-565.0687,648.3814,55.93403,-153.54712,-565.0687,648.3814,1.0,-1.0,-1.0,1.0,33.524375915527344,-0.4,-0.4,0.4
12.433333333333334,20.49498,-15.001467,2.0022998,-0.22067377,-0.0024823702,-0.0025936533,0.975341,0.0051069963,-0.003769866,-0.015248882,0.09861937,0.4026081,0.18352504,-0.0061760023,0.0012981954,-0.015264122,0.06401309,-0.008061463,-9.79149,20.495329,-15.00067,1.2023003,-0.024998493,-0.057032086,0.1967094,0.22129855,-639.3845,618.1808,47.245567,163.88243,-639.3845,618.1808,47.245567,163.88243,-1.0,1.0,1.0,1.0,0.0,0.4,0.4,0.4
12.45,20.494852,-15.001482,2.0038824,-0.2206742,-0.0033730755,0.0007596297,0.9753414,0.0071720122,-0.0017964519,0.13172594,0.5221537,-0.11371039,-0.059134606,-0.008157533,-0.0014667647,0.13167267,-0.11889181,-0.16589761,8.816207,20.49517,-15.000707,1.2038832,-0.022812832,-0.05552945,0.13113967,0.0901582,14.1311455,155.82503,-843.01166,-190.11586,14.1311455,155.82503,-843.01166,-190.11586,1.0,1.0,-1.0,-1.0,33.524375915527344,0.4,-0.4,-0.4
12.466666666666667,20.494701,-15.001502,2.0040288,-0.22165868,0.0005437446,0.003338651,0.9751184,0.008753768,-0.0032025552,-0.032135043,0.089853585,-0.6639289,0.18356031,-0.009264522,-0.0011133063,-0.03213215,-0.06641937,0.021207506,-9.828288,20.495012,-15.000742,1.2040296,-0.022266418,-0.054436617,0.03278486,0.065569945,-547.4689,-737.2609,-263.7954,208.03905,-547.4689,-737.2609,-263.7954,208.03905,-1.0,-1.0,-1.0,1.0,0.0,-0.4,-0.4,0.4
12.483333333333333,20.494556,-15.00148,2.0053353,-0.22165598,0.0029317592,0.0019862049,0.9751185,0.007377632,-0.0051446105,0.11519872,-0.32597405,-0.10327846,-0.059881374,-0.008319308,0.0020458696,0.11523127,0.056712847,0.18955055,8.841805,20.49485,-15.00078,1.2053361,-0.021036983,-0.050133597,0.073766105,0.25818115,17.754091,-480.99957,606.335,-3556.8145,17.754091,-480.99957,606.335,-3556.8145,1.0,-1.0,1.0,-1.0,33.524375915527344,-0.4,0.4,-0.4
12.5,20.49443,-15.00145,2.0052161,-0.22265486,0.00042135574,0.0014002102,0.9748962,0.0056294287,-0.004998344,-0.047958806,0.10674529,0.44695777,0.1833489,-0.0072507053,0.0019189033,-0.047963172,0.064116165,-0.007617976,-9.791666,20.49469,-15.000822,1.2052166,-0.018578114,-0.044942647,0.1475321,0.31145698,-647.7847,162.08728,177.39874,157.92694,-647.7847,162.08728,177.39874,157.92694,-1.0,1.0,1.0,1.0,0.0,0.4,0.4,0.4
12.516666666666666,20.494299,-15.001405,2.0062523,-0.22266228,0.00041117897,-0.00044490345,0.97489536,0.006400666,-0.0062409015,0.098881446,-0.32282877,-0.08156797,-0.0599392,-0.008376585,0.0027755797,0.098891795,-0.0675528,0.05140058,8.811297,20.494534,-15.000866,1.2062528,-0.016802266,-0.038590573,0.10655086,0.38112444,51.67795,-359.83072,-700.4288,-183.55505,51.67795,-359.83072,-700.4288,-183.55505,1.0,-1.0,-1.0,-1.0,33.524375915527344,-0.4,-0.4,-0.4
12.533333333333333,20.494156,-15.001371,2.0058541,-0.2236601,0.004365589,0.00039762515,0.9746573,0.0065972423,-0.0055117486,-0.06488056,0.09833318,-0.6199076,0.1834633,-0.008880594,0.0019070517,-0.064814255,-0.030240508,-0.052111678,-9.822363,20.494373,-15.000913,1.2058543,-0.015572831,-0.032853212,0.073766105,0.34424162,-598.9455,412.89554,-62.102226,163.94157,-598.9455,412.89554,-62.102226,163.94157,-1.0,1.0,-1.0,1.0,0.0,0.4,-0.4,0.4
12.55,20.49405,-15.001316,2.0066156,-0.22365636,0.006382006,-0.00096348074,0.9746467,0.0040000593,-0.0060069263,0.0824696,-0.31752387,-0.059104055,-0.05998553,-0.00515683,0.0037425372,0.08253919,0.22342582,0.110129125,8.841206,20.494205,-15.000959,1.2066157,-0.01120151,-0.02554491,0.26227924,0.4384981,109.1818,-381.86057,821.1968,-3271.859,109.1818,-381.86057,821.1968,-3271.859,1.0,-1.0,1.0,-1.0,33.524375915527344,-0.4,0.4,-0.4
12.566666666666666,20.49398,-15.001255,2.0059514,-0.22464596,0.0034947214,-0.0015723485,0.9744329,0.0015963498,-0.004668549,-0.08069709,0.11509338,0.4912235,0.18323012,-0.004085666,0.0036189882,-0.08066334,0.06426983,-0.0074129407,-9.7921505,20.494047,-15.001007,1.2059515,-0.0047811326,-0.017758492,0.38522264,0.46718502,-567.7248,305.39276,470.51328,135.62038,-567.7248,305.39276,470.51328,135.62038,-1.0,1.0,1.0,1.0,0.0,0.4,0.4,0.4
12.583333333333334,20.493927,-15.001202,2.0064425,-0.22464558,0.003113899,-0.0034326103,0.97442955,0.001586155,-0.004517564,0.066151276,-0.31448436,-0.037415445,-0.06004546,-0.0029002724,0.0030170553,0.06619216,0.071123615,-0.03611597,8.81133,20.493883,-15.001059,1.2064426,0.003141887,-0.010245284,0.47538117,0.45079246,197.21172,-212.70816,-483.24243,-168.7554,197.21172,-212.70816,-483.24243,-168.7554,1.0,-1.0,-1.0,-1.0,33.524375915527344,-0.4,-0.4,-0.4
12.6,20.493889,-15.001152,2.0055058,-0.22562605,4.3340457e-05,-0.004056999,0.9742055,0.00054158526,-0.0026352028,-0.09702857,0.118081614,0.51296115,0.1831713,-0.001830738,0.0028938123,-0.09700544,0.06417206,-0.0073945844,-9.791856,20.493713,-15.001109,1.205506,0.012567548,-0.0030735852,0.5655396,0.4303019,-483.26572,591.73004,267.93958,127.32274,-483.26572,591.73004,267.93958,127.32274,-1.0,1.0,1.0,1.0,0.0,0.4,0.4,0.4
12.616666666666667,20.49386,-15.001148,2.0057259,-0.225628,-0.0017939225,-0.00075994484,0.9742115,0.001947938,-0.00052946474,0.049939092,0.54121196,-0.003746897,-0.059435453,-0.0021397863,-0.0004951602,0.04993159,-0.018542891,-0.20333834,8.816221,20.493555,-15.001161,1.205726,0.021856606,0.00088792463,0.5573434,0.23769058,289.76083,117.84901,-726.52045,-165.9271,289.76083,117.84901,-726.52045,-165.9271,1.0,1.0,-1.0,-1.0,33.524375915527344,0.4,-0.4,-0.4
12.633333333333333,20.49381,-15.001153,2.0045106,-0.2266185,0.0011809636,0.0017871067,0.97398114,0.0026306487,-0.0016346215,-0.11387524,0.10910314,-0.55429566,0.18333252,-0.0032517752,-0.0001519353,-0.11387083,-0.06671933,0.020593492,-9.828144,20.493391,-15.001211,1.2045108,0.030052833,0.0041664154,0.4917736,0.19670944,-320.4449,-763.8909,-137.8911,147.64923,-320.4449,-763.8909,-137.8911,147.64923,-1.0,-1.0,-1.0,1.0,0.0,-0.4,-0.4,0.4
12.65,20.493769,-15.001126,2.0044546,-0.22661874,0.0026475978,0.00039484625,0.97397983,0.00092648016,-0.0026924894,0.03349171,-0.3068481,0.0066803545,-0.06011684,-0.0018531595,0.0020729003,0.03349733,0.08391693,0.13349013,8.84209,20.493227,-15.001261,1.2044549,0.03879548,0.009630566,0.52455866,0.32784903,381.35104,-488.7901,692.1267,-3375.9336,381.35104,-488.7901,692.1267,-3375.9336,1.0,-1.0,1.0,-1.0,33.524375915527344,-0.4,0.4,-0.4
12.666666666666666,20.49375,-15.001092,2.002973,-0.22760996,-0.0007905779,-0.0002572242,0.973752,5.0789677e-05,-0.0020831735,-0.1296963,0.12561616,0.55714744,0.18309136,-0.0007844384,0.0019564636,-0.1296959,0.06412326,-0.006986204,-9.791594,20.493065,-15.001309,1.2029734,0.049040765,0.015572831,0.6147171,0.35653585,-316.1086,194.44858,196.45648,107.70162,-316.1086,194.44858,196.45648,107.70162,-1.0,1.0,1.0,1.0,0.0,0.4,0.4,0.4
12.683333333333334,20.493713,-15.001063,2.002647,-0.22761682,-0.0017188219,-0.0021583836,0.97374684,0.0015806172,-0.0025696154,0.01715607,-0.30400646,0.02828975,-0.060162153,-0.0025964822,0.0015171446,0.017157756,-0.10872263,-0.026359135,8.811219,20.492907,-15.00136,1.2026476,0.057783406,0.021241888,0.5245585,0.3401434,490.60638,-245.41357,-769.8511,-189.0467,490.60638,-245.41357,-769.8511,-189.0467,1.0,-1.0,-1.0,-1.0,33.524375915527344,-0.4,-0.4,-0.4
12.7,20.493664,-15.001047,2.0008867,-0.22861621,0.0013049982,-0.0013490308,0.97351474,0.0021982805,-0.0014813121,-0.1465667,0.116993845,-0.51047635,0.18318339,-0.0030906587,0.00064547005,-0.14655668,-0.02965059,-0.05230047,-9.8228655,20.49275,-15.001407,1.2008876,0.06543323,0.025749816,0.4589892,0.27047563,-153.33821,517.0697,-203.39267,119.75749,-153.33821,517.0697,-203.39267,119.75749,-1.0,1.0,-1.0,1.0,0.0,0.4,-0.4,0.4
12.716666666666667,20.493633,-15.001034,2.000286,-0.22861828,0.0024032863,-0.002758969,0.9735092,0.0007003435,-0.0013439825,0.00080503814,-0.2990068,0.050620466,-0.06026787,-0.0012205658,0.00088828325,0.00081610656,0.11220557,0.014568791,8.842366,20.4926,-15.001454,1.2002872,0.07403927,0.030121135,0.5163627,0.26227912,645.77783,-205.67702,656.6354,-3194.6392,645.77783,-205.67702,656.6354,-3194.6392,1.0,-1.0,1.0,-1.0,33.524375915527344,-0.4,0.4,-0.4
12.733333333333333,20.493628,-15.001019,1.9982598,-0.22959535,-0.001408458,-0.0034385088,0.973279,0.00049105746,0.00022147439,-0.16237892,0.13335675,0.6011726,0.18293051,-0.00015150056,0.0007742841,-0.1623779,0.06414391,-0.006839947,-9.791639,20.49245,-15.001498,1.1982608,0.08428457,0.034355856,0.61471754,0.2540833,-11.148217,552.20233,148.25854,109.76322,-11.148217,552.20233,148.25854,109.76322,-1.0,1.0,1.0,1.0,0.0,0.4,0.4,0.4
12.75,20.49361,-15.001049,1.9973902,-0.22958755,-0.0040012286,-0.0001955424,0.9732798,0.002653198,0.001495087,-0.01542341,0.5561557,0.08413017,-0.059625555,-0.0015865025,-0.0024889912,-0.015441639,-0.08610012,-0.19579652,8.8161745,20.492308,-15.001545,1.1973914,0.093300425,0.03551699,0.54095143,0.06966791,733.43274,123.991486,-874.2002,-162.4113,733.43274,123.991486,-874.2002,-162.4113,1.0,1.0,-1.0,-1.0,33.524375915527344,0.4,-0.4,-0.4
12.766666666666666,20.493538,-15.00109,1.9989686,-0.23057023,-0.0019137951,0.0023123166,0.9730511,0.005330986,0.00048551196,0.13141501,0.12801296,-0.44492337,0.18321824,-0.005175852,-0.002350624,0.13140108,-0.21536097,0.008302038,8.810563,20.492174,-15.001584,1.19897,0.097671755,0.035380382,0.26227978,-0.008196383,204.04247,-744.6569,-399.5708,134.32664,204.04247,-744.6569,-399.5708,134.32664,1.0,-1.0,-1.0,1.0,33.524375915527344,-0.4,-0.4,0.4
12.783333333333333,20.493458,-15.001118,1.9991176,-0.23057625,-0.0012284125,0.00087545917,0.97305304,0.0049141045,-0.0008548135,-0.031872515,-0.29192594,0.09451255,-0.060218357,-0.0046860822,-0.0014774246,-0.031884074,0.029386196,0.052391957,-9.797109,20.49204,-15.001622,1.1991192,0.10149667,0.036131706,0.2294947,0.045079436,-482.39902,-373.99658,281.05255,-2611.2346,-482.39902,-373.99658,281.05255,-2611.2346,-1.0,-1.0,1.0,-1.0,0.0,-0.4,0.4,-0.4
12.8,20.493362,-15.001149,2.0004234,-0.23156549,0.0010998896,0.0016561762,0.9728173,0.0064272406,-0.0005455413,0.11504818,0.13278502,-0.4227555,0.18310545,-0.0058257687,-0.0019793594,0.11506447,-0.06838118,-0.030116085,8.816913,20.491913,-15.00166,1.2004249,0.10381894,0.036609817,0.13933627,0.02868667,177.85231,304.99832,-342.78055,132.70639,177.85231,304.99832,-342.78055,132.70639,1.0,1.0,-1.0,1.0,33.524375915527344,0.4,-0.4,0.4
12.816666666666666,20.493267,-15.001169,2.0003,-0.23156676,0.001597806,0.00021577007,0.97281766,0.0051070466,-0.0014022505,-0.048240688,-0.287182,0.11674635,-0.06032314,-0.005336233,-0.0011050338,-0.048223604,0.029372143,0.052459534,-9.797284,20.491787,-15.001695,1.2003013,0.106004596,0.037634347,0.13113944,0.061471757,-473.76245,-379.08664,435.26822,-2435.716,-473.76245,-379.08664,435.26822,-2435.716,-1.0,-1.0,1.0,-1.0,0.0,-0.4,0.4,-0.4
12.833333333333334,20.493187,-15.001191,2.0013328,-0.23255707,0.0037355605,0.0009913729,0.97257507,0.005612773,-0.00063808006,0.0986851,0.13749734,-0.4005965,0.18299723,-0.0046225884,-0.0016081198,0.0987254,0.04281867,-0.03018516,8.81694,20.49167,-15.001725,1.2013346,0.10860007,0.038249064,0.1557286,0.036883052,213.99997,316.90436,-156.51888,136.57329,213.99997,316.90436,-156.51888,136.57329,1.0,1.0,-1.0,1.0,33.524375915527344,0.4,-0.4,0.4
12.85,20.493114,-15.001205,2.000937,-0.23255382,0.0040454925,-0.00045393128,0.972575,0.0035233528,-0.0010377493,-0.06459707,-0.2824962,0.13897166,-0.060423784,-0.004133526,-0.00073281414,-0.06456508,0.029343756,0.052518338,-9.797428,20.491556,-15.001757,1.2009386,0.11160537,0.039478496,0.18031774,0.07376588,-449.07004,-383.86044,629.47375,-2290.4026,-449.07004,-383.86044,629.47375,-2290.4026,-1.0,-1.0,1.0,-1.0,0.0,-0.4,0.4,-0.4
12.866666666666667,20.49309,-15.001219,2.0017042,-0.23353675,-0.00064771925,-0.0011976233,0.97234696,0.0010442871,0.00017620751,0.08289763,0.15345836,0.7114571,0.18274608,-0.00090839865,-0.0008494046,0.08289507,0.19350763,-0.006995428,8.847609,20.491451,-15.001788,1.2017059,0.11734273,0.040776234,0.34424183,0.0778643,262.97885,319.28668,63.692436,127.19467,262.97885,319.28668,63.692436,127.19467,1.0,1.0,1.0,1.0,33.524375915527344,0.4,0.4,0.4
12.883333333333333,20.493057,-15.001229,2.001038,-0.23353852,-0.0027287416,-0.0031708186,0.9723385,0.0026526074,0.00015875942,-0.08089213,-0.2800654,0.1604907,-0.060454365,-0.0019816628,-0.0007441951,-0.080908075,-0.064395845,0.0063125715,-9.828188,20.491344,-15.001815,1.2010404,0.12267029,0.041937366,0.31965357,0.06966791,-354.16092,-58.865482,-887.7379,-9.624156,-354.16092,-58.865482,-887.7379,-9.624156,-1.0,-1.0,-1.0,-1.0,0.0,-0.4,-0.4,-0.4
12.9,20.493002,-15.001281,2.0015264,-0.23453264,-0.00096245395,-0.0024136982,0.9721047,0.0048038,0.0017154012,0.06604477,0.14455125,-0.3570633,0.18285576,-0.0035419315,-0.004056833,0.06602217,-0.09361611,-0.19875827,8.815814,20.491247,-15.001839,1.2015283,0.12567559,0.03995661,0.18031774,-0.11884532,361.39914,583.8924,-450.05798,131.51057,361.39914,583.8924,-450.05798,131.51057,1.0,1.0,-1.0,1.0,33.524375915527344,0.4,-0.4,0.4
12.916666666666666,20.49296,-15.00135,2.000587,-0.23453273,-0.0023378648,0.0012717436,0.9721046,0.0045373407,0.0024479087,-0.097158715,0.5766022,0.19445026,-0.060120586,-0.0024223747,-0.004381252,-0.09716652,0.06717341,-0.019465124,-9.791321,20.491158,-15.001863,1.2005893,0.12909068,0.03667812,0.20490555,-0.1967094,-331.0197,82.73867,274.71368,-2257.919,-331.0197,82.73867,274.71368,-2257.919,-1.0,1.0,1.0,-1.0,0.0,0.4,0.4,-0.4
12.933333333333334,20.492882,-15.001411,2.000803,-0.23551162,-0.0011935537,0.00374023,0.97186357,0.0061581265,0.00072695734,0.049679045,0.14861453,-0.33490545,0.1828196,-0.00534498,-0.003132121,0.04967977,-0.17535631,0.07494786,8.810778,20.491072,-15.001886,1.2008051,0.12963709,0.034014344,0.032784637,-0.15982656,447.34207,-843.47943,-439.244,149.03409,447.34207,-843.47943,-439.244,149.03409,1.0,-1.0,-1.0,1.0,33.524375915527344,-0.4,-0.4,0.4
12.95,20.4928,-15.001454,1.99959,-0.2355168,-0.0014337525,0.0022560894,0.97186655,0.005551581,-0.0007982771,-0.113595776,-0.2714692,0.20486954,-0.06056208,-0.004863828,-0.0022531662,-0.113607764,0.028869117,0.052737284,-9.797252,20.490992,-15.00191,1.1995924,0.1295005,0.032648306,-0.008195936,-0.081962265,-250.55992,-552.3947,153.81361,-2395.197,-250.55992,-552.3947,153.81361,-2395.197,-1.0,-1.0,1.0,-1.0,0.0,-0.4,0.4,-0.4
12.966666666666667,20.492697,-15.00149,1.9995337,-0.23650034,-3.8738744e-05,0.0029979367,0.9716267,0.0067103156,-0.0010416321,0.033335164,0.15305406,-0.312848,0.18277965,-0.0064881616,-0.0019652476,0.03333749,-0.09746002,0.017275115,8.816714,20.49092,-15.001931,1.1995358,0.12731484,0.031623777,-0.13113944,-0.061471757,529.4493,163.89308,-556.14844,147.136,529.4493,163.89308,-556.14844,147.136,1.0,1.0,-1.0,1.0,33.524375915527344,0.4,-0.4,0.4
12.983333333333333,20.492596,-15.001513,1.998048,-0.23650382,-0.00046510706,0.0015056644,0.9716292,0.005859989,-0.0022061905,-0.1299429,-0.26705688,0.22700344,-0.060594864,-0.0060083885,-0.001085424,-0.12995031,0.028786387,0.052789412,-9.797268,20.49085,-15.00195,1.19805,0.12499256,0.031350568,-0.13933672,-0.016392542,-140.05296,-521.9284,160.03464,-2273.1714,-140.05296,-521.9284,160.03464,-2273.1714,-1.0,-1.0,1.0,-1.0,0.0,-0.4,0.4,-0.4
13.0,20.492485,-15.001531,1.997719,-0.23748825,0.00074061967,0.0022398508,0.97138745,0.006717291,-0.002127263,0.016989117,0.15743965,-0.29079768,0.18275738,-0.0069346935,-0.0011320563,0.016997231,-0.055578303,-0.002797942,8.816853,20.49079,-15.0019655,1.197721,0.12144086,0.031145662,-0.21310194,-0.012294351,659.51416,210.3409,-546.7782,156.10966,659.51416,210.3409,-546.7782,156.10966,1.0,1.0,-1.0,1.0,33.524375915527344,0.4,-0.4,0.4
13.016666666666666,20.492376,-15.001537,1.995961,-0.23749045,0.00012805828,0.00073814567,0.9713895,0.0057565584,-0.00295688,-0.14628981,-0.2626965,0.249131,-0.060622975,-0.006456586,-0.00025138195,-0.14629026,0.028686447,0.05284046,-9.797249,20.490734,-15.001981,1.1959629,0.11761594,0.03176038,-0.22949515,0.036883052,-9.671919,-473.4203,169.80626,-2175.1658,-9.671919,-473.4203,169.80626,-2175.1658,-1.0,-1.0,1.0,-1.0,0.0,-0.4,0.4,-0.4
13.033333333333333,20.492266,-15.001547,1.9953594,-0.23847578,0.0011452425,0.0014647177,0.9711466,0.0064569046,-0.0025820537,0.00064472103,0.1617715,-0.26875415,0.18273328,-0.0069174785,-0.0007002102,0.0006576547,-0.027653545,-0.026929695,8.816874,20.490686,-15.001993,1.1953614,0.11310802,0.031965286,-0.27047527,0.012294351,804.20624,271.46912,-546.68604,161.97571,804.20624,271.46912,-546.68604,161.97571,1.0,1.0,-1.0,1.0,33.524375915527344,0.4,-0.4,0.4
13.049999999999999,20.492163,-15.001533,1.9972126,-0.23847684,0.00020946345,-5.5991888e-05,0.9711481,0.0047418824,-0.0038583563,0.1480271,-0.2546518,0.2930133,-0.060671493,-0.005925517,0.0012217822,0.1480297,0.059517685,0.115319535,8.842322,20.490646,-15.002002,1.1972145,0.10860007,0.033604536,-0.2704766,0.09835503,138.77426,-402.71826,166.91301,-2091.156,138.77426,-402.71826,166.91301,-2091.156,1.0,-1.0,1.0,-1.0,33.524375915527344,-0.4,0.4,-0.4
13.066666666666666,20.492058,-15.001524,1.9976331,-0.23946244,0.0009922994,0.00065914466,0.9709049,0.005473845,-0.0032883466,-0.015693845,0.16605422,-0.24671863,0.18268438,-0.0064004096,0.0003383969,-0.01568417,-0.028493552,-0.053003117,-9.822832,20.490608,-15.002011,1.1976348,0.10381894,0.03490227,-0.28686804,0.07786407,-476.85178,346.01465,-545.11816,359.59058,-476.85178,346.01465,-545.11816,359.59058,-1.0,1.0,-1.0,1.0,0.0,0.4,-0.4,0.4
13.083333333333334,20.49196,-15.001499,1.999214,-0.23946196,-0.00012909052,-0.00087220926,0.9709053,0.0039007324,-0.004253633,0.13168664,-0.25040057,0.315114,-0.060742047,-0.0054092794,0.0017208281,0.13169077,0.05946781,0.08294587,8.842496,20.490576,-15.002017,1.1992155,0.099174395,0.037087932,-0.27867255,0.13113967,148.11186,-353.06223,126.82672,-2018.1123,148.11186,-353.06223,126.82672,-2018.1123,1.0,-1.0,1.0,-1.0,33.524375915527344,-0.4,0.4,-0.4
13.1,20.491867,-15.00148,1.9993625,-0.24044663,0.00046564636,-0.00016531386,0.9706622,0.004785301,-0.0034686187,-0.032030772,0.17028621,-0.22470038,0.18260935,-0.0058825803,0.0008369444,-0.032024924,-0.028398054,-0.05303302,-9.822941,20.49055,-15.002021,1.1993636,0.09439325,0.038727175,-0.28686848,0.098354585,-470.68387,394.16812,-595.0596,360.95377,-470.68387,394.16812,-595.0596,360.95377,-1.0,1.0,-1.0,1.0,0.0,0.4,-0.4,0.4
13.116666666666667,20.491776,-15.001456,2.0006711,-0.24044527,-0.0008413287,-0.0017085521,0.9706608,0.0034970972,-0.004150596,0.115350164,-0.24620101,0.3371917,-0.060834397,-0.0051237904,0.0016090082,0.115352824,0.045527395,0.046323825,8.842664,20.490524,-15.002024,1.2006723,0.08961212,0.040639628,-0.28686804,0.11474713,174.87312,-275.2951,62.352554,-1959.3783,174.87312,-275.2951,62.352554,-1959.3783,1.0,-1.0,1.0,-1.0,33.524375915527344,-0.4,0.4,-0.4
13.133333333333333,20.49168,-15.001441,2.0005474,-0.24142936,-0.0004346687,-0.0010106225,0.97041774,0.0046678516,-0.003177262,-0.04836464,0.17446634,-0.20270443,0.1825108,-0.0055952766,0.00072464487,-0.048365172,-0.028289173,-0.053061794,-9.823079,20.490501,-15.002027,1.2005485,0.08442117,0.041937366,-0.31145674,0.0778643,-449.22867,443.16287,-668.6701,362.3332,-449.22867,443.16287,-668.6701,362.3332,-1.0,1.0,-1.0,1.0,0.0,0.4,-0.4,0.4
13.15,20.49158,-15.001434,2.001577,-0.24143048,0.0047056144,-0.0009859512,0.97040623,0.0061562364,-0.0036254106,0.09843889,-0.25311625,-0.73160774,-0.060790434,-0.006191136,0.00035337178,0.09850281,-0.03575155,-0.022276385,8.812078,20.490488,-15.002025,1.2015779,0.07813739,0.042278875,-0.37702692,0.02049051,218.81712,-163.2811,-38.522114,-1907.2661,218.81712,-163.2811,-38.522114,-1907.2661,1.0,-1.0,-1.0,-1.0,33.524375915527344,-0.4,-0.4,-0.4
13.166666666666666,20.491493,-15.001433,2.0011787,-0.23947303,0.007136692,0.00022887393,0.9708767,0.0035568,-0.002207637,-0.064764336,0.17725825,-0.17983657,-0.3034615,-0.0050654314,5.0387567e-05,-0.06470149,0.06754227,-0.018179052,-9.792257,20.49048,-15.002024,1.2011799,0.07253663,0.042278875,-0.33604544,0.0,-466.99612,327.84204,742.5932,-1133.9921,-466.99612,327.84204,742.5932,-1133.9921,-1.0,1.0,1.0,-1.0,0.0,0.4,0.4,-0.4
13.183333333333334,20.491467,-15.001403,2.0019422,-0.23848322,0.005455534,-0.0013383259,0.9711304,-1.6278354e-05,-0.002596062,0.08262861,-0.23926866,0.38150784,-0.06066018,-0.00025974002,0.0023085203,0.08263674,0.28834146,0.13548796,8.840293,20.490469,-15.002019,1.2019434,0.071443796,0.044123027,-0.06557017,0.11064916,263.6858,-433.01193,535.92786,466.62823,263.6858,-433.01193,535.92786,466.62823,1.0,-1.0,1.0,1.0,33.524375915527344,-0.4,0.4,0.4
13.2,20.491453,-15.001378,2.0012732,-0.23947208,0.0054936246,-0.00067917944,0.9708874,-0.0008479282,-0.0012849639,-0.08107435,0.18133593,-0.15866964,0.18267086,-0.00073809864,0.0014254834,-0.081073076,-0.028701516,-0.05298221,-9.822589,20.49046,-15.002016,1.2012744,0.07117059,0.04569397,-0.016392319,0.09425662,-395.2472,322.31824,-107.8969,320.609,-395.2472,322.31824,-107.8969,320.609,-1.0,1.0,-1.0,1.0,0.0,0.4,-0.4,0.4
13.216666666666667,20.491493,-15.00134,2.0017636,-0.23946422,0.003627732,-0.0022644103,0.9708957,-0.0036518055,-0.0012454418,0.066298656,-0.23524636,0.40354416,-0.060782757,0.0031927289,0.0026243792,0.06628211,0.23584965,0.07193375,8.8413105,20.490461,-15.002009,1.2017645,0.07390267,0.047947936,0.16392453,0.13523786,334.71048,-361.74957,549.21063,-1668.0653,334.71048,-361.74957,549.21063,-1668.0653,1.0,-1.0,1.0,-1.0,33.524375915527344,-0.4,0.4,-0.4
13.233333333333333,20.491539,-15.001305,2.0008216,-0.2404502,0.0034781285,-0.0016151855,0.97065383,-0.003797394,0.00019667344,-0.09741073,0.18533799,-0.13671477,0.18254171,0.0027166107,0.0017411963,-0.0974315,-0.028567089,-0.052990977,-9.822816,20.49046,-15.001997,1.2008225,0.07731777,0.04958718,0.204906,0.098354585,-315.8767,404.00125,-174.50577,304.97183,-315.8767,404.00125,-174.50577,304.97183,-1.0,1.0,-1.0,1.0,0.0,0.4,-0.4,0.4
13.25,20.49162,-15.001273,2.00104,-0.24044147,0.0014279021,-0.0032143618,0.97065717,-0.0057414556,0.0004221932,0.0499488,-0.23128253,0.42554483,-0.060911763,0.005490313,0.0020292522,0.0499376,0.16642211,0.017283358,8.842146,20.490465,-15.001986,1.2010412,0.08264532,0.05102152,0.31965312,0.08606046,433.0693,-258.48978,463.34473,-1696.113,433.0693,-258.48978,463.34473,-1696.113,1.0,-1.0,1.0,-1.0,33.524375915527344,-0.4,0.4,-0.4
13.266666666666666,20.491705,-15.001249,1.9998257,-0.24142407,0.0010912874,-0.0025749474,0.97041565,-0.005068311,0.0019668974,-0.11376686,0.18928353,-0.114794984,0.18240729,0.00501668,0.0011458737,-0.11378037,-0.028417975,-0.05300271,-9.823078,20.49047,-15.001969,1.1998271,0.08838268,0.051567934,0.34424183,0.03278486,-215.08708,500.2409,-295.84488,296.04456,-215.08708,500.2409,-295.84488,296.04456,-1.0,1.0,-1.0,1.0,0.0,0.4,-0.4,0.4
13.283333333333333,20.491808,-15.00124,1.999772,-0.24141417,-0.0011426025,-0.004188656,0.9704124,-0.006009559,0.0023500263,0.03359079,-0.22737789,0.44750658,-0.0610449,0.0064036143,0.00044805105,0.033597197,0.08321606,-0.041869357,8.842653,20.490486,-15.001953,1.1997734,0.094666466,0.051089823,0.37702692,-0.02868667,545.774,-106.978294,310.92715,-1720.6638,545.774,-106.978294,310.92715,-1720.6638,1.0,-1.0,1.0,-1.0,33.524375915527344,-0.4,0.4,-0.4
13.299999999999999,20.491907,-15.001243,1.998285,-0.24239273,-0.0016654885,-0.0035591635,0.97017026,-0.0043856525,0.0039682873,-0.1301271,0.19317187,-0.09291373,0.18226992,0.005932702,-0.00043552998,-0.13012555,-0.028254723,-0.053014856,-9.823364,20.4905,-15.001933,1.1982865,0.10081365,0.049450576,0.36883098,-0.09835481,-94.955185,568.3201,-467.2094,292.90805,-94.955185,568.3201,-467.2094,292.90805,-1.0,1.0,-1.0,1.0,0.0,0.4,-0.4,0.4
13.316666666666666,20.492014,-15.001285,1.9979596,-0.24237435,-0.005442451,-4.4910517e-05,0.97016746,-0.0041968133,0.005443545,0.017284285,0.6276898,0.48078388,-0.060564227,0.006081365,-0.002877379,0.017341558,0.00891977,-0.14651094,8.848026,20.490526,-15.001912,1.1979613,0.106551014,0.044942647,0.34424183,-0.27047572,660.22516,98.797844,84.93439,-1735.3649,660.22516,98.797844,84.93439,-1735.3649,1.0,1.0,1.0,-1.0,33.524375915527344,0.4,0.4,-0.4
13.333333333333334,20.49205,-15.001336,2.000084,-0.24334387,-0.0067329337,0.0022763782,0.969914,-0.0014040924,0.0044815075,0.16413175,0.20015,-0.049354196,0.18260653,0.0010274923,-0.00310093,0.16416642,-0.30323234,-0.013413056,8.809491,20.490555,-15.001884,1.2000856,0.107097425,0.03927359,0.032784637,-0.3401434,46.786674,-672.0033,-642.8974,260.14453,46.786674,-672.0033,-642.8974,260.14453,1.0,-1.0,-1.0,1.0,33.524375915527344,-0.4,-0.4,0.4
13.35,20.49205,-15.001388,2.0007725,-0.24334021,-0.0027444507,0.002218452,0.9699346,0.0014646827,0.0026458865,0.00034839546,-0.23111424,-0.6003387,-0.060680646,-4.4477005e-05,-0.0030228961,0.000357091,-0.06431816,0.004682033,-9.828559,20.490587,-15.001856,1.200774,0.10477516,0.033536233,-0.13933583,-0.34424138,-589.83246,-312.7754,-470.49503,-1264.5846,-589.83246,-312.7754,-470.49503,-1264.5846,-1.0,-1.0,-1.0,-1.0,0.0,-0.4,-0.4,-0.4
13.366666666666667,20.49206,-15.001439,1.9987388,-0.24137385,-0.0014284616,0.003332737,0.9704254,0.0007936696,0.0022735111,-0.16285111,0.19912176,-0.04839912,-0.30341583,0.0010773655,-0.0033214404,-0.16283147,0.06731055,-0.017912656,-9.791313,20.490616,-15.001824,1.1987401,0.10340912,0.027593967,-0.08196249,-0.35653597,-41.644497,215.78888,423.06467,-1249.2821,-41.644497,215.78888,423.06467,-1249.2821,-1.0,1.0,1.0,-1.0,0.0,0.4,0.4,-0.4
13.383333333333333,20.492052,-15.001464,1.9978604,-0.24038042,0.0024208147,0.0032433134,0.9706702,0.0012987161,0.0002592759,-0.015990479,-0.22868086,-0.5786483,-0.060428347,-0.0010778325,-0.00095463864,-0.015980497,-0.12931187,0.1420081,8.811058,20.490664,-15.001791,1.1978617,0.0994476,0.02342755,-0.23769109,-0.249985,768.6397,-571.2814,-131.33759,479.93207,768.6397,-571.2814,-131.33759,479.93207,1.0,-1.0,-1.0,1.0,33.524375915527344,-0.4,-0.4,0.4
13.4,20.49206,-15.001442,1.9994364,-0.23839642,0.0047617406,-0.0008172156,0.9711558,-0.00071346795,-0.0018106995,0.13139057,-0.6459007,-0.015217662,-0.30352357,0.0010603246,0.0020250033,0.1313851,0.12828942,0.17877851,8.841935,20.490715,-15.0017605,1.1994376,0.09630571,0.022812832,-0.18851323,-0.036883052,103.492744,-52.660625,720.1628,-1047.7062,103.492744,-52.660625,720.1628,-1047.7062,1.0,-1.0,1.0,-1.0,33.524375915527344,-0.4,0.4,-0.4
13.416666666666666,20.49209,-15.00141,1.9995862,-0.23739661,0.0021627303,-0.0042120907,0.9714012,-0.002860276,-0.00043344032,-0.031813662,-0.21405059,0.53849894,-0.060315546,0.0021406577,0.001931496,-0.031814545,0.064819984,-0.0056104404,-9.791979,20.490768,-15.001728,1.1995873,0.094666466,0.022812832,-0.09835481,0.0,-493.28104,763.64166,366.0798,657.3798,-493.28104,763.64166,366.0798,657.3798,-1.0,1.0,1.0,1.0,0.0,0.4,0.4,0.4
13.433333333333334,20.492142,-15.00142,2.0008922,-0.23838024,0.000745769,-0.0036654796,0.9711646,-0.0023356737,0.0019683845,0.11513089,0.21004578,0.019209683,0.18298332,0.003349568,-0.0014419112,0.115113646,0.07253461,-0.20240442,8.815691,20.490826,-15.001694,1.2008936,0.094256654,0.019602643,-0.024588702,-0.19261132,195.6177,536.7008,-483.53778,315.72842,195.6177,536.7008,-483.53778,315.72842,1.0,1.0,-1.0,1.0,33.524375915527344,0.4,-0.4,0.4
13.45,20.492214,-15.001448,2.0007708,-0.23837432,-0.003820446,-0.00021611944,0.9711657,-0.0027873544,0.0035560327,-0.04810216,0.6402894,0.57138765,-0.0597812,0.0044689523,-0.0017535571,-0.048074797,0.06716306,-0.018698754,-9.7913065,20.49089,-15.001658,1.2007722,0.094803065,0.015094718,0.032784637,-0.2704755,-475.25635,97.609886,78.55617,-700.5405,-475.25635,97.609886,78.55617,-700.5405,-1.0,1.0,1.0,-1.0,0.0,0.4,0.4,-0.4
13.466666666666667,20.492237,-15.001479,2.0018048,-0.23935513,-0.005858377,0.002033227,0.9709123,-0.00048271602,0.002460679,0.09874998,0.21302682,0.040945247,0.18347308,0.00035151246,-0.0018413982,0.098764025,-0.24704638,-0.0052704634,8.8103285,20.490955,-15.001621,1.201806,0.091797784,0.010176982,-0.18031685,-0.29506415,215.01625,-679.46326,-673.18195,277.63757,215.01625,-679.46326,-673.18195,277.63757,1.0,-1.0,-1.0,1.0,33.524375915527344,-0.4,-0.4,0.4
13.483333333333333,20.492231,-15.001505,2.0014033,-0.23936047,-0.0026258046,0.0018840905,0.97092533,0.0017259056,0.00089907926,-0.065043435,-0.21806093,-0.51029366,-0.059796955,-0.00071991305,-0.0017544808,-0.0650449,-0.064285524,0.005215045,-9.828535,20.491026,-15.001579,1.2014043,0.086333625,0.0053275474,-0.3278495,-0.29096603,-440.01825,-342.0149,-578.7752,-1012.4405,-440.01825,-342.0149,-578.7752,-1012.4405,-1.0,-1.0,-1.0,-1.0,0.0,-0.4,-0.4,-0.4
13.5,20.49221,-15.00153,2.0021625,-0.23740086,-0.0021966402,0.002906838,0.97140485,0.0014094409,0.0009733116,0.08241979,0.21556532,0.06349403,-0.30253583,-0.0012671475,-0.0011341737,0.08242005,-0.032834064,0.03721842,8.847898,20.491102,-15.001544,1.2021637,0.079366826,0.0010245284,-0.41800794,-0.25818112,247.62639,223.7203,288.7956,-1003.0119,247.62639,223.7203,288.7956,-1003.0119,1.0,1.0,1.0,-1.0,33.524375915527344,0.4,0.4,-0.4
13.516666666666666,20.49217,-15.001541,2.0014887,-0.23641925,0.00085252814,0.0027284478,0.9716469,0.0022594447,-0.0007672936,-0.08138841,-0.21508506,-0.48881537,-0.059537113,-0.0023892226,-0.0008208872,-0.081384175,-0.067324504,0.018797189,-9.828254,20.491175,-15.001502,1.2014893,0.0713072,-0.0028003776,-0.48357767,-0.22949435,-326.5855,-498.7419,-346.8441,642.0918,-326.5855,-498.7419,-346.8441,642.0918,-1.0,-1.0,-1.0,1.0,0.0,-0.4,-0.4,0.4
13.533333333333333,20.49215,-15.001535,2.0019753,-0.23446353,0.001103218,0.0037376194,0.97211707,0.00066173193,-0.00072288455,0.06607806,0.21842328,0.0850402,-0.3022786,-0.0008925911,0.00085610006,0.06607375,0.089797884,0.100619234,8.847475,20.491259,-15.001465,1.2019762,0.06379398,-0.00505434,-0.45079303,-0.13523775,302.8631,42.062973,487.5408,-825.3576,302.8631,42.062973,487.5408,-825.3576,1.0,1.0,1.0,-1.0,33.524375915527344,0.4,0.4,-0.4
13.549999999999999,20.492123,-15.001516,2.001029,-0.23347886,0.0039706286,0.003535989,0.9723473,0.00034548156,-0.0024522822,-0.097721554,-0.21200958,-0.46736127,-0.05927784,-0.0020145394,0.0011748457,-0.09772511,-0.0673169,0.019124739,-9.827931,20.491344,-15.001427,1.2010292,0.055734355,-0.006420378,-0.48357743,-0.081962265,-274.53534,-676.1196,-137.66505,624.323,-274.53534,-676.1196,-137.66505,624.323,-1.0,-1.0,-1.0,1.0,0.0,-0.4,-0.4,0.4
13.566666666666666,20.492125,-15.001453,2.0012422,-0.23149751,0.005344245,-0.0006198609,0.97282064,-0.0023778812,-0.0037799994,0.049643826,-0.62904334,0.09668511,-0.3024489,0.00095079356,0.004508852,0.04963082,0.17791997,0.20004037,8.841355,20.491434,-15.00139,1.2012422,0.049450576,-0.004507925,-0.3770267,0.11474719,378.124,-180.63591,711.4941,-695.3839,378.124,-180.63591,711.4941,-695.3839,1.0,-1.0,1.0,-1.0,33.524375915527344,-0.4,0.4,-0.4
13.583333333333334,20.492147,-15.00138,2.0000296,-0.2305023,0.0017806735,-0.0040753167,0.9730616,-0.003967412,-0.002027574,-0.113584444,-0.19729811,0.65053463,-0.0593498,0.0020292753,0.0043994384,-0.1135685,0.0647089,-0.006564818,-9.791959,20.491514,-15.001355,1.2000301,0.04535246,-0.0017758493,-0.24588703,0.16392453,-224.87115,700.3907,264.407,676.6766,-224.87115,700.3907,264.407,676.6766,-1.0,1.0,1.0,1.0,0.0,0.4,0.4,0.4
13.6,20.492195,-15.001346,1.9999733,-0.23149058,-0.000566952,-0.003596848,0.97283024,-0.0030568177,0.00013906416,0.033354595,0.22664888,0.1304053,0.18392965,0.0028105862,0.0010104505,0.033361237,0.046878655,-0.20333926,8.815784,20.49161,-15.001314,1.1999736,0.041937366,-0.0022539624,-0.20490555,-0.02868679,535.3404,469.01852,-709.29504,331.42676,535.3404,469.01852,-709.29504,331.42676,1.0,1.0,-1.0,1.0,33.524375915527344,0.4,-0.4,0.4
13.616666666666667,20.492237,-15.001344,1.9984831,-0.23150702,0.00061918085,0.0013210449,0.97283214,-0.0023088772,0.0008459961,-0.13034877,0.64606667,-0.41049638,-0.05884528,0.0023651477,-8.772128e-05,-0.13035047,-0.026726311,-0.065890305,-9.822702,20.491703,-15.001278,1.1984831,0.038249064,-0.0047128308,-0.2212981,-0.14753209,-117.23124,66.43716,-234.19878,-479.9233,-117.23124,66.43716,-234.19878,-479.9233,-1.0,1.0,-1.0,-1.0,0.0,0.4,-0.4,-0.4
13.633333333333333,20.492283,-15.001317,1.9981527,-0.22955066,-0.0001213549,0.0039995643,0.9732884,-0.0036628644,-0.00062987325,0.017033324,0.22855696,0.15212408,-0.3023352,0.0029600956,0.0023318476,0.017021978,0.035696875,0.14517412,8.842347,20.491795,-15.00124,1.1981528,0.034970574,-0.0055324533,-0.1967094,-0.04917735,645.5579,-947.85724,410.03812,-36.7656,645.5579,-947.85724,410.03812,-36.7656,1.0,-1.0,1.0,-1.0,33.524375915527344,-0.4,0.4,-0.4
13.65,20.492315,-15.001243,2.0002723,-0.22856842,0.0020453976,0.0037303066,0.9735185,-0.0025979676,-0.0030923276,0.16391003,-0.19779323,-0.37883124,-0.059326436,0.001323519,0.0052690175,0.16386975,-0.09819459,0.17623019,8.810865,20.491898,-15.001204,1.2002722,0.029916229,-0.0028003776,-0.3032607,0.16392453,34.76891,-737.2249,-208.13019,609.6684,34.76891,-737.2249,-208.13019,609.6684,1.0,-1.0,-1.0,1.0,33.524375915527344,-0.4,-0.4,0.4
13.666666666666666,20.492344,-15.001142,2.0009625,-0.22955216,0.0028012,-0.00048336366,0.9732922,-0.004429228,-0.004904142,0.0005979666,-0.6174473,0.16291973,0.18345821,0.0017743963,0.0063666874,0.0005857095,0.027052633,0.06586019,-9.797043,20.491999,-15.001166,1.2009628,0.024725284,0.0017758493,-0.31145665,0.2745736,-693.2243,-208.91705,541.56366,51.387257,-693.2243,-208.91705,541.56366,51.387257,-1.0,-1.0,1.0,1.0,0.0,-0.4,0.4,0.4
13.683333333333334,20.492373,-15.00105,1.9989259,-0.2295578,0.005363122,-0.0024693813,0.97327703,-0.00505335,-0.0029377076,-0.16311045,-0.19762181,-0.3800074,-0.059330177,0.001320109,0.0052686757,-0.16312476,-0.027257236,-0.06588069,-9.822627,20.492102,-15.001131,1.198926,0.019397737,0.005805661,-0.3196528,0.2417887,-41.375374,673.5852,-27.757278,-1769.4116,-41.375374,673.5852,-27.757278,-1769.4116,-1.0,1.0,-1.0,-1.0,0.0,0.4,-0.4,-0.4
13.7,20.49245,-15.000975,1.99805,-0.22760469,0.0047154166,-0.0015221679,0.97374094,-0.007692116,-0.00093748467,-0.015639422,0.2355078,0.19396558,-0.30209145,0.0063248225,0.00426283,-0.01569917,0.30028278,-0.060350735,8.845535,20.492197,-15.001092,1.1980503,0.018168304,0.008401133,-0.07376599,0.15572833,772.70483,307.33978,755.3536,-312.27014,772.70483,307.33978,755.3536,-312.27014,1.0,1.0,1.0,-1.0,33.524375915527344,0.4,0.4,-0.4
13.716666666666667,20.492596,-15.000894,1.9996305,-0.226619,-0.0001380716,-0.0033003876,0.97397786,-0.010824729,-0.001025904,0.13165212,-0.17970419,0.75676984,-0.059232745,0.0094215395,0.0048443764,0.13167489,0.18580301,0.03489277,8.842443,20.492298,-15.001051,1.1996304,0.02131019,0.0112698125,0.18851313,0.17212075,176.75722,-390.71225,196.367,561.0835,176.75722,-390.71225,196.367,561.0835,1.0,-1.0,1.0,1.0,33.524375915527344,-0.4,0.4,0.4
13.733333333333333,20.492754,-15.000822,1.9997787,-0.22760569,-0.0032380042,-0.0028583012,0.97374374,-0.009512834,0.00052155275,-0.032115646,0.24067248,0.21436125,0.18403307,0.008918951,0.0039750803,-0.032044217,-0.030155292,-0.05215776,-9.823146,20.492407,-15.001012,1.1997788,0.024861889,0.0135920765,0.21310194,0.13933583,-437.98346,393.36813,-762.78485,470.11765,-437.98346,393.36813,-762.78485,470.11765,-1.0,1.0,-1.0,1.0,0.0,0.4,-0.4,0.4
13.75,20.492868,-15.000784,2.00108,-0.22762485,-0.0016015942,-0.00315785,0.9737424,-0.006997708,0.00048904866,0.11477733,-0.18645626,-0.31567064,-0.05919046,0.006296331,0.001874073,0.11480369,-0.1573572,-0.12606044,8.810874,20.49251,-15.000974,1.2010802,0.025681512,0.0135920765,0.049177404,0.0,194.94041,-107.013306,-429.86493,-477.6104,194.94041,-107.013306,-429.86493,-477.6104,1.0,-1.0,-1.0,-1.0,33.524375915527344,-0.4,-0.4,-0.4
13.766666666666666,20.492983,-15.000755,2.0009532,-0.22861984,-0.0026625255,-0.0022394394,0.9735095,-0.00708108,0.0018541685,-0.048433874,0.24367549,0.23653468,0.18401821,0.0073676165,0.0017617185,-0.04839457,0.06427713,-0.006741264,-9.791895,20.492613,-15.000934,1.2009534,0.026501136,0.012772454,0.049177404,-0.04917735,-517.17285,573.2608,354.11856,78.183624,-517.17285,573.2608,354.11856,78.183624,-1.0,1.0,1.0,1.0,0.0,0.4,0.4,0.4
13.783333333333333,20.493074,-15.000745,2.0019822,-0.22863708,-0.0012108719,-0.0025553214,0.97350764,-0.0048700417,0.0016750875,0.098449394,-0.18346217,-0.29352105,-0.059215717,0.004989491,0.0001236596,0.09845759,-0.14268753,-0.09828353,8.81113,20.492716,-15.000891,1.2019826,0.025681512,0.01045019,-0.049177404,-0.13933583,225.75002,-104.36604,-455.76474,-396.68283,225.75002,-104.36604,-455.76474,-396.68283,1.0,-1.0,-1.0,-1.0,33.524375915527344,-0.4,-0.4,-0.4
13.799999999999999,20.493176,-15.000744,2.0015833,-0.22963257,-0.002457462,-0.0016560975,0.9732728,-0.0050693,0.0028323764,-0.06476422,0.24661526,0.25868303,0.1839991,0.006061233,1.4107935e-05,-0.06474091,0.06430453,-0.0065730996,-9.791909,20.492828,-15.000849,1.2015835,0.024861889,0.0075132083,-0.049177404,-0.17621888,-492.89322,563.7634,331.93683,89.206375,-492.89322,563.7634,331.93683,89.206375,-1.0,1.0,1.0,1.0,0.0,0.4,0.4,0.4
13.816666666666666,20.493246,-15.00076,2.00234,-0.22964808,-0.0011908239,-0.0019891984,0.9732709,-0.0030213492,0.0024873044,0.08211226,-0.18053144,-0.27140048,-0.059253268,0.0036992314,-0.0012371986,0.08211287,-0.1417201,-0.07507838,8.811226,20.492935,-15.000807,1.2023401,0.022266418,0.0033467927,-0.15572827,-0.24998493,274.00357,-111.369514,-501.38132,-346.26093,274.00357,-111.369514,-501.38132,-346.26093,1.0,-1.0,-1.0,-1.0,33.524375915527344,-0.4,-0.4,-0.4
13.833333333333334,20.493315,-15.000782,2.0016685,-0.23064268,-0.002622328,-0.0011104083,0.9730343,-0.0032048724,0.0034197087,-0.08110126,0.24949199,0.28080234,0.18397047,0.0047711367,-0.0013440356,-0.0810852,0.06431431,-0.0064102206,-9.791883,20.49304,-15.000764,1.2016686,0.019670945,-0.001297736,-0.15572837,-0.27867168,-448.98874,556.3638,277.1309,99.525665,-448.98874,556.3638,277.1309,99.525665,-1.0,1.0,1.0,1.0,0.0,0.4,0.4,0.4
13.85,20.493364,-15.000816,2.002153,-0.23065743,-0.0015397028,-0.0014613734,0.9730327,-0.0011787848,0.0028895857,0.0657705,-0.17766404,-0.24931636,-0.05929566,0.0021976912,-0.0022867464,0.06576807,-0.15440671,-0.056562643,8.811195,20.493153,-15.000722,1.2021531,0.01516302,-0.0067618876,-0.27047545,-0.32784906,339.56137,-113.430405,-579.9483,-308.54834,339.56137,-113.430405,-579.9483,-308.54834,1.0,-1.0,-1.0,-1.0,33.524375915527344,-0.4,-0.4,-0.4
13.866666666666667,20.493408,-15.000858,2.0012093,-0.23165141,-0.0031560506,-0.0006030159,0.97279346,-0.0012153741,0.0035797833,-0.09743969,0.25230435,0.3028857,0.18393959,0.0032694195,-0.0023910247,-0.09742884,0.064303696,-0.006256699,-9.791815,20.493258,-15.000682,1.2012093,0.010791699,-0.01263585,-0.26227924,-0.35243773,-381.1427,551.6685,181.04155,110.01651,-381.1427,551.6685,181.04155,110.01651,-1.0,1.0,1.0,1.0,0.0,0.4,0.4,0.4
13.883333333333333,20.493425,-15.000907,2.0014205,-0.23166546,-0.0022571473,-0.00097279,0.9727924,0.00092962733,0.0028459171,0.04942872,-0.17485976,-0.22727057,-0.059327237,0.00025811818,-0.0031046835,0.04942121,-0.18067807,-0.042819522,8.811003,20.49337,-15.000639,1.2014208,0.0039615096,-0.019192832,-0.40981138,-0.39341885,419.8358,-107.325966,-685.08734,-289.032,419.8358,-107.325966,-685.08734,-289.032,1.0,-1.0,-1.0,-1.0,33.524375915527344,-0.4,-0.4,-0.4
13.9,20.493446,-15.00096,2.000204,-0.23265815,-0.0040578083,-0.00013550799,0.9725501,0.0011708677,0.0032761756,-0.113773614,0.2550534,0.32493344,0.18391877,0.0013293673,-0.0032065536,-0.11377386,0.064274944,-0.006112209,-9.791704,20.493486,-15.000599,1.2002044,-0.0028686796,-0.025886418,-0.40981135,-0.40161517,-283.1208,552.5215,40.395214,123.51974,-283.1208,552.5215,40.395214,123.51974,-1.0,1.0,1.0,1.0,0.0,0.4,0.4,0.4
13.916666666666666,20.493427,-15.001022,2.0001435,-0.23267207,-0.0033417055,-0.00052503415,0.9725493,0.003575448,0.0023201634,0.03309351,-0.17211856,-0.20526096,-0.05933702,-0.0023452211,-0.00377234,0.033069875,-0.22047529,-0.03394718,8.810623,20.493603,-15.00056,1.2001439,-0.012567548,-0.03312642,-0.58193207,-0.43440014,512.6072,-80.62029,-808.89124,-277.7946,512.6072,-80.62029,-808.89124,-277.7946,1.0,-1.0,-1.0,-1.0,33.524375915527344,-0.4,-0.4,-0.4
13.933333333333334,20.493383,-15.001093,1.9986483,-0.23366748,0.0013393307,0.0018245092,0.97231394,0.0041877944,0.002476606,-0.1306631,0.24840045,-0.7475041,0.18402694,-0.0028339967,-0.004654415,-0.13064004,-0.029326532,-0.052924495,-9.822595,20.493715,-15.000517,1.1986485,-0.023769058,-0.041254345,-0.6720906,-0.4876754,-162.15163,550.0443,-151.91719,139.60806,-162.15163,550.0443,-151.91719,139.60806,-1.0,1.0,-1.0,1.0,0.0,0.4,-0.4,0.4
13.95,20.493351,-15.00114,1.9983126,-0.23366964,0.004084086,0.0019442297,0.97230554,0.0021557498,0.0013250483,0.01670792,-0.16718605,-0.18249094,-0.05962561,-0.0012006325,-0.002064812,0.016728796,0.098001845,0.15537617,8.842131,20.493824,-15.00048,1.1983132,-0.03387774,-0.047264915,-0.60652095,-0.36063415,614.9265,-357.70898,785.5785,-3471.0947,614.9265,-357.70898,785.5785,-3471.0947,1.0,-1.0,1.0,-1.0,33.524375915527344,-0.4,0.4,-0.4
13.966666666666667,20.493345,-15.001177,1.9965516,-0.23467284,0.0019068376,0.0027459096,0.9720686,0.00036556972,0.0012131892,-0.14648677,0.26261353,0.3697115,0.18362276,-0.0001260483,-0.002159439,-0.14647628,0.06447505,-0.0056776213,-9.792305,20.493935,-15.000446,1.1965524,-0.04221057,-0.052319255,-0.49996975,-0.30326036,-62.883015,141.77856,448.34763,118.49188,-62.883015,141.77856,448.34763,118.49188,-1.0,1.0,1.0,1.0,0.0,0.4,0.4,0.4
13.983333333333333,20.493334,-15.0011835,1.9959462,-0.23468135,0.002245704,0.0023316303,0.9720669,0.0004817479,-0.00021851018,0.00037930443,-0.16456921,-0.1604861,-0.059595313,-0.00052713545,-2.323551e-05,0.0003811668,-0.024065228,0.1281722,8.811447,20.494036,-15.000413,1.1959469,-0.0502702,-0.05518794,-0.48357767,-0.17212114,737.07715,-528.55817,-440.89963,-213.94641,737.07715,-528.55817,-440.89963,-213.94641,1.0,-1.0,-1.0,-1.0,33.524375915527344,-0.4,-0.4,-0.4
14.0,20.49335,-15.0011635,1.9977958,-0.23568347,-0.00025161638,0.0030998369,0.9718249,-0.0019444276,6.410084e-05,0.14783941,0.2685641,0.4133342,0.18363807,0.0014694594,0.0017069377,0.14783506,0.11979569,0.10381039,8.847233,20.494135,-15.000388,1.1977967,-0.056280766,-0.05552945,-0.36063394,-0.02049051,97.7691,57.04832,288.09824,103.4239,97.7691,57.04832,288.09824,103.4239,1.0,1.0,1.0,1.0,33.524375915527344,0.4,0.4,0.4
14.016666666666666,20.49336,-15.001132,1.9982125,-0.2356939,-0.00014015555,0.002659056,0.97182363,-0.0011930204,-0.0015016657,-0.015956875,-0.16205639,-0.13851462,-0.05955243,0.00039689918,0.0017999202,-0.01596568,-0.06435361,0.0055789524,-9.828044,20.494236,-15.000362,1.1982136,-0.06270115,-0.055119637,-0.3852231,0.024588702,-484.0819,-578.88837,-573.4601,-42.030903,-484.0819,-578.88837,-573.4601,-42.030903,-1.0,-1.0,-1.0,-1.0,0.0,-0.4,-0.4,-0.4
14.033333333333333,20.493366,-15.001073,1.9997882,-0.23668839,-0.0015113766,-0.0017405092,0.9715829,-0.002749245,-0.0037431247,0.13139637,-0.57843655,0.42560038,0.18308994,0.0004419911,0.0040497407,0.1314153,0.0027055158,0.13498923,8.842858,20.494328,-15.000342,1.199789,-0.06884832,-0.052319255,-0.36883008,0.16802295,112.19155,-24.426495,70.31144,95.17614,112.19155,-24.426495,70.31144,95.17614,1.0,-1.0,1.0,1.0,33.524375915527344,-0.4,0.4,0.4
14.049999999999999,20.493368,-15.001019,1.9999319,-0.23669799,-0.0011314822,-0.0039121727,0.97157466,-0.0012278039,-0.0023858028,-0.032329693,-0.15910447,-0.11830267,-0.05992483,4.083086e-06,0.002946187,-0.032306787,-0.02627448,-0.06621322,-9.823324,20.494423,-15.000322,1.1999332,-0.07554191,-0.049860388,-0.40161562,0.14753199,-492.0331,682.83594,-672.0896,-681.8008,-492.0331,682.83594,-672.0896,-681.8008,-1.0,1.0,-1.0,-1.0,0.0,0.4,-0.4,-0.4
14.066666666666666,20.493366,-15.00101,2.00123,-0.2377044,0.0026726383,-0.0016218119,0.9713325,0.00072922395,-0.00033353028,0.114627466,0.2648329,-0.6392948,0.18343075,-0.00011729006,-0.0002564144,0.114629924,-0.0072823884,-0.19215608,8.816202,20.494513,-15.000305,1.2012311,-0.0820989,-0.050475106,-0.39341924,-0.036883052,167.37675,634.6812,-35.248867,120.65976,167.37675,634.6812,-35.248867,120.65976,1.0,1.0,-1.0,1.0,33.524375915527344,0.4,-0.4,0.4
14.083333333333334,20.493372,-15.001001,2.0010996,-0.2377104,0.0046435767,-0.0015627351,0.9713237,-0.0010174613,-0.00012962427,-0.04864743,-0.15442754,-0.0956756,-0.060200635,0.00036759142,0.0006251295,-0.04865284,0.029092887,0.052892633,-9.796966,20.494602,-15.000288,1.2011007,-0.08810948,-0.051089823,-0.3606346,-0.036883052,-483.00534,-161.80737,784.3429,-2551.4316,-483.00534,-161.80737,784.3429,-2551.4316,-1.0,-1.0,1.0,-1.0,0.0,-0.4,0.4,-0.4
14.1,20.493433,-15.000995,2.002132,-0.23870014,0.001595811,-0.00085174374,0.97109157,-0.0037459936,0.001580458,0.09880253,0.2785418,0.4781279,0.1830315,0.004398194,0.00024812575,0.09878798,0.24183615,-0.022620223,8.846449,20.494684,-15.000277,1.2021333,-0.08961212,-0.05143133,-0.090158425,-0.02049051,172.75511,381.33386,448.33987,101.23379,172.75511,381.33386,448.33987,101.23379,1.0,1.0,1.0,1.0,33.524375915527344,0.4,0.4,0.4
14.116666666666667,20.493494,-15.00099,2.001731,-0.23870519,0.0011642362,-0.0013400187,0.97109044,-0.0032058416,0.0014480669,-0.06499694,-0.15205795,-0.07377264,-0.060123082,0.003323277,0.00033625838,-0.0650063,-0.06449503,0.0052879574,-9.827656,20.494764,-15.000266,1.2017325,-0.09097816,-0.051841144,-0.08196249,-0.024588702,-410.85397,-248.9834,-458.64554,-44.12509,-410.85397,-248.9834,-458.64554,-44.12509,-1.0,-1.0,-1.0,-1.0,0.0,-0.4,-0.4,-0.4
14.133333333333333,20.493574,-15.000994,2.0024905,-0.23969053,-0.0020657056,-0.00065334304,0.97084683,-0.0046604546,0.002743425,0.08243435,0.2808444,0.50000036,0.18311083,0.005096906,-0.0004454121,0.08245297,0.10641773,-0.046900224,8.847556,20.494835,-15.000259,1.2024921,-0.09029514,-0.052592464,0.04098102,-0.045079213,237.06412,392.1683,227.01346,81.83535,237.06412,392.1683,227.01346,81.83535,1.0,1.0,1.0,1.0,33.524375915527344,0.4,0.4,0.4
14.15,20.49364,-15.001,2.0018172,-0.2396977,-0.002678185,-0.0011671314,0.97084314,-0.00292585,0.0022706282,-0.08136459,-0.1497499,-0.051917642,-0.06003217,0.004023991,-0.0003591265,-0.081348576,-0.06437489,0.0051771346,-9.828093,20.494902,-15.000255,1.2018186,-0.09029514,-0.053412087,0.0,-0.049177404,-371.268,-187.33563,-709.55786,-47.905315,-371.268,-187.33563,-709.55786,-47.905315,-1.0,-1.0,-1.0,-1.0,0.0,-0.4,-0.4,-0.4
14.166666666666666,20.493687,-15.001028,2.002298,-0.24068789,0.0005670443,0.001079845,0.9706018,-0.0010606865,0.0031149324,0.0655897,0.27416086,-0.57316387,0.18330413,0.0024312725,-0.0021030556,0.06559347,-0.095563106,-0.10463574,8.816523,20.494965,-15.000251,1.2022995,-0.09152458,-0.05566605,-0.073766105,-0.13523786,319.1702,442.7718,-112.67102,82.13507,319.1702,442.7718,-112.67102,82.13507,1.0,1.0,-1.0,1.0,33.524375915527344,0.4,-0.4,0.4
14.183333333333334,20.493727,-15.001053,2.0013502,-0.24068964,0.001983531,0.0010858761,0.9705995,-0.0024308779,0.002323212,-0.097683884,-0.14526692,-0.02936761,-0.060305495,0.0029096229,-0.001217452,-0.097690836,0.028701019,0.053136215,-9.797057,20.49502,-15.000251,1.2013515,-0.09261741,-0.057441898,-0.06556972,-0.106550746,-358.75034,-388.54236,713.7275,-2661.6055,-358.75034,-388.54236,713.7275,-2661.6055,-1.0,-1.0,1.0,-1.0,0.0,-0.4,0.4,-0.4
14.2,20.493805,-15.0010605,2.0015652,-0.24168152,-0.00161798,0.0017304022,0.97035265,-0.004156715,0.0027537763,0.049748037,0.28750184,0.5443895,0.1829286,0.0047648824,-0.00035424833,0.049768455,0.11131556,0.051792216,8.847557,20.49508,-15.000253,1.2015668,-0.09138797,-0.05785171,0.073766105,-0.024588702,385.6847,124.82514,237.56244,69.629585,385.6847,124.82514,237.56244,69.629585,1.0,1.0,1.0,1.0,33.524375915527344,0.4,0.4,0.4
14.216666666666667,20.493874,-15.001066,2.0003471,-0.2416893,-0.0026009404,0.0011795545,0.97034943,-0.0026212286,0.0015690498,-0.11405258,-0.14308265,-0.007556051,-0.06018532,0.0036916358,-0.00027393704,-0.114033416,-0.064394794,0.0048186774,-9.828113,20.495134,-15.000258,1.2003486,-0.09029514,-0.05785171,0.06556972,0.0,-229.91751,-429.78033,-693.96686,-61.22221,-229.91751,-429.78033,-693.96686,-61.22221,-1.0,-1.0,-1.0,-1.0,0.0,-0.4,-0.4,-0.4
14.233333333333333,20.493908,-15.001074,2.0002835,-0.2426696,0.00027103748,0.003397968,0.97010297,-0.0011929949,0.0015119106,0.032903798,0.28081656,-0.5289735,0.1831543,0.0017273808,-0.00055085775,0.032910205,-0.117855296,-0.016615242,8.816617,20.495182,-15.000266,1.2002848,-0.091251366,-0.05785171,-0.05737334,0.0,509.34286,152.1899,-177.9331,63.419582,509.34286,152.1899,-177.9331,63.419582,1.0,1.0,-1.0,1.0,33.524375915527344,0.4,-0.4,0.4
14.25,20.493942,-15.001076,1.998791,-0.24266897,0.0013165202,0.0033709498,0.97010237,-0.0026480202,-3.0833646e-05,-0.13036937,-0.13872443,0.014939934,-0.060441494,0.0022019055,0.00033797955,-0.13037723,0.02847148,0.053330235,-9.797245,20.495226,-15.000279,1.1987923,-0.09193439,-0.057032086,-0.040981468,0.049177404,-173.43301,-640.8175,603.62006,-2686.4849,-173.43301,-640.8175,603.62006,-2686.4849,-1.0,-1.0,1.0,-1.0,0.0,-0.4,0.4,-0.4
14.266666666666666,20.49399,-15.00103,1.99846,-0.24365462,-0.0013120055,-0.0011629779,0.96986043,-0.00406854,-0.0015049083,0.016985975,-0.5552732,0.5794159,0.18214501,0.0028405886,0.0031999103,0.017000964,0.038320985,0.17171584,8.842691,20.495266,-15.000292,1.1984614,-0.09138797,-0.052865673,0.032785084,0.24998477,613.94855,-196.75124,84.68835,53.668896,613.94855,-196.75124,84.68835,53.668896,1.0,-1.0,1.0,1.0,33.524375915527344,-0.4,0.4,0.4
14.283333333333333,20.494034,-15.000988,1.9966971,-0.24365313,-0.0022029171,-0.0034582675,0.9698537,-0.0022443116,0.00012799352,-0.14673762,-0.13617909,0.03498531,-0.060967907,0.0024180333,0.0020897123,-0.14672004,-0.025353314,-0.06661188,-9.823259,20.495306,-15.000304,1.1966984,-0.09111477,-0.048972465,0.016392319,0.23359245,-6.5462885,614.40826,-793.3545,-508.94485,-6.5462885,614.40826,-793.3545,-508.94485,-1.0,1.0,-1.0,-1.0,0.0,0.4,-0.4,-0.4
14.299999999999999,20.494059,-15.000995,1.996088,-0.24464127,0.00030318162,-0.0012642904,0.9696128,-0.00071213313,0.0015957204,0.00021640302,0.28774297,-0.4866058,0.18236734,0.0013841848,-0.0010673611,0.00021227512,-0.062030908,-0.1894244,8.815939,20.495335,-15.000323,1.1960896,-0.09138797,-0.04808454,-0.016392319,0.053275596,783.4975,550.85504,-218.86247,72.36239,783.4975,550.85504,-218.86247,72.36239,1.0,1.0,-1.0,1.0,33.524375915527344,0.4,-0.4,0.4
14.316666666666666,20.494102,-15.001008,1.9979339,-0.24463886,0.0008562489,-0.0013333927,0.96961296,-0.0017247831,0.0013352275,0.1475973,-0.12856615,0.078986734,-0.061211266,0.0024931445,-0.0006769574,0.1475908,0.066537574,0.02342422,8.8427105,20.495363,-15.000346,1.1979353,-0.09029514,-0.04740152,0.06556972,0.04098102,115.050255,-224.65344,592.4032,-2486.0354,115.050255,-224.65344,592.4032,-2486.0354,1.0,-1.0,1.0,-1.0,33.524375915527344,-0.4,0.4,-0.4
14.333333333333334,20.49416,-15.00102,1.9983536,-0.24561073,-0.0035235144,-0.00077637756,0.9693618,-0.0026660245,0.0023517702,-0.01562565,0.30062753,0.6310955,0.18201853,0.0035649447,-0.0007479933,-0.015605484,0.06430801,-0.004262152,-9.791777,20.495384,-15.00037,1.1983548,-0.08769967,-0.046581898,0.1557286,0.049177404,-512.7282,371.9449,37.19791,256.34756,-512.7282,371.9449,37.19791,256.34756,-1.0,1.0,1.0,1.0,0.0,0.4,0.4,0.4
14.35,20.494177,-15.001042,1.9999294,-0.24560839,-0.0053669303,-0.0014156435,0.9693532,-0.0005490265,0.0015809309,0.13124192,-0.12660745,0.1006331,-0.06104638,-3.8734666e-05,-0.001834965,0.13123976,-0.21622075,-0.0652183,8.810714,20.4954,-15.000395,1.1999307,-0.08756306,-0.046376992,0.008196383,0.012294351,142.9732,-129.7985,-903.1683,-62.844666,142.9732,-129.7985,-903.1683,-62.844666,1.0,-1.0,-1.0,-1.0,33.524375915527344,-0.4,-0.4,-0.4
14.366666666666667,20.494171,-15.001085,2.0000703,-0.2465836,-0.0032764128,0.0007427767,0.9691157,0.0019391505,0.0020554564,-0.032477327,0.29397118,-0.44267863,0.18229346,-0.00050278555,-0.0027265751,-0.032481916,-0.027843053,-0.053496607,-9.8233,20.495413,-15.000423,1.2000717,-0.088929094,-0.04740152,-0.08196204,-0.061471757,-500.8992,456.53638,-541.88257,276.06094,-500.8992,456.53638,-541.88257,276.06094,-1.0,1.0,-1.0,1.0,0.0,0.4,-0.4,0.4
14.383333333333333,20.494144,-15.0011215,2.0013714,-0.24658056,-0.003090792,0.00063369964,0.96911705,0.0019245009,0.00080776284,0.11490413,-0.12247968,0.12299405,-0.061268244,-0.0020286492,-0.0016633335,0.11489314,-0.09155182,0.06379449,8.842503,20.49542,-15.000459,1.2013727,-0.09138797,-0.04746982,-0.14753266,-0.004097968,151.70926,-336.55084,206.36177,-2577.6802,151.70926,-336.55084,206.36177,-2577.6802,1.0,-1.0,1.0,-1.0,33.524375915527344,-0.4,0.4,-0.4
14.4,20.494102,-15.001159,2.0012393,-0.24755192,-0.0011892146,0.0027792326,0.9688698,0.003458161,0.0007565457,-0.04882529,0.29810995,-0.4203968,0.18208028,-0.002491706,-0.00255688,-0.04882309,-0.027783409,-0.053612787,-9.822973,20.49542,-15.000489,1.2012409,-0.09439325,-0.047947936,-0.18031685,-0.028686894,-494.64542,260.69592,-475.22498,279.63556,-494.64542,260.69592,-475.22498,279.63556,-1.0,1.0,-1.0,1.0,0.0,0.4,-0.4,0.4
14.416666666666666,20.494057,-15.001168,2.0022683,-0.24754688,-0.0011927536,0.002656424,0.96887153,0.002533761,-0.0010022994,0.09855623,-0.118416026,0.1453461,-0.061478022,-0.0030614047,0.00011314319,0.09854628,-0.034181915,0.16020139,8.842162,20.49542,-15.0005245,1.2022696,-0.097671755,-0.04610378,-0.19671007,0.110649385,181.15965,-591.668,270.1193,-2520.4163,181.15965,-591.668,270.1193,-2520.4163,1.0,-1.0,1.0,-1.0,33.524375915527344,-0.4,0.4,-0.4
14.433333333333334,20.493994,-15.0011635,2.0018635,-0.24851815,0.0018878811,-0.00033806422,0.9686253,0.0032536085,-0.002262649,-0.06526158,-0.54680115,-0.4070601,0.1813657,-0.0041906703,0.000398235,-0.06524614,-0.06775594,0.017105509,-9.827545,20.495419,-15.000563,1.2018652,-0.10204308,-0.043030195,-0.26227933,0.18441504,-474.3792,-39.60142,-400.9574,271.38785,-474.3792,-39.60142,-400.9574,271.38785,-1.0,-1.0,-1.0,1.0,0.0,-0.4,-0.4,0.4
14.45,20.493952,-15.001163,2.0026193,-0.24850848,0.0021657478,-0.002175883,0.96862483,0.0015301257,-0.001034674,0.082194276,-0.1139068,0.16601,-0.061301816,-0.0014054842,-8.7776185e-05,0.08220297,0.16711117,-0.02916067,8.846946,20.495403,-15.000604,1.202621,-0.10395554,-0.040024914,-0.11474758,0.18031685,233.37949,743.3719,473.14282,-3701.821,233.37949,743.3719,473.14282,-3701.821,1.0,1.0,1.0,-1.0,33.524375915527344,0.4,0.4,-0.4
14.466666666666667,20.493921,-15.001174,2.0019426,-0.24949378,0.003696662,-5.0659874e-05,0.9683693,0.001528404,0.00011572987,-0.08152412,0.30670023,-0.37752724,0.18204676,-0.0018678937,-0.0009822339,-0.08151121,-0.027744573,-0.053667463,-9.822849,20.495386,-15.000643,1.2019444,-0.10491177,-0.03804416,-0.05737379,0.11884532,-411.28262,384.04562,-95.45324,258.02155,-411.28262,384.04562,-95.45324,258.02155,-1.0,1.0,-1.0,1.0,0.0,0.4,-0.4,0.4
14.483333333333333,20.493923,-15.001167,2.0024261,-0.24948822,0.0033291841,-0.00019432919,0.96837205,-0.0008142673,-0.00022955507,0.065859444,-0.10993531,0.18833922,-0.061502118,0.001032996,0.0006790464,0.065853275,0.17405337,0.09967681,8.841868,20.495361,-15.000684,1.2024276,-0.10299931,-0.03462906,0.11474758,0.20490578,308.35168,-458.1503,642.2372,-2218.2288,308.35168,-458.1503,642.2372,-2218.2288,1.0,-1.0,1.0,-1.0,33.524375915527344,-0.4,0.4,-0.4
14.5,20.493954,-15.001158,2.001484,-0.250464,-0.0019726711,0.00026029817,0.9681238,-0.001782837,0.00033330917,-0.097352065,0.31899944,0.74037373,0.18172488,0.00210532,0.0006202513,-0.09734422,0.064339444,-0.0035277053,-9.791849,20.495338,-15.00073,1.2014852,-0.099174395,-0.030667549,0.2294947,0.23769075,-357.8142,108.64306,45.3129,228.39421,-357.8142,108.64306,45.3129,228.39421,-1.0,1.0,1.0,1.0,0.0,0.4,0.4,0.4
14.516666666666666,20.493956,-15.001148,2.0016973,-0.25046125,-0.004732041,-0.00046847787,0.96811485,8.479878e-05,-0.0006391409,0.049515072,-0.108269095,0.20985842,-0.06128136,-0.000826164,0.00035554616,0.0495111,-0.17588903,-0.015882308,8.811319,20.49531,-15.000774,1.2016988,-0.09698874,-0.026774343,0.13113944,0.23359235,389.17844,-309.54788,-907.0688,-64.869835,389.17844,-309.54788,-907.0688,-64.869835,1.0,-1.0,-1.0,-1.0,33.524375915527344,-0.4,-0.4,-0.4
14.533333333333333,20.493935,-15.001156,2.000476,-0.25143054,-0.0035685285,0.0016208127,0.9678673,0.002078774,-0.0007150182,-0.114197336,0.31235677,-0.33382547,0.18206412,-0.0012819658,-0.00054052385,-0.11421002,-0.027348105,-0.053764198,-9.823266,20.495277,-15.000824,1.2004771,-0.096169114,-0.023769058,0.049177404,0.18031707,-240.80515,274.95453,-689.4431,245.2146,-240.80515,274.95453,-689.4431,245.2146,-1.0,1.0,-1.0,1.0,0.0,0.4,-0.4,0.4
14.549999999999999,20.493889,-15.001147,2.0004148,-0.25142664,-0.004299971,0.0014289556,0.9678657,0.0021470694,-0.0022791403,0.03318983,-0.10443127,0.23209251,-0.061474603,-0.0032848595,0.000966025,0.033160906,-0.12017362,0.090392925,8.842255,20.495237,-15.000874,1.2004162,-0.096578926,-0.019602643,-0.024588702,0.24998488,522.5394,-548.5679,5.639129,-2462.92,522.5394,-548.5679,5.639129,-2462.92,1.0,-1.0,1.0,-1.0,33.524375915527344,-0.4,0.4,-0.4
14.566666666666666,20.493826,-15.001143,1.9989212,-0.252392,-0.0033233252,0.0035041557,0.967613,0.00383797,-0.002990061,-0.13052006,0.31621045,-0.3116653,0.18188006,-0.0037390036,6.8208006e-05,-0.13055716,-0.027248643,-0.053869016,-9.823084,20.495193,-15.000924,1.1989225,-0.09794496,-0.015709436,-0.08196204,0.23359245,-136.56775,80.479416,-734.6158,246.10219,-136.56775,80.479416,-734.6158,246.10219,-1.0,1.0,-1.0,1.0,0.0,0.4,-0.4,0.4
14.583333333333334,20.493723,-15.001116,1.9985809,-0.25235882,0.0023979926,0.0049759457,0.96761787,0.0049370704,-0.005189504,0.016309708,-0.10885036,-0.8414481,-0.061558783,-0.006807996,0.002294038,0.016300332,-0.18413953,0.1335498,8.81145,20.495146,-15.000975,1.1985824,-0.10190648,-0.01010868,-0.23769109,0.3360453,631.0207,-751.5622,-102.16575,-2453.4995,631.0207,-751.5622,-102.16575,-2453.4995,1.0,-1.0,-1.0,-1.0,33.524375915527344,-0.4,-0.4,-0.4
14.6,20.493616,-15.001067,1.9968116,-0.25035936,0.0067715794,0.0024668057,0.9681261,0.0018943353,-0.0060815797,-0.14701766,-0.5304367,-0.29661852,-0.30461174,-0.00635102,0.003200193,-0.14698364,0.027418545,0.054369297,-9.797038,20.495098,-15.001027,1.196813,-0.1061412,-0.0028686796,-0.2540834,0.43440005,-74.7295,-448.10242,817.1127,-1787.2926,-74.7295,-448.10242,817.1127,-1787.2926,-1.0,-1.0,1.0,-1.0,0.0,-0.4,0.4,-0.4
14.616666666666667,20.493568,-15.000984,1.9962046,-0.2493654,0.0061092316,0.00052436,0.96839,-0.0016226496,-0.00531511,0.00043907255,-0.09876177,0.27895996,-0.061140697,-0.0011412462,0.0054395455,0.00043021218,0.3125864,0.13436115,8.8448305,20.495033,-15.00108,1.1962062,-0.10491177,0.0068301894,0.073766105,0.58193207,746.5676,316.76974,616.77826,391.6129,746.5676,316.76974,616.77826,391.6129,1.0,1.0,1.0,1.0,33.524375915527344,0.4,0.4,0.4
14.633333333333333,20.4936,-15.000869,1.9980536,-0.25031656,0.0012922435,-0.004260332,0.9681538,-0.005696484,-0.006304429,0.14775409,-0.5155915,0.8440065,0.18134789,0.0026118231,0.0071519595,0.14780222,0.22518414,0.10274483,8.84232,20.494968,-15.001132,1.1980549,-0.09794496,0.018851323,0.4180084,0.721268,126.401184,-170.85579,56.0387,199.68109,126.401184,-170.85579,56.0387,199.68109,1.0,-1.0,1.0,1.0,33.524375915527344,-0.4,0.4,0.4
14.65,20.493635,-15.000763,1.9984707,-0.25028625,-0.001793759,-0.0067957523,0.9681464,-0.0047416985,-0.0040158853,-0.016002206,-0.09689665,0.2986831,-0.06198476,0.0022024352,0.0060351538,-0.015918788,-0.024563277,-0.06700834,-9.82326,20.494896,-15.001182,1.198472,-0.09029514,0.02998453,0.45898896,0.66799235,-442.29047,600.55743,-886.80066,-24.497295,-442.29047,600.55743,-886.80066,-24.497295,-1.0,1.0,-1.0,-1.0,0.0,0.4,-0.4,-0.4
14.666666666666666,20.493668,-15.0007305,2.0000415,-0.25125864,-0.0015090514,-0.004815894,0.96790683,-0.0024838853,-0.00092476024,0.1309706,0.32709256,-0.22392467,0.18133634,0.0016548078,0.00069574197,0.13098511,-0.032857638,-0.3203647,8.814234,20.494822,-15.001231,1.2000428,-0.08264532,0.035858497,0.4589894,0.352438,173.96208,555.9304,-460.74182,192.59227,173.96208,555.9304,-460.74182,192.59227,1.0,1.0,-1.0,1.0,33.524375915527344,0.4,-0.4,0.4
14.683333333333334,20.493692,-15.000707,2.0001836,-0.2512403,-0.0030233352,-0.005107771,0.96790653,-0.0023478875,-9.0804184e-05,-0.032309804,-0.0933058,0.3207791,-0.062163327,0.0021134454,0.001589722,-0.032287,0.027518254,0.053638797,-9.796327,20.494736,-15.001277,1.2001848,-0.07472229,0.040844534,0.47538173,0.29916218,-465.28848,-28.413914,193.48352,-1407.3586,-465.28848,-28.413914,193.48352,-1407.3586,-1.0,-1.0,1.0,-1.0,0.0,-0.4,0.4,-0.4
14.7,20.49371,-15.000738,2.0014818,-0.2522066,-0.0029240884,-0.0031428458,0.9676638,0.00015690888,0.0022466858,0.11464132,0.33068243,-0.20190987,0.18116683,0.00049268646,-0.0029038002,0.11462561,-0.09724554,-0.26961133,8.814755,20.494656,-15.001322,1.2014829,-0.06775549,0.04180076,0.41800794,0.057373565,180.66905,524.374,-581.5087,198.2483,180.66905,524.374,-581.5087,198.2483,1.0,1.0,-1.0,1.0,33.524375915527344,0.4,-0.4,0.4
14.716666666666667,20.493725,-15.000777,2.0013509,-0.2521889,-0.0046230587,-0.0034538105,0.9676607,0.000672322,0.0024273363,-0.04863233,-0.08978,0.34283656,-0.06232621,0.00094840495,-0.002008173,-0.04864684,0.027343107,0.053737637,-9.796347,20.494572,-15.001367,1.2013519,-0.060652092,0.04221057,0.42620388,0.024588702,-461.52945,-70.85424,40.34475,-1455.7086,-461.52945,-70.85424,40.34475,-1455.7086,-1.0,-1.0,1.0,-1.0,0.0,-0.4,0.4,-0.4
14.733333333333333,20.4937,-15.000857,2.0023768,-0.253149,-0.004708848,-0.0015048395,0.9674147,0.003560574,0.003983838,0.098308146,0.33421236,-0.17993174,0.181021,-0.0019734877,-0.0057377443,0.09826609,-0.17531355,-0.22377427,8.814775,20.494478,-15.001407,1.2023773,-0.055734355,0.039341893,0.2950642,-0.17212069,206.54576,475.22913,-761.7345,207.10243,206.54576,475.22913,-761.7345,207.10243,1.0,1.0,-1.0,1.0,33.524375915527344,0.4,-0.4,0.4
14.75,20.49365,-15.000953,2.001967,-0.2531383,4.7189762e-05,-0.00014724098,0.96743,0.0054411623,0.0034844182,-0.06552475,-0.0940938,-0.7312682,-0.06237964,-0.0030480786,-0.0056857737,-0.065525725,-0.064475454,0.0031182354,-9.827508,20.494387,-15.001446,1.2019675,-0.052729066,0.035312083,0.1803173,-0.24178861,-439.03653,-117.14894,-190.15707,-1503.5906,-439.03653,-117.14894,-190.15707,-1503.5906,-1.0,-1.0,-1.0,-1.0,0.0,-0.4,-0.4,-0.4
14.766666666666666,20.493622,-15.001047,2.002718,-0.25116858,0.001988806,0.0023331845,0.9679384,0.0043409485,0.0045134523,0.08189578,0.33631313,-0.15730932,-0.3051965,-0.001379266,-0.005602881,0.08193192,0.10012875,0.0049735694,8.847458,20.494295,-15.00148,1.2027186,-0.04822114,0.03100906,0.2704755,-0.25818136,238.33763,211.59207,676.8788,-1546.8176,238.33763,211.59207,676.8788,-1546.8176,1.0,1.0,1.0,-1.0,33.524375915527344,0.4,0.4,-0.4
14.783333333333333,20.493603,-15.001127,2.0020428,-0.2501807,-7.355884e-05,0.0019808859,0.9681971,0.002956213,0.0031347298,-0.081371225,-0.08416876,0.38587236,-0.06241794,-0.0009752953,-0.0044835587,-0.08135594,0.024238242,0.067159325,-9.797271,20.494202,-15.001516,1.2020435,-0.042893592,0.027867174,0.31965292,-0.18851313,-365.9877,-618.5478,301.65875,486.73044,-365.9877,-618.5478,301.65875,486.73044,-1.0,-1.0,1.0,1.0,0.0,-0.4,0.4,0.4
14.799999999999999,20.493576,-15.001191,2.0025234,-0.25114793,-7.049634e-05,0.0022539583,0.96794605,0.0037878556,0.0026315087,0.06554652,0.07014157,-0.13968164,0.18076894,-0.0021137432,-0.0038574687,0.0655612,-0.06830687,0.037565395,8.815027,20.494108,-15.001549,1.2025236,-0.038112458,0.025613211,0.28686804,-0.13523775,304.37436,0.36434436,-518.9743,202.16685,304.37436,0.36434436,-518.9743,202.16685,1.0,0.36434436,-1.0,1.0,33.524375915527344,0.14573775,-0.4,0.4
14.816666666666666,20.493546,-15.001245,2.001575,-0.25113702,-0.0017241096,-0.000286412,0.9679499,0.003226798,0.001752032,-0.09770974,-0.3503915,0.40477973,-0.06268241,-0.0016558841,-0.0029610298,-0.097719826,0.027471546,0.053786334,-9.796861,20.494009,-15.001582,1.2015753,-0.033194724,0.02417887,0.29506397,-0.08606046,-372.26807,-255.83418,120.16723,-1861.1259,-372.26807,-255.83418,120.16723,-1861.1259,-1.0,-1.0,1.0,-1.0,0.0,-0.4,0.4,-0.4
14.833333333333334,20.493496,-15.001312,2.001783,-0.25210255,-0.0017586048,-0.00056999724,0.96769875,0.004831516,0.0024241582,0.049236447,0.07375972,-0.11829158,0.18057087,-0.0031879793,-0.0045713685,0.049217753,-0.09192571,-0.096620314,8.816255,20.493908,-15.001614,1.2017832,-0.029506417,0.021583399,0.22129844,-0.15572827,396.48486,483.29062,-679.7755,197.11497,396.48486,483.29062,-679.7755,197.11497,1.0,1.0,-1.0,1.0,33.524375915527344,0.4,-0.4,0.4
14.85,20.493437,-15.001407,2.0005567,-0.25208315,0.0016663552,0.0036739274,0.96769714,0.0053308355,0.0025005825,-0.11453515,0.49420863,-0.6621812,-0.06229601,-0.003590517,-0.005694082,-0.11448868,-0.024152257,-0.06736281,-9.822386,20.493805,-15.001648,1.200557,-0.026364531,0.01728038,0.18851313,-0.25818115,-280.65366,92.399536,-65.72465,-1782.331,-280.65366,92.399536,-65.72465,-1782.331,-1.0,1.0,-1.0,-1.0,0.0,0.4,-0.4,-0.4
14.866666666666667,20.49339,-15.001452,2.0004904,-0.2501008,0.003196529,0.005632223,0.9681982,0.0031738542,0.0005646306,0.032835387,0.075584024,-0.096483074,-0.3058341,-0.002392532,-0.0016203132,0.032866474,0.07187909,0.24442612,8.841309,20.493702,-15.001677,1.2004907,-0.02240302,0.016050944,0.23769064,-0.073766105,490.83484,-905.84607,695.5126,-542.4912,490.83484,-905.84607,695.5126,-542.4912,1.0,-1.0,1.0,-1.0,33.524375915527344,-0.4,0.4,-0.4
14.883333333333333,20.493355,-15.001466,1.9989971,-0.24910966,0.0011739122,0.0030532544,0.96846974,0.0014838107,-0.0012134775,-0.13042742,-0.34460557,0.44797152,-0.06303416,-0.0019833338,-0.0005007211,-0.13042547,0.024551893,0.067175515,-9.797516,20.493599,-15.001705,1.1989971,-0.017485285,0.017143775,0.2950641,0.06556983,-156.95526,-709.3719,270.80182,504.73734,-156.95526,-709.3719,270.80182,504.73734,-1.0,-1.0,1.0,1.0,0.0,-0.4,0.4,0.4
14.9,20.49332,-15.001461,1.99866,-0.25007364,0.0007831142,0.0027247234,0.9682226,0.0018467014,-0.0014177177,0.016519777,0.079581365,-0.07533254,0.18021981,-0.0022997283,0.00043974613,0.016517904,-0.018983668,0.05642803,8.816602,20.493498,-15.001733,1.19866,-0.012704152,0.019466039,0.286868,0.13933583,605.09784,123.14989,-545.50183,184.2834,605.09784,123.14989,-545.50183,184.2834,1.0,1.0,-1.0,1.0,33.524375915527344,0.4,-0.4,0.4
14.916666666666666,20.493292,-15.001442,1.9968941,-0.25005904,-0.0014128481,0.00012672145,0.96822953,0.0013547787,-0.0021991448,-0.14675878,-0.34117126,0.46936122,-0.06324185,-0.0018394135,0.0013357829,-0.14676389,0.027618887,0.053762205,-9.796907,20.493397,-15.00176,1.1968943,-0.0075132083,0.02274453,0.3114566,0.19670951,-38.89049,-471.6944,80.0931,-1744.6342,-38.89049,-471.6944,80.0931,-1744.6342,-1.0,-1.0,1.0,-1.0,0.0,-0.4,0.4,-0.4
14.933333333333334,20.493246,-15.001437,1.996285,-0.2510198,-0.0019858414,-0.00021664801,0.96797985,0.0029115905,-0.001626407,0.00018766358,0.08304116,-0.054025594,0.1800075,-0.0033357218,6.2516956e-06,0.00017521244,-0.08977849,-0.07977187,8.816345,20.493296,-15.001787,1.1962852,-0.0035516985,0.025066795,0.23769058,0.13933583,751.85004,367.6402,-762.12134,184.58746,751.85004,367.6402,-762.12134,184.58746,1.0,1.0,-1.0,1.0,33.524375915527344,0.4,-0.4,0.4
14.95,20.49317,-15.001439,1.9981238,-0.251002,0.0021512604,-0.001170826,0.9679835,0.005170566,-0.0026922275,0.14701991,-0.3417648,-0.5844605,-0.0632395,-0.0051285145,-0.000334053,0.14704564,-0.107567556,-0.020418283,8.812225,20.493196,-15.001807,1.1981239,-0.001912453,0.026364531,0.09835473,0.077864185,125.54362,-90.059845,-198.73846,-1703.3239,125.54362,-90.059845,-198.73846,-1703.3239,1.0,-1.0,-1.0,-1.0,33.524375915527344,-0.4,-0.4,-0.4
14.966666666666667,20.493103,-15.001447,1.9985342,-0.24902566,0.0035686109,-0.0009818837,0.9684898,0.0036938242,-0.0013329908,-0.01619488,0.085343935,-0.03165833,-0.30592147,-0.0039984267,-0.00061209244,-0.016165806,0.06780526,-0.016682364,-9.792686,20.493095,-15.001826,1.1985343,0.00054641516,0.027184155,0.14753208,0.049177404,-541.66785,547.8441,574.3624,-924.9873,-541.66785,547.8441,574.3624,-924.9873,-1.0,1.0,1.0,-1.0,0.0,0.4,0.4,-0.4
14.983333333333333,20.493073,-15.001445,2.0001068,-0.24801497,0.00087070675,-0.0036268483,0.968749,0.0011098821,-0.0017750772,0.1311988,-0.33148324,0.5343874,-0.06314246,-0.0013689424,0.00015804706,0.13120827,0.15776905,0.046208367,8.842444,20.492992,-15.001846,1.2001069,0.005737359,0.028755097,0.31145662,0.094256505,158.28345,-131.19135,207.83548,499.40292,158.28345,-131.19135,207.83548,499.40292,1.0,-1.0,1.0,1.0,33.524375915527344,-0.4,0.4,0.4
15.0,20.49304,-15.001453,2.000247,-0.24897256,-0.000115162045,-0.0040120385,0.96850216,0.0020348283,1.0900665e-05,-0.032509673,0.0895983,-0.010651134,0.18009174,-0.0018349993,-0.0007363577,-0.032513227,-0.027963411,-0.053664282,-9.82329,20.492886,-15.001864,1.200247,0.011064907,0.029438116,0.31965283,0.040981133,-470.88678,583.54504,-536.5483,362.2714,-470.88678,583.54504,-536.5483,362.2714,-1.0,1.0,-1.0,1.0,0.0,0.4,-0.4,0.4
15.016666666666666,20.49301,-15.001509,2.0015416,-0.24896613,0.0022905983,0.00011122532,0.9685095,0.0037005339,0.0025419253,0.11441304,0.51318425,-0.53364736,-0.062741816,-0.0015145898,-0.00385625,0.114426106,0.019224571,-0.18719354,8.8163595,20.492775,-15.0018835,1.2015418,0.016802266,0.026842646,0.34424156,-0.15572815,152.27446,289.86346,-35.767582,-1431.6606,152.27446,289.86346,-35.767582,-1431.6606,1.0,1.0,-1.0,-1.0,33.524375915527344,0.4,-0.4,-0.4
15.033333333333333,20.49299,-15.001562,2.001408,-0.24698818,0.0028904025,0.0019651994,0.9690122,0.0020213923,0.001980101,-0.04887832,0.09140036,0.010895021,-0.3062333,-0.0010532512,-0.0029620023,-0.048859123,0.027680311,0.053654864,-9.797113,20.492674,-15.0019,1.2014084,0.022676228,0.02417887,0.35243765,-0.15982656,-480.1541,-655.6548,704.13654,-34.05381,-480.1541,-655.6548,704.13654,-34.05381,-1.0,-1.0,1.0,-1.0,0.0,-0.4,0.4,-0.4
15.049999999999999,20.492994,-15.001578,2.002436,-0.24598579,-0.00017362923,-0.00071381003,0.9692731,-0.0003878487,0.00058187195,0.0985139,-0.32538426,0.5770657,-0.06345918,0.00061981776,-0.00047124102,0.098513305,0.10038413,0.14944567,8.842345,20.49257,-15.001912,1.202436,0.03032604,0.023905663,0.45898876,-0.01639243,185.05968,-386.12177,192.21175,489.39212,185.05968,-386.12177,192.21175,489.39212,1.0,-1.0,1.0,1.0,33.524375915527344,-0.4,0.4,0.4
15.066666666666666,20.492994,-15.0015955,2.0020308,-0.2469438,-0.0015136476,-0.0011335014,0.96902794,0.000749,0.00136495,-0.06520099,0.09577565,0.031809114,0.17976767,0.00015037901,-0.0013649606,-0.06520512,-0.028166322,-0.05362317,-9.823106,20.492466,-15.001924,1.2020311,0.037839253,0.023495851,0.4507927,-0.024588702,-448.22443,436.2735,-666.9829,366.1291,-448.22443,436.2735,-666.9829,366.1291,-1.0,1.0,-1.0,1.0,0.0,0.4,-0.4,0.4
15.083333333333334,20.492981,-15.00163,2.00278,-0.24692655,0.0019003038,-0.0021786315,0.96902984,0.0024415918,0.0009104782,0.08166491,-0.328924,-0.49862325,-0.063489385,-0.0013194946,-0.002236081,0.08166521,-0.08819241,-0.052267227,8.81222,20.492373,-15.001935,1.2027802,0.04357661,0.021856606,0.34424138,-0.0983547,245.76839,-16.40025,-162.82936,-1489.8284,245.76839,-16.40025,-162.82936,-1489.8284,1.0,-1.0,-1.0,-1.0,33.524375915527344,-0.4,-0.4,-0.4
15.1,20.49297,-15.001671,2.0021007,-0.24494623,0.0026018824,-0.002070153,0.96953094,0.0010399432,0.0025620724,-0.08154064,0.09801313,0.054028936,-0.30619964,-0.00019235357,-0.0025251764,-0.08154819,0.06762845,-0.017345719,-9.792804,20.49227,-15.0019455,1.2021013,0.050133597,0.019670945,0.39341924,-0.13113967,-447.1572,629.6882,594.6927,-739.6869,-447.1572,629.6882,594.6927,-739.6869,-1.0,1.0,1.0,-1.0,0.0,0.4,0.4,-0.4
15.116666666666667,20.492996,-15.001715,2.0025837,-0.24392892,-0.0008258625,-0.004776718,0.9697809,-0.00066897366,0.0026384708,0.06585558,-0.31869292,0.6203049,-0.06342957,0.0018856645,-0.002644538,0.06583173,0.124681085,-0.007161693,8.842794,20.49218,-15.001957,1.2025844,0.058466434,0.01734868,0.4999702,-0.13933583,328.14276,-9.56341,165.24072,481.1966,328.14276,-9.56341,165.24072,481.1966,1.0,-1.0,1.0,1.0,33.524375915527344,-0.4,0.4,0.4
15.133333333333333,20.493017,-15.001769,2.0016344,-0.24488018,-0.0025327983,-0.0052256472,0.9695359,0.001167017,0.0046513593,-0.09784957,0.10254564,0.074835405,0.17979202,0.0014118768,-0.0035344937,-0.097893044,-0.028427266,-0.053397346,-9.823486,20.492083,-15.001965,1.201635,0.06693587,0.014001888,0.5081659,-0.20080753,-298.76166,635.59766,-645.60596,348.44797,-298.76166,635.59766,-645.60596,348.44797,-1.0,1.0,-1.0,1.0,0.0,0.4,-0.4,0.4
15.15,20.49303,-15.001884,2.0018392,-0.24486344,-0.00082363345,-0.0011825764,0.9695565,0.0033813743,0.0069304924,0.049051076,0.52608436,-0.44864655,-0.06300962,0.00026491407,-0.007837191,0.049030416,-0.06881776,-0.2581618,8.815407,20.491999,-15.001972,1.20184,0.07390267,0.006283774,0.41800794,-0.4630868,405.35538,493.0682,-232.15288,-1297.1129,405.35538,493.0682,-232.15288,-1297.1129,1.0,1.0,-1.0,-1.0,33.524375915527344,0.4,-0.4,-0.4
15.166666666666666,20.493042,-15.002003,2.0006154,-0.24287774,-0.000927821,0.00059235323,0.9700563,0.0028001124,0.0062906793,-0.11425524,0.10429075,0.0961815,-0.30645823,0.0007330163,-0.006947762,-0.11424913,0.028086131,0.05336576,-9.796772,20.49191,-15.001977,1.2006162,0.08100607,-0.0018441511,0.42620432,-0.48767546,-255.33047,-482.8224,497.86868,-24.208015,-255.33047,-482.8224,497.86868,-24.208015,-1.0,-1.0,1.0,-1.0,0.0,-0.4,0.4,-0.4
15.183333333333334,20.493034,-15.002112,2.000547,-0.24187249,0.001944846,-0.00052568753,0.9703059,0.003825557,0.005245055,0.03261853,-0.31974,-0.4345845,-0.063460186,-0.0007845998,-0.006429597,0.032621443,-0.09105696,0.031089902,8.812235,20.49183,-15.001984,1.2005482,0.08619702,-0.009220756,0.31145674,-0.44259626,506.86264,-99.211,-127.63987,503.2171,506.86264,-99.211,-127.63987,503.2171,1.0,-1.0,-1.0,1.0,33.524375915527344,-0.4,-0.4,0.4
15.2,20.493029,-15.002224,1.9990507,-0.23988831,0.0021087648,-0.00047665343,0.9707981,0.00233021,0.0063659805,-0.13058907,0.107035354,0.117926225,-0.30618075,0.0003385029,-0.0067299027,-0.13059117,0.06738616,-0.018018352,-9.792756,20.491747,-15.00199,1.1990521,0.091797784,-0.016733963,0.3360459,-0.4507924,-203.83185,582.9153,610.86194,-634.38605,-203.83185,582.9153,610.86194,-634.38605,-1.0,1.0,1.0,-1.0,0.0,0.4,0.4,-0.4
15.216666666666667,20.493053,-15.002327,1.9987166,-0.23887658,-0.0018712383,-0.0032205211,0.97104275,0.0011084303,0.0060043894,0.016830966,-0.3096298,0.68440914,-0.06340556,0.0017684287,-0.0059535448,0.016792579,0.085795544,0.046581473,8.843024,20.491673,-15.002,1.198718,0.09890119,-0.02342755,0.42620432,-0.40161517,616.93964,-46.651363,90.05049,492.03378,616.93964,-46.651363,90.05049,492.03378,1.0,-1.0,1.0,1.0,33.524375915527344,-0.4,0.4,0.4
15.233333333333333,20.493065,-15.002471,2.0008328,-0.2398285,-0.0042471117,-0.0037250505,0.9707988,0.002642764,0.0076555572,0.16379341,0.114877164,0.15987016,0.1798093,0.00016838634,-0.009523524,0.16371667,-0.096002534,-0.21419874,8.815445,20.49161,-15.00201,1.2008342,0.10422875,-0.03298982,0.31965357,-0.5737361,20.152397,596.1744,-807.40955,360.33215,20.152397,596.1744,-807.40955,360.33215,1.0,1.0,-1.0,1.0,33.524375915527344,0.4,-0.4,0.4
15.25,20.493063,-15.002643,2.001515,-0.23979965,-0.003093076,0.0002516192,0.9708173,0.005183519,0.009287861,7.748067e-06,0.5352404,-0.38529813,-0.06295528,-0.00026287584,-0.010633169,-4.4412495e-06,-0.02587573,-0.066578686,-9.823266,20.49155,-15.002019,1.2015165,0.10832687,-0.044669442,0.24588703,-0.70077735,-616.0177,492.93137,-420.2411,-517.79486,-616.0177,492.93137,-420.2411,-517.79486,-1.0,1.0,-1.0,-1.0,0.0,0.4,-0.4,-0.4
15.266666666666666,20.493065,-15.002806,1.9994739,-0.24075574,-0.003722343,0.001981433,0.9705766,0.0053247213,0.0075739203,-0.16329856,0.114233136,0.16025163,0.17952406,0.0001679517,-0.009519795,-0.16328344,0.025849652,0.06680243,-9.79674,20.49149,-15.002028,1.1994758,0.1128348,-0.05566605,0.27047572,-0.65979654,-31.872318,-507.75015,258.23438,3.2759383,-31.872318,-507.75015,258.23438,3.2759383,-1.0,-1.0,1.0,1.0,0.0,-0.4,0.4,0.4
15.283333333333333,20.493027,-15.002955,1.9985882,-0.24073341,-0.0013917774,0.00080646185,0.97058994,0.0071268063,0.0061705587,-0.016425647,-0.3103507,-0.3701505,-0.06374979,-0.0033664592,-0.008800481,-0.016428255,-0.21206464,0.043158807,8.81131,20.49144,-15.002043,1.1985904,0.11365443,-0.06536493,0.04917785,-0.5819325,729.6333,-84.12808,-496.78564,-1319.5646,729.6333,-84.12808,-496.78564,-1319.5646,1.0,-1.0,-1.0,-1.0,33.524375915527344,-0.4,-0.4,-0.4
15.299999999999999,20.492971,-15.003102,2.0001578,-0.23874578,-0.0019031081,0.00078146596,0.9710798,0.0063999197,0.006725277,0.13103198,0.119469605,0.20352292,-0.30647436,-0.0030851208,-0.008846346,0.13102591,0.0168803,-0.0027518903,8.84725,20.491398,-15.002062,1.2001601,0.11269819,-0.074517384,-0.057374235,-0.54914737,82.07414,603.2606,325.08664,-607.9684,82.07414,603.2606,325.08664,-607.9684,1.0,1.0,1.0,-1.0,33.524375915527344,0.4,0.4,-0.4
15.316666666666666,20.49291,-15.003258,2.0002952,-0.23773292,-0.001099055,0.0047151074,0.9713185,0.007658139,0.00666912,-0.032751918,0.541013,-0.34311837,-0.0629432,-0.003569216,-0.0097347,-0.03268499,-0.02904571,-0.053301245,-9.822653,20.491354,-15.00208,1.2002977,0.11146876,-0.08435287,-0.07376566,-0.5901293,-432.54562,3.234715,-356.3884,685.62244,-432.54562,3.234715,-356.3884,685.62244,-1.0,1.0,-1.0,1.0,0.0,0.4,-0.4,0.4
15.333333333333334,20.492838,-15.003366,2.0015922,-0.23869686,-0.0022074834,0.006393729,0.9710705,0.006489373,0.0041133845,0.11462981,0.12295644,0.22385621,0.17954984,-0.004684386,-0.005350249,0.11466672,-0.066910185,0.26306707,8.841103,20.491322,-15.002107,1.2015946,0.10860007,-0.09022684,-0.17212136,-0.35243776,123.71968,-934.11237,210.35574,16.427145,123.71968,-934.11237,210.35574,16.427145,1.0,-1.0,1.0,1.0,33.524375915527344,-0.4,0.4,0.4
15.35,20.492744,-15.003451,2.0014558,-0.23866633,-0.00027780785,0.0051707253,0.9710878,0.0074476837,0.0015012594,-0.049161498,-0.30468524,-0.32779193,-0.06374558,-0.0057554776,-0.0052695945,-0.04912922,-0.064265504,0.0048392634,-9.827756,20.491291,-15.002132,1.2014583,0.10409214,-0.09446156,-0.27047572,-0.2540834,-506.65765,-617.58057,-536.6922,-544.8869,-506.65765,-617.58057,-536.6922,-544.8869,-1.0,-1.0,-1.0,-1.0,0.0,-0.4,-0.4,-0.4
15.366666666666667,20.49265,-15.003504,2.0024805,-0.23668166,-0.0011515444,0.005110232,0.9715731,0.0060083466,0.0006360905,0.09831066,0.12503634,0.24577373,-0.30648983,-0.0055004377,-0.0024055152,0.09831301,0.015302393,0.17184475,8.846534,20.491268,-15.002171,1.2024828,0.09890119,-0.09548609,-0.3114572,-0.061471757,130.68375,17.590229,240.28496,-540.717,130.68375,17.590229,240.28496,-540.717,1.0,1.0,1.0,-1.0,33.524375915527344,0.4,0.4,-0.4
15.383333333333333,20.492546,-15.003543,2.0020716,-0.23567024,0.00058934535,0.0038660078,0.9718251,0.006648862,-0.0016410088,-0.06549217,-0.30113745,-0.30630824,-0.063534975,-0.0066176658,-0.0020971892,-0.0654823,-0.06703368,0.018499557,-9.827719,20.491253,-15.002213,1.2020737,0.09261741,-0.09528118,-0.37702692,0.012294351,-402.04532,-557.45087,-448.66272,686.0484,-402.04532,-557.45087,-448.66272,686.0484,-1.0,-1.0,-1.0,1.0,0.0,-0.4,-0.4,0.4
15.4,20.492443,-15.003549,2.0028229,-0.23368548,-0.00046228972,0.00379618,0.9723047,0.0050613424,-0.0019921542,0.0819763,0.12850547,0.2671707,-0.30628923,-0.0056329723,6.1934006e-05,0.0819632,0.059081603,0.12954739,8.846729,20.491234,-15.002255,1.202825,0.08660683,-0.09261741,-0.3606346,0.15982656,196.41318,55.178143,231.80803,-406.01346,196.41318,55.178143,231.80803,-406.01346,1.0,1.0,1.0,-1.0,33.524375915527344,0.4,0.4,-0.4
15.416666666666666,20.49234,-15.003543,2.0021415,-0.23267655,0.0010957678,0.0025348843,0.9725502,0.0055763037,-0.003752788,-0.08183244,-0.29747593,-0.284883,-0.063337184,-0.0067488477,0.00037749964,-0.08182932,-0.06695252,0.018933937,-9.827551,20.491228,-15.002303,1.2021431,0.07964003,-0.088792495,-0.41800794,0.2294947,-353.41232,-520.8959,-455.45248,685.0121,-353.41232,-520.8959,-455.45248,685.0121,-1.0,-1.0,-1.0,1.0,0.0,-0.4,-0.4,0.4
15.433333333333334,20.492252,-15.003517,2.0026205,-0.23069084,-0.00013315988,0.002456862,0.9730239,0.0039720973,-0.0036124913,0.06563278,0.13209018,0.288503,-0.30610088,-0.0052625025,0.0017544976,0.06561797,0.08918071,0.082619876,8.846837,20.491226,-15.002356,1.2026218,0.073492855,-0.08319173,-0.36883053,0.3360459,281.03244,119.51245,220.48172,-296.16248,281.03244,119.51245,220.48172,-296.16248,1.0,1.0,1.0,-1.0,33.524375915527344,0.4,0.4,-0.4
15.45,20.492146,-15.003486,2.0016665,-0.22968408,0.0012422595,0.0011801672,0.97326374,0.0044845007,-0.004878668,-0.09817784,-0.29369962,-0.2635194,-0.063151315,-0.006376707,0.0020774,-0.09817241,-0.06685227,0.01937414,-9.827422,20.491217,-15.002414,1.2016679,0.066526055,-0.07677135,-0.41800794,0.38522285,-283.18597,-457.14734,-470.41107,683.7275,-283.18597,-457.14734,-470.41107,683.7275,-1.0,-1.0,-1.0,1.0,0.0,-0.4,-0.4,0.4
15.466666666666667,20.49206,-15.003444,2.0018735,-0.22769709,-0.00016367092,0.0010955433,0.97373134,0.0029949686,-0.0042689797,0.049284644,0.13578877,0.30976614,-0.30592197,-0.004617712,0.0025997234,0.049275637,0.105539694,0.031339403,8.846883,20.491215,-15.002475,1.2018749,0.06051549,-0.069394745,-0.36063394,0.4425962,384.1781,216.5356,198.80193,-205.25345,384.1781,216.5356,198.80193,-205.25345,1.0,1.0,1.0,-1.0,33.524375915527344,0.4,0.4,-0.4
15.483333333333333,20.491972,-15.003395,2.0006475,-0.22669303,0.0010291373,-0.00019441766,0.9739657,0.003627711,-0.0050623077,-0.114524715,-0.28981268,-0.24222255,-0.06297521,-0.0057299547,0.0029300062,-0.11451323,-0.06673456,0.019816969,-9.827332,20.49122,-15.002537,1.2006484,0.0538219,-0.061471716,-0.4016154,0.47538173,-193.81154,-359.86713,-499.74765,683.41174,-193.81154,-359.86713,-499.74765,683.41174,-1.0,-1.0,-1.0,1.0,0.0,-0.4,-0.4,0.4
15.5,20.491896,-15.003354,2.0005822,-0.22470377,-0.0005536021,-0.00028434198,0.9744268,0.0023840521,-0.0040049525,0.03293611,0.13959864,0.33095598,-0.30574933,-0.0039284574,0.0025300616,0.03293443,0.108089834,-0.023996675,8.846859,20.491222,-15.002606,1.2005829,0.04822114,-0.05354869,-0.33604544,0.4753815,503.65073,349.52148,159.52708,-129.42526,503.65073,349.52148,159.52708,-129.42526,1.0,1.0,1.0,-1.0,33.524375915527344,0.4,0.4,-0.4
15.516666666666666,20.491814,-15.003306,1.9990838,-0.22370195,0.00045707464,-0.0015861229,0.9746561,0.0032598567,-0.004346449,-0.13086914,-0.28581536,-0.22099522,-0.06280656,-0.0050383937,0.002867763,-0.1308535,-0.06659617,0.020262076,-9.827275,20.491228,-15.002673,1.1990844,0.041937366,-0.04535246,-0.37702647,0.4917738,-85.21041,-227.05037,-546.1966,683.39746,-85.21041,-227.05037,-546.1966,683.39746,-1.0,-1.0,-1.0,1.0,0.0,-0.4,-0.4,0.4
15.533333333333333,20.491747,-15.003276,1.9987457,-0.22170956,-0.0013024454,-0.0016798448,0.97511035,0.0023929104,-0.0028625224,0.016592406,0.14351848,0.35206714,-0.30557954,-0.00342516,0.0014825081,0.016592119,0.09679402,-0.08311528,8.846737,20.491234,-15.002745,1.1987462,0.03674642,-0.03804416,-0.31145674,0.43849802,637.67816,512.0827,99.63083,-71.86297,637.67816,512.0827,99.63083,-71.86297,1.0,1.0,1.0,-1.0,33.524375915527344,0.4,0.4,-0.4
15.549999999999999,20.491669,-15.003264,2.0008578,-0.22071019,-0.0006068656,-0.0030020683,0.97533464,0.0040452196,-0.0035521798,0.16345425,-0.2786811,-0.17869094,-0.062643714,-0.0051573394,0.00046347588,0.16346088,-0.103930764,-0.06114193,8.812125,20.491245,-15.00282,1.2008581,0.03032604,-0.031828683,-0.38522273,0.3729285,41.773094,-55.751072,-614.8431,685.27234,41.773094,-55.751072,-614.8431,685.27234,1.0,-1.0,-1.0,1.0,33.524375915527344,-0.4,-0.4,0.4
15.566666666666666,20.491594,-15.003259,2.001542,-0.22167623,-0.0025953203,-0.0030979833,0.9751119,0.0035399222,-0.0020775779,0.00026322002,0.14794688,0.37277415,0.18056956,-0.0040911483,0.00034114262,0.00025059385,0.06397147,-0.0073399954,-9.792617,20.491259,-15.002895,1.2015424,0.024042265,-0.026023023,-0.37702647,0.3483396,-659.09106,664.0334,12.653478,221.31105,-659.09106,664.0334,12.653478,221.31105,-1.0,1.0,1.0,1.0,0.0,0.4,0.4,0.4
15.583333333333334,20.491518,-15.003266,1.9994998,-0.22165205,-0.003151783,0.00073402165,0.9751204,0.0053925244,-0.0017576938,-0.16343528,0.56847936,-0.17348777,-0.062087473,-0.004564577,-0.00075170526,-0.16346821,-0.02840571,-0.06557087,-9.823128,20.49127,-15.002971,1.1994998,0.017758492,-0.021173587,-0.37702635,0.29096612,-24.69546,208.64995,-867.8687,-124.70806,-24.69546,208.64995,-867.8687,-124.70806,-1.0,1.0,-1.0,-1.0,0.0,0.4,-0.4,-0.4
15.6,20.491411,-15.00327,1.9986111,-0.22260977,0.0010286042,0.003831274,0.9748995,0.006484381,-0.0036129463,-0.016597968,0.1453076,-0.7038095,0.18057275,-0.007414885,0.00030871024,-0.016598715,-0.17101848,0.063624926,8.812169,20.491291,-15.00305,1.198611,0.008606038,-0.015777737,-0.54914725,0.323751,762.7298,-809.6589,-275.1813,80.300804,762.7298,-809.6589,-275.1813,80.300804,1.0,-1.0,-1.0,1.0,33.524375915527344,-0.4,-0.4,0.4
15.616666666666667,20.491299,-15.003217,2.0001764,-0.2225799,0.0035933612,0.0029843608,0.9749032,0.004987787,-0.0056963665,0.13074926,-0.27231607,-0.13539183,-0.06295433,-0.0062233526,0.0039372873,0.13076109,0.07149193,0.21771461,8.841588,20.491304,-15.003124,1.2001762,-0.00040981136,-0.0066252835,-0.54095095,0.5491472,114.69268,-555.46014,582.2944,-3405.724,114.69268,-555.46014,582.2944,-3405.724,1.0,-1.0,1.0,-1.0,33.524375915527344,-0.4,0.4,-0.4
15.633333333333333,20.491205,-15.003139,2.0003147,-0.22353125,0.002456191,-0.00230723,0.9746909,0.0028622057,-0.006855782,-0.03256867,-0.6935525,0.41105402,0.17969249,-0.005752993,0.005034083,-0.032518815,0.028221587,0.065807745,-9.796794,20.491323,-15.003205,1.2003149,-0.008469434,0.0047811326,-0.48357734,0.68438494,-575.7171,-15.56619,176.23276,209.40582,-575.7171,-15.56619,176.23276,209.40582,-1.0,-1.0,1.0,1.0,0.0,-0.4,0.4,0.4
15.65,20.491129,-15.003089,2.0016093,-0.22350197,0.003029073,-0.0053867265,0.9746839,0.0032333173,-0.005137978,0.114350475,-0.26957524,-0.11578649,-0.063384935,-0.0041980576,0.0021696123,0.114413954,0.09329611,-0.17186823,8.815966,20.491339,-15.003285,1.2016095,-0.015026417,0.01407019,-0.3934189,0.55734336,160.52928,747.8049,-518.19745,-1079.2903,160.52928,747.8049,-518.19745,-1079.2903,1.0,1.0,-1.0,-1.0,33.524375915527344,0.4,-0.4,-0.4
15.666666666666666,20.491072,-15.003055,2.0014758,-0.22445495,0.0005111173,-0.005535169,0.9744685,0.0019888952,-0.0026768628,-0.04883372,0.15695986,0.43557563,0.17982276,-0.0031294555,0.0020525258,-0.04880417,0.06411612,-0.007025194,-9.793087,20.491354,-15.003365,1.2014761,-0.02021736,0.022198115,-0.31145665,0.48767546,-496.60196,751.2737,211.25647,212.75793,-496.60196,751.2737,211.25647,212.75793,-1.0,1.0,1.0,1.0,0.0,0.4,0.4,0.4
15.683333333333334,20.491026,-15.003073,2.0024986,-0.22443381,-0.0007150405,-0.0017612902,0.9744875,0.0032837894,0.0003488483,0.09813076,0.58045745,-0.08966333,-0.0627994,-0.0028595545,-0.0021184261,0.09812179,0.01619406,-0.2502571,8.815557,20.491367,-15.003441,1.2024987,-0.024452077,0.026364531,-0.25408295,0.249985,199.64703,342.10733,-712.1524,-108.345085,199.64703,342.10733,-712.1524,-108.345085,1.0,1.0,-1.0,-1.0,33.524375915527344,0.4,-0.4,-0.4
15.7,20.490967,-15.003104,2.0020864,-0.22540224,0.0028841235,0.0012983676,0.97426057,0.0039393525,-0.00022361474,-0.06568231,0.15435696,-0.6411067,0.17991914,-0.0039678905,-0.0017808154,-0.065656826,-0.06650016,0.020256642,-9.826716,20.491383,-15.003517,1.2020867,-0.029779626,0.02957472,-0.31965292,0.19261132,-386.74777,-576.66754,-77.40983,218.00162,-386.74777,-576.66754,-77.40983,218.00162,-1.0,-1.0,-1.0,1.0,0.0,-0.4,-0.4,0.4
15.716666666666667,20.49093,-15.003106,2.0028343,-0.22537173,0.004925679,0.00041263376,0.9742603,0.0017694278,-0.0011305169,0.08169081,-0.26346588,-0.07264426,-0.06360911,-0.0013171996,0.00048570393,0.08170573,0.15904145,0.13599114,8.841753,20.491388,-15.0035925,1.2028348,-0.032784913,0.034833968,-0.1803172,0.31555483,232.12372,-356.64478,769.0825,-3180.0227,232.12372,-356.64478,769.0825,-3180.0227,1.0,-1.0,1.0,-1.0,33.524375915527344,-0.4,0.4,-0.4
15.733333333333333,20.490925,-15.003098,2.002156,-0.22633766,0.002052573,0.00022599389,0.97404665,-0.00027730796,-0.0004076857,-0.081511244,0.1630143,0.47865823,0.1796061,-0.0002484591,0.00037656556,-0.08151148,0.06412442,-0.0065483022,-9.793033,20.4914,-15.003665,1.2021567,-0.034014344,0.040639628,-0.07376588,0.3483396,-474.44794,273.88263,376.7222,184.6834,-474.44794,273.88263,376.7222,184.6834,-1.0,1.0,1.0,1.0,0.0,0.4,0.4,0.4
15.75,20.490921,-15.003084,2.002633,-0.22631283,0.0016882927,-0.0011880537,0.9740524,6.860809e-05,-0.00097635546,0.06536076,-0.26134866,-0.05147612,-0.06363154,-0.00024191578,0.0007447635,0.0653634,0.00039259958,0.022091877,8.812492,20.491405,-15.0037365,1.2026335,-0.034697365,0.0467185,-0.040981244,0.36473235,314.96075,-270.5282,-579.66473,-142.91138,314.96075,-270.5282,-579.66473,-142.91138,1.0,-1.0,-1.0,-1.0,33.524375915527344,-0.4,-0.4,-0.4
15.766666666666666,20.49093,-15.003074,2.0016825,-0.22727193,-0.0013617984,-0.0013973127,0.9738294,-0.0006998511,3.1403033e-07,-0.09785126,0.16510446,0.49979365,0.1795816,0.0008250728,0.0006363742,-0.097848214,0.06401931,-0.0065033576,-9.792696,20.49141,-15.003807,1.2016828,-0.034287553,0.05252416,0.024588702,0.3483396,-383.3626,466.67673,128.05226,180.98056,-383.3626,466.67673,128.05226,180.98056,-1.0,1.0,1.0,1.0,0.0,0.4,0.4,0.4
15.783333333333333,20.49092,-15.0030775,2.0018876,-0.22725014,-0.0019000702,-0.0028348716,0.97383046,0.0009913733,-0.00023819122,0.049024407,-0.25927645,-0.03035602,-0.06365032,-0.001112658,-0.0005382099,0.04901943,-0.11626384,-0.07047504,8.812058,20.49141,-15.003876,1.2018883,-0.035107177,0.057168692,-0.049177404,0.2786719,398.82645,-27.822716,-818.66156,-143.73679,398.82645,-27.822716,-818.66156,-143.73679,1.0,-1.0,-1.0,-1.0,33.524375915527344,-0.4,-0.4,-0.4
15.799999999999999,20.490896,-15.003099,2.0006578,-0.228224,0.0015607703,-0.0015344797,0.97360617,0.0018099619,0.0009743471,-0.11469859,0.16291583,-0.57696486,0.17973436,-0.0016173319,-0.0014161973,-0.11469687,-0.030280434,-0.05267924,-9.822978,20.491413,-15.0039425,1.2006584,-0.03701963,0.060378887,-0.11474713,0.19261165,-267.5115,631.4828,-184.01898,189.22604,-267.5115,631.4828,-184.01898,189.22604,-1.0,1.0,-1.0,1.0,0.0,0.4,-0.4,0.4
15.816666666666666,20.490892,-15.003119,2.0005884,-0.2281987,0.0030679477,-0.002467987,0.97360665,0.00020423974,0.0010722084,0.032682918,-0.25510693,-0.008480012,-0.06379029,0.00052551617,-0.0011625843,0.03267624,0.12857087,0.015216779,8.842386,20.49141,-15.004004,1.2005894,-0.03701963,0.06331587,0.0,0.17621888,514.72687,-79.01405,680.1022,-3057.4397,514.72687,-79.01405,680.1022,-3057.4397,1.0,-1.0,1.0,-1.0,33.524375915527344,-0.4,0.4,-0.4
15.833333333333334,20.490913,-15.00314,1.9990928,-0.22915171,-0.0003430354,-0.0027154952,0.9733869,-0.0006109199,0.002514638,-0.13052827,0.17129365,0.54272825,0.17942636,0.0015932847,-0.0012674241,-0.13053803,0.06406611,-0.0062903874,-9.792855,20.491405,-15.004063,1.1990937,-0.03524378,0.066047944,0.10655097,0.16392453,-169.59567,622.24097,230.76035,175.36987,-169.59567,622.24097,230.76035,175.36987,-1.0,1.0,1.0,1.0,0.0,0.4,0.4,0.4
15.85,20.490932,-15.003198,1.998754,-0.22912206,-0.002483039,0.00096439524,0.97339404,0.0009343197,0.0038443857,0.01639655,0.59467566,0.017277539,-0.06313008,0.0007920617,-0.0038453748,0.016403807,-0.048073377,-0.15467703,8.81651,20.491402,-15.004121,1.1987548,-0.033604536,0.06611624,0.098354585,0.004097968,616.2781,134.55519,-781.6143,-134.10332,616.2781,134.55519,-781.6143,-134.10332,1.0,1.0,-1.0,-1.0,33.524375915527344,0.4,-0.4,-0.4
15.866666666666667,20.490917,-15.003249,2.000863,-0.23007378,7.592907e-05,0.003942574,0.97316515,0.0032336856,0.002775446,0.1632481,0.17163777,-0.51300865,0.17967457,-0.0019205307,-0.002671175,0.16327056,-0.16275553,0.07045199,8.812005,20.491402,-15.00417,1.200864,-0.034697365,0.065979645,-0.06556972,-0.008195936,28.230862,-786.04816,-230.51611,177.6111,28.230862,-786.04816,-230.51611,177.6111,1.0,-1.0,-1.0,1.0,33.524375915527344,-0.4,-0.4,0.4
15.883333333333333,20.49089,-15.003282,2.0015435,-0.23004498,0.0011823139,0.0029708785,0.97317475,0.0020707138,0.00096577965,-3.0482155e-05,-0.24955614,0.034363136,-0.06383504,-0.0014191366,-0.0017908791,-1.782688e-05,0.030083641,0.05281775,-9.797302,20.49139,-15.004218,1.2015444,-0.035790194,0.06707247,-0.06556972,0.06556972,-634.1296,-486.11072,496.13068,-2516.0032,-634.1296,-486.11072,496.13068,-2516.0032,-1.0,-1.0,1.0,-1.0,0.0,-0.4,0.4,-0.4
15.9,20.490862,-15.003323,1.9994969,-0.23099862,0.004102596,0.004233857,0.9729362,0.0012888993,0.0004876242,-0.16375056,0.17269725,-0.5123656,0.17952526,-0.0019190435,-0.0026743123,-0.16372328,-0.029994408,-0.053005993,-9.822327,20.491383,-15.004266,1.199498,-0.037292838,0.067550585,-0.09015865,0.02868667,-61.437447,87.86693,-50.49463,170.79744,-61.437447,87.86693,-50.49463,170.79744,-1.0,1.0,-1.0,1.0,0.0,0.4,-0.4,0.4
15.916666666666666,20.490868,-15.003313,1.9986098,-0.23096436,0.005069905,0.0032580853,0.9729435,-0.0016825444,-0.001087995,-0.016360147,-0.24556112,0.056172155,-0.0639806,0.00087715633,0.0015859909,-0.016382439,0.16777198,0.25561818,8.840449,20.491375,-15.004309,1.1986107,-0.036336612,0.0713072,0.057373565,0.22539674,715.8414,-653.10815,774.0634,-3037.828,715.8414,-653.10815,774.0634,-3037.828,1.0,-1.0,1.0,-1.0,33.524375915527344,-0.4,0.4,-0.4
15.933333333333334,20.490923,-15.003243,2.0001786,-0.23190464,0.0022405416,-0.0022099977,0.9727333,-0.005227774,-0.0031525986,0.1309845,-0.6641048,0.623881,0.17855696,0.003948331,0.0047450587,0.1309813,0.18427046,0.18954407,8.841824,20.491362,-15.004346,1.2001797,-0.03141887,0.078957014,0.29506442,0.45898896,92.83829,-125.61425,304.44846,142.99522,92.83829,-125.61425,304.44846,142.99522,1.0,-1.0,1.0,1.0,33.524375915527344,-0.4,0.4,0.4
15.95,20.490982,-15.003177,2.0003152,-0.2318613,0.0011935028,-0.0054468648,0.9727328,-0.004752677,-0.0013075359,-0.032751996,-0.2433277,0.0755556,-0.06471956,0.0034931018,0.0036397015,-0.03273441,-0.027313743,-0.066321425,-9.822942,20.491344,-15.004381,1.2003162,-0.025954721,0.086265326,0.32784897,0.43849868,-494.05026,694.7498,-505.57034,-172.09436,-494.05026,694.7498,-505.57034,-172.09436,-1.0,1.0,-1.0,-1.0,0.0,0.4,-0.4,-0.4
15.966666666666667,20.49107,-15.00316,2.0016127,-0.23278922,-0.0030549797,-0.0057847057,0.97250515,-0.0061259377,0.0014628137,0.11466619,0.18597293,0.6477141,0.17847829,0.0057517453,1.6057716e-05,0.1146949,0.13551861,-0.21741863,8.845758,20.491327,-15.004411,1.2016139,-0.018441511,0.08954381,0.45079258,0.19670917,169.96754,701.7266,81.87399,140.99406,169.96754,701.7266,81.87399,140.99406,1.0,1.0,1.0,1.0,33.524375915527344,0.4,0.4,0.4
15.983333333333333,20.491165,-15.003171,2.0014777,-0.23568554,-0.005973562,-0.002174477,0.97180855,-0.0036638612,0.0032396396,-0.049071807,0.6060388,0.10165256,0.42196122,0.0052601104,-0.0008558751,-0.049026117,-0.029498095,-0.052315965,-9.823261,20.491316,-15.004439,1.201479,-0.010791699,0.090841554,0.4589887,0.07786452,-410.99753,331.26407,-906.56445,11.285394,-410.99753,331.26407,-906.56445,11.285394,-1.0,1.0,-1.0,1.0,0.0,0.4,-0.4,0.4
16.0,20.491196,-15.003206,2.0024962,-0.23761228,-0.0041687572,0.00074844575,0.9713508,-0.0002718682,0.0028891591,0.097811125,0.18240362,-0.42532054,0.17859368,0.00074787834,-0.0024889715,0.09781965,-0.2707339,-0.097985774,8.810745,20.491297,-15.00446,1.2024972,-0.0072400006,0.08981703,0.21310191,-0.06147131,132.88966,-500.64404,-556.6917,-2532.3247,132.88966,-500.64404,-556.6917,-2532.3247,1.0,-1.0,-1.0,-1.0,33.524375915527344,-0.4,-0.4,-0.4
16.016666666666666,20.491217,-15.003235,2.0020854,-0.23758355,-0.0037850381,-0.0003027794,0.97135967,0.00013594131,0.0019120914,-0.06546209,-0.23900133,0.122008234,-0.064878315,0.0012338974,-0.001602735,-0.06545891,0.029161142,0.053174183,-9.796713,20.491282,-15.004478,1.2020866,-0.0046445285,0.0890657,0.15572833,-0.045079883,-458.3872,-201.35986,182.47496,-2464.4014,-458.3872,-201.35986,182.47496,-2464.4014,-1.0,-1.0,1.0,-1.0,0.0,-0.4,0.4,-0.4
16.03333333333333,20.491205,-15.003283,2.002831,-0.23853372,-0.0017401176,0.00088697224,0.9711322,0.002465973,0.0024260709,0.081476964,0.18623713,-0.40371853,0.17846018,-0.0013712079,-0.003219746,0.08147524,-0.15630631,-0.097020656,8.816049,20.491264,-15.004493,1.202832,-0.004234717,0.08667514,0.024588674,-0.1434338,245.96631,440.58102,-494.03772,159.2934,245.96631,440.58102,-494.03772,159.2934,1.0,1.0,-1.0,1.0,33.524375915527344,0.4,-0.4,0.4
16.05,20.491192,-15.003324,2.002148,-0.23850124,-0.0015381286,-0.00017663339,0.97114086,0.0021166308,0.001624425,-0.081801206,-0.23523808,0.14362383,-0.06499297,-0.00088583946,-0.0023320413,-0.08180668,0.029122103,0.053262286,-9.796914,20.491247,-15.004502,1.202149,-0.0039615096,0.08442117,0.016392458,-0.13523786,-424.46512,-225.57652,268.5868,-2324.9497,-424.46512,-225.57652,268.5868,-2324.9497,-1.0,-1.0,1.0,-1.0,0.0,-0.4,0.4,-0.4
16.066666666666666,20.491161,-15.00338,2.0026212,-0.23945148,0.0003237663,0.0010006203,0.9709077,0.0035921885,0.0022577564,0.06512871,0.19001913,-0.3821336,0.17834863,-0.0021207293,-0.003532462,0.06513658,-0.07409339,-0.07202524,8.816596,20.491228,-15.004512,1.2026219,-0.0047811326,0.08107437,-0.04917738,-0.20080803,316.33218,441.08307,-387.69034,166.92876,316.33218,441.08307,-387.69034,166.92876,1.0,1.0,-1.0,1.0,33.524375915527344,0.4,-0.4,0.4
16.083333333333332,20.49113,-15.003427,2.0016656,-0.2394165,0.00034497917,-7.5778014e-05,0.9709168,0.0026154572,0.001610385,-0.09814939,-0.23152387,0.16522233,-0.06508511,-0.0016362508,-0.0026434856,-0.098148204,0.02906871,0.053338587,-9.797086,20.491207,-15.004514,1.2016662,-0.0054641515,0.077864185,-0.040981133,-0.1926112,-371.00186,-260.29123,377.72455,-2214.5615,-371.00186,-260.29123,377.72455,-2214.5615,-1.0,-1.0,1.0,-1.0,0.0,-0.4,0.4,-0.4
16.1,20.491096,-15.00348,2.0018663,-0.24036658,0.0020232762,0.0010883206,0.9706794,0.0033760332,0.0023426283,0.04878096,0.19375044,-0.3605675,0.17825945,-0.0017266432,-0.0034967854,0.04879814,-0.005423545,-0.05119799,8.81678,20.49118,-15.004511,1.2018672,-0.0060105664,0.07383437,-0.03278489,-0.24178906,403.7691,425.95,-270.10742,166.46869,403.7691,425.95,-270.10742,166.46869,1.0,1.0,-1.0,1.0,33.524375915527344,0.4,-0.4,0.4
16.116666666666667,20.491072,-15.003524,2.0006387,-0.24032949,0.001863682,-1.1938914e-06,0.97068954,0.0019016659,0.0018282926,-0.11449498,-0.22785947,0.18680443,-0.06515805,-0.0012432727,-0.0026066555,-0.11448895,0.029002229,0.053407796,-9.797225,20.491158,-15.004504,1.2006396,-0.0061471704,0.07021437,-0.008196243,-0.2171999,-292.22507,-301.24902,500.09735,-2129.2078,-292.22507,-301.24902,500.09735,-2129.2078,-1.0,-1.0,1.0,-1.0,0.0,-0.4,0.4,-0.4
16.133333333333333,20.491062,-15.003575,2.0005672,-0.24128012,0.003359875,0.0011499684,0.970449,0.0020874967,0.0026384515,0.032441106,0.19743344,-0.33901718,0.17818813,-0.00041523855,-0.0031837975,0.03245667,0.049682043,-0.034628518,8.816737,20.491137,-15.004498,1.200568,-0.0053275474,0.066047944,0.04917738,-0.24998544,507.80768,392.32358,-145.02376,157.12065,507.80768,392.32358,-145.02376,157.12065,1.0,1.0,-1.0,1.0,33.524375915527344,0.4,-0.4,0.4
16.15,20.491062,-15.003617,1.9990671,-0.24124154,0.0030195722,4.590284e-05,0.9704603,0.00024475908,0.0022360235,-0.13083296,-0.22424138,0.20837004,-0.065217786,6.6828485e-05,-0.0022926324,-0.1308322,0.02892402,0.053469904,-9.797331,20.491117,-15.004488,1.1990674,-0.0039615096,0.062359642,0.081962265,-0.2212981,-182.09717,-348.01538,625.2878,-2065.9194,-182.09717,-348.01538,625.2878,-2065.9194,-1.0,-1.0,1.0,-1.0,0.0,-0.4,0.4,-0.4
16.166666666666668,20.491085,-15.00366,1.9987234,-0.24219202,0.0043327473,0.0011832365,0.97021794,-3.8077123e-06,0.0031026385,0.016111245,0.20106936,-0.31748253,0.17812932,0.0015877226,-0.0026660538,0.016111173,0.091253646,-0.022405287,8.816601,20.491096,-15.004475,1.1987238,-0.0008196227,0.058329828,0.18851319,-0.24178883,628.3111,351.5396,-23.875751,142.07668,628.3111,351.5396,-23.875751,142.07668,1.0,1.0,-1.0,1.0,33.524375915527344,0.4,-0.4,0.4
16.183333333333334,20.491114,-15.003691,1.9969504,-0.24215257,0.0038122449,6.464949e-05,0.9702307,-0.002085535,0.0027910643,-0.14716288,-0.22066933,0.22992006,-0.06526971,0.0020683482,-0.001773941,-0.1471789,0.028837537,0.053526767,-9.797404,20.491072,-15.0044565,1.1969509,0.0030052832,0.05484643,0.22949435,-0.20900397,-52.655807,-393.52298,745.2497,-2023.8861,-52.655807,-393.52298,745.2497,-2023.8861,-1.0,-1.0,1.0,-1.0,0.0,-0.4,0.4,-0.4
16.2,20.491184,-15.003717,1.9963404,-0.24309717,-0.0017199247,-0.00044866814,0.97000027,-0.0036332868,0.0036925236,0.000255632,0.2085214,0.80189407,0.17791766,0.0049444735,-0.0015430457,0.0002684197,0.1725675,0.013853714,8.846839,20.491045,-15.004439,1.1963409,0.009972076,0.05170454,0.41800755,-0.18851323,752.0403,305.47775,86.693825,123.057175,752.0403,305.47775,86.693825,123.057175,1.0,1.0,1.0,1.0,33.524375915527344,0.4,0.4,0.4
16.216666666666665,20.491236,-15.003754,1.9981807,-0.24306223,-0.0047639334,-0.0021599,0.9699966,-0.002382325,0.002877508,0.14712468,-0.21628428,0.2717812,-0.06520593,0.0022523939,-0.0023713703,0.14713575,-0.16152477,-0.049699474,8.812039,20.491024,-15.004416,1.1981812,0.01516302,0.04746982,0.31145665,-0.2540832,142.06874,-51.138577,-918.75116,-14.363873,142.06874,-51.138577,-918.75116,-14.363873,1.0,-1.0,-1.0,-1.0,33.524375915527344,-0.4,-0.4,-0.4
16.233333333333334,20.491262,-15.003803,1.9985864,-0.24400826,-0.0038507099,-0.0010618723,0.9697648,0.00010943948,0.003720567,-0.016587086,0.20609742,-0.2752429,0.17815912,0.001779714,-0.003263975,-0.016588101,-0.02836079,-0.05355628,-9.823431,20.490997,-15.004391,1.1985866,0.018987926,0.04207397,0.22949432,-0.3237511,-491.41986,553.0134,-564.02484,333.09314,-491.41986,553.0134,-564.02484,333.09314,-1.0,1.0,-1.0,1.0,0.0,0.4,-0.4,0.4
16.25,20.491274,-15.003862,2.000152,-0.2439741,-0.0048523745,-0.0022419572,0.96976703,0.00034397084,0.0029706496,0.13080323,-0.21281138,0.29323664,-0.06526188,1.4817271e-05,-0.0036582141,0.13078626,-0.105893806,-0.023654344,8.842462,20.490982,-15.004362,1.200152,0.02090038,0.035790194,0.11474724,-0.37702647,133.11792,-3.3855846,71.10877,-2155.7788,133.11792,-3.3855846,71.10877,-2155.7788,1.0,-1.0,1.0,-1.0,33.524375915527344,-0.4,0.4,-0.4
16.266666666666666,20.491268,-15.003934,2.0002856,-0.24491897,-0.0041203313,-0.0011580873,0.9695341,0.0028450082,0.0037965616,-0.032914005,0.20959309,-0.253815,0.17810728,-0.000456217,-0.004551842,-0.032938007,-0.028262056,-0.053617664,-9.823455,20.490961,-15.004333,1.2002858,0.021993209,0.02855019,0.06556972,-0.43440014,-485.96,565.0084,-657.04974,347.9649,-485.96,565.0084,-657.04974,347.9649,-1.0,1.0,-1.0,1.0,0.0,0.4,-0.4,0.4
16.28333333333333,20.491226,-15.004035,2.001573,-0.24486774,3.165025e-05,0.0044333916,0.9695463,0.0057740025,0.0050658905,0.11396106,0.6346805,-0.7788987,-0.06491379,-0.002916625,-0.006218344,0.11401295,-0.14762448,-0.09999012,8.817058,20.490942,-15.004302,1.2015733,0.020353964,0.01912453,-0.0983547,-0.5655396,155.13844,61.81951,-42.72062,-2090.4421,155.13844,61.81951,-42.72062,-2090.4421,1.0,1.0,-1.0,-1.0,33.524375915527344,0.4,-0.4,-0.4
16.3,20.491184,-15.004129,2.0014327,-0.24284855,0.0023538298,0.0077485777,0.97003037,0.0042590136,0.0028561638,-0.04935477,0.210942,-0.23227778,-0.3086864,-0.0024504894,-0.005323736,-0.04927315,0.027968133,0.053676475,-9.797165,20.490927,-15.004271,1.2014327,0.018441511,0.01010868,-0.11474713,-0.54095095,-523.9698,-916.841,671.2697,-137.31639,-523.9698,-916.841,671.2697,-137.31639,-1.0,-1.0,1.0,-1.0,0.0,-0.4,0.4,-0.4
16.316666666666666,20.491152,-15.004139,2.0024526,-0.24183568,0.000992606,0.0065221237,0.9702948,0.0016045005,-0.0005536994,0.0980532,-0.20846048,0.33530766,-0.06586894,-0.001797122,0.0010240205,0.09804608,0.039202046,0.38086537,8.839153,20.490911,-15.004239,1.2024529,0.017212076,0.007171699,-0.073766105,-0.17621888,151.203,-893.4734,303.00723,486.59125,151.203,-893.4734,303.00723,486.59125,1.0,-1.0,1.0,1.0,33.524375915527344,-0.4,0.4,0.4
16.333333333333332,20.491106,-15.004115,2.0020394,-0.24276619,0.002692066,0.0024147457,0.97007805,0.0015336177,-0.0027591197,-0.06573771,-0.63376313,-0.21591085,0.17686933,-0.002918697,0.0013176423,-0.0657355,-0.0672945,0.017617308,-9.826895,20.490894,-15.004202,1.2020396,0.01516302,0.0062154722,-0.12294334,-0.057373594,-490.67004,-340.02945,-414.17282,339.5797,-490.67004,-340.02945,-414.17282,339.5797,-1.0,-1.0,-1.0,1.0,0.0,-0.4,-0.4,0.4
16.35,20.491089,-15.004079,2.0027866,-0.24271804,0.0016083377,-0.0005349519,0.97009534,-0.0006720584,-0.0024220562,0.081701726,-0.20462832,0.35506505,-0.06592618,-0.0002715534,0.0024321545,0.081703745,0.1588286,0.06687073,8.8463545,20.49088,-15.004169,1.2027867,0.015026417,0.00648868,-0.008196215,0.016392458,216.84099,613.1696,408.716,-3251.2512,216.84099,613.1696,408.716,-3251.2512,1.0,1.0,1.0,-1.0,33.524375915527344,0.4,0.4,-0.4
16.366666666666667,20.491076,-15.004048,2.002102,-0.24366124,0.0018276373,0.00048366562,0.9698585,-0.00037755643,-0.001713379,-0.082008995,0.2179187,-0.19215295,0.17743477,-0.0007484824,0.0015383944,-0.08200992,-0.02861574,-0.053625606,-9.82282,20.490864,-15.004135,1.2021021,0.01516302,0.0062154722,0.008196215,-0.016392458,-408.7602,304.77887,-332.36847,333.70773,-408.7602,304.77887,-332.36847,333.70773,-1.0,1.0,-1.0,1.0,0.0,0.4,-0.4,0.4
16.383333333333333,20.491083,-15.004004,2.0025773,-0.24361825,0.0001301312,-0.0007715866,0.9698708,-0.0020489115,-0.00239681,0.06535941,-0.20132169,0.37643537,-0.0660525,0.00071414816,0.0029868565,0.06536333,0.08775783,0.08690772,8.842395,20.490854,-15.0041,1.2025774,0.016392455,0.006898491,0.07376605,0.040981133,316.93777,-421.29178,322.75024,-1824.0785,316.93777,-421.29178,322.75024,-1824.0785,1.0,-1.0,1.0,-1.0,33.524375915527344,-0.4,0.4,-0.4
16.4,20.491085,-15.003966,2.0016203,-0.24455877,0.00016930237,0.00023255157,0.9696344,-0.0012466284,-0.0017649564,-0.09835146,0.22124562,-0.17080896,0.17730227,0.00023934746,0.0020925691,-0.09835265,-0.02848804,-0.053657237,-9.822959,20.490837,-15.004067,1.2016205,0.017758492,0.0072400006,0.081962265,0.020490566,-329.44098,325.48654,-453.0029,328.64087,-329.44098,325.48654,-453.0029,328.64087,-1.0,1.0,-1.0,1.0,0.0,0.4,-0.4,0.4
16.416666666666668,20.491093,-15.003918,2.0018232,-0.2445155,-0.0017064034,-0.0010418427,0.96964324,-0.0022496714,-0.0024809213,0.04901412,-0.19806042,0.39776546,-0.06618288,0.00066700054,0.0031110821,0.049025264,0.025659183,0.061110776,8.842674,20.490822,-15.004032,1.2018232,0.019397737,0.008196227,0.0983547,0.057373594,414.57532,-391.52048,184.12383,-1845.7029,414.57532,-391.52048,184.12383,-1845.7029,1.0,-1.0,1.0,-1.0,33.524375915527344,-0.4,0.4,-0.4
16.433333333333334,20.491095,-15.003879,2.0005937,-0.2454526,-0.0018470403,-5.2707583e-05,0.96940684,-0.00081208104,-0.0019489268,-0.11469566,0.22452754,-0.14950518,0.17716753,0.00019452073,0.0022162693,-0.114693515,-0.028348787,-0.05368877,-9.823126,20.49081,-15.003999,1.2005936,0.020353964,0.008606038,0.057373565,0.024588646,-228.88426,357.37198,-630.83496,329.24725,-228.88426,357.37198,-630.83496,329.24725,-1.0,1.0,-1.0,1.0,0.0,0.4,-0.4,0.4
16.45,20.491074,-15.00384,2.000518,-0.24540716,0.0027558275,0.00031794864,0.96941614,0.00044521806,-0.0027226685,0.032182362,-0.1982905,-0.6787274,-0.06615911,-0.0015201136,0.0022462576,0.032186322,-0.10287805,0.0017993011,8.81279,20.4908,-15.003962,1.2005184,0.019534342,0.00867434,-0.049177293,0.0040981355,529.3367,-325.32397,-23.105736,-1860.2661,529.3367,-325.32397,-23.105736,-1860.2661,1.0,-1.0,-1.0,-1.0,33.524375915527344,-0.4,-0.4,-0.4
16.466666666666665,20.491062,-15.003807,1.9990145,-0.24340472,0.004651241,0.0018394423,0.9699119,-0.0018728484,-0.0020858059,-0.13101609,0.22639602,-0.12740101,-0.3089062,-0.00039880935,0.0019587514,-0.13103084,0.06727825,-0.017250376,-9.793029,20.490791,-15.003926,1.1990145,0.019397737,0.008537737,-0.008196271,-0.008196215,-187.03789,122.284256,789.7229,-1120.2694,-187.03789,122.284256,789.7229,-1120.2694,-1.0,1.0,1.0,-1.0,0.0,0.4,0.4,-0.4
16.483333333333334,20.491093,-15.003737,1.9986722,-0.24238072,0.0024176305,0.000528515,0.970178,-0.0044255676,-0.0031516016,0.016345672,-0.19276398,0.44016188,-0.06611374,0.0024957948,0.0048985723,0.01632404,0.17367624,0.17638925,8.841292,20.490786,-15.00389,1.1986724,0.021993209,0.010928303,0.15572827,0.14343397,612.8201,-633.43024,432.32654,438.55807,612.8201,-633.43024,432.32654,438.55807,1.0,-1.0,1.0,1.0,33.524375915527344,-0.4,0.4,0.4
16.5,20.491127,-15.003666,1.996898,-0.24332282,0.0019276564,0.0014719579,0.9699423,-0.0043254723,-0.0028608916,-0.14736396,0.22993399,-0.10724193,0.1772242,0.0020173457,0.0040047662,-0.14738698,-0.028706942,-0.053628363,-9.822661,20.490778,-15.003852,1.1968983,0.024998493,0.013318869,0.18031707,0.14343397,-6.9995594,80.34824,-324.04193,300.6139,-6.9995594,80.34824,-324.04193,300.6139,-1.0,1.0,-1.0,1.0,0.0,0.4,-0.4,0.4
16.516666666666666,20.491179,-15.003572,1.9962837,-0.24328132,-0.0004811334,0.00013942509,0.9699556,-0.005742964,-0.003786934,-1.8394652e-05,-0.18964654,0.46140406,-0.066244006,0.0032759549,0.006049027,-1.5334797e-05,0.075516544,0.12265565,8.8422985,20.490774,-15.003816,1.1962837,0.028960003,0.017416982,0.23769052,0.24588674,750.63983,-620.1927,280.0298,-1718.7816,750.63983,-620.1927,280.0298,-1718.7816,1.0,-1.0,1.0,-1.0,33.524375915527344,-0.4,0.4,-0.4
16.53333333333333,20.49122,-15.003482,1.9981203,-0.24421881,-0.0012815972,0.0010534079,0.96971875,-0.004674037,-0.0030127252,0.14692819,0.23599824,-0.065046765,0.17708722,0.0022487163,0.0050754026,0.14692856,-0.06163431,-0.058417477,8.816633,20.49077,-15.003775,1.1981206,0.0322385,0.020968681,0.19670974,0.21310194,151.77852,128.85736,-570.30237,296.66946,151.77852,128.85736,-570.30237,296.66946,1.0,1.0,-1.0,1.0,33.524375915527344,0.4,-0.4,0.4
16.55,20.491259,-15.003387,1.9985278,-0.24417742,-0.003619308,-0.00023246092,0.9697237,-0.005031063,-0.0039905813,-0.016405297,-0.1867513,0.4345934,-0.06636437,0.0026544721,0.005933666,-0.016374234,0.024345348,0.051495813,-9.798167,20.490765,-15.003737,1.198528,0.035380382,0.025066795,0.18851301,0.2458868,-498.64673,-537.36847,0.9125521,-1090.0715,-498.64673,-537.36847,0.9125521,-1090.0715,-1.0,-1.0,0.9125521,-1.0,0.0,-0.4,0.36502084,-0.4
16.566666666666666,20.49127,-15.003308,2.0000916,-0.24511032,-0.0042099636,0.0007621645,0.96948564,-0.0028086882,-0.0033957264,0.130551,0.23891261,-0.09187861,0.17697889,-0.00025720205,0.004246079,0.13055608,-0.17470044,-0.10125523,8.815818,20.49077,-15.0036955,1.2000918,0.035790194,0.02773057,0.024588702,0.15982646,156.2943,222.11581,-781.21234,292.7823,156.2943,222.11581,-781.21234,292.7823,1.0,1.0,-1.0,1.0,33.524375915527344,0.4,-0.4,0.4
16.583333333333332,20.491255,-15.003239,2.0002203,-0.24506178,2.8410668e-05,0.0011433885,0.9695068,-0.0009024278,-0.004498034,-0.0332184,-0.18683636,-0.6419665,-0.066338226,-0.0013265453,0.004312466,-0.033228777,-0.064160585,0.00398322,-9.827091,20.490776,-15.003655,1.2002207,0.034287553,0.029847927,-0.090158425,0.12704147,-489.62027,-434.6272,-279.34235,-1252.3362,-489.62027,-434.6272,-279.34235,-1252.3362,-1.0,-1.0,-1.0,-1.0,0.0,-0.4,-0.4,-0.4
16.6,20.491247,-15.0031595,2.0015097,-0.24305403,0.0014718572,0.0026611846,0.97000796,-0.0019410382,-0.0038850717,0.11424452,0.24072903,-0.06985854,-0.30909404,5.8169062e-05,0.0050127893,0.11421708,0.083082855,0.0420194,8.846751,20.490778,-15.003612,1.2015102,0.033604536,0.0323751,-0.04098102,0.1516304,139.72678,21.983324,617.9132,-1231.9312,139.72678,21.983324,617.9132,-1231.9312,1.0,1.0,1.0,-1.0,33.524375915527344,0.4,0.4,-0.4
16.616666666666667,20.491251,-15.003061,2.0013723,-0.2420338,-0.0011257007,0.0013615529,0.97026616,-0.003230886,-0.005340452,-0.049059,-0.18131357,0.47670645,-0.06629776,0.00048358866,0.0061293286,-0.049070787,0.025525175,0.06699236,-9.797272,20.490782,-15.003567,1.2013726,0.033604536,0.036200006,0.0,0.22949426,-429.65265,-718.3968,122.043594,571.3582,-429.65265,-718.3968,122.043594,571.3582,-1.0,-1.0,1.0,1.0,0.0,-0.4,0.4,0.4
16.633333333333333,20.491241,-15.002964,2.0023913,-0.24297105,-0.002063515,0.0023146523,0.9700286,-0.0019954822,-0.005146968,0.09789669,0.24444759,-0.04990253,0.1770395,-0.0011682842,0.005821301,0.09787227,-0.09911237,-0.018481648,8.816584,20.490791,-15.003522,1.202392,0.0322385,0.03995661,-0.081962265,0.22539629,202.26949,11.367994,-722.4786,298.13107,202.26949,11.367994,-722.4786,298.13107,1.0,1.0,-1.0,1.0,33.524375915527344,0.4,-0.4,0.4
16.65,20.49121,-15.002865,2.001975,-0.24291633,0.0018248222,0.0026462213,0.9700419,-0.001120876,-0.006530715,-0.06587846,-0.18129218,-0.5998966,-0.06626776,-0.0022377954,0.005891507,-0.06591024,-0.064170666,0.0042123534,-9.82695,20.490803,-15.003474,1.2019755,0.02923321,0.043644913,-0.1803173,0.2212981,-445.79895,-687.146,-236.62038,-1124.5919,-445.79895,-687.146,-236.62038,-1124.5919,-1.0,-1.0,-1.0,-1.0,0.0,-0.4,-0.4,-0.4
16.666666666666668,20.491194,-15.002733,2.002719,-0.24089026,0.0042214994,-0.0010119042,0.97054267,-0.0030054217,-0.007995455,0.08145199,-0.6017023,-0.030459166,-0.30938423,-0.00037484753,0.008478515,0.08145773,0.111776866,0.15522046,8.842077,20.490812,-15.003424,1.2027196,0.02732076,0.049450576,-0.11474702,0.3483398,223.32474,-236.4578,682.07806,-1106.8359,223.32474,-236.4578,682.07806,-1106.8359,1.0,-1.0,1.0,-1.0,33.524375915527344,-0.4,0.4,-0.4
16.683333333333334,20.491203,-15.002594,2.002036,-0.23984711,0.0016822162,-0.004056905,0.9708007,-0.0046384754,-0.006396504,-0.08181231,-0.1753527,0.52204305,-0.06613081,0.0006996646,0.008398908,-0.08175973,0.06447072,-0.004776399,-9.793047,20.490826,-15.003374,1.2020367,0.02704755,0.055870958,-0.016392542,0.38522285,-404.6114,658.712,292.3027,633.42065,-404.6114,658.712,292.3027,633.42065,-1.0,1.0,1.0,1.0,0.0,0.4,0.4,0.4
16.7,20.491228,-15.002495,2.00251,-0.24078429,0.00036294878,-0.0031453099,0.9705735,-0.0038480666,-0.0041655907,0.06514275,0.2505393,-0.0047046393,0.17719147,0.0015994544,0.0050947326,0.06517072,0.053987388,-0.19825052,8.815827,20.49084,-15.003318,1.2025107,0.02773057,0.058944546,0.040981133,0.18441527,345.82632,404.1955,-589.07074,289.15268,345.82632,404.1955,-589.07074,289.15268,1.0,1.0,-1.0,1.0,33.524375915527344,0.4,-0.4,0.4
16.716666666666665,20.49124,-15.002408,2.001549,-0.24074975,0.0038741718,-0.002864123,0.9705752,-0.0034902864,-0.0035936846,-0.09861417,-0.175202,-0.5546084,-0.06610551,0.00052861264,0.005172551,-0.098604344,-0.06425051,0.0046691108,-9.826503,20.490854,-15.00326,1.2015498,0.027593967,0.060993604,-0.008196159,0.12294351,-331.27075,-169.91547,-8.229239,-811.2044,-331.27075,-169.91547,-8.229239,-811.2044,-1.0,-1.0,-1.0,-1.0,0.0,-0.4,-0.4,-0.4
16.733333333333334,20.4913,-15.002339,2.0017483,-0.23875076,0.004604845,-0.0014254737,0.9710689,-0.005701486,-0.0014316081,0.048855856,0.25235385,0.017159522,-0.30889174,0.004857639,0.003884342,0.04881359,0.25974154,-0.07729254,8.845076,20.49087,-15.003199,1.201749,0.030872455,0.06154002,0.19670929,0.03278486,415.32367,304.58673,771.8164,-792.6481,415.32367,304.58673,771.8164,-792.6481,1.0,1.0,1.0,-1.0,33.524375915527344,0.4,0.4,-0.4
16.75,20.49139,-15.002263,2.0005207,-0.2377165,0.0012778596,-0.0027882531,0.9713296,-0.007135503,-0.0012960201,-0.114471,-0.16958553,0.5638,-0.06607377,0.005294629,0.004995272,-0.1144693,0.026219402,0.0666558,-9.796972,20.490889,-15.003138,1.2005217,0.0359268,0.06263285,0.3032607,0.065569945,-198.9046,-429.71194,391.74878,525.67426,-198.9046,-429.71194,391.74878,525.67426,-1.0,-1.0,1.0,1.0,0.0,-0.4,0.4,0.4
16.766666666666666,20.491486,-15.002211,2.0004497,-0.23865445,-0.0003870985,-0.0019083649,0.9711026,-0.0062013427,0.0003844127,0.032460015,0.25640202,0.036914572,0.1772503,0.005678279,0.0024074824,0.032468725,0.023018995,-0.15526737,8.816281,20.49091,-15.00307,1.2004505,0.041254345,0.06154002,0.31965268,-0.065569945,526.25867,362.13333,-531.0461,266.37476,526.25867,362.13333,-531.0461,266.37476,1.0,1.0,-1.0,1.0,33.524375915527344,0.4,-0.4,0.4
16.78333333333333,20.491585,-15.00216,1.9989499,-0.23860395,-0.0038896862,-0.0032932148,0.9711035,-0.005792761,0.0005289861,-0.13086388,-0.16677594,0.584805,-0.066167116,0.00616112,0.0032955096,-0.13080661,0.028970454,0.05328163,-9.796519,20.490929,-15.003002,1.1989505,0.04699171,0.060310584,0.34424183,-0.073766105,-133.22916,-241.60262,16.299057,-829.6078,-133.22916,-241.60262,16.299057,-829.6078,-1.0,-1.0,1.0,-1.0,0.0,-0.4,0.4,-0.4
16.8,20.491653,-15.002151,1.9986062,-0.2395329,-0.005731305,-0.0024285966,0.97086823,-0.0029605574,0.0018939755,0.016078534,0.25923127,0.057865143,0.1771674,0.0033413665,-0.00041968154,0.016109947,-0.16918519,-0.22291145,8.814993,20.490952,-15.002929,1.198607,0.0502702,0.055734355,0.1967094,-0.27457368,637.9073,438.69498,-882.02484,270.4301,637.9073,438.69498,-882.02484,270.4301,1.0,1.0,-1.0,1.0,33.524375915527344,0.4,-0.4,0.4
16.816666666666666,20.491661,-15.002194,2.0007112,-0.23946716,-0.004163213,0.0029195866,0.97089106,0.0007438054,0.0039731846,0.16302016,0.68432784,-0.46809298,-0.06566077,-0.00035687935,-0.0032641722,0.16303721,-0.22189474,-0.17066942,8.815636,20.490978,-15.00285,1.2007118,0.048904162,0.046923406,-0.081962265,-0.5286569,9.450064,10.172529,-510.6356,-927.01666,9.450064,10.172529,-510.6356,-927.01666,1.0,1.0,-1.0,-1.0,33.524375915527344,0.4,-0.4,-0.4
16.833333333333332,20.491661,-15.002235,2.0013874,-0.24039172,-0.0044259275,0.006008085,0.9706473,0.00093589135,0.0019293402,-0.000267766,0.26151887,0.079452515,0.17666823,7.5651136e-05,-0.0021455714,-0.00024646573,0.025951827,0.067116044,-9.79702,20.491009,-15.002769,1.2013879,0.0467185,0.038249064,-0.13113967,-0.5204605,-594.0509,-915.39087,129.1449,101.14938,-594.0509,-915.39087,129.1449,101.14938,-1.0,-1.0,1.0,1.0,0.0,-0.4,0.4,0.4
16.85,20.491648,-15.002269,1.999336,-0.24032858,-0.001618532,0.0062067006,0.9706704,0.0018683902,-0.0007349235,-0.16404204,-0.16428867,-0.470343,-0.06660628,-0.0009905973,-0.0020707587,-0.16403826,-0.0639749,0.00448876,-9.827507,20.491037,-15.002688,1.1993363,0.043713216,0.030052833,-0.18031707,-0.4917738,-32.271595,-808.0146,-524.1445,-1011.2972,-32.271595,-808.0146,-524.1445,-1011.2972,-1.0,-1.0,-1.0,-1.0,0.0,-0.4,-0.4,-0.4
16.866666666666667,20.491613,-15.00225,1.9984437,-0.23831457,-0.0003203771,0.0024125543,0.97118497,0.00077873934,-0.0029252293,-0.016671194,-0.58478576,0.0990797,-0.30983192,-0.0020148093,0.0021568723,-0.01668474,-0.061452717,0.25365785,8.84121,20.49107,-15.002607,1.198444,0.03893208,0.025613211,-0.28686804,-0.2663773,741.1719,-350.82666,318.2487,-1042.1401,741.1719,-350.82666,318.2487,-1042.1401,1.0,-1.0,1.0,-1.0,33.524375915527344,-0.4,0.4,-0.4
16.883333333333333,20.491571,-15.002207,2.0000024,-0.23728032,0.002585377,0.0008505312,0.97143734,0.0019278701,-0.0032860409,0.13025929,-0.15859656,-0.42563868,-0.06625383,-0.002623934,0.0024023321,0.13026643,-0.036547486,0.01472759,8.81707,20.491106,-15.0025215,1.2000028,0.033331327,0.022539625,-0.33604524,-0.18441516,173.61754,513.1373,-258.22192,671.1314,173.61754,513.1373,-258.22192,671.1314,1.0,1.0,-1.0,1.0,33.524375915527344,0.4,-0.4,0.4
16.9,20.491537,-15.002168,2.0001335,-0.23822454,0.0023722516,0.0021710207,0.9712047,0.00011848938,-0.002877131,-0.03294627,0.26690176,0.12480417,0.1769949,-0.0015541371,0.0023195455,-0.0329538,0.06418782,-0.004967199,-9.793213,20.49114,-15.002438,1.2001339,0.028413588,0.019329436,-0.29506433,-0.19261132,-571.2815,116.91101,547.16516,34.321434,-571.2815,116.91101,547.16516,34.321434,-1.0,1.0,1.0,1.0,0.0,0.4,0.4,0.4
16.916666666666668,20.491514,-15.002105,2.00142,-0.2381733,0.0046708533,0.0023031877,0.9712087,0.00032912684,-0.004157424,0.11393318,-0.15603289,-0.40401092,-0.06625478,-0.0013065295,0.004296654,0.113921,0.014856455,0.1186265,8.812488,20.49118,-15.002353,1.2014202,0.023905663,0.017758492,-0.2704755,-0.09425662,159.64034,-647.4993,-121.583244,-571.99084,159.64034,-647.4993,-121.583244,-571.99084,1.0,-1.0,-1.0,-1.0,33.524375915527344,-0.4,-0.4,-0.4
16.933333333333334,20.491497,-15.002018,2.0012774,-0.23908834,0.005555921,-0.0015429663,0.9709807,-0.0022394052,-0.0049175657,-0.049376182,-0.578559,0.14364442,0.17653026,-0.000869068,0.0054119006,-0.049367607,0.026247688,0.0669148,-9.797316,20.491219,-15.002266,1.2012777,0.019944152,0.017758492,-0.23769064,0.0,-564.092,-138.27791,701.33545,32.049107,-564.092,-138.27791,701.33545,32.049107,-1.0,-1.0,1.0,1.0,0.0,-0.4,0.4,0.4
16.95,20.491545,-15.001938,2.0022974,-0.23901547,0.001450207,-0.004766275,0.971003,-0.0052464735,-0.0030478318,0.09803096,-0.1507194,0.7135511,-0.0666172,0.0037317793,0.0042953547,0.0980536,0.2760508,-0.06699275,8.845272,20.491264,-15.002177,1.2022978,0.020080756,0.017143775,0.008196271,-0.036883052,168.63652,752.58984,223.73044,-1718.4552,168.63652,752.58984,223.73044,-1718.4552,1.0,1.0,1.0,-1.0,33.524375915527344,0.4,0.4,-0.4
16.966666666666665,20.491598,-15.001878,2.0018857,-0.23993981,-0.0013349195,-0.0040187407,0.97077847,-0.0041619404,-0.001032141,-0.06569196,0.2725536,0.16556627,0.1767078,0.003245444,0.0034067405,-0.0656634,-0.029180113,-0.05331685,-9.82302,20.491304,-15.002092,1.2018859,0.021036983,0.015367926,0.057373565,-0.10655092,-390.34354,465.40704,-709.75195,438.759,-390.34354,465.40704,-709.75195,438.759,-1.0,1.0,-1.0,1.0,0.0,0.4,-0.4,0.4
16.983333333333334,20.491642,-15.001863,2.0026276,-0.23989265,-0.0006658598,0.00122236,0.9707984,-0.0023059195,0.0011743293,0.08127417,0.69761753,-0.36055332,-0.06604233,0.0024347461,0.00020180496,0.08127864,-0.04864187,-0.19229612,8.816522,20.491348,-15.002003,1.2026278,0.021036983,0.010040378,0.0,-0.31965286,275.92783,13.984945,-322.6075,-488.3098,275.92783,13.984945,-322.6075,-488.3098,1.0,1.0,-1.0,-1.0,33.524375915527344,0.4,-0.4,-0.4
17.0,20.491688,-15.001848,2.0019412,-0.24082762,-0.0018278721,0.0041990713,0.9705571,-0.0030271164,-0.0005677189,-0.08200925,0.2746071,0.18700671,0.17637005,0.0028674197,0.0013207443,-0.08200632,0.025960416,0.06713636,-9.797097,20.491392,-15.001918,1.2019413,0.021173587,0.004986038,0.008196271,-0.3032604,-369.685,-936.5079,307.53146,80.592674,-369.685,-936.5079,307.53146,80.592674,-1.0,-1.0,1.0,1.0,0.0,-0.4,0.4,0.4
17.016666666666666,20.491703,-15.001797,2.00241,-0.24077116,-4.781378e-05,0.004273687,0.9705725,-0.0017534853,-0.0028660782,0.06488217,-0.14844099,-0.34181,-0.06685073,7.111377e-05,0.0038899651,0.06485251,-0.16777836,0.15415324,8.81153,20.49144,-15.001832,1.2024102,0.018851323,0.00252717,-0.13933583,-0.14753206,321.93146,-793.25055,-424.8768,-688.4438,321.93146,-793.25055,-424.8768,-688.4438,1.0,-1.0,-1.0,-1.0,33.524375915527344,-0.4,-0.4,-0.4
17.03333333333333,20.49171,-15.001717,2.0014496,-0.23875372,0.00031598812,0.00036694502,0.97108,-0.0027886163,-0.0040366035,-0.09842864,-0.57174057,0.20670652,-0.3101222,0.00055577,0.0047844797,-0.09843306,0.029079374,0.053670872,-9.797134,20.491486,-15.0017395,1.2014493,0.016119247,0.0016392454,-0.16392453,-0.053275477,-411.63422,-292.14975,343.92337,-16.116058,-411.63422,-292.14975,343.92337,-16.116058,-1.0,-1.0,1.0,-1.0,0.0,-0.4,0.4,-0.4
17.05,20.491713,-15.001649,2.001646,-0.23772052,0.0023284105,-0.0012973875,0.97132987,-0.002035483,-0.0032938132,0.048512846,-0.14496285,-0.31826967,-0.06663861,0.00053367246,0.0037929825,0.04851615,-0.0013258528,-0.059489828,8.816953,20.491528,-15.001652,1.2016462,0.013250567,0.00020490568,-0.17212081,-0.08606038,445.54395,555.50745,-278.38223,645.9189,445.54395,555.50745,-278.38223,645.9189,1.0,1.0,-1.0,1.0,33.524375915527344,0.4,-0.4,0.4
17.066666666666666,20.491732,-15.001586,2.000414,-0.2386603,0.0012182401,-7.8303e-05,0.9711023,-0.0034075645,-0.0024607084,-0.11469901,0.2804327,0.23190007,0.17660221,0.0016030956,0.0037106378,-0.1147048,0.064165376,-0.0049406844,-9.793257,20.491573,-15.001563,1.200414,0.011338114,-0.0016392454,-0.11474719,-0.11064906,-297.58536,262.12546,508.27136,52.511276,-297.58536,262.12546,508.27136,52.511276,-1.0,1.0,1.0,1.0,0.0,0.4,0.4,0.4
17.083333333333332,20.491753,-15.001519,2.0003386,-0.23861232,0.0026234912,-5.0109942e-05,0.97111136,-0.0028983834,-0.0030084415,0.032186043,-0.14261645,-0.29683045,-0.06661346,0.0013388442,0.0040462525,0.03217496,-0.015855081,0.020136878,8.812785,20.491617,-15.001472,1.2003386,0.009698869,-0.0033467927,-0.0983547,-0.10245283,532.3469,-452.3462,-267.72348,-365.1851,532.3469,-452.3462,-267.72348,-365.1851,1.0,-1.0,-1.0,-1.0,33.524375915527344,-0.4,-0.4,-0.4
17.1,20.491785,-15.001454,1.9988344,-0.23955351,0.0013356081,0.0011442266,0.9708815,-0.0043887235,-0.0025985446,-0.13102846,0.28277218,0.25330004,0.17662574,0.0024082859,0.003966761,-0.13104555,0.06416649,-0.004769498,-9.79323,20.491665,-15.001386,1.1988345,0.008606038,-0.004917736,-0.06556983,-0.0942566,-188.03041,111.73488,540.96674,37.391953,-188.03041,111.73488,540.96674,37.391953,-1.0,1.0,1.0,1.0,0.0,0.4,0.4,0.4
17.116666666666667,20.491821,-15.001374,1.9984864,-0.23950458,0.0025624365,0.001149787,0.9708912,-0.004046209,-0.0035498957,0.015858406,-0.14031824,-0.2754175,-0.06658434,0.0020011717,0.0050792256,0.015832227,-0.024426848,0.06674789,8.812666,20.491714,-15.001298,1.1984864,0.007649812,-0.0054641515,-0.057373565,-0.032784916,643.0565,-598.65894,-269.19067,-370.56335,643.0565,-598.65894,-269.19067,-370.56335,1.0,-1.0,-1.0,-1.0,33.524375915527344,-0.4,-0.4,-0.4
17.133333333333333,20.491861,-15.001276,1.9967093,-0.24042667,0.0023804475,-0.0028236182,0.9706602,-0.0055258605,-0.0033652498,-0.14745961,-0.56305367,0.27223432,0.17614256,0.0024346295,0.006194903,-0.14745133,0.026007466,0.06694064,-9.797013,20.491766,-15.00121,1.1967095,0.0068301894,-0.0047128308,-0.04917735,0.045079242,-56.598476,-55.094296,524.92065,23.145061,-56.598476,-55.094296,524.92065,23.145061,-1.0,-1.0,1.0,1.0,0.0,-0.4,0.4,0.4
17.15,20.491924,-15.001208,1.9960885,-0.24037635,0.003871773,-0.0045484523,0.9706613,-0.005221941,-0.00092626875,-0.0005009748,-0.13758156,-0.25564843,-0.06674925,0.00418126,0.003259675,-0.0005188673,0.10479781,-0.17611367,8.815947,20.491817,-15.001122,1.1960886,0.007649812,-0.0061471704,0.04917735,-0.086060375,769.1422,779.9324,-93.917564,-1580.0276,769.1422,779.9324,-93.917564,-1580.0276,1.0,1.0,-1.0,-1.0,33.524375915527344,0.4,-0.4,-0.4
17.166666666666668,20.492054,-15.001183,1.9979227,-0.24131091,0.0021043937,-0.0034132744,0.97043955,-0.007488019,0.0018977548,0.14693174,0.29070133,0.31523094,0.17648865,0.008346848,0.001006308,0.14689428,0.2499353,-0.13520202,8.844789,20.491875,-15.001036,1.1979226,0.012840756,-0.010518491,0.31145665,-0.26227924,120.251884,562.3635,622.0233,35.382637,120.251884,562.3635,622.0233,35.382637,1.0,1.0,1.0,1.0,33.524375915527344,0.4,0.4,0.4
17.183333333333334,20.492184,-15.001167,1.998324,-0.24126518,0.0029459498,-0.0034527383,0.9704486,-0.0070053535,0.0025869654,-0.01683261,-0.13538346,-0.23430282,-0.06672579,0.0072767437,0.0010836854,-0.016881315,-0.06420627,0.004642645,-9.826535,20.49193,-15.000951,1.1983243,0.018168304,-0.01550453,0.31965286,-0.2991623,-455.04877,-92.79905,-36.906574,-101.980644,-455.04877,-92.79905,-36.906574,-101.980644,-1.0,-1.0,-1.0,-1.0,0.0,-0.4,-0.4,-0.4
17.2,20.492348,-15.001171,1.9998857,-0.24219918,0.0010019297,-0.0023431955,0.9702232,-0.00900806,0.004906236,0.13057739,0.29288897,0.33653197,0.1765186,0.01065907,-0.0006273189,0.13054372,0.20293956,-0.10266026,8.845502,20.491982,-15.000864,1.1998861,0.026227929,-0.021993209,0.48357743,-0.3893207,115.92788,495.46576,660.84796,12.024541,115.92788,495.46576,660.84796,12.024541,1.0,1.0,1.0,1.0,33.524375915527344,0.4,0.4,0.4
17.216666666666665,20.492512,-15.001182,2.0000143,-0.2421527,0.0016667162,-0.0024075876,0.9702337,-0.008274134,0.0051757763,-0.033189893,-0.13323516,-0.21299568,-0.066704296,0.0095896935,-0.0005524593,-0.033234794,-0.064162575,0.004491575,-9.826711,20.492033,-15.000777,1.2000145,0.034287553,-0.028960003,0.48357743,-0.4180076,-457.76984,-164.22829,-69.98527,-108.989456,-457.76984,-164.22829,-69.98527,-108.989456,-1.0,-1.0,-1.0,-1.0,0.0,-0.4,-0.4,-0.4
17.233333333333334,20.492702,-15.001211,2.0013032,-0.240139,-0.00044600066,-0.0013206208,0.9707375,-0.00985332,0.007140195,0.114202544,0.29461324,0.35777128,-0.3094308,0.012019382,-0.002040098,0.1142001,0.1457813,-0.08925831,8.846093,20.492085,-15.000694,1.2013036,0.04425963,-0.03701963,0.5983246,-0.48357755,130.53506,428.68152,648.73444,-4.021457,130.53506,428.68152,648.73444,-4.021457,1.0,1.0,1.0,-1.0,33.524375915527344,0.4,0.4,-0.4
17.25,20.49289,-15.001242,2.0011597,-0.2391116,5.1643325e-05,-0.0013985884,0.970991,-0.008820753,0.006737122,-0.049568463,-0.12939323,-0.19316748,-0.06641063,0.010902375,-0.0017373862,-0.049581718,-0.06702041,0.018162703,-9.826909,20.49214,-15.00061,1.2011603,0.053685293,-0.045215856,0.5655397,-0.4917736,-378.45563,-265.8975,-68.85954,623.38983,-378.45563,-265.8975,-68.85954,623.38983,-1.0,-1.0,-1.0,1.0,0.0,-0.4,-0.4,0.4
17.266666666666666,20.493088,-15.001285,2.0021763,-0.23709747,-0.0022267974,-0.0003168706,0.9714832,-0.009880357,0.0081596095,0.097814165,0.2984144,0.37745082,-0.30912676,0.012119825,-0.0028541316,0.097861,0.073047,-0.06700472,8.846562,20.492197,-15.000528,1.202177,0.06379398,-0.054163408,0.6065212,-0.536853,165.3984,360.288,573.56854,-8.16546,165.3984,360.288,573.56854,-8.16546,1.0,1.0,1.0,-1.0,33.524375915527344,0.4,0.4,-0.4
17.28333333333333,20.49327,-15.0013275,2.00176,-0.23607117,-0.0018982037,-0.00040541508,0.97173375,-0.0083558615,0.0073037483,-0.06595885,-0.12545547,-0.17341712,-0.06610522,0.011006118,-0.002544963,-0.065925136,-0.06682243,0.018550115,-9.827168,20.492252,-15.000448,1.201761,0.072946444,-0.062974356,0.54914784,-0.5286569,-356.26987,-318.40958,-214.8858,634.22107,-356.26987,-318.40958,-214.8858,634.22107,-1.0,-1.0,-1.0,1.0,0.0,-0.4,-0.4,0.4
17.3,20.493458,-15.001382,2.0025048,-0.23405683,-0.0043417667,0.00067224837,0.972213,-0.008761454,0.008167048,0.08142529,0.30231208,0.39704698,-0.30881312,0.010804964,-0.0033438322,0.081520624,-0.012069213,-0.047932148,8.8467455,20.492323,-15.000374,1.2025064,0.08127928,-0.07219512,0.49997,-0.5532458,223.21158,292.67322,399.14343,-3.8720603,223.21158,292.67322,399.14343,-3.8720603,1.0,1.0,1.0,-1.0,33.524375915527344,0.4,0.4,-0.4
17.316666666666666,20.493624,-15.001431,2.0018163,-0.23303278,-0.0041815364,0.0005746432,0.9724596,-0.006621849,0.006841048,-0.0823464,-0.12142295,-0.15374881,-0.06578622,0.009694723,-0.0030283455,-0.08227041,-0.06661445,0.0189292,-9.827461,20.49239,-15.000298,1.2018181,0.08838268,-0.08121098,0.42620432,-0.54095143,-312.2678,-353.8533,-422.24246,652.4722,-312.2678,-353.8533,-422.24246,652.4722,-1.0,-1.0,-1.0,1.0,0.0,-0.4,-0.4,0.4
17.333333333333332,20.49376,-15.001485,2.0022883,-0.2339715,-0.0067893662,0.0016640958,0.9722183,-0.0062635923,0.0069406773,0.06505478,0.30661112,0.41661173,0.1774862,0.00782522,-0.0033272011,0.06517074,-0.1121702,-0.017931335,8.846469,20.492458,-15.000228,1.2022903,0.09316382,-0.09002193,0.28686804,-0.5286571,304.30554,234.61525,131.99228,10.472531,304.30554,234.61525,131.99228,10.472531,1.0,1.0,1.0,1.0,33.524375915527344,0.4,0.4,0.4
17.35,20.493876,-15.001541,2.001327,-0.23393285,-0.0068020686,0.001548217,0.97222763,-0.0033178432,0.0053462344,-0.098709084,-0.119488746,-0.13263673,-0.06569735,0.0067632017,-0.0032348246,-0.098624885,-0.0637211,0.005542589,-9.827737,20.492533,-15.000164,1.2013295,0.096169114,-0.09862798,0.18031774,-0.5163627,-324.8995,-344.71594,-755.5149,-103.96506,-324.8995,-344.71594,-755.5149,-103.96506,-1.0,-1.0,-1.0,-1.0,0.0,-0.4,-0.4,-0.4
17.366666666666667,20.49393,-15.001603,2.0015197,-0.23485956,-0.0029142299,0.0042069308,0.97201574,-0.00038174214,0.004823858,0.04825521,0.30710757,-0.65962,0.17764473,0.0021732165,-0.0037886316,0.048300147,-0.2753991,-0.03322842,8.815501,20.492619,-15.000104,1.2015224,0.09398344,-0.10737064,-0.13114034,-0.52455956,404.01837,193.45801,-233.71802,29.508842,404.01837,193.45801,-233.71802,29.508842,1.0,1.0,-1.0,1.0,33.524375915527344,0.4,-0.4,0.4
17.383333333333333,20.493979,-15.001653,2.0002832,-0.23480783,-0.000887785,0.0046142726,0.9720304,-0.0010974053,0.002717744,-0.115017846,-0.11549823,-0.11079511,-0.06605572,0.0026647158,-0.0029007974,-0.11498774,0.029489951,0.053270053,-9.797272,20.492706,-15.000046,1.2002863,0.09111477,-0.11508877,-0.17212047,-0.46308783,-262.7795,-624.5981,565.43427,-3027.2249,-262.7795,-624.5981,565.43427,-3027.2249,-1.0,-1.0,1.0,-1.0,0.0,-0.4,0.4,-0.4
17.4,20.494013,-15.001657,2.0002089,-0.23575899,-0.0025975022,0.00050896464,0.97180796,-0.0020377901,0.0004472821,0.032367144,-0.5357905,0.45765376,0.17658867,0.0018450125,0.00052858813,0.03237748,-0.04918219,0.20576313,8.841912,20.4928,-14.999997,1.2002113,0.08688004,-0.11884537,-0.2540834,-0.22539629,482.11407,-259.22757,106.30479,44.130154,482.11407,-259.22757,106.30479,44.130154,1.0,-1.0,1.0,1.0,33.524375915527344,-0.4,0.4,0.4
17.416666666666668,20.49404,-15.001662,1.9987023,-0.2357179,-0.00253739,-0.0013539006,0.97181726,-0.00024575868,0.0013494877,-0.13133988,-0.113189526,-0.091314256,-0.06642261,0.0014006271,-0.00058419706,-0.13133827,-0.026663126,-0.06676711,-9.822945,20.492893,-14.999952,1.198705,0.0820989,-0.12246539,-0.28686848,-0.2172008,-130.11469,577.87195,-748.87244,-750.36206,-130.11469,577.87195,-748.87244,-750.36206,-1.0,1.0,-1.0,-1.0,0.0,0.4,-0.4,-0.4
17.433333333333334,20.494038,-15.001697,1.99835,-0.23665768,0.000995573,0.0012779637,0.9715917,0.0012066214,0.0020576098,0.015601913,0.31346285,-0.6183343,0.17693247,-0.00010447791,-0.0023359118,0.015609036,-0.09030629,-0.10510289,8.816838,20.492989,-14.999915,1.1983526,0.0751321,-0.12758805,-0.41800794,-0.30735967,650.4819,403.6718,-97.80212,76.21641,650.4819,403.6718,-97.80212,76.21641,1.0,1.0,-1.0,1.0,33.524375915527344,0.4,-0.4,0.4
17.45,20.494041,-15.001724,1.9965692,-0.23660691,0.0026744995,0.0016584231,0.9716003,-0.0005609112,0.001173013,-0.14768215,-0.10926711,-0.06952439,-0.06675638,0.00038581478,-0.0014466177,-0.14768028,0.02941756,0.05335765,-9.7973585,20.493088,-14.999879,1.196572,0.06830191,-0.13216428,-0.40981156,-0.27457413,-30.460724,-452.87766,731.6546,-2701.8596,-30.460724,-452.87766,731.6546,-2701.8596,-1.0,-1.0,1.0,-1.0,0.0,-0.4,0.4,-0.4
17.466666666666665,20.494068,-15.001721,1.9959497,-0.23753181,0.00062355143,-0.0024837248,0.97137636,-0.0022632796,0.0004463707,-0.0003058721,-0.5295769,0.49890175,0.17586772,0.0022131351,0.0006498224,-0.0003082254,0.10963921,0.12578641,8.842322,20.493189,-14.999855,1.1959525,0.062974356,-0.13366692,-0.31965312,-0.09015798,759.5257,-4.849617,299.42422,65.88783,759.5257,-4.849617,299.42422,65.88783,1.0,-1.0,1.0,1.0,33.524375915527344,-0.4,0.4,0.4
17.483333333333334,20.494106,-15.001746,1.9977813,-0.23747627,0.00021122684,-0.004391337,0.9713834,-0.001331765,0.0020225672,0.146648,-0.10413997,-0.029372178,-0.067167,0.0024807246,-0.0024163297,0.14662711,0.016055368,-0.18396911,8.81612,20.493298,-14.999842,1.1977841,0.057920013,-0.13639902,-0.3032606,-0.16392587,148.10208,740.77795,-484.0488,-493.70428,148.10208,740.77795,-484.0488,-493.70428,1.0,1.0,-1.0,-1.0,33.524375915527344,0.4,-0.4,-0.4
17.5,20.49416,-15.001787,1.9981848,-0.23839372,-0.0033162097,-0.0034101866,0.9711569,-0.0018511498,0.0039420878,-0.016584214,0.32102174,0.52008194,0.17609417,0.0035459741,-0.002500751,-0.016588408,0.06391497,-0.0050652814,-9.792931,20.49341,-14.99983,1.198188,0.053685293,-0.14015561,-0.2540832,-0.22539584,-508.1483,661.3283,145.97069,272.85263,-508.1483,661.3283,145.97069,272.85263,-1.0,1.0,1.0,1.0,0.0,0.4,0.4,0.4
17.516666666666666,20.494188,-15.001873,1.9997448,-0.23831931,-0.005599999,0.0015165223,0.9711695,0.000520512,0.006256664,0.13032387,0.7459646,-0.0066230297,-0.06635003,0.0009229838,-0.005750856,0.13034494,-0.15737942,-0.19500628,8.816,20.493525,-14.999831,1.1997479,0.047538124,-0.14623451,-0.36883008,-0.3647339,162.93549,110.61583,-836.7441,-55.626347,162.93549,110.61583,-836.7441,-55.626347,1.0,1.0,-1.0,-1.0,33.524375915527344,0.4,-0.4,-0.4
17.53333333333333,20.49419,-15.001965,1.9998698,-0.23922415,-0.0030543546,0.005811086,0.9709421,0.0028009927,0.0043091173,-0.03348896,0.32105327,-0.55628145,0.17640457,-0.00018698038,-0.005445876,-0.033439975,-0.06659785,0.018298782,-9.827095,20.493643,-14.999833,1.199873,0.03920529,-0.15265492,-0.49997,-0.3852242,-414.56924,-861.91626,-353.9103,261.52707,-414.56924,-861.91626,-353.9103,261.52707,-1.0,-1.0,-1.0,1.0,0.0,-0.4,-0.4,0.4
17.55,20.49416,-15.002001,2.0011537,-0.2391659,-0.0020230096,0.006118723,0.9709573,0.0023517127,0.0013122978,0.11389609,-0.099024236,0.013194397,-0.06724778,-0.0022539967,-0.0010112554,0.11390113,-0.124020964,0.26607725,8.840466,20.493763,-14.999846,1.2011569,0.028413588,-0.15429416,-0.64750206,-0.09835481,145.40515,-752.09186,326.36728,-2850.8845,145.40515,-752.09186,326.36728,-2850.8845,1.0,-1.0,1.0,-1.0,33.524375915527344,-0.4,0.4,-0.4
17.566666666666666,20.49411,-15.002015,2.0010047,-0.24008021,0.0020423145,0.0035376425,0.97074443,0.00303194,-0.001235495,-0.04989067,-0.5235058,-0.5363231,0.1756533,-0.0033713775,-0.00071173185,-0.049879108,-0.06704284,0.017971413,-9.826814,20.493885,-14.999865,1.2010078,0.016119247,-0.15402095,-0.7376604,0.016392766,-527.1438,-352.83615,-289.4737,292.44873,-527.1438,-352.83615,-289.4737,292.44873,-1.0,-1.0,-1.0,1.0,0.0,-0.4,-0.4,0.4
17.583333333333332,20.49408,-15.002001,2.0020165,-0.24002244,0.0033298598,0.0021244783,0.9707593,0.000971862,-0.0014308195,0.09755035,-0.09481669,0.033331476,-0.066981524,-0.0009954794,0.0013713633,0.097550966,0.14255387,0.12498571,8.845804,20.494005,-14.999894,1.2020196,0.0053275474,-0.15087906,-0.647502,0.18851368,181.54814,458.04108,599.06384,-3965.51,181.54814,458.04108,599.06384,-3965.51,1.0,1.0,1.0,-1.0,33.524375915527344,0.4,0.4,-0.4
17.6,20.494064,-15.0019655,2.0016012,-0.24094546,0.00056363543,-0.0021006167,0.9705362,-0.00066980126,-0.0021773302,-0.06574225,-0.51803905,0.58093655,0.17559236,-0.0005647604,0.0024879698,-0.06573221,0.025843138,0.06699639,-9.796989,20.494125,-14.999927,1.201604,-0.0043713213,-0.1460296,-0.58193207,0.2909669,-492.50037,-114.06963,129.58113,279.51276,-492.50037,-114.06963,129.58113,279.51276,-1.0,-1.0,1.0,1.0,0.0,-0.4,0.4,0.4
17.616666666666667,20.49406,-15.001957,2.0023422,-0.24088563,-0.0005278447,-0.004082046,0.97054476,0.0003478476,-0.00050272647,0.08120535,-0.09270064,0.052607294,-0.06750022,-0.0004660495,-0.00038236854,0.08120542,0.005922654,-0.17222029,8.816257,20.49425,-14.999968,1.2023448,-0.013523775,-0.1424779,-0.5491472,0.21310239,264.1464,646.54144,-761.347,-300.4032,264.1464,646.54144,-761.347,-300.4032,1.0,1.0,-1.0,-1.0,33.524375915527344,0.4,-0.4,-0.4
17.633333333333333,20.494045,-15.001972,2.0016491,-0.24182566,0.0019134537,-0.0015415408,0.9703165,0.001188739,0.0010063093,-0.0825084,0.3312044,-0.49523005,0.17588042,-0.0009453416,-0.0012760115,-0.08250782,-0.028757524,-0.05361857,-9.822794,20.49437,-15.0000105,1.2016518,-0.023222644,-0.14049713,-0.58193207,0.11884599,-397.12723,577.61725,-151.97256,288.9484,-397.12723,577.61725,-151.97256,288.9484,-1.0,1.0,-1.0,1.0,0.0,0.4,-0.4,0.4
17.65,20.494055,-15.001988,2.0021162,-0.24177104,0.0024307698,-0.0012730837,0.97032946,-0.0004471148,0.000967598,0.06486633,-0.08900347,0.07422591,-0.06775597,0.0011947496,-0.0007287071,0.06485999,0.12840547,0.03283826,8.842068,20.49449,-15.000066,1.2021186,-0.031145662,-0.13769674,-0.47538105,0.1680234,326.9999,-276.26025,632.1224,-2347.2202,326.9999,-276.26025,632.1224,-2347.2202,1.0,-1.0,1.0,-1.0,33.524375915527344,-0.4,0.4,-0.4
17.666666666666668,20.494085,-15.002003,2.0011568,-0.24269453,-0.001964285,-0.0003954731,0.9701007,-0.00122282,0.0017534175,-0.09836116,0.33613646,0.623484,0.17549221,0.0022603902,-0.00080181315,-0.098355144,0.06393843,-0.0043863617,-9.792908,20.494606,-15.000124,1.2011595,-0.037292838,-0.13455485,-0.36883053,0.18851368,-349.69662,287.32077,89.99009,271.0651,-349.69662,287.32077,89.99009,271.0651,-1.0,1.0,1.0,1.0,0.0,0.4,0.4,0.4
17.683333333333334,20.494091,-15.002023,2.0013537,-0.24263944,-0.003837707,-0.00070779514,0.9701086,0.0006399775,0.0009796717,0.048521142,-0.08746441,0.09504984,-0.06756012,-0.00044801593,-0.0013225945,0.04851516,-0.16250436,-0.031246878,8.812218,20.494722,-15.000192,1.2013559,-0.045215856,-0.13113976,-0.47538105,0.20490555,403.9382,-231.64783,-859.38336,-58.595078,403.9382,-231.64783,-859.38336,-58.595078,1.0,-1.0,-1.0,-1.0,33.524375915527344,-0.4,-0.4,-0.4
17.7,20.494083,-15.002055,2.0001159,-0.24356182,-0.0017513942,0.0017970531,0.96988213,0.0021516362,0.0010199016,-0.1151987,0.336475,-0.45280963,0.17582354,-0.0009222869,-0.0022187338,-0.11519825,-0.028456256,-0.053768355,-9.822804,20.494843,-15.000261,1.2001184,-0.054368313,-0.12847596,-0.54914737,0.15982746,-230.0445,345.52316,-501.88568,283.35645,-230.0445,345.52316,-501.88568,283.35645,-1.0,1.0,-1.0,1.0,0.0,0.4,-0.4,0.4
17.716666666666665,20.494059,-15.002068,2.0000381,-0.24350514,-0.0015876576,0.002021678,0.96989614,0.001482077,-0.0004903089,0.03217545,-0.08386621,0.116594695,-0.06779479,-0.0016686758,-0.00016660627,0.032169618,-0.04478333,0.12312764,8.842072,20.494955,-15.00034,1.2000406,-0.06420379,-0.12369482,-0.59012866,0.28686848,527.58923,-540.5408,267.30173,-2517.3523,527.58923,-540.5408,267.30173,-2517.3523,1.0,-1.0,1.0,-1.0,33.524375915527344,-0.4,0.4,-0.4
17.733333333333334,20.494015,-15.002069,1.9985267,-0.2444282,0.0016180266,-0.0006281475,0.9696658,0.002023478,-0.0011678637,-0.13161668,-0.5083566,-0.43289924,0.17507623,-0.0027886934,0.00012535344,-0.13160782,-0.067201056,0.017517583,-9.826646,20.495066,-15.000425,1.1985294,-0.07526871,-0.117752545,-0.66389495,0.35653663,-127.58291,-1.947166,-406.13477,278.00253,-127.58291,-1.947166,-406.13477,278.00253,-1.0,-1.0,-1.0,1.0,0.0,-0.4,-0.4,0.4
17.75,20.493996,-15.002073,1.9981763,-0.24436928,0.0020471434,-0.0021247633,0.9696777,0.0004142525,0.0003143538,0.01582575,-0.0798382,0.1365847,-0.06761743,-0.0001365335,-0.0005225115,0.01582508,0.15912959,-0.038871896,8.845973,20.495167,-15.000514,1.1981788,-0.08387475,-0.11167367,-0.5163623,0.36473256,641.5188,754.2163,486.316,-3702.4272,641.5188,754.2163,486.316,-3702.4272,1.0,1.0,1.0,-1.0,33.524375915527344,0.4,0.4,-0.4
17.766666666666666,20.494007,-15.002101,2.000277,-0.24530494,0.003646902,0.00034145458,0.96943897,0.0012062879,0.0022499384,0.16276902,0.34700334,-0.3906011,0.17576107,0.0011326893,-0.0021539012,0.16277084,0.07615337,-0.09788337,8.816745,20.495262,-15.000611,1.2002792,-0.08988533,-0.10668761,-0.36063504,0.29916328,6.1445417,368.97568,-74.38263,259.65414,6.1445417,368.97568,-74.38263,259.65414,1.0,1.0,-1.0,1.0,33.524375915527344,0.4,-0.4,0.4
17.78333333333333,20.494032,-15.002127,2.0009484,-0.24524985,0.0034165278,0.0005377715,0.96945375,-0.00082130753,0.0018693137,-0.0005147906,-0.076342344,0.15809178,-0.06783377,0.0016081114,-0.0012553008,-0.000521619,0.028525326,0.053916015,-9.797546,20.495358,-15.000715,1.2009507,-0.09493968,-0.101086855,-0.3032608,0.33604544,-616.1232,-437.7323,670.5309,-1571.1002,-616.1232,-437.7323,670.5309,-1571.1002,-1.0,-1.0,1.0,-1.0,0.0,-0.4,0.4,-0.4
17.8,20.494072,-15.002146,1.9988995,-0.24618073,-0.0016826496,0.0013300808,0.96922153,-0.0012929281,0.0018775599,-0.16374624,0.34878772,0.707197,0.17541717,0.0026735112,-0.0013194995,-0.16373497,0.06392398,-0.0038519173,-9.792801,20.495453,-15.000814,1.1989018,-0.09890119,-0.09534949,-0.23769064,0.34424183,-26.063097,46.31634,71.891266,234.55997,-26.063097,46.31634,71.891266,234.55997,-1.0,1.0,1.0,1.0,0.0,0.4,0.4,0.4
17.816666666666666,20.494083,-15.00216,1.9980063,-0.2461291,-0.0042567905,0.0009396799,0.96922725,0.0006982569,0.0005079794,-0.016862497,-0.07497567,0.17880794,-0.06758836,-0.00022433093,-0.0007749643,-0.016865306,-0.17387052,0.032672107,8.81218,20.495543,-15.000924,1.1980089,-0.104501955,-0.08851928,-0.3360459,0.40981245,669.0832,-385.22226,-875.3983,-63.774227,669.0832,-385.22226,-875.3983,-63.774227,1.0,-1.0,-1.0,-1.0,33.524375915527344,-0.4,-0.4,-0.4
17.833333333333332,20.494038,-15.002183,1.999562,-0.24704564,-0.003008881,0.0033682887,0.9689933,0.0032122314,0.0007165915,0.13008273,0.35188615,-0.34844586,0.17580459,-0.0034520333,-0.0015113429,0.13006978,-0.19366214,-0.044182718,8.816104,20.495619,-15.001041,1.1995645,-0.113244615,-0.08175739,-0.52455956,0.4057136,162.91994,139.94148,-661.8762,250.47643,162.91994,139.94148,-661.8762,250.47643,1.0,1.0,-1.0,1.0,33.524375915527344,0.4,-0.4,0.4
17.85,20.493969,-15.002208,1.9996825,-0.24696052,0.0030544933,0.0052032853,0.9690067,0.00437852,-0.0011772213,-0.03373064,-0.072746694,-0.8967005,-0.06769244,-0.0045208074,-0.0014529456,-0.033701107,-0.06412645,0.0035038379,-9.826253,20.4957,-15.001161,1.1996855,-0.12403633,-0.074995495,-0.64750266,0.4057136,-498.16922,-660.3347,-7.7094316,-1802.4817,-498.16922,-660.3347,-7.7094316,-1802.4817,-1.0,-1.0,-1.0,-1.0,0.0,-0.4,-0.4,-0.4
17.866666666666667,20.493923,-15.0021715,2.0009623,-0.24490467,0.0076351785,0.0030340094,0.9695123,0.0020337994,-0.0036117258,0.11362918,-0.49505594,-0.32701904,-0.3107506,-0.0019914908,0.0033061316,0.11363923,0.15175898,0.2855446,8.840419,20.495771,-15.001285,1.2009652,-0.13236919,-0.063520774,-0.49997178,0.68848324,122.3114,-432.27118,913.56244,-1785.1083,122.3114,-432.27118,913.56244,-1785.1083,1.0,-1.0,1.0,-1.0,33.524375915527344,-0.4,0.4,-0.4
17.883333333333333,20.49391,-15.002118,2.0008159,-0.24386045,0.0072943894,0.0014388065,0.9697818,-0.0014604133,-0.003253032,-0.049578268,-0.07051301,0.22392638,-0.067250594,-0.0009187735,0.0032420994,-0.049591977,0.06436304,-0.003841929,-9.793872,20.495842,-15.001412,1.2008185,-0.13837977,-0.05054341,-0.3606346,0.7786419,-526.66815,259.667,710.76416,572.5303,-526.66815,259.667,710.76416,572.5303,-1.0,1.0,1.0,1.0,0.0,0.4,0.4,0.4
17.9,20.493956,-15.00203,2.001831,-0.24476707,0.0028254534,-0.0030069838,0.9695731,-0.00544019,-0.00413385,0.09775411,-0.4911003,0.792092,0.17526579,0.0035057205,0.005785878,0.09775881,0.26546964,0.1526267,8.841047,20.495903,-15.001544,1.201834,-0.1394726,-0.034833968,-0.06557017,0.9425664,193.95749,-271.0536,192.30339,213.28877,193.95749,-271.0536,192.30339,213.28877,1.0,-1.0,1.0,1.0,33.524375915527344,-0.4,0.4,0.4
17.916666666666668,20.494009,-15.001947,2.001414,-0.24469273,0.000111927,-0.005193234,0.9695867,-0.004772007,-0.0019764113,-0.065988116,-0.0688279,0.24295822,-0.06799736,0.0030807254,0.0046648877,-0.06595345,-0.025499703,-0.06725941,-9.822735,20.495956,-15.001675,1.2014165,-0.1394726,-0.019534342,0.0,0.9179775,-413.79788,556.6039,-798.71356,-10.279479,-413.79788,556.6039,-798.71356,-10.279479,-1.0,1.0,-1.0,-1.0,0.0,0.4,-0.4,-0.4
17.933333333333334,20.494072,-15.001922,2.0021515,-0.24562317,0.0008268534,-0.0028509493,0.96936077,-0.0034033244,0.00055348047,0.08098033,0.35818174,-0.2843741,0.17536554,0.0034994616,0.0007192739,0.08097493,0.025124166,-0.23673682,8.8157015,20.496004,-15.001808,1.2021542,-0.13837977,-0.008127925,0.06557017,0.684385,296.02176,466.63217,-298.45898,206.62315,296.02176,466.63217,-298.45898,206.62315,1.0,1.0,-1.0,1.0,33.524375915527344,0.4,-0.4,0.4
17.95,20.494135,-15.001901,2.0014603,-0.24556157,-0.00028360737,-0.0027846412,0.96937686,-0.0041057006,0.0009030849,-0.08231358,-0.065532565,0.26428926,-0.068183616,0.0039731823,0.0016163469,-0.08230917,0.028423242,0.053824373,-9.797045,20.496044,-15.001943,1.2014626,-0.13674052,0.0030052832,0.09835481,0.6679924,-371.44797,-289.97922,412.3908,-1476.6965,-371.44797,-289.97922,412.3908,-1476.6965,-1.0,-1.0,1.0,-1.0,0.0,-0.4,0.4,-0.4
17.966666666666665,20.494196,-15.001906,2.001925,-0.24648601,0.00025280987,-0.0004579107,0.96914613,-0.002838058,0.0025037033,0.06463635,0.36147967,-0.2630528,0.17517914,0.003735642,-0.00089287217,0.064633034,-0.01425242,-0.15055314,8.816531,20.49607,-15.002073,1.2019272,-0.13428164,0.011952831,0.1475331,0.5368529,358.0605,312.48593,-330.9066,198.2819,358.0605,312.48593,-330.9066,198.2819,1.0,1.0,-1.0,1.0,33.524375915527344,0.4,-0.4,0.4
17.983333333333334,20.49426,-15.00191,2.000961,-0.2464254,-0.0010362419,-0.00041028325,0.9691611,-0.003480794,0.00203228,-0.09866099,-0.062292367,0.2855917,-0.06835702,0.0042069824,5.996668e-06,-0.09865363,0.028280428,0.053932127,-9.797199,20.496096,-15.002206,1.2009634,-0.13141297,0.021173587,0.17212002,0.5532453,-320.46243,-487.53452,355.87955,-1551.2222,-320.46243,-487.53452,355.87955,-1551.2222,-1.0,-1.0,1.0,-1.0,0.0,-0.4,0.4,-0.4
18.0,20.494316,-15.001925,2.0011535,-0.24734372,-0.00067834655,0.0018998623,0.96892565,-0.0021816974,0.0026809773,0.04828276,0.3647253,-0.2417643,0.17500935,0.0030909276,-0.0011456347,0.048293956,-0.066963285,-0.06909788,8.816855,20.49611,-15.002335,1.2011555,-0.12854427,0.029301511,0.17212181,0.4876754,436.0369,101.8698,-416.10736,189.46864,436.0369,101.8698,-416.10736,189.46864,1.0,1.0,-1.0,1.0,33.524375915527344,0.4,-0.4,0.4
18.016666666666666,20.494373,-15.001933,1.9999171,-0.24728446,-0.0021458988,0.0019278061,0.9689386,-0.0026384338,0.001369238,-0.11501167,-0.059104532,0.3068631,-0.068516985,0.0035597994,-0.0002449985,-0.11499473,0.028132306,0.054038167,-9.79732,20.496126,-15.002464,1.1999195,-0.12553899,0.03804416,0.18031685,0.5245588,-244.23566,-698.53723,227.50069,-1627.03,-244.23566,-698.53723,227.50069,-1627.03,-1.0,-1.0,1.0,-1.0,0.0,-0.4,0.4,-0.4
18.03333333333333,20.494396,-15.001924,1.9998364,-0.24820687,-0.0006472562,-0.0009150725,0.9687063,-0.0011714619,-7.3987874e-05,0.031877533,-0.48070946,-0.22189069,0.1743111,0.0009660482,0.0005614448,0.031879563,-0.15562506,0.048386592,8.812457,20.496132,-15.002588,1.1998385,-0.12430954,0.047606427,0.073767,0.5737361,526.72253,-126.147415,-551.03687,182.32323,526.72253,-126.147415,-551.03687,182.32323,1.0,-1.0,-1.0,1.0,33.524375915527344,-0.4,-0.4,0.4
18.05,20.494429,-15.001919,1.9983271,-0.24814165,-0.001840103,-0.0026118055,0.9687184,-0.0013223973,0.0013064292,-0.13134223,-0.055505604,0.32651362,-0.068515524,0.0020856282,0.00027477762,-0.13133855,0.0671748,-0.017200029,-9.793086,20.496138,-15.002715,1.1983293,-0.12239709,0.057032086,0.11474713,0.5655395,-152.15866,690.9762,211.84198,-2888.152,-152.15866,690.9762,211.84198,-2888.152,-1.0,1.0,1.0,-1.0,0.0,0.4,0.4,-0.4
18.066666666666666,20.494446,-15.001948,1.9979749,-0.24905764,-0.001832498,-0.00032907136,0.9684868,0.00043742894,0.0024938975,0.01560087,0.37155923,-0.20087045,0.17485684,0.00076712813,-0.002419714,0.0155998245,-0.079110004,-0.16166948,8.816302,20.496132,-15.002836,1.1979771,-0.12075784,0.06358907,0.09835481,0.39341924,668.91296,327.5827,-587.5541,185.6947,668.91296,327.5827,-587.5541,185.6947,1.0,1.0,-1.0,1.0,33.524375915527344,0.4,-0.4,0.4
18.083333333333332,20.49445,-15.001986,2.000077,-0.24899349,-0.0037730464,-0.00034901322,0.9684977,-0.0002982862,0.0018458937,0.1629734,-0.04950556,0.36832464,-0.068647794,-1.1175348e-05,-0.00188954,0.16297318,-0.046698205,0.031810433,8.842401,20.496117,-15.002954,1.2000796,-0.11939179,0.06932644,0.081962936,0.34424183,12.609025,-440.75214,37.78627,-1527.9176,12.609025,-440.75214,37.78627,-1527.9176,1.0,-1.0,1.0,-1.0,33.524375915527344,-0.4,0.4,-0.4
18.1,20.494446,-15.002027,2.0007467,-0.24990216,-0.0039858078,0.0019115255,0.96826094,0.0017704923,0.0022086394,-0.00074189866,0.37469104,-0.17967916,0.17473657,-0.00047404476,-0.0027908692,-0.0007412683,-0.027772164,-0.05407975,-9.822866,20.496103,-15.003065,1.2007494,-0.11870877,0.07438078,0.040981468,0.30326036,-564.02057,218.58377,-733.14825,375.7689,-564.02057,218.58377,-733.14825,375.7689,-1.0,1.0,-1.0,1.0,0.0,0.4,-0.4,0.4
18.116666666666667,20.494396,-15.002061,2.00257,-0.24982269,0.0005339115,0.0035793975,0.9682848,0.0046317074,0.0005890748,0.14611602,-0.047381222,-0.70717275,-0.068687774,-0.0038788079,-0.0017045095,0.14612919,-0.20428577,0.06518158,8.812227,20.496078,-15.003173,1.2025725,-0.120484635,0.07964003,-0.10655209,0.31555516,3.7489576,-631.44635,-217.58636,-1608.7512,3.7489576,-631.44635,-217.58636,-1608.7512,1.0,-1.0,-1.0,-1.0,33.524375915527344,-0.4,-0.4,-0.4
18.133333333333333,20.494343,-15.002078,2.0029645,-0.24778177,0.0036732217,0.0012440385,0.9688081,0.003244048,-0.00095103343,-0.017185116,-0.4724174,-0.15839642,-0.31184706,-0.003413941,-0.0007959121,-0.017160071,0.02789201,0.05451584,-9.797356,20.496058,-15.003279,1.2029672,-0.1228069,0.08599211,-0.13933583,0.38112488,-664.21826,-281.4812,663.4125,-911.97345,-664.21826,-281.4812,663.4125,-911.97345,-1.0,-1.0,1.0,-1.0,0.0,-0.4,0.4,-0.4
18.15,20.494305,-15.00209,2.000638,-0.24673459,0.0019332074,-0.00051676534,0.9690809,0.0018376975,-1.51949935e-05,-0.18039115,-0.047239304,0.39209414,-0.06844667,-0.0023431033,-0.00085688167,-0.18038325,0.06425026,-0.0036581731,-9.79339,20.496037,-15.0033865,1.2006408,-0.12403633,0.09282231,-0.07376566,0.409812,-9.060263,497.87915,318.56976,537.78516,-9.060263,497.87915,318.56976,537.78516,-1.0,1.0,1.0,1.0,0.0,0.4,0.4,0.4
18.166666666666668,20.494274,-15.0021105,1.9994689,-0.24765821,0.0013995137,0.0016951907,0.9688449,0.0021846462,0.0005552494,-0.033442188,0.37994483,-0.13535833,0.17493881,-0.0017128005,-0.0016685347,-0.03343267,0.037818167,-0.04869918,8.817034,20.495998,-15.003482,1.1994722,-0.12348992,0.098218165,0.032784637,0.3237511,778.06647,83.530266,-477.7999,190.18059,778.06647,83.530266,-477.7999,190.18059,1.0,1.0,-1.0,1.0,33.524375915527344,0.4,-0.4,0.4
18.183333333333334,20.494257,-15.002114,2.0007534,-0.24760133,-0.0010862976,0.0016092624,0.96886,0.00031332404,-0.0005375236,0.11393697,-0.04137355,0.43381545,-0.06853084,-0.0008634266,0.00061528396,0.113933735,0.05096243,0.13702911,8.841984,20.495953,-15.003577,1.2007568,-0.12144086,0.10477516,0.12294351,0.39341968,183.5088,-718.14923,117.112465,-1345.7208,183.5088,-718.14923,117.112465,-1345.7208,1.0,-1.0,1.0,-1.0,33.524375915527344,-0.4,0.4,-0.4
18.2,20.494228,-15.002101,2.0006049,-0.24852242,-0.00051983516,-0.0013381353,0.96862507,0.0013896583,-0.0016270786,-0.0498472,-0.46581298,-0.11545262,0.17426346,-0.0019843127,0.0008991344,-0.04984552,-0.06725316,0.017031023,-9.826755,20.495901,-15.003668,1.2006083,-0.11980161,0.11222008,0.09835481,0.44669506,-448.77942,-94.897545,-646.79675,350.46378,-448.77942,-94.897545,-646.79675,350.46378,-1.0,-1.0,-1.0,1.0,0.0,-0.4,-0.4,0.4
18.216666666666665,20.494211,-15.002108,2.0016174,-0.24845308,-0.002729502,-0.0031518422,0.96863484,0.0005201312,-0.00027635967,0.09759952,-0.03795165,0.45327574,-0.068640366,-0.00095215935,-0.00073642045,0.097593874,0.0619292,-0.09813329,8.846363,20.495848,-15.003751,1.2016209,-0.11720613,0.11768424,0.15572904,0.3278495,215.3048,682.6466,8.96556,-2690.4082,215.3048,682.6466,8.96556,-2690.4082,1.0,1.0,1.0,-1.0,33.524375915527344,0.4,0.4,-0.4
18.233333333333334,20.494188,-15.002131,2.0011969,-0.24936259,-0.0036530595,-0.00097305037,0.9684028,0.0025306786,0.0007523296,-0.06610563,0.3863805,-0.09478867,0.17475374,-0.0014168968,-0.0016359624,-0.06612292,-0.027884247,-0.053972512,-9.823007,20.495787,-15.00383,1.2012006,-0.11447405,0.12164576,0.16392453,0.23769154,-393.97516,371.81885,-791.6794,350.54404,-393.97516,371.81885,-791.6794,350.54404,-1.0,1.0,-1.0,1.0,0.0,0.4,-0.4,0.4
18.25,20.494127,-15.002171,2.0019307,-0.24929745,0.00015807088,0.0006088861,0.9684267,0.0049128546,9.970367e-05,0.08074945,-0.035811663,-0.62220454,-0.06863476,-0.0042538447,-0.002357901,0.0807525,-0.17021686,-0.04331632,8.812524,20.495718,-15.003902,1.2019342,-0.11392764,0.12403633,0.032784637,0.1434338,299.2641,-382.59268,-321.86914,-1371.5636,299.2641,-382.59268,-321.86914,-1371.5636,1.0,-1.0,-1.0,-1.0,33.524375915527344,-0.4,-0.4,-0.4
18.266666666666666,20.494062,-15.002196,2.0012357,-0.24726635,0.002592922,-0.0018118856,0.9689423,0.0036793011,-0.0001446954,-0.08255112,-0.46082193,-0.07351467,-0.31183305,-0.003787446,-0.0014520573,-0.08253359,0.027983919,0.054350626,-9.797165,20.495646,-15.003968,1.2012391,-0.11338122,0.12690502,0.032785084,0.17212181,-422.2181,-2.9693608,559.6677,-709.05414,-422.2181,-2.9693608,559.6677,-709.05414,-1.0,-1.0,1.0,-1.0,0.0,-0.4,0.4,-0.4
18.28333333333333,20.494036,-15.002233,2.0017028,-0.24621178,1.8604534e-05,-0.0036654081,0.9692091,0.001897986,0.0015064015,0.06491306,-0.032419205,0.49725738,-0.068486996,-0.00082942145,-0.002690179,0.06489724,0.17748147,-0.0742873,8.84585,20.495567,-15.004025,1.2017064,-0.10969291,0.12840767,0.22129877,0.09015887,365.11267,704.4391,189.66411,518.30566,365.11267,704.4391,189.66411,518.30566,1.0,1.0,1.0,1.0,33.524375915527344,0.4,0.4,0.4
18.3,20.49401,-15.00229,2.0007377,-0.24712768,-0.0012667163,-0.0015320558,0.9689809,0.0031763553,0.0027584722,-0.09880048,0.39202124,-0.05085486,0.17491785,-0.0012995369,-0.0035875458,-0.098816365,-0.028206926,-0.053842004,-9.822816,20.495481,-15.004083,1.2007409,-0.10532158,0.12840767,0.26227978,0.0,-277.53314,419.88754,-631.5785,333.88058,-277.53314,419.88754,-631.5785,333.88058,-1.0,1.0,-1.0,1.0,0.0,0.4,-0.4,0.4
18.316666666666666,20.493977,-15.002359,2.0009265,-0.24706762,0.002181356,-4.1036624e-06,0.96899575,0.0045459224,0.0024691098,0.048051994,-0.030219674,-0.57818866,-0.068451725,-0.0026054098,-0.0042929132,0.048068065,-0.07835237,-0.042322043,8.813066,20.4954,-15.004128,1.2009299,-0.10190648,0.12670012,0.204906,-0.102453224,456.25864,-315.2895,-146.24771,-1198.0315,456.25864,-315.2895,-146.24771,-1198.0315,1.0,-1.0,-1.0,-1.0,33.524375915527344,-0.4,-0.4,-0.4
18.333333333333332,20.493948,-15.002432,1.9996874,-0.24505015,0.0029327495,0.0026673977,0.9695022,0.002680291,0.0028921585,-0.11518616,0.39363316,-0.029356092,-0.3112947,-0.0014885175,-0.0045795967,-0.115153,0.06701354,-0.017201006,-9.793263,20.49531,-15.00417,1.1996906,-0.09753515,0.124514446,0.26227978,-0.13114034,-273.02527,53.74435,702.60785,-560.23346,-273.02527,53.74435,702.60785,-560.23346,-1.0,1.0,1.0,-1.0,0.0,0.4,0.4,-0.4
18.35,20.493944,-15.002467,1.9996102,-0.24401714,-0.0004271605,0.0024929591,0.96976763,0.00062800915,0.0012811121,0.0321971,-0.02718395,0.5376297,-0.06843599,-1.2746006e-05,-0.0012767887,0.03220339,0.08854629,0.19816847,8.841383,20.495214,-15.004206,1.1996133,-0.09097816,0.124514446,0.39341924,0.0,523.38446,-772.4091,173.57426,431.89847,523.38446,-772.4091,173.57426,431.89847,1.0,-1.0,1.0,1.0,33.524375915527344,-0.4,0.4,0.4
18.366666666666667,20.493929,-15.002486,1.9980998,-0.24494018,-0.0007399159,-0.0005528845,0.9695377,0.0016874839,0.0004229627,-0.13157216,-0.45156956,-0.011449546,0.17434068,-0.0011309715,-0.0009849452,-0.13157511,-0.06709353,0.017510606,-9.82671,20.495113,-15.004239,1.1981027,-0.084830984,0.12553899,0.36883053,0.06147265,-102.0638,-155.55913,-657.235,318.76114,-102.0638,-155.55913,-657.235,318.76114,-1.0,-1.0,-1.0,1.0,0.0,-0.4,-0.4,0.4
18.383333333333333,20.493902,-15.002523,1.9977437,-0.2448812,0.0028203002,-0.0007804981,0.9695486,0.002591384,0.0016665859,0.01536864,-0.024475873,-0.5394036,-0.06833227,-0.0013992573,-0.002699263,0.015376735,-0.01609715,-0.10285906,8.81711,20.495007,-15.004264,1.1977466,-0.07909362,0.124651045,0.34424183,-0.053276714,666.1125,649.2296,-66.44587,-2570.1746,666.1125,649.2296,-66.44587,-2570.1746,1.0,1.0,-1.0,-1.0,33.524375915527344,0.4,-0.4,-0.4
18.4,20.493887,-15.002574,1.9959596,-0.2428657,0.003255376,0.001858739,0.9700526,0.00059229066,0.0022059712,-0.14785966,0.39942724,0.009269446,-0.31117994,-0.00028331252,-0.002991801,-0.14784677,0.066956684,-0.017552277,-9.793409,20.494894,-15.004287,1.1959624,-0.07212682,0.12267029,0.41800794,-0.1188451,-16.228476,59.42468,750.10077,-487.5288,-16.228476,59.42468,750.10077,-487.5288,-1.0,1.0,1.0,-1.0,0.0,0.4,0.4,-0.4
18.416666666666668,20.493906,-15.002588,1.9953375,-0.24183148,-0.00042741958,0.0016614295,0.9703167,-0.0012253622,0.00084016577,-0.00048989,-0.021340609,0.57618916,-0.068297364,0.0014771315,-0.00016829747,-0.0004869728,0.105626635,0.1694102,8.841588,20.494783,-15.004299,1.1953398,-0.06283776,0.12253369,0.5573438,-0.008196383,720.9577,-746.3379,195.13876,417.16803,720.9577,-746.3379,195.13876,417.16803,1.0,-1.0,1.0,1.0,33.524375915527344,-0.4,0.4,0.4
18.433333333333334,20.493908,-15.002581,1.9971656,-0.24275587,-0.0012004225,-0.0014269131,0.97008556,-0.00042392212,-0.0010270787,0.14639105,-0.44283238,0.047690958,0.17447658,-0.0003493195,0.00061508646,0.14639355,-0.10958706,0.047003035,8.812831,20.494663,-15.004304,1.197168,-0.054095104,0.12342161,0.52455914,0.053275373,171.71019,-119.819214,-659.88257,297.77652,171.71019,-119.819214,-659.88257,297.77652,1.0,-1.0,-1.0,1.0,33.524375915527344,-0.4,-0.4,0.4
18.45,20.493898,-15.002585,1.9975588,-0.2427006,0.0019922582,-0.0016979187,0.97009766,0.0008710484,0.0001548095,-0.017318511,-0.018636107,-0.50081325,-0.06823234,-0.0007767451,-0.0005064375,-0.017316284,-0.025645534,-0.06729144,-9.82259,20.494547,-15.004304,1.197561,-0.046445295,0.123080105,0.45898852,-0.020490287,-501.62082,671.1148,-88.10209,-1818.0054,-501.62082,671.1148,-88.10209,-1818.0054,-1.0,1.0,-1.0,-1.0,0.0,0.4,-0.4,-0.4
18.466666666666665,20.493921,-15.002605,1.999113,-0.24068297,0.0019837474,0.000894791,0.9706013,-0.0006772913,0.0021216753,0.13011776,0.40823215,0.0681915,-0.31108853,0.0020351226,-0.0012091628,0.13011529,0.16871205,-0.042163514,8.845894,20.494427,-15.004296,1.1991152,-0.036200006,0.121099345,0.61471736,-0.118845545,153.83093,95.92971,696.8369,-444.05136,153.83093,95.92971,696.8369,-444.05136,1.0,1.0,1.0,-1.0,33.524375915527344,0.4,0.4,-0.4
18.483333333333334,20.493963,-15.002612,1.9992405,-0.23964494,-0.0020635335,0.00067206525,0.9708581,-0.0020155306,0.0011525609,-0.03318305,-0.015306473,0.61452746,-0.06816781,0.0024639675,-9.2783295e-05,-0.033172667,0.025730696,0.06698277,-9.7972765,20.494307,-15.004285,1.1992422,-0.024588682,0.11980161,0.6966794,-0.07786407,-379.06387,-688.219,171.28432,537.15125,-379.06387,-688.219,171.28432,537.15125,-1.0,-1.0,1.0,1.0,0.0,-0.4,0.4,0.4
18.5,20.493965,-15.002611,2.0005236,-0.24057412,-0.0031669629,-0.0024403827,0.97062254,-0.00047915307,-0.00033078878,0.11370208,-0.43677655,0.08608617,0.17460145,-0.00029632341,-0.000195648,0.11370302,-0.16561744,-0.0061718817,8.81254,20.494177,-15.004263,1.2005255,-0.01516302,0.118298955,0.56553966,-0.09015932,192.65646,-14.455101,-759.1304,291.03024,192.65646,-14.455101,-759.1304,291.03024,1.0,-1.0,-1.0,1.0,33.524375915527344,-0.4,-0.4,0.4
18.516666666666666,20.493956,-15.002626,2.000372,-0.24052382,-0.00029707202,-0.0027465231,0.9706392,0.0013524707,0.0010821513,-0.050004404,-0.01255098,-0.46244153,-0.068135954,-0.00072792993,-0.0013146674,-0.05001182,-0.025896389,-0.06714117,-9.82289,20.494053,-15.004239,1.2003738,-0.006966793,0.11549858,0.4917736,-0.1680225,-468.88358,708.8221,-255.94348,-1776.3243,-468.88358,708.8221,-255.94348,-1776.3243,-1.0,1.0,-1.0,-1.0,0.0,0.4,-0.4,-0.4
18.53333333333333,20.493963,-15.002672,2.0013814,-0.23849997,-0.00061913504,-0.00018598448,0.97114223,0.0006336628,0.0030504554,0.09742519,0.41436878,0.106360644,-0.31097743,0.00074298994,-0.0030609223,0.09742409,0.08825519,-0.10477529,8.846154,20.493927,-15.004208,1.201383,0.002595472,0.109966114,0.5737359,-0.33194792,229.92598,264.60617,524.9318,-410.03955,229.92598,264.60617,524.9318,-410.03955,1.0,1.0,1.0,-1.0,33.524375915527344,0.4,0.4,-0.4
18.55,20.493963,-15.00272,2.000958,-0.237457,0.0016671667,0.0011965769,0.97139585,0.0013482079,0.0021688757,-0.06636131,-0.010327041,-0.44335562,-0.06796719,-0.00037281605,-0.0027530573,-0.06635229,-0.066948354,0.018471897,-9.826583,20.493805,-15.004175,1.2009596,0.011338114,0.10422875,0.5245585,-0.34424183,-328.01505,-541.9566,-64.20125,552.3578,-328.01505,-541.9566,-64.20125,552.3578,-1.0,-1.0,-1.0,1.0,0.0,-0.4,-0.4,0.4
18.566666666666666,20.493977,-15.002744,2.0016942,-0.23542269,0.0024460086,-0.0014127188,0.97188896,-0.00038852007,0.001212802,0.08101946,-0.4325949,0.12565608,-0.31120795,0.001339529,-0.0010297386,0.081011854,0.1027407,0.10339912,8.841848,20.493677,-15.004134,1.2016954,0.021446794,0.099584214,0.6065208,-0.2786721,253.29831,-170.05449,695.21063,-418.4766,253.29831,-170.05449,695.21063,-418.4766,1.0,-1.0,1.0,-1.0,33.524375915527344,-0.4,0.4,-0.4
18.583333333333332,20.494013,-15.002761,2.0010042,-0.23436695,-0.0016860673,-0.0033785023,0.9721408,-0.0012308569,0.002571088,-0.08219978,-0.006459832,0.6750169,-0.067978844,0.0024065387,-0.0011228087,-0.08220632,0.06402058,-0.005584205,-9.79309,20.493551,-15.004091,1.2010055,0.033058118,0.09528118,0.6966794,-0.2581818,-342.81464,644.1859,187.51642,638.90515,-342.81464,644.1859,187.51642,638.90515,-1.0,1.0,1.0,1.0,0.0,0.4,0.4,0.4
18.6,20.494028,-15.002821,2.0014708,-0.23527911,-0.0045636576,-0.0013724128,0.9719161,0.0007216118,0.00423947,0.06474197,0.42138425,0.14712647,0.1754768,0.0007647416,-0.004411854,0.06472995,-0.09850782,-0.19734271,8.816175,20.493422,-15.004043,1.2014719,0.043440007,0.08749476,0.6229133,-0.46718535,361.60233,337.53928,-822.961,295.8695,361.60233,337.53928,-822.961,295.8695,1.0,1.0,-1.0,1.0,33.524375915527344,0.4,-0.4,0.4
18.616666666666667,20.494034,-15.002888,2.0005023,-0.23522007,-0.0026320342,-2.788264e-05,0.97193855,0.0027483352,0.003590358,-0.09904441,-0.0040131807,-0.4002605,-0.06778531,-0.00029707584,-0.004321699,-0.09905289,-0.06370904,0.0054092887,-9.826969,20.493307,-15.003986,1.2005035,0.05204605,0.07868381,0.51636255,-0.5286571,-279.57266,-328.44113,-472.79205,-352.4037,-279.57266,-328.44113,-472.79205,-352.4037,-1.0,-1.0,-1.0,-1.0,0.0,-0.4,-0.4,-0.4
18.633333333333333,20.49402,-15.002966,2.0006948,-0.23318928,-0.0034638955,0.0024773742,0.97242194,0.0026113954,0.0041657244,0.048378874,0.4229619,0.16820145,-0.3105934,-0.0008199889,-0.004742052,0.04838934,-0.031374782,-0.025221173,8.846534,20.493189,-15.003929,1.2006959,0.059559263,0.068984926,0.45079282,-0.5819329,443.15936,93.34092,319.3023,-433.01422,443.15936,93.34092,319.3023,-433.01422,1.0,1.0,1.0,-1.0,33.524375915527344,0.4,0.4,-0.4
18.65,20.493994,-15.00304,1.9994537,-0.23214082,-0.0016918052,0.0037954529,0.97267324,0.003895605,0.0021327473,-0.11541138,-0.0014518201,-0.38137272,-0.06755112,-0.0019294012,-0.00442359,-0.115395926,-0.06656473,0.01910772,-9.827115,20.493073,-15.00387,1.1994547,0.065979645,0.05942266,0.38522285,-0.5737359,-148.6305,-678.9792,-365.18884,574.28503,-148.6305,-678.9792,-365.18884,574.28503,-1.0,-1.0,-1.0,1.0,0.0,-0.4,-0.4,0.4
18.666666666666668,20.493946,-15.0030775,1.9993722,-0.23011814,-0.0014515865,0.0011262773,0.97316086,0.0031537996,0.0002585533,0.031970173,-0.42381567,0.18752015,-0.31082445,-0.0028108668,-0.0015949938,0.031963423,-0.052887935,0.16971576,8.84156,20.492958,-15.003808,1.1993735,0.07076078,0.052319255,0.28686804,-0.42620432,529.9357,-343.89355,321.4937,-448.7785,529.9357,-343.89355,321.4937,-448.7785,1.0,-1.0,1.0,-1.0,33.524375915527344,-0.4,0.4,-0.4
18.683333333333334,20.49389,-15.003119,1.9978586,-0.22907738,0.000551413,0.0007021512,0.9734078,0.003882606,0.00059545133,-0.13174924,0.0016752481,-0.35912377,-0.06733523,-0.0033086082,-0.0024778643,-0.13174294,-0.029864483,-0.052972227,-9.822381,20.492846,-15.003748,1.1978598,0.0748589,0.04501095,0.24588703,-0.43849823,-51.490993,480.06827,-330.75266,689.3931,-51.490993,480.06827,-330.75266,689.3931,-1.0,1.0,-1.0,1.0,0.0,0.4,-0.4,0.4
18.7,20.493847,-15.00314,1.9975047,-0.22704765,0.0006037738,-0.0019807734,0.97388136,0.0026600687,5.0417613e-05,0.015625158,-0.42071605,0.20974368,-0.31061232,-0.0023310848,-0.0012776006,0.015625551,0.0586514,0.072015814,8.842109,20.49274,-15.003677,1.1975056,0.07923022,0.03845397,0.26227933,-0.3934188,668.4191,-83.87531,443.19305,-208.49588,668.4191,-83.87531,443.19305,-208.49588,1.0,-1.0,1.0,-1.0,33.524375915527344,-0.4,0.4,-0.4
18.716666666666665,20.493814,-15.003188,1.9996017,-0.22601148,0.002294101,-0.002435553,0.9741188,0.0038669803,0.0013712491,0.16257083,0.00786078,-0.31659037,-0.06714007,-0.00196252,-0.0035367324,0.1625723,0.02211389,-0.13554789,8.816804,20.492645,-15.003608,1.1996027,0.08373815,0.030052833,0.27047572,-0.5040682,77.51708,652.6262,-138.86989,675.68524,77.51708,652.6262,-138.86989,675.68524,1.0,1.0,-1.0,1.0,33.524375915527344,0.4,-0.4,0.4
18.733333333333334,20.493795,-15.003248,2.0002713,-0.22695164,0.0009113275,3.3712528e-05,0.9739056,0.0024158764,0.0028723753,-0.0006562551,0.43266314,0.23139471,0.1760704,-0.0008983985,-0.0036447544,-0.0006529282,0.06384729,-0.00648132,-9.793512,20.492552,-15.003536,1.2002722,0.0890657,0.02062717,0.31965312,-0.5655397,-620.9953,277.3075,562.6256,127.482056,-620.9953,277.3075,562.6256,127.482056,-1.0,1.0,1.0,1.0,0.0,0.4,0.4,0.4
18.75,20.493776,-15.003304,2.0020964,-0.22690009,0.0020192782,0.0012810612,0.97391504,0.0033473559,0.0023499907,0.14621462,0.010027796,-0.29536593,-0.067141175,-0.0014739482,-0.00308857,0.14623176,-0.034532983,0.033371065,8.813081,20.492464,-15.003466,1.2020978,0.09398344,0.011611322,0.29506442,-0.5409509,26.951363,-557.34314,-187.40118,-194.5147,26.951363,-557.34314,-187.40118,-194.5147,1.0,-1.0,-1.0,-1.0,33.524375915527344,-0.4,-0.4,-0.4
18.766666666666666,20.49376,-15.00334,2.002493,-0.22782618,0.0016657261,-0.0014428896,0.9736993,0.0017419043,0.0013871524,-0.017060507,-0.41466165,0.25249627,0.17555986,-0.0010121975,-0.0019809944,-0.017060788,0.027705045,0.06645453,-9.797552,20.492378,-15.003392,1.2024943,0.09890119,0.0037566042,0.29506487,-0.47128305,-658.9501,-106.323364,565.73865,114.895615,-658.9501,-106.323364,565.73865,114.895615,-1.0,-1.0,1.0,1.0,0.0,-0.4,0.4,0.4
18.78333333333333,20.49374,-15.0033865,2.0001621,-0.22777374,0.0031391808,-0.0019224983,0.9737071,0.0017452366,0.003049908,-0.18076698,0.009724021,-0.29611593,-0.06728736,-0.001474697,-0.003089309,-0.18076873,-0.027749972,-0.066498876,-9.822476,20.492294,-15.003319,1.2001637,0.103545725,-0.0048494344,0.2786721,-0.5163623,-9.408974,682.8729,-90.55165,-1241.4098,-9.408974,682.8729,-90.55165,-1241.4098,-1.0,1.0,-1.0,-1.0,0.0,0.4,-0.4,-0.4
18.8,20.493757,-15.0034485,1.9989923,-0.22575645,0.0014619026,0.00051630504,0.9741825,4.6540517e-06,0.0042626522,-0.033344854,0.4368762,0.27187175,-0.3100557,0.0017835769,-0.0038857502,-0.033343203,0.19549643,-0.04778647,8.845531,20.492214,-15.003246,1.198994,0.11051253,-0.014480001,0.4180084,-0.57783395,785.1303,160.59294,666.2167,-86.04525,785.1303,160.59294,666.2167,-86.04525,1.0,1.0,1.0,-1.0,33.524375915527344,0.4,0.4,-0.4
18.816666666666666,20.493786,-15.003499,2.0002723,-0.22472043,0.0022485724,0.0017360112,0.9744191,0.00053247414,0.003325751,0.11353088,0.015807599,-0.25716776,-0.066966586,0.0013867515,-0.0027241916,0.11353969,-0.02380952,0.06969351,8.812973,20.492147,-15.003174,1.2002739,0.11734273,-0.023290945,0.409812,-0.5286566,219.07611,-627.1506,-60.89933,541.7226,219.07611,-627.1506,-60.89933,541.7226,1.0,-1.0,-1.0,1.0,33.524375915527344,-0.4,-0.4,0.4
18.833333333333332,20.493818,-15.003531,2.0001235,-0.22564915,0.0015686997,-0.0010125112,0.97420686,-0.0010822916,0.002401753,-0.04974516,-0.4089867,0.29065773,0.17573392,0.0018532373,-0.0016184044,-0.04975407,0.027989144,0.066347234,-9.797625,20.49208,-15.003104,1.2001256,0.12444614,-0.030599248,0.42620432,-0.4384981,-516.7522,-197.9493,635.10236,99.09076,-516.7522,-197.9493,635.10236,99.09076,-1.0,-1.0,1.0,1.0,0.0,-0.4,0.4,0.4
18.85,20.493858,-15.003578,2.001131,-0.2255969,0.0025933608,-0.0015320893,0.97421604,-0.0004399405,0.0037711873,0.09721395,0.018313631,-0.23763394,-0.06713973,0.00261121,-0.0033703744,0.09719459,0.045478366,-0.1051182,8.816919,20.492022,-15.003036,1.2011336,0.13154957,-0.03886378,0.42620566,-0.49587202,212.20883,640.40686,-63.16417,-1212.5841,212.20883,640.40686,-63.16417,-1212.5841,1.0,1.0,-1.0,-1.0,33.524375915527344,0.4,-0.4,-0.4
18.866666666666667,20.493917,-15.003636,2.0007105,-0.22653759,0.00055280334,0.0008749085,0.97400177,-0.001859724,0.004646904,-0.06603413,0.44313097,0.31014073,0.17608635,0.0036745772,-0.0034783417,-0.06602997,0.063802026,-0.006478037,-9.793473,20.491966,-15.002967,1.2007133,0.1397458,-0.047947936,0.49177405,-0.5450492,-462.90747,122.67198,660.2494,106.85322,-462.90747,122.67198,660.2494,106.85322,-1.0,1.0,1.0,1.0,0.0,0.4,0.4,0.4
18.883333333333333,20.493963,-15.003684,2.0014462,-0.2264859,0.001002862,0.0020565356,0.9740118,-0.001046465,0.0036580008,0.080843344,0.020325273,-0.21654548,-0.06707774,0.0026356536,-0.0024603957,0.08085247,-0.062335413,0.06107676,8.812946,20.491915,-15.002906,1.2014493,0.14671263,-0.055734355,0.41800973,-0.46718514,299.50912,-689.4596,-183.1545,-196.03305,299.50912,-689.4596,-183.1545,-196.03305,1.0,-1.0,-1.0,-1.0,33.524375915527344,-0.4,-0.4,-0.4
18.9,20.494015,-15.00371,2.0007527,-0.22741756,-9.275028e-06,-0.0007317376,0.97379696,-0.002148643,0.0027020224,-0.08243696,-0.40448904,0.33121705,0.1756164,0.0030972185,-0.0013530274,-0.08243995,0.02769389,0.066442095,-9.7975445,20.491873,-15.002841,1.2007561,0.15340623,-0.062223036,0.40161607,-0.38932082,-433.60382,-255.06198,530.379,94.623474,-433.60382,-255.06198,530.379,94.623474,-1.0,-1.0,1.0,1.0,0.0,-0.4,0.4,0.4
18.916666666666668,20.49406,-15.003753,2.0012155,-0.22736491,0.00067892106,-0.0012908429,0.97380847,-0.0010264511,0.0038848848,0.064521015,0.022755012,-0.19706912,-0.067276046,0.0027638113,-0.0031709715,0.06450902,-0.02000443,-0.10907664,8.816937,20.491838,-15.002781,1.2012192,0.15914361,-0.06959965,0.34424272,-0.44259688,344.50616,597.7724,-229.14105,-1191.7506,344.50616,597.7724,-229.14105,-1191.7506,1.0,1.0,-1.0,-1.0,33.524375915527344,0.4,-0.4,-0.4
18.933333333333334,20.494118,-15.003806,2.0002506,-0.22829838,-0.0017026486,0.0010735655,0.9735891,-0.0016923249,0.004351484,-0.09872911,0.44759774,0.35064352,0.17596233,0.003826008,-0.0032751968,-0.09871105,0.0637318,-0.006253514,-9.793204,20.491804,-15.002722,1.2002547,0.16570061,-0.07765928,0.39342013,-0.48357767,-342.84106,113.50837,486.4736,110.7954,-342.84106,113.50837,486.4736,110.7954,-1.0,1.0,1.0,1.0,0.0,0.4,0.4,0.4
18.95,20.494154,-15.003853,2.0004416,-0.22824381,-0.0015918517,0.0022147126,0.97360015,-0.00013842667,0.003031169,0.048149552,0.024693936,-0.17605431,-0.067179,0.0012732183,-0.0024811418,0.0481644,-0.15316737,0.047643293,8.812527,20.49179,-15.002672,1.2004459,0.16925234,-0.08455778,0.21310328,-0.41390997,455.87033,-674.9631,-427.0566,-192.36682,455.87033,-674.9631,-427.0566,-192.36682,1.0,-1.0,-1.0,-1.0,33.524375915527344,-0.4,-0.4,-0.4
18.966666666666665,20.494177,-15.0038805,1.9992033,-0.22918162,-0.0029350878,-0.00061426393,0.97337896,-0.00024505658,0.0019825723,-0.115128316,-0.40013146,0.37164208,0.17549898,0.0017292815,-0.001372412,-0.11512448,0.02736379,0.06652379,-9.797332,20.49177,-15.002623,1.1992083,0.17239423,-0.09009024,0.18851368,-0.33194748,-249.90657,-230.89986,220.08961,112.596695,-249.90657,-230.89986,220.08961,112.596695,-1.0,-1.0,1.0,1.0,0.0,-0.4,0.4,0.4
18.983333333333334,20.494175,-15.003928,1.9991214,-0.2291295,-0.002581972,-0.0012143918,0.9733917,0.001876929,0.002921049,0.03182989,0.027053982,-0.15664852,-0.06740436,-0.00051910826,-0.0035644628,0.031815443,-0.13490337,-0.13152303,8.816395,20.491764,-15.002578,1.1991261,0.17266744,-0.096715525,0.016392766,-0.3975172,548.0742,569.0019,-597.4966,-1188.3447,548.0742,569.0019,-597.4966,-1188.3447,1.0,1.0,-1.0,-1.0,33.524375915527344,0.4,-0.4,-0.4
19.0,20.494179,-15.003988,1.9976113,-0.2300516,-0.005303641,0.0011069336,0.97316325,0.002447072,0.0029159673,-0.13139468,0.45192564,0.39100504,0.17585196,0.0005409459,-0.0036654843,-0.13139759,0.063603245,-0.006061289,-9.792781,20.491764,-15.002535,1.1976165,0.17294066,-0.10409214,0.016392766,-0.4425971,-109.73106,199.68823,60.254253,141.50728,-109.73106,199.68823,60.254253,141.50728,-1.0,1.0,1.0,1.0,0.0,0.4,0.4,0.4
19.016666666666666,20.494127,-15.0040455,1.997257,-0.22999294,-0.005530436,0.0022046682,0.9731741,0.0052587194,0.0012073037,0.015497685,0.028924972,-0.13570938,-0.06726938,-0.004344179,-0.0034066655,0.015453566,-0.29310748,0.015529123,8.811069,20.491777,-15.002499,1.197262,0.1682961,-0.11078574,-0.27867344,-0.40161562,643.34924,-506.84784,-762.9871,-183.29753,643.34924,-506.84784,-762.9871,-183.29753,1.0,-1.0,-1.0,-1.0,33.524375915527344,-0.4,-0.4,-0.4
19.03333333333333,20.493998,-15.004091,1.9993505,-0.23092458,-0.00067053136,0.0008978481,0.9729709,0.008723278,-0.001376742,0.16233066,-0.39256543,-0.6630191,0.17562146,-0.008690699,-0.0024567018,0.16231965,-0.26079118,0.056997817,8.811965,20.491806,-15.002474,1.1993556,0.15695795,-0.11584009,-0.6802886,-0.30326125,29.837448,-84.3969,-353.76547,161.51495,29.837448,-84.3969,-353.76547,161.51495,1.0,-1.0,-1.0,1.0,33.524375915527344,-0.4,-0.4,0.4
19.05,20.49387,-15.004135,2.0000155,-0.23087263,0.0015170629,0.00079242163,0.97298247,0.008022374,-0.0009224564,-0.00092672807,0.033271037,-0.11561325,-0.06697983,-0.007583948,-0.0027821541,-0.00090088026,0.066405065,-0.019527137,-9.793231,20.491844,-15.002449,1.2000198,0.14507338,-0.12075784,-0.71307415,-0.29506487,-600.8103,602.6302,456.69528,-3703.6367,-600.8103,602.6302,456.69528,-3703.6367,-1.0,1.0,1.0,-1.0,0.0,0.4,0.4,-0.4
19.066666666666666,20.493757,-15.004159,2.0018427,-0.23180188,-0.0004537256,-0.0021021015,0.97276056,0.005983868,-0.002361604,0.14647086,-0.38865912,0.45225823,0.17564954,-0.0063923984,-0.0012206017,0.14646755,0.07149296,0.09369314,8.842106,20.491884,-15.002434,1.2018471,0.13414504,-0.123558216,-0.6557008,-0.1680225,4.252983,-42.654312,72.16333,190.84015,4.252983,-42.654312,72.16333,190.84015,1.0,-1.0,1.0,1.0,33.524375915527344,-0.4,0.4,0.4
19.083333333333332,20.493637,-15.004194,2.0022376,-0.23174818,-0.0006469817,-0.00275355,0.97277164,0.0072043864,-0.0009182319,-0.017231718,0.0354942,-0.09628372,-0.067267895,-0.0068448405,-0.0023311942,-0.01724506,-0.027146524,-0.06663555,-9.822756,20.491922,-15.002424,1.2022417,0.1228069,-0.12676843,-0.6802882,-0.19261254,-592.04865,625.24945,-714.6091,-95.223434,-592.04865,625.24945,-714.6091,-95.223434,-1.0,1.0,-1.0,-1.0,0.0,0.4,-0.4,-0.4
19.1,20.493519,-15.004262,2.003787,-0.23268865,0.0026484728,0.0010870545,0.972547,0.009052951,0.00093013793,0.12966035,0.46376985,-0.623617,0.17605111,-0.0070491564,-0.0044927713,0.12971026,-0.012258952,-0.12969463,8.817318,20.491978,-15.002421,1.203791,0.110375926,-0.13182278,-0.7458584,-0.30326125,30.810738,360.6246,-109.10208,202.05042,30.810738,360.6246,-109.10208,202.05042,1.0,1.0,-1.0,1.0,33.524375915527344,0.4,-0.4,0.4
19.116666666666667,20.493414,-15.004324,2.0039077,-0.2326336,0.004081625,0.0026781613,0.9725522,0.0071652913,0.00013921876,-0.033654273,0.03931631,-0.07465756,-0.0676741,-0.006551758,-0.0036054885,-0.033586394,0.029843904,0.053236973,-9.797799,20.492039,-15.002419,1.2039113,0.09849138,-0.13639902,-0.71307284,-0.27457413,-597.36804,-525.5943,658.6705,-2099.0696,-597.36804,-525.5943,658.6705,-2099.0696,-1.0,-1.0,1.0,-1.0,0.0,-0.4,0.4,-0.4
19.133333333333333,20.493336,-15.004338,2.0051897,-0.23355672,0.0017746009,-0.0002525742,0.9723415,0.0042227264,-0.0015751349,0.11374944,-0.3826307,0.49315912,0.17495237,-0.004071453,-0.00047622863,0.11376486,0.14881828,0.18775558,8.841075,20.492102,-15.002425,1.205193,0.08838268,-0.13701373,-0.6065216,-0.036883052,7.389982,-282.8924,251.07657,183.87898,7.389982,-282.8924,251.07657,183.87898,1.0,-1.0,1.0,1.0,33.524375915527344,-0.4,0.4,0.4
19.15,20.493265,-15.00436,2.0050392,-0.23349643,0.0012394205,-0.0009355562,0.9723564,0.004650603,-0.0005166873,-0.049951855,0.041465044,-0.05536044,-0.06799016,-0.0045203245,-0.0015894579,-0.049941197,-0.026932282,-0.06679375,-9.822363,20.49217,-15.002439,1.2050426,0.078410596,-0.13762845,-0.59832525,-0.036883052,-596.67126,526.40656,-599.33704,-67.4022,-596.67126,526.40656,-599.33704,-67.4022,-1.0,1.0,-1.0,-1.0,0.0,0.4,-0.4,-0.4
19.166666666666668,20.49321,-15.004387,2.0060499,-0.2344228,-0.0024675136,0.0012785941,0.9721307,0.0030734455,0.0006752261,0.09751153,0.46930045,0.5124151,0.17528757,-0.0029541277,-0.0018722473,0.09749959,0.093971804,-0.016967367,8.846447,20.492239,-15.002458,1.206053,0.069531344,-0.13817486,-0.5327551,-0.032784637,76.357635,85.23124,42.63279,187.16043,76.357635,85.23124,42.63279,187.16043,1.0,1.0,1.0,1.0,33.524375915527344,0.4,0.4,0.4
19.183333333333334,20.493147,-15.004412,2.0056276,-0.2373152,-0.0035844787,0.0023001707,0.9714234,0.0047099385,-0.0009023866,-0.06625244,0.043170936,-0.034204084,0.4181304,-0.004061632,-0.0015542988,-0.06628326,-0.066450246,0.01907691,-9.82697,20.49231,-15.002481,1.2056307,0.059969075,-0.13824317,-0.5737361,-0.004098415,-516.759,-538.4223,-766.2273,24.82457,-516.759,-538.4223,-766.2273,24.82457,-1.0,-1.0,-1.0,1.0,0.0,-0.4,-0.4,0.4
19.2,20.493032,-15.004426,2.0063586,-0.23921934,0.00043874505,0.0009487831,0.97096497,0.0067896354,-0.0027565644,0.080587454,-0.37823445,-0.561597,0.17478475,-0.007261024,-0.0005476388,0.08059164,-0.19196351,0.0603996,8.812494,20.49238,-15.002517,1.2063615,0.0467185,-0.13674052,-0.7950344,0.09015887,61.06026,-106.422264,-389.02344,-3932.1023,61.06026,-106.422264,-389.02344,-3932.1023,1.0,-1.0,-1.0,-1.0,33.524375915527344,-0.4,-0.4,-0.4
19.216666666666665,20.492926,-15.004439,2.0056615,-0.23916022,0.0017785046,0.0007749716,0.9709782,0.0055250726,-0.0021533032,-0.082651794,0.04748357,-0.014224069,-0.06787502,-0.0061479025,-0.0008537686,-0.08263145,0.06678728,-0.018367788,-9.793385,20.492458,-15.002555,1.2056638,0.03346793,-0.13496466,-0.79503417,0.10655164,-530.9363,536.7653,444.16528,-3483.452,-530.9363,536.7653,444.16528,-3483.452,-1.0,1.0,1.0,-1.0,0.0,0.4,0.4,-0.4
19.233333333333334,20.492826,-15.004441,2.0061202,-0.2400759,0.0056298464,-0.00058477925,0.9707376,0.005709571,-0.0031609843,0.06418885,-0.37408417,-0.5415831,0.1750141,-0.0058047487,0.0002359677,0.064257674,0.020589221,0.06538418,8.813347,20.492538,-15.0026045,1.2061224,0.02062717,-0.13154957,-0.77044547,0.20490555,202.14859,-125.33064,-56.756046,188.88927,202.14859,-125.33064,-56.756046,188.88927,1.0,-1.0,-1.0,1.0,33.524375915527344,-0.4,-0.4,0.4
19.25,20.492746,-15.004441,2.0051506,-0.24001795,0.0067998366,-0.0007637082,0.9707443,0.002908886,-0.0016541249,-0.09903167,0.051609613,0.005767204,-0.0676618,-0.0046879584,-6.8427646e-05,-0.09897721,0.067007415,-0.018263718,-9.794093,20.492619,-15.002655,1.2051524,0.009152453,-0.12792955,-0.688483,0.2172008,-485.9103,547.85474,704.34753,-3240.4553,-485.9103,547.85474,704.34753,-3240.4553,-1.0,1.0,1.0,-1.0,0.0,0.4,0.4,-0.4
19.266666666666666,20.492727,-15.004423,2.0053427,-0.24092302,0.0038377107,-0.0037745575,0.97052926,-0.00027253473,-0.0016230297,0.04835387,-0.3702613,0.57343507,0.17495424,-6.992462e-05,0.0012971713,0.048364423,0.27708203,0.081935935,8.840498,20.492699,-15.002714,1.2053446,0.0020490568,-0.12239709,-0.42620376,0.33194792,284.64572,-81.86796,399.9809,161.91563,284.64572,-81.86796,399.9809,161.91563,1.0,-1.0,1.0,1.0,33.524375915527344,-0.4,0.4,0.4
19.28333333333333,20.49272,-15.004415,2.0041025,-0.24085642,0.0026342864,-0.0045242575,0.9705466,2.2569293e-05,0.00076635997,-0.1153439,0.053641796,0.02498217,-0.068043716,-0.0005028551,0.00017861789,-0.11534521,-0.025975827,-0.067113206,-9.822577,20.492779,-15.002776,1.2041043,-0.004234717,-0.11734273,-0.3770264,0.30326125,-366.89096,665.0648,-420.682,-86.359795,-366.89096,665.0648,-420.682,-86.359795,-1.0,1.0,-1.0,-1.0,0.0,0.4,-0.4,-0.4
19.3,20.49275,-15.004439,2.0040226,-0.2417702,-0.0017671329,-0.002401058,0.9703289,-0.0012660937,0.0029329676,0.032086212,0.48157755,0.59270513,0.17524596,0.0024214417,-0.002172949,0.032080293,0.17545779,-0.14109401,8.84553,20.492857,-15.002844,1.2040246,-0.007649812,-0.114269145,-0.20490567,0.18441527,415.56235,371.19754,164.44981,146.50424,415.56235,371.19754,164.44981,146.50424,1.0,1.0,1.0,1.0,33.524375915527344,0.4,0.4,0.4
19.316666666666666,20.492779,-15.00447,2.0025103,-0.2446535,-0.0035763017,-0.0014542851,0.9696029,0.0007420883,0.0024059485,-0.13169275,0.055050418,0.046054408,0.41810024,0.0013078563,-0.0018681396,-0.13169707,-0.06681512,0.018288564,-9.826641,20.492935,-15.002915,1.2025117,-0.01120151,-0.111332156,-0.21310188,0.17621933,-199.44482,-264.34418,-774.9145,5.376033,-199.44482,-264.34418,-774.9145,5.376033,-1.0,-1.0,-1.0,1.0,0.0,-0.4,-0.4,0.4
19.333333333333332,20.492771,-15.00453,2.0021517,-0.24654926,-0.0015290033,0.0023015335,0.9691263,0.0027576056,0.0030930522,0.015238367,0.48294473,-0.48027596,0.17517407,-0.0010067265,-0.0039783088,0.015249222,-0.13887496,-0.12661014,8.816777,20.493013,-15.0029955,1.2021533,-0.01734868,-0.109897815,-0.3688302,0.08606046,412.69748,275.8238,-357.91174,-3744.1946,412.69748,275.8238,-357.91174,-3744.1946,1.0,1.0,-1.0,-1.0,33.524375915527344,0.4,-0.4,-0.4
19.35,20.49276,-15.004585,2.0003645,-0.2464843,-0.0013135781,0.0037710627,0.9691385,0.0020425916,0.0012686432,-0.14805785,0.058299676,0.06840736,-0.0685064,-0.00053609454,-0.0030766681,-0.14804444,0.028237918,0.054098435,-9.797619,20.49309,-15.0030775,1.2003663,-0.023632456,-0.10798536,-0.37702647,0.11474713,-129.38605,-699.75836,341.8907,-2146.439,-129.38605,-699.75836,341.8907,-2146.439,-1.0,-1.0,1.0,-1.0,0.0,-0.4,0.4,-0.4
19.366666666666667,20.492722,-15.004608,1.999733,-0.24739304,0.0018616344,0.0023610843,0.9689105,0.002688874,-0.0007392621,-0.0011810123,-0.3633451,-0.45903748,0.17437987,-0.0027170118,-0.0006467601,-0.0011708509,-0.13085502,0.14579448,8.812415,20.493162,-15.00317,1.1997344,-0.031555474,-0.10299931,-0.47538105,0.29916328,649.9222,-382.42813,-282.3004,133.77423,649.9222,-382.42813,-282.3004,133.77423,1.0,-1.0,-1.0,1.0,33.524375915527344,-0.4,-0.4,0.4
19.383333333333333,20.49269,-15.004621,1.9976735,-0.24732967,0.0023446574,0.0021066081,0.96892625,0.0009317915,-0.00042729336,-0.16440234,0.06226288,0.088290036,-0.06835509,-0.0015982457,-0.00093338883,-0.16439511,0.06712597,-0.017197723,-9.793455,20.493237,-15.003261,1.197675,-0.03920529,-0.09739854,-0.45898896,0.3360459,-14.767552,334.38254,569.4067,-3410.4287,-14.767552,334.38254,569.4067,-3410.4287,-1.0,1.0,1.0,-1.0,0.0,0.4,0.4,-0.4
19.4,20.492664,-15.004611,1.9967693,-0.24823664,0.0053505623,0.0006871159,0.9686844,0.00040525128,-0.0014699034,-0.017519232,-0.3593828,-0.439142,0.17453666,-0.0012378377,0.0010239943,-0.017511925,0.021624478,0.11744297,8.812991,20.493307,-15.00336,1.1967708,-0.04603548,-0.08961212,-0.40981135,0.46718535,797.1906,-326.57693,-23.99449,131.27173,797.1906,-326.57693,-23.99449,131.27173,1.0,-1.0,-1.0,1.0,33.524375915527344,-0.4,-0.4,0.4
19.416666666666668,20.492704,-15.0045805,1.9983201,-0.24817444,0.0055382093,0.00041012422,0.9686994,-0.0025707912,-0.00034056418,0.12992916,0.069150046,0.12848438,-0.068219036,0.0034578664,0.00199507,0.12989369,0.28174224,0.058264535,8.8443365,20.493378,-15.003467,1.1983212,-0.04822114,-0.07977664,-0.13113967,0.59012884,142.52998,367.5672,764.0957,-3231.6077,142.52998,367.5672,764.0957,-3231.6077,1.0,1.0,1.0,-1.0,33.524375915527344,0.4,0.4,-0.4
19.433333333333334,20.492765,-15.004533,1.9984438,-0.24908072,0.001704739,-0.0027216917,0.9684774,-0.004959046,-0.0006633648,-0.03339093,-0.3556317,0.67561597,0.1743971,0.0038681172,0.0031212938,-0.03339583,0.02461505,0.067573436,-9.797371,20.493443,-15.003577,1.198445,-0.04849435,-0.06843851,-0.016392542,0.6802877,-462.97607,-276.7937,337.11874,260.63745,-462.97607,-276.7937,337.11874,260.63745,-1.0,-1.0,1.0,1.0,0.0,-0.4,0.4,0.4
19.45,20.49284,-15.004514,1.999724,-0.24900828,-0.00047482934,-0.0035911652,0.96849453,-0.0044225585,0.0013316768,0.1135464,0.07101919,0.14752723,-0.06866044,0.004615063,0.00014991623,0.11354645,0.044816736,-0.17828265,8.816537,20.493504,-15.003691,1.1997249,-0.047538124,-0.058944546,0.057373565,0.56963766,200.71002,543.409,-693.21216,-127.84685,200.71002,543.409,-693.21216,-127.84685,1.0,1.0,-1.0,-1.0,33.524375915527344,0.4,-0.4,-0.4
19.466666666666665,20.49291,-15.004524,1.9995701,-0.24993062,0.0008366007,0.00010235444,0.9682633,-0.0033529117,0.002679061,-0.05015282,0.4963143,-0.3999787,0.17470619,0.004151998,-0.0007524783,-0.050158944,-0.027783884,-0.054143667,-9.822323,20.493565,-15.003808,1.1995709,-0.046855103,-0.05129473,0.040981244,0.45898896,-412.28052,227.35838,-91.90552,267.41013,-412.28052,227.35838,-91.90552,267.41013,-1.0,1.0,-1.0,1.0,0.0,0.4,-0.4,0.4
19.483333333333334,20.49299,-15.004518,2.000576,-0.24986736,0.00024526054,0.0014980778,0.9682789,-0.0047411234,0.0020564322,0.097205944,0.07443472,0.16887754,-0.068954274,0.0051175808,0.0007884216,0.09720541,0.05793496,0.092453994,8.841861,20.493622,-15.003926,1.2005765,-0.045215856,-0.042347178,0.09835481,0.536853,259.25336,-683.3238,560.4905,-1943.744,259.25336,-683.3238,560.4905,-1943.744,1.0,-1.0,1.0,-1.0,33.524375915527344,-0.4,0.4,-0.4
19.5,20.493067,-15.004501,2.0001493,-0.2507763,0.0027064,3.2918444e-05,0.96804124,-0.0043619955,0.001092932,-0.06654481,-0.35018903,-0.37886894,0.17394099,0.0039963513,0.0010678165,-0.06656818,-0.067273766,0.016763695,-9.826415,20.493683,-15.004046,1.2001498,-0.044123027,-0.032580007,0.06556972,0.58603024,-408.82733,-318.38004,-66.225296,253.98447,-408.82733,-318.38004,-66.225296,253.98447,-1.0,-1.0,-1.0,1.0,0.0,-0.4,-0.4,0.4
19.516666666666666,20.493164,-15.00448,2.0008826,-0.25070992,0.0023902322,-0.00029586322,0.9680592,-0.0063742744,0.0022591923,0.0808906,0.078275874,0.18864994,-0.0688515,0.0070558493,0.0011695345,0.080857106,0.18356988,0.0061030798,8.845517,20.49373,-15.004168,1.2008829,-0.04057133,-0.02240302,0.21310194,0.6106191,291.1369,394.4765,696.1837,-3276.986,291.1369,394.4765,696.1837,-3276.986,1.0,1.0,1.0,-1.0,33.524375915527344,0.4,0.4,-0.4
19.53333333333333,20.49329,-15.004447,2.0001893,-0.25161374,-0.0019398025,-0.0034867343,0.9678195,-0.007178304,0.0021020889,-0.08245561,-0.3465336,0.73568213,0.17377526,0.0074580796,0.0022970913,-0.08242557,0.024133816,0.0676534,-9.79696,20.493786,-15.004292,1.2001895,-0.03551699,-0.011133209,0.30326036,0.67618865,-353.1061,-217.71098,130.5277,231.46439,-353.1061,-217.71098,130.5277,231.46439,-1.0,-1.0,1.0,1.0,0.0,-0.4,0.4,0.4
19.55,20.493393,-15.004458,2.0006523,-0.25153288,-0.0046209614,-0.0044155694,0.96782756,-0.0050645513,0.004072872,0.06447777,0.080046624,0.2075919,-0.06930264,0.0059731496,-0.0017926956,0.064503714,-0.0890958,-0.24538718,8.815757,20.493832,-15.004416,1.2006524,-0.03141887,-0.0030052832,0.24588703,0.48767552,361.18658,554.36774,-931.2388,-148.1646,361.18658,554.36774,-931.2388,-148.1646,1.0,1.0,-1.0,-1.0,33.524375915527344,0.4,-0.4,-0.4
19.566666666666666,20.493486,-15.004501,1.9996812,-0.25243533,-0.0038233697,-0.0007671059,0.9676058,-0.0027237246,0.0050035063,-0.09923508,0.50536174,-0.3398893,0.17407839,0.0055166483,-0.0026963814,-0.09920862,-0.027390074,-0.054221146,-9.82274,20.493881,-15.004542,1.1996813,-0.028276984,0.0029369814,0.18851323,0.35653585,-246.63666,372.71918,-457.3472,253.75781,-246.63666,372.71918,-457.3472,253.75781,-1.0,1.0,-1.0,1.0,0.0,0.4,-0.4,0.4
19.583333333333332,20.493555,-15.004548,1.99987,-0.2523596,-0.0049206126,0.00057251233,0.96762085,-0.0023684301,0.0041196244,0.048120584,0.083355285,0.22882713,-0.06954295,0.0036064158,-0.002504396,0.048154887,-0.11461394,0.011519123,8.84181,20.49393,-15.004667,1.1998702,-0.026910948,0.008537737,0.08196215,0.3360453,492.0195,-556.23224,179.07677,-1990.6823,492.0195,-556.23224,179.07677,-1990.6823,1.0,-1.0,1.0,-1.0,33.524375915527344,-0.4,0.4,-0.4
19.6,20.4936,-15.004587,1.9986253,-0.25327605,-0.0029584412,-0.0009358151,0.96738905,-0.00035851728,0.0031978616,-0.11563216,-0.34130266,-0.31890404,0.1733353,0.0024866457,-0.0022292454,-0.11562871,-0.06718621,0.016509037,-9.827015,20.493977,-15.004791,1.1986254,-0.026910948,0.014616605,0.0,0.36473206,-169.244,-67.30515,-591.9359,261.1392,-169.244,-67.30515,-591.9359,261.1392,-1.0,-1.0,-1.0,1.0,0.0,-0.4,-0.4,0.4
19.616666666666667,20.493635,-15.00464,1.9985409,-0.2532047,-0.003774917,-0.0013210097,0.96740437,-0.00024239183,0.004214717,0.031808805,0.087093495,0.24848041,-0.06947572,0.0020651044,-0.003697632,0.031807005,-0.025292475,-0.0881032,8.846143,20.494022,-15.00491,1.1985412,-0.02773057,0.019397737,-0.049177293,0.28686795,587.4034,642.5821,189.59102,-3321.3018,587.4034,642.5821,189.59102,-3321.3018,1.0,1.0,1.0,-1.0,33.524375915527344,0.4,0.4,-0.4
19.633333333333333,20.493666,-15.004712,1.9970247,-0.25410214,-0.0033251054,0.002298479,0.9671689,0.001553687,0.003992352,-0.13192047,0.5124335,-0.2989871,0.1739298,0.0016118339,-0.0046040462,-0.13189985,-0.027196229,-0.054384843,-9.822411,20.494068,-15.005033,1.1970248,-0.028823398,0.022949437,-0.06556972,0.21310194,-47.2502,142.57419,-576.8734,264.5459,-47.2502,142.57419,-576.8734,264.5459,-1.0,1.0,-1.0,1.0,0.0,0.4,-0.4,0.4
19.65,20.493664,-15.004762,1.9966685,-0.25402895,-0.0047689173,0.003605954,0.9671781,0.0015561075,0.00199277,0.015449191,0.09032817,0.26967204,-0.069663316,-0.0005468784,-0.002429897,0.015455311,-0.12952274,0.13044895,8.841309,20.49411,-15.005151,1.1966687,-0.031965286,0.027867174,-0.18851323,0.2950642,682.36554,-793.20703,23.550774,-1959.3333,682.36554,-793.20703,23.550774,-1959.3333,1.0,-1.0,1.0,-1.0,33.524375915527344,-0.4,0.4,-0.4
19.666666666666668,20.493595,-15.004783,1.9987617,-0.25494048,-0.0032723292,0.0020567281,0.9669489,0.004024836,-0.00090279453,0.1623376,-0.33139688,-0.25783232,0.17319939,-0.005144227,-0.00082414364,0.16230641,-0.2758409,0.09634519,8.811066,20.49415,-15.00527,1.1987619,-0.039751705,0.03490227,-0.46718514,0.4221058,53.418083,-325.96075,-680.42114,262.36572,53.418083,-325.96075,-680.42114,262.36572,1.0,-1.0,-1.0,1.0,33.524375915527344,-0.4,-0.4,0.4
19.683333333333334,20.493507,-15.00481,1.9994205,-0.2548573,0.0021396053,0.0033792735,0.9669703,0.0057793213,-0.0010348782,-0.0014143884,0.0940665,-0.80534124,-0.069387995,-0.0055420115,-0.0019587905,-0.001386109,-0.023867076,-0.06807881,-9.82155,20.494192,-15.005386,1.1994214,-0.049040765,0.041254345,-0.55734354,0.38112444,-604.43384,401.53104,-124.39959,-2559.959,-604.43384,401.53104,-124.39959,-2559.959,-1.0,1.0,-1.0,-1.0,0.0,0.4,-0.4,-0.4
19.7,20.493423,-15.004831,1.9973559,-0.2528085,0.0057877786,0.0024042595,0.96749604,0.0029052994,-0.0018638547,-0.1647294,-0.33246815,-0.2572648,-0.3126238,-0.0050901584,-0.0010439754,-0.16468361,0.02711118,0.054888904,-9.79785,20.494238,-15.005505,1.1973568,-0.058329828,0.04822114,-0.5573438,0.41800773,-5.107785,-483.64633,789.93823,-1164.0095,-5.107785,-483.64633,789.93823,-1164.0095,-1.0,-1.0,1.0,-1.0,0.0,-0.4,0.4,-0.4
19.716666666666665,20.493393,-15.004817,1.9964536,-0.25176278,0.0044440767,0.0019604063,0.9677767,-0.00015146681,-0.0014171044,-0.017276954,0.095413804,0.31141102,-0.0691909,-0.00068987865,0.0012070383,-0.017279798,0.26401678,0.13506082,8.844228,20.494274,-15.005615,1.1964546,-0.06311096,0.057168692,-0.28686804,0.536853,815.8174,128.18066,544.8804,442.145,815.8174,128.18066,544.8804,442.145,1.0,1.0,1.0,1.0,33.524375915527344,0.4,0.4,0.4
19.733333333333334,20.493397,-15.004769,1.9980017,-0.25266412,0.005587741,0.000352927,0.9675378,-0.0008045528,-0.0027758009,0.12960829,-0.3263009,-0.21599755,0.17368285,0.0007229122,0.0032692356,0.12959726,0.084767446,0.12373183,8.812623,20.4943,-15.005724,1.1980032,-0.06475021,0.06837021,-0.09835481,0.6720909,205.75432,-447.7555,-123.85881,239.91197,205.75432,-447.7555,-123.85881,239.91197,1.0,-1.0,-1.0,1.0,33.524375915527344,-0.4,-0.4,0.4
19.75,20.493427,-15.00472,1.998121,-0.25259563,0.0040382864,-0.0001144821,0.9675634,-0.0033349935,-0.0016326932,-0.03361395,0.098962724,0.33097592,-0.06916666,0.0018466194,0.0029933823,-0.033635028,0.067422435,-0.016551198,-9.793938,20.494337,-15.005834,1.1981223,-0.06516002,0.07977664,-0.024588702,0.6843857,-499.46353,269.83292,624.4103,-2242.7139,-499.46353,269.83292,624.4103,-2242.7139,-1.0,1.0,1.0,-1.0,0.0,0.4,0.4,-0.4
19.766666666666666,20.493473,-15.004661,1.9993963,-0.25349975,0.0050162743,-0.0017338492,0.9673209,-0.0036931061,-0.0022418406,0.11327313,-0.3227558,-0.19644392,0.1737104,0.0033176916,0.0036730962,0.11324738,0.08826433,0.04078283,8.812944,20.494358,-15.005937,1.1993977,-0.06338417,0.09138797,0.10655119,0.69668007,235.62679,-318.06644,-103.86431,214.28127,235.62679,-318.06644,-103.86431,214.28127,1.0,-1.0,-1.0,1.0,33.524375915527344,-0.4,-0.4,0.4
19.78333333333333,20.493542,-15.004602,1.9992434,-0.25342777,0.0033022882,-0.0022153354,0.9673461,-0.0058002765,-0.0004855427,-0.04995973,0.102485836,0.35050553,-0.06914833,0.0044417554,0.0033976643,-0.0499858,0.06744382,-0.016525913,-9.79399,20.49438,-15.006038,1.1992453,-0.060105678,0.1027944,0.1967094,0.6843857,-471.55228,440.9173,617.37634,-2194.977,-471.55228,440.9173,617.37634,-2194.977,-1.0,1.0,1.0,-1.0,0.0,0.4,0.4,-0.4
19.8,20.493637,-15.004556,2.0002463,-0.254334,0.0041147447,-0.0038458167,0.9671,-0.0057320497,-0.0003708182,0.096934065,-0.3192355,-0.1769253,0.1737287,0.0057689855,0.0026246344,0.09689704,0.0796338,-0.04638179,8.81297,20.494404,-15.00613,1.2002482,-0.05491473,0.11276649,0.31145674,0.59832525,284.29242,-129.7685,-104.64832,194.29256,284.29242,-129.7685,-104.64832,194.29256,1.0,-1.0,-1.0,1.0,33.524375915527344,-0.4,-0.4,0.4
19.816666666666666,20.49375,-15.004516,1.9998211,-0.25425768,0.0022366352,-0.0043419227,0.96712416,-0.0072979317,0.0019767832,-0.06630514,0.10598332,0.3699984,-0.06913732,0.0068931724,0.0023495653,-0.06633628,0.06745121,-0.016504148,-9.793999,20.494423,-15.006222,1.1998231,-0.04822114,0.12219218,0.4016154,0.5655415,-431.1807,656.18463,589.06,-2152.6702,-431.1807,656.18463,589.06,-2152.6702,-1.0,1.0,1.0,-1.0,0.0,0.4,0.4,-0.4
19.833333333333332,20.493885,-15.004515,2.0005522,-0.25517732,0.0015327709,-0.0008449833,0.9668926,-0.0066743726,0.0044266754,0.08063653,0.53442943,-0.15721644,0.17429143,0.008263286,-0.00062532007,0.080608435,0.08220682,-0.17849311,8.816683,20.494438,-15.006305,1.2005544,-0.039615102,0.12820277,0.5163623,0.36063504,347.3743,111.52996,-126.78785,177.67656,347.3743,111.52996,-126.78785,177.67656,1.0,1.0,-1.0,1.0,33.524375915527344,0.4,-0.4,0.4
19.85,20.494028,-15.004514,1.9998544,-0.2551118,-0.00097272504,0.00034929832,0.96691096,-0.007580866,0.0039563607,-0.08270132,0.1089872,0.39104155,-0.06919327,0.008716235,0.0002837548,-0.0826836,0.027176922,0.05454449,-9.797522,20.49445,-15.006383,1.1998568,-0.030189436,0.13387182,0.56553996,0.3401434,-300.9315,-720.0459,444.4544,-902.14813,-300.9315,-720.0459,444.4544,-902.14813,-1.0,-1.0,1.0,-1.0,0.0,-0.4,0.4,-0.4
19.866666666666667,20.494154,-15.004505,2.0003126,-0.25602403,-0.00049528567,-0.0013092911,0.9666693,-0.006273636,0.0029241724,0.06419399,-0.3127706,-0.13641769,0.17368324,0.0068801646,0.00038573693,0.06419729,-0.11016421,0.006118927,8.812853,20.494463,-15.006451,1.2003149,-0.022129813,0.13933599,0.48357734,0.32784995,396.51535,-270.4902,-362.78638,175.74112,396.51535,-270.4902,-362.78638,175.74112,1.0,-1.0,-1.0,1.0,33.524375915527344,-0.4,-0.4,0.4
19.883333333333333,20.49428,-15.004504,1.999342,-0.25595158,-0.002712453,-0.0018439769,0.96668404,-0.0063976375,0.0040753284,-0.09905659,0.1123995,0.41045138,-0.06919617,0.008001987,0.00011514323,-0.09902374,0.067309335,-0.016235622,-9.793262,20.49447,-15.006519,1.1993445,-0.013660379,0.14432205,0.508166,0.29916373,-306.66385,525.5269,308.64926,-2341.4902,-306.66385,525.5269,308.64926,-2341.4902,-1.0,1.0,1.0,-1.0,0.0,0.4,0.4,-0.4
19.9,20.494383,-15.004522,1.9995276,-0.25686646,-0.002398624,-0.003514455,0.96643746,-0.004279375,0.003687951,0.047843672,-0.30935717,-0.11702672,0.17366992,0.00541028,-0.0014605544,0.047849,-0.1555024,-0.094541855,8.812364,20.494484,-15.006577,1.1995305,-0.0072400006,0.14712244,0.38522267,0.1680234,498.19037,-5.7367225,-544.2337,180.41719,498.19037,-5.7367225,-544.2337,180.41719,1.0,-1.0,-1.0,1.0,33.524375915527344,-0.4,-0.4,0.4
19.916666666666668,20.494488,-15.004551,1.9982848,-0.2567876,-0.004778428,-0.004065035,0.9664475,-0.0035045631,0.005367842,-0.11539009,0.11579171,0.4298156,-0.069216244,0.0065315906,-0.0017305944,-0.115370326,0.06727863,-0.0162024,-9.7931595,20.494493,-15.006631,1.1982878,-0.00040981136,0.1489666,0.40981135,0.11064916,-204.37416,738.81006,120.79033,-2282.9648,-204.37416,738.81006,120.79033,-2282.9648,-1.0,1.0,1.0,-1.0,0.0,0.4,0.4,-0.4
19.933333333333334,20.494558,-15.004632,1.9981985,-0.25767848,-0.0059935143,-0.0006120633,0.96621186,-0.00045074988,0.0067143617,0.031536758,0.54427916,-0.09743008,0.17425881,0.0033789754,-0.0057329815,0.031552628,-0.1891569,-0.24014322,8.815376,20.494503,-15.006675,1.1982013,0.0039615096,0.14630282,0.26227924,-0.15982656,595.1722,299.69705,-747.5316,192.8846,595.1722,299.69705,-747.5316,192.8846,1.0,1.0,-1.0,1.0,33.524375915527344,0.4,-0.4,0.4
19.95,20.494602,-15.004729,1.9966773,-0.25759727,-0.002396837,0.0022898351,0.96624666,0.001282064,0.0053415536,-0.13225442,0.118831456,-0.6434934,-0.0692028,0.0023156982,-0.0056927633,-0.1322257,-0.06379663,0.0024130938,-9.826699,20.494514,-15.006716,1.1966797,0.006283774,0.142273,0.13933586,-0.2417895,-38.959194,-514.0465,-312.47137,-1021.7837,-38.959194,-514.0465,-312.47137,-1021.7837,-1.0,-1.0,-1.0,-1.0,0.0,-0.4,-0.4,-0.4
19.966666666666665,20.494621,-15.004799,1.9963156,-0.25556776,-0.00022458669,0.0011540771,0.9667904,0.0005906164,0.0038794247,0.015125292,-0.30449587,-0.07560307,-0.31248787,0.0013881039,-0.003632491,0.015134444,-0.05565565,0.12361633,8.841608,20.49452,-15.006744,1.196318,0.0072400006,0.13933599,0.057373594,-0.17622022,697.0955,-323.71323,581.0037,-1130.4706,697.0955,-323.71323,581.0037,-1130.4706,1.0,-1.0,1.0,-1.0,33.524375915527344,-0.4,0.4,-0.4
19.983333333333334,20.494654,-15.004854,1.9984105,-0.25452262,-0.003086475,0.0005450942,0.9670617,-0.001030877,0.0042315796,0.16256146,0.12424469,0.49252832,-0.06908984,0.0019648557,-0.0032598614,0.16257524,0.034605104,0.022357775,8.846448,20.494534,-15.0067625,1.1984129,0.008606038,0.13667221,0.08196224,-0.15982656,85.376274,392.2286,100.13253,565.6206,85.376274,392.2286,100.13253,565.6206,1.0,1.0,1.0,1.0,33.524375915527344,0.4,0.4,0.4
20.0,20.494673,-15.004902,1.999073,-0.25544,-0.0033331774,-0.0011901511,0.9668184,0.0007508304,0.0030161075,-0.0011994019,-0.30054194,-0.055078506,0.17376894,0.000843935,-0.0029885478,-0.0012064726,-0.06725524,0.016278815,-9.826902,20.494545,-15.006773,1.1990752,0.009152453,0.13400844,0.032784916,-0.15982656,-506.5361,-66.35891,-708.2698,385.55325,-506.5361,-66.35891,-708.2698,385.55325,-1.0,-1.0,-1.0,1.0,0.0,-0.4,-0.4,0.4
20.016666666666666,20.494663,-15.004981,2.0008895,-0.25537682,0.00025228166,-6.367031e-05,0.9668416,0.003555133,0.0041116364,0.14574264,0.12776768,-0.5823412,-0.068930216,-0.0009851832,-0.0053300895,0.1457432,-0.10974709,-0.1404925,8.81698,20.494558,-15.006778,1.2008917,0.0075132083,0.12868087,-0.0983547,-0.31965402,38.906845,623.81036,-178.53468,-2195.0225,38.906845,623.81036,-178.53468,-2195.0225,1.0,1.0,-1.0,-1.0,33.524375915527344,0.4,-0.4,-0.4
20.03333333333333,20.494654,-15.005057,2.0012774,-0.25334877,0.002042375,-0.0012426282,0.96737194,0.0025728205,0.0036501503,-0.017547403,-0.2985397,-0.0347234,-0.3122226,-0.00053375156,-0.0044186586,-0.01755121,0.027085895,0.054685853,-9.797665,20.494574,-15.006779,1.2012794,0.005737359,0.12328501,-0.10655094,-0.32375154,-616.9912,-62.71662,628.26495,-92.15182,-616.9912,-62.71662,628.26495,-92.15182,-1.0,-1.0,1.0,-1.0,0.0,-0.4,0.4,-0.4
20.05,20.49467,-15.005138,2.0028281,-0.25229755,-0.0011598205,-0.0018792681,0.9676471,0.0005435855,0.0050250883,0.1299002,0.13039786,0.5332399,-0.06883761,0.0018108498,-0.0051991963,0.12988187,0.14067607,-0.04683226,8.845984,20.494583,-15.00677,1.20283,0.006283774,0.11686462,0.03278489,-0.3852233,74.1767,603.3056,201.3924,572.5758,74.1767,603.3056,201.3924,572.5758,1.0,1.0,1.0,1.0,33.524375915527344,0.4,0.4,0.4
20.066666666666666,20.494698,-15.005236,2.0029464,-0.25320458,-0.0030954087,0.0014914402,0.96740663,0.0019860414,0.00583412,-0.033837244,0.5560382,-0.014166087,0.17470264,0.0013549688,-0.0061036027,-0.03382086,-0.027352858,-0.05426438,-9.822163,20.494596,-15.006761,1.2029479,0.0072400006,0.10921479,0.057373594,-0.45898986,-505.4862,163.49759,-661.38556,387.6739,-505.4862,163.49759,-661.38556,387.6739,-1.0,1.0,-1.0,1.0,0.0,0.4,-0.4,0.4
20.083333333333332,20.49468,-15.005327,2.004219,-0.25312603,-0.0003085857,0.004280752,0.96742374,0.004195246,0.004489989,0.11301331,0.13341123,-0.5399393,-0.06868477,-0.0017710286,-0.0050507407,0.11305363,-0.18755983,0.06317172,8.812469,20.494612,-15.006744,1.2042203,0.004917736,0.10149667,-0.13933586,-0.46308738,101.177,-740.3212,-250.4362,-775.8189,101.177,-740.3212,-250.4362,-775.8189,1.0,-1.0,-1.0,-1.0,33.524375915527344,-0.4,-0.4,-0.4
20.1,20.494654,-15.005398,2.0040622,-0.2510954,0.0011164101,0.0030525252,0.9679569,0.0029767985,0.0027093594,-0.05027362,-0.2928914,0.007601917,-0.3119789,-0.0013159757,-0.004139938,-0.050247066,0.027303174,0.05464816,-9.798041,20.494623,-15.0067215,1.2040632,0.0021856606,0.094803065,-0.16392452,-0.40161607,-622.17694,-478.7121,558.75226,-128.10548,-622.17694,-478.7121,558.75226,-128.10548,-1.0,-1.0,1.0,-1.0,0.0,-0.4,0.4,-0.4
20.116666666666667,20.49464,-15.0054455,2.0050678,-0.25005996,-0.0024444899,0.0023807976,0.9682243,0.0010853324,0.0025101746,0.09718082,0.13621342,0.5753943,-0.06861263,-0.000309849,-0.0023925605,0.09718935,0.060367595,0.10484264,8.846184,20.494633,-15.006698,1.2050691,0.00054641516,0.08968042,-0.09835473,-0.30735877,121.63074,185.53403,29.331127,586.1478,121.63074,185.53403,29.331127,586.1478,1.0,1.0,1.0,1.0,33.524375915527344,0.4,0.4,0.4
20.133333333333333,20.494627,-15.005482,2.0046406,-0.25098395,-0.003391923,0.00057015725,0.96798515,0.0026924692,0.00096508954,-0.06658007,-0.28860635,0.027914733,0.17425063,-0.001427999,-0.0021119057,-0.06659269,-0.06708899,0.016839284,-9.826922,20.494654,-15.006671,1.2046415,-0.001912453,0.0851725,-0.14753208,-0.27047527,-491.96814,-219.04181,-761.98254,395.8487,-491.96814,-219.04181,-761.98254,395.8487,-1.0,-1.0,-1.0,1.0,0.0,-0.4,-0.4,0.4
20.15,20.494574,-15.005533,2.0053678,-0.25091803,-0.0004952349,0.0016025238,0.9680068,0.0048611313,0.001424998,0.08035517,0.13970816,-0.4993509,-0.06848034,-0.0036984482,-0.003377677,0.080358736,-0.13622694,-0.07594627,8.817086,20.494669,-15.006639,1.2053688,-0.0068301894,0.07916192,-0.29506415,-0.3606346,167.67456,477.8658,-383.82407,-2026.9443,167.67456,477.8658,-383.82407,-2026.9443,1.0,1.0,-1.0,-1.0,33.524375915527344,0.4,-0.4,-0.4
20.166666666666668,20.494516,-15.005579,2.0046654,-0.24889185,0.000592643,0.0003365956,0.9685311,0.003919413,0.00057310006,-0.082943745,-0.28659332,0.04810825,-0.3117743,-0.0032388356,-0.0024702663,-0.082938306,0.027576754,0.054444633,-9.797822,20.494682,-15.006605,1.2046664,-0.011884529,0.073492855,-0.30326036,-0.34014386,-528.97833,-257.68936,438.84824,-7.968833,-528.97833,-257.68936,438.84824,-7.968833,-1.0,-1.0,1.0,-1.0,0.0,-0.4,0.4,-0.4
20.183333333333334,20.494461,-15.005627,2.0051203,-0.24784856,0.0033157242,0.0013371271,0.9687922,0.0045777243,0.0012422414,0.06399028,0.14205134,-0.4780243,-0.068268396,-0.0030499527,-0.0030169662,0.064022265,0.011332975,-0.03280199,8.817634,20.494694,-15.006565,1.2051208,-0.016665662,0.06720907,-0.28686795,-0.37702692,267.38678,443.5869,-111.028534,600.1263,267.38678,443.5869,-111.028534,600.1263,1.0,1.0,-1.0,1.0,33.524375915527344,0.4,-0.4,0.4
20.2,20.494417,-15.005662,2.004146,-0.24875921,0.0042292913,4.3562377e-05,0.9685561,0.0024056898,0.000586089,-0.09930187,-0.2833425,0.069071755,0.174371,-0.0026368378,-0.0018901187,-0.09927974,0.024786893,0.067610845,-9.79812,20.494709,-15.006521,1.2041464,-0.02090038,0.06154002,-0.25408307,-0.3401432,-470.39383,-301.44144,719.99725,5.207754,-470.39383,-301.44144,719.99725,5.207754,-1.0,-1.0,1.0,1.0,0.0,-0.4,0.4,0.4
20.216666666666665,20.494415,-15.005691,2.0043342,-0.24869373,0.000166005,-0.00067715294,0.96858186,0.0001591352,0.0018767522,0.04814916,0.14457607,0.6355384,-0.06858266,0.0007963952,-0.0017804515,0.048146494,0.20599397,0.006580031,8.845573,20.494719,-15.006475,1.2043349,-0.021720001,0.056212462,-0.049177293,-0.31965336,307.99585,457.47147,211.30806,-1659.4899,307.99585,457.47147,211.30806,-1659.4899,1.0,1.0,1.0,-1.0,33.524375915527344,0.4,0.4,-0.4
20.233333333333334,20.494413,-15.005715,2.0030894,-0.24960998,-0.001289711,-0.002546346,0.9683422,0.0014411656,0.0016484769,-0.11561618,-0.28028625,0.088121854,0.1742961,-0.00032285406,-0.0014951143,-0.1156268,-0.06715495,0.017120233,-9.826397,20.494728,-15.006428,1.2030901,-0.022539625,0.05102152,-0.049177404,-0.31145653,-274.93423,-20.227568,-708.20807,379.0449,-274.93423,-20.227568,-708.20807,379.0449,-1.0,-1.0,-1.0,1.0,0.0,-0.4,-0.4,0.4
20.25,20.494398,-15.005777,2.002999,-0.24955294,0.0011046812,-0.0015763968,0.9683592,0.002905142,0.003328063,0.03132956,0.14802486,-0.43912312,-0.06846662,-0.0008431244,-0.0043960083,0.031321265,-0.031216217,-0.17405364,8.816884,20.494734,-15.006378,1.2029991,-0.024042265,0.043030195,-0.090158425,-0.47947946,433.563,690.79333,-185.56458,-1773.7253,433.563,690.79333,-185.56458,-1773.7253,1.0,1.0,-1.0,-1.0,33.524375915527344,0.4,-0.4,-0.4
20.266666666666666,20.4944,-15.005856,2.0014806,-0.2476245,0.0003722947,0.0022510542,0.96885335,0.0017643245,0.0036803596,-0.1319189,0.5724635,0.1073907,-0.2964479,0.00026987705,-0.0046752794,-0.13189892,0.06678008,-0.016756263,-9.793211,20.494747,-15.006329,1.2014809,-0.024861889,0.03387774,-0.049177404,-0.5491472,-252.66003,62.822067,608.9073,-0.938882,-252.66003,62.822067,608.9073,-0.938882,-1.0,1.0,1.0,-0.938882,0.0,0.4,0.4,-0.3755528
20.28333333333333,20.494387,-15.005906,2.0011182,-0.24669513,0.0021780655,0.004913046,0.9690782,0.0021058423,0.001742752,0.014951552,0.15027338,-0.4212746,-0.053486276,-0.000989326,-0.0023789355,0.014979405,-0.07555218,0.13778062,8.812699,20.494751,-15.006274,1.2011185,-0.026091324,0.026364531,-0.073766105,-0.45079258,551.6849,-837.6562,-73.135086,447.61627,551.6849,-837.6562,-73.135086,447.61627,1.0,-1.0,-1.0,1.0,33.524375915527344,-0.4,-0.4,0.4
20.3,20.494375,-15.005937,1.9993265,-0.24478503,0.0026029367,0.0035729292,0.9695673,0.0001504028,0.0002122107,-0.14833471,-0.27595177,0.12602855,-0.29679123,-0.0005208867,-0.0014749098,-0.1483267,0.02810636,0.054241534,-9.798366,20.494757,-15.006222,1.1993265,-0.02732076,0.020422265,-0.073766105,-0.35653597,-155.84605,-647.67084,653.7692,-83.8132,-155.84605,-647.67084,653.7692,-83.8132,-1.0,-1.0,1.0,-1.0,0.0,-0.4,0.4,-0.4
20.316666666666666,20.49439,-15.005931,1.9986973,-0.24387516,-0.0019508296,0.0028254287,0.9698005,-0.0014289662,-0.00012973894,-0.00089641975,0.15365002,0.6932995,-0.053479917,0.0012022391,0.00078619126,-0.00089379534,0.10338754,0.13566606,8.845973,20.49476,-15.006166,1.1986973,-0.026501136,0.016870568,0.049177404,-0.21310183,686.0955,29.941803,48.79639,539.834,686.0955,29.941803,48.79639,539.834,1.0,1.0,1.0,1.0,33.524375915527344,0.4,0.4,0.4
20.333333333333332,20.494373,-15.005897,2.0005183,-0.2449257,-0.004023947,0.0009085714,0.969533,-0.00034278445,-0.0023668923,0.14598718,-0.2683407,0.16605406,0.1893908,-0.002026505,0.0022151521,0.14597589,-0.19372463,0.085737646,8.8121805,20.494764,-15.006109,1.2005186,-0.028003776,0.015231322,-0.090158425,-0.09835476,72.488396,-319.831,-777.41364,343.83237,72.488396,-319.831,-777.41364,343.83237,1.0,-1.0,-1.0,1.0,33.524375915527344,-0.4,-0.4,0.4
20.35,20.49433,-15.005876,2.000905,-0.2449804,-0.0021522867,0.0018165375,0.96952385,0.0016912261,-0.00220232,-0.017712647,0.15689045,-0.3812794,-0.053413566,-0.002444674,0.001090853,-0.017727999,-0.025090136,-0.067457944,-9.822233,20.49476,-15.006055,1.2009053,-0.030872455,0.012840756,-0.17212069,-0.14343391,-570.2516,387.83667,-556.69293,-1306.2941,-570.2516,387.83667,-556.69293,-1306.2941,-1.0,1.0,-1.0,-1.0,0.0,0.4,-0.4,-0.4
20.366666666666667,20.49428,-15.005836,2.002452,-0.24307679,-0.0021857931,0.00042641198,0.9700045,0.0011807461,-0.0038384625,0.12964386,-0.2662672,0.18597871,-0.29672167,-0.0034279288,0.0027975354,0.12963055,-0.05899528,0.102400936,8.841513,20.494764,-15.005997,1.202452,-0.034697365,0.01154302,-0.2294946,-0.077864185,47.975952,-391.7164,216.71536,-57.4371,47.975952,-391.7164,216.71536,-57.4371,1.0,-1.0,1.0,-1.0,33.524375915527344,-0.4,0.4,-0.4
20.383333333333333,20.494215,-15.0058,2.0025659,-0.24215251,-0.00048641892,0.0013099503,0.9702372,0.002561354,-0.0036048784,-0.03406089,0.16006225,-0.36035132,-0.053236533,-0.0039011047,0.0018999854,-0.034071565,-0.028390553,-0.053852998,-9.822126,20.49476,-15.00594,1.202566,-0.039068684,0.010040378,-0.26227912,-0.090158485,-499.83966,362.80878,-435.66183,728.91943,-499.83966,362.80878,-435.66183,728.91943,-1.0,1.0,-1.0,1.0,0.0,0.4,-0.4,0.4
20.4,20.49415,-15.005748,2.00384,-0.24024732,-0.00069834915,-9.328496e-05,0.97071147,0.0015262179,-0.0048744343,0.11329159,-0.26311335,0.2068575,-0.29654604,-0.0037720976,0.003541347,0.11328859,0.0077404217,0.0984817,8.841608,20.494755,-15.005882,1.2038406,-0.043303404,0.009630566,-0.2540832,-0.024588702,70.89168,-389.93152,276.84512,-29.862864,70.89168,-389.93152,276.84512,-29.862864,1.0,-1.0,1.0,-1.0,33.524375915527344,-0.4,0.4,-0.4
20.416666666666668,20.494081,-15.0057,2.0036817,-0.23932575,0.00082851376,0.0007713956,0.9709386,0.002434441,-0.0043744254,-0.050412495,0.16335586,-0.33948106,-0.053057976,-0.0042510396,0.002646424,-0.050412368,-0.028736515,-0.053695377,-9.822057,20.494751,-15.005824,1.2036818,-0.047947936,0.008879246,-0.2786719,-0.045079213,-486.19543,367.15552,-367.46664,723.2284,-486.19543,367.15552,-367.46664,723.2284,-1.0,1.0,-1.0,1.0,0.0,0.4,-0.4,0.4
20.433333333333334,20.494022,-15.005638,2.0046835,-0.23741889,0.00043876455,-0.0006434707,0.97140694,0.0010055718,-0.0053039445,0.09693856,-0.2598362,0.22767425,-0.2963678,-0.003226455,0.004141176,0.09694673,0.06147507,0.08968511,8.841546,20.494741,-15.005767,1.2046843,-0.051499635,0.009220756,-0.21310194,0.020490566,111.936035,-380.30453,345.87482,-18.820213,111.936035,-380.30453,345.87482,-18.820213,1.0,-1.0,1.0,-1.0,33.524375915527344,-0.4,0.4,-0.4
20.45,20.493965,-15.005579,2.004253,-0.23649915,0.0017937544,0.00020409367,0.97163004,0.0015635611,-0.0045609022,-0.066761665,0.16677088,-0.318671,-0.05287699,-0.003711013,0.0032490017,-0.066753566,-0.029073467,-0.053530462,-9.822018,20.494736,-15.005707,1.2042532,-0.05518794,0.009152453,-0.22129832,-0.0040981355,-456.79572,377.13486,-295.62924,713.89014,-456.79572,377.13486,-295.62924,713.89014,-1.0,1.0,-1.0,1.0,0.0,0.4,-0.4,0.4
20.466666666666665,20.493921,-15.005507,2.0049822,-0.2345908,0.0012260457,-0.001221408,0.97209257,-0.00012808666,-0.005176406,0.08058909,-0.25643626,0.24842718,-0.29618537,-0.0020086146,0.004520053,0.08060365,0.10214389,0.07626308,8.841434,20.494717,-15.005646,1.2049828,-0.056963786,0.009903775,-0.106550746,0.04507927,171.003,-363.88303,418.4227,-16.991802,171.003,-363.88303,418.4227,-16.991802,1.0,-1.0,1.0,-1.0,33.524375915527344,-0.4,0.4,-0.4
20.483333333333334,20.493883,-15.005442,2.0042794,-0.23367326,0.0024090386,-0.00038911233,0.97231203,0.00020166254,-0.0042132204,-0.08310625,0.17030764,-0.29792383,-0.052692477,-0.0024985848,0.003630791,-0.08309642,-0.02939821,-0.053355716,-9.822004,20.494705,-15.005585,1.20428,-0.058876246,0.010245284,-0.11474758,0.020490566,-409.7317,394.72583,-224.08409,701.10065,-409.7317,394.72583,-224.08409,701.10065,-1.0,1.0,-1.0,1.0,0.0,0.4,-0.4,0.4
20.5,20.493872,-15.005369,2.0047364,-0.2317637,0.001663913,-0.0018235068,0.9727689,-0.0016212789,-0.0045399778,0.064244,-0.25291368,0.26911595,-0.295998,-0.00033770147,0.004604908,0.064258955,0.12965299,0.058447022,8.841322,20.49469,-15.005525,1.2047366,-0.058603037,0.011133209,0.016392542,0.053275485,248.14662,-335.95654,486.1993,-19.834936,248.14662,-335.95654,486.1993,-19.834936,1.0,-1.0,1.0,-1.0,33.524375915527344,-0.4,0.4,-0.4
20.516666666666666,20.493858,-15.005305,2.0037613,-0.23084734,0.0026754783,-0.0010046419,0.97298574,-0.0013979874,-0.003379212,-0.09944712,0.17396504,-0.2772405,-0.052503876,-0.0008329207,0.0037186379,-0.09944135,-0.029713154,-0.053176217,-9.822019,20.494669,-15.0054655,1.2037616,-0.058056615,0.011474718,0.032785308,0.020490566,-340.07474,424.14108,-164.71509,688.6605,-340.07474,424.14108,-164.71509,688.6605,-1.0,1.0,-1.0,1.0,0.0,0.4,-0.4,0.4
20.53333333333333,20.493874,-15.005236,2.0039458,-0.22893684,0.0017530005,-0.0024467043,0.97343653,-0.003220954,-0.0034419973,0.04790229,-0.24926865,0.28973597,-0.29580614,0.0015663424,0.004327066,0.047913197,0.14395578,0.036505673,8.841272,20.494646,-15.0054035,1.2039466,-0.055324543,0.012021133,0.1639243,0.03278486,343.21014,-293.9199,543.9905,-26.274008,343.21014,-293.9199,543.9905,-26.274008,1.0,-1.0,1.0,-1.0,33.524375915527344,-0.4,0.4,-0.4
20.55,20.49389,-15.005176,2.002698,-0.22802246,0.0025927804,-0.0016398455,0.973651,-0.0029824194,-0.002105719,-0.115786344,0.1777434,-0.2566246,-0.052310996,0.0010660737,0.0034438719,-0.11578778,-0.030016124,-0.052991632,-9.822059,20.494617,-15.005343,1.2026983,-0.05204605,0.012021133,0.19670962,0.0,-249.9123,465.4272,-119.4276,676.0562,-249.9123,465.4272,-119.4276,676.0562,-1.0,1.0,-1.0,1.0,0.0,0.4,-0.4,0.4
20.566666666666666,20.493942,-15.005116,2.0026102,-0.22611156,0.0014933728,-0.0030879576,0.97409534,-0.0046739206,-0.0019285311,0.0315618,-0.24550384,0.31028193,-0.2956075,0.0034823613,0.0036216832,0.031566888,0.14497724,0.010668681,8.841279,20.494593,-15.005281,1.2026106,-0.046581898,0.011816228,0.32784906,-0.012294295,456.20102,-234.97008,582.9642,-34.352707,456.20102,-234.97008,582.9642,-34.352707,1.0,-1.0,1.0,-1.0,33.524375915527344,-0.4,0.4,-0.4
20.583333333333332,20.493996,-15.00507,2.0010903,-0.22519745,0.0021623003,-0.0022908654,0.974308,-0.004298753,-0.0004385314,-0.13212658,0.18163958,-0.23608243,-0.05211237,0.002977225,0.0027416232,-0.13213526,-0.030308178,-0.0528036,-9.822128,20.494564,-15.005222,1.2010906,-0.04070793,0.010928303,0.352438,-0.053275485,-141.85538,515.0786,-92.64832,663.58124,-141.85538,515.0786,-92.64832,663.58124,-1.0,1.0,-1.0,1.0,0.0,0.4,-0.4,0.4
20.6,20.494072,-15.005028,2.00073,-0.2232858,0.00088621664,-0.0037437268,0.9747454,-0.005727787,-4.4796616e-05,0.0152209755,-0.24161816,0.33075544,-0.29540202,0.005188888,0.0024285726,0.01522055,0.13269977,-0.018783033,8.841348,20.49453,-15.005157,1.2007302,-0.032784913,0.009289057,0.47538105,-0.09835476,585.58466,-153.84514,595.87213,-41.314514,585.58466,-153.84514,595.87213,-41.314514,1.0,-1.0,1.0,-1.0,33.524375915527344,-0.4,0.4,-0.4
20.616666666666667,20.494152,-15.005,1.9989375,-0.2223729,0.0013842337,-0.0029550719,0.97495615,-0.005094816,0.0015776195,-0.14846925,0.18565544,-0.21561188,-0.051907297,0.0046791127,0.0015517246,-0.14848322,-0.030586513,-0.052610878,-9.822226,20.494497,-15.0050955,1.1989378,-0.024725284,0.0068301894,0.48357767,-0.14753205,-17.505146,569.38525,-90.11877,654.04376,-17.505146,569.38525,-90.11877,654.04376,-1.0,1.0,-1.0,1.0,0.0,0.4,-0.4,0.4
20.633333333333333,20.494253,-15.004988,1.9983048,-0.22046149,-6.799712e-05,-0.004411145,0.97538567,-0.006130735,0.002165224,-0.0011202651,-0.23761445,0.35114866,-0.2951903,0.0064639566,0.0006916492,-0.0011260513,0.10709063,-0.05160452,8.84143,20.494461,-15.005034,1.1983049,-0.014889813,0.0033467927,0.59012824,-0.20900379,711.2008,-45.166157,575.80194,-42.14956,711.2008,-45.166157,575.80194,-42.14956,1.0,-1.0,1.0,-1.0,33.524375915527344,-0.4,0.4,-0.4
20.65,20.494358,-15.005022,2.0001228,-0.21954767,0.00013414254,-0.0036369131,0.97559494,-0.0047389967,0.0044906586,0.14584395,0.19293377,-0.17531894,-0.051698968,0.0064769266,-0.0030539013,0.14581428,0.0007782038,-0.22473302,8.81642,20.494421,-15.004968,1.200123,-0.004507925,-0.0038932078,0.6229133,-0.4344,121.68351,621.41394,-117.35445,647.4523,121.68351,621.41394,-117.35445,647.4523,1.0,1.0,-1.0,1.0,33.524375915527344,0.4,-0.4,0.4
20.666666666666668,20.494478,-15.005075,2.000513,-0.22060262,-0.0027102693,9.687347e-05,0.9753599,-0.0053435694,0.0060866335,-0.0174409,0.61840814,0.37085658,0.19151205,0.0075356355,-0.0031771334,-0.017404193,0.06352253,-0.007393928,-9.793109,20.494379,-15.004903,1.200513,0.007103397,-0.012362642,0.6966793,-0.508166,-543.26355,142.22107,533.6247,154.37187,-543.26355,142.22107,533.6247,154.37187,-1.0,1.0,1.0,1.0,0.0,0.4,0.4,0.4
20.683333333333334,20.494566,-15.005128,2.002059,-0.22066934,-0.0030783953,0.0025816471,0.97534037,-0.0033471673,0.0053733853,0.1294235,0.19482628,-0.15422495,-0.05153068,0.0044093956,-0.0029332042,0.12946998,-0.18757439,0.014635752,8.81245,20.494343,-15.004841,1.2020591,0.015982643,-0.02055887,0.5327547,-0.4917736,127.88784,-775.9739,-400.8944,-134.22716,127.88784,-775.9739,-400.8944,-134.22716,1.0,-1.0,-1.0,-1.0,33.524375915527344,-0.4,-0.4,-0.4
20.7,20.494642,-15.005164,2.0021758,-0.22173785,-0.004923843,0.0011012544,0.97509325,-0.003299268,0.0036131172,-0.033874474,-0.23122847,0.39232352,0.1911621,0.0048788753,-0.0018298548,-0.03382703,0.02816878,0.06620096,-9.797819,20.494303,-15.004778,1.2021763,0.024315475,-0.027662268,0.49996987,-0.42620388,-577.5241,-432.4015,201.56361,153.14766,-577.5241,-432.4015,201.56361,153.14766,-1.0,-1.0,1.0,1.0,0.0,-0.4,0.4,0.4
20.716666666666665,20.494677,-15.005207,2.003449,-0.22180682,-0.005063618,0.0018380125,0.97507566,-0.0006282148,0.0038241362,0.11308884,0.19712338,-0.13493061,-0.05166027,0.0010115134,-0.003024754,0.11311027,-0.2320417,-0.07169396,8.816237,20.49427,-15.004713,1.2034492,0.029096607,-0.035380382,0.28686795,-0.4630868,89.148605,355.1116,-716.4939,-958.91077,89.148605,355.1116,-716.4939,-958.91077,1.0,1.0,-1.0,-1.0,33.524375915527344,0.4,-0.4,-0.4
20.733333333333334,20.49468,-15.005253,2.0032868,-0.22285968,-0.00041174915,0.0018595675,0.9748486,0.001242504,0.0021833477,-0.050674748,-0.22801699,-0.6809689,0.19113688,-8.771868e-05,-0.0026807622,-0.050666034,-0.065953925,0.020639513,-9.826578,20.494238,-15.004652,1.2032876,0.031692076,-0.043030195,0.15572815,-0.45898876,-551.1351,-311.80402,-89.693954,179.74661,-551.1351,-311.80402,-89.693954,179.74661,-1.0,-1.0,-1.0,1.0,0.0,-0.4,-0.4,0.4
20.75,20.494694,-15.005286,2.0042853,-0.22293016,0.0014956945,0.0031035398,0.9748283,0.0002437433,0.002460178,0.09675691,0.2017322,-0.11487326,-0.051619075,0.0009980581,-0.0016715527,0.09676891,0.06514661,0.06055257,8.846097,20.49421,-15.004593,1.2042859,0.034697365,-0.049655482,0.1803173,-0.3975172,148.78708,183.7273,768.16034,-4202.4785,148.78708,183.7273,768.16034,-4202.4785,1.0,1.0,1.0,-1.0,33.524375915527344,0.4,0.4,-0.4
20.766666666666666,20.494713,-15.0053005,2.0038567,-0.22399475,-0.00067726773,0.0015974898,0.9745888,-0.0010298602,0.00092047005,-0.06653894,-0.22431123,0.43157837,0.19105226,0.0014638541,-0.00056545367,-0.066534765,0.027947757,0.066365935,-9.79822,20.494177,-15.004537,1.2038573,0.038385667,-0.054709822,0.2212981,-0.30326036,-538.706,-586.6922,371.9435,163.11516,-538.706,-586.6922,371.9435,163.11516,-1.0,-1.0,1.0,1.0,0.0,-0.4,0.4,0.4
20.78333333333333,20.494726,-15.005314,2.004585,-0.22406648,-0.0011511648,0.0023154612,0.97457045,0.00013000553,0.0012368765,0.0804193,0.2039553,-0.09559383,-0.05176825,0.00015934298,-0.0008479865,0.08042429,-0.07827066,-0.016951969,8.817543,20.494154,-15.004485,1.2045859,0.04098114,-0.059354357,0.15572837,-0.2786721,177.92317,208.83517,-533.28503,-712.89435,177.92317,208.83517,-533.28503,-712.89435,1.0,1.0,-1.0,-1.0,33.524375915527344,0.4,-0.4,-0.4
20.8,20.49473,-15.005316,2.0038843,-0.22513074,-0.003484077,0.00079169765,0.97432196,-0.00013874052,-0.00021770946,-0.08287644,-0.22208333,0.45080727,0.19089557,0.00062137545,0.00025866227,-0.082874104,0.027721947,0.06639892,-9.797903,20.494123,-15.004436,1.203885,0.043440007,-0.06304266,0.14753199,-0.22129832,-478.65894,-507.13626,116.485466,169.74767,-478.65894,-507.13626,116.485466,169.74767,-1.0,-1.0,1.0,1.0,0.0,-0.4,0.4,0.4
20.816666666666666,20.494705,-15.005327,2.0043402,-0.2251985,-0.0041187187,0.0014911849,0.974303,0.0020701196,0.00012327952,0.06408949,0.20614116,-0.076357886,-0.051930685,-0.0023633945,-0.00095187983,0.06407239,-0.17908618,-0.07263253,8.816789,20.494102,-15.004388,1.204341,0.043166798,-0.06727738,-0.016392542,-0.25408295,250.27704,317.11765,-815.1158,-742.8104,250.27704,317.11765,-815.1158,-742.8104,1.0,1.0,-1.0,-1.0,33.524375915527344,0.4,-0.4,-0.4
20.833333333333332,20.49465,-15.00534,2.0033607,-0.22624995,4.022216e-05,0.0014909396,0.9740681,0.003306449,-0.0012627353,-0.099702954,-0.21909231,-0.6224461,0.1908884,-0.00346506,-0.00061532314,-0.09970366,-0.06609992,0.0201934,-9.826563,20.494078,-15.004343,1.2033617,0.04098114,-0.0713755,-0.13113944,-0.24588703,-394.55182,-354.82382,-228.73248,192.7469,-394.55182,-354.82382,-228.73248,192.7469,-1.0,-1.0,-1.0,1.0,0.0,-0.4,-0.4,0.4
20.85,20.494606,-15.005341,2.003542,-0.22631994,0.0014511626,0.0027031123,0.9740482,0.0019998527,-0.00091165723,0.047727548,0.21061385,-0.056372836,-0.05189354,-0.0021203975,0.0002192265,0.047730546,0.08067974,0.050072975,8.846052,20.494059,-15.004302,1.203543,0.03920529,-0.07438078,-0.10655097,-0.18031685,366.08698,180.9233,670.9246,-4050.5576,366.08698,180.9233,670.9246,-4050.5576,1.0,1.0,1.0,-1.0,33.524375915527344,0.4,0.4,-0.4
20.866666666666667,20.49458,-15.005319,2.002296,-0.22738205,-0.0012079659,0.0011516246,0.9738042,0.0011138392,-0.002250033,-0.11556381,-0.21541744,0.489924,0.19075654,-0.0016626795,0.0013283779,-0.115571484,0.02746308,0.06654908,-9.798121,20.494043,-15.004257,1.2022969,0.038385667,-0.076020025,-0.049177404,-0.09835481,-320.31824,-606.81537,176.53629,174.76855,-320.31824,-606.81537,176.53629,174.76855,-1.0,-1.0,1.0,1.0,0.0,-0.4,0.4,0.4
20.883333333333333,20.494535,-15.005306,2.0022068,-0.22745088,-0.0021749844,0.001828408,0.97378534,0.002565546,-0.001914266,0.031404,0.21272494,-0.037178345,-0.052079983,-0.0033071765,0.0006604478,0.031386048,-0.09866982,-0.0400758,8.8174515,20.494032,-15.004225,1.2022079,0.036063403,-0.07745437,-0.13933583,-0.086060904,445.84665,227.92538,-772.0856,-577.9025,445.84665,227.92538,-772.0856,-577.9025,1.0,1.0,-1.0,-1.0,33.524375915527344,0.4,-0.4,-0.4
20.9,20.494461,-15.005288,2.0006828,-0.22849813,0.0016535212,0.0018146458,0.9735412,0.0029733363,-0.003218419,-0.13239254,-0.21257149,-0.5832987,0.1907563,-0.004411198,0.0009916672,-0.13238785,-0.066241294,0.019873159,-9.826433,20.494013,-15.0041895,1.2006838,0.032101892,-0.07868381,-0.23769064,-0.073766105,-185.57756,-469.17352,-177.13649,185.52228,-185.57756,-469.17352,-177.13649,185.52228,-1.0,-1.0,-1.0,1.0,0.0,-0.4,-0.4,0.4
20.916666666666668,20.494417,-15.005256,2.0003188,-0.2285683,0.002731863,0.003008045,0.9735194,0.0010140834,-0.002911862,0.015046961,0.21710967,-0.017233342,-0.052047994,-0.0021446834,0.0022631933,0.015039835,0.13599089,0.07629156,8.84566,20.494003,-15.00416,1.2003196,0.029643022,-0.0784789,-0.14753221,0.012294351,587.0112,71.274925,719.8556,-3939.401,587.0112,71.274925,719.8556,-3939.401,1.0,1.0,1.0,-1.0,33.524375915527344,0.4,0.4,-0.4
20.933333333333334,20.494387,-15.005206,1.9985282,-0.22962926,-0.00025230896,0.0014275669,0.9732771,-1.9381521e-05,-0.0042043068,-0.14825235,-0.20891714,0.5289593,0.19059625,-0.0016919159,0.0033747803,-0.1482639,0.027166046,0.06669522,-9.7982235,20.493992,-15.004137,1.1985292,0.028276984,-0.07656644,-0.081962265,0.11474758,-73.515144,-709.6793,199.56279,160.93782,-73.515144,-709.6793,199.56279,160.93782,-1.0,-1.0,1.0,1.0,0.0,-0.4,0.4,0.4
20.95,20.494349,-15.005153,1.9978943,-0.22969787,-0.0015500487,0.0020796906,0.9732585,0.0011810856,-0.0039518583,-0.0012822683,0.21914458,0.0019120276,-0.05224954,-0.0028182487,0.003002454,-0.001303498,-0.06757996,-0.022339573,8.817624,20.493986,-15.004116,1.1978952,0.025954721,-0.07424418,-0.13933572,0.13933583,706.1494,121.54417,-764.1027,-493.86823,706.1494,121.54417,-764.1027,-493.86823,1.0,1.0,-1.0,-1.0,33.524375915527344,0.4,-0.4,-0.4
20.966666666666665,20.494272,-15.005085,1.9997087,-0.23074321,0.0018246259,0.0020418586,0.9730107,0.0029436215,-0.0058504282,0.14558442,-0.20306703,-0.52435744,0.19061518,-0.0048774695,0.0046067103,0.14557713,-0.12355324,0.09625537,8.812838,20.493979,-15.004105,1.1997094,0.021036983,-0.07021437,-0.29506433,0.24178861,98.749794,-581.59424,-190.17326,168.08372,98.749794,-581.59424,-190.17326,168.08372,1.0,-1.0,-1.0,1.0,33.524375915527344,-0.4,-0.4,0.4
20.983333333333334,20.494202,-15.005012,2.0000944,-0.23081261,0.002530276,0.003210233,0.97298956,0.0013333685,-0.0056058588,-0.017629,0.22339123,0.021777987,-0.05222521,-0.0037699614,0.0042788563,-0.017648341,0.066450484,-0.019671235,-9.793528,20.493969,-15.00409,1.2000954,0.016665662,-0.065979645,-0.26227924,0.2540834,-570.2601,2.1794016,621.1508,-3179.343,-570.2601,2.1794016,621.1508,-3179.343,-1.0,1.0,1.0,-1.0,0.0,0.4,0.4,-0.4
21.0,20.494154,-15.004896,2.0016418,-0.23187397,-0.00090340385,0.0015897781,0.9727441,-0.0013055918,-0.00752779,0.12972519,-0.19947624,0.5877595,0.19040823,-0.0025542683,0.0076541253,0.12969922,0.07294158,0.20251612,8.840853,20.493963,-15.004083,1.2016423,0.013660379,-0.05826153,-0.18031697,0.46308693,85.297966,-789.5519,49.602898,159.53868,85.297966,-789.5519,49.602898,159.53868,1.0,-1.0,1.0,1.0,33.524375915527344,-0.4,0.4,0.4
21.016666666666666,20.494104,-15.004781,2.0017576,-0.23194085,-0.0025716964,0.0022101768,0.9727239,-0.00013711117,-0.0073800916,-0.033958662,0.22530073,0.04087153,-0.052448645,-0.0030029558,0.00654234,-0.03399787,-0.026921246,-0.06670712,-9.821825,20.493958,-15.004075,1.2017583,0.010518491,-0.05054341,-0.18851323,0.46308717,-539.3954,41.37603,-854.6769,-50.223373,-539.3954,41.37603,-854.6769,-50.223373,-1.0,1.0,-1.0,-1.0,0.0,0.4,-0.4,-0.4
21.03333333333333,20.49402,-15.004655,2.003027,-0.23298538,0.0004756973,0.0021556919,0.9724777,0.0017223917,-0.009343009,0.11291196,-0.19696137,-0.4854409,0.19044118,-0.005778123,0.008046552,0.112877086,-0.16651003,0.0902527,8.812497,20.493956,-15.004075,1.2030272,0.0046445285,-0.041527554,-0.35243773,0.54095125,126.93646,-702.44293,-382.21484,164.10138,126.93646,-702.44293,-382.21484,164.10138,1.0,-1.0,-1.0,1.0,33.524375915527344,-0.4,-0.4,0.4
21.05,20.493929,-15.004513,2.0028672,-0.23304208,0.0020931752,-0.0018767596,0.9724626,0.0005010944,-0.010125732,-0.050469052,-0.62228143,0.06067285,-0.052828074,-0.005285674,0.00893369,-0.05041981,0.029546961,0.053228322,-9.797813,20.493952,-15.004078,1.2028672,-0.0016392454,-0.031145662,-0.3770264,0.6229135,-539.7229,-107.08892,432.14648,-3160.0442,-539.7229,-107.08892,432.14648,-3160.0442,-1.0,-1.0,1.0,-1.0,0.0,-0.4,0.4,-0.4
21.066666666666666,20.49386,-15.004392,2.0038638,-0.23409383,0.0053789974,-0.0036603864,0.97219217,0.0009867623,-0.008669515,0.0964522,-0.19232225,-0.46575317,0.1905669,-0.0036502334,0.0068263593,0.0965362,0.09812642,-0.12643985,8.81736,20.493946,-15.004083,1.203864,-0.0061471704,-0.022129813,-0.27047548,0.5409509,141.03052,688.1481,-49.601883,99.094185,141.03052,688.1481,-49.601883,99.094185,1.0,1.0,-1.0,1.0,33.524375915527344,0.4,-0.4,0.4
21.083333333333332,20.493807,-15.004282,2.0034323,-0.23416984,0.0055846674,-0.0025171295,0.9721763,-0.0013476349,-0.006444558,-0.06674257,0.234085,0.08036488,-0.05231349,-0.0025377395,0.0065034092,-0.0667022,0.06674963,-0.019377002,-9.794304,20.493938,-15.004083,1.2034326,-0.0094256615,-0.014275095,-0.19670945,0.47128305,-511.74722,368.9758,703.1717,-2799.839,-511.74722,368.9758,703.1717,-2799.839,-1.0,1.0,1.0,-1.0,0.0,0.4,0.4,-0.4
21.1,20.493813,-15.0041685,2.0041623,-0.23520523,0.0016551586,-0.0041796747,0.9719353,-0.004197721,-0.0060360697,0.08059696,-0.18872792,0.64620566,0.19034071,0.0013913703,0.0066952268,0.08064219,0.23574658,0.011509051,8.840663,20.493929,-15.004084,1.2041625,-0.008332831,-0.0060788686,0.06556983,0.4917736,235.55981,-361.70157,252.17372,139.17673,235.55981,-361.70157,252.17372,139.17673,1.0,-1.0,1.0,1.0,33.524375915527344,-0.4,0.4,0.4
21.116666666666667,20.493835,-15.004073,2.0034604,-0.23526305,-0.00051065494,-0.0035939096,0.9719249,-0.0031734991,-0.0039703394,-0.083098896,0.2359049,0.09940171,-0.052528106,0.0009484491,0.0055825096,-0.083061405,-0.026575273,-0.06676303,-9.822215,20.49393,-15.004088,1.2034603,-0.0068301894,0.0010928303,0.090158485,0.4303019,-419.40634,449.29202,-716.8796,-58.237534,-419.40634,449.29202,-716.8796,-58.237534,-1.0,1.0,-1.0,-1.0,0.0,0.4,-0.4,-0.4
21.133333333333333,20.493843,-15.004002,2.003912,-0.23632038,0.0020363843,-0.0036690382,0.9716661,-0.0018021733,-0.0036709886,0.06379767,-0.18639818,-0.4269303,0.19033784,0.00027812718,0.0036950498,0.06382112,-0.04021931,-0.11324758,8.812952,20.493925,-15.004087,1.2039121,-0.005873963,0.0061471704,0.057373594,0.3032604,323.4376,-144.6371,-166.8251,136.34927,323.4376,-144.6371,-166.8251,136.34927,1.0,-1.0,-1.0,1.0,33.524375915527344,-0.4,-0.4,0.4
21.15,20.493858,-15.003944,2.0029354,-0.2363898,0.0019139649,-0.0025542434,0.97165304,-0.0030353977,-0.0017772522,-0.099415466,0.23997921,0.119169384,-0.05255977,0.0013899044,0.0033765337,-0.09941063,0.066706635,-0.01911096,-9.793905,20.493917,-15.004089,1.2029355,-0.004234717,0.010381888,0.09835473,0.254083,-399.4367,486.48053,602.08765,-2899.6323,-399.4367,486.48053,602.08765,-2899.6323,-1.0,1.0,1.0,-1.0,0.0,0.4,0.4,-0.4
21.166666666666668,20.493902,-15.003891,2.0031204,-0.23742422,-0.002336548,-0.0042500272,0.9713939,-0.004303577,-0.001613196,0.047915965,-0.18282038,0.6848968,0.19012311,0.0029533892,0.0029674692,0.047953464,0.09380908,-0.024543874,8.8418455,20.493908,-15.004088,1.2031206,-0.00040981136,0.014138492,0.22949435,0.22539623,400.57065,-240.068,31.758245,123.21281,400.57065,-240.068,31.758245,123.21281,1.0,-1.0,1.0,1.0,33.524375915527344,-0.4,0.4,0.4
21.183333333333334,20.493946,-15.003853,2.0018733,-0.23747376,-0.004828459,-0.0036981753,0.9713749,-0.0017985881,8.3324965e-05,-0.115783095,0.2417143,0.13814417,-0.052751202,0.002516827,0.0018531734,-0.11575491,-0.026193725,-0.06685775,-9.822502,20.493904,-15.0040865,1.2018734,0.0030052832,0.016733963,0.20490566,0.15572827,-272.16635,495.30063,-947.7598,-75.153435,-272.16635,495.30063,-947.7598,-75.153435,-1.0,1.0,-1.0,-1.0,0.0,0.4,-0.4,-0.4
21.2,20.493948,-15.003868,2.0017805,-0.2385046,-0.003869898,0.0013785047,0.9711327,0.0009528528,0.0012039127,0.031188162,0.6712009,-0.3881269,0.19060364,-0.0005416623,-0.001482418,0.03118602,-0.18350935,-0.20013547,8.816456,20.493896,-15.004087,1.2017807,0.0036883021,0.015709436,0.040981133,-0.061471645,516.4921,42.517437,-520.39026,134.29034,516.4921,42.517437,-520.39026,134.29034,1.0,1.0,-1.0,1.0,33.524375915527344,0.4,-0.4,0.4
21.216666666666665,20.493946,-15.003882,2.0002596,-0.23855661,-0.0047548404,0.004179461,0.97110796,0.0012820737,-0.0008789288,-0.13210127,0.24525861,0.15959436,-0.05314187,-5.992412e-05,-0.0005878488,-0.1321091,0.028904287,0.053674154,-9.797707,20.493889,-15.004088,1.2002598,0.0040981136,0.0147532085,0.02458869,-0.05737362,-155.81604,-892.75977,71.46003,-1743.0743,-155.81604,-892.75977,71.46003,-1743.0743,-1.0,-1.0,1.0,-1.0,0.0,-0.4,0.4,-0.4
21.233333333333334,20.493881,-15.003866,1.9998932,-0.2395939,-0.0027045347,0.004073226,0.97086084,0.0032908139,-0.0035723746,0.014783399,-0.17716114,-0.36678612,0.18971643,-0.004681314,0.0017288335,0.01473895,-0.27728337,0.13900094,8.810883,20.49388,-15.004087,1.1998932,0.00013660379,0.015846038,-0.23769058,0.06556978,581.3944,-680.61975,-557.8385,127.23201,581.3944,-680.61975,-557.8385,127.23201,1.0,-1.0,-1.0,1.0,33.524375915527344,-0.4,-0.4,0.4
21.25,20.493809,-15.003828,1.9980975,-0.2396608,-0.0020572725,-2.6232443e-05,0.9708544,0.0030952515,-0.0044164467,-0.14854221,-0.60270333,0.17908843,-0.05363106,-0.00420336,0.002622773,-0.14855748,0.028677227,0.05363636,-9.797786,20.493874,-15.004087,1.1980976,-0.0046445285,0.018578114,-0.28686792,0.16392453,-60.29144,-132.3009,76.25442,-3160.6558,-60.29144,-132.3009,76.25442,-3160.6558,-1.0,-1.0,1.0,-1.0,0.0,-0.4,0.4,-0.4
21.266666666666666,20.493727,-15.0038,1.9974587,-0.24070837,0.00024477133,-0.0018603301,0.97059566,0.0044905813,-0.0034808875,-0.0016099986,-0.17278607,-0.3472486,0.18963769,-0.005598895,0.0009848411,-0.0015988948,-0.083732076,-0.0982759,8.817515,20.493876,-15.004081,1.197459,-0.010655095,0.020080756,-0.36063397,0.09015854,746.2303,618.3992,-530.7968,79.50457,746.2303,618.3992,-530.7968,79.50457,1.0,1.0,-1.0,1.0,33.524375915527344,0.4,-0.4,0.4
21.28333333333333,20.49366,-15.003802,1.999275,-0.24076708,-0.0006796652,-0.00080671674,0.97058225,0.0034173494,-0.0017118813,0.14583655,0.25673977,0.21866956,-0.05333434,-0.003956986,-0.0003598563,0.14583251,0.09851451,-0.08068184,8.845883,20.493876,-15.004075,1.1992751,-0.015436227,0.019534342,-0.28686795,-0.03278486,78.56603,480.47763,258.4765,-2836.9934,78.56603,480.47763,258.4765,-2836.9934,1.0,1.0,1.0,-1.0,33.524375915527344,0.4,0.4,-0.4
21.3,20.493578,-15.003804,1.9996582,-0.24180937,0.0009902385,-0.0009281371,0.9703228,0.0044777086,-0.002288549,-0.017953563,-0.16894151,-0.327595,0.18950729,-0.005070557,-5.6592893e-05,-0.017941685,-0.066814244,0.018195802,-9.826451,20.493868,-15.004068,1.1996583,-0.020763775,0.018919624,-0.31965286,-0.036883052,-480.30386,-211.10248,-417.24936,315.8549,-480.30386,-211.10248,-417.24936,315.8549,-1.0,-1.0,-1.0,1.0,0.0,-0.4,-0.4,0.4
21.316666666666666,20.493517,-15.003813,2.001202,-0.24186866,-0.0001013877,0.00011583568,0.9703089,0.003071634,-0.0008134979,0.12949103,0.26057157,0.23831084,-0.05346359,-0.0031268203,-0.00070067216,0.12949038,0.11662419,-0.038644757,8.845923,20.49386,-15.004059,1.2012025,-0.024588682,0.017621888,-0.22949438,-0.077864185,82.72566,397.4604,316.34814,-2806.7205,82.72566,397.4604,316.34814,-2806.7205,1.0,1.0,1.0,-1.0,33.524375915527344,0.4,0.4,-0.4
21.333333333333332,20.49345,-15.003821,2.0013132,-0.2429081,0.0014036701,-1.3029206e-05,0.97004825,0.003836176,-0.0016214137,-0.034295764,-0.16514239,-0.3079685,0.18937296,-0.004241188,-0.0004003038,-0.034284063,-0.06686206,0.0180221,-9.826466,20.493849,-15.004051,1.2013134,-0.02855019,0.016460756,-0.23769052,-0.06966791,-485.95282,-306.19513,-376.98044,307.31934,-485.95282,-306.19513,-376.98044,307.31934,-1.0,-1.0,-1.0,1.0,0.0,-0.4,-0.4,0.4
21.35,20.493408,-15.003829,2.0025847,-0.24296716,0.00014426082,0.0010204951,0.9700339,0.0022233403,-0.00046462787,0.11314774,0.26435855,0.2579311,-0.05359267,-0.0022042945,-0.00040630664,0.11314834,0.1222136,-0.00036017035,8.845943,20.493843,-15.004041,1.2025847,-0.031145662,0.01516302,-0.15572827,-0.07786413,104.52572,285.79742,355.60956,-2799.697,104.52572,285.79742,355.60956,-2799.697,1.0,1.0,1.0,-1.0,33.524375915527344,0.4,0.4,-0.4
21.366666666666667,20.493357,-15.003829,2.0024233,-0.24400401,0.0014841539,0.00088379974,0.9697727,0.002807923,-0.0015251597,-0.05063498,-0.16138807,-0.28836295,0.18924287,-0.0033192686,-0.000108784465,-0.050626893,-0.066898435,0.01785133,-9.826513,20.49383,-15.004027,1.2024237,-0.03387774,0.014206794,-0.16392475,-0.057373565,-475.52286,-414.50333,-359.57663,297.18185,-475.52286,-414.50333,-359.57663,297.18185,-1.0,-1.0,-1.0,1.0,0.0,-0.4,-0.4,0.4
21.383333333333333,20.493326,-15.003823,2.0034223,-0.2440633,5.7869536e-05,0.0019063412,0.9697574,0.0011151849,-0.00071102066,0.09680801,0.2680995,0.27752474,-0.053715367,-0.0013981187,0.0004590906,0.09680586,0.11526899,0.0340725,8.845965,20.493816,-15.004015,1.2034227,-0.035107177,0.01372868,-0.073766105,-0.028686838,145.07762,162.36382,364.83127,-2803.048,145.07762,162.36382,364.83127,-2803.048,1.0,1.0,1.0,-1.0,33.524375915527344,0.4,0.4,-0.4
21.4,20.493288,-15.003811,2.0029883,-0.24509794,0.0012329542,0.0017614987,0.96949595,0.0016353535,-0.002046057,-0.06697096,-0.15767942,-0.26878536,0.18912323,-0.0025135288,0.0007538178,-0.066970766,-0.0669246,0.01768363,-9.826597,20.4938,-15.004002,1.2029887,-0.036609817,0.013660379,-0.090158425,-0.0040980796,-449.17862,-534.32825,-370.64746,285.94885,-449.17862,-534.32825,-370.64746,285.94885,-1.0,-1.0,-1.0,1.0,0.0,-0.4,-0.4,0.4
21.416666666666668,20.493267,-15.003786,2.0037153,-0.2451574,-0.00035964904,0.0027722109,0.9694792,-1.0846765e-05,-0.001598537,0.080472775,0.27179664,0.29709056,-0.05382617,-0.0009158192,0.0018298846,0.080462635,0.095862575,0.06456401,8.846004,20.493784,-15.003989,1.2037156,-0.03701963,0.014548304,-0.024588702,0.053275485,205.11807,28.256422,339.631,-2819.6978,205.11807,28.256422,339.631,-2819.6978,1.0,1.0,1.0,-1.0,33.524375915527344,0.4,0.4,-0.4
21.433333333333334,20.493238,-15.003754,2.0030088,-0.2461909,0.0006511667,0.002619162,0.9692176,0.0005600464,-0.0032303606,-0.083303235,-0.15401523,-0.24923587,0.18901835,-0.0020314963,0.0021218203,-0.08331596,-0.06694062,0.017516144,-9.826715,20.493767,-15.003978,1.203009,-0.037839253,0.016050944,-0.049177404,0.090158425,-406.79767,-655.99316,-413.9118,276.9464,-406.79767,-655.99316,-413.9118,276.9464,-1.0,-1.0,-1.0,1.0,0.0,-0.4,-0.4,0.4
21.45,20.493212,-15.00369,2.0034616,-0.24624056,0.00020557057,-0.001541818,0.9692074,-0.0009114407,-0.004636783,0.06402675,-0.5765116,0.3162663,-0.05440273,-0.0013381689,0.004324637,0.0640411,0.041599642,0.13216898,8.841423,20.493744,-15.0039625,1.2034621,-0.038112458,0.019534342,-0.016392319,0.20900387,285.2396,-110.24993,269.24573,-2842.76,285.2396,-110.24993,269.24573,-2842.76,1.0,-1.0,1.0,-1.0,33.524375915527344,-0.4,0.4,-0.4
21.466666666666665,20.493177,-15.003628,2.0024827,-0.24727513,0.0014816571,-0.0034221099,0.96893805,-0.00017298269,-0.0031355375,-0.09968261,-0.14991736,-0.22981942,0.18878417,-0.0018055738,0.0034229283,-0.099656954,-0.028044296,-0.054102514,-9.821882,20.493715,-15.003947,1.2024828,-0.03852227,0.022881133,-0.024588702,0.20080748,-367.34518,656.566,-371.1258,257.48413,-367.34518,656.566,-371.1258,257.48413,-1.0,1.0,-1.0,1.0,0.0,0.4,-0.4,0.4
21.483333333333334,20.49318,-15.003597,2.0026646,-0.24732424,-0.00044426738,-0.0024324604,0.9689296,-0.0013435947,-0.00097432744,0.047759566,0.27956712,0.33602923,-0.054146584,0.00072859076,0.0012634499,0.047766134,0.15204987,-0.1295687,8.845385,20.49369,-15.003929,1.2026651,-0.036609817,0.023769058,0.11474713,0.053275485,385.82886,505.4554,335.24313,-2599.9727,385.82886,505.4554,335.24313,-2599.9727,1.0,1.0,1.0,-1.0,33.524375915527344,0.4,0.4,-0.4
21.5,20.493177,-15.003572,2.0014136,-0.24835928,0.0002314789,-0.002600825,0.9686644,-0.00030891254,-0.0009513508,-0.11601431,-0.14630538,-0.21032879,0.18870458,-0.00038884435,0.0015538263,-0.11600757,-0.0670461,0.017422581,-9.826422,20.493666,-15.003911,1.2014141,-0.034970574,0.024247171,0.098354585,0.028686782,-222.53307,-167.4404,-415.81866,253.95757,-222.53307,-167.4404,-415.81866,253.95757,-1.0,-1.0,-1.0,1.0,0.0,-0.4,-0.4,0.4
21.516666666666666,20.493189,-15.0035715,2.0013227,-0.24840678,-0.0018600594,-0.0016245985,0.96865255,-0.0010502117,0.0007673532,0.031420816,0.2831671,0.3555026,-0.05421341,0.0012020175,-0.00029517943,0.031423356,0.09545171,-0.11094034,8.845855,20.493635,-15.003893,1.2013232,-0.031965286,0.023017738,0.1803173,-0.07376599,493.2683,484.0135,264.75443,-2653.5435,493.2683,484.0135,264.75443,-2653.5435,1.0,1.0,1.0,-1.0,33.524375915527344,0.4,0.4,-0.4
21.53333333333333,20.493198,-15.003573,1.9997995,-0.24944034,-0.0013480153,-0.0018019006,0.9683875,0.00039359793,0.0004202879,-0.13235295,-0.14273132,-0.1908704,0.18864213,8.500141e-05,-7.2306752e-06,-0.13235417,-0.06702096,0.017276924,-9.826652,20.493608,-15.003874,1.1997998,-0.029369814,0.021515096,0.15572827,-0.09015854,-113.31608,-180.12251,-526.4412,251.05367,-113.31608,-180.12251,-526.4412,251.05367,-1.0,-1.0,-1.0,1.0,0.0,-0.4,-0.4,0.4
21.55,20.493212,-15.0035925,1.9994364,-0.24948616,-0.0036053192,-0.00083945313,0.9683712,0.00020629202,0.0016710314,0.015083151,0.28672647,0.3749414,-0.05426376,0.00052782934,-0.0016143413,0.0150815,0.026569676,-0.09642663,8.84614,20.493582,-15.00385,1.1994367,-0.026501136,0.018441511,0.17212069,-0.18441504,617.49554,463.26953,130.85927,-2710.7024,617.49554,463.26953,130.85927,-2710.7024,1.0,1.0,1.0,-1.0,33.524375915527344,0.4,0.4,-0.4
21.566666666666666,20.493177,-15.003629,2.001524,-0.2505195,-0.0033810795,-0.0010372148,0.9681051,0.0025323508,0.0006741495,0.16197099,-0.13591446,-0.15162523,0.18860076,-0.0028635918,-0.0024175174,0.16194883,-0.20348527,-0.048190564,8.812039,20.493546,-15.003826,1.2015241,-0.026364531,0.014138492,0.008196271,-0.25818115,9.073099,-172.58482,-665.3107,251.59225,9.073099,-172.58482,-665.3107,251.59225,1.0,-1.0,-1.0,1.0,33.524375915527344,-0.4,-0.4,0.4
21.583333333333332,20.493122,-15.003685,2.0021768,-0.2505698,0.00075962034,0.0016170096,0.96809685,0.0045744334,0.0015119729,-0.001758019,0.2902516,-0.69730425,-0.054161362,-0.0032676356,-0.003547563,-0.0017434148,-0.024242628,-0.067802735,-9.821534,20.49351,-15.003804,1.2021772,-0.02773057,0.008537737,-0.081962265,-0.3360453,-655.9797,495.5402,-109.81736,-2022.5343,-655.9797,495.5402,-109.81736,-2022.5343,-1.0,1.0,-1.0,-1.0,0.0,0.4,-0.4,-0.4
21.6,20.493074,-15.003731,2.0001063,-0.24865314,0.0031390826,0.0019777468,0.9685855,0.002569967,0.000585143,-0.16507207,-0.13697815,-0.1512244,-0.29756188,-0.002811699,-0.002640782,-0.16504805,0.027356198,0.05440686,-9.798277,20.493475,-15.003778,1.2001066,-0.028686795,0.0034150947,-0.057373565,-0.3073585,-77.39094,-484.2343,741.3528,-714.4893,-77.39094,-484.2343,741.3528,-714.4893,-1.0,-1.0,1.0,-1.0,0.0,-0.4,0.4,-0.4
21.616666666666667,20.493065,-15.003752,1.9991984,-0.24773316,0.00054780685,0.002909463,0.9688237,0.00063641404,0.00060164183,-0.017626705,0.2926567,0.41479385,-0.054189414,-0.00026279662,-0.0009374287,-0.017621575,0.15293413,0.102201186,8.845588,20.493444,-15.003753,1.1991985,-0.027184155,6.8301895e-05,0.090158425,-0.20080756,740.04364,1.3012164,362.34943,434.57187,740.04364,1.3012164,362.34943,434.57187,1.0,1.0,1.0,1.0,33.524375915527344,0.4,0.4,0.4
21.633333333333333,20.493046,-15.003735,2.000741,-0.24876711,0.00044116558,0.002672443,0.96855944,0.0011560046,-0.0012964673,0.12925924,-0.13004091,-0.11174248,0.18870209,-0.0016990892,0.0012764452,0.12925345,-0.08617755,0.13283242,8.812501,20.493406,-15.003723,1.2007412,-0.025818117,-0.0008196227,0.081962265,-0.053275473,134.57397,-627.18964,-441.17444,241.98076,134.57397,-627.18964,-441.17444,241.98076,1.0,-1.0,-1.0,1.0,33.524375915527344,-0.4,-0.4,0.4
21.65,20.493025,-15.0037,2.000854,-0.24881786,-0.0010253461,-0.0015720936,0.9685484,0.00012889062,-0.0024191546,-0.03405071,-0.55608845,0.43365747,-0.05478709,-0.0012379417,0.002178548,-0.034044698,0.027668849,0.05412616,-9.797888,20.49337,-15.003697,1.2008542,-0.024725284,-0.00020490568,0.065569945,0.03688302,-543.8601,-62.99865,149.4772,-1979.4791,-543.8601,-62.99865,149.4772,-1979.4791,-1.0,-1.0,1.0,-1.0,0.0,-0.4,0.4,-0.4
21.666666666666668,20.492998,-15.003693,2.0021234,-0.24984804,-0.0008598178,-0.0035365382,0.96827817,0.0015782549,-0.0013727321,0.11290941,-0.12621243,-0.09249085,0.1883265,-0.0020338793,-0.00038410068,0.11290981,-0.047756255,-0.15375891,8.81727,20.493332,-15.003672,1.2021238,-0.023905663,-0.0015026416,0.049177293,-0.077864155,159.51881,652.95874,-599.28204,239.98868,159.51881,652.95874,-599.28204,239.98868,1.0,1.0,-1.0,1.0,33.524375915527344,0.4,-0.4,0.4
21.683333333333334,20.492983,-15.003703,2.0019648,-0.24988548,-0.003819662,-0.002636503,0.96826416,0.0015653607,0.00030435785,-0.050298728,0.2998514,0.45340794,-0.054562554,-0.00091675844,-0.0006709803,-0.050311178,0.06702725,-0.017212776,-9.793259,20.493296,-15.003648,1.2019649,-0.02240302,-0.0039615096,0.09015854,-0.14753208,-525.2837,613.7839,28.635138,-1788.9313,-525.2837,613.7839,28.635138,-1788.9313,-1.0,1.0,1.0,-1.0,0.0,0.4,0.4,-0.4
21.7,20.492928,-15.003739,2.002962,-0.25091472,-0.004257731,-0.002891259,0.9679955,0.00407854,-6.7463145e-05,0.096596025,-0.12286558,-0.073197395,0.18833584,-0.0042536915,-0.002669243,0.096551605,-0.20021597,-0.11989574,8.811766,20.493252,-15.003624,1.2029619,-0.023222644,-0.008264529,-0.049177404,-0.25818112,208.13843,-7.8494067,-788.0065,246.8868,208.13843,-7.8494067,-788.0065,246.8868,1.0,-1.0,-1.0,1.0,33.524375915527344,-0.4,-0.4,0.4
21.716666666666665,20.49285,-15.0037985,2.0025249,-0.25096828,-0.00077849894,-0.00029559046,0.96799487,0.0060261176,0.0010695378,-0.0671369,0.30314898,-0.6187768,-0.0544355,-0.004656116,-0.0037980748,-0.06714697,-0.024145467,-0.06772991,-9.821915,20.493206,-15.0036,1.2025249,-0.02554491,-0.014206794,-0.13933595,-0.3565359,-488.96948,616.1594,-308.24365,-1862.7623,-488.96948,616.1594,-308.24365,-1862.7623,-1.0,1.0,-1.0,-1.0,0.0,0.4,-0.4,-0.4
21.733333333333334,20.492773,-15.003852,2.0032477,-0.24905567,0.00082004606,-7.240184e-06,0.96848875,0.005246485,0.00041426904,0.08020218,-0.120637484,-0.053094536,-0.29780933,-0.0042680805,-0.0028622255,0.08021021,0.023282131,0.056150954,8.841431,20.493158,-15.003577,1.2032481,-0.027593967,-0.019670945,-0.1229434,-0.327849,236.73741,-284.1338,519.8105,-559.08344,236.73741,-284.1338,519.8105,-559.08344,1.0,-1.0,1.0,-1.0,33.524375915527344,-0.4,0.4,-0.4
21.75,20.492716,-15.003897,2.0025444,-0.24812527,-0.0024697392,0.0008638155,0.96872437,0.004578996,0.00078510726,-0.082992725,0.30615458,0.4928884,-0.054416977,-0.003205001,-0.002926895,-0.08300926,0.06378477,-0.0038801644,-9.793167,20.49311,-15.003551,1.2025447,-0.028276984,-0.024793588,-0.04098102,-0.30735856,-386.27356,278.63696,55.695976,603.4735,-386.27356,278.63696,55.695976,603.4735,-1.0,1.0,1.0,1.0,0.0,0.4,0.4,0.4
21.766666666666666,20.492628,-15.003941,2.0029972,-0.24915831,-0.00323639,0.0005774227,0.96845716,0.0063570645,-0.00066941325,0.06390272,-0.11661914,-0.033705264,0.18850307,-0.0063096643,-0.0025132229,0.06386149,-0.1862798,0.024820322,8.812244,20.493067,-15.00353,1.2029977,-0.03141887,-0.029438116,-0.18851323,-0.27867165,310.69852,-283.60388,-747.7382,252.57413,310.69852,-283.60388,-747.7382,252.57413,1.0,-1.0,-1.0,1.0,33.524375915527344,-0.4,-0.4,0.4
21.78333333333333,20.492517,-15.003998,2.0020156,-0.24920098,-8.3864856e-05,0.0031347706,0.9684466,0.0074998317,-0.00066266535,-0.099838294,0.30934036,-0.5792371,-0.054271135,-0.0067159873,-0.0036416622,-0.09982988,-0.024379378,-0.067706354,-9.821482,20.493017,-15.0035095,1.2020159,-0.035790194,-0.034970574,-0.26227933,-0.33194748,-375.76724,326.3885,-376.85748,-1845.9064,-375.76724,326.3885,-376.85748,-1845.9064,-1.0,1.0,-1.0,-1.0,0.0,0.4,-0.4,-0.4
21.8,20.492403,-15.00402,2.0021935,-0.24728428,0.001177346,0.0033896843,0.96893626,0.006100565,-0.0024294108,0.04750479,-0.11441237,-0.013659731,-0.2976267,-0.006489917,-0.00045142628,0.04751317,0.013564209,0.19141415,8.840583,20.492962,-15.00349,1.2021942,-0.040024914,-0.037907552,-0.2540832,-0.17621866,387.49695,-645.0266,457.1575,-545.3581,387.49695,-645.0266,457.1575,-545.3581,1.0,-1.0,1.0,-1.0,33.524375915527344,-0.4,0.4,-0.4
21.816666666666666,20.492287,-15.004024,2.000938,-0.2463342,0.005479226,0.00075484224,0.96916914,0.0054828078,-0.003350277,-0.11632369,-0.5408334,-0.5588082,-0.05454533,-0.0076089622,-0.00015840757,-0.116252154,-0.0671427,0.017581122,-9.825919,20.492916,-15.003472,1.2009387,-0.045079254,-0.039478496,-0.30326036,-0.09425662,-232.60805,-130.72865,-62.18352,607.39465,-232.60805,-130.72865,-62.18352,607.39465,-1.0,-1.0,-1.0,1.0,0.0,-0.4,-0.4,0.4
21.833333333333332,20.49222,-15.004014,2.0008435,-0.24441385,0.0070084063,-0.0007266155,0.9696453,0.0023474523,-0.002000336,0.031111255,-0.11182393,0.007961981,-0.29707548,-0.0025809822,0.000711394,0.03114891,0.30167878,0.05218809,8.844064,20.492859,-15.003457,1.2008442,-0.04576227,-0.039888307,-0.04098102,-0.024588702,482.71127,638.8239,732.5215,-1615.9744,482.71127,638.8239,732.5215,-1615.9744,1.0,1.0,1.0,-1.0,33.524375915527344,0.4,0.4,-0.4
21.85,20.492193,-15.004004,1.999322,-0.24349612,0.0032124938,0.00011535684,0.96989655,0.00020478514,-0.0010997222,-0.13208699,0.3152677,0.5537815,-0.053676244,-0.0015156218,0.0006363883,-0.13208151,0.06392162,-0.004500341,-9.793824,20.492804,-15.003444,1.1993228,-0.043713216,-0.040093213,0.12294329,-0.012294351,-141.24019,131.5432,493.1063,553.08575,-141.24019,131.5432,493.1063,553.08575,-1.0,1.0,1.0,1.0,0.0,0.4,0.4,0.4
21.866666666666667,20.49218,-15.003981,1.9989564,-0.24453562,0.0019328478,-0.00022343092,0.96963835,0.00023489562,-0.0017924727,0.014799685,-0.107569925,0.02723004,0.1892713,-0.0009997388,0.0014742855,0.014802899,0.030952977,0.05027383,8.813065,20.492748,-15.00343,1.1989571,-0.04070793,-0.039410196,0.18031707,0.04098102,606.789,-464.35925,-447.09305,219.11696,606.789,-464.35925,-447.09305,219.11696,1.0,-1.0,-1.0,1.0,33.524375915527344,-0.4,-0.4,0.4
21.883333333333333,20.492172,-15.00396,1.9971628,-0.24459311,-0.0020261107,0.0005984066,0.96962345,-0.00011908464,-0.0013016103,-0.14841604,0.3183876,0.57296896,-0.053612337,0.000114041824,0.0011772264,-0.14841709,0.066826835,-0.017823543,-9.793199,20.492682,-15.00342,1.1971632,-0.036473215,-0.038658876,0.25408295,0.045079213,-46.252647,164.8713,129.93631,-1634.9191,-46.252647,164.8713,129.93631,-1634.9191,-1.0,1.0,1.0,-1.0,0.0,0.4,0.4,-0.4
21.9,20.492134,-15.003936,1.9965252,-0.24563365,-0.0034658504,0.00024980053,0.9693565,0.0017411255,-0.0026214493,-0.0015266082,-0.104481526,0.046363845,0.18934031,-0.0027688984,0.001477824,-0.0015437899,-0.1729764,0.01803585,8.812397,20.49261,-15.003412,1.1965255,-0.03415095,-0.037497744,0.13933583,0.06966791,699.93353,-392.80368,-715.0484,219.21059,699.93353,-392.80368,-715.0484,219.21059,1.0,-1.0,-1.0,1.0,33.524375915527344,-0.4,-0.4,0.4
21.916666666666668,20.492058,-15.003926,1.9983364,-0.24568392,-0.0011008641,0.002718607,0.96934557,0.0043188473,-0.0018385374,0.14543185,0.32471776,-0.47931615,-0.05343239,-0.0051778127,0.00024728067,0.14541522,-0.14453484,-0.073832594,8.81754,20.492546,-15.003406,1.1983367,-0.034970574,-0.037292838,-0.049177404,0.012294351,128.04065,208.62567,-410.57266,-1797.2156,128.04065,208.62567,-410.57266,-1797.2156,1.0,1.0,-1.0,-1.0,33.524375915527344,0.4,-0.4,-0.4
21.933333333333334,20.49198,-15.003912,1.9987186,-0.24671878,-0.0005408999,0.0029045204,0.96908253,0.0035207071,-0.0035896483,-0.017873306,-0.10126865,0.0662211,0.18913454,-0.0047642337,0.0013731876,-0.017892804,0.024814734,0.067554414,-9.798481,20.49248,-15.003407,1.1987189,-0.035790194,-0.036200006,-0.04917718,0.065569945,-541.02075,-640.60516,337.51147,7.2582726,-541.02075,-640.60516,337.51147,7.2582726,-1.0,-1.0,1.0,1.0,0.0,-0.4,0.4,0.4
21.95,20.49188,-15.003865,2.0002565,-0.2467649,0.0029739735,0.00019893546,0.96907073,0.004751389,-0.0056808195,0.12896058,-0.52455276,-0.46008295,-0.054099813,-0.0061589354,0.0029555606,0.12899229,-0.0836821,0.09494237,8.813106,20.492409,-15.003403,1.2002566,-0.037839253,-0.03312642,-0.12294351,0.18441504,123.70726,-133.92517,-277.8496,-1709.0154,123.70726,-133.92517,-277.8496,-1709.0154,1.0,-1.0,-1.0,-1.0,33.524375915527344,-0.4,-0.4,-0.4
21.966666666666665,20.491793,-15.00382,2.000366,-0.24485315,0.0037999987,-0.0013466438,0.9695517,0.002938863,-0.004583212,-0.034278166,-0.09861624,0.08672726,-0.29668656,-0.005037622,0.0026639733,-0.034236837,0.067278795,-0.01749524,-9.793747,20.492338,-15.003404,1.2003661,-0.039068684,-0.029847927,-0.07376588,0.19670962,-558.09564,649.94727,513.9169,-885.0532,-558.09564,649.94727,513.9169,-885.0532,-1.0,1.0,1.0,-1.0,0.0,0.4,0.4,-0.4
21.983333333333334,20.491749,-15.00378,2.0016382,-0.24392937,-0.00078363885,-0.0005701776,0.9697924,0.0003502767,-0.0029484476,0.11319172,0.3322644,0.6521848,-0.053280115,-0.0018441286,0.0022633953,0.113193005,0.19160959,-0.024034673,8.84579,20.49226,-15.003405,1.2016385,-0.036609817,-0.026910948,0.14753199,0.17621878,180.51337,154.98262,65.95254,555.6965,180.51337,154.98262,65.95254,555.6965,1.0,1.0,1.0,1.0,33.524375915527344,0.4,0.4,0.4
22.0,20.491705,-15.00374,2.0014777,-0.24497086,-0.002767878,-0.00095824216,0.96952593,0.0016817506,-0.0036356137,-0.050576493,-0.09404662,0.105788395,0.18970765,-0.002959154,0.002562977,-0.050583616,-0.06690153,0.017974893,-9.826597,20.492188,-15.0034075,1.201478,-0.034560762,-0.02383736,0.12294329,0.18441527,-414.6686,-335.9692,-720.2766,365.04364,-414.6686,-335.9692,-720.2766,365.04364,-1.0,-1.0,-1.0,1.0,0.0,-0.4,-0.4,0.4
22.016666666666666,20.491634,-15.003723,2.0024717,-0.24502835,-0.00090283854,0.0014710448,0.96951437,0.0038260212,-0.0025481242,0.096388265,0.33507633,-0.41984004,-0.053061742,-0.004815471,0.0006566138,0.09637535,-0.111379005,-0.114381775,8.817538,20.49211,-15.003413,1.2024717,-0.034014344,-0.022198115,0.032785084,0.0983547,198.99834,262.8271,-468.01288,-1617.6678,198.99834,262.8271,-468.01288,-1617.6678,1.0,1.0,-1.0,-1.0,33.524375915527344,0.4,-0.4,-0.4
22.03333333333333,20.491558,-15.003699,2.0020366,-0.24606872,-0.00084522634,0.0016183051,0.9692507,0.0030743391,-0.0039029596,-0.06691497,-0.09093754,0.1255752,0.189515,-0.00440082,0.0017817267,-0.06693098,0.024879051,0.06750677,-9.798379,20.492027,-15.003419,1.202037,-0.033604536,-0.020080756,0.024588479,0.12704147,-473.2563,-605.70135,286.91122,5.5618815,-473.2563,-605.70135,286.91122,5.5618815,-1.0,-1.0,1.0,1.0,0.0,-0.4,0.4,0.4
22.05,20.491467,-15.00366,2.002757,-0.24612351,0.0021671136,-0.0011288564,0.96923536,0.004257273,-0.0052333535,0.07992413,-0.514393,-0.4007283,-0.053747244,-0.0058581103,0.0024784864,0.07995573,-0.08743741,0.041805577,8.813202,20.49195,-15.003426,1.2027571,-0.034560762,-0.016802266,-0.057373565,0.1967094,249.06062,-36.91902,-387.8045,-1578.5691,249.06062,-36.91902,-387.8045,-1578.5691,1.0,-1.0,-1.0,-1.0,33.524375915527344,-0.4,-0.4,-0.4
22.066666666666666,20.491386,-15.003623,2.0020494,-0.24421589,0.002494868,-0.0027149573,0.9697138,0.0028455947,-0.0036271242,-0.08330896,-0.08827287,0.14598769,-0.2963628,-0.0047376025,0.0021837363,-0.08327318,0.06723046,-0.017685005,-9.793734,20.49187,-15.003431,1.2020496,-0.034697365,-0.01372868,-0.008196159,0.18441516,-449.85025,723.3148,436.34866,-777.537,-449.85025,723.3148,436.34866,-777.537,-1.0,1.0,1.0,-1.0,0.0,0.4,0.4,-0.4
22.083333333333332,20.491327,-15.0036125,2.0024986,-0.24330631,0.0040268362,-0.00031487242,0.969941,0.003132327,-0.0018196297,0.06365965,0.34169638,-0.37963656,-0.052850798,-0.0031131692,0.00021162853,0.06368624,0.09746599,-0.118326455,8.817565,20.491783,-15.003439,1.2024987,-0.032648306,-0.0124309445,0.12294351,0.07786413,352.05453,304.1075,-101.93873,547.0434,352.05453,304.1075,-101.93873,547.0434,1.0,1.0,-1.0,1.0,33.524375915527344,0.4,-0.4,0.4
22.1,20.491282,-15.003599,2.0015187,-0.24161573,0.0037451712,-0.00019256421,0.97036475,0.0010930724,-0.002015262,-0.09963855,-0.085093334,0.16564187,-0.26131472,-0.0026438746,0.0011243244,-0.0996235,0.028157676,0.05476175,-9.798584,20.491697,-15.0034485,1.2015187,-0.029779626,-0.010791699,0.17212081,0.0983547,-353.68213,-518.129,659.4534,-0.8564347,-353.68213,-518.129,659.4534,-0.8564347,-1.0,-1.0,1.0,-0.8564347,0.0,-0.4,0.4,-0.34257388
22.116666666666667,20.491276,-15.003576,2.0017009,-0.24098106,-0.0015016537,0.0005505666,0.9705284,-0.0009774922,-0.0010391759,0.047811113,0.3460282,0.73091245,-0.017928174,0.00022583065,0.0013922052,0.047811598,0.1721823,0.01607285,8.846106,20.491608,-15.003456,1.201701,-0.023769058,-0.008606038,0.36063403,0.13113967,413.81494,31.37493,39.801723,477.2319,413.81494,31.37493,39.801723,477.2319,1.0,1.0,1.0,1.0,33.524375915527344,0.4,0.4,0.4
22.133333333333333,20.491268,-15.00355,2.0004504,-0.24231154,-0.0041501224,0.000120207216,0.97018963,0.00091098796,-0.0021772482,-0.1159586,-0.08073901,0.18465364,0.22505134,-0.0008871195,0.0016994226,-0.115966775,-0.066777006,0.01843304,-9.826701,20.491522,-15.003465,1.2004502,-0.018168304,-0.0060788686,0.33604524,0.15163015,-215.91658,-417.6683,-764.6394,289.2515,-215.91658,-417.6683,-764.6394,289.2515,-1.0,-1.0,-1.0,1.0,0.0,-0.4,-0.4,0.4
22.15,20.491219,-15.00354,2.0003543,-0.24264911,-0.0029430676,0.0024924506,0.97010636,0.0031936117,-0.0018363025,0.031012688,0.34825933,-0.3409073,-0.017705996,-0.003896575,0.00022215045,0.03098589,-0.18056732,-0.088636324,8.817159,20.491434,-15.003473,1.2003545,-0.015436227,-0.0047811326,0.16392459,0.07786416,523.75037,155.84685,-646.4364,-1938.5873,523.75037,155.84685,-646.4364,-1938.5873,1.0,1.0,-1.0,-1.0,33.524375915527344,0.4,-0.4,-0.4
22.166666666666668,20.49116,-15.003525,1.9988297,-0.2410309,-0.0035559172,0.002578721,0.9705075,0.003252647,-0.003479688,-0.13228224,-0.0784211,0.20440042,-0.26107186,-0.003425059,0.001118175,-0.13231893,0.028290961,0.053761467,-9.798288,20.491343,-15.003482,1.1988299,-0.013113963,-0.0030735852,0.13933583,0.10245284,-151.15161,-720.42944,51.961365,-107.891945,-151.15161,-720.42944,51.961365,-107.891945,-1.0,-1.0,1.0,-1.0,0.0,-0.4,0.4,-0.4
22.183333333333334,20.491056,-15.003491,1.9984599,-0.24039999,-0.0012287409,-0.00023927006,0.970673,0.005035864,-0.0051557743,0.014564769,-0.50093776,-0.32127476,-0.018132498,-0.0068930527,0.0021942442,0.01455148,-0.20807962,0.064564146,8.812223,20.491247,-15.00349,1.19846,-0.013660379,-6.8301895e-05,-0.032784916,0.180317,645.41406,-114.51998,-625.0081,504.22833,645.41406,-114.51998,-625.0081,504.22833,1.0,-1.0,-1.0,1.0,33.524375915527344,-0.4,-0.4,0.4
22.2,20.490953,-15.003461,1.9966626,-0.23878174,-0.0015798977,-0.0018818951,0.9710701,0.0048351837,-0.0039187754,-0.14866357,-0.07447173,0.22504923,-0.26080403,-0.005778585,0.001885118,-0.14866959,0.06686805,-0.018547572,-9.793263,20.491156,-15.003501,1.1966627,-0.014480001,0.0028686796,-0.04917735,0.17621887,-27.009354,666.20886,130.94133,-1197.7367,-27.009354,666.20886,130.94133,-1197.7367,-1.0,1.0,1.0,-1.0,0.0,0.4,0.4,-0.4
22.216666666666665,20.490839,-15.003457,1.996022,-0.23814808,-0.00070351415,0.0004620416,0.9712285,0.006293248,-0.0030163322,-0.001698341,0.35582048,-0.30061325,-0.017277004,-0.006972041,-0.00023797678,-0.0017092716,-0.07160735,-0.12738568,8.817618,20.491056,-15.003509,1.1960222,-0.015572831,0.0036883021,-0.06556978,0.04917735,808.157,292.62714,-580.6303,509.6246,808.157,292.62714,-580.6303,509.6246,1.0,1.0,-1.0,1.0,33.524375915527344,0.4,-0.4,0.4
22.233333333333334,20.490725,-15.003447,1.9978352,-0.23653169,-0.0017776116,0.00052732433,0.97162193,0.0053129736,-0.0038774535,0.1456694,-0.06742957,0.26431578,-0.26064256,-0.0070402,0.0010282998,0.14564413,-0.0040895306,0.07597659,8.841204,20.490965,-15.003517,1.1978352,-0.017212076,0.00505434,-0.0983547,0.08196228,151.64537,-519.60944,85.74841,-65.29168,151.64537,-519.60944,85.74841,-65.29168,1.0,-1.0,1.0,-1.0,33.524375915527344,-0.4,0.4,-0.4
22.25,20.490608,-15.003442,1.9982166,-0.23589477,-0.001104291,0.0028587058,0.9717738,0.0066384138,-0.003679933,-0.018020883,0.35956517,-0.2810835,-0.0171017,-0.0075237337,0.00013601413,-0.018048203,-0.029012028,-0.053537138,-9.821539,20.490877,-15.003527,1.1982168,-0.019261133,0.0060788686,-0.1229434,0.0614717,-424.18814,108.02498,-598.9001,669.99274,-424.18814,108.02498,-598.9001,669.99274,-1.0,1.0,-1.0,1.0,0.0,0.4,-0.4,0.4
22.266666666666666,20.490463,-15.003412,1.9997518,-0.23425527,0.0042781103,0.0045203688,0.9721551,0.008383369,-0.0054074964,0.1287958,-0.064777255,-0.8068368,-0.2603856,-0.009127566,0.002385927,0.12883663,-0.09622992,0.13499476,8.813089,20.490782,-15.003532,1.199752,-0.022812832,0.008606038,-0.21310194,0.15163015,146.69356,-770.8978,-15.208328,-62.397205,146.69356,-770.8978,-15.208328,-62.397205,1.0,-1.0,-1.0,-1.0,33.524375915527344,-0.4,-0.4,-0.4
22.28333333333333,20.490316,-15.00336,1.9998577,-0.23358813,0.008246114,0.0021700154,0.97229815,0.0055579543,-0.007083068,-0.03457314,-0.4929486,-0.26081306,-0.017393317,-0.008687652,0.0035065513,-0.034475956,0.026394835,0.06723746,-9.798755,20.490686,-15.00354,1.1998578,-0.026501136,0.012909058,-0.22129822,0.25818115,-553.85803,-417.44003,826.25226,314.8444,-553.85803,-417.44003,826.25226,314.8444,-1.0,-1.0,1.0,1.0,0.0,-0.4,0.4,0.4
22.3,20.49025,-15.003276,2.0011253,-0.23196201,0.0072496873,0.00048568335,0.9726976,0.0013988577,-0.0062817433,0.11287795,-0.06286815,0.305125,-0.2600955,-0.0025163658,0.005460806,0.11290127,0.37027714,0.11725529,8.842633,20.49059,-15.003546,1.2011255,-0.024315475,0.019329436,0.13113967,0.3852227,112.27599,308.42593,666.13464,-777.48224,112.27599,308.42593,666.13464,-777.48224,1.0,1.0,1.0,-1.0,33.524375915527344,0.4,0.4,-0.4
22.316666666666666,20.490211,-15.00317,2.0009656,-0.23130424,0.0021975196,-0.003979232,0.97287077,-0.0012307954,-0.0063530263,-0.05045021,-0.48750186,0.8503271,-0.017490504,-0.0020686234,0.006566309,-0.050395474,0.026864544,0.06633016,-9.797804,20.490488,-15.003551,1.2009658,-0.01980755,0.027252456,0.2704755,0.47538117,-435.5759,-203.94904,108.882385,591.2321,-435.5759,-203.94904,108.882385,591.2321,-1.0,-1.0,1.0,1.0,0.0,-0.4,0.4,0.4
22.333333333333332,20.49019,-15.003104,2.0019627,-0.23261698,-0.001185887,-0.006196679,0.9725479,-0.00080024544,-0.0041118534,0.09651085,-0.057715535,0.3242109,0.22543444,-0.0010912665,0.0028121127,0.09655461,0.05864141,-0.22525176,8.817004,20.490383,-15.003553,1.2019628,-0.013796982,0.032170195,0.360634,0.29506433,242.22087,566.89764,-903.38257,301.02628,242.22087,566.89764,-903.38257,301.02628,1.0,1.0,-1.0,1.0,33.524375915527344,0.4,-0.4,0.4
22.35,20.490168,-15.003073,2.0015254,-0.23296905,-0.0010086332,-0.0039157034,0.9724757,0.00085104327,-0.0017345487,-0.06716067,0.36763537,-0.22092877,-0.01727251,-0.001535404,0.0017036481,-0.06714931,-0.026648248,-0.06650787,-9.822234,20.490286,-15.003556,1.2015256,-0.008469434,0.03462906,0.31965286,0.14753199,-426.80954,580.4725,-507.39343,-727.9601,-426.80954,580.4725,-507.39343,-727.9601,-1.0,1.0,-1.0,-1.0,0.0,0.4,-0.4,-0.4
22.366666666666667,20.490149,-15.003065,2.0022483,-0.23134336,-0.0027423217,-0.0039035883,0.9728604,0.00047185004,-0.0011612655,0.08020221,-0.055522084,0.34376734,-0.26062304,-0.0012271677,0.00011362248,0.080202535,0.01849418,-0.09540153,8.84111,20.490187,-15.003556,1.2022483,-0.0027320758,0.035175476,0.3442415,0.03278486,302.28738,-172.0787,119.3854,-66.829865,302.28738,-172.0787,119.3854,-66.829865,1.0,-1.0,1.0,-1.0,33.524375915527344,-0.4,0.4,-0.4
22.383333333333333,20.490124,-15.003076,2.0015388,-0.23070653,-0.0027209993,-0.0016312724,0.9730181,0.0023877877,7.773924e-05,-0.083484314,0.37177274,-0.20161511,-0.017052539,-0.0017194423,-0.00077163475,-0.08349722,-0.029536476,-0.05311543,-9.821984,20.490086,-15.003555,1.2015389,0.0027320758,0.034355856,0.32784906,-0.04917718,-307.95734,435.23,-594.8097,632.30273,-307.95734,435.23,-594.8097,632.30273,-1.0,1.0,-1.0,1.0,0.0,0.4,-0.4,0.4
22.4,20.490068,-15.003101,2.0019832,-0.2290903,0.00200933,-5.5045235e-05,0.97340304,0.0043408517,-0.0002884497,0.06337257,-0.052526712,-0.72744906,-0.26034713,-0.0037643306,-0.0016262728,0.06338923,-0.122693285,-0.051278282,8.813186,20.489986,-15.003551,1.2019831,0.005873963,0.032170195,0.1885132,-0.13113967,363.24207,-319.16583,-49.18272,-66.27571,363.24207,-319.16583,-49.18272,-66.27571,1.0,-1.0,-1.0,-1.0,33.524375915527344,-0.4,-0.4,-0.4
22.416666666666668,20.490023,-15.003132,2.0009995,-0.22846405,0.0040812097,0.0027106828,0.97353995,0.0022750867,5.8945734e-06,-0.09986017,0.37251037,-0.18157628,-0.017073274,-0.0027047363,-0.0017305488,-0.09983446,0.063575655,-0.0062565594,-9.793421,20.489887,-15.003548,1.2009997,0.009698869,0.029779626,0.22949435,-0.14343414,-337.27283,48.217236,753.24194,317.76007,-337.27283,48.217236,753.24194,317.76007,-1.0,1.0,1.0,1.0,0.0,0.4,0.4,0.4
22.433333333333334,20.490011,-15.00312,2.0011773,-0.22685233,0.0020080146,0.0027039207,0.9739233,-0.00026890973,-0.0013297994,0.047503658,-0.05065015,0.38305336,-0.26041135,-0.00021886268,0.0016052043,0.047495406,0.14915241,0.20014517,8.839791,20.48979,-15.003542,1.2011776,0.015846038,0.030189436,0.36883014,0.02458859,409.5998,-823.5847,428.30194,-78.38103,409.5998,-823.5847,428.30194,-78.38103,1.0,-1.0,1.0,-1.0,33.524375915527344,-0.4,0.4,-0.4
22.45,20.489992,-15.003089,1.9999217,-0.2262107,0.0029157575,-0.0002458985,0.97407395,-0.00031627645,-0.0021166524,-0.116279386,-0.47624525,-0.16237676,-0.017544663,-0.0013223275,0.0019417229,-0.11627535,-0.066207886,0.020191116,-9.826244,20.489687,-15.003532,1.1999221,0.021856606,0.03176038,0.36063403,0.09425662,-188.22812,-270.34183,-304.02567,602.00635,-188.22812,-270.34183,-304.02567,602.00635,-1.0,-1.0,-1.0,1.0,0.0,-0.4,-0.4,0.4
22.466666666666665,20.490011,-15.00306,1.9998267,-0.22458391,0.0010809872,-0.0019796381,0.9744521,-0.0021383716,-0.0007261969,0.031150319,-0.045848012,0.40330118,-0.26026425,0.0016981332,0.0014838375,0.031150553,0.18122764,-0.027473126,8.845553,20.489592,-15.003522,1.1998267,0.030052833,0.033058118,0.4917736,0.0778643,516.4596,607.7932,419.96045,-792.8584,516.4596,607.7932,419.96045,-792.8584,1.0,1.0,1.0,-1.0,33.524375915527344,0.4,0.4,-0.4
22.483333333333334,20.49004,-15.003046,1.9983,-0.22395521,0.0006148162,0.00026409875,0.9745992,-0.0015112399,-5.4741977e-05,-0.13253911,0.38169357,-0.14206967,-0.01668155,0.0011925903,0.0006042289,-0.132541,-0.030332569,-0.052776515,-9.821492,20.4895,-15.0035095,1.1983006,0.038658876,0.033194724,0.51636255,0.008196383,-60.907253,167.2178,-324.70837,594.52264,-60.907253,167.2178,-324.70837,594.52264,-1.0,1.0,-1.0,1.0,0.0,0.4,-0.4,0.4
22.5,20.49007,-15.00302,1.9979328,-0.22233877,-0.001791245,0.00026198814,0.9749677,-0.0024779942,-0.0008771999,0.014804541,-0.041435808,0.4224166,-0.26001456,0.0017992414,0.0018605706,0.014811663,0.036399063,0.075380504,8.84116,20.489405,-15.003495,1.1979333,0.047674727,0.034014344,0.540951,0.04917718,656.1901,-659.9512,237.11629,-85.08119,656.1901,-659.9512,237.11629,-85.08119,1.0,-1.0,1.0,-1.0,33.524375915527344,-0.4,0.4,-0.4
22.516666666666666,20.490072,-15.00299,2.0000153,-0.22171172,-0.001356905,-0.0026986126,0.9751075,-0.0009136483,-0.0025161188,0.16167977,-0.46345437,-0.10339293,-0.017162604,-0.00049850566,0.0017155788,0.16169205,-0.13786481,-0.008699507,8.812823,20.489315,-15.003477,1.200016,0.05423171,0.03490227,0.39341903,0.053275596,59.601467,-5.5278244,-563.7534,604.69446,59.601467,-5.5278244,-563.7534,604.69446,1.0,-1.0,-1.0,1.0,33.524375915527344,-0.4,-0.4,0.4
22.53333333333333,20.490076,-15.002965,2.00067,-0.22008523,-0.0035727299,-0.00442906,0.975464,-0.0011145531,-0.00095890264,-0.001545884,-0.036435515,0.4425056,-0.25991026,0.0006025586,0.0013602815,-0.0015290646,0.06606385,-0.02131784,-9.793266,20.489222,-15.00346,1.2006705,0.06119851,0.035448685,0.41800794,0.03278486,-635.3696,751.9065,96.98614,-39.30113,-635.3696,751.9065,96.98614,-39.30113,-1.0,1.0,1.0,-1.0,0.0,0.4,0.4,-0.4
22.55,20.490057,-15.002993,2.002481,-0.21944542,-0.0044874838,-0.0021856928,0.9756119,0.0014179614,0.0013273079,0.14543265,0.3948094,-0.08326006,-0.016329447,-0.0018468848,-0.0027132544,0.14540857,-0.1469666,-0.24441215,8.816257,20.489134,-15.003437,1.2024817,0.06611624,0.031828683,0.29506397,-0.21720013,64.86534,411.48227,-739.33496,622.06635,64.86534,411.48227,-739.33496,622.06635,1.0,1.0,-1.0,1.0,33.524375915527344,0.4,-0.4,0.4
22.566666666666666,20.49001,-15.003034,2.0028572,-0.22079459,-0.0006244393,-0.0006713174,0.9753199,0.0037004587,0.00088119856,-0.01835967,-0.0317429,-0.6286007,0.22639878,-0.002943214,-0.0023599255,-0.018366154,-0.065779746,0.021199731,-9.826483,20.489046,-15.003415,1.202858,0.068984926,0.02732076,0.17212091,-0.2704754,-565.8956,-220.32921,-255.62257,155.9867,-565.8956,-220.32921,-255.62257,155.9867,-1.0,-1.0,-1.0,1.0,0.0,-0.4,-0.4,0.4
22.583333333333332,20.489973,-15.00308,2.004394,-0.22115384,0.00049725844,0.0020789185,0.97523654,0.003088192,0.0022395637,0.12905942,0.39987618,-0.062893406,-0.016604897,-0.0018135585,-0.00280087,0.12907265,0.067779325,-0.026456665,8.846328,20.488966,-15.003393,1.2043949,0.07212682,0.02240302,0.18851368,-0.29506433,1.3035914,172.89484,610.574,-3932.7017,1.3035914,172.89484,610.574,-3932.7017,1.0,1.0,1.0,-1.0,33.524375915527344,0.4,0.4,-0.4
22.6,20.489952,-15.003116,2.0045037,-0.22250427,-0.002455747,0.002092162,0.9749263,0.002081241,0.00076691434,-0.034232195,-0.026545465,0.48197496,0.22604522,-0.0013466344,-0.0016961774,-0.034235545,0.028015448,0.06628155,-9.7984915,20.48889,-15.00337,1.2045045,0.07608833,0.018236605,0.23769064,-0.24998488,-596.895,-702.6266,70.025055,137.9989,-596.895,-702.6266,70.025055,137.9989,-1.0,-1.0,1.0,1.0,0.0,-0.4,0.4,0.4
22.616666666666667,20.489893,-15.003134,2.0057688,-0.22286658,-0.002522456,-0.000873055,0.97484523,0.0037861532,-0.0010483227,0.11265893,-0.4512785,-0.04436645,-0.017368942,-0.004375732,-0.0010193983,0.11263784,-0.18174586,0.04060674,8.812403,20.48882,-15.003347,1.2057699,0.07690795,0.015299624,0.049176957,-0.17621888,19.289587,-38.830845,-838.35974,-623.4319,19.289587,-38.830845,-838.35974,-623.4319,1.0,-1.0,-1.0,-1.0,33.524375915527344,-0.4,-0.4,-0.4
22.633333333333333,20.489815,-15.00316,2.0056002,-0.22421463,0.0013983916,-0.0010929139,0.97453815,0.005109618,-0.00028563873,-0.051064506,-0.024211437,-0.58928555,0.22600402,-0.004884888,-0.0018993041,-0.051051974,-0.030549353,-0.052794345,-9.821389,20.488749,-15.003322,1.2056013,0.07636154,0.01154302,-0.032784637,-0.22539623,-636.7156,668.8726,-201.43619,60.374866,-636.7156,668.8726,-201.43619,60.374866,-1.0,1.0,-1.0,1.0,0.0,0.4,-0.4,0.4
22.65,20.48976,-15.0032,2.0065923,-0.22457558,0.0021769623,0.0016475795,0.9744528,0.003709701,0.0012161576,0.09636016,0.4073621,-0.02355662,-0.017006082,-0.0024656632,-0.0023134728,0.09637993,0.14515348,-0.02485012,8.845914,20.48868,-15.003295,1.206593,0.07731777,0.0068301894,0.05737379,-0.2827698,57.909233,167.44344,645.54,-3756.5847,57.909233,167.44344,645.54,-3756.5847,1.0,1.0,1.0,-1.0,33.524375915527344,0.4,0.4,-0.4
22.666666666666668,20.489723,-15.003226,2.006157,-0.22592254,-0.0011100755,0.0016354973,0.9741432,0.0024272283,-4.7253678e-05,-0.06692585,-0.019058824,0.5212128,0.225659,-0.0020060446,-0.001205638,-0.06692896,0.027577117,0.06647008,-9.7985325,20.488613,-15.003271,1.2061579,0.07950343,0.003210189,0.13113989,-0.21720001,-549.5289,-702.4296,116.20615,138.41347,-549.5289,-702.4296,116.20615,138.41347,-1.0,-1.0,1.0,1.0,0.0,-0.4,0.4,0.4
22.683333333333334,20.489664,-15.003237,2.0068774,-0.22627781,-0.0014988853,-0.0013443872,0.9740607,0.0037473096,-0.001415091,0.07996216,-0.4439372,-0.00515157,-0.017757185,-0.004172198,-0.00064534944,0.07995103,-0.1299692,0.033617314,8.812799,20.488556,-15.003244,1.2068783,0.079366826,0.00054641516,-0.008196383,-0.15982643,112.94758,-32.04007,-830.0468,-467.0101,112.94758,-32.04007,-830.0468,-467.0101,1.0,-1.0,-1.0,-1.0,33.524375915527344,-0.4,-0.4,-0.4
22.7,20.48959,-15.003258,2.006164,-0.22762164,0.0020898897,-0.001566621,0.9737462,0.0045870766,-0.0003672468,-0.08375704,-0.01694116,-0.5500283,0.22559339,-0.004675134,-0.0015283979,-0.08373903,-0.030176163,-0.052982904,-9.8214035,20.488499,-15.003219,1.2061647,0.07813739,-0.0028003776,-0.073766105,-0.20080754,-559.04236,682.3527,-174.44739,81.49455,-559.04236,682.3527,-174.44739,81.49455,-1.0,1.0,-1.0,1.0,0.0,0.4,-0.4,0.4
22.716666666666665,20.489544,-15.003293,2.0066113,-0.22798079,0.002526304,0.0011601207,0.9736616,0.0029085185,0.0011871567,0.063672945,0.41458988,0.015718162,-0.017420262,-0.0017995317,-0.0021377848,0.06368913,0.17253613,-0.036563214,8.845689,20.488445,-15.003191,1.2066122,0.07868381,-0.0073083024,0.032785084,-0.27047548,186.08084,191.29443,659.4847,-3648.076,186.08084,191.29443,659.4847,-3648.076,1.0,1.0,1.0,-1.0,33.524375915527344,0.4,0.4,-0.4
22.733333333333334,20.489523,-15.003314,2.0056314,-0.22932242,-0.0010925863,0.0011202466,0.9733492,0.0018251495,5.0113304e-05,-0.09961623,-0.011829704,0.5603893,0.22526446,-0.0013477494,-0.0010269561,-0.099618554,0.02710694,0.06664972,-9.79846,20.4884,-15.003164,1.2056323,0.080459654,-0.010723397,0.106550746,-0.20490567,-441.4646,-679.0226,111.99657,130.97862,-441.4646,-679.0226,111.99657,130.97862,-1.0,-1.0,1.0,1.0,0.0,-0.4,0.4,0.4
22.75,20.489481,-15.003338,2.005808,-0.2296691,-0.0030339423,0.0033095796,0.9732584,0.0032666232,0.0003253098,0.04736266,0.41641307,0.035241008,-0.017426008,-0.0031282315,-0.001512297,0.047348976,-0.10682892,-0.029120449,8.818051,20.488356,-15.00314,1.2058091,0.08059626,-0.014138492,0.008196383,-0.20490567,271.8445,22.050987,-868.6176,-372.96335,271.8445,22.050987,-868.6176,-372.96335,1.0,1.0,-1.0,-1.0,33.524375915527344,0.4,-0.4,-0.4
22.766666666666666,20.489416,-15.003358,2.00455,-0.2309886,-0.0001805807,0.004809561,0.9729445,0.004094647,-0.0019433944,-0.116427325,-0.010400981,-0.5102283,0.22537228,-0.0042316094,-0.0011844556,-0.11643262,-0.06620267,0.01967048,-9.826896,20.488316,-15.003114,1.2045506,0.07882041,-0.017485285,-0.10655119,-0.20080759,-364.2441,-815.7971,-385.60022,135.04095,-364.2441,-815.7971,-385.60022,135.04095,-1.0,-1.0,-1.0,1.0,0.0,-0.4,-0.4,0.4
22.78333333333333,20.489346,-15.003329,2.0044513,-0.23133048,0.0011547816,0.0023288492,0.9728717,0.0026418078,-0.004063283,0.030909989,-0.4322282,0.05422914,-0.017998453,-0.004151853,0.0025958444,0.030902114,0.0047853957,0.226818,8.840084,20.48828,-15.00309,1.2044525,0.07636154,-0.017143775,-0.14753221,0.020490622,379.84076,-456.1961,449.25623,-3858.5134,379.84076,-456.1961,449.25623,-3858.5134,1.0,-1.0,1.0,-1.0,33.524375915527344,-0.4,0.4,-0.4
22.8,20.489271,-15.003298,2.0029202,-0.23265663,0.004245961,0.0021013678,0.9725473,0.0021438906,-0.0039043555,-0.13279782,-0.0053400993,-0.49059144,0.22533713,-0.0046455665,0.0017063245,-0.1327803,-0.029622817,-0.053371195,-9.820945,20.488245,-15.003066,1.2029209,0.073492855,-0.01659736,-0.17212091,0.03278486,-303.9583,350.99796,-133.58119,77.23135,-303.9583,350.99796,-133.58119,77.23135,-1.0,1.0,-1.0,1.0,0.0,0.4,-0.4,0.4
22.816666666666666,20.489231,-15.003238,2.002549,-0.23298843,0.0054151565,-0.00037517483,0.97246426,-0.00061923056,-0.0046371454,0.014540399,-0.4271789,0.07385005,-0.018040016,-0.0013936367,0.004440388,0.014548214,0.19511577,0.16404381,8.83971,20.48821,-15.003046,1.2025497,0.07308304,-0.01372868,-0.024588702,0.17212081,494.9657,-334.61356,760.4242,-3594.1716,494.9657,-334.61356,760.4242,-3594.1716,1.0,-1.0,1.0,-1.0,33.524375915527344,-0.4,0.4,-0.4
22.833333333333332,20.489223,-15.003165,2.0007515,-0.23430909,0.0017079811,-0.0021836567,0.97215813,-0.0020220592,-0.0032667061,-0.14869191,0.0001540184,0.6191081,0.2250878,-0.00033411107,0.0043414854,-0.14867778,0.063571535,-0.0059341635,-9.793559,20.488186,-15.003024,1.2007523,0.07431248,-0.01010868,0.073766105,0.21719997,-179.90166,499.5383,278.12308,64.16295,-179.90166,499.5383,278.12308,64.16295,-1.0,1.0,1.0,1.0,0.0,0.4,0.4,0.4
22.85,20.48923,-15.0031185,2.0001106,-0.2346551,-0.00074521254,-2.3782186e-05,0.9720783,-0.0010600889,-0.0018860628,-0.0017128375,0.42823026,0.09406692,-0.017589867,8.537274e-05,0.0021626565,-0.0017118603,0.025169028,-0.13072973,8.817955,20.488167,-15.003001,1.2001116,0.07608833,-0.008401133,0.10655119,0.10245284,638.06323,154.47986,-781.0145,-230.07468,638.06323,154.47986,-781.0145,-230.07468,1.0,1.0,-1.0,-1.0,33.524375915527344,0.4,-0.4,-0.4
22.866666666666667,20.489212,-15.0030775,2.0019183,-0.23598468,0.0014725287,0.0014611254,0.9717545,0.0005154337,-0.002759349,0.14517644,0.0048526525,-0.43182433,0.225248,-0.0014082177,0.0027287682,0.1451711,-0.08961542,0.033966698,8.812978,20.48815,-15.002982,1.2019193,0.07608833,-0.0068301894,0.0,0.09425662,50.313587,-650.55774,-215.87534,104.61598,50.313587,-650.55774,-215.87534,104.61598,1.0,-1.0,-1.0,1.0,33.524375915527344,-0.4,-0.4,0.4
22.883333333333333,20.489197,-15.003022,2.002297,-0.23632427,0.00227997,-0.001037789,0.971671,-0.00091325375,-0.0035810005,-0.018145846,-0.42067492,0.11286637,-0.018142283,-0.00092265493,0.0036174676,-0.018138137,0.029133765,0.053321965,-9.798554,20.488136,-15.002962,1.2022976,0.075951725,-0.004303019,-0.008196383,0.15163021,-609.8177,-192.45013,544.60114,-2935.936,-609.8177,-192.45013,544.60114,-2935.936,-1.0,-1.0,1.0,-1.0,0.0,-0.4,0.4,-0.4
22.9,20.489172,-15.002974,1.9999483,-0.23765573,0.004869224,-0.0012730714,0.97133636,-0.0016195364,-0.0021961094,-0.1818303,0.006110549,-0.43188807,0.225171,-0.0014073884,0.0027246363,-0.18182492,-0.029084004,-0.053569872,-9.821206,20.48812,-15.002941,1.1999491,0.07540531,-0.0023222642,-0.032785084,0.11884528,-3.9280016,582.1954,-15.910955,63.948112,-3.9280016,582.1954,-15.910955,63.948112,-1.0,1.0,-1.0,1.0,0.0,0.4,-0.4,0.4
22.916666666666668,20.489199,-15.00292,1.9987595,-0.23798622,0.005553476,-0.0037682324,0.9712452,-0.0042524976,-0.0014586379,-0.03447499,-0.4158042,0.13243712,-0.01822169,0.0026625528,0.00342064,-0.0344956,0.24419646,0.041760217,8.83976,20.488108,-15.002921,1.1987604,0.07813739,6.8301895e-05,0.16392498,0.14343396,773.14264,-40.15695,818.9831,-3384.4075,773.14264,-40.15695,818.9831,-3384.4075,1.0,-1.0,1.0,-1.0,33.524375915527344,-0.4,0.4,-0.4
22.933333333333334,20.489305,-15.002885,2.0000274,-0.23928712,0.0012299883,-0.0056265965,0.9709317,-0.007241186,0.0009879754,0.11292644,0.015171409,0.69737005,0.22489695,0.0074447943,0.0013226684,0.11290977,0.2869345,-0.1258783,8.844322,20.488106,-15.002898,1.2000285,0.08592381,0.0009562265,0.46718535,0.05327547,182.81792,767.2099,372.18924,38.478424,182.81792,767.2099,372.18924,38.478424,1.0,1.0,1.0,1.0,33.524375915527344,0.4,0.4,0.4
22.95,20.489426,-15.002876,1.9998631,-0.23962003,-0.0017740721,-0.0035085618,0.97085875,-0.0060453466,0.003380173,-0.0507982,0.43940827,0.15277913,-0.017754981,0.0070134113,0.0002100029,-0.050785795,-0.02588298,-0.06675993,-9.821733,20.488106,-15.002876,1.1998644,0.09452986,0.0,0.5163627,-0.057373587,-387.9263,445.64316,-663.5496,-68.78324,-387.9263,445.64316,-663.5496,-68.78324,-1.0,1.0,-1.0,-1.0,0.0,0.4,-0.4,-0.4
22.966666666666665,20.489521,-15.002897,2.0008523,-0.24095269,-6.5842934e-05,-0.0020384477,0.9705347,-0.004057723,0.0035417143,0.096101165,0.015926033,-0.3731672,0.22507185,0.0053251586,-0.001615913,0.096090965,-0.10129516,-0.10955495,8.812605,20.48811,-15.002855,1.2008537,0.101086855,-0.0030052832,0.39341968,-0.18031698,289.23828,-287.9296,-148.1341,70.309204,289.23828,-287.9296,-148.1341,70.309204,1.0,-1.0,-1.0,1.0,33.524375915527344,-0.4,-0.4,0.4
22.983333333333334,20.489626,-15.002927,2.0004134,-0.24129808,-0.0010380041,0.00061152637,0.9704502,-0.0046731797,0.0046030777,-0.06714566,0.44363815,0.17293894,-0.017924936,0.006439853,-0.0019244864,-0.06712966,0.066881664,-0.0185144,-9.793237,20.488121,-15.002832,1.2004149,0.10778046,-0.0067618876,0.40161607,-0.22539625,-435.25113,219.17941,585.61914,-2857.2046,-435.25113,219.17941,585.61914,-2857.2046,-1.0,1.0,1.0,-1.0,0.0,0.4,0.4,-0.4
23.0,20.489708,-15.002949,2.0011303,-0.24262176,0.0005023762,0.0020770784,0.9701185,-0.0033538197,0.0033690503,0.07974412,0.020099908,-0.35301748,0.22492072,0.0045422944,-0.0010527874,0.0797495,-0.11385351,0.052301936,8.81275,20.488134,-15.00281,1.201132,0.11269819,-0.009972076,0.29506397,-0.19261129,320.2291,-656.4728,-140.92813,70.46976,320.2291,-656.4728,-140.92813,70.46976,1.0,-1.0,-1.0,1.0,33.524375915527344,-0.4,-0.4,0.4
23.016666666666666,20.489792,-15.002957,2.0004182,-0.24296212,0.0006601423,-0.00045269608,0.9700354,-0.004436683,0.002602848,-0.08355201,-0.40558478,0.19152239,-0.018487154,0.0050143804,-0.00015767809,-0.08355973,0.02832516,0.053706557,-9.798553,20.488153,-15.00279,1.2004199,0.11734273,-0.011952831,0.27867255,-0.11884532,-394.6833,-219.15901,585.9472,-2924.437,-394.6833,-219.15901,585.9472,-2924.437,-1.0,-1.0,1.0,-1.0,0.0,-0.4,0.4,-0.4
23.03333333333333,20.489878,-15.0029745,2.0008626,-0.2442879,0.0024606143,-0.00071371096,0.9696993,-0.0036661061,0.0035560022,0.06343495,0.024682373,-0.33349317,0.22477907,0.00523806,-0.001406212,0.0634087,0.013420767,-0.07491203,8.818105,20.488178,-15.0027685,1.2008646,0.12171406,-0.0147532085,0.26227978,-0.16802262,348.24817,573.8488,-51.574562,25.889555,348.24817,573.8488,-51.574562,25.889555,1.0,1.0,-1.0,1.0,33.524375915527344,0.4,-0.4,0.4
23.05,20.489977,-15.003002,1.9998791,-0.24463795,0.001141412,0.0019219139,0.9696119,-0.0051008617,0.004200528,-0.099813,0.45233753,0.21261513,-0.018207518,0.006356009,-0.0017055935,-0.09981478,0.06707693,-0.017962892,-9.793408,20.488205,-15.0027485,1.1998813,0.12690502,-0.018168304,0.31145763,-0.20490572,-336.10046,20.889866,712.7685,-2740.0715,-336.10046,20.889866,712.7685,-2740.0715,-1.0,1.0,1.0,-1.0,0.0,0.4,0.4,-0.4
23.066666666666666,20.490076,-15.003005,2.0000515,-0.24595882,0.0023401715,0.0033787356,0.9692715,-0.0047436156,0.0026290282,0.047080155,0.028720438,-0.3133651,0.22466391,0.0055585247,0.00031337587,0.047063354,-0.04784904,0.12113816,8.812688,20.488245,-15.002727,1.2000536,0.13113976,-0.019944152,0.25408384,-0.10655086,468.4281,-822.1354,-32.577316,61.61179,468.4281,-822.1354,-32.577316,61.61179,1.0,-1.0,-1.0,1.0,33.524375915527344,-0.4,-0.4,0.4
23.083333333333332,20.490173,-15.002988,1.9987944,-0.24629404,0.0021697176,0.0008373048,0.9691924,-0.0064095436,0.0017466135,-0.116222836,-0.3970448,0.23110208,-0.018750697,0.0060248612,0.0012124158,-0.11625021,0.027980188,0.05394239,-9.798814,20.488281,-15.002707,1.1987967,0.13551107,-0.020149058,0.26227888,-0.012294351,-246.14125,-445.38113,688.8239,-2843.7952,-246.14125,-445.38113,688.8239,-2843.7952,-1.0,-1.0,1.0,-1.0,0.0,-0.4,0.4,-0.4
23.1,20.490305,-15.002964,1.9987,-0.24761133,-0.0029673064,-0.0011037266,0.9688542,-0.0077671856,0.002428532,0.031147344,0.03399968,0.7959974,0.2243136,0.007817774,0.0014835173,0.031194,0.10757476,0.016266095,8.846652,20.488337,-15.002691,1.1987026,0.14097525,-0.019534342,0.32785085,0.03688294,545.203,388.77554,30.574135,10.927443,545.203,388.77554,30.574135,10.927443,1.0,1.0,1.0,1.0,33.524375915527344,0.4,0.4,0.4
23.116666666666667,20.490433,-15.002955,1.9971738,-0.24793576,-0.00682373,0.000936175,0.96875197,-0.0049799453,0.002550921,-0.13258576,0.45789298,0.2515607,-0.018298786,0.007407062,0.00036315696,-0.1324964,-0.02464271,-0.06722162,-9.821424,20.488394,-15.002675,1.1971765,0.1460296,-0.020080756,0.30326125,-0.03278486,-69.99258,165.20207,-1003.00287,-87.0773,-69.99258,165.20207,-1003.00287,-87.0773,-1.0,1.0,-1.0,-1.0,0.0,0.4,-0.4,-0.4
23.133333333333333,20.490486,-15.002947,1.996801,-0.24924806,-0.005956103,0.0023724758,0.9684184,-0.0018583186,0.000529271,0.014319116,0.034199625,-0.2745102,0.22460575,0.0017006642,0.0004569404,0.014341182,-0.34238386,0.005627007,8.810254,20.488457,-15.002657,1.1968038,0.14534658,-0.020763775,-0.040981468,-0.040981133,662.65466,-617.5686,-614.8077,65.854515,662.65466,-617.5686,-614.8077,65.854515,1.0,-1.0,-1.0,1.0,33.524375915527344,-0.4,-0.4,0.4
23.15,20.490454,-15.00293,1.9988753,-0.24958342,2.9950828e-05,0.0014806439,0.9683521,0.001949226,-0.0019188471,0.16121288,-0.38890272,-0.80028874,-0.018614858,-0.002743696,0.0012022849,0.16120826,-0.2666616,0.044720672,8.812024,20.488531,-15.002641,1.1988778,0.13769674,-0.020695474,-0.4589903,0.0040980796,46.23536,-191.08469,-142.846,-2980.7915,46.23536,-191.08469,-142.846,-2980.7915,1.0,-1.0,-1.0,-1.0,33.524375915527344,-0.4,-0.4,-0.4
23.166666666666668,20.49042,-15.002915,1.9995221,-0.24796121,0.0033216684,0.0017393697,0.9687627,0.0009678169,-0.0015904806,-0.0020143155,0.03770259,-0.2539186,-0.2611472,-0.0016241446,0.00091982563,-0.0020099354,0.067173086,-0.016947558,-9.793091,20.488605,-15.002628,1.1995244,0.1299103,-0.02055887,-0.46718624,0.008196271,-591.43,421.5594,612.6201,-2155.3223,-591.43,421.5594,612.6201,-2155.3223,-1.0,1.0,1.0,-1.0,0.0,0.4,0.4,-0.4
23.183333333333334,20.490421,-15.002868,2.0013304,-0.24731682,0.0025321094,-0.000862391,0.96893096,-0.001599391,-0.0031431806,0.14532739,-0.38493544,0.31012604,-0.018308882,0.0006724054,0.0034643547,0.14532734,0.13779299,0.15267174,8.840236,20.488695,-15.002617,1.2013323,0.123626515,-0.017963398,-0.37702736,0.15572827,31.50565,-317.80368,419.2947,446.14673,31.50565,-317.80368,419.2947,446.14673,1.0,-1.0,1.0,1.0,33.524375915527344,-0.4,0.4,0.4
23.2,20.490423,-15.002821,2.0017064,-0.24864118,0.0034574894,-0.0011873719,0.9685887,-0.0015288525,-0.0020701669,-0.018360171,0.041575804,-0.23443122,0.22496812,0.00020886408,0.0025612623,-0.018360697,-0.027812479,-0.054185536,-9.821281,20.488781,-15.0026045,1.201708,0.11761594,-0.01550453,-0.3606346,0.1475321,-601.3027,522.5503,-245.15465,271.10135,-601.3027,522.5503,-245.15465,271.10135,-1.0,1.0,-1.0,1.0,0.0,0.4,-0.4,0.4
23.216666666666665,20.490467,-15.002769,2.0032425,-0.24897207,0.0025055695,-0.0037993432,0.96849996,-0.0037998864,-0.002295353,0.12897745,-0.3807186,0.3295391,-0.018467303,0.0030918121,0.0030550528,0.1289806,0.17297688,0.029627427,8.840478,20.488884,-15.00259,1.203244,0.11338122,-0.012840756,-0.25408295,0.1598264,12.787729,-45.467583,470.1426,-2435.5613,12.787729,-45.467583,470.1426,-2435.5613,1.0,-1.0,1.0,-1.0,33.524375915527344,-0.4,0.4,-0.4
23.233333333333334,20.49051,-15.002732,2.0033457,-0.25029624,0.003261568,-0.00412974,0.96815497,-0.003491737,-0.0002726859,-0.034701556,0.04576187,-0.21498999,0.22480527,0.0026311174,0.0021517107,-0.03471184,-0.027641686,-0.054200526,-9.821547,20.488981,-15.002582,1.2033473,0.1095563,-0.010791699,-0.22949515,0.1229434,-576.7477,670.95276,-156.29277,253.2849,-576.7477,670.95276,-156.29277,253.2849,-1.0,1.0,-1.0,1.0,0.0,0.4,-0.4,0.4
23.25,20.490602,-15.002724,2.00461,-0.25064197,0.00080109877,-0.0015895782,0.9680782,-0.005396491,0.002560914,0.112720035,0.47694194,0.3507313,-0.0181328,0.0062258667,7.8043806e-05,0.11270634,0.21568495,-0.12442,8.845091,20.489092,-15.002569,1.2046114,0.10819026,-0.011064907,-0.08196249,-0.01639243,43.80372,269.2538,511.66727,-2327.024,43.80372,269.2538,511.66727,-2327.024,1.0,1.0,1.0,-1.0,33.524375915527344,0.4,0.4,-0.4
23.266666666666666,20.490696,-15.00272,2.0044415,-0.2519664,0.0009464164,-0.00020646429,0.9677354,-0.004722614,0.0022190376,-0.051058047,0.04943882,-0.19498762,0.2248174,0.005106284,0.0003618717,-0.051068056,-0.06717497,0.017029673,-9.826464,20.489202,-15.002561,1.2044429,0.106960826,-0.011406416,-0.073766105,-0.020490566,-474.66022,-531.2696,-256.86642,230.26897,-474.66022,-531.2696,-256.86642,230.26897,-1.0,-1.0,-1.0,1.0,0.0,-0.4,-0.4,0.4
23.28333333333333,20.490793,-15.002707,2.0054321,-0.2523029,-0.00033009428,-0.002840669,0.9676441,-0.0061223977,0.001591305,0.09628116,-0.3729248,0.36888912,-0.018636229,0.00619644,0.001055397,0.096283786,0.06540938,0.041611515,8.84111,20.489319,-15.002552,1.2054336,0.105594784,-0.011064907,-0.08196249,0.020490566,85.807144,-82.47627,372.34976,-2514.9058,85.807144,-82.47627,372.34976,-2514.9058,1.0,-1.0,1.0,-1.0,33.524375915527344,-0.4,0.4,-0.4
23.3,20.49089,-15.002701,2.0049906,-0.25362414,9.4661016e-05,-0.0031844648,0.9672975,-0.0049810153,0.0031066092,-0.0674002,0.05349718,-0.17558312,0.22462547,0.005743279,0.00014910226,-0.06741099,-0.027189663,-0.054377683,-9.821686,20.489437,-15.002542,1.2049919,0.10409214,-0.011406416,-0.090158425,-0.020490566,-531.85,629.7278,-338.35324,240.19803,-531.85,629.7278,-338.35324,240.19803,-1.0,1.0,-1.0,1.0,0.0,0.4,-0.4,0.4
23.316666666666666,20.491007,-15.002726,2.0057101,-0.2539586,-0.0027082197,-0.0006727277,0.96721107,-0.005762106,0.005132138,0.079993464,0.48463014,0.3901162,-0.018292762,0.0071482765,-0.0018535831,0.08002476,0.08429984,-0.120161116,8.846145,20.489563,-15.002533,1.2057115,0.10340912,-0.013796982,-0.040981468,-0.14343397,152.59415,263.9819,297.85046,-2407.135,152.59415,263.9819,297.85046,-2407.135,1.0,1.0,1.0,-1.0,33.524375915527344,0.4,0.4,-0.4
23.333333333333332,20.491108,-15.002753,2.0049965,-0.2552754,-0.002899888,0.0006941707,0.96686375,-0.0040246216,0.0041112565,-0.08379201,0.057042107,-0.1556349,0.22467633,0.0060290257,-0.0015771452,-0.08375777,-0.06715505,0.016586278,-9.826952,20.489689,-15.002523,1.204998,0.10163327,-0.016460756,-0.106550746,-0.1598264,-412.00473,-510.76083,-524.8442,233.38136,-412.00473,-510.76083,-524.8442,233.38136,-1.0,-1.0,-1.0,1.0,0.0,-0.4,-0.4,0.4
23.35,20.49119,-15.002771,2.0054421,-0.2556205,-0.0044996343,-0.0019660837,0.9667647,-0.0040507866,0.0029681795,0.063561365,-0.36539596,0.40813714,-0.018795464,0.0044992194,-0.0009660788,0.063593164,-0.091788374,0.036663983,8.841056,20.489824,-15.002516,1.2054435,0.09780835,-0.018304907,-0.22949515,-0.11064905,231.8948,-57.906803,17.951141,-2586.5315,231.8948,-57.906803,17.951141,-2586.5315,1.0,-1.0,1.0,-1.0,33.524375915527344,-0.4,0.4,-0.4
23.366666666666667,20.491259,-15.002798,2.004456,-0.25693968,-0.0044048224,-0.0023258387,0.9664146,-0.0016153674,0.0038645072,-0.10011765,0.0609736,-0.13627978,0.22445932,0.004054009,-0.0018753251,-0.10010563,-0.02671262,-0.054554775,-9.821927,20.489962,-15.002506,1.2044573,0.09289061,-0.02090038,-0.29506442,-0.15572837,-402.59448,580.42645,-772.87915,250.92365,-402.59448,580.42645,-772.87915,250.92365,-1.0,1.0,-1.0,1.0,0.0,0.4,-0.4,0.4
23.383333333333333,20.491293,-15.002866,2.0046244,-0.25727287,-0.0009662489,0.001897221,0.9663364,0.0008684837,0.004970194,0.046837173,0.4909066,-0.6601145,-0.018433176,0.0015845809,-0.0045955926,0.04685667,-0.14816567,-0.16321604,8.817738,20.490105,-15.002498,1.2046256,0.08510419,-0.026364531,-0.46718535,-0.32784906,327.14554,332.55624,-193.77463,-2476.7173,327.14554,332.55624,-193.77463,-2476.7173,1.0,1.0,-1.0,-1.0,33.524375915527344,0.4,-0.4,-0.4
23.4,20.49132,-15.00293,2.0033638,-0.25564572,0.00069143996,0.0038107461,0.96676266,-0.00032082247,0.0033883576,-0.11647969,0.0638075,-0.11593653,-0.26199242,0.0020249893,-0.0036862115,-0.11645348,0.026424507,0.054562863,-9.798609,20.490246,-15.002488,1.203365,0.07690795,-0.031623777,-0.4917745,-0.3155547,-361.40906,-675.8386,564.8128,-534.5188,-361.40906,-675.8386,564.8128,-534.5188,-1.0,-1.0,1.0,-1.0,0.0,-0.4,0.4,-0.4
23.416666666666668,20.491358,-15.002949,2.0032647,-0.2550088,-0.0012441545,0.0011214081,0.9669373,-0.0017556604,0.0014124019,0.030878074,-0.35830957,0.4476619,-0.01921416,0.0021318905,-0.00031551442,0.03088508,0.0064140693,0.20224182,8.840314,20.4904,-15.002483,1.2032653,0.068575114,-0.033331327,-0.49997,-0.102453,424.33826,-416.6957,125.121895,437.72482,424.33826,-416.6957,125.121895,437.72482,1.0,-1.0,1.0,1.0,33.524375915527344,-0.4,0.4,0.4
23.433333333333334,20.491392,-15.002966,2.0017328,-0.2563239,-0.0014790465,0.0007301728,0.96658957,-0.0005255912,0.0016111161,-0.13281049,0.068039715,-0.096709915,0.22403647,0.0016843145,-0.0012257337,-0.13280496,-0.026854562,-0.054613154,-9.821403,20.490559,-15.002479,1.2017338,0.059695866,-0.03490227,-0.53275484,-0.09425662,-214.43297,418.9544,-714.5135,271.20142,-214.43297,418.9544,-714.5135,271.20142,-1.0,1.0,-1.0,1.0,0.0,0.4,-0.4,0.4
23.45,20.491396,-15.002981,2.0013554,-0.2566555,0.0030095992,-0.00023126104,0.96649826,0.00042407418,0.0007827443,0.014080954,-0.3557152,-0.6225073,-0.019222097,0.00010372036,-0.0008745535,0.0140815545,-0.09483564,0.021070808,8.81319,20.490715,-15.002473,1.201356,0.04876756,-0.03640491,-0.65569836,-0.090158425,556.9202,-58.468296,-94.78161,-2361.7732,556.9202,-58.468296,-94.78161,-2361.7732,1.0,-1.0,-1.0,-1.0,33.524375915527344,-0.4,-0.4,-0.4
23.466666666666665,20.491417,-15.003003,1.9995499,-0.25503525,0.00479975,-5.4052234e-05,0.96691984,-0.0018862383,0.0019812076,-0.1491302,0.07133233,-0.07628191,-0.26187757,0.0012295734,-0.0011427056,-0.14914584,0.06755118,-0.01608912,-9.793643,20.49088,-15.002475,1.1995505,0.03852227,-0.037839253,-0.61471736,-0.08606046,-135.81445,553.87573,683.38306,-1611.063,-135.81445,553.87573,683.38306,-1611.063,-1.0,1.0,1.0,-1.0,0.0,0.4,0.4,-0.4
23.483333333333334,20.491474,-15.003001,1.9989057,-0.25438106,0.0025302884,-0.0027612527,0.96709675,-0.004167004,0.0018300844,-0.0017835719,-0.35061854,0.48721176,-0.019109093,0.0045168423,0.0004643391,-0.0018101915,0.19723612,0.09642267,8.840138,20.491034,-15.002477,1.198906,0.031555474,-0.037566043,-0.41800773,0.016392542,687.3553,-128.4482,404.2875,415.66132,687.3553,-128.4482,404.2875,415.66132,1.0,-1.0,1.0,1.0,33.524375915527344,-0.4,0.4,0.4
23.5,20.49157,-15.003025,2.0007126,-0.25569275,0.0018300773,-0.0031882443,0.96675104,-0.0038895565,0.0036962817,0.14518617,0.07943283,-0.037492886,0.2241323,0.005958727,-0.0020490363,0.14514859,0.08651308,-0.15080251,8.817527,20.4912,-15.002481,1.2007132,0.026501136,-0.03893208,-0.30326027,-0.081962265,67.89856,629.36896,-340.06476,242.13567,67.89856,629.36896,-340.06476,242.13567,1.0,1.0,-1.0,1.0,33.524375915527344,0.4,-0.4,0.4
23.516666666666666,20.491686,-15.003063,2.0010915,-0.25602463,-0.0020204359,-0.0007612431,0.96666783,-0.004926064,0.0055293962,-0.01808872,0.5066752,0.508552,-0.018724969,0.0070808036,-0.00232087,-0.018069807,0.067324586,-0.016310023,-9.793103,20.491365,-15.002486,1.2010916,0.022949437,-0.04132265,-0.21310194,-0.14343402,-592.38995,321.45752,276.8772,-1401.8256,-592.38995,321.45752,276.8772,-1401.8256,-1.0,1.0,1.0,-1.0,0.0,0.4,0.4,-0.4
23.53333333333333,20.491772,-15.003107,2.0026264,-0.2573377,-0.0033395574,0.0005193086,0.9663156,-0.0032548006,0.0048253234,0.12877232,0.082547724,-0.017680068,0.2243175,0.0043579172,-0.0026595714,0.12880264,-0.16337317,-0.020322077,8.812346,20.49153,-15.002494,1.2026267,0.01734868,-0.04391812,-0.33604535,-0.15572837,102.768135,-459.12054,-608.09283,217.97772,102.768135,-459.12054,-608.09283,217.97772,1.0,-1.0,-1.0,1.0,33.524375915527344,-0.4,-0.4,0.4
23.55,20.491838,-15.003167,2.002727,-0.2576609,-0.0007787494,0.004669414,0.9662237,-0.0015901951,0.0049400628,-0.034925055,0.5084551,-0.56097984,-0.018539725,0.00397535,-0.003793247,-0.034878366,-0.022954036,-0.06802054,-9.82086,20.491693,-15.002503,1.2027276,0.010381888,-0.047538124,-0.41800755,-0.21720013,-573.59814,44.535744,-204.93921,-1636.8925,-573.59814,44.535744,-204.93921,-1636.8925,-1.0,1.0,-1.0,-1.0,0.0,0.4,-0.4,-0.4
23.566666666666666,20.491892,-15.003177,2.0039873,-0.25603324,-8.522873e-05,0.0065039066,0.9666461,-0.0027477199,0.00264197,0.11243084,0.085202396,0.0025338084,-0.26206306,0.003302247,0.00047351394,0.112445965,-0.040386174,0.25600564,8.839459,20.491856,-15.002511,1.2039875,0.002595472,-0.047674727,-0.4671849,-0.008196159,56.988857,-944.5014,496.30682,-441.4924,56.988857,-944.5014,496.30682,-441.4924,1.0,-1.0,1.0,-1.0,33.524375915527344,-0.4,0.4,-0.4
23.583333333333332,20.49193,-15.003164,2.0038142,-0.2553662,0.0036889652,0.005472808,0.96682185,-0.0027701906,-1.7502345e-05,-0.05130883,-0.3426007,-0.5431097,-0.01907427,0.0021775956,0.00074334844,-0.051332016,-0.06747908,0.016190069,-9.826678,20.492022,-15.0025215,1.2038144,-0.0065569817,-0.04603548,-0.5491472,0.09835481,-527.21326,-702.65204,-28.146914,568.7375,-527.21326,-702.65204,-28.146914,568.7375,-1.0,-1.0,-1.0,1.0,0.0,-0.4,-0.4,0.4
23.6,20.491999,-15.003095,2.0048,-0.25371096,0.006048825,0.00042177143,0.967261,-0.0055673113,-0.0024569621,0.09605641,-0.7653768,0.021395683,-0.26212993,0.0047477195,0.0052463193,0.09598854,0.15420742,0.27017823,8.839232,20.49219,-15.002538,1.2048001,-0.013660379,-0.039888307,-0.4262038,0.36883032,52.633118,-153.88976,818.6301,-1629.2963,52.633118,-153.88976,818.6301,-1629.2963,1.0,-1.0,1.0,-1.0,33.524375915527344,-0.4,0.4,-0.4
23.616666666666667,20.492086,-15.003005,2.0043592,-0.25304088,0.0035007538,-0.004064293,0.96744066,-0.0079311095,-0.0010264292,-0.06721005,-0.33661646,0.56907916,-0.018998433,0.0058192564,0.0051877424,-0.0672337,0.064292215,-0.0035146156,-9.793334,20.49235,-15.002552,1.2043594,-0.018851323,-0.0324434,-0.31145665,0.4466944,-551.0978,747.6389,453.62732,570.7184,-551.0978,747.6389,453.62732,570.7184,-1.0,1.0,1.0,1.0,0.0,0.4,0.4,0.4
23.633333333333333,20.492214,-15.002959,2.0050757,-0.25434977,0.0021085588,-0.0045510316,0.9670992,-0.007782788,0.0014204383,0.07974823,0.093419,0.044452794,0.22422072,0.007984369,0.0019759506,0.07971647,0.12990676,-0.19270751,8.817009,20.492516,-15.002569,1.2050759,-0.021583399,-0.027935475,-0.16392453,0.2704755,189.7458,590.57684,-366.55768,225.34096,189.7458,590.57684,-366.55768,225.34096,1.0,1.0,-1.0,1.0,33.524375915527344,0.4,-0.4,0.4
23.65,20.492361,-15.002926,2.004364,-0.2546757,-0.002429132,-0.0021804208,0.9670209,-0.008276493,0.0032539049,-0.083541445,0.5205543,0.5904712,-0.018598158,0.009105234,0.0017004112,-0.08350129,0.06725192,-0.01653236,-9.793065,20.49268,-15.002583,1.2043644,-0.022812832,-0.024588682,-0.07376599,0.20080759,-473.28232,292.9317,235.01256,-1218.9712,-473.28232,292.9317,235.01256,-1218.9712,-1.0,1.0,1.0,-1.0,0.0,0.4,0.4,-0.4
23.666666666666668,20.492476,-15.002916,2.004808,-0.25598705,-0.0044372967,-0.000959814,0.96666956,-0.006201288,0.0028075834,0.063313074,0.096283205,0.064174205,0.22448695,0.0062657967,0.000368085,0.06336788,-0.17036626,-0.07993957,8.81215,20.492836,-15.002602,1.2048081,-0.025818117,-0.022539625,-0.18031707,0.1229434,269.74744,-436.56067,-667.9046,202.24756,269.74744,-436.56067,-667.9046,202.24756,1.0,-1.0,-1.0,1.0,33.524375915527344,-0.4,-0.4,0.4
23.683333333333334,20.492575,-15.002923,2.003818,-0.25631255,-0.0025601266,0.0031211409,0.9665855,-0.0043941475,0.0028395592,-0.10035718,0.52196825,-0.47902662,-0.018337298,0.0058809305,-0.0007628729,-0.100318335,-0.023091974,-0.06785747,-9.821173,20.492996,-15.00262,1.2038183,-0.030189436,-0.021720001,-0.26227912,0.049177404,-403.21042,75.651085,-380.24466,-1509.8312,-403.21042,75.651085,-380.24466,-1509.8312,-1.0,1.0,-1.0,-1.0,0.0,0.4,-0.4,-0.4
23.7,20.492651,-15.0029,2.0039876,-0.2546873,-0.0025491035,0.0048863273,0.96700764,-0.004900759,0.0006980556,0.046999145,0.09886277,0.0842468,-0.26184446,0.0042600525,0.0021897508,0.047015753,-0.097252674,0.17715742,8.840045,20.493155,-15.002638,1.2039877,-0.036063403,-0.01878302,-0.352438,0.17621888,348.2181,-931.3611,313.1983,-332.85474,348.2181,-931.3611,313.1983,-332.85474,1.0,-1.0,1.0,-1.0,33.524375915527344,-0.4,0.4,-0.4
23.716666666666665,20.492712,-15.00286,2.0027237,-0.2540358,0.00053757377,0.0037864507,0.96718717,-0.004289645,-0.0014269492,-0.11674828,-0.32879406,-0.46149278,-0.018872865,0.0031379724,0.0024636514,-0.11676764,-0.067324795,0.016434034,-9.827003,20.493317,-15.002659,1.2027241,-0.043303404,-0.014411699,-0.43440005,0.26227924,-273.87802,-613.37976,-296.69653,558.9952,-273.87802,-613.37976,-296.69653,558.9952,-1.0,-1.0,-1.0,1.0,0.0,-0.4,-0.4,0.4
23.733333333333334,20.492779,-15.00279,2.0026202,-0.2524163,0.0008426832,0.003824608,0.9676107,-0.005916441,-0.0017460962,0.030698068,0.1024525,0.104184,-0.26160258,0.0043003564,0.00465385,0.030663874,0.06974303,0.13141192,8.84589,20.493475,-15.002679,1.2026205,-0.049860388,-0.007991321,-0.39341903,0.38522264,424.6994,20.288418,542.30066,-1572.6312,424.6994,20.288418,542.30066,-1572.6312,1.0,1.0,1.0,-1.0,33.524375915527344,0.4,0.4,-0.4
23.75,20.492844,-15.0027075,2.0010839,-0.25176394,0.003759497,0.0027069573,0.96777755,-0.0063284924,-0.003204628,-0.13305263,-0.32517064,-0.4415763,-0.018634941,0.0031775276,0.004933101,-0.13311233,-0.06736972,0.016755061,-9.826571,20.493635,-15.002698,1.2010844,-0.056690577,-0.00068301894,-0.40981135,0.4384981,-170.38173,-640.3253,-81.55081,538.01984,-170.38173,-640.3253,-81.55081,538.01984,-1.0,-1.0,-1.0,1.0,0.0,-0.4,-0.4,0.4
23.766666666666666,20.492933,-15.002591,2.0007071,-0.25011596,0.0052513704,-0.002424497,0.96819854,-0.008945894,-0.0038098702,0.014275627,-0.7477483,0.12267098,-0.26177,0.006143492,0.0076365704,0.014222448,0.17795786,0.16220814,8.840086,20.493788,-15.002721,1.2007077,-0.06119851,0.009289057,-0.27047595,0.59832454,548.7009,-15.447477,754.89825,-1402.2728,548.7009,-15.447477,754.89825,-1402.2728,1.0,-1.0,1.0,-1.0,33.524375915527344,-0.4,0.4,-0.4
23.78333333333333,20.49305,-15.002465,1.9989036,-0.24943793,0.0018353048,-0.006966573,0.968364,-0.00998359,-0.0009930125,-0.1490262,-0.3185259,0.6702128,-0.01876189,0.0072138417,0.0075668762,-0.1489972,0.064220965,-0.0041816477,-9.793179,20.493935,-15.002745,1.1989044,-0.06338417,0.020012455,-0.13113944,0.6434038,-66.15023,821.0839,368.92892,544.55646,-66.15023,821.0839,368.92892,544.55646,-1.0,1.0,1.0,1.0,0.0,0.4,0.4,0.4
23.8,20.493189,-15.002403,1.998257,-0.25073957,-0.0004168698,-0.0075099478,0.9680253,-0.008633012,0.0023124642,-0.0020750137,0.111495316,0.14565006,0.22442362,0.0086639365,0.002199966,-0.0020684379,0.08700569,-0.3220146,8.815725,20.494078,-15.00276,1.1982577,-0.06365738,0.02554491,-0.016392766,0.33194727,716.78546,658.39594,-571.0813,192.32451,716.78546,658.39594,-571.0813,192.32451,1.0,1.0,-1.0,1.0,33.524375915527344,0.4,-0.4,0.4
23.816666666666666,20.49334,-15.002435,2.000059,-0.25109205,0.00066647836,-0.003496999,0.96795666,-0.0065248646,0.0062759067,0.14491253,0.54081315,-0.37789252,-0.01836625,0.009194209,-0.0032452191,0.1448673,0.031816363,-0.3267111,8.816144,20.494217,-15.002773,1.2000597,-0.06283776,0.024247171,0.049177404,-0.0778643,79.82788,592.2662,-78.23852,-1047.915,79.82788,592.2662,-78.23852,-1047.915,1.0,1.0,-1.0,-1.0,33.524375915527344,0.4,-0.4,-0.4
23.833333333333332,20.493498,-15.002479,2.0004323,-0.24947128,-3.1169122e-05,-0.0017773237,0.9683806,-0.00729715,0.0067778258,-0.018423153,0.11406107,0.16557503,-0.26183537,0.0096484525,-0.0023446952,-0.01843935,0.027254594,0.054031435,-9.798399,20.494352,-15.002789,1.2004329,-0.06119851,0.022198115,0.09835481,-0.1229434,-495.0368,-342.14764,654.96564,-3.1491845,-495.0368,-342.14764,654.96564,-3.1491845,-1.0,-1.0,1.0,-1.0,0.0,-0.4,0.4,-0.4
23.85,20.49367,-15.002529,2.0019684,-0.24881843,-0.0056924787,0.00054014963,0.9685333,-0.00873609,0.008459989,0.12889321,0.5468948,0.72984457,-0.01832503,0.01027537,-0.0034320676,0.12901159,0.037615072,-0.06524234,8.847055,20.494484,-15.002799,1.2019689,-0.058329828,0.019329436,0.17212091,-0.17212069,120.45879,62.769352,6.604618,501.85825,120.45879,62.769352,6.604618,501.85825,1.0,1.0,1.0,1.0,33.524375915527344,0.4,0.4,0.4
23.866666666666667,20.493826,-15.002583,2.0020714,-0.25013283,-0.0087437285,0.0017076987,0.9681705,-0.0059324717,0.0069175265,-0.034931388,0.11858711,0.18388705,0.22487444,0.009160724,-0.0031410619,-0.034777336,-0.06687881,0.017460342,-9.827334,20.494614,-15.0028105,1.2020718,-0.05641737,0.016324153,0.11474758,-0.18031697,-425.2936,-476.37695,-780.3078,346.20096,-425.2936,-476.37695,-780.3078,346.20096,-1.0,-1.0,-1.0,1.0,0.0,-0.4,-0.4,0.4
23.883333333333333,20.493895,-15.002642,2.003327,-0.25048554,-0.006627813,0.000536119,0.96809745,-0.0019307104,0.0047543063,0.112006016,-0.30617633,-0.34201357,-0.018455354,0.0025265901,-0.0034769513,0.11204109,-0.39804798,-0.020153362,8.809105,20.49474,-15.002824,1.2033277,-0.06051549,0.013045661,-0.24588725,-0.19670951,105.913895,-58.93748,-780.76776,-1537.776,105.913895,-58.93748,-780.76776,-1537.776,1.0,-1.0,-1.0,-1.0,33.524375915527344,-0.4,-0.4,-0.4
23.9,20.493933,-15.002714,2.003148,-0.24886285,-0.0006097378,0.002193483,0.968536,0.0003624349,0.0048170984,-0.051659208,0.118943155,-0.8850723,-0.26094505,0.0021220164,-0.004598917,-0.051636778,-0.024274424,-0.06731794,-9.820672,20.494865,-15.002835,1.2031488,-0.06679926,0.00867434,-0.37702626,-0.26227924,-585.8341,588.19556,-68.583435,-803.9899,-585.8341,588.19556,-68.583435,-803.9899,-1.0,1.0,-1.0,-1.0,0.0,0.4,-0.4,-0.4
23.916666666666668,20.493967,-15.002758,2.0041292,-0.24821407,0.0035345715,0.0015396586,0.9686974,-0.00064479816,0.0030376022,0.095710926,-0.30555543,-0.32159668,-0.01819479,0.002608373,-0.0018997852,0.0957069,0.029181398,0.16194789,8.84062,20.494986,-15.002844,1.20413,-0.072946444,0.0061471704,-0.36883098,-0.15163018,120.76319,-290.1737,826.38574,207.92735,120.76319,-290.1737,826.38574,207.92735,1.0,-1.0,1.0,1.0,33.524375915527344,-0.4,0.4,0.4
23.933333333333334,20.494028,-15.002793,2.0036836,-0.24659953,0.0027914324,0.0014885255,0.9691123,-0.002643317,0.003604335,-0.067509025,0.12223534,0.22435063,-0.26095513,0.0037288745,-0.0021902707,-0.06751848,0.06723008,-0.017429126,-9.793523,20.495106,-15.002853,1.2036846,-0.07718116,0.004303019,-0.25408295,-0.11064908,-584.0778,349.6219,623.73285,-430.5535,-584.0778,349.6219,623.73285,-430.5535,-1.0,1.0,1.0,-1.0,0.0,0.4,0.4,-0.4
23.95,20.494097,-15.002809,2.004394,-0.2459568,0.004568022,0.00026265896,0.96927,-0.0027699051,0.0024184282,0.07939341,-0.30132303,-0.30195498,-0.018038923,0.0042805597,-0.00058631937,0.07936099,0.03310111,0.09623708,8.812767,20.49522,-15.002862,1.204395,-0.080459654,0.003824906,-0.19670962,-0.028686782,209.25293,-297.4026,-18.528767,511.22955,209.25293,-297.4026,-18.528767,511.22955,1.0,-1.0,-1.0,1.0,33.524375915527344,-0.4,-0.4,0.4
23.966666666666665,20.494183,-15.002823,2.0036764,-0.24434128,0.00365994,0.00020885613,0.96968234,-0.004940913,0.0034526642,-0.083829366,0.12652096,0.24397016,-0.2608013,0.0054004574,-0.0008829575,-0.08386746,0.06719386,-0.017798286,-9.793707,20.49533,-15.002872,1.2036773,-0.08223551,0.0035516985,-0.10655119,-0.016392445,-530.6936,387.07382,704.5507,-357.88034,-530.6936,387.07382,704.5507,-357.88034,-1.0,1.0,1.0,-1.0,0.0,0.4,0.4,-0.4
23.983333333333334,20.494305,-15.002819,2.0041206,-0.24369806,-0.0013365943,-0.0026712005,0.9698465,-0.0071574757,0.002832902,0.06346924,-0.29430515,0.8065671,-0.018025028,0.0075645195,0.0005167073,0.06348315,0.12984373,0.08397988,8.841036,20.495441,-15.002882,1.2041215,-0.081415884,0.004507925,0.049177404,0.05737358,279.9701,-240.73787,81.305626,492.12128,279.9701,-240.73787,81.305626,492.12128,1.0,-1.0,1.0,1.0,33.524375915527344,-0.4,0.4,0.4
24.0,20.494423,-15.002821,2.0031328,-0.245013,-0.004612738,-0.0032717544,0.9695033,-0.0050036465,0.0041128467,-0.100249514,0.13177574,0.262529,0.22513618,0.0070926654,-0.00037938994,-0.10020712,-0.028311245,-0.053765833,-9.821416,20.495543,-15.00289,1.2031336,-0.08018645,0.004917736,0.073766105,0.024588674,-331.99582,493.1555,-886.5891,371.752,-331.99582,493.1555,-886.5891,371.752,-1.0,1.0,-1.0,1.0,0.0,0.4,-0.4,0.4
24.016666666666666,20.494501,-15.002873,2.0032992,-0.24534404,-0.0044899103,0.00065920554,0.96942544,-0.002179334,0.0055302773,0.046705715,0.56081194,-0.26091468,-0.017587677,0.004125829,-0.0038710106,0.04674131,-0.17801018,-0.20949723,8.816905,20.495638,-15.002899,1.2033002,-0.081415884,0.0018441511,-0.073766105,-0.1844151,368.5914,295.82074,-648.2693,-1080.0493,368.5914,295.82074,-648.2693,-1080.0493,1.0,1.0,-1.0,-1.0,33.524375915527344,0.4,-0.4,-0.4
24.03333333333333,20.494572,-15.002923,2.002037,-0.24666338,-0.0061668158,0.0023138376,0.96907884,-0.0014097127,0.0037034177,-0.11661847,0.13478021,0.28279582,0.22492847,0.004535432,-0.0027469425,-0.116565235,0.024576185,0.067444086,-9.798392,20.495733,-15.002907,1.2020379,-0.08319173,-0.0011611321,-0.106550746,-0.18031698,-277.76355,-667.80914,9.347531,8.74668,-277.76355,-667.80914,9.347531,8.74668,-1.0,-1.0,1.0,1.0,0.0,-0.4,0.4,0.4
24.05,20.49458,-15.002965,2.0019298,-0.24701278,-0.0048857587,0.0010586389,0.96899927,0.0014440905,0.0018222067,0.030282428,-0.29033694,-0.24313238,-0.018443618,-0.0006980774,-0.0023021179,0.030276135,-0.31401056,0.026689474,8.810482,20.495823,-15.002917,1.2019305,-0.0890657,-0.0034150947,-0.3524382,-0.13523775,463.06543,-163.31358,-815.01825,-1247.3085,463.06543,-163.31358,-815.01825,-1247.3085,1.0,-1.0,-1.0,-1.0,33.524375915527344,-0.4,-0.4,-0.4
24.066666666666666,20.494564,-15.003016,2.0003881,-0.2453865,0.0003051874,0.0026218134,0.96942174,0.002353804,0.0018232334,-0.13341701,0.13490117,-0.78612524,-0.26097405,-0.0011101763,-0.0034216736,-0.13340172,-0.024725936,-0.06717334,-9.820671,20.495914,-15.002925,1.2003895,-0.096715525,-0.0065569817,-0.4589894,-0.1885132,-215.14804,503.3919,-169.14209,-576.0952,-215.14804,503.3919,-169.14209,-576.0952,-1.0,1.0,-1.0,-1.0,0.0,0.4,-0.4,-0.4
24.083333333333332,20.494553,-15.003034,2.0000067,-0.24473718,0.003616063,0.0018834234,0.9695808,0.00047395533,0.00023337471,0.013931879,-0.28924423,-0.22291565,-0.018225472,-0.0002215588,-0.00035480026,0.013935615,0.053317048,0.18401238,8.84024,20.496,-15.002932,1.2000079,-0.103682324,-0.0073083024,-0.41800794,-0.045079242,589.8524,-390.0431,779.0594,212.74251,589.8524,-390.0431,779.0594,212.74251,1.0,-1.0,1.0,1.0,33.524375915527344,-0.4,0.4,0.4
24.1,20.494562,-15.003045,1.9981986,-0.24312232,0.0020421327,0.0017669239,0.96999186,-0.0012017413,0.00063607463,-0.14928602,0.13880464,0.32294092,-0.2609968,0.00089650985,-0.0006540398,-0.14928809,0.06708412,-0.01795437,-9.793422,20.49608,-15.002942,1.1982003,-0.10873668,-0.0073766042,-0.30326125,-0.0040981076,-114.18252,260.72098,502.84164,-271.3483,-114.18252,260.72098,502.84164,-271.3483,-1.0,1.0,1.0,-1.0,0.0,0.4,0.4,-0.4
24.116666666666667,20.494576,-15.003034,1.9975466,-0.24248149,0.0029839692,0.00047047975,0.97015125,-0.0011923752,-0.0004671124,-0.00240243,-0.28453618,-0.20348439,-0.018104102,0.00081900397,0.0009675073,-0.0024093122,-0.004650353,0.097292826,8.812726,20.496151,-15.002951,1.1975483,-0.1128348,-0.0059422646,-0.24588703,0.086060375,716.8378,-344.5251,-259.79935,504.99237,716.8378,-344.5251,-259.79935,504.99237,1.0,-1.0,-1.0,1.0,33.524375915527344,-0.4,-0.4,0.4
24.133333333333333,20.494627,-15.003014,1.9993491,-0.24086423,0.0011212088,0.0003494013,0.9705581,-0.003583266,0.00061788573,0.14502968,0.14747009,0.36191815,-0.26087907,0.0037476078,0.0013058415,0.14502096,0.17571622,0.02030005,8.845816,20.496218,-15.002961,1.1993507,-0.11392764,-0.0037566042,-0.065570615,0.13113962,54.0451,368.9318,470.56943,-265.99582,54.0451,368.9318,470.56943,-265.99582,1.0,1.0,1.0,-1.0,33.524375915527344,0.4,0.4,-0.4
24.15,20.49468,-15.002987,1.9997185,-0.24022636,0.0018531336,-0.00095153,0.97071457,-0.0031393096,-0.00014709495,-0.018746335,-0.27967292,-0.18412131,-0.017992023,0.0026323416,0.0016121884,-0.01875563,-0.066915974,0.018380813,-9.826595,20.496283,-15.002971,1.1997201,-0.114747256,-0.0011611321,-0.049176957,0.15572833,-445.8293,-242.05043,-239.12135,631.511,-445.8293,-242.05043,-239.12135,631.511,-1.0,-1.0,-1.0,1.0,0.0,-0.4,-0.4,0.4
24.166666666666668,20.494751,-15.002971,2.0012493,-0.23860587,-0.00017383456,-0.0010691532,0.9711158,-0.0049768435,0.0013186429,0.12867683,0.15239859,0.38124052,-0.26076326,0.0050434573,0.0008600374,0.12867811,0.14466694,-0.045129057,8.8460245,20.496332,-15.002982,1.2012508,-0.113244615,0.0008196227,0.090158425,0.11884528,72.21374,487.14716,418.30286,-257.0794,72.21374,487.14716,418.30286,-257.0794,1.0,1.0,1.0,-1.0,33.524375915527344,0.4,0.4,-0.4
24.183333333333334,20.494822,-15.002952,2.0013466,-0.23797077,0.00039013798,-0.0023711172,0.9712693,-0.004014084,0.0009452596,-0.035097033,-0.27471375,-0.16482344,-0.017877335,0.0039302027,0.0011725388,-0.03509967,-0.066795275,0.018750086,-9.826667,20.496384,-15.002991,1.2013484,-0.111878574,0.0028003776,0.08196249,0.11884528,-434.72357,-112.14917,-308.2741,626.56525,-434.72357,-112.14917,-308.2741,626.56525,-1.0,-1.0,-1.0,1.0,0.0,-0.4,-0.4,0.4
24.2,20.494907,-15.002956,2.0026042,-0.2363462,-0.0018007334,-0.0024843682,0.971664,-0.0051768,0.0027657312,0.112323284,0.15742216,0.4004989,-0.2606401,0.0056075803,-0.0007169623,0.11233436,0.10064265,-0.11337007,8.846041,20.496428,-15.003001,1.2026056,-0.108873285,0.003210189,0.1803173,0.02458869,105.16467,638.8204,327.732,-239.21329,105.16467,638.8204,327.732,-239.21329,1.0,1.0,1.0,-1.0,33.524375915527344,0.4,0.4,-0.4
24.216666666666665,20.494995,-15.002979,2.0024307,-0.23570484,-0.0026760076,0.0013993217,0.97181994,-0.003585475,0.0035715755,-0.05138235,0.58460826,-0.14384213,-0.017033987,0.005124376,-0.0016070175,-0.051350914,-0.028992247,-0.053403307,-9.821116,20.496468,-15.00301,1.2024322,-0.105458185,0.0021856606,0.204906,-0.0614717,-411.55188,63.09481,-420.3331,629.40546,-411.55188,63.09481,-420.3331,629.40546,-1.0,1.0,-1.0,1.0,0.0,0.4,-0.4,0.4
24.233333333333334,20.49506,-15.002986,2.0034165,-0.2340868,-0.005456914,0.0030157894,0.9721957,-0.0039324183,0.0022270065,0.095943056,0.162056,0.41860664,-0.26038498,0.0033613252,0.00012457788,0.095990516,-0.10578305,0.10389572,8.840486,20.4965,-15.003019,1.2034179,-0.10313591,0.0023905663,0.13933627,0.012294337,189.96175,-870.0478,42.49341,-11.156615,189.96175,-870.0478,42.49341,-11.156615,1.0,-1.0,1.0,-1.0,33.524375915527344,-0.4,0.4,-0.4
24.25,20.495096,-15.002982,2.002969,-0.2334616,-0.0052231085,0.0017144629,0.9723504,-0.0015765158,0.00023519876,-0.06782242,-0.26499087,-0.1275025,-0.0174859,0.0022545473,0.0004455053,-0.06780221,-0.066406675,0.019255644,-9.827563,20.496527,-15.00303,1.2029706,-0.10245289,0.0034150947,0.040981468,0.0614717,-415.52612,-344.77145,-647.81714,642.844,-415.52612,-344.77145,-647.81714,642.844,-1.0,-1.0,-1.0,1.0,0.0,-0.4,-0.4,0.4
24.266666666666666,20.49509,-15.002987,2.003676,-0.23183501,-0.0011226292,0.0031808612,0.9727493,0.001088574,0.0001615507,0.079163164,0.16435099,-0.6509522,-0.2600611,-0.0011883446,-0.00018649035,0.079161674,-0.2065735,-0.037919737,8.817833,20.496553,-15.003041,1.2036772,-0.10477516,0.0038932078,-0.13933627,0.028686782,217.59735,296.07315,-273.52844,-449.92987,217.59735,296.07315,-273.52844,-449.92987,1.0,1.0,-1.0,-1.0,33.524375915527344,0.4,-0.4,-0.4
24.28333333333333,20.495079,-15.002976,2.0029538,-0.2311956,0.0011507683,0.002381411,0.97290367,-2.971734e-05,-0.0015089668,-0.084150195,-0.26328182,-0.10763624,-0.017316751,-0.00074806035,0.00092629634,-0.084155306,0.02641705,0.0667672,-9.799018,20.496578,-15.003051,1.2029551,-0.10737064,0.0053275474,-0.1557286,0.086060375,-454.19162,-500.319,599.87,380.6849,-454.19162,-500.319,599.87,380.6849,-1.0,-1.0,1.0,1.0,0.0,-0.4,0.4,0.4
24.3,20.495085,-15.002944,2.0033941,-0.22958429,-0.0015341269,0.0022682177,0.9732849,-0.0016074409,-0.001298391,0.063288756,0.16901119,0.45762852,-0.26009732,0.00060282275,0.002114737,0.063284285,0.08105299,0.07130643,8.846375,20.496593,-15.003057,1.2033954,-0.10805366,0.008059624,-0.040981468,0.16392456,270.05817,99.533035,162.9049,-181.14766,270.05817,99.533035,162.9049,-181.14766,1.0,1.0,1.0,-1.0,33.524375915527344,0.4,0.4,-0.4
24.316666666666666,20.495085,-15.002905,2.0024018,-0.22895594,-0.0016355687,0.0009501997,0.9734349,-0.00036301452,-0.0026748024,-0.10049522,-0.2579647,-0.08852455,-0.017177762,-0.0005035975,0.0024455392,-0.10050046,-0.06638522,0.019848136,-9.827084,20.49661,-15.003064,1.2024034,-0.1092831,0.011406416,-0.073766105,0.20080753,-296.80585,-414.7069,-566.5807,633.8454,-296.80585,-414.7069,-566.5807,633.8454,-1.0,-1.0,-1.0,1.0,0.0,-0.4,-0.4,0.4
24.333333333333332,20.495062,-15.002875,2.002564,-0.22733521,0.0021437102,0.00238655,0.97381127,0.0008758304,-0.0022178967,0.046483435,0.17146057,-0.611946,-0.25975844,-0.0016236843,0.0018622137,0.04647894,-0.067205206,-0.03499953,8.818763,20.49662,-15.003075,1.2025657,-0.11160537,0.014275095,-0.13933627,0.17212075,386.99008,255.96935,-104.77284,-216.2915,386.99008,255.96935,-104.77284,-216.2915,1.0,1.0,-1.0,-1.0,33.524375915527344,0.4,-0.4,-0.4
24.35,20.495043,-15.002834,2.001297,-0.22669622,0.004084596,0.0015633401,0.9739557,-0.0012727265,-0.0033221242,-0.11683109,-0.25605842,-0.06872484,-0.01701038,-0.0011719177,0.00297051,-0.116841614,0.027105998,0.06649777,-9.7992325,20.496624,-15.003085,1.2012988,-0.113244615,0.017963398,-0.09835481,0.22129816,-289.19067,-539.57355,750.70807,375.71515,-289.19067,-539.57355,750.70807,375.71515,-1.0,-1.0,1.0,1.0,0.0,-0.4,0.4,0.4
24.366666666666667,20.49506,-15.0027685,2.0011926,-0.22508557,0.0010715111,0.0014530951,0.9743373,-0.003585327,-0.0026378795,0.03060254,0.17636205,0.49651128,-0.2598006,0.0021088775,0.0040445765,0.030586312,0.1968477,0.06444399,8.845675,20.496616,-15.003088,1.2011942,-0.11146876,0.022881133,0.10655119,0.2950641,469.62234,57.03243,362.92847,-82.5315,469.62234,57.03243,362.92847,-82.5315,1.0,1.0,1.0,-1.0,33.524375915527344,0.4,0.4,-0.4
24.383333333333333,20.495079,-15.002696,1.999655,-0.22445634,0.0006356164,0.00012465821,0.97448385,-0.0029936687,-0.0034990143,-0.13318922,-0.2505486,-0.049689442,-0.016867625,0.0010038061,0.004385692,-0.13319282,-0.06630428,0.02046693,-9.826748,20.496607,-15.003092,1.1996566,-0.109419696,0.028345285,0.12294396,0.32784906,-103.55545,-477.0841,-447.31622,607.51355,-103.55545,-477.0841,-447.31622,607.51355,-1.0,-1.0,-1.0,1.0,0.0,-0.4,-0.4,0.4
24.4,20.495113,-15.0026245,1.9992782,-0.2228396,-0.0025401034,2.5218498e-05,0.9748518,-0.0038785026,-0.0026195026,0.014234222,0.18193322,0.5154969,-0.25965774,0.002284507,0.0040290314,0.014250108,0.07684205,-0.02139964,8.846576,20.496593,-15.003093,1.1992797,-0.106004596,0.033536233,0.204906,0.31145686,625.39575,218.23268,97.695175,-120.03316,625.39575,218.23268,97.695175,-120.03316,1.0,1.0,1.0,-1.0,33.524375915527344,0.4,0.4,-0.4
24.416666666666668,20.495113,-15.002561,2.0013518,-0.22221422,-0.0032671762,-0.0012971043,0.97499144,-0.0021875277,-0.003921955,0.16110308,-0.24096029,-0.011238083,-0.016709067,-0.00066153385,0.0038410765,0.16111852,-0.17676245,-0.011277291,8.812104,20.496569,-15.003094,1.2013534,-0.10422875,0.03818076,0.106550746,0.27867165,22.653616,-268.9688,-650.0955,609.9125,22.653616,-268.9688,-650.0955,609.9125,1.0,-1.0,-1.0,1.0,33.524375915527344,-0.4,-0.4,0.4
24.433333333333334,20.495098,-15.002508,2.0019908,-0.22356325,-1.4671644e-05,0.00012416745,0.9746894,-0.00024091848,-0.0031765604,-0.0025661099,0.18570411,-0.5543851,0.2266285,-0.001167323,0.0029634181,-0.002566906,-0.030347345,-0.0526595,-9.821125,20.496546,-15.003093,1.2019923,-0.103682324,0.041869063,0.03278553,0.2212981,-647.94366,454.94025,-266.56052,165.03052,-647.94366,454.94025,-266.56052,165.03052,-1.0,1.0,-1.0,1.0,0.0,0.4,-0.4,0.4
24.45,20.495087,-15.002448,1.9999067,-0.22391875,0.0014223275,-0.00068258843,0.97460645,-0.001490796,-0.00341553,-0.16588452,-0.23943257,-0.010558516,-0.016880699,-0.00066007074,0.0038387524,-0.16588067,0.030435132,0.05252005,-9.798825,20.496521,-15.003091,1.1999081,-0.1027261,0.04603548,0.05737334,0.249985,-52.97201,-347.33685,586.58575,-3285.2722,-52.97201,-347.33685,586.58575,-3285.2722,-1.0,-1.0,1.0,-1.0,0.0,-0.4,0.4,-0.4
24.466666666666665,20.495102,-15.002393,1.998985,-0.22229911,-0.0020905272,-0.00076122175,0.97497594,-0.0023124034,-0.0022450234,-0.018451642,0.19316638,0.5545781,-0.25966784,0.0011796486,0.0030700313,-0.018440004,0.110383146,-0.046123262,8.846439,20.49649,-15.003086,1.1989865,-0.0994476,0.049655482,0.19671007,0.21720013,758.2039,300.53973,73.390594,-73.07573,758.2039,300.53973,73.390594,-73.07573,1.0,1.0,1.0,-1.0,33.524375915527344,0.4,0.4,-0.4
24.483333333333334,20.49509,-15.002348,2.0005136,-0.22167203,-0.0031558464,-0.0020631817,0.975114,-0.0006777673,-0.003152121,0.12842135,-0.22963652,0.027775168,-0.016693689,-0.0014245104,0.0024389077,0.12843075,-0.15624954,-0.037867412,8.812245,20.496449,-15.003076,1.2005149,-0.09726194,0.05211435,0.13113944,0.14753199,162.66461,-187.42517,-692.89594,598.9906,162.66461,-187.42517,-692.89594,598.9906,1.0,-1.0,-1.0,1.0,33.524375915527344,-0.4,-0.4,0.4
24.5,20.495056,-15.002318,2.000608,-0.2230228,-0.00024224332,-0.0006243562,0.9748129,0.0010860204,-0.0022075067,-0.03525788,0.19698513,-0.5153286,0.2266272,-0.0019310017,0.0015624203,-0.035256214,-0.030389475,-0.052589245,-9.821218,20.496403,-15.003065,1.2006092,-0.09644232,0.053480387,0.049177404,0.081962265,-524.92505,520.2153,-313.51846,162.29874,-524.92505,520.2153,-313.51846,162.29874,-1.0,1.0,-1.0,1.0,0.0,0.4,-0.4,0.4
24.516666666666666,20.495031,-15.002285,2.0018625,-0.22337966,0.00073183764,-0.0014166519,0.9747302,0.00019059866,-0.0027535534,0.11208123,-0.22426046,0.04794752,-0.016869763,-0.0011398196,0.0021228557,0.11208932,0.04747092,0.033626128,8.840733,20.496351,-15.00305,1.201864,-0.09452986,0.05477813,0.11474758,0.07786452,137.88614,-242.4802,519.58154,-3202.142,137.88614,-242.4802,519.58154,-3202.142,1.0,-1.0,1.0,-1.0,33.524375915527344,-0.4,0.4,-0.4
24.53333333333333,20.49501,-15.002263,2.0016847,-0.2247294,0.0034704413,2.821518e-05,0.974415,0.00058380235,-0.0017611485,-0.051599745,0.2023325,-0.49512753,0.2264434,-0.0016444626,0.0012442556,-0.051591896,-0.030278577,-0.05271601,-9.820872,20.496304,-15.003036,1.2016863,-0.09261741,0.055324543,0.11474713,0.03278486,-517.40234,435.17493,-30.970322,152.17108,-517.40234,435.17493,-30.970322,152.17108,-1.0,1.0,-1.0,1.0,0.0,0.4,-0.4,0.4
24.55,20.49502,-15.002224,2.0026662,-0.2250808,0.0042724577,-0.00075843366,0.9743304,-0.0016754605,-0.0022021388,0.09574778,-0.21894936,0.06813154,-0.017048672,0.0013696247,0.0027565304,0.095738284,0.18084522,0.090736486,8.83981,20.496244,-15.003017,1.2026676,-0.08769967,0.05682718,0.29506442,0.0901582,165.64992,-383.10638,796.5094,-3077.7766,165.64992,-383.10638,796.5094,-3077.7766,1.0,-1.0,1.0,-1.0,33.524375915527344,-0.4,0.4,-0.4
24.566666666666666,20.495052,-15.002178,2.0022216,-0.22642033,0.00020475686,-0.0008260249,0.97402924,-0.0033455854,-0.0011831825,-0.067484066,0.2096876,0.6135191,0.22613925,0.0024285165,0.0026398741,-0.06748204,0.0635335,-0.0069993776,-9.793219,20.496181,-15.0029955,1.202223,-0.080869466,0.058534734,0.409812,0.102453224,-496.65488,254.44398,306.2106,121.12757,-496.65488,254.44398,306.2106,121.12757,-1.0,1.0,1.0,1.0,0.0,0.4,0.4,0.4
24.583333333333332,20.495079,-15.002142,2.002933,-0.22677428,-0.0013649489,-0.0021337855,0.97394395,-0.0023090553,-0.0015670343,0.079383984,-0.21663095,0.08753379,-0.017092498,0.0012450992,0.0020467204,0.07939688,-0.07100503,-0.035589226,8.812736,20.496113,-15.002974,1.2029339,-0.07403927,0.059559263,0.40981156,0.061471757,261.2982,-248.13765,-742.887,-156.51143,261.2982,-248.13765,-742.887,-156.51143,1.0,-1.0,-1.0,-1.0,33.524375915527344,-0.4,-0.4,-0.4
24.6,20.495094,-15.002117,2.0022101,-0.22812046,0.0010311484,-0.0006898644,0.97363204,-0.0013302261,-0.00055936305,-0.08428774,0.20990813,-0.45548278,0.22620405,0.00074753,0.001165623,-0.08428872,-0.02985415,-0.05286584,-9.821135,20.496046,-15.002947,1.2022114,-0.0681653,0.05942266,0.3524382,-0.008196159,-422.88754,483.1646,-156.76674,124.20611,-422.88754,483.1646,-156.76674,124.20611,-1.0,1.0,-1.0,1.0,0.0,0.4,-0.4,0.4
24.616666666666667,20.495127,-15.002089,2.002647,-0.22847253,0.0015003936,-0.0014869712,0.97354805,-0.0027080225,-0.00088707684,0.06305705,-0.21145067,0.10766952,-0.017273463,0.002257736,0.0018598245,0.06305359,0.09061235,0.04165209,8.840538,20.495975,-15.002915,1.2026482,-0.0607887,0.059217755,0.4425962,-0.012294351,310.62314,-313.76047,656.14197,-3113.4736,310.62314,-313.76047,656.14197,-3113.4736,1.0,-1.0,1.0,-1.0,33.524375915527344,-0.4,0.4,-0.4
24.633333333333333,20.495178,-15.00206,2.0016575,-0.22980322,-0.0029035204,-0.0015790253,0.9732315,-0.0031090602,9.2214206e-05,-0.10018242,0.21720877,0.6530378,0.22591986,0.0033153659,0.001749794,-0.10016057,0.063457794,-0.006601831,-9.79285,20.4959,-15.002886,1.2016584,-0.051636238,0.05914945,0.5491476,-0.0040981914,-363.79358,368.06143,82.550385,108.71875,-363.79358,368.06143,82.550385,108.71875,-1.0,1.0,1.0,1.0,0.0,0.4,0.4,0.4
24.65,20.495197,-15.00205,2.001824,-0.23015599,-0.0048032226,-0.0029068543,0.97313756,-0.0007870934,-0.000233675,0.04669719,-0.20925778,0.12702844,-0.017289756,0.00022492916,0.00019403103,0.046703458,-0.1854262,-0.09334577,8.811841,20.495823,-15.002852,1.2018247,-0.044806045,0.057441898,0.40981156,-0.102453224,406.20724,-74.39423,-920.9151,-163.21625,406.20724,-74.39423,-920.9151,-163.21625,1.0,-1.0,-1.0,-1.0,33.524375915527344,-0.4,-0.4,-0.4
24.666666666666668,20.495195,-15.002055,2.0005562,-0.23149717,-0.0027479294,-0.0014660212,0.9728306,0.001251901,0.0006812268,-0.11698186,0.21723133,-0.41593233,0.22599924,-0.0002648152,-0.0006895637,-0.11698821,-0.02938466,-0.053015683,-9.8215,20.49574,-15.002814,1.2005569,-0.039068684,0.054368313,0.34424162,-0.18441504,-242.71341,558.6803,-482.8364,123.406525,-242.71341,558.6803,-482.8364,123.406525,-1.0,1.0,-1.0,1.0,0.0,0.4,-0.4,0.4
24.683333333333334,20.495182,-15.00207,2.000448,-0.23185018,-0.0026104436,-0.0022777247,0.97274524,0.0012659832,0.00035612518,0.030366294,-0.20421112,0.14710623,-0.017454203,-0.0010913685,-0.0010601768,0.030356651,-0.049593195,-0.022236783,8.840691,20.495665,-15.002772,1.2004483,-0.034560762,0.0502702,0.27047527,-0.2458868,518.98474,-106.970024,294.58002,-3153.8142,518.98474,-106.970024,294.58002,-3153.8142,1.0,-1.0,1.0,-1.0,33.524375915527344,-0.4,0.4,-0.4
24.7,20.495157,-15.002096,1.9989078,-0.23318969,-0.00072911056,-0.00083431567,0.9724305,0.0025302728,0.0011893043,-0.13332568,0.22225213,-0.39582616,0.22583573,-0.0015785341,-0.0019458169,-0.13333145,-0.029229937,-0.053138405,-9.821285,20.49558,-15.00273,1.1989084,-0.03032604,0.045420762,0.2540833,-0.29096624,-131.03021,548.88245,-372.2052,127.987045,-131.03021,548.88245,-372.2052,127.987045,-1.0,1.0,-1.0,1.0,0.0,0.4,-0.4,0.4
24.716666666666665,20.495134,-15.002127,1.9985272,-0.23353973,-0.00076226477,-0.0016453445,0.9723455,0.0018216609,0.0008291025,0.014020714,-0.19923368,0.16718276,-0.017608378,-0.0012564089,-0.0016158383,0.014014164,0.019327516,0.019798718,8.840736,20.495495,-15.002688,1.1985276,-0.025818117,0.04022982,0.2704754,-0.31145653,626.8942,-174.49644,407.2051,-3060.0076,626.8942,-174.49644,407.2051,-3060.0076,1.0,-1.0,1.0,-1.0,33.524375915527344,-0.4,0.4,-0.4
24.733333333333334,20.495104,-15.002168,1.9967148,-0.23487748,0.000944984,-0.00019998143,0.9720245,0.0024310227,0.0015568794,-0.1496741,0.22720441,-0.3757205,0.22568205,-0.0017409266,-0.0025033923,-0.14967087,-0.029071065,-0.053253237,-9.821102,20.495405,-15.002646,1.1967149,-0.021583399,0.034287553,0.25408307,-0.35653597,-1.9100358,511.20892,-248.68945,118.25476,-1.9100358,511.20892,-248.68945,118.25476,-1.0,1.0,-1.0,1.0,0.0,0.4,-0.4,0.4
24.75,20.495087,-15.002198,1.9960623,-0.23522481,0.00074109307,-0.0010110834,0.9719401,0.0011289445,0.0011325196,-0.0023272438,-0.19432363,0.1872599,-0.017757194,-0.0004906306,-0.0015196392,-0.002328768,0.07501776,0.059025183,8.840526,20.495314,-15.0026,1.1960623,-0.01625585,0.028755097,0.31965292,-0.3319474,734.5506,-261.65347,529.0869,-2988.018,734.5506,-261.65347,529.0869,-2988.018,1.0,-1.0,1.0,-1.0,33.524375915527344,-0.4,0.4,-0.4
24.766666666666666,20.49508,-15.00224,1.9978604,-0.23656043,0.0021495938,0.00043106504,0.9716143,0.0021614872,0.0024042174,0.14463873,0.23613712,-0.33611485,0.22553116,-0.0002396689,-0.0028604867,0.14464638,0.015057704,-0.08045085,8.818508,20.495224,-15.002548,1.1978607,-0.010245284,0.022061512,0.36063394,-0.40161505,146.31367,429.73657,-123.142426,102.39626,146.31367,429.73657,-123.142426,102.39626,1.0,1.0,-1.0,1.0,33.524375915527344,0.4,-0.4,0.4
24.78333333333333,20.495083,-15.002275,1.9982295,-0.2369065,0.0017343734,-0.00038262748,0.9715308,0.00063251785,0.0018908769,-0.018671036,-0.18953297,0.20732345,-0.017904954,0.00024259304,-0.0019712527,-0.01867186,0.028935716,0.05335404,-9.799093,20.495134,-15.002496,1.1982297,-0.0036883021,0.015777737,0.3934189,-0.37702647,-508.55426,-305.16452,630.2409,-2274.964,-508.55426,-305.16452,630.2409,-2274.964,-1.0,-1.0,1.0,-1.0,0.0,-0.4,0.4,-0.4
24.8,20.495098,-15.00232,1.9997553,-0.23824072,0.002969559,0.0010600071,0.971201,0.0012017554,0.0029965912,0.12829727,0.24090713,-0.31601802,0.22538486,0.0009966342,-0.0027668437,0.1283042,0.04524247,-0.047735453,8.8185625,20.495047,-15.002445,1.1997554,0.0036883021,0.0089475475,0.44259623,-0.40981135,143.16489,336.49704,-32.953743,89.98446,143.16489,336.49704,-32.953743,89.98446,1.0,1.0,-1.0,1.0,33.524375915527344,0.4,-0.4,0.4
24.816666666666666,20.495117,-15.002354,1.9998523,-0.23858513,0.0023837145,0.00024309596,0.9711186,-0.00060477504,0.0023693228,-0.03501197,-0.18481064,0.22738057,-0.01805309,0.0014758029,-0.0018756946,-0.03501601,0.028750114,0.05346894,-9.799212,20.494951,-15.002392,1.1998525,0.011884529,0.0027320758,0.4917736,-0.3729283,-502.06085,-406.89615,706.1772,-2248.351,-502.06085,-406.89615,706.1772,-2248.351,-1.0,-1.0,1.0,-1.0,0.0,-0.4,0.4,-0.4
24.833333333333332,20.495167,-15.002381,2.0011115,-0.23991339,-0.0031624902,7.8232784e-05,0.9707891,-0.0028922576,0.003285415,0.11241026,0.24797696,0.79217273,0.22515374,0.0033951898,-0.0017134643,0.112431146,0.11516321,0.009733819,8.846828,20.49486,-15.002339,1.2011118,0.021993209,-0.0030052832,0.6065207,-0.3442415,157.10883,223.69019,39.541855,75.54132,157.10883,223.69019,39.541855,75.54132,1.0,1.0,1.0,1.0,33.524375915527344,0.4,0.4,0.4
24.85,20.495213,-15.002411,2.0009384,-0.2402626,-0.0061097806,-0.001297944,0.9706878,-0.0006640819,0.0025018125,-0.051366944,-0.183058,0.2466973,-0.017970406,0.0023315935,-0.0016229778,-0.051353604,-0.06381577,0.0054291887,-9.827084,20.494774,-15.00229,1.2009386,0.03141887,-0.00867434,0.5655397,-0.3401434,-408.75143,-160.20688,-926.4637,-18.442844,-408.75143,-160.20688,-926.4637,-18.442844,-1.0,-1.0,-1.0,-1.0,0.0,-0.4,-0.4,-0.4
24.866666666666667,20.495197,-15.002471,2.0019193,-0.2415867,-0.0052122152,0.00013317398,0.9703652,0.0025803647,0.003171708,0.095611796,0.24735087,-0.27664164,0.22534166,-0.0017652714,-0.0042273765,0.095589474,-0.24581186,-0.15626392,8.816585,20.494684,-15.002239,1.2019193,0.03674642,-0.01659736,0.31965292,-0.47538117,214.26515,443.48605,-678.2494,86.99544,214.26515,443.48605,-678.2494,86.99544,1.0,1.0,-1.0,1.0,33.524375915527344,0.4,-0.4,0.4
24.883333333333333,20.495155,-15.00254,2.0014653,-0.24192901,0.00047568546,0.0009188456,0.97029334,0.004350866,0.0022273473,-0.068196215,-0.18087363,-0.82131314,-0.018058179,-0.0028284823,-0.0041465694,-0.06818666,-0.06379265,0.0048484276,-9.826568,20.494598,-15.002188,1.2014657,0.039888307,-0.025203397,0.18851323,-0.5163622,-438.08862,-164.7401,-14.422039,-2406.5137,-438.08862,-164.7401,-14.422039,-2406.5137,-1.0,-1.0,-1.0,-1.0,0.0,-0.4,-0.4,-0.4
24.9,20.49513,-15.002602,2.0021715,-0.24030909,0.0033963711,0.0028803917,0.97068614,0.0030294938,0.002890204,0.079221554,0.2511073,-0.25580233,-0.26079795,-0.0009184196,-0.0033973178,0.07925403,0.11460376,0.044955093,8.846441,20.494518,-15.002139,1.2021723,0.04384982,-0.03312642,0.23769064,-0.4753814,269.13803,166.75873,817.8484,-2434.933,269.13803,166.75873,817.8484,-2434.933,1.0,1.0,1.0,-1.0,33.524375915527344,0.4,0.4,-0.4
24.916666666666668,20.495125,-15.0026455,2.001451,-0.23967442,0.0023134286,0.0020253174,0.9708484,0.0010396944,0.0015498837,-0.084082656,-0.17520702,0.2862742,-0.018020855,-0.0004950106,-0.002279549,-0.08407101,0.02540454,0.06706613,-9.799502,20.49444,-15.002092,1.2014513,0.049040765,-0.039615102,0.31145674,-0.38932082,-383.7419,-609.1811,584.3627,428.02243,-383.7419,-609.1811,584.3627,428.02243,-1.0,-1.0,1.0,1.0,0.0,-0.4,0.4,0.4
24.933333333333334,20.49512,-15.002675,2.001887,-0.24100463,0.0028801563,0.0034285726,0.9705136,0.0010290755,0.0017091563,0.06289135,0.25517797,-0.23696682,0.22530338,0.00013771423,-0.001486099,0.06290528,0.037963487,0.047606993,8.818577,20.494356,-15.0020485,1.2018877,0.054641522,-0.044874348,0.33604544,-0.3155547,319.352,20.511702,-108.998314,84.42935,319.352,20.511702,-108.998314,84.42935,1.0,1.0,-1.0,1.0,33.524375915527344,0.4,-0.4,0.4
24.95,20.495127,-15.002687,2.0008936,-0.2413525,0.0016311988,0.0025654763,0.9704327,-0.00070484745,0.00038748718,-0.10041838,-0.17074314,0.30627522,-0.018185563,0.00061067916,-0.00059124717,-0.100418,0.028377894,0.053691104,-9.7993965,20.494276,-15.002004,1.2008944,0.0609253,-0.048972465,0.3770267,-0.24588703,-352.12375,-690.54156,559.7063,-2195.1128,-352.12375,-690.54156,559.7063,-2195.1128,-1.0,-1.0,1.0,-1.0,0.0,-0.4,0.4,-0.4
24.966666666666665,20.495136,-15.002673,2.0010562,-0.24266848,0.003333623,-0.0012127138,0.9701028,-0.00054075924,-0.0010204769,0.046464346,-0.59515965,-0.22024494,0.22455898,0.00032447444,0.0011207439,0.04646405,-0.017172283,0.10271946,8.812923,20.494207,-15.001962,1.2010573,0.066526055,-0.050953217,0.33604524,-0.1188451,407.56354,-100.02004,-174.83319,72.502,407.56354,-100.02004,-174.83319,72.502,1.0,-1.0,-1.0,1.0,33.524375915527344,-0.4,-0.4,0.4
24.983333333333334,20.495155,-15.002659,1.9997903,-0.24299979,0.002368263,-0.0038018127,0.97001594,-0.001974748,0.00095642207,-0.11675161,-0.16585904,0.323965,-0.018250357,0.0014402433,0.00081428234,-0.11676051,0.066946134,-0.018387694,-9.793472,20.494133,-15.001923,1.1997913,0.07321965,-0.052729066,0.40161562,-0.10655097,-278.5635,784.91473,566.2829,-3425.2231,-278.5635,784.91473,566.2829,-3425.2231,-1.0,1.0,1.0,-1.0,0.0,0.4,0.4,-0.4
25.0,20.495197,-15.002682,1.9996815,-0.24433132,0.0025982559,-0.0023973398,0.9696854,-0.001522073,0.003041825,0.03022608,0.26452804,-0.19921947,0.22506821,0.0029693698,-0.0020595116,0.030201433,0.09174758,-0.17242762,8.817716,20.494064,-15.001886,1.1996826,0.08114267,-0.056963786,0.47538128,-0.2540832,548.0197,525.87164,-73.043076,71.14457,548.0197,525.87164,-73.043076,71.14457,1.0,1.0,-1.0,1.0,33.524375915527344,0.4,-0.4,0.4
25.016666666666666,20.495255,-15.0027075,1.9981432,-0.24466828,0.0010268845,-0.0032665655,0.9696008,-0.002525095,0.0035648695,-0.13309067,-0.16148925,0.34393138,-0.01843222,0.0034363728,-0.0011637231,-0.1331129,0.028020184,0.05374731,-9.79886,20.494001,-15.001855,1.1981447,0.089748725,-0.061061904,0.5163632,-0.24588703,-138.92924,-177.61412,625.4501,-1993.4523,-138.92924,-177.61412,625.4501,-1993.4523,-1.0,-1.0,1.0,-1.0,0.0,-0.4,0.4,-0.4
25.03333333333333,20.495321,-15.002761,1.997762,-0.24599512,0.0010851013,-0.0018651902,0.9692686,-0.0016425038,0.005299234,0.01387716,0.26887828,-0.17923051,0.2248919,0.004012666,-0.003917345,0.013853094,0.034577597,-0.16521731,8.817959,20.493942,-15.001823,1.1977639,0.09876458,-0.06714077,0.54095143,-0.36473212,662.90845,524.3613,-142.94492,60.724598,662.90845,524.3613,-142.94492,60.724598,1.0,1.0,-1.0,1.0,33.524375915527344,0.4,-0.4,0.4
25.05,20.495394,-15.002814,1.9959515,-0.24633212,-0.0006546388,-0.002742526,0.9691813,-0.0020990218,0.0055367453,-0.1494401,-0.15719008,0.363872,-0.018611366,0.0044757104,-0.0030198705,-0.14945987,0.027782654,0.053848457,-9.798777,20.493885,-15.001794,1.1959537,0.10805366,-0.07308304,0.5573447,-0.35653618,-6.06678,-169.26674,528.1884,-2040.118,-6.06678,-169.26674,528.1884,-2040.118,-1.0,-1.0,1.0,-1.0,0.0,-0.4,0.4,-0.4
25.066666666666666,20.495457,-15.002897,1.9952973,-0.24765413,-0.00076815585,-0.0013448888,0.9688472,-0.0006606565,0.006886528,-0.0024793297,0.27316213,-0.15926619,0.22472188,0.003886364,-0.005717329,-0.0024932204,-0.03536079,-0.16184752,8.817999,20.49383,-15.001768,1.1952996,0.11652311,-0.080869466,0.5081668,-0.46718535,777.33124,522.6452,-274.67065,58.972965,777.33124,522.6452,-274.67065,58.972965,1.0,1.0,-1.0,1.0,33.524375915527344,0.4,-0.4,0.4
25.083333333333332,20.495527,-15.002995,1.9970975,-0.2479906,-0.0027995422,-0.002236835,0.9687558,-0.0015927302,0.006499416,0.14486541,-0.1488486,0.4032456,-0.01878463,0.0038947007,-0.005763649,0.14485295,0.00050020404,-0.0027791874,8.84077,20.493793,-15.001752,1.1971005,0.12417293,-0.0889974,0.4589894,-0.48767608,144.4266,-142.6903,361.8202,-2082.7434,144.4266,-142.6903,361.8202,-2082.7434,1.0,-1.0,1.0,-1.0,33.524375915527344,-0.4,0.4,-0.4
25.1,20.495588,-15.0031,1.9974657,-0.24930668,-0.0031255814,-0.00084545236,0.96841913,0.00032883324,0.007495939,-0.018833809,0.27735624,-0.13932934,0.22455756,0.0034377049,-0.0066627148,-0.018836137,-0.027419746,-0.053943943,-9.821345,20.493761,-15.001736,1.1974692,0.13086654,-0.097740054,0.4016165,-0.52455914,-461.96115,525.421,-443.94806,259.3321,-461.96115,525.421,-443.94806,259.3321,-1.0,1.0,-1.0,1.0,0.0,0.4,-0.4,0.4
25.116666666666667,20.495623,-15.003214,1.9989934,-0.24964368,-0.00532452,-0.0017476514,0.9683215,0.0002203933,0.0067363763,0.12852213,-0.14470676,0.42312086,-0.018946053,0.0018509213,-0.006779901,0.1285067,-0.095207006,-0.007031187,8.84057,20.49373,-15.001729,1.1989973,0.13551107,-0.10634611,0.27867165,-0.5163632,157.94229,-130.11482,123.023,-2115.8926,157.94229,-130.11482,123.023,-2115.8926,1.0,-1.0,1.0,-1.0,33.524375915527344,-0.4,0.4,-0.4
25.133333333333333,20.495642,-15.003339,1.999089,-0.25095356,-0.0058218455,-0.00036174653,0.9679815,0.0029126073,0.0073140557,-0.03517002,0.28148288,-0.119419955,0.22440368,0.0013979292,-0.007680451,-0.03518473,-0.027179528,-0.054032985,-9.8214855,20.493698,-15.001722,1.1990932,0.13919939,-0.115771785,0.22129922,-0.5655406,-455.72098,495.43246,-726.87024,276.016,-455.72098,495.43246,-726.87024,276.016,-1.0,1.0,-1.0,1.0,0.0,0.4,-0.4,0.4
25.15,20.495615,-15.003475,2.000338,-0.25129086,-0.0016041751,0.00041533078,0.9679101,0.006274309,0.006146699,0.11168356,-0.14329308,-0.6446136,-0.018959057,-0.0028619235,-0.008422827,0.11167467,-0.25559115,-0.044542577,8.8115635,20.49369,-15.001723,1.2003424,0.13783336,-0.12547068,-0.08196204,-0.5819338,189.90059,-97.26534,-197.05476,-2150.4517,189.90059,-97.26534,-197.05476,-2150.4517,1.0,-1.0,-1.0,-1.0,33.524375915527344,-0.4,-0.4,-0.4
25.166666666666668,20.495579,-15.003618,2.000159,-0.24966735,-8.088404e-05,0.002342123,0.96832883,0.005684119,0.0065416982,-0.05157426,0.28502396,-0.09881983,-0.26173007,-0.0017440581,-0.00870633,-0.051538,0.06707192,-0.017010178,-9.79276,20.493677,-15.001726,1.2001636,0.13619411,-0.13551107,-0.09835481,-0.6024232,-504.85614,360.42392,578.20685,-1463.6942,-504.85614,360.42392,578.20685,-1463.6942,-1.0,1.0,1.0,-1.0,0.0,0.4,0.4,-0.4
25.183333333333334,20.495548,-15.003732,2.0011418,-0.24903058,-0.00261473,0.0014205339,0.9684911,0.00431843,0.004758405,0.095800504,-0.13663077,0.46216306,-0.01896109,-0.002040459,-0.0061124535,0.09579928,-0.017784057,0.1556326,8.840237,20.493675,-15.001741,1.2011466,0.13414504,-0.14254619,-0.12294441,-0.42210725,239.7555,-473.17877,145.85823,432.1631,239.7555,-473.17877,145.85823,432.1631,1.0,-1.0,1.0,1.0,33.524375915527344,-0.4,0.4,0.4
25.2,20.495504,-15.003845,2.0006924,-0.25034526,-0.0034387417,0.0027875784,0.9681465,0.005940105,0.00444162,-0.06788688,0.28953397,-0.080329925,0.22439504,-0.0024956758,-0.0070138853,-0.06788386,-0.027313003,-0.054085903,-9.820989,20.493675,-15.00176,1.2006971,0.13100316,-0.1493764,-0.18851279,-0.4098129,-416.23172,271.08966,-738.74365,297.45883,-416.23172,271.08966,-738.74365,297.45883,-1.0,1.0,-1.0,1.0,0.0,0.4,-0.4,0.4
25.216666666666665,20.495422,-15.003943,2.0013967,-0.25066975,0.00044830109,0.0035433995,0.9680661,0.0079161255,0.0024175989,0.078947246,-0.13540107,-0.60550433,-0.01894977,-0.0058196792,-0.0053962613,0.078982204,-0.1994402,0.09705743,8.811963,20.493687,-15.001788,1.2014014,0.12430954,-0.15436247,-0.40161696,-0.29916373,282.3767,-487.4235,-218.57349,-2033.095,282.3767,-487.4235,-218.57349,-2033.095,1.0,-1.0,-1.0,-1.0,33.524375915527344,-0.4,-0.4,-0.4
25.233333333333334,20.49533,-15.004021,2.0006719,-0.24903336,0.0029924922,0.0002874718,0.96849024,0.0063625816,0.0014243922,-0.08437278,-0.5620173,-0.06246203,-0.2621477,-0.005363171,-0.0044895774,-0.0843348,0.027390493,0.054401036,-9.799019,20.4937,-15.001819,1.2006763,0.116796315,-0.15770927,-0.45079347,-0.20080803,-441.42755,-56.023685,624.3364,-1360.4292,-441.42755,-56.023685,624.3364,-1360.4292,-1.0,-1.0,1.0,-1.0,0.0,-0.4,0.4,-0.4
25.25,20.495277,-15.004092,2.0011091,-0.24838193,0.0005578611,-0.0023710758,0.96865904,0.0042981873,0.0023503997,0.06311314,-0.12809914,0.5039122,-0.018879414,-0.002494301,-0.004401064,0.063100524,0.1721322,0.0053108013,8.846119,20.493723,-15.001862,1.2011139,0.111332156,-0.15975834,-0.3278495,-0.12294441,351.5134,718.16064,269.35477,464.93915,351.5134,718.16064,269.35477,464.93915,1.0,1.0,1.0,1.0,33.524375915527344,0.4,0.4,0.4
25.266666666666666,20.495228,-15.004177,2.0001144,-0.24969932,-0.00062514504,-0.0010257051,0.9683227,0.005320966,0.003380179,-0.100569114,0.29803222,-0.03853534,0.22447099,-0.0029526094,-0.0053005954,-0.10058365,-0.027498508,-0.053971883,-9.82105,20.493744,-15.001906,1.2001191,0.1062778,-0.16262703,-0.30326125,-0.17212091,-276.44046,473.89297,-574.2453,297.158,-276.44046,473.89297,-574.2453,297.158,-1.0,1.0,-1.0,1.0,0.0,0.4,-0.4,0.4
25.28333333333333,20.49517,-15.004271,2.0002742,-0.25003892,0.0029064172,-0.00029274268,0.96823126,0.0064281034,0.0029279343,0.046270512,-0.12703657,-0.5636964,-0.018864099,-0.003939366,-0.0056332503,0.046299044,-0.059205387,-0.019959293,8.812962,20.49378,-15.001963,1.2002788,0.099584214,-0.1652908,-0.40161517,-0.15982656,448.24307,-171.60028,-46.954136,-1723.2999,448.24307,-171.60028,-46.954136,-1723.2999,1.0,-1.0,-1.0,-1.0,33.524375915527344,-0.4,-0.4,-0.4
25.3,20.49512,-15.004366,1.9990056,-0.24842334,0.0037471608,0.0016038977,0.9686429,0.004378209,0.0036868039,-0.11696691,0.3014893,-0.01798673,-0.2616184,-0.0028191998,-0.005919972,-0.11692316,0.06720997,-0.017203297,-9.793332,20.493813,-15.002022,1.1990103,0.09357363,-0.16788629,-0.36063504,-0.15572904,-269.54654,265.60333,722.7134,-1080.3666,-269.54654,265.60333,722.7134,-1080.3666,-1.0,1.0,1.0,-1.0,0.0,0.4,0.4,-0.4
25.316666666666666,20.495102,-15.004431,1.9988984,-0.24778606,0.0005269277,0.00065614237,0.9688143,0.0021736487,0.0025105388,0.03040165,-0.11986381,0.5427507,-0.018810667,-0.0006802228,-0.0031992693,0.030407071,0.1283386,0.16324215,8.839813,20.493856,-15.002094,1.1989027,0.08920231,-0.16733988,-0.26227933,0.032784637,550.1816,-543.92694,290.3224,414.9623,550.1816,-543.92694,290.3224,414.9623,1.0,-1.0,1.0,1.0,33.524375915527344,-0.4,0.4,0.4
25.333333333333332,20.495089,-15.004495,1.9973589,-0.24910676,-0.0009822446,0.0019886077,0.96847343,0.003097507,0.0024618828,-0.13328148,0.3062327,0.0003503561,0.2245309,-0.001139585,-0.0040990575,-0.1332723,-0.027561732,-0.05398729,-9.820762,20.493902,-15.002169,1.1973631,0.08496759,-0.16658856,-0.25408295,0.04507899,-76.45016,196.70589,-621.9255,286.7457,-76.45016,196.70589,-621.9255,286.7457,-1.0,1.0,-1.0,1.0,0.0,0.4,-0.4,0.4
25.35,20.495047,-15.004547,1.9969739,-0.24943718,0.0022197424,0.0027036793,0.9683846,0.003862487,0.00094815716,0.0135783665,-0.11899617,-0.5248017,-0.018786099,-0.0028836809,-0.0026099489,0.013603765,-0.104645744,0.08934651,8.812564,20.493948,-15.002258,1.1969779,0.07868381,-0.16392477,-0.37702692,0.15982746,677.2332,-550.5408,-120.03223,-1766.8651,677.2332,-550.5408,-120.03223,-1766.8651,1.0,-1.0,-1.0,-1.0,33.524375915527344,-0.4,-0.4,-0.4
25.366666666666667,20.495005,-15.004579,1.9951591,-0.24779868,0.00407727,-0.00058752386,0.9688028,0.001805695,0.0008048536,-0.14973192,-0.5454943,0.018029928,-0.2620069,-0.0024239465,-0.0017051058,-0.14971563,0.02758406,0.05429058,-9.799163,20.494,-15.002349,1.1951629,0.071990214,-0.15969002,-0.40161562,0.25408474,-21.231594,-119.76887,721.395,-1158.2538,-21.231594,-119.76887,721.395,-1158.2538,-1.0,-1.0,1.0,-1.0,0.0,-0.4,0.4,-0.4
25.383333333333333,20.495008,-15.004609,1.994507,-0.24714252,0.00095626956,-0.0032716794,0.96897304,-5.6365505e-05,0.00235938,-0.0022697572,-0.11115903,0.58425945,-0.018803205,0.0011716117,-0.0020307961,-0.0022857923,0.21573348,-0.019541422,8.84579,20.494051,-15.002452,1.1945105,0.068575114,-0.15449907,-0.204906,0.3114572,822.99554,703.8947,305.5245,445.46036,822.99554,703.8947,305.5245,445.46036,1.0,1.0,1.0,1.0,33.524375915527344,0.4,0.4,0.4
25.4,20.495031,-15.004678,1.996306,-0.24845806,-0.0010349681,-0.0019585774,0.9686401,0.0006868779,0.0044697206,0.14470017,0.31909868,0.0613482,0.22452897,0.0014000713,-0.0048719123,0.14468203,0.013707575,-0.17046696,8.818069,20.49411,-15.002566,1.1963094,0.065979645,-0.15122056,-0.15572815,0.19671051,205.71861,459.7155,-584.20105,265.45813,205.71861,459.7155,-584.20105,265.45813,1.0,1.0,-1.0,1.0,33.524375915527344,0.4,-0.4,0.4
25.416666666666668,20.49504,-15.004759,1.9966702,-0.24880105,0.0017712137,-0.0012648435,0.9685522,0.0019666404,0.0044322135,-0.01908705,-0.11051491,-0.4832511,-0.018768685,0.0003354501,-0.0048013693,-0.019096125,-0.06387726,0.0042325817,-9.826689,20.494173,-15.0026865,1.1966735,0.062154736,-0.14842017,-0.22949448,0.1680234,-454.57324,-127.77975,-76.055275,-895.7913,-454.57324,-127.77975,-76.055275,-895.7913,-1.0,-1.0,-1.0,-1.0,0.0,-0.4,-0.4,-0.4
25.433333333333334,20.49508,-15.004848,1.9981949,-0.24718438,0.0018082521,0.00059150375,0.96896654,0.00043103797,0.0061016763,0.12833615,0.32244515,0.0818122,-0.26153997,0.0029567147,-0.0053006876,0.1283384,0.15727587,-0.0299591,8.84607,20.494242,-15.002816,1.198198,0.060105678,-0.1454832,-0.12294351,0.17621844,162.0704,324.9215,686.78326,-994.1211,162.0704,324.9215,686.78326,-994.1211,1.0,1.0,1.0,-1.0,33.524375915527344,0.4,0.4,-0.4
25.45,20.495132,-15.004922,1.9982921,-0.24654499,-0.0021362845,-0.00038214176,0.9691289,-0.0008027791,0.005268885,-0.034981426,-0.10276866,0.62279326,-0.018680798,0.0033612724,-0.004181971,-0.034975976,0.024273459,0.067123,-9.7988615,20.494307,-15.002948,1.1982951,0.05914945,-0.14138506,-0.057373565,0.24588792,-388.49802,-460.43365,195.98807,527.9067,-388.49802,-460.43365,195.98807,527.9067,-1.0,-1.0,1.0,1.0,0.0,-0.4,0.4,0.4
25.466666666666665,20.495163,-15.005011,1.9995463,-0.24786033,-0.004451265,0.00092502096,0.9687851,0.0008392185,0.0060073496,0.11198178,0.32745573,0.099912494,0.22465743,0.0011317381,-0.005718651,0.11199432,-0.13377205,-0.092200816,8.818217,20.494379,-15.003089,1.1995492,0.056144163,-0.13762845,-0.1803173,0.22539674,219.96248,298.34683,-808.34436,264.2366,219.96248,298.34683,-808.34436,264.2366,1.0,1.0,-1.0,1.0,33.524375915527344,0.4,-0.4,0.4
25.483333333333334,20.495169,-15.005106,1.9993653,-0.2481966,-0.0019718437,0.0016048735,0.96870637,0.0028111816,0.0047733993,-0.051804952,-0.102321506,-0.44467616,-0.018622752,6.966903e-05,-0.005647447,-0.05179327,-0.063724145,0.004272256,-9.827255,20.494452,-15.003236,1.1993678,0.05136303,-0.13394013,-0.28686804,0.22129922,-426.6147,-363.68088,-432.98514,-1013.7154,-426.6147,-363.68088,-432.98514,-1013.7154,-1.0,-1.0,-1.0,-1.0,0.0,-0.4,-0.4,-0.4
25.5,20.495167,-15.005187,2.0003452,-0.24657328,-0.0022661076,0.0034416076,0.9691153,0.0022701847,0.0050224694,0.095621794,0.33073932,0.12031439,-0.26138505,-0.00017615897,-0.00496563,0.095651545,-0.01474968,0.040909022,8.846688,20.49453,-15.003385,1.2003477,0.045625668,-0.12909068,-0.34424162,0.2909669,231.68106,101.91268,390.20035,-1122.6843,231.68106,101.91268,390.20035,-1122.6843,1.0,1.0,1.0,-1.0,33.524375915527344,0.4,0.4,-0.4
25.516666666666666,20.495148,-15.005266,1.9998919,-0.24592455,5.0651444e-05,0.004106158,0.96928024,0.0032211314,0.0029485174,-0.06816854,-0.09842099,-0.4259716,-0.01841104,-0.0012948537,-0.0046717343,-0.06813602,-0.067121685,0.017633736,-9.827254,20.494606,-15.003541,1.1998941,0.03879548,-0.123558216,-0.40981135,0.33194792,-346.7191,-667.7949,-266.56064,560.2891,-346.7191,-667.7949,-266.56064,560.2891,-1.0,-1.0,-1.0,1.0,0.0,-0.4,-0.4,0.4
25.53333333333333,20.495127,-15.005302,2.000598,-0.24429876,0.0009304477,0.0007652919,0.9696992,0.001776304,0.00082597905,0.0791902,-0.5205668,0.13603593,-0.2616741,-0.001059642,-0.0014154483,0.07919469,0.014112707,0.19537716,8.839842,20.494688,-15.003708,1.2005997,0.03141887,-0.114200845,-0.44259644,0.5614422,274.6572,-252.0345,473.14145,-1064.8663,274.6572,-252.0345,473.14145,-1064.8663,1.0,-1.0,1.0,-1.0,33.524375915527344,-0.4,0.4,-0.4
25.55,20.4951,-15.005338,1.9998721,-0.24365677,0.0035136421,-0.00030740755,0.969855,0.0018734833,0.0015107847,-0.08449164,-0.09398401,-0.4045094,-0.018192124,-0.0015254611,-0.0023111452,-0.08448054,-0.027949147,-0.053741813,-9.820513,20.494764,-15.003878,1.1998737,0.024042265,-0.104570255,-0.44259632,0.5778354,-333.21597,575.5508,-92.06418,638.42114,-333.21597,575.5508,-92.06418,638.42114,-1.0,1.0,-1.0,1.0,0.0,0.4,-0.4,0.4
25.566666666666666,20.49512,-15.005375,2.0003068,-0.24204548,0.0028894958,0.001526452,0.9702593,-0.00038045598,0.0027723953,0.062946506,0.33922872,0.16047785,-0.2609661,0.0019445082,-0.0019943386,0.06294708,0.20819815,0.019008394,8.845656,20.494848,-15.004055,1.2003082,0.019397737,-0.09452986,-0.27867165,0.60242367,363.40182,83.07757,695.40784,-763.5147,363.40182,83.07757,695.40784,-763.5147,1.0,1.0,1.0,-1.0,33.524375915527344,0.4,0.4,-0.4
25.583333333333332,20.495153,-15.005394,1.9993145,-0.24141535,-0.0017293355,0.00055369997,0.9704202,-0.0013624849,0.0016921108,-0.100376986,-0.08573955,0.7012156,-0.01805819,0.0023602317,-0.0008805366,-0.10036889,0.024943411,0.06682812,-9.798958,20.49493,-15.004233,1.1993155,0.015982643,-0.08312343,-0.20490567,0.6843857,-230.06297,-675.2608,87.438614,519.8822,-230.06297,-675.2608,87.438614,519.8822,-1.0,-1.0,1.0,1.0,0.0,-0.4,0.4,0.4
25.6,20.495167,-15.005419,1.9994787,-0.2427393,-0.0047047753,0.00185227,0.97007835,0.00034334214,0.0019166732,0.046599265,0.34443814,0.17839462,0.22526719,0.00013250041,-0.0017914664,0.046605326,-0.13366386,-0.054655783,8.818452,20.495014,-15.004417,1.1994795,0.010928303,-0.07171701,-0.30326036,0.68438524,465.58417,131.61282,-890.3958,261.62503,465.58417,131.61282,-890.3958,261.62503,1.0,1.0,-1.0,1.0,33.524375915527344,0.4,-0.4,0.4
25.616666666666667,20.495157,-15.005447,1.998208,-0.24307978,-0.0028897494,0.0024951387,0.9699988,0.0021390554,0.00033726008,-0.11718128,-0.085677296,-0.3661886,-0.017979179,-0.0009281217,-0.0017087521,-0.11718515,-0.063637316,0.0049628546,-9.827428,20.4951,-15.004604,1.1982087,0.0040981136,-0.060378887,-0.40981135,0.6802873,-173.12622,-582.70013,-623.84625,-903.3087,-173.12622,-582.70013,-623.84625,-903.3087,-1.0,-1.0,-1.0,-1.0,0.0,-0.4,-0.4,-0.4
25.633333333333333,20.49512,-15.005454,1.9980966,-0.24146746,-0.0025250984,-0.0008708944,0.9704052,0.0019037866,-0.0011387796,0.030162852,-0.50771433,0.19563226,-0.2612744,-0.0023505755,2.6029473e-05,0.030152828,-0.08534723,0.10408689,8.840278,20.495184,-15.004796,1.1980968,-0.0046445285,-0.047128312,-0.5245585,0.7950344,597.77704,-132.82411,111.0463,-1014.87463,597.77704,-132.82411,111.0463,-1014.87463,1.0,-1.0,1.0,-1.0,33.524375915527344,-0.4,0.4,-0.4
25.65,20.495071,-15.005464,1.996553,-0.24083702,-0.00045237018,-0.0019674918,0.9705635,0.0031418311,-7.147994e-05,-0.13352548,-0.080948904,-0.34490213,-0.017839208,-0.0028200692,-0.00086654956,-0.13352986,-0.028169619,-0.05355474,-9.820961,20.495266,-15.004986,1.196553,-0.013933586,-0.03421925,-0.5573434,0.7745437,-11.740455,589.18744,-499.4793,647.8696,-11.740455,589.18744,-499.4793,647.8696,-1.0,1.0,-1.0,1.0,0.0,0.4,-0.4,0.4
25.666666666666668,20.495035,-15.005498,1.9961704,-0.23921792,-0.0015764687,-0.00015122995,0.9709646,0.002481718,0.0012453364,0.013918594,0.35245413,0.21998385,-0.26061177,-0.0016607608,-0.0022702594,0.013911321,0.0695585,-0.084222585,8.84647,20.495348,-15.00518,1.1961707,-0.02240302,-0.02274453,-0.508166,0.6884831,738.82776,313.6951,224.35185,-726.77783,738.82776,313.6951,224.35185,-726.77783,1.0,1.0,1.0,-1.0,33.524375915527344,0.4,0.4,-0.4
25.683333333333334,20.494982,-15.005536,1.9982384,-0.23858345,-0.00022490374,0.00047189638,0.97112185,0.0042523015,0.00028072088,0.16078451,-0.072258055,-0.30704117,-0.017601777,-0.003744557,-0.0020891156,0.16078381,-0.12502776,0.010868631,8.812349,20.495432,-15.005378,1.1982387,-0.0322385,-0.011338114,-0.59012866,0.684385,121.83655,-433.56888,-438.61316,551.7591,121.83655,-433.56888,-438.61316,551.7591,1.0,-1.0,-1.0,1.0,33.524375915527344,-0.4,-0.4,0.4
25.7,20.494936,-15.005578,1.998878,-0.23696747,-0.0015480064,0.0022893385,0.9715136,0.0034488023,0.00090935105,-0.0024274755,0.3569319,0.23839965,-0.26037362,-0.0026328352,-0.0024042036,-0.0024293577,0.066703305,-0.018905284,-9.792789,20.495516,-15.005577,1.1988782,-0.041527554,-6.8301895e-05,-0.5573433,0.67618865,-613.87555,101.93821,199.3877,-9.509028,-613.87555,101.93821,199.3877,-9.509028,-1.0,1.0,1.0,-1.0,0.0,0.4,0.4,-0.4
25.716666666666665,20.494858,-15.005596,2.0006733,-0.23633152,-0.00035495785,0.002909416,0.97166806,0.0049370816,-0.00088916905,0.14444026,-0.067751884,-0.2886557,-0.017356286,-0.005092216,-0.00068521453,0.14443599,-0.14756285,0.10313934,8.81192,20.495594,-15.005772,1.2006738,-0.052729066,0.012567548,-0.6720907,0.758151,92.081024,-648.2633,-464.09576,553.5197,92.081024,-648.2633,-464.09576,553.5197,1.0,-1.0,-1.0,1.0,33.524375915527344,-0.4,-0.4,0.4
25.733333333333334,20.49478,-15.005597,2.001039,-0.23471487,-0.0005521055,-0.00045913312,0.97206396,0.004032174,-0.002273024,-0.01887889,-0.4939515,0.2536023,-0.26069537,-0.0046089212,0.00020437832,-0.018882627,0.028997695,0.05337557,-9.799117,20.495672,-15.005968,1.2010396,-0.063930586,0.026569437,-0.6720911,0.8401133,-626.8719,-189.86578,105.3654,-15.563386,-626.8719,-189.86578,105.3654,-15.563386,-1.0,-1.0,1.0,-1.0,0.0,-0.4,0.4,-0.4
25.75,20.494694,-15.005613,2.0025616,-0.23408331,0.00089242746,-0.0015720907,0.9722148,0.005338343,-0.0015517308,0.12808518,-0.06269994,-0.2675375,-0.017303204,-0.0051430534,-0.0013861577,0.12809508,-0.032047927,-0.095432155,8.818662,20.495743,-15.006164,1.2025626,-0.0751321,0.039410196,-0.6720909,0.77044547,111.310104,545.56,-535.2718,656.7793,111.310104,545.56,-535.2718,656.7793,1.0,1.0,-1.0,1.0,33.524375915527344,0.4,-0.4,0.4
25.766666666666666,20.49462,-15.005637,2.0026562,-0.23542073,-0.00076351495,0.00025365566,0.9718932,0.0043562204,-0.0005746442,-0.035115436,0.36710706,0.2780105,0.22587262,-0.004079999,-0.0014871842,-0.035121825,0.063783266,-0.0060615893,-9.793014,20.495815,-15.006355,1.2026577,-0.08565061,0.05143133,-0.6311103,0.72126806,-604.99365,258.5439,162.8187,59.194294,-604.99365,258.5439,162.8187,59.194294,-1.0,1.0,1.0,1.0,0.0,0.4,0.4,0.4
25.78333333333333,20.49453,-15.00566,2.003907,-0.23577179,8.141346e-05,0.0008643904,0.9718081,0.005688753,-0.0013964209,0.111751676,-0.05914945,-0.24717668,-0.01732815,-0.0057240725,-0.001173662,0.111752436,-0.098644406,0.01881133,8.812455,20.49588,-15.006546,1.2039086,-0.096715525,0.063452475,-0.66389495,0.72126853,104.284004,-479.31497,-651.4601,-456.49197,104.284004,-479.31497,-651.4601,-456.49197,1.0,-1.0,-1.0,-1.0,33.524375915527344,-0.4,-0.4,-0.4
25.8,20.494448,-15.005678,2.0037296,-0.23710908,-0.0017455396,0.002676689,0.9714777,0.004831574,-0.0013308423,-0.05144374,0.37066826,0.2983423,0.22584745,-0.0046616024,-0.0012696938,-0.051460963,0.063748196,-0.0057619084,-9.792804,20.495945,-15.006731,1.2037317,-0.10723403,0.07540531,-0.6311103,0.7171699,-595.11005,14.154421,52.03708,46.087627,-595.11005,14.154421,52.03708,46.087627,-1.0,1.0,1.0,1.0,0.0,0.4,0.4,0.4
25.816666666666666,20.494339,-15.005678,2.0047078,-0.23745745,-0.0010720632,0.0032770566,0.97139174,0.006258938,-0.003075718,0.09542907,-0.05567828,-0.22683789,-0.017340936,-0.007319264,0.00040029894,0.09540235,-0.1594597,0.100199565,8.811798,20.496004,-15.006912,1.2047106,-0.119255185,0.08838268,-0.7212692,0.77864254,128.93298,-688.37427,-702.852,-527.86475,128.93298,-688.37427,-702.852,-527.86475,1.0,-1.0,-1.0,-1.0,33.524375915527344,-0.4,-0.4,-0.4
25.833333333333332,20.494202,-15.005669,2.0042505,-0.23877259,0.0048262626,0.0014804341,0.97106236,0.0064550173,-0.0045808987,-0.068434946,-0.48461205,-0.77226394,0.22562522,-0.008436106,0.000710786,-0.068369,-0.06701052,0.018629221,-9.826282,20.496058,-15.007093,1.204254,-0.1329156,0.10204308,-0.8196249,0.8196236,-560.3524,-264.717,-134.17622,32.993,-560.3524,-264.717,-134.17622,32.993,-1.0,-1.0,-1.0,1.0,0.0,-0.4,-0.4,0.4
25.849999999999998,20.49411,-15.005642,2.0049539,-0.23911622,0.007966004,0.0008993976,0.9709579,0.003572484,-0.0036901296,0.07898902,-0.048834786,-0.20803382,-0.016804978,-0.0036891154,0.0020482126,0.079043284,0.28481942,0.08024559,8.844737,20.496096,-15.007268,1.2049581,-0.14220469,0.11645481,-0.5573451,0.8647039,196.45615,421.2212,765.8999,-5006.1875,196.45615,421.2212,765.8999,-5006.1875,1.0,1.0,1.0,-1.0,33.524375915527344,0.4,0.4,-0.4
25.866666666666667,20.49405,-15.005595,2.0042295,-0.24042702,0.0070981863,-0.0024845763,0.97063804,0.00035147183,-0.0036272914,-0.08432626,-0.47448945,0.33330488,0.2258093,-0.0032663837,0.0031627424,-0.08428242,0.025363903,0.066871785,-9.799541,20.496134,-15.007442,1.2042346,-0.14930812,0.13230088,-0.42620566,0.95076436,-523.2529,-236.46515,650.86334,23.475428,-523.2529,-236.46515,650.86334,23.475428,-1.0,-1.0,1.0,1.0,0.0,-0.4,0.4,0.4
25.883333333333333,20.494053,-15.005564,2.0046616,-0.24077198,0.007882001,-0.0036007646,0.97054297,-0.00087741984,-0.0011303892,0.06267326,-0.044963375,-0.18997146,-0.017109504,0.0013148966,0.0012092501,0.06266414,0.2748768,-0.11720954,8.8167925,20.496166,-15.007603,1.2046671,-0.15135717,0.1460296,-0.12294351,0.8237233,249.89082,674.3827,-21.383734,-1457.1086,249.89082,674.3827,-21.383734,-1457.1086,1.0,1.0,-1.0,-1.0,33.524375915527344,0.4,-0.4,-0.4
25.9,20.494087,-15.005548,2.003666,-0.2391721,0.0055607907,-0.0017857328,0.9709596,-0.0035704682,0.0009520544,-0.100532435,0.3845427,0.35530335,-0.2599085,0.0024324432,0.0008964661,-0.100566916,0.06705279,-0.018767038,-9.793862,20.496191,-15.00776,1.2036717,-0.15067415,0.15846059,0.040981468,0.7458588,-427.67648,199.49901,752.43256,-2.199751,-427.67648,199.49901,752.43256,-2.199751,-1.0,1.0,1.0,-1.0,0.0,0.4,0.4,-0.4
25.916666666666668,20.494162,-15.00553,2.0038257,-0.23854853,0.005754916,-0.0011657929,0.9711127,-0.0043838685,0.0011147598,0.046357747,-0.039857604,-0.17184173,-0.016843777,0.0049450593,0.001065605,0.046302404,0.15075696,0.010148332,8.812159,20.49621,-15.007908,1.2038319,-0.14671263,0.17027687,0.23769109,0.7089766,370.3075,-534.6758,-4.8023124,445.7333,370.3075,-534.6758,-4.8023124,445.7333,1.0,-1.0,-1.0,1.0,33.524375915527344,-0.4,-0.4,0.4
25.933333333333334,20.49425,-15.005503,2.0025556,-0.2369134,0.004573274,-0.004530464,0.9715094,-0.006505551,0.0020460684,-0.11696161,-0.46588963,0.37005877,-0.2601578,0.005426377,0.0019547893,-0.11701821,0.028879063,0.053351056,-9.799236,20.496222,-15.008053,1.202562,-0.14124846,0.18263957,0.32784995,0.74176216,-354.73035,-44.263885,737.3442,-38.67353,-354.73035,-44.263885,737.3442,-38.67353,-1.0,-1.0,1.0,-1.0,0.0,-0.4,0.4,-0.4
25.95,20.49439,-15.005504,2.002448,-0.23623885,-0.0015812624,-0.007216847,0.9716669,-0.0081623215,0.004888233,0.03042095,-0.029776812,0.9356381,-0.017177938,0.009505728,-0.0010444216,0.030405639,0.24476106,-0.17995264,8.84543,20.49622,-15.008184,1.2024549,-0.13100316,0.19199698,0.61471844,0.5614444,471.7231,721.776,75.86149,514.07135,471.7231,721.776,75.86149,514.07135,1.0,1.0,1.0,1.0,33.524375915527344,0.4,0.4,0.4
25.966666666666665,20.494543,-15.00553,2.0009086,-0.23753586,-0.0064454926,-0.005908626,0.9713394,-0.005072348,0.006995866,-0.13331777,0.39593443,0.3936504,0.22620696,0.0090234615,-0.0019271155,-0.13327852,-0.028936004,-0.052961633,-9.821049,20.49622,-15.008308,1.2009153,-0.12007482,0.1989638,0.6556999,0.41800973,-118.45095,482.80695,-924.70593,336.55157,-118.45095,482.80695,-924.70593,336.55157,-1.0,1.0,-1.0,1.0,0.0,0.4,-0.4,0.4
25.983333333333334,20.494648,-15.00563,2.000524,-0.23784865,-0.007893285,-0.000103947525,0.9712701,-0.0013110386,0.00867923,0.013603063,0.82487565,-0.12734765,-0.016324697,0.004964721,-0.007145315,0.013652371,-0.24352442,-0.31309196,8.815853,20.496216,-15.008421,1.2005306,-0.11228838,0.19992004,0.4671867,0.057374235,571.79663,160.97144,-863.3479,-392.4354,571.79663,160.97144,-863.3479,-392.4354,1.0,1.0,-1.0,-1.0,33.524375915527344,0.4,-0.4,-0.4
26.0,20.494715,-15.005747,1.9990615,-0.23914725,-0.004560025,0.005036771,0.9709595,0.0009441688,0.0062089143,-0.12165233,0.39570773,-0.67039186,0.22617747,0.003417355,-0.0068614804,-0.12157291,-0.09284195,0.017030071,-8.113517,20.496208,-15.008529,1.1990676,-0.106960826,0.19923702,0.31965312,-0.040981468,-0.81611407,-880.7101,-342.93,11.252601,-0.81611407,-880.7101,-342.93,11.252601,-0.81611407,-1.0,-1.0,1.0,3.0823304653167725,-0.4,-0.4,0.4
26.016666666666666,20.494732,-15.0058155,1.9988767,-0.23948288,-0.0027076176,0.0061860257,0.97087705,0.0008041663,0.0033641881,0.02569483,-0.024751745,-0.108265795,-0.017585225,0.00064115605,-0.0030767054,0.025735416,-0.16657193,0.22708648,8.838499,20.496187,-15.008622,1.1988829,-0.10422875,0.20101288,0.16392453,0.10655164,536.57587,-796.2724,432.99637,-3848.9653,536.57587,-796.2724,432.99637,-3848.9653,1.0,-1.0,1.0,-1.0,33.524375915527344,-0.4,0.4,-0.4
26.03333333333333,20.494732,-15.005864,1.9972584,-0.23784307,0.0021573477,0.004401809,0.9712912,0.000886327,0.0014122394,-0.1380678,-0.45523006,-0.6530523,-0.260652,-0.0004230381,-0.0029841878,-0.13804497,-0.06385165,0.0055510546,-9.826823,20.496168,-15.008708,1.1972649,-0.1028627,0.20367667,0.081962936,0.15982746,-99.92152,-559.2205,-113.71919,-37.277096,-99.92152,-559.2205,-113.71919,-37.277096,-1.0,-1.0,-1.0,-1.0,0.0,-0.4,-0.4,-0.4
26.05,20.494745,-15.005877,1.9968004,-0.23720208,0.0042607356,0.0037966964,0.9714435,-0.0016263889,0.0010126473,0.009391499,-0.022384867,-0.086867206,-0.01696999,0.00197086,-6.092515e-05,0.009379917,0.14363387,0.17539574,8.845493,20.496134,-15.008781,1.1968071,-0.0994476,0.20804802,0.204906,0.26228067,688.54767,139.15248,761.5874,131.08801,688.54767,139.15248,761.5874,131.08801,1.0,1.0,1.0,1.0,33.524375915527344,0.4,0.4,0.4
26.066666666666666,20.49481,-15.005835,1.9987983,-0.23558354,0.0022209785,0.00040339804,0.9718514,-0.004886768,-0.0010233456,0.15672006,-0.44393528,0.47421223,-0.2602976,0.0045224577,0.0034343023,0.1566967,0.15309586,0.20971364,8.839006,20.496098,-15.0088415,1.1988051,-0.092207596,0.21535638,0.43440026,0.4385018,29.220608,-508.1568,467.502,-34.10192,29.220608,-508.1568,467.502,-34.10192,1.0,-1.0,1.0,-1.0,33.524375915527344,-0.4,0.4,-0.4
26.083333333333332,20.494883,-15.005788,1.999364,-0.23495056,0.001903429,-0.0007269408,0.9720051,-0.0047826925,-0.00040235696,-0.006963314,-0.016309299,-0.06628199,-0.017015392,0.0040427134,0.0025460385,-0.006978391,-0.028784655,-0.053295825,-9.820505,20.49606,-15.008892,1.1993709,-0.08428457,0.22232322,0.47538173,0.41801062,-502.02573,417.77927,-261.92813,690.84406,-502.02573,417.77927,-261.92813,690.84406,-1.0,1.0,-1.0,1.0,0.0,0.4,-0.4,0.4
26.099999999999998,20.494974,-15.005741,2.0010893,-0.23332459,-0.00031524515,-0.0041106283,0.9723902,-0.006774897,-0.0009855237,0.14034232,-0.4378006,0.49471903,-0.26033977,0.0057732076,0.0028098,0.14036244,0.103829645,0.015825689,8.840449,20.496017,-15.008929,1.2010964,-0.07472229,0.22833385,0.57373655,0.36063728,56.896805,-103.82388,330.90274,-33.279087,56.896805,-103.82388,330.90274,-33.279087,1.0,-1.0,1.0,-1.0,33.524375915527344,-0.4,0.4,-0.4
26.116666666666667,20.49506,-15.005703,2.0013824,-0.23268986,-0.000810113,-0.00523163,0.97253656,-0.0054952274,0.0009058241,-0.023336722,-0.010114387,-0.045782477,-0.01706368,0.005290085,0.001925674,-0.02332225,-0.028987357,-0.053047553,-9.821081,20.495964,-15.008959,1.2013898,-0.06475021,0.2331833,0.5983248,0.2909669,-471.6995,632.47107,-353.4703,681.6795,-471.6995,632.47107,-353.4703,681.6795,-1.0,1.0,-1.0,1.0,0.0,0.4,-0.4,0.4
26.133333333333333,20.495157,-15.005718,2.0028367,-0.23105562,-0.0044731568,-0.0034080988,0.9729243,-0.006110597,0.0038595188,0.12407134,0.42417252,0.51868963,-0.25980854,0.0063087316,-0.0017794666,0.12410869,0.061118796,-0.22230843,8.845856,20.495909,-15.008975,1.2028437,-0.0538219,0.2332516,0.6556986,0.004098415,100.92656,435.4203,141.29294,-16.478079,100.92656,435.4203,141.29294,-16.478079,1.0,1.0,1.0,-1.0,33.524375915527344,0.4,0.4,-0.4
26.15,20.495247,-15.005744,2.0028582,-0.23042175,-0.005549038,-0.002784709,0.973071,-0.0035206596,0.003738375,-0.039715182,-0.0042825025,-0.028094448,-0.016657885,0.0052010445,-0.001445877,-0.03968028,-0.06646123,0.020015376,-9.827338,20.495853,-15.008985,1.202865,-0.043440007,0.23209047,0.6229135,-0.06966769,-395.10028,-229.42484,-619.14453,595.1248,-395.10028,-229.42484,-619.14453,595.1248,-1.0,-1.0,-1.0,1.0,0.0,-0.4,-0.4,0.4
26.166666666666668,20.495293,-15.00581,2.0040338,-0.22880366,-0.0027534002,0.0005903191,0.9734685,-0.00015312014,0.005376938,0.10726698,0.4254037,-0.5501084,-0.25937104,0.0019283113,-0.004757617,0.10727901,-0.19636399,-0.1987044,8.817557,20.4958,-15.008978,1.2040403,-0.036336612,0.22689947,0.42620367,-0.31145987,123.24176,346.1963,-271.98843,-5.6523814,123.24176,346.1963,-271.98843,-5.6523814,1.0,1.0,-1.0,-1.0,33.524375915527344,0.4,-0.4,-0.4
26.183333333333334,20.49533,-15.005876,2.0037804,-0.22817177,-0.0017778408,0.001714361,0.97361773,-0.00035189977,0.004092344,-0.05605917,-0.0018894835,-0.009691239,-0.016792195,0.0023714046,-0.0036515128,-0.056040563,0.026585594,0.066366255,-9.799174,20.495747,-15.008967,1.2037865,-0.029779626,0.22143528,0.39341912,-0.32785174,-486.90298,-532.893,496.86032,386.73798,-486.90298,-532.893,496.86032,386.73798,-1.0,-1.0,1.0,1.0,0.0,-0.4,0.4,0.4
26.2,20.495344,-15.005928,2.0046823,-0.2271493,0.0021087748,-0.00012578092,0.97385764,0.0012353181,0.0025976393,0.09083528,-0.42777902,-0.53538233,-0.16190204,0.00041969932,-0.002811344,0.090836346,-0.1171023,0.050410118,8.8126135,20.495691,-15.0089445,1.2046883,-0.024861889,0.21603939,0.2950642,-0.32375333,135.44142,-134.32101,-59.823025,-0.596649,135.44142,-134.32101,-59.823025,-0.596649,1.0,-1.0,-1.0,-0.596649,33.524375915527344,-0.4,-0.4,-0.2386596
26.216666666666665,20.49537,-15.005976,2.004156,-0.22731613,0.0033278745,-0.0007463516,0.97381496,-0.00047895964,0.0034955079,-0.07237228,0.001872344,0.010777332,0.0815987,0.0014833568,-0.002926504,-0.0723839,0.063819446,-0.0069095935,-9.793215,20.49564,-15.008912,1.2041615,-0.019261133,0.210302,0.33604535,-0.34424362,-535.65594,595.2781,667.5495,138.96094,-535.65594,595.2781,667.5495,138.96094,-1.0,1.0,1.0,1.0,0.0,0.4,0.4,0.4
26.233333333333334,20.495436,-15.006029,2.0047927,-0.22650453,-0.0008161613,0.0010909576,0.9740091,-0.0025722724,0.0049814014,0.07504171,0.43607157,0.5753979,-0.16116928,0.0043498967,-0.0032035399,0.07505668,0.17199238,-0.016622152,8.846435,20.49558,-15.008867,1.2047979,-0.010381888,0.20326686,0.53275466,-0.42210814,193.90588,38.3577,352.88437,-390.44922,193.90588,38.3577,352.88437,-390.44922,1.0,1.0,1.0,-1.0,33.524375915527344,0.4,0.4,-0.4
26.25,20.495497,-15.006078,2.0039961,-0.22667748,-0.002374338,0.0017077258,0.97396547,-0.0013055191,0.0036095986,-0.088752575,0.006999096,0.029047053,0.08197752,0.0032443365,-0.0028618737,-0.088730134,-0.06633361,0.020499969,-9.8272085,20.495523,-15.008817,1.2040011,-0.001912453,0.19616342,0.508166,-0.42620656,-345.30255,-628.4416,-502.62653,466.96143,-345.30255,-628.4416,-502.62653,466.96143,-1.0,-1.0,-1.0,1.0,0.0,-0.4,-0.4,0.4
26.266666666666666,20.49552,-15.006117,2.004353,-0.2258617,0.0011791658,-0.00013950586,0.97415864,0.0003016867,0.00227664,0.058144685,-0.41894647,-0.4967302,-0.1612101,0.00086817465,-0.002161951,0.058143362,-0.14256969,0.041995358,8.812409,20.495462,-15.008754,1.2043574,0.0040981136,0.18885508,0.360634,-0.43850002,281.2241,-155.09827,-117.76551,-643.07477,281.2241,-155.09827,-117.76551,-643.07477,1.0,-1.0,-1.0,-1.0,33.524375915527344,-0.4,-0.4,-0.4
26.28333333333333,20.495544,-15.006152,2.0032816,-0.22603488,0.0020673485,-0.00076163886,0.97411674,-0.0011168383,0.003151888,-0.10506439,0.010822179,0.04937378,0.082275815,0.0019313485,-0.002280281,-0.105075106,0.063790426,-0.007099793,-9.793108,20.495401,-15.008684,1.2032857,0.010245284,0.18134183,0.3688302,-0.45079526,-409.34045,591.9601,626.77875,137.02098,-409.34045,591.9601,626.77875,137.02098,-1.0,1.0,1.0,1.0,0.0,0.4,0.4,0.4
26.3,20.495607,-15.006197,2.0033734,-0.22522467,-0.002403731,0.0010800273,0.97430325,-0.0025077355,0.0043467605,0.042348605,0.4450687,0.6139444,-0.1604775,0.0039419904,-0.0027618965,0.042372398,0.12063852,-0.028896932,8.846849,20.495344,-15.008604,1.203377,0.018851323,0.17239423,0.5163623,-0.5368557,375.6702,40.104614,228.0925,-361.5891,375.6702,40.104614,228.0925,-361.5891,1.0,1.0,1.0,-1.0,33.524375915527344,0.4,0.4,-0.4
26.316666666666666,20.495659,-15.006236,2.0020323,-0.22540206,-0.004290707,0.0017001327,0.9742549,-0.00056630024,0.002781005,-0.12144141,0.015991146,0.067556515,0.08270498,0.0028384924,-0.0024170808,-0.12141734,-0.06620988,0.020688938,-9.827384,20.495283,-15.008517,1.2020355,0.026910948,0.16337836,0.48357743,-0.5409523,-195.84544,-584.2624,-595.3955,466.35324,-195.84544,-584.2624,-595.3955,466.35324,-1.0,-1.0,-1.0,1.0,0.0,-0.4,-0.4,0.4
26.333333333333332,20.495667,-15.006272,2.0018444,-0.22459748,-0.0010687719,-0.00015312285,0.97445095,0.0015455453,0.0014522325,0.025447901,-0.41001776,-0.45825726,-0.16049518,-0.000805201,-0.0020020448,0.025444781,-0.2186216,0.024902157,8.811727,20.495235,-15.008423,1.2018478,0.030872455,0.15402095,0.23769042,-0.5614444,498.90298,-121.63264,-337.62476,-630.9893,498.90298,-121.63264,-337.62476,-630.9893,1.0,-1.0,-1.0,-1.0,33.524375915527344,-0.4,-0.4,-0.4
26.349999999999998,20.495663,-15.006306,2.0002284,-0.2247781,-0.00051071716,-0.00077435403,0.97440946,0.00088481465,0.0021979837,-0.13776559,0.0198652,0.08779303,0.08298039,0.00025658862,-0.002123939,-0.13776936,0.06370738,-0.007313657,-9.792848,20.495174,-15.008323,1.2002312,0.034970574,0.14445865,0.24588713,-0.57373786,-183.05707,643.02704,454.79904,146.13525,-183.05707,643.02704,454.79904,146.13525,-1.0,1.0,1.0,1.0,0.0,0.4,0.4,0.4
26.366666666666667,20.495663,-15.006361,1.9997696,-0.22397223,0.0013123909,0.0025727428,0.97459126,0.0018174339,0.0029857215,0.009197231,0.44977814,-0.4339161,-0.15975142,-0.00031868686,-0.0034280156,0.00921704,-0.03451653,-0.07824459,8.819183,20.495125,-15.008215,1.1997719,0.03852227,0.132779,0.21310171,-0.7007789,630.80133,109.75316,-87.03737,-357.35028,630.80133,109.75316,-87.03737,-357.35028,1.0,1.0,-1.0,-1.0,33.524375915527344,0.4,-0.4,-0.4
26.383333333333333,20.495659,-15.006404,1.9978819,-0.22415282,0.0013029911,0.0036795193,0.9745461,0.00024621078,0.0011380604,-0.15412548,0.023335498,0.10667776,0.08279377,0.00013856796,-0.0023266096,-0.15411225,0.027435288,0.06608436,-9.799757,20.495066,-15.008103,1.1978841,0.04248378,0.12171406,0.23769064,-0.6638963,-20.956812,-774.8444,615.35156,205.27138,-20.956812,-774.8444,615.35156,205.27138,-1.0,-1.0,1.0,1.0,0.0,-0.4,0.4,0.4
26.4,20.49567,-15.006405,1.997155,-0.22335319,-0.0024317456,0.0003169385,0.9747344,-0.00075420644,-0.0002836738,-0.006781766,-0.3982811,0.6670494,-0.16062437,0.000588541,0.00058694533,-0.0067786993,0.02699838,0.17481329,8.840013,20.495018,-15.007984,1.1971567,0.0467185,0.11310802,0.2540832,-0.5163627,733.0251,-426.22717,34.29649,-382.88788,733.0251,-426.22717,34.29649,-382.88788,1.0,-1.0,1.0,-1.0,33.524375915527344,-0.4,0.4,-0.4
26.416666666666668,20.495653,-15.006413,1.9988793,-0.22352971,-0.0045345025,-0.0007984173,0.9746862,0.00079110987,8.415594e-05,0.14020757,0.033493564,0.14546485,0.08250933,-0.0018646601,-0.00092290936,0.14019439,-0.14719205,-0.090591274,8.818385,20.494974,-15.007855,1.198881,0.048630953,0.10327251,0.11474713,-0.5901302,171.67163,436.33212,-859.1649,566.9323,171.67163,436.33212,-859.1649,566.9323,1.0,1.0,-1.0,1.0,33.524375915527344,0.4,-0.4,0.4
26.433333333333334,20.495613,-15.006435,1.9991698,-0.22566728,-0.0030813264,0.0025642065,0.9741961,0.0030245753,0.00042840722,-0.02347309,0.4597026,-0.39521757,0.32576048,-0.0023600128,-0.0017993166,-0.023484258,-0.029721165,-0.052584432,-9.820718,20.494928,-15.007719,1.1991712,0.049040765,0.09193439,0.024588702,-0.6802873,-504.69852,182.12827,-500.851,19.780598,-504.69852,182.12827,-500.851,19.780598,-1.0,1.0,-1.0,1.0,0.0,0.4,-0.4,0.4
26.45,20.49555,-15.006438,2.0006204,-0.22682379,-0.0035657606,0.0036886502,0.9739222,0.0028268043,-0.0012989808,0.12387455,0.039027706,0.16698913,0.08206602,-0.0041774013,0.0006059256,0.12384169,-0.1090433,0.14431453,8.839557,20.494884,-15.007583,1.2006214,0.047674727,0.081962295,-0.081962265,-0.59832567,91.65865,-700.6467,217.7348,-3412.7102,91.65865,-700.6467,217.7348,-3412.7102,1.0,-1.0,1.0,-1.0,33.524375915527344,-0.4,0.4,-0.4
26.466666666666665,20.495468,-15.006425,2.0006368,-0.22896713,-0.0010561802,0.0018547681,0.97343177,0.004357606,-0.0033633527,-0.039929047,-0.39078623,-0.37862915,0.32475266,-0.005283938,0.0009433073,-0.039947715,-0.06639218,0.0202429,-9.827364,20.494848,-15.007442,1.2006379,0.044396233,0.07287814,-0.19670962,-0.5450494,-508.494,-321.47525,-540.8749,15.851812,-508.494,-321.47525,-540.8749,15.851812,-1.0,-1.0,-1.0,1.0,0.0,-0.4,-0.4,0.4
26.483333333333334,20.495388,-15.006398,2.0018141,-0.2301252,-0.0012880388,0.0012541946,0.9731594,0.0035021887,-0.0031653384,0.10751395,0.04493224,0.18489298,0.08192108,-0.00488057,0.0014601512,0.107496895,0.024202073,0.03101063,8.846676,20.494814,-15.007294,1.201815,0.041117743,0.06413549,-0.1967094,-0.52455866,133.342,462.3534,327.05176,-4774.6562,133.342,462.3534,327.05176,-4774.6562,1.0,1.0,1.0,-1.0,33.524375915527344,0.4,0.4,-0.4
26.5,20.495289,-15.00637,2.0015583,-0.23226486,0.0010652737,-0.00056264445,0.9726517,0.004433257,-0.0042154267,-0.056300685,-0.38495097,-0.36068678,0.3246045,-0.0059909467,0.0017913016,-0.056285795,-0.06662261,0.019869028,-9.826961,20.494776,-15.007149,1.2015588,0.03674642,0.055802654,-0.26227933,-0.4999702,-484.1083,-129.2423,-419.92697,26.837688,-484.1083,-129.2423,-419.92697,26.837688,-1.0,-1.0,-1.0,1.0,0.0,-0.4,-0.4,0.4
26.516666666666666,20.495214,-15.006346,2.0024633,-0.23341869,0.0006755238,-0.00115415,0.97237533,0.0030481624,-0.0029926333,0.09114255,0.05072616,0.2028106,0.0817655,-0.0039056377,0.0011070012,0.09115225,0.12511854,-0.041058023,8.846283,20.494743,-15.006995,1.2024642,0.03374114,0.046513595,-0.18031685,-0.55734354,163.15193,634.39966,440.6781,-4595.3306,163.15193,634.39966,440.6781,-4595.3306,1.0,1.0,1.0,-1.0,33.524375915527344,0.4,0.4,-0.4
26.53333333333333,20.49514,-15.006335,2.0019367,-0.23556069,0.0015948706,0.0022390552,0.97185576,0.0034956136,-0.0024656623,-0.07252704,0.476834,-0.33772048,0.3250657,-0.0043849368,0.0002213819,-0.0725203,-0.028757945,-0.053137157,-9.820353,20.494707,-15.006841,1.201937,0.03100906,0.036200006,-0.16392475,-0.6188153,-443.65582,96.61978,-245.82298,23.94629,-443.65582,96.61978,-245.82298,23.94629,-1.0,1.0,-1.0,1.0,0.0,0.4,-0.4,0.4
26.55,20.495085,-15.006295,2.0025694,-0.23671608,0.00060067873,0.0033772972,0.97157276,0.0017131856,-0.0038270575,0.07482588,0.055883065,0.22436951,0.08138601,-0.0033138548,0.003122393,0.074804835,0.064264916,0.17406066,8.839507,20.494682,-15.006686,1.2025701,0.028823398,0.028003776,-0.13113967,-0.49177372,215.39412,-765.1403,424.80823,-3129.3325,215.39412,-765.1403,424.80823,-3129.3325,1.0,-1.0,1.0,-1.0,33.524375915527344,-0.4,0.4,-0.4
26.566666666666666,20.495012,-15.006239,2.001769,-0.2384885,0.002628208,0.0015817907,0.9711405,0.0018182434,-0.0052342326,-0.088979945,-0.37421882,-0.32108086,0.26597187,-0.004423071,0.0034116611,-0.088977136,-0.06655298,0.017356085,-9.826918,20.494648,-15.006532,1.2017694,0.026091324,0.020968681,-0.16392443,-0.4221057,-400.5744,-441.5153,-285.17545,0.7608606,-400.5744,-441.5153,-285.17545,0.7608606,-1.0,-1.0,-1.0,0.7608606,0.0,-0.4,-0.4,0.30434427
26.583333333333332,20.49497,-15.006168,2.002129,-0.23916696,0.0019021747,0.000993157,0.97097605,-0.00024219858,-0.004587112,0.058462527,0.06115158,0.2425959,0.023152316,-0.0017278331,0.004340766,0.0584563,0.16171429,0.055746287,8.846005,20.49462,-15.006376,1.202129,0.025135096,0.014889813,-0.057373676,-0.36473206,325.82806,340.04968,552.0146,-4029.7021,325.82806,340.04968,552.0146,-4029.7021,1.0,1.0,1.0,-1.0,33.524375915527344,0.4,0.4,-0.4
26.599999999999998,20.49493,-15.006093,2.0010562,-0.24082136,0.0037716506,-0.00079244113,0.97056174,-0.00039069168,-0.005089481,-0.10533843,-0.3688459,-0.30283403,0.26589468,-0.0028451683,0.0046524615,-0.105320945,-0.067040116,0.018701728,-9.826634,20.494596,-15.006222,1.2010561,0.023905663,0.009220756,-0.07376599,-0.3401434,-301.97787,-266.3891,-151.774,121.50001,-301.97787,-266.3891,-151.774,121.50001,-1.0,-1.0,-1.0,1.0,0.0,-0.4,-0.4,0.4
26.616666666666667,20.494926,-15.006021,2.0011432,-0.2414963,0.0028873677,-0.0013770504,0.97039646,-0.0026033293,-0.0035139187,0.042102784,0.06649962,0.26081017,0.023065066,0.0009166427,0.0042704185,0.042103358,0.22570866,-0.022922575,8.845458,20.494568,-15.006068,1.2011433,0.025681512,0.0034150947,0.10655097,-0.34833965,415.44934,521.7677,636.6202,-3905.0825,415.44934,521.7677,636.6202,-3905.0825,1.0,1.0,1.0,-1.0,33.524375915527344,0.4,0.4,-0.4
26.633333333333333,20.494936,-15.005941,1.9998001,-0.24314561,0.0018445718,-0.0038281712,0.9699805,-0.0029145048,-0.0031172205,-0.1215061,-0.36200827,0.16920266,0.2657499,0.00043855424,0.004916718,-0.12148078,-0.028685307,0.038777977,-9.815048,20.494543,-15.005913,1.1998003,0.02814038,-0.0020490568,0.14753199,-0.32784906,-193.26486,-57.01621,-0.16397183,102.157265,-193.26486,-57.01621,-0.16397183,102.157265,-1.0,-1.0,-0.16397183,1.0,0.0,-0.4,-0.065588735,0.4
26.65,20.494978,-15.005892,1.9996184,-0.2437956,-0.002865429,-0.0053256517,0.96980774,-0.0037263674,-0.0006584327,0.025916737,0.07179582,0.73246723,0.022683144,0.002895229,0.0020381764,0.02595111,0.14740048,-0.1727125,8.845912,20.494522,-15.005755,1.1996185,0.032648306,-0.009767171,0.27047563,-0.4630868,542.2749,762.102,77.47451,-2474.4395,542.2749,762.102,77.47451,-2474.4395,1.0,1.0,1.0,-1.0,33.524375915527344,0.4,0.4,-0.4
26.666666666666668,20.495014,-15.005867,1.9980049,-0.24542564,-0.0063097333,-0.0028227365,0.9693907,-0.0008091545,0.00047376822,-0.13775416,0.49727398,0.19163495,0.26618016,0.002431371,0.0011488289,-0.13773109,-0.02783148,-0.05336085,-9.820931,20.494492,-15.005598,1.1980051,0.03742944,-0.019261133,0.28686804,-0.56963766,-30.8875,406.85742,-905.54675,247.90031,-30.8875,406.85742,-905.54675,247.90031,-1.0,1.0,-1.0,1.0,0.0,0.4,-0.4,0.4
26.683333333333334,20.494997,-15.0058775,1.9975451,-0.246096,-0.005046954,-0.000974549,0.96923184,0.0024156638,-4.2175176e-05,0.009133587,0.070613176,-0.3326925,0.0229206,-0.0022280356,-0.0011552403,0.009108286,-0.2795644,-0.13824415,8.810363,20.494473,-15.005444,1.1975455,0.037566043,-0.03107736,0.008196159,-0.70897365,668.4013,-251.8792,-664.53375,-1264.7986,668.4013,-251.8792,-664.53375,-1264.7986,1.0,-1.0,-1.0,-1.0,33.524375915527344,-0.4,-0.4,-0.4
26.7,20.494936,-15.005916,1.9995401,-0.24479285,-0.0065908455,0.0020353924,0.96955085,0.0030657055,0.001297913,0.15659127,0.5050875,0.23158228,-0.21985339,-0.0042392965,-0.002484904,0.15654954,-0.12067565,-0.07977981,8.846475,20.49446,-15.005291,1.1995403,0.03415095,-0.04473774,-0.20490555,-0.8196228,46.595318,202.89963,28.873177,-853.3481,46.595318,202.89963,28.873177,-853.3481,1.0,1.0,1.0,-1.0,33.524375915527344,0.4,0.4,-0.4
26.716666666666665,20.494848,-15.005952,2.0001016,-0.24447462,-0.0055233533,0.003872465,0.96963215,0.0058127865,-0.00068875076,-0.0071904287,0.07517213,-0.3147069,0.023152325,-0.0053534717,-0.0021842767,-0.0072480626,-0.066850506,0.01803763,-9.827856,20.49444,-15.005137,1.2001024,0.02923321,-0.058329828,-0.29506442,-0.8155252,-467.88367,-559.92914,-595.4142,556.76697,-467.88367,-559.92914,-595.4142,556.76697,-1.0,-1.0,-1.0,1.0,0.0,-0.4,-0.4,0.4
26.733333333333334,20.494701,-15.005965,2.0018167,-0.24317011,0.0006954195,0.0033328743,0.9699777,0.009123396,-0.0034514894,0.13960671,-0.35141307,-0.8399719,-0.22001787,-0.009710591,-0.00031073176,0.13960943,-0.26142716,0.11241268,8.811449,20.494429,-15.004989,1.2018175,0.019534342,-0.069941156,-0.581932,-0.6966796,27.790867,-263.6586,-151.0319,-889.16675,27.790867,-263.6586,-151.0319,-889.16675,1.0,-1.0,-1.0,-1.0,33.524375915527344,-0.4,-0.4,-0.4
26.75,20.494553,-15.005972,2.0021033,-0.24285725,0.0042321067,0.003961314,0.9700447,0.00757059,-0.0038633144,-0.023659177,0.077426165,-0.29380465,0.02363355,-0.008646421,-0.00038972424,-0.02360261,0.06385021,-0.0047395485,-9.792722,20.494415,-15.004845,1.2021042,0.009835472,-0.08073287,-0.5819321,-0.64750266,-647.34204,305.9497,652.71295,114.95333,-647.34204,305.9497,652.71295,114.95333,-1.0,1.0,1.0,1.0,0.0,0.4,0.4,0.4
26.766666666666666,20.494415,-15.005968,1.999668,-0.24156657,0.0038125876,0.0017833466,0.9703751,0.0054420484,-0.0045840545,-0.1869793,-0.34878075,0.24709171,-0.2197527,-0.008178327,0.00050620193,-0.18693513,0.028085632,0.053755566,-9.799951,20.494406,-15.004701,1.1996692,0.00068301894,-0.090773255,-0.5491472,-0.6024232,-1.8379884,-481.99597,511.28598,-471.17838,-1.8379884,-481.99597,511.28598,-471.17838,-1.0,-1.0,1.0,-1.0,0.0,-0.4,0.4,-0.4
26.78333333333333,20.494303,-15.005949,1.99839,-0.24126314,0.0050216187,0.001869465,0.97044486,0.004655847,-0.0041138967,-0.04000195,0.082538545,-0.27359205,0.023638602,-0.006393863,0.0012127899,-0.039955035,0.10706785,0.042395275,8.818805,20.494394,-15.00456,1.1983912,-0.0065569817,-0.0994476,-0.43440002,-0.5204607,852.05237,356.8133,-163.38356,480.24115,852.05237,356.8133,-163.38356,480.24115,1.0,1.0,-1.0,1.0,33.524375915527344,0.4,-0.4,0.4
26.8,20.494236,-15.0058975,1.9995658,-0.23996949,0.004303939,-0.00030768587,0.97077084,0.0016493308,-0.0051492723,0.10733228,-0.33912122,0.28657252,-0.21972638,-0.0029456548,0.0039453707,0.10735554,0.20689248,0.16395484,8.8386345,20.494377,-15.004435,1.1995673,-0.01010868,-0.10477516,-0.21310191,-0.31965357,200.4253,-322.35132,633.8872,-385.16754,200.4253,-322.35132,633.8872,-385.16754,1.0,-1.0,1.0,-1.0,33.524375915527344,-0.4,0.4,-0.4
26.816666666666666,20.494198,-15.005832,1.9993147,-0.23965836,-0.0012937397,-0.0018190709,0.9708547,6.296765e-05,-0.0041209655,-0.055866368,0.09268701,0.8319541,0.023400672,-0.0018818028,0.0038502214,-0.055854026,0.06383111,-0.0057089557,-9.792574,20.49436,-15.004306,1.1993161,-0.011611322,-0.1092831,-0.090158485,-0.27047616,-403.1038,469.38483,4.5062575,608.1764,-403.1038,469.38483,4.5062575,608.1764,-1.0,1.0,1.0,1.0,0.0,0.4,0.4,0.4
26.833333333333332,20.494154,-15.005794,2.0002213,-0.24130778,-0.0056924084,0.00066400476,0.9704317,0.0015410269,-0.002845672,0.09115993,0.5225243,0.31050217,0.2669511,-0.0037305625,0.001659564,0.09112592,-0.11092558,-0.13143943,8.818796,20.494352,-15.004186,1.200223,-0.014206794,-0.11515707,-0.15572833,-0.3524382,288.43695,188.18622,-975.9705,263.67654,288.43695,188.18622,-975.9705,263.67654,1.0,1.0,-1.0,1.0,33.524375915527344,0.4,-0.4,0.4
26.849999999999998,20.494078,-15.005766,1.9996926,-0.24198064,-0.0053068465,0.0024697348,0.9702634,0.004069098,-0.0043283026,-0.07260422,0.09081936,-0.23305419,0.023768038,-0.0047902022,0.0017490411,-0.07266814,-0.06357838,0.0053686295,-9.827643,20.494335,-15.00407,1.1996944,-0.018441511,-0.12144086,-0.254083,-0.37702736,-345.3712,-558.1109,-757.49695,-469.47226,-345.3712,-558.1109,-757.49695,-469.47226,-1.0,-1.0,-1.0,-1.0,0.0,-0.4,-0.4,-0.4
26.866666666666667,20.49394,-15.005725,2.000317,-0.2406902,0.00022146068,0.0018758845,0.9706001,0.006657553,-0.006333595,0.07420734,-0.33577973,-0.7583457,-0.21939504,-0.008880531,0.0027672637,0.0741933,-0.24541974,0.06109335,8.811686,20.494318,-15.003961,1.200319,-0.02704755,-0.12635861,-0.5163623,-0.2950653,354.12375,-254.33385,-255.42154,-714.2711,354.12375,-254.33385,-255.42154,-714.2711,1.0,-1.0,-1.0,-1.0,33.524375915527344,-0.4,-0.4,-0.4
26.883333333333333,20.493809,-15.005683,1.9995136,-0.24038863,0.0030695337,0.0024603154,0.97066873,0.0050258245,-0.006313344,-0.089037605,0.09337138,-0.21232224,0.024195906,-0.007816513,0.0026815908,-0.08901979,0.0638411,-0.0051403693,-9.792785,20.494303,-15.003858,1.1995158,-0.035380382,-0.13072994,-0.49996987,-0.26227978,-371.67847,351.96777,584.2085,197.9102,-371.67847,351.96777,584.2085,197.9102,-1.0,1.0,1.0,1.0,0.0,0.4,0.4,0.4
26.9,20.4937,-15.0056,1.9998717,-0.23910534,0.0018329629,0.0002463883,0.97099185,0.0027815485,-0.0075334758,0.058289185,-0.32825154,0.34766686,-0.2191779,-0.0057609547,0.0054594814,0.058302015,0.1233335,0.16667342,8.839308,20.494278,-15.003758,1.199874,-0.04139095,-0.13189107,-0.36063415,-0.06966769,402.81586,-422.81506,337.01544,-354.0968,402.81586,-422.81506,337.01544,-354.0968,1.0,-1.0,1.0,-1.0,33.524375915527344,-0.4,0.4,-0.4
26.916666666666668,20.493599,-15.005519,1.9987973,-0.23880841,0.002311563,0.00029738504,0.9710638,0.0029152539,-0.0068821753,-0.105388746,0.09880757,-0.19233659,0.02419227,-0.006232811,0.0045678983,-0.10537048,-0.028311385,-0.05349498,-9.820349,20.49426,-15.003663,1.1987998,-0.04740152,-0.1329156,-0.36063415,-0.061471757,-193.883,398.16742,-377.645,625.5865,-193.883,398.16742,-377.645,625.5865,-1.0,1.0,-1.0,1.0,0.0,0.4,-0.4,0.4
26.933333333333334,20.49352,-15.005429,1.9988828,-0.2375226,0.00090211764,-0.001910938,0.9713797,0.0011831638,-0.0073694224,0.0419297,-0.3227859,0.36759308,-0.21917772,-0.0043387017,0.005854178,0.041960843,0.11364656,0.07717679,8.839879,20.494238,-15.00358,1.1988853,-0.05136303,-0.13243748,-0.23769042,0.028687118,516.3438,-244.19804,293.90967,-313.9748,516.3438,-244.19804,293.90967,-313.9748,1.0,-1.0,1.0,-1.0,33.524375915527344,-0.4,0.4,-0.4
26.95,20.493444,-15.005341,1.9975358,-0.23722655,0.0012096305,-0.0018553443,0.97145176,0.001804173,-0.006116058,-0.12174529,0.104319334,-0.17240922,0.024188787,-0.0048133135,0.0049650604,-0.12171589,-0.028476704,-0.053347066,-9.820603,20.494215,-15.003496,1.1975384,-0.05518794,-0.13209598,-0.2294947,0.020490287,-85.90555,512.8846,-409.7614,613.47327,-85.90555,512.8846,-409.7614,613.47327,-1.0,1.0,-1.0,1.0,0.0,0.4,-0.4,0.4
26.966666666666665,20.49338,-15.00526,1.997349,-0.23593792,-0.00037239763,-0.0040573473,0.9717595,0.00070838025,-0.005901461,0.025576731,-0.31724167,0.3874582,-0.2191771,-0.0033051907,0.0047132317,0.025619512,0.09048736,-0.015109721,8.840123,20.494183,-15.003424,1.1973515,-0.0575102,-0.13154957,-0.1393356,0.032784637,646.0622,-8.742623,224.0777,-280.91846,646.0622,-8.742623,224.0777,-280.91846,1.0,-1.0,1.0,-1.0,33.524375915527344,-0.4,0.4,-0.4
26.983333333333334,20.493324,-15.005226,1.9996132,-0.23564091,-0.0003599771,-0.003997422,0.9718319,0.0021326216,-0.003820791,0.17256674,0.11449744,-0.13328719,0.024180926,-0.003441385,0.0010495504,0.17258471,-0.008171657,-0.21982087,8.817912,20.494148,-15.003362,1.1996156,-0.05901285,-0.13353032,-0.09015887,-0.1188451,41.475235,618.2567,-456.80978,601.1145,41.475235,618.2567,-456.80978,601.1145,1.0,1.0,-1.0,1.0,33.524375915527344,0.4,-0.4,0.4
27.0,20.493282,-15.00521,2.0004494,-0.23730136,-0.0034573546,-0.0009957319,0.97142935,0.0016040076,-0.0019437482,0.009386612,0.545122,0.41202915,0.26737502,-0.0023781008,0.00095176505,0.009375408,0.06379705,-0.005867119,-9.792558,20.494114,-15.0033045,1.2004524,-0.059559263,-0.13646731,-0.03278486,-0.17621933,-631.0957,331.48047,135.14291,51.207172,-631.0957,331.48047,135.14291,51.207172,-1.0,1.0,1.0,1.0,0.0,0.4,0.4,0.4
27.016666666666666,20.493237,-15.005196,1.9985585,-0.23798285,-0.003931673,0.0007857119,0.971261,0.0036841324,-0.0030464777,-0.1543817,0.112921044,-0.13149582,0.024277976,-0.0034382364,0.0010515191,-0.15441385,-0.06360814,0.005985241,-9.827355,20.494087,-15.00325,1.1985614,-0.0609253,-0.13933599,-0.081962265,-0.17212091,-24.483652,-472.93845,-744.39746,-237.10776,-24.483652,-472.93845,-744.39746,-237.10776,-1.0,-1.0,-1.0,-1.0,0.0,-0.4,-0.4,-0.4
27.03333333333333,20.493135,-15.005177,1.9978209,-0.23670283,0.00073054916,0.00014788768,0.97158176,0.005224991,-0.004070367,-0.007551703,-0.31370953,-0.65684247,-0.21889204,-0.0065218597,0.0012062283,-0.0075436733,-0.18501739,0.009282552,8.81221,20.494045,-15.003201,1.197824,-0.06516002,-0.14152166,-0.2540832,-0.13114034,753.2459,-127.51216,-240.86417,-467.567,753.2459,-127.51216,-240.86417,-467.567,1.0,-1.0,-1.0,-1.0,33.524375915527344,-0.4,-0.4,-0.4
27.05,20.49305,-15.005155,1.9995381,-0.23640996,0.0025929627,0.00070165185,0.97164965,0.004038513,-0.0033405959,0.13987786,0.12040874,-0.0917262,0.024624068,-0.0044633453,0.0014740597,0.13989706,0.12351086,0.016069882,8.846443,20.493998,-15.003165,1.1995412,-0.0678921,-0.1424779,-0.16392453,-0.057374235,87.20103,492.21207,591.4261,204.07434,87.20103,492.21207,591.4261,204.07434,1.0,1.0,1.0,1.0,33.524375915527344,0.4,0.4,0.4
27.066666666666666,20.49298,-15.005118,1.9998281,-0.23807855,0.00044934792,-0.001531336,0.9712445,0.0023810402,-0.0040851985,-0.02344046,-0.30551308,0.44835967,0.26721242,-0.004037927,0.0025856297,-0.023426972,0.0255251,0.0666942,-9.799441,20.493948,-15.003136,1.1998314,-0.069394745,-0.14199978,-0.09015887,0.028687118,-562.8859,-211.93034,262.605,31.97294,-562.8859,-211.93034,262.605,31.97294,-1.0,-1.0,1.0,1.0,0.0,-0.4,0.4,0.4
27.083333333333332,20.492914,-15.005101,2.001275,-0.23876539,-4.364335e-05,-0.0015126412,0.971076,0.0033186134,-0.002594531,0.123547286,0.123706,-0.07354926,0.024334606,-0.0040645963,0.00039426412,0.12355161,-0.0016001611,-0.13148193,8.818715,20.493898,-15.003111,1.2012782,-0.070487574,-0.14254619,-0.06556972,-0.032784637,100.14779,555.4695,-589.37994,-1396.7488,100.14779,555.4695,-589.37994,-1396.7488,1.0,1.0,-1.0,-1.0,33.524375915527344,0.4,-0.4,-0.4
27.099999999999998,20.492859,-15.005095,2.001294,-0.24043153,-0.0036473717,0.0014345462,0.9706582,0.0027655635,-0.0018506635,-0.039630465,0.55430406,0.47164702,0.2675442,-0.0030015854,0.00030496623,-0.03965532,0.06378065,-0.0053578727,-9.792416,20.493843,-15.00309,1.201297,-0.070487574,-0.14357072,0.0,-0.061471757,-537.7387,59.176533,58.847633,32.148117,-537.7387,59.176533,58.847633,32.148117,-1.0,1.0,1.0,1.0,0.0,0.4,0.4,0.4
27.116666666666667,20.492758,-15.005081,2.0024688,-0.2411143,-0.0047497274,0.0031651221,0.97047985,0.004871857,-0.0032989574,0.10727057,0.12638478,-0.05259382,0.024512092,-0.0070016277,0.0010484764,0.107198276,-0.24000254,0.04461061,8.811215,20.493782,-15.00308,1.2024722,-0.073356256,-0.14329752,-0.17212091,0.016391871,144.59071,-682.17255,-774.83167,-250.20166,144.59071,-682.17255,-774.83167,-250.20166,1.0,-1.0,-1.0,-1.0,33.524375915527344,-0.4,-0.4,-0.4
27.133333333333333,20.49263,-15.00506,2.0022082,-0.24277739,-0.0006202028,0.0025130901,0.9700785,0.0065207807,-0.0053094337,-0.056563146,-0.3036548,-0.5974668,0.26731306,-0.008115879,0.0013532457,-0.056589764,-0.06685509,0.018286154,-9.827282,20.493725,-15.003073,1.2022116,-0.078410596,-0.14234129,-0.30326036,0.057374235,-520.5401,-370.11212,-450.973,26.66948,-520.5401,-370.11212,-450.973,26.66948,-1.0,-1.0,-1.0,1.0,0.0,-0.4,-0.4,0.4
27.15,20.492498,-15.005023,2.003108,-0.24346262,0.0007444509,0.003061719,0.9699051,0.005445256,-0.005299611,0.09086873,0.13312763,-0.03370704,0.024504932,-0.0073068524,0.0026722623,0.09085335,0.04854161,0.07914099,8.846586,20.493652,-15.003076,1.2031112,-0.08264532,-0.1394726,-0.2540834,0.17212091,169.47475,263.73495,508.38342,-4841.5234,169.47475,263.73495,508.38342,-4841.5234,1.0,1.0,1.0,-1.0,33.524375915527344,0.4,0.4,-0.4
27.166666666666668,20.492361,-15.004973,2.002575,-0.24511687,0.00470905,0.0024260255,0.969479,0.0052480474,-0.0067934333,-0.07296651,-0.29696217,-0.5785454,0.2673187,-0.008425518,0.0029712187,-0.07292453,-0.06711993,0.017937383,-9.826673,20.493584,-15.003079,1.202578,-0.08756306,-0.13564768,-0.29506442,0.22949515,-492.38986,-512.3668,-71.51632,18.139702,-492.38986,-512.3668,-71.51632,18.139702,-1.0,-1.0,-1.0,1.0,0.0,-0.4,-0.4,0.4
27.183333333333334,20.492271,-15.004899,2.0032024,-0.24580345,0.005905966,0.0029894842,0.969297,0.002296324,-0.006290257,0.074485585,0.13978271,-0.014798097,0.024495492,-0.0042729555,0.005083828,0.07449053,0.24915373,0.12675653,8.844904,20.493513,-15.003095,1.2032052,-0.088929094,-0.12922728,-0.08196204,0.3852242,207.88794,77.29499,808.7827,-4645.09,207.88794,77.29499,808.7827,-4645.09,1.0,1.0,1.0,-1.0,33.524375915527344,0.4,0.4,-0.4
27.2,20.492203,-15.004805,2.0024023,-0.24452677,0.0031176826,0.0007447487,0.9696372,-5.0703064e-05,-0.007063948,-0.08884291,-0.2863664,0.52538484,-0.21887724,-0.00380994,0.0059794565,-0.08884084,0.027780922,0.05373772,-9.799882,20.493435,-15.003115,1.2024053,-0.08824608,-0.121031046,0.04098102,0.49177405,-449.81934,-670.5968,372.52243,-16.028023,-449.81934,-670.5968,372.52243,-16.028023,-1.0,-1.0,1.0,-1.0,0.0,-0.4,0.4,-0.4
27.216666666666665,20.492159,-15.004705,2.002759,-0.24423374,0.001950308,0.0007772344,0.9697141,-0.0001882785,-0.0063555995,0.058149148,0.14580864,0.0047133267,0.024459671,-0.0026468139,0.0058295997,0.058144324,0.06978757,-0.008991406,8.81911,20.493357,-15.0031395,1.2027617,-0.08578721,-0.11215177,0.14753221,0.5327564,327.18256,170.9676,-483.2653,532.19366,327.18256,170.9676,-483.2653,532.19366,1.0,1.0,-1.0,1.0,33.524375915527344,0.4,-0.4,0.4
27.233333333333334,20.49212,-15.004595,2.0016866,-0.24295522,-0.0010084434,-0.0014591668,0.97003585,-0.0009636604,-0.006710993,-0.105197564,-0.28033006,0.5448492,-0.21890946,-0.0021821302,0.0067222714,-0.105178624,0.027881017,0.0535603,-9.7993765,20.493273,-15.003167,1.2016885,-0.08250871,-0.10224798,0.19670962,0.59422725,-350.62216,-472.57346,102.085686,-24.024834,-350.62216,-472.57346,102.085686,-24.024834,-1.0,-1.0,1.0,-1.0,0.0,-0.4,0.4,-0.4
27.25,20.492073,-15.004511,2.0017705,-0.24265762,-0.0023446889,-0.001415844,0.97010803,0.0005614422,-0.0056122527,0.0417938,0.15190272,0.02414547,0.024420764,-0.0032990624,0.0045246067,0.041799266,-0.06701592,-0.13185987,8.818673,20.493185,-15.003204,1.2017722,-0.07964003,-0.09357363,0.17212091,0.52046114,429.31265,355.34305,-754.1128,530.9371,429.31265,355.34305,-754.1128,530.9371,1.0,1.0,-1.0,1.0,33.524375915527344,0.4,-0.4,0.4
27.266666666666666,20.492012,-15.004435,2.0004196,-0.24138646,0.001109792,-0.0020283612,0.9704263,0.0015506563,-0.005575099,-0.122010365,-0.27936828,-0.5203706,-0.21871984,-0.0043641115,0.0046138307,-0.121982306,-0.063902944,0.0053534373,-9.826894,20.493103,-15.003242,1.2004213,-0.07813739,-0.0854457,0.090158425,0.48767564,-224.24225,-147.3023,-291.2855,-7.9328985,-224.24225,-147.3023,-291.2855,-7.9328985,-1.0,-1.0,-1.0,-1.0,0.0,-0.4,-0.4,-0.4
27.28333333333333,20.49197,-15.004372,2.0002298,-0.24109688,0.001799408,-0.0014575865,0.9704982,0.00010734005,-0.004104209,0.025437772,0.15528427,0.044317618,0.024693241,-0.0019087556,0.003526927,0.025452971,0.14732134,-0.065214224,8.846116,20.493006,-15.003285,1.2002313,-0.07417587,-0.077795886,0.23769109,0.45898896,562.52655,483.98807,544.425,164.08754,562.52655,483.98807,544.425,164.08754,1.0,1.0,1.0,1.0,33.524375915527344,0.4,0.4,0.4
27.3,20.491941,-15.004302,1.9986124,-0.2398115,-0.0015023651,-0.0036873925,0.97081125,-0.00013676821,-0.003689445,-0.13789475,-0.27083057,0.58435714,-0.21866277,-0.0014385291,0.004415293,-0.13786599,0.028213589,0.05330197,-9.799137,20.492905,-15.003331,1.1986139,-0.068984926,-0.069531344,0.31145674,0.49587247,-111.043625,-199.13531,67.34349,-23.03048,-111.043625,-199.13531,67.34349,-23.03048,-1.0,-1.0,1.0,-1.0,0.0,-0.4,0.4,-0.4
27.316666666666666,20.491903,-15.004275,1.9981517,-0.23951076,-0.0031766547,-0.003641254,0.97088164,0.0018827079,-0.0018931332,0.00910404,0.16152132,0.06364931,0.024652153,-0.0025874323,0.0007221056,0.009099223,-0.06893419,-0.22159125,8.817912,20.4928,-15.003384,1.1981528,-0.06420379,-0.06386229,0.28686804,0.3401434,666.06934,487.21558,-791.00275,509.017,666.06934,487.21558,-791.00275,509.017,1.0,1.0,-1.0,1.0,33.524375915527344,0.4,-0.4,0.4
27.333333333333332,20.491837,-15.004309,2.0001407,-0.23823082,-0.0014932676,0.0009236145,0.9712069,0.004712996,0.0006418796,0.15608527,0.591637,-0.4572843,-0.21806146,-0.0044024102,-0.0025809684,0.15607432,-0.10889867,-0.19818443,8.818505,20.492691,-15.00344,1.2001417,-0.06119851,-0.062223036,0.18031685,0.09835503,51.4875,188.74178,-370.92383,-6.8708644,51.4875,188.74178,-370.92383,-6.8708644,1.0,1.0,-1.0,-1.0,33.524375915527344,0.4,-0.4,-0.4
27.349999999999998,20.491766,-15.004338,2.0007002,-0.2379338,-0.0015998413,0.0032242765,0.9712747,0.0042212526,-0.0005890031,-0.0072406856,0.1646043,0.081514046,0.024382733,-0.0039818985,-0.0014686367,-0.0072512776,0.0252307,0.0667399,-9.799535,20.49258,-15.003498,1.2007014,-0.058329828,-0.06017398,0.17212091,0.12294329,-517.14185,-725.79254,335.91135,349.80283,-517.14185,-725.79254,335.91135,349.80283,-1.0,-1.0,1.0,1.0,0.0,-0.4,0.4,0.4
27.366666666666667,20.491673,-15.004338,2.0024152,-0.23664723,0.0012331514,0.0025838998,0.97159135,0.0058381706,-0.0026946953,0.13960814,-0.26209942,-0.44386625,-0.21876994,-0.0062596253,0.00049065653,0.13961503,-0.1366636,0.117557585,8.811978,20.492468,-15.003557,1.2024163,-0.056963786,-0.05593926,0.08196249,0.2540832,3.5241692,-510.7246,-323.73355,-16.194218,3.5241692,-510.7246,-323.73355,-16.194218,1.0,-1.0,-1.0,-1.0,33.524375915527344,-0.4,-0.4,-0.4
27.383333333333333,20.49158,-15.0043335,2.0027018,-0.23635441,0.0013942528,0.003142343,0.9716608,0.004334271,-0.0028660493,-0.023604153,0.16819432,0.10150781,0.024594655,-0.0051953318,0.00039533258,-0.023601025,0.06385761,-0.005719437,-9.792963,20.492352,-15.003622,1.2027024,-0.055324543,-0.050953217,0.098354585,0.29916263,-647.442,117.32972,483.3548,360.82837,-647.442,117.32972,483.3548,360.82837,-1.0,1.0,1.0,1.0,0.0,0.4,0.4,0.4
27.4,20.49149,-15.004296,2.0041444,-0.23506624,0.004057178,0.0024909892,0.9719677,0.004835414,-0.0046475953,0.12324527,-0.258513,-0.42387223,-0.21854672,-0.005597022,0.0027563313,0.12326984,-0.024101406,0.14165992,8.812251,20.492233,-15.003687,1.2041451,-0.053275485,-0.043644913,0.12294351,0.43849823,10.089678,-624.6601,-153.78781,-13.800789,10.089678,-624.6601,-153.78781,-13.800789,1.0,-1.0,-1.0,-1.0,33.524375915527344,-0.4,-0.4,-0.4
27.416666666666668,20.491396,-15.004239,2.0041575,-0.23474708,0.0053351014,-0.0021568225,0.9720394,0.0024539358,-0.00553028,-0.040118966,-0.6849951,0.11697048,0.02439658,-0.005163786,0.0038685026,-0.0400563,0.025994152,0.06673027,-9.799568,20.492107,-15.0037565,1.2041581,-0.050953217,-0.034560762,0.13933605,0.54504895,-634.32025,-18.093607,640.42206,353.35718,-634.32025,-18.093607,640.42206,353.35718,-1.0,-1.0,1.0,1.0,0.0,-0.4,0.4,0.4
27.433333333333334,20.491371,-15.004191,2.0053325,-0.23343551,0.0016664459,-0.00610663,0.9723517,-0.00050877547,-0.0035431832,0.107326664,-0.24905598,0.6810227,-0.21860743,-0.00050126994,0.0021966784,0.107362695,0.27975094,-0.10030945,8.845139,20.491985,-15.003825,1.2053332,-0.04398642,-0.026227929,0.41800773,0.49997,29.747385,819.6738,253.63036,-401.57605,29.747385,819.6738,253.63036,-401.57605,1.0,1.0,1.0,-1.0,33.524375915527344,0.4,0.4,-0.4
27.45,20.491352,-15.004164,2.0050757,-0.23312744,-0.00070913305,-0.0060588517,0.972427,0.0005185683,-0.00097037066,-0.05632894,0.1788686,0.1411281,0.024687828,-0.0009836155,0.0013120907,-0.056315817,-0.028940734,-0.05307526,-9.82071,20.491854,-15.003893,1.205076,-0.0359268,-0.019397737,0.48357722,0.40981144,-467.90573,570.5706,-573.36664,628.2945,-467.90573,570.5706,-573.36664,628.2945,-1.0,1.0,-1.0,1.0,0.0,0.4,-0.4,0.4
27.466666666666665,20.491335,-15.004201,2.0059743,-0.23185849,0.00034553235,-0.0015116677,0.9727483,0.0023286503,0.0020872678,0.09065782,0.6090744,-0.37976784,-0.21800861,-0.0010122658,-0.0031653456,0.09065084,-0.0017190165,-0.26864615,8.818,20.491724,-15.003965,1.2059742,-0.027867174,-0.016870568,0.48357755,0.15163018,138.27345,310.73297,-220.716,-12.392423,138.27345,310.73297,-220.716,-12.392423,1.0,1.0,-1.0,-1.0,33.524375915527344,0.4,-0.4,-0.4
27.483333333333334,20.491323,-15.00424,2.0054433,-0.23156631,-0.00040577105,0.0007834873,0.9728186,0.0014733598,0.0014545508,-0.072674826,0.18223584,0.15880531,0.024500828,-0.0005762629,-0.0020594965,-0.07267285,0.026160173,0.066350944,-9.799421,20.491596,-15.004038,1.2054434,-0.019534342,-0.014480001,0.49996987,0.14343397,-439.5039,-651.9798,477.04288,313.9041,-439.5039,-651.9798,477.04288,313.9041,-1.0,-1.0,1.0,1.0,0.0,-0.4,0.4,0.4
27.5,20.491297,-15.004266,2.0060682,-0.23028457,0.0017661595,0.00011968284,0.97312164,0.002560543,0.0004566193,0.074194275,-0.24449794,-0.36666858,-0.21866284,-0.001833355,-0.0014781634,0.074202485,-0.07542553,0.034879982,8.81252,20.491465,-15.004107,1.206068,-0.012021133,-0.011338114,0.45079252,0.18851323,156.40388,-348.8502,-218.51845,-26.899925,156.40388,-348.8502,-218.51845,-26.899925,1.0,-1.0,-1.0,-1.0,33.524375915527344,-0.4,-0.4,-0.4
27.516666666666666,20.49128,-15.0042925,2.005265,-0.22999339,0.0012718072,0.00067410665,0.97319114,0.0011517138,0.0010115454,-0.08902003,0.18609622,0.17862123,0.0246664,-0.0007697995,-0.0015889759,-0.089015715,0.06381333,-0.0066487486,-9.793092,20.491335,-15.004181,1.205265,-0.0039615096,-0.007991321,0.48357734,0.20080753,-501.83932,284.50793,549.9792,344.51343,-501.83932,284.50793,549.9792,344.51343,-1.0,1.0,1.0,1.0,0.0,0.4,0.4,0.4
27.53333333333333,20.491262,-15.004311,2.0056171,-0.22871147,0.0032745937,2.1688986e-06,0.97348875,0.0016175521,0.00022187748,0.057852577,-0.24064332,-0.34686732,-0.21849602,-0.0009807062,-0.0008320544,0.057861317,-0.0126543995,0.045415286,8.812622,20.491201,-15.004255,1.2056172,0.0043713213,-0.0039615096,0.4999698,0.2417887,236.07625,-395.8672,-109.83154,-28.46424,236.07625,-395.8672,-109.83154,-28.46424,1.0,-1.0,-1.0,-1.0,33.524375915527344,-0.4,-0.4,-0.4
27.55,20.49126,-15.004328,2.004541,-0.2284222,0.0026135205,0.00055193517,0.9735585,-0.00021643774,0.0008971185,-0.10535993,0.19002719,0.19840375,0.024823515,8.326561e-05,-0.0009462627,-0.10535969,0.0638383,-0.0068524955,-9.79326,20.49107,-15.00433,1.2045412,0.013660379,0.00013660379,0.5573434,0.24588677,-430.1941,224.4474,644.65717,337.991,-430.1941,224.4474,644.65717,337.991,-1.0,1.0,1.0,1.0,0.0,0.4,0.4,0.4
27.566666666666666,20.491282,-15.004327,2.0046265,-0.22714156,-0.0021571137,-0.0016434828,0.9738579,-0.0018060759,0.0002950434,0.041969363,-0.2312904,0.7572542,-0.2184831,0.0016052308,0.00035893827,0.04197703,0.09131791,0.078312054,8.840203,20.490936,-15.004404,1.2046266,0.024725284,0.0055324533,0.6638943,0.32375097,332.816,-445.97696,5.6740212,-37.33235,332.816,-445.97696,5.6740212,-37.33235,1.0,-1.0,1.0,-1.0,33.524375915527344,-0.4,0.4,-0.4
27.583333333333332,20.491299,-15.004331,2.0032802,-0.22683986,-0.005186181,-0.0015802836,0.97391695,0.0005483805,0.0010473975,-0.121698864,0.1967996,0.21738416,0.024802554,0.0011130193,-0.00052094687,-0.1216984,-0.029532691,-0.052793108,-9.820525,20.4908,-15.004477,1.2032803,0.03565359,0.01045019,0.65569836,0.29506418,-265.56134,377.48505,-861.7096,628.3538,-265.56134,377.48505,-861.7096,628.3538,-1.0,1.0,-1.0,1.0,0.0,0.4,-0.4,0.4
27.599999999999998,20.49127,-15.00436,2.003087,-0.22556859,-0.003516435,-0.002253821,0.97421837,0.0033559608,0.00058287615,0.025180351,-0.22995886,-0.3081984,-0.21837136,-0.002905102,-0.0021489905,0.025151432,-0.24108727,-0.09768261,8.81099,20.490677,-15.00455,1.2030873,0.04248378,0.0135920765,0.40981135,0.18851317,462.86124,-90.978325,-648.8705,-24.241934,462.86124,-90.978325,-648.8705,-24.241934,1.0,-1.0,-1.0,-1.0,33.524375915527344,-0.4,-0.4,-0.4
27.616666666666667,20.491234,-15.004396,2.0014663,-0.22527298,-0.004508674,-0.0016888842,0.9742837,0.003973989,0.001405755,-0.13802426,0.2008653,0.23703325,0.024934618,-0.0018458122,-0.0022728273,-0.13805757,0.06355739,-0.0074302074,-9.79254,20.49055,-15.0046215,1.2014667,0.049040765,0.016119247,0.39341903,0.15163024,-185.65833,583.9532,84.17879,358.18674,-185.65833,583.9532,84.17879,358.18674,-1.0,1.0,1.0,1.0,0.0,0.4,0.4,0.4
27.633333333333333,20.491158,-15.004452,2.0010011,-0.22400174,-0.0030072401,-0.002367993,0.97458124,0.006533402,0.0010727318,0.008845894,-0.22590488,-0.28856876,-0.21824892,-0.005451714,-0.0038703072,0.0087969005,-0.2163541,-0.09584879,8.811268,20.490425,-15.004689,1.2010014,0.05245586,0.017007172,0.20490578,0.053275485,591.6615,-15.553317,-698.4516,-1.2749232,591.6615,-15.553317,-698.4516,-1.2749232,1.0,-1.0,-1.0,-1.0,33.524375915527344,-0.4,-0.4,-0.4
27.65,20.49108,-15.004518,1.9991076,-0.22370668,-0.0041657323,-0.0018043149,0.9746459,0.007074724,0.001937503,-0.15435293,0.2049987,0.25665027,0.025061952,-0.0043926835,-0.00399797,-0.15441294,0.06354184,-0.00765976,-9.79259,20.490303,-15.00476,1.1991078,0.055597752,0.01734868,0.18851346,0.02049051,-42.42323,627.6946,33.299107,376.03403,-42.42323,627.6946,33.299107,376.03403,-1.0,1.0,1.0,1.0,0.0,0.4,0.4,0.4
27.666666666666668,20.490967,-15.004614,1.9983715,-0.22537203,-0.0040678023,0.002741602,0.9742604,0.009455599,0.0021410212,-0.0073909294,0.6357749,-0.26353365,0.26841882,-0.0074868593,-0.0061019883,-0.0074384725,-0.18565054,-0.12624109,8.818468,20.490183,-15.00483,1.1983722,0.056144163,0.01550453,0.032784637,-0.11064905,722.92737,64.41621,-751.39636,18.650967,722.92737,64.41621,-751.39636,18.650967,1.0,1.0,-1.0,1.0,33.524375915527344,0.4,-0.4,0.4
27.683333333333334,20.49079,-15.004693,2.0000834,-0.22603385,0.00066447054,0.006547065,0.97409713,0.012339327,0.00044838153,0.13937934,0.20998424,-0.7868917,0.024693612,-0.011113097,-0.0040164962,0.13942535,-0.21757424,0.12512952,8.811829,20.490065,-15.0049,1.2000836,0.051909447,0.014821511,-0.25408295,-0.040981133,79.82357,-884.4587,-222.968,-2284.9446,79.82357,-884.4587,-222.968,-2284.9446,1.0,-1.0,-1.0,-1.0,33.524375915527344,-0.4,-0.4,-0.4
27.7,20.49061,-15.00475,2.0003657,-0.22472712,0.0039596003,0.00637653,0.9743928,0.010666625,-0.0020877793,-0.024002826,-0.21662195,-0.24662808,-0.21875744,-0.010619776,-0.00313511,-0.023909472,0.029599236,0.05288317,-9.800089,20.489952,-15.004968,1.2003661,0.047128312,0.015572831,-0.28686804,0.045079213,-573.97156,-713.41833,597.5729,-1824.7056,-573.97156,-713.41833,597.5729,-1824.7056,-1.0,-1.0,1.0,-1.0,0.0,-0.4,0.4,-0.4
27.716666666666665,20.490461,-15.004736,2.0018084,-0.22441742,0.0035487874,0.0017293207,0.97448504,0.007571578,-0.0052710343,0.123339504,-0.6379437,0.31289548,0.024052374,-0.008356916,0.002040645,0.123384535,0.13577163,0.3105453,8.837641,20.489845,-15.005035,1.2018087,0.044123027,0.021446794,-0.18031707,0.35243776,61.865665,-360.06107,317.25824,380.76758,61.865665,-360.06107,317.25824,380.76758,1.0,-1.0,1.0,1.0,33.524375915527344,-0.4,0.4,0.4
27.733333333333334,20.490316,-15.004714,2.0018191,-0.22608264,0.004895032,-0.00068636914,0.9740956,0.0070694005,-0.004800737,-0.04036223,-0.21151477,-0.22754723,0.2671897,-0.008858283,0.0011608233,-0.04027799,-0.030082034,-0.052789308,-9.819751,20.489738,-15.005103,1.2018197,0.04139095,0.027867174,-0.16392453,0.38522273,-571.4666,559.5372,-325.4265,149.00124,-571.4666,559.5372,-325.4265,149.00124,-1.0,1.0,-1.0,1.0,0.0,0.4,-0.4,0.4
27.75,20.490225,-15.004695,2.0029902,-0.2267752,0.0030932613,-0.00011896694,0.97394216,0.0042947703,-0.0031736693,0.10711354,0.22458765,0.33602118,0.024247235,-0.0046036914,0.0010755573,0.10714232,0.2552755,-0.005115957,8.845219,20.489635,-15.005164,1.202991,0.04221057,0.033604536,0.04917718,0.34424174,94.758255,279.5007,435.39673,-3290.6704,94.758255,279.5007,435.39673,-3290.6704,1.0,1.0,1.0,-1.0,33.524375915527344,0.4,0.4,-0.4
27.766666666666666,20.490135,-15.004673,2.002729,-0.22844695,0.003869804,-0.00078755635,0.97354835,0.004078982,-0.0036241482,-0.056678206,-0.20651907,-0.20883489,0.26702258,-0.0057125995,0.0014181804,-0.056635205,-0.06653448,0.020557385,-9.826652,20.489534,-15.005228,1.2027296,0.043030195,0.039751705,0.049177404,0.36883008,-475.29263,-387.27582,-306.65604,183.09328,-475.29263,-387.27582,-306.65604,183.09328,-1.0,-1.0,-1.0,1.0,0.0,-0.4,-0.4,0.4
27.78333333333333,20.490084,-15.004653,2.0036278,-0.22913642,0.0019061951,-0.0002193056,0.9733923,0.0017221337,-0.0020659294,0.0907845,0.22953549,0.3546682,0.02408383,-0.0021168322,0.0011213283,0.09079273,0.21574603,-0.017811125,8.845675,20.489433,-15.005288,1.2036283,0.046581898,0.045489065,0.21310216,0.34424162,150.0067,271.5299,423.34018,-3322.162,150.0067,271.5299,423.34018,-3322.162,1.0,1.0,1.0,-1.0,33.524375915527344,0.4,0.4,-0.4
27.8,20.490034,-15.004629,2.0030937,-0.23080732,0.0025230942,-0.0008796803,0.97299576,0.0018986599,-0.0025430343,-0.07300397,-0.20161487,-0.19014588,0.26685855,-0.003226624,0.0014592399,-0.07298706,-0.066587515,0.020274691,-9.826787,20.48933,-15.005345,1.2030947,0.050406802,0.05129473,0.22949426,0.3483398,-436.8739,-388.66226,-354.6555,167.26057,-436.8739,-388.66226,-354.6555,167.26057,-1.0,-1.0,-1.0,1.0,0.0,-0.4,-0.4,0.4
27.816666666666666,20.490013,-15.004611,2.0037198,-0.23149398,0.00039704907,-0.00031161835,0.97283614,8.07076e-05,-0.0010896097,0.074447975,0.23439378,0.3732941,0.023924517,-0.0004945759,0.0009050221,0.07444885,0.16392289,-0.033253066,8.846154,20.489233,-15.005401,1.203721,0.055870958,0.056553975,0.3278493,0.3155547,222.81961,277.51877,365.5894,-3362.127,222.81961,277.51877,365.5894,-3362.127,1.0,1.0,1.0,-1.0,33.524375915527344,0.4,0.4,-0.4
27.833333333333332,20.489992,-15.004593,2.0029135,-0.23316367,0.00085441547,-0.0009644635,0.9724366,0.0007607476,-0.0016282008,-0.08933869,-0.19679825,-0.17147836,0.26669872,-0.0016050114,0.0012381644,-0.089333765,-0.066626124,0.019988537,-9.826956,20.489138,-15.005456,1.2029146,0.06119851,0.061813228,0.31965312,0.31555516,-383.24478,-370.10678,-449.50314,155.3751,-383.24478,-370.10678,-449.50314,155.3751,-1.0,-1.0,-1.0,1.0,0.0,-0.4,-0.4,0.4
27.849999999999998,20.489986,-15.004582,2.0032678,-0.23384604,-0.0014330376,-0.00039780219,0.97227246,-0.0003978451,-0.00031599944,0.058107767,0.23916191,0.39189184,0.023770252,5.9526432e-05,0.0003784546,0.058108725,0.09987226,-0.051582586,8.846549,20.489048,-15.005506,1.203269,0.06720907,0.06611624,0.3606337,0.25818092,311.53482,305.1604,248.92351,-3397.6738,311.53482,305.1604,248.92351,-3397.6738,1.0,1.0,1.0,-1.0,33.524375915527344,0.4,0.4,-0.4
27.866666666666667,20.48997,-15.004572,2.002189,-0.23551469,-0.0011340617,-0.001044296,0.9718696,0.0008960301,-0.0009516133,-0.10567687,-0.1920709,-0.15283865,0.2665441,-0.0010512943,0.00070682005,-0.10567736,-0.066649236,0.019701926,-9.827165,20.48895,-15.005554,1.2021904,0.072946444,0.07035097,0.34424227,0.2540834,-309.5448,-320.93854,-585.51056,149.6093,-309.5448,-320.93854,-585.51056,149.6093,-1.0,-1.0,-1.0,1.0,0.0,-0.4,-0.4,0.4
27.883333333333333,20.489954,-15.004575,2.0022707,-0.23619297,-0.0035829241,-0.00048028666,0.9716994,0.0005158866,0.00018296455,0.041772857,0.24383834,0.41045785,0.02362113,-0.0006557183,-0.0005090413,0.041768197,0.023734555,-0.07295168,8.846733,20.488863,-15.005598,1.2022723,0.07813739,0.07328795,0.31145674,0.17621888,415.3462,356.9857,73.32129,-3433.487,415.3462,356.9857,73.32129,-3433.487,1.0,1.0,1.0,-1.0,33.524375915527344,0.4,0.4,-0.4
27.9,20.489931,-15.00458,2.0009193,-0.23786093,-0.0034423796,-0.0011212284,0.9712925,0.002533495,-0.0005858298,-0.12200715,-0.18743329,-0.13423008,0.2663946,-0.0017666537,-0.00018553938,-0.12202192,-0.06665612,0.019410115,-9.827407,20.488783,-15.005641,1.2009209,0.08223551,0.076020025,0.24588703,0.16392453,-211.611,-227.97162,-733.60986,148.129,-211.611,-227.97162,-733.60986,148.129,-1.0,-1.0,-1.0,1.0,0.0,-0.4,-0.4,0.4
27.916666666666668,20.489874,-15.004611,2.000723,-0.2385428,0.000532442,0.0010239037,0.9711312,0.004386807,0.0003303201,0.024956536,0.2439912,-0.6546284,0.02359553,-0.0037209042,-0.002269217,0.024963722,-0.117255025,-0.12502065,8.819139,20.488705,-15.005678,1.2007244,0.08373815,0.07642984,0.090158425,0.024588702,534.65094,437.43073,-176.82027,-3456.306,534.65094,437.43073,-176.82027,-3456.306,1.0,1.0,-1.0,-1.0,33.524375915527344,0.4,-0.4,-0.4
27.933333333333334,20.489822,-15.004637,1.9990977,-0.23725139,0.00270193,0.0009077587,0.9714441,0.002733152,-0.0003414303,-0.13838376,-0.1826983,-0.11476283,-0.21984069,-0.003249654,-0.0013783304,-0.13836615,0.028275007,0.053453196,-9.799791,20.488634,-15.005712,1.1990995,0.08510419,0.076976255,0.08196249,0.032785084,-138.30023,-450.43857,650.1044,-1502.4592,-138.30023,-450.43857,650.1044,-1502.4592,-1.0,-1.0,1.0,-1.0,0.0,-0.4,0.4,-0.4
27.95,20.4898,-15.00465,1.9986345,-0.23695378,-7.768154e-05,0.0014692288,0.97151977,0.0010046589,0.00013957266,0.009071261,0.25353348,0.44898182,0.023488501,-0.00083526614,-0.00056089234,0.009072172,0.14486326,0.04904628,8.846298,20.488564,-15.005741,1.1986362,0.08851928,0.07813739,0.20490555,0.06966814,669.35803,98.462265,255.6425,322.83032,669.35803,98.462265,255.6425,322.83032,1.0,1.0,1.0,1.0,33.524375915527344,0.4,0.4,0.4
27.966666666666665,20.489765,-15.004645,2.0006216,-0.238619,-0.0003868384,0.00082468987,0.9711128,0.0018509196,-0.0013898513,0.155947,-0.17311059,-0.07660608,0.26626754,-0.0024628127,0.00059475773,0.15594359,-0.097652785,0.069339,8.812284,20.488503,-15.005765,1.2006234,0.09043174,0.08018645,0.11474758,0.12294351,37.76774,-480.1279,-572.9623,141.92067,37.76774,-480.1279,-572.9623,141.92067,1.0,-1.0,-1.0,1.0,33.524375915527344,-0.4,-0.4,0.4
27.983333333333334,20.48973,-15.004642,2.0011783,-0.239299,-0.0011158743,0.0019242627,0.97094333,0.0016665409,-0.0009078622,-0.007419646,0.25633907,0.09696129,0.023365702,-0.0018746326,5.6826384e-06,-0.007425526,0.035290807,-0.035344504,-9.802147,20.488441,-15.005784,1.2011801,0.0923442,0.081825696,0.11474758,0.09835481,-608.9614,187.38185,0.31603298,-2609.6143,-608.9614,187.38185,0.31603298,-2609.6143,-1.0,1.0,0.31603298,-1.0,0.0,0.4,0.1264132,-0.4
28.0,20.489672,-15.004626,2.0028906,-0.23946397,0.0014136093,0.0020015226,0.97090214,0.0032215165,-0.0025439567,0.13944359,-0.17027593,-0.4282732,0.020329855,-0.0037858777,0.0013905808,0.13944568,-0.1146747,0.08309389,8.812272,20.488384,-15.005801,1.2028924,0.092207596,0.08414797,-0.008196383,0.13933627,10.5454445,-595.7933,-317.6342,-0.011711054,10.5454445,-595.7933,-317.6342,-0.011711054,1.0,-1.0,-1.0,-0.011711054,33.524375915527344,-0.4,-0.4,-0.0046844217
28.016666666666666,20.489616,-15.004592,2.0031729,-0.23814233,0.0025784858,-0.0019126957,0.9712249,0.0017824206,-0.0034376062,-0.023906369,-0.5966763,0.11156693,-0.22289914,-0.0033118764,0.0022826074,-0.023881579,0.028440075,0.053521592,-9.799635,20.488335,-15.005815,1.203175,0.091797784,0.08756306,-0.024588702,0.20490555,-655.72253,-29.10213,482.20068,-1129.8109,-655.72253,-29.10213,482.20068,-1129.8109,-1.0,-1.0,1.0,-1.0,0.0,-0.4,0.4,-0.4
28.03333333333333,20.489595,-15.004572,2.0046175,-0.2377938,-0.001219495,-0.005148267,0.97130126,-0.00040875562,-0.0020047335,0.123543225,-0.15957552,0.67617416,0.02018153,-0.00055374537,0.0006595108,0.123557165,0.16548786,-0.097385794,8.846325,20.488287,-15.005822,1.2046195,0.093710236,0.08954381,0.11474713,0.1188451,40.830467,725.7542,7.6254086,466.18616,40.830467,725.7542,7.6254086,466.18616,1.0,1.0,1.0,1.0,33.524375915527344,0.4,0.4,0.4
28.05,20.48958,-15.004573,2.0046306,-0.23941751,-0.0037418269,-0.00438781,0.9708995,0.0013919536,-8.536968e-06,-0.040110495,0.2663448,0.13652074,0.26347998,-0.0010291443,-0.00022589888,-0.040120807,-0.028523933,-0.053124577,-9.820678,20.488247,-15.005827,1.2046328,0.09548609,0.08981703,0.10655119,0.016393213,-533.14514,509.8664,-889.3112,296.4287,-533.14514,509.8664,-889.3112,296.4287,-1.0,1.0,-1.0,1.0,0.0,0.4,-0.4,0.4
28.066666666666666,20.489534,-15.00463,2.0057988,-0.24006183,-0.0028766592,0.0008843868,0.97075295,0.004226339,0.0023851246,0.106868125,0.696699,-0.38250563,0.020662423,-0.0032697353,-0.004044156,0.10685177,-0.13443545,-0.22909543,8.818355,20.488209,-15.005829,1.2058008,0.09493968,0.085855514,-0.032784637,-0.23769109,62.507088,152.63014,-571.88324,-1501.2804,62.507088,152.63014,-571.88324,-1501.2804,1.0,1.0,-1.0,-1.0,33.524375915527344,0.4,-0.4,-0.4
28.083333333333332,20.489487,-15.004685,2.005538,-0.23874192,-0.0038108453,0.003882613,0.9710677,0.0042593917,0.00096670445,-0.05646094,0.269818,0.15668368,-0.22292237,-0.0028029648,-0.0031545616,-0.05647218,0.028006228,0.053375665,-9.799437,20.488176,-15.005825,1.20554,0.09384684,0.08162079,-0.06557017,-0.2540834,-538.4769,-853.93365,56.01069,-85.58944,-538.4769,-853.93365,56.01069,-85.58944,-1.0,-1.0,1.0,-1.0,0.0,-0.4,0.4,-0.4
28.099999999999998,20.48939,-15.004708,2.006432,-0.23840623,-0.0017888547,0.003950808,0.9711558,0.0062979776,-0.001624638,0.09040223,-0.15640461,-0.3692342,0.020048752,-0.0068186983,-0.000859908,0.09037496,-0.240944,0.1376792,8.810828,20.488148,-15.005814,1.2064338,0.088929094,0.07916192,-0.29506487,-0.14753221,110.64578,-611.9167,-536.30206,461.6043,110.64578,-611.9167,-536.30206,461.6043,1.0,-1.0,-1.0,1.0,33.524375915527344,-0.4,-0.4,0.4
28.116666666666667,20.489283,-15.004714,2.0058966,-0.23709643,-0.0011353197,2.5834825e-05,0.9714854,0.0057767974,-0.002993084,-0.072937354,-0.5827991,0.17046843,-0.2232336,-0.006344345,3.0971863e-05,-0.0729516,0.028461197,0.05345279,-9.799593,20.488125,-15.005804,1.2058982,0.082918525,0.07806909,-0.36063415,-0.06556972,-586.0881,-100.94695,73.495316,-1078.373,-586.0881,-100.94695,73.495316,-1078.373,-1.0,-1.0,1.0,-1.0,0.0,-0.4,0.4,-0.4
28.133333333333333,20.489162,-15.004731,2.0065184,-0.23677021,0.0011447112,-0.0016389235,0.9715636,0.0071426164,-0.0023322878,0.07401942,-0.15103547,-0.3484172,0.020179132,-0.0071926955,-0.0014109872,0.074037865,-0.050901033,-0.08651754,8.819367,20.488102,-15.005788,1.20652,0.075951725,0.07567852,-0.41800794,-0.14343424,195.66396,622.3889,-497.27094,514.5049,195.66396,622.3889,-497.27094,514.5049,1.0,1.0,-1.0,1.0,33.524375915527344,0.4,-0.4,0.4
28.15,20.489058,-15.004759,2.005712,-0.23546095,0.00032133522,-0.00036009855,0.97188365,0.0061599454,-0.0011653095,-0.089184135,0.2800883,0.19606557,-0.22258739,-0.006081076,-0.00173427,-0.0891803,0.06669717,-0.019396966,-9.79309,20.488087,-15.005769,1.2057135,0.069531344,0.07233173,-0.38522285,-0.20080759,-531.76215,459.35983,251.24248,-743.5351,-531.76215,459.35983,251.24248,-743.5351,-1.0,1.0,1.0,-1.0,0.0,0.4,0.4,-0.4
28.166666666666668,20.488949,-15.004784,2.0060618,-0.2351343,0.0020065845,-0.00029047494,0.9719608,0.007013166,-0.0019201967,0.05766782,-0.1460441,-0.32990983,0.02038207,-0.006882487,-0.0014758814,0.05769664,-0.048084658,0.015503314,8.812615,20.488077,-15.005744,1.2060629,0.06242794,0.06878002,-0.42620412,-0.21310239,267.4267,-291.28366,-425.88776,465.45685,267.4267,-291.28366,-425.88776,465.45685,1.0,-1.0,-1.0,1.0,33.524375915527344,-0.4,-0.4,0.4
28.183333333333334,20.488846,-15.004814,2.0049832,-0.23382786,0.001023649,0.0009953734,0.9722769,0.005700818,-0.0011730003,-0.105534196,0.28511378,0.21456483,-0.22238311,-0.0057717166,-0.001802158,-0.10552148,0.06664621,-0.01957659,-9.793086,20.488064,-15.00572,1.2049842,0.05600756,0.06488681,-0.38522285,-0.23359267,-470.29553,315.40805,309.45087,-709.8305,-470.29553,315.40805,309.45087,-709.8305,-1.0,1.0,1.0,-1.0,0.0,0.4,0.4,-0.4
28.2,20.48874,-15.004828,2.0050607,-0.23350045,0.0025491137,0.0010674564,0.97235274,0.0061537004,-0.0023305085,0.041322585,-0.14099541,-0.31144089,0.020589197,-0.006356616,-0.0005829523,0.041353464,-0.035093967,0.07315233,8.812495,20.488054,-15.005689,1.2050616,0.04917737,0.061608322,-0.40981135,-0.19670917,351.71344,-429.20923,-385.30313,461.99484,351.71344,-429.20923,-385.30313,461.99484,1.0,-1.0,-1.0,1.0,33.524375915527344,-0.4,-0.4,0.4
28.216666666666665,20.48865,-15.004842,2.0037098,-0.23219718,0.0014072316,0.0023606133,0.9726648,0.004625902,-0.0020361273,-0.121875495,0.2901976,0.23302567,-0.22217688,-0.0052468325,-0.0009122635,-0.12186394,0.06658701,-0.019758673,-9.793043,20.488049,-15.005658,1.2037106,0.043030195,0.058466434,-0.36883053,-0.18851323,-380.83817,138.8206,343.51184,-698.9312,-380.83817,138.8206,343.51184,-698.9312,-1.0,1.0,1.0,-1.0,0.0,0.4,0.4,-0.4
28.233333333333334,20.488556,-15.004831,2.0035148,-0.23187004,0.002772847,0.0024358183,0.97273976,0.004800004,-0.0036299648,0.02498796,-0.1358894,-0.29301244,0.02080093,-0.005814746,0.0012249372,0.025006061,-0.03407481,0.12823203,8.8122,20.488045,-15.005624,1.2035156,0.036609817,0.05675888,-0.38522264,-0.102453224,452.63046,-592.2686,-367.3561,457.41705,452.63046,-592.2686,-367.3561,457.41705,1.0,-1.0,-1.0,1.0,33.524375915527344,-0.4,-0.4,0.4
28.25,20.488462,-15.0048,2.0018897,-0.23054767,0.002745577,-0.0014685818,0.97305596,0.0031690393,-0.0037039383,-0.13835749,-0.56220275,0.24652322,-0.22252081,-0.0053268946,0.002108566,-0.13832474,0.029271085,0.053017728,-9.799847,20.488039,-15.005588,1.2018906,0.03032604,0.05641737,-0.3770266,-0.020490734,-259.0188,-66.18606,345.219,-707.1305,-259.0188,-66.18606,345.219,-707.1305,-1.0,-1.0,1.0,-1.0,0.0,-0.4,0.4,-0.4
28.266666666666666,20.488396,-15.004786,2.0014215,-0.23022011,0.0043584276,-0.0031251682,0.9731237,0.003157311,-0.0019505108,0.008621552,-0.1302412,-0.27237046,0.020824095,-0.0036108731,0.00029380794,0.008659073,0.10296128,-0.108885475,8.819029,20.488039,-15.005547,1.2014222,0.02554491,0.054504916,-0.28686783,-0.11474713,607.59406,694.0172,-237.95291,502.93405,607.59406,694.0172,-237.95291,502.93405,1.0,1.0,-1.0,1.0,33.524375915527344,0.4,-0.4,0.4
28.28333333333333,20.488346,-15.004785,1.9995253,-0.22891596,0.0028894774,-0.0018130061,0.97344023,0.0015187364,-0.0003241371,-0.15457828,0.30102116,0.2720794,-0.22194576,-0.002501878,-4.5585177e-05,-0.15456584,0.066539705,-0.020363586,-9.793495,20.488035,-15.005505,1.199526,0.022266418,0.051567934,-0.19670951,-0.17621888,-98.86645,522.4966,509.77713,-455.81943,-98.86645,522.4966,509.77713,-455.81943,-1.0,1.0,1.0,-1.0,0.0,0.4,0.4,-0.4
28.3,20.488312,-15.004792,1.9987855,-0.2285957,0.0039199227,-0.0017279653,0.973512,0.0014845968,-0.0003601181,-0.0077024978,-0.12497777,-0.2540309,0.021035165,-0.0015545419,-0.000326197,-0.0076902,0.056840163,-0.016836708,8.812537,20.488031,-15.005464,1.1987858,0.020080756,0.04808454,-0.13113967,-0.20900375,718.1011,-228.32776,-199.10988,428.84375,718.1011,-228.32776,-199.10988,428.84375,1.0,-1.0,-1.0,1.0,33.524375915527344,-0.4,-0.4,0.4
28.316666666666666,20.488333,-15.004808,2.0005002,-0.22729301,0.0021693173,-0.00040365016,0.97382385,-0.0009461867,0.0017117991,0.13974378,0.3111465,0.30945432,-0.22173634,0.002222271,-0.0010881175,0.13973556,0.22660877,-0.045715224,8.845546,20.488035,-15.005416,1.2005004,0.02131019,0.04350831,0.07376599,-0.27457368,54.696056,395.29776,541.95667,-513.1939,54.696056,395.29776,541.95667,-513.1939,1.0,1.0,1.0,-1.0,33.524375915527344,0.4,0.4,-0.4
28.333333333333332,20.488356,-15.004822,2.000782,-0.22697322,0.003000034,-0.00031086427,0.9738963,-0.00080734794,0.0012082619,-0.024037264,-0.11960584,-0.2357521,0.021253819,0.0011144634,-0.0007450232,-0.024043808,-0.06646845,0.020585656,-9.826762,20.488037,-15.005365,1.2007824,0.022812832,0.03893208,0.09015854,-0.27457368,-456.55444,-340.9477,-132.653,554.56055,-456.55444,-340.9477,-132.653,554.56055,-1.0,-1.0,-1.0,1.0,0.0,-0.4,-0.4,0.4
28.349999999999998,20.488413,-15.004833,2.002224,-0.22567242,0.001091445,0.0010241274,0.9742021,-0.0030054827,0.0026554088,0.12339547,0.31655055,0.32771954,-0.22151875,0.0040723127,-0.0007564146,0.12339113,0.17747095,-0.0006834848,8.846096,20.488045,-15.005311,1.2022243,0.026364531,0.03421925,0.21310194,-0.28276986,59.43914,235.3894,552.6358,-586.31866,59.43914,235.3894,552.6358,-586.31866,1.0,1.0,1.0,-1.0,33.524375915527344,0.4,0.4,-0.4
28.366666666666667,20.488466,-15.00484,2.0022335,-0.22535332,0.0017631478,0.0011252346,0.9742749,-0.0026442313,0.0016146863,-0.04038432,-0.11418024,-0.21752122,0.021478195,0.0029664165,-0.00041021564,-0.040392134,-0.06635377,0.020771937,-9.826996,20.488047,-15.005256,1.2022337,0.030052833,0.029779626,0.2212981,-0.26637742,-458.65063,-485.53134,-181.47823,549.6599,-458.65063,-485.53134,-181.47823,549.6599,-1.0,-1.0,-1.0,1.0,0.0,-0.4,-0.4,0.4
28.383333333333333,20.488543,-15.004837,2.0034032,-0.22405382,-0.00030355444,0.0024718828,0.97457355,-0.0044857496,0.0024039962,0.10704143,0.3220078,0.3459348,-0.22129612,0.004903334,0.00029756312,0.107049696,0.11621505,0.042466722,8.84651,20.488056,-15.0051985,1.2034034,0.034833968,0.025886418,0.28686804,-0.23359245,86.07551,57.386494,487.27322,-654.6188,86.07551,57.386494,487.27322,-654.6188,1.0,1.0,1.0,-1.0,33.524375915527344,0.4,0.4,-0.4
28.4,20.48861,-15.004827,2.00314,-0.22373597,0.0002100497,0.0025819102,0.9746463,-0.003789976,0.00079485844,-0.056736816,-0.10870138,-0.19934,0.021710448,0.0037995202,0.0006467536,-0.05673806,-0.06622884,0.020951428,-9.827265,20.488064,-15.005141,1.2031405,0.039068684,0.022539625,0.25408295,-0.20080759,-444.0063,-639.4077,-287.3353,548.8844,-444.0063,-639.4077,-287.3353,548.8844,-1.0,-1.0,-1.0,1.0,0.0,-0.4,-0.4,0.4
28.416666666666668,20.488676,-15.004787,2.004036,-0.22243088,-0.0007828833,-0.0012759569,0.9749473,-0.0051405085,-0.00086305896,0.09057794,-0.5300629,0.35899928,-0.22161847,0.004170662,0.0027502687,0.09059014,0.022268495,0.1262109,8.839691,20.488075,-15.005084,1.2040367,0.043030195,0.021241888,0.23769064,-0.077864185,135.45494,-132.08975,346.361,-715.1891,135.45494,-132.08975,346.361,-715.1891,1.0,-1.0,1.0,-1.0,33.524375915527344,-0.4,0.4,-0.4
28.433333333333334,20.48874,-15.004752,2.0034995,-0.22211482,-3.4373235e-05,-0.0028951254,0.9750161,-0.0040239533,0.00030890875,-0.07308547,-0.102692574,-0.17899674,0.021641213,0.0036716126,0.0018782025,-0.07308054,-0.02994295,-0.052323963,-9.820241,20.488089,-15.005025,1.2035002,0.0467185,0.019534342,0.22129832,-0.10245278,-437.7637,642.0875,-322.8711,645.61255,-437.7637,642.0875,-322.8711,645.61255,-1.0,1.0,-1.0,1.0,0.0,0.4,-0.4,0.4
28.45,20.488821,-15.004749,2.0041244,-0.22080451,-0.0024251794,-0.0015216409,0.97531384,-0.0048065176,0.0022232027,0.0743385,0.33358845,0.3844157,-0.22112887,0.004993634,-0.00023650547,0.07435904,0.07932127,-0.12688248,8.846374,20.488106,-15.004968,1.204125,0.051226426,0.015641134,0.2704755,-0.23359245,228.76547,444.4351,302.07242,-506.02643,228.76547,444.4351,302.07242,-506.02643,1.0,1.0,1.0,-1.0,33.524375915527344,0.4,0.4,-0.4
28.466666666666665,20.488892,-15.004748,2.0033169,-0.22048935,-0.0022433244,-0.0013901324,0.97538584,-0.003120718,0.0017178605,-0.089442395,-0.0970687,-0.16092725,0.021893011,0.0038927488,0.0001224873,-0.08942854,-0.06605309,0.021539565,-9.827254,20.488123,-15.004909,1.2033172,0.055051334,0.011474718,0.22949448,-0.24998493,-334.90167,-255.71672,-480.04114,557.6104,-334.90167,-255.71672,-480.04114,557.6104,-1.0,-1.0,-1.0,1.0,0.0,-0.4,-0.4,0.4
28.483333333333334,20.488955,-15.004763,2.0036693,-0.21917936,-0.0047904183,-3.2741777e-06,0.9756727,-0.0031856545,0.0028770983,0.057984117,0.33923727,0.4024592,-0.22086705,0.003568016,-0.0013603143,0.058017265,-0.01948397,-0.08896809,8.846747,20.488144,-15.004847,1.2036695,0.058056615,0.0060105664,0.18031685,-0.3278491,309.87833,361.69885,103.76221,-582.2657,309.87833,361.69885,103.76221,-582.2657,1.0,1.0,1.0,-1.0,33.524375915527344,0.4,0.4,-0.4
28.5,20.489002,-15.004778,2.0025887,-0.21886545,-0.0047659776,0.00014059905,0.9757434,-0.0008293821,0.0017080102,-0.10579317,-0.091395766,-0.14291434,0.022162749,0.002469863,-0.0009984545,-0.10577667,-0.06588917,0.021711586,-9.827636,20.48817,-15.004783,1.2025893,0.059559263,0.00034150947,0.09015887,-0.34014338,-268.4329,-289.98975,-641.96765,570.9274,-268.4329,-289.98975,-641.96765,570.9274,-1.0,-1.0,-1.0,1.0,0.0,-0.4,-0.4,0.4
28.516666666666666,20.489006,-15.004808,2.0026631,-0.21755421,-0.0008569789,0.002988166,0.9760433,0.0015003333,0.002072223,0.04119687,0.33897245,-0.66269267,-0.22052848,-0.0006007606,-0.00228826,0.041208375,-0.1842374,-0.077388324,8.819102,20.488197,-15.004719,1.2026637,0.057920013,-0.006420378,-0.09835503,-0.40571323,413.42212,276.9991,-194.1807,-638.44196,413.42212,276.9991,-194.1807,-638.44196,1.0,1.0,-1.0,-1.0,33.524375915527344,0.4,-0.4,-0.4
28.53333333333333,20.489004,-15.004835,2.0013082,-0.21723159,0.0012140382,0.0036045085,0.97611266,0.00014698345,0.00022952794,-0.1221325,-0.08850838,-0.12418984,0.021991203,-0.00013397013,-0.0011940346,-0.1221269,0.02800743,0.065653525,-9.800117,20.488228,-15.004661,1.2013088,0.055597752,-0.012499247,-0.1393356,-0.3647321,-275.98175,-620.9008,626.176,309.18213,-275.98175,-620.9008,626.176,309.18213,-1.0,-1.0,1.0,1.0,0.0,-0.4,0.4,0.4
28.55,20.489012,-15.004816,2.0011144,-0.21592781,-0.00045287513,-0.0002163732,0.97640914,-0.001313296,-0.0012619172,0.025193445,-0.5097778,0.43399045,-0.22137702,0.0006387945,0.0016824463,0.025195004,0.046365876,0.17258886,8.839314,20.48826,-15.004601,1.2011147,0.0538219,-0.015436227,-0.10655119,-0.17621882,494.2309,-213.60591,214.91019,-448.67957,494.2309,-213.60591,214.91019,-448.67957,1.0,-1.0,1.0,-1.0,33.524375915527344,-0.4,0.4,-0.4
28.566666666666666,20.48902,-15.004798,1.9994882,-0.21561159,-0.00036182348,-0.0018092062,0.9764774,-0.00025458724,-0.00021803455,-0.13847578,-0.08226678,-0.10403688,0.021831525,0.00012892179,0.0008158445,-0.13847372,-0.03059236,-0.05199611,-9.820123,20.488297,-15.004541,1.1994886,0.05177284,-0.01837321,-0.12294351,-0.17621894,-75.4983,580.4929,-529.7247,672.0829,-75.4983,580.4929,-529.7247,672.0829,-1.0,1.0,-1.0,1.0,0.0,0.4,-0.4,0.4
28.583333333333332,20.489035,-15.004802,1.9990237,-0.21430089,-0.003391099,-0.00038822592,0.9767617,-0.00065777847,0.001029325,0.008967027,0.35415697,0.45933098,-0.22092406,0.00097035716,-0.0006792432,0.008972001,0.05048612,-0.08970526,8.846743,20.488333,-15.004483,1.1990243,0.0502702,-0.022812832,-0.090158425,-0.2663773,661.24316,380.4277,70.10596,-314.51447,661.24316,380.4277,70.10596,-314.51447,1.0,1.0,1.0,-1.0,33.524375915527344,0.4,0.4,-0.4
28.599999999999998,20.48901,-15.004815,2.001009,-0.21398585,-0.003977283,-0.00021873585,0.9768286,0.0014638316,6.8815425e-06,0.15584679,-0.07152457,-0.06717991,0.022149384,-0.0025232302,-0.00095008704,0.15583034,-0.20961523,-0.01625063,8.8115,20.488375,-15.004426,1.2010095,0.045489065,-0.027867174,-0.28686804,-0.30326048,60.632286,-264.43744,-684.04297,576.0327,60.632286,-264.43744,-684.04297,576.0327,1.0,-1.0,-1.0,1.0,33.524375915527344,-0.4,-0.4,0.4
28.616666666666667,20.488958,-15.00484,2.0015602,-0.21564206,-0.0005854069,0.0026503925,0.9764686,0.0035184955,0.00032884418,-0.0078365505,0.35521322,-0.605799,0.26542076,-0.003034859,-0.0018186147,-0.007834651,-0.030697728,-0.052111655,-9.8199,20.488415,-15.004369,1.2015605,0.03893208,-0.03374114,-0.39341903,-0.35243788,-647.87805,350.3704,-308.08545,117.11171,-647.87805,350.3704,-308.08545,117.11171,-1.0,1.0,-1.0,1.0,0.0,0.4,-0.4,0.4
28.633333333333333,20.488916,-15.004859,1.9993882,-0.21630862,0.0009816738,0.003310445,0.9763189,0.0021125758,-0.0012344522,-0.17117196,-0.06958603,-0.065671034,0.02174936,-0.0025192532,-0.00095254136,-0.17116827,0.030936345,0.051964395,-9.800017,20.488459,-15.0043125,1.1993885,0.032784913,-0.039136987,-0.36883008,-0.32375088,-34.098293,-550.5327,517.5157,-3487.3596,-34.098293,-550.5327,517.5157,-3487.3596,-1.0,-1.0,1.0,-1.0,0.0,-0.4,0.4,-0.4
28.65,20.488882,-15.004838,1.9983765,-0.21500434,-0.0011978949,-0.00046068782,0.9766122,0.0010951944,-0.0023420905,-0.02384208,-0.49082237,0.4923673,-0.22164632,-0.0019264426,0.0016993621,-0.023843879,0.035568632,0.1591142,8.839462,20.488503,-15.004259,1.198377,0.027184155,-0.04145925,-0.33604544,-0.13933583,782.3506,-177.11095,33.172,-272.1307,782.3506,-177.11095,33.172,-272.1307,1.0,-1.0,1.0,-1.0,33.524375915527344,-0.4,0.4,-0.4
28.666666666666668,20.488832,-15.00483,1.9998165,-0.2146857,-0.0017401436,-0.0019987398,0.97667956,0.002448897,-0.0016745288,0.12314916,-0.05829286,-0.026710242,0.02154565,-0.0032382954,-7.960982e-05,0.12314229,-0.07871117,-0.10673831,8.81917,20.488548,-15.004211,1.1998167,0.020353964,-0.044327933,-0.40981144,-0.17212091,220.54126,570.23096,-739.95526,681.441,220.54126,570.23096,-739.95526,681.441,1.0,1.0,-1.0,1.0,33.524375915527344,0.4,-0.4,0.4
28.683333333333334,20.488768,-15.004843,1.9998231,-0.21634758,0.0012934135,0.0009041098,0.9763151,0.003680528,-0.00077362114,-0.040532887,0.3684032,-0.56529385,0.26483187,-0.0037493003,-0.0009478609,-0.04052288,-0.030660288,-0.052095063,-9.81991,20.488592,-15.004165,1.1998234,0.012567548,-0.048562653,-0.4671849,-0.2540832,-506.57355,467.87582,-223.72792,131.0103,-506.57355,467.87582,-223.72792,131.0103,-1.0,1.0,-1.0,1.0,0.0,0.4,-0.4,0.4
28.7,20.488716,-15.004835,2.0009894,-0.21701334,0.0023832961,0.0016016908,0.97616434,0.0021695367,-0.001681858,0.10679162,-0.051699556,-0.006201256,0.021187529,-0.0022550898,0.0010486671,0.10679795,0.08965262,0.119791664,8.83925,20.488632,-15.004121,1.2009895,0.0060105664,-0.051158123,-0.39341888,-0.15572815,157.2532,-448.97583,600.8525,-3279.5269,157.2532,-448.97583,600.8525,-3279.5269,1.0,-1.0,1.0,-1.0,33.524375915527344,-0.4,0.4,-0.4
28.716666666666665,20.488682,-15.004803,2.0007281,-0.21866068,-0.00017677883,-0.002140562,0.9757985,0.00077736215,-0.0024677026,-0.056539293,-0.47777128,0.53206897,0.2637361,-0.0017895121,0.0021405418,-0.05652965,0.027934661,0.06551248,-9.799656,20.488678,-15.004077,1.2007288,0.00027320758,-0.051977746,-0.3442415,-0.049177404,-508.47476,-16.158503,94.12893,105.73929,-508.47476,-16.158503,94.12893,105.73929,-1.0,-1.0,1.0,1.0,0.0,-0.4,0.4,0.4
28.733333333333334,20.48865,-15.0048,2.001623,-0.21931927,-0.0010395513,-0.003663782,0.9756456,0.0020128824,-0.00083736127,0.09045482,-0.048302013,0.01077923,0.020656507,-0.0022157126,-0.0007925443,0.09045047,-0.025572026,-0.17598516,8.818807,20.488728,-15.004036,1.2016232,-0.005600755,-0.054709822,-0.35243773,-0.16392453,251.55713,688.629,-762.6513,-1309.8748,251.55713,688.629,-762.6513,-1309.8748,1.0,1.0,-1.0,-1.0,33.524375915527344,0.4,-0.4,-0.4
28.75,20.488607,-15.004824,2.0010846,-0.2209785,0.0016542466,-0.00073479407,0.97527695,0.0029581266,0.0004887434,-0.07322464,0.37838948,-0.5277525,0.26394424,-0.002718602,-0.0016646466,-0.07321663,-0.030173369,-0.052326135,-9.820026,20.488777,-15.003998,1.2010849,-0.012157737,-0.05914945,-0.3934189,-0.26637775,-431.19528,596.30725,-173.35266,122.25,-431.19528,596.30725,-173.35266,122.25,-1.0,1.0,-1.0,1.0,0.0,0.4,-0.4,0.4
28.766666666666666,20.488583,-15.004838,2.0017056,-0.22163877,0.002417622,-2.1031716e-05,0.9751258,0.0013711017,0.00014861219,0.074100636,-0.04188126,0.031263623,0.020292109,-0.0008220673,-0.0006502997,0.07410606,0.113792084,0.06086081,8.83936,20.488821,-15.003961,1.2017063,-0.017075473,-0.06283776,-0.29506415,-0.22129832,265.44366,-304.24478,638.94025,-3161.8103,265.44366,-304.24478,638.94025,-3161.8103,1.0,-1.0,1.0,-1.0,33.524375915527344,-0.4,0.4,-0.4
28.78333333333333,20.488585,-15.00485,2.0009005,-0.22328874,-0.001673723,0.0014541041,0.9747498,0.00035961927,0.00048520288,-0.08910722,0.38974518,0.575521,0.26351488,0.00023606309,-0.0007793591,-0.089105554,0.06348782,-0.0077435616,-9.792696,20.488869,-15.003928,1.2009014,-0.020353964,-0.066047944,-0.1967094,-0.1926112,-398.80664,180.81575,109.34865,96.605545,-398.80664,180.81575,109.34865,96.605545,-1.0,1.0,1.0,1.0,0.0,0.4,0.4,0.4
28.8,20.488552,-15.004853,2.0012512,-0.22394942,-0.0032783153,0.0016676846,0.9745938,0.0019242864,-0.0009098012,0.05777589,-0.039150767,0.05095921,0.020400649,-0.0025407092,8.150012e-05,0.057759173,-0.16660632,0.05165155,8.811883,20.48891,-15.0039015,1.2012521,-0.025681512,-0.0681653,-0.31965292,-0.12704147,364.3393,-431.7688,-829.5538,-196.20343,364.3393,-431.7688,-829.5538,-196.20343,1.0,-1.0,-1.0,-1.0,33.524375915527344,-0.4,-0.4,-0.4
28.816666666666666,20.488504,-15.004864,2.0001683,-0.2255825,-0.00093307934,0.0046126125,0.97421265,0.0030474951,-0.0016146237,-0.105894044,0.38754082,-0.48752958,0.26370138,-0.003034105,-0.0007963937,-0.10590374,-0.02960375,-0.052673627,-9.819774,20.488956,-15.003875,1.2001692,-0.0323751,-0.070829086,-0.4016153,-0.15982701,-292.19885,74.34384,-450.68884,99.38939,-292.19885,74.34384,-450.68884,99.38939,-1.0,1.0,-1.0,1.0,0.0,0.4,-0.4,0.4
28.833333333333332,20.488447,-15.004827,2.0002446,-0.22623551,-0.00051251554,0.0053284294,0.97405785,0.0018850961,-0.00404985,0.04144392,-0.03293991,0.07139553,0.02005298,-0.0036183076,0.0032248169,0.04140123,-0.035052154,0.24127263,8.838298,20.488998,-15.003853,1.2002453,-0.039478496,-0.06973625,-0.42620367,0.06557017,436.85434,-789.3331,310.77502,-3350.43,436.85434,-789.3331,310.77502,-3350.43,1.0,-1.0,1.0,-1.0,33.524375915527344,-0.4,0.4,-0.4
28.849999999999998,20.488369,-15.004769,1.9988873,-0.22786117,0.0029030228,0.0030717119,0.9736844,0.0017904774,-0.005861925,-0.122370735,-0.4641238,-0.47306412,0.2628582,-0.004726231,0.0035647638,-0.12238105,-0.06647541,0.020396816,-9.826936,20.489037,-15.003834,1.1988882,-0.047811333,-0.06700417,-0.4999702,0.16392498,-204.43893,-462.21194,-320.8398,81.3923,-204.43893,-462.21194,-320.8398,81.3923,-1.0,-1.0,-1.0,1.0,0.0,-0.4,-0.4,0.4
28.866666666666667,20.488323,-15.004688,1.9986904,-0.22851242,0.0035808554,0.0020676136,0.9735322,-0.0005926967,-0.0056155315,0.025066119,-0.026324198,0.08906625,0.02014286,-0.0018167318,0.0054346523,0.025047151,0.17456995,0.1121933,8.845692,20.489073,-15.003821,1.1986912,-0.053685293,-0.062086433,-0.35243756,0.29506397,571.3958,367.58743,595.7313,-4650.3013,571.3958,367.58743,595.7313,-4650.3013,1.0,1.0,1.0,-1.0,33.524375915527344,0.4,0.4,-0.4
28.883333333333333,20.488298,-15.004583,1.9970663,-0.2301466,0.0002465145,-0.0016828318,0.9731544,-0.0016556946,-0.005994127,-0.13830325,-0.45266515,0.6271452,0.26266363,-0.0013781711,0.006538047,-0.13828164,0.026313636,0.066203676,-9.799727,20.489109,-15.00381,1.1970671,-0.058056615,-0.055392846,-0.26227933,0.40161517,-80.084274,-268.8234,42.575356,67.48691,-80.084274,-268.8234,42.575356,67.48691,-1.0,-1.0,1.0,1.0,0.0,-0.4,0.4,0.4
28.9,20.488277,-15.004505,1.9965988,-0.23079294,-0.0014177284,-0.0031973587,0.9729966,-0.00030608987,-0.004298481,0.008677453,-0.023368195,0.1059848,0.019537661,-0.001668232,0.0039182715,0.008702469,-0.017403653,-0.15718652,8.819046,20.489145,-15.003799,1.1966,-0.062154736,-0.05054341,-0.24588725,0.29096624,707.9109,575.0807,-911.167,-1163.3186,707.9109,575.0807,-911.167,-1163.3186,1.0,1.0,-1.0,-1.0,33.524375915527344,0.4,-0.4,-0.4
28.916666666666668,20.488241,-15.004476,1.9985815,-0.23243265,0.00029942443,-0.00021490963,0.9726124,0.0017429313,-0.00221981,0.15568526,0.4082148,-0.4135412,0.2628477,-0.0024520266,0.0011485075,0.1556873,-0.04702767,-0.16618584,8.819089,20.489174,-15.003795,1.1985824,-0.06679926,-0.04876756,-0.27867144,0.10655097,99.09083,418.8437,-371.09784,79.89198,99.09083,418.8437,-371.09784,79.89198,1.0,1.0,-1.0,1.0,33.524375915527344,0.4,-0.4,0.4
28.933333333333334,20.488203,-15.004445,1.9991347,-0.23308125,0.0001952751,0.00052276324,0.9724571,0.0008279246,-0.0027106586,-0.007643125,-0.017456472,0.12637895,0.01920755,-0.0019678122,0.0020323496,-0.0076451134,0.029052863,0.053030524,-9.799945,20.489197,-15.00379,1.1991358,-0.07117059,-0.046923406,-0.26227978,0.11064916,-555.04364,-397.68524,385.61453,-2431.9414,-555.04364,-397.68524,385.61453,-2431.9414,-1.0,-1.0,1.0,-1.0,0.0,-0.4,0.4,-0.4
28.95,20.488165,-15.004415,2.000845,-0.23471268,0.0017348108,0.0035147332,0.97205687,0.0019178565,-0.0018590977,0.1393577,0.4141094,-0.39312297,0.26252347,-0.0023147995,0.001844831,0.13935186,-0.020819236,-0.0112511115,8.8198185,20.489218,-15.00379,1.2008457,-0.07540531,-0.04473774,-0.25408295,0.13113989,70.69976,39.155598,-274.27887,68.15948,70.69976,39.155598,-274.27887,68.15948,1.0,1.0,-1.0,1.0,33.524375915527344,0.4,-0.4,0.4
28.966666666666665,20.488134,-15.004372,2.0011258,-0.23535995,0.0014549001,0.004258377,0.97189784,0.00026545092,-0.0034510752,-0.023963833,-0.011660755,0.1467742,0.018888282,-0.001834657,0.0027324017,-0.023987783,0.028808543,0.05325424,-9.800378,20.489239,-15.003789,1.2011268,-0.07909362,-0.04173246,-0.22129877,0.18031685,-562.48315,-745.5318,414.48553,-2470.549,-562.48315,-745.5318,414.48553,-2470.549,-1.0,-1.0,1.0,-1.0,0.0,-0.4,0.4,-0.4
28.983333333333334,20.488098,-15.004287,2.0025618,-0.23697351,0.0041139633,0.0020564317,0.9715052,0.0005302257,-0.0059629106,0.12289306,-0.43811584,-0.37860996,0.261699,-0.0023537662,0.005779676,0.122880414,-0.03114655,0.18283646,8.812092,20.489254,-15.003792,1.2025629,-0.08278192,-0.035448685,-0.22129788,0.37702647,56.66918,-442.28275,-213.24843,45.472485,56.66918,-442.28275,-213.24843,45.472485,1.0,-1.0,-1.0,1.0,33.524375915527344,-0.4,-0.4,0.4
29.0,20.488071,-15.004196,2.0025694,-0.2376143,0.004108624,0.0010784445,0.9713502,-0.001761877,-0.0054195095,-0.040327657,-0.005505413,0.16438228,0.018913912,-0.0012401238,0.005457581,-0.04034194,0.06681854,-0.019325705,-9.793341,20.489265,-15.0037985,1.2025708,-0.085514,-0.02848189,-0.16392498,0.41800773,-571.7201,363.66666,593.42834,-3793.4084,-571.7201,363.66666,593.42834,-3793.4084,-1.0,1.0,1.0,-1.0,0.0,0.4,0.4,-0.4
29.016666666666666,20.488085,-15.00408,2.003738,-0.23923066,0.00047891244,-0.002577805,0.9709592,-0.004497288,-0.006494443,0.10691742,-0.4275062,0.6483407,0.26145697,0.0011967334,0.00732957,0.10695131,0.14621143,0.11231934,8.837595,20.489273,-15.003806,1.2037392,-0.08510419,-0.019602643,0.024588702,0.5327547,99.34866,-248.83165,0.8652959,35.470455,99.34866,-248.83165,0.8652959,35.470455,1.0,-1.0,0.8652959,1.0,33.524375915527344,-0.4,0.34611836,0.4
29.03333333333333,20.4881,-15.003972,2.0034747,-0.23986365,-0.0012722937,-0.0039478284,0.9707977,-0.003333035,-0.0047423895,-0.056769762,-0.003053613,0.10846205,0.018352421,0.00077355205,0.0062185554,-0.056719806,-0.025390882,-0.06666088,-9.820267,20.489279,-15.003814,1.2034756,-0.08442117,-0.011338114,0.04098102,0.49587175,-496.5321,558.7942,-828.0735,-594.1218,-496.5321,558.7942,-828.0735,-594.1218,-1.0,1.0,-1.0,-1.0,0.0,0.4,-0.4,-0.4
29.05,20.488106,-15.003909,2.0043666,-0.24149175,0.00035466402,-0.00078955566,0.9704024,-0.0015719793,-0.0027024094,0.090258434,0.42862344,-0.41098064,0.2616431,0.00021858943,0.0030011276,0.09026242,-0.033297755,-0.19304566,8.818933,20.489277,-15.00382,1.2043678,-0.08387475,-0.006352076,0.03278553,0.29916227,179.43237,353.04404,-319.37036,5.2607503,179.43237,353.04404,-319.37036,5.2607503,1.0,1.0,-1.0,1.0,33.524375915527344,0.4,-0.4,0.4
29.066666666666666,20.488113,-15.003848,2.003829,-0.24212934,0.00018226496,0.00010621818,0.9702439,-0.0024649287,-0.003123181,-0.073068395,0.002821833,0.12889168,0.017995596,0.000686399,0.0038936138,-0.07306975,0.028068572,0.05354917,-9.79993,20.489273,-15.003829,1.2038302,-0.08305513,-0.0013660379,0.049176957,0.29916227,-468.72623,-493.03818,437.9272,-2564.9622,-468.72623,-493.03818,437.9272,-2564.9622,-1.0,-1.0,1.0,-1.0,0.0,-0.4,0.4,-0.4
29.083333333333332,20.488113,-15.003784,2.0044475,-0.24079849,0.002962838,-0.0019271643,0.97056866,-0.0015339891,-0.0038185597,0.07380062,-0.42439225,-0.39579964,-0.2251468,6.417307e-05,0.0039219665,0.073811114,-0.03733355,0.001701163,8.812852,20.48926,-15.003839,1.2044485,-0.0820989,0.0038932078,0.05737379,0.3155547,214.68468,-68.10691,-227.1465,-12.036768,214.68468,-68.10691,-227.1465,-12.036768,1.0,-1.0,-1.0,-1.0,33.524375915527344,-0.4,-0.4,-0.4
29.099999999999998,20.488134,-15.003721,2.0036373,-0.2404517,0.0030609756,-0.0027687328,0.9706522,-0.0031998307,-0.0022477526,-0.089416005,0.0069892853,0.14904463,0.018336616,0.0011301787,0.00383049,-0.089412324,0.06396033,-0.0054885955,-9.7934065,20.489258,-15.003848,1.2036382,-0.080459654,0.009084152,0.09835481,0.31145665,-443.02145,688.0424,532.8623,354.31833,-443.02145,688.0424,532.8623,354.31833,-1.0,1.0,1.0,1.0,0.0,0.4,0.4,0.4
29.116666666666667,20.488201,-15.003679,2.0039902,-0.23911841,-0.0022231024,-0.0012036152,0.97098714,-0.0048645595,-0.00020855851,0.058003932,0.44372424,0.7114266,-0.22439662,0.003994349,0.0022463517,0.05802726,0.17185022,-0.09504829,8.8463745,20.489248,-15.003858,1.2039909,-0.074995495,0.012772454,0.3278495,0.2212981,305.89365,189.11581,28.327011,-13.973096,305.89365,189.11581,28.327011,-13.973096,1.0,1.0,1.0,-1.0,33.524375915527344,0.4,0.4,-0.4
29.133333333333333,20.488255,-15.003637,2.00291,-0.2387744,-0.0049101096,-0.00082389585,0.97106224,-0.002690107,-0.001013156,-0.10578925,0.013687007,0.16613692,0.018911479,0.002880584,0.0025624202,-0.105758056,-0.0668259,0.01896411,-9.827118,20.489231,-15.003864,1.2029105,-0.069941156,0.01625585,0.30326036,0.20900375,-278.06107,-381.0168,-704.8425,561.1759,-278.06107,-381.0168,-704.8425,561.1759,-1.0,-1.0,-1.0,1.0,0.0,-0.4,-0.4,0.4
29.15,20.48826,-15.003622,2.0029845,-0.23744023,-0.0037695935,0.0023397412,0.971392,-5.327724e-05,-0.00041612372,0.041221987,0.4445427,-0.35359532,-0.22376274,-0.00049237127,0.00050736376,0.04121806,-0.2023773,-0.123303376,8.818566,20.48921,-15.00387,1.202985,-0.068028696,0.017758492,0.11474758,0.09015854,400.52658,129.68018,-644.14014,-18.621534,400.52658,129.68018,-644.14014,-18.621534,1.0,1.0,-1.0,-1.0,33.524375915527344,0.4,-0.4,-0.4
29.166666666666668,20.488256,-15.0036,2.0016298,-0.23709917,-0.0044158725,0.0032456378,0.97146994,0.00017851207,-0.0024956088,-0.122100644,0.01751639,0.18388453,0.018853394,-7.2495706e-05,0.0016184323,-0.12211553,0.02519253,0.06666411,-9.800015,20.489185,-15.003876,1.2016306,-0.066526055,0.019739248,0.090158425,0.11884532,-233.16193,-751.6207,39.852943,363.24683,-233.16193,-751.6207,39.852943,363.24683,-1.0,-1.0,1.0,1.0,0.0,-0.4,0.4,0.4
29.183333333333334,20.4882,-15.003557,2.0014303,-0.23577997,-0.002123159,0.0012014508,0.9718033,0.0022730343,-0.004401127,0.024760624,-0.4097358,-0.34094423,-0.22430581,-0.0041533485,0.0029031471,0.024737554,-0.24485117,0.07708288,8.811185,20.489153,-15.00388,1.2014309,-0.06830191,0.02308604,-0.10655119,0.20080748,489.1621,-272.13867,-674.97974,-19.95767,489.1621,-272.13867,-674.97974,-19.95767,1.0,-1.0,-1.0,-1.0,33.524375915527344,-0.4,-0.4,-0.4
29.2,20.488142,-15.003511,1.9998022,-0.2354443,-0.0025036398,0.0003704522,0.9718844,0.0021168143,-0.004168357,-0.13845749,0.021853924,0.20387717,0.019141158,-0.0030917847,0.0028009894,-0.13847357,0.06369383,-0.006129462,-9.792666,20.489122,-15.003885,1.1998032,-0.07021437,0.026774343,-0.11474758,0.22129822,-157.93695,504.11227,58.37589,361.11536,-157.93695,504.11227,58.37589,361.11536,-1.0,1.0,1.0,1.0,0.0,0.4,0.4,0.4
29.216666666666665,20.488054,-15.003463,1.9993306,-0.23707879,-0.0003785193,-0.001666062,0.97148883,0.0036795228,-0.005076216,0.008388122,-0.4047283,-0.32149142,0.26191938,-0.0056037502,0.002781972,0.008397981,-0.15071793,-0.0011410423,8.812293,20.489082,-15.003885,1.1993315,-0.07362946,0.03025774,-0.20490555,0.20900375,645.69495,-15.522373,-675.24677,9.90424,645.69495,-15.522373,-675.24677,9.90424,1.0,-1.0,-1.0,1.0,33.524375915527344,-0.4,-0.4,0.4
29.233333333333334,20.487978,-15.003421,1.9974306,-0.23772354,-0.00091415603,-0.0024845882,0.9713292,0.003307484,-0.0035743322,-0.15482791,0.027755916,0.22147392,0.01909993,-0.004492288,0.0024574688,-0.15481982,0.06668773,-0.019470196,-9.793067,20.48905,-15.003885,1.1974314,-0.07677135,0.033263024,-0.18851323,0.18031707,-38.513004,724.37616,182.76968,-3858.4893,-38.513004,724.37616,182.76968,-3858.4893,-1.0,1.0,1.0,-1.0,0.0,0.4,0.4,-0.4
29.25,20.487892,-15.003411,1.9966878,-0.2393536,-0.00025344195,0.0006948316,0.9709321,0.0045338725,-0.0025899617,-0.007825657,0.459296,-0.2979229,0.26243025,-0.0052117193,0.0001762807,-0.00783018,-0.043165877,-0.13687128,8.819378,20.489006,-15.003886,1.1966888,-0.07977664,0.034014344,-0.1803173,0.045079213,792.50037,288.33524,-584.946,17.427412,792.50037,288.33524,-584.946,17.427412,1.0,1.0,-1.0,1.0,33.524375915527344,0.4,-0.4,0.4
29.266666666666666,20.487808,-15.00339,1.9983989,-0.2399986,-0.0015188248,0.0016127367,0.97077066,0.0033770734,-0.0034053142,0.13951556,0.03800568,0.2606699,0.018826285,-0.005094185,0.0017745259,0.1394937,0.007052058,0.0958947,8.839432,20.488956,-15.003882,1.1984,-0.08223551,0.03524378,-0.14753221,0.073766105,124.37416,-582.74176,104.72253,-2436.1133,124.37416,-582.74176,104.72253,-2436.1133,1.0,-1.0,1.0,-1.0,33.524375915527344,-0.4,0.4,-0.4
29.28333333333333,20.487705,-15.003356,1.9986767,-0.24162489,0.00024735744,-0.00040018803,0.9703696,0.0044990103,-0.0047338097,-0.024295297,-0.39355627,-0.2834335,0.2615904,-0.006209873,0.0020873034,-0.024289753,-0.06694128,0.018766655,-9.827007,20.488903,-15.003876,1.1986777,-0.08578721,0.037224535,-0.21310194,0.11884532,-488.09286,-96.63606,-640.7414,194.57372,-488.09286,-96.63606,-640.7414,194.57372,-1.0,-1.0,-1.0,1.0,0.0,-0.4,-0.4,0.4
29.3,20.48762,-15.003329,2.000115,-0.24226636,-0.00073444523,-0.0012075257,0.97020864,0.0032753525,-0.0036530942,0.12315064,0.043698296,0.27824062,0.01875566,-0.004711641,0.0013521514,0.123150826,0.08989392,-0.04410912,8.846435,20.488846,-15.003867,1.2001159,-0.087836266,0.03852227,-0.12294351,0.07786407,127.79715,643.9503,152.37842,-3818.146,127.79715,643.9503,152.37842,-3818.146,1.0,1.0,1.0,-1.0,33.524375915527344,0.4,0.4,-0.4
29.316666666666666,20.487534,-15.00332,2.0001216,-0.24388975,-0.0004562823,0.001987411,0.9698008,0.0043365136,-0.0030168402,-0.040501293,0.47029477,-0.25994787,0.2620979,-0.005172623,0.00045941866,-0.040512893,-0.02765891,-0.053563964,-9.819822,20.488787,-15.00386,1.2001228,-0.089748725,0.038727175,-0.11474758,0.012294351,-465.54544,163.84137,-600.517,190.36917,-465.54544,163.84137,-600.517,190.36917,-1.0,1.0,-1.0,1.0,0.0,0.4,-0.4,0.4
29.333333333333332,20.487452,-15.003282,2.001288,-0.24453337,-0.0020536454,0.00291023,0.9696343,0.0031838259,-0.0043659266,0.10684616,0.048806578,0.29858792,0.018516298,-0.005450972,0.0028295554,0.10680628,-0.016700942,0.1422082,8.839149,20.48873,-15.003847,1.2012893,-0.09152458,0.040503025,-0.10655119,0.10655097,166.70729,-731.2806,20.8601,-2425.6045,166.70729,-731.2806,20.8601,-2425.6045,1.0,-1.0,1.0,-1.0,33.524375915527344,-0.4,0.4,-0.4
29.349999999999998,20.487347,-15.003231,2.001021,-0.24615596,-0.00060469046,0.00091608247,0.9692295,0.004319613,-0.006004649,-0.05696441,-0.38280174,-0.24542612,0.26127735,-0.006568867,0.0031315985,-0.05697984,-0.06707369,0.018122582,-9.827167,20.488663,-15.003836,1.2010226,-0.094256654,0.043303404,-0.16392453,0.16802272,-467.4072,-252.52275,-699.7299,176.00616,-467.4072,-252.52275,-699.7299,176.00616,-1.0,-1.0,-1.0,1.0,0.0,-0.4,-0.4,0.4
29.366666666666667,20.487244,-15.003178,2.001914,-0.246796,-0.0016857415,0.00016869334,0.96906596,0.0034166793,-0.0054115662,0.09046585,0.05414149,0.27914244,0.018432146,-0.005892029,0.0030723729,0.09044818,0.04061026,-0.0035535356,8.845681,20.488588,-15.003819,1.2019154,-0.09630571,0.045967177,-0.12294351,0.15982634,215.35587,502.92102,0.9316186,-3836.0298,215.35587,502.92102,0.9316186,-3836.0298,1.0,1.0,0.9316186,-1.0,33.524375915527344,0.4,0.37264743,-0.4
29.383333333333333,20.487125,-15.003122,2.001374,-0.24841788,-9.1405745e-05,-0.0017390554,0.9686513,0.0046005975,-0.006085372,-0.073349975,-0.37744036,-0.26479793,0.26119867,-0.007011821,0.003370629,-0.07333409,-0.06718752,0.017895361,-9.826936,20.488508,-15.003803,1.2013755,-0.09903779,0.04876756,-0.16392453,0.16802295,-411.5806,-16.747696,-712.6346,162.78635,-411.5806,-16.747696,-712.6346,162.78635,-1.0,-1.0,-1.0,1.0,0.0,-0.4,-0.4,0.4
29.4,20.487028,-15.003084,2.0019946,-0.24905317,-0.0012515225,-0.0024616937,0.9684859,0.003725214,-0.004518657,0.07409924,0.05973375,0.2967211,0.018352289,-0.0055317082,0.0017614717,0.07410324,0.08880676,-0.09654943,8.84624,20.488428,-15.003782,1.2019964,-0.10026723,0.04999699,-0.07376655,0.07376588,279.2054,696.13,79.12304,-3825.7314,279.2054,696.13,79.12304,-3825.7314,1.0,1.0,1.0,-1.0,33.524375915527344,0.4,0.4,-0.4
29.416666666666668,20.48693,-15.003067,2.0011842,-0.2506696,-0.001180519,0.0008278103,0.9680715,0.0049771257,-0.0038533104,-0.089544944,0.48638362,-0.24140881,0.26169997,-0.005979934,0.0008629651,-0.08956234,-0.02689353,-0.053910393,-9.819935,20.488346,-15.003763,1.2011858,-0.10136006,0.049860388,-0.06556972,-0.008196159,-339.34366,263.92273,-695.0649,156.90701,-339.34366,263.92273,-695.0649,156.90701,-1.0,1.0,-1.0,1.0,0.0,0.4,-0.4,0.4
29.433333333333334,20.48681,-15.00304,2.0015278,-0.2512944,0.003582598,0.0034978618,0.96789765,0.0060796076,-0.0050046043,0.057296604,0.060079575,-0.76448405,0.018103167,-0.007449617,0.0019062402,0.057321705,-0.088181,0.0625965,8.813043,20.488255,-15.003738,1.2015293,-0.10340912,0.04999699,-0.12294351,0.008196159,357.74905,-650.0749,-78.46087,-2440.9683,357.74905,-650.0749,-78.46087,-2440.9683,1.0,-1.0,-1.0,-1.0,33.524375915527344,-0.4,-0.4,-0.4
29.45,20.486692,-15.002998,2.0004416,-0.24994615,0.0070272866,0.0021610614,0.96823174,0.003208219,-0.005921034,-0.10607319,-0.36703902,-0.22559503,-0.22521436,-0.0070019416,0.0028119308,-0.10601858,0.026860533,0.05434143,-9.800417,20.48816,-15.003715,1.2004435,-0.10504837,0.05129473,-0.098355256,0.0778643,-329.91873,-442.01166,796.582,-1982.0807,-329.91873,-442.01166,796.582,-1982.0807,-1.0,-1.0,1.0,-1.0,0.0,-0.4,0.4,-0.4
29.466666666666665,20.486639,-15.002922,2.000517,-0.24960259,0.005520805,0.0014354453,0.9683315,-0.00039611338,-0.0052569103,0.041386444,0.06976844,0.33749592,0.018180681,-0.0017816769,0.0050224513,0.041379105,0.31321585,0.13263121,8.843861,20.488058,-15.003687,1.2005188,-0.10163327,0.05477813,0.204906,0.20900397,448.41333,197.25673,575.38855,298.06387,448.41333,197.25673,575.38855,298.06387,1.0,1.0,1.0,1.0,33.524375915527344,0.4,0.4,0.4
29.483333333333334,20.486599,-15.002835,1.9991595,-0.25120547,0.006619406,-0.00047547184,0.96791095,-0.001583212,-0.0055365944,-0.12240543,-0.3619081,-0.20638525,0.26095873,-0.0029068363,0.005313324,-0.122391045,-0.06750956,0.017452352,-9.826209,20.487959,-15.003657,1.1991613,-0.09739854,0.058876246,0.25408384,0.24588703,-188.239,-371.7197,-116.187164,104.93598,-188.239,-371.7197,-116.187164,104.93598,-1.0,-1.0,-1.0,1.0,0.0,-0.4,-0.4,0.4
29.5,20.48662,-15.002741,1.9989623,-0.2518374,0.004959712,-0.001204217,0.9677561,-0.0046882755,-0.0037670098,0.025035758,0.07507807,0.35507676,0.018090611,0.002512757,0.0055786474,0.025010481,0.32517558,0.015919413,8.844091,20.487852,-15.003624,1.1989638,-0.08824608,0.06324757,0.54914784,0.26227933,544.31665,421.48526,662.7354,-3630.0996,544.31665,421.48526,662.7354,-3630.0996,1.0,1.0,1.0,-1.0,33.524375915527344,0.4,0.4,-0.4
29.516666666666666,20.486647,-15.0026455,1.9973319,-0.25344148,0.00590512,-0.0031058106,0.96732765,-0.005451516,-0.0031838124,-0.13874528,-0.35662022,-0.18876019,0.260883,0.0013863269,0.0058663236,-0.13875796,-0.0675858,0.017260574,-9.826106,20.48774,-15.003591,1.1973332,-0.078274,0.06768719,0.5983248,0.2663773,-54.859055,-152.48244,-36.981663,71.77549,-54.859055,-152.48244,-36.981663,71.77549,-1.0,-1.0,-1.0,1.0,0.0,-0.4,-0.4,0.4
29.53333333333333,20.486744,-15.002564,1.9968617,-0.25406733,0.004092317,-0.0038326806,0.96717024,-0.007983433,-0.0005635312,0.008683872,0.08030595,0.37262955,0.018003536,0.006761224,0.004368172,0.008641028,0.32249382,-0.08988909,8.843939,20.487627,-15.00355,1.196863,-0.06324757,0.07055587,0.90158564,0.17212091,654.0499,647.6262,684.67676,-3594.5974,654.0499,647.6262,684.67676,-3594.5974,1.0,1.0,1.0,-1.0,33.524375915527344,0.4,0.4,-0.4
29.55,20.486902,-15.002518,1.9988483,-0.25566357,-0.0031770817,-0.0022349937,0.9667579,-0.011144596,0.0024091601,0.15601066,0.51643,0.93464875,0.2613648,0.010098349,0.0024871298,0.15608065,0.20022751,-0.11286253,8.846376,20.487501,-15.003508,1.1988492,-0.042893592,0.070897385,1.2212385,0.020490734,91.80514,118.52564,26.748158,37.33974,91.80514,118.52564,26.748158,37.33974,1.0,1.0,1.0,1.0,33.524375915527344,0.4,0.4,0.4
29.566666666666666,20.487055,-15.002472,1.999402,-0.25922045,-0.007842208,-0.0018176254,0.9657846,-0.009034905,0.0020816154,-0.007847444,0.0805625,0.39250535,0.5042816,0.0089733945,0.002781145,-0.0076999,-0.06749728,0.017640917,-9.826833,20.487371,-15.003461,1.1994029,-0.022676228,0.070829086,1.2130418,-0.004097968,-373.37482,-396.2909,-884.6557,27.201237,-373.37482,-396.2909,-884.6557,27.201237,-1.0,-1.0,-1.0,1.0,0.0,-0.4,-0.4,0.4
29.583333333333332,20.487198,-15.0024395,1.9972278,-0.26178426,-0.008625786,0.0014343477,0.9650868,-0.0055391192,0.0016695634,-0.1714997,0.5049038,-0.14458449,0.26153815,0.0086068,0.0016579921,-0.17137325,-0.021995677,-0.06738917,-9.8204,20.487242,-15.003414,1.1972286,-0.003141887,0.06980456,1.1720604,-0.061471757,-36.60167,203.25586,-879.8434,-3467.2231,-36.60167,203.25586,-879.8434,-3467.2231,-1.0,1.0,-1.0,-1.0,0.0,0.4,-0.4,-0.4
29.599999999999998,20.487267,-15.002415,1.9962069,-0.26239365,-0.0047127297,0.0040990883,0.9649406,-0.0026126567,-0.0006413057,-0.024559926,0.07829499,-0.6675303,0.018003877,0.0022042557,0.0017425509,-0.024546528,-0.38415262,0.0050735236,8.809603,20.487122,-15.003364,1.1962076,0.010381888,0.0679604,0.8114264,-0.11064961,765.21063,-748.95215,-379.35956,-2714.2021,765.21063,-748.95215,-379.35956,-2714.2021,1.0,-1.0,-1.0,-1.0,33.524375915527344,-0.4,-0.4,-0.4
29.616666666666667,20.487268,-15.002353,1.9976391,-0.2610683,-0.0021916528,0.0027227693,0.965314,-0.0022363006,-0.0033493317,0.12277701,-0.34402388,-0.110120416,-0.2253233,-0.00045071758,0.004524802,0.12275885,-0.15929839,0.16693506,8.838323,20.486996,-15.003307,1.1976397,0.019534342,0.06837021,0.54914725,0.024588702,228.91283,-514.4022,456.19006,-2333.6104,228.91283,-514.4022,456.19006,-2333.6104,1.0,-1.0,1.0,-1.0,33.524375915527344,-0.4,0.4,-0.4
29.633333333333333,20.487253,-15.002289,1.9976395,-0.2607134,0.0019868175,0.0036434326,0.96540725,-0.0012931608,-0.0038117517,-0.040866528,0.08256143,-0.6474385,0.018239334,-0.0008806298,0.0036145905,-0.040895402,-0.025794733,-0.054612678,-9.819255,20.48687,-15.003248,1.1976402,0.027457362,0.06871172,0.47538117,0.020490734,-423.6386,173.51692,-50.43486,412.1578,-423.6386,173.51692,-50.43486,412.1578,-1.0,1.0,-1.0,1.0,0.0,0.4,-0.4,0.4
29.65,20.487255,-15.002185,1.9987991,-0.25937805,0.0043351324,0.0022629006,0.96576345,-0.0032326959,-0.00567931,0.10645613,-0.3397104,-0.09002131,-0.22507954,0.0007186154,0.007239293,0.10640813,0.09595471,0.21748213,8.838211,20.486748,-15.003184,1.1988001,0.036336612,0.0715804,0.53275496,0.17212091,238.81679,-599.45197,795.0045,-1988.5854,238.81679,-599.45197,795.0045,-1988.5854,1.0,-1.0,1.0,-1.0,33.524375915527344,-0.4,0.4,-0.4
29.666666666666668,20.48728,-15.002063,1.9985323,-0.2590391,0.0018089107,0.0014522794,0.965864,-0.0053843386,-0.005437269,-0.05678128,0.09248665,0.45386294,0.01824923,0.0017852206,0.0071893027,-0.056813695,0.0639963,-0.002999408,-9.793309,20.486626,-15.003117,1.1985334,0.046855103,0.075473614,0.6311094,0.23359267,-417.98386,17.057802,439.02252,393.32196,-417.98386,17.057802,439.02252,393.32196,-1.0,1.0,1.0,1.0,0.0,0.4,0.4,0.4
29.683333333333334,20.487305,-15.001926,1.9994212,-0.26064873,0.0018189712,-0.0005112272,0.9654318,-0.0051611047,-0.006711294,0.09006921,-0.33441845,-0.07113919,0.26103437,0.0014225174,0.008393365,0.09006481,-0.021762192,0.07224373,8.81271,20.486507,-15.003046,1.1994224,0.05710039,0.08018645,0.6147171,0.28277007,312.46548,-495.85834,-432.6982,40.932423,312.46548,-495.85834,-432.6982,40.932423,1.0,-1.0,-1.0,1.0,33.524375915527344,-0.4,-0.4,0.4
29.7,20.487345,-15.001786,1.9988823,-0.26127917,-0.0008571733,-0.001327599,0.9652619,-0.006125144,-0.0055749286,-0.07318108,0.09714925,0.47128454,0.01811333,0.0025471386,0.008123632,-0.07315454,0.06747727,-0.016184002,-9.79316,20.486391,-15.002971,1.1988839,0.06830191,0.084830984,0.6720911,0.2786721,-372.47217,317.84497,254.8382,-2994.6584,-372.47217,317.84497,254.8382,-2994.6584,-1.0,1.0,1.0,-1.0,0.0,0.4,0.4,-0.4
29.716666666666665,20.487364,-15.001665,1.9994987,-0.26289013,-0.0009976849,-0.0032870376,0.9648196,-0.0047058966,-0.0060830596,0.07367085,-0.32975733,-0.053704232,0.26089033,0.00095504575,0.007123382,0.0737217,-0.09552557,-0.06001498,8.812574,20.486275,-15.002895,1.1995007,0.07800079,0.08810948,0.5819329,0.19670962,391.51675,-194.4362,-635.98553,37.713696,391.51675,-194.4362,-635.98553,37.713696,1.0,-1.0,-1.0,1.0,33.524375915527344,-0.4,-0.4,0.4
29.733333333333334,20.487392,-15.001549,1.9986875,-0.26351094,-0.0038239118,-0.0041090185,0.9646401,-0.004422242,-0.004318153,-0.08956832,0.10173687,0.48866636,0.017961564,0.0020793602,0.0068569416,-0.08949494,0.06745887,-0.015986413,-9.792998,20.486166,-15.002813,1.1986896,0.087836266,0.09056835,0.5901284,0.14753221,-313.38046,625.4469,8.867704,-2964.324,-313.38046,625.4469,8.867704,-2964.324,-1.0,1.0,1.0,-1.0,0.0,0.4,0.4,-0.4
29.75,20.48739,-15.001484,1.9990329,-0.26510173,-0.0055600945,-0.00089917704,0.96420395,-0.0016978893,-0.0027000853,0.05746143,0.5332387,-0.030820668,0.26136476,-0.0005099582,0.0029195163,0.05747352,-0.1553591,-0.2362455,8.818108,20.486057,-15.002727,1.1990348,0.09548609,0.0889974,0.4589894,-0.09425684,470.9323,191.16019,-864.79144,47.408676,470.9323,191.16019,-864.79144,47.408676,1.0,1.0,-1.0,1.0,33.524375915527344,0.4,-0.4,0.4
29.766666666666666,20.48737,-15.001434,1.9979436,-0.26572388,-0.0025145155,0.0017516187,0.9640443,0.00024964917,-0.0038457355,-0.10629284,0.101371944,-0.5722647,0.017904665,-0.0015704015,0.002957779,-0.10630995,-0.06362659,0.0022957611,-9.827008,20.485954,-15.002638,1.1979458,0.10136006,0.08619702,0.3524382,-0.16802295,-184.5598,-625.23346,-476.2226,-1640.8823,-184.5598,-625.23346,-476.2226,-1640.8823,-1.0,-1.0,-1.0,-1.0,0.0,-0.4,-0.4,-0.4
29.78333333333333,20.487328,-15.001364,1.998013,-0.26440144,-0.0008013292,0.0003614799,0.96441233,-0.00016038679,-0.005239765,0.041015897,-0.32095385,-0.015031606,-0.22544575,-0.0026054666,0.004600171,0.04101018,-0.062103905,0.09854352,8.839207,20.485859,-15.002542,1.1980153,0.10518497,0.08435287,0.2294947,-0.110648714,573.8844,-399.7586,345.60605,-1924.1083,573.8844,-399.7586,345.60605,-1924.1083,1.0,-1.0,1.0,-1.0,33.524375915527344,-0.4,0.4,-0.4
29.8,20.48728,-15.001297,1.9966512,-0.26405573,0.0025590044,0.0012752838,0.96450317,3.9980747e-05,-0.0048513636,-0.12264452,0.10594845,-0.55243385,0.01806107,-0.003028367,0.0036870015,-0.12264767,-0.025374018,-0.054790165,-9.81947,20.48577,-15.002442,1.1966536,0.10819026,0.0820306,0.1803173,-0.13933627,-80.77773,342.60013,-174.5657,418.87085,-80.77773,342.60013,-174.5657,418.87085,-1.0,1.0,-1.0,1.0,0.0,0.4,-0.4,0.4
29.816666666666666,20.487253,-15.001209,1.9964483,-0.26272586,0.004101241,-0.00011751001,0.9648618,-0.002081899,-0.0055580684,0.024666851,-0.31633502,0.004794419,-0.22528471,-0.0008267037,0.0058938423,0.02466291,0.13209979,0.13241044,8.8386345,20.485682,-15.002341,1.1964507,0.11256158,0.08107437,0.26227933,-0.05737379,669.2357,-453.59854,677.55316,-1661.5571,669.2357,-453.59854,677.55316,-1661.5571,1.0,-1.0,1.0,-1.0,33.524375915527344,-0.4,0.4,-0.4
29.833333333333332,20.487284,-15.001107,1.998702,-0.26237905,0.0006467063,-0.0009548392,0.9649641,-0.0051980764,-0.0043831803,0.1720864,0.12102631,0.5670614,0.018002586,0.0025638603,0.0061531304,0.17209163,0.20343383,0.015557286,8.845723,20.485607,-15.002232,1.1987047,0.12007482,0.08052796,0.45079437,-0.032784637,15.445052,266.85703,237.11867,395.58948,15.445052,266.85703,237.11867,395.58948,1.0,1.0,1.0,1.0,33.524375915527344,0.4,0.4,0.4
29.849999999999998,20.48731,-15.001001,1.9995233,-0.26398575,-0.0001926124,-0.0029337658,0.96452206,-0.0045188465,-0.004839476,0.008279526,-0.3109234,0.023462445,0.26078206,0.0014343098,0.006418357,0.008314957,-0.06777303,0.015913602,-9.8266,20.485535,-15.00212,1.1995262,0.12717824,0.08011815,0.42620477,-0.024588702,-524.0132,-198.48938,-619.55975,221.20993,-524.0132,-198.48938,-619.55975,221.20993,-1.0,-1.0,-1.0,1.0,0.0,-0.4,-0.4,0.4
29.866666666666667,20.487333,-15.000909,1.9976162,-0.2646267,0.002844125,-0.0020215048,0.9643446,-0.004305459,-0.003157286,-0.15535127,0.115952075,-0.5152348,0.017981932,0.0010726248,0.0052843965,-0.15534943,-0.021701096,-0.06803764,-9.819862,20.485466,-15.002008,1.1976192,0.13373522,0.07875211,0.39341924,-0.08196249,-31.706099,603.2548,-38.736935,-2780.7097,-31.706099,603.2548,-38.736935,-2780.7097,-1.0,1.0,-1.0,-1.0,0.0,0.4,-0.4,-0.4
29.883333333333333,20.487387,-15.000819,1.9968685,-0.26329932,0.0040710154,-0.0034146602,0.9646995,-0.0062359828,-0.002623681,-0.0080229845,-0.3063117,0.041922018,-0.22536562,0.003960912,0.005463609,-0.008037389,0.17329724,0.0107527515,8.838722,20.485405,-15.001891,1.1968715,0.14193147,0.07677135,0.49177495,-0.118845545,771.26776,-199.50711,772.28656,-1493.6631,771.26776,-199.50711,772.28656,-1493.6631,1.0,-1.0,1.0,-1.0,33.524375915527344,-0.4,0.4,-0.4
29.9,20.487503,-15.00075,1.9985772,-0.26293874,0.00029773984,-0.004254242,0.9648031,-0.008833731,-0.00032625487,0.13936943,0.1311605,0.60407454,0.017908124,0.007838596,0.0036408426,0.13938178,0.232661,-0.10936598,8.84515,20.485355,-15.001767,1.1985807,0.15381604,0.07287814,0.71307415,-0.23359267,156.35635,573.5604,345.1093,370.53445,156.35635,573.5604,345.1093,370.53445,1.0,1.0,1.0,1.0,33.524375915527344,0.4,0.4,0.4
29.916666666666668,20.487625,-15.000702,1.9988545,-0.2645398,-0.00230883,-0.0010659682,0.9643714,-0.0076497975,0.0014531361,-0.024319006,0.5576081,0.06597632,0.26137134,0.0074150516,0.002733072,-0.024281524,-0.025412643,-0.054466233,-9.8197975,20.485306,-15.001643,1.1988586,0.16611043,0.06741398,0.73766285,-0.3278495,-408.812,117.659805,-551.68915,196.56583,-408.812,117.659805,-551.68915,196.56583,-1.0,1.0,-1.0,1.0,0.0,0.4,-0.4,0.4
29.933333333333334,20.48772,-15.000662,2.0002856,-0.26516837,-0.0002132468,0.0015596435,0.9642008,-0.0054483246,0.0010528218,0.12259449,0.13030225,-0.4568237,0.017993458,0.0050686793,0.002236104,0.12259491,-0.14078233,-0.029818075,8.812585,20.48527,-15.00151,1.20029,0.17553614,0.060720395,0.5655428,-0.40161496,178.06456,-725.3112,-166.30864,-1365.3458,178.06456,-725.3112,-166.30864,-1365.3458,1.0,-1.0,-1.0,-1.0,33.524375915527344,-0.4,-0.4,-0.4
29.95,20.487814,-15.000615,2.000287,-0.26384434,0.0006296405,0.00015041938,0.96456504,-0.0063819704,8.326955e-05,-0.04073482,-0.2968911,0.08164281,-0.22536236,0.005489556,0.0031513278,-0.04074305,0.025252605,0.05491342,-9.800277,20.485243,-15.001378,1.2002916,0.18414222,0.054641522,0.5163645,-0.36473235,-518.1734,-411.48987,612.89026,-973.44354,-518.1734,-411.48987,612.89026,-973.44354,-1.0,-1.0,1.0,-1.0,0.0,-0.4,0.4,-0.4
29.966666666666665,20.487919,-15.000564,2.001451,-0.26349658,-0.0034837977,-0.00070310617,0.96465373,-0.007893391,0.0008220095,0.10664893,0.14065763,0.6436739,0.01789759,0.006537698,0.002964359,0.1067026,0.062888525,-0.011218129,8.846739,20.485222,-15.001243,1.2014558,0.1931581,0.048630953,0.5409532,-0.36063415,197.27461,290.30972,54.71938,378.93762,197.27461,290.30972,54.71938,378.93762,1.0,1.0,1.0,1.0,33.524375915527344,0.4,0.4,0.4
29.983333333333334,20.488008,-15.00051,2.001182,-0.26510832,-0.0049793334,-0.0026869283,0.96420205,-0.0056701405,0.00013685087,-0.05714755,-0.2913947,0.100126766,0.2606997,0.0054101287,0.0032280008,-0.057081714,-0.06765416,0.015818508,-9.827059,20.485203,-15.001104,1.2011874,0.20094459,0.042552084,0.46718892,-0.36473212,-412.25998,-86.97453,-816.65466,212.12825,-412.25998,-86.97453,-816.65466,212.12825,-1.0,-1.0,-1.0,1.0,0.0,-0.4,-0.4,0.4
30.0,20.488064,-15.000504,2.0020676,-0.26574403,-0.002722694,-0.0017834656,0.96403813,-0.0025880407,0.0015252403,0.089877084,0.14018384,-0.41999277,0.017851476,0.0026173557,-0.00042290014,0.089888185,-0.16756637,-0.21905404,8.818193,20.485207,-15.000965,1.2020731,0.20463291,0.033058118,0.22129922,-0.5696379,233.33376,612.1927,-415.25116,-2781.5913,233.33376,612.1927,-415.25116,-2781.5913,1.0,1.0,-1.0,-1.0,33.524375915527344,0.4,-0.4,-0.4
30.016666666666666,20.488121,-15.000514,2.0015254,-0.26441348,-0.0036459784,0.001966501,0.96440053,-0.002430162,0.0020755108,-0.073349915,0.57146764,0.12299591,-0.22502157,0.003740876,-0.00068264845,-0.07332096,0.067411214,-0.015584898,-9.792548,20.48521,-15.000823,1.2015312,0.20845783,0.022129813,0.22949515,-0.65569824,-442.838,31.77958,299.06964,-803.6233,-442.838,31.77958,299.06964,-803.6233,-1.0,1.0,1.0,-1.0,0.0,0.4,0.4,-0.4
30.03333333333333,20.488134,-15.000508,2.002139,-0.26405472,-0.0020176813,0.0045831003,0.96449465,-0.0003689315,7.113622e-05,0.073541306,0.1447278,-0.40287957,0.017918326,-0.00011051325,0.0006985101,0.07353886,-0.23108335,0.082869515,8.811589,20.485228,-15.000677,1.2021446,0.20818461,0.012089435,-0.016392766,-0.60242265,317.09116,-882.8662,-370.7366,346.5472,317.09116,-882.8662,-370.7366,346.5472,1.0,-1.0,-1.0,1.0,33.524375915527344,-0.4,-0.4,0.4
30.05,20.48814,-15.000485,2.0013227,-0.2627337,-0.0016454969,0.0031679422,0.9648617,-0.0009511111,-0.0018595908,-0.08979246,-0.28245178,0.13551518,-0.22545215,0.0003115938,0.0016137646,-0.089801714,0.02532642,0.054915264,-9.800433,20.485254,-15.000535,1.2013279,0.20668198,0.0035516985,-0.09015798,-0.5122642,-410.91547,-637.1191,233.34427,-885.22363,-410.91547,-637.1191,233.34427,-885.22363,-1.0,-1.0,1.0,-1.0,0.0,-0.4,0.4,-0.4
30.066666666666666,20.488127,-15.000447,2.0016637,-0.26238152,0.0003013822,0.004058258,0.96495557,0.00023515988,-0.0024138843,0.057212405,0.14978874,-0.38347992,0.017976372,-0.0015136773,0.0024195043,0.057192624,-0.109516256,0.048344385,8.81966,20.485298,-15.000391,1.2016686,0.20258383,-0.004029812,-0.24588881,-0.4548906,391.0925,69.96081,-413.81024,437.08487,391.0925,69.96081,-413.81024,437.08487,1.0,1.0,-1.0,1.0,33.524375915527344,0.4,-0.4,0.4
30.083333333333332,20.488108,-15.000396,2.000575,-0.26105738,0.00050509226,0.0026438052,0.9653195,-0.0009908096,-0.003940857,-0.106130265,-0.2773676,0.15488817,-0.22539294,-0.0010874665,0.0033333267,-0.106150135,0.025572648,0.054829337,-9.800565,20.485342,-15.000249,1.2005799,0.19807589,-0.010518491,-0.2704766,-0.38932073,-340.3073,-656.6152,312.88864,-706.6804,-340.3073,-656.6152,312.88864,-706.6804,-1.0,-1.0,1.0,-1.0,0.0,-0.4,0.4,-0.4
30.099999999999998,20.488085,-15.00033,2.0006433,-0.26070786,0.0022865285,0.0035306304,0.9654085,-0.0005486079,-0.004132758,0.040876433,0.15492132,-0.36411893,0.018031767,-0.0015011728,0.0041743983,0.040848307,-0.024822377,0.050464295,8.819905,20.485401,-15.000106,1.2006478,0.19220188,-0.016050944,-0.35244045,-0.33194715,484.90558,47.636826,-313.16757,443.0817,484.90558,47.636826,-313.16757,443.0817,1.0,1.0,-1.0,1.0,33.524375915527344,0.4,-0.4,0.4
30.116666666666667,20.488064,-15.000248,1.999282,-0.25938162,0.002321545,0.0021178469,0.9657697,-0.0023054227,-0.005292293,-0.12247049,-0.27221125,0.17422219,-0.225334,-0.0010709602,0.0050866497,-0.12249622,0.025812754,0.054735083,-9.800672,20.485462,-14.999964,1.1992865,0.18632789,-0.020353964,-0.35243955,-0.25818115,-240.40247,-668.53076,417.59515,-561.7114,-240.40247,-668.53076,417.59515,-561.7114,-1.0,-1.0,1.0,-1.0,0.0,-0.4,0.4,-0.4
30.133333333333333,20.488054,-15.0001545,1.9990779,-0.2590346,0.0039382656,0.0030024534,0.9658553,-0.0024839882,-0.0051568625,0.024544502,0.16012484,-0.3447966,0.018089887,-0.00028140165,0.005900043,0.024501149,0.047373507,0.0488036,8.819841,20.485533,-14.9998255,1.1990823,0.1805905,-0.023564152,-0.34424362,-0.19261132,594.07996,24.094889,-196.99681,440.06717,594.07996,24.094889,-196.99681,440.06717,1.0,1.0,-1.0,1.0,33.524375915527344,0.4,-0.4,0.4
30.15,20.488054,-15.000045,1.9974445,-0.25770637,0.0038050322,0.0015919922,0.9662145,-0.004658842,-0.0059847385,-0.13880469,-0.26698297,0.19351783,-0.22527038,0.00015269761,0.0068105883,-0.13884471,0.026045954,0.054632712,-9.800751,20.48561,-14.999686,1.1974484,0.17512631,-0.025681512,-0.32785085,-0.1270416,-118.78117,-681.6903,538.5966,-455.07352,-118.78117,-681.6903,538.5966,-455.07352,-1.0,-1.0,1.0,-1.0,0.0,-0.4,0.4,-0.4
30.166666666666668,20.488077,-14.999911,1.9969662,-0.25733653,0.0066672303,-0.0027016446,0.966295,-0.005329458,-0.0064356867,0.0080456855,-0.69308525,-0.3302117,0.017651793,0.0015375821,0.008219495,0.008039279,0.08309307,0.08453442,8.813039,20.485704,-14.999549,1.1969701,0.16993536,-0.025954721,-0.3114572,-0.016392542,718.7166,-1.2838006,-69.17481,427.31165,718.7166,-1.2838006,-69.17481,427.31165,1.0,-1.0,-1.0,1.0,33.524375915527344,-0.4,-0.4,0.4
30.183333333333334,20.48818,-14.999788,1.9989426,-0.25598863,0.0067207008,-0.005829477,0.96663874,-0.008496333,-0.004445011,0.15546805,-0.25625733,0.23194577,-0.22491948,0.007666557,0.006850442,0.15542379,0.3677385,-0.0821432,8.84307,20.485811,-14.999413,1.1989465,0.16966215,-0.026910948,-0.016392766,-0.057373565,30.424595,853.2333,668.7776,-1546.9194,30.424595,853.2333,668.7776,-1546.9194,1.0,1.0,1.0,-1.0,33.524375915527344,0.4,0.4,-0.4
30.2,20.48832,-14.999675,1.9994922,-0.25561374,0.0014251904,-0.0066373665,0.96675515,-0.010940142,-0.0014759954,-0.007827457,0.17680341,0.7752246,0.01831191,0.00873289,0.00678491,-0.0077997427,0.06397996,-0.003931923,-9.793411,20.48592,-14.999278,1.1994962,0.17184782,-0.028413588,0.13114034,-0.090158425,-508.8695,645.0777,372.48157,531.9829,-508.8695,645.0777,372.48157,531.9829,-1.0,1.0,1.0,1.0,0.0,0.4,0.4,0.4
30.216666666666665,20.48848,-14.999621,2.0011992,-0.25721073,-0.0027566394,-0.0034283365,0.96634525,-0.010188853,0.00214082,0.13911735,0.60794574,0.25566584,0.26192144,0.009408994,0.002088211,0.13917306,0.04056623,-0.2818019,8.818368,20.486042,-14.9991455,1.2012032,0.1745799,-0.034082647,0.16392498,-0.34014353,113.86193,233.74283,-736.77374,222.69817,113.86193,233.74283,-736.77374,222.69817,1.0,1.0,-1.0,1.0,33.524375915527344,0.4,-0.4,0.4
30.233333333333334,20.488619,-14.999585,2.0014715,-0.25784662,-0.0021565405,-0.00082437985,0.96618307,-0.008194766,0.0023087757,-0.024644108,0.17501166,-0.28569135,0.018707845,0.008347621,0.0021479377,-0.024607323,-0.06368235,0.0035835986,-9.826823,20.48616,-14.999013,1.2014754,0.17608257,-0.04098114,0.09015977,-0.41390952,-455.0775,-492.6286,-389.54358,-225.77087,-455.0775,-492.6286,-389.54358,-225.77087,-1.0,-1.0,-1.0,-1.0,0.0,-0.4,-0.4,-0.4
30.25,20.488747,-14.999551,2.002903,-0.25652882,-0.0029134238,-0.0022498453,0.9665295,-0.008491199,0.0015382986,0.12266556,-0.24711338,0.27106017,-0.22464097,0.0075870985,0.0021578928,0.122715466,-0.045631357,0.00059730833,8.839367,20.486294,-14.998884,1.202907,0.17567275,-0.04774303,-0.024588702,-0.40571338,63.966007,-180.08861,287.7813,-483.97958,63.966007,-180.08861,287.7813,-483.97958,1.0,-1.0,1.0,-1.0,33.524375915527344,-0.4,0.4,-0.4
30.266666666666666,20.488861,-14.999526,2.0029025,-0.25619072,-0.0020057969,-0.001374688,0.9666232,-0.0066455305,0.0025217375,-0.04097887,0.18052787,-0.26663375,0.018784704,0.007152155,0.0012516753,-0.040952045,-0.026096607,-0.05437305,-9.82005,20.48643,-14.9987545,1.2029067,0.17417009,-0.05525624,-0.09015977,-0.45079258,-499.98712,518.39014,-393.43298,595.64606,-499.98712,518.39014,-393.43298,595.64606,-1.0,1.0,-1.0,1.0,0.0,0.4,-0.4,0.4
30.28333333333333,20.488974,-14.999509,2.0040617,-0.25487223,-0.0029295085,-0.0027948043,0.9669663,-0.0069191777,0.0019975554,0.10633303,-0.24156895,0.2900872,-0.22456641,0.0065538203,0.0009388737,0.10637079,-0.03590008,-0.018768096,8.83937,20.486582,-14.99863,1.2040659,0.1713014,-0.062974356,-0.17212181,-0.46308693,95.24483,-95.52109,231.39346,-370.99915,95.24483,-95.52109,231.39346,-370.99915,1.0,-1.0,1.0,-1.0,33.524375915527344,-0.4,0.4,-0.4
30.3,20.489077,-14.999504,2.003789,-0.25453436,-0.0021852073,-0.0019167936,0.9670593,-0.0050422214,0.0031297961,-0.057316687,0.1861104,-0.24763253,0.018871387,0.006115967,3.4264453e-05,-0.05729761,-0.026271202,-0.05427655,-9.820103,20.486736,-14.998504,1.2037929,0.16761309,-0.0716487,-0.22129832,-0.5204607,-474.41846,551.72534,-441.30444,605.16284,-474.41846,551.72534,-441.30444,605.16284,-1.0,1.0,-1.0,1.0,0.0,0.4,-0.4,0.4
30.316666666666666,20.48918,-14.999523,2.0046768,-0.25320554,-0.0046706875,0.001850184,0.9673995,-0.0051832073,0.004571175,0.090083614,0.6225269,0.31377417,-0.22391589,0.00585923,-0.0013362459,0.090148225,-0.015404205,-0.08223061,8.846749,20.486906,-14.998384,1.2046808,0.16283193,-0.08155248,-0.28686938,-0.59422684,143.61803,7.115597,162.5312,-281.99847,143.61803,7.115597,162.5312,-281.99847,1.0,1.0,1.0,-1.0,33.524375915527344,0.4,0.4,-0.4
30.333333333333332,20.489258,-14.999541,2.0041318,-0.25285554,-0.004536236,0.0044597457,0.96748304,-0.003137852,0.0024313056,-0.07369451,0.1912947,-0.23096944,0.019215627,0.0047389977,-0.0010518254,-0.07364152,-0.067213945,0.017065233,-9.827384,20.487072,-14.998265,1.2041359,0.15654814,-0.09138797,-0.37702736,-0.5901293,-387.9948,-802.1036,-508.97852,510.34042,-387.9948,-802.1036,-508.97852,510.34042,-1.0,-1.0,-1.0,1.0,0.0,-0.4,-0.4,0.4
30.349999999999998,20.489285,-14.999529,2.0047402,-0.25151616,0.0007611533,0.0047263815,0.96784127,-0.0009962681,-0.00025168597,0.073226154,-0.23634091,-0.7551834,-0.22401123,0.00068147294,0.0014028291,0.07321675,-0.24345148,0.14727925,8.811496,20.487255,-14.998154,1.204744,0.14534658,-0.09849138,-0.6720936,-0.42620432,193.71873,-617.4514,-133.58496,-468.283,193.71873,-617.4514,-133.58496,-468.283,1.0,-1.0,-1.0,-1.0,33.524375915527344,-0.4,-0.4,-0.4
30.366666666666667,20.489302,-14.999492,2.0039186,-0.25115576,0.0047557955,0.0009641896,0.9679344,-0.003038777,-0.0016444381,-0.09009553,-0.66442084,-0.21606815,0.01915852,0.0010698857,0.0025310207,-0.090119876,0.023304762,0.06769149,-9.800198,20.487444,-14.998047,1.2039223,0.1330522,-0.10347742,-0.73766285,-0.2991624,-517.0157,-123.300705,704.769,221.81744,-517.0157,-123.300705,704.769,221.81744,-1.0,-1.0,1.0,1.0,0.0,-0.4,0.4,0.4
30.383333333333333,20.489368,-14.999439,2.0042593,-0.24982701,0.0038039752,-0.002174109,0.9682805,-0.0057178,-0.0005138875,0.057332598,-0.22748685,0.3459806,-0.22354521,0.0052399156,0.0030837166,0.05729763,0.2502018,0.033161756,8.84505,20.487635,-14.997944,1.2042627,0.12417293,-0.107097425,-0.532756,-0.21720035,246.99211,738.1204,508.66016,-1352.07,246.99211,738.1204,508.66016,-1352.07,1.0,1.0,1.0,-1.0,33.524375915527344,0.4,0.4,-0.4
30.4,20.489452,-14.9994,2.0031686,-0.24950065,0.0040728184,-0.001299546,0.96836513,-0.006018938,0.00088773435,-0.106317714,0.2002967,-0.19181436,0.019920634,0.004790759,0.0021828157,-0.106361434,-0.026949381,-0.05405405,-9.819544,20.487833,-14.997846,1.2031721,0.11597669,-0.111332156,-0.4917745,-0.25408384,-326.8527,461.0566,-109.61968,592.73474,-326.8527,461.0566,-109.61968,592.73474,-1.0,1.0,-1.0,1.0,0.0,0.4,-0.4,0.4
30.416666666666668,20.48957,-14.999354,2.003237,-0.24818192,0.0024949168,-0.0027006129,0.96870637,-0.00819117,0.0010092133,0.040982686,-0.2216849,0.3648334,-0.22343637,0.007920294,0.0028901275,0.040946435,0.18777208,0.042438705,8.838472,20.488035,-14.997754,1.2032403,0.109966114,-0.11461066,-0.3606346,-0.19671007,370.8968,-230.89932,559.12384,-147.46956,370.8968,-230.89932,559.12384,-147.46956,1.0,-1.0,1.0,-1.0,33.524375915527344,-0.4,0.4,-0.4
30.433333333333334,20.489695,-14.999319,2.001874,-0.24785487,0.002601116,-0.0018191336,0.96879196,-0.008014816,0.002430889,-0.12267257,0.20613083,-0.17298475,0.02002753,0.007468485,0.0019911176,-0.122714974,-0.027108554,-0.05394059,-9.819684,20.48824,-14.997666,1.201877,0.10422875,-0.11836726,-0.34424183,-0.22539629,-223.61226,502.0688,-146.8528,583.95996,-223.61226,502.0688,-146.8528,583.95996,-1.0,1.0,-1.0,1.0,0.0,0.4,-0.4,0.4
30.45,20.489845,-14.999285,2.0016704,-0.24653657,0.0008574988,-0.0032111453,0.9691278,-0.00956473,0.0026218332,0.024619296,-0.21582377,0.38362762,-0.2233253,0.0097347535,0.002124679,0.024600573,0.13597612,0.008013686,8.838932,20.488451,-14.997587,1.2016734,0.09985742,-0.121577464,-0.26227978,-0.1926121,491.86932,-159.68578,497.4432,-154.41624,491.86932,-159.68578,497.4432,-154.41624,1.0,-1.0,1.0,-1.0,33.524375915527344,-0.4,0.4,-0.4
30.466666666666665,20.490004,-14.99926,2.0000346,-0.24620825,0.0008016142,-0.002321204,0.9692138,-0.008798304,0.0040310393,-0.1390419,0.21202448,-0.15421489,0.02013621,0.009280463,0.0012275336,-0.13906357,-0.027257444,-0.053828727,-9.819847,20.488667,-14.997509,1.2000376,0.0957593,-0.12540238,-0.24588703,-0.2294947,-101.3247,541.5424,-232.8882,581.2147,-101.3247,541.5424,-232.8882,581.2147,-1.0,1.0,-1.0,1.0,0.0,0.4,-0.4,0.4
30.483333333333334,20.490173,-14.999245,1.9995583,-0.24489051,-0.00110725,-0.0037035968,0.96954304,-0.009604124,0.004258501,0.008247781,-0.20990393,0.40235767,-0.22321422,0.0104716495,0.00074925856,0.008257302,0.0714712,-0.028696498,8.8392515,20.488888,-14.997439,1.1995615,0.09207099,-0.12929559,-0.22129877,-0.23359267,623.717,-62.58454,382.41986,-157.16309,623.717,-62.58454,382.41986,-157.16309,1.0,-1.0,1.0,-1.0,33.524375915527344,-0.4,0.4,-0.4
30.5,20.490341,-14.999278,2.0015333,-0.24456023,-0.0014441254,-0.0028019713,0.969629,-0.007943187,0.0062605576,0.1552377,0.22298393,-0.117025964,0.020237926,0.009740214,-0.002697636,0.15523815,-0.043886133,-0.20681366,8.8188505,20.489119,-14.997386,1.2015364,0.08756306,-0.13551107,-0.27047572,-0.37292895,38.576653,574.24927,-365.78864,583.6724,38.576653,574.24927,-365.78864,583.6724,1.0,1.0,-1.0,1.0,33.524375915527344,0.4,-0.4,0.4
30.516666666666666,20.490513,-14.999325,2.0020802,-0.24618171,-0.0049103564,0.0010266644,0.9692106,-0.00809458,0.0075608985,-0.008076169,0.65484625,0.42657822,0.26347646,0.010802012,-0.0027781187,-0.00796948,0.06370788,-0.0048289676,-9.792458,20.489346,-14.997332,1.2020838,0.08360154,-0.1427511,-0.23769109,-0.4344016,-629.6421,123.70359,199.1986,64.37891,-629.6421,123.70359,199.1986,64.37891,-1.0,1.0,1.0,1.0,0.0,0.4,0.4,0.4
30.53333333333333,20.490635,-14.999367,2.0037832,-0.24682267,-0.005872984,0.0036501554,0.9690359,-0.005480077,0.006349679,0.13877755,0.2262024,-0.096379146,0.020466223,0.0060194894,-0.0023747527,0.13888012,-0.28695133,0.024201961,8.810976,20.489582,-14.997286,1.2037866,0.07540531,-0.1490349,-0.49177405,-0.37702826,13.294335,-733.6228,-687.33105,-189.9411,13.294335,-733.6228,-687.33105,-189.9411,1.0,-1.0,-1.0,-1.0,33.524375915527344,-0.4,-0.4,-0.4
30.55,20.490725,-14.999404,2.0040503,-0.24844383,-0.0015989498,0.0039097886,0.96863705,-0.0032690545,0.003976215,-0.024944102,-0.2050409,-0.6393554,0.2632302,0.004904923,-0.0020809027,-0.02490616,-0.066873975,0.017630998,-9.827176,20.489826,-14.997246,1.2040536,0.0643404,-0.15456738,-0.66389453,-0.33194837,-653.08936,-448.4389,-305.7912,71.24595,-653.08936,-448.4389,-305.7912,71.24595,-1.0,-1.0,-1.0,1.0,0.0,-0.4,-0.4,0.4
30.566666666666666,20.49082,-14.999445,2.0015953,-0.24908951,2.7112288e-05,0.005362046,0.9684656,-0.004639778,0.003037325,-0.18814741,0.22841205,-0.09622134,0.02032919,0.0060221483,-0.002378321,-0.18811773,0.067033514,-0.0178451,-9.792694,20.490067,-14.997206,1.2015989,0.0539585,-0.16037306,-0.6229137,-0.34834114,-24.817078,77.52033,614.63116,-4653.09,-24.817078,77.52033,614.63116,-4653.09,-1.0,1.0,1.0,-1.0,0.0,0.4,0.4,-0.4
30.583333333333332,20.49092,-14.99943,2.0003014,-0.2477945,-0.0023895311,0.0039841207,0.9688015,-0.005525858,0.0006169486,-0.040841598,-0.1935904,0.4602933,-0.22304064,0.0054131346,0.0018451385,-0.040819667,-0.03654082,0.25340754,8.837884,20.490316,-14.997173,1.200305,0.043166798,-0.1616025,-0.6475022,-0.073766105,731.42847,-788.80286,68.92934,-146.02304,731.42847,-788.80286,68.92934,-146.02304,1.0,-1.0,1.0,-1.0,33.524375915527344,-0.4,0.4,-0.4
30.599999999999998,20.490976,-14.999378,2.0014572,-0.24747235,-0.002507128,0.0021214823,0.9688894,-0.004112795,-0.001253699,0.10609357,-0.2197024,-0.061724976,0.02000712,0.0023809634,0.0033769452,0.10610023,-0.18193026,0.091908395,8.815194,20.490568,-14.997157,1.2014606,0.02923321,-0.1590753,-0.8360152,0.15163152,198.90689,-0.06965166,-715.3069,611.9423,198.90689,-0.06965166,-715.3069,611.9423,1.0,-0.06965166,-1.0,1.0,33.524375915527344,-0.027860666,-0.4,0.4
30.616666666666667,20.491009,-14.999332,2.0011797,-0.24909572,0.001043484,0.0038988625,0.96847045,-0.0031118197,-0.0016400693,-0.05753152,0.20779353,-0.5996748,0.26337546,0.0019297915,0.0024734896,-0.057553515,-0.027070312,-0.05420733,-9.819224,20.490816,-14.997145,1.201183,0.013796982,-0.15668474,-0.92617357,0.1434338,-522.4916,180.02357,-251.4498,13.351871,-522.4916,180.02357,-251.4498,13.351871,-1.0,1.0,-1.0,1.0,0.0,0.4,-0.4,0.4
30.633333333333333,20.49105,-14.999248,2.0020616,-0.24973835,0.0027346537,0.0034090774,0.96830344,-0.004858337,-0.0036343662,0.089804225,-0.21270493,-0.04242763,0.019842569,0.0028171153,0.0062461123,0.089747764,0.053239424,0.22635736,8.838077,20.491064,-14.997146,1.2020644,-0.0009562265,-0.15053755,-0.88519245,0.36883143,177.23598,-610.0681,594.7151,-3757.9314,177.23598,-610.0681,594.7151,-3757.9314,1.0,-1.0,1.0,-1.0,33.524375915527344,-0.4,0.4,-0.4
30.65,20.491106,-14.99913,2.0015154,-0.25135964,0.00093798275,-0.001644117,0.96789193,-0.006457512,-0.0046079326,-0.07359838,-0.6392923,0.49487627,0.26235184,0.003204937,0.00736727,-0.0735874,0.023269307,0.06726947,-9.80011,20.491318,-14.99715,1.2015182,-0.01516302,-0.14179488,-0.8524076,0.52456045,-502.2174,-147.95686,131.16728,21.921442,-502.2174,-147.95686,131.16728,21.921442,-1.0,-1.0,1.0,1.0,0.0,-0.4,0.4,0.4
30.666666666666668,20.491173,-14.999039,2.0021267,-0.25199983,0.0007653726,-0.004414405,0.9677168,-0.005608134,-0.0029948745,0.073375314,-0.2088455,-0.026627049,0.019171068,0.0037071265,0.0047510765,0.073403284,0.030131362,-0.1569716,8.819441,20.491573,-14.997165,1.2021294,-0.028686795,-0.13421334,-0.81142646,0.4548919,302.89514,681.85175,-664.24756,-1679.1475,302.89514,681.85175,-664.24756,-1679.1475,1.0,1.0,-1.0,-1.0,33.524375915527344,0.4,-0.4,-0.4
30.683333333333334,20.491247,-14.998961,2.0013099,-0.25360918,-0.0025520362,-0.0042863507,0.9672938,-0.005813893,-0.0011113626,-0.08987009,0.22302349,0.51615417,0.26231515,0.0047689686,0.004682266,-0.089816496,0.06371052,-0.004128618,-9.793186,20.491821,-14.997181,1.2013124,-0.041117743,-0.12751974,-0.74585676,0.40161607,-398.7736,661.9041,6.11047,43.684013,-398.7736,661.9041,6.11047,43.684013,-1.0,1.0,1.0,1.0,0.0,0.4,0.4,0.4
30.7,20.491304,-14.998935,2.0016503,-0.25423568,-0.004732853,-0.00015734964,0.9671306,-0.0034955747,0.00083584443,0.057131667,0.6530018,-0.0026695728,0.019741096,0.0029361302,0.00083630305,0.05716314,-0.1099703,-0.23075777,8.818777,20.492065,-14.997208,1.2016525,-0.054504916,-0.12369482,-0.80323035,0.22949515,349.64517,221.24272,-951.012,-274.80408,349.64517,221.24272,-951.012,-274.80408,1.0,1.0,-1.0,-1.0,33.524375915527344,0.4,-0.4,-0.4
30.716666666666665,20.491339,-14.998917,2.0005558,-0.25584382,-0.002128952,0.0033722601,0.96670985,-0.0018799627,-0.0008829355,-0.1066191,0.22153318,-0.545036,0.2625252,0.0018199383,0.0011182765,-0.10661793,-0.06697151,0.016918406,-9.826864,20.492308,-14.997233,1.2005581,-0.069394745,-0.120552935,-0.8933897,0.18851323,-235.19254,-730.1905,-470.26733,83.40807,-235.19254,-730.1905,-470.26733,83.40807,-1.0,-1.0,-1.0,1.0,0.0,-0.4,-0.4,0.4
30.733333333333334,20.491354,-14.998862,2.0006201,-0.25648364,-0.0009037228,0.0028884953,0.9665438,-0.0026234984,-0.0028867088,0.04070753,-0.19927087,0.012182713,0.018993534,0.00071566436,0.0040160497,0.04069002,-0.066256434,0.17386638,8.838476,20.492546,-14.997269,1.2006224,-0.0853774,-0.114132546,-0.9589594,0.3852233,430.97025,-528.4662,287.19916,-3765.734,430.97025,-528.4662,287.19916,-3765.734,1.0,-1.0,1.0,-1.0,33.524375915527344,-0.4,0.4,-0.4
30.75,20.49136,-14.998809,1.9992521,-0.25809506,0.0019930971,0.004703164,0.96610594,-0.0025639664,-0.0035418144,-0.12292369,0.22825241,-0.52583086,0.26237732,0.00028104457,0.0031048479,-0.12296191,-0.026077185,-0.054672107,-9.819116,20.492783,-14.99731,1.1992551,-0.10190648,-0.10737064,-0.99174446,0.40571448,-222.26048,23.521635,-324.89993,23.676926,-222.26048,23.521635,-324.89993,23.676926,-1.0,1.0,-1.0,1.0,0.0,0.4,-0.4,0.4
30.766666666666666,20.491371,-14.998703,1.9990441,-0.25872973,0.0030514393,0.004231074,0.96593565,-0.004870874,-0.005596309,0.024407076,-0.19265391,0.031423822,0.018835466,0.0015117401,0.0075193984,0.024329463,0.07384173,0.26487303,8.837482,20.493006,-14.997356,1.199047,-0.11706953,-0.09644232,-0.9097829,0.655699,524.6019,-735.3293,488.7236,-3625.8125,524.6019,-735.3293,488.7236,-3625.8125,1.0,-1.0,1.0,-1.0,33.524375915527344,-0.4,0.4,-0.4
30.78333333333333,20.491385,-14.998576,1.9974025,-0.25959525,0.0071926825,0.00088433456,0.96569026,-0.006221822,-0.006209517,-0.13937184,-0.62395185,-0.5116532,0.14199072,0.00039707933,0.0077334833,-0.1394339,-0.06687965,0.012845098,-9.825802,20.493235,-14.997408,1.1974056,-0.13250579,-0.08366984,-0.92617565,0.76634866,-114.5442,-317.12988,-18.770802,0.5073078,-114.5442,-317.12988,-18.770802,0.5073078,-1.0,-1.0,-1.0,0.5073078,0.0,-0.4,-0.4,0.20292313
30.8,20.491465,-14.998432,1.9969213,-0.25925475,0.008566341,-0.0012954356,0.96577007,-0.009970762,-0.0045411484,0.008079591,-0.18662961,0.049176633,-0.10053423,0.006494153,0.008939547,0.00795163,0.3658244,0.072363846,8.843132,20.493452,-14.997465,1.1969247,-0.14234129,-0.06925814,-0.59012973,0.8647021,686.81116,586.1513,799.96265,-3637.7886,686.81116,586.1513,799.96265,-3637.7886,1.0,1.0,1.0,-1.0,33.524375915527344,0.4,0.4,-0.4
30.816666666666666,20.491653,-14.998276,1.9988961,-0.2599155,0.004477407,-0.0011802979,0.96562016,-0.014522852,-0.0023796791,0.15545107,0.25037003,0.6103577,0.14268665,0.012805139,0.00935566,0.15533869,0.37865913,0.024966726,8.843223,20.493654,-14.997525,1.198899,-0.14329752,-0.053753596,-0.057374235,0.9302725,46.91295,105.3975,568.5454,233.86108,46.91295,105.3975,568.5454,233.86108,1.0,1.0,1.0,1.0,33.524375915527344,0.4,0.4,0.4
30.833333333333332,20.491854,-14.998114,1.9994377,-0.26252344,0.0030005516,-0.0022287369,0.9649183,-0.014981329,-0.0023369724,-0.008373829,-0.18261567,0.06747508,0.3853445,0.011673846,0.009627808,-0.00842908,-0.067877546,0.016328897,-9.826066,20.493853,-14.997584,1.1994404,-0.14316091,-0.037907552,0.00819683,0.95076257,-436.1809,-473.89688,-350.12668,57.45765,-436.1809,-473.89688,-350.12668,57.45765,-1.0,-1.0,-1.0,1.0,0.0,-0.4,-0.4,0.4
30.849999999999998,20.492067,-14.997955,1.9972569,-0.26414758,-0.00112207,-0.0021435698,0.96447915,-0.015218649,-0.0009301044,-0.17170703,0.24791685,0.6096637,0.14235128,0.012798163,0.009366356,-0.17165156,0.06745901,-0.015687123,-9.793348,20.494059,-14.997648,1.1972593,-0.1426145,-0.021993209,0.032784637,0.9548605,-25.210146,277.94217,271.96173,-3405.0317,-25.210146,277.94217,271.96173,-3405.0317,-1.0,1.0,1.0,-1.0,0.0,0.4,0.4,-0.4
30.866666666666667,20.492258,-14.997821,1.9962318,-0.26382393,-0.0026991633,-0.0032085134,0.9645617,-0.013241004,-0.00088306237,-0.02487411,-0.179925,0.08533546,-0.10075197,0.011035545,0.0076882727,-0.024777666,-0.105757095,-0.10068498,8.812433,20.494246,-14.997714,1.1962345,-0.14234129,-0.007649812,0.016392766,0.86060375,755.05994,-243.05797,-757.8724,-79.35918,755.05994,-243.05797,-757.8724,-79.35918,1.0,-1.0,-1.0,-1.0,33.524375915527344,-0.4,-0.4,-0.4
30.883333333333333,20.492426,-14.997736,1.9976563,-0.26448548,-0.0005726368,-0.0013775536,0.96438843,-0.01086246,0.00081872847,0.12218975,0.25244623,-0.4342426,0.1426266,0.009714483,0.004475441,0.122207195,-0.07926369,-0.1927699,8.819091,20.494421,-14.99778,1.197659,-0.14288771,0.003141887,-0.03278553,0.6475019,273.10095,441.2544,-246.4317,203.841,273.10095,441.2544,-246.4317,203.841,1.0,1.0,-1.0,1.0,33.524375915527344,0.4,-0.4,0.4
30.9,20.492594,-14.997647,1.997651,-0.26416373,-0.00018075778,-0.0018539174,0.96447605,-0.011414323,0.00067264866,-0.04114286,-0.17438197,0.10436724,-0.10091303,0.010138085,0.0053885616,-0.041129753,0.025416108,0.054787245,-9.800217,20.494595,-14.997841,1.1976538,-0.14329752,0.013865285,-0.024588702,0.64340377,-405.369,-302.8031,516.7228,-1793.151,-405.369,-302.8031,516.7228,-1793.151,-1.0,-1.0,1.0,-1.0,0.0,-0.4,0.4,-0.4
30.916666666666668,20.492765,-14.997583,1.9988029,-0.26482317,0.0017804792,-2.1343778e-05,0.96429527,-0.010110441,0.002113114,0.10590499,0.25800216,-0.41522554,0.14246014,0.010136361,0.0034425529,0.10586763,-0.00010343268,-0.11676052,8.819843,20.49476,-14.997905,1.1988057,-0.14288771,0.023017738,0.024588702,0.5491472,290.37302,324.80725,-80.43185,198.76562,290.37302,324.80725,-80.43185,198.76562,1.0,1.0,-1.0,1.0,33.524375915527344,0.4,-0.4,0.4
30.933333333333334,20.492939,-14.997514,1.9985255,-0.26449862,0.0020066805,-0.00049472094,0.9643838,-0.011512237,0.0017559975,-0.057429753,-0.16886286,0.12338117,-0.101074666,0.010559888,0.004356603,-0.057474345,0.025411582,0.054843012,-9.800518,20.49492,-14.997966,1.1985283,-0.14193147,0.0323751,0.057374235,0.5614417,-388.29498,-457.28952,676.19995,-1734.0078,-388.29498,-457.28952,676.19995,-1734.0078,-1.0,-1.0,1.0,-1.0,0.0,-0.4,0.4,-0.4
30.95,20.493141,-14.997442,1.9994105,-0.2651486,-0.002716306,-0.00041754323,0.96420354,-0.01336444,0.0029103607,0.08989262,0.26808107,0.6842976,0.14215733,0.012522255,0.0041303965,0.08996607,0.11774204,-0.013572396,8.846425,20.49507,-14.998027,1.1994131,-0.13810655,0.041869063,0.22949515,0.56963766,321.49918,136.36612,101.49815,181.76955,321.49918,136.36612,101.49815,181.76955,1.0,1.0,1.0,1.0,33.524375915527344,0.4,0.4,0.4
30.966666666666665,20.493338,-14.997371,1.9988625,-0.26775327,-0.004818691,-0.001476329,0.9634743,-0.011280895,0.0021350207,-0.073932074,-0.1650677,0.14153281,0.38483757,0.011392502,0.0043923995,-0.07381522,-0.06778517,0.015720176,-9.826877,20.495218,-14.998087,1.1988653,-0.13469145,0.05129473,0.20490645,0.56553996,-284.4624,-293.15457,-799.57715,33.747665,-284.4624,-293.15457,-799.57715,33.747665,-1.0,-1.0,-1.0,1.0,0.0,-0.4,-0.4,0.4
30.983333333333334,20.493488,-14.997334,1.9994694,-0.26937556,-0.0031796237,0.0003596007,0.9630298,-0.008505568,0.003165989,0.073106736,0.26650518,-0.37856525,0.14194597,0.00845175,0.0016318752,0.07316329,-0.17644514,-0.16563146,8.81871,20.495352,-14.998141,1.1994722,-0.13346201,0.05785171,0.073766105,0.3934188,314.54678,403.3112,-494.0254,-3572.7341,314.54678,403.3112,-494.0254,-3572.7341,1.0,1.0,-1.0,-1.0,33.524375915527344,0.4,-0.4,-0.4
31.0,20.493635,-14.997293,1.9986472,-0.26905012,-0.0032639203,-0.00012881111,0.96312064,-0.008329453,0.0022776765,-0.09023152,-0.16047752,0.16005358,-0.10158081,0.008864831,0.0025497167,-0.090173215,0.024784895,0.05507049,-9.80019,20.495487,-14.998196,1.1986496,-0.13264239,0.0646136,0.049177404,0.4057136,-285.6634,-411.40466,239.23067,-1870.8798,-285.6634,-411.40466,239.23067,-1870.8798,-1.0,-1.0,1.0,-1.0,0.0,-0.4,0.4,-0.4
31.016666666666666,20.49375,-14.9972725,1.9989815,-0.26969466,-0.0017882343,0.0017032153,0.96294266,-0.0063350466,0.0027087787,0.056791462,0.27198398,-0.35967562,0.14178778,0.006572611,0.0011072619,0.056818265,-0.13753319,-0.086547285,8.819489,20.495607,-14.998247,1.1989843,-0.1330522,0.06980456,-0.024588702,0.3114572,480.14258,223.80649,-452.64896,183.96384,480.14258,223.80649,-452.64896,183.96384,1.0,1.0,-1.0,1.0,33.524375915527344,0.4,-0.4,0.4
31.03333333333333,20.493866,-14.997242,1.9978868,-0.26936784,-0.002036838,0.0012161466,0.9630344,-0.006674638,0.0015256563,-0.10655023,-0.15503582,0.17894366,-0.101736695,0.0069853244,0.0020260636,-0.10652197,0.024762794,0.0551281,-9.800414,20.495731,-14.998295,1.1978897,-0.13359863,0.07540531,-0.03278553,0.336045,-217.16916,-555.5822,260.79886,-1822.1348,-217.16916,-555.5822,260.79886,-1822.1348,-1.0,-1.0,1.0,-1.0,0.0,-0.4,0.4,-0.4
31.05,20.493967,-14.997215,1.9979488,-0.27001038,-0.00072424294,0.0030495075,0.96285224,-0.0052783373,0.0015667146,0.040467508,0.27743998,-0.3408125,0.1416339,0.0052002324,0.001628125,0.040475197,-0.107105516,-0.023876319,8.81983,20.495853,-14.998339,1.1979519,-0.13510126,0.080459654,-0.09015798,0.3032608,571.46967,66.99124,-426.70773,182.12257,571.46967,66.99124,-426.70773,182.12257,1.0,1.0,-1.0,1.0,33.524375915527344,0.4,-0.4,0.4
31.066666666666666,20.494055,-14.997175,1.9965813,-0.26968288,-0.0011366134,0.0025637476,0.9629451,-0.006020373,5.5840705e-05,-0.122875474,-0.14961612,0.19780774,-0.10188753,0.005612536,0.002547809,-0.12286838,0.024738207,0.055181034,-9.800614,20.495958,-14.998379,1.1965847,-0.13633071,0.08619702,-0.073767,0.34424183,-118.07436,-706.11194,261.09045,-1787.2009,-118.07436,-706.11194,261.09045,-1787.2009,-1.0,-1.0,1.0,-1.0,0.0,-0.4,0.4,-0.4
31.083333333333332,20.494123,-14.997116,1.9963695,-0.27032596,0.0014866897,-0.00076090166,0.9627673,-0.0050951783,-0.0013750326,0.024023328,-0.5756819,-0.32651412,0.1409624,0.0037134069,0.0038103445,0.024013825,-0.113947734,0.07575213,8.812932,20.49606,-14.998414,1.1963732,-0.13865298,0.09295891,-0.13933627,0.4057136,673.0145,-118.906075,-414.11188,176.75603,673.0145,-118.906075,-414.11188,176.75603,1.0,-1.0,-1.0,1.0,33.524375915527344,-0.4,-0.4,0.4
31.099999999999998,20.494204,-14.997055,1.9947292,-0.2699914,0.0014132155,-0.0029584072,0.96285707,-0.0061468566,0.00037507666,-0.13920563,-0.14374739,0.21556006,-0.101719156,0.004844467,0.0035624097,-0.13921198,0.06786361,-0.014876089,-9.793548,20.496162,-14.998446,1.1947328,-0.14029223,0.099652514,-0.09835481,0.40161607,-13.923145,736.1836,428.98633,-2970.513,-13.923145,736.1836,428.98633,-2970.513,-1.0,1.0,1.0,-1.0,0.0,0.4,0.4,-0.4
31.116666666666667,20.494297,-14.997025,1.9942468,-0.2706451,0.002402862,-0.0011178784,0.96267545,-0.0055972636,0.0020724325,0.007810504,0.28878227,-0.3042485,0.14164223,0.0058979816,0.0011412187,0.0077807303,0.06321086,-0.14527145,8.819562,20.49625,-14.99847,1.1942506,-0.13988242,0.103545725,0.024588702,0.23359267,802.9856,403.20685,-214.54372,172.84993,802.9856,403.20685,-214.54372,172.84993,1.0,1.0,-1.0,1.0,33.524375915527344,0.4,-0.4,0.4
31.133333333333333,20.494417,-14.996996,1.9962178,-0.27031448,0.0015551216,-0.0015965655,0.96276945,-0.0075150924,0.001979746,0.15511888,-0.1334005,0.25266233,-0.10185861,0.008045639,0.0018747768,0.15509357,0.12885943,0.04401348,8.83877,20.496319,-14.9984865,1.1962215,-0.13619411,0.10675592,0.22129832,0.19261165,154.34909,-367.27933,523.1499,-1518.6041,154.34909,-367.27933,523.1499,-1518.6041,1.0,-1.0,1.0,-1.0,33.524375915527344,-0.4,0.4,-0.4
31.15,20.494543,-14.996977,1.9967571,-0.27096486,0.002342897,0.0002453297,0.9625863,-0.0070518753,0.0031746044,-0.008528585,0.29420534,-0.2854714,0.14149694,0.00763499,0.0009553438,-0.008563765,-0.024638938,-0.055165976,-9.81944,20.49639,-14.998502,1.1967608,-0.13223258,0.10921479,0.23769198,0.14753221,-447.33102,279.51822,-84.88017,320.2817,-447.33102,279.51822,-84.88017,320.2817,-1.0,1.0,-1.0,1.0,0.0,0.4,-0.4,0.4
31.166666666666668,20.494688,-14.9969425,1.998456,-0.27063453,0.0013320523,-0.00023246232,0.96268123,-0.009065086,0.002622514,0.13877347,-0.12801716,0.27143323,-0.10199243,0.009477028,0.0025231391,0.1387478,0.11052226,0.094067715,8.838694,20.496447,-14.998509,1.1984595,-0.1259488,0.11222008,0.37702647,0.1803173,148.6176,-522.2248,557.94324,-1557.5457,148.6176,-522.2248,557.94324,-1557.5457,1.0,-1.0,1.0,-1.0,33.524375915527344,-0.4,0.4,-0.4
31.183333333333334,20.494846,-14.996913,1.9987228,-0.27128154,0.0019574864,0.0016104019,0.9624967,-0.008685283,0.0033171717,-0.024874656,0.29960224,-0.2667241,0.14135845,0.0090671545,0.0016030935,-0.024907893,-0.02459239,-0.055202737,-9.819341,20.496513,-14.998515,1.1987262,-0.11939179,0.114747256,0.39342058,0.15163063,-458.45386,99.38666,-79.10576,305.90564,-458.45386,99.38666,-79.10576,305.90564,-1.0,1.0,-1.0,1.0,0.0,0.4,-0.4,0.4
31.2,20.495012,-14.996858,2.0001488,-0.27095205,0.00078413665,0.0011322163,0.9625918,-0.010671187,0.0022702776,0.1224205,-0.122661084,0.29017264,-0.10212135,0.010398274,0.003948355,0.12240136,0.079867184,0.14071569,8.838554,20.496563,-14.998512,1.2001523,-0.11105894,0.11850386,0.49997088,0.22539629,159.87746,-683.96045,538.70856,-1597.973,159.87746,-683.96045,538.70856,-1597.973,1.0,-1.0,1.0,-1.0,33.524375915527344,-0.4,0.4,-0.4
31.216666666666665,20.49517,-14.996789,2.0001416,-0.27158907,0.0027273644,-0.0021799547,0.96240693,-0.010258627,0.001505401,-0.04131811,-0.55356216,-0.2524826,0.14069985,0.009266222,0.00419176,-0.041367356,-0.06792314,0.014604292,-9.826122,20.496609,-14.998508,1.200145,-0.10299931,0.123148404,0.48357812,0.27867255,-455.9013,-98.1988,-119.14519,293.2646,-455.9013,-98.1988,-119.14519,293.2646,-1.0,-1.0,-1.0,1.0,0.0,-0.4,-0.4,0.4
31.233333333333334,20.495365,-14.9967375,2.001295,-0.27124703,0.0018961246,-0.0043701883,0.96249795,-0.012111415,0.0034039873,0.1061031,-0.1168316,0.30777133,-0.10202922,0.012745298,0.0026377484,0.10605065,0.20874459,-0.09324069,8.84508,20.496649,-14.998495,1.2012982,-0.09193439,0.1258805,0.66389495,0.16392542,175.61041,761.7283,592.86957,-2845.5781,175.61041,761.7283,592.86957,-2845.5781,1.0,1.0,1.0,-1.0,33.524375915527344,0.4,0.4,-0.4
31.25,20.495588,-14.996695,2.001022,-0.2718622,-0.0043053646,-0.004323117,0.96231675,-0.012522035,0.005341164,-0.05726811,0.31511992,0.85002863,0.14123711,0.0138054,0.0026106185,-0.057162587,0.06360607,-0.0016277934,-9.792794,20.496685,-14.998478,1.2010249,-0.0785472,0.12772465,0.80323124,0.11064916,-408.46494,419.86838,44.041134,270.1913,-408.46494,419.86838,44.041134,270.1913,-1.0,1.0,1.0,1.0,0.0,0.4,0.4,0.4
31.266666666666666,20.49578,-14.996703,2.0019069,-0.27441093,-0.009454478,-0.00023942596,0.9615659,-0.00969363,0.0072961347,0.089612946,0.74493605,0.33092445,0.3849545,0.010464837,-0.0015880036,0.08980894,-0.20043376,-0.2519173,8.818291,20.49672,-14.998452,1.2019091,-0.06720907,0.12526576,0.6802877,-0.1475331,268.79752,38.107227,-985.1499,9.175757,268.79752,38.107227,-985.1499,9.175757,1.0,1.0,-1.0,1.0,33.524375915527344,0.4,-0.4,0.4
31.28333333333333,20.495943,-14.996729,2.0013561,-0.2759983,-0.009828792,0.0033081113,0.9611022,-0.0058827195,0.005446536,-0.074161485,0.3116589,-0.20823213,0.14177348,0.009411071,-0.0015645471,-0.07398095,-0.063225925,0.0014073913,-9.827394,20.496754,-14.998424,1.2013583,-0.058056615,0.12137256,0.54914737,-0.23359223,-315.5739,-769.11285,-793.3311,-1264.6202,-315.5739,-769.11285,-793.3311,-1264.6202,-1.0,-1.0,-1.0,-1.0,0.0,-0.4,-0.4,-0.4
31.3,20.496012,-14.996748,2.0019584,-0.2756502,-0.004999001,0.004621247,0.9612338,-0.0018921637,0.0026737584,0.07279511,-0.114978075,-0.7318058,-0.10161384,0.002136252,-0.000818418,0.07283285,-0.43648914,0.04476774,8.808828,20.496786,-14.998387,1.2019606,-0.055461146,0.11741103,0.15572815,-0.23769154,332.08078,-643.93085,-443.66153,-1956.5162,332.08078,-643.93085,-443.66153,-1956.5162,1.0,-1.0,-1.0,-1.0,33.524375915527344,-0.4,-0.4,-0.4
31.316666666666666,20.496054,-14.996753,2.00113,-0.27337563,-0.0013858463,0.0018671645,0.9619045,-0.0020672341,0.0008441819,-0.09051025,-0.54377687,-0.19248575,-0.34469393,0.0025359194,0.00011268029,-0.090502195,0.023980051,0.055865895,-9.800103,20.496817,-14.998351,1.201132,-0.054641522,0.11447405,0.049177404,-0.17621888,-407.15054,-254.48663,430.44943,-1200.2631,-407.15054,-254.48663,430.44943,-1200.2631,-1.0,-1.0,1.0,-1.0,0.0,-0.4,0.4,-0.4
31.333333333333332,20.496098,-14.996743,2.0014648,-0.2720811,-0.0027368218,-0.00039181943,0.9622703,-0.002797586,0.0009178944,0.056921393,-0.107277334,0.37024334,-0.10122795,0.0025763083,0.00055520865,0.056936532,0.0024233337,0.026551701,8.846324,20.496843,-14.998303,1.2014669,-0.053412087,0.11174197,0.073766105,-0.16392498,392.74805,520.5483,54.99283,491.4815,392.74805,520.5483,54.99283,491.4815,1.0,1.0,1.0,1.0,33.524375915527344,0.4,0.4,0.4
31.349999999999998,20.496134,-14.996746,2.000368,-0.2727266,-0.00295249,0.0013985506,0.962086,-0.0011306878,0.0009910208,-0.106736474,0.3204449,-0.16804239,0.14214374,0.0021703239,-0.00036556955,-0.106724374,-0.024359066,-0.05524669,-9.819654,20.496866,-14.998254,1.2003698,-0.05245586,0.10798536,0.057373565,-0.22539629,-236.6953,213.2658,-700.501,328.19525,-236.6953,213.2658,-700.501,328.19525,-1.0,1.0,-1.0,1.0,0.0,0.4,-0.4,0.4
31.366666666666667,20.496138,-14.996742,2.0004253,-0.27239123,0.0015406715,0.0026762872,0.9621816,0.00040641503,-0.00045777956,0.040156946,-0.10623288,-0.691637,-0.10123372,-0.000525557,0.0004173293,0.040156003,-0.16175283,0.04697393,8.812822,20.496887,-14.998195,1.2004272,-0.053685293,0.104023844,-0.07376588,-0.23769109,504.68695,-585.9506,-150.50693,-1521.6686,504.68695,-585.9506,-150.50693,-1521.6686,1.0,-1.0,-1.0,-1.0,33.524375915527344,-0.4,-0.4,-0.4
31.383333333333333,20.496136,-14.996722,1.9990526,-0.27010027,0.0048075556,-9.5157695e-05,0.9628202,-0.0017338828,-0.0008673032,-0.123177275,-0.53489757,-0.15236175,-0.3443364,-0.00011694336,0.0013452523,-0.12318513,0.024516819,0.055675376,-9.8004675,20.49691,-14.998133,1.1990542,-0.055461146,0.101018555,-0.10655119,-0.1803173,-239.05865,-213.16087,734.70386,-794.5705,-239.05865,-213.16087,734.70386,-794.5705,-1.0,-1.0,1.0,-1.0,0.0,-0.4,0.4,-0.4
31.4,20.496181,-14.996694,1.998842,-0.26879206,0.003109575,-0.0023589812,0.96319026,-0.00422705,0.0005746728,0.024252761,-0.09817892,0.41035622,-0.10089053,0.004089758,0.0016275152,0.024228489,0.25240207,0.016935775,8.844816,20.49692,-14.998066,1.1988435,-0.052865673,0.09828647,0.15572837,-0.16392498,591.55865,629.7489,435.56833,488.98657,591.55865,629.7489,435.56833,488.98657,1.0,1.0,1.0,1.0,33.524375915527344,0.4,0.4,0.4
31.416666666666668,20.496244,-14.996678,1.9972003,-0.26945123,0.0025565058,-0.0005881543,0.9630104,-0.004152313,0.001650695,-0.13940665,0.32953313,-0.12796527,0.14247952,0.0036753574,0.00070979213,-0.139428,-0.02486402,-0.05506338,-9.819388,20.496933,-14.997997,1.1972017,-0.049313974,0.09446156,0.21310194,-0.2294947,-27.731525,265.81955,-232.58691,291.65604,-27.731525,265.81955,-232.58691,291.65604,-1.0,1.0,-1.0,1.0,0.0,0.4,-0.4,0.4
31.433333333333334,20.49633,-14.996653,1.9967178,-0.26912835,0.000203826,-0.0011364467,0.96310353,-0.005660992,0.0013964595,0.007887862,-0.09293455,0.4288848,-0.10094971,0.0055727833,0.0017240794,0.007885871,0.11384554,0.060857233,8.838832,20.496943,-14.997919,1.1967192,-0.04384982,0.090704955,0.3278493,-0.22539629,701.2056,-504.4597,343.85135,-1214.0696,701.2056,-504.4597,343.85135,-1214.0696,1.0,-1.0,1.0,-1.0,33.524375915527344,-0.4,0.4,-0.4
31.45,20.496416,-14.996642,1.9986869,-0.26978126,-0.00062720047,0.000636117,0.96292114,-0.0046880795,0.002844745,0.15487666,0.3397173,-0.09127256,0.14242032,0.005243433,0.000142395,0.15488492,-0.019761005,-0.094901055,8.819942,20.496946,-14.997833,1.1986879,-0.037975855,0.085309096,0.35243776,-0.32375154,113.54288,181.86406,-438.68277,284.84076,113.54288,181.86406,-438.68277,284.84076,1.0,1.0,-1.0,1.0,33.524375915527344,0.4,-0.4,0.4
31.466666666666665,20.49651,-14.996629,1.9992266,-0.2694607,-0.0031797912,8.566845e-05,0.96300614,-0.0053322306,0.0020118514,-0.008489797,-0.087738544,0.44736755,-0.10099293,0.0056542912,0.0010608023,-0.008453435,0.024651483,0.05510443,-9.800301,20.49695,-14.997747,1.1992275,-0.031555474,0.08011815,0.38522285,-0.31145674,-511.68225,-557.93884,126.38916,-667.63434,-511.68225,-557.93884,126.38916,-667.63434,-1.0,-1.0,1.0,-1.0,0.0,-0.4,0.4,-0.4
31.483333333333334,20.496574,-14.996627,2.0009232,-0.2701068,-0.00417025,0.0018607411,0.96281946,-0.0033259795,0.0026551508,0.13850288,0.3449201,-0.072846174,0.14238685,0.0029700752,-0.00035346832,0.13853596,-0.16105296,-0.084856234,8.819363,20.496958,-14.997653,1.2009239,-0.027457362,0.073492855,0.24588668,-0.39751765,104.06509,130.733,-703.14935,291.9651,104.06509,130.733,-703.14935,291.9651,1.0,1.0,-1.0,1.0,33.524375915527344,0.4,-0.4,0.4
31.5,20.49661,-14.996631,2.001185,-0.2697728,-0.00037480844,0.0031081361,0.9629189,-0.0014839219,0.0011133928,-0.0252469,-0.08677116,-0.6146924,-0.10096527,0.00190694,-0.0003263699,-0.025240934,-0.06378811,0.0016259057,-9.826612,20.496962,-14.997558,1.2011857,-0.025135096,0.06638946,0.13933595,-0.42620388,-513.8036,-615.52466,-234.25587,-756.6551,-513.8036,-615.52466,-234.25587,-756.6551,-1.0,-1.0,-1.0,-1.0,0.0,-0.4,-0.4,-0.4
31.516666666666666,20.496643,-14.996605,2.002606,-0.267491,0.00210474,0.0003063799,0.96355796,-0.0025640388,-0.0009653161,0.122081965,-0.510304,-0.057305098,-0.34409934,0.00217465,0.0023584454,0.12207055,0.016062604,0.16108891,8.838688,20.496964,-14.997462,1.2026064,-0.022949437,0.061403416,0.13113956,-0.2991624,41.680756,-250.66084,653.79456,-757.32715,41.680756,-250.66084,653.79456,-757.32715,1.0,-1.0,1.0,-1.0,33.524375915527344,-0.4,0.4,-0.4
31.53333333333333,20.496689,-14.996567,2.0026002,-0.26618892,-0.00029997926,-0.0019671912,0.96391875,-0.0039089094,-0.00018039625,-0.041159954,-0.07813418,0.48701936,-0.10072389,0.0032430887,0.002323427,-0.04115262,0.064106315,-0.0021011056,-9.79339,20.496962,-14.997365,1.2026007,-0.019534342,0.057168692,0.20490567,-0.2540834,-520.928,596.9746,250.62611,644.9848,-520.928,596.9746,250.62611,644.9848,-1.0,1.0,1.0,1.0,0.0,0.4,0.4,0.4
31.55,20.496737,-14.996554,2.0037518,-0.26684174,-0.0016250488,-0.0002012748,0.963739,-0.0026799068,0.0013084773,0.10583438,0.35453624,-0.03323093,0.14266059,0.0026511105,0.00012337572,0.10584312,-0.03551869,-0.13200307,8.819744,20.49696,-14.997261,1.2037519,-0.015982643,0.05061171,0.21310194,-0.39341903,147.84702,235.82388,-612.31366,298.2255,147.84702,235.82388,-612.31366,298.2255,1.0,1.0,-1.0,1.0,33.524375915527344,0.4,-0.4,0.4
31.566666666666666,20.496767,-14.996554,2.003469,-0.26651856,0.001836344,0.0010226852,0.96382743,-0.0016793255,0.00062163046,-0.05792287,-0.07721856,-0.5751293,-0.10067694,0.001586649,0.00015855404,-0.0579286,-0.06386769,0.0021106994,-9.826303,20.49696,-14.997158,1.2034692,-0.013796982,0.0432351,0.13113962,-0.44259644,-480.73676,-489.90012,-90.2351,-525.82764,-480.73676,-489.90012,-90.2351,-525.82764,-1.0,-1.0,-1.0,-1.0,0.0,-0.4,-0.4,-0.4
31.583333333333332,20.496817,-14.99653,2.004345,-0.2642336,0.0039725373,-0.0017925294,0.9644488,-0.003430107,-0.00032316498,0.089407496,-0.5006006,-0.01778707,-0.3438242,0.0035561076,0.0019049038,0.08938286,0.118167505,0.10478098,8.838687,20.49696,-14.99705,1.2043452,-0.010245284,0.037292838,0.21310188,-0.35653573,128.57101,-114.89287,754.63184,-518.3265,128.57101,-114.89287,754.63184,-518.3265,1.0,-1.0,1.0,-1.0,33.524375915527344,-0.4,0.4,-0.4
31.599999999999998,20.496893,-14.996499,2.0037942,-0.26292259,0.0012241125,-0.004063209,0.9648075,-0.0049471725,0.0013692693,-0.07383443,-0.068249404,0.5265,-0.10047451,0.004625693,0.0018613992,-0.0738445,0.064175114,-0.002610278,-9.79364,20.496964,-14.996943,1.2037946,-0.00505434,0.031828683,0.31145662,-0.3278493,-452.7198,702.8279,394.73233,627.9642,-452.7198,702.8279,394.73233,627.9642,-1.0,1.0,1.0,1.0,0.0,0.4,0.4,0.4
31.616666666666667,20.496977,-14.996511,2.004401,-0.26357764,-0.00043512767,-0.0023011689,0.96463525,-0.0039855717,0.003577489,0.073150784,0.36442798,0.0062049627,0.14291404,0.0052783256,-0.0013952041,0.0731431,0.039157957,-0.19539618,8.819256,20.496958,-14.996836,1.2044013,0.0013660379,0.023222644,0.38522267,-0.5163623,251.51115,391.9067,-470.56064,283.3018,251.51115,391.9067,-470.56064,283.3018,1.0,1.0,-1.0,1.0,33.524375915527344,0.4,-0.4,0.4
31.633333333333333,20.49707,-14.996525,2.0035782,-0.26325116,-0.003827597,-0.0028514517,0.96471554,-0.0038632564,0.003626306,-0.090215415,-0.063132346,0.544837,-0.10044875,0.0057004653,-0.00048333092,-0.09018961,0.025328377,0.05471239,-9.799962,20.496956,-14.996725,1.2035785,0.008196227,0.014343398,0.40981135,-0.5327547,-389.63324,-294.47058,60.801388,-369.64978,-389.63324,-294.47058,60.801388,-369.64978,-1.0,-1.0,1.0,-1.0,0.0,-0.4,0.4,-0.4
31.65,20.497133,-14.996574,2.003912,-0.26389635,-0.005645087,-0.0010850487,0.96453387,-0.0012382143,0.0048666913,0.056771882,0.36955184,0.024474978,0.14295438,0.00295752,-0.0038464866,0.056786638,-0.16457671,-0.20178933,8.818574,20.496956,-14.996611,1.2039121,0.012704152,0.002595472,0.27047545,-0.70487547,319.09567,377.77875,-820.79663,290.57376,319.09567,377.77875,-820.79663,290.57376,1.0,1.0,-1.0,1.0,33.524375915527344,0.4,-0.4,0.4
31.666666666666668,20.497168,-14.996637,2.0028114,-0.2635771,-0.0026762632,0.0001202648,0.96463454,0.00084762066,0.0040631723,-0.10699751,-0.062274426,-0.517475,-0.1003653,0.0018955678,-0.0038035112,-0.10699362,-0.063717134,0.0025785246,-9.826815,20.496954,-14.996496,1.2028115,0.015299624,-0.01010868,0.15572833,-0.7622491,-325.30637,-248.19757,-443.20978,-521.1338,-325.30637,-248.19757,-443.20978,-521.1338,-1.0,-1.0,-1.0,-1.0,0.0,-0.4,-0.4,-0.4
31.683333333333334,20.497194,-14.996705,2.002871,-0.26130077,-0.0024785015,0.0024511197,0.96525115,0.0006159274,0.004541529,0.040419944,0.37291694,0.043296665,-0.343176,0.0015138943,-0.004093099,0.040444173,-0.022900406,-0.017375266,8.846268,20.496954,-14.996384,1.2028711,0.017212076,-0.023017738,0.11474713,-0.7745434,395.5278,183.03844,411.63284,-533.01166,395.5278,183.03844,411.63284,-533.01166,1.0,1.0,1.0,-1.0,33.524375915527344,0.4,0.4,-0.4
31.7,20.497204,-14.996769,2.0014982,-0.2599962,0.00034459663,0.003636982,0.96560276,0.0012710283,0.0026593206,-0.12335919,-0.058687985,-0.5005865,-0.100156546,0.00038728086,-0.003826458,-0.123334445,-0.06759681,0.015998455,-9.826716,20.496956,-14.996269,1.2014984,0.017758492,-0.035790194,0.032784972,-0.7663473,-182.24336,-636.1288,-204.01848,572.0738,-182.24336,-636.1288,-204.01848,572.0738,-1.0,-1.0,-1.0,1.0,0.0,-0.4,-0.4,0.4
31.716666666666665,20.497215,-14.996796,2.001284,-0.2577157,0.0018158575,0.0007930413,0.96621865,-0.00031792396,0.0010842584,0.023972642,-0.48183894,0.05664918,-0.3433442,0.0008899977,-0.00072272326,0.023971854,0.03016301,0.18622407,8.838377,20.49696,-14.996162,1.2012844,0.018304907,-0.04535246,0.03278486,-0.5737359,482.4161,-270.05502,601.7819,-475.29922,482.4161,-270.05502,601.7819,-475.29922,1.0,-1.0,1.0,-1.0,33.524375915527344,-0.4,0.4,-0.4
31.733333333333334,20.497242,-14.996804,1.9996434,-0.25641736,-0.0015913474,-0.0014686488,0.9665637,-0.0007796907,0.0019301615,-0.13924843,-0.04915309,0.6008692,-0.10004523,0.001957412,-0.00078087975,-0.13924804,0.06404486,-0.0034893895,-9.793194,20.49696,-14.996051,1.1996437,0.02021736,-0.0539585,0.11474724,-0.51636255,-104.084,570.3963,102.48475,657.7018,-104.084,570.3963,102.48475,657.7018,-1.0,1.0,1.0,1.0,0.0,0.4,0.4,0.4
31.75,20.497257,-14.996843,1.9991599,-0.2570725,-0.0038761639,0.00030224535,0.9663843,0.0011345777,0.0026612463,0.0077477065,0.3835066,0.08045882,0.14337702,0.000278434,-0.002884148,0.0077460073,-0.10073868,-0.12619609,8.819643,20.496967,-14.995946,1.1991607,0.020763775,-0.06427209,0.03278486,-0.6188153,637.19617,273.72787,-813.0519,307.28967,637.19617,273.72787,-813.0519,307.28967,1.0,1.0,-1.0,1.0,33.524375915527344,0.4,-0.4,0.4
31.766666666666666,20.497215,-14.996894,2.0011249,-0.25675282,-0.0014962171,0.0014798291,0.9664748,0.003857131,0.0015528239,0.15462032,-0.043501884,-0.44347155,-0.09990881,-0.0031426048,-0.0029388769,0.15461636,-0.20526232,-0.003283736,8.812221,20.49697,-14.995847,1.2011256,0.017621888,-0.074995495,-0.18851323,-0.64340425,24.189915,-431.4247,-452.3465,-379.68674,24.189915,-431.4247,-452.3465,-379.68674,1.0,-1.0,-1.0,-1.0,33.524375915527344,-0.4,-0.4,-0.4
31.78333333333333,20.497177,-14.996945,2.0016618,-0.25741425,-0.0018011956,0.0038120295,0.9662919,0.003307032,0.0014911778,-0.008610005,0.38784137,0.09935808,0.14334749,-0.0020800778,-0.0029941741,-0.008602352,0.06375162,-0.0033178364,-9.793122,20.496979,-14.995751,1.2016627,0.014206794,-0.085514,-0.20490561,-0.6311103,-662.823,55.91372,328.80392,111.25251,-662.823,55.91372,328.80392,111.25251,-1.0,1.0,1.0,1.0,0.0,0.4,0.4,0.4
31.8,20.497107,-14.996967,2.0028787,-0.25708696,0.0004297031,0.004984594,0.9663753,0.004735846,-0.00064626057,0.1002234,-0.03979653,-0.426776,-0.099921435,-0.0046045766,-0.00080465677,0.10022837,-0.15146992,0.13137104,6.529843,20.496984,-14.995657,1.2028797,0.008742643,-0.09384684,-0.32784906,-0.49997044,0.75510985,-808.9646,-400.49182,-333.39505,0.75510985,-808.9646,-400.49182,-333.39505,0.75510985,-1.0,-1.0,-1.0,29.419479370117188,-0.4,-0.4,-0.4
31.816666666666666,20.497034,-14.996967,2.0025072,-0.2577432,0.0013889376,0.002133186,0.96621,0.0032668766,-0.0026033386,-0.06312391,-0.4668114,0.11160123,0.14282788,-0.0042294855,0.00032491368,-0.0631196,0.022505464,0.06777422,-9.800877,20.496992,-14.995568,1.2025086,0.0030052832,-0.10019893,-0.34424156,-0.38112533,-555.8203,-414.88742,384.71072,76.66398,-555.8203,-414.88742,384.71072,76.66398,-1.0,-1.0,1.0,1.0,0.0,-0.4,0.4,0.4
31.833333333333332,20.49697,-14.996956,2.0032926,-0.25742128,0.003941604,0.0015825392,0.9662899,0.0036328603,-0.0022885913,0.083860025,-0.03502029,-0.40902886,-0.09992165,-0.0037193783,0.0006046668,0.08388528,0.030606434,0.016785188,8.8202915,20.497002,-14.995483,1.2032939,-0.0023222642,-0.105458185,-0.31965283,-0.31555516,189.28642,456.83276,-197.25278,-1593.0245,189.28642,456.83276,-197.25278,-1593.0245,1.0,1.0,-1.0,-1.0,33.524375915527344,0.4,-0.4,-0.4
31.849999999999998,20.496908,-14.996931,2.0026488,-0.25806805,0.0047463495,-0.0012703682,0.9661142,0.0013570515,-0.0027803276,-0.07948969,-0.46203917,0.12934853,0.14282402,-0.0033437235,0.0017336665,-0.079460666,0.022539286,0.06773998,-9.800756,20.497007,-14.995403,1.2026504,-0.007103397,-0.109419696,-0.28686795,-0.23769064,-501.58542,-181.05692,644.43384,82.726036,-501.58542,-181.05692,644.43384,82.726036,-1.0,-1.0,1.0,1.0,0.0,-0.4,0.4,0.4
31.866666666666667,20.496908,-14.996913,2.0031672,-0.25773382,0.0006160586,-0.0035378654,0.96620923,-0.0010996687,-0.00094951154,0.06795125,-0.026012719,0.68936604,-0.10020707,0.00068548793,0.00092805707,0.067956984,0.24175268,-0.048336565,8.845058,20.497019,-14.995334,1.203169,-0.007923019,-0.11310802,-0.049177323,-0.22129922,252.41061,677.55585,132.17928,-1368.3694,252.41061,677.55585,132.17928,-1368.3694,1.0,1.0,1.0,-1.0,33.524375915527344,0.4,0.4,-0.4
31.883333333333333,20.496912,-14.996909,2.002254,-0.2583861,-0.0023164612,-0.001775121,0.9660372,0.00028953038,0.00032038946,-0.095700376,0.40177786,0.15068042,0.1432356,0.00024960586,2.0637379e-05,-0.09570102,-0.026152924,-0.05444518,-9.819479,20.497023,-14.995265,1.202256,-0.007923019,-0.117752545,0.0,-0.27867165,-309.0909,340.55206,-773.94165,436.02402,-309.0909,340.55206,-773.94165,436.02402,-1.0,1.0,-1.0,1.0,0.0,0.4,-0.4,0.4
31.9,20.496893,-14.996922,2.002495,-0.2580709,-0.00054209295,-0.00059886376,0.96612567,0.0021519256,-6.104377e-05,0.05118001,-0.02526182,-0.37326226,-0.10000652,-0.0019335145,-0.0010937033,0.051177077,-0.13098721,-0.06686044,8.812685,20.497034,-14.9952,1.2024969,-0.01010868,-0.12328501,-0.13113967,-0.33194792,390.49878,-343.55728,-437.66873,-263.07562,390.49878,-343.55728,-437.66873,-263.07562,1.0,-1.0,-1.0,-1.0,33.524375915527344,-0.4,-0.4,-0.4
31.916666666666668,20.496872,-14.99694,2.0013075,-0.2587332,-0.0014551479,0.0017281353,0.96594614,0.0015420754,9.9698314e-05,-0.112043366,0.40603516,0.1694603,0.14324225,-0.0008706038,-0.001146853,-0.11204477,0.063774645,-0.0031889786,-9.793309,20.49704,-14.995141,1.2013098,-0.012021133,-0.12881747,-0.11474713,-0.33194748,-334.63696,138.5627,336.02985,76.487236,-334.63696,138.5627,336.02985,76.487236,-1.0,1.0,1.0,1.0,0.0,0.4,0.4,0.4
31.933333333333334,20.49683,-14.996945,2.001276,-0.25841212,0.00015742292,0.0028990586,0.9660304,0.0027348837,-0.0014305392,0.03483651,-0.021033466,-0.35447907,-0.0999823,-0.0031254536,7.198326e-05,0.034832954,-0.13529098,0.073130175,8.812663,20.497046,-14.9950905,1.2012784,-0.015436227,-0.1328473,-0.20490567,-0.2417895,480.43658,-691.7597,-431.8136,-277.37427,480.43658,-691.7597,-431.8136,-277.37427,1.0,-1.0,-1.0,-1.0,33.524375915527344,-0.4,-0.4,-0.4
31.95,20.496784,-14.996931,1.9998145,-0.2590708,0.0004965912,4.5278357e-05,0.96585816,0.0016560885,-0.0023965386,-0.12851316,-0.44805452,0.18390241,0.14274724,-0.002753398,0.0012017392,-0.12851106,0.02232334,0.06778535,-9.80064,20.497055,-14.995044,1.1998168,-0.019397737,-0.13516957,-0.23769058,-0.13933627,-240.74898,-282.35767,323.44247,62.712193,-240.74898,-282.35767,323.44247,62.712193,-1.0,-1.0,1.0,1.0,0.0,-0.4,0.4,0.4
31.966666666666665,20.496742,-14.996926,1.99951,-0.25875401,0.0024288783,-0.00050780596,0.96594,0.002281039,-0.0013163132,0.018478455,-0.016340792,-0.33685678,-0.10004911,-0.0025419998,4.8920424e-06,0.018491277,0.012683886,-0.07181083,8.82014,20.49706,-14.995007,1.1995122,-0.022812832,-0.13749184,-0.20490567,-0.13933627,581.9463,562.5931,-308.41605,-1474.1387,581.9463,562.5931,-308.41605,-1474.1387,1.0,1.0,-1.0,-1.0,33.524375915527344,0.4,-0.4,-0.4
31.983333333333334,20.496708,-14.996926,1.9977782,-0.2594231,0.0012023468,0.001809951,0.96576124,0.00082995044,-0.0011161733,-0.14473706,0.41493365,0.20581406,0.14319812,-0.0014777463,-4.6228142e-05,-0.1447362,0.06385521,-0.0030672108,-9.793649,20.497059,-14.99497,1.1977807,-0.025135096,-0.14008732,-0.13933583,-0.15572904,-96.30185,33.456814,498.24393,68.38492,-96.30185,33.456814,498.24393,68.38492,-1.0,1.0,1.0,1.0,0.0,0.4,0.4,0.4
32.0,20.496674,-14.996906,1.9972019,-0.25910437,0.0025022076,0.0029755766,0.9658414,0.0010266348,-0.0024899766,0.0021509775,-0.012153178,-0.31812203,-0.09999994,-0.0021279857,0.0016569324,0.0021463742,-0.03901436,0.10218963,8.812954,20.497059,-14.994945,1.1972047,-0.027593967,-0.14049713,-0.14753221,-0.024588702,694.10114,-771.81757,-279.75034,-240.53372,694.10114,-771.81757,-279.75034,-240.53372,1.0,-1.0,-1.0,-1.0,33.524375915527344,-0.4,-0.4,-0.4
32.016666666666666,20.496655,-14.996836,1.9990792,-0.25975788,0.0024148088,0.00011364066,0.9656707,-0.0013488551,-0.0046054265,0.14945187,-0.4342829,0.23835744,0.14272726,-0.00045545163,0.0048809205,0.14944851,0.100352034,0.19343929,8.838128,20.497053,-14.994929,1.1990817,-0.02855019,-0.13653561,-0.057373453,0.23769109,36.404583,-402.5759,486.7664,43.108425,36.404583,-402.5759,486.7664,43.108425,1.0,-1.0,1.0,1.0,33.524375915527344,-0.4,0.4,0.4
32.03333333333333,20.496643,-14.99677,1.9995241,-0.25943893,0.0039974223,-0.00044557816,0.9657511,-0.0012699206,-0.003618428,-0.014205852,-0.007543117,-0.30053678,-0.10009386,-0.0008272476,0.0037504553,-0.014204283,-0.02230776,-0.06782791,-9.819167,20.497055,-14.99492,1.1995265,-0.029506417,-0.13250579,-0.057373565,0.2417895,-565.8263,481.6554,-164.26186,-704.32855,-565.8263,481.6554,-164.26186,-704.32855,-1.0,1.0,-1.0,-1.0,0.0,0.4,-0.4,-0.4
32.05,20.49667,-14.996689,2.0011292,-0.2600847,0.0037572193,-0.0033091875,0.96557283,-0.0038300552,-0.0043245084,0.13309138,-0.42966264,0.25594082,0.14263219,0.0023346315,0.0050727325,0.1330996,0.18971275,0.07933662,8.838232,20.497051,-14.994919,1.2011311,-0.02732076,-0.12676843,0.13113944,0.34424183,54.825832,-163.86696,613.78424,40.849068,54.825832,-163.86696,613.78424,40.849068,1.0,-1.0,1.0,1.0,33.524375915527344,-0.4,0.4,0.4
32.06666666666666,20.496723,-14.996608,2.001307,-0.25973675,-0.0013377873,-0.005601835,0.96566224,-0.0052338885,-0.0021108314,-0.030176817,0.0011225939,0.79773176,-0.10047225,0.0034589332,0.004798774,-0.03012469,0.0674581,-0.016437499,-9.793457,20.497047,-14.99492,1.201309,-0.023222644,-0.12089444,0.2458869,0.3524391,-556.0228,668.83575,35.269928,-577.1076,-556.0228,668.83575,35.269928,-577.1076,-1.0,1.0,1.0,-1.0,0.0,0.4,0.4,-0.4
32.083333333333336,20.49677,-14.996584,2.0026422,-0.2603697,-0.005322624,-0.0038577318,0.9654865,-0.003542198,0.00058546476,0.11681805,0.43392047,0.27686143,0.14300723,0.0023901416,8.07049e-05,0.11684874,-0.06412749,-0.28308415,8.818405,20.497042,-14.994927,1.2026441,-0.019397737,-0.11864047,0.22949438,0.1352383,136.7302,360.65814,-906.50867,378.54013,136.7302,360.65814,-906.50867,378.54013,1.0,1.0,-1.0,1.0,33.524375915527344,0.4,-0.4,0.4
32.1,20.496798,-14.996583,2.0025425,-0.26005152,-0.0045179157,-0.0026953253,0.96558034,-0.00074171915,0.000686344,-0.046939965,0.0018965751,-0.26516932,-0.10015161,0.0013298087,0.000133597,-0.046931814,-0.06361997,0.003173526,-9.826833,20.497034,-14.994942,1.2025442,-0.016938869,-0.11754764,0.1475321,0.06556972,-442.83517,-182.20694,-687.8445,-72.6157,-442.83517,-182.20694,-687.8445,-72.6157,-1.0,-1.0,-1.0,-1.0,0.0,-0.4,-0.4,-0.4
32.11666666666667,20.496792,-14.996619,2.0035977,-0.2607126,4.708147e-05,0.0013490914,0.9654154,0.0022240921,0.0019978683,0.1000583,0.4340173,-0.7853458,0.14313532,-0.0009773233,-0.0025827626,0.10006486,-0.13842791,-0.16298157,8.8198,20.49703,-14.994964,1.2035997,-0.017075473,-0.11857217,-0.008196271,-0.061471757,150.454,298.26605,-51.881493,47.737717,150.454,298.26605,-51.881493,47.737717,1.0,1.0,-1.0,1.0,33.524375915527344,0.4,-0.4,0.4
32.13333333333333,20.496782,-14.99665,2.0032234,-0.2603856,0.0028589782,0.0030957544,0.96549547,0.0008626987,0.0008867561,-0.063289724,0.0074258596,-0.24584423,-0.10070415,-0.00054718956,-0.001672814,-0.06327734,0.025808021,0.054596912,-9.800532,20.497023,-14.994987,1.2032253,-0.017212076,-0.11911858,-0.008196159,-0.032784637,-465.38742,-606.5538,752.07837,-2675.9014,-465.38742,-606.5538,752.07837,-2675.9014,-1.0,-1.0,1.0,-1.0,0.0,-0.4,0.4,-0.4
32.15,20.496792,-14.996634,2.0040102,-0.26103485,0.0021517552,0.00023412157,0.96532685,-0.0015326103,-0.0008725624,0.08402984,-0.41471404,0.31061313,0.14200944,0.0012228041,0.0016584151,0.08402308,0.106199615,0.19987373,8.838025,20.49701,-14.995015,1.2040119,-0.015572831,-0.11590839,0.0983547,0.1926112,144.36513,-441.54877,476.7291,28.237677,144.36513,-441.54877,476.7291,28.237677,1.0,-1.0,1.0,1.0,33.524375915527344,-0.4,0.4,0.4
32.166666666666664,20.496809,-14.996621,2.0033648,-0.26071033,0.003112188,-0.00032332956,0.96541196,-0.0014681034,0.00015362131,-0.07962297,0.011949658,-0.22837114,-0.10085215,0.000853947,0.0005267866,-0.07963033,-0.022131423,-0.0678977,-9.819203,20.497002,-14.99505,1.2033664,-0.013796982,-0.112493284,0.10655092,0.20490645,-487.1758,464.17978,-227.43161,-603.4065,-487.1758,464.17978,-227.43161,-603.4065,-1.0,1.0,-1.0,-1.0,0.0,0.4,-0.4,-0.4
32.18333333333333,20.496862,-14.996597,2.003879,-0.26135296,0.0022532467,-0.0031870753,0.96523535,-0.003580983,-0.00032361085,0.06768865,-0.4101786,0.32807907,0.14185958,0.0033356752,0.0017494409,0.06767935,0.1489037,0.07335925,8.838581,20.497,-14.995091,1.2038804,-0.009835472,-0.107848756,0.23769058,0.27867165,238.50659,-165.29404,518.6765,22.660654,238.50659,-165.29404,518.6765,22.660654,1.0,-1.0,1.0,1.0,33.524375915527344,-0.4,0.4,0.4
32.2,20.496914,-14.996584,2.0029614,-0.26102927,0.0030649337,-0.0037458546,0.9653187,-0.0032547945,0.0018087878,-0.09595614,0.016466707,-0.21092959,-0.1010123,0.0029672508,0.0006184965,-0.09598052,-0.022105467,-0.067856655,-9.8195915,20.49699,-14.995137,1.2029628,-0.0054641515,-0.103614025,0.26227924,0.25408384,-418.1992,660.4313,-135.73203,-509.8381,-418.1992,660.4313,-135.73203,-509.8381,-1.0,1.0,-1.0,-1.0,0.0,0.4,-0.4,-0.4
32.21666666666667,20.497004,-14.996595,2.0032043,-0.26168603,0.0006304275,-0.0014400884,0.9651518,-0.0049749697,0.0039213286,0.05145021,0.45254767,0.34959477,0.14223586,0.006375774,-0.0009972636,0.051435456,0.20451137,-0.096945606,8.844957,20.496975,-14.995188,1.2032057,0.0020490568,-0.10081365,0.45079246,0.1680225,348.06277,184.04138,567.2327,15.810969,348.06277,184.04138,567.2327,15.810969,1.0,1.0,1.0,1.0,33.524375915527344,0.4,0.4,0.4
32.233333333333334,20.497097,-14.996612,2.0020146,-0.26136407,0.0008078365,-0.0002835784,0.9652398,-0.004266252,0.0036092582,-0.1123257,0.020503834,-0.19244565,-0.10087816,0.0053126374,-0.0009495191,-0.112335056,-0.06378818,0.0028646688,-9.82623,20.496964,-14.99524,1.2020159,0.009562265,-0.098218165,0.45079246,0.15572904,-247.4001,-582.3828,-251.66795,-96.18327,-247.4001,-582.3828,-251.66795,-96.18327,-1.0,-1.0,-1.0,-1.0,0.0,-0.4,-0.4,-0.4
32.25,20.497202,-14.996619,2.001984,-0.25908032,-0.00035768945,-0.003155504,0.96585053,-0.005418353,0.0032594204,0.03498942,-0.40195882,0.3644781,-0.34411082,0.0063552335,-0.00032986846,0.03498205,0.06255576,0.037179038,8.839026,20.496956,-14.9953,1.2019852,0.017621888,-0.09446156,0.48357734,0.22539629,435.88638,-145.1697,430.3693,-10.088383,435.88638,-145.1697,430.3693,-10.088383,1.0,-1.0,1.0,-1.0,33.524375915527344,-0.4,0.4,-0.4
32.266666666666666,20.49731,-14.9966345,2.0005207,-0.25778127,0.00012831703,-0.0037190383,0.9661961,-0.004305368,0.00495773,-0.12865356,0.026799157,-0.17279127,-0.10069802,0.005924205,-0.0012379665,-0.12867877,-0.025861718,-0.054485876,-9.819649,20.496954,-14.995359,1.2005221,0.02554491,-0.09131967,0.47538128,0.18851323,-133.46954,601.7687,-224.22043,682.8533,-133.46954,601.7687,-224.22043,682.8533,-1.0,1.0,-1.0,1.0,0.0,0.4,-0.4,0.4
32.28333333333333,20.497425,-14.996682,2.0002189,-0.2584313,-0.0026274666,-0.0014015888,0.966025,-0.004860605,0.00659032,0.01872964,0.46289873,0.3877114,0.14256033,0.007420391,-0.0033592817,0.018748607,0.08977116,-0.12727891,8.845642,20.49694,-14.995426,1.2002202,0.034697365,-0.08995363,0.5491473,0.08196249,583.4446,242.85677,376.25784,2.7626014,583.4446,242.85677,376.25784,2.7626014,1.0,1.0,1.0,1.0,33.524375915527344,0.4,0.4,0.4
32.3,20.497536,-14.996738,1.9984844,-0.2581082,-0.002775347,-0.00024628383,0.96611196,-0.003068,0.0058963457,-0.14505306,0.0308014,-0.15438563,-0.10053384,0.0063592433,-0.003303799,-0.14502832,-0.06366885,0.0033289564,-9.826615,20.496931,-14.995497,1.1984857,0.043303404,-0.088929094,0.5163623,0.061472204,-32.408512,-497.58838,-514.34814,-100.77231,-32.408512,-497.58838,-514.34814,-100.77231,-1.0,-1.0,-1.0,-1.0,0.0,-0.4,-0.4,-0.4
32.31666666666666,20.497623,-14.99679,1.9979088,-0.25583383,-0.004278806,-0.0031208806,0.96670616,-0.0028238231,0.0053627333,0.0022816744,-0.3915429,0.40246725,-0.34378818,0.0050915703,-0.0032827214,0.0022887986,-0.07606038,0.0012646614,8.839027,20.496923,-14.995569,1.1979101,0.050133597,-0.087426454,0.40981156,0.090158425,684.81573,-46.108627,110.90234,-3.3490021,684.81573,-46.108627,110.90234,-3.3490021,1.0,-1.0,1.0,-1.0,33.524375915527344,-0.4,0.4,-0.4
32.333333333333336,20.497677,-14.996891,1.9997841,-0.2545368,-0.0042386493,-0.003685977,0.96704674,-0.00013013883,0.0066707577,0.14930186,0.042280182,-0.116935134,-0.100372836,0.002453667,-0.0071286685,0.14926058,-0.15827419,-0.23075682,8.818306,20.496925,-14.995652,1.1997855,0.0538219,-0.08872419,0.2212981,-0.07786407,131.35153,600.6341,-588.4973,702.2659,131.35153,600.6341,-588.4973,702.2659,1.0,1.0,-1.0,1.0,33.524375915527344,0.4,-0.4,0.4
32.35,20.497713,-14.997018,2.0002258,-0.25519845,-0.00081360084,0.00034317424,0.96688825,0.0022332126,0.007966646,-0.014399215,0.46952903,-0.65533745,0.14292468,0.0020143592,-0.008034631,-0.01439372,-0.026358472,-0.05435773,-9.819258,20.496927,-14.995734,1.2002274,0.056280766,-0.09193439,0.14753199,-0.1926121,-534.0125,443.15723,-81.42962,239.36075,-534.0125,443.15723,-81.42962,239.36075,-1.0,1.0,-1.0,1.0,0.0,0.4,-0.4,0.4
32.36666666666667,20.497747,-14.997136,2.0018272,-0.25487375,0.0007693089,0.0020822752,0.96697176,0.00163453,0.007177908,0.13289201,0.047664255,-0.09782391,-0.10083479,0.0021725895,-0.0064636865,0.13292097,0.009493818,0.09425665,8.838881,20.496931,-14.995829,1.2018287,0.058466434,-0.09364194,0.13114011,-0.10245278,64.598076,-553.462,690.253,-2484.1086,64.598076,-553.462,690.253,-2484.1086,1.0,-1.0,1.0,-1.0,33.524375915527344,-0.4,0.4,-0.4
32.38333333333333,20.497793,-14.997232,2.0020008,-0.25552976,-0.0011158992,-0.00076347735,0.9668002,0.0004955083,0.0059291124,-0.030414943,-0.37924004,0.44054183,0.14185429,0.0025525012,-0.0053373976,-0.030421466,0.022794696,0.06757733,-9.800546,20.496943,-14.995925,1.2020024,0.0609253,-0.09364194,0.14753199,0.0,-577.1563,-237.43005,248.2279,221.64432,-577.1563,-237.43005,248.2279,221.64432,-1.0,-1.0,1.0,1.0,0.0,-0.4,0.4,0.4
32.4,20.497822,-14.997347,2.0033317,-0.2552047,-0.0013956373,-0.0013194892,0.96688503,0.0019509329,0.0069759022,0.11659483,0.052085847,-0.08060808,-0.10106088,0.00150974,-0.0074105575,0.116574556,-0.06256566,-0.12438959,8.819761,20.496952,-14.996026,1.2033333,0.06229134,-0.09459816,0.081962265,-0.05737334,58.946266,552.7163,-595.0589,-431.8735,58.946266,552.7163,-595.0589,-431.8735,1.0,1.0,-1.0,-1.0,33.524375915527344,0.4,-0.4,-0.4
32.416666666666664,20.497862,-14.997472,2.0032344,-0.255851,-0.004823036,0.0010133433,0.96670365,0.0018724794,0.0075564175,-0.046662107,0.4832965,0.46185422,0.14223243,0.0025698817,-0.007469647,-0.046642877,0.0636085,-0.0035453772,-9.793045,20.496965,-14.996129,1.2032363,0.06420379,-0.096169114,0.11474713,-0.09425729,-540.5395,148.11638,46.546898,237.05934,-540.5395,148.11638,46.546898,237.05934,-1.0,1.0,1.0,1.0,0.0,0.4,0.4,0.4
32.43333333333333,20.497847,-14.997594,2.004293,-0.25552225,-0.005724486,0.0021748305,0.96678376,0.0044529336,0.0060827015,0.10022196,0.05601175,-0.062356863,-0.10081088,-0.002086752,-0.0073602605,0.10021348,-0.27939802,0.0065631974,8.811381,20.496979,-14.996236,1.2042944,0.062154736,-0.09726194,-0.12294329,-0.06556972,125.35099,-529.38934,-768.68317,-85.40616,125.35099,-529.38934,-768.68317,-85.40616,1.0,-1.0,-1.0,-1.0,33.524375915527344,-0.4,-0.4,-0.4
32.45,20.497791,-14.997715,2.0039158,-0.2561787,-0.0013740513,0.0010254262,0.96662784,0.006429926,0.0043932674,-0.06356096,-0.37479278,-0.60493463,0.14208432,-0.0032079117,-0.0070823757,-0.06356248,-0.06726958,0.016673086,-9.826557,20.496988,-14.996347,1.2039175,0.0575102,-0.09794496,-0.2786721,-0.04098102,-520.9209,-128.39511,-442.46927,254.60593,-520.9209,-128.39511,-442.46927,254.60593,-1.0,-1.0,-1.0,1.0,0.0,-0.4,-0.4,0.4
32.46666666666667,20.497744,-14.997829,2.0046992,-0.25585708,0.00021356688,0.0010397811,0.966714,0.0057581123,0.004844486,0.0838563,0.061818868,-0.044462882,-0.10053967,-0.0026177398,-0.006880892,0.08387076,0.03541031,0.012089022,8.845995,20.497011,-14.996463,1.204701,0.05245586,-0.09787666,-0.30326036,0.004097968,174.85178,537.3364,467.25598,-3806.5017,174.85178,537.3364,467.25598,-3806.5017,1.0,1.0,1.0,-1.0,33.524375915527344,0.4,0.4,-0.4
32.483333333333334,20.497684,-14.997942,2.0040498,-0.25650737,0.0044076573,-0.000103375976,0.96653223,0.005847832,0.004076058,-0.079935476,-0.36895886,-0.5870575,0.14235406,-0.0037422988,-0.006604082,-0.07989288,-0.06747354,0.016608601,-9.825818,20.497034,-14.996585,1.2040511,0.046581898,-0.097193636,-0.35243776,0.040981468,-482.45544,-121.95752,-30.229982,252.52568,-482.45544,-121.95752,-30.229982,252.52568,-1.0,-1.0,-1.0,1.0,0.0,-0.4,-0.4,0.4
32.5,20.497671,-14.998044,2.0045607,-0.2561877,0.0058386745,-7.814644e-05,0.9666093,0.003246984,0.0054518627,0.06749704,0.0676176,-0.026569605,-0.100285746,0.00064414495,-0.0061526303,0.06751182,0.2631866,0.027087096,8.844281,20.497055,-14.996708,1.2045623,0.044123027,-0.095690995,-0.14753221,0.090158425,227.42676,509.33304,752.7278,-3535.4316,227.42676,509.33304,752.7278,-3535.4316,1.0,1.0,1.0,-1.0,33.524375915527344,0.4,0.4,-0.4
32.516666666666666,20.497686,-14.998131,2.003644,-0.2568318,0.0033391044,-0.0029210902,0.96644586,0.0011326517,0.005575444,-0.09580026,-0.3592549,0.51180434,0.14239073,0.0010224466,-0.0050255223,-0.095831916,0.022698095,0.06762648,-9.800623,20.497082,-14.996835,1.2036455,0.043303404,-0.09282231,-0.049177404,0.17212091,-433.41733,-145.15315,487.67566,217.5826,-433.41733,-145.15315,487.67566,217.5826,-1.0,-1.0,1.0,1.0,0.0,-0.4,0.4,0.4
32.53333333333333,20.497736,-14.998245,2.0038843,-0.25650626,0.0024451073,-0.0034682031,0.9665332,0.0013426123,0.007820483,0.051215272,0.07197118,-0.009464648,-0.100549795,0.0030448807,-0.0077360584,0.051155146,0.121346034,-0.16263215,8.819223,20.497118,-14.996967,1.2038856,0.04425963,-0.09152458,0.057373565,0.07786407,295.77026,651.49585,-349.5717,-201.42743,295.77026,651.49585,-349.5717,-201.42743,1.0,1.0,-1.0,-1.0,33.524375915527344,0.4,-0.4,-0.4
32.55,20.497797,-14.998374,2.0026965,-0.25716022,-0.0016016761,-0.0011343914,0.96636677,0.0007217326,0.00895671,-0.112055644,0.5031311,0.53291744,0.14276697,0.004106949,-0.0077927737,-0.112069696,0.0637241,-0.0034029128,-9.79349,20.497145,-14.997104,1.2026979,0.0467185,-0.09097816,0.14753221,0.032785084,-330.58914,267.19254,297.94278,211.44592,-330.58914,267.19254,297.94278,211.44592,-1.0,1.0,1.0,1.0,0.0,0.4,0.4,0.4
32.56666666666666,20.497837,-14.998512,2.0026643,-0.25683868,-0.0031184517,3.3861248e-05,0.96644914,0.0025184266,0.008320292,0.034812067,0.075825244,0.008689463,-0.10023028,0.0017339954,-0.008526322,0.034810126,-0.14237721,-0.044012923,8.812789,20.497177,-14.997245,1.2026656,0.047264915,-0.090773255,0.03278486,0.012294351,439.85596,-444.0393,-679.5218,-74.98781,439.85596,-444.0393,-679.5218,-74.98781,1.0,-1.0,-1.0,-1.0,33.524375915527344,-0.4,-0.4,-0.4
32.583333333333336,20.497858,-14.998665,2.001199,-0.25748774,-0.00078231783,0.004073308,0.96627265,0.0034927842,0.0077637266,-0.12891036,0.5031699,-0.5299645,0.14310394,0.0012989001,-0.009434883,-0.12883964,-0.026105715,-0.054513603,-9.818986,20.49721,-14.997389,1.2012004,0.046445295,-0.09138797,-0.04917718,-0.036883052,-218.36128,24.36751,-216.76178,223.14159,-218.36128,24.36751,-216.76178,223.14159,-1.0,1.0,-1.0,1.0,0.0,0.4,-0.4,0.4
32.6,20.497871,-14.9987755,2.0008924,-0.2571624,-0.0002858998,0.005816163,0.9663506,0.002218631,0.0053726295,0.018389903,0.08104507,0.027569525,-0.100596674,0.0006799202,-0.0055603483,0.01845525,-0.037138794,0.23247205,8.837693,20.497246,-14.9975395,1.2008939,0.044806045,-0.08851928,-0.09835503,0.17212136,536.4352,-901.8588,462.28442,-2357.9795,536.4352,-901.8588,462.28442,-2357.9795,1.0,-1.0,1.0,-1.0,33.524375915527344,-0.4,0.4,-0.4
32.61666666666667,20.497868,-14.998862,1.999153,-0.2577992,0.0032914313,0.0046806457,0.9661815,0.0017443835,0.00329684,-0.14536494,-0.34962055,-0.5150805,0.14229624,-0.00044376132,-0.005288885,-0.1453159,-0.06742089,0.016287798,-9.826268,20.497286,-14.997691,1.199154,0.041664157,-0.08387475,-0.18851323,0.2786721,-129.30777,-707.4801,-85.8444,205.47423,-129.30777,-707.4801,-85.8444,205.47423,-1.0,-1.0,-1.0,1.0,0.0,-0.4,-0.4,0.4
32.63333333333333,20.497889,-14.998899,1.9985726,-0.25744736,0.0055081607,-0.00046748616,0.9662765,-0.0009915554,0.0021434452,0.0019977544,-0.77127945,0.04139608,-0.10080768,0.0019482215,-0.0013621174,0.0019793005,0.14351895,0.23560604,8.837712,20.497326,-14.99785,1.1985736,0.04029812,-0.0751321,-0.081962265,0.52455866,658.6458,-63.643276,787.8783,-3650.6135,658.6458,-63.643276,787.8783,-3650.6135,1.0,-1.0,1.0,-1.0,33.524375915527344,-0.4,0.4,-0.4
32.65,20.497936,-14.998924,1.9965651,-0.25807425,0.0028530825,-0.005036873,0.9661077,-0.002372241,0.0045391666,-0.16120183,-0.33970708,0.58432555,0.14227994,0.0030118,-0.00141982,-0.1612488,0.063814715,-0.0034621588,-9.793686,20.497372,-14.9980135,1.1965657,0.04043472,-0.06522832,0.008196159,0.59422684,-14.989966,805.2485,439.50815,115.96669,-14.989966,805.2485,439.50815,115.96669,-1.0,1.0,1.0,1.0,0.0,0.4,0.4,0.4
32.666666666666664,20.498014,-14.998999,1.9957148,-0.25774294,0.0013357678,-0.0055849403,0.9661965,-0.0015503988,0.0074791145,-0.014190997,0.091419965,0.06290463,-0.10069389,0.004991858,-0.0055693532,-0.014275466,0.11880346,-0.24897198,8.8184,20.497417,-14.9981785,1.1957155,0.04275699,-0.05873964,0.13933605,0.38932082,780.12695,683.3297,-447.05585,-186.81523,780.12695,683.3297,-447.05585,-186.81523,1.0,1.0,-1.0,-1.0,33.524375915527344,0.4,-0.4,-0.4
32.68333333333333,20.498127,-14.99913,1.9973197,-0.25838023,-0.0034554843,-0.003253446,0.9660317,-0.003011261,0.010593367,0.1331714,0.52740735,0.62310606,0.14265409,0.007232457,-0.008750428,0.13314289,0.13443594,-0.1908645,8.8451,20.497465,-14.998347,1.1973203,0.04740152,-0.05607586,0.2786719,0.15982679,233.64017,401.87906,163.9081,178.79756,233.64017,401.87906,163.9081,178.79756,1.0,1.0,1.0,1.0,33.524375915527344,0.4,0.4,0.4
32.7,20.498234,-14.999273,1.9974914,-0.26098275,-0.005645075,-0.0020737753,0.9653247,-0.0006433185,0.010429174,-0.030630087,0.09496437,0.08134942,0.3855678,0.0061114677,-0.008471361,-0.030631188,-0.06725935,0.016744025,-9.826444,20.497515,-14.998519,1.1974922,0.051499635,-0.054026805,0.2458868,0.12294329,-324.34454,-246.5652,-750.9196,56.390343,-324.34454,-246.5652,-750.9196,56.390343,-1.0,-1.0,-1.0,1.0,0.0,-0.4,-0.4,0.4
32.71666666666667,20.498293,-14.999451,1.9988182,-0.26260102,-0.0040782234,0.0019754441,0.9648938,0.0027370965,0.011785833,0.1163024,0.5267076,-0.4384962,0.14266612,0.0025769654,-0.011353105,0.11634909,-0.21207014,-0.17290463,8.818817,20.49757,-14.998692,1.1988192,0.05177284,-0.054368313,0.016392319,-0.02049051,143.74779,298.43536,-418.22708,-3280.2385,143.74779,298.43536,-418.22708,-3280.2385,1.0,1.0,-1.0,-1.0,33.524375915527344,0.4,-0.4,-0.4
32.733333333333334,20.498337,-14.999628,1.9987155,-0.26227105,-0.0042613237,0.0037069758,0.9649777,0.0029892386,0.01008248,-0.04707104,0.09956827,0.10117024,-0.1010018,0.0030038997,-0.010439842,-0.046992138,0.02561606,0.054795794,-9.800473,20.497618,-14.998866,1.1987165,0.051499635,-0.05457322,-0.016392319,-0.012294351,-414.18582,-658.6082,229.91966,-1633.4691,-414.18582,-658.6082,229.91966,-1633.4691,-1.0,-1.0,1.0,-1.0,0.0,-0.4,0.4,-0.4
32.75,20.498333,-14.999777,1.9997679,-0.26292107,-0.0014276765,0.002582321,0.96481276,0.005196172,0.007390854,0.099837326,-0.3261245,-0.42361587,0.14188632,-0.0011387459,-0.008582666,0.099870704,-0.24855873,0.11143058,8.8117695,20.497673,-14.999044,1.1997688,0.047264915,-0.05245586,-0.2540832,0.12704147,251.20047,-330.22705,-431.0689,196.89665,251.20047,-330.22705,-431.0689,196.89665,1.0,-1.0,-1.0,1.0,33.524375915527344,-0.4,-0.4,0.4
32.766666666666666,20.49833,-14.999922,1.9993923,-0.26259825,-0.0012869035,0.0025984328,0.9649009,0.004565355,0.00725721,-0.06339034,0.10511945,0.118771344,-0.10084687,-1.4135799e-05,-0.008844836,-0.063353084,0.0674766,-0.015730206,-9.7934265,20.497732,-14.999223,1.1993929,0.04275699,-0.050065294,-0.2704755,0.14343402,-440.6608,370.92828,352.68164,-2916.0896,-440.6608,370.92828,352.68164,-2916.0896,-1.0,1.0,1.0,-1.0,0.0,0.4,0.4,-0.4
32.78333333333333,20.498302,-15.000051,2.0001721,-0.26324725,0.0013930582,0.0014789973,0.96472627,0.0057723736,0.0052833054,0.08349854,-0.32054335,-0.40602934,0.14204408,-0.0021293645,-0.0071834056,0.08352906,-0.12691371,0.0996858,8.812928,20.497795,-14.99941,1.2001728,0.036336612,-0.045898873,-0.38522264,0.24998522,311.22205,-307.0145,-310.04907,207.05148,311.22205,-307.0145,-310.04907,207.05148,1.0,-1.0,-1.0,1.0,33.524375915527344,-0.4,-0.4,0.4
32.8,20.498272,-15.0001745,1.999524,-0.26292592,0.0013804615,0.0015021539,0.9648138,0.004366068,0.005733543,-0.07972966,0.110656336,0.13635525,-0.100702405,-0.0010028688,-0.0074448828,-0.07970146,0.067589745,-0.015688632,-9.793831,20.497847,-14.999595,1.1995245,0.030462643,-0.041527554,-0.3524381,0.26227912,-402.5033,393.5108,482.6757,-2745.3071,-402.5033,393.5108,482.6757,-2745.3071,-1.0,1.0,1.0,-1.0,0.0,0.4,0.4,-0.4
32.81666666666666,20.498247,-15.000282,2.0000315,-0.26357427,0.0039067715,0.0003880254,0.96463114,0.004688431,0.004445579,0.06715955,-0.31497353,-0.38845533,0.14219208,-0.0012837999,-0.00602338,0.06718795,-0.016855868,0.085290164,8.813365,20.497906,-14.999784,1.200032,0.024452077,-0.03565359,-0.36063394,0.35243776,382.19345,-280.12332,-141.95238,200.59946,382.19345,-280.12332,-141.95238,200.59946,1.0,-1.0,-1.0,1.0,33.524375915527344,-0.4,-0.4,0.4
32.833333333333336,20.49824,-15.000386,1.9991108,-0.26325437,0.003741291,0.00041779852,0.9647191,0.0026116073,0.0054460056,-0.09606447,0.116181046,0.1539255,-0.10056783,-0.0001556457,-0.0062843384,-0.09604866,0.06768925,-0.015657507,-9.794196,20.49797,-14.999974,1.199111,0.019261133,-0.029506417,-0.31145665,0.3688304,-344.68735,403.8897,625.29175,-2607.4883,-344.68735,403.8897,625.29175,-2607.4883,-1.0,1.0,1.0,-1.0,0.0,0.4,0.4,-0.4
32.85,20.498268,-15.000468,1.9993514,-0.2639026,-0.00041056526,-0.0024468235,0.9645461,0.00048252335,0.004815416,0.051288385,-0.30583328,0.7102409,0.14211446,0.0020618045,-0.0046434747,0.05126506,0.133047,0.098451816,8.838822,20.49804,-15.000165,1.1993517,0.016392455,-0.021720001,-0.17212069,0.4671849,467.92172,-251.43646,57.182755,183.1356,467.92172,-251.43646,57.182755,183.1356,1.0,-1.0,1.0,1.0,33.524375915527344,-0.4,0.4,0.4
32.86666666666667,20.498295,-15.000559,1.9981601,-0.26357123,-0.0028947638,-0.0030105135,0.9646309,0.002279729,0.0063189697,-0.112355344,0.1202736,0.17070553,-0.10089043,0.0016995195,-0.005776081,-0.11239483,-0.021737102,-0.06795636,-9.819593,20.498104,-15.000357,1.1981602,0.013660379,-0.014480001,-0.16392453,0.4344,-185.9612,515.2611,-906.41205,-21.846338,-185.9612,515.2611,-906.41205,-21.846338,-1.0,1.0,-1.0,-1.0,0.0,0.4,-0.4,-0.4
32.88333333333333,20.498299,-15.000692,1.9981241,-0.26421908,-0.0021021788,0.001048497,0.9644598,0.00437011,0.007449136,0.03459071,0.55257857,-0.35048157,0.14251144,-0.00012285456,-0.008604794,0.03459837,-0.10934244,-0.16972278,8.8195915,20.498167,-15.000548,1.1981242,0.0094256615,-0.010313585,-0.254083,0.24998493,596.91144,205.20215,-459.73178,190.66028,596.91144,205.20215,-459.73178,190.66028,1.0,1.0,-1.0,1.0,33.524375915527344,0.4,-0.4,0.4
32.9,20.498302,-15.000824,1.9966587,-0.26389256,-0.0030522188,0.0027932897,0.9645432,0.004223291,0.0058707455,-0.12877056,0.1253087,0.18927291,-0.10112335,0.00030157214,-0.0076894546,-0.1287437,0.0254656,0.05492035,-9.800523,20.498234,-15.00074,1.1966587,0.004917736,-0.0060105664,-0.2704755,0.25818112,-73.81151,-707.4697,140.90388,-1364.1069,-73.81151,-707.4697,140.90388,-1364.1069,-1.0,-1.0,1.0,-1.0,0.0,-0.4,0.4,-0.4
32.916666666666664,20.498264,-15.000934,1.9963487,-0.26454344,-0.0009813068,0.0016870884,0.9643717,0.005784716,0.003890581,0.018120091,-0.30025285,-0.33562666,0.1417737,-0.0030404057,-0.0062480485,0.018128848,-0.20051867,0.08648436,8.812351,20.4983,-15.000935,1.1963489,-0.002595472,6.8301895e-05,-0.45079246,0.36473206,681.6666,-334.09506,-541.4046,194.94078,681.6666,-334.09506,-541.4046,194.94078,1.0,-1.0,-1.0,1.0,33.524375915527344,-0.4,-0.4,0.4
32.93333333333333,20.498213,-15.001031,1.998494,-0.26422045,-0.001719293,0.0017153808,0.9644592,0.0047855745,0.004215318,0.16555448,0.13556096,0.22457209,-0.10102026,-0.0026681193,-0.005668397,0.16555877,0.022337183,0.034779087,8.845796,20.498363,-15.001128,1.1984942,-0.010791699,0.006966793,-0.4917736,0.41390944,10.369268,374.93924,172.456,-2714.04,10.369268,374.93924,172.456,-2714.04,1.0,1.0,1.0,-1.0,33.524375915527344,0.4,0.4,-0.4
32.95,20.49816,-15.001122,1.9992061,-0.26487228,0.00016061634,0.0006145331,0.9642832,0.00602757,0.0027156067,0.0017797335,-0.29475427,-0.31818533,0.14187753,-0.003794644,-0.0054113315,0.0017865488,-0.06759148,0.01542393,-9.826333,20.498438,-15.001323,1.1992061,-0.019944152,0.014343398,-0.5491471,0.44259626,-535.67334,-252.73448,-509.3632,377.66864,-535.67334,-252.73448,-509.3632,377.66864,-1.0,-1.0,-1.0,1.0,0.0,-0.4,-0.4,0.4
32.96666666666667,20.49811,-15.001215,1.9971954,-0.26454958,-0.0006139711,0.00064903894,0.9643717,0.005323191,0.0032597599,-0.16144367,0.13621306,0.22417447,-0.100927435,-0.0026681784,-0.0056692865,-0.16144274,0.067587934,-0.015477295,-9.7937565,20.498505,-15.001515,1.1971955,-0.028276984,0.021515096,-0.49996987,0.43030185,-3.522207,438.66095,199.39156,-2588.1433,-3.522207,438.66095,199.39156,-2588.1433,-1.0,1.0,1.0,-1.0,0.0,0.4,0.4,-0.4
32.983333333333334,20.498045,-15.001303,1.9963406,-0.2652022,0.0011520798,-0.0004461302,0.964192,0.006189433,0.002339101,-0.014563378,-0.28928196,-0.3007603,0.14196917,-0.004158344,-0.0051717986,-0.014554489,-0.08940994,0.029849268,8.813295,20.49857,-15.001708,1.1963412,-0.037566043,0.029028304,-0.55734354,0.45079246,798.6219,-202.22937,-487.30798,201.43855,798.6219,-202.22937,-487.30798,201.43855,1.0,-1.0,-1.0,1.0,33.524375915527344,-0.4,-0.4,0.4
33.0,20.498001,-15.001394,1.9979409,-0.26487952,0.000110632085,-0.00040714553,0.9642814,0.004673319,0.0035994505,0.13287298,0.14643985,0.25941992,-0.10084268,-0.0021218068,-0.0055782157,0.1328699,0.122192234,-0.024385022,8.845463,20.498632,-15.001898,1.1979414,-0.045215856,0.036063403,-0.45898876,0.4221059,160.72066,530.6143,249.04684,-2502.0085,160.72066,530.6143,249.04684,-2502.0085,1.0,1.0,1.0,-1.0,33.524375915527344,0.4,0.4,-0.4
33.016666666666666,20.497953,-15.001484,1.9981081,-0.26553315,0.0016857327,-0.0014966741,0.96409905,0.005440452,0.003024076,-0.030899093,-0.28381327,-0.2833698,0.14205417,-0.003249914,-0.0053216545,-0.030896852,-0.06768642,0.015393672,-9.826005,20.498697,-15.002088,1.198109,-0.053275485,0.0432351,-0.48357767,0.43030185,-415.61896,-94.149055,-408.69583,353.48718,-415.61896,-94.149055,-408.69583,353.48718,-1.0,-1.0,-1.0,1.0,0.0,-0.4,-0.4,0.4
33.03333333333333,20.497927,-15.001584,1.9994361,-0.2652101,0.0004930883,-0.0014529019,0.9641894,0.0038610618,0.0046915305,0.1165373,0.1518574,0.27679595,-0.10076134,-0.0007179314,-0.0063022207,0.11652307,0.15191895,-0.05883397,8.845196,20.498749,-15.002273,1.1994371,-0.058876246,0.049313974,-0.33604568,0.36473235,181.76076,617.04803,303.36612,-2426.1074,181.76076,617.04803,303.36612,-2426.1074,1.0,1.0,1.0,-1.0,33.524375915527344,0.4,0.4,-0.4
33.05,20.49791,-15.001699,1.9993324,-0.26586723,0.0004742727,0.0026260756,0.96400595,0.0045692287,0.005386184,-0.047163676,0.57939386,-0.2624191,0.14269213,-0.0011395937,-0.0072175036,-0.047126535,-0.025299734,-0.05491697,-9.818975,20.498806,-15.002455,1.1993334,-0.06420379,0.054095104,-0.31965268,0.28686783,-399.04608,2.8788183,-351.73856,338.40253,-399.04608,2.8788183,-351.73856,338.40253,-1.0,1.0,-1.0,1.0,0.0,0.4,-0.4,0.4
33.06666666666666,20.497892,-15.001784,2.0003886,-0.26555106,-0.0013616397,0.0043884884,0.9640858,0.0030520477,0.003930869,0.10014598,0.15677612,0.29524878,-0.10088139,-0.0011052678,-0.004164112,0.10017696,0.0020595524,0.1832035,8.838209,20.498857,-15.002638,1.2003899,-0.06912153,0.061130207,-0.29506442,0.42210615,257.94324,-919.68176,145.38885,-1154.1124,257.94324,-919.68176,145.38885,-1154.1124,1.0,-1.0,1.0,-1.0,33.524375915527344,-0.4,0.4,-0.4
33.083333333333336,20.497862,-15.001851,2.0000107,-0.26620188,-9.29777e-05,0.0033053353,0.96391153,0.0038224002,0.0018029916,-0.063616894,-0.27341366,-0.24757716,0.14201632,-0.0022320328,-0.0039112656,-0.06359788,-0.0676059,0.015170769,-9.82649,20.498909,-15.002818,1.2000121,-0.074995495,0.06925814,-0.35243776,0.48767585,-400.0556,-571.1742,-504.88113,338.5194,-400.0556,-571.1742,-504.88113,338.5194,-1.0,-1.0,-1.0,1.0,0.0,-0.4,-0.4,0.4
33.1,20.497833,-15.001893,2.0007935,-0.26588422,-0.0015974718,0.0033511387,0.96399784,0.0024721844,0.0016445317,0.08382129,0.16212821,0.31256306,-0.10081388,-0.001687159,-0.0022089398,0.08382779,0.032692432,0.10213955,8.84554,20.498959,-15.002993,1.2007952,-0.08059626,0.07875211,-0.3360459,0.56963813,286.73407,70.81328,122.083305,-2590.9402,286.73407,70.81328,122.083305,-2590.9402,1.0,1.0,1.0,-1.0,33.524375915527344,0.4,0.4,-0.4
33.11666666666667,20.497791,-15.001926,2.0001428,-0.26653722,-0.00047984632,0.0022738527,0.9638218,0.003396301,-0.00013843738,-0.0799477,-0.26803207,-0.23028731,0.14207974,-0.002814009,-0.0019561972,-0.0799465,-0.067611,0.015164552,-9.826457,20.499002,-15.003167,1.2001448,-0.08674344,0.088860795,-0.36883053,0.6065212,-348.03168,-521.9337,-558.48596,334.8557,-348.03168,-521.9337,-558.48596,334.8557,-1.0,-1.0,-1.0,1.0,0.0,-0.4,-0.4,0.4
33.13333333333333,20.497753,-15.001946,2.0006535,-0.26621857,-0.0021344724,0.0023232836,0.96390754,0.0023275684,9.104377e-06,0.06749021,0.16746113,0.32983416,-0.10076339,-0.0023541534,-0.0009768135,0.06748222,0.027591338,0.05876302,8.845723,20.499043,-15.003335,1.2006558,-0.0923442,0.0994476,-0.3360459,0.6352083,368.09647,132.07877,37.869144,-2542.367,368.09647,132.07877,37.869144,-2542.367,1.0,1.0,1.0,-1.0,33.524375915527344,0.4,0.4,-0.4
33.15,20.497698,-15.00196,1.9997314,-0.26687387,-0.0011678581,0.0012511301,0.9637299,0.0035099206,-0.001461703,-0.09628269,-0.26267117,-0.21304119,0.14212885,-0.0034807972,-0.0007241544,-0.09629212,-0.06759862,0.015159545,-9.82646,20.499079,-15.003502,1.1997343,-0.09890119,0.110444225,-0.39341924,0.65979743,-273.6521,-443.29974,-624.0528,329.76065,-273.6521,-443.29974,-624.0528,329.76065,-1.0,-1.0,-1.0,1.0,0.0,-0.4,-0.4,0.4
33.166666666666664,20.497627,-15.001975,1.999964,-0.26654524,0.0035453332,0.0030885346,0.96381086,0.0045166262,-0.0010463449,0.050689366,0.1694119,-0.7343087,-0.100519136,-0.0041494113,-0.0010253079,0.050721176,-0.040116847,-0.01806921,8.820798,20.499107,-15.003659,1.1999674,-0.106004596,0.120621234,-0.42620432,0.6106205,465.10168,224.6954,-71.95463,-2500.8657,465.10168,224.6954,-71.95463,-2500.8657,1.0,1.0,-1.0,-1.0,33.524375915527344,0.4,-0.4,-0.4
33.18333333333333,20.497566,-15.001984,1.9987675,-0.2642556,0.006522809,0.0026083707,0.96442705,0.0016901456,-0.0019914305,-0.11266201,-0.25949734,-0.19476494,-0.3437291,-0.0037312263,-0.00010336157,-0.11263045,0.0250911,0.05531678,-9.801097,20.499136,-15.003818,1.1987711,-0.112424985,0.13134466,-0.3852233,0.64340556,-270.03268,-631.5507,809.06305,-377.26562,-270.03268,-631.5507,809.06305,-377.26562,-1.0,-1.0,1.0,-1.0,0.0,-0.4,0.4,-0.4
33.2,20.49756,-15.001943,1.9987314,-0.26292604,0.005985985,-0.0025069693,0.96479416,-0.0017220589,-0.002713539,0.03465027,-0.68178093,0.3636398,-0.10083665,0.0005531473,0.0031535018,0.0346514,0.2570624,0.1954118,8.836911,20.499159,-15.003966,1.1987355,-0.11447405,0.14493677,-0.12294396,0.8155265,536.3345,-123.77572,531.725,489.58032,536.3345,-123.77572,531.725,489.58032,1.0,-1.0,1.0,1.0,33.524375915527344,-0.4,0.4,0.4
33.21666666666667,20.497581,-15.001892,1.9972683,-0.26353395,0.00057100225,-0.007077518,0.964624,-0.002630725,-5.8684964e-05,-0.12859279,-0.2504121,0.9063078,0.14189765,0.0016141263,0.0031052106,-0.12857209,0.06365874,-0.00289747,-9.793409,20.499174,-15.004112,1.1972729,-0.11406424,0.15900701,0.024588702,0.8442145,-97.30406,740.9199,20.105505,288.41565,-97.30406,740.9199,20.105505,288.41565,-1.0,1.0,1.0,1.0,0.0,0.4,0.4,0.4
33.233333333333334,20.497623,-15.001914,1.9969625,-0.2631745,-0.003721891,-0.007627491,0.96471083,-0.0005936583,0.0033332766,0.018425439,0.18020904,0.3842402,-0.101121604,0.002145809,-0.0028770042,0.018386906,0.031900957,-0.35893285,8.817539,20.499187,-15.004245,1.1969676,-0.11201517,0.16693006,0.12294396,0.47538307,651.05304,583.5406,-1053.1042,-37.00664,651.05304,583.5406,-1053.1042,-37.00664,1.0,1.0,-1.0,-1.0,33.524375915527344,0.4,-0.4,-0.4
33.25,20.497637,-15.002039,1.9991063,-0.26381013,-0.004775497,-0.0035529665,0.9645563,0.0023868678,0.0070756627,0.16540968,0.61256707,-0.137451,0.14238723,0.0003329026,-0.008855757,0.16534084,-0.10877437,-0.35872516,8.817236,20.499184,-15.004361,1.1991112,-0.11078574,0.16631535,0.073766105,-0.036883052,87.55834,447.13116,-694.8144,290.56113,87.55834,447.13116,-694.8144,290.56113,1.0,1.0,-1.0,1.0,33.524375915527344,0.4,-0.4,0.4
33.266666666666666,20.497625,-15.002187,1.9998146,-0.2634844,-0.0010430779,-3.307861e-05,0.9646631,0.0051054545,0.0072211493,0.0015831606,0.18162835,-0.6789617,-0.10112483,-0.0007288674,-0.008814821,0.0015763021,-0.0637062,0.0024561768,-9.825871,20.499178,-15.004476,1.1998197,-0.11119555,0.16392477,-0.024588702,-0.14343469,-499.11523,-278.33875,-218.32968,-312.90558,-499.11523,-278.33875,-218.32968,-312.90558,-1.0,-1.0,-1.0,-1.0,0.0,-0.4,-0.4,-0.4
33.28333333333333,20.497616,-15.002322,1.9977986,-0.26120284,0.0014680839,-0.00055621046,0.96528256,0.0038352243,0.006963417,-0.16176362,-0.24712054,-0.13946378,-0.34438372,-0.00030592945,-0.007897582,-0.16176589,0.025376277,0.055034343,-9.800531,20.499172,-15.004585,1.1978031,-0.11146876,0.1620806,-0.016392766,-0.110650055,-11.451814,-113.43491,614.4005,-377.63235,-11.451814,-113.43491,614.4005,-377.63235,-1.0,-1.0,1.0,-1.0,0.0,-0.4,0.4,-0.4
33.3,20.497637,-15.002459,1.9969449,-0.25990054,-0.00096730824,-0.0005262561,0.9656347,0.0026953937,0.007950123,-0.014330259,0.18848032,0.42154315,-0.10093065,0.0016820794,-0.0082072355,-0.014340079,0.119280525,-0.018579213,8.845549,20.499163,-15.004687,1.1969494,-0.1092831,0.15962172,0.13113989,-0.1475331,809.5169,512.9295,233.13683,491.47305,809.5169,512.9295,233.13683,491.47305,1.0,1.0,1.0,1.0,33.524375915527344,0.4,0.4,0.4
33.31666666666666,20.497648,-15.002598,1.9985421,-0.2605558,-0.00090666657,-0.0016335078,0.96545696,0.004044341,0.007037569,0.13257709,-0.23676986,-0.103734285,0.14198352,-7.374788e-05,-0.0085975295,0.13254678,-0.10534963,-0.023417639,8.8132105,20.499146,-15.00477,1.1985465,-0.10723403,0.1555919,0.12294396,-0.24178861,204.43521,-26.388565,-553.07294,292.411,204.43521,-26.388565,-553.07294,292.411,1.0,-1.0,-1.0,1.0,33.524375915527344,-0.4,-0.4,0.4
33.333333333333336,20.497658,-15.002744,1.9987109,-0.2602264,-0.0035299377,-0.0015990422,0.9655398,0.0037834514,0.008231936,-0.030642413,0.19370447,0.4386121,-0.100881316,0.0010492214,-0.008867293,-0.030680727,0.06737815,-0.01618579,-9.793651,20.49912,-15.004851,1.1987151,-0.10477516,0.15094736,0.14753221,-0.27867255,-511.84177,681.7564,87.03997,-1597.4171,-511.84177,681.7564,87.03997,-1597.4171,-1.0,1.0,1.0,-1.0,0.0,0.4,0.4,-0.4
33.35,20.497643,-15.002919,2.0000367,-0.26086366,-0.005033222,0.0024693476,0.96535933,0.006099391,0.009517878,0.11629985,0.62603575,-0.083173454,0.14267327,-0.0017554754,-0.011045447,0.1163115,-0.1682818,-0.13068923,8.819532,20.49909,-15.004923,1.2000408,-0.103682324,0.14350243,0.06557017,-0.44669595,222.966,152.18022,-749.89026,300.28918,222.966,152.18022,-749.89026,300.28918,1.0,1.0,-1.0,1.0,33.524375915527344,0.4,-0.4,0.4
33.36666666666667,20.497599,-15.003102,1.9999279,-0.26051375,-0.0017578519,0.0059676287,0.96545005,0.007981119,0.007500005,-0.04755319,0.19504935,-0.6247534,-0.10079146,-0.0028159495,-0.011000736,-0.047458492,-0.06362844,0.0026826558,-9.826199,20.499056,-15.004991,1.1999315,-0.10436535,0.13523787,-0.040981468,-0.49587336,-411.3652,-771.3801,-356.10184,-405.48804,-411.3652,-771.3801,-356.10184,-405.48804,-1.0,-1.0,-1.0,-1.0,0.0,-0.4,-0.4,-0.4
33.38333333333333,20.497538,-15.003231,2.000978,-0.25822407,0.00015749174,0.0054262965,0.9660698,0.007020026,0.0046194736,0.09975937,-0.22877152,-0.06754321,-0.3440488,-0.004028271,-0.0064515774,0.099823356,-0.07273928,0.2729495,8.836911,20.49902,-15.005052,1.2009816,-0.1061412,0.13038842,-0.10655119,-0.2909669,182.7168,-644.9205,479.67355,-473.2758,182.7168,-644.9205,479.67355,-473.2758,1.0,-1.0,1.0,-1.0,33.524375915527344,-0.4,0.4,-0.4
33.4,20.497458,-15.003335,2.0005946,-0.2568963,0.005147387,0.0020007233,0.96642315,0.0068352753,0.0027225986,-0.064016394,-0.65967065,-0.6086699,-0.10086282,-0.005151877,-0.0061739334,-0.063934125,-0.06741637,0.016658641,-9.825448,20.49898,-15.005108,1.2005981,-0.109009884,0.12697333,-0.17212091,-0.20490555,-406.1324,-66.14244,-7.771187,663.7436,-406.1324,-66.14244,-7.771187,663.7436,-1.0,-1.0,-1.0,1.0,0.0,-0.4,-0.4,0.4
33.416666666666664,20.49743,-15.003419,2.0013714,-0.25460157,0.0073652915,-0.00027325161,0.96701795,0.0038107352,0.0035024257,0.08343193,-0.22545357,-0.046577394,-0.34324142,-0.0003915977,-0.004655998,0.08346163,0.28561676,0.091076106,8.843745,20.498934,-15.005157,1.2013748,-0.10764384,0.124514446,0.08196249,-0.1475331,241.88393,704.5421,766.5053,-1448.363,241.88393,704.5421,766.5053,-1448.363,1.0,1.0,1.0,-1.0,33.524375915527344,0.4,0.4,-0.4
33.43333333333333,20.497438,-15.003496,2.0007217,-0.25331035,0.004249875,-0.00023921173,0.9673757,0.0010781514,0.004651685,-0.07977815,0.20574173,0.49658257,-0.09979399,0.0006743556,-0.004717964,-0.07977869,0.06395719,-0.0037179606,-9.794418,20.498882,-15.005201,1.200725,-0.10340912,0.122123875,0.2540834,-0.14343424,-362.72818,310.245,609.1446,609.178,-362.72818,310.245,609.1446,609.178,-1.0,1.0,1.0,1.0,0.0,0.4,0.4,0.4
33.45,20.497467,-15.003566,2.0012283,-0.25397134,0.0036625073,-0.0013690137,0.9672038,0.0006502033,0.004245895,0.067127,-0.21945247,-0.028822973,0.14315449,0.00204185,-0.0040704766,0.06710996,0.08204966,0.038849253,8.813318,20.498821,-15.005237,1.2012314,-0.09698874,0.11966501,0.38522285,-0.14753176,362.03693,-254.21591,-237.26399,262.76538,362.03693,-254.21591,-237.26399,262.76538,1.0,-1.0,-1.0,1.0,33.524375915527344,-0.4,-0.4,0.4
33.46666666666667,20.497515,-15.003637,2.0003061,-0.25365356,0.00039899437,-0.0013353764,0.9672941,-0.00062805694,0.005614672,-0.096109316,0.210892,0.51357514,-0.09972816,0.0031631433,-0.004355121,-0.09612464,0.067277595,-0.017078659,-9.794075,20.498758,-15.005271,1.200309,-0.0890657,0.11700122,0.47538218,-0.15982746,-364.78244,484.7776,448.42737,-1370.2406,-364.78244,484.7776,448.42737,-1370.2406,-1.0,1.0,1.0,-1.0,0.0,0.4,0.4,-0.4
33.483333333333334,20.497559,-15.003717,2.0005403,-0.2543177,-0.0003366461,-0.0024569933,0.96711755,0.00040480494,0.005264525,0.05079107,-0.21427837,-0.011878207,0.14322652,0.0022676424,-0.0050326725,0.05076556,-0.05373005,-0.040653095,8.813411,20.498692,-15.005296,1.2005427,-0.08114267,0.1130397,0.47538173,-0.23769109,449.42627,-105.096855,-470.6522,257.3617,449.42627,-105.096855,-470.6522,257.3617,1.0,-1.0,-1.0,1.0,33.524375915527344,-0.4,-0.4,0.4
33.5,20.49761,-15.003806,1.9993461,-0.25399303,-0.0037478192,-0.0024203896,0.9671957,0.0006163893,0.0066081155,-0.11244312,0.2160167,0.5305111,-0.09965623,0.003386924,-0.0053177318,-0.11246223,0.067156896,-0.017103553,-9.793667,20.498617,-15.005319,1.1993482,-0.07212682,0.10832687,0.540951,-0.28277007,-262.54724,651.83813,137.6961,-1453.3397,-262.54724,651.83813,137.6961,-1453.3397,-1.0,1.0,1.0,-1.0,0.0,0.4,0.4,-0.4
33.516666666666666,20.497633,-15.003931,1.999309,-0.2546371,-0.0060121045,0.0016436323,0.9670165,0.0032145646,0.0074317693,0.034516703,0.64832354,0.008554399,0.1439592,0.00043212005,-0.008047101,0.034525715,-0.17728822,-0.16376215,8.819276,20.498545,-15.005336,1.1993108,-0.06529662,0.100608744,0.409812,-0.46308738,542.3588,112.62189,-752.97705,263.7165,542.3588,112.62189,-752.97705,263.7165,1.0,1.0,-1.0,1.0,33.524375915527344,0.4,-0.4,0.4
33.53333333333333,20.49763,-15.0040655,1.9978371,-0.25429943,-0.0034992027,0.0051049246,0.9671057,0.0050141094,0.0051398296,-0.1292964,0.21725327,-0.53314173,-0.09942048,-0.0006267374,-0.007987825,-0.12924752,-0.06353144,0.003556553,-9.826394,20.49847,-15.00535,1.1978385,-0.060242284,0.09200269,0.30326015,-0.5163632,-79.851585,-810.3658,-429.23492,-331.84085,-79.851585,-810.3658,-429.23492,-331.84085,-1.0,-1.0,-1.0,-1.0,0.0,-0.4,-0.4,-0.4
33.55,20.497593,-15.004152,1.9975243,-0.25202432,-0.0023704062,0.004533477,0.96770734,0.004571631,0.0025178143,0.018024936,-0.2062852,0.023974776,-0.34268123,-0.0028866518,-0.0042912597,0.018038565,-0.13559484,0.22179392,8.837165,20.49839,-15.005356,1.1975257,-0.05710039,0.08619702,0.18851368,-0.34834024,627.7469,-668.2286,354.4749,-421.04858,627.7469,-668.2286,354.4749,-421.04858,1.0,-1.0,1.0,-1.0,33.524375915527344,-0.4,0.4,-0.4
33.56666666666666,20.497505,-15.004191,1.9996608,-0.25072458,0.0016998238,0.0010660692,0.9680563,0.00647583,-0.0008824223,0.16489777,-0.63195187,-0.4996845,-0.09956887,-0.0056354394,-0.0018911613,0.16492015,-0.16492724,0.1440059,8.812895,20.498302,-15.005355,1.1996621,-0.05710039,0.08332834,0.0,-0.17212091,43.712498,-48.26447,-242.04128,644.7276,43.712498,-48.26447,-242.04128,644.7276,1.0,-1.0,-1.0,1.0,33.524375915527344,-0.4,-0.4,0.4
33.583333333333336,20.497425,-15.004229,2.0003693,-0.24844849,0.0030834954,-0.0012341074,0.9686394,0.0050134407,-0.00026778784,0.001659762,-0.20228724,0.04456567,-0.34203938,-0.0045123757,-0.002179775,0.0016876498,0.06738382,-0.017316816,-9.79395,20.498217,-15.005355,1.2003706,-0.056690577,0.08066456,0.024588702,-0.15982656,-647.97815,732.6503,514.2642,-687.9273,-647.97815,732.6503,514.2642,-687.9273,-1.0,1.0,1.0,-1.0,0.0,0.4,0.4,-0.4
33.6,20.497389,-15.004272,2.0022397,-0.24715729,-0.00092797226,-0.0011833528,0.9689742,0.0024199805,0.0013352723,0.14911878,0.2340778,0.6053526,-0.09859998,-0.0016656927,-0.002741619,0.14910989,0.17080097,-0.033710644,8.845334,20.498127,-15.005347,1.2022411,-0.052865673,0.076976255,0.22949426,-0.22129832,34.27717,382.25192,131.33052,627.03174,34.27717,382.25192,131.33052,627.03174,1.0,1.0,1.0,1.0,33.524375915527344,0.4,0.4,0.4
33.61666666666667,20.497345,-15.004312,2.002678,-0.24783215,-0.0023442318,-0.0023012701,0.9687973,0.003696546,0.00085472665,-0.014634921,-0.19582221,0.062015943,0.14438766,-0.0027821874,-0.0024424968,-0.014658431,-0.06698968,0.01794733,-9.826098,20.498032,-15.005336,1.2026789,-0.04917737,0.073356256,0.2212981,-0.2171999,-510.2781,-110.22126,-693.9887,436.32834,-510.2781,-110.22126,-693.9887,436.32834,-1.0,-1.0,-1.0,1.0,0.0,-0.4,-0.4,0.4
33.63333333333333,20.4973,-15.004366,2.0003877,-0.24753149,0.00016457566,-0.0005912362,0.9688796,0.0044962172,0.0018192744,-0.17831299,0.23094893,-0.47734946,-0.098364234,-0.003181666,-0.003563214,-0.17831497,-0.023968708,-0.06724303,-9.819391,20.497944,-15.005324,1.2003887,-0.046172082,0.06864341,0.1803173,-0.2827705,-13.6222725,578.21674,-268.78665,-1333.8749,-13.6222725,578.21674,-268.78665,-1333.8749,-1.0,1.0,-1.0,-1.0,0.0,0.4,-0.4,-0.4
33.65,20.497253,-15.00442,1.999257,-0.24526313,0.00082400296,-0.0011654851,0.9694555,0.0033239785,0.0015272168,-0.031002447,-0.19235714,0.07972075,-0.34162682,-0.0022650736,-0.0028666512,-0.03100298,0.054995537,0.041793775,8.838718,20.497847,-15.005313,1.199258,-0.04248378,0.063930586,0.2212981,-0.28276962,774.4735,-267.51663,543.32214,-105.986115,774.4735,-267.51663,543.32214,-105.986115,1.0,-1.0,1.0,-1.0,33.524375915527344,-0.4,0.4,-0.4
33.666666666666664,20.497223,-15.004481,2.0005784,-0.24398208,0.0030691084,0.0005345472,0.9697747,0.004293601,0.002826999,0.11597966,0.23966289,-0.44137096,-0.098127425,-0.0017844207,-0.0042282767,0.116002776,0.028839173,-0.08169752,8.820345,20.497747,-15.005286,1.200579,-0.037566043,0.057646804,0.2950642,-0.37702692,214.12627,411.93063,-6.2500424,623.1192,214.12627,411.93063,-6.2500424,623.1192,1.0,1.0,-1.0,1.0,33.524375915527344,0.4,-0.4,0.4
33.68333333333333,20.497194,-15.004539,2.00047,-0.24465616,0.0035323738,-4.564611e-05,0.9696035,0.002362453,0.0021702056,-0.047361188,-0.18746778,0.0978169,0.14449798,-0.0013754299,-0.003108912,-0.047347818,0.024539445,0.06716188,-9.801035,20.497643,-15.005265,1.2004703,-0.032101892,0.05204605,0.32784906,-0.33604524,-495.03842,-365.13992,778.28064,83.24378,-495.03842,-365.13992,778.28064,83.24378,-1.0,-1.0,1.0,1.0,0.0,-0.4,0.4,0.4
33.7,20.49721,-15.004586,2.0015233,-0.24435188,-0.0009345254,1.9266583e-05,0.96968615,-6.6568144e-05,0.0035022532,0.10007334,0.24740855,0.6579906,-0.09839571,0.0015359845,-0.0030944485,0.100075014,0.17468487,0.0008678063,8.845369,20.497538,-15.005237,1.2015235,-0.023495851,0.046581898,0.5163624,-0.32784906,184.92308,284.95587,246.54605,-1160.8569,184.92308,284.95587,246.54605,-1160.8569,1.0,1.0,1.0,-1.0,33.524375915527344,0.4,0.4,-0.4
33.71666666666667,20.497225,-15.004633,2.001144,-0.24503106,-0.002804824,-0.0010934335,0.96951056,0.0013351149,0.0027020918,-0.06368521,-0.18243316,0.114581965,0.14462496,0.00042129622,-0.0027893865,-0.063694045,-0.06688129,0.018303715,-9.826143,20.497437,-15.005209,1.2011442,-0.01516302,0.041254345,0.4999698,-0.31965312,-368.19318,-247.45937,-645.2487,406.89456,-368.19318,-247.45937,-645.2487,406.89456,-1.0,-1.0,-1.0,1.0,0.0,-0.4,-0.4,0.4
33.733333333333334,20.497206,-15.004706,2.0019202,-0.24472716,-0.00085693726,0.00061119307,0.96959144,0.00344188,0.0037967763,0.08330189,0.24902427,-0.40717927,-0.09813935,-0.0013911093,-0.0049116123,0.08330311,-0.10874432,-0.12733354,8.819829,20.497326,-15.005179,1.2019204,-0.008606038,0.03387774,0.3934189,-0.4425962,257.4528,468.26666,-262.99985,-1339.1255,257.4528,468.26666,-262.99985,-1339.1255,1.0,1.0,-1.0,-1.0,33.524375915527344,0.4,-0.4,-0.4
33.75,20.497189,-15.004776,2.001267,-0.24540421,-0.00068846124,3.9885705e-05,0.9694206,0.002775763,0.0028331797,-0.08004024,-0.17809705,0.13203141,0.1444951,-0.0009849974,-0.0037917844,-0.08004264,0.024366716,0.06718967,-9.800745,20.497223,-15.005151,1.201267,-0.002458868,0.026842646,0.36883017,-0.4221057,-419.73578,-331.6576,500.6697,74.986664,-419.73578,-331.6576,500.6697,74.986664,-1.0,-1.0,1.0,1.0,0.0,-0.4,0.4,0.4
33.766666666666666,20.497164,-15.004851,2.00177,-0.24509917,0.0011085554,0.0017447841,0.9694958,0.0039857114,0.0036780545,0.066941544,0.25332773,-0.38975298,-0.098269284,-0.0016722023,-0.0048674517,0.06696339,-0.04123229,-0.064540036,8.820362,20.497116,-15.005117,1.20177,0.0034150947,0.019056229,0.35243773,-0.46718502,320.65015,348.61588,-143.0344,-1244.7853,320.65015,348.61588,-143.0344,-1244.7853,1.0,1.0,-1.0,-1.0,33.524375915527344,0.4,-0.4,-0.4
33.78333333333333,20.49714,-15.004918,2.0008445,-0.245774,0.0011287999,0.0011719946,0.9693257,0.0026322107,0.0025251573,-0.096399054,-0.17378685,0.14946704,0.1443705,-0.0012664588,-0.0037467664,-0.09638693,0.024344608,0.06724112,-9.801019,20.49701,-15.005085,1.2008445,0.0094256615,0.011952831,0.360634,-0.42620382,-368.6443,-481.88272,619.5557,68.44432,-368.6443,-481.88272,619.5557,68.44432,-1.0,-1.0,1.0,1.0,0.0,-0.4,0.4,0.4
33.8,20.497126,-15.004983,2.0010757,-0.24546783,0.0027751913,0.0028769856,0.96939653,0.003057918,0.0030921823,0.050588917,0.25760478,-0.37234133,-0.09839354,-0.0010169683,-0.0038236405,0.050621107,0.014969429,-0.004612449,8.820481,20.496906,-15.0050535,1.2010757,0.015709436,0.00505434,0.3770264,-0.41390944,402.22717,177.93661,-10.399069,-1187.5624,402.22717,177.93661,-10.399069,-1187.5624,1.0,1.0,-1.0,-1.0,33.524375915527344,0.4,-0.4,-0.4
33.81666666666666,20.497114,-15.0050335,1.9998773,-0.24614155,0.002646842,0.0023017838,0.9692275,0.0011207098,0.0017265959,-0.11274871,-0.1695027,0.16688855,0.1442524,-0.0006117873,-0.002702065,-0.11273346,0.024310857,0.06729452,-9.801274,20.496801,-15.005021,1.1998776,0.02240302,-0.00088792463,0.40161505,-0.35653588,-295.82574,-635.9736,727.7514,55.157276,-295.82574,-635.9736,727.7514,55.157276,-1.0,-1.0,1.0,1.0,0.0,-0.4,0.4,0.4
33.833333333333336,20.49713,-15.005049,1.9998403,-0.2458264,-0.0010743944,-0.0028259838,0.96930915,-0.0005786349,0.0008361264,0.03458688,-0.5921335,0.7235302,-0.09936168,0.0008831875,-0.00066705915,0.03458412,0.089698486,0.12210035,8.839055,20.496702,-15.004989,1.1998403,0.030599248,-0.004303019,0.4917736,-0.20490566,500.1811,-28.373983,118.95103,-1148.6616,500.1811,-28.373983,118.95103,-1148.6616,1.0,-1.0,1.0,-1.0,33.524375915527344,-0.4,0.4,-0.4
33.85,20.497137,-15.005071,1.9983709,-0.24648759,-0.003099417,-0.0056660217,0.9691244,0.0015120079,0.0027997748,-0.12904328,-0.1641464,0.1841387,0.14354087,0.00042422675,-0.0015673595,-0.1290723,-0.027537644,-0.05401802,-9.819385,20.496597,-15.004957,1.1983709,0.038658876,-0.008127925,0.48357767,-0.22949435,-70.57461,684.36017,-732.33057,430.53375,-70.57461,684.36017,-732.33057,430.53375,-1.0,1.0,-1.0,1.0,0.0,0.4,-0.4,0.4
33.86666666666667,20.497126,-15.00516,1.9980567,-0.24618135,-0.0017508708,-0.003954621,0.9692141,0.0038967486,0.00524988,0.017952237,0.2672146,-0.33778188,-0.09923122,-0.0009450305,-0.0066259624,0.017895034,-0.08215543,-0.30351615,8.818039,20.496494,-15.004925,1.1980572,0.045215856,-0.016870568,0.3934188,-0.52455854,641.3504,738.7874,-304.4626,-1088.0852,641.3504,738.7874,-304.4626,-1088.0852,1.0,1.0,-1.0,-1.0,33.524375915527344,0.4,-0.4,-0.4
33.88333333333333,20.49711,-15.0053005,2.0001974,-0.24684066,-0.003635281,0.00066920224,0.96904904,0.0036326707,0.008001429,0.16532686,0.7021582,0.22255921,0.14391237,-0.0005814745,-0.008846536,0.16532269,0.021813357,-0.13323443,8.845659,20.496391,-15.004892,1.2001978,0.051499635,-0.02923321,0.3770267,-0.74175847,7.0022097,162.63547,393.95047,78.973076,7.0022097,162.63547,393.95047,78.973076,1.0,1.0,1.0,1.0,33.524375915527344,0.4,0.4,0.4
33.9,20.497087,-15.005447,2.000906,-0.24651411,-0.0029319378,0.004103939,0.969126,0.005625264,0.006933461,0.0015080046,0.27093545,-0.31933257,-0.099236086,-0.0016404158,-0.008768656,0.0015525168,-0.06353647,0.004672799,-9.82621,20.496296,-15.004862,1.2009068,0.056690577,-0.041937366,0.31145653,-0.76224935,-511.6717,-776.83386,-379.0339,-45.83275,-511.6717,-776.83386,-379.0339,-45.83275,-1.0,-1.0,-1.0,-1.0,0.0,-0.4,-0.4,-0.4
33.916666666666664,20.497065,-15.005578,1.9988902,-0.24718617,-0.0035143658,0.0035315456,0.9689552,0.0055701863,0.0047295494,-0.16181737,-0.15614942,0.21993043,0.14344116,-0.0012393296,-0.007646171,-0.16179697,0.024065169,0.06734912,-9.800969,20.496199,-15.00483,1.198891,0.06201813,-0.05354869,0.31965312,-0.6966794,-56.540195,-591.434,253.26617,67.465385,-56.540195,-591.434,253.26617,67.465385,-1.0,-1.0,1.0,1.0,0.0,-0.4,0.4,0.4
33.93333333333333,20.497004,-15.005697,1.9980314,-0.24686375,-0.0024748447,0.0052337986,0.9690328,0.0072367014,0.0038695466,-0.014833267,0.2751037,-0.30204943,-0.09930023,-0.0043938635,-0.0069925403,-0.014804305,-0.18927203,0.039217833,8.81956,20.496107,-15.004803,1.1980326,0.06420379,-0.064067185,0.13113967,-0.63110965,737.0933,86.068436,-502.28326,-1261.2769,737.0933,86.068436,-502.28326,-1261.2769,1.0,1.0,-1.0,-1.0,33.524375915527344,0.4,-0.4,-0.4
33.95,20.496902,-15.00576,1.9996257,-0.24753727,-0.0033186036,0.004660179,0.96886146,0.006432656,0.0008581844,0.13250604,-0.14724168,0.25486907,0.14338422,-0.0063903816,-0.0028598097,0.13248,-0.11979108,0.24796385,8.837057,20.496017,-15.004781,1.1996269,0.06338417,-0.07014606,-0.049177404,-0.36473256,106.83175,-746.9447,166.7884,72.41866,106.83175,-746.9447,166.7884,72.41866,1.0,-1.0,1.0,1.0,33.524375915527344,-0.4,0.4,0.4
33.96666666666667,20.496782,-15.005808,1.9997865,-0.24722797,-0.0011185439,0.0011767412,0.968956,0.007923231,-0.0012135566,-0.03127285,-0.5779948,-0.28813863,-0.09993032,-0.0074500847,-0.002784904,-0.03128869,-0.06358218,0.004494334,-9.82612,20.495934,-15.004764,1.1997879,0.0607887,-0.07479059,-0.15572815,-0.27867165,-513.0323,-101.49348,-624.0348,-493.74667,-513.0323,-101.49348,-624.0348,-493.74667,-1.0,-1.0,-1.0,-1.0,0.0,-0.4,-0.4,-0.4
33.983333333333334,20.49666,-15.005855,2.0011082,-0.24495348,-0.0016757812,-0.0011326751,0.96953267,0.0070775836,-0.00089853443,0.11616639,-0.14324191,0.2735543,-0.3425417,-0.0069680098,-0.0029214968,0.11613975,0.028924493,-0.0081955595,8.845706,20.49585,-15.004751,1.2011093,0.058056615,-0.07902531,-0.16392498,-0.2540834,118.99315,690.73145,212.92468,-377.18015,118.99315,690.73145,212.92468,-377.18015,1.0,1.0,1.0,-1.0,33.524375915527344,0.4,0.4,-0.4
34.0,20.496544,-15.005911,2.0009978,-0.24366024,-0.0009793785,0.0005689572,0.9698599,0.00842865,-0.00022071414,-0.047501583,0.28481206,-0.26582026,-0.098952554,-0.0074287183,-0.0038189127,-0.047515485,-0.027642509,-0.05384495,-9.819314,20.495777,-15.004737,1.2009993,0.05491473,-0.08407966,-0.18851301,-0.3032608,-402.40726,391.93237,-472.3796,774.74316,-402.40726,391.93237,-472.3796,774.74316,-1.0,1.0,-1.0,1.0,0.0,0.4,-0.4,0.4
34.016666666666666,20.496416,-15.005958,2.002047,-0.24433246,-0.0021408473,2.7999963e-06,0.9696891,0.0075647538,-0.0014745472,0.09983015,-0.1374729,0.29109576,0.14370334,-0.007774821,-0.0023899884,0.09979629,-0.020766163,0.085735455,8.838706,20.495703,-15.004732,1.2020487,0.051089823,-0.087767966,-0.22949448,-0.22129832,200.98528,-380.0163,137.6665,116.87856,200.98528,-380.0163,137.6665,116.87856,1.0,-1.0,1.0,1.0,33.524375915527344,-0.4,0.4,0.4
34.03333333333333,20.496277,-15.006012,2.0016646,-0.24401839,-0.0015935194,0.001706101,0.9697677,0.009012904,-0.0010437118,-0.06383442,0.28892672,-0.24857028,-0.099062175,-0.008183036,-0.003507877,-0.063858345,-0.024492897,-0.067073315,-9.819277,20.495625,-15.004729,1.2016664,0.0467185,-0.09186608,-0.26227933,-0.24588703,-473.82803,338.59708,-655.14825,-213.10274,-473.82803,338.59708,-655.14825,-213.10274,-1.0,1.0,-1.0,-1.0,0.0,0.4,-0.4,-0.4
34.05,20.496134,-15.0060425,2.0024414,-0.24469148,-0.0029016961,0.0011384024,0.9695959,0.008298009,-0.0027346776,0.08350309,-0.13336527,0.30834776,0.1435848,-0.009118187,-0.0014645313,0.083449475,-0.05610907,0.122600734,8.838469,20.49556,-15.004729,1.2024428,0.041117743,-0.09405175,-0.33604544,-0.13113989,251.8595,-502.37192,25.884832,120.44196,251.8595,-502.37192,25.884832,120.44196,1.0,-1.0,1.0,1.0,33.524375915527344,-0.4,0.4,0.4
34.06666666666666,20.495975,-15.006081,2.0017867,-0.24437419,-0.0025028035,0.0028391897,0.9696736,0.009889506,-0.0027793157,-0.08015342,0.29300222,-0.23134968,-0.09918304,-0.009525083,-0.0025830148,-0.08020411,-0.024413744,-0.067109,-9.819215,20.495487,-15.004734,1.201788,0.034970574,-0.09644232,-0.36883008,-0.14343424,-425.8146,220.25565,-784.923,-221.20612,-425.8146,220.25565,-784.923,-221.20612,-1.0,1.0,-1.0,-1.0,0.0,0.4,-0.4,-0.4
34.083333333333336,20.495785,-15.006098,2.002286,-0.24502419,0.0026063318,0.003901729,0.96950555,0.011332235,-0.0049376283,0.06663749,-0.13249472,-0.75663394,0.14358535,-0.012108018,-0.00044991262,0.06668245,-0.15497607,0.12798612,8.813193,20.495424,-15.0047455,1.2022874,0.025818117,-0.09685213,-0.54914737,-0.024588702,321.51807,-632.18005,-136.8925,126.58139,321.51807,-632.18005,-136.8925,126.58139,1.0,-1.0,-1.0,1.0,33.524375915527344,-0.4,-0.4,0.4
34.1,20.495588,-15.006095,2.0013556,-0.24468333,0.0063705673,0.0009705824,0.96958166,0.008797807,-0.005801062,-0.09679238,-0.5586839,-0.21681231,-0.099600695,-0.011645966,0.00044822143,-0.09666431,0.027723087,0.05388804,-9.800805,20.495356,-15.004761,1.2013569,0.016665662,-0.0955544,-0.5491473,0.07786407,-368.5665,-217.95055,748.89874,-3516.911,-368.5665,-217.95055,748.89874,-3516.911,-1.0,-1.0,1.0,-1.0,0.0,-0.4,0.4,-0.4
34.11666666666667,20.495455,-15.006071,2.001587,-0.2453401,0.0051962268,-0.001325734,0.9694222,0.0054995744,-0.0047639897,0.050651398,-0.12336701,0.34404886,0.14376819,-0.0065600253,0.0015733253,0.050724708,0.30515644,0.067506224,8.843341,20.495289,-15.004782,1.2015882,0.011884529,-0.0923442,-0.28686795,0.19261165,353.28662,618.7367,513.1896,24.393833,353.28662,618.7367,513.1896,24.393833,1.0,1.0,1.0,1.0,33.524375915527344,0.4,0.4,0.4
34.13333333333333,20.49534,-15.006061,2.0003867,-0.24503866,0.0052867522,0.00038534243,0.96949875,0.004735923,-0.0035022623,-0.11298549,0.30294687,-0.19571085,-0.09900283,-0.0069678524,0.00045436816,-0.11292324,-0.024469623,-0.06713742,-9.818876,20.495224,-15.0048065,1.2003875,0.008332831,-0.08981703,-0.21310188,0.15163018,-288.4659,228.35588,-129.8512,-124.812065,-288.4659,228.35588,-129.8512,-124.812065,-1.0,1.0,-1.0,-1.0,0.0,0.4,-0.4,-0.4
34.15,20.495268,-15.006023,2.0003462,-0.24570946,0.0035222624,-0.00018296827,0.96933705,0.0019384762,-0.004115475,0.034345377,-0.11933112,0.36124533,0.14364693,-0.0034271525,0.0027424155,0.034366168,0.21244198,0.13728283,8.837364,20.495157,-15.004834,1.2003472,0.007923019,-0.0851725,-0.024588702,0.2786721,512.3475,-599.5638,532.0204,88.04187,512.3475,-599.5638,532.0204,88.04187,1.0,-1.0,1.0,1.0,33.524375915527344,-0.4,0.4,0.4
34.166666666666664,20.495205,-15.005994,1.9988731,-0.24540402,0.00346425,0.0015249525,0.9694135,0.0016344683,-0.0034138176,-0.12929346,0.3069625,-0.17854686,-0.09912655,-0.0038335195,0.0016228572,-0.12928185,-0.02438202,-0.067173496,-9.81888,20.49509,-15.004868,1.1988739,0.008196227,-0.08066456,0.016392486,0.27047616,-174.53012,68.89204,-201.85785,-154.71114,-174.53012,68.89204,-201.85785,-154.71114,-1.0,1.0,-1.0,-1.0,0.0,0.4,-0.4,-0.4
34.18333333333333,20.495165,-15.005935,1.9985596,-0.24607627,0.0015545692,0.0009548048,0.96924865,-0.00055624894,-0.0045721335,0.018023167,-0.11532247,0.37840155,0.14352624,-0.0016462811,0.0043308963,0.018016145,0.1312343,0.16248235,8.837879,20.495022,-15.004906,1.1985605,0.010245284,-0.07369776,0.1229434,0.41800794,625.4362,-736.01495,429.45447,65.75889,625.4362,-736.01495,429.45447,65.75889,1.0,-1.0,1.0,1.0,33.524375915527344,-0.4,0.4,0.4
34.2,20.495127,-15.005861,1.9968133,-0.2457555,0.0026882628,-0.0025262444,0.9693248,-0.00029890612,-0.0042612953,-0.14577119,-0.5461121,-0.16470253,-0.099825844,-0.002708073,0.004410232,-0.14574191,-0.06370751,0.004760138,-9.825482,20.494959,-15.004945,1.196814,0.012021133,-0.06563813,0.10655092,0.48357767,-40.124805,-92.815895,-354.89853,-183.08887,-40.124805,-92.815895,-354.89853,-183.08887,-1.0,-1.0,-1.0,-1.0,0.0,-0.4,-0.4,-0.4
34.21666666666667,20.495125,-15.005811,1.9962267,-0.24346605,0.00107476,-0.00482021,0.96989685,-0.0017155288,-0.0019344126,0.001645688,-0.11115563,0.39685678,-0.3424878,0.0006058873,0.0025006866,0.0016651573,0.19883761,-0.11457272,8.844423,20.494898,-15.00499,1.1962274,0.01625585,-0.058807943,0.254083,0.40981135,756.02014,764.4546,438.42682,-57.280994,756.02014,764.4546,438.42682,-57.280994,1.0,1.0,1.0,-1.0,33.524375915527344,0.4,0.4,-0.4
34.233333333333334,20.495146,-15.005817,1.9980917,-0.24217579,0.00060511875,-0.0031006,0.9702272,-0.0006973689,0.00076683424,0.14865856,0.3221541,-0.12531526,-0.09883601,0.0013737333,-0.001199998,0.14865097,0.046070755,-0.22204106,8.819148,20.494833,-15.005038,1.1980922,0.02240302,-0.055802654,0.3688302,0.1803173,173.91647,453.66412,-257.60757,679.05615,173.91647,453.66412,-257.60757,679.05615,1.0,1.0,-1.0,1.0,33.524375915527344,0.4,-0.4,0.4
34.25,20.495174,-15.005823,1.9985273,-0.24284124,-0.0016568045,-0.0036483824,0.97005767,-0.0014620526,0.0010066146,-0.014688918,-0.10479078,0.4139852,0.14384289,0.0017850618,-8.325759e-05,-0.014687471,0.02467971,0.06700442,-9.800306,20.494774,-15.005088,1.1985279,0.028686795,-0.052660767,0.37702647,0.18851323,-458.88348,-203.4819,357.36093,228.5016,-458.88348,-203.4819,357.36093,228.5016,-1.0,-1.0,1.0,1.0,0.0,-0.4,0.4,0.4
34.266666666666666,20.49519,-15.005871,2.0001202,-0.24252693,-0.0022772835,-0.0019295749,0.9701401,0.00044051604,0.0032356835,0.1323118,0.32612258,-0.10830064,-0.09893622,0.0006731629,-0.0037038242,0.13229854,-0.06671392,-0.21723399,8.81916,20.494713,-15.005141,1.2001208,0.03415095,-0.052250955,0.3278493,0.024588702,114.08553,494.672,-530.6637,-165.91492,114.08553,494.672,-530.6637,-165.91492,1.0,1.0,-1.0,-1.0,33.524375915527344,0.4,-0.4,-0.4
34.28333333333333,20.495207,-15.0059185,2.000283,-0.24319384,-0.004683721,-0.0024782862,0.9699632,0.0005850736,0.0028700272,-0.031026559,-0.10081148,0.4310114,0.14375347,0.0010827514,-0.0025866705,-0.031038098,0.02457531,0.06702922,-9.800198,20.494652,-15.005195,1.2002836,0.039751705,-0.051841144,0.33604524,0.024588702,-468.8924,-213.60892,107.43005,241.17093,-468.8924,-213.60892,107.43005,241.17093,-1.0,-1.0,1.0,1.0,0.0,-0.4,0.4,0.4
34.3,20.495186,-15.006002,2.0016026,-0.2428728,-0.005450132,-0.00076332927,0.9700425,0.0034265837,0.0043785186,0.115976706,0.33005378,-0.091329396,-0.09902118,-0.0021422664,-0.0059553045,0.11593729,-0.19350106,-0.20211802,8.818523,20.494596,-15.005251,1.2016035,0.04221057,-0.0538219,0.14753199,-0.11884532,126.915535,451.9309,-818.4527,-179.92122,126.915535,451.9309,-818.4527,-179.92122,1.0,1.0,-1.0,-1.0,33.524375915527344,0.4,-0.4,-0.4
34.31666666666666,20.495138,-15.006097,2.0014877,-0.24354324,-0.0014343429,0.00030948105,0.96988887,0.0056623113,0.0033785347,-0.04781996,-0.09995529,-0.63439983,0.1437745,-0.0032542457,-0.005648042,-0.04783027,-0.06671876,0.018435743,-9.826054,20.494543,-15.005309,1.2014886,0.042620383,-0.05641737,0.024588702,-0.15572815,-461.64508,-203.00737,-239.98929,263.23306,-461.64508,-203.00737,-239.98929,263.23306,-1.0,-1.0,-1.0,1.0,0.0,-0.4,-0.4,0.4
34.333333333333336,20.495085,-15.00619,2.0025334,-0.2432309,-0.00016729835,0.0025758338,0.9699649,0.005140065,0.0041560913,0.099573135,0.33539197,-0.0736296,-0.09907678,-0.0027279137,-0.0056001693,0.099597685,0.031579923,0.0028723662,8.845676,20.494486,-15.005369,1.2025344,0.042893592,-0.058807943,0.016392542,-0.14343446,180.31096,224.15767,608.42456,-3430.404,180.31096,224.15767,608.42456,-3430.404,1.0,1.0,1.0,-1.0,33.524375915527344,0.4,0.4,-0.4
34.35,20.49504,-15.006269,2.0021517,-0.2439087,-0.00286942,0.0020285088,0.96979177,0.004455122,0.002510467,-0.06374408,-0.09151992,0.46569687,0.14362466,-0.0023194961,-0.0044810046,-0.06374951,0.02450505,0.067149885,-9.800831,20.49443,-15.005433,1.2021524,0.043713216,-0.05990077,0.049177404,-0.06556972,-463.94772,-622.066,102.21379,246.87807,-463.94772,-622.066,102.21379,246.87807,-1.0,-1.0,1.0,1.0,0.0,-0.4,0.4,0.4
34.36666666666667,20.494967,-15.006349,2.0029268,-0.24359179,-0.003937135,0.0037472884,0.9698626,0.0063036596,0.0025025685,0.08326486,0.33925292,-0.056703404,-0.099138886,-0.0051608924,-0.004738665,0.08324629,-0.17048377,-0.015459637,8.819747,20.494377,-15.005502,1.2029275,0.04221057,-0.060652092,-0.09015865,-0.045079213,198.35976,89.19963,-813.65814,-168.88818,198.35976,89.19963,-813.65814,-168.88818,1.0,1.0,-1.0,-1.0,33.524375915527344,0.4,-0.4,-0.4
34.38333333333333,20.494867,-15.006421,2.002267,-0.24424358,-0.00021759364,0.004826868,0.9697018,0.0074700345,0.00017231284,-0.08054389,-0.09069303,-0.5998217,0.14367732,-0.0062732627,-0.0044356515,-0.08052404,-0.06674221,0.018180821,-9.82622,20.49433,-15.005569,1.2022679,0.03852227,-0.060993604,-0.2212981,-0.020490734,-420.07602,-699.2613,-291.95374,260.1296,-420.07602,-699.2613,-291.95374,260.1296,-1.0,-1.0,-1.0,1.0,0.0,-0.4,-0.4,0.4
34.4,20.494768,-15.00645,2.0027661,-0.24391921,0.002077229,0.0019097698,0.96979135,0.0060362937,-0.002127653,0.066750094,-0.5124099,-0.042260915,-0.09961148,-0.0061178347,-0.0006663779,0.06677325,0.009325677,0.22615641,8.837837,20.49429,-15.005646,1.2027671,0.034287553,-0.0575785,-0.25408295,0.20490623,289.84003,-313.65952,583.3444,-3442.991,289.84003,-313.65952,583.3444,-3442.991,1.0,-1.0,1.0,-1.0,33.524375915527344,-0.4,0.4,-0.4
34.416666666666664,20.49468,-15.006466,2.0018387,-0.24458753,-0.0004885118,-0.00036525397,0.96962696,0.004917111,-0.0016945595,-0.09645405,-0.081915915,0.50087935,0.14361937,-0.005058414,-0.0007490883,-0.09645872,0.06356525,-0.004962624,-9.793918,20.494246,-15.005724,1.2018393,0.031145662,-0.05313888,-0.18851346,0.2663773,-424.37857,525.4698,113.47222,215.83469,-424.37857,525.4698,113.47222,215.83469,-1.0,1.0,1.0,1.0,0.0,0.4,0.4,0.4
34.43333333333333,20.494581,-15.0064945,2.0020688,-0.24427356,-0.0018606106,0.0013589353,0.9697036,0.0062119276,-0.00080109295,0.050566323,0.3488053,-0.021582931,-0.099139504,-0.0060661077,-0.002150114,0.050544653,-0.060461625,-0.08406153,8.820202,20.494198,-15.005801,1.2020694,0.027457362,-0.049655482,-0.221298,0.20900375,368.33762,200.9744,-802.0347,-133.13979,368.33762,200.9744,-802.0347,-133.13979,1.0,1.0,-1.0,-1.0,33.524375915527344,0.4,-0.4,-0.4
34.45,20.49447,-15.006527,2.000864,-0.2449354,0.0015532066,0.002445724,0.969535,0.0067195315,-0.002235276,-0.11324101,-0.08107817,-0.5647496,0.14370094,-0.0071802842,-0.0018475243,-0.11321972,-0.066850595,0.018155375,-9.825862,20.494158,-15.005881,1.2008643,0.02240302,-0.04624039,-0.30326048,0.20490555,-247.44147,-577.9094,-229.88957,256.72507,-247.44147,-577.9094,-229.88957,256.72507,-1.0,-1.0,-1.0,1.0,0.0,-0.4,-0.4,0.4
34.46666666666667,20.494366,-15.006527,2.0008187,-0.24461006,0.0035474026,-0.0004629909,0.96961486,0.0048097526,-0.0033433577,0.03404464,-0.5028382,-0.00715515,-0.09961027,-0.005578074,0.00069023215,0.03408457,0.0961326,0.15226538,8.838258,20.494114,-15.005965,1.2008188,0.0180317,-0.04022982,-0.26227924,0.36063415,490.3964,-168.18019,636.2922,-3249.0627,490.3964,-168.18019,636.2922,-3249.0627,1.0,-1.0,1.0,-1.0,33.524375915527344,-0.4,0.4,-0.4
34.483333333333334,20.494287,-15.006518,1.999346,-0.24526823,0.00067909027,-0.0027348027,0.96945107,0.0036883825,-0.001955394,-0.12916431,-0.072369814,0.5359665,0.14359194,-0.004517849,0.00060794526,-0.12915133,0.063613504,-0.004937213,-9.794153,20.494074,-15.006052,1.1993462,0.015299624,-0.03339963,-0.16392453,0.40981135,-205.85487,654.53815,200.7186,211.73041,-205.85487,654.53815,200.7186,211.73041,-1.0,1.0,1.0,1.0,0.0,0.4,0.4,0.4
34.5,20.494219,-15.006541,1.9990307,-0.2449531,-0.0009957895,-0.001005961,0.96953386,0.0048829876,-0.00028168643,0.017857173,0.35830075,0.013436168,-0.09916324,-0.0044564763,-0.002114977,0.01784568,0.0036823654,-0.16337533,8.819819,20.49404,-15.006136,1.199031,0.012840756,-0.029028304,-0.14753205,0.26227957,595.5581,367.3201,-754.11646,-124.01289,595.5581,367.3201,-754.11646,-124.01289,1.0,1.0,-1.0,-1.0,33.524375915527344,0.4,-0.4,-0.4
34.516666666666666,20.494133,-15.00658,2.0011644,-0.24562344,0.0020004977,9.010544e-05,0.96936315,0.006829752,-0.0009152489,0.16471523,-0.066859215,-0.5122231,0.14369428,-0.005809905,-0.002256845,0.16474144,-0.08120572,-0.008512074,8.8137455,20.494005,-15.006226,1.2011645,0.009152453,-0.025408303,-0.22129816,0.21720003,3.276067,-371.61374,-164.1502,238.63858,3.276067,-371.61374,-164.1502,238.63858,1.0,-1.0,-1.0,1.0,33.524375915527344,-0.4,-0.4,0.4
34.53333333333333,20.494053,-15.006621,2.0018694,-0.24531768,0.0023221448,0.002373437,0.96943694,0.0053531537,2.380088e-05,0.0014747266,0.3634862,0.030963033,-0.09918623,-0.004692541,-0.0025585871,0.0015051119,0.06704184,-0.018104533,-9.79418,20.49397,-15.006313,1.2018695,0.005873963,-0.022061512,-0.19670942,0.20080748,-662.432,116.688896,603.7987,-2416.24,-662.432,116.688896,603.7987,-2416.24,-1.0,1.0,1.0,-1.0,0.0,0.4,0.4,-0.4
34.55,20.493982,-15.006653,1.9998529,-0.2459968,-0.0012822023,0.0018326548,0.969268,0.0047112135,-0.0014585655,-0.16183062,-0.06336874,0.57032645,0.14355755,-0.0042883893,-0.001437491,-0.16184255,0.024249095,0.067265764,-9.800859,20.493935,-15.006406,1.199853,0.0034150947,-0.017690191,-0.14753208,0.26227924,-42.160004,-746.45465,45.68694,225.45065,-42.160004,-746.45465,45.68694,225.45065,-1.0,-1.0,1.0,1.0,0.0,-0.4,0.4,0.4
34.56666666666666,20.493893,-15.00668,1.998993,-0.24568303,-0.0032548795,0.0035611703,0.9693381,0.0063159284,-0.0016719212,-0.014797402,0.36721027,0.047716707,-0.09918518,-0.006230366,-0.0016168745,-0.014839732,-0.11651859,-0.010763005,8.8201685,20.493898,-15.006496,1.1989932,-0.00040981136,-0.013113963,-0.22949435,0.27457365,689.2738,10.454084,-890.65265,-147.69606,689.2738,10.454084,-890.65265,-147.69606,1.0,1.0,-1.0,-1.0,33.524375915527344,0.4,-0.4,-0.4
34.583333333333336,20.493744,-15.006678,2.0005815,-0.2463391,-0.00055102917,0.0046629277,0.96917224,0.008399999,-0.0040843883,0.1320651,-0.057923228,-0.4780043,0.14370434,-0.009775211,0.0007353433,0.13203157,-0.2126907,0.14113306,8.812279,20.49386,-15.006588,1.2005816,-0.008332831,-0.006420378,-0.4753811,0.40161508,123.89681,-788.3354,-438.67734,237.99124,123.89681,-788.3354,-438.67734,237.99124,1.0,-1.0,-1.0,1.0,33.524375915527344,-0.4,-0.4,0.4
34.6,20.493584,-15.006654,2.00074,-0.2460214,0.0008123076,0.0017629174,0.96926236,0.007331579,-0.0059739808,-0.031316582,-0.48446757,0.062090874,-0.09965643,-0.00931533,0.0016346889,-0.031316467,0.027592888,0.053960733,-9.800882,20.493818,-15.00668,1.20074,-0.016802266,0.0018441511,-0.5081661,0.49587175,-551.6697,-359.28125,263.03833,-2556.4773,-551.6697,-359.28125,263.03833,-2556.4773,-1.0,-1.0,1.0,-1.0,0.0,-0.4,0.4,-0.4
34.61666666666667,20.49343,-15.006624,2.0020556,-0.24668571,0.003801284,0.0011423571,0.96908736,0.008058494,-0.005885007,0.115634225,-0.052305847,-0.45994586,0.14377323,-0.009104503,0.001788773,0.115692504,0.012649576,0.009245043,8.820538,20.493778,-15.006773,1.2020559,-0.024998493,0.010655095,-0.4917736,0.5286566,115.446976,444.53058,-291.67917,227.62245,115.446976,444.53058,-291.67917,227.62245,1.0,1.0,-1.0,1.0,33.524375915527344,0.4,-0.4,0.4
34.63333333333333,20.49328,-15.006583,2.0019417,-0.24635737,0.0050092014,-0.001748197,0.9691645,0.005888731,-0.0062096366,-0.047747254,-0.47887304,0.08016896,-0.09959589,-0.008643495,0.0026876992,-0.047656093,0.027660502,0.05393557,-9.800916,20.493734,-15.006866,1.2019422,-0.032511704,0.020285662,-0.45079258,0.577834,-543.8338,-129.54578,552.35736,-2279.4253,-543.8338,-129.54578,552.35736,-2279.4253,-1.0,-1.0,1.0,-1.0,0.0,-0.4,0.4,-0.4
34.65,20.49319,-15.006549,2.00299,-0.24700724,0.0012762314,-0.00401072,0.9690044,0.0030444236,-0.0044849534,0.099711254,-0.043811798,0.6407908,0.14353976,-0.0043756464,0.0017679576,0.099746905,0.2560709,-0.05518449,8.84418,20.49369,-15.006958,1.2029902,-0.035790194,0.029301511,-0.1967094,0.5409509,157.01866,662.0812,86.88513,218.01387,157.01866,662.0812,86.88513,218.01387,1.0,1.0,1.0,1.0,33.524375915527344,0.4,0.4,0.4
34.666666666666664,20.493116,-15.006531,2.0026066,-0.24963088,-0.001205046,-0.0022734166,0.96833766,0.0040317187,-0.0028605252,-0.063906476,0.3818378,0.10075027,0.38690165,-0.004835569,0.00087467686,-0.06390874,-0.027595347,-0.05359684,-9.819338,20.49365,-15.007049,1.2026068,-0.038249064,0.037087932,-0.14753221,0.46718523,-439.59058,390.4998,-843.5031,51.90859,-439.59058,390.4998,-843.5031,51.90859,-1.0,1.0,-1.0,1.0,0.0,0.4,-0.4,0.4
34.68333333333333,20.49302,-15.006532,2.0033777,-0.25128302,0.0010169628,-0.0011588619,0.9679124,0.0056845476,-0.0028984589,0.082968995,-0.04381597,-0.42305204,0.1435475,-0.006164916,-0.0003765134,0.08298447,-0.07976082,-0.07507141,8.813592,20.493605,-15.007135,1.2033783,-0.041937366,0.0432351,-0.2212981,0.36883008,165.76627,-276.27722,-396.64505,-2541.0051,165.76627,-276.27722,-396.64505,-2541.0051,1.0,-1.0,-1.0,-1.0,33.524375915527344,-0.4,-0.4,-0.4
34.7,20.492922,-15.006541,2.0027199,-0.2509745,0.0005591424,0.0011233463,0.9679929,0.004600446,-0.0020214608,-0.080255926,0.38626567,0.12010831,-0.09934429,-0.0050447136,-0.00066553726,-0.08025193,0.067212135,-0.017341431,-9.794184,20.49355,-15.007221,1.2027208,-0.044942647,0.048699256,-0.18031685,0.3278493,-459.82385,170.52234,408.0213,-2284.5632,-459.82385,170.52234,408.0213,-2284.5632,-1.0,1.0,1.0,-1.0,0.0,0.4,0.4,-0.4
34.71666666666667,20.49283,-15.006536,2.0032187,-0.25163832,0.0026315807,0.0022405803,0.96781516,0.0052219713,-0.0032965261,0.066620946,-0.03874585,-0.405671,0.14357333,-0.005902048,0.0007127235,0.06664191,-0.05144007,0.08269564,8.81363,20.493504,-15.007304,1.2032193,-0.04822114,0.055051334,-0.19670962,0.38112468,311.439,-670.22815,-248.88792,206.44096,311.439,-670.22815,-248.88792,206.44096,1.0,-1.0,-1.0,1.0,33.524375915527344,-0.4,-0.4,0.4
34.733333333333334,20.492737,-15.006513,2.0022874,-0.25131342,0.003387675,-0.00064947724,0.9678995,0.0033731638,-0.003777675,-0.0967413,-0.46539795,0.1345219,-0.099814914,-0.0054507917,0.0016163582,-0.09670679,0.02707539,0.05421808,-9.800921,20.49345,-15.007386,1.2022886,-0.051089823,0.062564544,-0.17212091,0.45079258,-407.20215,-241.95747,507.80118,-2318.4531,-407.20215,-241.95747,507.80118,-2318.4531,-1.0,-1.0,1.0,-1.0,0.0,-0.4,0.4,-0.4
34.75,20.492672,-15.006496,2.0025134,-0.25197858,0.0057556364,-0.0012527171,0.96771485,0.0031106668,-0.0024402984,0.050250925,-0.033223957,-0.38771665,0.14355206,-0.003314014,0.0006372518,0.050293118,0.12820666,-0.058746383,8.819994,20.493395,-15.007463,1.2025146,-0.05177284,0.06925814,-0.04098102,0.40161562,371.44556,584.5442,-33.9463,185.8739,371.44556,584.5442,-33.9463,185.8739,1.0,1.0,-1.0,1.0,33.524375915527344,0.4,-0.4,0.4
34.766666666666666,20.492632,-15.006489,2.001311,-0.25168115,0.004989025,0.0010407198,0.9677967,0.00059277145,-0.001317404,-0.11296511,0.39676845,0.15544483,-0.09934384,-0.0021911317,0.0003504936,-0.112952545,0.06737294,-0.017205494,-9.79474,20.49334,-15.00754,1.2013123,-0.05068001,0.07526871,0.06556972,0.36063415,-327.3149,27.58141,764.8372,-2102.5234,-327.3149,27.58141,764.8372,-2102.5234,-1.0,1.0,1.0,-1.0,0.0,0.4,0.4,-0.4
34.78333333333333,20.492632,-15.006451,2.0012693,-0.25235668,0.00019963937,0.00048260883,0.9676341,-0.001874648,-0.0021968223,0.034351513,-0.025434911,0.71240586,0.14348568,0.0005679028,0.0028680984,0.034348484,0.16554207,0.15105627,8.838061,20.493279,-15.007611,1.2012708,-0.04630869,0.08312343,0.26227933,0.47128332,487.8438,-766.2921,133.20633,159.1,487.8438,-766.2921,133.20633,159.1,1.0,-1.0,1.0,1.0,33.524375915527344,-0.4,0.4,0.4
34.8,20.492626,-15.0064,1.999795,-0.25204307,-0.0015244111,-0.0029711963,0.96771014,-0.00042396225,-0.0021564497,-0.1294257,-0.45632693,0.16908118,-0.09990894,-0.00049385254,0.0029329609,-0.12941019,-0.06370532,0.0038917453,-9.8255205,20.493216,-15.00768,1.1997961,-0.04221057,0.09166118,0.24588703,0.5122648,-174.48505,-30.617851,-836.5928,-11.268913,-174.48505,-30.617851,-836.5928,-11.268913,-1.0,-1.0,-1.0,-1.0,0.0,-0.4,-0.4,-0.4
34.81666666666666,20.492615,-15.0063925,1.9994757,-0.25271696,0.00054539,-0.0035682202,0.9675335,0.0011128332,-0.00038567474,0.017579757,-0.024154574,-0.35328382,0.14342867,-0.001109033,-0.00032434243,0.017581236,-0.036910824,-0.19543819,8.819486,20.493155,-15.007744,1.1994771,-0.038658876,0.09678383,0.21310171,0.30735922,624.6661,676.5221,-314.5882,147.95522,624.6661,676.5221,-314.5882,147.95522,1.0,1.0,-1.0,1.0,33.524375915527344,0.4,-0.4,0.4
34.833333333333336,20.492609,-15.006402,1.9977279,-0.2524046,-0.0005183392,-0.0012773696,0.96762073,0.00052865176,0.0008610378,-0.14565456,0.40574867,0.18987778,-0.09946659,1.1480077e-05,-0.0006113786,-0.14565678,0.06723078,-0.017222168,-9.794281,20.493088,-15.007806,1.1977292,-0.034287553,0.10054044,0.26227933,0.22539629,-61.011574,371.85098,446.75397,-2196.698,-61.011574,371.85098,446.75397,-2196.698,-1.0,1.0,1.0,-1.0,0.0,0.4,0.4,-0.4
34.85,20.492596,-15.006416,1.9971367,-0.25307205,0.0009481289,-0.00014480749,0.9674469,0.0015419921,0.00022869161,0.0012359987,-0.019171834,-0.33600426,0.14346981,-0.0012301335,-0.0009542155,0.0012385384,-0.074496806,-0.020570213,8.813719,20.493023,-15.007857,1.1971383,-0.030599248,0.10320421,0.22129832,0.15982656,727.1062,-447.7907,-256.35748,160.10007,727.1062,-447.7907,-256.35748,160.10007,1.0,-1.0,-1.0,1.0,33.524375915527344,-0.4,-0.4,0.4
34.86666666666667,20.4926,-15.0064335,1.9989998,-0.25276247,-0.00037999797,0.0021490974,0.9675259,8.528051e-05,0.0016843796,0.14865422,0.41526198,0.22464031,-0.09942288,0.00047864905,-0.00092121004,0.14866017,0.10252695,0.001980326,8.845297,20.492954,-15.007903,1.1990013,-0.025408303,0.10525328,0.31145665,0.12294396,78.99132,30.267305,462.72647,-2271.2917,78.99132,30.267305,462.72647,-2271.2917,1.0,1.0,1.0,-1.0,33.524375915527344,0.4,0.4,-0.4
34.88333333333333,20.492596,-15.006445,1.9994305,-0.25342497,0.0009011971,0.0032856008,0.96734905,0.00082041684,0.00015307101,-0.015108883,-0.014210552,-0.31875077,0.14353117,-0.0006411647,-0.00063859526,-0.015104833,-0.06718882,0.016956886,-9.825899,20.492886,-15.007944,1.1994319,-0.020763775,0.10737064,0.27867165,0.12704147,-464.16818,-758.3146,-228.95775,304.18015,-464.16818,-758.3146,-228.95775,304.18015,-1.0,-1.0,-1.0,1.0,0.0,-0.4,-0.4,0.4
34.9,20.492594,-15.00642,2.00102,-0.2531083,0.00079643156,0.00040895728,0.96743745,-0.00090860215,-0.001854724,0.1322009,-0.43640983,0.23901762,-0.09988137,6.0215683e-05,0.0022199617,0.13219838,0.042082824,0.17151341,8.838192,20.492813,-15.007981,1.2010217,-0.015709436,0.111810274,0.30326036,0.2663782,77.518196,-370.63605,450.57712,-2355.1736,77.518196,-370.63605,450.57712,-2355.1736,1.0,-1.0,1.0,-1.0,33.524375915527344,-0.4,0.4,-0.4
34.916666666666664,20.492584,-15.006394,2.0011778,-0.2537734,0.0023773443,-0.00017402033,0.9672608,-0.00045053376,-0.0012862757,-0.031452663,-0.008820653,-0.30095863,0.14342196,-0.00038640085,0.001314419,-0.031452354,-0.026796991,-0.05433256,-9.819044,20.492735,-15.008014,1.2011795,-0.010791699,0.11597669,0.29506415,0.249985,-547.3915,484.46982,-184.25713,334.03265,-547.3915,484.46982,-184.25713,334.03265,-1.0,1.0,-1.0,1.0,0.0,0.4,-0.4,0.4
34.93333333333333,20.492607,-15.006361,2.0024948,-0.25344893,0.0021195686,-0.0030440192,0.9673416,-0.0023549898,-0.0018807151,0.11585185,-0.43102938,0.25682455,-0.099997334,0.001784078,0.0022360398,0.11585573,0.13022873,0.055297248,8.838485,20.492666,-15.00804,1.2024964,-0.004234717,0.12027973,0.3934189,0.25818226,105.71267,-101.92019,550.8202,-2166.6133,105.71267,-101.92019,550.8202,-2166.6133,1.0,-1.0,1.0,-1.0,33.524375915527344,-0.4,0.4,-0.4
34.95,20.492632,-15.006337,2.00238,-0.25411603,0.003543488,-0.0036218404,0.9671604,-0.0020587617,-8.0924714e-05,-0.04779146,-0.0034371018,-0.2831898,0.14329489,0.0013374999,0.0013312413,-0.04779861,-0.02679468,-0.054287907,-9.81926,20.492592,-15.008064,1.2023818,0.0028686796,0.12369482,0.42620376,0.20490555,-515.0964,671.5836,-12.132563,316.88333,-515.0964,671.5836,-12.132563,316.88333,-1.0,1.0,-1.0,1.0,0.0,0.4,-0.4,0.4
