Time,UAV_X,UAV_Y,UAV_Z,UAV_quat_0,UAV_quat_1,UAV_quat_2,UAV_quat_3,UAV_v_bx,UAV_v_by,UAV_v_bz,UAV_w_bx,UAV_w_by,UAV_w_bz,UAV_v_wx,UAV_v_wy,UAV_v_wz,UAV_a_wx,UAV_a_wy,UAV_a_wz,Payload_X,Payload_Y,Payload_Z,Target_X,Target_Y,Target_Z,Pos_Error_m,Swing_Mag_Deg,Tilt_Deg_X,Tilt_Deg_Y,True_Mass,Pred_Mass,Mass_Err,True_Len,Pred_Len,Len_Err,Policy_a0,Policy_a1,Policy_a2,Policy_a3,Env_raw_a0,Env_raw_a1,Env_raw_a2,Env_raw_a3,Env_clamp_a0,Env_clamp_a1,Env_clamp_a2,Env_clamp_a3,Thrust_Cmd,Moment_Cmd_X,Moment_Cmd_Y,Moment_Cmd_Z
0.0,10.773347,-10.585114,1.6678996,0.9999896,0.0026794835,-0.0033434886,-0.0015166064,-0.00020757459,-8.23934e-05,-0.16369466,0.42865956,-0.535062,-0.24268441,0.0008881241,0.00079380657,-0.16369048,0.0,0.0,0.0,10.773335,-10.585123,1.2036886,7.4977846,-11.780048,1.6687185,3.5175748,0.0,0.0,0.0,0.1746121346950531,0.6296965479850769,0.4550844132900238,0.32842397689819336,0.32452985644340515,0.003894120454788208,-4.174847,8.131364,-10.747375,-1.8361263,-4.174847,8.131364,-10.747375,-1.8361263,-1.0,1.0,-1.0,-1.0,0.0,0.4,-0.4,-0.4
0.016666666666666666,10.773374,-10.585091,1.6631256,0.9998867,0.008911469,-0.011157626,-0.004761116,-0.0055005797,-0.00429665,-0.3272699,0.8539357,-1.0719532,-0.43818456,0.0017910391,0.0015551724,-0.32733575,0.0541749,0.045681946,-9.818715,10.773338,-10.585122,1.1989156,7.4977846,-11.780048,1.6687185,3.5182118,0.0018386594,0.0014124973,0.001177081,0.1746121346950531,0.5984102487564087,0.4237981140613556,0.32842397689819336,0.33816224336624146,0.009738266468048096,-4.2861714,3.001875,-9.530311,-0.8039244,-4.2861714,3.001875,-9.530311,-0.8039244,-1.0,1.0,-1.0,-0.8039244,0.0,0.4,-0.4,-0.32156977
0.03333333333333333,10.773416,-10.585076,1.6556231,0.99961233,0.013230744,-0.023482943,-0.0069728247,-0.020327847,-0.012382055,-0.49052793,0.41305846,-1.6144819,-0.19685006,0.0026512898,0.000733918,-0.49109736,0.051615037,-0.04927526,-9.825696,10.773338,-10.585125,1.1914144,7.4977846,-11.780048,1.6687185,3.5192206,0.0058357585,0.0043552,0.0038843674,0.1746121346950531,0.7188551425933838,0.5442430078983307,0.32842397689819336,0.6805908679962158,0.35216689109802246,-3.3859463,-2.3546076,-8.541655,1.6330348,-3.3859463,-2.3546076,-8.541655,1.6330348,-1.0,-1.0,-1.0,1.0,0.0,-0.4,-0.4,0.4
0.05,10.773444,-10.585067,1.645851,0.9989598,0.019251307,-0.040269244,-0.009335428,-0.048032496,-0.023853773,-0.61595714,0.8358115,-2.1471858,-0.30077362,0.0015017848,0.0003665901,-0.6182855,-0.0689703,-0.022039672,-7.6312866,10.7733345,-10.585124,1.1814617,7.4977846,-11.780048,1.6687185,3.520581,0.011266823,0.009534356,0.006003113,0.1746121346950531,0.7639638185501099,0.5893516838550568,0.32842397689819336,0.881234884262085,0.5528109073638916,-0.7690219,1.8703164,-5.47606,-0.42185286,-0.7690219,1.8703164,-5.47606,-0.42185286,-0.7690219,1.0,-1.0,-0.42185286,3.8738503456115723,0.4,-0.4,-0.16874115
0.06666666666666667,10.773111,-10.585231,1.6374515,0.99808127,0.023383863,-0.056363426,-0.010487157,-0.07995121,-0.036384556,-0.46112728,0.402571,-1.8593638,-0.061045695,-0.027983563,-0.013472951,-0.46839064,-1.7691208,-0.8303724,8.99369,10.773327,-10.585129,1.1714834,7.4977846,-11.780048,1.6687185,3.5219672,0.015268061,0.013536432,0.0070624864,0.1746121346950531,0.6508151292800903,0.47620299458503723,0.32842397689819336,0.6085854172706604,0.28016144037246704,3.8596604,-3.2372375,0.5002878,1.3902851,3.8596604,-3.2372375,0.5002878,1.3902851,1.0,-1.0,0.5002878,1.0,33.54301452636719,-0.4,0.20011511,0.4
0.08333333333333333,10.772156,-10.585645,1.6315093,0.9972634,0.02577794,-0.06833775,-0.011451907,-0.11002062,-0.047167696,-0.30768734,0.2622156,-1.299322,-0.11168944,-0.067755446,-0.028853925,-0.32183453,-2.386313,-0.9228584,8.793366,10.7733135,-10.585133,1.1638525,7.4977846,-11.780048,1.6687185,3.5230389,0.029432913,-0.026602034,-0.012594767,0.1746121346950531,0.5470314025878906,0.3724192678928375,0.32842397689819336,0.5060102939605713,0.17758631706237793,5.4155045,-0.33729434,3.932793,-0.20263377,5.4155045,-0.33729434,3.932793,-0.20263377,1.0,-0.33729434,1.0,-0.20263377,33.54301452636719,-0.13491774,0.4,-0.08105351
0.1,10.770446,-10.586339,1.6279931,0.9967425,0.025246596,-0.07563825,-0.012072422,-0.13842118,-0.057239335,-0.15473552,-0.1632095,-0.7409246,-0.026125673,-0.11452998,-0.045784704,-0.17654033,-2.806472,-1.0158467,8.717651,10.773281,-10.585149,1.1588875,7.4977846,-11.780048,1.6687185,3.523718,0.1562536,-0.14289778,-0.063209265,0.1746121346950531,0.5589076280593872,0.3842954933643341,0.32842397689819336,0.7774139046669006,0.4489899277687073,6.0835605,-1.080877,4.2962527,0.35471952,6.0835605,-1.080877,4.2962527,0.35471952,1.0,-1.0,1.0,0.35471952,33.54301452636719,-0.4,0.4,0.14188781
0.11666666666666667,10.767904,-10.587293,1.6268941,0.99650556,0.026569465,-0.07831121,-0.011749191,-0.16637635,-0.06572114,-0.0021447884,0.2752818,-0.1781684,0.054165564,-0.16521913,-0.060912307,-0.031579874,-3.0413487,-0.90765613,8.697627,10.773212,-10.585177,1.1565868,7.4977846,-11.780048,1.6687185,3.523978,0.37953055,-0.34994838,-0.14689986,0.1746121346950531,0.5107942819595337,0.3361821472644806,0.32842397689819336,0.7400275468826294,0.41160356998443604,5.6418324,2.6524596,3.8958206,0.32935038,5.6418324,2.6524596,3.8958206,0.32935038,1.0,1.0,1.0,0.32935038,33.54301452636719,0.4,0.4,0.13174015
0.13333333333333333,10.764506,-10.588524,1.6282064,0.99666977,0.026238298,-0.07631261,-0.011709974,-0.19494899,-0.07613288,0.14862587,-0.14864387,0.3800651,-0.015823368,-0.21679696,-0.078183755,0.11303693,-3.09467,-1.0362868,8.677009,10.773086,-10.585227,1.156923,7.4977846,-11.780048,1.6687185,3.5237947,0.70527947,-0.6551776,-0.26107746,0.1746121346950531,0.4921721816062927,0.3175600469112396,0.32842397689819336,0.54591304063797,0.2174890637397766,2.9364228,-3.2226481,1.9546318,-0.28669453,2.9364228,-3.2226481,1.9546318,-0.28669453,1.0,-1.0,1.0,-0.28669453,33.54301452636719,-0.4,0.4,-0.11467781
0.15,10.760881,-10.589834,1.6281549,0.99669105,0.025140533,-0.076506615,-0.011022942,-0.21939957,-0.08478019,-0.0042320266,-0.117005184,-0.15680757,0.12914783,-0.21766682,-0.078782625,-0.041907214,-0.052191313,-0.03593221,-9.296649,10.772904,-10.585298,1.1575825,7.4977846,-11.780048,1.6687185,3.5235066,1.1344538,-1.0589623,-0.4069203,0.1746121346950531,0.4698319137096405,0.2952197790145874,0.32842397689819336,0.43382585048675537,0.10540187358856201,-0.9269612,0.07754789,-1.1275277,0.5958022,-0.9269612,0.07754789,-1.1275277,0.5958022,-0.9269612,0.07754789,-1.0,0.5958022,1.224971055984497,0.031019157,-0.4,0.23832087
0.16666666666666666,10.757243,-10.591138,1.6254134,0.9968044,0.026710441,-0.074463025,-0.011070743,-0.24437433,-0.093129575,-0.16611768,0.2849879,0.38212064,-0.077940546,-0.218531,-0.07803634,-0.20528407,-0.051850673,0.04477724,-9.802611,10.7727165,-10.585369,1.1559303,7.4977846,-11.780048,1.6687185,3.523548,1.5862309,-1.484112,-0.55994636,0.1746121346950531,0.49021145701408386,0.31559932231903076,0.32842397689819336,0.38518765568733215,0.056763678789138794,-2.0822823,0.92688555,4.1613398,-0.8525782,-2.0822823,0.92688555,4.1613398,-0.8525782,-1.0,0.92688555,1.0,-0.8525782,0.0,0.3707542,0.4,-0.34103128
0.18333333333333332,10.753009,-10.592656,1.6238672,0.99681836,0.026348064,-0.07452648,-0.010228308,-0.26888028,-0.10294049,-0.0124571035,-0.14304315,-0.13382602,0.16473435,-0.26567447,-0.09560183,-0.057670645,-2.8286083,-1.0539293,8.856806,10.77245,-10.58547,1.1538764,7.4977846,-11.780048,1.6687185,3.5235658,2.0385618,-1.9101678,-0.71203464,0.1746121346950531,0.5008096694946289,0.3261975347995758,0.32842397689819336,0.36999109387397766,0.0415671169757843,2.0022674,-4.169641,-1.8780849,2.315139,2.0022674,-4.169641,-1.8780849,2.315139,1.0,-1.0,-1.0,1.0,33.54301452636719,-0.4,-0.4,0.4
0.2,10.74857,-10.594241,1.6208358,0.9969641,0.027066657,-0.07229073,-0.010199956,-0.29335377,-0.1115602,-0.17714255,0.1586804,0.40404502,-0.06812424,-0.26642737,-0.094960354,-0.2233396,-0.04517376,0.038488355,-9.940137,10.772079,-10.585606,1.151636,7.4977846,-11.780048,1.6687185,3.523503,2.5589347,-2.4002995,-0.886966,0.1746121346950531,0.38652193546295166,0.21190980076789856,0.32842397689819336,0.4162406623363495,0.08781668543815613,-2.3461363,0.69407034,4.8938327,-0.9583883,-2.3461363,0.69407034,4.8938327,-0.9583883,-1.0,0.69407034,1.0,-0.9583883,0.0,0.27762815,0.4,-0.38335535
0.21666666666666667,10.74355,-10.596042,1.6189893,0.99723697,0.025697203,-0.06908038,-0.009262086,-0.3173002,-0.12105263,-0.026008647,-0.2673731,0.3826797,0.17426237,-0.31242797,-0.112584256,-0.07565148,-2.7600358,-1.0574341,8.861287,10.771578,-10.58579,1.1493582,7.4977846,-11.780048,1.6687185,3.5233097,3.092375,-2.9028645,-1.0659083,0.1746121346950531,0.32681339979171753,0.15220126509666443,0.32842397689819336,0.40531784296035767,0.0768938660621643,1.7095115,-3.275144,-0.07835989,2.8945487,1.7095115,-3.275144,-0.07835989,2.8945487,1.0,-1.0,-0.07835989,1.0,33.54301452636719,-0.4,-0.031343956,0.4
0.23333333333333334,10.738123,-10.597988,1.6171652,0.99766695,0.0261811,-0.06251665,-0.008176324,-0.34003165,-0.12852637,-0.07324429,0.16669826,0.92962253,0.08377876,-0.32983643,-0.11792105,-0.12168749,-1.0445076,-0.32020745,-2.76216,10.770871,-10.586048,1.1478693,7.4977846,-11.780048,1.6687185,3.5227852,3.6854973,-3.4614286,-1.265465,0.1746121346950531,0.26573601365089417,0.09112387895584106,0.32842397689819336,0.4152267575263977,0.08680278062820435,-0.23244555,1.2408305,1.717347,-0.3718706,-0.23244555,1.2408305,1.717347,-0.3718706,-0.23244555,1.0,1.0,-0.3718706,12.873044967651367,0.4,0.4,-0.14874825
0.25,10.732141,-10.600168,1.61701,0.9979876,0.02478978,-0.058060054,-0.0059272083,-0.3605554,-0.13688654,0.07487603,-0.26304516,0.41239193,0.3259571,-0.36802375,-0.13505854,0.025734343,-2.2912393,-1.0282494,8.84531,10.769911,-10.586397,1.1473753,7.4977846,-11.780048,1.6687185,3.5218477,4.3054676,-4.0453386,-1.473868,0.1746121346950531,0.37078583240509033,0.19617369771003723,0.32842397689819336,0.4284292757511139,0.10000529885292053,2.8333373,-4.4424844,-4.5136514,1.023328,2.8333373,-4.4424844,-4.5136514,1.023328,1.0,-1.0,-1.0,1.0,33.54301452636719,-0.4,-0.4,0.4
0.26666666666666666,10.7257805,-10.602509,1.6172687,0.9983652,0.023424055,-0.051927824,-0.004660331,-0.38104242,-0.14400601,0.057500042,-0.1256028,0.8490922,0.082678035,-0.38593513,-0.14203054,0.010896243,-1.0746825,-0.41831997,-0.8902859,10.768647,-10.586854,1.1480637,7.4977846,-11.780048,1.6687185,3.520417,4.9669538,-4.666989,-1.6999544,0.1746121346950531,0.2878459095954895,0.1132337749004364,0.32842397689819336,0.43412309885025024,0.10569912195205688,-0.033945393,0.31388068,0.79430234,-2.8087451,-0.033945393,0.31388068,0.79430234,-2.8087451,-0.033945393,0.31388068,0.79430234,-1.0,16.202192306518555,0.12555228,0.31772095,-0.4
0.2833333333333333,10.718951,-10.60507,1.6193312,0.9986443,0.01963126,-0.04811675,-0.0029957094,-0.39861408,-0.1523299,0.20431612,-0.554685,0.3310022,0.255539,-0.41704425,-0.15702386,0.15893477,-1.8665473,-0.89959943,8.882312,10.767029,-10.587447,1.1500181,7.4977846,-11.780048,1.6687185,3.5184236,5.6398473,-5.29841,-1.9325451,0.1746121346950531,0.39551782608032227,0.22090569138526917,0.32842397689819336,0.40781375765800476,0.0793897807598114,3.491096,-1.5754219,-4.2634254,0.71297646,3.491096,-1.5754219,-4.2634254,0.71297646,1.0,-1.0,-1.0,0.71297646,33.54301452636719,-0.4,-0.4,0.28519058
0.3,10.711629,-10.607828,1.6238537,0.9987202,0.017700505,-0.047312777,-0.002463964,-0.4142123,-0.15835823,0.35288048,-0.12029719,0.020051016,0.012239559,-0.44624653,-0.16791877,0.30633494,-1.7521368,-0.6536945,8.844009,10.7648945,-10.588225,1.1544119,7.4977846,-11.780048,1.6687185,3.515531,6.330297,-5.944679,-2.1756506,0.1746121346950531,0.30777186155319214,0.13315972685813904,0.32842397689819336,0.43110302090644836,0.102679044008255,1.5973928,4.113787,-0.6233094,-2.2163074,1.5973928,4.113787,-0.6233094,-2.2163074,1.0,1.0,-0.6233094,-1.0,33.54301452636719,0.4,-0.24932376,-0.4
0.31666666666666665,10.703815,-10.610764,1.6308355,0.99889004,0.017616065,-0.043677792,-0.00078298413,-0.4341025,-0.16252491,0.49979314,0.036887947,0.5803069,0.2543842,-0.47607484,-0.17863183,0.45397788,-1.7896985,-0.6427833,8.858576,10.762173,-10.589225,1.161415,7.4977846,-11.780048,1.6687185,3.5116446,7.019298,-6.588864,-2.4202096,0.1746121346950531,0.3363075852394104,0.1616954505443573,0.32842397689819336,0.4148668050765991,0.08644282817840576,1.5798234,0.34806585,3.124917,1.2870487,1.5798234,0.34806585,3.124917,1.2870487,1.0,0.34806585,1.0,1.0,33.54301452636719,0.13922635,0.4,0.4
0.3333333333333333,10.695555,-10.613883,1.6402756,0.9989981,0.015214973,-0.04208356,-0.0002595961,-0.44887197,-0.1710109,0.64694613,-0.39257342,0.06393219,0.010691607,-0.50155383,-0.18977672,0.60141385,-1.5287392,-0.6686934,8.846157,10.758796,-10.590461,1.1710186,7.4977846,-11.780048,1.6687185,3.5067105,7.6959887,-7.2219024,-2.6593924,0.1746121346950531,0.24972912669181824,0.07511699199676514,0.32842397689819336,0.45042791962623596,0.1220039427280426,3.9133918,-1.6784424,-2.8703623,-1.5387319,3.9133918,-1.6784424,-2.8703623,-1.5387319,1.0,-1.0,-1.0,-1.0,33.54301452636719,-0.4,-0.4,-0.4
0.35,10.686871,-10.617154,1.6521795,0.99906653,0.01464436,-0.04063523,0.0005584786,-0.46463674,-0.17495506,0.79525936,0.04455881,0.21292605,0.12739596,-0.5272563,-0.19815189,0.7494469,-1.5421485,-0.5025101,8.881985,10.754719,-10.59196,1.1831907,7.4977846,-11.780048,1.6687185,3.5007017,8.346989,-7.8299265,-2.8921392,0.1746121346950531,0.24749405682086945,0.07288192212581635,0.32842397689819336,0.4626511335372925,0.13422715663909912,4.363698,3.4923458,0.23140047,0.4809699,4.363698,3.4923458,0.23140047,0.4809699,1.0,1.0,0.23140047,0.4809699,33.54301452636719,0.4,0.092560194,0.19238797
0.36666666666666664,10.67778,-10.620576,1.6665481,0.99902785,0.013087853,-0.042088903,0.00074048707,-0.4736807,-0.18237571,0.94551384,-0.2625707,-0.3025995,7.894795e-05,-0.55102676,-0.20727637,0.8972384,-1.426227,-0.54746926,8.867486,10.749889,-10.593737,1.1979009,7.4977846,-11.780048,1.6687185,3.4935927,8.961696,-8.404331,-3.1111414,0.1746121346950531,0.3195978105068207,0.14498567581176758,0.32842397689819336,0.43743571639060974,0.10901173949241638,5.8136263,-0.7194589,-1.9525716,-0.5227026,5.8136263,-0.7194589,-1.9525716,-0.5227026,1.0,-0.7194589,-1.0,-0.5227026,33.54301452636719,-0.28778356,-0.4,-0.20908104
0.3833333333333333,10.668262,-10.624122,1.6833862,0.99906117,0.013626696,-0.041105058,0.0011431789,-0.4897881,-0.18394168,1.0949184,0.17601496,0.25927383,0.058571626,-0.5774002,-0.2143581,1.0455776,-1.5824066,-0.4249039,8.900356,10.744264,-10.59581,1.2151189,7.4977846,-11.780048,1.6687185,3.4853694,9.531211,-8.936332,-3.3145075,0.1746121346950531,0.3978143334388733,0.2232021987438202,0.32842397689819336,0.41500693559646606,0.0865829586982727,5.8532243,2.9843826,2.7196584,0.24022916,5.8532243,2.9843826,2.7196584,0.24022916,1.0,1.0,1.0,0.24022916,33.54301452636719,0.4,0.4,0.096091665
0.4,10.658337,-10.627803,1.7026908,0.99903303,0.012445904,-0.04216456,0.00044765472,-0.49847353,-0.19215621,1.2450618,-0.25213417,-0.25689214,-0.120548315,-0.6012069,-0.22302815,1.1934769,-1.4284014,-0.5202028,8.873956,10.737806,-10.598192,1.2348174,7.4977846,-11.780048,1.6687185,3.4760315,10.050866,-9.423052,-3.4965703,0.1746121346950531,0.3411690890789032,0.1665569543838501,0.32842397689819336,0.42299139499664307,0.09456741809844971,6.476918,-1.6789225,-2.7885184,-0.73711467,6.476918,-1.6789225,-2.7885184,-0.73711467,1.0,-1.0,-1.0,-0.73711467,33.54301452636719,-0.4,-0.4,-0.29484588
0.4166666666666667,10.647988,-10.631608,1.7244663,0.9990037,0.01305783,-0.042663198,0.0009844807,-0.5106303,-0.19282141,1.3959366,0.1853738,0.006871668,0.12262547,-0.62713206,-0.2297275,1.3418245,-1.5555094,-0.40196118,8.900857,10.730474,-10.600903,1.2569686,7.4977846,-11.780048,1.6687185,3.4655745,10.513748,-9.857169,-3.6572018,0.1746121346950531,0.3925431966781616,0.21793106198310852,0.32842397689819336,0.39914289116859436,0.070718914270401,6.302919,3.358317,0.44457686,1.2595462,6.302919,3.358317,0.44457686,1.2595462,1.0,1.0,0.44457686,1.0,33.54301452636719,0.4,0.17783074,0.4
0.43333333333333335,10.6372175,-10.635537,1.7487088,0.9988673,0.012828047,-0.045818552,0.0004339132,-0.51294684,-0.1982933,1.5488073,-0.10263749,-0.50853753,-0.120476834,-0.6521382,-0.23782255,1.4897634,-1.5003668,-0.48570243,8.87633,10.7222395,-10.603941,1.281549,7.4977846,-11.780048,1.6687185,3.4540176,10.915351,-10.235279,-3.792617,0.1746121346950531,0.3688698410987854,0.1942577064037323,0.32842397689819336,0.3921995460987091,0.06377556920051575,6.071673,-0.6749214,-2.1980329,-1.0626355,6.071673,-0.6749214,-2.1980329,-1.0626355,1.0,-0.6749214,-1.0,-1.0,33.54301452636719,-0.26996857,-0.4,-0.4
0.45,10.625986,-10.639589,1.7754216,0.99880785,0.014730132,-0.046538286,6.877216e-05,-0.52538073,-0.19552761,1.7007698,0.3355133,0.0530974,-0.030878408,-0.6809197,-0.2448509,1.638069,-1.7268919,-0.42170134,8.898339,10.713079,-10.607328,1.3085415,7.4977846,-11.780048,1.6687185,3.4413834,11.252021,-10.553487,-3.9028046,0.1746121346950531,0.34854504466056824,0.17393290996551514,0.32842397689819336,0.38206809759140015,0.05364412069320679,5.7521715,2.6220999,2.2418897,0.36728752,5.7521715,2.6220999,2.2418897,0.36728752,1.0,1.0,1.0,0.36728752,33.54301452636719,0.4,0.4,0.146915
0.4666666666666667,10.61429,-10.64379,1.8045985,0.99867195,0.014901934,-0.049305473,-0.0010946549,-0.5281043,-0.20140737,1.8536389,-0.09278656,-0.463816,-0.17011547,-0.7082865,-0.2543589,1.7857962,-1.6420089,-0.57047904,8.863627,10.702969,-10.611069,1.337931,7.4977846,-11.780048,1.6687185,3.4277017,11.524572,-10.813659,-3.9850419,0.1746121346950531,0.3537464737892151,0.179134339094162,0.32842397689819336,0.35998812317848206,0.031564146280288696,4.64741,-1.8850871,-2.5511618,-0.572893,4.64741,-1.8850871,-2.5511618,-0.572893,1.0,-1.0,-1.0,-0.572893,33.54301452636719,-0.4,-0.4,-0.22915721
0.48333333333333334,10.6021,-10.648135,1.8362402,0.9984831,0.016900437,-0.05235831,-0.0021069283,-0.5311003,-0.1986147,2.0081296,0.34323642,-0.3368795,-0.113807075,-0.7387764,-0.2626555,1.9337326,-1.8293916,-0.4977965,8.876187,10.691894,-10.615165,1.3697045,7.4977846,-11.780048,1.6687185,3.4130187,11.731235,-11.012893,-4.0420346,0.1746121346950531,0.3433160185813904,0.16870388388633728,0.32842397689819336,0.3481064736843109,0.019682496786117554,1.2459272,2.4872851,0.1905715,0.23009303,1.2459272,2.4872851,0.1905715,0.23009303,1.0,1.0,0.1905715,0.23009303,33.54301452636719,0.4,0.0762286,0.092037216
0.5,10.589806,-10.652518,1.8663929,0.9981336,0.017111162,-0.05850027,-0.0037476034,-0.5236559,-0.20586532,1.8496789,-0.09156821,-0.8763995,-0.20901634,-0.7374317,-0.26314417,1.7677267,0.08068084,-0.029320119,-9.960358,10.680292,-10.619453,1.4015099,7.4977846,-11.780048,1.6687185,3.3980486,11.873492,-11.15311,-4.0728335,0.1746121346950531,0.30321818590164185,0.12860605120658875,0.32842397689819336,0.36941301822662354,0.040989041328430176,-1.0737929,-1.7939867,-1.1496828,-0.3905136,-1.0737929,-1.7939867,-1.1496828,-0.3905136,-1.0,-1.0,-1.0,-0.3905136,0.0,-0.4,-0.4,-0.15620545
0.5166666666666666,10.577344,-10.656942,1.895174,0.9978606,0.019082991,-0.06236822,-0.0044876286,-0.5293709,-0.20469536,1.8015953,0.34179327,-0.3289258,-0.057006292,-0.7511297,-0.26614094,1.7125573,-0.82187885,-0.17980634,-3.3101604,10.668503,-10.623812,1.4315653,7.4977846,-11.780048,1.6687185,3.3832793,11.959456,-11.240343,-4.0845165,0.1746121346950531,0.2935510277748108,0.11893889307975769,0.32842397689819336,0.3616877794265747,0.03326380252838135,-0.3110041,3.0300446,2.8648057,0.6243055,-0.3110041,3.0300446,2.8648057,0.6243055,-0.3110041,1.0,1.0,0.6243055,11.555500030517578,0.4,0.4,0.2497222
0.5333333333333333,10.564365,-10.661528,1.9254206,0.99746203,0.01928416,-0.06831189,-0.0055743847,-0.52529156,-0.21190676,1.9460508,-0.08727459,-0.8466818,-0.13818718,-0.787775,-0.27789384,1.8466551,-2.1987176,-0.70517415,8.045869,10.656138,-10.62838,1.4618237,7.4977846,-11.780048,1.6687185,3.3681366,12.041787,-11.324963,-4.092659,0.1746121346950531,0.15680281817913055,0.017809316515922546,0.32842397689819336,0.37679725885391235,0.048373281955718994,0.9084836,-1.3232638,-1.0008881,-0.33288667,0.9084836,-1.3232638,-1.0008881,-0.33288667,0.9084836,-1.0,-1.0,-0.33288667,32.008148193359375,-0.4,-0.4,-0.13315468
0.55,10.550968,-10.666219,1.9560155,0.9971661,0.021272684,-0.07192225,-0.0058569475,-0.5342526,-0.21021473,1.9383376,0.34770375,-0.29638666,-0.010382285,-0.80901307,-0.28273538,1.8309361,-1.2742852,-0.29049215,-0.9431433,10.643081,-10.633195,1.4928687,7.4977846,-11.780048,1.6687185,3.3524742,12.115251,-11.402283,-4.0947833,0.1746121346950531,0.1298612654209137,0.044750869274139404,0.32842397689819336,0.3764623999595642,0.04803842306137085,-0.041027617,2.5370727,4.437678,0.5249549,-0.041027617,2.5370727,4.437678,0.5249549,-0.041027617,1.0,1.0,0.5249549,16.083412170410156,0.4,0.4,0.20998196
0.5666666666666667,10.537048,-10.671063,1.9874464,0.99720865,0.021538565,-0.071227044,-0.0061274343,-0.5607225,-0.21720852,2.013755,-0.07736728,0.20936851,-0.045136813,-0.8435774,-0.29316473,1.9024274,-2.073859,-0.6257611,4.2894816,10.629388,-10.638238,1.5243831,7.4977846,-11.780048,1.6687185,3.3363907,12.150335,-11.445034,-4.079442,0.1746121346950531,0.11330365389585495,0.06130848079919815,0.32842397689819336,0.3589121699333191,0.030488193035125732,0.51421726,-1.451739,0.91472983,-0.1412268,0.51421726,-1.451739,0.91472983,-0.1412268,0.51421726,-1.0,0.91472983,-0.1412268,25.395706176757812,-0.4,0.36589193,-0.05649072
0.5833333333333334,10.522724,-10.6760235,2.0190332,0.99704844,0.023618301,-0.07275027,-0.0066202986,-0.5763413,-0.21604252,2.009,0.35413867,-0.31445035,-0.082174934,-0.8643758,-0.29887646,1.8916799,-1.2479066,-0.34270403,-0.64485306,10.615068,-10.643506,1.5563166,7.4977846,-11.780048,1.6687185,3.319913,12.169063,-11.473618,-4.054897,0.1746121346950531,0.146976038813591,0.027636095881462097,0.32842397689819336,0.32703104615211487,0.0013929307460784912,-0.0092647765,2.6444836,-2.6532063,-0.15387508,-0.0092647765,2.6444836,-2.6532063,-0.15387508,-0.0092647765,1.0,-1.0,-0.15387508,16.61612319946289,0.4,-0.4,-0.061550032
0.6,10.5080385,-10.681098,2.05037,0.99709356,0.02396051,-0.071951285,-0.0073021506,-0.6034256,-0.22426398,1.995603,-0.07242653,0.23049414,-0.08835608,-0.8866419,-0.30637136,1.8753268,-1.3359653,-0.44969377,-0.98118776,10.600253,-10.648947,1.5880384,7.4977846,-11.780048,1.6687185,3.3032122,12.156983,-11.474218,-4.0167828,0.1746121346950531,0.05801233649253845,0.11659979820251465,0.32842397689819336,0.3406530022621155,0.01222902536392212,-0.048994254,-1.9883269,1.3519963,-0.02394411,-0.048994254,-1.9883269,1.3519963,-0.02394411,-0.048994254,-1.0,1.0,-0.02394411,15.949799537658691,-0.4,0.4,-0.009577644
0.6166666666666667,10.49299,-10.68629,2.081536,0.996938,0.026086103,-0.073297635,-0.0078468695,-0.6200177,-0.22401528,1.9934537,0.35920474,-0.2931288,-0.07689924,-0.9080796,-0.31300253,1.8670521,-1.2862622,-0.3978699,-0.49648044,10.58495,-10.65456,1.6194718,7.4977846,-11.780048,1.6687185,3.2862961,12.126653,-11.457884,-3.971473,0.1746121346950531,0.14137256145477295,0.03323957324028015,0.32842397689819336,0.31903886795043945,0.009385108947753906,0.0025460026,2.5064464,-3.0022073,0.04552093,0.0025460026,2.5064464,-3.0022073,0.04552093,0.0025460026,1.0,-1.0,0.04552093,16.814207077026367,0.4,-0.4,0.018208373
0.6333333333333333,10.477575,-10.691609,2.112442,0.9969974,0.026439382,-0.072333455,-0.008056622,-0.64814717,-0.23244779,1.9782546,-0.067213215,0.25167122,-0.015977148,-0.93029726,-0.321189,1.8490545,-1.3330578,-0.49118754,-1.0798573,10.569168,-10.660339,1.6506027,7.4977846,-11.780048,1.6687185,3.26917,12.0794525,-11.42594,-3.9193223,0.1746121346950531,0.08506122976541519,0.08955090492963791,0.32842397689819336,0.3386545777320862,0.010230600833892822,-0.059279572,-2.5783055,1.1548388,0.25234726,-0.059279572,-2.5783055,1.1548388,0.25234726,-0.059279572,-1.0,1.0,0.25234726,15.777299880981445,-0.4,0.4,0.10093891
0.65,10.461774,-10.697063,2.143329,0.99684966,0.028592909,-0.07350405,-0.008375899,-0.6656485,-0.23265333,1.988868,0.36441284,-0.27101463,-0.06567747,-0.95368075,-0.32925442,1.8533473,-1.4030098,-0.4839259,0.25757074,10.552882,-10.666289,1.6815362,7.4977846,-11.780048,1.6687185,3.2518063,12.017221,-11.379589,-3.8624563,0.1746121346950531,0.04097047448158264,0.13364166021347046,0.32842397689819336,0.35342249274253845,0.024998515844345093,0.083723776,2.1838202,-3.2617502,-0.20592168,0.083723776,2.1838202,-3.2617502,-0.20592168,0.083723776,1.0,-1.0,-0.20592168,18.175682067871094,0.4,-0.4,-0.08236867
0.6666666666666666,10.445635,-10.70265,2.173756,0.99692094,0.02898067,-0.072368704,-0.008450003,-0.6945449,-0.24165598,1.9532964,-0.062271565,0.27235425,0.00033992666,-0.97302973,-0.3370787,1.8154196,-1.1609386,-0.4694563,-2.2756648,10.536127,-10.6723995,1.7121388,7.4977846,-11.780048,1.6687185,3.2342381,11.939814,-11.318601,-3.8011105,0.1746121346950531,0.06426294147968292,0.11034919321537018,0.32842397689819336,0.35771360993385315,0.02928963303565979,-0.18607344,-3.3198886,1.0147897,0.27333668,-0.18607344,-3.3198886,1.0147897,0.27333668,-0.18607344,-1.0,1.0,0.27333668,13.650775909423828,-0.4,0.4,0.10933467
0.6833333333333333,10.429137,-10.708374,2.2039723,0.9967792,0.031170743,-0.073372744,-0.008714617,-0.7128151,-0.2426995,1.9551164,0.36909357,-0.25094196,-0.063102394,-0.9951808,-0.3455387,1.810996,-1.329063,-0.5076009,-0.26540995,10.518914,-10.678663,1.7423432,7.4977846,-11.780048,1.6687185,3.2164721,11.845751,-11.241063,-3.7363486,0.1746121346950531,0.04289272427558899,0.1317194104194641,0.32842397689819336,0.36694464087486267,0.03852066397666931,0.027281215,1.6509837,-3.5426083,-0.26248246,0.027281215,1.6509837,-3.5426083,-0.26248246,0.027281215,1.0,-1.0,-0.26248246,17.229053497314453,0.4,-0.4,-0.104992986
0.7,10.412302,-10.714241,2.2337542,0.99678177,0.031582233,-0.07315645,-0.008764352,-0.737839,-0.25242403,1.9257766,-0.05827197,0.11842364,0.0071957665,-1.0149972,-0.35436016,1.7779058,-1.1889874,-0.52928746,-1.9854139,10.501247,-10.685075,1.7721703,7.4977846,-11.780048,1.6687185,3.1985087,11.739346,-11.15107,-3.6695867,0.1746121346950531,0.031476348638534546,0.14313578605651855,0.32842397689819336,0.3669000267982483,0.03847604990005493,-0.15476139,-4.0432124,0.675344,0.29090586,-0.15476139,-4.0432124,0.675344,0.29090586,-0.15476139,-1.0,0.675344,0.29090586,14.175926208496094,-0.4,0.2701376,0.11636235
0.7166666666666667,10.395103,-10.720264,2.2633464,0.9965516,0.033352874,-0.07543819,-0.00903016,-0.7516144,-0.2560593,1.9297396,0.30312806,-0.40511718,-0.054321237,-1.0375676,-0.3637897,1.7735546,-1.3542222,-0.56577265,-0.2610755,10.483126,-10.691639,1.8016421,7.4977846,-11.780048,1.6687185,3.1803403,11.6189785,-11.046472,-3.6022396,0.1746121346950531,-0.004821792244911194,0.1794339269399643,0.32842397689819336,0.3755956292152405,0.04717165231704712,0.028904011,0.83777946,-2.6769047,-0.25419855,0.028904011,0.83777946,-2.6769047,-0.25419855,0.028904011,0.83777946,-1.0,-0.25419855,17.256269454956055,0.3351118,-0.4,-0.10167942
0.7333333333333333,10.377548,-10.726445,2.2925003,0.9965581,0.03321232,-0.07541401,-0.009023775,-0.7769582,-0.2684423,1.9003754,-0.123419195,0.13870156,0.02078587,-1.0582598,-0.37315118,1.7401139,-1.2415336,-0.56168854,-2.0064425,10.464548,-10.698352,1.8307556,7.4977846,-11.780048,1.6687185,3.1619627,11.487929,-10.930402,-3.5353696,0.1746121346950531,0.027944400906562805,0.1466677337884903,0.32842397689819336,0.35309451818466187,0.024670541286468506,-0.15622325,-4.01935,2.5218072,0.31085983,-0.15622325,-4.01935,2.5218072,0.31085983,-0.15622325,-1.0,1.0,0.31085983,14.151408195495605,-0.4,0.4,0.12434393
0.75,10.3596115,-10.732791,2.3215086,0.9963411,0.034784492,-0.07752612,-0.009162393,-0.7923133,-0.2731516,1.9081827,0.2943732,-0.38426402,-0.03709918,-1.0821719,-0.38325936,1.7394108,-1.4347242,-0.6064903,-0.04218578,10.445519,-10.705212,1.8595538,7.4977846,-11.780048,1.6687185,3.1433792,11.34545,-10.801915,-3.4695654,0.1746121346950531,-0.029662489891052246,0.20427462458610535,0.32842397689819336,0.3616804778575897,0.03325650095939636,0.05334859,0.9685134,-2.4396877,-0.2395021,0.05334859,0.9685134,-2.4396877,-0.2395021,0.05334859,0.9685134,-1.0,-0.2395021,17.666242599487305,0.38740537,-0.4,-0.09580084
0.7666666666666666,10.341309,-10.739302,2.3500798,0.99636394,0.034572966,-0.077328205,-0.009154483,-0.8190106,-0.286284,1.877672,-0.13211124,0.15947941,0.015232678,-1.103297,-0.39293462,1.7049127,-1.2675046,-0.5805158,-2.0698857,10.42604,-10.712218,1.888029,7.4977846,-11.780048,1.6687185,3.1245856,11.195425,-10.66474,-3.4060063,0.1746121346950531,0.020578533411026,0.1540336012840271,0.32842397689819336,0.35139355063438416,0.022969573736190796,-0.16192485,-4.30873,2.8529124,0.21715596,-0.16192485,-4.30873,2.8529124,0.21715596,-0.16192485,-1.0,1.0,0.21715596,14.05578327178955,-0.4,0.4,0.086862385
0.7833333333333333,10.322651,-10.745973,2.3782508,0.99621975,0.0342362,-0.079265624,-0.009541913,-0.835704,-0.29933664,1.8644329,-0.010881183,-0.36665452,-0.052285727,-1.1247883,-0.40251577,1.6843237,-1.2894772,-0.57486886,-1.2353395,10.406147,-10.7193575,1.9160459,7.4977846,-11.780048,1.6687185,3.105609,11.036015,-10.51697,-3.3446918,0.1746121346950531,0.009871482849121094,0.164740651845932,0.32842397689819336,0.36331743001937866,0.0348934531211853,-0.07332284,0.28150767,-2.0338664,-0.27823567,-0.07332284,0.28150767,-2.0338664,-0.27823567,-0.07332284,0.28150767,-1.0,-0.27823567,15.541772842407227,0.11260307,-0.4,-0.11129427
0.8,10.303621,-10.752804,2.4059637,0.9963417,0.03146115,-0.07890914,-0.009304651,-0.86381614,-0.32075566,1.8370008,-0.4368344,0.17744552,0.088883564,-1.147191,-0.4122279,1.6545862,-1.3441657,-0.58272773,-1.7842482,10.385839,-10.726628,1.9436171,7.4977846,-11.780048,1.6687185,3.0864418,10.870766,-10.361973,-3.2868001,0.1746121346950531,0.08949919790029526,0.08511293679475784,0.32842397689819336,0.35522428154945374,0.026800304651260376,-0.13185938,-1.4988714,3.378108,0.5823549,-0.13185938,-1.4988714,3.378108,0.5823549,-0.13185938,-1.0,1.0,0.5823549,14.560027122497559,-0.4,0.4,0.23294197
0.8166666666666667,10.284243,-10.759769,2.433174,0.99622536,0.030515144,-0.08069142,-0.009621673,-0.881871,-0.33415577,1.8133687,-0.006090636,-0.3478412,-0.05967972,-1.167591,-0.41965955,1.6242782,-1.2239956,-0.44589934,-1.8184804,10.365136,-10.734025,1.9706796,7.4977846,-11.780048,1.6687185,3.0670915,10.701532,-10.20167,-3.232449,0.1746121346950531,0.08016692847013474,0.09444520622491837,0.32842397689819336,0.35662510991096497,0.028201133012771606,-0.13613768,4.1582837,-1.4876015,-0.61208,-0.13613768,4.1582837,-1.4876015,-0.61208,-0.13613768,1.0,-1.0,-0.61208,14.488273620605469,0.4,-0.4,-0.244832
0.8333333333333334,10.264507,-10.76687,2.459822,0.9963522,0.027751308,-0.08019108,-0.009021548,-0.9112928,-0.35322422,1.7803146,-0.43200344,0.19577818,0.14915025,-1.1895826,-0.42805985,1.5894653,-1.3194965,-0.5040175,-2.0887756,10.344055,-10.741541,1.9971868,7.4977846,-11.780048,1.6687185,3.0475638,10.527113,-10.035589,-3.1791613,0.1746121346950531,0.11582128703594208,0.05879084765911102,0.32842397689819336,0.3660261034965515,0.037602126598358154,-0.16496481,-1.2527755,3.7971401,0.8610418,-0.16496481,-1.2527755,3.7971401,0.8610418,-0.16496481,-1.0,1.0,0.8610418,14.004798889160156,-0.4,0.4,0.3444167
0.85,10.244447,-10.774075,2.4857547,0.99632746,0.02686594,-0.08075707,-0.009383797,-0.9344584,-0.36525965,1.739113,-0.00089900277,-0.15855658,-0.09371606,-1.2080868,-0.4336069,1.5439081,-1.1102557,-0.33282277,-2.7334282,10.322619,-10.749171,2.0230217,7.4977846,-11.780048,1.6687185,3.027859,10.3508415,-9.866966,-3.1277626,0.1746121346950531,0.09225799888372421,0.08235413581132889,0.32842397689819336,0.36563143134117126,0.037207454442977905,-0.23488034,4.8115034,-0.67938876,-1.1857923,-0.23488034,4.8115034,-0.67938876,-1.1857923,-0.23488034,1.0,-0.67938876,-1.0,12.832210540771484,0.4,-0.27175552,-0.4
0.8666666666666667,10.224033,-10.781396,2.5110984,0.9965468,0.025036305,-0.07868408,-0.008739707,-0.9691743,-0.379454,1.7061782,-0.28707272,0.38596854,0.14899328,-1.2304579,-0.44101095,1.5118899,-1.3422631,-0.44424352,-1.921091,10.3008375,-10.756911,2.048193,7.4977846,-11.780048,1.6687185,3.0079756,10.170768,-9.694728,-3.075188,0.1746121346950531,0.12256558984518051,0.05204654484987259,0.32842397689819336,0.3615312874317169,0.03310731053352356,-0.1483887,-0.67581165,3.2362847,1.4156309,-0.1483887,-0.67581165,3.2362847,1.4156309,-0.1483887,-0.67581165,1.0,1.0,14.282805442810059,-0.27032468,0.4,0.4
0.8833333333333333,10.2033,-10.788807,2.5357337,0.99653155,0.025346013,-0.07875502,-0.008941306,-0.99336153,-0.38646248,1.664324,0.14282504,-0.14054154,-0.08532714,-1.2482173,-0.4459675,1.4660019,-1.0655665,-0.29739258,-2.7532837,10.278708,-10.764759,2.0726979,7.4977846,-11.780048,1.6687185,2.9879005,9.991826,-9.523413,-3.0234408,0.1746121346950531,0.10343438386917114,0.07117775082588196,0.32842397689819336,0.3477579653263092,0.019333988428115845,-0.23716815,3.9535449,-1.5309588,-0.96514463,-0.23716815,3.9535449,-1.5309588,-0.96514463,-0.23716815,1.0,-1.0,-0.96514463,12.793840408325195,0.4,-0.4,-0.38605785
0.9,10.18226,-10.796319,2.559553,0.996747,0.023832912,-0.07655083,-0.00819839,-1.027581,-0.39880908,1.6125543,-0.28351685,0.4017609,0.15728043,-1.267174,-0.45234832,1.4159639,-1.1373997,-0.38284954,-3.0022786,10.256268,-10.772707,2.0964081,7.4977846,-11.780048,1.6687185,2.9676392,9.808992,-9.348725,-2.9694567,0.1746121346950531,0.11573895812034607,0.05887317657470703,0.32842397689819336,0.32726502418518066,0.0011589527130126953,-0.264759,-2.026985,3.314165,1.288024,-0.264759,-2.026985,3.314165,1.288024,-0.264759,-1.0,1.0,1.0,12.331099510192871,-0.4,0.4,0.4
0.9166666666666666,10.1609335,-10.803915,2.5825093,0.9967418,0.024170203,-0.07649444,-0.008379371,-1.0515109,-0.40537006,1.5638016,0.14618343,-0.1252403,-0.08551415,-1.2834282,-0.45673048,1.3637028,-0.97525114,-0.2629298,-3.1356666,10.233525,-10.780754,2.1192555,7.4977846,-11.780048,1.6687185,2.9471767,9.625825,-9.173648,-2.9155934,0.1746121346950531,0.12168312072753906,0.05292901396751404,0.32842397689819336,0.3211847245693207,0.007239252328872681,-0.2795955,4.040493,-1.498478,-1.0681114,-0.2795955,4.040493,-1.498478,-1.0681114,-0.2795955,1.0,-1.0,-1.0,12.082269668579102,0.4,-0.4,-0.4
0.9333333333333333,10.1393,-10.811608,2.6047037,0.99695903,0.022687312,-0.07416009,-0.007631676,-1.085006,-0.41685644,1.5177628,-0.28003114,0.41749254,0.15709408,-1.3028415,-0.46315774,1.3201135,-1.164801,-0.38563547,-2.6153538,10.210486,-10.788894,2.1412838,7.4977846,-11.780048,1.6687185,2.9265094,9.440236,-8.99663,-2.8598464,0.1746121346950531,0.11821471154689789,0.05639742314815521,0.32842397689819336,0.3148827850818634,0.013541191816329956,-0.22432347,-1.577686,3.4042802,1.320728,-0.22432347,-1.577686,3.4042802,1.320728,-0.22432347,-1.0,1.0,1.0,13.009264945983887,-0.4,0.4,0.4
0.95,10.117386,-10.81938,2.6260712,0.99696314,0.023054088,-0.073972896,-0.007810137,-1.1085328,-0.42302895,1.4692426,0.14963864,-0.10947072,-0.08570159,-1.3186479,-0.4673244,1.2685612,-0.948379,-0.24999975,-3.0931375,10.187149,-10.797129,2.162505,7.4977846,-11.780048,1.6687185,2.9056218,9.256161,-8.82101,-2.8046916,0.1746121346950531,0.12945692241191864,0.04515521228313446,0.32842397689819336,0.29880231618881226,0.029621660709381104,-0.27521992,4.074119,-1.4913088,-1.0610915,-0.27521992,4.074119,-1.4913088,-1.0610915,-0.27521992,1.0,-1.0,-1.0,12.155653953552246,0.4,-0.4,-0.4
0.9666666666666667,10.095168,-10.8272505,2.6467078,0.9971811,0.021601913,-0.07150657,-0.0070575667,-1.1411812,-0.4336936,1.4245954,-0.2765261,0.43339434,0.15691042,-1.3377578,-0.47359416,1.2271793,-1.1465977,-0.37618515,-2.482917,10.163521,-10.80546,2.1829438,7.4977846,-11.780048,1.6687185,2.8845105,9.069478,-8.643329,-2.7474182,0.1746121346950531,0.10922263562679291,0.06538949906826019,0.32842397689819336,0.288986474275589,0.03943750262260437,-0.2107168,-1.1158944,3.4548478,1.3683051,-0.2107168,-1.1158944,3.4548478,1.3683051,-0.2107168,-1.0,1.0,1.0,13.237468719482422,-0.4,0.4,0.4
0.9833333333333333,10.072688,-10.835191,2.66647,0.9971939,0.021997537,-0.0711896,-0.0072340327,-1.1641668,-0.43951517,1.3709934,0.1530208,-0.093901634,-0.08588676,-1.3522991,-0.47733727,1.1711178,-0.87247604,-0.22458671,-3.3636901,10.139609,-10.813878,2.202567,7.4977846,-11.780048,1.6687185,2.8631656,8.8844595,-8.467279,-2.6905012,0.1746121346950531,0.11848931014537811,0.05612282454967499,0.32842397689819336,0.2885911166667938,0.039832860231399536,-0.30456492,4.0921783,-1.5455686,-1.0838764,-0.30456492,4.0921783,-1.5455686,-1.0838764,-0.30456492,1.0,-1.0,-1.0,11.663494110107422,0.4,-0.4,-0.4
1.0,10.049912,-10.84322,2.6855302,0.99739057,0.02158604,-0.0685928,-0.0064032692,-1.1958317,-0.44646895,1.3301163,-0.11092108,0.4502826,0.15686467,-1.3712258,-0.48330617,1.1334513,-1.1356044,-0.35813388,-2.2599864,10.115418,-10.822383,2.2214055,7.4977846,-11.780048,1.6687185,2.8415828,8.6963825,-8.288694,-2.6314657,0.1746121346950531,0.13504576683044434,0.039566367864608765,0.32842397689819336,0.2971995770931244,0.03122439980506897,-0.18802889,-0.6237539,3.4561357,1.4405338,-0.18802889,-0.6237539,3.4561357,1.4405338,-0.18802889,-0.6237539,1.0,1.0,13.617980003356934,-0.24950157,0.4,0.4
1.0166666666666666,10.026874,-10.851327,2.703804,0.99738127,0.02335781,-0.06813909,-0.0064836536,-1.2181768,-0.44890532,1.2830653,0.3185198,-0.07635386,-0.08585622,-1.385924,-0.4873935,1.083231,-0.8818888,-0.24523972,-3.013222,10.090947,-10.830982,2.2395005,7.4977846,-11.780048,1.6687185,2.8197536,8.510381,-8.11221,-2.5726688,0.1746121346950531,0.12487226724624634,0.04973986744880676,0.32842397689819336,0.3093210756778717,0.019102901220321655,-0.26742703,2.6611047,-1.5476853,-1.0807123,-0.26742703,2.6611047,-1.5476853,-1.0807123,-0.26742703,1.0,-1.0,-1.0,12.28635311126709,0.4,-0.4,-0.4
1.0333333333333332,10.00362,-10.859509,2.7208664,0.9975693,0.023306834,-0.06542576,-0.0056203054,-1.248493,-0.45553812,1.1990385,-0.10843215,0.46377453,0.1568255,-1.3982733,-0.49208108,1.0033101,-0.74096197,-0.28125465,-4.795253,10.066242,-10.839655,2.2565444,7.4977846,-11.780048,1.6687185,2.7976513,8.321812,-7.9336653,-2.5118716,0.1746121346950531,0.12020761519670486,0.054404519498348236,0.32842397689819336,0.3080857992172241,0.02033817768096924,-0.45900673,-1.1781558,3.248167,1.6496271,-0.45900673,-1.1781558,3.248167,1.6496271,-0.45900673,-1.0,1.0,1.0,9.073272705078125,-0.4,0.4,0.4
1.05,9.980131,-10.867772,2.737031,0.99756265,0.025099088,-0.064855896,-0.005701735,-1.2699448,-0.4589621,1.1563122,0.321044,-0.062547594,-0.08589585,-1.4128581,-0.49682114,0.9578436,-0.8750867,-0.28440356,-2.7279887,10.041311,-10.848401,2.2725341,7.4977846,-11.780048,1.6687185,2.7752635,8.131124,-7.7528214,-2.4513125,0.1746121346950531,0.1443479359149933,0.030264198780059814,0.32842397689819336,0.3278949558734894,0.0005290210247039795,-0.23964746,2.2592516,-1.7594767,-1.0901791,-0.23964746,2.2592516,-1.7594767,-1.0901791,-0.23964746,1.0,-1.0,-1.0,12.75225830078125,0.4,-0.4,-0.4
1.0666666666666667,9.956439,-10.876112,2.751965,0.9977476,0.025070002,-0.06203043,-0.004829454,-1.2987373,-0.46603087,1.0684332,-0.10594872,0.477336,0.15679295,-1.424235,-0.5016783,0.8748296,-0.6826114,-0.29142913,-4.98084,10.016162,-10.857213,2.2874374,7.4977846,-11.780048,1.6687185,2.7525737,7.941894,-7.5732436,-2.3915815,0.1746121346950531,0.1201137974858284,0.0544983372092247,0.32842397689819336,0.32168978452682495,0.006734192371368408,-0.47917682,-1.3580381,3.1043253,1.8841379,-0.47917682,-1.3580381,3.1043253,1.8841379,-0.47917682,-1.0,1.0,1.0,8.734990119934082,-0.4,0.4,0.4
1.0833333333333333,9.93252,-10.8845415,2.7660542,0.9977424,0.026882963,-0.061343905,-0.0049121524,-1.3191597,-0.47046527,1.0304272,0.32356983,-0.04862835,-0.085926175,-1.4386353,-0.50713694,0.83453023,-0.8640217,-0.32751915,-2.4179611,9.990796,-10.8660965,2.301306,7.4977846,-11.780048,1.6687185,2.7295752,7.75135,-7.39184,-2.3332663,0.1746121346950531,0.1630309671163559,0.011581167578697205,0.32842397689819336,0.32989513874053955,0.0014711618423461914,-0.20715328,1.7048737,-1.8395219,-1.0163592,-0.20715328,1.7048737,-1.8395219,-1.0163592,-0.20715328,1.0,-1.0,-1.0,13.297234535217285,0.4,-0.4,-0.4
1.1,9.908419,-10.893051,2.7788212,0.99792284,0.02687526,-0.05840777,-0.0040305266,-1.3462708,-0.47799578,0.93289393,-0.10356248,0.49060547,0.15677194,-1.4483383,-0.51183355,0.74267,-0.5821752,-0.28179646,-5.511614,9.965225,-10.875043,2.3140647,7.4977846,-11.780048,1.6687185,2.7062464,7.5627975,-7.211817,-2.2771919,0.1746121346950531,0.16047026216983795,0.014141872525215149,0.32842397689819336,0.3475366234779358,0.01911264657974243,-0.5358904,-1.6799513,2.9173245,2.1493592,-0.5358904,-1.6799513,2.9173245,2.1493592,-0.5358904,-1.0,1.0,1.0,7.783817291259766,-0.4,0.4,0.4
1.1166666666666667,9.884105,-10.901659,2.7907443,0.99791837,0.028702168,-0.057610266,-0.0040193866,-1.3656111,-0.4832376,0.8973463,0.3259671,-0.03514887,-0.07068887,-1.4621651,-0.5179434,0.7053016,-0.82961076,-0.36659,-2.242105,9.939453,-10.884058,2.325747,7.4977846,-11.780048,1.6687185,2.682579,7.372239,-7.0290194,-2.2232401,0.1746121346950531,0.1649986356496811,0.00961349904537201,0.32842397689819336,0.33185234665870667,0.0034283697605133057,-0.18929966,1.0712456,-2.0024843,-0.937153,-0.18929966,1.0712456,-2.0024843,-0.937153,-0.18929966,1.0,-1.0,-0.937153,13.596667289733887,0.4,-0.4,-0.3748612
1.1333333333333333,9.859635,-10.910348,2.8012326,0.99809253,0.028706692,-0.05457121,-0.0030014473,-1.39098,-0.49090222,0.7890544,-0.101349026,0.5034131,0.17201161,-1.4701644,-0.5223496,0.6034772,-0.47995803,-0.26437283,-6.1094637,9.913496,-10.893132,2.3362622,7.4977846,-11.780048,1.6687185,2.6585515,7.1842113,-6.847716,-2.1729414,0.1746121346950531,0.1726505160331726,0.001961618661880493,0.32842397689819336,0.3299733102321625,0.0015493333339691162,-0.5998384,-2.135961,2.7301698,2.2228546,-0.5998384,-2.135961,2.7301698,2.2228546,-0.5998384,-1.0,1.0,1.0,6.711313724517822,-0.4,0.4,0.4
1.15,9.834978,-10.919139,2.8107579,0.9981585,0.028078977,-0.053678308,-0.0030961104,-1.4089808,-0.5014019,0.7444567,-0.06781555,-0.025313219,-0.071062304,-1.4823265,-0.52912843,0.5599803,-0.7297253,-0.40673015,-2.6098142,9.887361,-10.902263,2.3455744,7.4977846,-11.780048,1.6687185,2.634144,6.993578,-6.6628075,-2.125354,0.1746121346950531,0.16279497742652893,0.01181715726852417,0.32842397689819336,0.3368406593799591,0.008416682481765747,-0.22889669,0.08156966,-2.2323647,-1.049755,-0.22889669,0.08156966,-2.2323647,-1.049755,-0.22889669,0.08156966,-1.0,-1.0,12.932564735412598,0.032627862,-0.4,-0.4
1.1666666666666667,9.810067,-10.9280615,2.819858,0.9983634,0.026749143,-0.05050151,-0.0021520301,-1.4327686,-0.51016223,0.71656406,-0.18426521,0.52095515,0.17172672,-1.4986001,-0.5375163,0.5402124,-0.976417,-0.5032718,-1.1860727,9.860984,-10.9114685,2.354285,7.4977846,-11.780048,1.6687185,2.6094337,6.8058853,-6.479153,-2.0834217,0.1746121346950531,0.168213352560997,0.006398782134056091,0.32842397689819336,0.3383669853210449,0.009943008422851562,-0.07653106,-0.28275955,2.813693,1.9920366,-0.07653106,-0.28275955,2.813693,1.9920366,-0.07653106,-0.28275955,1.0,1.0,15.487966537475586,-0.11310382,0.4,0.4
1.1833333333333333,9.784999,-10.937074,2.8278284,0.99845254,0.025275612,-0.049481202,-0.002287639,-1.4494345,-0.520947,0.63028777,-0.17564493,-0.0108315,-0.071445815,-1.5057497,-0.5416989,0.45693442,-0.4289746,-0.25095463,-4.996678,9.834398,-10.920746,2.36218,7.4977846,-11.780048,1.6687185,2.5843863,6.6219068,-6.297106,-2.0484395,0.1746121346950531,0.17335975170135498,0.0012523829936981201,0.32842397689819336,0.3366827070713043,0.008258730173110962,-0.4793926,0.025483772,-2.3989892,-1.0620593,-0.4793926,0.025483772,-2.3989892,-1.0620593,-0.4793926,0.025483772,-1.0,-1.0,8.73137092590332,0.010193509,-0.4,-0.4
1.2,9.759703,-10.946202,2.8353322,0.9986639,0.023158873,-0.046174195,-0.0013864619,-1.4713455,-0.52929455,0.6101584,-0.27464476,0.5361687,0.17131081,-1.5217106,-0.5496488,0.44675103,-0.95765585,-0.47699687,-0.6110036,9.807605,-10.930091,2.3693154,7.4977846,-11.780048,1.6687185,2.5590103,6.4326982,-6.1087294,-2.0156963,0.1746121346950531,0.17294184863567352,0.0016702860593795776,0.32842397689819336,0.31926432251930237,0.009159654378890991,-0.018190512,-0.24294867,2.5123153,1.9930444,-0.018190512,-0.24294867,2.5123153,1.9930444,-0.018190512,-0.24294867,1.0,1.0,16.4664249420166,-0.097179465,0.4,0.4
1.2166666666666666,9.734267,-10.955401,2.841641,0.99873424,0.022369545,-0.04502441,-0.0014878686,-1.4865073,-0.5374818,0.51555294,-0.035619747,0.0050850143,-0.07173153,-1.527389,-0.55249643,0.35526884,-0.3407049,-0.1708567,-5.488931,9.780615,-10.939505,2.3756084,7.4977846,-11.780048,1.6687185,2.5332828,6.24794,-5.922904,-1.98896,0.1746121346950531,0.1515790820121765,0.023033052682876587,0.32842397689819336,0.33845916390419006,0.010035187005996704,-0.53235596,0.5602124,-2.7216077,-1.0999892,-0.53235596,0.5602124,-2.7216077,-1.0999892,-0.53235596,0.5602124,-1.0,-1.0,7.843095302581787,0.22408496,-0.4,-0.4
1.2333333333333334,9.708658,-10.964688,2.8471167,0.99894583,0.019378897,-0.04160697,-0.0006268738,-1.5061653,-0.54554737,0.46698797,-0.46145222,0.5480267,0.17080472,-1.5395832,-0.558878,0.31870475,-0.73164934,-0.38289425,-2.1938448,9.753457,-10.948971,2.380875,7.4977846,-11.780048,1.6687185,2.5071728,6.0567846,-5.730043,-1.9624603,0.1746121346950531,0.17144304513931274,0.0031690895557403564,0.32842397689819336,0.3174408972263336,0.010983079671859741,-0.18761463,-1.5180742,1.9737315,2.2066126,-0.18761463,-1.5180742,1.9737315,2.2066126,-0.18761463,-1.0,1.0,1.0,13.624927520751953,-0.4,0.4,0.4
1.25,9.68292,-10.974034,2.851452,0.9990192,0.018218499,-0.040347904,-0.0007470372,-1.5195953,-0.55221957,0.38400164,-0.03254465,0.018705081,-0.07224068,-1.5456257,-0.56130517,0.23989835,-0.3625488,-0.14562963,-4.7283835,9.72613,-10.958499,2.385162,7.4977846,-11.780048,1.6687185,2.4806764,5.8680325,-5.537957,-1.9403182,0.1746121346950531,0.16776636242866516,0.0068457722663879395,0.32842397689819336,0.330858051776886,0.002434074878692627,-0.45376304,2.5539222,-3.0127096,-1.2449617,-0.45376304,2.5539222,-3.0127096,-1.2449617,-0.45376304,1.0,-1.0,-1.0,9.16121768951416,0.4,-0.4,-0.4
1.2666666666666666,9.657016,-10.983459,2.8550863,0.9992057,0.015255662,-0.036812022,0.00011272402,-1.5369416,-0.55807346,0.3409263,-0.4582525,0.5620641,0.17029013,-1.5571028,-0.5668303,0.20976293,-0.6886267,-0.3315067,-1.8081253,9.698636,-10.968085,2.3885417,7.4977846,-11.780048,1.6687185,2.4538085,5.6747446,-5.3408504,-1.9178232,0.1746121346950531,0.21389931440353394,0.039287179708480835,0.32842397689819336,0.34606242179870605,0.017638444900512695,-0.14715941,-1.893679,1.4965708,2.1986485,-0.14715941,-1.893679,1.4965708,2.1986485,-0.14715941,-1.0,1.0,1.0,14.303421974182129,-0.4,0.4,0.4
1.2833333333333332,9.631012,-10.992922,2.8573895,0.99927187,0.014118402,-0.0354448,-8.771308e-06,-1.5485102,-0.5630556,0.24011584,-0.029681478,0.031538803,-0.072765015,-1.5610751,-0.56802917,0.11383616,-0.2383375,-0.07193326,-5.7556057,9.670988,-10.977729,2.390878,7.4977846,-11.780048,1.6687185,2.4265292,5.4828877,-5.143924,-1.8979194,0.1746121346950531,0.18837903439998627,0.013766899704933167,0.32842397689819336,0.3439690172672272,0.015545040369033813,-0.56280124,2.5970535,-3.211557,-1.2840168,-0.56280124,2.5970535,-3.211557,-1.2840168,-0.56280124,1.0,-1.0,-1.0,7.33248233795166,0.4,-0.4,-0.4
1.3,9.604864,-11.002447,2.8589697,0.9994294,0.011180887,-0.031861234,0.0008482046,-1.5632542,-0.5666534,0.20009463,-0.4553522,0.5649984,0.16976178,-1.5714531,-0.5725302,0.0874176,-0.6226801,-0.27006269,-1.5851135,9.643197,-10.987426,2.3922017,7.4977846,-11.780048,1.6687185,2.3988483,5.2842507,-4.940207,-1.8755426,0.1746121346950531,0.18683867156505585,0.012226536870002747,0.32842397689819336,0.35479098558425903,0.026367008686065674,-0.12528463,-2.1183743,0.98115647,2.107867,-0.12528463,-2.1183743,0.98115647,2.107867,-0.12528463,-1.0,0.98115647,1.0,14.670295715332031,-0.4,0.39246258,0.4
1.3166666666666667,9.578642,-11.011992,2.8590562,0.99948454,0.010064503,-0.030476686,0.0007231169,-1.5727966,-0.56995517,0.08480793,-0.027043657,0.033491157,-0.07329499,-1.5738652,-0.5728576,-0.022649115,-0.14472483,-0.019644497,-6.604003,9.6152725,-10.997173,2.3923855,7.4977846,-11.780048,1.6687185,2.370726,5.086713,-4.736671,-1.8543441,0.1746121346950531,0.1772870272397995,0.002674892544746399,0.32842397689819336,0.3555474281311035,0.027123451232910156,-0.65290964,2.9508324,-3.3677082,-1.3740416,-0.65290964,2.9508324,-3.3677082,-1.3740416,-0.65290964,1.0,-1.0,-1.0,5.821228504180908,0.4,-0.4,-0.4
1.3333333333333333,9.552297,-11.021585,2.85841,0.9995948,0.007148073,-0.02750424,0.001570331,-1.5846212,-0.57127887,0.05014654,-0.45310456,0.46611217,0.16924427,-1.582954,-0.5762903,-0.045216747,-0.54533243,-0.20596145,-1.3540578,9.587222,-11.006972,2.3914688,7.4977846,-11.780048,1.6687185,2.3421707,4.8816133,-4.525873,-1.8293769,0.1746121346950531,0.17400521039962769,0.000606924295425415,0.32842397689819336,0.3420372009277344,0.013613224029541016,-0.10205681,-1.8410422,0.7929294,2.01759,-0.10205681,-1.8410422,0.7929294,2.01759,-0.10205681,-1.0,0.7929294,1.0,15.059861183166504,-0.4,0.31717178,0.4
1.35,9.52588,-11.031191,2.8564355,0.99961776,0.0060529523,-0.026938265,0.0014359026,-1.5924411,-0.5729302,-0.050767094,-0.02441962,-0.06445462,-0.07374451,-1.5855585,-0.5763197,-0.14336865,-0.15626906,-0.0017631053,-5.889114,9.559042,-11.016826,2.3895187,7.4977846,-11.780048,1.6687185,2.313189,4.6767035,-4.3147836,-1.8039392,0.1746121346950531,0.16312859952449799,0.011483535170555115,0.32842397689819336,0.32770875096321106,0.0007152259349822998,-0.5771463,3.6198478,-2.9055562,-1.5189179,-0.5771463,3.6198478,-2.9055562,-1.5189179,-0.5771463,1.0,-1.0,-1.0,7.091894149780273,0.4,-0.4,-0.4
1.3666666666666667,9.499344,-11.040826,2.85388,0.99970156,0.0034197378,-0.024079084,0.0022844153,-1.6025584,-0.57212096,-0.07688505,-0.40876773,0.48025125,0.16881834,-1.5942757,-0.5786232,-0.15782128,-0.52303076,-0.13820887,-0.8671581,9.530735,-11.026731,2.386638,7.4977846,-11.780048,1.6687185,2.283809,4.463901,-4.0965533,-1.7733203,0.1746121346950531,0.11820691078901291,0.05640522390604019,0.32842397689819336,0.295250803232193,0.033173173666000366,-0.050652694,-0.9048154,2.282826,2.0027583,-0.050652694,-0.9048154,2.282826,2.0027583,-0.050652694,-0.9048154,1.0,1.0,15.921985626220703,-0.36192617,0.4,0.4
1.3833333333333333,9.472753,-11.050459,2.84986,0.99972016,0.0026908347,-0.023400754,0.0021575042,-1.6090682,-0.572408,-0.19130008,0.019621857,-0.051202636,-0.07413529,-1.5958012,-0.5780844,-0.26941407,-0.09153127,0.032325983,-6.6955667,9.5023155,-11.036682,2.382709,7.4977846,-11.780048,1.6687185,2.254001,4.249954,-3.877439,-1.7399932,0.1746121346950531,0.14426463842391968,0.030347496271133423,0.32842397689819336,0.2948232591152191,0.03360071778297424,-0.6621184,4.0453057,-2.8719983,-1.7533283,-0.6621184,4.0453057,-2.8719983,-1.7533283,-0.6621184,1.0,-1.0,-1.0,5.666784286499023,0.4,-0.4,-0.4
1.4,9.44606,-11.060107,2.845128,0.999785,0.001907314,-0.020419441,0.003047362,-1.6171424,-0.5702209,-0.22179846,-0.12759553,0.49469152,0.16863486,-1.6031914,-0.5790606,-0.28976253,-0.44340846,-0.05857229,-1.2209074,9.473788,-11.046686,2.3777022,7.4977846,-11.780048,1.6687185,2.223751,4.027936,-3.6513042,-1.700661,0.1746121346950531,0.1377429962158203,0.03686913847923279,0.32842397689819336,0.2934171259403229,0.03500685095787048,-0.089430995,-0.3541649,2.5009756,1.8432931,-0.089430995,-0.3541649,2.5009756,1.8432931,-0.089430995,-0.3541649,1.0,1.0,15.271615028381348,-0.14166597,0.4,0.4
1.4166666666666667,9.419334,-11.069752,2.8386679,0.99979687,0.0035162414,-0.0196188,0.0029681728,-1.6221781,-0.57150203,-0.3531066,0.30018905,-0.037675828,-0.07409731,-1.6035851,-0.578358,-0.42044905,-0.023624895,0.04215717,-7.841191,9.445175,-11.056736,2.371436,7.4977846,-11.780048,1.6687185,2.1930168,3.8041165,-3.4244013,-1.656737,0.1746121346950531,0.15334081649780273,0.021271318197250366,0.32842397689819336,0.2827965319156647,0.045627444982528687,-0.7838312,1.5373725,-2.8068957,-1.7801132,-0.7838312,1.5373725,-2.8068957,-1.7801132,-0.7838312,1.0,-1.0,-1.0,3.625476837158203,0.4,-0.4,-0.4
1.4333333333333333,9.392536,-11.079412,2.831161,0.99985003,0.0033278842,-0.016545605,0.0038760519,-1.6278791,-0.5703156,-0.40395373,-0.12595432,0.504918,0.16853866,-1.6091008,-0.5799841,-0.4613482,-0.33094165,-0.09756803,-2.4539492,9.416488,-11.066819,2.3637683,7.4977846,-11.780048,1.6687185,2.1617613,3.572726,-3.1910682,-1.6066908,0.1746121346950531,0.15292975306510925,0.021682381629943848,0.32842397689819336,0.28718116879463196,0.0412428081035614,-0.22100605,-3.417006,2.495255,1.7367436,-0.22100605,-3.417006,2.495255,1.7367436,-0.22100605,-1.0,1.0,1.0,13.064903259277344,-0.4,0.4,0.4
1.45,9.365705,-11.089073,2.822152,0.999858,0.0049512116,-0.015647465,0.0037914515,-1.6312668,-0.57259583,-0.5109338,0.30221105,-0.025745558,-0.07419613,-1.6100229,-0.5795471,-0.5673643,-0.055325028,0.026221273,-6.360964,9.387725,-11.076942,2.3548312,7.4977846,-11.780048,1.6687185,2.1300194,3.3412075,-2.9575524,-1.5545262,0.1746121346950531,0.16278260946273804,0.011829525232315063,0.32842397689819336,0.29254868626594543,0.035875290632247925,-0.628354,1.4458038,-2.8489356,-1.9738166,-0.628354,1.4458038,-2.8489356,-1.9738166,-0.628354,1.0,-1.0,-1.0,6.233063220977783,0.4,-0.4,-0.4
1.4666666666666666,9.338807,-11.098757,2.8123982,0.9998997,0.00478213,-0.012469042,0.0047045383,-1.6346532,-0.57185704,-0.5461905,-0.123642586,0.51795256,0.16844247,-1.6150292,-0.5817022,-0.592232,-0.30037877,-0.12930393,-1.4920627,9.358887,-11.087105,2.3447988,7.4977846,-11.780048,1.6687185,2.0978456,3.1039777,-2.7189002,-1.4974174,0.1746121346950531,0.15798883140087128,0.016623303294181824,0.32842397689819336,0.2957795560359955,0.032644420862197876,-0.11818022,-3.712181,2.499384,1.6707984,-0.11818022,-3.712181,2.499384,1.6707984,-0.11818022,-1.0,1.0,1.0,14.789446830749512,-0.4,0.4,0.4
1.4833333333333334,9.311883,-11.108452,2.801229,0.99990296,0.006423001,-0.011459605,0.0046145767,-1.6363077,-0.5751133,-0.6518733,0.30451193,-0.0125932945,-0.07428954,-1.615516,-0.5814586,-0.69657093,-0.02920389,0.014612674,-6.2603364,9.329977,-11.097317,2.3336806,7.4977846,-11.780048,1.6687185,2.0652425,2.8661397,-2.4791176,-1.4383086,0.1746121346950531,0.16173586249351501,0.012876272201538086,0.32842397689819336,0.312958300113678,0.01546567678451538,-0.616701,1.1264547,-2.9643211,-2.192425,-0.616701,1.1264547,-2.9643211,-2.192425,-0.616701,1.0,-1.0,-1.0,6.428502082824707,0.4,-0.4,-0.4
1.5,9.2849045,-11.118177,2.789486,0.9999316,0.0062753013,-0.008167202,0.0055332594,-1.637335,-0.5748712,-0.6745201,-0.121105365,0.53198564,0.16835038,-1.6196257,-0.5842152,-0.70839626,-0.2465844,-0.16539572,-0.7095193,9.300997,-11.107566,2.3216078,7.4977846,-11.780048,1.6687185,2.0322576,2.6228375,-2.233842,-1.3744916,0.1746121346950531,0.16515052318572998,0.00946161150932312,0.32842397689819336,0.29679569602012634,0.03162828087806702,-0.035343837,-4.0893016,2.2906752,1.5966817,-0.035343837,-4.0893016,2.2906752,1.5966817,-0.035343837,-1.0,1.0,1.0,16.17873764038086,-0.4,0.4,0.4
1.5166666666666666,9.25791,-11.127913,2.7763972,0.99993503,0.0071195294,-0.0070491256,0.0054309624,-1.6371471,-0.57801324,-0.7802379,0.17650801,0.00065695413,-0.074481465,-1.6196129,-0.58436877,-0.8114729,0.0007653236,-0.009212493,-6.184598,9.271957,-11.117855,2.308577,7.4977846,-11.780048,1.6687185,1.9989017,2.379561,-1.9866046,-1.3098521,0.1746121346950531,0.18436333537101746,0.009751200675964355,0.32842397689819336,0.31690192222595215,0.011522054672241211,-0.6078422,0.69707227,-3.213181,-2.3756762,-0.6078422,0.69707227,-3.213181,-2.3756762,-0.6078422,0.69707227,-1.0,-1.0,6.577077388763428,0.27882892,-0.4,-0.4
1.5333333333333332,9.230879,-11.137695,2.763027,0.9999557,0.0059091686,-0.003642292,0.0063435663,-1.6358038,-0.5762653,-0.7816964,-0.24856035,0.54673094,0.16809659,-1.6226577,-0.5875869,-0.8004429,-0.18268345,-0.19308685,0.66180104,9.242859,-11.12819,2.294793,7.4977846,-11.780048,1.6687185,1.9652412,2.1327455,-1.7341051,-1.2415645,0.1746121346950531,0.18394407629966736,0.009331941604614258,0.32842397689819336,0.30608516931533813,0.022338807582855225,0.10968896,-3.0888433,1.6431998,1.4521754,0.10968896,-3.0888433,1.6431998,1.4521754,0.10968896,-1.0,1.0,1.0,18.611156463623047,-0.4,0.4,0.4
1.55,9.203841,-11.147488,2.7483625,0.9999564,0.0065049743,-0.0023995778,0.006234598,-1.633663,-0.57883173,-0.891384,0.17959939,0.01583891,-0.07473775,-1.6220765,-0.5874333,-0.9067836,0.034868717,0.009216069,-6.380442,9.21371,-11.138565,2.280222,7.4977846,-11.780048,1.6687185,1.9312785,1.8877159,-1.4788133,-1.1732786,0.1746121346950531,0.19784116744995117,0.02322903275489807,0.32842397689819336,0.32524585723876953,0.003178119659423828,-0.6274846,2.2882419,-3.6294174,-2.6558337,-0.6274846,2.2882419,-3.6294174,-2.6558337,-0.6274846,1.0,-1.0,-1.0,6.247644424438477,0.4,-0.4,-0.4
1.5666666666666667,9.17679,-11.157317,2.7333748,0.9999602,0.0053217923,0.0003190696,0.007144027,-1.6310824,-0.576689,-0.8929103,-0.2461415,0.43160048,0.1678488,-1.6233158,-0.5904078,-0.89808315,-0.07435798,-0.1784706,0.5220258,9.184518,-11.148976,2.2648811,7.4977846,-11.780048,1.6687185,1.8970321,1.6421978,-1.2181352,-1.1013448,0.1746121346950531,0.18498557806015015,0.010373443365097046,0.32842397689819336,0.31124943494796753,0.01717454195022583,0.09508177,-3.1773148,0.75770974,1.2740796,0.09508177,-3.1773148,0.75770974,1.2740796,0.09508177,-1.0,0.75770974,1.0,18.366172790527344,-0.4,0.3030839,0.4
1.5833333333333333,9.149749,-11.167154,2.7172484,0.9999574,0.005945854,0.00060962513,0.0070256176,-1.6293036,-0.5792359,-0.986353,0.18241489,-0.098280974,-0.074925646,-1.622292,-0.59032184,-0.99132496,0.06142616,0.0051569934,-5.594508,9.155293,-11.159423,2.2488294,7.4977846,-11.780048,1.6687185,1.862536,1.4034706,-0.9538328,-1.0295304,0.1746121346950531,0.20465920865535736,0.03004707396030426,0.32842397689819336,0.32387593388557434,0.0045480430126190186,-0.5444834,2.4687328,-3.2063346,-2.7941504,-0.5444834,2.4687328,-3.2063346,-2.7941504,-0.5444834,1.0,-1.0,-1.0,7.639699459075928,0.4,-0.4,-0.4
1.6,9.122706,-11.177029,2.7009473,0.99995184,0.0047921245,0.0031941847,0.007934162,-1.6257775,-0.5767911,-0.9797895,-0.2425443,0.44819036,0.16761957,-1.6227385,-0.5931985,-0.97501963,-0.026786325,-0.17259835,0.9783196,9.126044,-11.169905,2.23217,7.4977846,-11.780048,1.6687185,1.8278356,1.1743336,-0.6843712,-0.9543037,0.1746121346950531,0.15835508704185486,0.016257047653198242,0.32842397689819336,0.3015602231025696,0.02686375379562378,0.14352949,-3.232532,1.6450661,1.2787397,0.14352949,-3.232532,1.6450661,1.2787397,0.14352949,-1.0,1.0,1.0,19.178714752197266,-0.4,0.4,0.4
1.6166666666666667,9.095678,-11.186912,2.68352,0.999948,0.0054444578,0.0036227356,0.007812138,-1.6227189,-0.57936025,-1.0750748,0.185942,-0.081787705,-0.075160034,-1.62133,-0.5930267,-1.0697052,0.08450746,0.010306834,-5.6811366,9.096777,-11.180419,2.2148678,7.4977846,-11.780048,1.6687185,1.7929337,0.97104186,-0.4119819,-0.879314,0.1746121346950531,0.194660484790802,0.0200483500957489,0.32842397689819336,0.3226895034313202,0.005734473466873169,-0.55316913,2.5721688,-3.428341,-2.9286566,-0.55316913,2.5721688,-3.428341,-2.9286566,-0.55316913,1.0,-1.0,-1.0,7.494027137756348,0.4,-0.4,-0.4
1.6333333333333333,9.068665,-11.196832,2.665985,0.9999324,0.0043204175,0.0063468018,0.008721586,-1.6174804,-0.5766656,-1.0631449,-0.23890463,0.46505606,0.16738735,-1.6206517,-0.59578896,-1.0476576,0.040698048,-0.16573547,1.3228582,9.067504,-11.190966,2.1969986,7.4977846,-11.780048,1.6687185,1.7578729,0.8127742,-0.13559985,-0.8013829,0.1746121346950531,0.17407380044460297,0.0005383342504501343,0.32842397689819336,0.31504586338996887,0.013378113508224487,0.17988487,-3.5060658,1.0305771,1.1799053,0.17988487,-3.5060658,1.0305771,1.1799053,0.17988487,-1.0,1.0,1.0,19.788448333740234,-0.4,0.4,0.4
1.65,9.041678,-11.206758,2.647344,0.99992657,0.005000718,0.0069164634,0.00859567,-1.6129993,-0.57928133,-1.1591222,0.189531,-0.06493929,-0.07539758,-1.6188213,-0.5955517,-1.1426432,0.10982751,0.014233588,-5.699136,9.038238,-11.201537,2.1785285,7.4977846,-11.780048,1.6687185,1.7226657,0.73807675,0.14325091,-0.72404176,0.1746121346950531,0.17732688784599304,0.0027147531509399414,0.32842397689819336,0.3012881875038147,0.027135789394378662,-0.55475867,2.5841475,-3.6572556,-3.0146866,-0.55475867,2.5841475,-3.6572556,-3.0146866,-0.55475867,1.0,-1.0,-1.0,7.467368125915527,0.4,-0.4,-0.4
1.6666666666666667,9.014729,-11.216714,2.6286354,0.9999201,0.003914793,0.007364873,0.00949353,-1.6109697,-0.5763623,-1.1363509,-0.23715849,0.095310055,0.16713041,-1.6164165,-0.59818125,-1.1171781,0.14428852,-0.1577711,1.5279077,9.008984,-11.2121315,2.1595175,7.4977846,-11.780048,1.6687185,1.6873457,0.7717187,0.42469475,-0.6443478,0.1746121346950531,0.18461382389068604,0.010001689195632935,0.32842397689819336,0.31523337960243225,0.013190597295761108,0.20286591,-3.9920654,0.27971345,1.0542735,0.20286591,-3.9920654,0.27971345,1.0542735,0.20286591,-1.0,0.27971345,1.0,20.17387580871582,-0.4,0.11188538,0.4
1.6833333333333333,8.987821,-11.226688,2.609562,0.9999334,0.0046495884,0.0048825685,0.009354687,-1.6134628,-0.5789205,-1.1647964,0.1929316,-0.43018168,-0.075591244,-1.6137742,-0.5983277,-1.1545122,0.15853642,-0.008786917,-2.240045,8.979759,-11.222758,2.1403723,7.4977846,-11.780048,1.6687185,1.6520528,0.9070339,0.70909166,-0.5655966,0.1746121346950531,0.18484023213386536,0.010228097438812256,0.32842397689819336,0.2983727753162384,0.030051201581954956,-0.18868865,2.6016097,-1.2452931,-3.0392122,-0.18868865,2.6016097,-1.2452931,-3.0392122,-0.18868865,1.0,-1.0,-1.0,13.606914520263672,0.4,-0.4,-0.4
1.7,8.960932,-11.236691,2.5904505,0.9999299,0.003604909,0.004699678,0.010243922,-1.6143725,-0.5759434,-1.156323,-0.23212665,0.11605892,0.16681431,-1.6131362,-0.60071003,-1.1453958,0.038280483,-0.14294027,0.5469847,8.950576,-11.233402,2.121053,7.4977846,-11.780048,1.6687185,1.6167965,1.1069785,0.9950367,-0.4850809,0.1746121346950531,0.20394203066825867,0.029329895973205566,0.32842397689819336,0.3125133216381073,0.01591065526008606,0.10077592,-3.9115224,4.238684,1.3243457,0.10077592,-3.9115224,4.238684,1.3243457,0.10077592,-1.0,1.0,1.0,18.461671829223633,-0.4,0.4,0.4
1.7166666666666666,8.934065,-11.246706,2.5714157,0.9999199,0.004365787,0.0062301606,0.010117222,-1.60927,-0.5785432,-1.1572217,0.20176102,0.2046193,-0.076003276,-1.6116619,-0.60109264,-1.1423036,0.08845567,-0.022956131,0.18553017,8.921453,-11.244066,2.1018372,7.4977846,-11.780048,1.6687185,1.5816768,1.3412179,1.2782984,-0.40597862,0.1746121346950531,0.2193027138710022,0.0446905791759491,0.32842397689819336,0.30164802074432373,0.02677595615386963,0.06522148,2.371212,0.13868387,-3.0952172,0.06522148,2.371212,0.13868387,-3.0952172,0.06522148,1.0,0.13868387,-1.0,17.86536979675293,0.4,0.055473547,-0.4
1.7333333333333334,8.907237,-11.256755,2.55263,0.9999121,0.0033696415,0.0065727937,0.011009337,-1.607179,-0.57567245,-1.1406331,-0.22696579,-0.011335523,0.16665128,-1.6090792,-0.60345453,-1.1234651,0.15496014,-0.14171362,1.1303115,8.892408,-11.254749,2.0828414,7.4977846,-11.780048,1.6687185,1.5467424,1.5904937,1.5567635,-0.3258178,0.1746121346950531,0.23612451553344727,0.061512380838394165,0.32842397689819336,0.3038765490055084,0.024547427892684937,0.16694506,-4.7876945,-0.41980326,1.0232402,0.16694506,-4.7876945,-0.41980326,1.0232402,0.16694506,-1.0,-0.41980326,1.0,19.571428298950195,-0.4,-0.1679213,0.4
1.75,8.880433,-11.266818,2.5335708,0.9998828,0.004165215,0.00992079,0.010884664,-1.5978603,-0.5783802,-1.178179,0.20902878,0.53777087,-0.07621734,-1.6081066,-0.6035763,-1.1512933,0.058357712,-0.007306337,-1.6696929,8.86345,-11.265448,2.0638366,7.4977846,-11.780048,1.6687185,1.5119439,1.847216,1.8305547,-0.24754092,0.1746121346950531,0.22075209021568298,0.04613995552062988,0.32842397689819336,0.29078662395477295,0.03763735294342041,-0.13196559,2.0426383,2.2803202,-3.113578,-0.13196559,2.0426383,2.2803202,-3.113578,-0.13196559,1.0,1.0,-1.0,14.558245658874512,0.4,0.4,-0.4
1.7666666666666666,8.853687,-11.276905,2.5145955,0.99986476,0.00321366,0.011089366,0.011705796,-1.5919024,-0.57581604,-1.1673161,-0.22132626,0.009758367,0.15418737,-1.6036106,-0.60582507,-1.1356729,0.2697587,-0.13492584,0.937221,8.834584,-11.276149,2.0447724,7.4977846,-11.780048,1.6687185,1.4772828,2.1034257,2.0966136,-0.16914678,0.1746121346950531,0.24563531577587128,0.07102318108081818,0.32842397689819336,0.31371548771858215,0.014708489179611206,0.1459982,-5.2842884,-2.852632,0.94902575,0.1459982,-5.2842884,-2.852632,0.94902575,0.1459982,-1.0,-1.0,0.94902575,19.220117568969727,-0.4,-0.4,0.3796103
1.7833333333333332,8.826987,-11.287003,2.4953043,0.9998191,0.0040497426,0.014613521,0.011472992,-1.5803598,-0.5789923,-1.2074757,0.214626,0.5587403,-0.088668525,-1.6014509,-0.60589105,-1.1657691,0.12958288,-0.0039589405,-1.8057703,8.805823,-11.286856,2.0256042,7.4977846,-11.780048,1.6687185,1.4427654,2.3603232,2.3584769,-0.093342565,0.1746121346950531,0.24330225586891174,0.06869012117385864,0.32842397689819336,0.3195894956588745,0.008834481239318848,-0.14674951,1.4587733,1.9330747,-3.0094292,-0.14674951,1.4587733,1.9330747,-3.0094292,-0.14674951,1.0,1.0,-1.0,14.310297012329102,0.4,0.4,-0.4
1.8,8.800376,-11.29713,2.4761572,0.9997923,0.0031466878,0.015959116,0.012272316,-1.5723394,-0.57661766,-1.191407,-0.21557236,0.031066598,0.15414599,-1.5950845,-0.60814524,-1.1445761,0.3819823,-0.13525128,1.2715815,8.77718,-11.2975645,2.0063827,7.4977846,-11.780048,1.6687185,1.4084245,2.613147,2.613084,-0.018127047,0.1746121346950531,0.2284800410270691,0.05386790633201599,0.32842397689819336,0.31666669249534607,0.01175728440284729,0.1814564,-5.5077953,-3.1310668,1.2336533,0.1814564,-5.5077953,-3.1310668,1.2336533,0.1814564,-1.0,-1.0,1.0,19.81480598449707,-0.4,-0.4,0.4
1.8166666666666667,8.773838,-11.30727,2.4567978,0.9997299,0.0029784804,0.019644424,0.012050353,-1.5586283,-0.5776141,-1.2266387,0.05288193,0.5794001,-0.08884773,-1.5913914,-0.6084481,-1.1682752,0.22158621,-0.01817107,-1.4219497,8.748671,-11.308272,1.9871445,7.4977846,-11.780048,1.6687185,1.3742938,2.8647099,2.864207,0.053674903,0.1746121346950531,0.23736637830734253,0.06275424361228943,0.32842397689819336,0.33479300141334534,0.0063690245151519775,-0.10557056,0.61110616,1.3975214,-3.0176985,-0.10557056,0.61110616,1.3975214,-3.0176985,-0.10557056,0.61110616,1.0,-1.0,15.000929832458496,0.24444246,0.4,-0.4
1.8333333333333333,8.747431,-11.317435,2.4379394,0.9996929,0.00073265895,0.02115853,0.012877953,-1.5484849,-0.571647,-1.1862295,-0.37668568,0.053610697,0.15383707,-1.5820886,-0.6102839,-1.120837,0.5581713,-0.110149376,2.8462956,8.720315,-11.318974,1.9681095,7.4977846,-11.780048,1.6687185,1.3404497,3.110302,3.1078408,0.12371131,0.1746121346950531,0.21119430661201477,0.03658217191696167,0.32842397689819336,0.30997660756111145,0.01844736933708191,0.34889933,-4.5715985,-3.4554605,1.088487,0.34889933,-4.5715985,-3.4554605,1.088487,0.34889933,-1.0,-1.0,1.0,22.623075485229492,-0.4,-0.4,0.4
1.8499999999999999,8.721136,-11.327598,2.4191103,0.99963063,0.00027267603,0.024047635,0.012651193,-1.534867,-0.57082516,-1.2083796,0.05879911,0.44526175,-0.08904692,-1.5762743,-0.6095605,-1.1338584,0.3488588,0.04340529,-0.7812881,8.692132,-11.329664,1.9493669,7.4977846,-11.780048,1.6687185,1.3069335,3.3540788,3.3487008,0.18986352,0.1746121346950531,0.2172318547964096,0.042619720101356506,0.32842397689819336,0.32763510942459106,0.0007888674736022949,-0.035652827,3.6481404,0.7050735,-3.073717,-0.035652827,3.6481404,0.7050735,-3.073717,-0.035652827,1.0,0.7050735,-1.0,16.173555374145508,0.4,0.2820294,-0.4
1.8666666666666667,8.694999,-11.337768,2.4007134,0.99960846,-0.0019088667,0.024442313,0.01348082,-1.5260414,-0.5641867,-1.173188,-0.3709731,-0.081025966,0.1536451,-1.5656732,-0.6102139,-1.095347,0.63606256,-0.039203163,2.3106835,8.664133,-11.3403425,1.9308808,7.4977846,-11.780048,1.6687185,1.27375,3.5912595,3.5821896,0.25507432,0.1746121346950531,0.1990349441766739,0.02442280948162079,0.32842397689819336,0.30459296703338623,0.02383100986480713,0.29331622,-4.2366924,-2.944038,1.0360596,0.29331622,-4.2366924,-2.944038,1.0360596,0.29331622,-1.0,-1.0,1.0,21.69086265563965,-0.4,-0.4,0.4
1.8833333333333333,8.66899,-11.347919,2.3823993,0.9995395,-0.0023142612,0.027203254,0.013245458,-1.512058,-0.56263757,-1.1874688,0.065702274,0.46965325,-0.08920124,-1.5588243,-0.60863054,-1.1011804,0.41093585,0.09500026,-0.3500032,8.636326,-11.351006,1.9126757,7.4977846,-11.780048,1.6687185,1.2409146,3.8256593,3.8124354,0.31781352,0.1746121346950531,0.20212216675281525,0.027510032057762146,0.32842397689819336,0.3165948987007141,0.011829078197479248,0.009232452,4.1994743,2.271233,-3.0395236,0.009232452,4.1994743,2.271233,-3.0395236,0.009232452,1.0,1.0,-1.0,16.926347732543945,0.4,0.4,-0.4
1.9,8.6432,-11.358054,2.3653002,0.9995037,-0.0044321907,0.02782898,0.014077249,-1.5017127,-0.55565226,-1.0928159,-0.36303362,-0.05245294,0.15348259,-1.5436754,-0.60783726,-1.0028645,0.9089326,0.04759669,5.898957,8.608761,-11.361644,1.895226,7.4977846,-11.780048,1.6687185,1.2085679,4.0528946,4.034955,0.38090622,0.1746121346950531,0.20158933103084564,0.02697719633579254,0.32842397689819336,0.29881376028060913,0.02961021661758423,0.6741303,-3.709855,-3.0453262,1.0344639,0.6741303,-3.709855,-3.0453262,1.0344639,0.6741303,-1.0,-1.0,1.0,28.077688217163086,-0.4,-0.4,0.4
1.9166666666666667,8.617562,-11.368155,2.3484068,0.9994177,-0.0047787195,0.030823527,0.013831842,-1.4864821,-0.5534763,-1.1171142,0.07342733,0.49760962,-0.08937818,-1.5363024,-0.60552204,-1.0183452,0.4423785,0.1389134,-0.92884535,8.581443,-11.372253,1.8784935,7.4977846,-11.780048,1.6687185,1.1766977,4.277591,4.2545843,0.44305772,0.1746121346950531,0.2202068269252777,0.04559469223022461,0.32842397689819336,0.3158854842185974,0.012538492679595947,-0.048602533,4.7106147,1.8157097,-3.166276,-0.048602533,4.7106147,1.8157097,-3.166276,-0.048602533,1.0,1.0,-1.0,15.956369400024414,0.4,0.4,-0.4
1.9333333333333333,8.592192,-11.378215,2.333003,0.99936706,-0.006831278,0.031694245,0.01463603,-1.4744893,-0.5463401,-0.997831,-0.35488948,-0.022758448,0.14866154,-1.5176877,-0.6031006,-0.895079,1.1168861,0.1452863,7.3959727,8.554406,-11.382831,1.8626952,7.4977846,-11.780048,1.6687185,1.1453637,4.4911733,4.4625874,0.505916,0.1746121346950531,0.22802484035491943,0.05341270565986633,0.32842397689819336,0.29753854870796204,0.030885428190231323,0.8333068,-2.8707905,-3.3173056,0.980844,0.8333068,-2.8707905,-3.3173056,0.980844,0.8333068,-1.0,-1.0,0.980844,30.747318267822266,-0.4,-0.4,0.39233762
1.95,8.566987,-11.388235,2.3176177,0.9992616,-0.007120025,0.034925766,0.014340569,-1.4578718,-0.543689,-1.0453196,0.081143245,0.5257525,-0.09420928,-1.5106128,-0.60038924,-0.9334145,0.42448995,0.16268133,-2.30013,8.527646,-11.393378,1.8476347,7.4977846,-11.780048,1.6687185,1.114513,4.7035093,4.668878,0.5697166,0.1746121346950531,0.23053181171417236,0.05591967701911926,0.32842397689819336,0.30903360247612,0.019390374422073364,-0.1923445,5.16866,1.0499,-3.2828524,-0.1923445,5.16866,1.0499,-3.2828524,-0.1923445,1.0,1.0,-1.0,13.545599937438965,0.4,0.4,-0.4
1.9666666666666666,8.542099,-11.398189,2.3039594,0.9991955,-0.00910944,0.03604312,0.015041425,-1.4440625,-0.5366482,-0.90002376,-0.34669325,0.0072087925,0.13339143,-1.4877542,-0.5961347,-0.78393954,1.3715171,0.2552712,8.968498,8.501194,-11.403882,1.8335357,7.4977846,-11.780048,1.6687185,1.084203,4.902797,4.861526,0.6348128,0.1746121346950531,0.22253498435020447,0.04792284965515137,0.32842397689819336,0.3017348051071167,0.02668917179107666,1.0277454,-1.9475664,-3.7635207,0.9377743,1.0277454,-1.9475664,-3.7635207,0.9377743,1.0,-1.0,-1.0,0.9377743,33.54301452636719,-0.4,-0.4,0.37510973
1.9833333333333334,8.517391,-11.4080925,2.2900643,0.9992077,-0.009308092,0.035815217,0.014645023,-1.4322268,-0.53375757,-0.9659522,0.0855217,-0.037830558,-0.10933644,-1.4808342,-0.5933794,-0.8510378,0.41519877,0.16532062,-4.0258956,8.475038,-11.414349,1.8201423,7.4977846,-11.780048,1.6687185,1.0543666,5.1039023,5.0552926,0.70273495,0.1746121346950531,0.20395712554454803,0.029344990849494934,0.32842397689819336,0.3084053695201874,0.02001860737800598,-0.37146902,5.648333,-0.1017202,-3.301012,-0.37146902,5.648333,-0.1017202,-3.301012,-0.37146902,1.0,-0.1017202,-1.0,10.541412353515625,0.4,-0.04068808,-0.4
2.0,8.492981,-11.417908,2.277787,0.99906844,-0.010686639,0.038921535,0.015270191,-1.4167922,-0.5273972,-0.82486063,-0.24542773,0.51197106,0.13332777,-1.4591888,-0.58767533,-0.7008912,1.2987255,0.3422427,9.008796,8.449188,-11.424762,1.8074915,7.4977846,-11.780048,1.6687185,1.0250148,5.291461,5.2348146,0.77218854,0.1746121346950531,0.21151576936244965,0.036903634667396545,0.32842397689819336,0.3256465792655945,0.002777397632598877,0.9988538,-0.787987,0.9873805,1.1139365,0.9988538,-0.787987,0.9873805,1.1139365,0.9988538,-0.787987,0.9873805,1.0,33.5237922668457,-0.31519482,0.3949522,0.4
2.0166666666666666,8.468888,-11.427628,2.2668433,0.99904084,-0.010071674,0.03994944,0.01482668,-1.4010725,-0.525336,-0.76835185,0.18556423,-0.0070068166,-0.10943665,-1.4411007,-0.5817502,-0.6435388,1.0852861,0.3555071,3.4411452,8.423742,-11.435118,1.7964559,7.4977846,-11.780048,1.6687185,0.9963391,5.4789157,5.413206,0.8459989,0.1746121346950531,0.19515934586524963,0.020547211170196533,0.32842397689819336,0.3167116343975067,0.011712342500686646,0.42305037,5.2969694,-3.348518,-3.4065208,0.42305037,5.2969694,-3.348518,-3.4065208,0.42305037,1.0,-1.0,-1.0,23.866701126098633,0.4,-0.4,-0.4
2.033333333333333,8.445005,-11.437299,2.2557595,0.9990754,-0.011207096,0.0388691,0.014555723,-1.389228,-0.5220115,-0.79525715,-0.24409594,-0.16756561,-0.015885528,-1.4303095,-0.57956237,-0.673206,0.6474709,0.13127089,-1.7800318,8.398596,-11.445424,1.7858422,7.4977846,-11.780048,1.6687185,0.9680662,5.657063,5.5810056,0.9245196,0.1746121346950531,0.20240703225135803,0.02779489755630493,0.32842397689819336,0.34255656599998474,0.014132589101791382,-0.135713,-1.6738459,-0.31076127,0.38570487,-0.135713,-1.6738459,-0.31076127,0.38570487,-0.135713,-1.0,-0.31076127,0.38570487,14.49539566040039,-0.4,-0.12430451,0.15428196
2.05,8.421409,-11.44687,2.2457736,0.99902207,-0.01059546,0.040956,0.012856974,-1.3727549,-0.5231608,-0.7022043,0.19438672,0.3912323,-0.25838894,-1.4110738,-0.57254875,-0.57645726,1.1541437,0.4208171,5.804922,8.37377,-11.455672,1.7757725,7.4977846,-11.780048,1.6687185,0.9402289,5.8247256,5.7377324,1.0029243,0.1746121346950531,0.20197200775146484,0.027359873056411743,0.32842397689819336,0.34714484214782715,0.01872086524963379,0.66062236,5.6464024,2.6015987,-1.4493929,0.66062236,5.6464024,2.6015987,-1.4493929,0.66062236,1.0,1.0,-1.0,27.851139068603516,0.4,0.4,-0.4
2.0666666666666664,8.398119,-11.456361,2.2367985,0.99901915,-0.0116825765,0.04091104,0.012267356,-1.357949,-0.52094847,-0.65288806,-0.23488653,-0.13445899,-0.015399573,-1.392909,-0.56853086,-0.52749664,1.0898852,0.24107336,2.9376373,8.349331,-11.465849,1.7668275,7.4977846,-11.780048,1.6687185,0.91295004,5.9896135,5.890243,1.0865109,0.1746121346950531,0.19822293519973755,0.023610800504684448,0.32842397689819336,0.35754624009132385,0.029122263193130493,0.3677754,-1.780965,-3.4617052,2.8214226,0.3677754,-1.780965,-3.4617052,2.8214226,0.3677754,-1.0,-1.0,1.0,22.939655303955078,-0.4,-0.4,0.4
2.0833333333333335,8.375056,-11.465779,2.2279775,0.99894875,-0.011006047,0.04322732,0.01056461,-1.3406655,-0.5218856,-0.6607709,0.20195346,0.41731745,-0.25798777,-1.3807567,-0.5637976,-0.5310457,0.7291388,0.28399587,-0.21294235,8.325222,-11.4759655,1.7583553,7.4977846,-11.780048,1.6687185,0.886089,6.1454797,6.0328526,1.1711594,0.1746121346950531,0.18199993669986725,0.007387802004814148,0.32842397689819336,0.34365254640579224,0.015228569507598877,0.026639929,5.719843,2.0452812,-1.4683547,0.026639929,5.719843,2.0452812,-1.4683547,0.026639929,1.0,1.0,-1.0,17.218299865722656,0.4,0.4,-0.4
2.1,8.352353,-11.475102,2.220545,0.99893427,-0.0120272655,0.043429498,0.009975351,-1.3248204,-0.5197833,-0.54920363,-0.22621615,-0.104070604,-0.014955524,-1.3561778,-0.55822104,-0.41966575,1.4747356,0.33459303,6.682795,8.301492,-11.486,1.7507373,7.4977846,-11.780048,1.6687185,0.85973054,6.289669,6.162713,1.2573413,0.1746121346950531,0.1904514729976654,0.015839338302612305,0.32842397689819336,0.34926724433898926,0.0208432674407959,0.7612035,-1.9344119,-3.7226057,3.133106,0.7612035,-1.9344119,-3.7226057,3.133106,0.7612035,-1.0,-1.0,1.0,29.53803825378418,-0.4,-0.4,0.4
2.1166666666666667,8.329851,-11.484364,2.2128055,0.9988447,-0.011285267,0.045971945,0.008267755,-1.3066494,-0.5205042,-0.6144181,0.20973124,0.44374526,-0.25758615,-1.348123,-0.55484456,-0.48008227,0.48329112,0.20258902,-3.624991,8.278101,-11.495966,1.743566,7.4977846,-11.780048,1.6687185,0.8337857,6.4324627,6.290237,1.3451741,0.1746121346950531,0.1768442988395691,0.002232164144515991,0.32842397689819336,0.3503091335296631,0.021885156631469727,-0.3325714,5.6234903,1.4532703,-1.3168756,-0.3325714,5.6234903,1.4532703,-1.3168756,-0.3325714,1.0,1.0,-1.0,11.1937837600708,0.4,0.4,-0.4
2.1333333333333333,8.307736,-11.493532,2.2064912,0.99881816,-0.0122421365,0.046405476,0.007679084,-1.2896745,-0.51846766,-0.48167956,-0.21806365,-0.07624939,-0.014539024,-1.3199872,-0.54869235,-0.3473539,1.6881465,0.36913273,7.9637017,8.255077,-11.505849,1.7369975,7.4977846,-11.780048,1.6687185,0.8082943,6.5588913,6.400617,1.4321859,0.1746121346950531,0.19053922593593597,0.015927091240882874,0.32842397689819336,0.3453836441040039,0.016959667205810547,0.8955362,-2.2024162,-4.1508617,3.481663,0.8955362,-2.2024162,-4.1508617,3.481663,0.8955362,-1.0,-1.0,1.0,31.790998458862305,-0.4,-0.4,0.4
2.15,8.285825,-11.502642,2.1996949,0.9987602,-0.011420274,0.048045542,0.0062622703,-1.2718407,-0.51827615,-0.56505454,0.21642655,0.28972012,-0.21211094,-1.3129658,-0.54584426,-0.4285443,0.4212856,0.17088531,-4.871424,8.232402,-11.515653,1.730831,7.4977846,-11.780048,1.6687185,0.78321487,6.6885986,6.5135093,1.5203786,0.1746121346950531,0.16078169643878937,0.013830438256263733,0.32842397689819336,0.3319213092327118,0.0034973323345184326,-0.46311,5.3700905,0.6640425,-0.8144901,-0.46311,5.3700905,0.6640425,-0.8144901,-0.46311,1.0,0.6640425,-0.8144901,9.004454612731934,0.4,0.26561698,-0.32579604
2.1666666666666665,8.264316,-11.511658,2.1943016,0.998791,-0.0122997295,0.04720633,0.006065174,-1.2559168,-0.5153649,-0.42386124,-0.21197604,-0.22978279,0.030848982,-1.2832907,-0.53958577,-0.29085815,1.7805003,0.37550923,8.261169,8.210091,-11.525367,1.7251519,7.4977846,-11.780048,1.6687185,0.7585693,6.800788,6.608415,1.606102,0.1746121346950531,0.18505209684371948,0.010439962148666382,0.32842397689819336,0.3314422070980072,0.0030182301998138428,0.9268229,-2.5503612,-3.34788,3.3434572,0.9268229,-2.5503612,-3.34788,3.3434572,0.9268229,-1.0,-1.0,1.0,32.31572341918945,-0.4,-0.4,0.4
2.183333333333333,8.242997,-11.52062,2.1882763,0.9987374,-0.011414379,0.0486901,0.0047432804,-1.2385517,-0.51477355,-0.5202889,0.22335754,0.3158386,-0.21185812,-1.2777196,-0.5370772,-0.38559505,0.3342676,0.15051483,-5.684214,8.188129,-11.534996,1.7197909,7.4977846,-11.780048,1.6687185,0.73432624,6.918252,6.7080793,1.6923001,0.1746121346950531,0.16062474250793457,0.01398739218711853,0.32842397689819336,0.3269558846950531,0.0014680922031402588,-0.5499895,5.04818,2.5866933,-1.4204372,-0.5499895,5.04818,2.5866933,-1.4204372,-0.5499895,1.0,1.0,-1.0,7.547354221343994,0.4,0.4,-0.4
2.2,8.2220955,-11.529491,2.1837444,0.9987584,-0.012237104,0.048074495,0.00454355,-1.2221576,-0.51200384,-0.36797234,-0.2048571,-0.202931,0.031101065,-1.246504,-0.5306389,-0.23637037,1.87294,0.38629887,8.953481,8.166541,-11.544528,1.714895,7.4977846,-11.780048,1.6687185,0.7105191,7.0161085,6.7879686,1.7746158,0.1746121346950531,0.18060295283794403,0.00599081814289093,0.32842397689819336,0.32652747631073,0.001896500587463379,1.1193875,-3.0965328,-3.3174834,3.7333174,1.1193875,-3.0965328,-3.3174834,3.7333174,1.0,-1.0,-1.0,1.0,33.54301452636719,-0.4,-0.4,0.4
2.216666666666667,8.201404,-11.538302,2.1787374,0.99869037,-0.011283268,0.049786717,0.0033819529,-1.2046871,-0.51088476,-0.4559636,0.23069805,0.34336925,-0.18523219,-1.2399701,-0.5279568,-0.32235566,0.39203164,0.16092537,-5.159117,8.14533,-11.553959,1.7104656,7.4977846,-11.780048,1.6687185,0.6871498,7.119562,6.873324,1.8562284,0.1746121346950531,0.16227327287197113,0.01233886182308197,0.32842397689819336,0.312229186296463,0.016194790601730347,-0.49354476,4.5259113,2.4484272,-0.89142966,-0.49354476,4.5259113,2.4484272,-0.89142966,-0.49354476,1.0,1.0,-0.89142966,8.494017601013184,0.4,0.4,-0.35657188
2.2333333333333334,8.181142,-11.547022,2.175258,0.9987005,-0.012036297,0.0494034,0.0033992163,-1.1879206,-0.5077787,-0.3042173,-0.19761002,-0.17546989,0.057714477,-1.2080376,-0.5216885,-0.17328775,1.9159483,0.37609574,8.944074,8.124512,-11.563279,1.7065897,7.4977846,-11.780048,1.6687185,0.6642364,7.202018,6.937825,1.9327805,0.1746121346950531,0.1690703183412552,0.005541816353797913,0.32842397689819336,0.30512872338294983,0.02329525351524353,1.0738708,-3.7271962,-3.5018616,3.7573767,1.0738708,-3.7271962,-3.5018616,3.7573767,1.0,-1.0,-1.0,1.0,33.54301452636719,-0.4,-0.4,0.4
2.25,8.161075,-11.555687,2.1711054,0.9986179,-0.011021182,0.051336985,0.0022875974,-1.1700519,-0.5064503,-0.4082169,0.23772031,0.3697271,-0.18502025,-1.2028202,-0.5194253,-0.27491018,0.31304595,0.13579488,-6.097346,8.104063,-11.5724945,1.7030735,7.4977846,-11.780048,1.6687185,0.6417417,7.288836,7.007079,2.0069804,0.1746121346950531,0.15237435698509216,0.022237777709960938,0.32842397689819336,0.30056488513946533,0.027859091758728027,-0.59312046,3.8074403,2.2729259,-1.0606213,-0.59312046,3.8074403,2.2729259,-1.0606213,-0.59312046,1.0,1.0,-1.0,6.823983192443848,0.4,0.4,-0.4
2.2666666666666666,8.141442,-11.564266,2.1684165,0.99861836,-0.0117161535,0.051173773,0.0023021929,-1.152586,-0.50355095,-0.2567581,-0.19060336,-0.14918637,0.057926897,-1.1698463,-0.51339346,-0.12581486,1.978433,0.36190864,8.945719,8.083996,-11.581597,1.6999798,7.4977846,-11.780048,1.6687185,0.6196803,7.3533406,7.054519,2.0749412,0.1746121346950531,0.1666683554649353,0.007943779230117798,0.32842397689819336,0.29814374446868896,0.030280232429504395,1.0436207,-4.296724,-3.7431297,4.0991583,1.0436207,-4.296724,-3.7431297,4.0991583,1.0,-1.0,-1.0,1.0,33.54301452636719,-0.4,-0.4,0.4
2.283333333333333,8.121998,-11.5728,2.1649048,0.99851894,-0.010611607,0.053327415,0.0018148537,-1.1347618,-0.50082314,-0.37297633,0.24462655,0.39519912,-0.084008835,-1.1656246,-0.51151174,-0.23936231,0.25330067,0.11290311,-6.812847,8.064292,-11.590592,1.6971358,7.4977846,-11.780048,1.6687185,0.5980231,7.4236245,7.1086063,2.1396067,0.1746121346950531,0.14080728590488434,0.03380484879016876,0.32842397689819336,0.30053088068962097,0.027893096208572388,-0.66919076,2.9819698,1.842117,-0.5850047,-0.66919076,2.9819698,1.842117,-0.5850047,-0.66919076,1.0,1.0,-0.5850047,5.5481696128845215,0.4,0.4,-0.23400187
2.3,8.103003,-11.581251,2.1628077,0.9985075,-0.01120712,0.05338566,0.0026658347,-1.1173207,-0.49628255,-0.22177744,-0.18413332,-0.12365913,0.15885516,-1.1313308,-0.5057888,-0.09030514,2.0576262,0.34337637,8.94343,8.044964,-11.599473,1.6946126,7.4977846,-11.780048,1.6687185,0.5767869,7.4710903,7.1408725,2.196618,0.1746121346950531,0.16706082224845886,0.007551312446594238,0.32842397689819336,0.3011505603790283,0.02727341651916504,1.1787504,-4.690669,-4.1530113,3.1361446,1.1787504,-4.690669,-4.1530113,3.1361446,1.0,-1.0,-1.0,1.0,33.54301452636719,-0.4,-0.4,0.4
2.3166666666666664,8.084195,-11.58966,2.1598058,0.99839133,-0.010040979,0.055751298,0.002381982,-1.0989355,-0.49317253,-0.3447138,0.2509115,0.4201556,-0.08398436,-1.1275519,-0.50406694,-0.21035483,0.22673605,0.10331153,-7.202981,8.025996,-11.608241,1.6922765,7.4977846,-11.780048,1.6687185,0.5559498,7.526347,7.1822753,2.2496269,0.1746121346950531,0.15912136435508728,0.01549077033996582,0.32842397689819336,0.31299498677253723,0.015428990125656128,-0.7106016,1.7537798,1.5372337,-2.7722948,-0.7106016,1.7537798,1.5372337,-2.7722948,-0.7106016,1.0,1.0,-1.0,4.853646755218506,0.4,0.4,-0.4
2.3333333333333335,8.065851,-11.597992,2.1581907,0.99836856,-0.010582632,0.05601625,0.003229898,-1.0805409,-0.4889819,-0.19376756,-0.17787668,-0.09873812,0.1589091,-1.0916636,-0.49871433,-0.061420467,2.1532989,0.32115695,8.936062,8.007398,-11.616891,1.6902069,7.4977846,-11.780048,1.6687185,0.5355255,7.558729,7.2022066,2.2940376,0.1746121346950531,0.16372933983802795,0.010882794857025146,0.32842397689819336,0.30803748965263367,0.020386487245559692,1.1018134,-5.075172,-4.6013703,3.2461784,1.1018134,-5.075172,-4.6013703,3.2461784,1.0,-1.0,-1.0,1.0,33.54301452636719,-0.4,-0.4,0.4
2.35,8.047681,-11.606293,2.155403,0.998286,-0.010788967,0.057439666,0.0030312177,-1.0616695,-0.4854812,-0.33713073,0.028705064,0.26155874,-0.08405136,-1.0897454,-0.49784818,-0.2027147,0.11509179,0.05196869,-8.4776535,7.9891443,-11.625431,1.6881576,7.4977846,-11.780048,1.6687185,0.51547915,7.6008706,7.233886,2.3332663,0.1746121346950531,0.17686668038368225,0.0022545456886291504,0.32842397689819336,0.3128754496574402,0.015548527240753174,-0.8452261,0.47336435,0.664729,-2.8772943,-0.8452261,0.47336435,0.664729,-2.8772943,-0.8452261,0.47336435,0.664729,-1.0,2.5957913398742676,0.18934575,0.2658916,-0.4
2.3666666666666667,8.029982,-11.614516,2.1539156,0.99831426,-0.013173755,0.05638194,0.0039994763,-1.0433842,-0.480142,-0.18494426,-0.39999062,-0.25712118,0.15876557,-1.0529702,-0.49168995,-0.05372386,2.206514,0.36949393,8.93945,7.9712434,-11.63386,1.6861982,7.4977846,-11.780048,1.6687185,0.49582243,7.6198134,7.244209,2.3628361,0.1746121346950531,0.17567609250545502,0.0010639578104019165,0.32842397689819336,0.3019466996192932,0.026477277278900146,1.1057051,-3.3744392,-3.6185632,3.2043874,1.1057051,-3.3744392,-3.6185632,3.2043874,1.0,-1.0,-1.0,1.0,33.54301452636719,-0.4,-0.4,0.4
2.3833333333333333,8.012454,-11.622693,2.1512725,0.9982358,-0.013802272,0.057619583,0.0038231472,-1.0248386,-0.47513482,-0.3268894,0.035076823,0.285064,-0.08399856,-1.0511909,-0.49028397,-0.19370954,0.106759064,0.08435904,-8.39914,7.953685,-11.642173,1.6842458,7.4977846,-11.780048,1.6687185,0.47654563,7.6515446,7.2693057,2.388165,0.1746121346950531,0.1851915419101715,0.010579407215118408,0.32842397689819336,0.31189119815826416,0.0165327787399292,-0.8378119,3.9913876,2.4905028,-2.987729,-0.8378119,3.9913876,2.4905028,-2.987729,-0.8378119,1.0,1.0,-1.0,2.7201390266418457,0.4,0.4,-0.4
2.4,7.9953995,-11.630762,2.1499352,0.9982461,-0.016133487,0.056757882,0.004789729,-1.0063523,-0.4689085,-0.17506033,-0.3936475,-0.23365632,0.1588302,-1.0142897,-0.48215717,-0.044800512,2.214067,0.4876077,8.934542,7.936482,-11.650369,1.6823967,7.4977846,-11.780048,1.6687185,0.4576672,7.660481,7.273162,2.4050121,0.1746121346950531,0.18602293729782104,0.011410802602767944,0.32842397689819336,0.3026602864265442,0.02576369047164917,1.3461653,-3.022005,-3.9947848,3.1836512,1.3461653,-3.022005,-3.9947848,3.1836512,1.0,-1.0,-1.0,1.0,33.54301452636719,-0.4,-0.4,0.4
2.4166666666666665,7.978565,-11.638762,2.1478658,0.99815416,-0.01670794,0.058205474,0.004603637,-0.9876794,-0.46298715,-0.28325436,0.041961007,0.3109662,-0.08395522,-1.0086592,-0.4794646,-0.15106611,0.33782956,0.1615548,-6.3759356,7.919656,-11.658438,1.6808162,7.4977846,-11.780048,1.6687185,0.43921614,7.6829247,7.2916145,2.420681,0.1746121346950531,0.19138649106025696,0.016774356365203857,0.32842397689819336,0.31175434589385986,0.016669631004333496,-0.6221685,4.325539,2.0544627,-3.0715837,-0.6221685,4.325539,2.0544627,-3.0715837,-0.6221685,1.0,1.0,-1.0,6.336803913116455,0.4,0.4,-0.4
2.433333333333333,7.962222,-11.646628,2.1472342,0.99814606,-0.018981624,0.05755976,0.005567612,-0.9688017,-0.456066,-0.13203442,-0.38678807,-0.20781213,0.15888402,-0.97140014,-0.4694477,-0.0025490508,2.235546,0.60101324,8.911023,7.9032207,-11.666378,1.6796259,7.4977846,-11.780048,1.6687185,0.4212105,7.6846447,7.2906055,2.4291635,0.1746121346950531,0.18866685032844543,0.014054715633392334,0.32842397689819336,0.2909611761569977,0.03746280074119568,1.1457387,-2.448898,-4.467706,3.058727,1.1457387,-2.448898,-4.467706,3.058727,1.0,-1.0,-1.0,1.0,33.54301452636719,-0.4,-0.4,0.4
2.45,7.9460535,-11.654432,2.1454272,0.9980407,-0.019505512,0.05920575,0.005371304,-0.9497597,-0.4492551,-0.27565804,0.04820085,0.33429974,-0.08392122,-0.96971154,-0.46778458,-0.1438688,0.10131597,0.09978711,-8.479185,7.8871365,-11.674201,1.6784811,7.4977846,-11.780048,1.6687185,0.40360108,7.6984158,7.3020573,2.438353,0.1746121346950531,0.1999971568584442,0.025385022163391113,0.32842397689819336,0.2989453971385956,0.02947857975959778,-0.8459237,4.709799,1.3477508,-3.280634,-0.8459237,4.709799,1.3477508,-3.280634,-0.8459237,1.0,1.0,-1.0,2.5840914249420166,0.4,0.4,-0.4
2.466666666666667,7.9303703,-11.662081,2.144917,0.9980158,-0.021726873,0.05875488,0.006332893,-0.93041265,-0.44149977,-0.124371246,-0.38054958,-0.1844966,0.15892252,-0.93175775,-0.45591933,0.004794743,2.2772276,0.71191543,8.919812,7.871409,-11.681905,1.6774358,7.4977846,-11.780048,1.6687185,0.38639784,7.689203,7.291555,2.4407094,0.1746121346950531,0.20771938562393188,0.033107250928878784,0.32842397689819336,0.28304797410964966,0.0453760027885437,1.2732023,-1.9226137,-4.78532,2.853825,1.2732023,-1.9226137,-4.78532,2.853825,1.0,-1.0,-1.0,1.0,33.54301452636719,-0.4,-0.4,0.4
2.4833333333333334,7.914879,-11.669653,2.1433306,0.99799126,-0.022200525,0.059013374,0.0061616143,-0.91135186,-0.43381277,-0.25728896,0.05289603,0.10425139,-0.08384864,-0.92869866,-0.45376053,-0.12873857,0.18354534,0.12952745,-8.011998,7.856032,-11.68949,1.6764529,7.4977846,-11.780048,1.6687185,0.36959666,7.6966066,7.297074,2.4475427,0.1746121346950531,0.20824594795703888,0.03363381326198578,0.32842397689819336,0.29194310307502747,0.036480873823165894,-0.79509085,5.1536884,0.5273764,-3.5058196,-0.79509085,5.1536884,0.5273764,-3.5058196,-0.79509085,1.0,0.5273764,-1.0,3.4366352558135986,0.4,0.21095057,-0.4
2.5,7.8998733,-11.677046,2.1430717,0.99807084,-0.02437196,0.056650765,0.007163965,-0.8927242,-0.42530748,-0.10254789,-0.37591568,-0.41439694,0.1590054,-0.8912067,-0.4401318,0.019841718,2.2495186,0.8177232,8.914817,7.841018,-11.696953,1.675633,7.4977846,-11.780048,1.6687185,0.35321662,7.6836324,7.2828336,2.449192,0.1746121346950531,0.19640907645225525,0.02179694175720215,0.32842397689819336,0.2839210331439972,0.04450294375419617,1.2269577,-1.0713947,-2.9497294,2.220192,1.2269577,-1.0713947,-2.9497294,2.220192,1.0,-1.0,-1.0,1.0,33.54301452636719,-0.4,-0.4,0.4
2.5166666666666666,7.885036,-11.684358,2.1416132,0.9980658,-0.02479229,0.05657746,0.0069976384,-0.8749363,-0.41677633,-0.24474394,0.059385587,0.12778044,-0.083705574,-0.8898139,-0.43829578,-0.12346508,0.0835669,0.11016189,-8.598408,7.8263464,-11.704299,1.6748123,7.4977846,-11.780048,1.6687185,0.33723575,7.6873326,7.283841,2.4577925,0.1746121346950531,0.1914677917957306,0.01685565710067749,0.32842397689819336,0.28786101937294006,0.040562957525253296,-0.85864055,6.072792,3.0648355,-3.6201262,-0.85864055,6.072792,3.0648355,-3.6201262,-0.85864055,1.0,1.0,-1.0,2.3708109855651855,0.4,0.4,-0.4
2.533333333333333,7.8706594,-11.691468,2.141444,0.9981719,-0.025034485,0.054440163,0.007887887,-0.85697836,-0.4075798,-0.088806465,-0.068538114,-0.3883054,0.15929535,-0.85387945,-0.42269167,0.025326964,2.156067,0.93624645,8.927522,7.812029,-11.711527,1.6740736,7.4977846,-11.780048,1.6687185,0.3216727,7.669189,7.263253,2.4620342,0.1746121346950531,0.20604681968688965,0.03143468499183655,0.32842397689819336,0.2859738767147064,0.04245010018348694,1.6396351,-0.30166084,-2.5944133,1.7977744,1.6396351,-0.30166084,-2.5944133,1.7977744,1.0,-0.30166084,-1.0,1.0,33.54301452636719,-0.120664336,-0.4,0.4
2.55,7.8564982,-11.698464,2.1405795,0.9982155,-0.022897543,0.054626927,0.0075769736,-0.839866,-0.39988184,-0.18923648,0.3672073,0.15725541,-0.08359532,-0.84827995,-0.4188274,-0.078073464,0.3359699,0.2318555,-6.2040253,7.7980886,-11.718623,1.6736284,7.4977846,-11.780048,1.6687185,0.30656096,7.66689,7.255896,2.4765255,0.1746121346950531,0.18555812537670135,0.010945990681648254,0.32842397689819336,0.28213465213775635,0.04628932476043701,-0.6036583,2.6808705,2.905168,-3.7043023,-0.6036583,2.6808705,2.905168,-3.7043023,-0.6036583,1.0,1.0,-1.0,6.647247314453125,0.4,0.4,-0.4
2.5666666666666664,7.8427987,-11.705272,2.1411657,0.9983212,-0.022460317,0.052720144,0.008419252,-0.82225907,-0.39218256,-0.03375977,-0.061828714,-0.36152124,0.15924776,-0.8135912,-0.4051503,0.07056598,2.0813262,0.82062715,8.918366,7.784543,-11.725585,1.6736023,7.4977846,-11.780048,1.6687185,0.29192552,7.644919,7.2284284,2.4888966,0.1746121346950531,0.19604213535785675,0.02143000066280365,0.32842397689819336,0.2868909239768982,0.041533052921295166,1.7248557,-5.329905,-2.6616158,1.6295751,1.7248557,-5.329905,-2.6616158,1.6295751,1.0,-1.0,-1.0,1.0,33.54301452636719,-0.4,-0.4,0.4
2.5833333333333335,7.829247,-11.712004,2.1404736,0.99834985,-0.020274164,0.05311077,0.008104839,-0.80559665,-0.38529885,-0.18113196,0.37310717,0.18072058,-0.08364158,-0.8130299,-0.40372193,-0.07900019,0.033677816,0.085701935,-8.97397,7.771335,-11.732426,1.6735669,7.4977846,-11.780048,1.6687185,0.27770725,7.633054,7.2092667,2.5079834,0.1746121346950531,0.16844309866428375,0.006169036030769348,0.32842397689819336,0.2869148552417755,0.04150912165641785,-0.898601,1.7039188,2.8885822,-3.871931,-0.898601,1.7039188,2.8885822,-3.871931,-0.898601,1.0,1.0,-1.0,1.700614094734192,0.4,0.4,-0.4
2.6,7.8161216,-11.718584,2.1410506,0.9984422,-0.019789452,0.051397283,0.008935934,-0.78840387,-0.37858033,-0.025766874,-0.0559476,-0.33804557,0.15920475,-0.7792225,-0.39172974,0.070198365,2.0284438,0.7195311,8.951913,7.758467,-11.739154,1.6735646,7.4977846,-11.780048,1.6687185,0.26391524,7.597119,7.1664968,2.5214152,0.1746121346950531,0.18545667827129364,0.01084454357624054,0.32842397689819336,0.29124414920806885,0.03717982769012451,2.0615337,-5.9696503,-2.1957679,1.3416775,2.0615337,-5.9696503,-2.1957679,1.3416775,1.0,-1.0,-1.0,1.0,33.54301452636719,-0.4,-0.4,0.4
2.6166666666666667,7.803169,-11.725087,2.140615,0.9984288,-0.019067483,0.051967803,0.008695078,-0.7721618,-0.37238955,-0.15367846,0.13666692,0.20362687,-0.08382146,-0.7765672,-0.38992932,-0.058509387,0.15931605,0.10802507,-7.7224646,7.745949,-11.745751,1.6736538,7.4977846,-11.780048,1.6687185,0.25057155,7.573016,7.134466,2.5396776,0.1746121346950531,0.16087353229522705,0.01373860239982605,0.32842397689819336,0.28589966893196106,0.0425243079662323,-0.7655956,0.43683088,2.9165053,-3.993563,-0.7655956,0.43683088,2.9165053,-3.993563,-0.7655956,0.43683088,1.0,-1.0,3.9313149452209473,0.17473236,0.4,-0.4
2.6333333333333333,7.7906437,-11.731442,2.1415331,0.9984737,-0.020571992,0.0504203,0.009205404,-0.7548939,-0.36641288,-0.000403245,-0.29226008,-0.3150774,0.09213544,-0.74347246,-0.37836856,0.09060537,1.9856857,0.693646,8.946885,7.733789,-11.752224,1.6739484,7.4977846,-11.780048,1.6687185,0.23769645,7.5260816,7.080435,2.5513422,0.1746121346950531,0.1810544729232788,0.006442338228225708,0.32842397689819336,0.2810227870941162,0.04740118980407715,1.60236,-3.5973587,-1.8898664,0.72467136,1.60236,-3.5973587,-1.8898664,0.72467136,1.0,-1.0,-1.0,0.72467136,33.54301452636719,-0.4,-0.4,0.28986856
2.65,7.7782693,-11.737728,2.1412795,0.99844724,-0.020333536,0.05117132,0.008427308,-0.7385174,-0.36022472,-0.1415484,0.14266641,0.22754073,-0.150648,-0.74214864,-0.37663645,-0.05065665,0.07942914,0.10392665,-8.475721,7.721963,-11.758573,1.6742668,7.4977846,-11.780048,1.6687185,0.22527297,7.488315,7.035009,2.5658348,0.1746121346950531,0.1494549810886383,0.025157153606414795,0.32842397689819336,0.27484050393104553,0.05358347296714783,-0.8457384,2.9648714,2.9444027,-3.4732842,-0.8457384,2.9648714,2.9444027,-3.4732842,-0.8457384,1.0,1.0,-1.0,2.5871994495391846,0.4,0.4,-0.4
2.6666666666666665,7.7663107,-11.743848,2.14233,0.9984816,-0.021796362,0.04982027,0.008793709,-0.7213373,-0.35410804,0.011503173,-0.28609523,-0.29131466,0.09226443,-0.7095175,-0.36430663,0.09857979,1.9578694,0.73978895,8.954186,7.7104783,-11.764794,1.6746886,7.4977846,-11.780048,1.6687185,0.21332355,7.42698,6.9668183,2.5736113,0.1746121346950531,0.1664527952671051,0.008159339427947998,0.32842397689819336,0.28343337774276733,0.044990599155426025,1.7051623,-3.6022735,-1.939414,1.7977682,1.7051623,-3.6022735,-1.939414,1.7977682,1.0,-1.0,-1.0,1.0,33.54301452636719,-0.4,-0.4,0.4
2.683333333333333,7.7545085,-11.749894,2.1422868,0.9984466,-0.021506645,0.050771784,0.008008631,-0.7051518,-0.34745482,-0.12368036,0.14894593,0.25178412,-0.15053348,-0.70760727,-0.36223814,-0.036553606,0.11461257,0.12410938,-8.108003,7.6993265,-11.770892,1.6751673,7.4977846,-11.780048,1.6687185,0.20185283,7.3761377,6.9078856,2.5862188,0.1746121346950531,0.14015202224254608,0.03446011245250702,0.32842397689819336,0.27851417660713196,0.0499098002910614,-0.80664593,2.8745275,2.6900153,-3.567535,-0.80664593,2.8745275,2.6900153,-3.567535,-0.80664593,1.0,1.0,-1.0,3.2428390979766846,0.4,0.4,-0.4
2.7,7.743125,-11.75577,2.1435714,0.9984699,-0.022919232,0.049623206,0.008370127,-0.6880114,-0.34100196,0.029027758,-0.27980688,-0.2671473,0.09238276,-0.67518586,-0.34917814,0.11262028,1.9452845,0.78360015,8.950433,7.688517,-11.776864,1.6758012,7.4977846,-11.780048,1.6687185,0.1908905,7.302726,6.8270288,2.5925817,0.1746121346950531,0.1546148657798767,0.01999726891517639,0.32842397689819336,0.28072625398635864,0.04769772291183472,1.6331251,-3.50639,-2.080154,1.4997394,1.6331251,-3.50639,-2.080154,1.4997394,1.0,-1.0,-1.0,1.0,33.54301452636719,-0.4,-0.4,0.4
2.716666666666667,7.7318826,-11.761571,2.1436203,0.9984263,-0.022579525,0.050770175,0.007577922,-0.671859,-0.3339299,-0.117649935,0.15505223,0.27517623,-0.15042849,-0.6743868,-0.34757236,-0.03378082,0.04794359,0.09634673,-8.784066,7.6780243,-11.782713,1.6764162,7.4977846,-11.780048,1.6687185,0.18042366,7.2403297,6.7556677,2.6044824,0.1746121346950531,0.13519616425037384,0.03941597044467926,0.32842397689819336,0.28064557909965515,0.04777839779853821,-0.87850225,2.8044667,2.3007967,-3.726564,-0.87850225,2.8044667,2.3007967,-3.726564,-0.87850225,1.0,1.0,-1.0,2.0377004146575928,0.4,0.4,-0.4
2.7333333333333334,7.721051,-11.767193,2.144952,0.9984397,-0.023942959,0.049817055,0.007934594,-0.6546515,-0.327141,0.034907248,-0.27368945,-0.24382325,0.09249085,-0.6418967,-0.33383906,0.11544894,1.9494044,0.8239978,8.953786,7.667852,-11.788436,1.6770942,7.4977846,-11.780048,1.6687185,0.1704799,7.1556344,6.662511,2.6103742,0.1746121346950531,0.14761227369308472,0.026999861001968384,0.32842397689819336,0.28438448905944824,0.04403948783874512,1.6884537,-3.428207,-2.345995,1.204413,1.6884537,-3.428207,-2.345995,1.204413,1.0,-1.0,-1.0,1.0,33.54301452636719,-0.4,-0.4,0.4
2.75,7.710365,-11.772735,2.1450584,0.9983872,-0.023553519,0.051157884,0.0071347947,-0.6384195,-0.31967863,-0.11105393,0.16119142,0.29859722,-0.15033086,-0.6409951,-0.33215222,-0.030118361,0.054098364,0.10121047,-8.734037,7.657989,-11.794032,1.6777472,7.4977846,-11.780048,1.6687185,0.1610668,7.084073,6.580629,2.6228642,0.1746121346950531,0.13435745239257812,0.040254682302474976,0.32842397689819336,0.2842651307582855,0.04415884613990784,-0.8731889,2.7541928,1.792368,-3.920119,-0.8731889,2.7541928,1.792368,-3.920119,-0.8731889,1.0,1.0,-1.0,2.1268131732940674,0.4,0.4,-0.4
2.7666666666666666,7.700094,-11.77809,2.1464508,0.998393,-0.024879446,0.050395153,0.007262562,-0.6208671,-0.3128512,0.041285902,-0.2675792,-0.2204667,0.056681357,-0.60818696,-0.3177964,0.11903938,1.9684874,0.86134845,8.949464,7.6484394,-11.799503,1.6784719,7.4977846,-11.780048,1.6687185,0.15221857,6.991665,6.478324,2.6295805,0.1746121346950531,0.133772075176239,0.04084005951881409,0.32842397689819336,0.28255829215049744,0.04586568474769592,1.6740429,-3.348065,-2.8542495,0.852245,1.6740429,-3.348065,-2.8542495,0.852245,1.0,-1.0,-1.0,0.852245,33.54301452636719,-0.4,-0.4,0.340898
2.783333333333333,7.6899657,-11.783369,2.1465716,0.9983326,-0.024456114,0.051921338,0.006155998,-0.60423845,-0.30538988,-0.10834177,0.16720651,0.32183668,-0.18614122,-0.6076047,-0.31625354,-0.030087806,0.034936666,0.09257197,-8.947631,7.639188,-11.804853,1.6791474,7.4977846,-11.780048,1.6687185,0.14394067,6.9142547,6.3887725,2.643956,0.1746121346950531,0.13569825887680054,0.038913875818252563,0.32842397689819336,0.2891456186771393,0.03927835822105408,-0.8958606,2.6649756,1.204828,-3.7502356,-0.8958606,2.6649756,1.204828,-3.7502356,-0.8958606,1.0,1.0,-1.0,1.7465745210647583,0.4,0.4,-0.4
2.8,7.6802588,-11.788451,2.1479638,0.99832964,-0.025736663,0.05135071,0.006204328,-0.5863341,-0.29835805,0.043855436,-0.2614382,-0.19739038,0.05676474,-0.5742296,-0.30137193,0.11901178,2.002505,0.8928966,8.945975,7.6302366,-11.810074,1.6798679,7.4977846,-11.780048,1.6687185,0.1362695,6.817149,6.2798753,2.6526759,0.1746121346950531,0.13903509080410004,0.035577043890953064,0.32842397689819336,0.2868286669254303,0.04159530997276306,1.6432011,-3.2581854,-3.603891,1.2779928,1.6432011,-3.2581854,-3.603891,1.2779928,1.0,-1.0,-1.0,1.0,33.54301452636719,-0.4,-0.4,0.4
2.8166666666666664,7.6707015,-11.793457,2.1480653,0.99837774,-0.025265077,0.05076271,0.0051507773,-0.56929284,-0.2905343,-0.10465138,0.17067222,-0.024687098,-0.1860402,-0.57317567,-0.29987696,-0.03162133,0.06323576,0.08969843,-9.037986,7.621571,-11.815174,1.6805258,7.4977846,-11.780048,1.6687185,0.12921423,6.737557,6.1860366,2.669762,0.1746121346950531,0.13745561242103577,0.037156522274017334,0.32842397689819336,0.2889903783798218,0.03943359851837158,-0.9038883,2.6671777,0.31254756,-3.936925,-0.9038883,2.6671777,0.31254756,-3.936925,-0.9038883,1.0,0.31254756,-1.0,1.6119383573532104,0.4,0.12501903,-0.4
2.8333333333333335,7.6615515,-11.798262,2.1494353,0.9984178,-0.026503472,0.049318075,0.0052181715,-0.5524338,-0.28321818,0.048681892,-0.25629547,-0.22230254,0.05686675,-0.54124415,-0.28451553,0.117776215,1.915891,0.92168564,8.963853,7.613198,-11.820145,1.6812192,7.4977846,-11.780048,1.6687185,0.122817695,6.6407747,6.0753465,2.6814275,0.1746121346950531,0.1493237316608429,0.025288403034210205,0.32842397689819336,0.29472970962524414,0.03369426727294922,1.5737771,-2.8671708,-0.4022206,1.0950673,1.5737771,-2.8671708,-0.4022206,1.0950673,1.0,-1.0,-0.4022206,1.0,33.54301452636719,-0.4,-0.16088824,0.4
2.85,7.652541,-11.802985,2.1495295,0.9984211,-0.025983827,0.04962766,0.0041397377,-0.5361879,-0.27505386,-0.0998592,0.17712481,0.12770338,-0.18595953,-0.5404197,-0.2829448,-0.03182333,0.049467083,0.09424388,-8.975973,7.6051016,-11.82499,1.68186,7.4977846,-11.780048,1.6687185,0.11708718,6.56111,5.9789405,2.7019312,0.1746121346950531,0.1440456509590149,0.030566483736038208,0.32842397689819336,0.3072165548801422,0.021207422018051147,-0.89801764,2.7399516,0.6421292,-4.0370765,-0.89801764,2.7399516,0.6421292,-4.0370765,-0.89801764,1.0,0.6421292,-1.0,1.7103978395462036,0.4,0.25685167,-0.4
2.8666666666666667,7.6439342,-11.807499,2.1508934,0.9984957,-0.02718999,0.04744083,0.004027151,-0.51898843,-0.26768455,0.05401172,-0.251975,-0.391352,0.025281085,-0.50868696,-0.26716158,0.117403306,1.9039642,0.9469932,8.953598,7.597287,-11.829701,1.6825447,7.4977846,-11.780048,1.6687185,0.112059586,6.46424,5.865512,2.717015,0.1746121346950531,0.13811472058296204,0.036497414112091064,0.32842397689819336,0.30035752058029175,0.02806645631790161,1.5982916,-2.816238,-1.9253979,0.86936986,1.5982916,-2.816238,-1.9253979,0.86936986,1.0,-1.0,-1.0,0.86936986,33.54301452636719,-0.4,-0.4,0.34774795
2.8833333333333333,7.6354427,-11.811943,2.150782,0.99851096,-0.026636707,0.047530297,0.0026908994,-0.50360066,-0.25949526,-0.110311024,0.18247625,0.15007934,-0.21754725,-0.5097212,-0.26645046,-0.048045352,-0.062055584,0.04266679,-9.926919,7.589727,-11.834295,1.6830586,7.4977846,-11.780048,1.6687185,0.10771145,6.385594,5.7671905,2.7414083,0.1746121346950531,0.1481543481349945,0.026457786560058594,0.32842397689819336,0.31463196873664856,0.0137920081615448,-1.0138799,2.9152613,2.336976,-3.763073,-1.0138799,2.9152613,2.336976,-3.763073,-1.0,1.0,1.0,-1.0,0.0,0.4,0.4,-0.4
2.9,7.627332,-11.81618,2.151879,0.9985728,-0.02780416,0.045528527,0.0025056931,-0.4871113,-0.25192463,0.043376554,-0.24655518,-0.36912885,0.025463719,-0.4792492,-0.25031778,0.10142079,1.8283205,0.9679609,8.967968,7.5824275,-11.838762,1.6834842,7.4977846,-11.780048,1.6687185,0.10406618,6.289558,5.6516757,2.7599099,0.1746121346950531,0.13492970168590546,0.039682433009147644,0.32842397689819336,0.30754026770591736,0.020883709192276,1.8512647,-2.7551913,-1.8662663,1.2843612,1.8512647,-2.7551913,-1.8662663,1.2843612,1.0,-1.0,-1.0,1.0,33.54301452636719,-0.4,-0.4,0.4
2.9166666666666665,7.619363,-11.820325,2.151838,0.9985789,-0.027200697,0.04581358,0.0011643,-0.47238705,-0.24340379,-0.094291575,0.1883828,0.17429808,-0.21736467,-0.4778516,-0.2480964,-0.037307616,0.083856575,0.13328254,-8.323704,7.5753903,-11.843098,1.6839248,7.4977846,-11.780048,1.6687185,0.101139,6.2120214,5.551084,2.7883108,0.1746121346950531,0.13839231431484222,0.036219820380210876,0.32842397689819336,0.30813756585121155,0.02028641104698181,-0.82948196,2.9654932,2.395389,-3.8874693,-0.82948196,2.9654932,2.395389,-3.8874693,-0.82948196,1.0,1.0,-1.0,2.859844446182251,0.4,0.4,-0.4
2.933333333333333,7.6117706,-11.824252,2.1531122,0.9986289,-0.02832455,0.044012442,0.0009087852,-0.45637488,-0.23569405,0.058880467,-0.24064754,-0.34504026,0.015491559,-0.4484178,-0.2316703,0.11201333,1.7660271,0.985566,8.959256,7.5686245,-11.847294,1.684503,7.4977846,-11.780048,1.6687185,0.09894136,6.119744,5.4354935,2.8118806,0.1746121346950531,0.12676282227039337,0.04784931242465973,0.32842397689819336,0.3021502196788788,0.026273757219314575,1.6472049,-2.6277544,-1.9738941,0.9581932,1.6472049,-2.6277544,-1.9738941,0.9581932,1.0,-1.0,-1.0,0.9581932,33.54301452636719,-0.4,-0.4,0.38327727
2.95,7.604294,-11.828099,2.1530042,0.9986265,-0.027675072,0.04448597,-0.0005225718,-0.4421077,-0.22699596,-0.098387524,0.19397277,0.19708604,-0.22734407,-0.44878012,-0.2305318,-0.04602147,-0.021738408,0.0683105,-9.482087,7.5621023,-11.851359,1.6849835,7.4977846,-11.780048,1.6687185,0.097399056,6.0445075,5.3330474,2.8451145,0.1746121346950531,0.12607625126838684,0.04853588342666626,0.32842397689819336,0.306974321603775,0.021449655294418335,-0.95254123,3.0715718,2.3339977,-3.994539,-0.95254123,3.0715718,2.3339977,-3.994539,-0.95254123,1.0,1.0,-1.0,0.7959550619125366,0.4,0.4,-0.4
2.966666666666667,7.597177,-11.831733,2.1541355,0.9986659,-0.028767461,0.04286744,-0.001064377,-0.42642197,-0.21930474,0.054703854,-0.2350724,-0.32237065,-0.025781278,-0.42009202,-0.21384482,0.10351747,1.721286,1.0012186,8.972336,7.555825,-11.855294,1.6854429,7.4977846,-11.780048,1.6687185,0.096490204,5.9533424,5.2147207,2.8721032,0.1746121346950531,0.12330824881792068,0.051303885877132416,0.32842397689819336,0.305986613035202,0.022437363862991333,1.7591248,-2.6253011,-2.026328,0.82931256,1.7591248,-2.6253011,-2.026328,0.82931256,1.0,-1.0,-1.0,0.82931256,33.54301452636719,-0.4,-0.4,0.33172503
2.9833333333333334,7.5901885,-11.835268,2.154109,0.9986535,-0.028082417,0.043526374,-0.0028459977,-0.41242987,-0.21061917,-0.08490582,0.19976448,0.22120787,-0.26859826,-0.4189377,-0.21167219,-0.036795657,0.06925821,0.13035804,-8.418788,7.5497875,-11.859088,1.6859167,7.4977846,-11.780048,1.6687185,0.09616306,5.88074,5.1106567,2.9093463,0.1746121346950531,0.11548950523138046,0.05912262946367264,0.32842397689819336,0.30629149079322815,0.02213248610496521,-0.83955675,3.1105146,2.3267698,-3.707652,-0.83955675,3.1105146,2.3267698,-3.707652,-0.83955675,1.0,1.0,-1.0,2.6908750534057617,0.4,0.4,-0.4
3.0,7.5835605,-11.838584,2.1553931,0.9986822,-0.02913189,0.04210673,-0.003480067,-0.39700234,-0.20284511,0.06781843,-0.229159,-0.29849273,-0.025548588,-0.39077985,-0.19483612,0.11263362,1.6894715,1.0101637,8.965756,7.543998,-11.862738,1.6865181,7.4977846,-11.780048,1.6687185,0.096384645,5.794796,4.992844,2.941287,0.1746121346950531,0.1171422153711319,0.057469919323921204,0.32842397689819336,0.30326777696609497,0.02515619993209839,1.4597765,-2.5752785,-2.2985287,1.3002716,1.4597765,-2.5752785,-2.2985287,1.3002716,1.0,-1.0,-1.0,1.0,33.54301452636719,-0.4,-0.4,0.4
3.0166666666666666,7.5770516,-11.841812,2.1553712,0.99865943,-0.028394515,0.042957187,-0.005267907,-0.3832961,-0.19391792,-0.083726294,0.20554987,0.24432786,-0.2683641,-0.3906362,-0.19333696,-0.03942504,0.008618832,0.08994966,-9.123519,7.5384383,-11.86625,1.687067,7.4977846,-11.780048,1.6687185,0.09705731,5.7269363,4.888993,2.9825401,0.1746121346950531,0.11678992211818695,0.05782221257686615,0.32842397689819336,0.30494028329849243,0.023483693599700928,-0.9143951,3.3431678,1.9902196,-3.869284,-0.9143951,3.3431678,1.9902196,-3.869284,-0.9143951,1.0,1.0,-1.0,1.4357233047485352,0.4,0.4,-0.4
3.033333333333333,7.5708923,-11.84482,2.1566126,0.99867874,-0.029397603,0.041730944,-0.0059076627,-0.36806604,-0.18597782,0.06891647,-0.2233491,-0.2755158,-0.025322191,-0.36272833,-0.17638461,0.11012023,1.6744726,1.017141,8.972715,7.533104,-11.869618,1.6876459,7.4977846,-11.780048,1.6687185,0.0981249,5.645576,4.7713966,3.0176651,0.1746121346950531,0.11746440827846527,0.05714772641658783,0.32842397689819336,0.29660752415657043,0.031816452741622925,1.4242185,-2.5699534,-2.6577277,1.0284057,1.4242185,-2.5699534,-2.6577277,1.0284057,1.0,-1.0,-1.0,1.0,33.54301452636719,-0.4,-0.4,0.4
3.05,7.564861,-11.847732,2.1566932,0.9986453,-0.02860653,0.04277534,-0.007700828,-0.35455096,-0.17681701,-0.07116334,0.21161436,0.2682209,-0.2681285,-0.3616095,-0.17420475,-0.030432647,0.06713033,0.13079166,-8.433172,7.527993,-11.872841,1.6882459,7.4977846,-11.780048,1.6687185,0.0995205,5.5838103,4.669233,3.0622215,0.1746121346950531,0.11843160539865494,0.05618052929639816,0.32842397689819336,0.30784353613853455,0.020580440759658813,-0.84104806,3.62181,1.5099438,-3.9951258,-0.84104806,3.62181,1.5099438,-3.9951258,-0.84104806,1.0,1.0,-1.0,2.665863513946533,0.4,0.4,-0.4
3.0666666666666664,7.5591855,-11.850422,2.158084,0.9986523,-0.029578432,0.04173713,-0.008759233,-0.33921492,-0.16901623,0.08122822,-0.21734026,-0.25177714,-0.091189325,-0.33370724,-0.15718316,0.11901344,1.6741346,1.0212958,8.966764,7.5231094,-11.875916,1.6889728,7.4977846,-11.780048,1.6687185,0.10120325,5.510356,4.555216,3.10065,0.1746121346950531,0.11967825144529343,0.054933883249759674,0.32842397689819336,0.2970130443572998,0.031410932540893555,1.1285529,-2.4986484,-3.3091054,0.72795594,1.1285529,-2.4986484,-3.3091054,0.72795594,1.0,-1.0,-1.0,0.72795594,33.54301452636719,-0.4,-0.4,0.29118237
3.0833333333333335,7.55362,-11.85303,2.158079,0.9986181,-0.028764596,0.042557582,-0.011096734,-0.32551616,-0.16004208,-0.07735462,0.21671608,0.22754365,-0.33395615,-0.33403635,-0.15609744,-0.040140614,-0.01974642,0.06514281,-9.549243,7.518427,-11.878846,1.6895933,7.4977846,-11.780048,1.6687185,0.103067294,5.456891,4.4572153,3.148157,0.1746121346950531,0.1216612234711647,0.0529509112238884,0.32842397689819336,0.30049020051956177,0.027933776378631592,-0.95940506,3.8818,0.8822944,-3.1673403,-0.95940506,3.8818,0.8822944,-3.1673403,-0.95940506,1.0,0.8822944,-1.0,0.6808382272720337,0.4,0.35291776,-0.4
3.1,7.5483894,-11.855427,2.159155,0.9986347,-0.029708203,0.04117245,-0.012281649,-0.31030768,-0.15217625,0.063052095,-0.21246871,-0.29357538,-0.09086915,-0.30729166,-0.1398134,0.09720128,1.6046815,0.97704285,8.240513,7.5139403,-11.881633,1.6900909,7.4977846,-11.780048,1.6687185,0.105058014,5.3914337,4.347895,3.1880033,0.1746121346950531,0.12281883507966995,0.05179329961538315,0.32842397689819336,0.2939389646053314,0.03448501229286194,0.92168486,-2.5290458,-3.324759,1.6746649,0.92168486,-2.5290458,-3.324759,1.6746649,0.92168486,-1.0,-1.0,1.0,32.22955322265625,-0.4,-0.4,0.4
3.1166666666666667,7.543294,-11.85772,2.1591702,0.99860054,-0.02884633,0.04184878,-0.014613419,-0.2969914,-0.14296648,-0.06478047,0.22228964,0.21895535,-0.3336427,-0.30512074,-0.13693537,-0.031462055,0.13025522,0.1726815,-7.7197995,7.5096545,-11.884267,1.6905874,7.4977846,-11.780048,1.6687185,0.10714774,5.3465095,4.2558236,3.2362216,0.1746121346950531,0.14860421419143677,0.026007920503616333,0.32842397689819336,0.3027258813381195,0.025698095560073853,-0.7657521,4.1282034,0.939711,-3.1861777,-0.7657521,4.1282034,0.939711,-3.1861777,-0.7657521,1.0,0.939711,-1.0,3.9286906719207764,0.4,0.37588438,-0.4
3.1333333333333333,7.538471,-11.859845,2.1595604,0.99861693,-0.029756315,0.040363915,-0.015795022,-0.2822338,-0.13488266,0.009310371,-0.20809174,-0.30707708,-0.090575956,-0.28434506,-0.124453634,0.039938964,1.2465404,0.748904,4.2840605,7.50554,-11.886769,1.6906999,7.4977846,-11.780048,1.6687185,0.10923684,5.2930613,4.1556196,3.278311,0.1746121346950531,0.12886659801006317,0.04574553668498993,0.32842397689819336,0.28850433230400085,0.039919644594192505,0.5023329,-2.359513,-3.7706366,1.4336659,0.5023329,-2.359513,-3.7706366,1.4336659,0.5023329,-1.0,-1.0,1.0,25.196388244628906,-0.4,-0.4,0.4
3.15,7.5338902,-11.861791,2.1602304,0.99858326,-0.028843762,0.040878166,-0.018120894,-0.26938084,-0.12534843,0.010006702,0.22860861,0.19809932,-0.33333725,-0.27171704,-0.11411167,0.039073896,0.7576811,0.62051785,-0.051904093,7.501649,-11.889091,1.6912646,7.4977846,-11.780048,1.6687185,0.11141569,5.2539716,4.0679955,3.325001,0.1746121346950531,0.1454157829284668,0.029196351766586304,0.32842397689819336,0.2917521595954895,0.03667181730270386,0.04617058,4.2003427,0.9087082,-3.2170691,0.04617058,4.2003427,0.9087082,-3.2170691,0.04617058,1.0,0.9087082,-1.0,17.54585838317871,0.4,0.36348328,-0.4
3.1666666666666665,7.5293694,-11.863704,2.1588173,0.9986058,-0.029735304,0.039114576,-0.019293932,-0.25559142,-0.11689353,-0.15355541,-0.20581488,-0.34514531,-0.09033714,-0.27102348,-0.1150438,-0.12602198,0.041613575,-0.05592763,-9.905752,7.4978633,-11.891321,1.6906465,7.4977846,-11.780048,1.6687185,0.113412894,5.2180467,3.982623,3.3714573,0.1746121346950531,0.13752828538417816,0.03708384931087494,0.32842397689819336,0.28112637996673584,0.04729759693145752,-1.033446,-1.8131939,-4.360149,1.159768,-1.033446,-1.8131939,-4.360149,1.159768,-1.0,-1.0,-1.0,1.0,0.0,-0.4,-0.4,0.4
3.183333333333333,7.525157,-11.865381,2.1586292,0.99856365,-0.02877976,0.039684016,-0.021619165,-0.24335434,-0.10724871,-0.00073598616,0.23372938,0.22019358,-0.33308238,-0.24680524,-0.09594884,0.024599878,1.4530947,1.1456975,9.037312,7.4942484,-11.893407,1.6897867,7.4977846,-11.780048,1.6687185,0.115353905,5.1747475,3.8916552,3.4107232,0.1746121346950531,0.14704258739948273,0.027569547295570374,0.32842397689819336,0.29838070273399353,0.03004327416419983,3.0594225,3.8639877,1.7883583,-3.3044033,3.0594225,3.8639877,1.7883583,-3.3044033,1.0,1.0,1.0,-1.0,33.54301452636719,0.4,0.4,-0.4
3.2,7.521061,-11.866988,2.157065,0.9985727,-0.029630333,0.038106747,-0.022854216,-0.22995614,-0.09874752,-0.15732272,-0.20053893,-0.3227241,-0.09906112,-0.2455183,-0.09649147,-0.13338476,0.07721632,-0.032557994,-9.479078,7.4908066,-11.895339,1.688794,7.4977846,-11.780048,1.6687185,0.11723333,5.1531568,3.817744,3.4611928,0.1746121346950531,0.1460162103176117,0.028595924377441406,0.32842397689819336,0.27856695652008057,0.04985702037811279,-0.9478402,-1.4865488,-4.7592106,0.9630859,-0.9478402,-1.4865488,-4.7592106,0.9630859,-0.9478402,-1.0,-1.0,0.9630859,0.8747982382774353,-0.4,-0.4,0.38523436
3.216666666666667,7.517267,-11.868358,2.156752,0.9985153,-0.028624553,0.03885681,-0.025258519,-0.21810187,-0.08905163,-0.004806698,0.23904596,0.24273379,-0.34180665,-0.22183877,-0.07757073,0.017089995,1.4207714,1.1352445,9.028485,7.487541,-11.897105,1.6877944,7.4977846,-11.780048,1.6687185,0.11904254,5.1209054,3.736821,3.5014055,0.1746121346950531,0.14039498567581177,0.03421714901924133,0.32842397689819336,0.28396767377853394,0.044456303119659424,3.161889,4.067002,1.1906779,-3.3579423,3.161889,4.067002,1.1906779,-3.3579423,1.0,1.0,1.0,-1.0,33.54301452636719,0.4,0.4,-0.4
3.2333333333333334,7.513584,-11.8696575,2.15504,0.99850607,-0.029440483,0.037459634,-0.02675134,-0.2049654,-0.08059487,-0.163329,-0.19521052,-0.30050254,-0.13617916,-0.22070013,-0.07821316,-0.1426775,0.068318546,-0.038546022,-9.586049,7.4844413,-11.898712,1.6866779,7.4977846,-11.780048,1.6687185,0.12075464,5.1073985,3.671474,3.5504649,0.1746121346950531,0.15201923251152039,0.022592902183532715,0.32842397689819336,0.283004492521286,0.04541948437690735,-0.95909464,-1.3287069,-5.033248,0.84621215,-0.95909464,-1.3287069,-5.033248,0.84621215,-0.95909464,-1.0,-1.0,0.84621215,0.686044454574585,-0.4,-0.4,0.33848485
3.25,7.510205,-11.870727,2.1545715,0.99847966,-0.028445154,0.036923125,-0.029426556,-0.19315891,-0.07096542,-0.010432266,0.24211463,0.031322736,-0.3788973,-0.19710551,-0.059541132,0.007717389,1.415677,1.1203218,9.023693,7.4815125,-11.900152,1.6855407,7.4977846,-11.780048,1.6687185,0.12236298,5.0825415,3.59935,3.588441,0.1746121346950531,0.1405893713235855,0.03402276337146759,0.32842397689819336,0.2850966453552246,0.04332733154296875,3.193787,4.1708107,0.5654988,-3.0670276,3.193787,4.1708107,0.5654988,-3.0670276,1.0,1.0,0.5654988,-1.0,33.54301452636719,0.4,0.22619954,-0.4
3.2666666666666666,7.5069833,-11.871691,2.153368,0.99852,-0.029293887,0.03379097,-0.03094821,-0.18105803,-0.062600985,-0.11543757,-0.19231592,-0.50819945,-0.13584656,-0.1920421,-0.057336707,-0.099292815,0.30380484,0.13226554,-6.420612,7.478767,-11.901404,1.6846842,7.4977846,-11.780048,1.6687185,0.12387033,5.0759788,3.5436249,3.6343203,0.1746121346950531,0.13287055492401123,0.04174157977104187,0.32842397689819336,0.28732651472091675,0.04109746217727661,-0.62293136,-1.1094925,-3.4685493,1.0690393,-0.62293136,-1.1094925,-3.4685493,1.0690393,-0.62293136,-1.0,-1.0,1.0,6.324009418487549,-0.4,-0.4,0.4
3.283333333333333,7.5040455,-11.872413,2.1536212,0.99849063,-0.02826432,0.032981765,-0.033609558,-0.17106579,-0.052803762,0.037085723,0.24659641,0.057678275,-0.3786097,-0.17123969,-0.038788605,0.050985333,1.2481444,1.1128861,9.016688,7.476213,-11.902457,1.6842506,7.4977846,-11.780048,1.6687185,0.12526178,5.0608435,3.4847777,3.66994,0.1746121346950531,0.15134792029857635,0.023264214396476746,0.32842397689819336,0.29378214478492737,0.03464183211326599,2.678029,4.6493893,2.7995057,-3.1642394,2.678029,4.6493893,2.7995057,-3.1642394,1.0,1.0,1.0,-1.0,33.54301452636719,0.4,0.4,-0.4
3.3,7.501199,-11.873072,2.1523933,0.9985117,-0.028724091,0.030029763,-0.035318706,-0.16032906,-0.044441123,-0.12758508,-0.1305935,-0.48573023,-0.16254036,-0.17060794,-0.039719936,-0.115211256,0.037904974,-0.055879798,-9.971794,7.473814,-11.903344,1.6837094,7.4977846,-11.780048,1.6687185,0.12649572,5.058229,3.4373138,3.71087,0.1746121346950531,0.13879668712615967,0.03581544756889343,0.32842397689819336,0.2962590456008911,0.032164931297302246,-1.2238657,-0.86487275,-3.141706,0.888839,-1.2238657,-0.86487275,-3.141706,0.888839,-1.0,-0.86487275,-1.0,0.888839,0.0,-0.3459491,-0.4,0.3555356
3.3166666666666664,7.4985895,-11.873504,2.1523893,0.99846756,-0.027174637,0.029379843,-0.03821934,-0.15173289,-0.0348986,0.025265729,0.3082425,0.08018834,-0.40534216,-0.15210064,-0.021608004,0.03574391,1.1104381,1.0867158,9.05731,7.471571,-11.9040575,1.6830927,7.4977846,-11.780048,1.6687185,0.12756191,5.0416446,3.3819516,3.739062,0.1746121346950531,0.15911009907722473,0.01550203561782837,0.32842397689819336,0.30196142196655273,0.026462554931640625,2.9689114,3.8508132,3.4628081,-2.9596944,2.9689114,3.8508132,3.4628081,-2.9596944,1.0,1.0,1.0,-1.0,33.54301452636719,0.4,0.4,-0.4
3.3333333333333335,7.496091,-11.873852,2.1513774,0.99846697,-0.027481202,0.026620543,-0.039996665,-0.14211583,-0.027025478,-0.10219824,-0.12644085,-0.46168002,-0.16224769,-0.14923619,-0.020730188,-0.09311599,0.171867,0.05266897,-7.731594,7.4694915,-11.904589,1.6825761,7.4977846,-11.780048,1.6687185,0.12846333,5.0374017,3.336674,3.7738605,0.1746121346950531,0.12390907853841782,0.050703056156635284,0.32842397689819336,0.30531924962997437,0.023104727268218994,-0.7626682,-2.004264,-2.5305972,1.4433572,-0.7626682,-2.004264,-2.5305972,1.4433572,-0.7626682,-1.0,-1.0,1.0,3.980412244796753,-0.4,-0.4,0.4
3.35,7.493811,-11.87398,2.1517403,0.9984014,-0.025881298,0.026166182,-0.042896207,-0.13476723,-0.017751256,0.0501317,0.31248933,0.104393154,-0.40504712,-0.13285254,-0.0034578308,0.0576953,0.9830188,1.0363413,9.0486765,7.467581,-11.904928,1.682291,7.4977846,-11.780048,1.6687185,0.12919544,5.0203347,3.284855,3.79651,0.1746121346950531,0.1521112620830536,0.02250087261199951,0.32842397689819336,0.3146298825740814,0.013794094324111938,2.6513467,3.6521702,3.9563367,-3.0489826,2.6513467,3.6521702,3.9563367,-3.0489826,1.0,1.0,1.0,-1.0,33.54301452636719,0.4,0.4,-0.4
3.3666666666666667,7.491608,-11.874046,2.150695,0.9983801,-0.026153784,0.02359449,-0.044680417,-0.12626734,-0.0102313915,-0.10934983,-0.122603565,-0.43997812,-0.16194874,-0.1319301,-0.004235635,-0.10286893,0.055346485,-0.046668254,-9.633853,7.4658165,-11.905093,1.6819092,7.4977846,-11.780048,1.6687185,0.12973882,5.010551,3.2392278,3.8226986,0.1746121346950531,0.11950621008872986,0.05510592460632324,0.32842397689819336,0.3197100758552551,0.008713901042938232,-0.96435976,-2.3455198,-2.0344687,1.552303,-0.96435976,-2.3455198,-2.0344687,1.552303,-0.96435976,-1.0,-1.0,1.0,0.5977405309677124,-0.4,-0.4,0.4
3.3833333333333333,7.489593,-11.873911,2.1509006,0.9982946,-0.02450608,0.023316408,-0.047578268,-0.120053075,-0.00136885,0.043067772,0.31642073,0.12629203,-0.40474415,-0.11740211,0.012192229,0.04834814,0.8716794,0.98567176,9.073024,7.464202,-11.905082,1.6814951,7.4977846,-11.780048,1.6687185,0.13009375,4.9850054,3.1849968,3.8348498,0.1746121346950531,0.14443574845790863,0.03017638623714447,0.32842397689819336,0.32356199622154236,0.004861980676651001,2.905148,3.2611299,4.6929374,-3.0027094,2.905148,3.2611299,4.6929374,-3.0027094,1.0,1.0,1.0,-1.0,33.54301452636719,0.4,0.4,-0.4
3.4,7.487681,-11.873686,2.150388,0.99825436,-0.024736503,0.020952009,-0.049369317,-0.11234792,0.005668436,-0.06183139,-0.117725044,-0.41435173,-0.16162485,-0.11388627,0.013898308,-0.057567902,0.21095036,0.10236477,-6.354962,7.462751,-11.904871,1.68136,7.4977846,-11.780048,1.6687185,0.13026072,4.9654,3.1354842,3.8501866,0.1746121346950531,0.11796735227108002,0.056644782423973083,0.32842397689819336,0.3173210322856903,0.011102944612503052,-0.6169716,-2.83703,-1.3929352,1.7287945,-0.6169716,-2.83703,-1.3929352,1.7287945,-0.6169716,-1.0,-1.0,1.0,6.42396354675293,-0.4,-0.4,0.4
3.4166666666666665,7.485946,-11.873259,2.1513445,0.9981492,-0.023030462,0.020881945,-0.0522658,-0.10712722,0.014255194,0.089966126,0.32139117,0.15205677,-0.40441743,-0.10100789,0.029382557,0.09331359,0.77270234,0.92905486,9.05289,7.461467,-11.904451,1.6816485,7.4977846,-11.780048,1.6687185,0.13023931,4.9309897,3.0784886,3.8519561,0.1746121346950531,0.15692320466041565,0.01768893003463745,0.32842397689819336,0.3275376856327057,0.0008862912654876709,2.1446712,2.943954,5.2147093,-2.8691053,2.1446712,2.943954,5.2147093,-2.8691053,1.0,1.0,1.0,-1.0,33.54301452636719,0.4,0.4,-0.4
3.433333333333333,7.48427,-11.872779,2.150823,0.99808455,-0.02319559,0.019115416,-0.05407183,-0.10031878,0.020901443,-0.07552752,-0.11289498,-0.32724893,-0.16130963,-0.10049277,0.028332785,-0.07282576,0.03090754,-0.062986314,-9.968361,7.4603214,-11.903855,1.6818248,7.4977846,-11.780048,1.6687185,0.13001318,4.8971534,3.0227926,3.8529,0.1746121346950531,0.13711470365524292,0.03749743103981018,0.32842397689819336,0.3203275501728058,0.008096426725387573,-1.2792561,-3.2235794,-0.87762,1.924911,-1.2792561,-3.2235794,-0.87762,1.924911,-1.0,-1.0,-0.87762,1.0,0.0,-0.4,-0.351048,0.4
3.4499999999999997,7.482746,-11.872128,2.1515324,0.9979502,-0.021402992,0.019764667,-0.05697971,-0.09579215,0.028982379,0.07654047,0.3265533,0.23933375,-0.40409896,-0.0886177,0.042839997,0.07865239,0.7125042,0.8704327,9.088688,7.4593115,-11.903091,1.6819208,7.4977846,-11.780048,1.6687185,0.12959196,4.84553,2.9571986,3.838507,0.1746121346950531,0.14833904802799225,0.026273086667060852,0.32842397689819336,0.32573288679122925,0.0026910901069641113,2.3552768,2.3306017,5.242541,-2.7151914,2.3552768,2.3306017,5.242541,-2.7151914,1.0,1.0,1.0,-1.0,33.54301452636719,0.4,0.4,-0.4
3.466666666666667,7.4812765,-11.871426,2.1507664,0.9978703,-0.021514459,0.018312324,-0.058792856,-0.08929028,0.035137106,-0.08906742,-0.1079677,-0.30614948,-0.16095905,-0.08799842,0.0417764,-0.08747221,0.037156638,-0.06381579,-9.967475,7.458428,-11.902155,1.6818281,7.4977846,-11.780048,1.6687185,0.12896055,4.795914,2.8936713,3.8245862,0.1746121346950531,0.11509056389331818,0.059521570801734924,0.32842397689819336,0.3224196135997772,0.006004363298416138,-1.0451612,-3.9001298,-1.1444855,2.2698805,-1.0451612,-3.9001298,-1.1444855,2.2698805,-1.0,-1.0,-1.0,1.0,0.0,-0.4,-0.4,0.4
3.4833333333333334,7.479954,-11.870562,2.1512325,0.9977176,-0.01966432,0.019131832,-0.061698772,-0.085068114,0.04266632,0.06290047,0.33156022,0.2605958,-0.40374726,-0.07658344,0.055165377,0.06407204,0.6848989,0.8033385,9.092654,7.457673,-11.901049,1.68165,7.4977846,-11.780048,1.6687185,0.12812975,4.729246,2.8212495,3.795566,0.1746121346950531,0.16004493832588196,0.014567196369171143,0.32842397689819336,0.3262665271759033,0.002157449722290039,2.6261826,1.8559264,5.549104,-2.372271,2.6261826,1.8559264,5.549104,-2.372271,1.0,1.0,1.0,-1.0,33.54301452636719,0.4,0.4,-0.4
3.5,7.4787035,-11.869634,2.150743,0.99762106,-0.019703815,0.01813766,-0.06352072,-0.078755856,0.04824239,-0.061574485,-0.10177105,-0.2398396,-0.16059552,-0.074371226,0.055574525,-0.06084096,0.13273269,0.024548916,-7.49478,7.457054,-11.899752,1.6816002,7.4977846,-11.780048,1.6687185,0.12709756,4.663492,2.7510712,3.7656028,0.1746121346950531,0.140259250998497,0.03435288369655609,0.32842397689819336,0.32509246468544006,0.003331512212753296,-0.73815763,-4.5460477,-0.92148685,2.6192818,-0.73815763,-4.5460477,-0.92148685,2.6192818,-0.73815763,-1.0,-0.92148685,1.0,4.391491413116455,-0.4,-0.36859474,0.4
3.5166666666666666,7.477609,-11.868555,2.1516495,0.9974422,-0.017761134,0.019501913,-0.066432655,-0.074697115,0.055333864,0.08990408,0.3379925,0.3270154,-0.40338853,-0.06297637,0.067714036,0.090404786,0.68369144,0.7283706,9.074744,7.456577,-11.898268,1.6818147,7.4977846,-11.780048,1.6687185,0.12587856,4.5807533,2.6730614,3.7199523,0.1746121346950531,0.17564170062541962,0.0010295659303665161,0.32842397689819336,0.3180074393749237,0.010416537523269653,2.0815296,1.300502,5.051063,-2.0780292,2.0815296,1.300502,5.051063,-2.0780292,1.0,1.0,1.0,-1.0,33.54301452636719,0.4,0.4,-0.4
3.533333333333333,7.4765673,-11.867437,2.151079,0.99733317,-0.017738849,0.0187764,-0.06825805,-0.06820073,0.06040767,-0.07596746,-0.09608772,-0.21895401,-0.16021843,-0.06236189,0.06664462,-0.07576919,0.036868747,-0.064165145,-9.970438,7.4562154,-11.896616,1.6818959,7.4977846,-11.780048,1.6687185,0.124457434,4.495674,2.5968235,3.6698222,0.1746121346950531,0.16642917692661285,0.008182957768440247,0.32842397689819336,0.3324087858200073,0.003984808921813965,-1.2520531,-5.1660414,-1.542711,2.9771953,-1.2520531,-5.1660414,-1.542711,2.9771953,-1.0,-1.0,-1.0,1.0,0.0,-0.4,-0.4,0.4
3.55,7.475677,-11.866195,2.1517408,0.9971142,-0.016913582,0.020375568,-0.071146965,-0.06389432,0.06654604,0.07593504,0.15424596,0.3459356,-0.4031272,-0.050530244,0.07728493,0.07583352,0.70989865,0.6384189,9.096163,7.4559693,-11.894804,1.6818985,7.4977846,-11.780048,1.6687185,0.122845784,4.3933034,2.5127552,3.6037726,0.1746121346950531,0.16752447187900543,0.0070876628160476685,0.32842397689819336,0.32144635915756226,0.0069776177406311035,2.2118413,0.5593231,4.779053,-1.7343029,2.2118413,0.5593231,4.779053,-1.7343029,1.0,0.5593231,1.0,-1.0,33.54301452636719,0.22372924,0.4,-0.4
3.5666666666666664,7.4748425,-11.864921,2.1509275,0.99696714,-0.018409552,0.019922517,-0.072942704,-0.05714451,0.071709044,-0.08971494,-0.27962908,-0.1992573,-0.16009295,-0.049918883,0.07621809,-0.09030703,0.036681663,-0.06401047,-9.968432,7.4558325,-11.892835,1.6817169,7.4977846,-11.780048,1.6687185,0.1210359,4.2901025,2.4331691,3.5333648,0.1746121346950531,0.18267059326171875,0.00805845856666565,0.32842397689819336,0.33672046661376953,0.008296489715576172,-1.2390767,-3.1343346,-2.060235,3.2721999,-1.2390767,-3.1343346,-2.060235,3.2721999,-1.0,-1.0,-1.0,1.0,0.0,-0.4,-0.4,0.4
3.5833333333333335,7.4741707,-11.863506,2.151347,0.99672335,-0.017909596,0.021722037,-0.07582748,-0.052479684,0.07858842,0.062286533,0.16036221,0.36857796,-0.40287533,-0.03714225,0.08762638,0.061253075,0.76659787,0.6844975,9.093605,7.455803,-11.890705,1.6814554,7.4977846,-11.780048,1.6687185,0.11903615,4.1704803,2.3469908,3.4473958,0.1746121346950531,0.17888863384723663,0.004276499152183533,0.32842397689819336,0.33533361554145813,0.0069096386432647705,2.5009685,3.3831296,4.0776744,-1.4394945,2.5009685,3.3831296,4.0776744,-1.4394945,1.0,1.0,1.0,-1.0,33.54301452636719,0.4,0.4,-0.4
3.6,7.4735594,-11.862059,2.150291,0.99656415,-0.019344227,0.021456659,-0.07762233,-0.045352068,0.08422381,-0.10334301,-0.27340117,-0.17684384,-0.15983611,-0.03653324,0.08655976,-0.10489503,0.036540624,-0.06399751,-9.968886,7.455875,-11.888428,1.6810135,7.4977846,-11.780048,1.6687185,0.116848946,4.052757,2.26765,3.3589587,0.1746121346950531,0.16470803320407867,0.009904101490974426,0.32842397689819336,0.32968828082084656,0.0012643039226531982,-1.1445749,-2.5636947,-2.9508243,3.5890346,-1.1445749,-2.5636947,-2.9508243,3.5890346,-1.0,-1.0,-1.0,1.0,0.0,-0.4,-0.4,0.4
3.6166666666666667,7.473127,-11.860464,2.150466,0.99630135,-0.01877335,0.023433672,-0.08051092,-0.04019592,0.0915864,0.04869479,0.16667397,0.39113843,-0.40263057,-0.022597434,0.0984562,0.04659075,0.8361483,0.7137863,9.089147,7.456048,-11.885999,1.6804944,7.4977846,-11.780048,1.6687185,0.11448186,3.9205353,2.1832485,3.256382,0.1746121346950531,0.1691768914461136,0.005435243248939514,0.32842397689819336,0.34362414479255676,0.015200167894363403,2.5345669,4.074293,3.006517,-1.022679,2.5345669,4.074293,3.006517,-1.022679,1.0,1.0,1.0,-1.0,33.54301452636719,0.4,0.4,-0.4
3.6333333333333333,7.472757,-11.858836,2.149166,0.99612975,-0.020144027,0.02335471,-0.08230494,-0.032564037,0.09766555,-0.11689848,-0.26697496,-0.15451284,-0.15959059,-0.021991484,0.097391374,-0.11956389,0.036357004,-0.063889325,-9.969277,7.4563136,-11.883432,1.6797988,7.4977846,-11.780048,1.6687185,0.11194139,3.7932045,2.1084511,3.153226,0.1746121346950531,0.17823326587677002,0.003621131181716919,0.32842397689819336,0.3371643126010895,0.008740335702896118,-1.0586976,-1.8711563,-4.2669973,3.6569247,-1.0586976,-1.8711563,-4.2669973,3.6569247,-1.0,-1.0,-1.0,1.0,0.0,-0.4,-0.4,0.4
3.65,7.472583,-11.857059,2.1490958,0.9959011,-0.019484576,0.025521055,-0.084557824,-0.026664466,0.105474055,0.03519522,0.17323512,0.41355604,-0.29952145,-0.0066840765,0.10961711,0.031841606,0.9184444,0.7335439,9.08433,7.4566746,-11.880726,1.6790285,7.4977846,-11.780048,1.6687185,0.109235026,3.6531448,2.0299478,3.0372322,0.1746121346950531,0.15778742730617523,0.01682470738887787,0.32842397689819336,0.3381935954093933,0.009769618511199951,2.5488682,4.878118,1.4939467,-0.5767666,2.5488682,4.878118,1.4939467,-0.5767666,1.0,1.0,1.0,-0.5767666,33.54301452636719,0.4,0.4,-0.23070665
3.6666666666666665,7.4724865,-11.855236,2.1477296,0.995799,-0.020401306,0.025623417,-0.0855071,-0.018183667,0.111958995,-0.11606096,-0.20181747,-0.13047682,-0.056483276,-0.0052724984,0.10913712,-0.11998707,0.08469468,-0.028799323,-9.10972,7.4571233,-11.877882,1.6781923,7.4977846,-11.780048,1.6687185,0.10636972,3.5209928,1.9638734,2.922429,0.1746121346950531,0.16869282722473145,0.005919307470321655,0.32842397689819336,0.33152851462364197,0.0031045377254486084,-0.9088721,-0.8633182,-5.090949,2.2145686,-0.9088721,-0.8633182,-5.090949,2.2145686,-0.9088721,-0.8633182,-1.0,1.0,1.5283517837524414,-0.3453273,-0.4,0.4
3.683333333333333,7.472623,-11.853265,2.1476429,0.9957262,-0.019731356,0.022221543,-0.08744204,-0.010235321,0.12004646,0.03554883,0.22793566,-0.4827281,-0.2988172,0.012426342,0.121167235,0.030720029,1.0619303,0.721807,9.042425,7.457666,-11.874904,1.6774005,7.4977846,-11.780048,1.6687185,0.10335578,3.3787172,1.8965651,2.7962065,0.1746121346950531,0.16018198430538177,0.014430150389671326,0.32842397689819336,0.3308461904525757,0.0024222135543823242,2.2590773,4.8364177,-0.7063117,-2.2374287,2.2590773,4.8364177,-0.7063117,-2.2374287,1.0,1.0,-0.7063117,-1.0,33.54301452636719,0.4,-0.28252468,-0.4
3.6999999999999997,7.472868,-11.851202,2.1471434,0.9957172,-0.016312618,0.021297626,-0.08847309,-0.0047505256,0.12691021,-0.046501596,0.48529813,0.06498435,-0.055813145,0.015493584,0.12436079,-0.0508479,0.18403451,0.19161342,-4.8940754,7.4583106,-11.871773,1.677094,7.4977846,-11.780048,1.6687185,0.10020834,3.2476916,1.8463947,2.671765,0.1746121346950531,0.17369773983955383,0.0009143948554992676,0.32842397689819336,0.3254459798336029,0.002977997064590454,-0.46637148,0.58594036,3.5263877,2.5329456,-0.46637148,0.58594036,3.5263877,2.5329456,-0.46637148,0.58594036,1.0,1.0,8.94975471496582,0.23437615,0.4,0.4
3.716666666666667,7.4732957,-11.849041,2.1478102,0.9956151,-0.015258383,0.0184197,-0.09043374,0.0023775604,0.13201764,0.0727811,0.053217966,-0.46006027,-0.29864946,0.028906161,0.13133618,0.06816627,0.80475456,0.41852337,7.14085,7.4590516,-11.868509,1.6771866,7.4977846,-11.780048,1.6687185,0.09693962,3.1112618,1.7970499,2.5397956,0.1746121346950531,0.18548837304115295,0.010876238346099854,0.32842397689819336,0.3366909325122833,0.008266955614089966,0.80174935,-4.3815117,-2.0127673,-2.2988343,0.80174935,-4.3815117,-2.0127673,-2.2988343,0.80174935,-1.0,-1.0,-1.0,30.21805191040039,-0.4,-0.4,-0.4
3.7333333333333334,7.4737678,-11.846843,2.14688,0.9955782,-0.0121714985,0.017690498,-0.09144797,0.0067088343,0.13751566,-0.09320502,0.48752362,0.08457723,-0.055487536,0.028082462,0.13199313,-0.097118124,-0.049421933,0.039416846,-9.917063,7.4598675,-11.865142,1.6769437,7.4977846,-11.780048,1.6687185,0.09352148,2.9781084,1.7583642,2.4035983,0.1746121346950531,0.189162477850914,0.014550343155860901,0.32842397689819336,0.3327690064907074,0.004345029592514038,-1.2819686,2.146493,3.408011,2.7080698,-1.2819686,2.146493,3.408011,2.7080698,-1.0,1.0,1.0,1.0,0.0,0.4,0.4,0.4
3.75,7.4743915,-11.844571,2.1471796,0.99545276,-0.011080951,0.01499157,-0.09341433,0.012576734,0.14110768,0.057882212,0.055898793,-0.4382802,-0.29826537,0.04039521,0.13738199,0.053984422,0.73876494,0.32333133,9.066153,7.460758,-11.861672,1.6765952,7.4977846,-11.780048,1.6687185,0.08997488,2.8369336,1.7159109,2.2591684,0.1746121346950531,0.16644445061683655,0.008167684078216553,0.32842397689819336,0.3317054510116577,0.0032814741134643555,1.376922,-5.2928486,-1.7048993,-2.0475588,1.376922,-5.2928486,-1.7048993,-2.0475588,1.0,-1.0,-1.0,-1.0,33.54301452636719,-0.4,-0.4,-0.4
3.7666666666666666,7.4750547,-11.842276,2.146011,0.9953961,-0.007952616,0.0144363055,-0.09441856,0.015905952,0.14506492,-0.10842212,0.49029505,0.10645425,-0.055100698,0.039571095,0.13804567,-0.111488596,-0.049446966,0.039820965,-9.92838,7.461725,-11.858111,1.6760665,7.4977846,-11.780048,1.6687185,0.086302415,2.6999125,1.6829382,2.1112194,0.1746121346950531,0.17135660350322723,0.0032555311918258667,0.32842397689819336,0.3394169211387634,0.010992944240570068,-1.1647979,1.3090867,3.634859,3.0107288,-1.1647979,1.3090867,3.634859,3.0107288,-1.0,1.0,1.0,1.0,0.0,0.4,0.4,0.4
3.783333333333333,7.4758415,-11.839936,2.1460721,0.9952489,-0.0068232985,0.011920652,-0.096389316,0.020691218,0.14715128,0.042516023,0.058668926,-0.41653857,-0.29784536,0.04957451,0.14090973,0.039699502,0.6002048,0.17184375,9.071286,7.462765,-11.854458,1.6754634,7.4977846,-11.780048,1.6687185,0.08251439,2.5552237,1.6454322,1.9549222,0.1746121346950531,0.1645461916923523,0.010065943002700806,0.32842397689819336,0.3438551425933838,0.01543116569519043,1.4721855,-5.6391783,-1.4748856,-1.653485,1.4721855,-5.6391783,-1.4748856,-1.653485,1.0,-1.0,-1.0,-1.0,33.54301452636719,-0.4,-0.4,-0.4
3.8,7.476657,-11.837585,2.1446648,0.99516284,-0.005884285,0.011727,-0.09735852,0.023160735,0.14952515,-0.123260796,0.13488647,0.12374079,-0.054897323,0.04865072,0.1410269,-0.12582502,-0.0554274,0.0070300694,-9.93147,7.463878,-11.850723,1.674687,7.4977846,-11.780048,1.6687185,0.07861433,2.4122758,1.6141682,1.7926338,0.1746121346950531,0.17718063294887543,0.0025684982538223267,0.32842397689819336,0.3412534296512604,0.012829452753067017,-1.0359991,0.1661111,3.957538,3.5002084,-1.0359991,0.1661111,3.957538,3.5002084,-1.0,0.1661111,1.0,1.0,0.0,0.06644444,0.4,0.4
3.8166666666666664,7.477572,-11.835208,2.1444871,0.99498177,-0.0076876404,0.009645002,-0.099293016,0.027000679,0.15117034,0.028500032,-0.29625165,-0.39880133,-0.2977207,0.05690102,0.14321402,0.025412183,0.49501798,0.13122708,9.074232,7.4650607,-11.846915,1.673839,7.4977846,-11.780048,1.6687185,0.07462072,2.2623878,1.577429,1.6217633,0.1746121346950531,0.19641944766044617,0.021807312965393066,0.32842397689819336,0.34745165705680847,0.019027680158615112,1.5119783,-2.0509827,-1.5611681,-1.1837311,1.5119783,-2.0509827,-1.5611681,-1.1837311,1.0,-1.0,-1.0,-1.0,33.54301452636719,-0.4,-0.4,-0.4
3.8333333333333335,7.478533,-11.832797,2.1439178,0.9948866,-0.0074301288,0.009741865,-0.10025178,0.028638065,0.15457138,-0.051623717,0.13967885,0.15360205,-0.054443788,0.057790656,0.14506811,-0.05470782,0.05337819,0.111245506,-4.8072,7.466332,-11.843021,1.6734722,7.4977846,-11.780048,1.6687185,0.07055118,2.1150873,1.5443996,1.445138,0.1746121346950531,0.1730596125125885,0.0015525221824645996,0.32842397689819336,0.3311992585659027,0.0027752816677093506,-0.4579789,5.308301,3.9589212,4.077488,-0.4579789,5.308301,3.9589212,4.077488,-0.4579789,1.0,1.0,1.0,9.090510368347168,0.4,0.4,0.4
3.85,7.479562,-11.83035,2.1437747,0.9947307,-0.009145145,0.007863891,-0.10180945,0.031830017,0.1567787,0.008713552,-0.287218,-0.3756311,-0.237098,0.06305113,0.14719535,0.0051688524,0.31562826,0.1276347,3.5926,7.467669,-11.8390665,1.6730651,7.4977846,-11.780048,1.6687185,0.06640017,1.964949,1.506072,1.2620505,0.1746121346950531,0.19333606958389282,0.01872393488883972,0.32842397689819336,0.3364185094833374,0.007994532585144043,0.42443427,-0.9872782,-1.4792587,-0.7522069,0.42443427,-0.9872782,-1.4792587,-0.7522069,0.42443427,-0.9872782,-1.0,-0.7522069,23.889909744262695,-0.3949113,-0.4,-0.3008828
3.8666666666666667,7.4806323,-11.827862,2.1434598,0.99468464,-0.008778351,0.008167633,-0.102267906,0.032945756,0.16063905,-0.024388898,0.14968443,0.18003115,0.0061776917,0.06447091,0.15016147,-0.027931709,0.08518695,0.17796724,-1.9860336,7.469083,-11.835059,1.672833,7.4977846,-11.780048,1.6687185,0.062184475,1.8200916,1.4680395,1.0759153,0.1746121346950531,0.17547984421253204,0.0008677095174789429,0.32842397689819336,0.34065306186676025,0.012229084968566895,-0.16382433,5.694032,4.066367,3.5518813,-0.16382433,5.694032,4.066367,3.5518813,-0.16382433,1.0,1.0,1.0,14.023926734924316,0.4,0.4,0.4
3.8833333333333333,7.481758,-11.825321,2.1432679,0.9945596,-0.0073369583,0.0062118745,-0.103723876,0.0355694,0.16392486,-0.004427955,0.21316253,-0.3456178,-0.236462,0.06854574,0.15297918,-0.007416073,0.2444896,0.1690623,1.2309381,7.47056,-11.831004,1.6725495,7.4977846,-11.780048,1.6687185,0.057899423,1.6797909,1.425651,0.8883787,0.1746121346950531,0.18343546986579895,0.00882333517074585,0.32842397689819336,0.337429404258728,0.009005427360534668,0.17614396,0.15659325,-1.4112641,-1.3988699,0.17614396,0.15659325,-1.4112641,-1.3988699,0.17614396,0.15659325,-1.0,-1.0,19.7257080078125,0.0626373,-0.4,-0.4
3.9,7.4829063,-11.822754,2.1425102,0.9945179,-0.0059840516,0.006603926,-0.10418524,0.036270615,0.16609235,-0.056404624,0.13814929,0.20068443,0.0064304145,0.069074705,0.15436184,-0.059032336,0.031738132,0.08295982,-3.0969756,7.472095,-11.8269205,1.6720147,7.4977846,-11.780048,1.6687185,0.053552017,1.5500542,1.3822626,0.7014401,0.1746121346950531,0.18705537915229797,0.012443244457244873,0.32842397689819336,0.331838995218277,0.003415018320083618,-0.2829836,-0.19069989,4.4116488,4.0251303,-0.2829836,-0.19069989,4.4116488,4.0251303,-0.2829836,-0.19069989,1.0,1.0,12.025445938110352,-0.07627996,0.4,0.4
3.9166666666666665,7.484119,-11.820146,2.1429956,0.9944219,-0.0050125397,0.0049116495,-0.10524132,0.038735908,0.16839917,0.058586333,0.13765799,-0.31898278,-0.17217998,0.073749185,0.15707424,0.056390144,0.28046876,0.16274391,6.9253483,7.473706,-11.822806,1.6719474,7.4977846,-11.780048,1.6687185,0.049177866,1.4301809,1.3345187,0.5142736,0.1746121346950531,0.1864584982395172,0.011846363544464111,0.32842397689819336,0.34290120005607605,0.01447722315788269,0.7772733,0.0043554753,-1.2849694,-0.7364143,0.7772733,0.0043554753,-1.2849694,-0.7364143,0.7772733,0.0043554753,-1.0,-0.7364143,29.807552337646484,0.0017421901,-0.4,-0.29456574
3.933333333333333,7.4853415,-11.817515,2.1422982,0.9944379,-0.0017741282,0.005329385,-0.105174445,0.03936145,0.17009723,-0.07365186,0.46233156,0.22737472,0.0709378,0.07325779,0.1579214,-0.074840605,-0.029483734,0.050829645,-7.873844,7.4753723,-11.818674,1.671799,7.4977846,-11.780048,1.6687185,0.04476323,1.326653,1.2853625,0.3284074,0.1746121346950531,0.19319531321525574,0.018583178520202637,0.32842397689819336,0.3259429335594177,0.0024810433387756348,-0.78374827,0.7417028,4.1398787,3.285964,-0.78374827,0.7417028,4.1398787,3.285964,-0.78374827,0.7417028,1.0,1.0,3.6268675327301025,0.29668114,0.4,0.4
3.9499999999999997,7.4866123,-11.814886,2.1429687,0.99434745,-0.00077394326,0.0038427801,-0.106101714,0.041641682,0.17018196,0.076942824,0.030666754,-0.29541048,-0.17193653,0.07721158,0.15761895,0.076228365,0.23722751,-0.01814693,9.064137,7.4770994,-11.814537,1.6718358,7.4977846,-11.780048,1.6687185,0.04033688,1.238839,1.2305562,0.14301549,0.1746121346950531,0.18018251657485962,0.0055703818798065186,0.32842397689819336,0.3266496956348419,0.0017742812633514404,1.2696546,-4.772524,-1.0390325,-1.1590348,1.2696546,-4.772524,-1.0390325,-1.1590348,1.0,-1.0,-1.0,-1.0,33.54301452636719,-0.4,-0.4,-0.4
3.966666666666667,7.4878902,-11.812251,2.14238,0.9943507,0.0022872922,0.004476933,-0.106025204,0.042100713,0.17069617,-0.07284776,0.46612555,0.2513992,0.07128667,0.07653444,0.15838103,-0.07262493,-0.04062831,0.045724507,-8.931198,7.478883,-11.8104,1.6718659,7.4977846,-11.780048,1.6687185,0.035894394,1.1750106,1.1742206,-0.043081168,0.1746121346950531,0.22217828035354614,0.04756614565849304,0.32842397689819336,0.35079073905944824,0.022366762161254883,-0.8942703,1.1426538,3.77316,3.9324863,-0.8942703,1.1426538,3.77316,3.9324863,-0.8942703,1.0,1.0,1.0,1.77324640750885,0.4,0.4,0.4
3.9833333333333334,7.489206,-11.809646,2.143089,0.9943473,0.0033445845,0.003186194,-0.10607586,0.04453499,0.16928168,0.07786709,0.034559317,-0.27133754,-0.030474173,0.079684004,0.15550397,0.07856151,0.18897368,-0.17262338,9.071186,7.4807177,-11.80627,1.6719688,7.4977846,-11.780048,1.6687185,0.031454746,1.1350548,1.1118228,-0.22847204,0.1746121346950531,0.21169589459896088,0.037083759903907776,0.32842397689819336,0.3289627134799957,0.0005387365818023682,1.2114651,-5.0709,-1.1228442,-0.41837275,1.2114651,-5.0709,-1.1228442,-0.41837275,1.0,-1.0,-1.0,-0.41837275,33.54301452636719,-0.4,-0.4,-0.1673491
4.0,7.490523,-11.807054,2.142463,0.99447846,0.0027578655,0.004354179,-0.10481388,0.045366697,0.16793425,-0.076693214,-0.12538564,0.2668688,0.2122713,0.078761674,0.15527603,-0.07634037,-0.05533978,-0.013676583,-9.294112,7.482601,-11.8021555,1.6720008,7.4977846,-11.780048,1.6687185,0.027019171,1.1275401,1.0477194,-0.41669038,0.1746121346950531,0.21736110746860504,0.04274897277355194,0.32842397689819336,0.3544411361217499,0.02601715922355652,-0.9322201,-0.38708448,3.7338195,1.9477572,-0.9322201,-0.38708448,3.7338195,1.9477572,-0.9322201,-0.38708448,1.0,1.0,1.1367710828781128,-0.1548338,0.4,0.4
4.016666666666667,7.491878,-11.804486,2.1431122,0.9945026,0.0042742966,0.0032162205,-0.104574405,0.047867395,0.1681038,0.07405277,0.30178094,-0.24452698,-0.030593818,0.08219703,0.15378651,0.075015604,0.20612149,-0.0893712,9.081359,7.4845285,-11.798072,1.6720536,7.4977846,-11.780048,1.6687185,0.022620626,1.1495937,0.9777898,-0.60456,0.1746121346950531,0.21561512351036072,0.04100298881530762,0.32842397689819336,0.339433491230011,0.011009514331817627,1.2844433,1.7589959,-1.9789648,-2.2853062,1.2844433,1.7589959,-1.9789648,-2.2853062,1.0,1.0,-1.0,-1.0,33.54301452636719,0.4,-0.4,-0.4
4.033333333333333,7.4932384,-11.801933,2.142795,0.9946292,0.004288202,0.004533407,-0.1033135,0.048699852,0.16592586,-0.05146454,-0.121081725,0.29216552,0.21188278,0.0813468,0.15285814,-0.050682884,-0.051013824,-0.055702325,-7.541909,7.486504,-11.794024,1.672252,7.4977846,-11.780048,1.6687185,0.018304866,1.2040627,0.90715545,-0.79172987,0.1746121346950531,0.19268997013568878,0.01807783544063568,0.32842397689819336,0.33577826619148254,0.007354289293289185,-0.7466357,-3.2657752,3.6946888,2.4790974,-0.7466357,-3.2657752,3.6946888,2.4790974,-0.7466357,-1.0,1.0,1.0,4.249301433563232,-0.4,0.4,0.4
4.05,7.494638,-11.799415,2.1437798,0.99464947,0.005862611,0.0036000628,-0.103078224,0.05135555,0.16570066,0.09197824,0.30597603,-0.21978472,-0.030970221,0.08479492,0.15049867,0.09334917,0.20688726,-0.14156789,8.641923,7.48852,-11.790024,1.6726637,7.4977846,-11.780048,1.6687185,0.014174079,1.2821475,0.8312249,-0.9762005,0.1746121346950531,0.20744898915290833,0.032836854457855225,0.32842397689819336,0.3383527100086212,0.009928733110427856,0.9551085,1.5806607,-2.2496672,-1.817475,0.9551085,1.5806607,-2.2496672,-1.817475,0.9551085,1.0,-1.0,-1.0,32.79011535644531,0.4,-0.4,-0.4
4.066666666666666,7.4960413,-11.796917,2.1436157,0.99477226,0.005928929,0.005111326,-0.10181697,0.052374415,0.16301817,-0.04563623,-0.11710965,0.31600234,0.2115057,0.08390916,0.14960632,-0.04447321,-0.053145733,-0.05354136,-8.269343,7.4905753,-11.786078,1.6731045,7.4977846,-11.780048,1.6687185,0.010371765,1.3834145,0.7551194,-1.1591507,0.1746121346950531,0.1752305030822754,0.00061836838722229,0.32842397689819336,0.31953665614128113,0.008887320756912231,-0.82380265,-3.1848173,3.275845,2.8733196,-0.82380265,-3.1848173,3.275845,2.8733196,-0.82380265,-1.0,1.0,1.0,2.955095052719116,-0.4,0.4,0.4
4.083333333333333,7.4974856,-11.794463,2.1444821,0.9947884,0.007555502,0.004366304,-0.101586,0.055279873,0.16227117,0.0802668,0.30969086,-0.19724132,-0.031336986,0.08751874,0.14645652,0.08198485,0.2165745,-0.18898754,7.5874825,7.4926605,-11.782192,1.6735135,7.4977846,-11.780048,1.6687185,0.0073379283,1.4983566,0.67465955,-1.337874,0.1746121346950531,0.1911521553993225,0.01654002070426941,0.32842397689819336,0.32772278785705566,0.0007011890411376953,0.84293973,1.4880875,-2.645626,-1.3593727,0.84293973,1.4880875,-2.645626,-1.3593727,0.84293973,1.0,-1.0,-1.0,30.908876419067383,0.4,-0.4,-0.4
4.1,7.498936,-11.792041,2.1444712,0.9949067,0.0076738643,0.0060708323,-0.10032367,0.05657034,0.15905167,-0.03008168,-0.11305702,0.34047586,0.21112162,0.08687593,0.14503965,-0.028611476,-0.038568374,-0.08501261,-6.635779,7.4947753,-11.778379,1.6739916,7.4977846,-11.780048,1.6687185,0.006296583,1.6276002,0.5955549,-1.5147266,0.1746121346950531,0.17661742866039276,0.0020052939653396606,0.32842397689819336,0.3403119146823883,0.011887937784194946,-0.65198565,-3.1116905,2.743856,3.346382,-0.65198565,-3.1116905,2.743856,3.346382,-0.65198565,-1.0,1.0,1.0,5.836725234985352,-0.4,0.4,0.4
4.116666666666666,7.5004277,-11.789666,2.144881,0.994925,0.009348497,0.005501461,-0.10003211,0.05984918,0.15764011,0.038605146,0.31296661,-0.1769267,-0.021229366,0.09039252,0.14179035,0.040587883,0.21099551,-0.19495814,4.1519613,7.496913,-11.774635,1.674208,7.4977846,-11.780048,1.6687185,0.007758642,1.7628775,0.5135673,-1.6864121,0.1746121346950531,0.19603127241134644,0.021419137716293335,0.32842397689819336,0.3399094343185425,0.011485457420349121,0.48092708,1.3514141,-3.189838,-0.9569248,0.48092708,1.3514141,-3.189838,-0.9569248,0.48092708,1.0,-1.0,-0.9569248,24.837379455566406,0.4,-0.4,-0.3827699
4.133333333333333,7.5019364,-11.787338,2.1450012,0.9950461,0.009518896,0.0073976633,-0.098681,0.061536986,0.153848,-0.0065166466,-0.108894035,0.3654841,0.22118738,0.09048306,0.13888052,-0.0048465137,0.005432367,-0.17458944,-2.7260637,7.499074,-11.77098,1.6745379,7.4977846,-11.780048,1.6687185,0.010851997,1.9055601,0.43381736,-1.8555219,0.1746121346950531,0.1849931925535202,0.010381057858467102,0.32842397689819336,0.34759631752967834,0.019172340631484985,-0.24116887,-3.122384,1.7841471,3.5701365,-0.24116887,-3.122384,1.7841471,3.5701365,-0.24116887,-1.0,1.0,1.0,12.726741790771484,-0.4,0.4,0.4
4.15,7.5034833,-11.785057,2.1448865,0.9951015,0.011242927,0.0069982144,-0.09796694,0.06541599,0.15164046,-0.010881064,0.31614354,-0.15720578,0.043596372,0.093616165,0.13620564,-0.008747321,0.18798618,-0.16049264,-0.2340484,7.501249,-11.767405,1.6745311,7.4977846,-11.780048,1.6687185,0.014340632,2.0501373,0.3533031,-2.0194652,0.1746121346950531,0.1947919875383377,0.020179852843284607,0.32842397689819336,0.34720757603645325,0.018783599138259888,0.02014809,1.0880488,-3.8658557,-0.7316717,0.02014809,1.0880488,-3.8658557,-0.7316717,0.02014809,1.0,-1.0,-0.7316717,17.109420776367188,0.4,-0.4,-0.29266867
4.166666666666667,7.5050664,-11.782855,2.1451232,0.99528664,0.011198556,0.0066062426,-0.09610111,0.06832131,0.14718355,0.01832583,-0.10863535,-0.0075416337,0.28618875,0.09543239,0.13093676,0.020368205,0.108973674,-0.31613317,1.7469314,7.5034385,-11.763939,1.6746645,7.4977846,-11.780048,1.6687185,0.018078618,2.196684,0.27579114,-2.1793025,0.1746121346950531,0.19882020354270935,0.02420806884765625,0.32842397689819336,0.3499877154827118,0.021563738584518433,0.23006149,-3.2459064,0.26187825,2.8979118,0.23006149,-3.2459064,0.26187825,2.8979118,0.23006149,-1.0,0.26187825,1.0,20.629985809326172,-0.4,0.104751304,0.4
4.183333333333334,7.5066824,-11.780687,2.1444724,0.9953748,0.012625554,0.0030813594,-0.09518453,0.071472414,0.14421561,-0.06244005,0.31645554,-0.53540754,0.059702907,0.09728145,0.1296248,-0.059489004,0.11094331,-0.07871746,-4.7914324,7.5056386,-11.76056,1.6744292,7.4977846,-11.780048,1.6687185,0.021773668,2.3440146,0.20092815,-2.335387,0.1746121346950531,0.19764196872711182,0.023029834032058716,0.32842397689819336,0.35168564319610596,0.023261666297912598,-0.45854688,1.0518972,-2.069498,-0.9327215,-0.45854688,1.0518972,-2.069498,-0.9327215,-0.45854688,1.0,-1.0,-0.9327215,9.080985069274902,0.4,-0.4,-0.3730886
4.2,7.5083027,-11.778634,2.1454005,0.9955664,0.012560318,0.0020796356,-0.093194626,0.07232266,0.13917126,0.08874476,-0.1017112,0.021750411,0.30211836,0.09705777,0.12103942,0.09167382,-0.013420879,-0.5151227,9.06977,7.507846,-11.757319,1.674708,7.4977846,-11.780048,1.6687185,0.025567707,2.4883459,0.12883162,-2.4850085,0.1746121346950531,0.20227180421352386,0.027659669518470764,0.32842397689819336,0.3477315604686737,0.019307583570480347,1.1157246,-2.8442407,3.5564108,3.711186,1.1157246,-2.8442407,3.5564108,3.711186,1.0,-1.0,1.0,1.0,33.54301452636719,-0.4,0.4,0.4
4.216666666666667,7.509933,-11.776613,2.1448517,0.99570423,0.013626758,-0.0012172024,-0.09157351,0.074206345,0.135368,-0.07815483,0.2521632,-0.513408,0.16661118,0.098027326,0.121616095,-0.074427314,0.058173534,0.034600496,-9.966067,7.5100565,-11.754199,1.6749064,7.4977846,-11.780048,1.6687185,0.029275892,2.6323054,0.056382187,-2.6317015,0.1746121346950531,0.19735762476921082,0.022745490074157715,0.32842397689819336,0.34717857837677,0.01875460147857666,-1.1717641,0.8365783,-1.6625842,-0.55849946,-1.1717641,0.8365783,-1.6625842,-0.55849946,-1.0,0.8365783,-1.0,-0.55849946,0.0,0.33463132,-0.4,-0.22339979
4.233333333333333,7.511532,-11.774698,2.1455379,0.9959713,0.013042692,-0.0020010963,-0.08869499,0.07377457,0.12974806,0.07381902,-0.16540885,0.04388488,0.40907854,0.09506471,0.11273288,0.077333644,-0.17775713,-0.5329929,9.105658,7.5122685,-11.751201,1.6750406,7.4977846,-11.780048,1.6687185,0.032892905,2.7676115,-0.0152432,-2.7675695,0.1746121346950531,0.19833917915821075,0.023727044463157654,0.32842397689819336,0.3475490212440491,0.019125044345855713,1.2759398,-2.2601368,3.647131,2.6933918,1.2759398,-2.2601368,3.647131,2.6933918,1.0,-1.0,1.0,1.0,33.54301452636719,-0.4,0.4,0.4
4.25,7.5131283,-11.772811,2.1447515,0.9961417,0.014041449,-0.0051055006,-0.08647774,0.07437377,0.12569426,-0.092919506,0.2587234,-0.49055877,0.22562437,0.09606591,0.113457665,-0.08867491,0.06007209,0.043487098,-9.960513,7.5144753,-11.748327,1.6749995,7.4977846,-11.780048,1.6687185,0.036390394,2.9028745,-0.090929545,-2.90145,0.1746121346950531,0.19925108551979065,0.02463895082473755,0.32842397689819336,0.35162949562072754,0.02320551872253418,-1.0772703,1.9211396,-1.4688114,-0.7556833,-1.0772703,1.9211396,-1.4688114,-0.7556833,-1.0,1.0,-1.0,-0.7556833,0.0,0.4,-0.4,-0.30227333
4.266666666666667,7.5146627,-11.771035,2.1452,0.9964324,0.013519364,-0.005714893,-0.083107136,0.072654255,0.11981062,0.059079263,-0.15868887,0.066856936,0.46806005,0.09066495,0.10453188,0.063059784,-0.3240573,-0.53554726,9.104081,7.5166764,-11.745591,1.6748834,7.4977846,-11.780048,1.6687185,0.03977695,3.0278912,-0.16626292,-3.0233228,0.1746121346950531,0.18830151855945587,0.013689383864402771,0.32842397689819336,0.3499263525009155,0.021502375602722168,1.60969,-1.9637018,3.7032294,2.6159797,1.60969,-1.9637018,3.7032294,2.6159797,1.0,-1.0,1.0,1.0,33.54301452636719,-0.4,0.4,0.4
4.283333333333333,7.5161824,-11.769292,2.144419,0.9966758,0.0145958895,-0.0086363545,-0.079685085,0.07227608,0.11530836,-0.088266335,0.26600164,-0.46616566,0.39819476,0.09135884,0.10474289,-0.08362585,0.041633245,0.01266092,-8.801137,7.5188665,-11.742997,1.6747379,7.4977846,-11.780048,1.6687185,0.04305198,3.1518416,-0.24854143,-3.142027,0.1746121346950531,0.1850224733352661,0.010410338640213013,0.32842397689819336,0.3570834994316101,0.028659522533416748,-0.8773377,2.1979804,-1.3650414,-0.28804576,-0.8773377,2.1979804,-1.3650414,-0.28804576,-0.8773377,1.0,-1.0,-0.28804576,2.0572316646575928,0.4,-0.4,-0.115218304
4.3,7.5176115,-11.76766,2.144949,0.99705124,0.014134417,-0.009072123,-0.07487822,0.06959749,0.10900859,0.06360051,-0.15073684,0.09166087,0.64054096,0.083769046,0.095626675,0.06789694,-0.45538765,-0.54697305,9.091367,7.5210414,-11.740557,1.674681,7.4977846,-11.780048,1.6687185,0.046217095,3.264042,-0.3312913,-3.247186,0.1746121346950531,0.18675047159194946,0.012138336896896362,0.32842397689819336,0.36119014024734497,0.03276616334915161,1.6828258,-1.6097199,3.5932455,1.6793247,1.6828258,-1.6097199,3.5932455,1.6793247,1.0,-1.0,1.0,1.0,33.54301452636719,-0.4,0.4,0.4
4.316666666666666,7.5190163,-11.766063,2.144183,0.9973032,0.015297223,-0.011796638,-0.07080272,0.06820687,0.10422582,-0.08890069,0.27375692,-0.44172755,0.4442407,0.084469944,0.096039064,-0.08402298,0.042053904,0.024743376,-9.115194,7.5231977,-11.738269,1.6745785,7.4977846,-11.780048,1.6687185,0.049251307,3.3738332,-0.42334104,-3.3471677,0.1746121346950531,0.18322770297527313,0.008615568280220032,0.32842397689819336,0.36108413338661194,0.03266015648841858,-0.9105191,2.34405,-1.5490922,-0.8078402,-0.9105191,2.34405,-1.5490922,-0.8078402,-0.9105191,1.0,-1.0,-0.8078402,1.5007292032241821,0.4,-0.4,-0.3231361
4.333333333333333,7.520305,-11.764582,2.1447058,0.99766153,0.014897327,-0.012046227,-0.065607436,0.06441447,0.09766206,0.06304918,-0.14311591,0.116192274,0.68656147,0.074952245,0.08654801,0.06748263,-0.57106197,-0.5694634,9.090336,7.5253296,-11.736143,1.6745203,7.4977846,-11.780048,1.6687185,0.052154176,3.4711199,-0.51609814,-3.4325378,0.1746121346950531,0.18572686612606049,0.011114731431007385,0.32842397689819336,0.3628959655761719,0.034471988677978516,1.8909347,-1.2965742,3.4586272,2.1820743,1.8909347,-1.2965742,3.4586272,2.1820743,1.0,-1.0,1.0,1.0,33.54301452636719,-0.4,0.4,0.4
4.35,7.5215597,-11.763136,2.1440413,0.9979137,0.016142083,-0.014569298,-0.060789686,0.062120263,0.09254634,-0.080740914,0.28159368,-0.41647837,0.5465353,0.07532572,0.08670631,-0.07583468,0.022408513,0.009498148,-8.599038,7.5274353,-11.7341795,1.6744745,7.4977846,-11.780048,1.6687185,0.054920387,3.566585,-0.6201573,-3.512255,0.1746121346950531,0.18949680030345917,0.014884665608406067,0.32842397689819336,0.371951162815094,0.043527185916900635,-0.85594857,2.6612263,-1.5473503,-0.5760299,-0.85594857,2.6612263,-1.5473503,-0.5760299,-0.85594857,1.0,-1.0,-0.5760299,2.415959596633911,0.4,-0.4,-0.23041196
4.366666666666666,7.522675,-11.76182,2.144699,0.9982686,0.01579539,-0.014632762,-0.05473716,0.05740202,0.08566797,0.071179874,-0.13523069,0.14169861,0.788804,0.06415348,0.07668146,0.07553047,-0.6703345,-0.60149115,9.081908,7.5295053,-11.732391,1.6745436,7.4977846,-11.780048,1.6687185,0.05754409,3.649084,-0.725219,-3.576293,0.1746121346950531,0.1958346962928772,0.021222561597824097,0.32842397689819336,0.36996954679489136,0.041545569896698,1.8871782,-1.1616406,3.3785596,1.7250715,1.8871782,-1.1616406,3.3785596,1.7250715,1.0,-1.0,1.0,1.0,33.54301452636719,-0.4,0.4,0.4
4.383333333333333,7.523758,-11.760529,2.1438828,0.99847335,0.017124454,-0.016950242,-0.049703564,0.054151583,0.08028668,-0.095196635,0.28893223,-0.3925293,0.5456903,0.06515952,0.077531636,-0.09046451,0.060362663,0.051010694,-9.959698,7.531542,-11.730759,1.6744614,7.4977846,-11.780048,1.6687185,0.060016707,3.731166,-0.84305584,-3.634674,0.1746121346950531,0.19914840161800385,0.024536266922950745,0.32842397689819336,0.3713876008987427,0.042963624000549316,-1.332545,2.6292186,-1.4342278,-1.6218308,-1.332545,2.6292186,-1.4342278,-1.6218308,-1.0,1.0,-1.0,-1.0,0.0,0.4,-0.4,-0.4
4.4,7.524687,-11.759373,2.1442976,0.99876326,0.01683126,-0.016826257,-0.04365113,0.04847317,0.073205255,0.05695256,-0.12836275,0.16562809,0.78796434,0.0526047,0.06679963,0.061014805,-0.7532892,-0.6439201,9.088758,7.5335336,-11.729296,1.6743026,7.4977846,-11.780048,1.6687185,0.062329777,3.8003535,-0.9607786,-3.6768997,0.1746121346950531,0.19145292043685913,0.01684078574180603,0.32842397689819336,0.368028849363327,0.03960487246513367,2.1627886,-1.2127675,3.530807,1.80753,2.1627886,-1.2127675,3.530807,1.80753,1.0,-1.0,1.0,1.0,33.54301452636719,-0.4,0.4,0.4
4.416666666666667,7.525577,-11.758247,2.14324,0.9989121,0.018250428,-0.018719722,-0.038613155,0.044309568,0.0675464,-0.109245196,0.29600888,-0.33391204,0.54483575,0.053550515,0.067676835,-0.10494072,0.056748834,0.05263209,-9.957332,7.5354824,-11.727992,1.6739649,7.4977846,-11.780048,1.6687185,0.064486496,3.8720498,-1.0919852,-3.7148807,0.1746121346950531,0.19686421751976013,0.02225208282470703,0.32842397689819336,0.3680286109447479,0.039604634046554565,-1.3976988,2.6861053,-0.9358163,-2.1546216,-1.3976988,2.6861053,-0.9358163,-2.1546216,-1.0,1.0,-0.9358163,-1.0,0.0,0.4,-0.37432653,-0.4
4.433333333333334,7.526301,-11.757266,2.143413,0.9991432,0.018017013,-0.018119106,-0.03255513,0.03790707,0.06025153,0.04295329,-0.12210592,0.22419377,0.7871124,0.04007652,0.056098145,0.046465565,-0.8084397,-0.6947214,9.084377,7.5373745,-11.72686,1.6735497,7.4977846,-11.780048,1.6687185,0.0664808,3.9318728,-1.222668,-3.7369382,0.1746121346950531,0.18790049850940704,0.013288363814353943,0.32842397689819336,0.3607026934623718,0.03227871656417847,2.333092,-1.4815143,3.7761054,1.3871666,2.333092,-1.4815143,3.7761054,1.3871666,1.0,-1.0,1.0,1.0,33.54301452636719,-0.4,0.4,0.4
4.45,7.5269737,-11.756321,2.1421146,0.99927145,0.019580867,-0.017826442,-0.02748192,0.03319903,0.054299742,-0.122868925,0.30360532,-0.0047944365,0.54399806,0.0405819,0.057017356,-0.119371444,0.030322818,0.055152696,-9.95022,7.539208,-11.725893,1.6729579,7.4977846,-11.780048,1.6687185,0.068313,3.996594,-1.3668972,-3.7555766,0.1746121346950531,0.20038804411888123,0.025775909423828125,0.32842397689819336,0.3686743974685669,0.040250420570373535,-1.5183108,2.4559474,-0.43348783,-3.2744617,-1.5183108,2.4559474,-0.43348783,-3.2744617,-1.0,1.0,-0.43348783,-1.0,0.0,0.4,-0.17339514,-0.4
4.466666666666667,7.527496,-11.755527,2.142047,0.99946314,0.01947415,-0.014484926,-0.02200685,0.027202653,0.046825353,0.02945565,-0.118015185,0.55302143,0.68460715,0.028320208,0.044404633,0.032037906,-0.7357015,-0.75676334,9.084561,7.5409765,-11.725092,1.6722913,7.4977846,-11.780048,1.6687185,0.0699894,4.0503607,-1.5101932,-3.7582893,0.1746121346950531,0.182766854763031,0.008154720067977905,0.32842397689819336,0.36996230483055115,0.04153832793235779,2.5664802,-2.2333794,2.0918021,0.5815822,2.5664802,-2.2333794,2.0918021,0.5815822,1.0,-1.0,1.0,0.5815822,33.54301452636719,-0.4,0.4,0.23263288
4.483333333333333,7.527955,-11.754808,2.1413622,0.999531,0.02109201,-0.013303735,-0.017774634,0.024082258,0.04081033,-0.06841205,0.30380887,0.023614509,0.44174,0.027356425,0.0427312,-0.06596452,-0.05782697,-0.10040603,-5.880145,7.5426583,-11.724494,1.6719663,7.4977846,-11.780048,1.6687185,0.07148769,4.110981,-1.6640968,-3.759115,0.1746121346950531,0.17675930261611938,0.002147167921066284,0.32842397689819336,0.3639604151248932,0.03553643822669983,-0.56808394,2.140235,-3.2331119,-2.5723839,-0.56808394,2.140235,-3.2331119,-2.5723839,-0.56808394,1.0,-1.0,-1.0,7.24388313293457,0.4,-0.4,-0.4
4.5,7.528295,-11.754269,2.1421783,0.99965423,0.02098398,-0.009732603,-0.01250392,0.01911565,0.03293899,0.08326825,-0.11803097,0.5809953,0.68412143,0.018252077,0.028940875,0.08493099,-0.5462609,-0.8274194,9.05373,7.544243,-11.724102,1.6721388,7.4977846,-11.780048,1.6687185,0.07280152,4.160997,-1.8150681,-3.7442522,0.1746121346950531,0.1670111119747162,0.007601022720336914,0.32842397689819336,0.3611586093902588,0.03273463249206543,2.406701,-2.4845986,1.5015041,1.3379054,2.406701,-2.4845986,1.5015041,1.3379054,1.0,-1.0,1.0,1.0,33.54301452636719,-0.4,0.4,0.4
4.516666666666667,7.528609,-11.753778,2.141598,0.99967545,0.02260545,-0.008336675,-0.0082769515,0.01740294,0.026486013,-0.07634495,0.302752,0.047143772,0.44125798,0.019127538,0.02960073,-0.07477203,0.052527707,0.0395913,-9.58218,7.5457377,-11.723884,1.6722661,7.4977846,-11.780048,1.6687185,0.07393623,4.2141266,-1.9687611,-3.7259686,0.1746121346950531,0.17115673422813416,0.0034554004669189453,0.32842397689819336,0.34986940026283264,0.021445423364639282,-0.9597703,1.1688493,-3.816001,-4.002571,-0.9597703,1.1688493,-3.816001,-4.002571,-0.9597703,1.0,-1.0,-1.0,0.6747123599052429,0.4,-0.4,-0.4
4.533333333333333,7.528861,-11.753469,2.1422722,0.9997112,0.02245306,-0.0071386043,-0.0047160597,0.0148050655,0.018346908,0.07552909,-0.12227254,0.1884919,0.41840753,0.013875988,0.01479759,0.0764783,-0.31509298,-0.88818836,9.07502,7.5471377,-11.723835,1.6723723,7.4977846,-11.780048,1.6687185,0.07489343,4.2550135,-2.1146352,-3.692351,0.1746121346950531,0.16503497958183289,0.009577155113220215,0.32842397689819336,0.3553600311279297,0.026936054229736328,2.9817262,-3.4799604,0.22705413,-0.09177613,2.9817262,-3.4799604,0.22705413,-0.09177613,1.0,-1.0,0.22705413,-0.09177613,33.54301452636719,-0.4,0.09082165,-0.036710452
4.55,7.529087,-11.753268,2.1427019,0.999669,0.024070643,-0.008940233,-0.0015361996,0.013557226,0.01170066,0.0073248865,0.30462208,-0.33843002,0.37376583,0.013454426,0.011287261,0.008119974,-0.025293732,-0.21061973,-4.1014996,7.5484114,-11.724,1.673045,7.4977846,-11.780048,1.6687185,0.0756519,4.2997727,-2.2563999,-3.6601508,0.1746121346950531,0.1873258352279663,0.012713700532913208,0.32842397689819336,0.353756308555603,0.025332331657409668,-0.37978357,1.6795305,-1.720654,-0.18364751,-0.37978357,1.6795305,-1.720654,-0.18364751,-0.37978357,1.0,-1.0,-0.18364751,10.40196418762207,0.4,-0.4,-0.07345901
4.566666666666666,7.529231,-11.75328,2.1447499,0.9996757,0.02395455,-0.008364062,0.0021295496,0.009728409,0.0030407368,0.15864636,-0.115009815,0.21892159,0.45986336,0.007075985,-0.0045290487,0.1587513,-0.38270643,-0.9489785,9.037879,7.5495467,-11.724379,1.6744573,7.4977846,-11.780048,1.6687185,0.07623237,4.3312,-2.3858087,-3.6148593,0.1746121346950531,0.1850130558013916,0.010400921106338501,0.32842397689819336,0.3556745648384094,0.027250587940216064,1.8975456,-3.445014,3.769415,0.35665345,1.8975456,-3.445014,3.769415,0.35665345,1.0,-1.0,1.0,0.35665345,33.54301452636719,-0.4,0.4,0.14266138
4.583333333333333,7.529361,-11.753351,2.1453192,0.9996697,0.023279864,-0.009961205,0.004397834,0.007894877,-0.0045882417,-0.0073219333,-0.06704705,-0.31946412,0.21665402,0.008079799,-0.0041758986,-0.007366849,0.060228832,0.021189002,-9.967088,7.550567,-11.724923,1.6758033,7.4977846,-11.780048,1.6687185,0.07664844,4.3626194,-2.508278,-3.5694525,0.1746121346950531,0.19908738136291504,0.02447524666786194,0.32842397689819336,0.35196366906166077,0.023539692163467407,-2.0864437,0.12404929,-1.6861954,-2.157999,-2.0864437,0.12404929,-1.6861954,-2.157999,-1.0,0.12404929,-1.0,-1.0,0.0,0.049619716,-0.4,-0.4
4.6,7.529406,-11.753598,2.1471212,0.9996043,0.02543843,-0.009156426,0.0077631734,0.0035429234,-0.0110561,0.14498535,0.3738944,0.24593246,0.4595738,0.0011218654,-0.018381214,0.14427894,-0.41747597,-0.8523189,9.098747,7.551469,-11.725627,1.6770716,7.4977846,-11.780048,1.6687185,0.076899044,4.379779,-2.6183274,-3.5109577,0.1746121346950531,0.1922573447227478,0.017645210027694702,0.32842397689819336,0.3483448922634125,0.019920915365219116,1.188124,1.5605243,3.6727624,2.2975147,1.188124,1.5605243,3.6727624,2.2975147,1.0,1.0,1.0,1.0,33.54301452636719,0.4,0.4,0.4
4.616666666666666,7.5294375,-11.753909,2.1474493,0.9995607,0.025815867,-0.01054219,0.010040322,0.0013045053,-0.019935109,-0.020890834,-0.0623534,-0.294978,0.21623422,0.0021443842,-0.018796466,-0.021854786,0.061351128,-0.02491515,-9.968023,7.552255,-11.726482,1.6781503,7.4977846,-11.780048,1.6687185,0.07697605,4.3993564,-2.7241445,-3.4544713,0.1746121346950531,0.20560146868228912,0.030989333987236023,0.32842397689819336,0.36284488439559937,0.034420907497406006,-1.1891726,-5.504879,-1.3614513,-2.9648073,-1.1891726,-5.504879,-1.3614513,-2.9648073,-1.0,-1.0,-1.0,-1.0,0.0,-0.4,-0.4,-0.4
4.633333333333333,7.5293827,-11.754428,2.1490078,0.99955726,0.024782076,-0.009599466,0.013373756,-0.0033520288,-0.028617356,0.13126919,-0.13735601,0.26428905,0.45905262,-0.0050035915,-0.035197064,0.1296068,-0.42887852,-0.98403585,9.087695,7.5529156,-11.727493,1.6791399,7.4977846,-11.780048,1.6687185,0.076876946,4.4057426,-2.8174193,-3.38714,0.1746121346950531,0.18216852843761444,0.00755639374256134,0.32842397689819336,0.3586266040802002,0.030202627182006836,1.1593825,-0.1981634,3.8676786,1.463473,1.1593825,-0.1981634,3.8676786,1.463473,1.0,-0.1981634,1.0,1.0,33.54301452636719,-0.07926536,0.4,0.4
4.65,7.529312,-11.755018,2.149091,0.9996,0.020908242,-0.010906026,0.015609201,-0.0058706803,-0.03695064,-0.03490212,-0.57337797,-0.2796685,0.21550395,-0.0039582923,-0.035610065,-0.03652708,0.06271795,-0.024780033,-9.968032,7.55345,-11.728648,1.679941,7.4977846,-11.780048,1.6687185,0.076593556,4.4167857,-2.9058108,-3.3262982,0.1746121346950531,0.1893206089735031,0.014708474278450012,0.32842397689819336,0.36177584528923035,0.03335186839103699,-2.1382067,-1.4938687,-1.5384063,-3.9108567,-2.1382067,-1.4938687,-1.5384063,-3.9108567,-1.0,-1.0,-1.0,-1.0,0.0,-0.4,-0.4,-0.4
4.666666666666667,7.529162,-11.755749,2.1499968,0.99962693,0.018846897,-0.009794617,0.017168442,-0.010489228,-0.042773724,0.08440008,-0.13318807,0.28129148,0.17755781,-0.010595169,-0.04628284,0.08251443,-0.39821258,-0.64036644,7.14249,7.553862,-11.729941,1.6804088,7.4977846,-11.780048,1.6687185,0.07610559,4.414605,-2.980595,-3.2564998,0.1746121346950531,0.1900196671485901,0.015407532453536987,0.32842397689819336,0.35507485270500183,0.02665087580680847,0.7923573,5.4227247,4.3601108,-0.1570245,0.7923573,5.4227247,4.3601108,-0.1570245,0.7923573,1.0,1.0,-0.1570245,30.06053352355957,0.4,0.4,-0.0628098
4.683333333333334,7.5289965,-11.756511,2.1493003,0.9995501,0.020395948,-0.010798475,0.019156314,-0.013237444,-0.048405983,-0.08102527,0.2927361,-0.25268131,0.25970164,-0.009663796,-0.045494076,-0.08318873,0.05588237,0.047325786,-9.942188,7.5541553,-11.7313595,1.6804173,7.4977846,-11.780048,1.6687185,0.07539981,4.411302,-3.05008,-3.1869419,0.1746121346950531,0.1893305778503418,0.014718443155288696,0.32842397689819336,0.35154351592063904,0.02311953902244568,-1.3765427,1.1269268,-1.2311819,0.33735362,-1.3765427,1.1269268,-1.2311819,0.33735362,-1.0,1.0,-1.0,0.33735362,0.0,0.4,-0.4,0.13494144
4.7,7.528746,-11.757439,2.149838,0.9995554,0.020170873,-0.009439213,0.019824235,-0.017653722,-0.055569828,0.07101052,-0.12831163,0.30416745,0.016218113,-0.016696442,-0.05906383,0.06837285,-0.42195874,-0.8141852,9.093695,7.5543113,-11.732917,1.680305,7.4977846,-11.780048,1.6687185,0.07450432,4.3929834,-3.1067796,-3.1058366,0.1746121346950531,0.1974027454853058,0.022790610790252686,0.32842397689819336,0.36574772000312805,0.03732374310493469,2.8343894,-4.292475,4.6426744,-1.2589059,2.8343894,-4.292475,4.6426744,-1.2589059,1.0,-1.0,1.0,-1.0,33.54301452636719,-0.4,0.4,-0.4
4.716666666666667,7.52848,-11.758418,2.1489022,0.9994974,0.020941747,-0.0102680875,0.021468783,-0.020318892,-0.06180202,-0.09474998,0.16598351,-0.2311453,0.2593999,-0.015757376,-0.05854587,-0.09764216,0.05634393,0.031077636,-9.9609,7.5543303,-11.7346115,1.6800091,7.4977846,-11.780048,1.6687185,0.07341258,4.3744316,-3.1569984,-3.0280378,0.1746121346950531,0.19719628989696503,0.022584155201911926,0.32842397689819336,0.34849995374679565,0.020075976848602295,-1.3072295,0.69295263,-1.6020688,2.8522427,-1.3072295,0.69295263,-1.6020688,2.8522427,-1.0,0.69295263,-1.0,1.0,0.0,0.27718106,-0.4,0.4
4.733333333333333,7.5281334,-11.759568,2.1491978,0.9995236,0.019654091,-0.008755967,0.022127569,-0.024523104,-0.06911736,0.05707737,-0.25509912,0.32528526,0.015898831,-0.022363612,-0.07233725,0.05388515,-0.39637414,-0.8274827,9.091639,7.5542054,-11.736441,1.6796358,7.4977846,-11.780048,1.6687185,0.072139636,4.339575,-3.1922474,-2.939637,0.1746121346950531,0.1864500492811203,0.0118379145860672,0.32842397689819336,0.35342293977737427,0.024998962879180908,2.6146538,-4.048841,4.572058,-1.9860708,2.6146538,-4.048841,4.572058,-1.9860708,1.0,-1.0,1.0,-1.0,33.54301452636719,-0.4,0.4,-0.4
4.75,7.5277734,-11.760767,2.148021,0.99946916,0.020194076,-0.009403099,0.023771448,-0.026998924,-0.07492066,-0.1086933,0.17143714,-0.20882533,0.25916728,-0.021436462,-0.071611375,-0.11210964,0.05562901,0.043552365,-9.959687,7.5539393,-11.738397,1.6790857,7.4977846,-11.780048,1.6687185,0.07068027,4.3036423,-3.2196572,-2.8557215,0.1746121346950531,0.18745537102222443,0.012843236327171326,0.32842397689819336,0.3426612913608551,0.014237314462661743,-1.4304619,1.2298771,-2.3043747,1.9599209,-1.4304619,1.2298771,-2.3043747,1.9599209,-1.0,1.0,-1.0,1.0,0.0,0.4,-0.4,0.4
4.766666666666667,7.527339,-11.762131,2.1480763,0.9994922,0.018943612,-0.0077062678,0.024432477,-0.030864215,-0.08197057,0.043062545,-0.2497469,0.34759092,0.01564937,-0.027419817,-0.08495919,0.039449308,-0.35900125,-0.8008687,9.093536,7.5535264,-11.740479,1.6784595,7.4977846,-11.780048,1.6687185,0.06904878,4.2509494,-3.2312698,-2.7621489,0.1746121346950531,0.18825778365135193,0.013645648956298828,0.32842397689819336,0.33675718307495117,0.008333206176757812,2.7001069,-4.5651526,3.9743874,-2.5584853,2.7001069,-4.5651526,3.9743874,-2.5584853,1.0,-1.0,1.0,-1.0,33.54301452636719,-0.4,0.4,-0.4
4.783333333333333,7.5268936,-11.763542,2.146658,0.99946713,0.017843042,-0.008222396,0.026063986,-0.033014365,-0.08757039,-0.12303854,-0.092914484,-0.18930428,0.25871179,-0.02646909,-0.08466487,-0.12660274,0.057043653,0.017659217,-9.963122,7.5529714,-11.742679,1.6776562,7.4977846,-11.780048,1.6687185,0.0672455,4.195804,-3.2339225,-2.673297,0.1746121346950531,0.17505969107151031,0.00044755637645721436,0.32842397689819336,0.3282191753387451,0.0002048015594482422,-1.3704771,0.373564,-3.301083,1.1938878,-1.3704771,0.373564,-3.301083,1.1938878,-1.0,0.373564,-1.0,1.0,0.0,0.14942561,-0.4,0.4
4.8,7.526386,-11.7651005,2.1464734,0.9995192,0.014383973,-0.0064278604,0.026702182,-0.036410753,-0.093570635,0.028215827,-0.51394844,0.36625332,0.015163008,-0.031684726,-0.096156314,0.02504757,-0.3129382,-0.6894868,9.099018,7.5522714,-11.745,1.6767777,7.4977846,-11.780048,1.6687185,0.065285176,4.1238766,-3.2203646,-2.5759678,0.1746121346950531,0.17657433450222015,0.0019621998071670532,0.32842397689819336,0.3208368420600891,0.007587134838104248,2.2278357,-1.0148,2.9048276,-3.022048,2.2278357,-1.0148,2.9048276,-3.022048,1.0,-1.0,1.0,-1.0,33.54301452636719,-0.4,0.4,-0.4
4.816666666666666,7.525869,-11.766692,2.1448157,0.9995278,0.012773355,-0.006763401,0.02711501,-0.037851933,-0.09705485,-0.13803287,-0.08740108,-0.1679402,0.06326815,-0.030744595,-0.095350415,-0.14095585,0.056407858,0.048353966,-9.960205,7.5514293,-11.747428,1.6757224,7.4977846,-11.780048,1.6687185,0.06317354,4.0468745,-3.196609,-2.4817095,0.1746121346950531,0.16923511028289795,0.005377024412155151,0.32842397689819336,0.32407572865486145,0.004348248243331909,-1.1272378,3.7204475,-3.8358378,0.19744757,-1.1272378,3.7204475,-3.8358378,0.19744757,-1.0,1.0,-1.0,0.19744757,0.0,0.4,-0.4,0.07897903
4.833333333333333,7.525299,-11.768381,2.144394,0.9995538,0.012480297,-0.0046593547,0.026734827,-0.040454146,-0.10082412,0.013786323,-0.0090478305,0.3926906,-0.08588703,-0.035113424,-0.10315337,0.0108872345,-0.2621297,-0.46817732,9.110584,7.550444,-11.749966,1.674593,7.4977846,-11.780048,1.6687185,0.06093031,3.9521692,-3.1564088,-2.3783867,0.1746121346950531,0.1733253002166748,0.001286834478378296,0.32842397689819336,0.3289284110069275,0.0005044341087341309,2.3777282,0.16012208,1.7991208,-0.6138978,2.3777282,0.16012208,1.7991208,-0.6138978,1.0,0.16012208,1.0,-0.6138978,33.54301452636719,0.064048834,0.4,-0.24555913
4.85,7.5247264,-11.770112,2.1425886,0.9995623,0.009693122,-0.004858587,0.027523324,-0.04133795,-0.104754426,-0.14570649,-0.44320425,-0.14928113,0.1568995,-0.034162156,-0.10398422,-0.1480977,0.057076063,-0.049851086,-9.539095,7.549321,-11.752608,1.6733428,7.4977846,-11.780048,1.6687185,0.058569267,3.8484342,-3.1050704,-2.27354,0.1746121346950531,0.1708911508321762,0.003720983862876892,0.32842397689819336,0.3331364691257477,0.004712492227554321,-0.95441103,-1.5564581,-4.677507,1.7716984,-0.95441103,-1.5564581,-4.677507,1.7716984,-0.95441103,-1.0,-1.0,1.0,0.7645957469940186,-0.4,-0.4,0.4
4.866666666666666,7.5241218,-11.77191,2.1420457,0.9995722,0.008753071,-0.0057819304,0.02730102,-0.042732045,-0.106647216,0.005909742,-0.006977335,-0.094164096,-0.08583408,-0.036899514,-0.10890511,0.0035615684,-0.16424148,-0.29525307,9.099555,7.548057,-11.755352,1.6720774,7.4977846,-11.780048,1.6687185,0.05611161,3.727373,-3.0370553,-2.1609268,0.1746121346950531,0.16953393816947937,0.0050781965255737305,0.32842397689819336,0.3374289870262146,0.00900501012802124,1.983645,3.4060087,0.054013208,-3.1005666,1.983645,3.4060087,0.054013208,-3.1005666,1.0,1.0,0.054013208,-1.0,33.54301452636719,0.4,0.021605283,-0.4
4.883333333333333,7.523499,-11.773749,2.1414409,0.99953675,0.008369999,-0.008223403,0.028080134,-0.044592395,-0.10944588,-0.04793387,-0.06866539,-0.3564481,0.1570494,-0.037591852,-0.11093079,-0.05045542,-0.04154026,-0.121541165,-3.2410192,7.546618,-11.758214,1.6714975,7.4977846,-11.780048,1.6687185,0.05356455,3.593541,-2.9555485,-2.0440817,0.1746121346950531,0.17073990404605865,0.003872230648994446,0.32842397689819336,0.3433007597923279,0.014876782894134521,-0.28931636,-0.14355947,-0.5012317,1.0649109,-0.28931636,-0.14355947,-0.5012317,1.0649109,-0.28931636,-0.14355947,-0.5012317,1.0,11.919236183166504,-0.05742379,-0.20049267,0.4
4.9,7.5228047,-11.775658,2.1422892,0.9995436,0.008736364,-0.0076778606,0.027877687,-0.048009545,-0.11157931,0.08508269,0.08362759,0.2037089,-0.085947566,-0.042960454,-0.115580335,0.08239846,-0.32211608,-0.27897254,7.9712324,7.5450077,-11.761193,1.6716521,7.4977846,-11.780048,1.6687185,0.050932713,3.43906,-2.8546607,-1.9178232,0.1746121346950531,0.17821104824543,0.003598913550376892,0.32842397689819336,0.3366769850254059,0.008253008127212524,0.885139,0.33200622,2.8484435,-3.0048966,0.885139,0.33200622,2.8484435,-3.0048966,0.885139,0.33200622,1.0,-1.0,31.616622924804688,0.13280249,0.4,-0.4
4.916666666666667,7.522101,-11.777589,2.1415858,0.99955505,0.006767411,-0.009421462,0.027477054,-0.049860135,-0.11477143,-0.08126208,-0.3511165,-0.33854142,-0.030700957,-0.041956693,-0.11617861,-0.08369114,0.060225647,-0.035896447,-9.965375,7.543276,-11.764249,1.671616,7.4977846,-11.780048,1.6687185,0.048243873,3.2716806,-2.741467,-1.7855678,0.1746121346950531,0.18625052273273468,0.01163838803768158,0.32842397689819336,0.3390193283557892,0.010595351457595825,-1.8599863,-1.901882,-3.6383142,0.22804895,-1.8599863,-1.901882,-3.6383142,0.22804895,-1.0,-1.0,-1.0,0.22804895,0.0,-0.4,-0.4,0.09121958
4.933333333333334,7.521318,-11.779568,2.1420677,0.9996098,0.0065874765,-0.0087069655,0.02570919,-0.053355128,-0.11600081,0.0665779,0.08847614,0.22593045,-0.27312127,-0.04843733,-0.11948026,0.06413942,-0.38883826,-0.198099,8.869833,7.5414243,-11.767381,1.6714616,7.4977846,-11.780048,1.6687185,0.045523774,3.0898225,-2.614439,-1.6467276,0.1746121346950531,0.18908213078975677,0.014469996094703674,0.32842397689819336,0.32187604904174805,0.0065479278564453125,0.97383606,3.3266306,3.0346785,-1.270737,0.97383606,3.3266306,3.0346785,-1.270737,0.97383606,1.0,1.0,-1.0,33.10420608520508,0.4,0.4,-0.4
4.95,7.5205235,-11.781568,2.1410606,0.9996258,0.0046576234,-0.010259105,0.024924647,-0.0554912,-0.11855036,-0.09979534,-0.34569085,-0.3164838,-0.030260418,-0.04746812,-0.12017748,-0.101964325,0.058152746,-0.04183307,-9.966225,7.5394664,-11.770579,1.6710927,7.4977846,-11.780048,1.6687185,0.04280969,2.902672,-2.4824164,-1.5043647,0.1746121346950531,0.18814487755298615,0.013532742857933044,0.32842397689819336,0.3204919695854187,0.007932007312774658,-1.758298,-1.7121114,-3.6280403,2.677539,-1.758298,-1.7121114,-3.6280403,2.677539,-1.0,-1.0,-1.0,1.0,0.0,-0.4,-0.4,0.4
4.966666666666667,7.519641,-11.783597,2.14129,0.99967766,0.0045222654,-0.009360694,0.023160055,-0.059260327,-0.1191087,0.052128095,0.09405204,0.2483265,-0.272639,-0.054625608,-0.12220902,0.049970046,-0.42944935,-0.121892534,9.116062,7.5374002,-11.773841,1.6706439,7.4977846,-11.780048,1.6687185,0.040145215,2.703546,-2.3386855,-1.3563595,0.1746121346950531,0.1943299025297165,0.01971776783466339,0.32842397689819336,0.3338776230812073,0.005453646183013916,1.3739477,3.3534298,3.2538948,-1.797466,1.3739477,3.3534298,3.2538948,-1.797466,1.0,1.0,1.0,-1.0,33.54301452636719,0.4,0.4,-0.4
4.983333333333333,7.518742,-11.785644,2.140046,0.9996885,0.0026310165,-0.010722876,0.022382611,-0.061602287,-0.12094818,-0.11429794,-0.34008384,-0.2942049,-0.02978761,-0.053670008,-0.12292251,-0.11617621,0.057336014,-0.042809393,-9.968775,7.535235,-11.777159,1.6700212,6.115716,-7.469707,2.4469047,4.6013827,2.5014467,-2.1924953,-1.2042426,0.1746121346950531,0.19044941663742065,0.015837281942367554,0.32842397689819336,0.34378165006637573,0.015357673168182373,-1.3827715,-1.5457934,-3.3423223,2.0865881,-1.3827715,-1.5457934,-3.3423223,2.0865881,-1.0,-1.0,-1.0,1.0,0.0,-0.4,-0.4,0.4
5.0,7.5178585,-11.787702,2.1360617,0.9996107,-0.0027866387,-0.01668263,0.022185678,-0.067480125,-0.1193654,-0.27857965,-0.7748212,-0.8360215,-0.009494621,-0.052767184,-0.12359112,-0.27990916,0.054169443,-0.040116455,-9.8239765,7.5330625,-11.780482,1.6669229,6.115716,-7.469707,2.4469047,4.6043487,2.2896385,-2.0360725,-1.0473073,0.1746121346950531,0.16634884476661682,0.00826328992843628,0.32842397689819336,0.3183971643447876,0.010026812553405762,-7.5175786,-12.113282,-4.609735,0.08251706,-7.5175786,-12.113282,-4.609735,0.08251706,-1.0,-1.0,-1.0,0.08251706,0.0,-0.4,-0.4,0.033006825
5.016666666666667,7.5169907,-11.789769,2.1293526,0.9993126,-0.0117275715,-0.027231084,0.022253918,-0.081235,-0.110925026,-0.4424697,-1.2089636,-1.3775995,0.034366086,-0.051859017,-0.124284424,-0.44333613,0.054489966,-0.041598376,-9.805617,7.5308957,-11.783804,1.6609975,6.115716,-7.469707,2.4469047,4.6077995,2.0776856,-1.8768972,-0.8910862,0.1746121346950531,0.16601747274398804,0.008594661951065063,0.32842397689819336,0.32449865341186523,0.003925323486328125,-6.4743023,-10.191628,-1.983078,0.17403343,-6.4743023,-10.191628,-1.983078,0.17403343,-1.0,-1.0,-1.0,0.17403343,0.0,-0.4,-0.4,0.069613375
5.033333333333333,7.5161157,-11.79185,2.1199253,0.99879533,-0.024301395,-0.03563497,0.02339642,-0.101041004,-0.091995105,-0.606096,-1.6320571,-0.84454596,0.21359894,-0.052699987,-0.12509486,-0.6062992,-0.05045816,-0.04862621,-9.777785,7.5287313,-11.787124,1.6522275,6.115716,-7.469707,2.4469047,4.6117473,1.867749,-1.7164998,-0.7362845,0.1746121346950531,0.17967930436134338,0.005067169666290283,0.32842397689819336,0.33704879879951477,0.008624821901321411,-4.954275,-7.8728957,4.6275487,0.7261127,-4.954275,-7.8728957,4.6275487,0.7261127,-1.0,-1.0,1.0,0.7261127,0.0,-0.4,0.4,0.2904451
5.05,7.5152273,-11.793941,2.107782,0.9981225,-0.04044766,-0.039730784,0.02316907,-0.119069315,-0.059321173,-0.76992065,-2.0559819,-0.31442627,-0.027284456,-0.053505287,-0.12570174,-0.76929224,-0.04831798,-0.03641277,-9.77958,7.526569,-11.790438,1.6406335,6.115716,-7.469707,2.4469047,4.616199,1.6629747,-1.5572934,-0.5833714,0.1746121346950531,0.17718622088432312,0.0025740861892700195,0.32842397689819336,0.3275449275970459,0.0008790493011474609,-3.139255,-6.7850065,4.240887,-2.2044544,-3.139255,-6.7850065,4.240887,-2.2044544,-1.0,-1.0,1.0,-1.0,0.0,-0.4,0.4,-0.4
5.066666666666666,7.5141478,-11.795848,2.095147,0.99702376,-0.060143065,-0.042651493,0.022519091,-0.13602705,-0.014434702,-0.7544885,-2.4820693,-0.29174662,0.015930302,-0.068607785,-0.11015676,-0.75572693,-0.90614986,0.9326988,0.81391805,7.5243716,-11.793759,1.6275817,6.115716,-7.469707,2.4469047,4.6209335,1.465222,-1.3999829,-0.43234596,0.1746121346950531,0.19919532537460327,0.02458319067955017,0.32842397689819336,0.33130529522895813,0.0028813183307647705,0.1300282,-4.2871375,0.025103167,0.17276862,0.1300282,-4.2871375,0.025103167,0.17276862,0.1300282,-1.0,0.025103167,0.17276862,18.9522762298584,-0.4,0.010041267,0.06910745
5.083333333333333,7.512638,-11.797169,2.0844176,0.9958549,-0.07798373,-0.042015452,0.020646466,-0.14978336,0.03199862,-0.6013456,-2.0403955,0.27404088,-0.17040065,-0.0979744,-0.06791703,-0.60898584,-1.7619966,2.5343838,8.804465,7.5220866,-11.797096,1.6156058,6.115716,-7.469707,2.4469047,4.6254983,1.2880507,-1.2619917,-0.25778162,0.1746121346950531,0.17445681989192963,0.00015531480312347412,0.32842397689819336,0.3148755133152008,0.013548463582992554,1.6918352,7.5489545,2.471519,-0.77153826,1.6918352,7.5489545,2.471519,-0.77153826,1.0,1.0,1.0,-0.77153826,33.54301452636719,0.4,0.4,-0.3086153
5.1,7.5106626,-11.797647,2.0760937,0.9946196,-0.09215317,-0.043255247,0.01919417,-0.16379462,0.07525977,-0.4473358,-1.6064867,-0.23278423,-0.09180751,-0.12526105,-0.014894144,-0.4654996,-1.6371993,3.181373,8.609174,7.519687,-11.80043,1.6060556,6.115716,-7.469707,2.4469047,4.629614,1.1663079,-1.1662736,-0.008945816,0.1746121346950531,0.1804649978876114,0.005852863192558289,0.32842397689819336,0.31698569655418396,0.0114382803440094,3.1209502,7.527123,-3.0091438,0.32352993,3.1209502,7.527123,-3.0091438,0.32352993,1.0,1.0,-1.0,0.32352993,33.54301452636719,0.4,-0.4,0.12941198
5.116666666666666,7.508202,-11.797133,2.070144,0.99368954,-0.10266186,-0.04204892,0.016537517,-0.17840725,0.11590788,-0.29243305,-1.1648524,0.3351534,-0.29766643,-0.15505677,0.046739534,-0.32334763,-1.7877432,3.6980205,8.529119,7.5171833,-11.803735,1.5990927,6.115716,-7.469707,2.4469047,4.6332164,1.1656935,-1.113942,0.3434743,0.1746121346950531,0.1875716894865036,0.0129595547914505,0.32842397689819336,0.309874951839447,0.018549025058746338,2.95709,8.184607,4.705359,-0.8506416,2.95709,8.184607,4.705359,-0.8506416,1.0,1.0,1.0,-0.8506416,33.54301452636719,0.4,0.4,-0.34025666
5.133333333333333,7.505352,-11.7956915,2.065723,0.9929558,-0.109541535,-0.04273931,0.014586162,-0.19198325,0.15532579,-0.20389247,-0.73200226,-0.17656563,-0.17451994,-0.17628787,0.10007279,-0.24791901,-1.2738659,3.1999955,4.525717,7.51458,-11.8069725,1.5942081,6.115716,-7.469707,2.4469047,4.6363544,1.3758142,-1.1085851,0.81480294,0.1746121346950531,0.18081878125667572,0.00620664656162262,0.32842397689819336,0.31119659543037415,0.017227381467819214,0.5753366,8.1622925,-1.2669356,0.50595,0.5753366,8.1622925,-1.2669356,0.50595,0.5753366,1.0,-1.0,0.50595,26.42076873779297,0.4,-0.4,0.20237999
5.15,7.5024037,-11.794014,2.0595226,0.9926803,-0.11286362,-0.04103057,0.012803279,-0.20548278,0.19405703,-0.36407742,-0.2969763,0.36742693,-0.1714211,-0.17714888,0.1007251,-0.41340825,-0.051660236,0.039138343,-9.929354,7.5119333,-11.810154,1.5889776,6.115716,-7.469707,2.4469047,4.6394978,1.79901,-1.1390185,1.3925064,0.1746121346950531,0.15894600749015808,0.01566612720489502,0.32842397689819336,0.2860913574695587,0.042332619428634644,-3.418167,8.636616,5.474438,0.011299014,-3.418167,8.636616,5.474438,0.011299014,-1.0,1.0,1.0,0.011299014,0.0,0.4,0.4,0.0045196055
5.166666666666667,7.499461,-11.792329,2.050585,0.99270415,-0.112624325,-0.041419532,0.011769385,-0.21828283,0.23084445,-0.52302814,0.12991793,-0.16592006,-0.1156596,-0.17631623,0.10134528,-0.57717997,0.04995882,0.03721073,-9.826303,7.5092807,-11.813333,1.5812596,6.115716,-7.469707,2.4469047,4.6431074,2.3137991,-1.1762807,1.9924934,0.1746121346950531,0.15458114445209503,0.02003099024295807,0.32842397689819336,0.3053480386734009,0.02307593822479248,-2.472765,7.02652,-1.0407398,0.22811309,-2.472765,7.02652,-1.0407398,0.22811309,-1.0,1.0,-1.0,0.22811309,0.0,0.4,-0.4,0.091245234
5.183333333333334,7.4965124,-11.790633,2.0389254,0.9932054,-0.10887687,-0.03937586,0.011763236,-0.2293988,0.2629855,-0.68421423,0.5647519,0.37663054,0.048514806,-0.1772446,0.10200651,-0.7403467,-0.055702325,0.03967389,-9.790005,7.506638,-11.816514,1.5707452,6.115716,-7.469707,2.4469047,4.6472626,2.8625627,-1.2120718,2.5932887,0.1746121346950531,0.17192810773849487,0.0026840269565582275,0.32842397689819336,0.2860928475856781,0.04233112931251526,-1.4015372,5.235765,4.8659573,0.674104,-1.4015372,5.235765,4.8659573,0.674104,-1.0,1.0,1.0,0.674104,0.0,0.4,0.4,0.2696416
5.2,7.4933267,-11.788283,2.027417,0.9939479,-0.10191608,-0.039507557,0.01093917,-0.24195337,0.2905621,-0.6127045,0.9261797,-0.14125565,-0.19476268,-0.19563274,0.15364307,-0.67564505,-1.1032882,3.0981936,3.8821003,7.5039544,-11.819599,1.5591837,6.115716,-7.469707,2.4469047,4.6515393,3.4317203,-1.2498649,3.1960196,0.1746121346950531,0.16407446563243866,0.010537669062614441,0.32842397689819336,0.27860841155052185,0.04981556534767151,0.48840508,0.8406741,-1.4951316,-1.2915987,0.48840508,0.8406741,-1.4951316,-1.2915987,0.48840508,0.8406741,-1.0,-1.0,24.962797164916992,0.33626965,-0.4,-0.4
5.216666666666667,7.4899254,-11.785409,2.0156453,0.9946075,-0.096240856,-0.037360035,0.009881457,-0.25336868,0.31569737,-0.65242225,0.6018892,0.3997802,-0.10548574,-0.2068201,0.1785648,-0.71753424,-0.6712415,1.4953038,-2.5133512,7.5012035,-11.822498,1.5477343,6.115716,-7.469707,2.4469047,4.6556287,4.08452,-1.3118538,3.8681188,0.1746121346950531,0.1584874838590622,0.016124650835990906,0.32842397689819336,0.27899861335754395,0.049425363540649414,-0.19951035,-0.7677644,5.0458593,0.36705458,-0.19951035,-0.7677644,5.0458593,0.36705458,-0.19951035,-0.7677644,1.0,0.36705458,13.42541790008545,-0.30710575,0.4,0.14682184
5.233333333333333,7.4861794,-11.781671,2.0055132,0.99522185,-0.0904882,-0.035620935,0.008737573,-0.26400605,0.34130484,-0.5033659,0.7204666,0.15538205,-0.15494022,-0.23054601,0.2390213,-0.5738316,-1.4235547,3.6273897,8.622157,7.498366,-11.825113,1.5372368,6.115716,-7.469707,2.4469047,4.6592684,4.789463,-1.392153,4.58267,0.1746121346950531,0.16366493701934814,0.010947197675704956,0.32842397689819336,0.29815414547920227,0.03026983141899109,1.0570412,0.26769483,-0.49528533,-0.20752928,1.0570412,0.26769483,-0.49528533,-0.20752928,1.0,0.26769483,-0.49528533,-0.20752928,33.54301452636719,0.107077934,-0.19811414,-0.08301171
5.25,7.4821506,-11.777251,1.9962763,0.9958778,-0.08493596,-0.03097179,0.0073373173,-0.2726298,0.3649717,-0.47873175,0.65235233,0.70388603,-0.13654153,-0.24536213,0.2734776,-0.54929304,-0.88896716,2.0673788,1.4723145,7.4954185,-11.827349,1.5282634,6.115716,-7.469707,2.4469047,4.6622443,5.5765443,-1.5043057,5.369815,0.1746121346950531,0.16037489473819733,0.014237239956855774,0.32842397689819336,0.2758578956127167,0.052566081285476685,0.23178335,-0.17756344,2.9656315,0.07185331,0.23178335,-0.17756344,2.9656315,0.07185331,0.23178335,-0.17756344,1.0,0.07185331,20.658864974975586,-0.07102538,0.4,0.028741324
5.266666666666667,7.4778237,-11.772032,1.9889587,0.9962928,-0.081000134,-0.028519528,0.0051111435,-0.28139153,0.38863575,-0.33104864,0.4080736,0.18326777,-0.2949996,-0.26399475,0.32601523,-0.4047629,-1.1179572,3.152257,8.671808,7.49235,-11.82913,1.5209444,6.115716,-7.469707,2.4469047,4.66445,6.4082265,-1.637837,6.19539,0.1746121346950531,0.14167481660842896,0.032937318086624146,0.32842397689819336,0.2715134918689728,0.05691048502922058,2.0808449,-0.57294106,-3.6135802,-0.65865076,2.0808449,-0.57294106,-3.6135802,-0.65865076,1.0,-0.57294106,-1.0,-0.65865076,33.54301452636719,-0.22917643,-0.4,-0.2634603
5.283333333333333,7.473188,-11.765957,1.9840506,0.9969032,-0.074949846,-0.023622666,0.0029071898,-0.29095563,0.41199717,-0.18732189,0.83046126,0.7451847,-0.21700731,-0.2826509,0.37667784,-0.2602088,-1.1193681,3.0397563,8.673246,7.4891195,-11.830283,1.5161605,6.115716,-7.469707,2.4469047,4.6655273,7.2893267,-1.7932227,7.065312,0.1746121346950531,0.13968029618263245,0.034931838512420654,0.32842397689819336,0.2778800129890442,0.05054396390914917,1.3539995,0.9555072,2.9410872,0.31419066,1.3539995,0.9555072,2.9410872,0.31419066,1.0,0.9555072,1.0,0.31419066,33.54301452636719,0.3822029,0.4,0.12567626
5.3,7.468303,-11.759104,1.981556,0.9972813,-0.070673466,-0.020852406,0.00049493887,-0.29900834,0.4334042,-0.042264026,0.40272665,0.22144274,-0.29478407,-0.2961378,0.42194125,-0.1153231,-0.80921525,2.7158043,8.693141,7.4857135,-11.830717,1.5140357,6.115716,-7.469707,2.4469047,4.665356,8.204384,-1.966759,7.96516,0.1746121346950531,0.13563023507595062,0.03898189961910248,0.32842397689819336,0.2760198414325714,0.05240413546562195,2.827979,-2.895207,-3.8395529,-0.32621765,2.827979,-2.895207,-3.8395529,-0.32621765,1.0,-1.0,-1.0,-0.32621765,33.54301452636719,-0.4,-0.4,-0.13048707
5.316666666666666,7.4631977,-11.751525,1.9814879,0.9974841,-0.06913788,-0.01563247,-0.00104923,-0.30834797,0.45494857,0.10393575,0.10903047,0.7766727,-0.09433508,-0.3094872,0.46491617,0.030495184,-0.800963,2.578495,8.749096,7.4821153,-11.830346,1.5145584,6.115716,-7.469707,2.4469047,4.6638494,9.13096,-2.1493833,8.874378,0.1746121346950531,0.1377679705619812,0.0368441641330719,0.32842397689819336,0.31385698914527893,0.014566987752914429,3.3278003,-0.71019864,1.9561405,0.8225676,3.3278003,-0.71019864,1.9561405,0.8225676,1.0,-0.71019864,1.0,0.8225676,33.54301452636719,-0.28407946,0.4,0.32902703
5.333333333333333,7.457936,-11.743231,1.9838473,0.99776846,-0.06550396,-0.012516329,-0.0032675336,-0.31538165,0.47795725,0.24876969,0.54167646,0.2639046,-0.29579696,-0.31748283,0.5079231,0.17610732,-0.4797381,2.5804172,8.736728,7.478317,-11.829089,1.5176967,6.115716,-7.469707,2.4469047,4.660936,10.051062,-2.3355637,9.775939,0.1746121346950531,0.135358065366745,0.039254069328308105,0.32842397689819336,0.31152430176734924,0.016899675130844116,4.7774725,1.3046983,-5.1615868,-0.8362074,4.7774725,1.3046983,-5.1615868,-0.8362074,1.0,1.0,-1.0,-0.8362074,33.54301452636719,0.4,-0.4,-0.33448297
5.35,7.452557,-11.734266,1.988641,0.997887,-0.063651726,-0.012338092,-0.004202903,-0.31983897,0.49824947,0.39698038,0.11517178,-0.04813812,-0.052285526,-0.32433122,0.54684633,0.3223527,-0.41090366,2.335392,8.774723,7.4742875,-11.826871,1.5234088,6.115716,-7.469707,2.4469047,4.656548,10.951524,-2.5163488,10.658511,0.1746121346950531,0.11962717771530151,0.05498495697975159,0.32842397689819336,0.2869911789894104,0.04143279790878296,6.351103,-2.848927,-0.6091633,1.5095216,6.351103,-2.848927,-0.6091633,1.5095216,1.0,-1.0,-0.6091633,1.0,33.54301452636719,-0.4,-0.24366532,0.4
5.366666666666666,7.4470515,-11.724665,1.9958793,0.99780965,-0.06529291,-0.009306603,-0.005092455,-0.3283027,0.51530004,0.5473402,-0.30416948,0.507544,-0.09048105,-0.33216724,0.5851873,0.46916822,-0.4701608,2.300459,8.80893,7.470027,-11.823621,1.5316548,6.115716,-7.469707,2.4469047,4.6506352,11.815676,-2.6830773,11.50701,0.1746121346950531,0.12758983671665192,0.047022297978401184,0.32842397689819336,0.2774229943752289,0.05100098252296448,7.350469,-1.068551,2.8635283,-0.15672645,7.350469,-1.068551,2.8635283,-0.15672645,1.0,-1.0,1.0,-0.15672645,33.54301452636719,-0.4,0.4,-0.06269058
5.383333333333333,7.4414625,-11.7144,2.005557,0.99781716,-0.065109335,-0.008406041,-0.007144345,-0.3334119,0.53536516,0.69682294,0.12780099,-0.0037313672,-0.28774476,-0.33615294,0.6257851,0.6154151,-0.23914216,2.4358675,8.774813,7.465512,-11.819278,1.5423934,6.115716,-7.469707,2.4469047,4.6431513,12.630904,-2.8369238,12.308192,0.1746121346950531,0.14199191331863403,0.03262022137641907,0.32842397689819336,0.2575048506259918,0.07091912627220154,7.868443,1.9625243,-4.381983,-0.81550884,7.868443,1.9625243,-4.381983,-0.81550884,1.0,1.0,-1.0,-0.81550884,33.54301452636719,0.4,-0.4,-0.32620355
5.4,7.4357963,-11.703476,2.01768,0.9977234,-0.0666515,-0.006205513,-0.008180671,-0.34104323,0.5514787,0.8477726,-0.2932653,0.36125335,-0.044662166,-0.341086,0.6646296,0.7622896,-0.29598352,2.3306677,8.812469,7.460727,-11.813773,1.5555829,6.115716,-7.469707,2.4469047,4.63405,13.390759,-2.9696333,13.057324,0.1746121346950531,0.13171063363552094,0.042901501059532166,0.32842397689819336,0.26460355520248413,0.06382042169570923,7.9286046,-2.449607,0.6461878,1.7629343,7.9286046,-2.449607,0.6461878,1.7629343,1.0,-1.0,0.6461878,1.0,33.54301452636719,-0.4,0.25847512,0.4
5.416666666666667,7.4300838,-11.691877,2.0322435,0.9976511,-0.067443095,-0.006521064,-0.010056395,-0.3434526,0.5697876,0.9993404,-0.030396393,-0.15180552,-0.28705648,-0.34306696,0.7056901,0.90862834,-0.118857615,2.4636302,8.780325,7.4556775,-11.807055,1.5711824,6.115716,-7.469707,2.4469047,4.623308,14.085544,-3.0786066,13.744989,0.1746121346950531,0.16515861451625824,0.00945352017879486,0.32842397689819336,0.2915595471858978,0.03686442971229553,8.7572775,0.6092229,-4.460647,-1.0346402,8.7572775,0.6092229,-4.460647,-1.0346402,1.0,0.6092229,-1.0,-1.0,33.54301452636719,0.24368916,-0.4,-0.4
5.433333333333334,7.4243174,-11.679607,2.049252,0.9974495,-0.070308454,-0.005438671,-0.01102219,-0.34945443,0.5826722,1.152933,-0.451859,0.22865994,-0.044001058,-0.3468133,0.7460332,1.0554785,-0.22477983,2.420586,8.811007,7.4503427,-11.799083,1.5891545,6.115716,-7.469707,2.4469047,4.6109066,14.709566,-3.1605349,14.366014,0.1746121346950531,0.16292554140090942,0.011686593294143677,0.32842397689819336,0.296766072511673,0.031657904386520386,8.21239,-2.8178258,0.6736419,2.2368934,8.21239,-2.8178258,0.6736419,2.2368934,1.0,-1.0,0.6736419,1.0,33.54301452636719,-0.4,0.26945677,0.4
5.45,7.4185176,-11.666624,2.0686994,0.9972821,-0.07223186,-0.0068437043,-0.012808707,-0.34891966,0.5988424,1.3069555,-0.15717085,-0.28378317,-0.28496683,-0.34830317,0.7894898,1.2016158,-0.089392655,2.6073966,8.768241,7.444732,-11.7898035,1.6094681,6.115716,-7.469707,2.4469047,4.596827,15.256558,-3.2138805,14.9142065,0.1746121346950531,0.12177105247974396,0.05284108221530914,0.32842397689819336,0.2933658957481384,0.03505808115005493,8.542186,0.6845355,-4.3199306,-0.9935161,8.542186,0.6845355,-4.3199306,-0.9935161,1.0,0.6845355,-1.0,-0.9935161,33.54301452636719,0.2738142,-0.4,-0.39740643
5.466666666666667,7.412661,-11.652919,2.0905871,0.9969794,-0.076158576,-0.0066399956,-0.013705801,-0.3533799,0.60850215,1.4629629,-0.57884175,0.12866673,-0.041877057,-0.35228622,0.8329423,1.3481522,-0.23898302,2.6071498,8.792181,7.4388294,-11.779188,1.6320946,6.115716,-7.469707,2.4469047,4.581067,15.724692,-3.2372825,15.387851,0.1746121346950531,0.1400127112865448,0.0345994234085083,0.32842397689819336,0.2963007688522339,0.03212320804595947,7.848356,-2.6614797,0.732028,2.7281563,7.848356,-2.6614797,0.732028,2.7281563,1.0,-1.0,0.732028,1.0,33.54301452636719,-0.4,0.29281121,0.4
5.483333333333333,7.406761,-11.638439,2.1149056,0.9967291,-0.07885939,-0.008856075,-0.015292447,-0.3499237,0.6231503,1.6189972,-0.23783907,-0.38314492,-0.26413333,-0.35451534,0.8802365,1.493793,-0.13374746,2.8376517,8.738451,7.432649,-11.767199,1.6570129,6.115716,-7.469707,2.4469047,4.563625,16.111202,-3.2315648,15.783784,0.1746121346950531,0.0700412169098854,0.1045709177851677,0.32842397689819336,0.2763957381248474,0.05202823877334595,8.071829,0.79322004,-4.181752,-0.9162681,8.071829,0.79322004,-4.181752,-0.9162681,1.0,0.79322004,-1.0,-0.9162681,33.54301452636719,0.317288,-0.4,-0.36650726
5.5,7.400786,-11.623167,2.1416543,0.9963322,-0.08348024,-0.009976975,-0.015924212,-0.35036442,0.63032156,1.777353,-0.6606347,-0.055423744,-0.020979436,-0.35967556,0.9279746,1.6396772,-0.30961272,2.8642843,8.753049,7.4261813,-11.753813,1.684206,6.115716,-7.469707,2.4469047,4.5445123,16.417679,-3.196904,16.103416,0.1746121346950531,0.08298751711845398,0.09162461757659912,0.32842397689819336,0.2879127264022827,0.040511250495910645,7.4406295,-2.5084734,0.5741745,3.3499215,7.4406295,-2.5084734,0.5741745,3.3499215,1.0,-1.0,0.5741745,1.0,33.54301452636719,-0.4,0.22966981,0.4
5.516666666666667,7.394736,-11.607042,2.1708221,0.9960316,-0.086334325,-0.013666499,-0.016754389,-0.34046772,0.64581543,1.9351422,-0.23102184,-0.56645346,-0.17139874,-0.36415586,0.9800841,1.7845439,-0.26881814,3.1265721,8.692002,7.4194427,-11.739009,1.7136645,6.115716,-7.469707,2.4469047,4.5237465,16.644009,-3.1360147,16.3459,0.1746121346950531,0.09407182782888412,0.08054030686616898,0.32842397689819336,0.29734164476394653,0.031082332134246826,7.580191,1.1949021,-3.2281466,-0.62110627,7.580191,1.1949021,-3.2281466,-0.62110627,1.0,1.0,-1.0,-0.62110627,33.54301452636719,0.4,-0.4,-0.24844252
5.533333333333333,7.3885593,-11.590045,2.2024074,0.9956118,-0.09089216,-0.0148154935,-0.016622163,-0.34102792,0.65337765,2.094219,-0.6515719,-0.009763373,0.07162977,-0.37275776,1.032647,1.9296752,-0.51611423,3.1537733,8.707881,7.4124336,-11.7227745,1.7453823,6.115716,-7.469707,2.4469047,4.5013547,16.795294,-3.0509055,16.515867,0.1746121346950531,0.10085350275039673,0.07375863194465637,0.32842397689819336,0.27539941668510437,0.05302456021308899,6.929248,-2.8536363,1.9215627,3.132647,6.929248,-2.8536363,1.9215627,3.132647,1.0,-1.0,1.0,1.0,33.54301452636719,-0.4,0.4,0.4
5.55,7.382256,-11.572122,2.2363966,0.9952979,-0.09366969,-0.018072328,-0.016770933,-0.3313326,0.67040855,2.2521677,-0.221813,-0.52160466,-0.08968464,-0.38022405,1.0895076,2.073618,-0.44797716,3.4116337,8.636562,7.405166,-11.705103,1.7793589,6.115716,-7.469707,2.4469047,4.477374,16.87363,-2.9480052,16.61411,0.1746121346950531,0.11264287680387497,0.06196925789117813,0.32842397689819336,0.27445510029792786,0.0539688766002655,6.9175587,1.4231309,-3.528942,-0.6655288,6.9175587,1.4231309,-3.528942,-0.6655288,1.0,1.0,-1.0,-0.6655288,33.54301452636719,0.4,-0.4,-0.2662115
5.566666666666666,7.3757777,-11.553237,2.2727878,0.99486536,-0.09815117,-0.018788217,-0.016006079,-0.3335093,0.6784063,2.4115493,-0.6418267,0.034616563,0.15316214,-0.39157012,1.1467916,2.217786,-0.68076426,3.4370396,8.650088,7.397645,-11.685977,1.8155956,6.115716,-7.469707,2.4469047,4.4518337,16.885195,-2.828851,16.646542,0.1746121346950531,0.08754224330186844,0.08706989139318466,0.32842397689819336,0.2716618776321411,0.056762099266052246,6.216969,-2.811637,1.5271087,2.3400671,6.216969,-2.811637,1.5271087,2.3400671,1.0,-1.0,1.0,1.0,33.54301452636719,-0.4,0.4,0.4
5.583333333333333,7.369127,-11.533352,2.3115664,0.9945503,-0.100852884,-0.021592189,-0.015239129,-0.32371476,0.69721687,2.569696,-0.21188061,-0.47800693,0.033986386,-0.40155903,1.2083014,2.36072,-0.5993342,3.6905906,8.576031,7.389882,-11.665411,1.8540968,6.115716,-7.469707,2.4469047,4.4247994,16.833405,-2.699987,16.615463,0.1746121346950531,0.08930777758359909,0.08530435711145401,0.32842397689819336,0.27063411474227905,0.05778986215591431,5.7935114,1.9150513,-3.494368,-0.49214,5.7935114,1.9150513,-3.494368,-0.49214,1.0,1.0,-1.0,-0.49214,33.54301452636719,0.4,-0.4,-0.196856
5.6,7.3622627,-11.512433,2.3527298,0.994106,-0.10525352,-0.021897426,-0.013978818,-0.3276875,0.7057116,2.72942,-0.63147163,0.07773598,0.19871771,-0.41517675,1.270243,2.5038474,-0.8170634,3.7164972,8.5876465,7.3818884,-11.643401,1.8948696,6.115716,-7.469707,2.4469047,4.396323,16.72526,-2.5625947,16.527777,0.1746121346950531,0.06263231486082077,0.11197981983423233,0.32842397689819336,0.2607898712158203,0.06763410568237305,5.2627673,-2.953165,1.2530665,0.67903316,5.2627673,-2.953165,1.2530665,0.67903316,1.0,-1.0,1.0,0.67903316,33.54301452636719,-0.4,0.4,0.27161327
5.616666666666666,7.355192,-11.49043,2.396263,0.99378717,-0.10787032,-0.024289029,-0.01268714,-0.31832343,0.72615916,2.8878052,-0.20142908,-0.43525076,0.107226245,-0.427237,1.3363113,2.645713,-0.7236152,3.9640973,8.511944,7.3736763,-11.619957,1.9379219,6.115716,-7.469707,2.4469047,4.366475,16.565533,-2.4230373,16.387365,0.1746121346950531,0.07873334735631943,0.09587878733873367,0.32842397689819336,0.2705703377723694,0.057853639125823975,3.125629,2.552906,-3.5302835,-0.3782258,3.125629,2.552906,-3.5302835,-0.3782258,1.0,1.0,-1.0,-0.3782258,33.54301452636719,0.4,-0.4,-0.15129033
5.633333333333333,7.347879,-11.46732,2.442162,0.99332166,-0.1121691,-0.024284368,-0.011846297,-0.3255033,0.73469347,3.0479083,-0.6211673,0.12050159,0.11414865,-0.44267932,1.4028363,2.7877512,-0.92653865,3.9914987,8.522286,7.3652606,-11.595096,1.9832627,6.115716,-7.469707,2.4469047,4.335338,16.361986,-2.282022,16.202066,0.1746121346950531,0.09797924757003784,0.07663288712501526,0.32842397689819336,0.26729556918144226,0.0611284077167511,2.7293081,-2.4785106,1.1869414,0.029254526,2.7293081,-2.4785106,1.1869414,0.029254526,1.0,-1.0,1.0,0.029254526,33.54301452636719,-0.4,0.4,0.01170181
5.65,7.340346,-11.4431305,2.4900765,0.9929894,-0.11468164,-0.02638836,-0.011124943,-0.31840637,0.75625545,3.179129,-0.19159602,-0.3937431,0.047737807,-0.45509392,1.4672136,2.901782,-0.7448762,3.8626382,6.84185,7.3566575,-11.568888,2.0307016,6.115716,-7.469707,2.4469047,4.303074,16.12048,-2.1458495,15.97702,0.1746121346950531,0.14775605499744415,0.026856079697608948,0.32842397689819336,0.2727372646331787,0.05568671226501465,0.82573795,2.9532838,-3.2410092,-0.27492186,0.82573795,2.9532838,-3.2410092,-0.27492186,0.82573795,1.0,-1.0,-0.27492186,30.620376586914062,0.4,-0.4,-0.109968744
5.666666666666667,7.3325496,-11.417785,2.540234,0.99250865,-0.11888726,-0.026072446,-0.010613264,-0.32890892,0.7650671,3.339878,-0.61158913,0.16227476,0.08843977,-0.47195116,1.5381949,3.0429447,-1.0114342,4.258876,8.469758,7.34788,-11.541357,2.0802274,6.115716,-7.469707,2.4469047,4.269779,15.846576,-2.0136938,15.71811,0.1746121346950531,0.11428119242191315,0.060330942273139954,0.32842397689819336,0.26482003927230835,0.06360393762588501,1.1172698,-1.9396144,1.6443908,0.16824773,1.1172698,-1.9396144,1.6443908,0.16824773,1.0,-1.0,1.0,0.16824773,33.54301452636719,-0.4,0.4,0.06729909
5.683333333333334,7.324606,-11.391722,2.5906057,0.9921708,-0.12132719,-0.02789556,-0.009930495,-0.32349333,0.78857845,3.325582,-0.18413772,-0.36225316,0.053626485,-0.47812063,1.5718832,3.014396,-0.37016806,2.0212984,-1.7129229,7.338974,-11.5128145,2.1307633,6.115716,-7.469707,2.4469047,4.2359204,15.5537195,-1.8925018,15.438155,0.1746121346950531,0.13610363006591797,0.03850850462913513,0.32842397689819336,0.29413682222366333,0.03428715467453003,-0.10049731,3.6374493,-2.7762833,-0.14448097,-0.10049731,3.6374493,-2.7762833,-0.14448097,-0.10049731,1.0,-1.0,-0.14448097,15.086015701293945,0.4,-0.4,-0.05779239
5.7,7.3164144,-11.364572,2.6426394,0.99186945,-0.1239417,-0.027311154,-0.009356338,-0.3363438,0.8099873,3.4856195,-0.35792437,0.19646831,0.09587124,-0.49602622,1.6477095,3.1555922,-1.0743356,4.549577,8.471775,7.3299546,-11.4833145,2.1822138,6.115716,-7.469707,2.4469047,4.2016044,15.22457,-1.7736734,15.1209,0.1746121346950531,0.09957443177700043,0.07503770291805267,0.32842397689819336,0.292695552110672,0.03572842478752136,1.1638122,-0.42766666,2.2494962,0.17539439,1.1638122,-0.42766666,2.2494962,0.17539439,1.0,-0.42766666,1.0,0.17539439,33.54301452636719,-0.17106667,0.4,0.07015776
5.716666666666667,7.308027,-11.336486,2.6956093,0.99179035,-0.12427267,-0.028849833,-0.008706325,-0.33284703,0.8490685,3.527749,0.0701917,-0.32347524,0.04188832,-0.50573623,1.6974553,3.184273,-0.5826008,2.9847476,1.720848,7.3208146,-11.452771,2.2349591,6.115716,-7.469707,2.4469047,4.1667714,14.914633,-1.6714567,14.820678,0.1746121346950531,0.09605313092470169,0.07855900377035141,0.32842397689819336,0.3050188720226288,0.023405104875564575,0.2766902,2.4270444,-2.489336,-0.22300741,0.2766902,2.4270444,-2.489336,-0.22300741,0.2766902,1.0,-1.0,-0.22300741,21.412019729614258,0.4,-0.4,-0.08920296
5.733333333333333,7.299439,-11.307553,2.7491794,0.9915591,-0.12631659,-0.028032035,-0.008290475,-0.3479674,0.87445986,3.5812528,-0.3516389,0.2251404,0.077500544,-0.518387,1.7484617,3.2226214,-0.7590472,3.060386,2.300906,7.3115783,-11.421373,2.2883353,6.115716,-7.469707,2.4469047,4.1316943,14.592758,-1.5785477,14.507129,0.1746121346950531,0.09332365542650223,0.08128847926855087,0.32842397689819336,0.2976531386375427,0.030770838260650635,0.33128878,-1.0645696,2.7336192,0.14872977,0.33128878,-1.0645696,2.7336192,0.14872977,0.33128878,-1.0,1.0,0.14872977,22.327720642089844,-0.4,0.4,0.05949191
5.75,7.290724,-11.278006,2.8023784,0.9914887,-0.12659596,-0.029379679,-0.007777476,-0.34612006,0.9145818,3.550823,0.07540039,-0.29995203,0.029388418,-0.52444816,1.7809298,3.1808562,-0.36366817,1.9480847,-2.5059125,7.3022704,-11.389304,2.341696,6.115716,-7.469707,2.4469047,4.096611,14.271939,-1.4984773,14.193055,0.1746121346950531,0.0844712108373642,0.0901409238576889,0.32842397689819336,0.2957882285118103,0.03263574838638306,-0.18925805,2.4100866,-1.9394016,-0.19889879,-0.18925805,2.4100866,-1.9394016,-0.19889879,-0.18925805,1.0,-1.0,-0.19889879,13.59736442565918,0.4,-0.4,-0.07955952
5.766666666666667,7.2818856,-11.247946,2.8548028,0.9916913,-0.12524186,-0.028415363,-0.007439781,-0.36273327,0.9656667,3.5092018,0.19412652,0.2486217,0.057096902,-0.53221875,1.8112148,3.1328628,-0.46623585,1.8170999,-2.879605,7.292911,-11.356751,2.3943253,6.115716,-7.469707,2.4469047,4.0617323,13.945289,-1.4252979,13.87226,0.1746121346950531,0.08895155787467957,0.08566057682037354,0.32842397689819336,0.2863115072250366,0.04211246967315674,-0.23770656,0.2608109,3.314136,0.11442432,-0.23770656,0.2608109,3.314136,0.11442432,-0.23770656,0.2608109,1.0,0.11442432,12.784810066223145,0.10432436,0.4,0.04576973
5.783333333333333,7.272936,-11.217365,2.9065125,0.9917623,-0.12438401,-0.02967851,-0.0074284947,-0.36323506,1.0120084,3.4765608,0.07428542,-0.28224018,-0.04625062,-0.5384056,1.8425184,3.0915725,-0.37121055,1.8782185,-2.4774168,7.283504,-11.323746,2.446128,6.115716,-7.469707,2.4469047,4.0270762,13.623689,-1.3609514,13.555542,0.1746121346950531,0.12191024422645569,0.05270189046859741,0.32842397689819336,0.2782960832118988,0.050127893686294556,-0.19255556,-0.27065903,-1.5823481,-0.4255083,-0.19255556,-0.27065903,-1.5823481,-0.4255083,-0.19255556,-0.27065903,-1.0,-0.4255083,13.542060852050781,-0.10826361,-0.4,-0.17020331
5.8,7.2639523,-11.186654,2.955987,0.9920714,-0.12211409,-0.028694283,-0.007677377,-0.38130715,1.0676421,3.3123899,0.3393265,0.25939122,-0.015064759,-0.5392642,1.8428358,2.927513,-0.05151629,0.019040106,-9.843577,7.2740765,-11.290506,2.4962156,6.115716,-7.469707,2.4469047,3.992836,13.311901,-1.3044951,13.24783,0.1746121346950531,0.10916873067617416,0.06544340401887894,0.32842397689819336,0.2701382040977478,0.05828577280044556,-1.6113889,0.6052729,4.042274,0.1279929,-1.6113889,0.6052729,4.042274,0.1279929,-1.0,0.6052729,1.0,0.1279929,0.0,0.24210916,0.4,0.05119716
5.816666666666666,7.2549505,-11.155843,3.0031598,0.9920588,-0.12198914,-0.029524686,-0.0081357565,-0.38653693,1.1068255,3.1890285,-0.09462549,-0.20921464,-0.08445759,-0.54045695,1.8505993,2.7977788,-0.071564905,0.46581027,-7.784042,7.2646437,-11.25721,2.5438256,6.115716,-7.469707,2.4469047,3.959117,12.987727,-1.2496883,12.9274645,0.1746121346950531,0.1176212951540947,0.056990839540958405,0.32842397689819336,0.2836441695690155,0.044779807329177856,-0.78008455,-1.2405576,-0.8652158,-0.28549755,-0.78008455,-1.2405576,-0.8652158,-0.28549755,-0.78008455,-1.0,-0.8652158,-0.28549755,3.6883134841918945,-0.4,-0.34608632,-0.11419902
5.833333333333333,7.245932,-11.124988,3.047747,0.99233675,-0.1200506,-0.02794284,-0.008639317,-0.40816367,1.1583807,3.0252979,0.34018934,0.33445692,-0.029755052,-0.5413316,1.8513503,2.6344512,-0.05247831,0.045061108,-9.799661,7.255207,-11.22388,2.5888507,6.115716,-7.469707,2.4469047,3.9258633,12.6695595,-1.196472,12.612937,0.1746121346950531,0.13942211866378784,0.03519001603126526,0.32842397689819336,0.2857968211174011,0.042627155780792236,-1.6380923,1.5564269,4.005494,0.22401741,-1.6380923,1.5564269,4.005494,0.22401741,-1.0,1.0,1.0,0.22401741,0.0,0.4,0.4,0.08960696
5.85,7.236897,-11.094033,3.0900397,0.9923613,-0.119636126,-0.028625567,-0.009307853,-0.41508895,1.1983739,2.9013212,-0.04915733,-0.2063852,-0.11107784,-0.5423641,1.8591361,2.5050983,-0.061951872,0.4671478,-7.761168,7.2457666,-11.190516,2.631316,6.115716,-7.469707,2.4469047,3.8929994,12.353284,-1.1448463,12.30012,0.1746121346950531,0.1274297535419464,0.04718238115310669,0.32842397689819336,0.28381669521331787,0.04460728168487549,-0.77746296,-0.89491606,-1.0038555,-0.3349487,-0.77746296,-0.89491606,-1.0038555,-0.3349487,-0.77746296,-0.89491606,-1.0,-0.3349487,3.7322816848754883,-0.35796642,-0.4,-0.13397948
5.866666666666666,7.227846,-11.063043,3.1297483,0.9926769,-0.11731675,-0.027037838,-0.009905997,-0.43597078,1.2500106,2.735885,0.38561952,0.33727434,-0.037803017,-0.5432364,1.8598603,2.3416827,-0.05233526,0.043451782,-9.804939,7.2363234,-11.157121,2.671231,6.115716,-7.469707,2.4469047,3.8604538,12.045835,-1.0948108,11.995979,0.1746121346950531,0.12197214365005493,0.05263999104499817,0.32842397689819336,0.2961044907569885,0.032319486141204834,-1.7241967,1.6964215,4.4336324,0.30042604,-1.7241967,1.6964215,4.4336324,0.30042604,-1.0,1.0,1.0,0.30042604,0.0,0.4,0.4,0.120170414
5.883333333333333,7.218778,-11.031963,3.1670997,0.9927719,-0.1166532,-0.026082288,-0.01074996,-0.45209503,1.2900342,2.6044118,-0.026381668,0.056692388,-0.10637162,-0.5443343,1.8662196,2.2073658,-0.06587505,0.3815603,-8.059015,7.226876,-11.123685,2.708588,6.115716,-7.469707,2.4469047,3.828147,11.739387,-1.0463655,11.69266,0.1746121346950531,0.13856792449951172,0.03604421019554138,0.32842397689819336,0.2915430963039398,0.03688088059425354,-0.81035936,-0.9534751,-0.51536846,-0.2820501,-0.81035936,-0.9534751,-0.51536846,-0.2820501,-0.81035936,-0.9534751,-0.51536846,-0.2820501,3.1805593967437744,-0.38139006,-0.20614739,-0.112820044
5.9,7.209695,-11.000853,3.2018454,0.9931461,-0.114110164,-0.022349644,-0.011834691,-0.48260686,1.3400334,2.4355323,0.40881842,0.6002512,-0.077093124,-0.54519635,1.8669604,2.0439267,-0.051723715,0.044445988,-9.806341,7.2174263,-11.090219,2.7433863,6.115716,-7.469707,2.4469047,3.7960203,11.439548,-0.99951017,11.395799,0.1746121346950531,0.1410558968782425,0.03355623781681061,0.32842397689819336,0.2710036337375641,0.05742034316062927,-1.3408211,1.6841501,2.5155597,0.11926237,-1.3408211,1.6841501,2.5155597,0.11926237,-1.0,1.0,1.0,0.11926237,0.0,0.4,0.4,0.047704946
5.916666666666667,7.200567,-10.969458,3.235091,0.99329424,-0.112939134,-0.02087032,-0.013256141,-0.500698,1.3805935,2.3714368,0.044844303,0.06364741,-0.17724192,-0.54844105,1.8890902,1.9776249,-0.19468187,1.3277863,-3.9781091,7.207964,-11.05661,2.776172,6.115716,-7.469707,2.4469047,3.763947,11.140315,-0.9543037,11.099366,0.1746121346950531,0.147921621799469,0.026690512895584106,0.32842397689819336,0.27448099851608276,0.053942978382110596,-0.3658821,-0.8397477,-2.4796038,-0.41311806,-0.3658821,-0.8397477,-2.4796038,-0.41311806,-0.3658821,-0.8397477,-1.0,-0.41311806,10.635112762451172,-0.33589908,-0.4,-0.16524723
5.933333333333334,7.191415,-10.937963,3.2660005,0.99371386,-0.10981242,-0.017006397,-0.013591143,-0.5260623,1.4314984,2.1990097,0.48002943,0.60699606,0.06611208,-0.5493105,1.8896279,1.8135977,-0.052167173,0.032265186,-9.841632,7.1984887,-11.022851,2.807001,6.115716,-7.469707,2.4469047,3.731876,10.859541,-0.91304153,10.82109,0.1746121346950531,0.14805381000041962,0.026558324694633484,0.32842397689819336,0.27770689129829407,0.05071708559989929,-1.6333842,1.7858866,2.4825659,1.1195482,-1.6333842,1.7858866,2.4825659,1.1195482,-1.0,1.0,1.0,1.0,0.0,0.4,0.4,0.4
5.95,7.1822352,-10.906223,3.2953093,0.9939381,-0.107960664,-0.015360887,-0.013980632,-0.53907716,1.4741557,2.1238139,0.13385305,0.07063877,-0.059588723,-0.55119383,1.9091183,1.7394761,-0.11299967,1.1694216,-4.4472957,7.1889997,-10.988955,2.835861,6.115716,-7.469707,2.4469047,3.699774,10.57284,-0.8731336,10.536725,0.1746121346950531,0.12562577426433563,0.04898636043071747,0.32842397689819336,0.30516913533210754,0.023254841566085815,-0.41759917,-0.79523534,-2.9164686,-0.5182615,-0.41759917,-0.79523534,-2.9164686,-0.5182615,-0.41759917,-0.79523534,-1.0,-0.5182615,9.767739295959473,-0.31809413,-0.4,-0.2073046
5.966666666666667,7.173038,-10.874396,3.32225,0.99439126,-0.10408534,-0.011504444,-0.01482686,-0.56247824,1.5243589,1.94784,0.56883484,0.61416316,-0.056639828,-0.5520362,1.9097719,1.575487,-0.050543543,0.03921747,-9.839343,7.179502,-10.954927,2.8627167,6.115716,-7.469707,2.4469047,3.6676016,10.299917,-0.8349331,10.266021,0.1746121346950531,0.13211394846439362,0.042498186230659485,0.32842397689819336,0.30043455958366394,0.02798941731452942,-1.3294451,1.4411286,1.8451196,0.010703653,-1.3294451,1.4411286,1.8451196,0.010703653,-1.0,1.0,1.0,0.010703653,0.0,0.4,0.4,0.0042814612
5.983333333333333,7.163827,-10.842344,3.3475573,0.9946077,-0.10203072,-0.009870015,-0.015739158,-0.5746763,1.5641811,1.8681319,0.13554272,0.07580482,-0.10240808,-0.55283505,1.9274123,1.4987619,-0.047929283,1.0584211,-4.603507,7.1699944,-10.920772,2.8875794,6.115716,-7.469707,2.4469047,3.6353188,10.021977,-0.7978513,9.990169,0.1746121346950531,0.1342357099056244,0.04037642478942871,0.32842397689819336,0.30793118476867676,0.0204927921295166,-0.43617016,-1.6281258,-3.3355117,-0.18972632,-0.43617016,-1.6281258,-3.3355117,-0.18972632,-0.43617016,-1.0,-1.0,-0.18972632,9.456275939941406,-0.4,-0.4,-0.07589053
6.0,7.154601,-10.810199,3.3705685,0.9950281,-0.09813984,-0.0059002023,-0.015901795,-0.59235907,1.6113318,1.6972955,0.5705484,0.61975175,0.06794047,-0.5537924,1.9293443,1.3412817,-0.057442185,0.11592149,-9.448813,7.1604757,-10.886487,2.9104698,6.115716,-7.469707,2.4469047,3.6028879,9.756356,-0.7612407,9.726613,0.1746121346950531,0.12539218366146088,0.049219951033592224,0.32842397689819336,0.3181021213531494,0.010321855545043945,-0.95809114,1.6257042,1.5998824,0.69951487,-0.95809114,1.6257042,1.5998824,0.69951487,-0.95809114,1.0,1.0,0.69951487,0.7028747797012329,0.4,0.4,0.27980596
6.016666666666667,7.145367,-10.777715,3.3925648,0.9952316,-0.096075244,-0.0041397987,-0.016321227,-0.6006365,1.6490544,1.6643417,0.13695426,0.08548431,-0.06323729,-0.5539064,1.9552718,1.3115935,-0.0068378444,1.5556525,-1.7812871,7.1509395,-10.852008,2.931784,6.115716,-7.469707,2.4469047,3.5702598,9.486601,-0.7251013,9.458849,0.1746121346950531,0.14168988168239594,0.032922253012657166,0.32842397689819336,0.314924418926239,0.013499557971954346,-0.13272865,-1.440971,-4.042404,-0.54094326,-0.13272865,-1.440971,-4.042404,-0.54094326,-0.13272865,-1.0,-1.0,-0.54094326,14.545448303222656,-0.4,-0.4,-0.2163773
6.033333333333333,7.13613,-10.745065,3.4126525,0.9956014,-0.09220899,-0.0018269874,-0.016487759,-0.60997534,1.6927041,1.5100573,0.5695734,0.3527925,0.028533118,-0.55439895,1.9601674,1.169605,-0.029554365,0.29373404,-8.519311,7.1413918,-10.817322,2.9516582,6.115716,-7.469707,2.4469047,3.537416,9.234946,-0.687785,9.209299,0.1746121346950531,0.13509804010391235,0.03951409459114075,0.32842397689819336,0.31337621808052063,0.01504775881767273,-0.8546105,1.8157243,0.48430014,0.3762107,-0.8546105,1.8157243,0.48430014,0.3762107,-0.8546105,1.0,0.48430014,0.3762107,2.438400983810425,0.4,0.19372006,0.15048428
6.05,7.1269,-10.712114,3.431663,0.9957804,-0.09018653,-0.002294914,-0.016805436,-0.61017215,1.7275599,1.4687802,0.1360803,-0.18222372,-0.06696088,-0.55354697,1.9825747,1.1300762,0.051119324,1.3444375,-2.3717306,7.131828,-10.782437,2.970075,6.115716,-7.469707,2.4469047,3.5043364,8.978323,-0.6494684,8.954802,0.1746121346950531,0.16769759356975555,0.006914541125297546,0.32842397689819336,0.31081658601760864,0.017607390880584717,-0.19709952,-1.7596291,-2.854056,-0.39328477,-0.19709952,-1.7596291,-2.854056,-0.39328477,-0.19709952,-1.0,-1.0,-0.39328477,13.465851783752441,-0.4,-0.4,-0.15731391
6.066666666666666,7.117665,-10.67906,3.4484684,0.99613863,-0.08632159,-0.00039993384,-0.01600685,-0.6137959,1.7687324,1.2933347,0.5708739,0.36182544,0.17624666,-0.55441046,1.9834384,0.9677169,-0.051809546,0.051820274,-9.741557,7.1222534,-10.747388,2.9868348,6.115716,-7.469707,2.4469047,3.470999,8.7344265,-0.6082092,8.713224,0.1746121346950531,0.13834039866924286,0.03627173602581024,0.32842397689819336,0.3036026656627655,0.024821311235427856,-0.98780894,2.3091197,3.417028,1.0853919,-0.98780894,2.3091197,3.417028,1.0853919,-0.98780894,1.0,1.0,1.0,0.20446240901947021,0.4,0.4,0.4
6.083333333333333,7.1084394,-10.645676,3.4644778,0.9963205,-0.0842871,-0.0006987205,-0.015509469,-0.6109072,1.801959,1.2802756,0.1371952,-0.17014703,0.016849775,-0.5531465,2.009352,0.95702857,0.07583856,1.5548156,-0.64129823,7.1126623,-10.712146,3.0021684,6.115716,-7.469707,2.4469047,3.437387,8.483113,-0.5663617,8.464186,0.1746121346950531,0.1367449015378952,0.0378672331571579,0.32842397689819336,0.3146533966064453,0.013770580291748047,-0.014157126,-1.5798048,-3.283483,-0.655508,-0.014157126,-1.5798048,-3.283483,-0.655508,-0.014157126,-1.0,-1.0,-0.655508,16.53407096862793,-0.4,-0.4,-0.2622032
6.1,7.09921,-10.612165,3.4784524,0.9966452,-0.08040973,0.0012588953,-0.015199777,-0.61510664,1.8393171,1.1080515,0.571993,0.37430978,0.07034637,-0.553977,2.010999,0.7988833,-0.049831863,0.098819725,-9.488714,7.103061,-10.676714,3.0160913,6.115716,-7.469707,2.4469047,3.403486,8.248919,-0.52121866,8.232435,0.1746121346950531,0.15426243841648102,0.020349696278572083,0.32842397689819336,0.29553455114364624,0.03288942575454712,-0.959309,2.4345222,2.6013184,0.21932307,-0.959309,2.4345222,2.6013184,0.21932307,-0.959309,1.0,1.0,0.21932307,0.6824496984481812,0.4,0.4,0.08772923
6.116666666666666,7.089999,-10.578345,3.4916587,0.99680734,-0.07836064,0.0010116312,-0.015286328,-0.61401874,1.8691659,1.0947626,0.13876475,-0.15834832,-0.039468676,-0.55223334,2.0351381,0.78902256,0.10462045,1.4483498,-0.5916452,7.093449,-10.641091,3.0286613,6.115716,-7.469707,2.4469047,3.3692849,8.006978,-0.4753696,7.9928546,0.1746121346950531,0.15800592303276062,0.01660621166229248,0.32842397689819336,0.2895841598510742,0.03883981704711914,-0.010413835,-1.7055343,-3.4447656,-0.45209825,-0.010413835,-1.7055343,-3.4447656,-0.45209825,-0.010413835,-1.0,-1.0,-0.45209825,16.596851348876953,-0.4,-0.4,-0.1808393
6.133333333333333,7.080786,-10.544382,3.5029879,0.99711233,-0.07446442,0.0031028108,-0.014570203,-0.61551005,1.9037288,0.933981,0.57374054,0.3868975,0.15477234,-0.55299544,2.0385878,0.6432047,-0.045726296,0.20698069,-8.749072,7.083826,-10.605272,3.0399249,6.115716,-7.469707,2.4469047,3.3347683,7.779927,-0.425813,7.7682652,0.1746121346950531,0.16790767014026642,0.006704464554786682,0.32842397689819336,0.2970023453235626,0.03142163157463074,-0.8803057,2.7166553,2.0038998,0.7984787,-0.8803057,2.7166553,2.0038998,0.7984787,-0.8803057,1.0,1.0,0.7984787,2.007453680038452,0.4,0.4,0.3193915
6.15,7.0715995,-10.5101,3.5137565,0.99726975,-0.07239761,0.0030036415,-0.014234264,-0.6123495,1.9315424,0.93228024,0.14032997,-0.14433117,0.0023267088,-0.5505857,2.0627046,0.6458172,0.14458536,1.4470052,0.15675186,7.0741916,-10.569247,3.0500338,6.115716,-7.469707,2.4469047,3.299938,7.54648,-0.37519726,7.537147,0.1746121346950531,0.14389660954475403,0.030715525150299072,0.32842397689819336,0.2945583164691925,0.033865660429000854,0.06849634,-1.248845,-4.0466623,-0.6271369,0.06849634,-1.248845,-4.0466623,-0.6271369,0.06849634,-1.0,-1.0,-0.6271369,17.9202938079834,-0.4,-0.4,-0.25085476
6.166666666666667,7.0624194,-10.475653,3.5229042,0.9975422,-0.06850927,0.0042160563,-0.014073968,-0.6132628,1.9623355,0.7880995,0.5740832,0.248445,0.04119074,-0.55088294,2.0683367,0.51620096,-0.017834902,0.3379297,-7.776975,7.0645485,-10.533012,3.0590787,6.115716,-7.469707,2.4469047,3.2647939,7.3271427,-0.31993228,7.3201547,0.1746121346950531,0.16122184693813324,0.01339028775691986,0.32842397689819336,0.30672720074653625,0.021696776151657104,-0.77546245,2.9229631,0.71494615,0.15905932,-0.77546245,2.9229631,0.71494615,0.15905932,-0.77546245,1.0,0.71494615,0.15905932,3.7658331394195557,0.4,0.28597847,0.06362373
6.183333333333334,7.0532684,-10.440934,3.5313056,0.99768376,-0.06645541,0.0029131956,-0.014216918,-0.6102145,1.9868299,0.76696205,0.14096642,-0.28482416,-0.048872694,-0.5484569,2.0876625,0.4989447,0.14556168,1.1595439,-1.0353756,7.054898,-10.496578,3.0669653,6.115716,-7.469707,2.4469047,3.229317,7.102675,-0.26278427,7.097812,0.1746121346950531,0.13810501992702484,0.03650711476802826,0.32842397689819336,0.30963465571403503,0.018789321184158325,-0.059710156,-1.3206037,-3.4330678,-0.37046087,-0.059710156,-1.3206037,-3.4330678,-0.37046087,-0.059710156,-1.0,-1.0,-0.37046087,15.7700777053833,-0.4,-0.4,-0.14818434
6.2,7.0441203,-10.406079,3.537974,0.9979465,-0.06255195,0.0039689397,-0.013195534,-0.6073111,2.0153286,0.6197611,0.5762061,0.26150122,0.19272283,-0.5490711,2.0924625,0.36688113,-0.03684997,0.28800485,-7.923814,7.045242,-10.459967,3.0736158,6.115716,-7.469707,2.4469047,3.1934993,6.8874054,-0.2011047,6.8844686,0.1746121346950531,0.1319580376148224,0.04265409708023071,0.32842397689819336,0.30022722482681274,0.028196752071380615,-0.7931757,3.4438071,2.263598,0.99354863,-0.7931757,3.4438071,2.263598,0.99354863,-0.7931757,1.0,1.0,0.99354863,3.4687552452087402,0.4,0.4,0.39741945
6.216666666666667,7.0349946,-10.371027,3.5434809,0.99817485,-0.058895115,0.0027866077,-0.013053392,-0.6037308,2.039647,0.55883855,0.3963903,-0.27016917,-0.050248828,-0.5470656,2.106398,0.317423,0.120327465,0.8361339,-2.9674885,7.0355816,-10.423205,3.0788114,6.115716,-7.469707,2.4469047,3.1573107,6.667563,-0.13842486,6.666126,0.1746121346950531,0.11597777903079987,0.058634355664253235,0.32842397689819336,0.2895437180995941,0.03888025879859924,-0.26733732,-0.408266,-3.7743287,-1.3615484,-0.26733732,-0.408266,-3.7743287,-1.3615484,-0.26733732,-0.408266,-1.0,-1.0,12.287857055664062,-0.1633064,-0.4,-0.4
6.233333333333333,7.025873,-10.335803,3.547676,0.9985215,-0.05286046,0.0039517824,-0.012038113,-0.6004795,2.066151,0.4460972,0.83206844,0.27928248,0.19284691,-0.54739004,2.115742,0.22925596,-0.019465683,0.56063175,-5.2900214,7.0259194,-10.386272,3.082821,6.115716,-7.469707,2.4469047,3.1207712,6.454209,-0.07244936,6.453802,0.1746121346950531,0.12699764966964722,0.047614485025405884,0.32842397689819336,0.2857370972633362,0.04268687963485718,-0.51503456,1.2775677,2.0683937,1.0090879,-0.51503456,1.2775677,2.0683937,1.0090879,-0.51503456,1.0,1.0,1.0,8.133601188659668,0.4,0.4,0.4
6.25,7.016772,-10.300428,3.5505974,0.9987401,-0.04865969,0.0028886597,-0.0119152935,-0.5973782,2.0857906,0.35847265,0.39752024,-0.2565028,-0.050177597,-0.54565793,2.1245246,0.1566476,0.10392665,0.5269575,-4.3565016,7.016255,-10.349183,3.085526,6.115716,-7.469707,2.4469047,3.0838597,6.241571,-0.005708843,6.241568,0.1746121346950531,0.12320250272750854,0.051409631967544556,0.32842397689819336,0.2804405689239502,0.047983407974243164,-0.4146468,-3.895268,-4.0262036,-1.2166002,-0.4146468,-3.895268,-4.0262036,-1.2166002,-0.4146468,-1.0,-1.0,-1.0,9.817255020141602,-0.4,-0.4,-0.4
6.266666666666667,7.0076733,-10.264924,3.5521264,0.99897885,-0.04364901,0.0041641486,-0.010890601,-0.5935282,2.105741,0.24989967,0.667319,0.29103565,0.19281374,-0.54599684,2.1321187,0.069482215,-0.020334719,0.45564649,-5.2299223,7.006593,-10.311949,3.0869071,6.115716,-7.469707,2.4469047,3.0465724,6.0290475,0.0637978,6.02871,0.1746121346950531,0.15723909437656403,0.017373040318489075,0.32842397689819336,0.2874142825603485,0.04100969433784485,-0.5107858,0.61407614,1.6586115,1.18482,-0.5107858,0.61407614,1.6586115,1.18482,-0.5107858,0.61407614,1.0,1.0,8.204858779907227,0.24563046,0.4,0.4
6.283333333333333,6.9985924,-10.229313,3.5522153,0.9991033,-0.04081674,0.0032086316,-0.010776054,-0.59075403,2.1202464,0.15363279,0.23266554,-0.24604855,-0.050245065,-0.544385,2.1380844,-0.01668886,0.09670972,0.35794255,-5.1702642,6.996932,-10.274582,3.0868616,6.115716,-7.469707,2.4469047,3.0088885,5.81557,0.13330455,5.814042,0.1746121346950531,0.17130954563617706,0.0033025890588760376,0.32842397689819336,0.2831076681613922,0.04531630873680115,-0.5020282,-2.9226847,-4.310674,-1.3447443,-0.5020282,-2.9226847,-4.310674,-1.3447443,-0.5020282,-1.0,-1.0,-1.0,8.351737022399902,-0.4,-0.4,-0.4
6.3,6.989514,-10.193603,3.5507686,0.9992886,-0.036140896,0.0045815986,-0.009745194,-0.5861572,2.1357617,0.038862452,0.6682293,0.30287147,0.19289503,-0.5447481,2.1441908,-0.11074392,-0.021786688,0.36638257,-5.643303,6.987275,-10.237096,3.0853205,6.115716,-7.469707,2.4469047,2.9707963,5.6000133,0.20493025,5.5962625,0.1746121346950531,0.22608886659145355,0.05147673189640045,0.32842397689819336,0.2980983853340149,0.030325591564178467,-0.5560864,2.3343067,1.2259837,1.3485571,-0.5560864,2.3343067,1.2259837,1.3485571,-0.5560864,1.0,1.0,1.0,7.445099830627441,0.4,0.4,0.4
6.316666666666666,6.9804564,-10.157805,3.547858,0.9993919,-0.033298485,0.0037272933,-0.009641582,-0.58358216,2.1465943,-0.05760402,0.2335715,-0.23418449,-0.050150726,-0.54308844,2.1489964,-0.1965257,0.09958147,0.28833386,-5.1469064,6.977625,-10.199495,3.0822787,6.115716,-7.469707,2.4469047,2.932291,5.3831778,0.27632082,5.3760815,0.1746121346950531,0.23320627212524414,0.05859413743019104,0.32842397689819336,0.2930402159690857,0.035383760929107666,-0.5005077,-3.6183805,-4.5771255,-1.3816003,-0.5005077,-3.6183805,-4.5771255,-1.3816003,-0.5005077,-1.0,-1.0,-1.0,8.377238273620605,-0.4,-0.4,-0.4
6.333333333333333,6.971403,-10.121918,3.5435336,0.99954104,-0.028618028,0.00496705,-0.008597536,-0.578152,2.1577103,-0.16314481,0.66890514,0.27802512,0.19299217,-0.5432667,2.1546385,-0.28103969,-0.010696649,0.3385305,-5.0708394,6.9679832,-10.1617775,3.0778074,6.115716,-7.469707,2.4469047,2.8933787,5.1643906,0.34947753,5.152552,0.1746121346950531,0.26258063316345215,0.08796849846839905,0.32842397689819336,0.3199286460876465,0.008495330810546875,-0.49583253,1.7076844,0.9306824,1.4465423,-0.49583253,1.7076844,0.9306824,1.4465423,-0.49583253,1.0,0.9306824,1.0,8.455647468566895,0.4,0.37227297,0.4
6.35,6.9623694,-10.085959,3.5377793,0.9996241,-0.025769545,0.003908128,-0.008494843,-0.5758666,2.1649032,-0.2602124,0.23430875,-0.25902134,-0.05007837,-0.5415818,2.1582227,-0.36729047,0.10109424,0.21504878,-5.1750464,6.958348,-10.123946,3.0719151,6.115716,-7.469707,2.4469047,2.8540587,4.9438457,0.42210507,4.925793,0.1746121346950531,0.2878962457180023,0.11328411102294922,0.32842397689819336,0.32562097907066345,0.0028029978275299072,-0.50336695,-4.324559,-4.607304,-1.4399205,-0.50336695,-4.324559,-4.607304,-1.4399205,-0.50336695,-1.0,-1.0,-1.0,8.32928466796875,-0.4,-0.4,-0.4
6.366666666666666,6.9533424,-10.049929,3.5307698,0.9997055,-0.022513732,0.005173145,-0.0074376645,-0.5699006,2.172384,-0.34715003,0.44061995,0.2887688,0.1928727,-0.54171455,2.162949,-0.43903106,-0.007964373,0.2835846,-4.3044357,6.948727,-10.086001,3.0647001,6.115716,-7.469707,2.4469047,2.8143518,4.719972,0.49638128,4.693798,0.1746121346950531,0.24436359107494354,0.06975145637989044,0.32842397689819336,0.3482673466205597,0.019843369722366333,-0.41510746,0.46593988,1.1713146,1.5394694,-0.41510746,0.46593988,1.1713146,1.5394694,-0.41510746,0.46593988,1.0,1.0,9.809529304504395,0.18637596,0.4,0.4
6.383333333333333,6.944335,-10.013844,3.5223644,0.9997316,-0.021563731,0.004216148,-0.0073343576,-0.56782585,2.1782641,-0.43763858,0.0061430824,-0.24881205,-0.050237883,-0.54002464,2.1655922,-0.52666134,0.101394646,0.15858649,-5.257816,6.939117,-10.047945,3.056163,6.115716,-7.469707,2.4469047,2.774256,4.4930606,0.56965774,4.456802,0.1746121346950531,0.26998478174209595,0.09537264704704285,0.32842397689819336,0.34343838691711426,0.015014410018920898,-0.5116484,-2.3373005,-4.7133675,-1.575769,-0.5116484,-2.3373005,-4.7133675,-1.575769,-0.5116484,-1.0,-1.0,-1.0,8.19039249420166,-0.4,-0.4,-0.4
6.4,6.935334,-9.977693,3.5127335,0.999789,-0.018776303,0.005465935,-0.006271016,-0.56127393,2.1841106,-0.51989156,0.44185573,0.28238004,0.19290714,-0.5400618,2.1700685,-0.5956431,-0.0022280216,0.26857853,-4.138906,6.929524,-10.009786,3.0463312,6.115716,-7.469707,2.4469047,2.7337878,4.2617483,0.64405346,4.2128015,0.1746121346950531,0.22933396697044373,0.054721832275390625,0.32842397689819336,0.35060080885887146,0.0221768319606781,-0.39782,3.4344964,0.96406555,1.6633071,-0.39782,3.4344964,0.96406555,1.6633071,-0.39782,1.0,0.96406555,1.0,10.099466323852539,0.4,0.38562623,0.4
6.416666666666667,6.9263577,-9.941486,3.5020332,0.9998123,-0.01781267,0.0044674324,-0.0061707,-0.55942667,2.188424,-0.585486,0.0077499175,-0.25340366,-0.050209787,-0.53806585,2.1730387,-0.658286,0.11975526,0.1782131,-3.758572,6.919948,-9.971517,3.0353923,6.115716,-7.469707,2.4469047,2.6929832,4.0286217,0.71715534,3.9642756,0.1746121346950531,0.280674546957016,0.10606241226196289,0.32842397689819336,0.3552652597427368,0.026841282844543457,-0.35291576,-2.4369545,-4.5642376,-1.696876,-0.35291576,-2.4369545,-4.5642376,-1.696876,-0.35291576,-1.0,-1.0,-1.0,10.852578163146973,-0.4,-0.4,-0.4
6.433333333333334,6.917391,-9.90522,3.49027,0.9998575,-0.015010466,0.005801274,-0.0051044463,-0.552326,2.1922002,-0.66310614,0.4436606,0.2974764,0.19292904,-0.53805935,2.1769671,-0.72237223,0.00038981435,0.23570536,-3.8451753,6.910398,-9.933139,3.02341,6.115716,-7.469707,2.4469047,2.6518624,3.7925367,0.7911413,3.709101,0.1746121346950531,0.2619292736053467,0.08731713891029358,0.32842397689819336,0.37035447359085083,0.04193049669265747,-0.36566114,3.3430033,1.1909875,1.5890733,-0.36566114,3.3430033,1.1909875,1.5890733,-0.36566114,1.0,1.0,1.0,10.638818740844727,0.4,0.4,0.4
6.45,6.90845,-9.868906,3.4775515,0.9998768,-0.014029196,0.0049325526,-0.0050099012,-0.55043995,2.1949825,-0.72150534,0.009650581,-0.23777908,-0.050179295,-0.53591704,2.179393,-0.77752274,0.12853861,0.14555453,-3.3090303,6.9008703,-9.894656,3.0104513,6.115716,-7.469707,2.4469047,2.6104465,3.5543766,0.86312735,3.4479856,0.1746121346950531,0.29007917642593384,0.11546704173088074,0.32842397689819336,0.3832426965236664,0.05481871962547302,-0.30507725,-2.6133857,-4.446506,-1.9337487,-0.30507725,-2.6133857,-4.446506,-1.9337487,-0.30507725,-1.0,-1.0,-1.0,11.654901504516602,-0.4,-0.4,-0.4
6.466666666666667,6.899519,-9.8325405,3.463857,0.9999089,-0.011211558,0.0063971775,-0.0039417217,-0.54260534,2.196737,-0.7949589,0.44556582,0.31337297,0.19295351,-0.53578323,2.182688,-0.8371643,0.008028746,0.19769667,-3.5784922,6.891372,-9.856073,2.9965549,6.115716,-7.469707,2.4469047,2.5687551,3.314647,0.9355857,3.1798687,0.1746121346950531,0.2718217372894287,0.09720960259437561,0.32842397689819336,0.385813444852829,0.05738946795463562,-0.3372169,3.1948123,1.3199211,1.4508029,-0.3372169,3.1948123,1.3199211,1.4508029,-0.3372169,1.0,1.0,1.0,11.11587142944336,0.4,0.4,0.4
6.483333333333333,6.890617,-9.79614,3.4492693,0.9999243,-0.010212674,0.0056632073,-0.0038523548,-0.54050654,2.1979947,-0.8501941,0.011596521,-0.22164103,-0.050145544,-0.53347224,2.1843705,-0.88887054,0.13865948,0.10095119,-3.102375,6.8819027,-9.817397,2.9817545,6.115716,-7.469707,2.4469047,2.5268073,3.0748844,1.0055732,2.9058108,0.1746121346950531,0.3111100494861603,0.13649791479110718,0.32842397689819336,0.37953999638557434,0.05111601948738098,-0.2830615,-2.883019,-4.329264,-2.2265828,-0.2830615,-2.883019,-4.329264,-2.2265828,-0.2830615,-1.0,-1.0,-1.0,12.024139404296875,-0.4,-0.4,-0.4
6.5,6.881732,-9.759699,3.4338632,0.9999425,-0.0073780343,0.00726629,-0.0027818154,-0.53182,2.197775,-0.9124961,0.4476024,0.33026752,0.19297543,-0.533062,2.1870902,-0.93711144,0.024615524,0.16317843,-2.8944538,6.8724723,-9.778635,2.966136,6.115716,-7.469707,2.4469047,2.4846387,2.8364856,1.075621,2.6246314,0.1746121346950531,0.2590314447879791,0.08441931009292603,0.32842397689819336,0.3856247663497925,0.05720078945159912,-0.26482773,3.021379,1.4372705,1.2813375,-0.26482773,3.021379,1.4372705,1.2813375,-0.26482773,1.0,1.0,1.0,12.329947471618652,0.4,0.4,0.4
6.516666666666667,6.8728786,-9.723237,3.4175975,0.9999538,-0.0063610054,0.00667375,-0.0026968902,-0.52932525,2.1975138,-0.9688585,0.013624302,-0.20480986,-0.05011319,-0.5305691,2.1879137,-0.9896817,0.14957426,0.049409863,-3.1542168,6.863076,-9.739797,2.9497035,6.115716,-7.469707,2.4469047,2.4422655,2.602298,1.1429626,2.3378606,0.1746121346950531,0.26240143179893494,0.08778929710388184,0.32842397689819336,0.3931329548358917,0.06470897793769836,-0.28800723,-3.245286,-4.263493,-2.5568824,-0.28800723,-3.245286,-4.263493,-2.5568824,-0.28800723,-1.0,-1.0,-1.0,11.941191673278809,-0.4,-0.4,-0.4
6.533333333333333,6.864049,-9.686744,3.4008293,0.999957,-0.0035078037,0.008427052,-0.0016239274,-0.5196969,2.195409,-1.0061377,0.44989663,0.34881997,0.19298556,-0.52958834,2.1900313,-1.0126789,0.058844086,0.12705803,-1.3798283,6.853727,-9.700881,2.932651,6.115716,-7.469707,2.4469047,2.399739,2.375546,1.2099527,2.0443172,0.1746121346950531,0.23226197063922882,0.05764983594417572,0.32842397689819336,0.3756113350391388,0.047187358140945435,-0.10472614,2.8985224,1.4454304,1.1094679,-0.10472614,2.8985224,1.4454304,1.1094679,-0.10472614,1.0,1.0,1.0,15.015091896057129,0.4,0.4,0.4
6.55,6.8552547,-9.650243,3.3832593,0.9999639,-0.0024709792,0.007988168,-0.0015429398,-0.51660013,2.1936526,-1.0663849,0.01588249,-0.18651472,-0.05008988,-0.5268937,2.1899862,-1.0688813,0.16167997,-0.0027036665,-3.3721445,6.8444185,-9.661901,2.914969,6.115716,-7.469707,2.4469047,2.3570762,2.16079,1.2741187,1.7451748,0.1746121346950531,0.2690559923648834,0.09444385766983032,0.32842397689819336,0.387826144695282,0.05940216779708862,-0.3097629,-3.6890593,-4.309344,-2.872685,-0.3097629,-3.6890593,-4.309344,-2.872685,-0.3097629,-1.0,-1.0,-1.0,11.576316833496094,-0.4,-0.4,-0.4
6.566666666666666,6.8464975,-9.613729,3.3656085,0.99995065,0.00040303313,0.009907779,-0.00052864116,-0.50622475,2.1897426,-1.069142,0.45253053,0.36948723,0.18318664,-0.5249767,2.1911447,-1.0571588,0.11502027,0.06950855,0.70334667,6.835169,-9.622864,2.8969295,6.115716,-7.469707,2.4469047,2.3143506,1.964745,1.3375797,1.4391329,0.1746121346950531,0.2717451751232147,0.09713304042816162,0.32842397689819336,0.39272063970565796,0.0642966628074646,0.115486585,2.7714043,1.1986998,0.95965755,0.115486585,2.7714043,1.1986998,0.95965755,0.115486585,1.0,1.0,0.95965755,18.708391189575195,0.4,0.4,0.38386303
6.583333333333333,6.8377833,-9.577218,3.347167,0.99995226,0.0014612043,0.009637208,-0.00053234486,-0.50267273,2.1864429,-1.1399902,0.01844008,-0.1666308,-0.05985773,-0.5221595,2.1902964,-1.1237177,0.16902922,-0.050897595,-3.99353,6.8259716,-9.583776,2.87847,6.115716,-7.469707,2.4469047,2.2715638,1.7963805,1.3983934,1.1275988,0.1746121346950531,0.29411453008651733,0.11950239539146423,0.32842397689819336,0.4101454019546509,0.08172142505645752,-0.37367392,-4.1624856,-4.486629,-3.0381873,-0.37367392,-4.1624856,-4.486629,-3.0381873,-0.37367392,-1.0,-1.0,-1.0,10.504432678222656,-0.4,-0.4,-0.4
6.6,6.829121,-9.540716,3.3289504,0.9999314,0.004349717,0.0108658895,0.00037970179,-0.49339047,2.1807919,-1.1143266,0.4542481,0.25249052,0.16983287,-0.518942,2.1899717,-1.084313,0.19305108,-0.019483564,2.3642776,6.8168406,-9.544656,2.8598154,6.115716,-7.469707,2.4469047,2.228785,1.6676791,1.458031,0.8095056,0.1746121346950531,0.31077101826667786,0.13615888357162476,0.32842397689819336,0.4153698980808258,0.08694592118263245,0.29126653,2.580995,0.74239635,0.94480443,0.29126653,2.580995,0.74239635,0.94480443,0.29126653,1.0,0.74239635,0.94480443,21.65648651123047,0.4,0.29695854,0.3779218
6.616666666666666,6.8205104,-9.504237,3.310099,0.9999389,0.0054241912,0.009623505,0.00025726578,-0.49238366,2.175969,-1.180838,0.020449502,-0.2832973,-0.07325658,-0.51591426,2.1883395,-1.1474597,0.18166421,-0.09793281,-3.7888024,6.807774,-9.505511,2.8409865,6.115716,-7.469707,2.4469047,2.1860337,1.5919837,1.5159041,0.48625797,0.1746121346950531,0.2988665997982025,0.12425446510314941,0.32842397689819336,0.4067258834838867,0.07830190658569336,-0.35060355,-4.6009307,-3.9279623,-2.9313817,-0.35060355,-4.6009307,-3.9279623,-2.9313817,-0.35060355,-1.0,-1.0,-1.0,10.891356468200684,-0.4,-0.4,-0.4
6.633333333333333,6.8119583,-9.467792,3.2920117,0.99990654,0.008338949,0.010765315,0.0011460623,-0.48373258,2.168878,-1.1134049,0.4579068,0.27763608,0.16979729,-0.512192,2.1859152,-1.0663646,0.22333501,-0.14545439,4.8657055,6.7987866,-9.466354,2.822338,6.115716,-7.469707,2.4469047,2.1433935,1.5800345,1.5721891,0.15725823,0.1746121346950531,0.34010618925094604,0.16549405455589294,0.32842397689819336,0.42442530393600464,0.09600132703781128,0.55575156,2.342857,2.12268,1.28115,0.55575156,2.342857,2.12268,1.28115,0.55575156,1.0,1.0,1.0,26.09229850769043,0.4,0.4,0.4
6.6499999999999995,6.803457,-9.431387,3.273303,0.99990755,0.009442965,0.009728191,0.0010200028,-0.48230144,2.1626859,-1.1926585,0.023978291,-0.25905076,-0.07327589,-0.50944895,2.183722,-1.141963,0.1645839,-0.13159275,-4.5359015,6.7898765,-9.427207,2.8037753,6.115716,-7.469707,2.4469047,2.1008701,1.6355914,1.6259438,-0.17738639,0.1746121346950531,0.28637152910232544,0.11175939440727234,0.32842397689819336,0.4142148494720459,0.08579087257385254,-0.42743778,-4.7455063,-3.9306965,-2.924883,-0.42743778,-4.7455063,-3.9306965,-2.924883,-0.42743778,-1.0,-1.0,-1.0,9.602731704711914,-0.4,-0.4,-0.4
6.666666666666667,6.795023,-9.395055,3.2557397,0.9998599,0.012388582,0.011085554,0.001914486,-0.47322458,2.1543047,-1.0910746,0.46179894,0.30424199,0.16975327,-0.5049994,2.1786695,-1.0265421,0.26697278,-0.30315396,6.925256,6.7810583,-9.388087,2.7855947,6.115716,-7.469707,2.4469047,2.0585368,1.7539955,1.6764024,-0.5159216,0.1746121346950531,0.29903745651245117,0.12442532181739807,0.32842397689819336,0.41225093603134155,0.0838269591331482,0.77331626,2.2291431,1.997906,1.4254495,0.77331626,2.2291431,1.997906,1.4254495,0.77331626,1.0,1.0,1.0,29.741186141967773,0.4,0.4,0.4
6.683333333333334,6.78664,-9.358776,3.2375786,0.9998542,0.01352449,0.010267395,0.0017861171,-0.47114602,2.1467688,-1.179835,0.027778473,-0.23311348,-0.073304825,-0.5023962,2.1760216,-1.1113657,0.15619038,-0.15887259,-5.089416,6.7723265,-9.349008,2.7677,6.115716,-7.469707,2.4469047,2.0163872,1.9264749,1.7238598,-0.8600077,0.1746121346950531,0.2728636860847473,0.09825155138969421,0.32842397689819336,0.41846662759780884,0.09004265069961548,-0.48426023,-4.7369857,-4.02271,-2.8940377,-0.48426023,-4.7369857,-4.02271,-2.8940377,-0.48426023,-1.0,-1.0,-1.0,8.649733543395996,-0.4,-0.4,-0.4
6.7,6.7783313,-9.322607,3.2207568,0.99979,0.016501991,0.011847179,0.002686857,-0.46151987,2.137151,-1.0600255,0.46576515,0.3314122,0.16971059,-0.4972354,2.1682065,-0.9776026,0.30965027,-0.46890733,8.0257845,6.7636924,-9.309994,2.7502828,6.115716,-7.469707,2.4469047,1.974479,2.139168,1.766961,-1.2057731,0.1746121346950531,0.2727479338645935,0.0981357991695404,0.32842397689819336,0.4090713858604431,0.08064740896224976,0.8897035,2.1183634,1.6107689,1.5579168,0.8897035,2.1183634,1.6107689,1.5579168,0.8897035,1.0,1.0,1.0,31.69317626953125,0.4,0.4,0.4
6.716666666666667,6.7700777,-9.286511,3.2034125,0.99977714,0.017670741,0.011256841,0.002557486,-0.45861632,2.1282806,-1.1489221,0.03176529,-0.2059494,-0.07333164,-0.4944956,2.1649253,-1.0623096,0.16438721,-0.19686697,-5.082421,6.755154,-9.271063,2.7332892,6.115716,-7.469707,2.4469047,1.9328166,2.3853564,1.8071191,-1.5569991,0.1746121346950531,0.2778344750404358,0.10322234034538269,0.32842397689819336,0.43145573139190674,0.10303175449371338,-0.48255396,-4.668611,-4.186762,-2.8549109,-0.48255396,-4.668611,-4.186762,-2.8549109,-0.48255396,-1.0,-1.0,-1.0,8.678350448608398,-0.4,-0.4,-0.4
6.733333333333333,6.7619114,-9.250559,3.1874418,0.9996981,0.020679224,0.012809052,0.0034607858,-0.44878936,2.1174474,-1.0262356,0.4694072,0.31817466,0.1696878,-0.4885904,2.1545823,-0.92585605,0.35431263,-0.6205844,8.187214,6.7467227,-9.232235,2.7168074,6.115716,-7.469707,2.4469047,1.8914337,2.6516073,1.8422726,-1.9071058,0.1746121346950531,0.266818106174469,0.0922059714794159,0.32842397689819336,0.40044930577278137,0.07202532887458801,0.90744305,2.0803456,0.92472756,1.6528491,0.90744305,2.0803456,0.92472756,1.6528491,0.90744305,1.0,0.92472756,1.0,31.990694046020508,0.4,0.36989102,0.4
6.75,6.7538033,-9.2147,3.1709394,0.9996817,0.021879306,0.012109504,0.0033248772,-0.4457855,2.1072369,-1.1167029,0.03543864,-0.21927904,-0.07336291,-0.48573574,2.1507332,-1.012228,0.1712787,-0.23094176,-5.1823173,6.7383885,-9.19353,2.700752,6.115716,-7.469707,2.4469047,1.8503312,2.9382586,1.8750129,-2.2622313,0.1746121346950531,0.26101920008659363,0.08640706539154053,0.32842397689819336,0.4153830111026764,0.08695903420448303,-0.49289262,-4.659572,-4.227418,-2.829124,-0.49289262,-4.659572,-4.227418,-2.829124,-0.49289262,-1.0,-1.0,-1.0,8.504955291748047,-0.4,-0.4,-0.4
6.766666666666667,6.7457933,-9.179018,3.1558852,0.9996033,0.024912696,0.012443547,0.0042049563,-0.43808076,2.095223,-0.9861726,0.47174186,0.12801689,0.1696766,-0.47898406,2.1376073,-0.86926347,0.40510115,-0.7875537,8.577872,6.7301636,-9.154966,2.6852381,6.115716,-7.469707,2.4469047,1.8095435,3.233114,1.9029247,-2.613791,0.1746121346950531,0.28702300786972046,0.11241087317466736,0.32842397689819336,0.4099195599555969,0.08149558305740356,0.9498899,2.0371122,0.5954957,1.7678026,0.9498899,2.0371122,0.5954957,1.7678026,0.9498899,1.0,0.5954957,1.0,32.70259094238281,0.4,0.23819828,0.4
6.783333333333333,6.7378488,-9.143454,3.1404574,0.9995984,0.026143169,0.010166824,0.0040249783,-0.43857765,2.0837097,-1.0647405,0.03820979,-0.40846872,-0.073501855,-0.47599757,2.1325934,-0.9451667,0.17918943,-0.30083653,-4.554194,6.722046,-9.116568,2.6702754,6.115716,-7.469707,2.4469047,1.7690903,3.541663,1.9294828,-2.969928,0.1746121346950531,0.2736521363258362,0.09904000163078308,0.32842397689819336,0.4016820192337036,0.07325804233551025,-0.4259366,-4.931901,-3.0572257,-2.787237,-0.4259366,-4.931901,-3.0572257,-2.787237,-0.4259366,-1.0,-1.0,-1.0,9.627908706665039,-0.4,-0.4,-0.4
6.8,6.7299824,-9.108113,3.1266193,0.9995082,0.029209625,0.01028979,0.0049058273,-0.4325042,2.0706182,-0.9260384,0.47640258,0.15755963,0.1694771,-0.4707668,2.1164622,-0.7943762,0.31384525,-0.9678697,9.04743,6.7140427,-9.078362,2.6560028,6.115716,-7.469707,2.4469047,1.7290139,3.8509924,1.9508592,-3.3202848,0.1746121346950531,0.2875906229019165,0.1129784882068634,0.32842397689819336,0.40657395124435425,0.07814997434616089,1.1457504,1.7942246,2.868425,2.064066,1.1457504,1.7942246,2.868425,2.064066,1.0,1.0,1.0,1.0,33.54301452636719,0.4,0.4,0.4
6.816666666666666,6.722169,-9.072907,3.1123834,0.99949,0.030478856,0.008258959,0.0047240118,-0.43298215,2.0577824,-1.0093107,0.04281599,-0.37926033,-0.07368147,-0.46825367,2.1109757,-0.8747399,0.15078841,-0.32918927,-4.821821,6.70615,-9.040362,2.64232,6.115716,-7.469707,2.4469047,1.6893069,4.1682525,1.96776,-3.6745408,0.1746121346950531,0.25380653142929077,0.07919439673423767,0.32842397689819336,0.39422622323036194,0.06580224633216858,-0.4537093,-5.030342,-2.3312879,-2.769381,-0.4537093,-5.030342,-2.3312879,-2.769381,-0.4537093,-1.0,-1.0,-1.0,9.162117958068848,-0.4,-0.4,-0.4
6.833333333333333,6.714417,-9.03796,3.0997176,0.99938303,0.033579975,0.008623502,0.0056166817,-0.4272003,2.0435684,-0.8706892,0.4809489,0.18673217,0.16929598,-0.4642042,2.0921423,-0.72403467,0.24296878,-1.1300039,9.042313,6.698372,-9.002594,2.629291,6.115716,-7.469707,2.4469047,1.6499985,4.480256,1.9775355,-4.020205,0.1746121346950531,0.28484445810317993,0.11023232340812683,0.32842397689819336,0.39301472902297974,0.06459075212478638,1.2290219,1.8070723,3.3836179,2.1948872,1.2290219,1.8070723,3.3836179,2.1948872,1.0,1.0,1.0,1.0,33.54301452636719,0.4,0.4,0.4
6.85,6.7067075,-9.003166,3.0866175,0.99935305,0.034886595,0.0068363603,0.005434619,-0.42756388,2.0293834,-0.95710176,0.04732403,-0.35031438,-0.073844075,-0.46201488,2.086141,-0.80734676,0.1313585,-0.360074,-4.9987254,6.6907034,-8.96507,2.6168168,6.115716,-7.469707,2.4469047,1.6110836,4.7973366,1.9807745,-4.3693213,0.1746121346950531,0.2500826120376587,0.07547047734260559,0.32842397689819336,0.3784298300743103,0.05000585317611694,-0.47231585,-5.2048836,-1.5857345,-2.786919,-0.47231585,-5.2048836,-1.5857345,-2.786919,-0.47231585,-1.0,-1.0,-1.0,8.850058555603027,-0.4,-0.4,-0.4
6.866666666666666,6.699049,-8.968669,3.075074,0.999229,0.03802195,0.0074400217,0.006339976,-0.42195916,2.014008,-0.8185217,0.48540387,0.21564117,0.1691334,-0.45882177,2.0645564,-0.656769,0.1915866,-1.2950848,9.034667,6.683151,-8.927815,2.6049626,6.115716,-7.469707,2.4469047,1.5725917,5.105179,1.9757099,-4.70738,0.1746121346950531,0.2798287868499756,0.10521665215492249,0.32842397689819336,0.3723450005054474,0.04392102360725403,1.3493177,1.7513183,3.9730327,2.269913,1.3493177,1.7513183,3.9730327,2.269913,1.0,1.0,1.0,1.0,33.54301452636719,0.4,0.4,0.4
6.883333333333333,6.6914268,-8.934346,3.0631082,0.9991863,0.039365802,0.0062462236,0.0061727674,-0.4215444,1.9984524,-0.9042862,0.052269537,-0.2652793,-0.07399105,-0.4568755,2.0577672,-0.7389886,0.11677622,-0.40735242,-4.9331756,6.675706,-8.890842,2.5936584,6.115716,-7.469707,2.4469047,1.5345198,5.416959,1.9626367,-5.048911,0.1746121346950531,0.2587616443634033,0.08414950966835022,0.32842397689819336,0.3803483247756958,0.05192434787750244,-0.46530223,-5.309282,-0.8959446,-2.7312179,-0.46530223,-5.309282,-0.8959446,-2.7312179,-0.46530223,-1.0,-0.8959446,-1.0,8.967687606811523,-0.4,-0.35837784,-0.4
6.8999999999999995,6.68385,-8.900355,3.0527012,0.9990411,0.04253616,0.0075557707,0.0071087563,-0.41509503,1.9818908,-0.766143,0.49027666,0.3005356,0.1689987,-0.4539121,2.0333886,-0.5886122,0.17780362,-1.4627122,9.022582,6.6683745,-8.854175,2.5829766,6.115716,-7.469707,2.4469047,1.496896,5.716875,1.9407305,-5.3773813,0.1746121346950531,0.2899705767631531,0.11535844206809998,0.32842397689819336,0.36721909046173096,0.0387951135635376,1.3778225,1.7550739,3.942403,2.2466557,1.3778225,1.7550739,3.942403,2.2466557,1.0,1.0,1.0,1.0,33.54301452636719,0.4,0.4,0.4
6.916666666666667,6.6763077,-8.866549,3.0417242,0.99898845,0.043914348,0.0067153657,0.006950256,-0.41382924,1.9649249,-0.86377895,0.056444757,-0.2373558,-0.0740656,-0.45199558,2.026873,-0.6824841,0.11499166,-0.39093015,-5.6323133,6.6611457,-8.817821,2.5727508,6.115716,-7.469707,2.4469047,1.4597057,6.020483,1.9104033,-5.709341,0.1746121346950531,0.27964359521865845,0.10503146052360535,0.32842397689819336,0.37323540449142456,0.0448114275932312,-0.53898585,-5.33549,-1.1925111,-2.7339334,-0.53898585,-5.33549,-1.1925111,-2.7339334,-0.53898585,-1.0,-1.0,-1.0,7.731902122497559,-0.4,-0.4,-0.4
6.933333333333334,6.668817,-8.833109,3.032257,0.99882394,0.047116525,0.008255451,0.007899918,-0.4070235,1.9470837,-0.7254893,0.49441057,0.32841274,0.16892782,-0.4486344,1.9996458,-0.53224206,0.2016717,-1.6336368,9.014522,6.6540246,-8.781798,2.5630426,6.115716,-7.469707,2.4469047,1.4229715,6.309415,1.8717152,-6.025396,0.1746121346950531,0.2933194637298584,0.1187073290348053,0.32842397689819336,0.3585518002510071,0.03012782335281372,1.507382,1.7511915,4.11954,2.158067,1.507382,1.7511915,4.11954,2.158067,1.0,1.0,1.0,1.0,33.54301452636719,0.4,0.4,0.4
6.95,6.661366,-8.799868,3.022171,0.99876255,0.048526864,0.007647135,0.0077466867,-0.40507823,1.9286774,-0.82705903,0.060532074,-0.20977214,-0.074119106,-0.44665098,1.9928653,-0.6300017,0.11900424,-0.40683028,-5.8655796,6.647003,-8.746119,2.5537426,6.115716,-7.469707,2.4469047,1.3866892,6.6035213,1.8260795,-6.3460164,0.1746121346950531,0.2702687978744507,0.09565666317939758,0.32842397689819336,0.35892292857170105,0.03049895167350769,-0.5634482,-5.411985,-1.2008705,-2.7566597,-0.5634482,-5.411985,-1.2008705,-2.7566597,-0.5634482,-1.0,-1.0,-1.0,7.321631908416748,-0.4,-0.4,-0.4
6.966666666666667,6.653973,-8.767032,3.0135756,0.9985772,0.05176008,0.009414732,0.008710714,-0.39778712,1.9095111,-0.68863386,0.49846777,0.35594094,0.16888233,-0.4425834,1.962755,-0.47999635,0.24405418,-1.8066214,9.000321,6.6400805,-8.710803,2.5449214,6.115716,-7.469707,2.4469047,1.350883,6.881283,1.7730258,-6.648942,0.1746121346950531,0.24866515398025513,0.07405301928520203,0.32842397689819336,0.33825305104255676,0.009829074144363403,1.5964284,1.7152613,4.0985904,2.0293489,1.5964284,1.7152613,4.0985904,2.0293489,1.0,1.0,1.0,1.0,33.54301452636719,0.4,0.4,0.4
6.983333333333333,6.64662,-8.734394,3.0041919,0.99850625,0.053200886,0.009031746,0.008564187,-0.39506406,1.8896148,-0.8036062,0.06441521,-0.18321069,-0.074147455,-0.44066995,1.9567579,-0.59111017,0.11480748,-0.35982367,-6.6668286,6.6332464,-8.675847,2.5363972,6.115716,-7.469707,2.4469047,1.3155305,7.1654105,1.7149688,-6.957154,0.1746121346950531,0.23747768998146057,0.06286555528640747,0.32842397689819336,0.3433402478694916,0.014916270971298218,-0.64825994,-5.5387063,-1.487538,-2.8736162,-0.64825994,-5.5387063,-1.487538,-2.8736162,-0.64825994,-1.0,-1.0,-1.0,5.8992109298706055,-0.4,-0.4,-0.4
7.0,6.6393404,-8.702196,2.996242,0.9982982,0.056463383,0.011018364,0.009543061,-0.38712624,1.8690132,-0.6648985,0.50232214,0.38244486,0.16886264,-0.4355915,1.9237149,-0.44130278,0.30470785,-1.9825815,8.988443,6.6265054,-8.641275,2.5282362,6.115716,-7.469707,2.4469047,1.2806612,7.4312034,1.6508492,-7.2455144,0.1746121346950531,0.2212769091129303,0.0466647744178772,0.32842397689819336,0.32859453558921814,0.00017055869102478027,1.6993821,1.5463547,3.8436556,1.8814747,1.6993821,1.5463547,3.8436556,1.8814747,1.0,1.0,1.0,1.0,33.54301452636719,0.4,0.4,0.4
7.016666666666667,6.632101,-8.670191,2.9872715,0.9982172,0.057932075,0.010849524,0.0094040185,-0.38353232,1.8475617,-0.79831856,0.0680262,-0.15803061,-0.07415151,-0.43390045,1.9193195,-0.570821,0.101462595,-0.26372194,-7.7710924,6.619841,-8.607078,2.5202131,6.115716,-7.469707,2.4469047,1.2462456,7.7055907,1.5843763,-7.5409465,0.1746121346950531,0.23490992188453674,0.06029778718948364,0.32842397689819336,0.3496151268482208,0.021191149950027466,-0.76550204,-5.735793,-2.145483,-3.030273,-0.76550204,-5.735793,-2.145483,-3.030273,-0.76550204,-1.0,-1.0,-1.0,3.9328842163085938,-0.4,-0.4,-0.4
7.033333333333333,6.6249485,-8.638656,2.9796576,0.9979848,0.061221443,0.013043455,0.010397913,-0.37476158,1.8253827,-0.65920776,0.5059084,0.40756512,0.16886902,-0.4275229,1.8833022,-0.42121255,0.38265285,-2.161038,8.976505,6.613256,-8.573271,2.5123944,6.115716,-7.469707,2.4469047,1.2123069,7.959207,1.5133725,-7.8140054,0.1746121346950531,0.20832639932632446,0.03371426463127136,0.32842397689819336,0.3414677679538727,0.013043791055679321,1.832653,1.0927173,3.2678123,1.71183,1.832653,1.0927173,3.2678123,1.71183,1.0,1.0,1.0,1.0,33.54301452636719,0.4,0.4,0.4
7.05,6.61784,-8.607297,2.9707808,0.99789286,0.0627156,0.013077038,0.010267185,-0.3701923,1.8023034,-0.8117831,0.07135593,-0.13427958,-0.07413052,-0.4261947,1.8809432,-0.569862,0.079692,-0.14154196,-8.918967,6.606739,-8.539841,2.5045433,6.115716,-7.469707,2.4469047,1.178818,8.22474,1.4433128,-8.097111,0.1746121346950531,0.23506177961826324,0.060449644923210144,0.32842397689819336,0.37089958786964417,0.042475610971450806,-0.88763463,-6.055945,-3.0663676,-3.203286,-0.88763463,-6.055945,-3.0663676,-3.203286,-0.88763463,-1.0,-1.0,-1.0,1.8845365047454834,-0.4,-0.4,-0.4
7.066666666666666,6.6108356,-8.576444,2.9631786,0.9977622,0.06406872,0.015425699,0.011298763,-0.3604342,1.7807336,-0.6652147,0.19484031,0.42789295,0.16859598,-0.4182409,1.8416369,-0.42057508,0.47722754,-2.3583767,8.957215,6.600291,-8.50681,2.4967325,6.115716,-7.469707,2.4469047,1.145809,8.467044,1.370253,-8.355432,0.1746121346950531,0.19855338335037231,0.023941248655319214,0.32842397689819336,0.3607405722141266,0.03231659531593323,1.9862406,0.26761144,2.2643456,1.508418,1.9862406,0.26761144,2.2643456,1.508418,1.0,0.26761144,1.0,1.0,33.54301452636719,0.10704458,0.4,0.4
7.083333333333333,6.6038914,-8.54581,2.9545286,0.9978299,0.06297705,0.015604007,0.011213842,-0.35479796,1.7609209,-0.7912101,-0.23930739,-0.113124065,-0.07444999,-0.41623875,1.8370357,-0.5520712,0.12012898,-0.2760744,-7.8897676,6.593909,-8.4741955,2.4889956,6.115716,-7.469707,2.4469047,1.1133001,8.724774,1.3016105,-8.627137,0.1746121346950531,0.23358413577079773,0.05897200107574463,0.32842397689819336,0.355262815952301,0.026838839054107666,-0.7777754,-2.6182747,-3.6358433,-3.342126,-0.7777754,-2.6182747,-3.6358433,-3.342126,-0.7777754,-1.0,-1.0,-1.0,3.727041482925415,-0.4,-0.4,-0.4
7.1,6.5970798,-8.515679,2.9472198,0.99777275,0.063715875,0.015595675,0.012102652,-0.34694803,1.7409027,-0.64085275,0.19575185,0.043919753,0.16857919,-0.4061959,1.79843,-0.4030657,0.6025707,-2.3163412,8.94033,6.5875883,-8.442022,2.4814398,6.115716,-7.469707,2.4469047,1.0813202,8.959633,1.2322046,-8.874496,0.1746121346950531,0.1792069375514984,0.0045948028564453125,0.32842397689819336,0.3878721296787262,0.05944815278053284,1.8332329,5.4352565,0.24167834,1.4246405,1.8332329,5.4352565,0.24167834,1.4246405,1.0,1.0,0.24167834,1.0,33.54301452636719,0.4,0.096671335,0.4
7.116666666666666,6.59036,-8.485864,2.93966,0.997884,0.0626806,0.01261092,0.011812955,-0.34585267,1.7210796,-0.7008852,-0.23682113,-0.49230868,-0.07463832,-0.40217945,1.7858441,-0.47114965,0.24098752,-0.75515264,-4.0850363,6.5813346,-8.410369,2.4744565,6.115716,-7.469707,2.4469047,1.0499545,9.204635,1.1715716,-9.129771,0.1746121346950531,0.19304227828979492,0.01843014359474182,0.32842397689819336,0.3614937961101532,0.03306981921195984,-0.3718856,-1.0491832,-1.6743814,-3.4698935,-0.3718856,-1.0491832,-1.6743814,-3.4698935,-0.3718856,-1.0,-1.0,-1.0,10.534425735473633,-0.4,-0.4,-0.4
7.133333333333333,6.5837507,-8.456583,2.9336975,0.9978315,0.06346356,0.012001305,0.012665613,-0.34065643,1.7013495,-0.5505603,0.2015703,0.073743865,0.1684967,-0.39493248,1.7475315,-0.32235917,0.43481824,-2.298753,8.927428,6.575149,-8.379269,2.468186,6.115716,-7.469707,2.4469047,1.019232,9.425651,1.1140597,-9.359581,0.1746121346950531,0.167424276471138,0.0071878582239151,0.32842397689819336,0.41821324825286865,0.08978927135467529,1.6336076,6.428664,4.0746255,1.3825555,1.6336076,6.428664,4.0746255,1.3825555,1.0,1.0,1.0,1.0,33.54301452636719,0.4,0.4,0.4
7.1499999999999995,6.577197,-8.42754,2.927018,0.99757695,0.0678257,0.009371334,0.0123280035,-0.34009242,1.6756384,-0.66654044,0.6270475,-0.45644462,-0.07429173,-0.39259076,1.7409588,-0.42736164,0.14050305,-0.39436337,-6.3001475,6.5690184,-8.348679,2.4622786,6.115716,-7.469707,2.4469047,0.98909575,9.645883,1.061729,-9.587273,0.1746121346950531,0.1656682789325714,0.00894385576248169,0.32842397689819336,0.38113367557525635,0.05270969867706299,-0.60987884,1.0325614,-1.5159217,-3.5674205,-0.60987884,1.0325614,-1.5159217,-3.5674205,-0.60987884,1.0,-1.0,-1.0,6.542920112609863,0.4,-0.4,-0.4
7.166666666666667,6.5707216,-8.399071,2.921779,0.9973899,0.07042578,0.0090230955,0.013120364,-0.33598053,1.6503543,-0.521941,0.20623653,0.10046188,0.15904185,-0.3872652,1.6973957,-0.27901313,0.31953332,-2.6137874,8.90091,6.5629454,-8.318618,2.4567688,6.115716,-7.469707,2.4469047,0.9595629,9.832914,1.009517,-9.780955,0.1746121346950531,0.10781190544366837,0.06680022925138474,0.32842397689819336,0.3976040780544281,0.06918010115623474,1.8200266,-5.0695987,5.162639,0.96360457,1.8200266,-5.0695987,5.162639,0.96360457,1.0,-1.0,1.0,0.96360457,33.54301452636719,-0.4,0.4,0.38544184
7.183333333333334,6.5642962,-8.370914,2.915991,0.99747497,0.06955946,0.006507199,0.012755664,-0.336197,1.6279054,-0.60643864,-0.21274866,-0.43735212,-0.08414713,-0.38495922,1.6868162,-0.37058017,0.13835907,-0.63476795,-5.494022,6.5569243,-8.289097,2.451673,6.115716,-7.469707,2.4469047,0.9306381,10.026418,0.9598368,-9.980369,0.1746121346950531,0.16337206959724426,0.011240065097808838,0.32842397689819336,0.3640006482601166,0.03557667136192322,-0.5215566,-0.96748745,-1.1865649,-3.4452798,-0.5215566,-0.96748745,-1.1865649,-3.4452798,-0.5215566,-0.96748745,-1.0,-1.0,8.024216651916504,-0.386995,-0.4,-0.4
7.2,6.557925,-8.343339,2.9117005,0.9973972,0.07053024,0.006356894,0.013559979,-0.33296302,1.6058142,-0.4564482,0.22554255,0.12863883,0.15899557,-0.38147116,1.6440829,-0.22208057,0.20928381,-2.5639985,8.909975,6.550955,-8.260139,2.4470792,6.115716,-7.469707,2.4469047,0.9023394,10.192142,0.9099219,-10.151443,0.1746121346950531,0.12832537293434143,0.04628676176071167,0.32842397689819336,0.335574209690094,0.007150232791900635,1.8585477,6.374221,4.4953747,1.5675539,1.8585477,6.374221,4.4953747,1.5675539,1.0,1.0,1.0,1.0,33.54301452636719,0.4,0.4,0.4
7.216666666666667,6.551598,-8.316125,2.9073048,0.99725187,0.07278268,0.0041637593,0.013193462,-0.33330414,1.5806657,-0.5157211,0.28149813,-0.40193537,-0.08395533,-0.3790861,1.6292043,-0.27847993,0.14310299,-0.8927178,-3.3839614,6.5450373,-8.231793,2.4431756,6.115716,-7.469707,2.4469047,0.8747036,10.360545,0.86036086,-10.32476,0.1746121346950531,0.15024273097515106,0.02436940371990204,0.32842397689819336,0.3657238185405731,0.03729984164237976,-0.29717767,0.1378359,-1.0481813,-3.4040775,-0.29717767,0.1378359,-1.0481813,-3.4040775,-0.29717767,0.1378359,-1.0,-1.0,11.787389755249023,0.055134363,-0.4,-0.4
7.233333333333333,6.5453067,-8.28955,2.904539,0.9971452,0.074072964,0.004268508,0.014014104,-0.3307218,1.5562392,-0.36704668,0.113042906,0.15758601,0.15861398,-0.37697637,1.5832756,-0.13079827,0.12658417,-2.7557228,8.8609,6.5391684,-8.204083,2.4400625,6.115716,-7.469707,2.4469047,0.84774256,10.498092,0.80979985,-10.466812,0.1746121346950531,0.11711566895246506,0.05749646574258804,0.32842397689819336,0.3445723056793213,0.01614832878112793,1.697851,-0.4128405,4.913721,1.2897917,1.697851,-0.4128405,4.913721,1.2897917,1.0,-0.4128405,1.0,1.0,33.54301452636719,-0.1651362,0.4,0.4
7.25,6.5390406,-8.263241,2.900915,0.9968814,0.07768879,0.0023327463,0.013654108,-0.33137232,1.5293009,-0.49041614,0.53829575,-0.37373236,-0.08412587,-0.37564442,1.57706,-0.24667732,0.079917304,-0.3729343,-6.952743,6.5333405,-8.176924,2.4372241,6.115716,-7.469707,2.4469047,0.8213765,10.636307,0.7576503,-10.609287,0.1746121346950531,0.12969301640987396,0.04491911828517914,0.32842397689819336,0.3271384537220001,0.0012855231761932373,-0.67896503,1.8330051,-1.1411846,-3.3033893,-0.67896503,1.8330051,-1.1411846,-3.3033893,-0.67896503,1.0,-1.0,-1.0,5.38424015045166,0.4,-0.4,-0.4
7.266666666666667,6.532794,-8.23758,2.8986776,0.99672306,0.07953605,0.0026590053,0.014490516,-0.32935318,1.5023135,-0.3427294,0.11765232,0.18315269,0.15821679,-0.37457737,1.5273359,-0.09909295,0.06402254,-2.983446,8.8550625,6.5275507,-8.150321,2.4346745,6.115716,-7.469707,2.4469047,0.79560846,10.739201,0.70355904,-10.716129,0.1746121346950531,0.10836179554462433,0.06625033915042877,0.32842397689819336,0.31538286805152893,0.013041108846664429,2.033288,-4.246001,5.167587,1.7963852,2.033288,-4.246001,5.167587,1.7963852,1.0,-1.0,1.0,1.0,33.54301452636719,-0.4,0.4,0.4
7.283333333333333,6.526568,-8.212263,2.8958743,0.9966394,0.080678016,0.00088819576,0.014143644,-0.33018214,1.4755101,-0.4346456,0.14005409,-0.35059395,-0.08473321,-0.3731974,1.5162419,-0.19183631,0.082798,-0.6656384,-5.5646014,6.5217957,-8.1243,2.4324996,6.115716,-7.469707,2.4469047,0.7704545,10.853823,0.6471729,-10.834511,0.1746121346950531,0.14003796875476837,0.03457416594028473,0.32842397689819336,0.3364703059196472,0.008046329021453857,-0.5291461,0.06082742,-1.0341711,-3.2272534,-0.5291461,0.06082742,-1.0341711,-3.2272534,-0.5291461,0.06082742,-1.0,-1.0,7.89693021774292,0.024330968,-0.4,-0.4
7.3,6.520352,-8.187627,2.894548,0.9964259,0.083115906,0.0014548838,0.01500086,-0.32864216,1.448518,-0.28860465,0.34597668,0.2127616,0.15817621,-0.3730017,1.4657398,-0.044490166,0.01174271,-3.0301235,8.840768,6.516076,-8.098885,2.4308002,6.115716,-7.469707,2.4469047,0.74593025,10.938839,0.5890217,-10.922969,0.1746121346950531,0.11380960047245026,0.060802534222602844,0.32842397689819336,0.3206174075603485,0.007806569337844849,2.0254948,0.45931792,4.784968,1.8903728,2.0254948,0.45931792,4.784968,1.8903728,1.0,0.45931792,1.0,1.0,33.54301452636719,0.18372717,0.4,0.4
7.316666666666666,6.5141487,-8.163308,2.8923712,0.9964153,0.08331188,6.8582056e-05,0.014681778,-0.3294583,1.4206406,-0.40038365,-0.08718453,-0.29676867,-0.084990956,-0.37189975,1.4571375,-0.15971975,0.06611645,-0.51614285,-6.9137745,6.5103827,-8.0740385,2.4293344,6.115716,-7.469707,2.4469047,0.7220021,11.033556,0.52775174,-11.020927,0.1746121346950531,0.1369248479604721,0.037687286734580994,0.32842397689819336,0.3650776743888855,0.03665369749069214,-0.67210555,-4.4643326,-0.944294,-3.2384923,-0.67210555,-4.4643326,-0.944294,-3.2384923,-0.67210555,-1.0,-0.944294,-1.0,5.499284267425537,-0.4,-0.37771758,-0.4
7.333333333333333,6.5079484,-8.139674,2.8915803,0.99623287,0.0853004,0.0010904287,0.015579817,-0.3280385,1.3936827,-0.2527867,0.3509273,0.26897174,0.15814714,-0.37210336,1.4054353,-0.012351571,-0.012216567,-3.1021283,8.842091,6.5047154,-8.049771,2.428159,6.115716,-7.469707,2.4469047,0.69867486,11.096991,0.4648344,-11.087251,0.1746121346950531,0.11779411137104034,0.056818023324012756,0.32842397689819336,0.3461450934410095,0.017721116542816162,2.2327082,3.7761083,4.3217177,1.952441,2.2327082,3.7761083,4.3217177,1.952441,1.0,1.0,1.0,1.0,33.54301452636719,0.4,0.4,0.4
7.35,6.501761,-8.116381,2.890056,0.99621814,0.08553247,-1.0947292e-05,0.015281963,-0.32858527,1.3650794,-0.35525334,-0.082378,-0.26997164,-0.08499536,-0.37091973,1.395006,-0.11828793,0.07101774,-0.6257629,-6.356181,6.499069,-8.026083,2.42726,6.115716,-7.469707,2.4469047,0.6759437,11.174033,0.3990337,-11.166906,0.1746121346950531,0.13106364011764526,0.04354849457740784,0.32842397689819336,0.359711229801178,0.03128725290298462,-0.6120145,-4.922577,-1.4966816,-3.2248397,-0.6120145,-4.922577,-1.4966816,-3.2248397,-0.6120145,-1.0,-1.0,-1.0,6.507102012634277,-0.4,-0.4,-0.4
7.366666666666666,6.495578,-8.0938,2.889953,0.99602693,0.08755674,0.0012328746,0.016201483,-0.3272561,1.3375379,-0.20764297,0.35572258,0.29571256,0.15815793,-0.37106162,1.3419038,0.02876037,-0.008513331,-3.186128,8.822897,6.4934416,-8.002999,2.426729,6.115716,-7.469707,2.4469047,0.6538229,11.221502,0.332233,-11.216582,0.1746121346950531,0.11381448805332184,0.06079764664173126,0.32842397689819336,0.3715377449989319,0.043113768100738525,2.113593,2.909665,4.0922894,1.8065604,2.113593,2.909665,4.0922894,1.8065604,1.0,1.0,1.0,1.0,33.54301452636719,0.4,0.4,0.4
7.383333333333333,6.489405,-8.071464,2.8885226,0.99600893,0.08782174,0.00033375833,0.01591907,-0.32760614,1.3081647,-0.3577423,-0.07829376,-0.24658655,-0.08497352,-0.3700848,1.3394954,-0.124054685,0.05860984,-0.1445031,-9.168903,6.487828,-7.980433,2.4261286,6.115716,-7.469707,2.4469047,0.63224983,11.28291,0.26366708,-11.279829,0.1746121346950531,0.11187592148780823,0.06273621320724487,0.32842397689819336,0.367518812417984,0.03909483551979065,-0.9137732,-5.388636,-1.9624085,-3.1870346,-0.9137732,-5.388636,-1.9624085,-3.1870346,-0.9137732,-1.0,-1.0,-1.0,1.4461537599563599,-0.4,-0.4,-0.4
7.3999999999999995,6.4832387,-8.049826,2.888324,0.9958087,0.08987532,0.0017710484,0.016857713,-0.32613936,1.2798135,-0.20958379,0.35978895,0.3190771,0.15819252,-0.36988747,1.2848593,0.023125034,0.01183927,-3.278167,8.830783,6.4822226,-7.9583993,2.425504,6.115716,-7.469707,2.4469047,0.6112325,11.3104925,0.19468959,-11.308817,0.1746121346950531,0.08813513815402985,0.08647699654102325,0.32842397689819336,0.3697820007801056,0.04135802388191223,2.5365717,2.0265427,3.790265,1.7875785,2.5365717,2.0265427,3.790265,1.7875785,1.0,1.0,1.0,1.0,33.54301452636719,0.4,0.4,0.4
7.416666666666667,6.477091,-8.028538,2.8873148,0.99578714,0.0901748,0.0010856617,0.016592696,-0.3260899,1.2496707,-0.31821594,-0.07361717,-0.22032538,-0.08493196,-0.3686013,1.2749565,-0.08883764,0.07717072,-0.59417003,-6.71776,6.4766264,-7.9369426,2.425066,6.115716,-7.469707,2.4469047,0.590798,11.35933,0.1254181,-11.358638,0.1746121346950531,0.11619506776332855,0.05841706693172455,0.32842397689819336,0.36476391553878784,0.03633993864059448,-0.65034604,-5.9749484,-2.4428754,-3.093879,-0.65034604,-5.9749484,-2.4428754,-3.093879,-0.65034604,-1.0,-1.0,-1.0,5.864223957061768,-0.4,-0.4,-0.4
7.433333333333334,6.4709578,-8.007997,2.8876946,0.99570304,0.09088483,0.0027037489,0.017551905,-0.32448325,1.2209266,-0.16690363,0.14302407,0.34309033,0.15810876,-0.3677847,1.2186953,0.05765762,0.048995014,-3.3756707,8.789715,6.471034,-7.9160852,2.4249446,6.115716,-7.469707,2.4469047,0.5709525,11.380033,0.05732385,-11.379889,0.1746121346950531,0.08041079342365265,0.09420134127140045,0.32842397689819336,0.3536919951438904,0.02526801824569702,2.191368,0.4838643,3.1830077,1.814581,2.191368,0.4838643,3.1830077,1.814581,1.0,0.4838643,1.0,1.0,33.54301452636719,0.19354573,0.4,0.4
7.45,6.4648395,-7.9876947,2.8866332,0.9958449,0.08937891,0.0021609303,0.01730522,-0.32403195,1.1916275,-0.3218967,-0.2909439,-0.20016937,-0.08520154,-0.36682713,1.2178599,-0.1041417,0.0574547,-0.05012512,-9.707958,6.465441,-7.8957415,2.424685,6.115716,-7.469707,2.4469047,0.5516401,11.4197,-0.009416648,-11.419695,0.1746121346950531,0.1136082112789154,0.061003923416137695,0.32842397689819336,0.36769235134124756,0.0392683744430542,-0.97156954,-4.80356,-3.3904629,-3.1758657,-0.97156954,-4.80356,-3.3904629,-3.1758657,-0.97156954,-1.0,-1.0,-1.0,0.4768216907978058,-0.4,-0.4,-0.4
7.466666666666667,6.4587455,-7.9680943,2.8867652,0.9957967,0.089661926,0.003955144,0.01827785,-0.32204875,1.163783,-0.16921715,0.14734532,0.36551043,0.15807152,-0.36524972,1.1625345,0.04297522,0.09464442,-3.319523,8.827014,6.459847,-7.87592,2.4243286,6.115716,-7.469707,2.4469047,0.5328646,11.425221,-0.07427383,-11.424979,0.1746121346950531,0.10104510188102722,0.07356703281402588,0.32842397689819336,0.3696599006652832,0.041235923767089844,2.8590662,4.1318455,2.4186249,1.9333122,2.8590662,4.1318455,2.4186249,1.9333122,1.0,1.0,1.0,1.0,33.54301452636719,0.4,0.4,0.4
7.483333333333333,6.452683,-7.948947,2.8866692,0.9959327,0.08819695,0.0036403742,0.018054008,-0.32088932,1.1346521,-0.22711636,-0.28514883,-0.17099975,-0.08523011,-0.36311656,1.1443838,-0.022791306,0.12798965,-1.0890412,-3.9459915,6.4542437,-7.8567452,2.4245038,6.115716,-7.469707,2.4469047,0.51468575,11.453647,-0.135953,-11.45284,0.1746121346950531,0.11639723181724548,0.05821490287780762,0.32842397689819336,0.3596775233745575,0.031253546476364136,-0.3524413,-4.9402122,-4.267772,-3.128105,-0.3524413,-4.9402122,-4.267772,-3.128105,-0.3524413,-1.0,-1.0,-1.0,10.860535621643066,-0.4,-0.4,-0.4
7.5,6.4466634,-7.930559,2.8881493,0.99587584,0.0885232,0.0056781345,0.01904483,-0.31874186,1.107262,-0.07553139,0.15309444,0.39459142,0.1580572,-0.36048716,1.089995,0.12365507,0.15776394,-3.2633255,8.786782,6.4486327,-7.838255,2.4253862,6.115716,-7.469707,2.4469047,0.49711585,11.457882,-0.19262967,-11.456263,0.1746121346950531,0.11662178486585617,0.05799034982919693,0.32842397689819336,0.3661753237247467,0.037751346826553345,1.8626053,3.704031,1.1312864,1.9519477,1.8626053,3.704031,1.1312864,1.9519477,1.0,1.0,1.0,1.0,33.54301452636719,0.4,0.4,0.4
7.516666666666667,6.440668,-7.912393,2.8881319,0.9960065,0.08709253,0.0055590207,0.018841254,-0.31698865,1.0784153,-0.2359788,-0.28095245,-0.14908834,-0.0852272,-0.35956246,1.0899761,-0.04259487,0.055482384,-0.0011372565,-9.974997,6.4430127,-7.820285,2.4261549,6.115716,-7.469707,2.4469047,0.48006096,11.471749,-0.24306795,-11.469173,0.1746121346950531,0.11443985253572464,0.06017228215932846,0.32842397689819336,0.373926043510437,0.04550206661224365,-1.5201259,-5.0207243,-5.2653613,-3.0679111,-1.5201259,-5.0207243,-5.2653613,-3.0679111,-1.0,-1.0,-1.0,-1.0,0.0,-0.4,-0.4,-0.4
7.533333333333333,6.434733,-7.8949065,2.8892894,0.9959681,0.087498166,0.0035013317,0.019473255,-0.31425273,1.051353,-0.08127929,0.15213762,-0.27085242,0.15807869,-0.3549878,1.0362303,0.10447255,0.2744794,-3.2247446,8.824044,6.437378,-7.802833,2.4267917,6.115716,-7.469707,2.4469047,0.4635126,11.448151,-0.2893866,-11.444492,0.1746121346950531,0.14331969618797302,0.03129243850708008,0.32842397689819336,0.35785549879074097,0.029431521892547607,2.0686753,4.1195583,-0.2746498,1.9867125,2.0686753,4.1195583,-0.2746498,1.9867125,1.0,1.0,-0.2746498,1.0,33.54301452636719,0.4,-0.10985992,0.4
7.55,6.4288177,-7.877801,2.8898883,0.99608743,0.08609954,0.0046104896,0.019372791,-0.3144634,1.0227226,-0.16739422,-0.2717857,0.26983786,-0.08533254,-0.3549689,1.0230881,0.012539536,0.0011336802,-0.7885336,-5.5159802,6.431728,-7.7859855,2.4277496,6.115716,-7.469707,2.4469047,0.447507,11.444767,-0.3264652,-11.440109,0.1746121346950531,0.10829322040081024,0.06631891429424286,0.32842397689819336,0.35004663467407227,0.021622657775878906,-0.5250662,-4.8972077,1.1102339,-2.7187212,-0.5250662,-4.8972077,1.1102339,-2.7187212,-0.5250662,-1.0,1.0,-1.0,7.96535587310791,-0.4,0.4,-0.4
7.566666666666666,6.422963,-7.861417,2.8919556,0.9960387,0.08654514,0.0035938988,0.020094853,-0.3109074,0.9960412,-0.014317183,0.15848038,-0.24361682,0.15796246,-0.350053,0.970143,0.1589081,0.29495355,-3.1767044,8.782113,6.426058,-7.7697735,2.4291878,6.115716,-7.469707,2.4469047,0.4320484,11.41328,-0.35918865,-11.407626,0.1746121346950531,0.10363976657390594,0.07097236812114716,0.32842397689819336,0.3614991307258606,0.033075153827667236,1.0116733,3.6258612,-4.9582915,1.9103425,1.0116733,3.6258612,-4.9582915,1.9103425,1.0,1.0,-1.0,1.0,33.54301452636719,0.4,-0.4,0.4
7.583333333333333,6.417129,-7.8452497,2.8925304,0.9961646,0.08522869,0.0016866834,0.019729918,-0.31133202,0.9676554,-0.17393838,-0.27043283,-0.22366399,-0.08541113,-0.3500162,0.9700404,-0.0070354743,0.002208352,-0.0061583514,-9.9566145,6.420372,-7.7540746,2.4304783,6.115716,-7.469707,2.4469047,0.41707316,11.392358,-0.38196564,-11.385953,0.1746121346950531,0.10546189546585083,0.06915023922920227,0.32842397689819336,0.3579278290271759,0.029503852128982544,-1.5086597,-5.0436325,0.044177964,-2.7321303,-1.5086597,-5.0436325,0.044177964,-2.7321303,-1.0,-1.0,0.044177964,-1.0,0.0,-0.4,0.017671186,-0.4
7.6,6.4113183,-7.8297467,2.894285,0.996109,0.085706614,0.0011044084,0.020490529,-0.31021553,0.94125766,-0.020246342,0.1651236,-0.009693371,0.15788697,-0.3483154,0.9173728,0.14040293,0.102049105,-3.1600533,8.846304,6.414669,-7.7388864,2.4316387,6.115716,-7.469707,2.4469047,0.4025711,11.334074,-0.40026966,-11.3270035,0.1746121346950531,0.11363373696804047,0.060978397727012634,0.32842397689819336,0.3528379797935486,0.024414002895355225,1.6683316,3.7796478,0.3479132,2.262002,1.6683316,3.7796478,0.3479132,2.262002,1.0,1.0,0.3479132,1.0,33.54301452636719,0.4,0.13916528,0.4
7.616666666666666,6.405524,-7.8144565,2.8945484,0.9962243,0.08445,-0.0023684762,0.019989148,-0.31113702,0.91315544,-0.17935334,-0.26828277,-0.55307925,-0.08538266,-0.3473779,0.91732895,-0.025748672,0.056249496,-0.0026321409,-9.969095,6.408947,-7.724186,2.432563,6.115716,-7.469707,2.4469047,0.3885224,11.294965,-0.41357103,-11.287391,0.1746121346950531,0.12332962453365326,0.05128251016139984,0.32842397689819336,0.3444131314754486,0.01598915457725525,-1.3063102,-5.2519717,-1.9819984,-2.6954772,-1.3063102,-5.2519717,-1.9819984,-2.6954772,-1.0,-1.0,-1.0,-1.0,0.0,-0.4,-0.4,-0.4
7.633333333333333,6.3997145,-7.799829,2.8959937,0.9961624,0.08496723,-0.0034926909,0.020707114,-0.31230795,0.8870326,-0.025201723,0.16968502,0.012882586,0.15796953,-0.3490671,0.86503506,0.121921234,-0.10135173,-3.1376336,8.860194,6.4032063,-7.709995,2.4333525,6.115716,-7.469707,2.4469047,0.3749301,11.22112,-0.4225171,-11.213162,0.1746121346950531,0.11497154831886292,0.059640586376190186,0.32842397689819336,0.34049516916275024,0.012071192264556885,2.1896362,3.4632492,4.370961,2.6011596,2.1896362,3.4632492,4.370961,2.6011596,1.0,1.0,1.0,1.0,33.54301452636719,0.4,0.4,0.4
7.6499999999999995,6.3939056,-7.7855015,2.8964715,0.9962599,0.08374719,-0.006557905,0.020237928,-0.31444296,0.85912645,-0.14267533,-0.26285985,-0.49524018,-0.085306786,-0.34836516,0.85788304,-0.0027037226,0.042116042,-0.42912123,-7.4774966,6.397445,-7.696349,2.4342275,6.115716,-7.469707,2.4469047,0.3617993,11.166589,-0.43099228,-11.158268,0.1746121346950531,0.14105376601219177,0.03355836868286133,0.32842397689819336,0.32692277431488037,0.0015012025833129883,-0.73266613,-5.4044614,-0.940063,-2.4797752,-0.73266613,-5.4044614,-0.940063,-2.4797752,-0.73266613,-1.0,-0.940063,-1.0,4.4835920333862305,-0.4,-0.3760252,-0.4
7.666666666666667,6.3880467,-7.771857,2.898298,0.9961933,0.08429687,-0.007200918,0.020999668,-0.3170042,0.83329546,0.01076895,0.17511068,0.07067313,0.15803681,-0.3526844,0.8060275,0.14464599,-0.25915504,-3.1113336,8.840982,6.39166,-7.6832705,2.435325,6.115716,-7.469707,2.4469047,0.34912553,11.081113,-0.43687788,-11.072497,0.1746121346950531,0.13445806503295898,0.040154069662094116,0.32842397689819336,0.3277178406715393,0.0007061362266540527,2.034578,2.8856487,4.964681,2.8121681,2.034578,2.8856487,4.964681,2.8121681,1.0,1.0,1.0,1.0,33.54301452636719,0.4,0.4,0.4
7.683333333333334,6.382176,-7.7584248,2.8986328,0.9962947,0.083085164,-0.008027942,0.020718327,-0.32011858,0.8055955,-0.15038167,-0.256067,-0.1550959,-0.085264824,-0.35224682,0.8059396,-0.021406827,0.026255248,-0.0052714343,-9.963168,6.3858576,-7.6706824,2.436248,6.115716,-7.469707,2.4469047,0.33686966,11.010359,-0.4460005,-11.001322,0.1746121346950531,0.15274615585803986,0.021865978837013245,0.32842397689819336,0.3253292441368103,0.0030947327613830566,-1.0708656,-5.5335217,-0.41123194,-2.2278566,-1.0708656,-5.5335217,-0.41123194,-2.2278566,-1.0,-1.0,-0.41123194,-1.0,0.0,-0.4,-0.16449277,-0.4
7.7,6.376245,-7.745643,2.900152,0.9962427,0.08363364,-0.005847766,0.021715427,-0.3228474,0.77995586,0.0015255262,0.1819651,0.41051435,0.15805306,-0.35704285,0.7544017,0.12634255,-0.28776166,-3.0922756,8.864963,6.380032,-7.6585894,2.437052,6.115716,-7.469707,2.4469047,0.32501784,10.90469,-0.45441687,-10.895218,0.1746121346950531,0.1320742964744568,0.042537838220596313,0.32842397689819336,0.3236231505870819,0.00480082631111145,2.407067,2.5409236,2.3318143,2.861539,2.407067,2.5409236,2.3318143,2.861539,1.0,1.0,1.0,1.0,33.54301452636719,0.4,0.4,0.4
7.716666666666667,6.370304,-7.73307,2.9001806,0.9963466,0.08244262,-0.005833738,0.021508588,-0.3247409,0.75246185,-0.16051929,-0.25194997,-0.13307075,-0.08518196,-0.35609588,0.7543418,-0.039825328,0.056818124,-0.0035941598,-9.970073,6.374185,-7.646966,2.4376328,6.115716,-7.469707,2.4469047,0.313549,10.818789,-0.46742406,-10.808686,0.1746121346950531,0.1457746922969818,0.02883744239807129,0.32842397689819336,0.3157525658607483,0.012671411037445068,-1.2023259,-5.797722,-3.75631,-2.0097613,-1.2023259,-5.797722,-3.75631,-2.0097613,-1.0,-1.0,-1.0,-1.0,0.0,-0.4,-0.4,-0.4
7.733333333333333,6.3643274,-7.721143,2.9013934,0.9962872,0.0830211,-0.0034690958,0.02251892,-0.3267299,0.72698253,-0.008784341,0.18602966,0.43250772,0.15814081,-0.3594017,0.70320594,0.108004816,-0.19834934,-3.06815,8.869808,6.368318,-7.6358285,2.4380925,6.115716,-7.469707,2.4469047,0.30245963,10.700083,-0.47901872,-10.689355,0.1746121346950531,0.13806837797164917,0.03654375672340393,0.32842397689819336,0.32554811239242554,0.0028758645057678223,2.5473976,1.926987,1.9346621,3.0300715,2.5473976,1.926987,1.9346621,3.0300715,1.0,1.0,1.0,1.0,33.54301452636719,0.4,0.4,0.4
7.75,6.3583484,-7.709423,2.901116,0.9963883,0.08185924,-0.0032732412,0.02233102,-0.32776776,0.69967717,-0.17117149,-0.24788116,-0.11108072,-0.08508651,-0.3584542,0.70313984,-0.058176015,0.05685031,-0.003966093,-9.97085,6.3624287,-7.6251526,2.4383335,6.115716,-7.469707,2.4469047,0.29172578,10.601636,-0.49255562,-10.590187,0.1746121346950531,0.16553658246994019,0.009075552225112915,0.32842397689819336,0.322014182806015,0.006409794092178345,-1.1792176,-6.062359,-4.4177217,-1.7550937,-1.1792176,-6.062359,-4.4177217,-1.7550937,-1.0,-1.0,-1.0,-1.0,0.0,-0.4,-0.4,-0.4
7.766666666666667,6.3523536,-7.698344,2.9020245,0.9963198,0.08246724,-0.00072454574,0.023354124,-0.32888076,0.6743241,-0.01959237,0.19004335,0.45446137,0.15823725,-0.36003003,0.65237117,0.08971966,-0.09454965,-3.0461202,8.87374,6.3565164,-7.6149535,2.4384594,6.115716,-7.469707,2.4469047,0.2813409,10.471269,-0.5036206,-10.459151,0.1746121346950531,0.1339191049337387,0.04069302976131439,0.32842397689819336,0.31749632954597473,0.010927647352218628,2.579129,1.1387972,1.3316302,3.173639,2.579129,1.1387972,1.3316302,3.173639,1.0,1.0,1.0,1.0,33.54301452636719,0.4,0.4,0.4
7.783333333333333,6.3463655,-7.6874723,2.9014423,0.9964171,0.08133376,-0.00034677505,0.023185428,-0.32893518,0.6471841,-0.18230565,-0.24386469,-0.08913014,-0.08498224,-0.3590825,0.65229785,-0.07647331,0.0568521,-0.004398823,-9.971579,6.350583,-7.605207,2.438371,6.115716,-7.469707,2.4469047,0.27128512,10.361497,-0.51380277,-10.34875,0.1746121346950531,0.15683801472187042,0.017774119973182678,0.32842397689819336,0.3217272460460663,0.006696730852127075,-1.2544948,-6.388665,-5.32678,-1.5456563,-1.2544948,-6.388665,-5.32678,-1.5456563,-1.0,-1.0,-1.0,-1.0,0.0,-0.4,-0.4,-0.4
7.8,6.340389,-7.6772428,2.9020433,0.99652493,0.07973849,0.0005375671,0.024072537,-0.3288863,0.62171644,-0.027018135,-0.17117506,0.18786775,0.15801162,-0.35841286,0.60157555,0.07123623,0.0401777,-3.0433378,8.862573,6.344624,-7.5959272,2.4381702,6.115716,-7.469707,2.4469047,0.26154682,10.220856,-0.52057123,-10.20759,0.1746121346950531,0.14528709650039673,0.029325038194656372,0.32842397689819336,0.32182765007019043,0.00659632682800293,2.4864028,0.15303527,0.47168016,3.2684197,2.4864028,0.15303527,0.47168016,3.2684197,1.0,0.15303527,0.47168016,1.0,33.54301452636719,0.061214108,0.18867207,0.4
7.816666666666666,6.334432,-7.6673775,2.9021623,0.9968496,0.075669184,-0.001338987,0.023729248,-0.3290278,0.5960916,-0.10385533,-0.6032574,-0.3504456,-0.08527081,-0.3570731,0.5887692,-0.014836119,0.0803858,-0.7683813,-5.1643405,6.338639,-7.5871935,2.4383671,6.115716,-7.469707,2.4469047,0.25213197,10.102024,-0.52274895,-10.08849,0.1746121346950531,0.14528706669807434,0.02932506799697876,0.32842397689819336,0.321194589138031,0.0072293877601623535,-0.48515403,-3.099811,-2.965177,-1.3107377,-0.48515403,-3.099811,-2.965177,-1.3107377,-0.48515403,-1.0,-1.0,-1.0,8.634742736816406,-0.4,-0.4,-0.4
7.833333333333333,6.3284717,-7.658149,2.903793,0.99700135,0.07337115,-0.0008382055,0.024579976,-0.33009905,0.5730515,0.051555786,-0.16513193,0.21522024,0.15813974,-0.35775712,0.542506,0.13307339,-0.04104137,-2.7757928,8.87457,6.3326216,-7.5790296,2.4391294,6.115716,-7.469707,2.4469047,0.24302244,9.960209,-0.51921755,-9.946667,0.1746121346950531,0.14764423668384552,0.02696789801120758,0.32842397689819336,0.3269116282463074,0.0015123486518859863,1.9556265,6.069533,3.3265162,3.5002942,1.9556265,6.069533,3.3265162,3.5002942,1.0,1.0,1.0,1.0,33.54301452636719,0.4,0.4,0.4
7.85,6.322521,-7.6491084,2.9039326,0.99729496,0.06933864,-0.0025261985,0.024257671,-0.33060628,0.54936737,-0.107337214,-0.5985116,-0.3287385,-0.085154094,-0.35680634,0.54241616,-0.033170346,0.057047006,-0.0053894515,-9.974624,6.326584,-7.5713143,2.4397807,6.115716,-7.469707,2.4469047,0.23417956,9.826626,-0.51221365,-9.813268,0.1746121346950531,0.14262844622135162,0.03198368847370148,0.32842397689819336,0.31828102469444275,0.01014295220375061,-1.2574868,-1.4547647,-2.9958491,-1.2301046,-1.2574868,-1.4547647,-2.9958491,-1.2301046,-1.0,-1.0,-1.0,-1.0,0.0,-0.4,-0.4,-0.4
7.866666666666666,6.316556,-7.640604,2.905273,0.9974302,0.0670732,-0.0018398194,0.0251156,-0.33211586,0.52847075,0.048094954,-0.16036744,0.23693317,0.15822491,-0.35831705,0.50005174,0.115985446,-0.090642564,-2.5418649,8.9493475,6.3205214,-7.564038,2.44033,6.115716,-7.469707,2.4469047,0.22558095,9.660347,-0.5014429,-9.647325,0.1746121346950531,0.16476231813430786,0.00984981656074524,0.32842397689819336,0.32556331157684326,0.0028606653213500977,2.543527,7.7592454,3.541985,3.61053,2.543527,7.7592454,3.541985,3.61053,1.0,1.0,1.0,1.0,33.54301452636719,0.4,0.4,0.4
7.883333333333333,6.3105946,-7.6323776,2.9060073,0.9974357,0.06704922,-0.0031827511,0.024825277,-0.33267426,0.5070603,-0.045361347,0.043993194,-0.2964504,-0.0847529,-0.35744816,0.49161753,0.019569237,0.0521332,-0.5060524,-5.784972,6.3144345,-7.5572653,2.4411972,6.115716,-7.469707,2.4469047,0.21722819,9.506244,-0.48943627,-9.493636,0.1746121346950531,0.15088149905204773,0.02373063564300537,0.32842397689819336,0.3205271363258362,0.007896840572357178,-0.55473447,0.48436904,-2.6531096,-1.3102729,-0.55473447,0.48436904,-2.6531096,-1.3102729,-0.55473447,0.48436904,-1.0,-1.0,7.467773914337158,0.19374762,-0.4,-0.4
7.8999999999999995,6.304615,-7.624713,2.908182,0.99750954,0.06564461,-0.002251514,0.025697269,-0.3345685,0.48530757,0.10511686,-0.23538306,0.26216674,0.15791227,-0.35926425,0.44965225,0.16507909,-0.10896563,-2.5179164,8.730591,6.308321,-7.551006,2.4425178,6.115716,-7.469707,2.4469047,0.20910628,9.323801,-0.4739571,-9.311747,0.1746121346950531,0.1677439659833908,0.0068681687116622925,0.32842397689819336,0.3284981846809387,7.420778274536133e-05,0.9810705,-0.67195547,3.1350965,3.7242346,0.9810705,-0.67195547,3.1350965,3.7242346,0.9810705,-0.67195547,1.0,1.0,33.22554016113281,-0.2687822,0.4,0.4
7.916666666666667,6.2986374,-7.617204,2.9088588,0.9974658,0.066364735,-0.0033851017,0.025420763,-0.33527166,0.46453696,-0.05938676,0.18907622,-0.2742615,-0.08494978,-0.35839662,0.45086542,-0.00083608204,0.052058097,0.07278978,-9.95491,6.302188,-7.5451574,2.4436903,6.115716,-7.469707,2.4469047,0.2011837,9.147474,-0.45741853,-9.13603,0.1746121346950531,0.13610470294952393,0.038507431745529175,0.32842397689819336,0.3001418709754944,0.028282105922698975,-1.5234852,1.6297058,-2.53686,-1.4733791,-1.5234852,1.6297058,-2.53686,-1.4733791,-1.0,1.0,-1.0,-1.0,0.0,0.4,-0.4,-0.4
7.933333333333334,6.2926393,-7.6102247,2.9107373,0.9975174,0.06528328,-0.0022685465,0.026302395,-0.33730698,0.44271675,0.09407877,-0.231007,0.2832583,0.15756272,-0.36030182,0.40846628,0.14819859,-0.114312164,-2.5439482,8.9420805,6.2960334,-7.5397162,2.4447608,6.115716,-7.469707,2.4469047,0.19344316,8.939277,-0.43823153,-8.928528,0.1746121346950531,0.17066530883312225,0.003946825861930847,0.32842397689819336,0.31709009408950806,0.011333882808685303,1.0163939,-3.0877948,3.243102,3.695033,1.0163939,-3.0877948,3.243102,3.695033,1.0,-1.0,1.0,1.0,33.54301452636719,-0.4,0.4,0.4
7.95,6.286645,-7.6034017,2.911134,0.9974723,0.06603584,-0.003226119,0.026034646,-0.33801377,0.42202535,-0.070490435,0.19341597,-0.25321254,-0.08531693,-0.35943604,0.40965906,-0.017686041,0.051947232,0.07156669,-9.953077,6.289863,-7.534657,2.445626,6.115716,-7.469707,2.4469047,0.1858692,8.746425,-0.4189269,-8.736386,0.1746121346950531,0.10826648771762848,0.06634564697742462,0.32842397689819336,0.29830026626586914,0.03012371063232422,-1.4743497,1.2263669,-2.2555041,-1.5763968,-1.4743497,1.2263669,-2.2555041,-1.5763968,-1.0,1.0,-1.0,-1.0,0.0,0.4,-0.4,-0.4
7.966666666666667,6.2806315,-7.5971065,2.9127314,0.99752104,0.064985216,-0.001933947,0.026924886,-0.34005937,0.4002745,0.082708366,-0.2266798,0.3043005,0.15720387,-0.36119533,0.36740047,0.1313603,-0.105557434,-2.5355153,8.9427805,6.2836733,-7.5299864,2.4463887,6.115716,-7.469707,2.4469047,0.17844754,8.525453,-0.39720917,-8.516194,0.1746121346950531,0.12106885015964508,0.05354328453540802,0.32842397689819336,0.30434635281562805,0.024077624082565308,1.2706126,-3.482037,3.4080048,3.7613282,1.2706126,-3.482037,3.4080048,3.7613282,1.0,-1.0,1.0,1.0,33.54301452636719,-0.4,0.4,0.4
7.983333333333333,6.274622,-7.590972,2.9128456,0.9975539,0.06455818,-0.00275884,0.02666258,-0.3406448,0.3795261,-0.081059895,0.003256284,-0.23391183,-0.085789725,-0.36031216,0.36827627,-0.034603328,0.052989718,0.052548047,-9.957818,6.277469,-7.525681,2.4469523,6.115716,-7.469707,2.4469047,0.1711642,8.32197,-0.3754327,-8.313497,0.1746121346950531,0.14726462960243225,0.02734750509262085,0.32842397689819336,0.32727909088134766,0.0011448860168457031,-1.3373469,0.54677343,-2.0121875,-1.6342181,-1.3373469,0.54677343,-2.0121875,-1.6342181,-1.0,0.54677343,-1.0,-1.0,0.0,0.21870938,-0.4,-0.4
8.0,6.2685986,-7.585353,2.9141629,0.9976996,0.061923113,-0.0013460125,0.027553257,-0.34257925,0.35825667,0.0729994,-0.4166475,0.32369915,0.15679297,-0.3617614,0.32716215,0.114590295,-0.08695363,-2.4668472,8.951616,6.271249,-7.521747,2.4474208,6.115716,-7.469707,2.4469047,0.16400884,8.093034,-0.35141975,-8.085401,0.1746121346950531,0.1434764266014099,0.03113570809364319,0.32842397689819336,0.3195191025733948,0.008904874324798584,1.6557627,-1.0156075,3.5888023,3.825974,1.6557627,-1.0156075,3.5888023,3.825974,1.0,-1.0,1.0,1.0,33.54301452636719,-0.4,0.4,0.4
8.016666666666666,6.2625794,-7.5799203,2.914276,0.9977546,0.061126165,-0.002002919,0.027301492,-0.34289175,0.3388699,-0.06860429,0.008069349,-0.21158534,-0.08615257,-0.36087736,0.32561123,-0.029308459,0.053041574,-0.093054764,-8.6339245,6.265014,-7.5181828,2.4478643,6.115716,-7.469707,2.4469047,0.15697378,7.8821664,-0.3271126,-7.8753757,0.1746121346950531,0.1263049840927124,0.0483071506023407,0.32842397689819336,0.32369232177734375,0.004731655120849609,-0.85921365,3.2344513,-1.6639131,-1.8618134,-0.85921365,3.2344513,-1.6639131,-1.8618134,-0.85921365,1.0,-1.0,-1.0,2.361199378967285,0.4,-0.4,-0.4
8.033333333333333,6.256552,-7.5749836,2.915683,0.9978484,0.059186652,-0.00037812232,0.028199859,-0.34466088,0.3188546,0.084342435,-0.305758,0.34694788,0.15650074,-0.3618536,0.2867678,0.11999676,-0.058574077,-2.3306053,8.958312,6.258764,-7.5149937,2.4484034,6.115716,-7.469707,2.4469047,0.15005267,7.6485605,-0.3005102,-7.642655,0.1746121346950531,0.1304265558719635,0.0441855788230896,0.32842397689819336,0.31886112689971924,0.009562849998474121,1.6191537,-0.75247675,3.607386,3.825406,1.6191537,-0.75247675,3.607386,3.825406,1.0,-0.75247675,1.0,1.0,33.54301452636719,-0.3009907,0.4,0.4
8.05,6.2505326,-7.570195,2.9156532,0.9978479,0.05930434,-0.00082393596,0.027959183,-0.3446164,0.300186,-0.07671721,0.11860986,-0.18951967,-0.08644183,-0.36098453,0.2874932,-0.042372752,0.052143928,0.043523308,-9.742169,6.252504,-7.51214,2.4488084,6.115716,-7.469707,2.4469047,0.14323092,7.4300914,-0.27296615,-7.4250755,0.1746121346950531,0.14770840108394623,0.026903733611106873,0.32842397689819336,0.326763778924942,0.0016601979732513428,-0.97715354,1.8738588,-1.672964,-1.9883647,-0.97715354,1.8738588,-1.672964,-1.9883647,-0.97715354,1.0,-1.0,-1.0,0.383169561624527,0.4,-0.4,-0.4
8.066666666666666,6.244514,-7.5658836,2.9168465,0.9979209,0.05761623,0.0009855796,0.028864851,-0.34601808,0.28053325,0.07587959,-0.30143526,0.36803192,0.15612255,-0.36116874,0.24950865,0.10718067,-0.011052488,-2.279073,8.973205,6.2462316,-7.509621,2.4491608,6.115716,-7.469707,2.4469047,0.13650107,7.1884704,-0.24330337,-7.1843514,0.1746121346950531,0.14769883453845978,0.026913300156593323,0.32842397689819336,0.31522583961486816,0.013198137283325195,1.9877181,-2.7768788,3.5960622,3.6735277,1.9877181,-2.7768788,3.5960622,3.6735277,1.0,-1.0,1.0,1.0,33.54301452636719,-0.4,0.4,0.4
8.083333333333334,6.2385054,-7.561758,2.9169672,0.99791914,0.05776696,0.00072827114,0.028632205,-0.3454502,0.2623629,-0.056288376,0.12337369,-0.16646329,-0.08682252,-0.36012217,0.24689911,-0.0262936,0.06279409,-0.15657215,-8.008456,6.2399487,-7.507439,2.4495778,6.115716,-7.469707,2.4469047,0.12986392,6.96459,-0.21199277,-6.961363,0.1746121346950531,0.14876168966293335,0.02585044503211975,0.32842397689819336,0.32996195554733276,0.0015379786491394043,-0.79260427,1.354369,-1.6546763,-2.2951934,-0.79260427,1.354369,-1.6546763,-2.2951934,-0.79260427,1.0,-1.0,-1.0,3.4783389568328857,0.4,-0.4,-0.4
8.1,6.232513,-7.558109,2.9184263,0.99798346,0.056112666,0.0027309319,0.029545583,-0.34646848,0.24308014,0.09573022,-0.29672047,0.39107686,0.15575334,-0.35927963,0.20988065,0.123129666,0.050552484,-2.2211077,8.965396,6.233657,-7.5055985,2.4501863,6.115716,-7.469707,2.4469047,0.123324886,6.7221155,-0.1781515,-6.719754,0.1746121346950531,0.16386674344539642,0.010745391249656677,0.32842397689819336,0.3187928795814514,0.009631097316741943,1.7058549,-3.3122263,3.443749,3.461354,1.7058549,-3.3122263,3.443749,3.461354,1.0,-1.0,1.0,1.0,33.54301452636719,-0.4,0.4,0.4
8.116666666666667,6.226537,-7.5546017,2.9184036,0.9980584,0.054889604,0.0025980542,0.029322848,-0.34531045,0.2251771,-0.06870719,-0.09769846,-0.14763033,-0.08730073,-0.35840526,0.21064037,-0.04290696,0.052462216,0.045583244,-9.962196,6.2273626,-7.504051,2.4506516,6.115716,-7.469707,2.4469047,0.11686975,6.4965625,-0.14119102,-6.495028,0.1746121346950531,0.16643761098384857,0.008174523711204529,0.32842397689819336,0.3349456787109375,0.006521701812744141,-1.2675303,0.4747274,-1.916153,-2.6838064,-1.2675303,0.4747274,-1.916153,-2.6838064,-1.0,0.4747274,-1.0,-1.0,0.0,0.18989097,-0.4,-0.4
8.133333333333333,6.2205877,-7.55153,2.9195926,0.99810916,0.053299367,0.0047789905,0.03023965,-0.34569594,0.20741917,0.083261274,-0.21194357,0.4126791,0.15550825,-0.3564004,0.17598262,0.10709673,0.1202917,-2.0794647,9.00022,6.2210608,-7.502793,2.4510376,6.115716,-7.469707,2.4469047,0.11049559,6.2524633,-0.101876415,-6.251633,0.1746121346950531,0.17717345058918,0.002561315894126892,0.32842397689819336,0.328105628490448,0.00031834840774536133,1.7149961,-0.2868942,3.445806,2.993462,1.7149961,-0.2868942,3.445806,2.993462,1.0,-0.2868942,1.0,1.0,33.54301452636719,-0.11475768,0.4,0.4
8.15,6.2146597,-7.548599,2.9192994,0.9983435,0.048843235,0.004693053,0.030040028,-0.34380573,0.18995076,-0.08027764,-0.6433632,-0.13133276,-0.0879192,-0.35546416,0.17572877,-0.05909988,0.056174394,-0.01523137,-9.971796,6.214759,-7.501799,2.4512408,6.115716,-7.469707,2.4469047,0.10420268,6.026803,-0.05838323,-6.0265203,0.1746121346950531,0.16420060396194458,0.01041153073310852,0.32842397689819336,0.3295546770095825,0.0011307001113891602,-1.1814407,-0.99569726,-2.341436,-3.0772452,-1.1814407,-0.99569726,-2.341436,-3.0772452,-1.0,-0.99569726,-1.0,-1.0,0.0,-0.39827892,-0.4,-0.4
8.166666666666666,6.208774,-7.5460453,2.9202263,0.99843,0.046152376,0.0070139067,0.030955339,-0.34343866,0.17529859,0.07174245,-0.20558561,0.4339629,0.15529187,-0.35225922,0.14618374,0.09149019,0.19229649,-1.7727014,9.035403,6.2084537,-7.501074,2.451366,6.115716,-7.469707,2.4469047,0.098000295,5.7861323,-0.012241643,-5.7861195,0.1746121346950531,0.16352693736553192,0.01108519732952118,0.32842397689819336,0.3170468807220459,0.011377096176147461,1.7748044,7.029676,3.5976148,2.1236053,1.7748044,7.029676,3.5976148,2.1236053,1.0,1.0,1.0,1.0,33.54301452636719,0.4,0.4,0.4
8.183333333333334,6.202914,-7.5436015,2.9196756,0.9984879,0.04498925,0.0072307093,0.030750288,-0.34070635,0.16047297,-0.09342809,-0.1164173,-0.10561193,-0.08780063,-0.3513838,0.14672853,-0.07457451,0.0525248,0.032687187,-9.9638815,6.2021527,-7.500593,2.4513133,6.115716,-7.469707,2.4469047,0.091895066,5.559503,0.03954993,-5.5593624,0.1746121346950531,0.1722431629896164,0.0023689717054367065,0.32842397689819336,0.3206380605697632,0.007785916328430176,-1.1012197,0.21859245,-2.8497844,-3.6980746,-1.1012197,0.21859245,-2.8497844,-3.6980746,-1.0,0.21859245,-1.0,-1.0,0.0,0.08743698,-0.4,-0.4
8.2,6.197118,-7.5415063,2.9203465,0.9983598,0.046672612,0.009897397,0.03164374,-0.33941528,0.14691326,0.056920424,0.3207782,0.4596055,0.15554804,-0.3465228,0.11895104,0.076149546,0.2916598,-1.6666495,9.043443,6.195854,-7.500361,2.4511855,6.115716,-7.469707,2.4469047,0.08590764,5.316796,0.09398996,-5.3159647,0.1746121346950531,0.1770680546760559,0.0024559199810028076,0.32842397689819336,0.3248571455478668,0.003566831350326538,2.0410185,1.0614854,2.8223734,1.9357865,2.0410185,1.0614854,2.8223734,1.9357865,1.0,1.0,1.0,1.0,33.54301452636719,0.4,0.4,0.4
8.216666666666667,6.1913795,-7.5396276,2.9206111,0.9983634,0.04662742,0.010377255,0.031443585,-0.3356416,0.13076375,-0.023301776,-0.111327045,-0.07785248,-0.08759079,-0.34354013,0.110693015,-0.0049652187,0.17896055,-0.4954813,-4.8668857,6.189565,-7.500413,2.4515338,6.115716,-7.469707,2.4469047,0.080112346,5.087463,0.15596342,-5.0850716,0.1746121346950531,0.17315919697284698,0.0014529377222061157,0.32842397689819336,0.3221833109855652,0.006240665912628174,-0.45734972,-6.280784,-4.1177745,-3.851532,-0.45734972,-6.280784,-4.1177745,-3.851532,-0.45734972,-1.0,-1.0,-1.0,9.101062774658203,-0.4,-0.4,-0.4
8.233333333333333,6.1857114,-7.538048,2.9212637,0.99844086,0.043548454,0.013044754,0.03239011,-0.3333305,0.11529161,0.034450013,-0.44351253,0.47421923,0.15507643,-0.33884907,0.089707434,0.052173454,0.28146386,-1.2591348,3.4283202,6.1832833,-7.5006895,2.4518194,6.115716,-7.469707,2.4469047,0.07449441,4.8510456,0.22394021,-4.845874,0.1746121346950531,0.1878320723772049,0.013219937682151794,0.32842397689819336,0.32049262523651123,0.007931351661682129,0.4097831,-0.7917454,1.6092135,1.3029416,0.4097831,-0.7917454,1.6092135,1.3029416,0.4097831,-0.7917454,1.0,1.0,23.644187927246094,-0.31669816,0.4,0.4
8.25,6.180073,-7.536541,2.9200673,0.99848515,0.042483408,0.013612806,0.032203835,-0.32849163,0.101824954,-0.13038889,-0.019197697,-0.06294595,-0.087936476,-0.33802047,0.09068854,-0.113111,0.049715634,0.058866438,-9.917067,6.177012,-7.5011187,2.451254,6.115716,-7.469707,2.4469047,0.06901308,4.6256895,0.2996862,-4.6159716,0.1746121346950531,0.17421740293502808,0.0003947317600250244,0.32842397689819336,0.30750641226768494,0.020917564630508423,-1.3663838,1.7359337,-4.495054,-4.663192,-1.3663838,1.7359337,-4.495054,-4.663192,-1.0,1.0,-1.0,-1.0,0.0,0.4,-0.4,-0.4
8.266666666666666,6.1745553,-7.535371,2.9200943,0.99855417,0.039629757,0.01577685,0.032713093,-0.32482743,0.08739029,0.021176238,-0.4397974,0.38436317,0.08937997,-0.32884845,0.06364694,0.03749835,0.55032134,-1.6224959,9.03656,6.170759,-7.5017395,2.4505093,6.115716,-7.469707,2.4469047,0.06378738,4.3925624,0.3777869,-4.376286,0.1746121346950531,0.17057786881923676,0.004034265875816345,0.32842397689819336,0.3228752017021179,0.0055487751960754395,2.2009337,-1.9021441,0.7955309,0.7312019,2.2009337,-1.9021441,0.7955309,0.7312019,1.0,-1.0,0.7955309,0.7312019,33.54301452636719,-0.4,0.31821236,0.29248077
8.283333333333333,6.169084,-7.5342965,2.9186447,0.99862105,0.03861342,0.015620651,0.031951338,-0.31930783,0.07483777,-0.14402564,-0.015167528,-0.15248948,-0.15362309,-0.32803425,0.06466366,-0.1285057,0.048851963,0.061003264,-9.960243,6.164525,-7.502545,2.4495835,6.115716,-7.469707,2.4469047,0.058888245,4.180953,0.46854234,-4.1546164,0.1746121346950531,0.1847551167011261,0.010142982006072998,0.32842397689819336,0.30430978536605835,0.02411419153213501,-1.5559319,1.8597392,-4.39792,-4.0547647,-1.5559319,1.8597392,-4.39792,-4.0547647,-1.0,1.0,-1.0,-1.0,0.0,0.4,-0.4,-0.4
8.3,6.163744,-7.5335298,2.918416,0.9986913,0.03581578,0.017038744,0.032289088,-0.3150281,0.061591066,0.007739795,-0.43576652,0.29323444,0.08911117,-0.31780404,0.04005764,0.022181988,0.61381274,-1.4763613,9.041262,6.1583147,-7.503532,2.4485903,6.115716,-7.469707,2.4469047,0.054420747,3.9621978,0.56271267,-3.922036,0.1746121346950531,0.17893460392951965,0.004322469234466553,0.32842397689819336,0.3181813061237335,0.010242670774459839,2.282186,-1.6180791,0.7923118,1.6525978,2.282186,-1.6180791,0.7923118,1.6525978,1.0,-1.0,0.7923118,1.0,33.54301452636719,-0.4,0.31692472,0.4
8.316666666666666,6.1584573,-7.5328503,2.9167104,0.9987656,0.0348562,0.016123151,0.03149965,-0.3092591,0.05030274,-0.15713942,-0.011176977,-0.24363604,-0.15388504,-0.31699914,0.04105546,-0.14384136,0.048294064,0.059869137,-9.9614,6.152137,-7.504685,2.44743,6.115716,-7.469707,2.4469047,0.05049957,3.7652044,0.67012745,-3.7050903,0.1746121346950531,0.17207151651382446,0.0025406181812286377,0.32842397689819336,0.30716630816459656,0.021257668733596802,-1.5039032,1.8487076,-4.2083898,-4.1815414,-1.5039032,1.8487076,-4.2083898,-4.1815414,-1.0,1.0,-1.0,-1.0,0.0,0.4,-0.4,-0.4
8.333333333333334,6.1533017,-7.532447,2.9162292,0.9988247,0.032097913,0.017486693,0.031828023,-0.30499852,0.03834077,-0.005472927,-0.4311481,0.31428987,0.08884543,-0.30679113,0.018794352,0.0070739137,0.6124806,-1.3356664,9.054915,6.1459923,-7.5059977,2.4462059,6.115716,-7.469707,2.4469047,0.047266833,3.5648777,0.78013456,-3.4784687,0.1746121346950531,0.17793336510658264,0.003321230411529541,0.32842397689819336,0.31633540987968445,0.012088567018508911,2.562498,-1.6310505,1.3481699,1.1243274,2.562498,-1.6310505,1.3481699,1.1243274,1.0,-1.0,1.0,1.0,33.54301452636719,-0.4,0.4,0.4
8.35,6.148198,-7.532121,2.914271,0.9988915,0.031170318,0.016744487,0.031044742,-0.29897714,0.028290212,-0.17059897,-0.0065643713,-0.22261146,-0.15415311,-0.30599526,0.019771956,-0.158958,0.047752257,0.05865622,-9.961914,6.1398892,-7.5074573,2.4448164,6.115716,-7.469707,2.4469047,0.044875253,3.3885992,0.902211,-3.2662854,0.1746121346950531,0.18646825850009918,0.011856123805046082,0.32842397689819336,0.3095007538795471,0.01892322301864624,-1.3257993,1.624425,-4.4675145,-4.3839808,-1.3257993,1.624425,-4.4675145,-4.3839808,-1.0,1.0,-1.0,-1.0,0.0,0.4,-0.4,-0.4
8.366666666666667,6.143234,-7.5320435,2.9135387,0.9989808,0.028450236,0.017437033,0.030393377,-0.2943511,0.017093217,-0.018744282,-0.42765042,0.19459324,-0.063739546,-0.29533473,-8.688853e-05,-0.007967093,0.6396317,-1.1915306,9.059454,6.133832,-7.509058,2.4433637,6.115716,-7.469707,2.4469047,0.043465253,3.213645,1.0255866,-3.0456011,0.1746121346950531,0.19402050971984863,0.019408375024795532,0.32842397689819336,0.31533461809158325,0.013089358806610107,2.7585917,-1.915125,0.7388525,0.3722607,2.7585917,-1.915125,0.7388525,0.3722607,1.0,-1.0,0.7388525,0.3722607,33.54301452636719,-0.4,0.29554102,0.14890428
8.383333333333333,6.1383276,-7.532044,2.911542,0.9990949,0.02756115,0.015746543,0.028315196,-0.28861764,0.0075177145,-0.16661309,-0.0026116457,-0.34039617,-0.30673277,-0.293933,-5.880523e-05,-0.15722585,0.08410334,0.0016849979,-8.955524,6.127825,-7.510791,2.441875,6.115716,-7.469707,2.4469047,0.043125402,3.0662568,1.1605047,-2.8381612,0.1746121346950531,0.16037926077842712,0.014232873916625977,0.32842397689819336,0.3067583441734314,0.021665632724761963,-0.8932827,1.8589612,-4.029068,-2.422487,-0.8932827,1.8589612,-4.029068,-2.422487,-0.8932827,1.0,-1.0,-1.0,1.7898098230361938,0.4,-0.4,-0.4
8.4,6.1335497,-7.5322685,2.9108393,0.9991828,0.024876542,0.016355041,0.027338155,-0.28461564,-0.0027349433,-0.014947201,-0.42324883,0.21800473,-0.063612185,-0.28439963,-0.017778387,-0.006144039,0.5720025,-1.0631748,9.064908,6.1218805,-7.512651,2.4404652,6.115716,-7.469707,2.4469047,0.04385945,2.926882,1.29643,-2.6241014,0.1746121346950531,0.14771288633346558,0.026899248361587524,0.32842397689819336,0.30896931886672974,0.019454658031463623,2.921328,-1.8215045,2.1288412,2.5619485,2.921328,-1.8215045,2.1288412,2.5619485,1.0,-1.0,1.0,1.0,33.54301452636719,-0.4,0.4,0.4
8.416666666666666,6.1288385,-7.5325813,2.9092402,0.99928147,0.024018005,0.01486771,0.025270157,-0.27894953,-0.011127935,-0.13392007,0.0022496784,-0.31503224,-0.30657175,-0.28205776,-0.019060438,-0.12629877,0.14051199,-0.076923065,-7.2092834,6.116008,-7.514637,2.4392633,6.115716,-7.469707,2.4469047,0.04557607,2.8179939,1.4404281,-2.4220357,0.1746121346950531,0.1700820028781891,0.004530131816864014,0.32842397689819336,0.32629790902137756,0.002126067876815796,-0.70818186,1.4031175,-3.9113584,-2.7699494,-0.70818186,1.4031175,-3.9113584,-2.7699494,-0.70818186,1.0,-1.0,-1.0,4.894229888916016,0.4,-0.4,-0.4
8.433333333333334,6.1242485,-7.533095,2.9090524,0.9993531,0.021371491,0.015692865,0.024293944,-0.27522665,-0.020356845,0.017242268,-0.41828382,0.24335665,-0.06346734,-0.2732327,-0.034586225,0.02467976,0.5295038,-0.9315471,9.058712,6.110216,-7.5167394,2.4383867,6.115716,-7.469707,2.4469047,0.048112854,2.7232947,1.5838464,-2.2153475,0.1746121346950531,0.1904057115316391,0.015793576836586,0.32842397689819336,0.32968786358833313,0.0012638866901397705,2.510891,-2.2410269,2.126859,2.0882251,2.510891,-2.2410269,2.126859,2.0882251,1.0,-1.0,1.0,1.0,33.54301452636719,-0.4,0.4,0.4
8.45,6.1197023,-7.533661,2.9073875,0.9994395,0.02047083,0.014390356,0.022236034,-0.26965594,-0.027560273,-0.14794888,-0.0048380895,-0.29298294,-0.3064554,-0.27245927,-0.033695035,-0.14139792,0.04640579,0.053471398,-9.964661,6.1045017,-7.5189366,2.4373996,6.115716,-7.469707,2.4469047,0.051377628,2.6603386,1.7322209,-2.0191119,0.1746121346950531,0.20144973695278168,0.026837602257728577,0.32842397689819336,0.3436790704727173,0.015255093574523926,-1.0823238,0.9734673,-3.8256583,-3.0655699,-1.0823238,0.9734673,-3.8256583,-3.0655699,-1.0,0.9734673,-1.0,-1.0,0.0,0.38938692,-0.4,-0.4
8.466666666666667,6.1152678,-7.53439,2.9069545,0.9994974,0.01776495,0.015402732,0.021261012,-0.26601768,-0.035502866,0.0033848442,-0.4252291,0.26548436,-0.0633478,-0.26405472,-0.047017854,0.010086798,0.5042732,-0.7993691,9.089084,6.098872,-7.521216,2.436351,6.115716,-7.469707,2.4469047,0.05521104,2.6124856,1.876485,-1.8176591,0.1746121346950531,0.20425766706466675,0.029645532369613647,0.32842397689819336,0.3460312783718109,0.017607301473617554,2.905262,-2.5278041,2.2835293,1.823001,2.905262,-2.5278041,2.2835293,1.823001,1.0,-1.0,1.0,1.0,33.54301452636719,-0.4,0.4,0.4
8.483333333333333,6.1109033,-7.535193,2.905924,0.9995838,0.016079115,0.014287215,0.019223578,-0.2602798,-0.041542944,-0.09231312,-0.1269602,-0.26696876,-0.30636784,-0.2610975,-0.048696518,-0.08631256,0.17743348,-0.10071985,-5.7839613,6.0933504,-7.523584,2.4356632,6.115716,-7.469707,2.4469047,0.059407968,2.5964332,2.0240588,-1.6262381,0.1746121346950531,0.2032189667224884,0.028606832027435303,0.32842397689819336,0.3461955189704895,0.017771542072296143,-0.5574081,0.7022321,-3.7601876,-3.295555,-0.5574081,0.7022321,-3.7601876,-3.295555,-0.5574081,0.7022321,-1.0,-1.0,7.422933578491211,0.28089285,-0.4,-0.4
8.5,6.1066566,-7.5361376,2.906403,0.99963665,0.0123561965,0.015503852,0.01826171,-0.25676617,-0.048246212,0.058134764,-0.54716545,0.29201669,-0.06330182,-0.25290027,-0.05907546,0.06471286,0.49183306,-0.62273645,9.061524,6.0879474,-7.526035,2.435495,6.115716,-7.469707,2.4469047,0.06382869,2.5979562,2.166993,-1.4330101,0.1746121346950531,0.1903369277715683,0.015724793076515198,0.32842397689819336,0.34094586968421936,0.012521892786026001,1.8747818,-1.2404855,2.0159109,1.4643573,1.8747818,-1.2404855,2.0159109,1.4643573,1.0,-1.0,1.0,1.0,33.54301452636719,-0.4,0.4,0.4
8.516666666666666,6.1024504,-7.5371118,2.9054055,0.9997074,0.010438056,0.014575647,0.016236812,-0.25089017,-0.052221645,-0.10756632,-0.122296825,-0.24410608,-0.30631793,-0.25214306,-0.058210004,-0.10138517,0.04543304,0.05192734,-9.965881,6.082648,-7.528546,2.4352407,6.115716,-7.469707,2.4469047,0.06849497,2.6249552,2.309823,-1.2470393,0.1746121346950531,0.18133123219013214,0.0067190974950790405,0.32842397689819336,0.3356025815010071,0.007178604602813721,-1.3012123,2.6261473,-3.7638302,-3.3828602,-1.3012123,2.6261473,-3.7638302,-3.3828602,-1.0,1.0,-1.0,-1.0,0.0,0.4,-0.4,-0.4
8.533333333333333,6.098354,-7.538169,2.9056416,0.9997301,0.0071226917,0.015997464,0.015265812,-0.24720386,-0.056802724,0.043343354,-0.4835344,0.3153476,-0.063203566,-0.24384542,-0.06496842,0.050333444,0.4978582,-0.40550506,9.103117,6.07746,-7.531104,2.434921,6.115716,-7.469707,2.4469047,0.07332628,2.663721,2.444892,-1.0573142,0.1746121346950531,0.1856059432029724,0.010993808507919312,0.32842397689819336,0.3252241015434265,0.0031998753547668457,2.2475088,-0.86268187,1.9199259,1.397925,2.2475088,-0.86268187,1.9199259,1.397925,1.0,-0.86268187,1.0,1.0,33.54301452636719,-0.34507275,0.4,0.4
8.55,6.0943165,-7.539248,2.904936,0.9997791,0.005731427,0.015283854,0.013240082,-0.24103464,-0.05914312,-0.08022896,-0.05799844,-0.2180682,-0.30614838,-0.24174616,-0.064654976,-0.07355828,0.12595564,0.018806754,-7.433503,6.072398,-7.533709,2.434748,6.115716,-7.469707,2.4469047,0.07823349,2.7231345,2.5797384,-0.8720153,0.1746121346950531,0.18617211282253265,0.011559978127479553,0.32842397689819336,0.32540959119796753,0.00301438570022583,-0.7323172,2.9557858,-3.8724089,-3.4049184,-0.7323172,2.9557858,-3.8724089,-3.4049184,-0.7323172,1.0,-1.0,-1.0,4.489443778991699,0.4,-0.4,-0.4
8.566666666666666,6.090398,-7.540375,2.9056315,0.9997771,0.0029466532,0.016932977,0.012259178,-0.23718674,-0.062313378,0.07026988,-0.4201242,0.3411305,-0.06305274,-0.23307388,-0.068516225,0.07784897,0.5203369,-0.2316749,9.0844345,6.067475,-7.5363483,2.4348552,6.115716,-7.469707,2.4469047,0.08314724,2.7913098,2.7062914,-0.68366486,0.1746121346950531,0.16712671518325806,0.007485419511795044,0.32842397689819336,0.3163546919822693,0.012069284915924072,2.0211942,-0.86485314,1.4214641,1.4115307,2.0211942,-0.86485314,1.4214641,1.4115307,1.0,-0.86485314,1.0,1.0,33.54301452636719,-0.34594128,0.4,0.4
8.583333333333334,6.086529,-7.5415077,2.905037,0.99981064,0.0020742305,0.016423086,0.01023002,-0.23063616,-0.06335023,-0.080975614,0.005013895,-0.1943787,-0.30596688,-0.23183456,-0.067761414,-0.073650986,0.07435887,0.04528865,-9.089997,6.062683,-7.539015,2.4349515,6.115716,-7.469707,2.4469047,0.08808482,2.87375,2.830442,-0.4970287,0.1746121346950531,0.17690223455429077,0.002290099859237671,0.32842397689819336,0.3191872835159302,0.009236693382263184,-0.9073634,3.3212867,-4.030629,-3.370637,-0.9073634,3.3212867,-4.030629,-3.370637,-0.9073634,1.0,-1.0,-1.0,1.5536551475524902,0.4,-0.4,-0.4
8.6,6.082784,-7.542659,2.9057345,0.9997902,-0.00033096134,0.018275218,0.00924203,-0.22640063,-0.06533388,0.06973493,-0.380704,0.3644322,-0.06288674,-0.22245467,-0.06943419,0.07798419,0.5627936,-0.100366466,9.09811,6.05803,-7.541695,2.4350998,6.115716,-7.469707,2.4469047,0.093001604,2.9605021,2.9444695,-0.30769044,0.1746121346950531,0.1717825084924698,0.002829626202583313,0.32842397689819336,0.30783042311668396,0.0205935537815094,2.297525,-0.9200921,1.0267457,1.3691198,2.297525,-0.9200921,1.0267457,1.3691198,1.0,-0.9200921,1.0,1.0,33.54301452636719,-0.36803684,0.4,0.4
8.616666666666667,6.079111,-7.5438056,2.9056451,0.99981195,-0.0008774551,0.017974855,0.0072113154,-0.21934198,-0.06530266,-0.041621514,0.04504694,-0.16849545,-0.3057288,-0.21972919,-0.06853557,-0.033610333,0.1635289,0.053917315,-6.6956716,6.053534,-7.5443854,2.435505,6.115716,-7.469707,2.4469047,0.09784383,3.0590537,3.0567403,-0.118944116,0.1746121346950531,0.19284357130527496,0.018231436610221863,0.32842397689819336,0.3224739730358124,0.0059500038623809814,-0.65403384,3.741622,-4.183144,-3.3862123,-0.65403384,3.741622,-4.183144,-3.3862123,-0.65403384,1.0,-1.0,-1.0,5.802373886108398,0.4,-0.4,-0.4
8.633333333333333,6.0755844,-7.5449467,2.9070032,0.9998175,-0.0025081576,0.017886702,0.006212329,-0.2139653,-0.06630544,0.10958938,-0.27294642,0.04382001,-0.06254384,-0.20906599,-0.06836426,0.11749523,0.6397917,0.010278224,9.066334,6.049204,-7.5470724,2.4362926,6.115716,-7.469707,2.4469047,0.10257622,3.1592827,3.158472,0.07156655,0.1746121346950531,0.19348083436489105,0.01886869966983795,0.32842397689819336,0.31830522418022156,0.010118752717971802,1.7956827,-0.7562547,0.3577386,1.2902792,1.7956827,-0.7562547,0.3577386,1.2902792,1.0,-0.7562547,0.3577386,1.0,33.54301452636719,-0.3025019,0.14309545,0.4
8.65,6.072133,-7.5460715,2.9076042,0.9998777,-0.0021440282,0.014919239,0.004176512,-0.20709346,-0.065568596,0.0020138915,0.15200357,-0.48914102,-0.30550167,-0.20638217,-0.06727322,0.00846824,0.16102909,0.06546244,-6.5416193,6.045044,-7.5497465,2.4374027,6.115716,-7.469707,2.4469047,0.107196756,3.2683449,3.2577968,0.2623723,0.1746121346950531,0.19260886311531067,0.01799672842025757,0.32842397689819336,0.3252652585506439,0.0031587183475494385,-0.63758546,2.9459805,-1.8837385,-3.1888509,-0.63758546,2.9459805,-1.8837385,-3.1888509,-0.63758546,1.0,-1.0,-1.0,6.078238010406494,0.4,-0.4,-0.4
8.666666666666666,6.0687947,-7.5471854,2.9096663,0.99988604,-0.003523886,0.014327546,0.0031710267,-0.20340104,-0.06646363,0.15357246,-0.26913074,0.06938733,-0.06240648,-0.19848858,-0.06663376,0.15980028,0.4736155,0.038367655,9.079922,6.041062,-7.552399,2.4389193,6.115716,-7.469707,2.4469047,0.1116915,3.3760097,3.3453991,0.45359293,0.1746121346950531,0.19963504374027252,0.02502290904521942,0.32842397689819336,0.3056999146938324,0.022724062204360962,1.9293926,-1.3579429,4.1188684,1.5932294,1.9293926,-1.3579429,4.1188684,1.5932294,1.0,-1.0,1.0,1.0,33.54301452636719,-0.4,0.4,0.4
8.683333333333334,6.065518,-7.5482783,2.9111557,0.99991673,-0.0031255912,0.012469076,0.0011357378,-0.19774976,-0.06530147,0.06004311,0.15710488,-0.31959888,-0.30528694,-0.19603755,-0.06535675,0.0653621,0.14706193,0.07662087,-5.6662903,6.0372663,-7.555017,2.440868,6.115716,-7.469707,2.4469047,0.116054274,3.484923,3.4249911,0.64352375,0.1746121346950531,0.21523062884807587,0.040618494153022766,0.32842397689819336,0.3240622282028198,0.004361748695373535,-0.54557097,3.1134067,-0.73547184,-3.1882672,-0.54557097,3.1134067,-0.73547184,-3.1882672,-0.54557097,1.0,-0.73547184,-1.0,7.6214599609375,0.4,-0.29418874,-0.4
8.7,6.0623336,-7.549353,2.9141655,0.99990165,-0.0044594,0.013291784,0.00012456176,-0.19524312,-0.066036046,0.21092258,-0.26342362,0.23874152,-0.06220656,-0.18954356,-0.064177215,0.21661831,0.3896391,0.07077187,9.075372,6.033663,-7.5575924,2.443341,6.115716,-7.469707,2.4469047,0.12028825,3.5869098,3.4891412,0.8317546,0.1746121346950531,0.1934470385313034,0.018834903836250305,0.32842397689819336,0.30958765745162964,0.01883631944656372,1.1917645,-1.7775272,3.6995077,1.3230721,1.1917645,-1.7775272,3.6995077,1.3230721,1.0,-1.0,1.0,1.0,33.54301452636719,-0.4,0.4,0.4
8.716666666666667,6.059183,-7.5504136,2.9156997,0.999919,-0.004028636,0.011915538,-0.0019102148,-0.1896991,-0.06455202,0.045502935,0.16108045,-0.29828998,-0.3050655,-0.18879925,-0.06344204,0.050528996,0.044658776,0.04411071,-9.965359,6.0302196,-7.560124,2.4457142,6.115716,-7.469707,2.4469047,0.12444386,3.6841216,3.5409713,1.0169926,0.1746121346950531,0.18567994236946106,0.011067807674407959,0.32842397689819336,0.32076776027679443,0.007656216621398926,-1.257075,3.3203492,-1.2393821,-3.1233504,-1.257075,3.3203492,-1.2393821,-3.1233504,-1.0,1.0,-1.0,-1.0,0.0,0.4,-0.4,-0.4
8.733333333333333,6.0561166,-7.5514493,2.9184701,0.9998981,-0.005325286,0.012919332,-0.0029220104,-0.18740144,-0.06495933,0.19694182,-0.2593569,0.26012573,-0.0619818,-0.182612,-0.061751224,0.20239748,0.3712347,0.10144874,9.112109,6.026939,-7.5626006,2.4480054,6.115716,-7.469707,2.4469047,0.12849826,3.772641,3.5771775,1.1985912,0.1746121346950531,0.1746985763311386,8.644163608551025e-05,0.32842397689819336,0.3204748034477234,0.00794917345046997,1.3505858,-2.1745405,4.7508626,1.2636079,1.3505858,-2.1745405,4.7508626,1.2636079,1.0,-1.0,1.0,1.0,33.54301452636719,-0.4,0.4,0.4
8.75,6.0530767,-7.552469,2.9197695,0.999885,-0.0048458464,0.013478535,-0.004964722,-0.18260047,-0.06316442,0.030992426,0.16724493,0.0048910533,-0.3046406,-0.18230712,-0.06102539,0.036513284,0.018292664,0.04355013,-9.953052,6.0238156,-7.565019,2.4501057,6.115716,-7.469707,2.4469047,0.13243987,3.8575983,3.6036553,1.3764932,0.1746121346950531,0.18702766299247742,0.012415528297424316,0.32842397689819336,0.3261791467666626,0.0022448301315307617,-1.1210229,3.1356673,-0.47858238,-3.040014,-1.1210229,3.1356673,-0.47858238,-3.040014,-1.0,1.0,-0.47858238,-1.0,0.0,0.4,-0.19143295,-0.4
8.766666666666666,6.0501337,-7.5534573,2.922305,0.999819,-0.0060695424,0.017010016,-0.005984886,-0.1802541,-0.06326474,0.18156424,-0.25219256,0.56309325,-0.061701182,-0.17469205,-0.058894463,0.18834457,0.45690444,0.12785554,9.109877,6.020854,-7.567369,2.4521196,6.115716,-7.469707,2.4469047,0.13624923,3.9320376,3.6139748,1.5492275,0.1746121346950531,0.1806168407201767,0.006004706025123596,0.32842397689819336,0.3220316767692566,0.006392300128936768,1.2689747,-2.8301492,2.5102715,1.0396341,1.2689747,-2.8301492,2.5102715,1.0396341,1.0,-1.0,1.0,1.0,33.54301452636719,-0.4,0.4,0.4
8.783333333333333,6.0472307,-7.5544305,2.9233685,0.9997844,-0.005542503,0.018326748,-0.008033715,-0.17366828,-0.06119545,0.0152614005,0.17297798,0.025673825,-0.30430418,-0.17393918,-0.058194067,0.022295147,0.045171972,0.04202373,-9.962965,6.018053,-7.5696473,2.4539466,6.115716,-7.469707,2.4469047,0.13991319,4.003329,3.6162744,1.7173241,0.1746121346950531,0.19227468967437744,0.01766255497932434,0.32842397689819336,0.3228052854537964,0.005618691444396973,-1.0855161,2.7124095,-3.342929,-2.9184003,-1.0855161,2.7124095,-3.342929,-2.9184003,-1.0,1.0,-1.0,-1.0,0.0,0.4,-0.4,-0.4
8.8,6.0444665,-7.5553684,2.9256659,0.99969345,-0.0067109647,0.022033589,-0.009079874,-0.16956237,-0.061025906,0.16590156,-0.24641225,0.58391494,-0.06627513,-0.16313082,-0.05572228,0.17401797,0.64850175,0.14830714,9.103369,6.015414,-7.5718412,2.45569,6.115716,-7.469707,2.4469047,0.14341904,4.063871,3.6036553,1.8784871,0.1746121346950531,0.1981028914451599,0.02349075675010681,0.32842397689819336,0.32632213830947876,0.0021018385887145996,1.4023348,-3.2976184,1.8050677,0.97992504,1.4023348,-3.2976184,1.8050677,0.97992504,1.0,-1.0,1.0,0.97992504,33.54301452636719,-0.4,0.4,0.39197
8.816666666666666,6.0417566,-7.556289,2.9264903,0.9996421,-0.0061408845,0.023519324,-0.011172679,-0.16128212,-0.05870329,-0.00036272217,0.178791,0.04640756,-0.30885112,-0.16237485,-0.055039264,0.007950926,0.04535794,0.04098102,-9.964022,6.0129356,-7.5739484,2.45725,6.115716,-7.469707,2.4469047,0.1467552,4.1243563,3.5881455,2.033599,0.1746121346950531,0.20429863035678864,0.029686495661735535,0.32842397689819336,0.3203026056289673,0.008121371269226074,-1.111851,2.2541656,-3.8551311,-2.7709298,-1.111851,2.2541656,-3.8551311,-2.7709298,-1.0,1.0,-1.0,-1.0,0.0,0.4,-0.4,-0.4
8.833333333333334,6.0392313,-7.5571713,2.928546,0.999553,-0.007279197,0.026198436,-0.0124184145,-0.15472153,-0.058325514,0.15068409,-0.2418854,0.41240406,-0.09818049,-0.14796805,-0.052306566,0.15942329,0.86440796,0.16396186,9.088341,6.0106187,-7.575958,2.458729,6.115716,-7.469707,2.4469047,0.1499149,4.174125,3.559546,2.1801271,0.1746121346950531,0.20145997405052185,0.02684783935546875,0.32842397689819336,0.312561959028244,0.01586201786994934,1.3260847,-3.8950176,0.6443933,0.8672148,1.3260847,-3.8950176,0.6443933,0.8672148,1.0,-1.0,0.6443933,0.8672148,33.54301452636719,-0.4,0.25775734,0.34688592
8.85,6.0367727,-7.558035,2.929127,0.9995238,-0.006700817,0.0262511,-0.014769727,-0.14504817,-0.055814512,-0.015052362,0.18303998,-0.12492093,-0.34083024,-0.14720617,-0.05164147,-0.006656323,0.045712885,0.03990568,-9.964776,6.008456,-7.577867,2.4600263,6.115716,-7.469707,2.4469047,0.15289022,4.226942,3.5337775,2.3193653,0.1746121346950531,0.21231704950332642,0.037704914808273315,0.32842397689819336,0.31980815529823303,0.008615821599960327,-1.1411027,1.7220751,-3.563527,-2.504509,-1.1411027,1.7220751,-3.563527,-2.504509,-1.0,1.0,-1.0,-1.0,0.0,0.4,-0.4,-0.4
8.866666666666667,6.034517,-7.5588584,2.9309397,0.9994281,-0.0077980217,0.028706584,-0.016078062,-0.13781151,-0.055201642,0.13629328,-0.23691271,0.43342373,-0.097889364,-0.13140774,-0.048677128,0.14483659,0.947906,0.17786062,9.089574,6.006454,-7.579668,2.461245,6.115716,-7.469707,2.4469047,0.15567678,4.269133,3.4971602,2.4485443,0.1746121346950531,0.205953449010849,0.0313413143157959,0.32842397689819336,0.32168957591056824,0.006734400987625122,1.3844451,-4.4023767,1.5309278,1.1845936,1.3844451,-4.4023767,1.5309278,1.1845936,1.0,-1.0,1.0,1.0,33.54301452636719,-0.4,0.4,0.4
8.883333333333333,6.0323367,-7.5596623,2.9312766,0.9993857,-0.0071811182,0.028929515,-0.018430557,-0.12731971,-0.052420948,-0.029440805,0.18802159,-0.10399185,-0.34050706,-0.13063958,-0.048027944,-0.021251803,0.046089288,0.038951036,-9.965302,6.0046077,-7.5813575,2.462282,6.115716,-7.469707,2.4469047,0.15826352,4.3142867,3.465792,2.569311,0.1746121346950531,0.21089252829551697,0.03628039360046387,0.32842397689819336,0.32899370789527893,0.0005697309970855713,-1.3054849,1.0334083,-4.0171213,-2.5536573,-1.3054849,1.0334083,-4.0171213,-2.5536573,-1.0,1.0,-1.0,-1.0,0.0,0.4,-0.4,-0.4
8.9,6.030384,-7.560421,2.932842,0.9993324,-0.0082773175,0.029618518,-0.0197219,-0.1183417,-0.05155641,0.12232755,-0.23407246,0.14322923,-0.097494885,-0.11276753,-0.044905655,0.12997621,1.072323,0.18733731,9.07368,6.002917,-7.5829244,2.4632406,6.115716,-7.469707,2.4469047,0.16065082,4.347742,3.4245195,2.6787174,0.1746121346950531,0.20093077421188354,0.026318639516830444,0.32842397689819336,0.3282904326915741,0.0001335442066192627,1.1422089,-5.24965,0.4246025,1.0037969,1.1422089,-5.24965,0.4246025,1.0037969,1.0,-1.0,0.4246025,1.0,33.54301452636719,-0.4,0.169841,0.4
8.916666666666666,6.0285144,-7.5611672,2.9329326,0.99933815,-0.009270112,0.027441286,-0.022005016,-0.10777684,-0.04878249,-0.04303786,-0.06308055,-0.39595088,-0.34039527,-0.112008855,-0.044677336,-0.036135707,0.04552066,0.013699158,-9.966715,6.001377,-7.5843725,2.4640186,6.115716,-7.469707,2.4469047,0.16283256,4.384888,3.3921514,2.7785883,0.1746121346950531,0.19428378343582153,0.019671648740768433,0.32842397689819336,0.34266000986099243,0.014236032962799072,-1.2457,0.40854287,-2.8671298,-3.0355802,-1.2457,0.40854287,-2.8671298,-3.0355802,-1.0,0.40854287,-1.0,-1.0,0.0,0.16341715,-0.4,-0.4
8.933333333333334,6.026854,-7.5618525,2.9342532,0.99925095,-0.012476752,0.027693136,-0.023975374,-0.09981034,-0.047335632,0.108798824,-0.48410037,0.16399366,-0.21541372,-0.09569134,-0.039846703,0.115305506,0.97905093,0.28983793,9.0864725,5.9999895,-7.585691,2.4647183,6.115716,-7.469707,2.4469047,0.16480966,4.409271,3.3513536,2.8653266,0.1746121346950531,0.2026492953300476,0.028037160634994507,0.32842397689819336,0.34413695335388184,0.015712976455688477,1.4309403,-2.343749,3.0895329,0.5136851,1.4309403,-2.343749,3.0895329,0.5136851,1.0,-1.0,1.0,0.5136851,33.54301452636719,-0.4,0.4,0.20547405
8.95,6.02527,-7.562508,2.9340985,0.999201,-0.013996958,0.025701169,-0.027219644,-0.08991203,-0.04276034,-0.056690592,-0.059791636,-0.3720602,-0.4581155,-0.09491013,-0.0392311,-0.0507881,0.046872493,0.03693625,-9.965615,5.9987497,-7.5868797,2.465238,6.115716,-7.469707,2.4469047,0.1665733,4.435242,3.317632,2.9435854,0.1746121346950531,0.2053534984588623,0.030741363763809204,0.32842397689819336,0.3393102288246155,0.01088625192642212,-1.0707823,3.4486527,-2.782215,-2.0221734,-1.0707823,3.4486527,-2.782215,-2.0221734,-1.0,1.0,-1.0,-1.0,0.0,0.4,-0.4,-0.4
8.966666666666667,6.0238814,-7.563064,2.935175,0.9990766,-0.01717304,0.02615592,-0.029441008,-0.082620405,-0.03960793,0.09517083,-0.4809447,0.18804847,-0.21489838,-0.07958839,-0.03146217,0.10063909,0.9193043,0.4661357,9.085631,5.9976587,-7.587931,2.4656816,6.115716,-7.469707,2.4469047,0.16812803,4.447809,3.2750692,3.009473,0.1746121346950531,0.19812321662902832,0.02351108193397522,0.32842397689819336,0.33583542704582214,0.007411450147628784,1.3004309,-1.8483447,3.0041952,2.3805914,1.3004309,-1.8483447,3.0041952,2.3805914,1.0,-1.0,1.0,1.0,33.54301452636719,-0.4,0.4,0.4
8.983333333333333,6.0225787,-7.563574,2.935025,0.9989946,-0.018664265,0.024363857,-0.032677557,-0.07332354,-0.0333463,-0.05058997,-0.056293003,-0.34673288,-0.45757106,-0.0777511,-0.030203909,-0.045718193,0.11023744,0.07549568,-8.781437,5.996721,-7.588843,2.466097,6.115716,-7.469707,2.4469047,0.16947436,4.462705,3.2382848,3.0707085,0.1746121346950531,0.1959996223449707,0.021387487649917603,0.32842397689819336,0.33421242237091064,0.005788445472717285,-0.87445575,4.255263,-2.8225884,-2.1877885,-0.87445575,4.255263,-2.8225884,-2.1877885,-0.87445575,1.0,-1.0,-1.0,2.1055662631988525,0.4,-0.4,-0.4
9.0,6.0214677,-7.563942,2.9361827,0.99884886,-0.021347743,0.025023056,-0.034915436,-0.06662049,-0.028374063,0.101219594,-0.40530062,0.2138672,-0.21435903,-0.06311271,-0.019421257,0.105491154,0.8783032,0.64695907,9.072561,5.995937,-7.589603,2.466602,6.115716,-7.469707,2.4469047,0.1706167,4.464676,3.1931903,3.120395,0.1746121346950531,0.1896541863679886,0.015042051672935486,0.32842397689819336,0.3346903622150421,0.006266385316848755,1.1276487,-0.83173215,2.915564,2.3425894,1.1276487,-0.83173215,2.915564,2.3425894,1.0,-0.83173215,1.0,1.0,33.54301452636719,-0.33269286,0.4,0.4
9.016666666666666,6.0204268,-7.5642586,2.935864,0.99875045,-0.022209553,0.023407277,-0.03816136,-0.057870686,-0.02065207,-0.0643234,0.019106874,-0.32267573,-0.45701095,-0.06230804,-0.01883875,-0.060628653,0.04828043,0.034950413,-9.967188,5.995296,-7.5902224,2.466953,6.115716,-7.469707,2.4469047,0.17154258,4.4700613,3.1527545,3.1688461,0.1746121346950531,0.16878004372119904,0.005832090973854065,0.32842397689819336,0.32469987869262695,0.0037240982055664062,-1.0314008,4.455519,-2.9797416,-2.1494906,-1.0314008,4.455519,-2.9797416,-2.1494906,-1.0,1.0,-1.0,-1.0,0.0,0.4,-0.4,-0.4
9.033333333333333,6.0195684,-7.56441,2.9367745,0.9986023,-0.023912886,0.024235299,-0.040425792,-0.051609393,-0.014175328,0.08778848,-0.2756259,0.2378661,-0.21384329,-0.048089206,-0.005865432,0.09068798,0.85313,0.77839905,9.078999,5.9947963,-7.590697,2.4672291,6.115716,-7.469707,2.4469047,0.17225908,4.46214,3.1033022,3.2062764,0.1746121346950531,0.16933812201023102,0.0052740126848220825,0.32842397689819336,0.33683133125305176,0.008407354354858398,1.3553258,-0.70505965,2.8848763,2.506966,1.3553258,-0.70505965,2.8848763,2.506966,1.0,-0.70505965,1.0,1.0,33.54301452636719,-0.28202388,0.4,0.4
9.05,6.0187764,-7.5645003,2.93621,0.9985044,-0.023693737,0.022768175,-0.04369408,-0.043299228,-0.0056250417,-0.07774072,0.14876619,-0.29932055,-0.4564536,-0.047269464,-0.005296099,-0.0754164,0.049184557,0.03415997,-9.966262,5.9944315,-7.5910277,2.4673266,6.115716,-7.469707,2.4469047,0.17275909,4.4603887,3.05898,3.2461836,0.1746121346950531,0.14977872371673584,0.02483341097831726,0.32842397689819336,0.313874751329422,0.014549225568771362,-1.0803679,3.8459523,-3.1631122,-1.9029105,-1.0803679,3.8459523,-3.1631122,-1.9029105,-1.0,1.0,-1.0,-1.0,0.0,0.4,-0.4,-0.4
9.066666666666666,6.0181646,-7.564418,2.936874,0.9983448,-0.025090525,0.02377292,-0.045967422,-0.037344817,0.0012465678,0.07442847,-0.2720412,0.25958273,-0.21343121,-0.03332727,0.008277937,0.07587197,0.8365316,0.8144421,9.077301,5.994204,-7.5912104,2.467347,6.115716,-7.469707,2.4469047,0.17304942,4.446228,3.0061727,3.2759533,0.1746121346950531,0.13634340465068817,0.03826873004436493,0.32842397689819336,0.32864171266555786,0.00021773576736450195,1.702918,-1.5073625,2.727664,2.9972124,1.702918,-1.5073625,2.727664,2.9972124,1.0,-1.0,1.0,1.0,33.54301452636719,-0.4,0.4,0.4
9.083333333333334,6.0176272,-7.5642657,2.9362216,0.99822503,-0.024837736,0.02248423,-0.049235396,-0.02932543,0.01030663,-0.078464225,0.15257032,-0.27683443,-0.4560237,-0.031866074,0.009442165,-0.07757732,0.087671794,0.06985366,-9.206957,5.9941134,-7.591243,2.4672852,6.115716,-7.469707,2.4469047,0.17312853,4.43863,2.958672,3.3087301,0.1746121346950531,0.15312527120113373,0.021486863493919373,0.32842397689819336,0.3196422755718231,0.00878170132637024,-0.9194716,4.496495,-3.3804145,-1.4939483,-0.9194716,4.496495,-3.3804145,-1.4939483,-0.9194716,1.0,-1.0,-1.0,1.350582242012024,0.4,-0.4,-0.4
9.1,6.0172706,-7.563926,2.9368474,0.9980685,-0.025391439,0.023645425,-0.05152918,-0.023582675,0.017897077,0.073660724,-0.14077118,0.2829563,-0.21300967,-0.017942173,0.02378695,0.07358403,0.83543396,0.86068714,9.06968,5.9941587,-7.5911155,2.4672534,6.115716,-7.469707,2.4469047,0.17300361,4.4191895,2.9034536,3.3315449,0.1746121346950531,0.16286753118038177,0.011744603514671326,0.32842397689819336,0.3333945870399475,0.00497061014175415,1.6525245,-0.7022583,2.428875,3.5540738,1.6525245,-0.7022583,2.428875,3.5540738,1.0,-0.7022583,1.0,1.0,33.54301452636719,-0.2809033,0.4,0.4
9.116666666666667,6.016982,-7.5635242,2.9359972,0.9979597,-0.024042144,0.022486124,-0.054705523,-0.015753014,0.026967792,-0.09203723,0.2836567,-0.25498745,-0.43679768,-0.017100178,0.02432219,-0.09253262,0.05051974,0.032114312,-9.966999,5.9943333,-7.590842,2.4670596,6.115716,-7.469707,2.4469047,0.17266619,4.4066687,2.853777,3.35778,0.1746121346950531,0.15761849284172058,0.01699364185333252,0.32842397689819336,0.32064762711524963,0.007776349782943726,-1.0925726,3.5590272,-3.7434702,-0.9228133,-1.0925726,3.5590272,-3.7434702,-0.9228133,-1.0,1.0,-1.0,-0.9228133,0.0,0.4,-0.4,-0.36912534
9.133333333333333,6.016873,-7.5629487,2.9363756,0.9978034,-0.02427959,0.023810856,-0.05684911,-0.010037907,0.03413566,0.060193773,-0.13690262,0.30321795,-0.19394797,-0.0031020737,0.037778743,0.05875744,0.8398862,0.80739313,9.077403,5.994635,-7.5904145,2.4667904,6.115716,-7.469707,2.4469047,0.172123,4.3820305,2.79656,3.373639,0.1746121346950531,0.16312499344348907,0.011487141251564026,0.32842397689819336,0.3464215397834778,0.017997562885284424,2.093245,-2.1163282,2.053338,3.9777496,2.093245,-2.1163282,2.053338,3.9777496,1.0,-1.0,1.0,1.0,33.54301452636719,-0.4,0.4,0.4
9.15,6.016843,-7.5623045,2.9354901,0.99770635,-0.022879256,0.022834249,-0.059473056,-0.002194626,0.04293119,-0.088805735,0.28780222,-0.23369099,-0.3535739,-0.0014148818,0.039032187,-0.090602696,0.10123151,0.075206675,-8.961608,5.9950666,-7.5898314,2.466471,6.115716,-7.469707,2.4469047,0.17137374,4.3640275,2.7457685,3.3919744,0.1746121346950531,0.16922412812709808,0.005388006567955017,0.32842397689819336,0.3335011303424835,0.005077153444290161,-0.89349735,3.6278305,-4.060337,-0.65880334,-0.89349735,3.6278305,-4.060337,-0.65880334,-0.89349735,1.0,-1.0,-0.65880334,1.786210060119629,0.4,-0.4,-0.26352134
9.166666666666666,6.016999,-7.5614944,2.9358995,0.9975788,-0.02304822,0.02435459,-0.06092784,0.0036503624,0.049780242,0.06331749,-0.13249902,0.32477984,-0.11079077,0.012868869,0.05163366,0.060571108,0.857025,0.7560883,9.070428,5.9956274,-7.589085,2.4662154,6.115716,-7.469707,2.4469047,0.17042682,4.3342853,2.6887336,3.3995209,0.1746121346950531,0.16104954481124878,0.013562589883804321,0.32842397689819336,0.3431662321090698,0.014742255210876465,2.0625079,-2.084174,1.5204458,2.7361698,2.0625079,-2.084174,1.5204458,2.7361698,1.0,-1.0,1.0,1.0,33.54301452636719,-0.4,0.4,0.4
9.183333333333334,6.017239,-7.560616,2.9351137,0.9974772,-0.021602783,0.023557775,-0.06338401,0.011668223,0.058330223,-0.08017781,0.29199898,-0.21188453,-0.35337412,0.014890238,0.05310384,-0.08321842,0.12128211,0.08821092,-8.627372,5.9963145,-7.5881777,2.465972,6.115716,-7.469707,2.4469047,0.16927956,4.309678,2.6387126,3.4074214,0.1746121346950531,0.1607615202665329,0.013850614428520203,0.32842397689819336,0.33802998065948486,0.009606003761291504,-0.85797405,3.6454005,-4.230591,-1.6113449,-0.85797405,3.6454005,-4.230591,-1.6113449,-0.85797405,1.0,-1.0,-1.0,2.3819892406463623,0.4,-0.4,-0.4
9.2,6.017676,-7.5595827,2.935644,0.9973708,-0.021810193,0.023983682,-0.06481147,0.018089078,0.064812966,0.071803845,-0.12969708,0.1417921,-0.110513784,0.029865835,0.064749934,0.067817435,0.8985358,0.69876546,9.06215,5.997127,-7.587104,2.4658399,6.115716,-7.469707,2.4469047,0.16794014,4.2732353,2.5835087,3.4038248,0.1746121346950531,0.15817435085773468,0.01643778383731842,0.32842397689819336,0.34805312752723694,0.01962915062904358,1.7345889,-2.1662714,0.6217427,3.1219034,1.7345889,-2.1662714,0.6217427,3.1219034,1.0,-1.0,0.6217427,1.0,33.54301452636719,-0.4,0.24869709,0.4
9.216666666666667,6.018189,-7.5584917,2.9348023,0.9972927,-0.02044616,0.021656414,-0.06723152,0.025631683,0.07303182,-0.085954234,0.2940928,-0.39579034,-0.35313523,0.031155594,0.0655956,-0.09002947,0.07738552,0.05073979,-9.470814,5.998056,-7.585875,2.4656188,6.115716,-7.469707,2.4469047,0.16640046,4.241313,2.5370855,3.3988135,0.1746121346950531,0.13421903550624847,0.040393099188804626,0.32842397689819336,0.3426879644393921,0.01426398754119873,-0.9474318,3.5230212,-3.6701198,-1.5396315,-0.9474318,3.5230212,-3.6701198,-1.5396315,-0.9474318,1.0,-1.0,-1.0,0.8816478848457336,0.4,-0.4,-0.4
9.233333333333333,6.018877,-7.5572596,2.9352233,0.9971879,-0.020645076,0.02183257,-0.06865262,0.030972108,0.07914507,0.066199906,-0.12695771,0.16285586,-0.110322304,0.044485908,0.076590225,0.06132358,0.7998188,0.6596776,9.0811825,5.999103,-7.58449,2.4653902,6.115716,-7.469707,2.4469047,0.16466749,4.1970444,2.4857154,3.381775,0.1746121346950531,0.13193795084953308,0.04267418384552002,0.32842397689819336,0.3481963276863098,0.019772350788116455,2.0356464,-2.04533,2.6798058,3.5324926,2.0356464,-2.04533,2.6798058,3.5324926,1.0,-1.0,1.0,1.0,33.54301452636719,-0.4,0.4,0.4
9.25,6.0196366,-7.5559697,2.9343693,0.9970911,-0.019248543,0.019678526,-0.07107422,0.037772886,0.08701457,-0.08404361,0.29695982,-0.37427792,-0.352921,0.046101052,0.077697694,-0.08887866,0.09690865,0.06644815,-9.012135,6.0002604,-7.5829496,2.4651124,6.115716,-7.469707,2.4469047,0.16274342,4.1555967,2.4413574,3.36285,0.1746121346950531,0.13806457817554474,0.03654755651950836,0.32842397689819336,0.3455362319946289,0.017112255096435547,-0.8989567,3.41195,-3.7416487,-1.2169174,-0.8989567,3.41195,-3.7416487,-1.2169174,-0.8989567,1.0,-1.0,-1.0,1.6946481466293335,0.4,-0.4,-0.4
9.266666666666666,6.020558,-7.5545435,2.9348097,0.9969785,-0.01940643,0.020034013,-0.072497256,0.042415835,0.092730425,0.068025716,-0.123987295,0.18439451,-0.1101294,0.05817743,0.08795605,0.06248721,0.7245826,0.6155012,9.081952,6.0015364,-7.5812488,2.46489,6.115716,-7.469707,2.4469047,0.16063006,4.1017447,2.3922293,3.3318987,0.1746121346950531,0.14416158199310303,0.030450552701950073,0.32842397689819336,0.3494263291358948,0.021002352237701416,1.8552153,-2.1318562,2.706828,3.8411584,1.8552153,-2.1318562,2.706828,3.8411584,1.0,-1.0,1.0,1.0,33.54301452636719,-0.4,0.4,0.4
9.283333333333333,6.021544,-7.5530663,2.9339216,0.99687535,-0.01797309,0.018055223,-0.074768774,0.04861381,0.10019468,-0.08660023,0.2999362,-0.3531064,-0.328433,0.059559446,0.08886186,-0.09196802,0.08292093,0.054348703,-9.267313,6.0029187,-7.5793967,2.464596,6.115716,-7.469707,2.4469047,0.15832889,4.0486326,2.3484044,3.297942,0.1746121346950531,0.1360393464565277,0.03857278823852539,0.32842397689819336,0.3453141450881958,0.01689016819000244,-0.9260051,3.2901707,-3.8188224,-0.9000784,-0.9260051,3.2901707,-3.8188224,-0.9000784,-0.9260051,1.0,-1.0,-0.9000784,1.241005539894104,0.4,-0.4,-0.36003137
9.3,6.022677,-7.5514655,2.9343119,0.996771,-0.018084288,0.018591138,-0.07599195,0.05273519,0.105473235,0.065494575,-0.12082653,0.20567925,-0.08566679,0.07060461,0.09833773,0.059496403,0.66270965,0.5685523,9.087866,6.004412,-7.577393,2.464323,6.115716,-7.469707,2.4469047,0.15584679,3.982518,2.2994566,3.251607,0.1746121346950531,0.13917945325374603,0.03543268144130707,0.32842397689819336,0.3497839868068695,0.021360009908676147,1.7830429,-2.2453766,2.718504,3.6880336,1.7830429,-2.2453766,2.718504,3.6880336,1.0,-1.0,1.0,1.0,33.54301452636719,-0.4,0.4,0.4
9.316666666666666,6.0238724,-7.549811,2.9334378,0.996657,-0.016613502,0.016787775,-0.07821064,0.058466952,0.11253763,-0.084129944,0.30313554,-0.33155948,-0.327568,0.07216649,0.09938611,-0.08986295,0.0937128,0.06290272,-8.96156,6.0060086,-7.5752363,2.464012,6.115716,-7.469707,2.4469047,0.15318224,3.9161458,2.2549276,3.2017963,0.1746121346950531,0.13961654901504517,0.034995585680007935,0.32842397689819336,0.34339064359664917,0.01496666669845581,-0.89368135,3.1396604,-3.858077,-0.9971739,-0.89368135,3.1396604,-3.858077,-0.9971739,-0.89368135,1.0,-1.0,-0.9971739,1.7831240892410278,0.4,-0.4,-0.39886957
9.333333333333334,6.025204,-7.5480447,2.933863,0.9965473,-0.016679963,0.017502882,-0.07942884,0.062156986,0.11737097,0.06792235,-0.11752749,0.22724766,-0.08480193,0.082396425,0.10801757,0.061610978,0.61379623,0.5178876,9.088435,6.007713,-7.5729327,2.4637642,6.115716,-7.469707,2.4469047,0.15034783,3.8368807,2.2053938,3.139728,0.1746121346950531,0.13810139894485474,0.036510735750198364,0.32842397689819336,0.34759679436683655,0.01917281746864319,1.5592672,-2.3193274,2.631505,3.9593127,1.5592672,-2.3193274,2.631505,3.9593127,1.0,-1.0,1.0,1.0,33.54301452636719,-0.4,0.4,0.4
9.35,6.0265937,-7.546235,2.932949,0.99646086,-0.015161901,0.015879603,-0.08114,0.06763515,0.123891726,-0.08782369,0.30648866,-0.31047907,-0.24575344,0.08368937,0.108806476,-0.093775876,0.07757663,0.04733428,-9.323211,6.009516,-7.5704875,2.4634402,6.115716,-7.469707,2.4469047,0.14733845,3.756085,2.1593955,3.073302,0.1746121346950531,0.14196467399597168,0.03264746069908142,0.32842397689819336,0.343015193939209,0.014591217041015625,-0.93200016,2.9984202,-3.9810047,-0.66399777,-0.93200016,2.9984202,-3.9810047,-0.66399777,-0.93200016,1.0,-1.0,-0.66399777,1.1404597759246826,0.4,-0.4,-0.2655991
9.366666666666667,6.0281096,-7.544322,2.93331,0.9964017,-0.015170091,0.01678129,-0.081681035,0.0712098,0.12816463,0.06428731,-0.11387759,0.24858068,-0.0029854567,0.093325354,0.11653532,0.057790708,0.57815903,0.46373066,9.093994,6.0114183,-7.5678988,2.46313,6.115716,-7.469707,2.4469047,0.14416267,3.6624491,2.1083336,2.9947393,0.1746121346950531,0.13221094012260437,0.04240119457244873,0.32842397689819336,0.3418404161930084,0.013416439294815063,1.5120908,-2.437712,2.359033,2.674693,1.5120908,-2.437712,2.359033,2.674693,1.0,-1.0,1.0,1.0,33.54301452636719,-0.4,0.4,0.4
9.383333333333333,6.029683,-7.542369,2.932394,0.9963197,-0.013607628,0.015336,-0.08322591,0.07653473,0.13422152,-0.08656367,0.31000918,-0.2889027,-0.24565291,0.094800286,0.117461815,-0.092638426,0.0884959,0.055589672,-9.025747,6.013417,-7.565177,2.462773,6.115716,-7.469707,2.4469047,0.14082418,3.566683,2.0605714,2.9112322,0.1746121346950531,0.1429930031299591,0.031619131565093994,0.32842397689819336,0.34199318289756775,0.01356920599937439,-0.900549,2.8423314,-3.9326859,-1.8196944,-0.900549,2.8423314,-3.9326859,-1.8196944,-0.900549,1.0,-1.0,-1.0,1.6679432392120361,0.4,-0.4,-0.4
9.4,6.0313797,-7.540324,2.932774,0.99625766,-0.013568753,0.016415097,-0.083767705,0.07996254,0.1379914,0.06552263,-0.11031265,0.2701339,-0.002871409,0.10405972,0.12421323,0.058919393,0.55556595,0.40508506,9.093469,6.0155125,-7.5623183,2.4624727,6.115716,-7.469707,2.4469047,0.13733159,3.4588544,2.0080993,2.8162408,0.1746121346950531,0.11323025822639465,0.06138187646865845,0.32842397689819336,0.3343813717365265,0.00595739483833313,1.2854015,-2.5468643,1.978925,2.905992,1.2854015,-2.5468643,1.978925,2.905992,1.0,-1.0,1.0,1.0,33.54301452636719,-0.4,0.4,0.4
9.416666666666666,6.0331287,-7.538245,2.931779,0.99616706,-0.0119648995,0.0151413465,-0.08531576,0.08519092,0.14353587,-0.093168244,0.31349957,-0.26794744,-0.24554801,0.105256766,0.12491359,-0.0992873,0.071822844,0.04202127,-9.492401,6.0176973,-7.5593367,2.4620738,6.115716,-7.469707,2.4469047,0.13368332,3.3483937,1.958809,2.7156599,0.1746121346950531,0.1401626020669937,0.03444953262805939,0.32842397689819336,0.3402334153652191,0.011809438467025757,-0.9499457,2.7179232,-4.1449356,-1.6311575,-0.9499457,2.7179232,-4.1449356,-1.6311575,-0.9499457,1.0,-1.0,-1.0,0.8394862413406372,0.4,-0.4,-0.4
9.433333333333334,6.0349975,-7.53609,2.9320495,0.99610174,-0.011879444,0.016392803,-0.08585706,0.08861607,0.14679027,0.05900798,-0.10678651,0.29107133,-0.0027503166,0.11435997,0.1306233,0.052359197,0.54619205,0.34258243,9.098789,6.0199723,-7.5562325,2.4616675,6.115716,-7.469707,2.4469047,0.12989011,3.226524,1.9049857,2.604129,0.1746121346950531,0.11189205944538116,0.06272007524967194,0.32842397689819336,0.3305773437023163,0.002153366804122925,1.2046733,-2.709857,1.4748617,3.123107,1.2046733,-2.709857,1.4748617,3.123107,1.0,-1.0,1.0,1.0,33.54301452636719,-0.4,0.4,0.4
9.45,6.0369215,-7.533903,2.9309936,0.99600255,-0.010233281,0.015290804,-0.08740862,0.09388155,0.15180424,-0.09586426,0.3171035,-0.24681334,-0.24543123,0.115696035,0.131379,-0.10199125,0.08016407,0.045341846,-9.261026,6.0223336,-7.5530133,2.461184,6.115716,-7.469707,2.4469047,0.1259528,3.102415,1.8548151,2.4868937,0.1746121346950531,0.1434599757194519,0.031152158975601196,0.32842397689819336,0.34076595306396484,0.012341976165771484,-0.9254985,2.5958786,-4.4299197,-1.4473366,-0.9254985,2.5958786,-4.4299197,-1.4473366,-0.9254985,1.0,-1.0,-1.0,1.2495026588439941,0.4,-0.4,-0.4
9.466666666666667,6.038967,-7.531654,2.9312184,0.9959459,-0.010171519,0.015955754,-0.08794107,0.09762014,0.15452515,0.05610819,-0.10398864,0.1899935,-0.002597338,0.12496201,0.1359507,0.049575664,0.55595845,0.27430236,9.094015,6.0247817,-7.5496807,2.4607258,6.115716,-7.469707,2.4469047,0.12188461,2.9680853,1.8008184,2.3593607,0.1746121346950531,0.11096719652414322,0.06364493817090988,0.32842397689819336,0.33540940284729004,0.00698542594909668,1.0584539,-2.91822,0.7744225,3.3075778,1.0584539,-2.91822,0.7744225,3.3075778,1.0,-1.0,0.7744225,1.0,33.54301452636719,-0.4,0.309769,0.4
9.483333333333333,6.041063,-7.5293813,2.9300065,0.9958529,-0.00857914,0.014008723,-0.08948301,0.10255649,0.15897448,-0.107720755,0.3196556,-0.34845614,-0.24524605,0.12599775,0.13653196,-0.11348159,0.062144544,0.03487587,-9.783435,6.0273075,-7.5462494,2.4601295,6.115716,-7.469707,2.4469047,0.11768471,2.831862,1.7511218,2.225537,0.1746121346950531,0.14989186823368073,0.024720266461372375,0.32842397689819336,0.3371540606021881,0.008730083703994751,-0.98079824,2.5464773,-4.1464434,-1.3402574,-0.98079824,2.5464773,-4.1464434,-1.3402574,-0.98079824,1.0,-1.0,-1.0,0.3220423758029938,0.4,-0.4,-0.4
9.5,6.0432653,-7.527058,2.9300416,0.99579746,-0.008498484,0.014589999,-0.090013035,0.10567257,0.16115257,0.044341926,-0.100960016,0.21063907,-0.0024605612,0.13412127,0.14018184,0.038256876,0.487411,0.21899252,9.104307,6.029912,-7.5427213,2.4594872,6.115716,-7.469707,2.4469047,0.11336546,2.6869533,1.6980114,2.0824206,0.1746121346950531,0.1090623289346695,0.0655498057603836,0.32842397689819336,0.3304954469203949,0.002071470022201538,1.1009724,-3.0193834,1.8713459,3.592639,1.1009724,-3.0193834,1.8713459,3.592639,1.0,-1.0,1.0,1.0,33.54301452636719,-0.4,0.4,0.4
9.516666666666666,6.045519,-7.5247126,2.928828,0.9956936,-0.006865117,0.012816576,-0.09155658,0.11022866,0.16504492,-0.1047099,0.32289976,-0.3268672,-0.24510579,0.13560303,0.1409598,-0.10998409,0.08890539,0.046677586,-8.894458,6.032594,-7.539102,2.458812,6.115716,-7.469707,2.4469047,0.108934335,2.5408607,1.6483763,1.9336051,0.1746121346950531,0.14870339632034302,0.025908738374710083,0.32842397689819336,0.3322965204715729,0.0038725435733795166,-0.88676786,2.427256,-4.251454,-1.1398315,-0.88676786,2.427256,-4.251454,-1.1398315,-0.88676786,1.0,-1.0,-1.0,1.899073600769043,0.4,-0.4,-0.4
9.533333333333333,6.047864,-7.5223317,2.9286506,0.9956358,-0.00674132,0.01356611,-0.0920857,0.11303122,0.16668138,0.025842648,-0.09795832,0.23075841,-0.0023163976,0.14233634,0.14337479,0.020263769,0.40399876,0.14489917,7.8148713,6.03535,-7.5354013,2.4580534,6.115716,-7.469707,2.4469047,0.104397096,2.3876286,1.5954453,1.7763233,0.1746121346950531,0.13185206055641174,0.04276007413864136,0.32842397689819336,0.3254493474960327,0.0029746294021606445,0.86416733,-3.2581935,1.6544964,3.762576,0.86416733,-3.2581935,1.6544964,3.762576,0.86416733,-1.0,1.0,1.0,31.264896392822266,-0.4,0.4,0.4
9.55,6.0502634,-7.5199304,2.927448,0.9955313,-0.005065643,0.011967527,-0.09353312,0.11736683,0.16997297,-0.09855277,0.32625774,-0.30513102,-0.22938427,0.14447145,0.14434539,-0.10329976,0.12810677,0.05823612,-7.413811,6.038179,-7.5316243,2.4572878,6.115716,-7.469707,2.4469047,0.09976752,2.2336383,1.544753,1.613344,0.1746121346950531,0.15325398743152618,0.021358147263526917,0.32842397689819336,0.32906049489974976,0.0006365180015563965,-0.7311545,2.2405024,-4.3853545,-0.93593276,-0.7311545,2.2405024,-4.3853545,-0.93593276,-0.7311545,1.0,-1.0,-0.93593276,4.508944034576416,0.4,-0.4,-0.3743731
9.566666666666666,6.0527377,-7.5175095,2.926923,0.9954833,-0.0048976038,0.012881249,-0.0939311,0.12005798,0.17102888,-0.0044864765,-0.09499856,0.2500607,0.01336498,0.14974356,0.14550216,-0.009534903,0.3163263,0.06940663,5.625891,6.0410743,-7.527784,2.456346,6.115716,-7.469707,2.4469047,0.09504444,2.0757773,1.4917067,1.4434896,0.1746121346950531,0.15771527588367462,0.01689685881137848,0.32842397689819336,0.31846535205841064,0.009958624839782715,0.6336323,-3.4016805,1.272388,3.799306,0.6336323,-3.4016805,1.272388,3.799306,0.6336323,-1.0,1.0,1.0,27.398475646972656,-0.4,0.4,0.4
9.583333333333334,6.055275,-7.5150704,2.9257612,0.9953767,-0.0031780556,0.011457414,-0.09530873,0.12430303,0.17372549,-0.086240865,0.32972723,-0.28299007,-0.22293109,0.15294218,0.1466147,-0.09045492,0.1919174,0.066752136,-4.855201,6.04404,-7.523881,2.455444,6.115716,-7.469707,2.4469047,0.090250514,1.918648,1.4397216,1.2682317,0.1746121346950531,0.16649863123893738,0.008113503456115723,0.32842397689819336,0.32451939582824707,0.003904581069946289,-0.4622349,1.9427913,-4.5716276,-0.9739902,-0.4622349,1.9427913,-4.5716276,-0.9739902,-0.4622349,1.0,-1.0,-0.9739902,9.01913070678711,0.4,-0.4,-0.38959607
9.6,6.057875,-7.5126257,2.9248545,0.9953409,-0.0030461214,0.011754589,-0.09564986,0.12708676,0.17420022,-0.039551005,-0.09290882,0.14382035,0.019785026,0.15693443,0.14665112,-0.04388711,0.23953466,0.0021851063,2.7940686,6.0470667,-7.51993,2.454323,6.115716,-7.469707,2.4469047,0.08538205,1.7623518,1.3867958,1.0875115,0.1746121346950531,0.1722579300403595,0.0023542046546936035,0.32842397689819336,0.3196229338645935,0.008801043033599854,0.33642516,-3.5438676,0.76880157,3.9724357,0.33642516,-3.5438676,0.76880157,3.9724357,0.33642516,-1.0,0.76880157,1.0,22.413864135742188,-0.4,0.30752063,0.4
9.616666666666667,6.06054,-7.5101686,2.9236684,0.99527407,-0.0013845606,0.009467528,-0.09663238,0.1309666,0.1761626,-0.07788557,0.33231428,-0.38617605,-0.16201611,0.1608891,0.1476048,-0.08111224,0.23728071,0.057220455,-2.2335079,6.0501547,-7.5159345,2.4532259,6.115716,-7.469707,2.4469047,0.080468744,1.6102219,1.3341655,0.90156364,0.1746121346950531,0.17679207026958466,0.002179935574531555,0.32842397689819336,0.324789434671402,0.003634542226791382,-0.18718095,1.6325253,-4.190638,-0.7498237,-0.18718095,1.6325253,-4.190638,-0.7498237,-0.18718095,1.0,-1.0,-0.7498237,13.632201194763184,0.4,-0.4,-0.29992947
9.633333333333333,6.063257,-7.507715,2.9227996,0.9952881,-0.0012291723,0.009684603,-0.09646861,0.13307603,0.17588553,-0.04071712,-0.08963518,0.16560377,0.08049686,0.16355039,0.14703031,-0.044002227,0.15967725,-0.034469068,2.226601,6.053306,-7.5119057,2.452157,6.115716,-7.469707,2.4469047,0.07552024,1.4662476,1.2819482,0.7116815,0.1746121346950531,0.18226487934589386,0.007652744650840759,0.32842397689819336,0.31863507628440857,0.00978890061378479,0.27797362,-3.6438603,1.7926515,3.7265992,0.27797362,-3.6438603,1.7926515,3.7265992,0.27797362,-1.0,1.0,1.0,21.433544158935547,-0.4,0.4,0.4
9.65,6.0660267,-7.505258,2.921692,0.9952235,0.00047845833,0.00757847,-0.09732659,0.13642515,0.17722344,-0.0727721,0.3355547,-0.36401552,-0.1621357,0.16706757,0.14761478,-0.07492698,0.21103083,0.035068095,-1.8554851,6.056513,-7.50785,2.451132,6.115716,-7.469707,2.4469047,0.07055341,1.332772,1.2283194,0.51721644,0.1746121346950531,0.18110516667366028,0.006493031978607178,0.32842397689819336,0.3230498135089874,0.005374163389205933,-0.14756067,1.0474709,-4.1004586,-1.4560225,-0.14756067,1.0474709,-4.1004586,-1.4560225,-0.14756067,1.0,-1.0,-1.0,14.296692848205566,0.4,-0.4,-0.4
9.666666666666666,6.0688324,-7.5028133,2.9208052,0.9952363,0.00067741517,0.007972418,-0.097163066,0.13800016,0.17630321,-0.045170162,-0.08651094,0.18710724,0.08038384,0.16876516,0.1464173,-0.04740787,0.10185509,-0.071848325,1.6511465,6.0597763,-7.50378,2.4501073,6.115716,-7.469707,2.4469047,0.06557793,1.2171389,1.1743382,0.31993228,0.1746121346950531,0.18959087133407593,0.014978736639022827,0.32842397689819336,0.31422823667526245,0.014195740222930908,0.21734746,-3.843679,1.8144509,4.0430183,0.21734746,-3.843679,1.8144509,4.0430183,0.21734746,-1.0,1.0,1.0,20.416751861572266,-0.4,0.4,0.4
9.683333333333334,6.071687,-7.5003757,2.9199448,0.9951738,0.0010131686,0.006180052,-0.09792762,0.14096515,0.1768804,-0.0526091,0.11101061,-0.34254095,-0.14880487,0.17209202,0.14618355,-0.054224286,0.19961177,-0.01402527,-0.408985,6.0630956,-7.4997005,2.4492364,6.115716,-7.469707,2.4469047,0.060613174,1.1241747,1.1178269,0.11929724,0.1746121346950531,0.17806321382522583,0.0034510791301727295,0.32842397689819336,0.3176341652870178,0.010789811611175537,0.005075862,0.4662838,-4.1519837,-0.94430566,0.005075862,0.4662838,-4.1519837,-0.94430566,0.005075862,0.4662838,-1.0,-0.94430566,16.85663604736328,0.18651353,-0.4,-0.37772226
9.7,6.0745645,-7.4979534,2.9188936,0.99519736,-0.000634266,0.006921011,-0.09764169,0.14220344,0.17615753,-0.064748846,-0.31119168,0.20626304,0.093840584,0.17281221,0.14516638,-0.06714439,0.043211278,-0.061030086,-0.77520597,6.0664625,-7.495625,2.4482486,6.115716,-7.469707,2.4469047,0.05567273,1.0637623,1.0604929,-0.08333737,0.1746121346950531,0.18482522666454315,0.010213091969490051,0.32842397689819336,0.3101958930492401,0.018228083848953247,-0.03814907,-1.509405,1.37768,4.0685854,-0.03814907,-1.509405,1.37768,4.0685854,-0.03814907,-1.0,1.0,1.0,16.131690979003906,-0.4,0.4,0.4
9.716666666666667,6.0775065,-7.495526,2.9192984,0.99517745,-0.0007071393,0.005391574,-0.097940244,0.14523882,0.17761032,0.0545326,0.11608531,-0.31327152,-0.07937813,0.17765804,0.14590856,0.05255336,0.29074964,0.044530924,7.1818647,6.06989,-7.4915633,2.4480662,6.115716,-7.469707,2.4469047,0.050784506,1.0405146,1.00004,-0.28738552,0.1746121346950531,0.17594875395298004,0.001336619257926941,0.32842397689819336,0.3127296566963196,0.01569432020187378,0.8058821,3.9159205,-4.1590548,-0.7140068,0.8058821,3.9159205,-4.1590548,-0.7140068,0.8058821,1.0,-1.0,-0.7140068,30.287364959716797,0.4,-0.4,-0.28560272
9.733333333333333,6.08046,-7.493097,2.9183857,0.99525964,-0.0010509004,0.0055935034,-0.09708683,0.14654282,0.17740175,-0.08857838,-0.09721559,0.13097024,0.16339326,0.17704813,0.14564635,-0.09073812,-0.036594268,-0.015732944,-8.597488,6.0733604,-7.48752,2.4477963,6.115716,-7.469707,2.4469047,0.045957554,1.0597281,0.9401179,-0.48908305,0.1746121346950531,0.1851036250591278,0.010491490364074707,0.32842397689819336,0.3040911555290222,0.024332821369171143,-0.8590367,-0.5063586,0.8204099,3.105378,-0.8590367,-0.5063586,0.8204099,3.105378,-0.8590367,-0.5063586,0.8204099,1.0,2.3641672134399414,-0.20254345,0.32816395,0.4
9.75,6.083466,-7.4906583,2.9187942,0.9952544,0.00059470616,0.00328154,-0.09725002,0.14915803,0.1789619,0.06144212,0.33022144,-0.3862377,-0.07938621,0.18137132,0.14659175,0.060546834,0.25939107,0.056724247,9.077096,6.0768714,-7.48351,2.4476204,6.115716,-7.469707,2.4469047,0.04123029,1.1143159,0.8763121,-0.6883147,0.1746121346950531,0.18251566588878632,0.007903531193733215,0.32842397689819336,0.3048529624938965,0.023571014404296875,1.3364121,2.0551815,-3.5925312,-1.4663963,1.3364121,2.0551815,-3.5925312,-1.4663963,1.0,1.0,-1.0,-1.0,33.54301452636719,0.4,-0.4,-0.4
9.766666666666666,6.0864773,-7.488222,2.9182563,0.9953365,0.00071669876,0.0034338664,-0.09640005,0.14962469,0.17784296,-0.062667124,-0.09330631,0.1550245,0.16311422,0.18054964,0.1459559,-0.063573055,-0.049300786,-0.038150843,-7.447193,6.080423,-7.4795403,2.4476123,6.115716,-7.469707,2.4469047,0.036644213,1.2004346,0.8139789,-0.882316,0.1746121346950531,0.19115379452705383,0.016541659832000732,0.32842397689819336,0.29523780941963196,0.0331861674785614,-0.73656434,-3.0603294,2.2139695,3.6430006,-0.73656434,-3.0603294,2.2139695,3.6430006,-0.73656434,-1.0,1.0,1.0,4.418212890625,-0.4,0.4,0.4
9.783333333333333,6.0895243,-7.48579,2.9191153,0.995334,0.0024164151,0.0013192383,-0.09644963,0.15170692,0.17884563,0.0872091,0.33419034,-0.36226696,-0.061076492,0.1834116,0.14594777,0.08755344,0.17171769,-0.000488162,9.06759,6.084014,-7.4756246,2.4478824,6.115716,-7.469707,2.4469047,0.03226442,1.3064492,0.7472911,-1.0716182,0.1746121346950531,0.1897249072790146,0.015112772583961487,0.32842397689819336,0.3007686138153076,0.027655363082885742,1.0733846,2.0666566,-3.4902267,-0.92340314,1.0733846,2.0666566,-3.4902267,-0.92340314,1.0,1.0,-1.0,-0.92340314,33.54301452636719,0.4,-0.4,-0.36936125
9.8,6.092568,-7.483365,2.9187536,0.9954298,0.0025865731,0.0016570301,-0.09544641,0.15168032,0.17702825,-0.058524158,-0.089567974,0.17760342,0.18143499,0.1823922,0.14529924,-0.058242716,-0.061164197,-0.038911697,-8.747768,6.087637,-7.4717674,2.4481792,6.115716,-7.469707,2.4469047,0.028183363,1.4272286,0.6801334,-1.254751,0.1746121346950531,0.18424010276794434,0.009627968072891235,0.32842397689819336,0.3012140095233917,0.027209967374801636,-0.8740083,-2.9440308,2.328689,3.6631393,-0.8740083,-2.9440308,2.328689,3.6631393,-0.8740083,-1.0,1.0,1.0,2.1130707263946533,-0.4,0.4,0.4
9.816666666666666,6.0956297,-7.4809566,2.9197042,0.99546576,0.004338455,-0.00027294093,-0.095020846,0.15339974,0.17723466,0.09158246,0.33806258,-0.3397467,0.009153644,0.1840332,0.14422068,0.09307595,0.09846031,-0.06471366,9.07912,6.0912895,-7.4679756,2.4485734,6.115716,-7.469707,2.4469047,0.024544537,1.5555997,0.6086212,-1.4315972,0.1746121346950531,0.18345504999160767,0.008842915296554565,0.32842397689819336,0.30538150668144226,0.0230424702167511,1.0825051,2.1593294,-3.4155335,-0.70941174,1.0825051,2.1593294,-3.4155335,-0.70941174,1.0,1.0,-1.0,-0.70941174,33.54301452636719,0.4,-0.4,-0.2837647
9.833333333333334,6.098683,-7.478563,2.9194918,0.995615,0.004557837,0.00024800256,-0.09343348,0.1531202,0.17456459,-0.04962326,-0.085464105,0.20071423,0.25165907,0.18294224,0.14347488,-0.048251014,-0.06545752,-0.044748183,-8.479617,6.0949674,-7.46426,2.4490004,6.115716,-7.469707,2.4469047,0.021553788,1.6895661,0.53569734,-1.6023927,0.1746121346950531,0.18835678696632385,0.013744652271270752,0.32842397689819336,0.303132027387619,0.02529194951057434,-0.84574103,-2.9339032,2.1975343,2.9509315,-0.84574103,-2.9339032,2.1975343,2.9509315,-0.84574103,-1.0,1.0,1.0,2.587155342102051,-0.4,0.4,0.4
9.85,6.101742,-7.476198,2.9204526,0.9956572,0.0063626254,-0.0014968545,-0.092864744,0.15447833,0.17407842,0.088154465,0.34188172,-0.31752676,0.008740221,0.18363407,0.14139993,0.0906788,0.041509863,-0.12449651,8.335789,6.0986676,-7.460625,2.449463,6.115716,-7.469707,2.4469047,0.019485146,1.824192,0.45859566,-1.7656066,0.1746121346950531,0.1906464397907257,0.016034305095672607,0.32842397689819336,0.30836954712867737,0.02005442976951599,0.9216031,2.1394162,-3.3559394,-1.3776413,0.9216031,2.1394162,-3.3559394,-1.3776413,0.9216031,1.0,-1.0,-1.0,32.228179931640625,0.4,-0.4,-0.4
9.866666666666667,6.1047864,-7.473853,2.9202828,0.99580306,0.0066283224,-0.0007946796,-0.09127794,0.1538568,0.17071128,-0.046379197,-0.081639744,0.22339055,0.2512352,0.18245412,0.14048599,-0.044039402,-0.07079691,-0.054836866,-8.083092,6.1023855,-7.4570785,2.4499087,6.115716,-7.469707,2.4469047,0.018606612,1.9595616,0.37943482,-1.9224752,0.1746121346950531,0.19035853445529938,0.015746399760246277,0.32842397689819336,0.30771520733833313,0.02070876955986023,-0.80438364,-2.7868757,2.1174383,3.3633163,-0.80438364,-2.7868757,2.1174383,3.3633163,-0.80438364,-1.0,1.0,1.0,3.2807812690734863,-0.4,0.4,0.4
9.883333333333333,6.1078286,-7.4715505,2.9211354,0.99585956,0.008483778,-0.0023594284,-0.09047751,0.15498011,0.16939966,0.077315494,0.34559566,-0.2958634,0.046060976,0.182479,0.13739388,0.080728605,0.0014922022,-0.1855266,7.4860797,6.1061187,-7.453624,2.4503233,6.115716,-7.469707,2.4469047,0.019038545,2.0919719,0.2963315,-2.0708776,0.1746121346950531,0.18890908360481262,0.014296948909759521,0.32842397689819336,0.3146352171897888,0.013788759708404541,0.8320632,2.1869693,-3.4637694,-0.84468687,0.8320632,2.1869693,-3.4637694,-0.84468687,0.8320632,1.0,-1.0,-0.84468687,30.72646141052246,0.4,-0.4,-0.33787474
9.9,6.1108546,-7.4692755,2.9209015,0.99602926,0.008793964,-0.0014815409,-0.08857768,0.15424463,0.16521671,-0.04908584,-0.07781281,0.24576055,0.2885281,0.18119338,0.1362248,-0.04592546,-0.07713675,-0.070144236,-7.599243,6.109863,-7.450271,2.45067,6.115716,-7.469707,2.4469047,0.020644393,2.2232087,0.2110511,-2.2131684,0.1746121346950531,0.19595444202423096,0.021342307329177856,0.32842397689819336,0.310869425535202,0.017554551362991333,-0.75386024,-2.7326188,1.8758126,3.1854408,-0.75386024,-2.7326188,1.8758126,3.1854408,-0.75386024,-1.0,1.0,1.0,4.128134727478027,-0.4,0.4,0.4
9.916666666666666,6.113869,-7.46706,2.9217112,0.99611574,0.010700025,-0.0028642868,-0.087353505,0.15532875,0.16303347,0.0737743,0.34939444,-0.27359408,0.10169427,0.18075925,0.13193119,0.07790914,-0.026047824,-0.25761724,7.4300756,6.113611,-7.447026,2.45103,6.115716,-7.469707,2.4469047,0.023149235,2.3494754,0.12241652,-2.346284,0.1746121346950531,0.19086895883083344,0.016256824135780334,0.32842397689819336,0.3134816288948059,0.014942348003387451,0.8266046,2.0860467,-3.717052,-0.7691823,0.8266046,2.0860467,-3.717052,-0.7691823,0.8266046,1.0,-1.0,-0.7691823,30.634912490844727,0.4,-0.4,-0.30767295
9.933333333333334,6.116868,-7.4648747,2.9212549,0.9963191,0.011051734,-0.0018168015,-0.084986724,0.15467557,0.15795861,-0.06642979,-0.074174315,0.2673224,0.34412485,0.17954907,0.13088046,-0.062616356,-0.07261097,-0.063043535,-8.431529,6.1173644,-7.443889,2.4512172,6.115716,-7.469707,2.4469047,0.02622742,2.473726,0.03184004,-2.4735212,0.1746121346950531,0.1953085958957672,0.02069646120071411,0.32842397689819336,0.3087780475616455,0.01964592933654785,-0.8418639,-2.7285566,1.3401141,2.6554294,-0.8418639,-2.7285566,1.3401141,2.6554294,-0.8418639,-1.0,1.0,1.0,2.6521811485290527,-0.4,0.4,0.4
9.95,6.1198497,-7.462772,2.9221313,0.9964322,0.013009223,-0.0030122043,-0.08333418,0.15584952,0.1549431,0.083960645,0.35326457,-0.25019476,0.15186585,0.17871584,0.124709316,0.08862312,-0.04999369,-0.37026864,9.0743685,6.121113,-7.440875,2.4515097,6.115716,-7.469707,2.4469047,0.029691989,2.5917742,-0.061267078,-2.59105,0.1746121346950531,0.19404473900794983,0.01943260431289673,0.32842397689819336,0.3151703476905823,0.013253629207611084,1.0552602,1.9001883,-4.2044725,-0.7914349,1.0552602,1.9001883,-4.2044725,-0.7914349,1.0,1.0,-1.0,-0.7914349,33.54301452636719,0.4,-0.4,-0.31657395
9.966666666666667,6.122822,-7.4607015,2.9215364,0.99665546,0.013265475,-0.003325491,-0.080565795,0.15550123,0.1489707,-0.08189735,-0.071688585,0.042869,0.39445633,0.17810751,0.12411995,-0.077149376,-0.036499497,-0.035361797,-9.946349,6.124857,-7.4379807,2.4516535,6.115716,-7.469707,2.4469047,0.033356715,2.7081316,-0.15590456,-2.7036402,0.1746121346950531,0.20124010741710663,0.026627972722053528,0.32842397689819336,0.3034214675426483,0.025002509355545044,-1.0983613,-2.7129827,0.5452206,2.2630105,-1.0983613,-2.7129827,0.5452206,2.2630105,-1.0,-1.0,0.5452206,1.0,0.0,-0.4,0.21808825,0.4
9.983333333333333,6.1257644,-7.458727,2.9221725,0.99681294,0.015101368,-0.0063919034,-0.07807022,0.15636395,0.1448224,0.06815103,0.35710388,-0.47438765,0.27400383,0.17592858,0.11664009,0.07424287,-0.13073623,-0.44879165,9.083534,6.128589,-7.4352107,2.4517233,9.80595,-8.536935,2.356241,3.8400388,2.8166807,-0.2511899,-2.8054578,0.1746121346950531,0.1986769586801529,0.024064823985099792,0.32842397689819336,0.31017568707466125,0.018248289823532104,1.1592137,1.9066814,-3.1949658,-0.49541867,1.1592137,1.9066814,-3.1949658,-0.49541867,1.0,1.0,-1.0,-0.49541867,33.54301452636719,0.4,-0.4,-0.19816747
10.0,6.1286836,-7.4567904,2.9213393,0.9970932,0.015364264,-0.007051786,-0.07429131,0.15469164,0.13775912,-0.09764966,-0.06539465,0.065687805,0.5164431,0.1749441,0.11611184,-0.09140646,-0.059068497,-0.031695217,-9.938959,6.132307,-7.4325676,2.4516172,9.80595,-8.536935,2.356241,3.8372357,2.924605,-0.34865358,-2.9037483,0.1746121346950531,0.19446054100990295,0.019848406314849854,0.32842397689819336,0.2981730103492737,0.030250966548919678,-9.433298,-1.6479295,11.162401,3.100787,-9.433298,-1.6479295,11.162401,3.100787,-1.0,-1.0,1.0,1.0,0.0,-0.4,0.4,0.4
10.016666666666666,6.1315904,-7.454848,2.9177752,0.9974737,0.017745567,-0.0033535853,-0.06870261,0.1553888,0.1303486,-0.26003605,0.36292535,0.6104982,0.7120723,0.17414199,0.116806045,-0.25453112,-0.048126873,0.041652467,-9.787478,6.1360235,-7.4299364,2.449041,9.80595,-8.536935,2.356241,3.8343735,3.0243366,-0.44723648,-2.9910853,0.1746121346950531,0.201459139585495,0.026847004890441895,0.32842397689819336,0.29426416754722595,0.03415980935096741,-9.363478,1.2402359,9.89905,0.80630004,-9.363478,1.2402359,9.89905,0.80630004,-1.0,1.0,1.0,0.80630004,0.0,0.4,0.4,0.32252002
10.033333333333333,6.1344805,-7.452908,2.9114945,0.99789006,0.018925497,0.0049357787,-0.06191038,0.16259888,0.12115693,-0.42037067,-0.021555929,1.1518478,0.826086,0.17318135,0.1162159,-0.4175296,-0.057637986,-0.035408735,-9.779909,6.139739,-7.427299,2.4436436,9.80595,-8.536935,2.356241,3.8314533,3.124475,-0.54717445,-3.0761898,0.1746121346950531,0.20258647203445435,0.027974337339401245,0.32842397689819336,0.2892817556858063,0.039142221212387085,-8.759862,-0.885084,7.8525777,0.47380722,-8.759862,-0.885084,7.8525777,0.47380722,-1.0,-0.885084,1.0,0.47380722,0.0,-0.3540336,0.4,0.18952289
10.05,6.137357,-7.4509635,2.9024992,0.99814606,0.022161797,0.017616121,-0.053877823,0.18060084,0.110139295,-0.5791629,0.3905329,1.6964086,0.97398436,0.17238806,0.116830386,-0.5803533,-0.047597583,0.036869194,-9.769422,6.1434555,-7.424654,2.4354038,9.80595,-8.536935,2.356241,3.8284855,3.2283404,-0.6490563,-3.1624212,0.1746121346950531,0.20399409532546997,0.02938196063041687,0.32842397689819336,0.3014344573020935,0.026989519596099854,-7.043337,2.6149302,5.9816856,0.6096662,-7.043337,2.6149302,5.9816856,0.6096662,-1.0,1.0,1.0,0.6096662,0.0,0.4,0.4,0.24386649
10.066666666666666,6.14022,-7.44902,2.89079,0.99801195,0.025299404,0.034840256,-0.046022665,0.2133107,0.09684688,-0.7352275,0.20121504,2.2400668,0.8751843,0.17153949,0.11657893,-0.7432522,-0.050914582,-0.015087425,-9.773933,6.147177,-7.4220047,2.424339,9.80595,-8.536935,2.356241,3.8254838,3.3350644,-0.7527061,-3.2490134,0.1746121346950531,0.21061456203460693,0.03600242733955383,0.32842397689819336,0.29751598834991455,0.03090798854827881,-4.6887956,-0.38255233,3.7220325,-0.40512276,-4.6887956,-0.38255233,3.7220325,-0.40512276,-1.0,-0.38255233,1.0,-0.40512276,0.0,-0.15302093,0.4,-0.1620491
10.083333333333334,6.1430902,-7.44707,2.8763585,0.9975507,0.030386075,0.049753807,-0.03864748,0.25454748,0.07885792,-0.89138085,0.5959249,1.7037492,0.85106784,0.17245731,0.1170858,-0.90670955,0.055069324,0.030412225,-9.80744,6.150899,-7.4193487,2.4104614,9.80595,-8.536935,2.356241,3.822478,3.4450004,-0.85871273,-3.3362615,0.1746121346950531,0.20504648983478546,0.03043435513973236,0.32842397689819336,0.30442410707473755,0.02399986982345581,-1.0783176,1.1682836,-2.5501728,-0.10283223,-1.0783176,1.1682836,-2.5501728,-0.10283223,-1.0,1.0,-1.0,-0.10283223,0.0,0.4,-0.4,-0.041132893
10.1,6.146386,-7.4453907,2.8631408,0.99710524,0.033289284,0.06040454,-0.032001954,0.29204562,0.061595887,-0.7326854,0.14847782,1.1851287,0.74419504,0.20679723,0.095342346,-0.7576657,2.060395,-1.3046072,8.942631,6.1545935,-7.416835,2.396162,9.80595,-8.536935,2.356241,3.8195057,3.5566642,-0.96383935,-3.423576,0.1746121346950531,0.19960398972034454,0.024991855025291443,0.32842397689819336,0.30213797092437744,0.026286005973815918,2.102555,-4.880446,-1.5691847,-0.43967965,2.102555,-4.880446,-1.5691847,-0.43967965,1.0,-1.0,-1.0,-0.43967965,33.54301452636719,-0.4,-0.4,-0.17587186
10.116666666666667,6.1503363,-7.44409,2.8523645,0.99689114,0.032324687,0.06685451,-0.026334291,0.32408273,0.049136687,-0.5776726,-0.28966045,0.66104156,0.61052775,0.24751213,0.07261478,-0.61205757,2.4428942,-1.3636538,8.736487,6.158213,-7.4146285,2.3840733,9.80595,-8.536935,2.356241,3.8165865,3.6693742,-1.0130488,-3.5267603,0.1746121346950531,0.19322648644447327,0.018614351749420166,0.32842397689819336,0.3200088441371918,0.008415132761001587,2.5342364,-1.6554545,-1.8469944,-0.5450425,2.5342364,-1.6554545,-1.8469944,-0.5450425,1.0,-1.0,-1.0,-0.5450425,33.54301452636719,-0.4,-0.4,-0.21801701
10.133333333333333,6.1550126,-7.4431396,2.8440087,0.99685276,0.0329642,0.068931274,-0.021124147,0.3517203,0.036170516,-0.42533362,0.13422091,0.14073022,0.6237484,0.291891,0.052037194,-0.46692175,2.6627324,-1.2346551,8.708149,6.161746,-7.412755,2.3745685,9.80595,-8.536935,2.356241,3.8137043,3.7663956,-0.9722567,-3.6387432,0.1746121346950531,0.19625183939933777,0.021639704704284668,0.32842397689819336,0.3008381426334381,0.02758583426475525,2.927795,1.9385546,-1.565733,0.054361135,2.927795,1.9385546,-1.565733,0.054361135,1.0,1.0,-1.0,0.054361135,33.54301452636719,0.4,-0.4,0.021744454
10.15,6.1604357,-7.4425488,2.8380709,0.9969595,0.031687073,0.069041185,-0.017349027,0.3769632,0.023549119,-0.2741263,-0.29096147,-0.015249524,0.37981734,0.33662468,0.030073302,-0.32183918,2.6840203,-1.3178334,8.704953,6.165205,-7.4112263,2.3676631,9.80595,-8.536935,2.356241,3.8108234,3.8438478,-0.8311072,-3.7529223,0.1746121346950531,0.1870543360710144,0.012442201375961304,0.32842397689819336,0.31713688373565674,0.011287093162536621,1.4897212,-2.2595434,-0.32188898,-1.2168969,1.4897212,-2.2595434,-0.32188898,-1.2168969,1.0,-1.0,-0.32188898,-1.0,33.54301452636719,-0.4,-0.1287556,-0.4
10.166666666666666,6.1660566,-7.4420385,2.8306277,0.9972471,0.032130066,0.06542177,-0.01362809,0.39788777,0.010975719,-0.44132867,0.13519436,-0.5554569,0.49095413,0.33747897,0.030875383,-0.4882221,0.05125701,0.04812486,-9.982974,6.1686325,-7.409892,2.3609667,9.80595,-8.536935,2.356241,3.8079295,3.913472,-0.5886686,-3.8689444,0.1746121346950531,0.1928030252456665,0.018190890550613403,0.32842397689819336,0.30326932668685913,0.02515465021133423,-1.0254308,2.045535,-1.4146994,0.45622015,-1.0254308,2.045535,-1.4146994,0.45622015,-1.0,1.0,-1.0,0.45622015,0.0,0.4,-0.4,0.18248807
10.183333333333334,6.171928,-7.4416585,2.8223758,0.9974076,0.030816859,0.06415756,-0.0105860215,0.4179119,-0.00088586775,-0.44930682,-0.2846677,-0.0057223057,0.31504685,0.35714534,0.020174412,-0.49856585,1.1799823,-0.6420582,-0.62062556,6.1720524,-7.4086566,2.353006,9.80595,-8.536935,2.356241,3.8050277,3.9835901,-0.31793123,-3.970883,0.1746121346950531,0.20522218942642212,0.03061005473136902,0.32842397689819336,0.3077784776687622,0.020645499229431152,-0.019590566,-1.382631,4.002551,-0.7208203,-0.019590566,-1.382631,4.002551,-0.7208203,-0.019590566,-1.0,1.0,-0.7208203,16.442943572998047,-0.4,0.4,-0.28832814
10.2,6.1778913,-7.4413133,2.8120062,0.9976436,0.03129855,0.060632095,-0.0071590026,0.43562678,-0.013554646,-0.615317,0.14146619,-0.5455944,0.46469656,0.35796976,0.020864537,-0.6633187,0.049465295,0.041407492,-9.88517,6.1754723,-7.4075036,2.343513,9.80595,-8.536935,2.356241,3.802124,4.076757,-0.015360908,-4.076728,0.1746121346950531,0.19314664602279663,0.01853451132774353,0.32842397689819336,0.29589366912841797,0.03253030776977539,-1.0911579,2.6734357,-1.0596647,0.6143733,-1.0911579,2.6734357,-1.0596647,0.6143733,-1.0,1.0,-1.0,0.6143733,0.0,0.4,-0.4,0.24574934
10.216666666666667,6.1841583,-7.4411316,2.8014224,0.9977672,0.029993799,0.059482373,-0.0047636908,0.45374605,-0.024541194,-0.57672626,-0.2781978,0.007294898,0.22086307,0.38190165,0.007655787,-0.6270514,1.4359133,-0.792525,2.1760368,6.1789,-7.406464,2.3328807,9.80595,-8.536935,2.356241,3.799211,4.1873436,0.29856795,-4.176686,0.1746121346950531,0.196381613612175,0.021769478917121887,0.32842397689819336,0.30269598960876465,0.02572798728942871,0.2769316,-1.0775715,4.8589754,-1.3439983,0.2769316,-1.0775715,4.8589754,-1.3439983,0.2769316,-1.0,1.0,-1.0,21.41606903076172,-0.4,0.4,-0.4
10.233333333333333,6.1905303,-7.4409976,2.788943,0.9978298,0.030539598,0.058316994,-0.0014629074,0.47180435,-0.037323546,-0.7385457,0.1490794,-0.17290093,0.46425396,0.38246474,0.008187258,-0.7893642,0.033785105,0.03188825,-9.738768,6.1823444,-7.405542,2.321131,9.80595,-8.536935,2.356241,3.796288,4.3317556,0.6490563,-4.2828536,0.1746121346950531,0.19384212791919708,0.019229993224143982,0.32842397689819336,0.2911812365055084,0.037242740392684937,-0.9831042,2.963385,-0.3362649,1.1957626,-0.9831042,2.963385,-0.3362649,1.1957626,-0.9831042,1.0,-0.3362649,1.0,0.2833675444126129,0.4,-0.13450597,0.4
10.25,6.197072,-7.4409604,2.775233,0.9977549,0.02927862,0.060222775,0.0010188819,0.49328935,-0.04786877,-0.7795004,-0.27422622,0.37415132,0.22033492,0.39591566,0.00040317906,-0.8345642,0.8070552,-0.4670447,-2.7119992,6.185806,-7.404703,2.3077252,9.80595,-8.536935,2.356241,3.7933822,4.495439,1.0103999,-4.3804183,0.1746121346950531,0.17729118466377258,0.0026790499687194824,0.32842397689819336,0.29296875,0.03545522689819336,-0.2444972,-1.3402883,1.6077765,-2.6330528,-0.2444972,-1.3402883,1.6077765,-2.6330528,-0.2444972,-1.0,1.0,-1.0,12.670921325683594,-0.4,0.4,-0.4
10.266666666666666,6.2038374,-7.4410186,2.7605295,0.9977507,0.029808817,0.059935313,0.003544391,0.5135381,-0.059970286,-0.8414924,0.15159884,-0.1589187,0.33633775,0.40922448,-0.004697638,-0.89885515,0.7985293,-0.306049,-3.8574562,6.189308,-7.4039903,2.293287,9.80595,-8.536935,2.356241,3.790465,4.690548,1.3906811,-4.479648,0.1746121346950531,0.1821908950805664,0.007578760385513306,0.32842397689819336,0.3032497763633728,0.025174200534820557,-0.35785848,3.431386,-3.4728594,0.47657943,-0.35785848,3.431386,-3.4728594,0.47657943,-0.35785848,1.0,-1.0,0.47657943,10.769680976867676,0.4,-0.4,0.19063178
10.283333333333333,6.210923,-7.4412346,2.7457309,0.997642,0.028989166,0.062012278,0.004937912,0.53618187,-0.069979526,-0.8230588,-0.19305424,0.39235577,0.092605524,0.43039536,-0.015544979,-0.88562524,1.270253,-0.65084046,0.79379433,6.1928806,-7.403456,2.2783856,9.80595,-8.536935,2.356241,3.7874935,4.9141197,1.7935759,-4.575113,0.1746121346950531,0.16846247017383575,0.006149664521217346,0.32842397689819336,0.29730191826820374,0.031122058629989624,0.13491042,-0.8173518,1.1451744,-1.7908618,0.13491042,-0.8173518,1.1451744,-1.7908618,0.13491042,-0.8173518,1.0,-1.0,19.03415870666504,-0.32694075,0.4,-0.4
10.3,6.218121,-7.4414916,2.7290382,0.9976031,0.030178301,0.06185462,0.007156091,0.5567865,-0.0835162,-0.9759771,0.2321584,-0.14613786,0.33614632,0.43248004,-0.015425666,-1.0403079,0.12508035,0.0071587595,-9.280957,6.196512,-7.4030485,2.2623954,9.80595,-8.536935,2.356241,3.7845142,5.172216,2.2274806,-4.667992,0.1746121346950531,0.17216983437538147,0.002442300319671631,0.32842397689819336,0.31430748105049133,0.014116495847702026,-0.9328443,3.2570806,-4.7265615,1.6683127,-0.9328443,3.2570806,-4.7265615,1.6683127,-0.9328443,1.0,-1.0,1.0,1.1263025999069214,0.4,-0.4,0.4
10.316666666666666,6.225827,-7.4419894,2.7135854,0.9976905,0.029559882,0.060569115,0.00843537,0.57522327,-0.094199866,-0.82445127,-0.19069664,-0.15118563,0.09209819,0.47211602,-0.0344937,-0.8918475,2.378159,-1.1440818,8.907623,6.200265,-7.4028597,2.2463076,9.80595,-8.536935,2.356241,3.7814252,5.4483004,2.6680532,-4.7503123,0.1746121346950531,0.16244366765022278,0.012168467044830322,0.32842397689819336,0.3141643702983856,0.01425960659980774,1.8307924,-1.4509836,-0.04412906,-2.7034297,1.8307924,-1.4509836,-0.04412906,-2.7034297,1.0,-1.0,-0.04412906,-1.0,33.54301452636719,-0.4,-0.017651623,-0.4
10.333333333333334,6.2341876,-7.442782,2.7005782,0.9979018,0.030810961,0.056034658,0.010137256,0.58950037,-0.106866,-0.67906886,0.23993681,-0.66944706,0.27430946,0.5111031,-0.051692605,-0.74576604,2.339224,-1.0319343,8.764887,6.204285,-7.4030824,2.2324784,9.80595,-8.536935,2.356241,3.7779531,5.774523,3.1566448,-4.83536,0.1746121346950531,0.1711040437221527,0.0035080909729003906,0.32842397689819336,0.33416420221328735,0.005740225315093994,1.2964858,2.839672,-1.3145876,0.74810314,1.2964858,2.839672,-1.3145876,0.74810314,1.0,1.0,-1.0,0.74810314,33.54301452636719,0.4,-0.4,0.29924127
10.35,6.2431393,-7.4438863,2.6900125,0.99802667,0.030257132,0.053937152,0.010865753,0.6045228,-0.11769485,-0.5312683,-0.17927778,-0.10908896,0.030353105,0.5454848,-0.070903994,-0.5991368,2.0629013,-1.1526833,8.797752,6.2086353,-7.4037585,2.2212667,9.80595,-8.536935,2.356241,3.7739873,6.1407433,3.6932945,-4.905946,0.1746121346950531,0.17034417390823364,0.004267960786819458,0.32842397689819336,0.3287849426269531,0.0003609657287597656,1.14617,-2.063921,2.020443,-2.753866,1.14617,-2.063921,2.020443,-2.753866,1.0,-1.0,1.0,-1.0,33.54301452636719,-0.4,0.4,-0.4
10.366666666666667,6.252489,-7.4451933,2.680247,0.99819815,0.031528536,0.04973058,0.011539395,0.6182938,-0.12921572,-0.5172938,0.24905281,-0.6359415,0.12844622,0.56590813,-0.08077522,-0.5829238,1.225401,-0.5922737,0.9727799,6.2133007,-7.4048014,2.2117038,9.80595,-8.536935,2.356241,3.7695818,6.5392246,4.2626104,-4.958993,0.1746121346950531,0.15585337579250336,0.018758758902549744,0.32842397689819336,0.32505279779434204,0.0033711791038513184,0.16801067,2.045817,-3.3883643,0.40189373,0.16801067,2.045817,-3.3883643,0.40189373,0.16801067,1.0,-1.0,0.40189373,19.58930015563965,0.4,-0.4,0.1607575
10.383333333333333,6.262304,-7.446789,2.672414,0.99830824,0.030976186,0.047945414,0.011057291,0.6320481,-0.13907787,-0.36834034,-0.17158742,-0.0762169,-0.11509683,0.596132,-0.10055534,-0.43476123,1.8134307,-1.1868068,8.889756,6.218313,-7.4062085,2.2036688,9.80595,-8.536935,2.356241,3.7646992,6.954732,4.842625,-4.991721,0.1746121346950531,0.15882301330566406,0.015789121389389038,0.32842397689819336,0.31588590145111084,0.01253807544708252,2.0555038,-2.354688,1.515356,-1.5390295,2.0555038,-2.354688,1.515356,-1.5390295,1.0,-1.0,1.0,-1.0,33.54301452636719,-0.4,0.4,-0.4
10.4,6.2726245,-7.4486938,2.6670346,0.9984404,0.03229923,0.044075366,0.0114391325,0.6460817,-0.14978932,-0.22301506,0.2583847,-0.5945167,0.12844318,0.62660444,-0.11868081,-0.2878817,1.8283473,-1.0875285,8.812771,6.2238026,-7.408058,2.1980798,9.80595,-8.536935,2.356241,3.7591434,7.397285,5.43774,-5.015058,0.1746121346950531,0.15708091855049133,0.017531216144561768,0.32842397689819336,0.3216296136379242,0.006794363260269165,1.5686587,1.8638972,-3.1185555,1.6252085,1.5686587,1.8638972,-3.1185555,1.6252085,1.0,1.0,-1.0,1.0,33.54301452636719,0.4,-0.4,0.4
10.416666666666666,6.283402,-7.4509277,2.6641097,0.9985235,0.031822402,0.042636573,0.010960451,0.6587838,-0.16019318,-0.07488405,-0.16226488,-0.034583688,-0.11509171,0.65287364,-0.1389338,-0.14042433,1.5761517,-1.2151787,8.847442,6.2298317,-7.4103703,2.1950653,9.80595,-8.536935,2.356241,3.7528322,7.852746,6.0370545,-5.021911,0.1746121346950531,0.15278849005699158,0.021823644638061523,0.32842397689819336,0.31896743178367615,0.009456545114517212,2.312683,-3.2836657,1.0000063,-2.1229846,2.312683,-3.2836657,1.0000063,-2.1229846,1.0,-1.0,1.0,-1.0,33.54301452636719,-0.4,0.4,-0.4
10.433333333333334,6.2946243,-7.4534802,2.6636386,0.998618,0.033216763,0.03911259,0.011353325,0.67295164,-0.17047237,0.07060987,0.26777467,-0.5528609,0.12844166,0.67971087,-0.15766595,0.0067157415,1.6102337,-1.1239296,8.828403,6.236455,-7.4131346,2.1946204,9.80595,-8.536935,2.356241,3.7457101,8.30878,6.626723,-5.012222,0.1746121346950531,0.16396267712116241,0.010649457573890686,0.32842397689819336,0.3394981622695923,0.011074185371398926,3.2980208,1.4083952,-2.7094226,1.1680424,3.2980208,1.4083952,-2.7094226,1.1680424,1.0,1.0,-1.0,1.0,33.54301452636719,0.4,-0.4,0.4
10.45,6.306245,-7.4563713,2.6656275,0.9986787,0.032815438,0.038022038,0.0108795175,0.68444085,-0.18142006,0.21912718,-0.15291971,0.0072050164,-0.11508293,0.70258725,-0.17858654,0.15449037,1.3725828,-1.2552353,8.866477,6.24372,-7.416355,2.19672,9.80595,-8.536935,2.356241,3.7377305,8.75665,7.198529,-4.985991,0.1746121346950531,0.1590229868888855,0.015589147806167603,0.32842397689819336,0.3360004425048828,0.007576465606689453,4.177566,-3.7322555,1.5030323,-2.4092903,4.177566,-3.7322555,1.5030323,-2.4092903,1.0,-1.0,1.0,-1.0,33.54301452636719,-0.4,0.4,-0.4
10.466666666666667,6.318256,-7.459593,2.6700764,0.99874854,0.034113616,0.03484945,0.011087263,0.69868726,-0.19109125,0.36495742,0.2514511,-0.5111972,0.096012644,0.7262775,-0.19805142,0.3019443,1.4214133,-1.1678927,8.847235,6.2516727,-7.4200177,2.2013414,9.80595,-8.536935,2.356241,3.7288585,9.18549,7.7407055,-4.9451694,0.1746121346950531,0.16653136909008026,0.00808076560497284,0.32842397689819336,0.3439214825630188,0.01549750566482544,4.9917235,0.93993634,-1.8991928,0.86654294,4.9917235,0.93993634,-1.8991928,0.86654294,1.0,0.93993634,-1.0,0.86654294,33.54301452636719,0.37597454,-0.4,0.3466172
10.483333333333333,6.3306165,-7.4631658,2.6769893,0.99880046,0.033563532,0.034113877,0.0103585655,0.7089446,-0.20230177,0.5138698,-0.16944921,0.048983175,-0.14737286,0.7462407,-0.21959946,0.44999066,1.1977922,-1.2928818,8.882782,6.2603564,-7.4241257,2.2084568,9.80595,-8.536935,2.356241,3.7190616,9.587622,8.246528,-4.890528,0.1746121346950531,0.16844768822193146,0.006164446473121643,0.32842397689819336,0.34282979369163513,0.014405816793441772,4.7328134,-3.8362641,2.380526,-2.2464323,4.7328134,-3.8362641,2.380526,-2.2464323,1.0,-1.0,1.0,-1.0,33.54301452636719,-0.4,0.4,-0.4
10.5,6.343322,-7.4670806,2.6863654,0.9988627,0.034098364,0.03161209,0.010550821,0.72261983,-0.21250387,0.66030663,0.1364817,-0.4166639,0.096036606,0.7672106,-0.23971248,0.59771895,1.2581955,-1.2067811,8.863697,6.269809,-7.4286623,2.218043,9.80595,-8.536935,2.356241,3.7083235,9.95273,8.705365,-4.824256,0.1746121346950531,0.16615401208400726,0.008458122611045837,0.32842397689819336,0.36267685890197754,0.03425288200378418,5.5154266,0.70894396,-0.9017118,1.1457903,5.5154266,0.70894396,-0.9017118,1.1457903,1.0,0.70894396,-0.9017118,1.0,33.54301452636719,0.2835776,-0.36068472,0.4
10.516666666666666,6.356336,-7.471346,2.6982102,0.99891865,0.03258492,0.031653877,0.009877985,0.73091114,-0.22539857,0.80991906,-0.2843802,0.1438545,-0.14733276,0.7850271,-0.26116264,0.74601007,1.068989,-1.2870096,8.897467,6.28006,-7.433627,2.2300775,9.80595,-8.536935,2.356241,3.6966345,10.274272,9.111771,-4.747242,0.1746121346950531,0.16812068223953247,0.00649145245552063,0.32842397689819336,0.36906373500823975,0.04063975811004639,5.0972676,-2.8548026,3.6100173,-2.4583588,5.0972676,-2.8548026,3.6100173,-2.4583588,1.0,-1.0,1.0,-1.0,33.54301452636719,-0.4,0.4,-0.4
10.533333333333333,6.3696585,-7.475943,2.7125266,0.9988147,0.032905985,0.0343711,0.010247365,0.73448944,-0.23502573,0.96429545,0.14888501,0.38798553,0.09592045,0.8037388,-0.28047833,0.89437884,1.1227012,-1.1589413,8.902126,6.2911434,-7.4390044,2.2445414,9.80595,-8.536935,2.356241,3.6839917,10.543383,9.457357,-4.660611,0.1746121346950531,0.17744188010692596,0.0028297454118728638,0.32842397689819336,0.3729441463947296,0.044520169496536255,5.8051224,1.4971794,0.4085425,1.1516292,5.8051224,1.4971794,0.4085425,1.1516292,1.0,1.0,0.4085425,1.0,33.54301452636719,0.4,0.16341701,0.4
10.55,6.383326,-7.480879,2.7293088,0.99884665,0.031458776,0.034977887,0.009597167,0.74438053,-0.24828577,1.1143504,-0.276369,-0.0336624,-0.1472636,0.825174,-0.3011222,1.0420836,1.286112,-1.2386315,8.862287,6.3030815,-7.444792,2.26142,9.80595,-8.536935,2.356241,3.6704028,10.754119,9.7376,-4.564013,0.1746121346950531,0.18401938676834106,0.009407252073287964,0.32842397689819336,0.36578884720802307,0.03736487030982971,4.665333,-2.6619222,-0.8139572,-2.4316132,4.665333,-2.6619222,-0.8139572,-2.4316132,1.0,-1.0,-0.8139572,-1.0,33.54301452636719,-0.4,-0.3255829,-0.4
10.566666666666666,6.3973355,-7.4861336,2.748562,0.99871194,0.03184889,0.038217124,0.0099768555,0.74550384,-0.25720096,1.2698753,0.15786728,0.5308558,0.09603044,0.8454211,-0.31977242,1.1905967,1.214826,-1.119014,8.910785,6.31589,-7.4509745,2.2807012,9.80595,-8.536935,2.356241,3.6558907,10.907157,9.954255,-4.458573,0.1746121346950531,0.19714437425136566,0.02253223955631256,0.32842397689819336,0.3524150550365448,0.02399107813835144,4.6436596,1.6381046,4.0288095,1.653083,4.6436596,1.6381046,4.0288095,1.653083,1.0,1.0,1.0,1.0,33.54301452636719,0.4,0.4,0.4
10.583333333333334,6.4117217,-7.4917154,2.7702835,0.99854136,0.030437721,0.043573365,0.009481148,0.74246824,-0.27077597,1.4274215,-0.26520306,0.67946666,-0.14716971,0.86896175,-0.33978653,1.3384923,1.4124404,-1.2008463,8.873734,6.3295856,-7.457544,2.3023798,9.80595,-8.536935,2.356241,3.6404803,10.99886,10.104809,-4.343704,0.1746121346950531,0.1884033977985382,0.013791263103485107,0.32842397689819336,0.33473461866378784,0.006310641765594482,3.352354,-2.3156419,0.24022312,-2.32069,3.352354,-2.3156419,0.24022312,-2.32069,1.0,-1.0,0.24022312,-1.0,33.54301452636719,-0.4,0.09608925,-0.4
10.6,6.426546,-7.497605,2.7944674,0.99828434,0.030897219,0.04874002,0.009907173,0.7399638,-0.27889654,1.5857813,0.16746505,0.60212725,0.09601975,0.8962672,-0.35773677,1.4861904,1.6383253,-1.0770142,8.86189,6.3441744,-7.4644885,2.3264532,9.80595,-8.536935,2.356241,3.624213,11.0311,10.191384,-4.2214766,0.1746121346950531,0.20177501440048218,0.027162879705429077,0.32842397689819336,0.35726019740104675,0.028836220502853394,3.4698377,1.61772,-0.1854332,1.8301364,3.4698377,1.61772,-0.1854332,1.8301364,1.0,1.0,-0.1854332,1.0,33.54301452636719,0.4,-0.07417328,0.4
10.616666666666667,6.4418626,-7.503812,2.8211095,0.99793935,0.029542914,0.056162413,0.009480851,0.72989064,-0.2927922,1.7466925,-0.25479886,0.9872703,-0.14721742,0.92649484,-0.37712696,1.6336416,1.8136595,-1.1634116,8.84707,6.3596635,-7.4717984,2.3529224,9.80595,-8.536935,2.356241,3.6071346,11.00921,10.220925,-4.090889,0.1746121346950531,0.17649760842323303,0.0018854737281799316,0.32842397689819336,0.3392118513584137,0.010787874460220337,1.2760123,-1.9782108,0.67738414,-2.3073344,1.2760123,-1.9782108,0.67738414,-2.3073344,1.0,-1.0,0.67738414,-1.0,33.54301452636719,-0.4,0.27095366,-0.4
10.633333333333333,6.4577575,-7.5103164,2.850199,0.99762684,0.030086968,0.061135482,0.009884794,0.73003256,-0.30008546,1.9048935,0.17660552,0.4689307,0.09600921,0.96274084,-0.3944503,1.7802126,2.17476,-1.0394007,8.794262,6.37605,-7.4794626,2.3817916,9.80595,-8.536935,2.356241,3.5893059,10.939046,10.199278,-3.9544234,0.1746121346950531,0.1820346713066101,0.007422536611557007,0.32842397689819336,0.3552009165287018,0.026776939630508423,1.6794224,1.6813899,-2.9427967,1.7197572,1.6794224,1.6813899,-2.9427967,1.7197572,1.0,1.0,-1.0,1.0,33.54301452636719,0.4,-0.4,0.4
10.65,6.474099,-7.517042,2.8802612,0.9973047,0.028807033,0.06681993,0.0094116,0.7279083,-0.31410462,1.9457781,-0.24753548,0.7536942,-0.14719559,0.9863543,-0.40641543,1.8101096,1.416807,-0.7179075,1.7938184,6.393178,-7.487409,2.4121835,9.80595,-8.536935,2.356241,3.570945,10.83028,10.13763,-3.8109608,0.1746121346950531,0.1668574959039688,0.0077546387910842896,0.32842397689819336,0.33023008704185486,0.001806110143661499,0.2528424,-2.0552366,0.5063212,-2.557176,0.2528424,-2.0552366,0.5063212,-2.557176,0.2528424,-1.0,0.5063212,-1.0,21.012056350708008,-0.4,0.20252848,-0.4
10.666666666666666,6.4910784,-7.5240283,2.9122927,0.9970755,0.029430022,0.06985061,0.009747286,0.7376984,-0.32078066,2.102553,0.1835548,0.2353474,0.09613966,1.0293524,-0.4233234,1.9567982,2.5798879,-1.0144776,8.801314,6.411026,-7.4956203,2.444009,9.80595,-8.536935,2.356241,3.552119,10.685414,10.039057,-3.659974,0.1746121346950531,0.1468392014503479,0.0277729332447052,0.32842397689819336,0.3348864018917084,0.006462424993515015,1.2212297,1.7618827,-2.363605,1.5670046,1.2212297,1.7618827,-2.363605,1.5670046,1.0,1.0,-1.0,1.0,33.54301452636719,0.4,-0.4,0.4
10.683333333333334,6.508392,-7.531158,2.944025,0.9968045,0.0282119,0.07415811,0.009236942,0.7427537,-0.33466232,2.04002,-0.24146424,0.6110788,-0.14708565,1.0418843,-0.42922994,1.8856302,0.75191253,-0.3543931,-4.2700768,6.4294496,-7.5040364,2.476462,9.80595,-8.536935,2.356241,3.5329998,10.531753,9.930175,-3.5084813,0.1746121346950531,0.14262892305850983,0.031983211636543274,0.32842397689819336,0.318116694688797,0.010307282209396362,-0.39419162,-2.2180574,0.6866623,-2.7828107,-0.39419162,-2.2180574,0.6866623,-2.7828107,-0.39419162,-1.0,0.6866623,-1.0,10.160319328308105,-0.4,0.27466494,-0.4
10.7,6.526344,-7.538517,2.9772406,0.9966433,0.028896514,0.07600104,0.009530632,0.7596119,-0.3409075,2.1902034,0.18935049,0.092293784,0.096124165,1.0886819,-0.44548994,2.0264573,2.8078578,-0.9755998,8.449623,6.448426,-7.5126457,2.5094595,9.80595,-8.536935,2.356241,3.5136325,10.348157,9.791109,-3.3494081,0.1746121346950531,0.127422034740448,0.0471900999546051,0.32842397689819336,0.3253951966762543,0.003028780221939087,0.9613235,1.8001765,-2.6367579,1.4443551,0.9613235,1.8001765,-2.6367579,1.4443551,0.9613235,1.0,-1.0,1.0,32.894351959228516,0.4,-0.4,0.4
10.716666666666667,6.5445614,-7.545975,3.0094442,0.9965924,0.02774283,0.077163324,0.008930154,0.77994,-0.3545242,2.068039,-0.23760644,0.15413749,-0.14712389,1.0944109,-0.44820553,1.9005669,0.34373757,-0.16293524,-7.553422,6.4678698,-7.5214086,2.5425138,9.80595,-8.536935,2.356241,3.4941053,10.177309,9.662847,-3.194841,0.1746121346950531,0.13802991807460785,0.03658221662044525,0.32842397689819336,0.3320610225200653,0.0036370456218719482,-0.7443282,-2.4658475,0.11277409,-2.9614627,-0.7443282,-2.4658475,0.11277409,-2.9614627,-0.7443282,-1.0,0.11277409,-1.0,4.288001537322998,-0.4,0.045109637,-0.4
10.733333333333333,6.563281,-7.5536056,3.0421407,0.9964612,0.02846745,0.0785482,0.0092065185,0.7988434,-0.36059213,2.1560977,0.19384444,0.17115302,0.09625272,1.1325008,-0.46092135,1.9803859,2.2853923,-0.76294893,4.7891374,6.4876995,-7.530298,2.5751936,9.80595,-8.536935,2.356241,3.4744847,9.98148,9.509329,-3.033578,0.1746121346950531,0.14302308857440948,0.031589046120643616,0.32842397689819336,0.319853812456131,0.008570164442062378,0.56533504,1.739621,-0.002646044,1.5188767,0.56533504,1.739621,-0.002646044,1.5188767,0.56533504,1.0,-0.002646044,1.0,26.253026962280273,0.4,-0.0010584176,0.4
10.75,6.5822577,-7.5613265,3.073677,0.9966484,0.027365906,0.076618895,0.00851942,0.8336976,-0.37385276,2.0372243,-0.23534295,-0.3687281,-0.14698102,1.1406525,-0.46405247,1.862436,0.48910615,-0.18786727,-7.07699,6.5078993,-7.5393014,2.6074283,9.80595,-8.536935,2.356241,3.4547803,9.802428,9.370437,-2.877937,0.1746121346950531,0.12837600708007812,0.046236127614974976,0.32842397689819336,0.3286018967628479,0.00017791986465454102,-0.69356644,-2.5935457,-1.4818774,-2.9874732,-0.69356644,-2.5935457,-1.4818774,-2.9874732,-0.69356644,-1.0,-1.0,-1.0,5.139352798461914,-0.4,-0.4,-0.4
10.766666666666666,6.6015816,-7.5691676,3.1047688,0.99659497,0.028117953,0.0770118,0.008769777,0.85573566,-0.379937,2.0455558,0.1962352,0.18610492,0.096446514,1.1654493,-0.4724926,1.8653184,1.4878033,-0.5064082,0.17294167,6.5283833,-7.548392,2.6387098,9.80595,-8.536935,2.356241,3.4350328,9.610271,9.217467,-2.7194898,0.1746121346950531,0.15946467220783234,0.015147462487220764,0.32842397689819336,0.3193413317203522,0.009082645177841187,0.06798761,1.4211129,3.6117034,1.6822737,0.06798761,1.4211129,3.6117034,1.6822737,0.06798761,1.0,1.0,1.0,17.911760330200195,0.4,0.4,0.4
10.783333333333333,6.6211452,-7.5770965,3.1346397,0.9967679,0.027037036,0.075215146,0.008085268,0.88925177,-0.3927273,1.9469352,-0.23261184,-0.3523343,-0.14676403,1.1765894,-0.47672227,1.7674652,0.6684064,-0.2537799,-5.8711905,6.5491524,-7.557563,2.6690755,9.80595,-8.536935,2.356241,3.4152255,9.428091,9.0724325,-2.5651278,0.1746121346950531,0.1332334280014038,0.04137870669364929,0.32842397689819336,0.328612744808197,0.0001887679100036621,-0.56817275,-2.6634064,-1.6245836,-2.8144333,-0.56817275,-2.6634064,-1.6245836,-2.8144333,-0.56817275,-1.0,-1.0,-1.0,7.242393970489502,-0.4,-0.4,-0.4
10.8,6.641075,-7.5851517,3.1642427,0.9967042,0.027811257,0.07574693,0.008340297,0.910365,-0.39878836,1.9630371,0.19906114,0.20294294,0.09667,1.2020602,-0.48549393,1.777824,1.528251,-0.5262995,0.62152857,6.5702186,-7.5668163,2.698644,9.80595,-8.536935,2.356241,3.3953393,9.2420025,8.921797,-2.4116683,0.1746121346950531,0.11464936286211014,0.05996277183294296,0.32842397689819336,0.33019959926605225,0.0017756223678588867,0.11663004,1.3970588,3.1888056,1.9018774,0.11663004,1.3970588,3.1888056,1.9018774,0.11663004,1.0,1.0,1.0,18.727569580078125,0.4,0.4,0.4
10.816666666666666,6.661156,-7.593263,3.1920605,0.99686474,0.026748784,0.074070275,0.0076587535,0.942619,-0.41104686,1.8164363,-0.23046902,-0.33872274,-0.14655744,1.2058014,-0.4870913,1.632702,0.2244687,-0.09584247,-8.707323,6.5915246,-7.576131,2.7270453,9.80595,-8.536935,2.356241,3.3753774,9.066972,8.779857,-2.263645,0.1746121346950531,0.12084820866584778,0.05376392602920532,0.32842397689819336,0.34489405155181885,0.01647007465362549,-0.8714385,-2.940514,-2.0961795,-2.6914997,-0.8714385,-2.940514,-2.0961795,-2.6914997,-0.8714385,-1.0,-1.0,-1.0,2.156170129776001,-0.4,-0.4,-0.4
10.833333333333334,6.6814165,-7.601436,3.2183902,0.9967959,0.027533045,0.07468002,0.007917527,0.96336025,-0.41731012,1.7500901,0.20002511,0.2109413,0.09684829,1.2186838,-0.4914497,1.56151,0.7729482,-0.26150465,-4.2715216,6.6129727,-7.585482,2.753662,9.80595,-8.536935,2.356241,3.3553405,8.882388,8.626899,-2.1150475,0.1746121346950531,0.08637550473213196,0.08823662996292114,0.32842397689819336,0.33875471353530884,0.010330736637115479,-0.40996248,1.4367117,3.0341372,2.0780048,-0.40996248,1.4367117,3.0341372,2.0780048,-0.40996248,1.0,1.0,1.0,9.895818710327148,0.4,0.4,0.4
10.85,6.7017384,-7.6096334,3.2423594,0.9969495,0.026476927,0.07306251,0.0072381836,0.99432874,-0.42887795,1.5837661,-0.2297352,-0.33198056,-0.14637442,1.2194681,-0.4919699,1.3970699,0.04705667,-0.03121197,-9.866402,6.6345215,-7.5948563,2.7782326,9.80595,-8.536935,2.356241,3.3351984,8.704393,8.478645,-1.9695266,0.1746121346950531,0.08587729930877686,0.08873483538627625,0.32842397689819336,0.3459434509277344,0.017519474029541016,-1.212689,-2.9433408,-1.9995828,-2.3787792,-1.212689,-2.9433408,-1.9995828,-2.3787792,-1.0,-1.0,-1.0,-1.0,0.0,-0.4,-0.4,-0.4
10.866666666666667,6.7221155,-7.61785,3.2640393,0.9968793,0.02726211,0.073703066,0.0074997135,1.0150272,-0.43549526,1.4594003,0.19991861,0.21372935,0.09700851,1.2236971,-0.4932536,1.2684841,0.25373697,-0.07702052,-7.7151484,6.6561046,-7.6042414,2.8003285,9.80595,-8.536935,2.356241,3.3149145,8.523075,8.32557,-1.8241951,0.1746121346950531,0.06729365140199661,0.10731848329305649,0.32842397689819336,0.3233744204044342,0.005049556493759155,-0.78000647,1.5652736,3.0924153,2.246935,-0.78000647,1.5652736,3.0924153,2.246935,-0.78000647,1.0,1.0,1.0,3.6896231174468994,0.4,0.4,0.4
10.883333333333333,6.7425203,-7.626076,3.2831297,0.99702907,0.026204988,0.0721088,0.0068216217,1.0446963,-0.44629395,1.2933131,-0.22978841,-0.32910278,-0.14620602,1.224546,-0.4937894,1.1044849,0.050933357,-0.032148957,-9.8399515,6.6777153,-7.6136284,2.8198836,9.80595,-8.536935,2.356241,3.2944367,8.345983,8.175172,-1.6798764,0.1746121346950531,0.06978089362382889,0.10483124107122421,0.32842397689819336,0.3316571116447449,0.0032331347465515137,-1.0608119,-2.8145814,-1.8364501,-1.991851,-1.0608119,-2.8145814,-1.8364501,-1.991851,-1.0,-1.0,-1.0,-1.0,0.0,-0.4,-0.4,-0.4
10.9,6.763008,-7.63433,3.3001003,0.9969576,0.026990633,0.07277844,0.0070858556,1.0653666,-0.45328408,1.182455,0.20003188,0.21746933,0.097181804,1.2306404,-0.49575716,0.98915184,0.3656673,-0.11806547,-6.9199843,6.6993704,-7.623025,2.8370209,9.80595,-8.536935,2.356241,3.2737162,8.170614,8.02483,-1.5365692,0.1746121346950531,0.07804705202579498,0.09656508266925812,0.32842397689819336,0.3377998173236847,0.009375840425491333,-0.6948367,1.7871288,3.2529058,2.458526,-0.6948367,1.7871288,3.2529058,2.458526,-0.6948367,1.0,1.0,1.0,5.118048667907715,0.4,0.4,0.4
10.916666666666666,6.783539,-7.6426034,3.3146095,0.99710286,0.025934922,0.07121798,0.006409466,1.0938227,-0.46336952,1.0221024,-0.22957017,-0.3249347,-0.14603123,1.2323502,-0.496616,0.83098626,0.10258912,-0.051530596,-9.489934,6.721073,-7.632431,2.8517976,9.80595,-8.536935,2.356241,3.252717,8.001971,7.879357,-1.3954499,0.1746121346950531,0.08766788989305496,0.08694424480199814,0.32842397689819336,0.34394723176956177,0.015523254871368408,-0.9614271,-2.722128,-1.7539115,-1.6002082,-0.9614271,-2.722128,-1.7539115,-1.6002082,-0.9614271,-1.0,-1.0,-1.0,0.6469258069992065,-0.4,-0.4,-0.4
10.933333333333334,6.8042045,-7.6509247,3.327377,0.9970289,0.026724568,0.07193374,0.0066765808,1.1144414,-0.47069386,0.93992096,0.20062715,0.22350882,0.09736563,1.2424234,-0.5000435,0.7438578,0.60439104,-0.20565031,-5.2277074,6.742859,-7.641853,2.8644643,9.80595,-8.536935,2.356241,3.2314072,7.8346133,7.7333403,-1.2556341,0.1746121346950531,0.08926699310541153,0.08534514158964157,0.32842397689819336,0.3318006694316864,0.003376692533493042,-0.51306593,1.9982833,3.3157816,2.6999853,-0.51306593,1.9982833,3.3157816,2.6999853,-0.51306593,1.0,1.0,1.0,8.166618347167969,0.4,0.4,0.4
10.95,6.8249516,-7.6592765,3.3379252,0.9971683,0.025674287,0.070427924,0.006002254,1.1418374,-0.48015606,0.7896781,-0.22881423,-0.3181826,-0.14584415,1.2455983,-0.50145715,0.5957847,0.19049405,-0.084818594,-8.884384,6.7647414,-7.6512866,2.8751197,9.80595,-8.536935,2.356241,3.2097597,7.6759615,7.5938463,-1.1197696,0.1746121346950531,0.10659421980381012,0.06801791489124298,0.32842397689819336,0.3369421362876892,0.00851815938949585,-0.8947865,-2.7386494,-1.7792244,-1.2517017,-0.8947865,-2.7386494,-1.7792244,-1.2517017,-0.8947865,-1.0,-1.0,-1.0,1.7645893096923828,-0.4,-0.4,-0.4
10.966666666666667,6.845921,-7.6677046,3.3473601,0.9970895,0.02647395,0.07121924,0.006272709,1.1623611,-0.48775205,0.7548697,0.20202093,0.2333728,0.09756838,1.2622006,-0.50728494,0.5552708,0.9961366,-0.34966704,-2.4308357,6.786768,-7.660739,2.8841615,9.80595,-8.536935,2.356241,3.1877704,7.5174685,7.452498,-0.9862072,0.1746121346950531,0.11129637062549591,0.06331576406955719,0.32842397689819336,0.3375189006328583,0.009094923734664917,-0.21303041,2.0484276,3.0149155,2.9559143,-0.21303041,2.0484276,3.0149155,2.9559143,-0.21303041,1.0,1.0,1.0,13.1986665725708,0.4,0.4,0.4
10.983333333333333,6.8670187,-7.676186,3.3549159,0.9972202,0.025443971,0.06979764,0.005713502,1.1888158,-0.49700376,0.6166793,-0.22721481,-0.3074917,-0.12759118,1.2670788,-0.5093609,0.41910854,0.29268977,-0.1245582,-8.169735,6.8089523,-7.6702123,2.8917086,9.80595,-8.536935,2.356241,3.1654272,7.371239,7.320926,-0.85977226,0.1746121346950531,0.12598423659801483,0.04862789809703827,0.32842397689819336,0.326974093914032,0.001449882984161377,-0.81562936,-3.0725021,-2.2917175,-0.9257482,-0.81562936,-3.0725021,-2.2917175,-0.9257482,-0.81562936,-1.0,-1.0,-0.9257482,3.0921735763549805,-0.4,-0.4,-0.3702993
11.0,6.8883734,-7.684759,3.3616178,0.99713415,0.026268778,0.07068037,0.006136949,1.2091354,-0.50518167,0.5991632,0.20388517,0.24510881,0.11578845,1.2859188,-0.51602674,0.39540192,1.1304045,-0.39994952,-1.4223968,6.831314,-7.679706,2.8979404,9.80595,-8.536935,2.356241,3.142728,7.2234473,7.185716,-0.7373439,0.1746121346950531,0.12013053148984909,0.05448160320520401,0.32842397689819336,0.32677510380744934,0.0016488730907440186,-0.104329236,1.8701795,2.3162785,2.980215,-0.104329236,1.8701795,2.3162785,2.980215,-0.104329236,1.0,1.0,1.0,15.021748542785645,0.4,0.4,0.4
11.016666666666666,6.909914,-7.693404,3.36684,0.9972538,0.025280546,0.06935906,0.0059204916,1.2346257,-0.51493824,0.48764807,-0.22493622,-0.2939003,-0.07885277,1.294541,-0.519523,0.28552064,0.51733017,-0.20977734,-6.5928764,6.8538737,-7.689217,2.903044,9.80595,-8.536935,2.356241,3.1196752,7.087943,7.0604496,-0.6236887,0.1746121346950531,0.10946448147296906,0.06514765322208405,0.32842397689819336,0.33637145161628723,0.007947474718093872,-0.64595765,-3.2977118,-2.899135,-0.800147,-0.64595765,-3.2977118,-2.899135,-0.800147,-0.64595765,-1.0,-1.0,-0.800147,5.93782377243042,-0.4,-0.4,-0.3200588
11.033333333333333,6.9317217,-7.702145,3.3712888,0.99715716,0.026151722,0.0703426,0.006749862,1.2545193,-0.5243432,0.46836317,0.20621489,0.25838038,0.16442592,1.3129891,-0.5260577,0.25969496,1.1068869,-0.3920817,-1.5495406,6.8766313,-7.6987443,2.9070618,9.80595,-8.536935,2.356241,3.0962682,6.9529676,6.9337344,-0.5168044,0.1746121346950531,0.12063601613044739,0.05397611856460571,0.32842397689819336,0.3416474163532257,0.013223439455032349,-0.11657078,1.4441751,1.3305777,2.573127,-0.11657078,1.4441751,1.3305777,2.573127,-0.11657078,1.0,1.0,1.0,14.816439628601074,0.4,0.4,0.4
11.05,6.9537406,-7.7109656,3.3744457,0.99726707,0.025190609,0.069136016,0.006636021,1.2794317,-0.53407985,0.37281895,-0.2225089,-0.2794221,-0.07882012,1.323831,-0.5303539,0.16545932,0.6505107,-0.25777102,-5.6541386,6.899596,-7.7082834,2.9100847,9.80595,-8.536935,2.356241,3.0725071,6.8285613,6.815648,-0.41975087,0.1746121346950531,0.12912791967391968,0.04548421502113342,0.32842397689819336,0.34091320633888245,0.012489229440689087,-0.54560107,-3.4195237,-3.1066794,-1.1797144,-0.54560107,-3.4195237,-3.1066794,-1.1797144,-0.54560107,-1.0,-1.0,-1.0,7.620954990386963,-0.4,-0.4,-0.4
11.066666666666666,6.976045,-7.7198873,3.3769076,0.9973232,0.0259633,0.06795053,0.007419729,1.301477,-0.5438715,0.34899667,0.18745159,-0.094426125,0.16440862,1.3428818,-0.5369465,0.14069189,1.1430501,-0.39555427,-1.4860456,6.922768,-7.7178345,2.9121587,9.80595,-8.536935,2.356241,3.0483944,6.706241,6.698065,-0.33105588,0.1746121346950531,0.16491816937923431,0.009693965315818787,0.32842397689819336,0.35033199191093445,0.02190801501274109,-0.107570775,0.952985,0.32116264,2.6916134,-0.107570775,0.952985,0.32116264,2.6916134,-0.107570775,0.952985,0.32116264,1.0,14.96738338470459,0.381194,0.12846506,0.4
11.083333333333334,6.9986367,-7.7289205,3.378664,0.99762434,0.024877505,0.06382965,0.007236446,1.3270137,-0.5535452,0.29194635,-0.24003884,-0.62890756,-0.078882575,1.3595823,-0.54364914,0.09269307,1.0020304,-0.40215966,-2.8799293,6.9461827,-7.727397,2.9136136,9.80595,-8.536935,2.356241,3.023952,6.595154,6.5902853,-0.2533675,0.1746121346950531,0.17010444402694702,0.004507690668106079,0.32842397689819336,0.345298171043396,0.016874194145202637,-0.24949725,-3.79707,-1.670172,-1.0025829,-0.24949725,-3.79707,-1.670172,-1.0025829,-0.24949725,-1.0,-1.0,-1.0,12.58706283569336,-0.4,-0.4,-0.4
11.1,7.021512,-7.7380676,3.3799224,0.9977565,0.023884978,0.062012106,0.008120354,1.3467234,-0.56473017,0.26465502,-0.089789726,-0.07742474,0.16433278,1.376519,-0.5505469,0.06870304,1.0161996,-0.41386482,-1.4394016,6.969843,-7.736968,2.914512,9.80595,-8.536935,2.356241,2.9991863,6.490762,6.488038,-0.18803903,0.1746121346950531,0.1981881707906723,0.0235760360956192,0.32842397689819336,0.3433244526386261,0.01490047574043274,-0.10284234,0.34305382,2.9131389,2.8610938,-0.10284234,0.34305382,2.9131389,2.8610938,-0.10284234,0.34305382,1.0,1.0,15.046686172485352,0.13722153,0.4,0.4
11.116666666666667,7.0446577,-7.7473245,3.380565,0.9980695,0.020522872,0.05800071,0.008472273,1.3691306,-0.5754914,0.21137184,-0.5168429,-0.6119423,-0.017002996,1.3926305,-0.5569615,0.027591797,0.9666895,-0.3848755,-2.4666746,6.9937487,-7.7465444,2.914899,9.80595,-8.536935,2.356241,2.9741037,6.39199,6.390549,-0.13571759,0.1746121346950531,0.17511770129203796,0.0005055665969848633,0.32842397689819336,0.32497939467430115,0.003444582223892212,-0.20671274,-2.6818466,-2.0634236,-0.7455087,-0.20671274,-2.6818466,-2.0634236,-0.7455087,-0.20671274,-1.0,-1.0,-0.7455087,13.3046236038208,-0.4,-0.4,-0.29820347
11.133333333333333,7.068073,-7.7566757,3.3808405,0.99818265,0.019009607,0.056318905,0.009910137,1.3859433,-0.5862603,0.19123553,-0.085091785,-0.05923488,0.22650537,1.4087958,-0.562378,0.011677391,0.9699225,-0.32499072,-0.9548643,7.0179048,-7.7561255,2.9148452,9.80595,-8.536935,2.356241,2.9487114,6.2968946,6.2961583,-0.096285276,0.1746121346950531,0.1691671460866928,0.0054449886083602905,0.32842397689819336,0.3326711356639862,0.004247158765792847,-0.052903306,2.904316,2.85248,2.4245012,-0.052903306,2.904316,2.85248,2.4245012,-0.052903306,1.0,1.0,1.0,15.884239196777344,0.4,0.4,0.4
11.15,7.0917253,-7.7661095,3.3804233,0.9984463,0.01569654,0.052445773,0.010393798,1.4056255,-0.5951936,0.12865683,-0.51221967,-0.59440434,-0.016719855,1.4224788,-0.5671757,-0.03816966,0.8209776,-0.2878618,-2.990823,7.0422997,-7.7657094,2.9142785,9.80595,-8.536935,2.356241,2.923005,6.204524,6.204152,-0.067917585,0.1746121346950531,0.18215616047382355,0.007544025778770447,0.32842397689819336,0.3416454792022705,0.013221502304077148,-0.26372635,-2.6775203,-2.1066632,-1.5069381,-0.26372635,-2.6775203,-2.1066632,-1.5069381,-0.26372635,-1.0,-1.0,-1.0,12.348419189453125,-0.4,-0.4,-0.4
11.166666666666666,7.115612,-7.7756104,3.3795614,0.9985318,0.014214791,0.050911434,0.011833586,1.4202403,-0.6041712,0.10507577,-0.08057417,-0.04199655,0.22677855,1.4366024,-0.57099473,-0.057313334,0.8474135,-0.22914289,-1.1486204,7.0669255,-7.7752953,2.9131699,9.80595,-8.536935,2.356241,2.8969848,6.1121836,6.1119843,-0.049378555,0.1746121346950531,0.1871187537908554,0.012506619095802307,0.32842397689819336,0.3462739884853363,0.017850011587142944,-0.07548059,3.325633,3.204556,2.4413927,-0.07548059,3.325633,3.204556,2.4413927,-0.07548059,1.0,1.0,1.0,15.505583763122559,0.4,0.4,0.4
11.183333333333334,7.139746,-7.785182,3.378327,0.9987501,0.010944104,0.047187623,0.012319917,1.4376032,-0.61111856,0.06874784,-0.50733125,-0.57534796,-0.01645962,1.4516711,-0.5753467,-0.08076182,0.9041261,-0.2611184,-1.4069091,7.0917997,-7.784882,2.9117022,9.80595,-8.536935,2.356241,2.8706677,6.020373,6.020247,-0.03890253,0.1746121346950531,0.19280217587947845,0.018190041184425354,0.32842397689819336,0.35148948431015015,0.023065507411956787,-0.09679098,-2.304952,-1.9836884,-1.404834,-0.09679098,-2.304952,-1.9836884,-1.404834,-0.09679098,-1.0,-1.0,-1.0,15.148177146911621,-0.4,-0.4,-0.4
11.2,7.1640825,-7.794798,3.3765645,0.99881023,0.009494888,0.04580859,0.013760514,1.4502335,-0.6183699,0.029936528,-0.07595936,-0.02403639,0.22703196,1.4628052,-0.5774283,-0.11503208,0.66804165,-0.12489437,-2.0562153,7.116909,-7.7944717,2.9097865,9.80595,-8.536935,2.356241,2.8440475,5.928522,5.9284067,-0.0370192,0.1746121346950531,0.19160237908363342,0.016990244388580322,0.32842397689819336,0.33863669633865356,0.010212719440460205,-0.1717465,3.6557155,3.5422058,2.443754,-0.1717465,3.6557155,3.5422058,2.443754,-0.1717465,1.0,1.0,1.0,13.891059875488281,0.4,0.4,0.4
11.216666666666667,7.188661,-7.8044643,3.374662,0.99898624,0.0062668636,0.042239334,0.014249049,1.4654796,-0.62339354,0.016925605,-0.5023839,-0.55577075,-0.016220178,1.4785042,-0.5807861,-0.11510659,0.9419417,-0.20146964,-0.004470795,7.1422644,-7.804062,2.9075868,9.80595,-8.536935,2.356241,2.817145,5.832638,5.832499,-0.040256176,0.1746121346950531,0.20214980840682983,0.027537673711776733,0.32842397689819336,0.3463898003101349,0.01796582341194153,0.05026375,-2.0148742,-1.7476454,-1.2761949,0.05026375,-2.0148742,-1.7476454,-1.2761949,0.05026375,-1.0,-1.0,-1.0,17.614505767822266,-0.4,-0.4,-0.4
11.233333333333333,7.2134123,-7.814153,3.3721428,0.99902326,0.0048504076,0.041020274,0.015689956,1.4763129,-0.62896776,-0.036517266,-0.07127754,-0.005520928,0.22726284,1.4870865,-0.58145285,-0.16407232,0.5149412,-0.04000425,-2.9379437,7.167853,-7.8136554,2.905003,9.80595,-8.536935,2.356241,2.7899516,5.7363505,5.7361355,-0.049672823,0.1746121346950531,0.1487932652235031,0.025818869471549988,0.32842397689819336,0.3304298222064972,0.002005845308303833,-0.26503927,3.8444765,3.878705,2.4365706,-0.26503927,3.8444765,3.878705,2.4365706,-0.26503927,1.0,1.0,1.0,12.326398849487305,0.4,0.4,0.4
11.25,7.238391,-7.8238688,3.3696148,0.9991602,0.0016647074,0.037607312,0.016180087,1.4896054,-0.6320918,-0.034234148,-0.49747807,-0.5361791,-0.016003875,1.5023956,-0.5833352,-0.14887486,0.91854566,-0.11294245,0.9118473,7.193681,-7.82325,2.9021475,9.80595,-8.536935,2.356241,2.762483,5.632612,5.632277,-0.06144364,0.1746121346950531,0.14692342281341553,0.027688711881637573,0.32842397689819336,0.3324076235294342,0.003983646631240845,0.14568658,-1.639897,-1.2985145,-1.0836811,0.14568658,-1.639897,-1.2985145,-1.0836811,0.14568658,-1.0,-1.0,-1.0,19.21489143371582,-0.4,-0.4,-0.4
11.266666666666666,7.2635202,-7.833586,3.366444,0.9991763,0.00028131812,0.036551833,0.017620044,1.4988103,-0.6360275,-0.09448786,-0.0665293,0.013526418,0.22746952,1.5093542,-0.5828955,-0.20487562,0.4175162,0.026382206,-3.3600452,7.219738,-7.8328476,2.8989608,9.80595,-8.536935,2.356241,2.7347353,5.527487,5.526959,-0.076392576,0.1746121346950531,0.12831352651119232,0.04629860818386078,0.32842397689819336,0.3292093873023987,0.0007854104042053223,-0.3096595,4.139752,4.0779257,2.4378686,-0.3096595,4.139752,4.0779257,2.4378686,-0.3096595,1.0,1.0,1.0,11.57805061340332,0.4,0.4,0.4
11.283333333333333,7.2888603,-7.8433022,3.3634276,0.9992476,-0.002012813,0.03412907,0.018309282,1.510025,-0.6380004,-0.07331279,-0.35551116,-0.3857304,0.0208477,1.5239326,-0.58290815,-0.17447758,0.8747005,-0.000758171,1.8238823,7.2460313,-7.8424478,2.895571,9.80595,-8.536935,2.356241,2.7067275,5.412673,5.4119053,-0.09116496,0.1746121346950531,0.14687220752239227,0.027739927172660828,0.32842397689819336,0.3260073959827423,0.00241658091545105,0.24060304,-0.6801808,-0.75988317,-0.8492279,0.24060304,-0.6801808,-0.75988317,-0.8492279,0.24060304,-0.6801808,-0.75988317,-0.8492279,20.80678367614746,-0.27207232,-0.30395326,-0.33969116
11.3,7.314352,-7.8530035,3.360012,0.9992068,-0.0022281858,0.03435473,0.020010602,1.5179869,-0.64194304,-0.11393232,0.075525045,0.16470638,0.2640886,1.5311453,-0.58161545,-0.21603909,0.43276545,0.077562325,-2.4936907,7.2725673,-7.852054,2.8920763,9.80595,-8.536935,2.356241,2.6784716,5.294791,5.2937407,-0.10546652,0.1746121346950531,0.10032335668802261,0.07428877800703049,0.32842397689819336,0.3239253759384155,0.004498600959777832,-0.21734484,3.509973,3.5164642,1.922415,-0.21734484,3.509973,3.5164642,1.922415,-0.21734484,1.0,1.0,1.0,13.126307487487793,0.4,0.4,0.4
11.316666666666666,7.3400135,-7.8626914,3.3563068,0.9992515,-0.0042036558,0.032364585,0.02076417,1.5285552,-0.64342505,-0.13126138,-0.35147282,-0.3672513,0.020707786,1.5424432,-0.5811117,-0.22557601,0.67786926,0.03022313,-0.57221526,7.2993116,-7.861662,2.8882115,9.80595,-8.536935,2.356241,2.6499476,5.165641,5.1643114,-0.1171785,0.1746121346950531,0.1356310248374939,0.038981109857559204,0.32842397689819336,0.3162280023097992,0.012195974588394165,-0.012426803,-3.0200138,-1.7974708,-1.2453473,-0.012426803,-3.0200138,-1.7974708,-1.2453473,-0.012426803,-1.0,-1.0,-1.0,16.563091278076172,-0.4,-0.4,-0.4
11.333333333333334,7.365833,-7.8723483,3.352435,0.9992011,-0.004390009,0.032760717,0.02246137,1.5359877,-0.6466693,-0.13986975,0.079930745,0.18521513,0.26393214,1.5512242,-0.57892096,-0.23570523,0.5268645,0.13144612,-0.60775274,7.326279,-7.8712745,2.8841588,9.80595,-8.536935,2.356241,2.6211772,5.031728,5.030123,-0.127066,0.1746121346950531,0.09921930730342865,0.07539282739162445,0.32842397689819336,0.32311150431632996,0.005312472581863403,-0.019646773,3.6915765,3.4821348,1.8790553,-0.019646773,3.6915765,3.4821348,1.8790553,-0.019646773,1.0,1.0,1.0,16.442001342773438,0.4,0.4,0.4
11.35,7.3918204,-7.8819833,3.3483775,0.9992316,-0.006329142,0.030938208,0.023212442,1.5460165,-0.6473521,-0.15869361,-0.34710035,-0.3468191,0.020544717,1.5619093,-0.57772475,-0.24716154,0.6411051,0.07177233,-0.6873786,7.353461,-7.8808928,2.8799355,9.80595,-8.536935,2.356241,2.5921712,4.889667,4.8878703,-0.13253945,0.1746121346950531,0.15944278240203857,0.015169352293014526,0.32842397689819336,0.31485047936439514,0.013573497533798218,-0.023432681,-2.799138,-1.868166,-1.1895272,-0.023432681,-2.799138,-1.868166,-1.1895272,-0.023432681,-1.0,-1.0,-1.0,16.37850570678711,-0.4,-0.4,-0.4
11.366666666666667,7.4179645,-7.8915753,3.3442469,0.999172,-0.0064862343,0.031511035,0.024904447,1.5530825,-0.64993936,-0.15875949,0.08434141,0.20610707,0.2637654,1.5707376,-0.57472706,-0.2493258,0.52969694,0.17986177,-0.12985557,7.380859,-7.890517,2.8756034,9.80595,-8.536935,2.356241,2.56294,4.7418885,4.739978,-0.13459934,0.1746121346950531,0.10685749351978302,0.06775464117527008,0.32842397689819336,0.29766330122947693,0.03076067566871643,0.030950239,3.8367627,3.239931,1.7763656,0.030950239,3.8367627,3.239931,1.7763656,0.030950239,1.0,1.0,1.0,17.29058837890625,0.4,0.4,0.4
11.383333333333333,7.444267,-7.9011326,3.3398585,0.9991897,-0.0083901705,0.029856898,0.025653211,1.5627257,-0.64986277,-0.18539491,-0.34281167,-0.32643062,0.020371536,1.5805415,-0.57297844,-0.26905105,0.5882334,0.10491728,-1.1835148,7.4084606,-7.9001455,2.871104,9.80595,-8.536935,2.356241,2.5334837,4.5865374,4.5846777,-0.13059725,0.1746121346950531,0.162717804312706,0.011894330382347107,0.32842397689819336,0.31924813985824585,0.00917583703994751,-0.075751014,-2.3098092,-2.019012,-1.156737,-0.075751014,-2.3098092,-2.019012,-1.156737,-0.075751014,-1.0,-1.0,-1.0,15.501049041748047,-0.4,-0.4,-0.4
11.4,7.4707227,-7.910634,3.3354642,0.9991211,-0.00851896,0.030606296,0.027339904,1.5695683,-0.65181994,-0.17683184,0.088670954,0.22695887,0.26359203,1.5894989,-0.56912726,-0.26319388,0.53744316,0.2310705,0.35143015,7.436263,-7.909779,2.8664958,9.80595,-8.536935,2.356241,2.5038173,4.425481,4.4238033,-0.121827975,0.1746121346950531,0.15167444944381714,0.022937685251235962,0.32842397689819336,0.290010929107666,0.038413047790527344,0.0814976,3.9828446,2.8147774,1.628568,0.0814976,3.9828446,2.8147774,1.628568,0.0814976,1.0,1.0,1.0,18.138343811035156,0.4,0.4,0.4
11.416666666666666,7.4973245,-7.9200945,3.330678,0.9991272,-0.010389437,0.029118,0.028086096,1.5789553,-0.65100265,-0.21627128,-0.33867612,-0.3064213,0.02019486,1.5982594,-0.5670181,-0.2962006,0.5256343,0.1265502,-1.9804035,7.4642515,-7.919417,2.8616765,9.80595,-8.536935,2.356241,2.4739332,4.258429,4.2571216,-0.105525374,0.1746121346950531,0.19397097826004028,0.019358843564987183,0.32842397689819336,0.333188533782959,0.004764556884765625,-0.15991576,-1.862847,-2.2952924,-1.1798127,-0.15991576,-1.862847,-2.2952924,-1.1798127,-0.15991576,-1.0,-1.0,-1.0,14.089479446411133,-0.4,-0.4,-0.4
11.433333333333334,7.5240803,-7.9294853,3.32596,0.99905026,-0.010491095,0.030041642,0.029766474,1.5857183,-0.6523513,-0.19678442,0.092879325,0.24758142,0.2634185,1.6075674,-0.56221545,-0.28005293,0.55847883,0.28815863,0.9688603,7.4924245,-7.929058,2.8567202,9.80595,-8.536935,2.356241,2.4438484,4.086375,4.0855193,-0.083631635,0.1746121346950531,0.20271733403205872,0.028105199337005615,0.32842397689819336,0.3376782238483429,0.009254246950149536,0.14627357,4.1316695,2.2052152,1.4337968,0.14627357,4.1316695,2.2052152,1.4337968,0.14627357,1.0,1.0,1.0,19.2247371673584,0.4,0.4,0.4
11.45,7.5509744,-7.9388256,3.32077,0.9990457,-0.0123290755,0.028719129,0.03051004,1.5949875,-0.65082616,-0.24543263,-0.33461106,-0.28640828,0.020017978,1.6156244,-0.55978894,-0.32278666,0.48341987,0.14559029,-2.5640235,7.520767,-7.9386997,2.85155,9.80595,-8.536935,2.356241,2.4135613,3.9105344,3.9101787,-0.052733235,0.1746121346950531,0.2011459916830063,0.026533856987953186,0.32842397689819336,0.3559296429157257,0.02750566601753235,-0.22131456,-1.3302609,-2.6371117,-1.2706387,-0.22131456,-1.3302609,-2.6371117,-1.2706387,-0.22131456,-1.0,-1.0,-1.0,13.059728622436523,-0.4,-0.4,-0.4
11.466666666666667,7.578022,-7.9480834,3.3156927,0.99896014,-0.012404671,0.029815685,0.03218385,1.6018165,-0.6515982,-0.21863848,0.0969654,0.26796484,0.26325196,1.625181,-0.5540729,-0.29998225,0.57339185,0.34296152,1.3682644,7.549278,-7.9483414,2.846223,9.80595,-8.536935,2.356241,2.3830853,3.731014,3.7309818,-0.01553747,0.1746121346950531,0.20325717329978943,0.028645038604736328,0.32842397689819336,0.35190290212631226,0.023478925228118896,0.18822093,4.2787695,1.4062686,1.1743834,0.18822093,4.2787695,1.4062686,1.1743834,0.18822093,1.0,1.0,1.0,19.92825698852539,0.4,0.4,0.4
11.483333333333333,7.605203,-7.9572816,3.3100848,0.9989558,-0.013488595,0.02868377,0.032903522,1.6111047,-0.64963275,-0.2725677,-0.21478656,-0.2660956,0.019925967,1.6327953,-0.551185,-0.34949794,0.45686242,0.17327426,-2.9709415,7.577942,-7.957981,2.8406754,9.80595,-8.536935,2.356241,2.352421,3.550195,3.5500522,0.03184004,0.1746121346950531,0.20298495888710022,0.02837282419204712,0.32842397689819336,0.36814841628074646,0.0397244393825531,-0.26416475,-0.72885907,-3.0324297,-1.4558941,-0.26416475,-0.72885907,-3.0324297,-1.4558941,-0.26416475,-0.72885907,-1.0,-1.0,12.341066360473633,-0.29154363,-0.4,-0.4
11.5,7.632557,-7.966383,3.304836,0.99893224,-0.012534387,0.028381092,0.034230515,1.6181107,-0.64951485,-0.2273148,0.21648379,0.032414522,0.20918125,1.643899,-0.54441476,-0.305012,0.66621774,0.40621516,2.6691573,7.606765,-7.967618,2.8350883,9.80595,-8.536935,2.356241,2.3216014,3.367789,3.366682,0.08633893,0.1746121346950531,0.19625534117221832,0.021643206477165222,0.32842397689819336,0.36444994807243347,0.03602597117424011,0.32672927,3.5311332,0.52395844,0.77860975,0.32672927,3.5311332,0.52395844,0.77860975,0.32672927,1.0,0.52395844,0.77860975,22.251249313354492,0.4,0.20958339,0.3114439
11.516666666666666,7.660054,-7.9754195,3.2992911,0.9989956,-0.013285746,0.025295505,0.034514535,1.626359,-0.646425,-0.2756856,-0.2103423,-0.50076306,-0.03414258,1.6517342,-0.54139596,-0.34289303,0.4701161,0.18112777,-2.2728627,7.6357417,-7.9772487,2.8295455,9.80595,-8.536935,2.356241,2.2906485,3.1887014,3.185056,0.15243216,0.1746121346950531,0.21525998413562775,0.040647849440574646,0.32842397689819336,0.3951610028743744,0.06673702597618103,-0.18920709,-2.042873,-2.082271,-1.146117,-0.18920709,-2.042873,-2.082271,-1.146117,-0.18920709,-1.0,-1.0,-1.0,13.598219871520996,-0.4,-0.4,-0.4
11.533333333333333,7.687683,-7.9843707,3.2938015,0.99898183,-0.012289809,0.024638047,0.035735514,1.6317223,-0.6461645,-0.2595824,0.2209125,0.053654633,0.20897537,1.65955,-0.535636,-0.32621664,0.4689431,0.34559724,1.0005838,7.664854,-7.9868693,2.8238766,9.80595,-8.536935,2.356241,2.259546,3.0106418,3.002165,0.22576472,0.1746121346950531,0.2335851490497589,0.05897301435470581,0.32842397689819336,0.3895142376422882,0.06109026074409485,0.14927883,3.5999207,2.8715773,1.2452178,0.14927883,3.5999207,2.8715773,1.2452178,0.14927883,1.0,1.0,1.0,19.27513885498047,0.4,0.4,0.4
11.55,7.715414,-7.99327,3.2875967,0.9990306,-0.013008926,0.021718936,0.036011077,1.6385448,-0.6430915,-0.33198768,-0.20626995,-0.48112234,-0.03434108,1.6652887,-0.53338325,-0.38849354,0.34432408,0.13516545,-3.7366138,7.694082,-7.9964776,2.8178465,9.80595,-8.536935,2.356241,2.2282643,2.8356538,2.8188336,0.30839673,0.1746121346950531,0.22657863795757294,0.051966503262519836,0.32842397689819336,0.4044637978076935,0.07603982090950012,-0.34606436,-2.1254122,-1.9993334,-1.5314336,-0.34606436,-2.1254122,-1.9993334,-1.5314336,-0.34606436,-1.0,-1.0,-1.0,10.967486381530762,-0.4,-0.4,-0.4
11.566666666666666,7.7432604,-8.002085,3.281534,0.99901694,-0.011992533,0.021230256,0.037020016,1.643066,-0.64232594,-0.30058005,0.22507344,0.07423529,0.17508367,1.6724361,-0.52735895,-0.356997,0.42884585,0.36145803,1.8897914,7.723423,-8.006071,2.8115587,9.80595,-8.536935,2.356241,2.1968272,2.6634712,2.6338813,0.39591435,0.1746121346950531,0.21212151646614075,0.037509381771087646,0.32842397689819336,0.38076484203338623,0.05234086513519287,0.24163862,3.3328762,2.9833527,0.86129856,0.24163862,3.3328762,2.9833527,0.86129856,0.24163862,1.0,1.0,0.86129856,20.82415199279785,0.4,0.4,0.34451944
11.583333333333334,7.7711935,-8.010851,3.274702,0.9990636,-0.012687437,0.01847527,0.03700723,1.6489913,-0.63835824,-0.38151652,-0.20228432,-0.46118882,-0.0681983,1.6771259,-0.5254359,-0.42824563,0.28138876,0.11538147,-4.274917,7.7528667,-8.015645,2.8049312,9.80595,-8.536935,2.356241,2.1652293,2.4981256,2.449192,0.4920259,0.1746121346950531,0.2151326984167099,0.0405205637216568,0.32842397689819336,0.38617202639579773,0.05774804949760437,-0.40266377,-2.4260597,-2.0848336,-1.4294264,-0.40266377,-2.4260597,-2.0848336,-1.4294264,-0.40266377,-1.0,-1.0,-1.0,10.018228530883789,-0.4,-0.4,-0.4
11.6,7.7992253,-8.019532,3.268082,0.9990469,-0.011648433,0.018156912,0.03794527,1.652627,-0.6375978,-0.3412866,0.22901767,0.0947042,0.17495978,1.6833097,-0.51940215,-0.3884246,0.37102458,0.36202666,2.3892615,7.7824073,-8.025194,2.7980525,9.80595,-8.536935,2.356241,2.133495,2.338682,2.2625847,0.5917291,0.1746121346950531,0.19776657223701477,0.02315443754196167,0.32842397689819336,0.3679438829421997,0.03951990604400635,0.29385552,3.0451474,2.996358,1.0235015,0.29385552,3.0451474,2.996358,1.0235015,0.29385552,1.0,1.0,1.0,21.699907302856445,0.4,0.4,0.4
11.616666666666667,7.827327,-8.028172,3.260574,0.9990834,-0.01231522,0.015568121,0.0379257,1.6574222,-0.63367504,-0.43376502,-0.19851479,-0.44150162,-0.06831532,1.6870267,-0.5178791,-0.4716849,0.22302388,0.091381066,-4.9956174,7.8120327,-8.034717,2.7908041,9.80595,-8.536935,2.356241,2.1016126,2.1906967,2.076237,0.69885033,0.1746121346950531,0.17914271354675293,0.004530578851699829,0.32842397689819336,0.37794673442840576,0.0495227575302124,-0.47871816,-2.7210655,-2.1752658,-1.738158,-0.47871816,-2.7210655,-2.1752658,-1.738158,-0.47871816,-1.0,-1.0,-1.0,8.742682456970215,-0.4,-0.4,-0.4
11.633333333333333,7.8555136,-8.036725,3.2534063,0.99907875,-0.01125995,0.015415353,0.038433917,1.6607779,-0.6316915,-0.3790562,0.23280999,0.115259446,0.10616962,1.6924657,-0.5116765,-0.41790915,0.3263354,0.37215826,3.2265453,7.84174,-8.044205,2.783323,9.80595,-8.536935,2.356241,2.0696142,2.053601,1.8880265,0.8078575,0.1746121346950531,0.1891535520553589,0.014541417360305786,0.32842397689819336,0.3524891138076782,0.024065136909484863,0.38169488,2.702787,2.8421688,0.7171463,0.38169488,2.702787,2.8421688,0.7171463,0.38169488,1.0,1.0,0.7171463,23.173107147216797,0.4,0.4,0.28685853
11.65,7.883764,-8.045235,3.245419,0.9991283,-0.011909194,0.012991973,0.037840527,1.6653686,-0.62596285,-0.47007987,-0.19474939,-0.42103332,-0.13643047,1.6957828,-0.51023,-0.500243,0.19902705,0.08678912,-4.9400315,7.871522,-8.053655,2.7755845,9.80595,-8.536935,2.356241,2.0375037,1.9347324,1.7002488,0.9232245,0.1746121346950531,0.1477297842502594,0.0268823504447937,0.32842397689819336,0.3530503511428833,0.02462637424468994,-0.4722628,-2.9928346,-2.499064,-0.9973954,-0.4722628,-2.9928346,-2.499064,-0.9973954,-0.4722628,-1.0,-1.0,-0.9973954,8.850948333740234,-0.4,-0.4,-0.39895818
11.666666666666666,7.912082,-8.053664,3.2377868,0.99912626,-0.010833693,0.01300932,0.038211484,1.6682007,-0.62380064,-0.4138097,0.23635982,0.1357898,0.106866136,1.7001567,-0.5042951,-0.4454359,0.26243448,0.35609362,3.2884257,7.9013696,-8.063062,2.767645,9.80595,-8.536935,2.356241,2.0053022,1.8340334,1.5111353,1.0393019,0.1746121346950531,0.17188844084739685,0.00272369384765625,0.32842397689819336,0.3481540083885193,0.019730031490325928,0.3881869,2.3442187,2.5609002,1.5285846,0.3881869,2.3442187,2.5609002,1.5285846,0.3881869,1.0,1.0,1.0,23.2819881439209,0.4,0.4,0.4
11.683333333333334,7.9404507,-8.062056,3.2291405,0.9991687,-0.011460185,0.01075186,0.037615065,1.6719383,-0.6181563,-0.52025676,-0.19141723,-0.40154395,-0.13636698,1.7027086,-0.5033165,-0.54370767,0.15311478,0.05871534,-5.896305,7.9312744,-8.072421,2.7593417,9.80595,-8.536935,2.356241,1.9729856,1.7590069,1.3223325,1.1599749,0.1746121346950531,0.14074820280075073,0.03386393189430237,0.32842397689819336,0.3437148928642273,0.015290915966033936,-0.5735054,-3.178576,-2.8362894,-1.0952301,-0.5735054,-3.178576,-2.8362894,-1.0952301,-0.5735054,-1.0,-1.0,-1.0,7.152957439422607,-0.4,-0.4,-0.4
11.7,7.968879,-8.070367,3.2210774,0.9991645,-0.010362199,0.01094137,0.037986558,1.6742053,-0.61624646,-0.4401768,0.24001397,0.15675102,0.10694643,1.7066139,-0.49710768,-0.4656521,0.23431776,0.3725302,4.6833334,7.961229,-8.081727,2.7508812,9.80595,-8.536935,2.356241,1.9406061,1.7087946,1.1326611,1.2794757,0.1746121346950531,0.15930406749248505,0.015308067202568054,0.32842397689819336,0.3405323326587677,0.01210835576057434,0.5348239,1.9302496,1.9799571,1.4033589,0.5348239,1.9302496,1.9799571,1.4033589,0.5348239,1.0,1.0,1.0,25.741310119628906,0.4,0.4,0.4
11.716666666666667,7.9973445,-8.078648,3.2117536,0.9992015,-0.010966072,0.008848933,0.037386447,1.6772261,-0.6106994,-0.5731774,-0.18814501,-0.3823844,-0.13629225,1.7083546,-0.49680018,-0.59100544,0.104441635,0.01845002,-7.5211997,7.991224,-8.090977,2.742026,9.80595,-8.536935,2.356241,1.9081249,1.6905867,0.94429725,1.4022789,0.1746121346950531,0.12345077097415924,0.05116136372089386,0.32842397689819336,0.3369986116886139,0.008574634790420532,-0.74438626,-3.4235134,-3.3583126,-1.1658659,-0.74438626,-3.4235134,-3.3583126,-1.1658659,-0.74438626,-1.0,-1.0,-1.0,4.287027835845947,-0.4,-0.4,-0.4
11.733333333333333,8.025862,-8.086845,3.2032855,0.9991959,-0.0098451935,0.009211019,0.03775858,1.6790612,-0.60906386,-0.46208525,0.24370943,0.17786086,0.107045114,1.7118946,-0.49023038,-0.48251307,0.21240233,0.39418814,6.509542,8.021253,-8.100162,2.7330444,9.80595,-8.536935,2.356241,1.8756058,1.6991016,0.7554725,1.5219092,0.1746121346950531,0.14198000729084015,0.03263212740421295,0.32842397689819336,0.32847970724105835,5.5730342864990234e-05,0.72663987,1.2253693,1.0106266,1.2935416,0.72663987,1.2253693,1.0106266,1.2935416,0.72663987,1.0,1.0,1.0,28.95835304260254,0.4,0.4,0.4
11.75,8.054408,-8.095021,3.1932929,0.9992285,-0.010426627,0.0072830995,0.03715527,1.6815077,-0.60363346,-0.6252261,-0.18488222,-0.36331493,-0.13620104,1.7129843,-0.49059996,-0.6385496,0.06538153,-0.022174714,-9.362193,8.05131,-8.109281,2.723659,9.80595,-8.536935,2.356241,1.8429997,1.7394435,0.5688926,1.6437838,0.1746121346950531,0.11184069514274597,0.06277143955230713,0.32842397689819336,0.3291841745376587,0.000760197639465332,-0.9377669,-3.6929178,-4.0453973,-1.2245353,-0.9377669,-3.6929178,-4.0453973,-1.2245353,-0.9377669,-1.0,-1.0,-1.0,1.0437427759170532,-0.4,-0.4,-0.4
11.766666666666666,8.083012,-8.103114,3.1844566,0.9992283,-0.010991612,0.0029900821,0.037591062,1.6791066,-0.60074747,-0.49812353,-0.054386597,-0.56252676,0.10704613,1.7169362,-0.4839274,-0.49635428,0.23711441,0.40035364,8.53172,8.081385,-8.118322,2.71418,9.80595,-8.536935,2.356241,1.810382,1.8013141,0.38243645,1.7602485,0.1746121346950531,0.13629324734210968,0.03831888735294342,0.32842397689819336,0.319026380777359,0.00939759612083435,0.9414604,0.29586613,-0.40766376,1.1738833,0.9414604,0.29586613,-0.40766376,1.1738833,0.9414604,0.29586613,-0.40766376,1.0,32.56121826171875,0.11834645,-0.16306551,0.4
11.783333333333333,8.111621,-8.111154,3.1754084,0.99923486,-0.012620236,0.001656196,0.0369812,1.6785841,-0.59338015,-0.5671993,-0.25021562,-0.014865758,-0.13610385,1.7165147,-0.48195606,-0.55924517,-0.025291441,0.118280046,-3.773453,8.111468,-8.127256,2.7052584,9.80595,-8.536935,2.356241,1.7778971,1.888136,0.20081043,1.8774271,0.1746121346950531,0.16318418085575104,0.011427953839302063,0.32842397689819336,0.329364538192749,0.0009405612945556641,-0.3482354,-0.4636749,1.3033557,-1.7268516,-0.3482354,-0.4636749,1.3033557,-1.7268516,-0.3482354,-0.4636749,1.0,-1.0,10.931075096130371,-0.18546997,0.4,-0.4
11.8,8.140243,-8.119137,3.1657217,0.99922746,-0.011897682,-0.001757217,0.037411712,1.6753354,-0.5907559,-0.6082076,0.17869051,-0.5458615,0.10728964,1.7174562,-0.47798878,-0.5895157,0.056490894,0.2380371,-1.8162309,8.141557,-8.136121,2.6957574,9.80595,-8.536935,2.356241,1.7453163,1.9879893,0.018833296,1.9879001,0.1746121346950531,0.13555796444416046,0.03905417025089264,0.32842397689819336,0.3226415812969208,0.005782395601272583,-0.14758791,1.2791618,-3.1261234,1.1403666,-0.14758791,1.2791618,-3.1261234,1.1403666,-0.14758791,1.0,-1.0,1.0,14.296236038208008,0.4,-0.4,0.4
11.816666666666666,8.168844,-8.127054,3.1562605,0.9992339,-0.013014009,-0.0028956947,0.03679386,1.6732892,-0.5840125,-0.5854143,-0.24514218,0.0077596237,-0.13611114,1.7155781,-0.47416887,-0.5618119,-0.112688534,0.22919475,1.6622256,8.171637,-8.144891,2.6861598,9.80595,-8.536935,2.356241,1.7127539,2.102996,-0.16220197,2.0967314,0.1746121346950531,0.18109188973903656,0.0064797550439834595,0.32842397689819336,0.3203218877315521,0.008102089166641235,0.2184356,-3.222629,1.0629579,-1.6368418,0.2184356,-3.222629,1.0629579,-1.6368418,0.2184356,-1.0,1.0,-1.0,20.435001373291016,-0.4,0.4,-0.4
11.833333333333334,8.197435,-8.134912,3.1463256,0.99921286,-0.012259384,-0.0061262073,0.037225954,1.6685773,-0.58131427,-0.64205647,0.18358088,-0.5244301,0.10727805,1.7154328,-0.47058395,-0.6084032,-0.008718967,0.21509527,-2.7954767,8.201702,-8.1535635,2.6764104,9.80595,-8.536935,2.356241,1.6802065,2.2288451,-0.3446514,2.2020369,0.1746121346950531,0.1737741380929947,0.0008379966020584106,0.32842397689819336,0.33084869384765625,0.0024247169494628906,-0.24741788,1.0194646,-3.4035873,1.0919713,-0.24741788,1.0194646,-3.4035873,1.0919713,-0.24741788,1.0,-1.0,1.0,12.621936798095703,0.4,-0.4,0.4
11.85,8.225986,-8.142705,3.1365297,0.9992078,-0.013301401,-0.008135851,0.03661434,1.664134,-0.5743969,-0.6236631,-0.24057229,-0.13912004,-0.13611877,1.712104,-0.46673408,-0.5823133,-0.199728,0.23099183,1.5653943,8.231745,-8.162134,2.6665106,9.80595,-8.536935,2.356241,1.6476849,2.3622072,-0.52663344,2.3027549,0.1746121346950531,0.1697704941034317,0.004841640591621399,0.32842397689819336,0.35147586464881897,0.02305188775062561,0.20840259,-3.4962463,0.68896115,-1.744246,0.20840259,-3.4962463,0.68896115,-1.744246,0.20840259,-1.0,0.68896115,-1.0,20.266733169555664,-0.4,0.27558446,-0.4
11.866666666666667,8.254493,-8.150427,3.1267946,0.9991477,-0.013178487,-0.012596883,0.037032686,1.6560557,-0.5707535,-0.642005,0.0742985,-0.6685042,0.10266827,1.7098228,-0.462196,-0.585945,-0.13687134,0.27228534,-0.21790265,8.261753,-8.170589,2.6567607,9.80595,-8.536935,2.356241,1.6152602,2.5018804,-0.7108575,2.398768,0.1746121346950531,0.14047330617904663,0.03413882851600647,0.32842397689819336,0.32318079471588135,0.005243182182312012,0.02532666,0.73246896,-2.535973,0.98106205,0.02532666,0.73246896,-2.535973,0.98106205,0.02532666,0.73246896,-1.0,0.98106205,17.196271896362305,0.29298759,-0.4,0.39242482
11.883333333333333,8.282924,-8.158085,3.1170573,0.9991144,-0.015120171,-0.01480056,0.036367416,1.648915,-0.5620438,-0.6500694,-0.3499015,-0.11658756,-0.14066929,1.7043641,-0.45867586,-0.5849479,-0.32752272,0.21120785,0.059827562,8.29172,-8.1789255,2.64703,9.80595,-8.536935,2.356241,1.5829153,2.645758,-0.89614826,2.489368,0.1746121346950531,0.12803399562835693,0.04657813906669617,0.32842397689819336,0.35077327489852905,0.022349298000335693,0.051261175,-2.710514,2.941392,-1.8716749,0.051261175,-2.710514,2.941392,-1.8716749,0.051261175,-1.0,1.0,-1.0,17.631235122680664,-0.4,0.4,-0.4
11.9,8.311274,-8.165664,3.1072977,0.9990256,-0.015202877,-0.01907767,0.03677989,1.6386998,-0.5572061,-0.6661419,0.07945011,-0.6456004,0.102820955,1.6998352,-0.45336547,-0.5870098,-0.2717328,0.31862316,-0.1237142,8.321636,-8.187145,2.6373022,9.80595,-8.536935,2.356241,1.5506567,2.7928517,-1.0858046,2.57314,0.1746121346950531,0.1544867306947708,0.020125404000282288,0.32842397689819336,0.320568710565567,0.007855266332626343,0.034533013,2.2473016,-2.2129583,1.0113777,0.034533013,2.2473016,-2.2129583,1.0113777,0.034533013,1.0,-1.0,1.0,17.350677490234375,0.4,-0.4,0.4
11.916666666666666,8.339513,-8.17317,3.0974233,0.9989789,-0.017105637,-0.02109344,0.036105245,1.6295543,-0.54770786,-0.68271816,-0.34493217,-0.09428165,-0.14051728,1.6925858,-0.44952556,-0.5954954,-0.4349613,0.23039459,-0.5091369,8.351493,-8.19524,2.6275048,9.80595,-8.536935,2.356241,1.5184813,2.9446507,-1.2791225,2.6523223,0.1746121346950531,0.13625644147396088,0.038355693221092224,0.32842397689819336,0.3463893532752991,0.017965376377105713,-0.008446703,-2.3674393,3.7245555,-1.9219129,-0.008446703,-2.3674393,3.7245555,-1.9219129,-0.008446703,-1.0,1.0,-1.0,16.62984275817871,-0.4,0.4,-0.4
11.933333333333334,8.367631,-8.180582,3.087705,0.9988696,-0.017154546,-0.025175514,0.03648734,1.6174303,-0.5420607,-0.68047595,0.084715575,-0.62216806,0.09719038,1.685193,-0.4430732,-0.580318,-0.44357297,0.38714108,0.91064566,8.38128,-8.20321,2.6177588,9.80595,-8.536935,2.356241,1.4864216,3.1004303,-1.4788133,2.7250283,0.1746121346950531,0.17866569757461548,0.004053562879562378,0.32842397689819336,0.312711238861084,0.015712738037109375,0.14417167,2.6089315,-1.6841321,0.9762436,0.14417167,2.6089315,-1.6841321,0.9762436,0.14417167,1.0,-1.0,0.9762436,19.189483642578125,0.4,-0.4,0.39049745
11.95,8.39561,-8.187916,3.0778205,0.9988147,-0.019017013,-0.026999673,0.035755485,1.6065255,-0.53169906,-0.7056739,-0.33989882,-0.07146006,-0.14613993,1.6765273,-0.43900248,-0.5984456,-0.51994085,0.24424373,-1.0876572,8.41099,-8.211047,2.6080036,9.80595,-8.536935,2.356241,1.4544765,3.2626793,-1.6848811,2.7939672,0.1746121346950531,0.18373462557792664,0.009122490882873535,0.32842397689819336,0.34341850876808167,0.014994531869888306,-0.06817085,-1.6955532,4.327897,-1.8837069,-0.06817085,-1.6955532,4.327897,-1.8837069,-0.06817085,-1.0,1.0,-1.0,15.628179550170898,-0.4,0.4,-0.4
11.966666666666667,8.423425,-8.195141,3.0681248,0.9987199,-0.019068936,-0.029846985,0.03611049,1.593868,-0.5253596,-0.6932926,0.090055846,-0.4324099,0.09728922,1.6664542,-0.43174213,-0.5775828,-0.6043839,0.4356211,1.251769,8.440608,-8.21875,2.5982833,9.80595,-8.536935,2.356241,1.4226683,3.4296677,-1.8986261,2.856193,0.1746121346950531,0.1922662854194641,0.01765415072441101,0.32842397689819336,0.31930482387542725,0.009119153022766113,0.18032058,3.1072788,-0.6920042,1.0782963,0.18032058,3.1072788,-0.6920042,1.0782963,0.18032058,1.0,-0.6920042,1.0,19.79575538635254,0.4,-0.27680168,0.4
11.983333333333333,8.45108,-8.202281,3.0581977,0.9987071,-0.020711169,-0.03008575,0.03535303,1.5837604,-0.514637,-0.71985567,-0.29756415,0.11775508,-0.14598937,1.6569469,-0.4273469,-0.60269547,-0.5704379,0.2637148,-1.5067612,8.47013,-8.226316,2.5885377,9.80595,-8.536935,2.356241,1.3909929,3.605377,-2.1213493,2.9152393,0.1746121346950531,0.1920483112335205,0.017436176538467407,0.32842397689819336,0.34880438446998596,0.020380407571792603,-0.111754484,-0.91293687,3.5983672,-1.942937,-0.111754484,-0.91293687,3.5983672,-1.942937,-0.111754484,-0.91293687,1.0,-1.0,14.897215843200684,-0.36517474,0.4,-0.4
12.0,8.478559,-8.209305,3.0484414,0.9986282,-0.020430358,-0.03238617,0.035712477,1.5711638,-0.50821817,-0.7043335,0.13250163,-0.40992555,0.09738393,1.6460239,-0.41946292,-0.5810191,-0.6553816,0.47303793,1.3005816,8.499541,-8.233745,2.5787814,9.80595,-8.536935,2.356241,1.3594677,3.786808,-2.3518798,2.9679246,0.1746121346950531,0.18776066601276398,0.013148531317710876,0.32842397689819336,0.33664482831954956,0.008220851421356201,0.18608339,3.3157105,-2.1643496,1.031575,0.18608339,3.3157105,-2.1643496,1.031575,0.18608339,1.0,-1.0,1.0,19.892406463623047,0.4,-0.4,0.4
12.016666666666666,8.50585,-8.216228,3.0386403,0.99864435,-0.020885844,-0.032388296,0.03498773,1.5605059,-0.49863705,-0.7143262,-0.120783664,0.14133608,-0.14582855,1.6348346,-0.4140001,-0.59160703,-0.6713533,0.3277695,-0.6352758,8.528827,-8.241028,2.5691094,9.80595,-8.536935,2.356241,1.3281258,3.977365,-2.5906966,3.0179007,0.1746121346950531,0.21576163172721863,0.04114949703216553,0.32842397689819336,0.3531513512134552,0.02472737431526184,-0.018942604,-0.5986856,3.6978536,-1.9355906,-0.018942604,-0.5986856,3.6978536,-1.9355906,-0.018942604,-0.5986856,1.0,-1.0,16.453811645507812,-0.23947425,0.4,-0.4
12.033333333333333,8.532927,-8.223015,3.0294158,0.99860054,-0.0191375,-0.03443336,0.035283584,1.5477223,-0.4939072,-0.66886014,0.30947417,-0.38472694,0.080188006,1.6212535,-0.4051499,-0.54235893,-0.81486934,0.5310112,2.9548857,8.557965,-8.24815,2.5597603,9.80595,-8.536935,2.356241,1.2970285,4.1746597,-2.8371005,3.0624573,0.1746121346950531,0.20587372779846191,0.031261593103408813,0.32842397689819336,0.3364258408546448,0.008001863956451416,0.36266515,2.439732,-2.0132837,0.9285022,0.36266515,2.439732,-2.0132837,0.9285022,0.36266515,1.0,-1.0,0.9285022,22.85394859313965,0.4,-0.4,0.3714009
12.05,8.559807,-8.22971,3.0201845,0.9986369,-0.019193804,-0.034216203,0.034423757,1.5368268,-0.4852579,-0.6837116,-0.1156592,0.1659841,-0.16318452,1.6099397,-0.40066886,-0.5588667,-0.6788277,0.26886284,-0.9904646,8.5869465,-8.255112,2.5507033,9.80595,-8.536935,2.356241,1.2661792,4.381072,-3.0919268,3.103833,0.1746121346950531,0.22385446727275848,0.04924233257770538,0.32842397689819336,0.34021705389022827,0.011793076992034912,-0.054861676,-3.1485314,3.738967,-1.6367096,-0.054861676,-3.1485314,3.738967,-1.6367096,-0.054861676,-1.0,1.0,-1.0,15.851394653320312,-0.4,0.4,-0.4
12.066666666666666,8.586466,-8.23629,3.0114229,0.9985959,-0.01740986,-0.03605993,0.034680765,1.5238923,-0.48096722,-0.64420235,0.31459165,-0.3605695,0.08022615,1.5961457,-0.3928424,-0.5163015,-0.82763666,0.46958682,2.5539098,8.615756,-8.261916,2.541904,9.80595,-8.536935,2.356241,1.2355841,4.5905676,-3.3516483,3.1368399,0.1746121346950531,0.2221226543188095,0.04751051962375641,0.32842397689819336,0.35149919986724854,0.023075222969055176,0.3200172,2.2989311,-2.0135355,1.1084021,0.3200172,2.2989311,-2.0135355,1.1084021,0.3200172,1.0,-1.0,1.0,22.1386775970459,0.4,-0.4,0.4
12.083333333333334,8.612935,-8.242794,3.0024421,0.99863994,-0.01743066,-0.035644878,0.03381992,1.5127425,-0.4729872,-0.6729328,-0.11081093,0.18915974,-0.16314617,1.5855008,-0.3893605,-0.54729414,-0.6386947,0.20891546,-1.8595575,8.64439,-8.268565,2.5332181,9.80595,-8.536935,2.356241,1.205224,4.8063664,-3.6175718,3.1645432,0.1746121346950531,0.2592356503009796,0.08462351560592651,0.32842397689819336,0.34021294116973877,0.01178896427154541,-0.14741726,-3.5124063,3.6622643,-1.7136214,-0.14741726,-3.5124063,3.6622643,-1.7136214,-0.14741726,-1.0,1.0,-1.0,14.299098014831543,-0.4,0.4,-0.4
12.1,8.639173,-8.24919,2.9939778,0.9986012,-0.015613351,-0.037292376,0.03407432,1.4997058,-0.4692875,-0.6243573,0.31959772,-0.336879,0.080270156,1.5706087,-0.38204518,-0.49638683,-0.893526,0.43891844,3.0544386,8.672831,-8.275056,2.524717,9.80595,-8.536935,2.356241,1.1751276,5.022346,-3.8853433,3.1824622,0.1746121346950531,0.22777289152145386,0.05316075682640076,0.32842397689819336,0.3479768931865692,0.019552916288375854,0.37230572,1.9506248,-2.1776214,1.0686102,0.37230572,1.9506248,-2.1776214,1.0686102,0.37230572,1.0,-1.0,1.0,23.015636444091797,0.4,-0.4,0.4
12.116666666666667,8.665223,-8.255523,2.9851885,0.9986531,-0.015599572,-0.036681738,0.033213153,1.4884182,-0.46200106,-0.6637467,-0.10602887,0.21207353,-0.16310893,1.5605649,-0.3793797,-0.538611,-0.6026315,0.15992938,-2.53345,8.701072,-8.281391,2.5162926,9.80595,-8.536935,2.356241,1.1452839,5.243166,-4.157921,3.1941333,0.1746121346950531,0.24266502261161804,0.06805288791656494,0.32842397689819336,0.3495352268218994,0.021111249923706055,-0.21854778,-3.9567194,3.382626,-1.7905742,-0.21854778,-3.9567194,3.382626,-1.7905742,-0.21854778,-1.0,1.0,-1.0,13.106131553649902,-0.4,0.4,-0.4
12.133333333333333,8.691041,-8.261765,2.9768612,0.9986172,-0.0137495855,-0.038139243,0.033465065,1.4753648,-0.4589408,-0.6150805,0.32441738,-0.31406572,0.08031288,1.5453798,-0.3729029,-0.48825875,-0.911107,0.38860735,3.0211346,8.729099,-8.287576,2.5079575,9.80595,-8.536935,2.356241,1.1157086,5.460888,-4.429057,3.194487,0.1746121346950531,0.1987067312002182,0.0240945965051651,0.32842397689819336,0.34083202481269836,0.012408047914505005,0.36817655,1.1652595,-2.44378,1.0806695,0.36817655,1.1652595,-2.44378,1.0806695,0.36817655,1.0,-1.0,1.0,22.946382522583008,0.4,-0.4,0.4
12.15,8.716674,-8.267952,2.9681458,0.99867666,-0.013701299,-0.037338264,0.032604396,1.4640557,-0.45237413,-0.6588191,-0.10134819,0.23453309,-0.16307715,1.5355794,-0.37082696,-0.5353756,-0.58801883,0.124556415,-2.8270106,8.756906,-8.293608,2.4996407,9.80595,-8.536935,2.356241,1.0864006,5.6810718,-4.702656,3.1874137,0.1746121346950531,0.1903923749923706,0.015780240297317505,0.32842397689819336,0.3331379294395447,0.004713952541351318,-0.24979301,-4.5201645,2.8652759,-1.833848,-0.24979301,-4.5201645,2.8652759,-1.833848,-0.24979301,-1.0,1.0,-1.0,12.582101821899414,-0.4,0.4,-0.4
12.166666666666666,8.742073,-8.274069,2.9598985,0.99861145,-0.014314531,-0.038691252,0.032759637,1.4510942,-0.44740602,-0.6097151,-0.07059538,-0.29184207,0.080106296,1.5201,-0.36559808,-0.4829421,-0.92876667,0.3137326,3.1460092,8.784478,-8.299492,2.4913826,9.80595,-8.536935,2.356241,1.0573777,5.8955054,-4.971872,3.1681976,0.1746121346950531,0.1676342785358429,0.006977856159210205,0.32842397689819336,0.33455023169517517,0.0061262547969818115,0.381296,0.06404905,-2.8166018,1.1152177,0.381296,0.06404905,-2.8166018,1.1152177,0.381296,0.06404905,-1.0,1.0,23.16641616821289,0.02561962,-0.4,0.4
12.183333333333334,8.767296,-8.280126,2.9511073,0.99867797,-0.014236914,-0.03771013,0.031898744,1.4398903,-0.43981537,-0.6659625,0.03575731,0.25596413,-0.16297153,1.5111802,-0.36279127,-0.5430882,-0.5351901,0.16840874,-3.6087654,8.81181,-8.305227,2.4830534,9.80595,-8.536935,2.356241,1.0286328,6.1095166,-5.2411976,3.1394334,0.1746121346950531,0.15823151171207428,0.01638062298297882,0.32842397689819336,0.32869309186935425,0.00026911497116088867,-0.3328417,0.24505816,2.0076044,-2.302624,-0.3328417,0.24505816,2.0076044,-2.302624,-0.3328417,0.24505816,1.0,-1.0,11.189249992370605,0.098023266,0.4,-0.4
12.2,8.792262,-8.286102,2.9430456,0.9985926,-0.016552273,-0.038930837,0.03198735,1.4271739,-0.43331707,-0.59273696,-0.38794598,-0.2693873,0.0799836,1.4937654,-0.35729745,-0.46575716,-1.0448885,0.32962915,4.639862,8.838873,-8.31081,2.4748628,9.80595,-8.536935,2.356241,1.0002209,6.315598,-5.502599,3.099707,0.1746121346950531,0.14039263129234314,0.03421950340270996,0.32842397689819336,0.32473865151405334,0.0036853253841400146,0.53942394,-2.0377655,-3.306213,1.2292138,0.53942394,-2.0377655,-3.306213,1.2292138,0.53942394,-1.0,-1.0,1.0,25.81846046447754,-0.4,-0.4,0.4
12.216666666666667,8.817096,-8.292028,2.9339154,0.99863476,-0.01709269,-0.038323876,0.03110565,1.4156119,-0.4235571,-0.700327,0.040512703,0.19222307,-0.16280845,1.4888233,-0.3549271,-0.575541,-0.29652354,0.14222145,-6.5870314,8.865693,-8.316262,2.4664156,9.80595,-8.536935,2.356241,0.972069,6.5205364,-5.762695,3.0510232,0.1746121346950531,0.15760263800621033,0.017009496688842773,0.32842397689819336,0.32322603464126587,0.00519794225692749,-0.6475696,4.1722646,0.846709,-2.223299,-0.6475696,4.1722646,0.846709,-2.223299,-0.6475696,1.0,0.846709,-1.0,5.9107890129089355,0.4,0.3386836,-0.4
12.233333333333333,8.841614,-8.297827,2.9262285,0.99853325,-0.018819908,-0.04002369,0.03122822,1.4022837,-0.41679448,-0.5548706,-0.29753643,-0.32807454,0.080216445,1.4654244,-0.34558818,-0.4255567,-1.4039325,0.5603349,8.99906,8.892202,-8.321559,2.4582696,9.80595,-8.536935,2.356241,0.94431543,6.7130427,-6.00918,2.9924407,0.1746121346950531,0.12063570320606232,0.053976431488990784,0.32842397689819336,0.33222106099128723,0.003797084093093872,1.0365779,-0.80188537,-3.374555,1.263007,1.0365779,-0.80188537,-3.374555,1.263007,1.0,-0.80188537,-1.0,1.0,33.54301452636719,-0.32075414,-0.4,0.4
12.25,8.865985,-8.303558,2.9176142,0.9985894,-0.018608611,-0.039370757,0.030376554,1.3902494,-0.4073941,-0.6740565,0.13079228,0.21553132,-0.16267996,1.4612558,-0.34341908,-0.5476407,-0.25011778,0.13014615,-7.325039,8.918398,-8.326702,2.4503257,9.80595,-8.536935,2.356241,0.91695076,6.9086657,-6.2563696,2.9304435,0.1746121346950531,0.15068955719470978,0.023922577500343323,0.32842397689819336,0.32177460193634033,0.006649374961853027,-0.7223939,4.3438687,1.1032628,-2.0501828,-0.7223939,4.3438687,1.1032628,-2.0501828,-0.7223939,1.0,1.0,-1.0,4.6558732986450195,0.4,0.4,-0.4
12.266666666666666,8.890037,-8.3091545,2.9103906,0.998496,-0.020120103,-0.040868994,0.030505748,1.3769828,-0.40060496,-0.52766794,-0.29197225,-0.30494103,0.08032498,1.4372795,-0.33327082,-0.39769074,-1.4385794,0.60889536,8.996996,8.944261,-8.331699,2.4426634,9.80595,-8.536935,2.356241,0.8899996,7.084854,-6.4829445,2.8577251,0.1746121346950531,0.10438124090433121,0.0702308937907219,0.32842397689819336,0.3423923850059509,0.013968408107757568,1.1207881,-1.3714751,-3.9581022,1.2748433,1.1207881,-1.3714751,-3.9581022,1.2748433,1.0,-1.0,-1.0,1.0,33.54301452636719,-0.4,-0.4,0.4
12.283333333333333,8.913955,-8.314681,2.9021556,0.9984257,-0.019770032,-0.043264735,0.029718764,1.3614151,-0.39086837,-0.661995,0.13596752,-0.28077036,-0.16238189,1.4344105,-0.33118343,-0.5265462,-0.17214058,0.12524307,-7.7313256,8.969791,-8.336553,2.4351406,9.80595,-8.536935,2.356241,0.8634464,7.262631,-6.707961,2.7837145,0.1746121346950531,0.14047057926654816,0.034141555428504944,0.32842397689819336,0.3414381444454193,0.013014167547225952,-0.7644989,4.8049436,0.040239885,-2.1396732,-0.7644989,4.8049436,0.040239885,-2.1396732,-0.7644989,1.0,0.040239885,-1.0,3.9497087001800537,0.4,0.016095955,-0.4
12.3,8.9375105,-8.32006,2.8952842,0.99837404,-0.019488836,-0.044432912,0.029917939,1.3458894,-0.38524565,-0.51279885,-0.004672859,-0.09531217,0.08053347,1.4066068,-0.32012272,-0.37652904,-1.6682194,0.6636428,9.001028,8.994974,-8.34127,2.4278376,9.80595,-8.536935,2.356241,0.8373128,7.4174824,-6.908419,2.7005174,0.1746121346950531,0.12849166989326477,0.04612046480178833,0.32842397689819336,0.33818957209587097,0.009765595197677612,1.148132,-0.33841008,0.3046267,1.3548976,1.148132,-0.33841008,0.3046267,1.3548976,1.0,-0.33841008,0.3046267,1.0,33.54301452636719,-0.13536404,0.121850684,0.4
12.316666666666666,8.960837,-8.325334,2.8883858,0.9982552,-0.016691316,-0.04848841,0.02927095,1.328436,-0.37855572,-0.571244,0.42392945,-0.62847716,-0.16224551,1.3972819,-0.31532714,-0.4272452,-0.5594945,0.28773484,-3.0429695,9.019735,-8.345829,2.4212558,9.80595,-8.536935,2.356241,0.81171554,7.5776687,-7.1107416,2.6188579,0.1746121346950531,0.16322048008441925,0.01139165461063385,0.32842397689819336,0.344285249710083,0.01586127281188965,-0.26513916,2.5033216,-1.4697686,-2.3910995,-0.26513916,2.5033216,-1.4697686,-2.3910995,-0.26513916,1.0,-1.0,-1.0,12.324724197387695,0.4,-0.4,-0.4
12.333333333333334,8.983827,-8.330512,2.8821573,0.99817747,-0.015775194,-0.0502216,0.029504638,1.3098346,-0.37507546,-0.50350356,-0.0012084332,-0.07279093,0.08015002,1.3733951,-0.3093734,-0.3576844,-1.4332079,0.35722372,4.1736474,9.044124,-8.350259,2.4149413,9.80595,-8.536935,2.356241,0.7865579,7.715927,-7.289181,2.5304873,0.1746121346950531,0.1289004534482956,0.04571168124675751,0.32842397689819336,0.3634563088417053,0.03503233194351196,0.4917936,-4.411535,4.5159316,1.5791653,0.4917936,-4.411535,4.5159316,1.5791653,0.4917936,-1.0,1.0,1.0,25.019628524780273,-0.4,0.4,0.4
12.35,9.006597,-8.335624,2.8754275,0.9980449,-0.014065262,-0.053662576,0.028789889,1.2910303,-0.3686353,-0.5721301,0.2510374,-0.53272825,-0.16268772,1.3638299,-0.3060326,-0.41987643,-0.573914,0.20044862,-3.7315211,9.068155,-8.354567,2.408677,9.80595,-8.536935,2.356241,0.7618064,7.851414,-7.4633007,2.4379997,0.1746121346950531,0.15514691174030304,0.01946522295475006,0.32842397689819336,0.3627126216888428,0.034288644790649414,-0.34176838,0.587772,-0.86328506,-2.7044117,-0.34176838,0.587772,-0.86328506,-2.7044117,-0.34176838,0.587772,-0.86328506,-1.0,11.039536476135254,0.23510881,-0.34531403,-0.4
12.366666666666667,9.028894,-8.34064,2.870252,0.9979817,-0.014604008,-0.054608606,0.02893235,1.2717134,-0.36448908,-0.42853963,-0.17285293,0.028016256,0.07998489,1.3295382,-0.2993936,-0.2764867,-2.0574975,0.3983402,8.603383,9.091744,-8.358742,2.4030454,9.80595,-8.536935,2.356241,0.7375861,7.971182,-7.6203866,2.3386855,0.1746121346950531,0.12380458414554596,0.05080755054950714,0.32842397689819336,0.34978729486465454,0.02136331796646118,0.9636164,-3.9800096,4.6167197,1.3109539,0.9636164,-3.9800096,4.6167197,1.3109539,0.9636164,-1.0,1.0,1.0,32.93280792236328,-0.4,0.4,0.4
12.383333333333333,9.05101,-8.345607,2.8640795,0.9978625,-0.013244105,-0.05744573,0.028193362,1.2523216,-0.35770154,-0.55901074,0.25486356,-0.4680598,-0.16274525,1.3261534,-0.29760325,-0.40187353,-0.2030897,0.107420675,-7.5232096,9.114946,-8.362802,2.3975832,9.80595,-8.536935,2.356241,0.7138052,8.095775,-7.7812147,2.2347841,0.1746121346950531,0.13365614414215088,0.04095599055290222,0.32842397689819336,0.3647114038467407,0.03628742694854736,-0.74112403,2.7325249,-0.92207503,-2.9204278,-0.74112403,2.7325249,-0.92207503,-2.9204278,-0.74112403,1.0,-0.92207503,-1.0,4.341740131378174,0.4,-0.36883003,-0.4
12.4,9.072644,-8.350488,2.8592777,0.99782825,-0.013766527,-0.05785074,0.028327724,1.2322952,-0.3538157,-0.40764934,-0.16890796,0.093042865,0.079975046,1.2888888,-0.2913497,-0.25257853,-2.2358751,0.3752124,8.9577,9.137745,-8.366754,2.3923578,9.80595,-8.536935,2.356241,0.69048125,8.196213,-7.916551,2.1227627,0.1746121346950531,0.13405872881412506,0.04055340588092804,0.32842397689819336,0.36174750328063965,0.03332352638244629,1.6079199,-4.4787884,4.733217,1.0679291,1.6079199,-4.4787884,4.733217,1.0679291,1.0,-1.0,1.0,1.0,33.54301452636719,-0.4,0.4,0.4
12.416666666666666,9.093975,-8.3553,2.8543756,0.99776673,-0.0123990895,-0.059559397,0.027576622,1.2132741,-0.34718823,-0.46540773,0.25977522,-0.30897698,-0.16275492,1.2770474,-0.28798157,-0.30886054,-0.7104849,0.20208834,-3.3769207,9.16007,-8.3705845,2.387804,9.80595,-8.536935,2.356241,0.6677045,8.308004,-8.061682,2.0080404,0.1746121346950531,0.1271539032459259,0.0474582314491272,0.32842397689819336,0.3502177894115448,0.02179381251335144,-0.29948437,2.2987432,-0.7564342,-2.9504578,-0.29948437,2.2987432,-0.7564342,-2.9504578,-0.29948437,1.0,-0.7564342,-1.0,11.748703002929688,0.4,-0.30257368,-0.4
12.433333333333334,9.114777,-8.360025,2.8511143,0.9978113,-0.012915991,-0.058641937,0.027692074,1.1936908,-0.343663,-0.31132096,-0.16382192,0.25192243,0.079246275,1.238777,-0.2822595,-0.1602613,-2.296221,0.3433245,8.915954,9.1819,-8.374298,2.384063,9.80595,-8.536935,2.356241,0.64549464,8.400347,-8.185697,1.8868487,0.1746121346950531,0.13490276038646698,0.03970937430858612,0.32842397689819336,0.36116158962249756,0.0327376127243042,1.3166231,-4.767225,3.6973715,0.99681365,1.3166231,-4.767225,3.6973715,0.99681365,1.0,-1.0,1.0,0.99681365,33.54301452636719,-0.4,0.4,0.39872548
12.45,9.135361,-8.364707,2.8470197,0.9977759,-0.011525203,-0.059874717,0.026929928,1.1751631,-0.33726197,-0.42623085,0.26408508,-0.28572863,-0.16352186,1.2338837,-0.28033638,-0.27453455,-0.29359815,0.115386836,-6.856395,9.203293,-8.377919,2.380635,9.80595,-8.536935,2.356241,0.6237603,8.498554,-8.313912,1.7618972,0.1746121346950531,0.13651849329471588,0.03809364140033722,0.32842397689819336,0.33652111887931824,0.008097141981124878,-0.6695978,1.7481529,-2.1672459,-3.014595,-0.6695978,1.7481529,-2.1672459,-3.014595,-0.6695978,1.0,-1.0,-1.0,5.541342735290527,0.4,-0.4,-0.4
12.466666666666667,9.155442,-8.369312,2.844337,0.99783766,-0.012000968,-0.058764894,0.026879748,1.1556711,-0.33365405,-0.27123088,-0.15955043,0.27514753,0.052825492,1.1954308,-0.27509093,-0.12544788,-2.3071787,0.3147268,8.9452,9.224245,-8.381452,2.3775353,9.80595,-8.536935,2.356241,0.6025025,8.571399,-8.414802,1.6309483,0.1746121346950531,0.12498469650745392,0.04962743818759918,0.32842397689819336,0.33839303255081177,0.009969055652618408,1.4943289,-5.2250037,3.11652,0.89116716,1.4943289,-5.2250037,3.11652,0.89116716,1.0,-1.0,1.0,0.89116716,33.54301452636719,-0.4,0.4,0.35646686
12.483333333333333,9.175243,-8.373865,2.8413439,0.997819,-0.010564289,-0.059789624,0.025896864,1.1376208,-0.32695025,-0.3439213,0.2689814,-0.2597622,-0.18990421,1.1856698,-0.27239418,-0.19836356,-0.5856585,0.16180514,-4.3749404,9.244716,-8.384898,2.3749852,9.80595,-8.536935,2.356241,0.5817651,8.654173,-8.523455,1.4984773,0.1746121346950531,0.15825006365776062,0.01636207103729248,0.32842397689819336,0.32263097167015076,0.0057930052280426025,-0.40564257,1.1838943,-2.5651507,-2.7310808,-0.40564257,1.1838943,-2.5651507,-2.7310808,-0.40564257,1.0,-1.0,-1.0,9.968270301818848,0.4,-0.4,-0.4
12.5,9.194523,-8.3783455,2.8399265,0.9978956,-0.011000319,-0.058464147,0.025793636,1.1181555,-0.32363722,-0.18883963,-0.15464734,0.3008742,0.0528824,1.1474093,-0.2677051,-0.049587306,-2.2956274,0.28134406,8.926575,9.264684,-8.388264,2.3730996,9.80595,-8.536935,2.356241,0.5615663,8.714097,-8.607017,1.3618933,0.1746121346950531,0.12069366127252579,0.05391847342252731,0.32842397689819336,0.3292917013168335,0.0008677244186401367,1.1435599,-5.408355,2.4900675,1.4676199,1.1435599,-5.408355,2.4900675,1.4676199,1.0,-1.0,1.0,1.0,33.54301452636719,-0.4,0.4,0.4
12.516666666666666,9.213643,-8.382796,2.8371875,0.9978745,-0.01065267,-0.059336018,0.024743758,1.1002423,-0.31685835,-0.3425559,0.09367657,-0.23918599,-0.18996629,1.1471403,-0.2669519,-0.20268872,-0.016143322,0.04519343,-9.186085,9.2842455,-8.391566,2.3712032,9.80595,-8.536935,2.356241,0.5417856,8.778766,-8.692981,1.2242575,0.1746121346950531,0.1417679339647293,0.03284420073032379,0.32842397689819336,0.31471872329711914,0.013705253601074219,-0.917909,0.58100057,-3.0553927,-2.6808136,-0.917909,0.58100057,-3.0553927,-2.6808136,-0.917909,0.58100057,-1.0,-1.0,1.3767893314361572,0.23240022,-0.4,-0.4
12.533333333333333,9.232283,-8.387182,2.835707,0.99794316,-0.012547561,-0.05787197,0.024550939,1.0810269,-0.31270507,-0.18743873,-0.32976672,0.32186505,0.052851714,1.1091172,-0.26184988,-0.05320541,-2.2813869,0.30612049,8.968999,9.303396,-8.394818,2.3693001,9.80595,-8.536935,2.356241,0.52242523,8.814837,-8.7481165,1.0825081,0.1746121346950531,0.11008782684803009,0.06452430784702301,0.32842397689819336,0.3230331540107727,0.005390822887420654,1.6820376,-3.4711256,1.3134646,1.322402,1.6820376,-3.4711256,1.3134646,1.322402,1.0,-1.0,1.0,1.0,33.54301452636719,-0.4,0.4,0.4
12.55,9.25062,-8.391504,2.8341446,0.9979301,-0.012536463,-0.0585402,0.023481093,1.0636979,-0.3049416,-0.24193223,0.09914762,-0.2118473,-0.18979548,1.0974873,-0.2584863,-0.10807557,-0.69778913,0.20181476,-3.2922094,9.322035,-8.398013,2.3680305,9.80595,-8.536935,2.356241,0.50359935,8.862219,-8.811955,0.9425312,0.1746121346950531,0.1460673213005066,0.02854481339454651,0.32842397689819336,0.3239860534667969,0.004437923431396484,-0.2906577,3.5580158,-3.6572852,-2.5682876,-0.2906577,3.5580158,-3.6572852,-2.5682876,-0.2906577,1.0,-1.0,-1.0,11.896739959716797,0.4,-0.4,-0.4
12.566666666666666,9.268444,-8.39573,2.83423,0.99789435,-0.014343956,-0.058801755,0.023312973,1.044529,-0.30049703,-0.09145489,-0.3243364,0.035436057,0.05309579,1.0604388,-0.2520525,0.04052455,-2.2229147,0.38602886,8.916006,9.340134,-8.4011545,2.3675697,9.80595,-8.536935,2.356241,0.48533458,8.88599,-8.849599,0.80338407,0.1746121346950531,0.11426909267902374,0.06034304201602936,0.32842397689819336,0.32850632071495056,8.234381675720215e-05,1.1219496,-2.1437902,0.4197315,1.357108,1.1219496,-2.1437902,0.4197315,1.357108,1.0,-1.0,0.4197315,1.0,33.54301452636719,-0.4,0.1678926,0.4
12.583333333333334,9.286135,-8.3999195,2.8328307,0.9977321,-0.014239587,-0.061895944,0.022284854,1.0254555,-0.2923228,-0.26265642,0.103049606,-0.5051811,-0.18947214,1.0616713,-0.2512444,-0.12542033,0.07395028,0.048485395,-9.956692,9.357829,-8.404266,2.3670206,9.80595,-8.536935,2.356241,0.4674715,8.909102,-8.883908,0.669539,0.1746121346950531,0.14915385842323303,0.02545827627182007,0.32842397689819336,0.3291358947753906,0.0007119178771972656,-1.1147318,4.571377,-2.2022753,-2.5227,-1.1147318,4.571377,-2.2022753,-2.5227,-1.0,1.0,-1.0,-1.0,0.0,0.4,-0.4,-0.4
12.6,9.303326,-8.404012,2.8326364,0.99767274,-0.015371934,-0.062622495,0.022160988,1.004309,-0.2872432,-0.111468635,-0.2189542,0.05594861,0.053366363,1.0215986,-0.243592,0.023873692,-2.4043605,0.4591441,8.957641,9.375122,-8.407352,2.3663595,9.80595,-8.536935,2.356241,0.4500076,8.900689,-8.884504,0.5365214,0.1746121346950531,0.12209871411323547,0.05251342058181763,0.32842397689819336,0.3157983720302582,0.01262560486793518,1.6399803,-0.76139486,3.6755157,1.4148628,1.6399803,-0.76139486,3.6755157,1.4148628,1.0,-0.76139486,1.0,1.0,33.54301452636719,-0.30455795,0.4,0.4
12.616666666666667,9.320187,-8.408021,2.8323884,0.9975251,-0.01438619,-0.06547991,0.021190021,0.98459005,-0.27902898,-0.16694313,0.20997608,-0.47733,-0.18922804,1.0084436,-0.23951241,-0.028637346,-0.78929895,0.2447748,-3.150662,9.391896,-8.410412,2.366334,9.80595,-8.536935,2.356241,0.4330711,8.906801,-8.897252,0.41233504,0.1746121346950531,0.13725362718105316,0.03735850751399994,0.32842397689819336,0.33725130558013916,0.0088273286819458,-0.27464122,4.1241674,-1.515942,-2.4103975,-0.27464122,4.1241674,-1.515942,-2.4103975,-0.27464122,1.0,-1.0,-1.0,12.165360450744629,0.4,-0.4,-0.4
12.633333333333333,9.336488,-8.4119215,2.8336039,0.9974816,-0.015272368,-0.065976374,0.021076733,0.96239007,-0.27428702,-0.030935224,-0.21428192,0.08256094,0.05345693,0.9682286,-0.23236652,0.104518905,-2.4129007,0.42875376,7.989375,9.408141,-8.41345,2.3670256,9.80595,-8.536935,2.356241,0.41667348,8.891309,-8.886411,0.29509553,0.1746121346950531,0.14586907625198364,0.028743058443069458,0.32842397689819336,0.3334229588508606,0.004998981952667236,0.90469015,-1.1375204,4.632275,1.7468446,0.90469015,-1.1375204,4.632275,1.7468446,0.90469015,-1.0,1.0,1.0,31.94452476501465,-0.4,0.4,0.4
12.65,9.352636,-8.415785,2.8332732,0.99740285,-0.014282274,-0.06767366,0.020093063,0.94156283,-0.26633313,-0.19803482,0.21311983,-0.30015767,-0.18921055,0.9691861,-0.23155336,-0.061261296,0.057452913,0.04878938,-9.946812,9.423998,-8.41648,2.3675094,9.80595,-8.536935,2.356241,0.40065432,8.881387,-8.879382,0.18868643,0.1746121346950531,0.14004483819007874,0.034567296504974365,0.32842397689819336,0.33078986406326294,0.00236588716506958,-1.0133057,4.8448124,-0.70753336,-2.367485,-1.0133057,4.8448124,-0.70753336,-2.367485,-1.0,1.0,-0.70753336,-1.0,0.0,0.4,-0.28301334,-0.4
12.666666666666666,9.36824,-8.419547,2.834142,0.99747276,-0.014208152,-0.06667217,0.020026162,0.9189223,-0.26154202,-0.04262435,-0.05653085,0.26037833,0.053602885,0.9256627,-0.22386807,0.087583974,-2.6114056,0.4611173,8.930716,9.439458,-8.419504,2.3678648,9.80595,-8.536935,2.356241,0.38502163,8.843343,-8.842927,0.08580924,0.1746121346950531,0.16016659140586853,0.01444554328918457,0.32842397689819336,0.31972846388816833,0.008695513010025024,1.749759,-0.63956636,3.1185975,1.9377198,1.749759,-0.63956636,3.1185975,1.9377198,1.0,-0.63956636,1.0,1.0,33.54301452636719,-0.25582656,0.4,0.4
12.683333333333334,9.383567,-8.423244,2.8343885,0.99744296,-0.011912955,-0.06782289,0.019121798,0.89845234,-0.25429678,-0.13913323,0.37184265,-0.27609923,-0.18907051,0.917707,-0.22126022,-0.009960471,-0.4773402,0.15647112,-5.8526664,9.454456,-8.422527,2.3685157,9.80595,-8.536935,2.356241,0.36984816,8.824942,-8.82494,-0.0052968645,0.1746121346950531,0.1416899859905243,0.03292214870452881,0.32842397689819336,0.3300413191318512,0.001617342233657837,-0.5624937,2.8009882,-2.018086,-2.5120933,-0.5624937,2.8009882,-2.018086,-2.5120933,-0.5624937,1.0,-1.0,-1.0,7.337640285491943,0.4,-0.4,-0.4
12.7,9.398313,-8.426859,2.8361053,0.99753004,-0.011483452,-0.06661656,0.01907981,0.87564623,-0.25064096,0.01608926,-0.052011978,0.28414136,0.053603727,0.87424874,-0.21539314,0.1383148,-2.6074967,0.3520247,8.896516,9.468969,-8.425555,2.3696218,9.80595,-8.536935,2.356241,0.35516268,8.784412,-8.783966,-0.088516526,0.1746121346950531,0.1751817911863327,0.000569656491279602,0.32842397689819336,0.3325064182281494,0.004082441329956055,1.134899,-3.12151,3.6139207,2.1776922,1.134899,-3.12151,3.6139207,2.1776922,1.0,-1.0,1.0,1.0,33.54301452636719,-0.4,0.4,0.4
12.716666666666667,9.412898,-8.430439,2.836337,0.9975051,-0.0091607515,-0.06759633,0.018172065,0.8551443,-0.24446708,-0.14908099,0.37545654,-0.25680137,-0.18908021,0.8754788,-0.21456191,-0.027589066,0.073803656,0.049873885,-9.954231,9.483091,-8.42859,2.3705943,9.80595,-8.536935,2.356241,0.3408555,8.756383,-8.754905,-0.16090718,0.1746121346950531,0.1460319459438324,0.028580188751220703,0.32842397689819336,0.3370072543621063,0.008583277463912964,-1.6045216,2.253849,-1.8110704,-2.578367,-1.6045216,2.253849,-1.8110704,-2.578367,-1.0,1.0,-1.0,-1.0,0.0,0.4,-0.4,-0.4
12.733333333333333,9.426944,-8.433962,2.8377674,0.9976016,-0.008702807,-0.066229224,0.018133877,0.83241755,-0.24179076,0.0068533067,-0.048393317,0.30342594,0.05360675,0.83212924,-0.21041548,0.12130489,-2.6009736,0.2487856,8.933637,9.49682,-8.431631,2.3714554,9.80595,-8.536935,2.356241,0.32692745,8.700024,-8.697029,-0.22823662,0.1746121346950531,0.18576198816299438,0.011149853467941284,0.32842397689819336,0.34950193762779236,0.021077960729599,1.1647004,-3.994607,3.5939145,2.3001003,1.1647004,-3.994607,3.5939145,2.3001003,1.0,-1.0,1.0,1.0,33.54301452636719,-0.4,0.4,0.4
12.75,9.440827,-8.437458,2.8377163,0.9975809,-0.0063541406,-0.06704754,0.017222974,0.81203294,-0.23669808,-0.15797107,0.3791092,-0.23751971,-0.18906905,0.83334875,-0.20958091,-0.04454216,0.073170654,0.050074156,-9.950823,9.510173,-8.434686,2.3721008,9.80595,-8.536935,2.356241,0.31335387,8.662275,-8.657497,-0.28767982,0.1746121346950531,0.1559847891330719,0.0186273455619812,0.32842397689819336,0.3384246528148651,0.010000675916671753,-1.6103716,1.385126,-1.660524,-2.6450975,-1.6103716,1.385126,-1.660524,-2.6450975,-1.0,1.0,-1.0,-1.0,0.0,0.4,-0.4,-0.4
12.766666666666666,9.454173,-8.440921,2.8388648,0.9976859,-0.005867156,-0.065520115,0.017189546,0.78950846,-0.23501387,-0.0019394692,-0.04473765,0.32265854,0.053626325,0.79039747,-0.20719036,0.10441674,-2.577077,0.1434329,8.937534,9.523134,-8.437756,2.3726323,9.80595,-8.536935,2.356241,0.30015004,8.597997,-8.591185,-0.34217948,0.1746121346950531,0.1687997728586197,0.005812361836433411,0.32842397689819336,0.34984293580055237,0.02141895890235901,1.2711004,-5.0337915,3.8122888,2.4025013,1.2711004,-5.0337915,3.8122888,2.4025013,1.0,-1.0,1.0,1.0,33.54301452636719,-0.4,0.4,0.4
12.783333333333333,9.467363,-8.444369,2.838531,0.997661,-0.0052997875,-0.06620731,0.016156815,0.7693593,-0.23088062,-0.1673888,0.092873916,-0.21799798,-0.18924248,0.79163545,-0.20681655,-0.06147209,0.0742793,0.02242863,-9.953329,9.5357275,-8.440842,2.3729525,9.80595,-8.536935,2.356241,0.28728637,8.552141,-8.543213,-0.3906762,0.1746121346950531,0.14092369377613068,0.033688440918922424,0.32842397689819336,0.3439030647277832,0.015479087829589844,-1.5677376,0.32201362,-1.4853226,-2.66181,-1.5677376,0.32201362,-1.4853226,-2.66181,-1.0,0.32201362,-1.0,-1.0,0.0,0.12880544,-0.4,-0.4
12.8,9.480023,-8.447789,2.8393981,0.9977623,-0.006947074,-0.06454856,0.01598066,0.7471561,-0.2291044,-0.012268335,-0.29139954,0.34271595,0.05355844,0.749232,-0.20461328,0.087557785,-2.5442073,0.13219625,8.9417925,9.547936,-8.443946,2.373165,9.80595,-8.536935,2.356241,0.27478072,8.479894,-8.468708,-0.43540648,0.1746121346950531,0.15709856152534485,0.017513573169708252,0.32842397689819336,0.3435872197151184,0.015163242816925049,1.3251399,-0.9081378,3.8528633,2.3612103,1.3251399,-0.9081378,3.8528633,2.3612103,1.0,-0.9081378,1.0,1.0,33.54301452636719,-0.3632551,0.4,0.4
12.816666666666666,9.492527,-8.451189,2.8387842,0.99774647,-0.0066259154,-0.065076515,0.01493151,0.7273548,-0.22419213,-0.17754531,0.13631685,-0.19822197,-0.189181,0.75044763,-0.20377561,-0.0783158,0.0729382,0.050260123,-9.9524145,9.559777,-8.447071,2.3731723,9.80595,-8.536935,2.356241,0.2626086,8.425786,-8.412422,-0.47436908,0.1746121346950531,0.13017407059669495,0.044438064098358154,0.32842397689819336,0.3323536813259125,0.003929704427719116,-1.2779632,4.0915866,-1.3436774,-2.7043085,-1.2779632,4.0915866,-1.3436774,-2.7043085,-1.0,1.0,-1.0,-1.0,0.0,0.4,-0.4,-0.4
12.833333333333334,9.504509,-8.454547,2.8393724,0.9978593,-0.00762727,-0.06324309,0.014796929,0.70558923,-0.22199328,-0.022069652,-0.20218678,0.36227202,0.053646594,0.70876795,-0.20064776,0.07080107,-2.5007806,0.18767147,8.947012,9.571239,-8.450218,2.3730764,9.80595,-8.536935,2.356241,0.2507834,8.345226,-8.329734,-0.50827026,0.1746121346950531,0.136840358376503,0.03777177631855011,0.32842397689819336,0.33733904361724854,0.008915066719055176,1.6949599,-0.80102843,4.0067525,2.418584,1.6949599,-0.80102843,4.0067525,2.418584,1.0,-0.80102843,1.0,1.0,33.54301452636719,-0.32041138,0.4,0.4
12.85,9.516337,-8.45788,2.8384783,0.9978586,-0.0065688957,-0.063598506,0.013793875,0.68624914,-0.21725549,-0.1868167,0.22551532,-0.17867312,-0.18907103,0.70998126,-0.19981048,-0.09508244,0.07279872,0.050236877,-9.953011,9.58234,-8.453387,2.3727782,9.80595,-8.536935,2.356241,0.23928033,8.282157,-8.264905,-0.53428483,0.1746121346950531,0.12429533153772354,0.05031680315732956,0.32842397689819336,0.34051457047462463,0.012090593576431274,-1.0109206,3.3999333,-1.3130234,-2.670417,-1.0109206,3.3999333,-1.3130234,-2.670417,-1.0,1.0,-1.0,-1.0,0.0,0.4,-0.4,-0.4
12.866666666666667,9.5276575,-8.461174,2.8387878,0.9979801,-0.007360094,-0.061599035,0.01367386,0.6650332,-0.21529637,-0.031250317,-0.1981445,0.3816661,0.053691994,0.66926694,-0.19684555,0.054147176,-2.4428592,0.17789571,8.953776,9.593068,-8.456582,2.37238,9.80595,-8.536935,2.356241,0.22811358,8.192948,-8.17416,-0.5545315,0.1746121346950531,0.1343279629945755,0.0402841717004776,0.32842397689819336,0.3412909507751465,0.012866973876953125,2.0278554,-1.9029998,4.0560555,2.4778275,2.0278554,-1.9029998,4.0560555,2.4778275,1.0,-1.0,1.0,1.0,33.54301452636719,-0.4,0.4,0.4
12.883333333333333,9.538767,-8.464438,2.8381066,0.9979898,-0.006269001,-0.06177766,0.012670201,0.64632344,-0.21068826,-0.15661323,0.2301489,-0.15677711,-0.18901646,0.6656839,-0.19547276,-0.07284588,-0.21498083,0.082367055,-7.619583,9.6034,-8.459805,2.37208,9.80595,-8.536935,2.356241,0.21731645,8.120125,-8.100321,-0.5667738,0.1746121346950531,0.12315726280212402,0.05145487189292908,0.32842397689819336,0.3399585485458374,0.011534571647644043,-0.75123495,3.4360547,-1.4414264,-2.7005527,-0.75123495,3.4360547,-1.4414264,-2.7005527,-0.75123495,1.0,-1.0,-1.0,4.1721649169921875,0.4,-0.4,-0.4
12.9,9.549362,-8.467661,2.8387852,0.99811894,-0.0070218304,-0.059595052,0.012554027,0.62561506,-0.20890895,-0.0013580577,-0.1935023,0.403468,0.053751558,0.6261964,-0.19263747,0.0762092,-2.3692522,0.1701173,8.943305,9.61332,-8.463054,2.3720102,9.80595,-8.536935,2.356241,0.20691386,8.023846,-8.003434,-0.5719532,0.1746121346950531,0.13105669617652893,0.04355543851852417,0.32842397689819336,0.35191771388053894,0.02349373698234558,1.6730568,-1.7685083,4.011887,2.5191677,1.6730568,-1.7685083,4.011887,2.5191677,1.0,-1.0,1.0,1.0,33.54301452636719,-0.4,0.4,0.4
12.916666666666666,9.559814,-8.470862,2.8379812,0.9981375,-0.0058995183,-0.059608698,0.011549222,0.6075576,-0.20458302,-0.16581237,0.23427762,-0.13749576,-0.18896118,0.62740433,-0.19180387,-0.0897177,0.07247686,0.05001604,-9.955614,9.6228895,-8.466331,2.3717911,9.80595,-8.536935,2.356241,0.19681966,7.939676,-7.9192853,-0.56865716,0.1746121346950531,0.135422483086586,0.0391896516084671,0.32842397689819336,0.3480566442012787,0.019632667303085327,-1.1851343,3.4456768,-1.7685142,-2.74619,-1.1851343,3.4456768,-1.7685142,-2.74619,-1.0,1.0,-1.0,-1.0,0.0,0.4,-0.4,-0.4
12.933333333333334,9.569788,-8.474027,2.8383853,0.9982715,-0.0066175484,-0.057264376,0.0114371,0.58762354,-0.20296706,-0.010271021,-0.18936488,0.42268836,0.053816713,0.5892726,-0.1891549,0.05983926,-2.2879026,0.15893875,8.973417,9.632099,-8.469631,2.3714795,9.80595,-8.536935,2.356241,0.1870459,7.8292594,-7.8092523,-0.5593578,0.1746121346950531,0.13306915760040283,0.04154297709465027,0.32842397689819336,0.3552505671977997,0.026826590299606323,1.9248719,-1.8725878,3.594881,2.4635847,1.9248719,-1.8725878,3.594881,2.4635847,1.0,-1.0,1.0,1.0,33.54301452636719,-0.4,0.4,0.4
12.95,9.579613,-8.477167,2.8374226,0.99829817,-0.005464277,-0.0571149,0.010431214,0.5703742,-0.19889346,-0.16547097,0.2385822,-0.11769858,-0.18889001,0.5894354,-0.18821126,-0.09699679,0.009766816,0.056617852,-9.410162,9.640966,-8.472956,2.371039,9.80595,-8.536935,2.356241,0.17757237,7.7331514,-7.714097,-0.54252476,0.1746121346950531,0.13315197825431824,0.04146015644073486,0.32842397689819336,0.35206061601638794,0.02363663911819458,-0.94211376,3.3100138,-2.3351398,-2.8504672,-0.94211376,3.3100138,-2.3351398,-2.8504672,-0.94211376,1.0,-1.0,-1.0,0.9708395600318909,0.4,-0.4,-0.4
12.966666666666667,9.588975,-8.480274,2.8377066,0.99843574,-0.006145856,-0.05460466,0.010323751,0.55128896,-0.19747314,-0.010071644,-0.18505621,0.44240105,0.053894702,0.5529218,-0.18579343,0.052677058,-2.1908176,0.14506994,8.980431,9.649474,-8.476304,2.37058,9.80595,-8.536935,2.356241,0.16842341,7.6126227,-7.5948553,-0.5198061,0.1746121346950531,0.12881356477737427,0.04579856991767883,0.32842397689819336,0.3526003658771515,0.02417638897895813,2.0674386,-2.0361552,3.1685648,2.4216998,2.0674386,-2.0361552,3.1685648,2.4216998,1.0,-1.0,1.0,1.0,33.54301452636719,-0.4,0.4,0.4
12.983333333333333,9.598169,-8.483358,2.8368385,0.9984697,-0.004959588,-0.054284286,0.009316482,0.5349615,-0.19362904,-0.1480959,0.24316876,-0.09690366,-0.18880284,0.5512816,-0.18466213,-0.08716057,-0.09841203,0.06787777,-8.390257,9.657628,-8.479679,2.3701355,9.80595,-8.536935,2.356241,0.1595955,7.504484,-7.488468,-0.49002483,0.1746121346950531,0.1262599527835846,0.048352181911468506,0.32842397689819336,0.3507724404335022,0.022348463535308838,-0.8335204,3.0690894,-3.0999017,-2.9814944,-0.8335204,3.0690894,-3.0999017,-2.9814944,-0.8335204,1.0,-1.0,-1.0,2.7921135425567627,0.4,-0.4,-0.4
13.0,9.606917,-8.48641,2.8372867,0.99860954,-0.0056021223,-0.051599786,0.009214272,0.51675004,-0.1924526,0.007078903,-0.18046595,0.4631051,0.053988043,0.51661074,-0.1825269,0.06257794,-2.0802498,0.12811393,8.984311,9.665416,-8.483074,2.3698192,9.80595,-8.536935,2.356241,0.15111339,7.372962,-7.3589635,-0.45412263,0.1746121346950531,0.11959518492221832,0.05501694977283478,0.32842397689819336,0.33792755007743835,0.009503573179244995,1.9164205,-2.2807152,2.5294218,2.3543975,1.9164205,-2.2807152,2.5294218,2.3543975,1.0,-1.0,1.0,1.0,33.54301452636719,-0.4,0.4,0.4
13.016666666666666,9.615541,-8.489441,2.836256,0.9986493,-0.0043840464,-0.051117938,0.008205192,0.5014138,-0.18893817,-0.15715328,0.24742402,-0.077877246,-0.18870902,0.51779383,-0.1817077,-0.10335591,0.070985556,0.04915237,-9.95603,9.672884,-8.486486,2.3693435,9.80595,-8.536935,2.356241,0.1429102,7.2511625,-7.239463,-0.41174647,0.1746121346950531,0.11658797413110733,0.05802416056394577,0.32842397689819336,0.3392496109008789,0.010825634002685547,-1.100922,2.7299304,-3.7212658,-3.099809,-1.100922,2.7299304,-3.7212658,-3.099809,-1.0,1.0,-1.0,-1.0,0.0,0.4,-0.4,-0.4
13.033333333333333,9.623758,-8.492447,2.83644,0.9987887,-0.004989724,-0.048274137,0.008108576,0.48431686,-0.18800496,-0.0018733348,-0.17620528,0.4820511,0.05409092,0.48513132,-0.17991003,0.046820715,-1.9597505,0.10785966,9.010596,9.680029,-8.489916,2.3687785,9.80595,-8.536935,2.356241,0.1349968,7.105041,-7.095677,-0.36466214,0.1746121346950531,0.11546872556209564,0.05914340913295746,0.32842397689819336,0.3229714334011078,0.005452543497085571,2.1852458,-2.7971034,1.552863,2.1815515,2.1852458,-2.7971034,1.552863,2.1815515,1.0,-1.0,1.0,1.0,33.54301452636719,-0.4,0.4,0.4
13.049999999999999,9.631845,-8.495435,2.8352666,0.99883276,-0.003739206,-0.04763104,0.0070973365,0.47011983,-0.18479976,-0.1564742,0.25185567,-0.05832567,-0.18859762,0.48539057,-0.17900613,-0.10954712,0.015555023,0.054234263,-9.38207,9.686859,-8.493361,2.3680956,9.80595,-8.536935,2.356241,0.12736502,6.969376,-6.9623713,-0.31239885,0.1746121346950531,0.1089538186788559,0.0656583160161972,0.32842397689819336,0.3319486379623413,0.0035246610641479492,-0.93910086,2.1795125,-4.394914,-3.2599008,-0.93910086,2.1795125,-4.394914,-3.2599008,-0.93910086,1.0,-1.0,-1.0,1.0213702917099,0.4,-0.4,-0.4
13.066666666666666,9.639555,-8.4984,2.8353474,0.9988763,-0.0042907745,-0.046673194,0.0070142946,0.4544926,-0.18414222,-0.0034108884,-0.17152375,0.17323837,0.054250635,0.45529258,-0.17759356,0.040653326,-1.8058794,0.08475422,9.012027,9.693369,-8.496818,2.3674033,9.80595,-8.536935,2.356241,0.12003554,6.810914,-6.806105,-0.25589827,0.1746121346950531,0.10293202847242355,0.07168010622262955,0.32842397689819336,0.32059162855148315,0.007832348346710205,2.2986176,-3.463873,0.39196622,1.9449852,2.2986176,-3.463873,0.39196622,1.9449852,1.0,-1.0,0.39196622,1.0,33.54301452636719,-0.4,0.15678649,0.4
13.083333333333334,9.647107,-8.501345,2.8345096,0.9987964,-0.0029797489,-0.04858467,0.006017218,0.440114,-0.18118872,-0.12537454,0.25706708,-0.36461616,-0.18844326,0.4523022,-0.17642775,-0.08089766,-0.17942367,0.069948435,-7.293059,9.699551,-8.500283,2.366872,9.80595,-8.536935,2.356241,0.11303637,6.659864,-6.6570005,-0.19527811,0.1746121346950531,0.11459808051586151,0.06001405417919159,0.32842397689819336,0.3311583995819092,0.0027344226837158203,-0.71709496,1.8265482,-1.9807134,-3.3546414,-0.71709496,1.8265482,-1.9807134,-3.3546414,-0.71709496,1.0,-1.0,-1.0,4.744743824005127,0.4,-0.4,-0.4
13.1,9.654247,-8.504273,2.8350654,0.9988176,-0.0034902107,-0.04812415,0.0059378026,0.42335182,-0.18086918,0.02710044,-0.1671767,0.1954633,0.054336295,0.42083928,-0.17551473,0.06901984,-1.8877743,0.054781433,8.995049,9.705388,-8.5037565,2.3666306,9.80595,-8.536935,2.356241,0.10640244,6.4880576,-6.486735,-0.13100924,0.1746121346950531,0.11449910700321198,0.060113027691841125,0.32842397689819336,0.32879772782325745,0.0003737509250640869,1.8325069,-3.7214055,4.5805173,1.7507783,1.8325069,-3.7214055,4.5805173,1.7507783,1.0,-1.0,1.0,1.0,33.54301452636719,-0.4,0.4,0.4
13.116666666666667,9.661273,-8.507189,2.8341408,0.9987412,-0.0021484406,-0.0498688,0.0049425075,0.40845636,-0.17831945,-0.13916264,0.2608107,-0.34522069,-0.18836144,0.4219923,-0.17471766,-0.096937545,0.06918132,0.047823783,-9.957443,9.71094,-8.507235,2.3662577,9.80595,-8.536935,2.356241,0.10004651,6.325258,-6.324936,-0.0637978,0.1746121346950531,0.1323227733373642,0.042289361357688904,0.32842397689819336,0.33051902055740356,0.002095043659210205,-1.0391656,1.2402023,-1.4791664,-3.3023205,-1.0391656,1.2402023,-1.4791664,-3.3023205,-1.0,1.0,-1.0,-1.0,0.0,0.4,-0.4,-0.4
13.133333333333333,9.667899,-8.510096,2.8344333,0.99877125,-0.0026278198,-0.049246497,0.0048647877,0.39121622,-0.17832133,0.013836296,-0.16343278,0.21480621,0.054429464,0.3896254,-0.17434148,0.053265188,-1.942014,0.022570787,9.012164,9.716213,-8.510713,2.365806,9.80595,-8.536935,2.356241,0.093977734,6.1419973,-6.141995,0.005649989,0.1746121346950531,0.12641280889511108,0.04819932579994202,0.32842397689819336,0.32828623056411743,0.00013774633407592773,2.2161696,-4.5338163,4.9486375,1.6280826,2.2161696,-4.5338163,4.9486375,1.6280826,1.0,-1.0,1.0,1.0,33.54301452636719,-0.4,0.4,0.4
13.15,9.674329,-8.512993,2.8340106,0.9987375,-0.0024722766,-0.050027713,0.0038094174,0.37607524,-0.1761013,-0.09099396,0.07041692,-0.19635895,-0.18847299,0.38457295,-0.17355403,-0.052026834,-0.3031468,0.047247108,-6.317521,9.721176,-8.514188,2.3656306,9.80595,-8.536935,2.356241,0.08827359,5.974514,-5.974029,0.07615716,0.1746121346950531,0.12863487005233765,0.045977264642715454,0.32842397689819336,0.3311576545238495,0.002733677625656128,-0.6134223,0.54436636,-0.76788306,-3.2331262,-0.6134223,0.54436636,-0.76788306,-3.2331262,-0.6134223,0.54436636,-0.76788306,-1.0,6.483490943908691,0.21774654,-0.30715322,-0.4
13.166666666666666,9.680331,-8.515876,2.8350437,0.99882215,-0.004536194,-0.04817043,0.0036485102,0.35870612,-0.17601907,0.061802406,-0.35330632,0.36388883,0.054337017,0.35228875,-0.17269766,0.097675435,-1.9370519,0.05138218,8.982136,9.7258215,-8.517653,2.3658826,9.80595,-8.536935,2.356241,0.08297793,5.793913,-5.7920356,0.14748842,0.1746121346950531,0.12584188580513,0.048770248889923096,0.32842397689819336,0.3221198320388794,0.006304144859313965,1.3089501,-2.0546594,4.211618,1.5415238,1.3089501,-2.0546594,4.211618,1.5415238,1.0,-1.0,1.0,1.0,33.54301452636719,-0.4,0.4,0.4
13.183333333333334,9.686216,-8.518745,2.834597,0.9988073,-0.004752092,-0.04852405,0.0025739928,0.34416673,-0.17289466,-0.103828706,0.074852794,-0.17683005,-0.18851869,0.35341758,-0.17191587,-0.06829815,0.067729354,0.04690736,-9.958415,9.730212,-8.5211115,2.3660269,9.80595,-8.536935,2.356241,0.077989615,5.62798,-5.623702,0.21940844,0.1746121346950531,0.12989585101604462,0.044716283679008484,0.32842397689819336,0.32733258605003357,0.00109139084815979,-1.2772645,2.8040972,-1.9761763,-3.347868,-1.2772645,2.8040972,-1.9761763,-3.347868,-1.0,1.0,-1.0,-1.0,0.0,0.4,-0.4,-0.4
13.2,9.691711,-8.521581,2.8353667,0.99889225,-0.006777308,-0.04650176,0.0024126724,0.3273154,-0.17202231,0.04945696,-0.34885043,0.38337335,0.054294735,0.32202053,-0.169562,0.082003295,-1.8838226,0.14123261,9.018087,9.734354,-8.524552,2.3660924,9.80595,-8.536935,2.356241,0.073323846,5.4462256,-5.4383903,0.29203507,0.1746121346950531,0.1278066486120224,0.0468054860830307,0.32842397689819336,0.3194458782672882,0.008978098630905151,1.5857781,-1.7335261,4.459352,1.3170866,1.5857781,-1.7335261,4.459352,1.3170866,1.0,-1.0,1.0,1.0,33.54301452636719,-0.4,0.4,0.4
13.216666666666667,9.697084,-8.524396,2.834741,0.99888414,-0.0069579706,-0.046692666,0.001339167,0.31333825,-0.16824685,-0.1094295,0.07945147,-0.15692279,-0.18855542,0.3225214,-0.16869551,-0.0773593,0.030051468,0.051989254,-9.561754,9.738258,-8.527979,2.366023,9.80595,-8.536935,2.356241,0.06897882,5.283377,-5.2706304,0.36678094,0.1746121346950531,0.12253989279270172,0.05207224190235138,0.32842397689819336,0.33507847785949707,0.006654500961303711,-0.9581541,3.0979948,-1.7411418,-3.4082735,-0.9581541,3.0979948,-1.7411418,-3.4082735,-0.9581541,1.0,-1.0,-1.0,0.701819121837616,0.4,-0.4,-0.4
13.233333333333333,9.702078,-8.527159,2.8353605,0.99896854,-0.008942801,-0.044502463,0.0011774541,0.29709432,-0.16663726,0.043762807,-0.3442588,0.4032282,0.05425424,0.29228407,-0.16489743,0.07298659,-1.8142389,0.22788493,9.020753,9.741924,-8.531383,2.3659272,9.80595,-8.536935,2.356241,0.06499203,5.107797,-5.088617,0.44223377,0.1746121346950531,0.11516346037387848,0.05944867432117462,0.32842397689819336,0.3157667815685272,0.012657195329666138,1.8066909,-1.305807,4.8616886,1.0952865,1.8066909,-1.305807,4.8616886,1.0952865,1.0,-1.0,1.0,1.0,33.54301452636719,-0.4,0.4,0.4
13.25,9.706909,-8.529888,2.8350916,0.9989674,-0.009084111,-0.04451377,0.00010449146,0.2838034,-0.1622196,-0.07467613,0.08467732,-0.13450691,-0.1885789,0.2892229,-0.16325869,-0.046182476,-0.1836705,0.09832441,-7.1501436,9.745342,-8.534762,2.3660147,9.80595,-8.536935,2.356241,0.061429344,4.9516606,-4.9241395,0.5213364,0.1746121346950531,0.11550858616828918,0.059103548526763916,0.32842397689819336,0.3234192430973053,0.0050047338008880615,-0.7018957,3.5125833,-1.4570616,-3.4868379,-0.7018957,3.5125833,-1.4570616,-3.4868379,-0.7018957,1.0,-1.0,-1.0,4.999658107757568,0.4,-0.4,-0.4
13.266666666666666,9.711367,-8.532544,2.836228,0.9990597,-0.010207001,-0.042136963,-0.00012378348,0.26813307,-0.1597463,0.07841022,-0.20908292,0.42536873,0.03780221,0.26040247,-0.15794872,0.10394783,-1.7292254,0.31859812,9.007817,9.748511,-8.538111,2.3664181,9.80595,-8.536935,2.356241,0.058345336,4.7870274,-4.7490726,0.60161716,0.1746121346950531,0.11660169064998627,0.058010444045066833,0.32842397689819336,0.3140324056148529,0.014391571283340454,1.3332256,-0.6961233,5.275921,0.93196,1.3332256,-0.6961233,5.275921,0.93196,1.0,-0.6961233,1.0,0.93196,33.54301452636719,-0.27844933,0.4,0.372784
13.283333333333333,9.715719,-8.535167,2.8358858,0.99907476,-0.009223907,-0.041985247,-0.0012876426,0.25564772,-0.15515533,-0.08665219,0.21922071,-0.11537784,-0.20489815,0.26149365,-0.1571946,-0.06203602,0.065470934,0.045247074,-9.959031,9.7514715,-8.541429,2.3666995,9.80595,-8.536935,2.356241,0.05565515,4.6406646,-4.5895195,0.68707865,0.1746121346950531,0.12003746628761292,0.054574668407440186,0.32842397689819336,0.31344902515411377,0.01497495174407959,-1.2167512,2.277793,-1.2155435,-3.3672771,-1.2167512,2.277793,-1.2155435,-3.3672771,-1.0,1.0,-1.0,-1.0,0.0,0.4,-0.4,-0.4
13.299999999999999,9.719733,-8.537723,2.8367648,0.99916995,-0.010034251,-0.039449308,-0.0015506499,0.24086663,-0.15290858,0.066798314,-0.20468907,0.4443637,0.035382736,0.23425706,-0.15208514,0.08862011,-1.6341957,0.30656752,9.039368,9.75423,-8.54471,2.3669057,9.80595,-8.536935,2.356241,0.053378027,4.484243,-4.4171333,0.7728948,0.1746121346950531,0.11781086027622223,0.05680127441883087,0.32842397689819336,0.30992791056632996,0.018496066331863403,1.6984105,-2.351829,5.44167,0.9894184,1.6984105,-2.351829,5.44167,0.9894184,1.0,-1.0,1.0,0.9894184,33.54301452636719,-0.4,0.4,0.39576736
13.316666666666666,9.72365,-8.54025,2.8361669,0.9991892,-0.009016085,-0.03914077,-0.0027375587,0.22927801,-0.14848273,-0.09823333,0.22367078,-0.096375875,-0.20731002,0.23533374,-0.15133981,-0.07732789,0.064601004,0.044719573,-9.95688,9.756801,-8.547958,2.3669307,9.80595,-8.536935,2.356241,0.05149236,4.3480654,-4.2616663,0.8624798,0.1746121346950531,0.11681666970252991,0.05779546499252319,0.32842397689819336,0.30651286244392395,0.02191111445426941,-1.0043374,2.0309958,-1.0954155,-3.495679,-1.0043374,2.0309958,-1.0954155,-3.495679,-1.0,1.0,-1.0,-1.0,0.0,0.4,-0.4,-0.4
13.333333333333334,9.727253,-8.54271,2.836793,0.99928224,-0.0097733,-0.03644815,-0.0033229918,0.21558966,-0.14618605,0.05510034,-0.20026416,0.46333688,-0.015878562,0.20992693,-0.14634348,0.073481806,-1.5244083,0.29977974,9.048582,9.759185,-8.551161,2.3668778,9.80595,-8.536935,2.356241,0.05002515,4.2042193,-4.095137,0.95147836,0.1746121346950531,0.11264470219612122,0.061967432498931885,0.32842397689819336,0.3065028786659241,0.021921098232269287,1.922802,-2.6510231,5.6018043,0.78819525,1.922802,-2.6510231,5.6018043,0.78819525,1.0,-1.0,1.0,0.78819525,33.54301452636719,-0.4,0.4,0.3152781
13.35,9.730734,-8.54513,2.8363698,0.99931496,-0.008699161,-0.035629228,-0.0049432996,0.20508073,-0.14171916,-0.075903535,0.22886966,-0.020140985,-0.25849774,0.20846055,-0.14493625,-0.05866391,-0.08798271,0.084434144,-7.928743,9.761378,-8.554312,2.3669055,9.80595,-8.536935,2.356241,0.049013667,4.079923,-3.9443352,1.0430691,0.1746121346950531,0.10853705555200577,0.06607507914304733,0.32842397689819336,0.3060261011123657,0.022397875785827637,-0.7849086,1.6738752,-0.897969,-3.173369,-0.7849086,1.6738752,-0.897969,-3.173369,-0.7849086,1.0,-0.897969,-1.0,3.6074070930480957,0.4,-0.3591876,-0.4
13.366666666666667,9.733917,-8.547485,2.8373055,0.999418,-0.009400408,-0.032302108,-0.005633347,0.19245084,-0.13962603,0.07719906,-0.19484574,0.5393603,-0.015566313,0.18540369,-0.14016399,0.09204333,-1.3834118,0.28633562,9.042435,9.763377,-8.557407,2.3671424,9.80595,-8.536935,2.356241,0.048481174,3.951108,-3.785067,1.1333675,0.1746121346950531,0.12845520675182343,0.046156927943229675,0.32842397689819336,0.30312374234199524,0.02530023455619812,1.4357332,-2.9457183,4.984138,1.5829371,1.4357332,-2.9457183,4.984138,1.5829371,1.0,-1.0,1.0,1.0,33.54301452636719,-0.4,0.4,0.4
13.383333333333333,9.7370205,-8.549813,2.8367646,0.9994521,-0.008286975,-0.031209605,-0.007256426,0.1834072,-0.13541365,-0.087779626,0.23395681,-0.0013591107,-0.2581935,0.18646197,-0.13944004,-0.07395087,0.06349683,0.043436583,-9.959651,9.765215,-8.560451,2.3672445,9.80595,-8.536935,2.356241,0.04830554,3.8391564,-3.638566,1.2247283,0.1746121346950531,0.13011601567268372,0.044496119022369385,0.32842397689819336,0.30839529633522034,0.020028680562973022,-1.2046578,1.1488534,-2.0971637,-3.4259844,-1.2046578,1.1488534,-2.0971637,-3.4259844,-1.0,1.0,-1.0,-1.0,0.0,0.4,-0.4,-0.4
13.4,9.739871,-8.552081,2.8374517,0.999544,-0.0089397915,-0.027724242,-0.00793928,0.17232937,-0.13351879,0.06544906,-0.18974303,0.55805683,-0.01525754,0.1662393,-0.1349318,0.077240884,-1.2133597,0.27049452,9.071505,9.76689,-8.563436,2.3672745,9.80595,-8.536935,2.356241,0.048474282,3.7214017,-3.4820654,1.3130311,0.1746121346950531,0.13898062705993652,0.03563150763511658,0.32842397689819336,0.3112684190273285,0.017155557870864868,1.5079461,-3.5400977,4.452585,1.3308417,1.5079461,-3.5400977,4.452585,1.3308417,1.0,-1.0,1.0,1.0,33.54301452636719,-0.4,0.4,0.4
13.416666666666666,9.742655,-8.554325,2.8366635,0.99956334,-0.008975812,-0.02646605,-0.00959738,0.16482271,-0.12963969,-0.09991627,0.048840556,0.017802501,-0.2581308,0.16728179,-0.1345226,-0.08875083,0.062549114,0.024552045,-9.959503,9.76842,-8.566358,2.3671274,9.80595,-8.536935,2.356241,0.048915334,3.6190882,-3.336674,1.4015725,0.1746121346950531,0.1227540597319603,0.051858074963092804,0.32842397689819336,0.31127989292144775,0.017144083976745605,-1.1872296,0.55548286,-2.889566,-3.6674168,-1.1872296,0.55548286,-2.889566,-3.6674168,-1.0,0.55548286,-1.0,-1.0,0.0,0.22219315,-0.4,-0.4
13.433333333333334,9.745224,-8.556503,2.8371062,0.9996243,-0.011162518,-0.022801295,-0.010321873,0.15541744,-0.12745918,0.052776694,-0.37463,0.57771295,-0.015246691,0.15013391,-0.1293257,0.06261372,-1.028873,0.31181392,9.081873,9.769803,-8.569213,2.366906,9.80595,-8.536935,2.356241,0.049620844,3.5113602,-3.181755,1.4852896,0.1746121346950531,0.11472468823194504,0.05988744646310806,0.32842397689819336,0.30671972036361694,0.021704256534576416,1.395902,-1.3874458,3.6262717,1.0133675,1.395902,-1.3874458,3.6262717,1.0133675,1.0,-1.0,1.0,1.0,33.54301452636719,-0.4,0.4,0.4
13.45,9.747739,-8.55865,2.836075,0.99963266,-0.011552174,-0.021380033,-0.011993251,0.14956152,-0.12251868,-0.11271081,0.054411367,0.037315458,-0.25809523,0.15117005,-0.12862395,-0.10337649,0.062168237,0.042105313,-9.959412,9.771053,-8.5720005,2.36651,9.80595,-8.536935,2.356241,0.050525647,3.4166236,-3.0351102,1.5688919,0.1746121346950531,0.1028108075261116,0.0718013271689415,0.32842397689819336,0.3032834231853485,0.02514055371284485,-1.1072856,3.0271893,-3.359724,-3.759983,-1.1072856,3.0271893,-3.359724,-3.759983,-1.0,1.0,-1.0,-1.0,0.0,0.4,-0.4,-0.4
13.466666666666667,9.750081,-8.560706,2.836275,0.99967,-0.01350038,-0.017555838,-0.013015096,0.14202769,-0.11928696,0.039956167,-0.34052524,0.59710574,-0.063633375,0.13734302,-0.12173478,0.048117332,-0.8296215,0.41334984,9.089628,9.77217,-8.574711,2.3660412,9.80595,-8.536935,2.356241,0.051615544,3.317166,-2.8788211,1.648023,0.1746121346950531,0.10700221359729767,0.06760992109775543,0.32842397689819336,0.31579068303108215,0.012633293867111206,1.4950818,-0.93339276,2.329154,0.80053663,1.4950818,-0.93339276,2.329154,0.80053663,1.0,-0.93339276,1.0,0.80053663,33.54301452636719,-0.37335712,0.4,0.32021466
13.483333333333333,9.752382,-8.562725,2.8350017,0.99966586,-0.0135989655,-0.015983758,-0.015087638,0.1380182,-0.11356251,-0.12550025,0.088923685,0.05685949,-0.30639508,0.13836893,-0.12104488,-0.117889576,0.061554905,0.04139408,-9.960414,9.773167,-8.577345,2.3653998,9.80595,-8.536935,2.356241,0.05283573,3.2291481,-2.7273848,1.7288059,0.1746121346950531,0.10945210605859756,0.06516002863645554,0.32842397689819336,0.30184850096702576,0.026575475931167603,-1.4282466,3.1883402,-3.960343,-3.3423772,-1.4282466,3.1883402,-3.960343,-3.3423772,-1.0,1.0,-1.0,-1.0,0.0,0.4,-0.4,-0.4
13.5,9.754562,-8.564641,2.8349595,0.99965775,-0.014950144,-0.014122555,-0.016168635,0.13282107,-0.10956651,0.026548728,-0.25304046,0.27749985,-0.06329824,0.12837373,-0.1128921,0.033565655,-0.5997124,0.48916695,9.087313,9.774048,-8.579899,2.3646874,9.80595,-8.536935,2.356241,0.05417568,3.137275,-2.5661883,1.8047636,0.1746121346950531,0.11740133911371231,0.05721079558134079,0.32842397689819336,0.32573312520980835,0.0026908516883850098,1.3452567,-0.8103463,0.37176597,1.6574124,1.3452567,-0.8103463,0.37176597,1.6574124,1.0,-0.8103463,0.37176597,1.0,33.54301452636719,-0.32413852,0.14870639,0.4
13.516666666666666,9.756716,-8.566514,2.833444,0.9996154,-0.014368012,-0.015225291,-0.01818778,0.12917638,-0.10360455,-0.13949062,0.17574202,-0.2625403,-0.30599132,0.1293915,-0.11221789,-0.1324502,0.061066743,0.040452626,-9.960951,9.774821,-8.58237,2.3638036,9.80595,-8.536935,2.356241,0.05559259,3.0553637,-2.4057188,1.883551,0.1746121346950531,0.12214253842830658,0.05246959626674652,0.32842397689819336,0.29305288195610046,0.035371094942092896,-1.5294368,2.8801842,-2.7345777,-3.2199945,-1.5294368,2.8801842,-2.7345777,-3.2199945,-1.0,1.0,-1.0,-1.0,0.0,0.4,-0.4,-0.4
13.533333333333333,9.758743,-8.568277,2.8331606,0.9995974,-0.01551823,-0.013908117,-0.019255565,0.12346863,-0.0995491,0.012594142,-0.24888778,0.29695484,-0.06297233,0.11911148,-0.10372957,0.019125128,-0.6168016,0.50929916,9.09452,9.775492,-8.584751,2.36285,9.80595,-8.536935,2.356241,0.05707707,2.9711552,-2.2352552,1.9573957,0.1746121346950531,0.12104789912700653,0.05356423556804657,0.32842397689819336,0.32119202613830566,0.007231950759887695,1.9121177,-1.3702346,3.626707,1.6581954,1.9121177,-1.3702346,3.626707,1.6581954,1.0,-1.0,1.0,1.0,33.54301452636719,-0.4,0.4,0.4
13.549999999999999,9.76074,-8.569997,2.8314047,0.9995523,-0.014901859,-0.014851983,-0.021273611,0.119841374,-0.09348327,-0.15339172,0.1799614,-0.24303359,-0.30565214,0.120120026,-0.10306726,-0.14689595,0.060512867,0.03973871,-9.961265,9.77607,-8.587043,2.3617282,9.80595,-8.536935,2.356241,0.058598313,2.9001954,-2.0676384,2.033717,0.1746121346950531,0.12975376844406128,0.04485836625099182,0.32842397689819336,0.2933291792869568,0.03509479761123657,-1.2094234,3.0463467,-2.9513535,-3.1735072,-1.2094234,3.0463467,-2.9513535,-3.1735072,-1.0,1.0,-1.0,-1.0,0.0,0.4,-0.4,-0.4
13.566666666666666,9.762616,-8.571604,2.8308809,0.99953276,-0.01600962,-0.013370539,-0.022340987,0.11422986,-0.08927386,-0.0012641044,-0.24463041,0.3163468,-0.062636144,0.11008258,-0.09423292,0.004675722,-0.60224664,0.53006035,9.094299,9.77656,-8.589238,2.3605385,9.80595,-8.536935,2.356241,0.060148954,2.8301177,-1.8923842,2.104388,0.1746121346950531,0.13416160643100739,0.040450528264045715,0.32842397689819336,0.31654414534568787,0.011879831552505493,2.1112018,-1.4554857,3.2854452,1.4900599,2.1112018,-1.4554857,3.2854452,1.4900599,1.0,-1.0,1.0,1.0,33.54301452636719,-0.4,0.4,0.4
13.583333333333334,9.764455,-8.573157,2.8291564,0.99948514,-0.0153554445,-0.014147796,-0.024358142,0.11077362,-0.08310043,-0.14555849,0.18459475,-0.22221681,-0.30529296,0.11052312,-0.09287646,-0.13972242,0.026432274,0.0813876,-8.663888,9.776967,-8.591334,2.3593457,9.80595,-8.536935,2.356241,0.06171681,2.7753155,-1.721269,2.1770644,0.1746121346950531,0.1281009316444397,0.0465112030506134,0.32842397689819336,0.292629212141037,0.03579476475715637,-0.86262447,3.2224355,-3.1557126,-3.1900754,-0.86262447,3.2224355,-3.1557126,-3.1900754,-0.86262447,1.0,-1.0,-1.0,2.303994655609131,0.4,-0.4,-0.4
13.6,9.766177,-8.574592,2.8287501,0.99946386,-0.01641619,-0.012491672,-0.025424346,0.10531127,-0.07881242,0.0064267027,-0.2399618,0.33704215,-0.06228798,0.100949466,-0.08376196,0.01167491,-0.57441914,0.54686975,9.083839,9.777297,-8.593321,2.3582685,9.80595,-8.536935,2.356241,0.06328107,2.7242384,-1.5445174,2.2440903,0.1746121346950531,0.12675631046295166,0.04785582423210144,0.32842397689819336,0.31895238161087036,0.009471595287322998,1.9523206,-1.4725355,2.8677058,1.2797053,1.9523206,-1.4725355,2.8677058,1.2797053,1.0,-1.0,1.0,1.0,33.54301452636719,-0.4,0.4,0.4
13.616666666666667,9.767868,-8.575976,2.8270044,0.99941385,-0.015723703,-0.013104244,-0.02744117,0.102112375,-0.07256834,-0.14873849,0.18917201,-0.20216513,-0.30493578,0.1016808,-0.08276364,-0.14362253,0.04388004,0.059899088,-9.317846,9.777564,-8.595202,2.3571305,9.80595,-8.536935,2.356241,0.064820334,2.689009,-1.3726077,2.312297,0.1746121346950531,0.15086068212985992,0.023751452565193176,0.32842397689819336,0.30432143807411194,0.02410253882408142,-0.9317452,3.3874483,-3.350121,-3.2398999,-0.9317452,3.3874483,-3.350121,-3.2398999,-0.9317452,1.0,-1.0,-1.0,1.144736409187317,0.4,-0.4,-0.4
13.633333333333333,9.769452,-8.577237,2.8265345,0.99938977,-0.01673739,-0.011279751,-0.028505947,0.09695034,-0.068197906,0.003369946,-0.23534407,0.35698804,-0.06193599,0.092783876,-0.0734213,0.00788319,-0.53381544,0.56054056,9.0903425,9.777773,-8.596969,2.3560178,9.80595,-8.536935,2.356241,0.06631791,2.6583307,-1.1968254,2.3736744,0.1746121346950531,0.1450316309928894,0.029580503702163696,0.32842397689819336,0.3177678883075714,0.010656088590621948,1.9793453,-1.5670632,2.345581,1.0782143,1.9793453,-1.5670632,2.345581,1.0782143,1.0,-1.0,1.0,1.0,33.54301452636719,-0.4,0.4,0.4
13.65,9.771,-8.57844,2.8249786,0.99933714,-0.016003639,-0.011721618,-0.030523187,0.09414486,-0.061877865,-0.13170043,0.19414076,-0.1808979,-0.3045617,0.0931022,-0.07174576,-0.12736425,0.019099561,0.100532316,-8.114846,9.777928,-8.59862,2.3549826,9.80595,-8.536935,2.356241,0.067763664,2.6437669,-1.0270581,2.4361145,0.1746121346950531,0.15487022697925568,0.019741907715797424,0.32842397689819336,0.31355082988739014,0.014873147010803223,-0.80445933,3.5006456,-3.542029,-3.2964034,-0.80445933,3.5006456,-3.542029,-3.2964034,-0.80445933,1.0,-1.0,-1.0,3.2795116901397705,0.4,-0.4,-0.4
13.666666666666666,9.77245,-8.5795145,2.8247776,0.99930507,-0.016964223,-0.009721595,-0.03173462,0.08934505,-0.057454795,0.020268725,-0.2303626,0.378165,-0.08539529,0.08511319,-0.06224354,0.02399792,-0.47934067,0.5701332,9.08173,9.778042,-8.600145,2.3541384,9.80595,-8.536935,2.356241,0.06912931,2.6342812,-0.8551811,2.4916065,0.1746121346950531,0.14417240023612976,0.03043973445892334,0.32842397689819336,0.326145738363266,0.002278238534927368,1.6866789,-1.6078817,1.6833444,0.90194094,1.6866789,-1.6078817,1.6833444,0.90194094,1.0,-1.0,1.0,0.90194094,33.54301452636719,-0.4,0.4,0.3607764
13.683333333333334,9.773884,-8.580545,2.823102,0.99924225,-0.016188296,-0.010006197,-0.033950087,0.087031074,-0.051082358,-0.14560905,0.19883814,-0.16158348,-0.32800063,0.086082324,-0.061624262,-0.14204961,0.058148053,0.037156638,-9.962852,9.778126,-8.601561,2.3531597,9.80595,-8.536935,2.356241,0.07042853,2.6390555,-0.6901393,2.5472183,0.1746121346950531,0.15091443061828613,0.023697704076766968,0.32842397689819336,0.31800195574760437,0.01042202115058899,-1.0826073,3.644702,-3.7791295,-2.9566984,-1.0826073,3.644702,-3.7791295,-2.9566984,-1.0,1.0,-1.0,-1.0,0.0,0.4,-0.4,-0.4
13.7,9.775233,-8.581451,2.82266,0.9992018,-0.017103491,-0.007988026,-0.035206217,0.08283257,-0.046602316,0.0066047283,-0.2256085,0.3744489,-0.08499509,0.07922768,-0.052035216,0.009588698,-0.41127872,0.5753427,9.098298,9.778182,-8.602856,2.3521125,9.80595,-8.536935,2.356241,0.071649626,2.6470003,-0.523573,2.5947027,0.1746121346950531,0.14878499507904053,0.025827139616012573,0.32842397689819336,0.32049858570098877,0.00792539119720459,1.922986,-1.7473444,0.9575211,1.2832509,1.922986,-1.7473444,0.9575211,1.2832509,1.0,-1.0,0.9575211,1.0,33.54301452636719,-0.4,0.38300845,0.4
13.716666666666667,9.776558,-8.582291,2.821337,0.99913245,-0.016288843,-0.008288557,-0.03741875,0.08102895,-0.040178567,-0.11213904,0.20427877,-0.16222706,-0.32757288,0.07949644,-0.04980122,-0.109340414,0.016125888,0.13403982,-7.1357465,9.778221,-8.604019,2.35125,9.80595,-8.536935,2.356241,0.07276067,2.6677215,-0.36395591,2.6427777,0.1746121346950531,0.1614423394203186,0.013169795274734497,0.32842397689819336,0.3236422538757324,0.0047817230224609375,-0.7009032,3.695342,-3.9381032,-2.93295,-0.7009032,3.695342,-3.9381032,-2.93295,-0.7009032,1.0,-1.0,-1.0,5.0163044929504395,0.4,-0.4,-0.4
13.733333333333333,9.777815,-8.583,2.8214338,0.99907285,-0.017218038,-0.007977487,-0.03864175,0.07757733,-0.03576225,0.03928988,-0.22016886,0.10114391,-0.08455447,0.07399068,-0.040226866,0.04180973,-0.33034575,0.57446116,9.069008,9.778245,-8.605042,2.3507113,9.80595,-8.536935,2.356241,0.073734656,2.690684,-0.20528336,2.6828418,0.1746121346950531,0.1475706696510315,0.027041465044021606,0.32842397689819336,0.32636380195617676,0.0020601749420166016,1.4688193,-1.7691499,0.45163262,1.1752878,1.4688193,-1.7691499,0.45163262,1.1752878,1.0,-1.0,0.45163262,1.0,33.54301452636719,-0.4,0.18065305,0.4
13.75,9.779049,-8.583637,2.8207629,0.99897575,-0.016448608,-0.010552198,-0.040809862,0.075321846,-0.029287685,-0.07070787,0.20923565,-0.43463874,-0.32718667,0.074051805,-0.037674196,-0.068027474,0.0036674736,0.15316015,-6.590232,9.778265,-8.605923,2.350483,9.80595,-8.536935,2.356241,0.07455834,2.7221284,-0.053086363,2.7216108,0.1746121346950531,0.15247909724712372,0.022133037447929382,0.32842397689819336,0.3253549337387085,0.0030690431594848633,-0.64295363,3.6989398,-2.1967263,-3.070453,-0.64295363,3.6989398,-2.1967263,-3.070453,-0.64295363,1.0,-1.0,-1.0,5.988205909729004,0.4,-0.4,-0.4
13.766666666666666,9.780189,-8.584142,2.821548,0.9989013,-0.017356338,-0.010664205,-0.042203154,0.07040131,-0.024936981,0.08076085,-0.21650058,0.12441414,-0.11275366,0.06642046,-0.027869811,0.08313909,-0.45788077,0.58826303,9.069993,9.778288,-8.606656,2.350657,9.80595,-8.536935,2.356241,0.0752159,2.7533612,0.09675611,2.7516606,0.1746121346950531,0.14961761236190796,0.02499452233314514,0.32842397689819336,0.3357793092727661,0.007355332374572754,1.4610966,-1.5565678,4.1235013,0.8825718,1.4610966,-1.5565678,4.1235013,0.8825718,1.0,-1.0,1.0,0.8825718,33.54301452636719,-0.4,0.4,0.35302874
13.783333333333333,9.781299,-8.584588,2.8211527,0.998782,-0.01655198,-0.013065748,-0.044605814,0.06728483,-0.018449148,-0.061987173,0.21250126,-0.41333064,-0.35534593,0.066868566,-0.026453573,-0.059488084,0.026886461,0.084974274,-8.557631,9.778317,-8.607257,2.350899,9.80595,-8.536935,2.356241,0.07574492,2.7898245,0.23459291,2.7799437,0.1746121346950531,0.157911479473114,0.016700655221939087,0.32842397689819336,0.3277205228805542,0.0007034540176391602,-0.85124916,3.6780286,-1.092674,-2.7047768,-0.85124916,3.6780286,-1.092674,-2.7047768,-0.85124916,1.0,-1.0,-1.0,2.4947757720947266,0.4,-0.4,-0.4
13.799999999999999,9.782298,-8.584903,2.8220842,0.99870217,-0.017420905,-0.013000046,-0.046059623,0.061401095,-0.014171103,0.089836136,-0.21324654,0.14557509,-0.11238051,0.057621118,-0.016489869,0.09192028,-0.5548469,0.59782225,9.084501,9.778364,-8.607719,2.3512635,9.80595,-8.536935,2.356241,0.076132886,2.823117,0.36795807,2.799035,0.1746121346950531,0.1474040299654007,0.027208104729652405,0.32842397689819336,0.3344779908657074,0.006054013967514038,1.4668368,-1.6867741,5.4041386,1.2629334,1.4668368,-1.6867741,5.4041386,1.2629334,1.0,-1.0,1.0,1.0,33.54301452636719,-0.4,0.4,0.4
13.816666666666666,9.783241,-8.585146,2.822135,0.9986306,-0.016369406,-0.010610508,-0.048541278,0.05670848,-0.0077159232,-0.028427744,0.21625714,0.34790814,-0.35499838,0.056235,-0.014112292,-0.02686991,-0.083167024,0.14265463,-7.127411,9.778435,-8.60804,2.3518307,9.80595,-8.536935,2.356241,0.07637061,2.858837,0.48555174,2.8173015,0.1746121346950531,0.17017589509487152,0.00443623960018158,0.32842397689819336,0.3281799256801605,0.00024405121803283691,-0.7019405,3.6349707,0.37087733,-2.709997,-0.7019405,3.6349707,0.37087733,-2.709997,-0.7019405,1.0,0.37087733,-1.0,4.998907566070557,0.4,0.14835094,-0.4
13.833333333333334,9.784131,-8.585301,2.82237,0.99854136,-0.017217202,-0.010976755,-0.04998073,0.05369639,-0.003343663,0.02478455,-0.20756249,-0.17748053,-0.111975186,0.052579504,-0.0077850283,0.026144702,-0.2193298,0.37963578,3.1808767,9.778526,-8.608251,2.3519673,9.80595,-8.536935,2.356241,0.07652628,2.8884292,0.59325945,2.8268476,0.1746121346950531,0.15318796038627625,0.021424174308776855,0.32842397689819336,0.32760047912597656,0.0008234977722167969,0.37875137,-2.2580128,-2.1573262,1.6397341,0.37875137,-2.2580128,-2.1573262,1.6397341,0.37875137,-1.0,-1.0,1.0,23.12373924255371,-0.4,-0.4,0.4
13.85,9.784935,-8.585318,2.8236856,0.9984519,-0.016125476,-0.009089855,-0.052449994,0.048416898,0.0031627791,0.09395121,0.22386059,0.37595385,-0.3546,0.04692826,0.0012017672,0.09474874,-0.33907455,0.5392077,4.116242,9.778657,-8.608291,2.3529303,9.80595,-8.536935,2.356241,0.07646917,2.916904,0.69178736,2.8336828,0.1746121346950531,0.1673368513584137,0.007275283336639404,0.32842397689819336,0.3222067356109619,0.006217241287231445,0.48236105,3.5290313,3.873961,-2.8342738,0.48236105,3.5290313,3.873961,-2.8342738,0.48236105,1.0,1.0,-1.0,24.86142921447754,0.4,0.4,-0.4
13.866666666666667,9.785727,-8.58531,2.823195,0.99836016,-0.016925434,-0.009309094,-0.053886767,0.04589558,0.007694189,-0.07153465,-0.20305647,-0.16337904,-0.111624256,0.047650553,0.00023203329,-0.070796765,0.043337565,-0.05818403,-9.93273,9.778817,-8.608228,2.3532622,9.80595,-8.536935,2.356241,0.07633968,2.940566,0.7748961,2.8366292,0.1746121346950531,0.1543390154838562,0.0202731192111969,0.32842397689819336,0.3270101845264435,0.001413792371749878,-1.5498878,-2.050172,-1.8150129,1.6454846,-1.5498878,-2.050172,-1.8150129,1.6454846,-1.0,-1.0,-1.0,1.0,0.0,-0.4,-0.4,0.4
13.883333333333333,9.786446,-8.585159,2.823942,0.99825954,-0.015776413,-0.0072778794,-0.056355894,0.04114989,0.014035647,0.080802485,0.22969419,0.39528364,-0.35424408,0.041436188,0.011930342,0.08099422,-0.3728619,0.70189846,9.107458,9.779016,-8.608041,2.3534327,9.80595,-8.536935,2.356241,0.07608823,2.955511,0.8528267,2.8297937,0.1746121346950531,0.16523532569408417,0.009376809000968933,0.32842397689819336,0.3133091926574707,0.015114784240722656,2.0708323,3.326527,4.2350526,-2.84004,2.0708323,3.326527,4.2350526,-2.84004,1.0,1.0,1.0,-1.0,33.54301452636719,0.4,0.4,-0.4
13.9,9.787142,-8.584972,2.8232162,0.9981651,-0.016522212,-0.007335861,-0.057789784,0.03918603,0.018456528,-0.08517563,-0.1972271,-0.14409143,-0.11125886,0.042138558,0.010930246,-0.085064374,0.042142194,-0.06000576,-9.963515,9.779245,-8.607729,2.3534112,9.80595,-8.536935,2.356241,0.0757163,2.9704351,0.91710293,2.8253155,0.1746121346950531,0.15695104002952576,0.017661094665527344,0.32842397689819336,0.3313220739364624,0.002898097038269043,-1.2795504,-2.2004743,-1.6773831,1.7845672,-1.2795504,-2.2004743,-1.6773831,1.7845672,-1.0,-1.0,-1.0,1.0,0.0,-0.4,-0.4,0.4
13.916666666666666,9.787782,-8.584646,2.8237238,0.99805206,-0.015311424,-0.0051509365,-0.06025885,0.035101287,0.024624683,0.06703878,0.23567037,0.41450992,-0.35391557,0.03724475,0.022308292,0.06669214,-0.29362854,0.68268275,9.1053915,9.779522,-8.607292,2.3533082,9.80595,-8.536935,2.356241,0.07521439,2.9741201,0.97467005,2.809877,0.1746121346950531,0.15373751521110535,0.020874619483947754,0.32842397689819336,0.317030131816864,0.011393845081329346,2.362797,3.2992282,4.3538585,-2.7903757,2.362797,3.2992282,4.3538585,-2.7903757,1.0,1.0,1.0,-1.0,33.54301452636719,0.4,0.4,-0.4
13.933333333333334,9.78841,-8.584283,2.8228931,0.9979543,-0.015999768,-0.0050441856,-0.061690588,0.033824444,0.028896531,-0.08834132,-0.19109549,-0.12420945,-0.11091666,0.037842933,0.021626411,-0.08878908,0.035891082,-0.040912848,-9.328873,9.779845,-8.606728,2.3531077,9.80595,-8.536935,2.356241,0.074580915,2.9762726,1.0195236,2.7962065,0.1746121346950531,0.14986230432987213,0.02474983036518097,0.32842397689819336,0.32587262988090515,0.002551347017288208,-0.9327266,-2.3663049,-1.6730326,2.0044694,-0.9327266,-2.3663049,-1.6730326,2.0044694,-0.9327266,-1.0,-1.0,1.0,1.128275990486145,-0.4,-0.4,0.4
13.95,9.788996,-8.583784,2.8233392,0.99782735,-0.014723903,-0.0027010022,-0.06415985,0.03047993,0.03489305,0.06372689,0.24195103,0.4343236,-0.35360762,0.034475956,0.03258502,0.06290702,-0.2020186,0.6575166,9.101766,9.780213,-8.606034,2.3529189,9.80595,-8.536935,2.356241,0.07381159,2.9661415,1.0571964,2.7713408,0.1746121346950531,0.13629478216171265,0.038317352533340454,0.32842397689819336,0.31284502148628235,0.01557895541191101,2.4966118,3.2727637,4.2782598,-2.6773124,2.4966118,3.2727637,4.2782598,-2.6773124,1.0,1.0,1.0,-1.0,33.54301452636719,0.4,0.4,-0.4
13.966666666666667,9.7895775,-8.583238,2.8227956,0.99772567,-0.015348861,-0.002418461,-0.06558887,0.029997198,0.038942195,-0.06381867,-0.18440828,-0.102647506,-0.11059559,0.03501787,0.03269013,-0.064763054,0.032514855,0.0063065435,-7.6602044,9.780638,-8.605204,2.352858,9.80595,-8.536935,2.356241,0.07288888,2.9534385,1.0840385,2.7473004,0.1746121346950531,0.14511673152446747,0.029495403170585632,0.32842397689819336,0.3196013271808624,0.008822649717330933,-0.75604373,-2.4973714,-1.869108,2.2680056,-0.75604373,-2.4973714,-1.869108,2.2680056,-0.75604373,-1.0,-1.0,1.0,4.0915141105651855,-0.4,-0.4,0.4
13.983333333333333,9.790141,-8.5825615,2.8236396,0.997583,-0.0140018705,9.662617e-05,-0.068059176,0.027375968,0.044809557,0.08796978,0.24879521,0.45580804,-0.3533195,0.033391517,0.043115802,0.086729795,-0.097581215,0.62554026,9.08957,9.7811165,-8.604236,2.3530455,9.80595,-8.536935,2.356241,0.07180752,2.9280665,1.1034639,2.7121837,0.1746121346950531,0.14398984611034393,0.030622288584709167,0.32842397689819336,0.3133341372013092,0.015089839696884155,2.1280274,3.2345061,3.9319289,-2.4856184,2.1280274,3.2345061,3.9319289,-2.4856184,1.0,1.0,1.0,-1.0,33.54301452636719,0.4,0.4,-0.4
14.0,9.790706,-8.581856,2.823009,0.99747646,-0.014564737,0.0005420436,-0.06948529,0.027822444,0.04871284,-0.078028835,-0.17810534,-0.083636,-0.11029633,0.03406325,0.042103272,-0.07938852,0.040303987,-0.060751807,-9.967099,9.781646,-8.603149,2.3531027,9.80595,-8.536935,2.356241,0.07060397,2.8987083,1.113942,2.6761248,0.1746121346950531,0.13325680792331696,0.041355326771736145,0.32842397689819336,0.3223128318786621,0.00611114501953125,-1.1110696,-2.6038752,-2.2803068,2.5392466,-1.1110696,-2.6038752,-2.2803068,2.5392466,-1.0,-1.0,-1.0,1.0,0.0,-0.4,-0.4,0.4
14.016666666666666,9.791274,-8.58103,2.8236134,0.99731594,-0.013150779,0.0032077099,-0.071956106,0.026259055,0.054355524,0.07404705,0.2552559,0.4747726,-0.35304138,0.03439734,0.051910926,0.072450705,0.020045487,0.5884592,9.110353,9.782222,-8.601942,2.3530858,9.80595,-8.536935,2.356241,0.0692743,2.8570623,1.1182979,2.6291091,0.1746121346950531,0.15292857587337494,0.02168355882167816,0.32842397689819336,0.3248929977416992,0.0035309791564941406,2.3305864,3.1704226,3.3355732,-2.2252607,2.3305864,3.1704226,3.3355732,-2.2252607,1.0,1.0,1.0,-1.0,33.54301452636719,0.4,0.4,-0.4
14.033333333333333,9.79186,-8.580173,2.8229403,0.99720335,-0.013649619,0.0038162365,-0.07337996,0.027743552,0.05803165,-0.07635205,-0.17141984,-0.06370569,-0.11000777,0.035196748,0.05128616,-0.07808925,0.047964375,-0.03748588,-9.032397,9.782854,-8.600615,2.3530078,9.80595,-8.536935,2.356241,0.067815825,2.8133771,1.1173562,2.5819771,0.1746121346950531,0.1258665919303894,0.048745542764663696,0.32842397689819336,0.3313558101654053,0.002931833267211914,-0.9012666,-2.7465358,-3.080814,2.8088036,-0.9012666,-2.7465358,-3.080814,2.8088036,-0.9012666,-1.0,-1.0,1.0,1.6559083461761475,-0.4,-0.4,0.4
14.049999999999999,9.792476,-8.579203,2.8235648,0.99702275,-0.012164596,0.006639528,-0.07585163,0.02726717,0.063463405,0.075573646,0.2620963,0.49462602,-0.35276982,0.037679717,0.060342796,0.07363059,0.14897814,0.5433981,9.103189,9.783535,-8.599167,2.3529844,9.80595,-8.536935,2.356241,0.06622589,2.757833,1.1115873,2.5238893,0.1746121346950531,0.13221098482608795,0.04240114986896515,0.32842397689819336,0.32713887095451355,0.0012851059436798096,2.2239354,3.1183481,2.3496408,-1.9399067,2.2239354,3.1183481,2.3496408,-1.9399067,1.0,1.0,1.0,-1.0,33.54301452636719,0.4,0.4,-0.4
14.066666666666666,9.793113,-8.578207,2.8228352,0.9969029,-0.012596655,0.007409478,-0.07727221,0.029901896,0.06691355,-0.08086817,-0.16466099,-0.044262517,-0.109727345,0.038486023,0.059542373,-0.08297434,0.04837833,-0.048025396,-9.396296,9.784267,-8.597607,2.352875,9.80595,-8.536935,2.356241,0.064517744,2.7006361,1.1035817,2.4648616,0.1746121346950531,0.1254723072052002,0.049139827489852905,0.32842397689819336,0.3318113684654236,0.0033873915672302246,-0.9396241,-2.9439206,-4.2998753,3.0375767,-0.9396241,-2.9439206,-4.2998753,3.0375767,-0.9396241,-1.0,-1.0,1.0,1.012595295906067,-0.4,-0.4,0.4
14.083333333333334,9.793815,-8.577109,2.823379,0.99670106,-0.011047459,0.010287482,-0.079743475,0.030698815,0.072107404,0.07109637,0.26899698,0.4981658,-0.35249233,0.043330997,0.06773489,0.068782255,0.29069847,0.49155098,9.105394,9.785052,-8.595931,2.3527722,9.80595,-8.536935,2.356241,0.06268417,2.6322284,1.0918088,2.3951159,0.1746121346950531,0.15126699209213257,0.023345142602920532,0.32842397689819336,0.33417201042175293,0.00574803352355957,2.1565347,3.0365252,0.97058475,-1.6640722,2.1565347,3.0365252,0.97058475,-1.6640722,1.0,1.0,0.97058475,-1.0,33.54301452636719,0.4,0.3882339,-0.4
14.1,9.794545,-8.575994,2.8224494,0.99657404,-0.011423846,0.011081598,-0.08115961,0.03454818,0.07532138,-0.094788484,-0.1579676,-0.04133995,-0.10943746,0.04398033,0.06672431,-0.09728998,0.038959976,-0.060634907,-9.964334,9.785885,-8.594154,2.3525045,9.80595,-8.536935,2.356241,0.06075072,2.5630994,1.0815663,2.323724,0.1746121346950531,0.14817775785923004,0.02643437683582306,0.32842397689819336,0.3328542411327362,0.004430264234542847,-0.9997107,-3.1492777,-4.936692,3.2693212,-0.9997107,-3.1492777,-4.936692,3.2693212,-0.9997107,-1.0,-1.0,1.0,0.00485234847292304,-0.4,-0.4,0.4
14.116666666666667,9.795381,-8.574792,2.8227496,0.99641335,-0.010264983,0.008479838,-0.0835652,0.03811835,0.08023602,0.05646864,0.27501363,-0.3814304,-0.3518964,0.05197944,0.0738191,0.054114807,0.47994664,0.42568755,9.084287,9.786767,-8.592275,2.35216,9.80595,-8.536935,2.356241,0.058712374,2.4838786,1.0689694,2.2420878,0.1746121346950531,0.15495827794075012,0.01965385675430298,0.32842397689819336,0.3333840072154999,0.0049600303173065186,2.1845043,2.9250917,-0.66930616,-1.4115428,2.1845043,2.9250917,-0.66930616,-1.4115428,1.0,1.0,-0.66930616,-1.0,33.54301452636719,0.4,-0.26772246,-0.4
14.133333333333333,9.796249,-8.573559,2.8223524,0.9962881,-0.010651638,0.008701296,-0.084974244,0.039478835,0.08307742,-0.047818735,-0.15443273,0.15980732,-0.109121114,0.052038167,0.07422285,-0.050299764,0.0035235283,0.024224816,-6.2648735,9.787704,-8.590285,2.3521075,9.80595,-8.536935,2.356241,0.056535486,2.405994,1.0632006,2.1583352,0.1746121346950531,0.15817028284072876,0.01644185185432434,0.32842397689819336,0.3333497643470764,0.004925787448883057,-0.611506,-2.0340214,3.667338,3.5070646,-0.611506,-2.0340214,3.667338,3.5070646,-0.611506,-1.0,1.0,1.0,6.51563024520874,-0.4,0.4,0.4
14.15,9.797203,-8.572238,2.8234293,0.9961081,-0.00941785,0.006655449,-0.08738169,0.04274727,0.08784449,0.10282021,0.278932,-0.35832778,-0.35151887,0.058904458,0.08085004,0.100546084,0.41197744,0.39763165,9.050751,9.788697,-8.588179,2.3524969,9.80595,-8.536935,2.356241,0.054199696,2.3187013,1.0547241,2.0649292,0.1746121346950531,0.15409404039382935,0.020518094301223755,0.32842397689819336,0.3434082567691803,0.014984279870986938,1.3628296,2.9246974,-2.486164,-1.1711932,1.3628296,2.9246974,-2.486164,-1.1711932,1.0,1.0,-1.0,-1.0,33.54301452636719,0.4,-0.4,-0.4
14.166666666666666,9.798169,-8.570898,2.8230338,0.99597764,-0.009758766,0.0070438357,-0.08878932,0.04355204,0.09043911,-0.0627236,-0.15128766,0.1788835,-0.108767666,0.05785528,0.0801463,-0.0651122,-0.062950775,-0.04222467,-9.939497,9.789737,-8.585981,2.3527856,9.80595,-8.536935,2.356241,0.05177234,2.2304323,1.0498974,1.9678779,0.1746121346950531,0.17045004665851593,0.00416208803653717,0.32842397689819336,0.33372998237609863,0.0053060054779052734,-1.38518,-2.0080566,3.7149825,3.7205229,-1.38518,-2.0080566,3.7149825,3.7205229,-1.0,-1.0,1.0,1.0,0.0,-0.4,0.4,0.4
14.183333333333334,9.799206,-8.569486,2.8238704,0.99580485,-0.00848613,0.005154355,-0.09096201,0.04620594,0.09483637,0.08839352,0.2821735,-0.33913013,-0.31386018,0.06365506,0.08628965,0.08628133,0.3479871,0.3686012,9.0836115,9.790824,-8.583701,2.353006,9.80595,-8.536935,2.356241,0.049258035,2.13316,1.0408323,1.861999,0.1746121346950531,0.16571873426437378,0.008893400430679321,0.32842397689819336,0.33802878856658936,0.009604811668395996,1.5367116,2.983922,-2.4406161,-0.84655964,1.5367116,2.983922,-2.4406161,-0.84655964,1.0,1.0,-1.0,-0.84655964,33.54301452636719,0.4,-0.4,-0.33862385
14.2,9.800255,-8.568056,2.8232381,0.99569845,-0.008778698,0.0057040816,-0.09205862,0.046608474,0.097079754,-0.077089705,-0.14781566,0.19804104,-0.071138635,0.062602624,0.085603446,-0.07932599,-0.06314635,-0.04117235,-9.936439,9.791958,-8.581342,2.353048,9.80595,-8.536935,2.356241,0.046668526,2.0371094,1.0345927,1.7548313,0.1746121346950531,0.16598597168922424,0.008626163005828857,0.32842397689819336,0.33509188890457153,0.006667912006378174,-1.2187628,-2.0728266,3.795456,3.3188386,-1.2187628,-2.0728266,3.795456,3.3188386,-1.0,-1.0,1.0,1.0,0.0,-0.4,0.4,0.4
14.216666666666667,9.80136,-8.566559,2.8238385,0.9955219,-0.0074657793,0.00396996,-0.09415182,0.04876132,0.10111873,0.073997766,0.28559107,-0.31992236,-0.31352425,0.067533985,0.09121564,0.07209162,0.2958816,0.33673164,9.085056,9.793137,-8.578908,2.3530154,9.80595,-8.536935,2.356241,0.044003796,1.9335104,1.0241151,1.6400155,0.1746121346950531,0.16748252511024475,0.00712960958480835,0.32842397689819336,0.3163717985153198,0.012052178382873535,1.8204799,3.0467186,-2.493147,-1.1967804,1.8204799,3.0467186,-2.493147,-1.1967804,1.0,1.0,-1.0,-1.0,33.54301452636719,0.4,-0.4,-0.4
14.233333333333333,9.802473,-8.565047,2.8229692,0.99541277,-0.0077115213,0.0046780067,-0.09524662,0.0488274,0.103011206,-0.091484465,-0.14431296,0.21712935,-0.0708099,0.066478446,0.09054482,-0.09352584,-0.06333232,-0.040249225,-9.937047,9.794363,-8.576406,2.3528068,9.80595,-8.536935,2.356241,0.041279405,1.8314112,1.01505,1.524382,0.1746121346950531,0.172675222158432,0.0019369125366210938,0.32842397689819336,0.3237803280353546,0.004643648862838745,-1.0215482,-2.1214454,3.8581738,3.749518,-1.0215482,-2.1214454,3.8581738,3.749518,-1.0,-1.0,1.0,1.0,0.0,-0.4,0.4,0.4
14.25,9.803634,-8.563475,2.823333,0.9952567,-0.006355505,0.0031001666,-0.09702548,0.050648008,0.10660328,0.05957499,0.2891747,-0.3007629,-0.2628683,0.07071869,0.09552171,0.057906214,0.25441468,0.29861343,9.085922,9.79563,-8.573838,2.3525262,9.80595,-8.536935,2.356241,0.038498774,1.7227328,1.0010407,1.4020435,0.1746121346950531,0.16246293485164642,0.012149199843406677,0.32842397689819336,0.3153769075870514,0.013047069311141968,2.1036038,3.1396332,-2.5200853,-0.79288876,2.1036038,3.1396332,-2.5200853,-0.79288876,1.0,1.0,-1.0,-0.79288876,33.54301452636719,0.4,-0.4,-0.3171555
14.266666666666666,9.804803,-8.561885,2.8227487,0.9951864,-0.006544635,0.0039845253,-0.097700566,0.05050072,0.10802621,-0.06458494,-0.13989893,0.23889256,-0.020177346,0.069941424,0.095340595,-0.066404566,-0.04663601,-0.010866969,-7.4586463,9.796949,-8.571206,2.3523884,9.80595,-8.536935,2.356241,0.035642315,1.6162654,0.9878554,1.2792403,0.1746121346950531,0.16662561893463135,0.007986515760421753,0.32842397689819336,0.31711336970329285,0.011310607194900513,-0.7377593,-2.2505379,3.8181424,3.2564936,-0.7377593,-2.2505379,3.8181424,3.2564936,-0.7377593,-1.0,1.0,1.0,4.398171901702881,-0.4,0.4,0.4
14.283333333333333,9.806017,-8.560244,2.8235598,0.99503344,-0.0051372168,0.0025829754,-0.09937464,0.052196264,0.11133387,0.08611123,0.2934699,-0.27900082,-0.2626031,0.07370989,0.09964139,0.08469516,0.22610797,0.25804773,9.065983,9.798317,-8.568516,2.3525274,9.80595,-8.536935,2.356241,0.03270186,1.504481,0.96937245,1.1505563,0.1746121346950531,0.1913515031337738,0.016739368438720703,0.32842397689819336,0.31725654006004333,0.011167436838150024,1.764641,3.116293,-2.574326,-1.3258364,1.764641,3.116293,-2.574326,-1.3258364,1.0,1.0,-1.0,-1.0,33.54301452636719,0.4,-0.4,-0.4
14.299999999999999,9.807234,-8.558588,2.823031,0.994962,-0.005273802,0.0036327904,-0.100047454,0.051954243,0.112370536,-0.069044165,-0.1359811,0.25858226,-0.019920351,0.07270801,0.09909495,-0.0706202,-0.06011277,-0.03278643,-9.318922,9.79973,-8.565773,2.3526247,9.80595,-8.536935,2.356241,0.029722111,1.3949363,0.95041883,1.021054,0.1746121346950531,0.1867065727710724,0.012094438076019287,0.32842397689819336,0.31871476769447327,0.009709209203720093,-0.93432856,-2.3100169,3.7083664,3.7063622,-0.93432856,-2.3100169,3.7083664,3.7063622,-0.93432856,-1.0,1.0,1.0,1.1014090776443481,-0.4,0.4,0.4
14.316666666666666,9.80849,-8.556892,2.823776,0.9948254,-0.0038193525,0.002391787,-0.10149818,0.053591322,0.11522949,0.081902556,0.29743886,-0.25924647,-0.22658229,0.07620781,0.102611065,0.08075415,0.2099879,0.2109669,9.08246,9.801187,-8.562989,2.3527417,9.80595,-8.536935,2.356241,0.02671643,1.2822973,0.92616767,0.8868483,0.1746121346950531,0.19497373700141907,0.020361602306365967,0.32842397689819336,0.3136136829853058,0.014810293912887573,1.8229356,3.0948815,-2.682024,-0.8527895,1.8229356,3.0948815,-2.682024,-0.8527895,1.0,1.0,-1.0,-0.8527895,33.54301452636719,0.4,-0.4,-0.3411158
14.333333333333334,9.809749,-8.555186,2.8234186,0.9947833,-0.0038996905,0.0036114857,-0.10187168,0.053374983,0.11578588,-0.054401673,-0.13160193,0.27951115,0.01607522,0.07529592,0.10217752,-0.05572325,-0.054713484,-0.026012508,-8.188644,9.802685,-8.560167,2.3529198,9.80595,-8.536935,2.356241,0.023694728,1.1742679,0.9014458,0.7525295,0.1746121346950531,0.1949319988489151,0.020319864153862,0.32842397689819336,0.3129555284976959,0.015468448400497437,-0.814938,-2.4507835,3.539784,3.5052433,-0.814938,-2.4507835,3.539784,3.5052433,-0.814938,-1.0,1.0,1.0,3.1037685871124268,-0.4,0.4,0.4
14.35,9.811047,-8.553448,2.8244097,0.9946494,-0.0023936438,0.0025399972,-0.10324914,0.05508728,0.11827803,0.0963833,0.3017238,-0.23831116,-0.22639933,0.0787388,0.10484805,0.095504604,0.206573,0.16023158,9.073671,9.804227,-8.557313,2.3532722,9.80595,-8.536935,2.356241,0.02066521,1.066858,0.87189764,0.6148012,0.1746121346950531,0.19571726024150848,0.021105125546455383,0.32842397689819336,0.31062081456184387,0.017803162336349487,1.5488051,2.9438353,-2.7780309,-1.0714027,1.5488051,2.9438353,-2.7780309,-1.0714027,1.0,1.0,-1.0,-1.0,33.54301452636719,0.4,-0.4,-0.4
14.366666666666667,9.812346,-8.551706,2.8240345,0.9946063,-0.0024208473,0.0039216136,-0.103619605,0.055008978,0.11839354,-0.060847733,-0.12756942,0.29902866,0.016258355,0.07772203,0.10426663,-0.061913025,-0.061006393,-0.034885257,-9.445057,9.805808,-8.554436,2.35355,9.80595,-8.536935,2.356241,0.017707134,0.96755534,0.8417609,0.47707644,0.1746121346950531,0.19463668763637543,0.020024552941322327,0.32842397689819336,0.314297080039978,0.014126896858215332,-0.947737,-2.5110264,3.2600718,3.8455195,-0.947737,-2.5110264,3.2600718,3.8455195,-0.947737,-1.0,1.0,1.0,0.8765296339988708,-0.4,0.4,0.4
14.383333333333333,9.813687,-8.549946,2.8249242,0.9945341,-0.0008634967,0.0030093803,-0.10436524,0.057003137,0.120305896,0.0901105,0.3058209,-0.21875024,-0.12448772,0.08128959,0.10594956,0.08949559,0.21405368,0.100975774,9.084517,9.807428,-8.551543,2.3538268,9.80595,-8.536935,2.356241,0.014880135,0.87452435,0.8070334,0.33688253,0.1746121346950531,0.18569695949554443,0.011084824800491333,0.32842397689819336,0.3059534430503845,0.022470533847808838,1.5658444,2.8058443,-3.0522146,-0.58105266,1.5658444,2.8058443,-3.0522146,-0.58105266,1.0,1.0,-1.0,-0.58105266,33.54301452636719,0.4,-0.4,-0.23242107
14.4,9.815028,-8.548185,2.824736,0.994578,-0.00083185756,0.0045610983,-0.103888854,0.057303946,0.11982954,-0.044281214,-0.12296297,0.32027,0.1180857,0.08041721,0.1053691,-0.04510115,-0.05234286,-0.03482759,-8.075804,9.809082,-8.548638,2.354177,9.80595,-8.536935,2.356241,0.012289847,0.7973038,0.7725417,0.19716145,0.1746121346950531,0.1799992322921753,0.005387097597122192,0.32842397689819336,0.3054485321044922,0.022975444793701172,-0.80300105,-2.7974668,2.6619463,2.4412541,-0.80300105,-2.7974668,2.6619463,2.4412541,-0.80300105,-1.0,1.0,1.0,3.303969383239746,-0.4,0.4,0.4
14.416666666666666,9.816416,-8.546419,2.8259046,0.9945249,0.0007801254,0.003821897,-0.10442692,0.0596525,0.121347696,0.10649111,0.31006223,-0.19755352,-0.12459536,0.08434782,0.106060624,0.106116116,0.23583679,0.041491535,9.073035,9.810774,-8.545731,2.3547182,9.80595,-8.536935,2.356241,0.010146516,0.73605675,0.7339301,0.05591136,0.1746121346950531,0.17301388084888458,0.001598253846168518,0.32842397689819336,0.301801860332489,0.026622116565704346,1.21271,2.4212632,-3.197678,-2.0483108,1.21271,2.4212632,-3.197678,-2.0483108,1.0,1.0,-1.0,-1.0,33.54301452636719,0.4,-0.4,-0.4
14.433333333333334,9.81781,-8.544659,2.825603,0.9945668,0.0008620595,0.0055319197,-0.10394877,0.060346812,0.1203814,-0.058935907,-0.11917083,0.3394485,0.11798554,0.0832932,0.10547133,-0.05953909,-0.063277334,-0.035357773,-9.939312,9.812501,-8.542827,2.355124,9.80595,-8.536935,2.356241,0.008881093,0.7015448,0.69637823,-0.084985286,0.1746121346950531,0.18280114233493805,0.008189007639884949,0.32842397689819336,0.3014242947101593,0.026999682188034058,-1.009792,-2.8507028,1.9912415,2.7271626,-1.009792,-2.8507028,1.9912415,2.7271626,-1.0,-1.0,1.0,1.0,0.0,-0.4,0.4,0.4
14.45,9.819253,-8.542905,2.826534,0.99451035,0.0025214155,0.0049492335,-0.10449038,0.06307499,0.12135613,0.09210804,0.3138708,-0.17836484,-0.1246962,0.08777765,0.105039865,0.091931306,0.26906714,-0.025887785,9.088223,9.814255,-8.53993,2.3554602,9.80595,-8.536935,2.356241,0.008862785,0.69321084,0.6552953,-0.22611785,0.1746121346950531,0.17475657165050507,0.00014443695545196533,0.32842397689819336,0.30218374729156494,0.026240229606628418,1.2547837,2.1616077,-3.6596546,-1.6784188,1.2547837,2.1616077,-3.6596546,-1.6784188,1.0,1.0,-1.0,-1.0,33.54301452636719,0.4,-0.4,-0.4
14.466666666666667,9.820704,-8.5411625,2.8261058,0.99454933,0.0026531203,0.0068176407,-0.10400937,0.06424427,0.11985628,-0.06454368,-0.11524988,0.35913497,0.11789362,0.08680946,0.10440471,-0.0649809,-0.058091726,-0.03810927,-9.414732,9.816039,-8.537053,2.355689,9.80595,-8.536935,2.356241,0.010104699,0.71789825,0.6169201,-0.3671341,0.1746121346950531,0.18089523911476135,0.006283104419708252,0.32842397689819336,0.30109378695487976,0.0273301899433136,-0.944667,-2.950036,1.0801533,3.0418963,-0.944667,-2.950036,1.0801533,3.0418963,-0.944667,-1.0,1.0,1.0,0.9280180931091309,-0.4,0.4,0.4
14.483333333333333,9.822216,-8.539442,2.8269448,0.99448895,0.0043616085,0.006395623,-0.10455458,0.067478746,0.12029544,0.08644726,0.31782004,-0.15869159,-0.124790736,0.09204171,0.10276636,0.086399674,0.3139351,-0.098301165,9.082833,9.81785,-8.534196,2.3559196,9.80595,-8.536935,2.356241,0.012215314,0.7673669,0.57583773,-0.5072108,0.1746121346950531,0.18323281407356262,0.008620679378509521,0.32842397689819336,0.2988852262496948,0.029538750648498535,1.0819931,1.8372453,-4.187544,-1.3608607,1.0819931,1.8372453,-4.187544,-1.3608607,1.0,1.0,-1.0,-1.0,33.54301452636719,0.4,-0.4,-0.4
14.5,9.823749,-8.537739,2.8263154,0.9945486,0.0041438816,0.0046445155,-0.1040881,0.069632374,0.11824547,-0.07930532,-0.111593135,-0.22918877,0.11805073,0.09194254,0.101995446,-0.07914221,-0.005950033,-0.04625469,-9.932512,9.819688,-8.531367,2.355989,9.80595,-8.536935,2.356241,0.014825146,0.84242326,0.53887564,-0.6475261,0.1746121346950531,0.1847662329673767,0.010154098272323608,0.32842397689819336,0.3022918403148651,0.026132136583328247,-0.99757993,-3.0799513,-0.12966095,3.2889504,-0.99757993,-3.0799513,-0.12966095,3.2889504,-0.99757993,-1.0,-0.12966095,1.0,0.04058818519115448,-0.4,-0.051864382,0.4
14.516666666666666,9.82531,-8.536068,2.826923,0.9945637,0.0057924613,0.0032478236,-0.103918105,0.071094155,0.11794138,0.07188693,0.32247543,-0.11848318,-0.010015701,0.09431871,0.099816434,0.072615005,0.14257014,-0.1307407,9.1054325,9.821545,-8.528576,2.355992,9.80595,-8.536935,2.356241,0.017695252,0.9325691,0.50120753,-0.7864325,0.1746121346950531,0.18019062280654907,0.005578488111495972,0.32842397689819336,0.2984277009963989,0.029996275901794434,1.2891942,1.9621514,0.16793276,-0.52755797,1.2891942,1.9621514,0.16793276,-0.52755797,1.0,1.0,0.16793276,-0.52755797,33.54301452636719,0.4,0.06717311,-0.2110232
14.533333333333333,9.82688,-8.534419,2.826566,0.9947139,0.005711655,0.0023475618,-0.10249843,0.07250203,0.11516034,-0.053865135,-0.1061086,-0.10385706,0.23280329,0.09427514,0.0985889,-0.053031385,-0.0026142595,-0.07365211,-7.5387826,9.823426,-8.5258255,2.3561306,9.80595,-8.536935,2.356241,0.020708533,1.0349557,0.46471667,-0.92475504,0.1746121346950531,0.17884090542793274,0.004228770732879639,0.32842397689819336,0.29792505502700806,0.030498921871185303,-0.7445828,-3.3666,0.02306287,1.5614451,-0.7445828,-3.3666,0.02306287,1.5614451,-0.7445828,-1.0,0.02306287,1.0,4.283731937408447,-0.4,0.009225148,0.4
14.549999999999999,9.828475,-8.532813,2.8275769,0.9947465,0.007124244,-0.0018100529,-0.10210402,0.07461026,0.11438134,0.09438021,0.3279461,-0.6036885,-0.010084766,0.09580886,0.0955241,0.09619362,0.092023455,-0.18388776,8.9535,9.825331,-8.5231285,2.3565233,9.80595,-8.536935,2.356241,0.023797086,1.1432028,0.42634267,-1.0607283,0.1746121346950531,0.1721387356519699,0.002473399043083191,0.32842397689819336,0.30157366394996643,0.02685031294822693,0.9877335,1.3037773,-0.9674108,-2.2217057,0.9877335,1.3037773,-0.9674108,-2.2217057,0.9877335,1.0,-0.9674108,-1.0,33.33728790283203,0.4,-0.38696432,-0.4
14.566666666666666,9.830058,-8.53123,2.8272173,0.9948867,0.0070024114,-0.0034842154,-0.10069309,0.073435955,0.11100072,-0.0629474,-0.10073362,-0.06561427,0.23251626,0.09470449,0.09485488,-0.06090965,-0.06626263,-0.04015356,-9.426196,9.827253,-8.520486,2.3568423,9.80595,-8.536935,2.356241,0.026921285,1.2568302,0.3880866,-1.1954125,0.1746121346950531,0.1696910262107849,0.0049211084842681885,0.32842397689819336,0.30606532096862793,0.02235865592956543,-0.9456092,-2.903535,4.3749776,2.5648437,-0.9456092,-2.903535,4.3749776,2.5648437,-0.9456092,-1.0,1.0,1.0,0.9122154712677002,-0.4,0.4,0.4
14.583333333333334,9.831599,-8.529692,2.8281288,0.9949166,0.008953567,-0.0027915603,-0.100263536,0.072029956,0.1095939,0.08855253,0.33312172,0.16390908,-0.010485203,0.09178911,0.09147066,0.09082162,-0.17492248,-0.20305304,9.103875,9.82919,-8.517902,2.3571658,9.80595,-8.536935,2.356241,0.03005316,1.3706553,0.34618163,-1.326218,0.1746121346950531,0.15932437777519226,0.01528775691986084,0.32842397689819336,0.31342029571533203,0.015003681182861328,1.4142321,1.0569993,0.38956946,-1.6540157,1.4142321,1.0569993,0.38956946,-1.6540157,1.0,1.0,0.38956946,-1.0,33.54301452636719,0.4,0.15582779,-0.4
14.6,9.833131,-8.528189,2.8281121,0.99505156,0.008866353,-0.0045894515,-0.09885651,0.072308324,0.10558242,-0.03443764,-0.09561809,-0.34013128,0.23251903,0.092030026,0.089847155,-0.031938303,0.0144548705,-0.097410224,-7.365595,9.831143,-8.515392,2.357655,9.80595,-8.536935,2.356241,0.03317799,1.4853281,0.29733202,-1.455264,0.1746121346950531,0.18358145654201508,0.008969321846961975,0.32842397689819336,0.3274416923522949,0.0009822845458984375,-0.7247609,-3.4193,-0.94177246,2.1074405,-0.7247609,-3.4193,-0.94177246,2.1074405,-0.7247609,-1.0,-0.94177246,1.0,4.616174697875977,-0.4,-0.37670898,0.4
14.616666666666667,9.834617,-8.526741,2.829118,0.99509954,0.010780838,-0.0041411445,-0.09820061,0.07002277,0.103482515,0.08629036,0.32987553,0.21582408,0.025537373,0.08799122,0.085989945,0.08900067,-0.24232818,-0.2314326,7.256338,9.833112,-8.512957,2.358204,9.80595,-8.536935,2.356241,0.036284447,1.5985411,0.24530444,-1.5796074,0.1746121346950531,0.18528270721435547,0.010670572519302368,0.32842397689819336,0.32530686259269714,0.003117114305496216,0.8056067,0.9799103,3.6694283,-0.85134804,0.8056067,0.9799103,3.6694283,-0.85134804,0.8056067,0.9799103,1.0,-0.85134804,30.282745361328125,0.39196414,0.4,-0.34053922
14.633333333333333,9.836086,-8.52533,2.8290813,0.9952611,0.010715938,-0.0054480555,-0.0964922,0.06997873,0.0988018,-0.035747416,-0.09896194,-0.2779066,0.26850358,0.08809837,0.08421522,-0.032911565,0.0064288075,-0.10648369,-7.314734,9.835089,-8.510596,2.3587081,9.80595,-8.536935,2.356241,0.039355602,1.7117109,0.1857437,-1.7016032,0.1746121346950531,0.18374694883823395,0.009134814143180847,0.32842397689819336,0.34279611706733704,0.014372140169143677,-0.72081494,-3.4186492,-0.92302036,1.9060884,-0.72081494,-3.4186492,-0.92302036,1.9060884,-0.72081494,-1.0,-0.92302036,1.0,4.682353973388672,-0.4,-0.36920816,0.4
14.65,9.837501,-8.523985,2.8299122,0.99535483,0.012011037,-0.0044269706,-0.095418856,0.06755978,0.0957738,0.072552614,0.22413073,0.2770105,0.08000808,0.08370338,0.07948845,0.075340286,-0.2636996,-0.28360605,6.495111,9.83707,-8.508319,2.3591464,9.80595,-8.536935,2.356241,0.042376727,1.8229407,0.12312277,-1.818778,0.1746121346950531,0.18602082133293152,0.011408686637878418,0.32842397689819336,0.34324565529823303,0.014821678400039673,0.725183,0.74196386,3.3523707,-0.7748052,0.725183,0.74196386,3.3523707,-0.7748052,0.725183,0.74196386,1.0,-0.7748052,28.93391990661621,0.29678556,0.4,-0.30992207
14.666666666666666,9.838896,-8.522687,2.8298166,0.9955652,0.011095564,-0.005401885,-0.09326076,0.06759771,0.0907252,-0.03589164,-0.20462957,-0.2572704,0.32291213,0.0837145,0.077320844,-0.033197757,0.00066742295,-0.13005629,-6.5122824,9.839055,-8.506128,2.3595312,9.80595,-8.536935,2.356241,0.045340955,1.9346865,0.053086363,-1.933958,0.1746121346950531,0.1888016015291214,0.014189466834068298,0.32842397689819336,0.3446936309337616,0.016269654035568237,-0.63644826,-2.88272,-1.6356039,1.3399584,-0.63644826,-2.88272,-1.6356039,1.3399584,-0.63644826,-1.0,-1.0,1.0,6.097310543060303,-0.4,-0.4,0.4
14.683333333333334,9.840237,-8.521457,2.8306067,0.995675,0.012215173,-0.004194433,-0.09200151,0.06523892,0.087814964,0.06966338,0.22929876,0.29704505,0.09147304,0.07947312,0.072702475,0.07224227,-0.25448263,-0.27710214,6.3264008,9.841037,-8.504033,2.359925,9.80595,-8.536935,2.356241,0.04824075,2.0442939,-0.019657252,-2.0441995,0.1746121346950531,0.1954224407672882,0.020810306072235107,0.32842397689819336,0.3515462577342987,0.023122280836105347,0.70786905,2.2346926,2.9463158,-0.9517933,0.70786905,2.2346926,2.9463158,-0.9517933,0.70786905,1.0,1.0,-0.9517933,28.643537521362305,0.4,0.4,-0.38071734
14.7,9.841559,-8.520273,2.8305724,0.9958873,0.01136235,-0.005007989,-0.089745134,0.06536032,0.08271087,-0.029772244,-0.19935046,-0.23658384,0.33435255,0.07943721,0.07031346,-0.02729821,-0.002154708,-0.14334081,-5.9724283,9.843017,-8.502036,2.3603265,9.80595,-8.536935,2.356241,0.05107384,2.1532984,-0.09875715,-2.1510324,0.1746121346950531,0.19379977881908417,0.019187644124031067,0.32842397689819336,0.35047951340675354,0.02205553650856018,-0.57938266,-2.7255855,-1.8592238,1.6123501,-0.57938266,-2.7255855,-1.8592238,1.6123501,-0.57938266,-1.0,-1.0,1.0,7.054386615753174,-0.4,-0.4,0.4
14.716666666666667,9.842838,-8.519156,2.8311179,0.9960619,0.012529696,-0.0036492008,-0.087693945,0.06331634,0.07955986,0.048569463,0.23416431,0.31588393,0.21453226,0.07577261,0.066063,0.050910857,-0.21987586,-0.25502756,4.6925435,9.844991,-8.500141,2.360605,9.80595,-8.536935,2.356241,0.05382367,2.258684,-0.17985828,-2.2515116,0.1746121346950531,0.19673052430152893,0.02211838960647583,0.32842397689819336,0.348863810300827,0.020439833402633667,0.5354624,2.4816875,2.4561863,-0.49238527,0.5354624,2.4816875,2.4561863,-0.49238527,0.5354624,1.0,1.0,-0.49238527,25.752017974853516,0.4,0.4,-0.19695412
14.733333333333333,9.844099,-8.518095,2.8311386,0.99631155,0.011735452,-0.004306063,-0.084893495,0.06370149,0.07434997,-0.01828079,-0.19439699,-0.2153507,0.38021475,0.07554381,0.06288972,-0.016062438,-0.013727992,-0.19039704,-4.018398,9.846953,-8.498356,2.3609195,9.80595,-8.536935,2.356241,0.056493282,2.3626227,-0.26566815,-2.3476386,0.1746121346950531,0.19748714566230774,0.02287501096725464,0.32842397689819336,0.3466343581676483,0.018210381269454956,-0.374008,-2.6261458,-2.4431472,0.6826875,-0.374008,-2.6261458,-2.4431472,0.6826875,-0.374008,-1.0,-1.0,0.6826875,10.49882984161377,-0.4,-0.4,0.273075
14.75,9.84532,-8.517091,2.8313296,0.99652004,0.012945004,-0.002793443,-0.08229377,0.06206296,0.070966415,0.017085796,0.23838642,0.3342605,0.28686476,0.07272426,0.059364732,0.01915666,-0.16917317,-0.2114991,2.1131458,9.848898,-8.496674,2.3610246,9.80595,-8.536935,2.356241,0.059062373,2.4623902,-0.35230258,-2.4370573,0.1746121346950531,0.1917984038591385,0.017186269164085388,0.32842397689819336,0.3442951738834381,0.01587119698524475,0.26410446,2.635313,1.5117065,-0.38341653,0.26410446,2.635313,1.5117065,-0.38341653,0.26410446,1.0,1.0,-0.38341653,21.200937271118164,0.4,0.4,-0.15336661
14.766666666666666,9.846527,-8.51616,2.83149,0.99678946,0.012208288,-0.0032893615,-0.07906265,0.06279133,0.0656126,0.003372203,-0.18961094,-0.19338803,0.4244583,0.07231278,0.05479038,0.0052926894,-0.024688838,-0.27446106,-0.83183825,9.850826,-8.495115,2.3612454,9.80595,-8.536935,2.356241,0.06154498,2.5592215,-0.44164518,-2.520826,0.1746121346950531,0.19032162427902222,0.015709489583969116,0.32842397689819336,0.34178441762924194,0.013360440731048584,-0.038905215,-2.4782684,-3.1570845,0.5673797,-0.038905215,-2.4782684,-3.1570845,0.5673797,-0.038905215,-1.0,-1.0,0.5673797,16.119009017944336,-0.4,-0.4,0.22695188
14.783333333333333,9.847715,-8.515275,2.8311663,0.99701536,0.013258203,-0.004158565,-0.07594217,0.06208018,0.061908413,-0.030751444,0.24277823,-0.054741383,0.3600996,0.071046926,0.052558422,-0.028674003,-0.07595121,-0.13391756,-2.0380013,9.852732,-8.49366,2.3611288,9.80595,-8.536935,2.356241,0.06391493,2.6519847,-0.5306357,-2.598355,0.1746121346950531,0.18379530310630798,0.009183168411254883,0.32842397689819336,0.3408268094062805,0.012402832508087158,-0.1714216,2.704022,0.24377973,-0.2642764,-0.1714216,2.704022,0.24377973,-0.2642764,-0.1714216,1.0,0.24377973,-0.2642764,13.896509170532227,0.4,0.097511895,-0.10571056
14.799999999999999,9.84887,-8.514495,2.8320293,0.9973383,0.012405976,-0.0069060726,-0.071517214,0.06223043,0.05620762,0.07437434,-0.1811556,-0.42085946,0.59642977,0.06844,0.044960286,0.0765376,-0.15641569,-0.45588812,6.3126955,9.854608,-8.492353,2.361512,9.80595,-8.536935,2.356241,0.066202946,2.7396991,-0.61915666,-2.6688192,0.1746121346950531,0.18156853318214417,0.0069563984870910645,0.32842397689819336,0.34159818291664124,0.013174206018447876,0.7133422,-2.0062196,-0.7143142,0.97367907,0.7133422,-2.0062196,-0.7143142,0.97367907,0.7133422,-1.0,-0.7143142,0.97367907,28.73533058166504,-0.4,-0.28572568,0.38947162
14.816666666666666,9.850004,-8.513732,2.8312387,0.9975625,0.013556188,-0.0071851625,-0.0680701,0.059760857,0.052224398,-0.090955466,0.25029722,0.11599248,0.35307118,0.06775495,0.045964606,-0.088702686,-0.04110306,0.060259175,-9.914416,9.856456,-8.491153,2.361483,9.80595,-8.536935,2.356241,0.068368845,2.8240929,-0.70814997,-2.7338662,0.1746121346950531,0.18736180663108826,0.012749671936035156,0.32842397689819336,0.34435921907424927,0.015935242176055908,-1.3632697,2.6661954,2.3534307,-1.1614016,-1.3632697,2.6661954,2.3534307,-1.1614016,-1.0,1.0,1.0,-1.0,0.0,0.4,0.4,-0.4
14.833333333333334,9.851074,-8.513079,2.8316808,0.99784476,0.012808002,-0.009464523,-0.06365666,0.058963437,0.046425804,0.060333274,-0.17358091,-0.40077657,0.595775,0.06312367,0.037059907,0.06256286,-0.2778764,-0.5342819,9.0759325,9.858265,-8.490079,2.361338,9.80595,-8.536935,2.356241,0.070415124,2.8994536,-0.7963209,-2.7879572,0.1746121346950531,0.1706722378730774,0.003939896821975708,0.32842397689819336,0.3440116047859192,0.01558762788772583,2.0203543,-2.0858965,-2.3045516,1.6434935,2.0203543,-2.0858965,-2.3045516,1.6434935,1.0,-1.0,-1.0,1.0,33.54301452636719,-0.4,-0.4,0.4
14.85,9.852117,-8.512448,2.8306541,0.9980699,0.014018641,-0.009578867,-0.059733324,0.055622738,0.042175163,-0.10521327,0.25765643,0.1360099,0.42845336,0.06242104,0.03803424,-0.10295376,-0.042158064,0.058460083,-9.930996,9.860038,-8.489126,2.3610117,9.80595,-8.536935,2.356241,0.07234569,2.9753907,-0.8875546,-2.839929,0.1746121346950531,0.18444277346134186,0.009830638766288757,0.32842397689819336,0.3484320342540741,0.020008057355880737,-1.0177299,2.8802094,2.3934507,-0.68711674,-1.0177299,2.8802094,2.3934507,-0.68711674,-1.0,1.0,1.0,-0.68711674,0.0,0.4,0.4,-0.2748467
14.866666666666667,9.853083,-8.51193,2.8308578,0.9983455,0.013343813,-0.011710413,-0.0546902,0.053904247,0.0361936,0.04608158,-0.16619165,-0.3804687,0.6710995,0.056363273,0.028892295,0.048244935,-0.3634659,-0.54851675,9.071921,9.86177,-8.488307,2.3606117,9.80595,-8.536935,2.356241,0.07415921,3.0412169,-0.97773105,-2.879764,0.1746121346950531,0.17577984929084778,0.0011677145957946777,0.32842397689819336,0.34154391288757324,0.013119935989379883,2.4500165,-2.16084,-2.7395368,1.5598456,2.4500165,-2.16084,-2.7395368,1.5598456,1.0,-1.0,-1.0,1.0,33.54301452636719,-0.4,-0.4,0.4
14.883333333333333,9.853997,-8.511451,2.830218,0.99854386,0.014619707,-0.011633332,-0.050607186,0.04971925,0.031927958,-0.069673166,0.265598,0.15935707,0.42769894,0.05438892,0.02866108,-0.06757319,-0.118461095,-0.013872943,-6.949087,9.863447,-8.487631,2.360415,9.80595,-8.536935,2.356241,0.075856544,3.1078427,-1.0722656,-2.9170074,0.1746121346950531,0.1886962503194809,0.014084115624427795,0.32842397689819336,0.34648656845092773,0.018062591552734375,-0.68433,2.732727,2.1790516,-1.3440922,-0.68433,2.732727,2.1790516,-1.3440922,-0.68433,1.0,1.0,-1.0,5.294261932373047,0.4,0.4,-0.4
14.9,9.854812,-8.511093,2.831006,0.99877036,0.014029407,-0.013581968,-0.045566805,0.047331575,0.025782954,0.081257075,-0.15825076,-0.35703513,0.6703196,0.0471461,0.01916291,0.083173186,-0.43456924,-0.56989014,9.044782,9.865063,-8.487112,2.3605645,9.80595,-8.536935,2.356241,0.07742931,3.164139,-1.1664501,-2.941287,0.1746121346950531,0.186479389667511,0.011867254972457886,0.32842397689819336,0.33539533615112305,0.0069713592529296875,2.0027523,-2.1236262,-2.697371,1.9537992,2.0027523,-2.1236262,-2.697371,1.9537992,1.0,-1.0,-1.0,1.0,33.54301452636719,-0.4,-0.4,0.4
14.916666666666666,9.855587,-8.51076,2.8303227,0.9989322,0.015363232,-0.013322796,-0.04148238,0.04249729,0.021279352,-0.084213905,0.27235907,0.17964445,0.4269424,0.046439655,0.020148411,-0.08239061,-0.04238672,0.059130076,-9.933827,9.866623,-8.486724,2.3605993,9.80595,-8.536935,2.356241,0.07887533,3.2202246,-1.2653474,-2.9612062,0.1746121346950531,0.19520452618598938,0.02059239149093628,0.32842397689819336,0.33614885807037354,0.007724881172180176,-1.2488267,2.7202487,2.3501725,-1.419854,-1.2488267,2.7202487,2.3501725,-1.419854,-1.0,1.0,1.0,-1.0,0.0,0.4,0.4,-0.4
14.933333333333334,9.856258,-8.510551,2.8308682,0.99911106,0.014845235,-0.015112593,-0.036445167,0.03937172,0.014973255,0.06718973,-0.15145382,-0.33662963,0.66953874,0.038231142,0.0101228375,0.06873644,-0.49251077,-0.6015344,9.067622,9.868125,-8.486472,2.3605628,9.80595,-8.536935,2.356241,0.08019271,3.26573,-1.3622465,-2.9680424,0.1746121346950531,0.18323665857315063,0.008624523878097534,0.32842397689819336,0.335060715675354,0.0066367387771606445,2.3235836,-2.1618676,-2.5453277,2.1183343,2.3235836,-2.1618676,-2.5453277,2.1183343,1.0,-1.0,-1.0,1.0,33.54301452636719,-0.4,-0.4,0.4
14.95,9.856884,-8.510374,2.830017,0.99923664,0.016230578,-0.014673998,-0.032360066,0.0339518,0.010257644,-0.09244631,0.27883524,0.20040257,0.4261769,0.037332706,0.010929722,-0.09105534,-0.05390614,0.048413087,-9.587506,9.869562,-8.486354,2.3603916,9.80595,-8.536935,2.356241,0.081376575,3.3145788,-1.4648014,-2.9733465,0.1746121346950531,0.19592984020709991,0.021317705512046814,0.32842397689819336,0.3410368263721466,0.012612849473953247,-0.9636164,2.6120396,2.7626214,-1.8334094,-0.9636164,2.6120396,2.7626214,-1.8334094,-0.9636164,1.0,1.0,-1.0,0.61020827293396,0.4,0.4,-0.4
14.966666666666667,9.857395,-8.510325,2.8304176,0.999369,0.015781244,-0.016300602,-0.027326016,0.030225923,0.0037716364,0.058963418,-0.14495075,-0.31579775,0.6687543,0.028396858,0.00029037872,0.059983753,-0.5361509,-0.63836056,9.0623455,9.870929,-8.486371,2.3601925,9.80595,-8.536935,2.356241,0.08242895,3.3535993,-1.565006,-2.9660387,0.1746121346950531,0.19152697920799255,0.016914844512939453,0.32842397689819336,0.3379695415496826,0.009545564651489258,2.5600667,-2.3259687,-2.1977172,1.9965506,2.5600667,-2.3259687,-2.1977172,1.9965506,1.0,-1.0,-1.0,1.0,33.54301452636719,-0.4,-0.4,0.4
14.983333333333333,9.857844,-8.510323,2.8298228,0.99945885,0.01721671,-0.015667886,-0.023240807,0.024277618,-0.001073359,-0.068655804,0.28540382,0.22323807,0.4254098,0.026395349,0.000100261765,-0.0678782,-0.12009054,-0.011407017,-7.671716,9.872216,-8.486534,2.3601093,11.32369,-8.552776,2.2693794,1.4558151,3.3970897,-1.6706324,-2.9579058,0.1746121346950531,0.19553059339523315,0.020918458700180054,0.32842397689819336,0.3375464081764221,0.00912243127822876,-0.76069427,2.298101,3.3739324,-2.656016,-0.76069427,2.298101,3.3739324,-2.656016,-0.76069427,1.0,1.0,-1.0,4.0135178565979,0.4,0.4,-0.4
15.0,9.8582735,-8.510327,2.8266456,0.9995777,0.016979748,-0.010462327,-0.021132763,0.020857815,-0.007322976,-0.23184434,-0.1471614,0.7632415,0.18175495,0.02554344,-0.00043334527,-0.23149042,-0.05111452,-0.03201642,-9.816732,9.873486,-8.486727,2.3578732,11.32369,-8.552776,2.2693794,1.4544029,3.431602,-1.7741446,-2.9373975,0.1746121346950531,0.1983536332845688,0.023741498589515686,0.32842397689819336,0.33223435282707214,0.003810375928878784,-5.722166,-1.8449043,9.019831,-1.1384462,-5.722166,-1.8449043,9.019831,-1.1384462,-1.0,-1.0,1.0,-1.0,0.0,-0.4,0.4,-0.4
15.016666666666666,9.858689,-8.510327,2.82075,0.9996663,0.01858335,-0.00083375594,-0.01792245,0.024262078,-0.013655022,-0.39418092,0.2774685,1.2997032,0.42487395,0.024677236,0.00012678198,-0.3943916,-0.051972266,0.033607632,-9.77407,9.874757,-8.486918,2.35286,11.32369,-8.552776,2.2693794,1.45283,3.4668343,-1.8778982,-2.9141788,0.1746121346950531,0.20015347003936768,0.025541335344314575,0.32842397689819336,0.32728779315948486,0.001136183738708496,-4.3559036,2.5592284,7.639206,1.1812553,-4.3559036,2.5592284,7.639206,1.1812553,-1.0,1.0,1.0,1.0,0.0,0.4,0.4,0.4
15.033333333333333,9.859092,-8.510332,2.8121383,0.99961966,0.01839665,0.013332628,-0.015631434,0.039009374,-0.019974368,-0.55616164,-0.16156064,1.8390626,0.1815882,0.023837738,-0.00046397612,-0.557376,-0.05036987,-0.035445485,-9.779065,9.876035,-8.4871025,2.3450043,11.32369,-8.552776,2.2693794,1.4511166,3.5056193,-1.9835422,-2.890489,0.1746121346950531,0.21355628967285156,0.03894415497779846,0.32842397689819336,0.3439457416534424,0.015521764755249023,-2.7668314,-4.249113,5.984788,-2.6843367,-2.7668314,-4.249113,5.984788,-2.6843367,-1.0,-1.0,1.0,-1.0,0.0,-0.4,0.4,-0.4
15.049999999999999,9.859626,-8.510484,2.80477,0.9994227,0.017268145,0.025406744,-0.014502819,0.056771837,-0.02452721,-0.40309548,-0.15826428,1.3192104,0.08149734,0.03567316,-0.011887762,-0.40607473,0.7101253,-0.68542707,9.078077,9.877228,-8.487401,2.3367064,11.32369,-8.552776,2.2693794,1.4495037,3.5499856,-2.091667,-2.868332,0.1746121346950531,0.1979057788848877,0.023293644189834595,0.32842397689819336,0.34490177035331726,0.0164777934551239,1.0649923,0.0044861883,-2.3841052,-0.40922153,1.0649923,0.0044861883,-2.3841052,-0.40922153,1.0,0.0044861883,-1.0,-0.40922153,33.54301452636719,0.0017944754,-0.4,-0.16368861
15.066666666666666,9.860454,-8.510823,2.7998867,0.99926126,0.015220097,0.03314136,-0.01211719,0.07228106,-0.029062448,-0.25275663,-0.30287865,0.7996,0.32402125,0.054720152,-0.022826642,-0.25775906,1.1428195,-0.6563328,8.89894,9.878243,-8.487945,2.3306158,11.32369,-8.552776,2.2693794,1.4481953,3.5840936,-2.1730595,-2.8501823,0.1746121346950531,0.19596751034259796,0.02135537564754486,0.32842397689819336,0.3493415117263794,0.020917534828186035,1.3568252,-0.34527725,-1.8910451,1.0432011,1.3568252,-0.34527725,-1.8910451,1.0432011,1.0,-0.34527725,-1.0,1.0,33.54301452636719,-0.1381109,-0.4,0.4
15.083333333333334,9.861409,-8.511208,2.793972,0.99914944,0.015446892,0.03664711,-0.010890376,0.087100014,-0.03333546,-0.38137472,0.1246303,0.29817992,0.08094898,0.05828173,-0.023032019,-0.38757852,0.2136947,-0.012322626,-7.789167,9.879134,-8.488646,2.3250053,11.32369,-8.552776,2.2693794,1.4470485,3.5782661,-2.1962647,-2.824962,0.1746121346950531,0.1923455446958542,0.017733410000801086,0.32842397689819336,0.3477146625518799,0.019290685653686523,-0.76760596,2.0265198,-0.9311552,-3.2247329,-0.76760596,2.0265198,-0.9311552,-3.2247329,-0.76760596,1.0,-0.9311552,-1.0,3.8975982666015625,0.4,-0.3724621,-0.4
15.1,9.862618,-8.511702,2.7886796,0.9989495,0.013925496,0.042593807,-0.009571714,0.10313814,-0.03801156,-0.28740665,-0.3024843,0.85295695,0.15956764,0.077591866,-0.031609345,-0.29608324,1.1586081,-0.51463956,5.489716,9.8799305,-8.489471,2.3192244,11.32369,-8.552776,2.2693794,1.4460065,3.542505,-2.1882548,-2.785836,0.1746121346950531,0.21628794074058533,0.04167580604553223,0.32842397689819336,0.3650727868080139,0.03664880990982056,0.6240865,-2.5362973,3.1277828,0.32539323,0.6240865,-2.5362973,3.1277828,0.32539323,0.6240865,-1.0,1.0,0.32539323,27.238378524780273,-0.4,0.4,0.13015729
15.116666666666667,9.863921,-8.512218,2.7816746,0.99877965,0.014109229,0.04631999,-0.00971801,0.12160192,-0.04169077,-0.45138767,0.12631537,0.31252742,-0.08348815,0.078551605,-0.030739635,-0.46169332,0.05758434,0.052182596,-9.936604,9.880648,-8.490396,2.3128207,11.32369,-8.552776,2.2693794,1.4450436,3.4787796,-2.1372507,-2.7448256,0.1746121346950531,0.20207363367080688,0.027461498975753784,0.32842397689819336,0.3496706187725067,0.021246641874313354,-1.922968,2.6828933,-2.9769554,-1.816926,-1.922968,2.6828933,-2.9769554,-1.816926,-1.0,1.0,-1.0,-1.0,0.0,0.4,-0.4,-0.4
15.133333333333333,9.865384,-8.512782,2.7734215,0.99883455,0.012537126,0.04576249,-0.008829614,0.13741778,-0.04545642,-0.49570048,-0.29922318,-0.1941981,0.15929903,0.09076049,-0.0348858,-0.5071631,0.73253316,-0.24876995,-2.7281873,9.8813305,-8.491368,2.304779,11.32369,-8.552776,2.2693794,1.4441005,3.3947468,-2.0649292,-2.6945078,0.1746121346950531,0.20445677638053894,0.02984464168548584,0.32842397689819336,0.36118268966674805,0.03275871276855469,-0.24559696,-3.2293062,-0.9569564,2.3590143,-0.24559696,-3.2293062,-0.9569564,2.3590143,-0.24559696,-1.0,-0.9569564,1.0,12.65247631072998,-0.4,-0.38278255,0.4
15.15,9.866923,-8.513364,2.7633128,0.9987491,0.012727718,0.047507435,-0.009006752,0.15400518,-0.048752535,-0.62709427,0.12913823,0.34419426,-0.083521515,0.092984006,-0.034833647,-0.639908,0.13341084,0.0031292436,-7.964694,9.881973,-8.492396,2.295147,11.32369,-8.552776,2.2693794,1.4432111,3.2963355,-1.9685845,-2.643956,0.1746121346950531,0.19419452548027039,0.019582390785217285,0.32842397689819336,0.3616338074207306,0.03320983052253723,-0.8018568,3.7352567,3.9197333,-1.7746847,-0.8018568,3.7352567,3.9197333,-1.7746847,-0.8018568,1.0,1.0,-1.0,3.32315993309021,0.4,0.4,-0.4
15.166666666666666,9.86861,-8.513987,2.7518883,0.99879634,0.011180837,0.04706235,-0.00811567,0.17012703,-0.051552903,-0.6874933,-0.2965588,-0.18669929,0.15925151,0.10395353,-0.038232084,-0.70141286,0.6581716,-0.20390621,-3.6902902,9.882585,-8.493469,2.2838588,11.32369,-8.552776,2.2693794,1.4423983,3.1864793,-1.857877,-2.5888112,0.1746121346950531,0.20132753252983093,0.026715397834777832,0.32842397689819336,0.3490011394023895,0.020577162504196167,-0.34651735,-3.6404357,-1.8369031,2.1589773,-0.34651735,-3.6404357,-1.8369031,2.1589773,-0.34651735,-1.0,-1.0,1.0,10.95988941192627,-0.4,-0.4,0.4
15.183333333333334,9.870387,-8.5146265,2.7387197,0.99870545,0.01139391,0.04887477,-0.008296198,0.18791167,-0.054490365,-0.80448467,0.13202418,0.35250354,-0.08357327,0.1076403,-0.03841218,-0.8200083,0.22120623,-0.010805725,-7.115725,9.88316,-8.494594,2.2709932,11.32369,-8.552776,2.2693794,1.4417063,3.0647745,-1.7250375,-2.5331972,0.1746121346950531,0.20004037022590637,0.02542823553085327,0.32842397689819336,0.35132884979248047,0.02290487289428711,-0.7120535,4.254796,3.8130698,-2.128705,-0.7120535,4.254796,3.8130698,-2.128705,-0.7120535,1.0,1.0,-1.0,4.829297065734863,0.4,0.4,-0.4
15.2,9.872404,-8.515324,2.7250884,0.99874574,0.009879275,0.048523046,-0.00740316,0.20479508,-0.056535244,-0.80140126,-0.29263833,-0.1745434,0.15914334,0.12535994,-0.042959694,-0.81842566,1.063178,-0.27285084,0.094957344,9.883696,-8.495788,2.2570722,11.32369,-8.552776,2.2693794,1.4411746,2.9331386,-1.5766637,-2.4733446,0.1746121346950531,0.19321312010288239,0.018600985407829285,0.32842397689819336,0.3518237769603729,0.023399800062179565,0.05696069,-4.0019717,-2.1133575,1.8676226,0.05696069,-4.0019717,-2.1133575,1.8676226,0.05696069,-1.0,-1.0,1.0,17.726823806762695,-0.4,-0.4,0.4
15.216666666666667,9.874606,-8.516052,2.7106068,0.9986461,0.010129139,0.050455797,-0.0075880582,0.22376655,-0.059066422,-0.86727726,0.13672277,0.3676685,-0.08368726,0.13437937,-0.04400024,-0.8864177,0.54116607,-0.062432658,-4.0795217,9.884179,-8.497069,2.242526,11.32369,-8.552776,2.2693794,1.440839,2.785722,-1.3938015,-2.4119627,0.1746121346950531,0.19033047556877136,0.01571834087371826,0.32842397689819336,0.3573298156261444,0.02890583872795105,-0.38559806,4.242428,2.2104483,-2.6148732,-0.38559806,4.242428,2.2104483,-2.6148732,-0.38559806,1.0,1.0,-1.0,10.30444622039795,0.4,0.4,-0.4
15.233333333333333,9.876976,-8.51682,2.6949239,0.9986792,0.008648727,0.050200976,-0.0066936454,0.24097377,-0.060461976,-0.93954664,-0.2891156,-0.1639924,0.15904811,0.14477782,-0.04659826,-0.9598645,0.6239068,-0.15588126,-4.4068084,9.88463,-8.498419,2.226882,11.32369,-8.552776,2.2693794,1.4407134,2.6246686,-1.1816376,-2.3436334,0.1746121346950531,0.18821178376674652,0.01359964907169342,0.32842397689819336,0.36121606826782227,0.032792091369628906,-0.41820663,-4.6775537,-3.1630592,1.1435055,-0.41820663,-4.6775537,-3.1630592,1.1435055,-0.41820663,-1.0,-1.0,1.0,9.757552146911621,-0.4,-0.4,0.4
15.25,9.879797,-8.517653,2.6808245,0.99870795,0.008937408,0.04954451,-0.0069061196,0.25731236,-0.062422823,-0.7877976,0.14480798,-0.05111251,-0.083655104,0.17724425,-0.05112584,-0.81037146,1.9479855,-0.27165478,8.969582,9.885032,-8.499892,2.211715,11.32369,-8.552776,2.2693794,1.4407848,2.4603944,-0.944768,-2.2717733,0.1746121346950531,0.19449232518672943,0.01988019049167633,0.32842397689819336,0.35716861486434937,0.028744637966156006,1.2125074,3.9338415,0.1775852,-3.012435,1.2125074,3.9338415,0.1775852,-3.012435,1.0,1.0,0.1775852,-1.0,33.54301452636719,0.4,0.07103408,-0.4
15.266666666666666,9.88276,-8.518514,2.6652396,0.99890083,0.007448778,0.04577699,-0.0067903246,0.26738897,-0.06315501,-0.95548296,-0.28296214,-0.5879506,0.040283956,0.17805837,-0.05177443,-0.97675365,0.048847493,-0.038915496,-9.982931,9.885399,-8.501466,2.196501,11.32369,-8.552776,2.2693794,1.4410505,2.2859423,-0.6461135,-2.1927311,0.1746121346950531,0.19798222184181213,0.023370087146759033,0.32842397689819336,0.3686157464981079,0.04019176959991455,-1.5632738,-4.3534822,-2.74611,0.51078,-1.5632738,-4.3534822,-2.74611,0.51078,-1.0,-1.0,-1.0,0.51078,0.0,-0.4,-0.4,0.204312
15.283333333333333,9.8860855,-8.519425,2.6508734,0.9989534,0.0077318246,0.04436477,-0.00799506,0.27993223,-0.06427983,-0.8036,0.14953145,-0.03167627,-0.20212351,0.20659456,-0.055559695,-0.8261348,1.7121711,-0.22711581,9.03713,9.885753,-8.503139,2.1812656,11.32369,-8.552776,2.2693794,1.4414898,2.129676,-0.32570007,-2.1046233,0.1746121346950531,0.21501368284225464,0.04040154814720154,0.32842397689819336,0.36612921953201294,0.03770524263381958,2.0205846,4.5470133,3.2699876,-1.5062406,2.0205846,4.5470133,3.2699876,-1.5062406,1.0,1.0,1.0,-1.0,33.54301452636719,0.4,0.4,-0.4
15.299999999999999,9.889587,-8.520367,2.6355631,0.9991155,0.0062717153,0.040777676,-0.008126392,0.28886694,-0.06464699,-0.9285766,-0.27753744,-0.5659697,0.040719382,0.21121652,-0.056923702,-0.94975007,0.27731806,-0.08184045,-7.4169154,9.886105,-8.504908,2.1662211,11.32369,-8.552776,2.2693794,1.442077,2.0110512,0.04108013,-2.0106316,0.1746121346950531,0.20888854563236237,0.034276410937309265,0.32842397689819336,0.37687334418296814,0.04844936728477478,-0.728014,-5.032726,-3.8090773,2.151956,-0.728014,-5.032726,-3.8090773,2.151956,-0.728014,-1.0,-1.0,1.0,4.561615467071533,-0.4,-0.4,0.4
15.316666666666666,9.893424,-8.521356,2.6216462,0.9991524,0.00660667,0.039545298,-0.009324926,0.29996094,-0.06540681,-0.7771615,0.15514888,-0.009950108,-0.20156752,0.23639932,-0.059989106,-0.79921913,1.5109679,-0.1839242,9.031856,9.886475,-8.506783,2.1515074,11.32369,-8.552776,2.2693794,1.4427745,1.9562175,0.42987403,-1.9084013,0.1746121346950531,0.19839006662368774,0.023777931928634644,0.32842397689819336,0.36259058117866516,0.0341666042804718,2.3004744,3.98575,2.3999825,-1.8083242,2.3004744,3.98575,2.3999825,-1.8083242,1.0,1.0,1.0,-1.0,33.54301452636719,0.4,0.4,-0.4
15.333333333333334,9.897516,-8.522389,2.6080577,0.99928707,0.005201222,0.03617884,-0.009454995,0.30858582,-0.065774195,-0.8009817,-0.27025458,-0.53809416,0.04131888,0.24861808,-0.06259972,-0.82182324,0.73312545,-0.15663674,-1.3562464,9.886895,-8.508771,2.137811,11.32369,-8.552776,2.2693794,1.4434775,1.9930247,0.857771,-1.7989931,0.1746121346950531,0.21882113814353943,0.04420900344848633,0.32842397689819336,0.3942756950855255,0.06585171818733215,-0.084953494,-5.5111814,-4.5204024,2.0671127,-0.084953494,-5.5111814,-4.5204024,2.0671127,-0.084953494,-1.0,-1.0,1.0,15.346709251403809,-0.4,-0.4,0.4
15.35,9.901939,-8.523463,2.5962648,0.9993087,0.0056033493,0.035174977,-0.010646425,0.31861115,-0.06614093,-0.65044147,0.16255397,0.01767128,-0.20094422,0.2706678,-0.06500421,-0.671919,1.3229825,-0.1442693,8.994255,9.887403,-8.510874,2.1253016,11.32369,-8.552776,2.2693794,1.4441042,2.1318862,1.3110296,-1.6811129,0.1746121346950531,0.21541795134544373,0.040805816650390625,0.32842397689819336,0.37360841035842896,0.045184433460235596,1.485922,3.6079502,1.6397067,-2.050733,1.485922,3.6079502,1.6397067,-2.050733,1.0,1.0,1.0,-1.0,33.54301452636719,0.4,0.4,-0.4
15.366666666666667,9.906506,-8.524564,2.583639,0.9994206,0.0042485516,0.03200391,-0.010774896,0.32617277,-0.06643815,-0.7667303,-0.2644235,-0.5160511,0.041873395,0.2750018,-0.06631651,-0.7865457,0.26004016,-0.07873803,-6.877602,9.888001,-8.513059,2.1132295,11.32369,-8.552776,2.2693794,1.4447017,2.373896,1.794518,-1.5540551,0.1746121346950531,0.23005959391593933,0.05544745922088623,0.32842397689819336,0.37263354659080505,0.044209569692611694,-0.67068315,-5.8841605,-5.2453394,2.036908,-0.67068315,-5.8841605,-5.2453394,2.036908,-0.67068315,-1.0,-1.0,1.0,5.523139953613281,-0.4,-0.4,0.4
15.383333333333333,9.911333,-8.525693,2.572446,0.9994311,0.0047058216,0.031180736,-0.011959821,0.33486038,-0.0665412,-0.6154139,0.16855693,0.03953615,-0.20032,0.2942162,-0.06817838,-0.6356744,1.1528634,-0.11171221,9.052277,9.8887205,-8.515324,2.1015697,11.32369,-8.552776,2.2693794,1.445234,2.689948,2.2844958,-1.420176,0.1746121346950531,0.1976865530014038,0.023074418306350708,0.32842397689819336,0.35255229473114014,0.024128317832946777,3.0106091,3.6766896,2.1485329,-2.1180573,3.0106091,3.6766896,2.1485329,-2.1180573,1.0,1.0,1.0,-1.0,33.54301452636719,0.4,0.4,-0.4
15.4,9.916489,-8.526877,2.5637355,0.99952066,0.0034274582,0.028293505,-0.012085593,0.34302324,-0.06726832,-0.4683621,-0.25391814,-0.4783607,0.04266902,0.3142839,-0.07193851,-0.4874459,1.2040632,-0.22560774,8.893711,9.889673,-8.517696,2.0922284,11.32369,-8.552776,2.2693794,1.4453437,3.0714793,2.7920818,-1.2799467,0.1746121346950531,0.1971394419670105,0.022527307271957397,0.32842397689819336,0.33601582050323486,0.007591843605041504,1.8073184,-6.2036405,-5.2158136,1.9302402,1.8073184,-6.2036405,-5.2158136,1.9302402,1.0,-1.0,-1.0,1.0,33.54301452636719,-0.4,-0.4,0.4
15.416666666666666,9.921939,-8.528096,2.5575023,0.99951804,0.0039793267,0.027781315,-0.013263347,0.35095906,-0.066861525,-0.3190948,0.17902333,0.07725285,-0.19966121,0.3308188,-0.07329008,-0.3386026,0.9920936,-0.08109435,8.930597,9.890925,-8.520178,2.0854955,11.32369,-8.552776,2.2693794,1.4448847,3.500098,3.3115602,-1.1332498,0.1746121346950531,0.1917772889137268,0.017165154218673706,0.32842397689819336,0.31810370087623596,0.010320276021957397,2.2609582,3.6637573,1.6977962,-2.2616937,2.2609582,3.6637573,1.6977962,-2.2616937,1.0,1.0,1.0,-1.0,33.54301452636719,0.4,0.4,-0.4
15.433333333333334,9.927675,-8.529359,2.553742,0.9995886,0.0027893016,0.025208833,-0.0133867925,0.35958108,-0.06818513,-0.17214507,-0.24347384,-0.44061542,0.04332185,0.34849808,-0.07665625,-0.19040644,1.0607564,-0.20197032,8.891769,9.892516,-8.522744,2.0813878,11.32369,-8.552776,2.2693794,1.4437807,3.9534404,3.8307211,-0.9773778,0.1746121346950531,0.1837000846862793,0.009087949991226196,0.32842397689819336,0.3257044553756714,0.0027195215225219727,1.5411712,-5.6402416,-5.231051,1.8189069,1.5411712,-5.6402416,-5.231051,1.8189069,1.0,-1.0,-1.0,1.0,33.54301452636719,-0.4,-0.4,0.4
15.45,9.933668,-8.530651,2.5524611,0.99957526,0.0034358492,0.025007967,-0.014558691,0.36657867,-0.067266844,-0.022639932,0.18955423,0.11496775,-0.19901885,0.36286578,-0.07767103,-0.0413878,0.8620619,-0.060886588,8.941118,9.894498,-8.525392,2.079886,11.32369,-8.552776,2.2693794,1.4419601,4.4197693,4.343704,-0.8164511,0.1746121346950531,0.19252635538578033,0.017914220690727234,0.32842397689819336,0.31620702147483826,0.012216955423355103,2.472529,3.7566547,1.9209995,-2.2004268,2.472529,3.7566547,1.9209995,-2.2004268,1.0,1.0,1.0,-1.0,33.54301452636719,0.4,0.4,-0.4
15.466666666666667,9.939916,-8.531984,2.5536575,0.9996307,0.002335403,0.022749912,-0.01467957,0.37552127,-0.06915727,0.12451994,-0.23296918,-0.40281132,0.043972593,0.3785887,-0.08077228,0.107007384,0.94337577,-0.1860751,8.90371,9.896909,-8.528094,2.0809708,11.32369,-8.552776,2.2693794,1.4393793,4.883719,4.8403807,-0.64917403,0.1746121346950531,0.18281033635139465,0.008198201656341553,0.32842397689819336,0.33928531408309937,0.010861337184906006,2.0198295,-5.1128087,-4.491419,2.0106761,2.0198295,-5.1128087,-4.491419,2.0106761,1.0,-1.0,-1.0,1.0,33.54301452636719,-0.4,-0.4,0.4
15.483333333333333,9.946389,-8.5333395,2.5573356,0.9996083,0.0030771028,0.022861121,-0.015845792,0.38144752,-0.06769168,0.27432832,0.20012805,0.15280376,-0.19838853,0.39121458,-0.08157304,0.25619802,0.7575523,-0.048045512,8.951438,9.899795,-8.530845,2.0846179,11.32369,-8.552776,2.2693794,1.4360003,5.3374276,5.315788,-0.48013696,0.1746121346950531,0.16957128047943115,0.005040854215621948,0.32842397689819336,0.3287065327167511,0.00028255581855773926,3.1587617,3.4359818,2.8549118,-1.9980762,3.1587617,3.4359818,2.8549118,-1.9980762,1.0,1.0,1.0,-1.0,33.54301452636719,0.4,0.4,-0.4
15.5,9.953092,-8.534737,2.5634933,0.99965155,0.0020672558,0.020918373,-0.015963724,0.39058474,-0.07011211,0.4217354,-0.22245371,-0.36483642,0.04461406,0.4054101,-0.08453275,0.40475887,0.85173184,-0.17758279,8.9136505,9.903191,-8.533624,2.0908089,11.32369,-8.552776,2.2693794,1.431808,5.7689075,5.7606835,-0.3079259,0.1746121346950531,0.1708974838256836,0.003714650869369507,0.32842397689819336,0.34160494804382324,0.013180971145629883,2.6792693,-4.6307173,-3.043973,2.516678,2.6792693,-4.6307173,-3.043973,2.516678,1.0,-1.0,-1.0,1.0,33.54301452636719,-0.4,-0.4,0.4
15.516666666666666,9.959996,-8.536155,2.5721357,0.9996213,0.0029042675,0.021343373,-0.017124502,0.39531472,-0.068059586,0.5718736,0.21069534,0.19086504,-0.19778039,0.41672948,-0.08524205,0.55408984,0.6791621,-0.042557713,8.959858,9.907134,-8.536419,2.0995228,11.32369,-8.552776,2.2693794,1.4267974,6.1725297,6.171001,-0.13736549,0.1746121346950531,0.14728587865829468,0.027326256036758423,0.32842397689819336,0.3363189995288849,0.007895022630691528,3.4939718,2.7875905,3.57277,-1.8848307,3.4939718,2.7875905,3.57277,-1.8848307,1.0,1.0,1.0,-1.0,33.54301452636719,0.4,0.4,-0.4
15.533333333333333,9.967108,-8.537613,2.5832586,0.9996549,0.0019857336,0.0197177,-0.017239332,0.4045273,-0.0709688,0.7195548,-0.2119798,-0.32660717,0.045234162,0.42983755,-0.08818301,0.7027812,0.7864844,-0.1764576,8.921481,9.911648,-8.539213,2.1107416,11.32369,-8.552776,2.2693794,1.4209906,6.538826,6.5387444,0.03260515,0.1746121346950531,0.1801287680864334,0.00551663339138031,0.32842397689819336,0.3492102324962616,0.020786255598068237,2.9509678,-4.4435534,-1.7231905,3.1834624,2.9509678,-4.4435534,-1.7231905,3.1834624,1.0,-1.0,-1.0,1.0,33.54301452636719,-0.4,-0.4,0.4
15.549999999999999,9.974406,-8.539091,2.5968697,0.99961716,0.0029176592,0.020458328,-0.018395273,0.407941,-0.06828674,0.8700393,0.2212059,0.2292229,-0.19721325,0.44029602,-0.088923156,0.85222024,0.6275081,-0.044408884,8.966342,9.91677,-8.541992,2.12445,11.32369,-8.552776,2.2693794,1.4144065,6.864429,6.8615866,0.19751458,0.1746121346950531,0.17629168927669525,0.0016795545816421509,0.32842397689819336,0.3480677604675293,0.019643783569335938,3.7014592,1.9323682,4.058045,-1.7837206,3.7014592,1.9323682,4.058045,-1.7837206,1.0,1.0,1.0,-1.0,33.54301452636719,0.4,0.4,-0.4
15.566666666666666,9.981902,-8.540611,2.612963,0.99963087,0.0021014605,0.019777806,-0.01850539,0.41574317,-0.071641944,1.018578,-0.20175627,-0.18797725,0.045786925,0.45267308,-0.09196401,1.0010524,0.74262315,-0.182451,8.929928,9.922517,-8.544743,2.1406312,11.32369,-8.552776,2.2693794,1.4070991,7.1411953,7.1322126,0.35807037,0.1746121346950531,0.1966876983642578,0.022075563669204712,0.32842397689819336,0.33637309074401855,0.007949113845825195,3.031003,-4.69673,-0.8135625,3.6597834,3.031003,-4.69673,-0.8135625,3.6597834,1.0,-1.0,-0.8135625,1.0,33.54301452636719,-0.4,-0.325425,0.4
15.583333333333334,9.989582,-8.542155,2.6315455,0.999567,0.0031408502,0.021669397,-0.019656664,0.4161253,-0.06829032,1.1701143,0.23149367,0.36781928,-0.19675283,0.46326497,-0.09287568,1.1505437,0.6355136,-0.05470052,8.969479,9.928911,-8.547451,2.1592739,11.32369,-8.552776,2.2693794,1.3991286,7.3674927,7.349825,0.5099182,0.1746121346950531,0.24385416507720947,0.06924203038215637,0.32842397689819336,0.3355981707572937,0.007174193859100342,3.6686943,1.0227691,3.8373585,-1.1928846,3.6686943,1.0227691,3.8373585,-1.1928846,1.0,1.0,1.0,-1.0,33.54301452636719,0.4,0.4,-0.4
15.6,9.997472,-8.543743,2.652612,0.9995402,0.0024466894,0.022865783,-0.019757237,0.4198285,-0.07204585,1.3203484,-0.19159544,0.0664305,0.046246357,0.47643432,-0.096174404,1.2994334,0.79016083,-0.19792332,8.933379,9.935966,-8.550104,2.1803684,11.32369,-8.552776,2.2693794,1.3905792,7.5382304,7.509838,0.6536473,0.1746121346950531,0.21261203289031982,0.037999898195266724,0.32842397689819336,0.30490148067474365,0.023522496223449707,2.8479428,-4.9361596,-0.59792924,4.065242,2.8479428,-4.9361596,-0.59792924,4.065242,1.0,-1.0,-0.59792924,1.0,33.54301452636719,-0.4,-0.2391717,0.4
15.616666666666667,10.005575,-8.545366,2.6761658,0.99943626,0.001861264,0.026909245,-0.019987585,0.41405305,-0.074261636,1.4734666,-0.04160798,0.6227912,-0.05613267,0.4892936,-0.09776976,1.4488242,0.77155703,-0.09572133,8.963449,9.943691,-8.552691,2.2039073,11.32369,-8.552776,2.2693794,1.3815514,7.6542306,7.6138563,0.7851376,0.1746121346950531,0.2015228271484375,0.0269106924533844,0.32842397689819336,0.28373342752456665,0.04469054937362671,2.728961,0.3402735,2.834827,-0.421188,2.728961,0.3402735,2.834827,-0.421188,1.0,0.3402735,1.0,-0.421188,33.54301452636719,0.1361094,0.4,-0.1684752
15.633333333333333,10.013922,-8.547022,2.7017741,0.9993994,-0.0009188955,0.029057734,-0.01885559,0.41639465,-0.08536676,1.5901885,-0.4428017,0.12741387,0.18659905,0.50459677,-0.09984331,1.5635808,0.9181898,-0.12441292,6.8853946,9.952055,-8.555205,2.2296324,11.32369,-8.552776,2.2693794,1.3722134,7.714056,7.6608853,0.9041536,0.1746121346950531,0.14201225340366364,0.032599881291389465,0.32842397689819336,0.2802944779396057,0.048129498958587646,0.7847289,-0.9470986,-0.9552616,2.2062428,0.7847289,-0.9470986,-0.9552616,2.2062428,0.7847289,-0.9470986,-0.9552616,1.0,29.932594299316406,-0.37883946,-0.38210464,0.4
15.65,10.022331,-8.5486765,2.7259438,0.99926066,-0.0018487432,0.033486087,-0.018796604,0.41218886,-0.08708076,1.4427667,-0.014552821,0.663583,-0.05644322,0.5043668,-0.09903927,1.4123964,-0.013797282,0.048242208,-9.071059,9.960764,-8.557676,2.255245,11.32369,-8.552776,2.2693794,1.3630086,7.7250714,7.6587477,1.0101055,0.1746121346950531,0.15966536104679108,0.014946773648262024,0.32842397689819336,0.26036760210990906,0.0680563747882843,-0.9112034,3.3119154,3.3912501,-2.9862728,-0.9112034,3.3119154,3.3912501,-2.9862728,-0.9112034,1.0,1.0,-1.0,1.489253044128418,0.4,0.4,-0.4
15.666666666666666,10.030743,-8.55033,2.7474391,0.999151,-0.0021885817,0.037118573,-0.01774047,0.41411787,-0.088475466,1.2826811,-0.06654706,0.35907212,0.18666339,0.50483525,-0.09924658,1.2489531,0.028105972,-0.012438296,-9.806599,9.969503,-8.5601425,2.2783742,11.32369,-8.552776,2.2693794,1.354237,7.7019906,7.6214566,1.110881,0.1746121346950531,0.11700931191444397,0.05760282278060913,0.32842397689819336,0.27051228284835815,0.057911694049835205,-1.2839978,-0.12298234,-0.56624264,2.367798,-1.2839978,-0.12298234,-0.56624264,2.367798,-1.0,-0.12298234,-0.56624264,1.0,0.0,-0.049192935,-0.22649705,0.4
15.683333333333334,10.039187,-8.551981,2.7667341,0.99889195,-0.0032235126,0.04349763,-0.017676868,0.41065213,-0.090285674,1.1664476,-0.16149333,0.89867526,-0.056689452,0.5071744,-0.09912651,1.1270913,0.14034748,0.007203966,-7.3117085,9.97826,-8.562606,2.2988944,11.32369,-8.552776,2.2693794,1.34579,7.676755,7.580606,1.2111888,0.1746121346950531,0.1641133427619934,0.010498791933059692,0.32842397689819336,0.2890693247318268,0.03935465216636658,-0.7402492,-0.2175578,1.3419591,-2.682468,-0.7402492,-0.2175578,1.3419591,-2.682468,-0.7402492,-0.2175578,1.0,-1.0,4.356411933898926,-0.087023124,0.4,-0.4
15.7,10.047707,-8.553626,2.7841444,0.99872285,-0.0024741306,0.047628123,-0.016673334,0.4167878,-0.08816219,1.0606759,0.15433969,0.36355895,0.18659061,0.51274425,-0.09853387,1.0168099,0.33419248,0.035558492,-6.6168804,9.987079,-8.565059,2.3172216,11.32369,-8.552776,2.2693794,1.337524,7.6549625,7.541778,1.3115005,0.1746121346950531,0.12872155010700226,0.04589058458805084,0.32842397689819336,0.27360790967941284,0.05481606721878052,-0.6601497,0.7298734,-4.2703147,2.093518,-0.6601497,0.7298734,-4.2703147,2.093518,-0.6601497,0.7298734,-1.0,1.0,5.699801921844482,0.29194936,-0.4,0.4
15.716666666666667,10.05631,-8.555273,2.7995412,0.9986991,-0.003859592,0.048067484,-0.016573276,0.43222567,-0.09033486,0.937541,-0.27468738,-0.054510083,-0.056752346,0.5171672,-0.099017195,0.8925784,0.26537776,-0.028999595,-7.453891,9.995983,-8.567493,2.3334312,11.32369,-8.552776,2.2693794,1.3293328,7.6360345,7.504496,1.4112275,0.1746121346950531,0.16874507069587708,0.005867063999176025,0.32842397689819336,0.2868865132331848,0.041537463665008545,-0.74731916,-3.0613246,-0.7846942,-2.5297766,-0.74731916,-3.0613246,-0.7846942,-2.5297766,-0.74731916,-1.0,-0.7846942,-1.0,4.2378387451171875,-0.4,-0.31387767,-0.4
15.733333333333333,10.065035,-8.556909,2.8135931,0.9985837,-0.0033636647,0.050767135,-0.015557904,0.442136,-0.08851106,0.87450445,0.15569592,0.45111978,0.18660748,0.5256809,-0.09786182,0.8259292,0.51082134,0.069322586,-3.9989517,10.005007,-8.569905,2.3478887,11.32369,-8.552776,2.2693794,1.3211297,7.6178293,7.4669805,1.5084859,0.1746121346950531,0.16152901947498322,0.013083115220069885,0.32842397689819336,0.26948899030685425,0.05893498659133911,-0.38463253,2.0576615,0.931563,2.1508102,-0.38463253,2.0576615,0.931563,2.1508102,-0.38463253,1.0,0.931563,1.0,10.320639610290527,0.4,0.3726252,0.4
15.75,10.073912,-8.558543,2.826341,0.9985562,-0.0047331583,0.051227495,-0.015454369,0.45885822,-0.090004504,0.79402405,-0.27258322,-0.08001496,-0.056716554,0.5348469,-0.09809386,0.743937,0.54996014,-0.013922452,-4.9195323,10.014209,-8.57228,2.3609695,11.32369,-8.552776,2.2693794,1.3128257,7.6010647,7.4298244,1.6043357,0.1746121346950531,0.15415100753307343,0.020461127161979675,0.32842397689819336,0.2679530382156372,0.06047093868255615,-0.4742781,-3.2053843,-2.3234797,-2.4880238,-0.4742781,-3.2053843,-2.3234797,-2.4880238,-0.4742781,-1.0,-1.0,-1.0,8.81714916229248,-0.4,-0.4,-0.4
15.766666666666666,10.082911,-8.560164,2.8375669,0.9985568,-0.0042543067,0.051555697,-0.014431544,0.47455996,-0.08807457,0.7012574,0.15818651,0.07939404,0.18658763,0.54162914,-0.09700577,0.6495799,0.406934,0.065285414,-5.6614275,10.023563,-8.57462,2.3725412,11.32369,-8.552776,2.2693794,1.3043964,7.581419,7.389348,1.6957151,0.1746121346950531,0.13165202736854553,0.04296010732650757,0.32842397689819336,0.2545584738254547,0.07386550307273865,-0.5567603,1.7901107,0.29053295,2.2001374,-0.5567603,1.7901107,0.29053295,2.2001374,-0.5567603,1.0,0.29053295,1.0,7.433797836303711,0.4,0.11621318,0.4
15.783333333333333,10.092067,-8.561779,2.8476002,0.9985112,-0.0055998988,0.05233121,-0.01433093,0.49036583,-0.088849805,0.638979,-0.27033165,0.094608605,-0.05681089,0.55186796,-0.09694164,0.5853983,0.6143295,0.0038476286,-3.8508937,10.033091,-8.576917,2.3827245,11.32369,-8.552776,2.2693794,1.2957923,7.558745,7.345077,1.7845079,0.1746121346950531,0.11111991852521896,0.06349221616983414,0.32842397689819336,0.27823692560195923,0.05018705129623413,-0.3635074,-3.5448327,0.014317706,-2.4496448,-0.3635074,-3.5448327,0.014317706,-2.4496448,-0.3635074,-1.0,0.014317706,-1.0,10.67494010925293,-0.4,0.0057270825,-0.4
15.799999999999999,10.101404,-8.563375,2.8565712,0.9986576,-0.00512956,0.049798597,-0.013293619,0.510829,-0.08681065,0.5744793,0.16248678,-0.43731487,0.18646687,0.5630723,-0.09547455,0.52186495,0.67226166,0.08802562,-3.8120017,10.042817,-8.579164,2.391772,11.32369,-8.552776,2.2693794,1.2869781,7.534335,7.2989125,1.8687121,0.1746121346950531,0.1036313846707344,0.0709807500243187,0.32842397689819336,0.27150002121925354,0.05692395567893982,-0.3563087,1.3338093,-1.1832194,2.2682638,-0.3563087,1.3338093,-1.1832194,2.2682638,-0.3563087,1.0,-1.0,1.0,10.795673370361328,0.4,-0.4,0.4
15.816666666666666,10.1109085,-8.564961,2.8645504,0.99866205,-0.0064534005,0.04958149,-0.013195334,0.5262911,-0.08697418,0.516997,-0.26620594,0.10808422,-0.05701099,0.5725701,-0.09515667,0.46361777,0.5698657,0.01907274,-3.4948306,10.052757,-8.581354,2.3997731,11.32369,-8.552776,2.2693794,1.2779243,7.5078926,7.250498,1.9490336,0.1746121346950531,0.08885890990495682,0.08575322479009628,0.32842397689819336,0.282682329416275,0.045741647481918335,-0.32603425,-3.9272633,2.7820845,-2.468694,-0.32603425,-3.9272633,2.7820845,-2.468694,-0.32603425,-1.0,1.0,-1.0,11.303421974182129,-0.4,0.4,-0.4
15.833333333333334,10.120637,-8.566523,2.8720007,0.99879175,-0.0064250375,0.047184937,-0.012135255,0.5452463,-0.08540039,0.49274948,0.090030424,-0.42114434,0.18622623,0.58716077,-0.09315628,0.4404009,0.8754408,0.12002348,-1.3930123,10.062946,-8.583476,2.4070475,11.32369,-8.552776,2.2693794,1.2686098,7.4754105,7.196275,2.0237052,0.1746121346950531,0.09356889873743057,0.08104323595762253,0.32842397689819336,0.3117966055870056,0.016627371311187744,-0.09888739,0.8202173,-1.1623666,2.2480688,-0.09888739,0.8202173,-1.1623666,2.2480688,-0.09888739,0.8202173,-1.0,1.0,15.113017082214355,0.32808694,-0.4,0.4
15.85,10.130525,-8.5680685,2.8784912,0.9987828,-0.008351848,0.0471028,-0.012014422,0.55970174,-0.08541185,0.4247554,-0.33884352,0.12345349,-0.057219207,0.59512484,-0.092642665,0.37178242,0.47784445,0.030816792,-4.1171083,10.07338,-8.585527,2.4135532,11.32369,-8.552776,2.2693794,1.2590209,7.439452,7.138974,2.0929625,0.1746121346950531,0.1257888674736023,0.048823267221450806,0.32842397689819336,0.3117770552635193,0.016646921634674072,-0.39020234,-3.302919,2.750811,-2.5332265,-0.39020234,-3.302919,2.750811,-2.5332265,-0.39020234,-1.0,1.0,-1.0,10.227226257324219,-0.4,0.4,-0.4
15.866666666666667,10.14064,-8.569574,2.8846593,0.9988983,-0.008441589,0.0448442,-0.01094647,0.57735157,-0.08326485,0.42017382,0.09499833,-0.40473232,0.18606266,0.6108541,-0.08962261,0.36829197,0.94375485,0.18120332,-0.20942686,10.08407,-8.587501,2.4194503,11.32369,-8.552776,2.2693794,1.2491539,7.392214,7.0710053,2.1553907,0.1746121346950531,0.1401333510875702,0.03447878360748291,0.32842397689819336,0.32391881942749023,0.004505157470703125,0.026120713,1.2951926,-1.2541577,2.1092246,0.026120713,1.2951926,-1.2541577,2.1092246,0.026120713,1.0,-1.0,1.0,17.209590911865234,0.4,-0.4,0.4
15.883333333333333,10.150899,-8.57106,2.8897488,0.99887973,-0.010327798,0.044889614,-0.010834087,0.5909516,-0.082269534,0.33631107,-0.33417442,0.13885376,-0.057382096,0.6169621,-0.08895931,0.2837979,0.36647913,0.039798167,-5.069645,10.095006,-8.589397,2.4246173,11.32369,-8.552776,2.2693794,1.2389936,7.3411417,6.9996076,2.2131095,0.1746121346950531,0.12987199425697327,0.044740140438079834,0.32842397689819336,0.29399943351745605,0.034424543380737305,-0.49059194,-3.443863,2.7239733,-2.5781565,-0.49059194,-3.443863,2.7239733,-2.5781565,-0.49059194,-1.0,1.0,-1.0,8.543540954589844,-0.4,0.4,-0.4
15.9,10.161389,-8.572494,2.8946545,0.9989834,-0.010375101,0.0427667,-0.0097664725,0.6074412,-0.07950967,0.34796023,0.09994021,-0.38832006,0.18589361,0.6334249,-0.08494726,0.29654646,0.9877681,0.24072288,0.7649141,10.1061945,-8.591212,2.4291852,11.32369,-8.552776,2.2693794,1.2285404,7.276546,6.9154153,2.2638805,0.1746121346950531,0.1520622968673706,0.022549837827682495,0.32842397689819336,0.30091872811317444,0.02750524878501892,0.12850113,1.152227,-1.3543772,2.0374424,0.12850113,1.152227,-1.3543772,2.0374424,0.12850113,1.0,-1.0,1.0,18.926666259765625,0.4,-0.4,0.4
15.916666666666666,10.172011,-8.573899,2.8984606,0.998956,-0.012220405,0.042943537,-0.009662595,0.6203046,-0.07758021,0.2572341,-0.3293861,0.15481439,-0.057550576,0.63861537,-0.08410163,0.205093,0.31142947,0.050737556,-5.4872074,10.117629,-8.592944,2.4330876,11.32369,-8.552776,2.2693794,1.217784,7.2090845,6.828629,2.3110013,0.1746121346950531,0.15616056323051453,0.018451571464538574,0.32842397689819336,0.2813452482223511,0.047078728675842285,-0.5343145,-3.5123549,2.6529975,-2.6137357,-0.5343145,-3.5123549,2.6529975,-2.6137357,-0.5343145,-1.0,1.0,-1.0,7.810247421264648,-0.4,0.4,-0.4
15.933333333333334,10.182868,-8.575237,2.9022377,0.999049,-0.012224587,0.040960334,-0.00859595,0.6358021,-0.07423892,0.28346252,0.10497612,-0.3714511,0.1857159,0.6556329,-0.07903851,0.2323901,1.0210526,0.3037874,1.6378264,10.129318,-8.594586,2.43646,11.32369,-8.552776,2.2693794,1.2067266,7.126686,6.727636,2.3512907,0.1746121346950531,0.1322060227394104,0.0424061119556427,0.32842397689819336,0.2916969656944275,0.03672701120376587,0.22059877,1.1887046,-1.5908476,2.1068075,0.22059877,1.1887046,-1.5908476,2.1068075,0.22059877,1.0,-1.0,1.0,20.471281051635742,0.4,-0.4,0.4
15.95,10.193853,-8.576544,2.9048927,0.99901325,-0.014027754,0.04127243,-0.0085005285,0.6480582,-0.07144107,0.18633808,-0.3244965,0.17125905,-0.05772718,0.66003656,-0.07806793,0.13439587,0.26421905,0.058234777,-5.879654,10.141257,-8.596143,2.439232,11.32369,-8.552776,2.2693794,1.1953571,7.0417614,6.624175,2.3888717,0.1746121346950531,0.14997714757919312,0.024634987115859985,0.32842397689819336,0.28578484058380127,0.04263913631439209,-0.575351,-3.456852,2.5075574,-2.5666256,-0.575351,-3.456852,2.5075574,-2.5666256,-0.575351,-1.0,1.0,-1.0,7.122003555297852,-0.4,0.4,-0.4
15.966666666666667,10.205075,-8.577766,2.9076693,0.99909663,-0.013987849,0.03943313,-0.007435727,0.6627309,-0.06754786,0.22673437,0.110107824,-0.35412225,0.18552588,0.6775801,-0.07188757,0.1757861,1.0526133,0.37082162,2.4834135,10.153449,-8.597601,2.4415429,11.32369,-8.552776,2.2693794,1.1836869,6.941119,6.50569,2.4197385,0.1746121346950531,0.13000266253948212,0.044609472155570984,0.32842397689819336,0.28776079416275024,0.040663182735443115,0.30986676,1.414503,-1.9918938,2.3869157,0.30986676,1.414503,-1.9918938,2.3869157,0.30986676,1.0,-1.0,1.0,21.968441009521484,0.4,-0.4,0.4
15.983333333333333,10.216413,-8.578951,2.9092977,0.9990531,-0.015749032,0.039884668,-0.0073488234,0.6745069,-0.063946046,0.12322113,-0.31951228,0.18816003,-0.05791489,0.68127793,-0.07085375,0.07121983,0.22186874,0.06202921,-6.2739754,10.165881,-8.598968,2.4433131,11.32369,-8.552776,2.2693794,1.1717119,6.8387017,6.3852196,2.4488387,0.1746121346950531,0.1732294112443924,0.0013827234506607056,0.32842397689819336,0.29683148860931396,0.031592488288879395,-0.6165683,-3.300621,2.2632012,-2.4440293,-0.6165683,-3.300621,2.2632012,-2.4440293,-0.6165683,-1.0,1.0,-1.0,6.430727005004883,-0.4,0.4,-0.4
16.0,10.227994,-8.58004,2.9111679,0.9991278,-0.015664639,0.038191848,-0.00628642,0.68851554,-0.05953112,0.17534897,0.11529785,-0.33648777,0.1853213,0.6991926,-0.0635655,0.12423351,1.0748792,0.4372948,3.1808202,10.178568,-8.600235,2.4446714,11.32369,-8.552776,2.2693794,1.1594331,6.720182,6.249265,2.4713416,0.1746121346950531,0.16712705790996552,0.0074850767850875854,0.32842397689819336,0.30705809593200684,0.021365880966186523,0.38346538,1.793471,-2.5424342,2.715155,0.38346538,1.793471,-2.5424342,2.715155,0.38346538,1.0,-1.0,1.0,23.202800750732422,0.4,-0.4,0.4
16.016666666666666,10.239689,-8.581086,2.9118993,0.99907696,-0.017383171,0.038786575,-0.0062079025,0.6999301,-0.055192437,0.069091074,-0.3144136,0.2055913,-0.05811632,0.70252955,-0.06241428,0.016690478,0.20021795,0.06907314,-6.4525814,10.191492,-8.601407,2.445557,11.32369,-8.552776,2.2693794,1.1468551,6.60106,6.1120434,2.4933739,0.1746121346950531,0.19179858267307281,0.017186447978019714,0.32842397689819336,0.3106875419616699,0.017736434936523438,-0.63499165,-3.0373368,1.8360995,-2.227524,-0.63499165,-3.0373368,1.8360995,-2.227524,-0.63499165,-1.0,1.0,-1.0,6.121740341186523,-0.4,0.4,-0.4
16.03333333333333,10.251626,-8.582022,2.9129493,0.99914396,-0.017253669,0.03724293,-0.005148689,0.7134326,-0.050287265,0.12844327,0.120530695,-0.31861058,0.18510297,0.72054476,-0.054132544,0.076795176,1.0809124,0.49690422,3.6062818,10.204664,-8.602475,2.4460726,11.32369,-8.552776,2.2693794,1.1339797,6.4660664,5.959472,2.508926,0.1746121346950531,0.17272986471652985,0.0018822699785232544,0.32842397689819336,0.3083689510822296,0.020055025815963745,0.4284496,2.2529187,-3.3257327,2.9682736,0.4284496,2.2529187,-3.3257327,2.9682736,0.4284496,1.0,-1.0,1.0,23.957252502441406,0.4,-0.4,0.4
16.05,10.2636795,-8.582904,2.9129195,0.9990861,-0.018928409,0.037984837,-0.0050786124,0.7245983,-0.045279387,0.024732905,-0.309188,0.22359367,-0.058332555,0.72395754,-0.052713837,-0.02848403,0.20476697,0.085122354,-6.316752,10.218071,-8.603438,2.4461908,11.32369,-8.552776,2.2693794,1.1208137,6.331627,5.806233,2.5253034,0.1746121346950531,0.18955789506435394,0.014945760369300842,0.32842397689819336,0.3156493306159973,0.012774646282196045,-0.62024355,-2.5973823,1.1312119,-1.7744457,-0.62024355,-2.5973823,1.1312119,-1.7744457,-0.62024355,-1.0,1.0,-1.0,6.369088172912598,-0.4,0.4,-0.4
16.066666666666666,10.275971,-8.58367,2.913213,0.99914616,-0.018753445,0.036592435,-0.0040235277,0.7377468,-0.039917976,0.08389669,0.125772,-0.30063117,0.18487273,0.7416284,-0.043713447,0.03128621,1.0602522,0.54002345,3.5862143,10.231712,-8.6043005,2.4459631,11.32369,-8.552776,2.2693794,1.107363,6.182155,5.6383686,2.5353181,0.1746121346950531,0.1720491200685501,0.0025630146265029907,0.32842397689819336,0.3121355175971985,0.016288459300994873,0.4264743,2.8134527,-4.3860445,3.1835592,0.4264743,2.8134527,-4.3860445,3.1835592,0.4264743,1.0,-1.0,1.0,23.924123764038086,0.4,-0.4,0.4
16.083333333333332,10.28839,-8.584374,2.91253,0.9991804,-0.020388428,0.034748297,-0.0039109536,0.74934053,-0.03429372,-0.015099009,-0.30284584,-0.19619007,-0.058516257,0.74623775,-0.041793466,-0.06555786,0.27656078,0.11519886,-5.8106437,10.245579,-8.605056,2.4454017,11.32369,-8.552776,2.2693794,1.0936369,6.034935,5.4710255,2.5472183,0.1746121346950531,0.212070032954216,0.0374578982591629,0.32842397689819336,0.30404502153396606,0.024378955364227295,-0.56504154,-2.0706048,0.18375368,-1.3446865,-0.56504154,-2.0706048,0.18375368,-1.3446865,-0.56504154,-1.0,0.18375368,-1.0,7.2949090003967285,-0.4,0.073501475,-0.4
16.1,10.300978,-8.584976,2.9115095,0.9993071,-0.020181013,0.0311461,-0.0028089546,0.76061994,-0.028551338,-0.014935646,0.1307921,-0.51473296,0.1848335,0.75807637,-0.034353755,-0.06099954,0.71031684,0.44638258,0.27349925,10.259633,-8.605721,2.4441454,11.32369,-8.552776,2.2693794,1.0796131,5.8754334,5.291554,2.5534632,0.1746121346950531,0.20129942893981934,0.026687294244766235,0.32842397689819336,0.3022497892379761,0.026174187660217285,0.07398652,3.515679,-0.6113111,3.6408339,0.07398652,3.515679,-0.6113111,3.6408339,0.07398652,1.0,-0.6113111,1.0,18.012372970581055,0.4,-0.24452443,0.4
16.116666666666667,10.313688,-8.585501,2.9098253,0.99930084,-0.021769052,0.03027212,-0.0027249448,0.76958257,-0.02228231,-0.069959,-0.29773623,0.03089327,-0.05864549,0.76382774,-0.030498581,-0.11526126,0.34508225,0.23131046,-3.255703,10.273889,-8.606287,2.4424207,11.32369,-8.552776,2.2693794,1.0653125,5.715794,5.1097703,2.5613575,0.1746121346950531,0.2119440734386444,0.03733193874359131,0.32842397689819336,0.3105567395687103,0.017867237329483032,-0.29872155,-1.3344005,3.2143822,-1.1709492,-0.29872155,-1.3344005,3.2143822,-1.1709492,-0.29872155,-1.0,1.0,-1.0,11.761496543884277,-0.4,0.4,-0.4
16.133333333333333,10.326586,-8.585886,2.9084885,0.9993952,-0.02150982,0.027273348,-0.0016335574,0.77968913,-0.016124442,-0.028452989,0.1370526,-0.4939834,0.18463519,0.77693826,-0.020790791,-0.070138596,0.78663105,0.5824674,2.7073596,10.288366,-8.606734,2.4405987,11.32369,-8.552776,2.2693794,1.0507728,5.5476756,4.9183507,2.5664237,0.1746121346950531,0.21218657493591309,0.037574440240859985,0.32842397689819336,0.30815252661705017,0.02027145028114319,0.3343161,4.432379,-2.4556985,3.83596,0.3343161,4.432379,-2.4556985,3.83596,0.3343161,1.0,-1.0,1.0,22.37849235534668,0.4,-0.4,0.4
16.15,10.339579,-8.586188,2.9063654,0.99941283,-0.02158875,0.026555909,-0.001598973,0.7874036,-0.009306444,-0.106038556,-0.05843113,0.049618263,-0.058720123,0.780634,-0.017283954,-0.14712928,0.22174357,0.21041024,-4.619441,10.303043,-8.607072,2.4385285,11.32369,-8.552776,2.2693794,1.0359923,5.3785686,4.7226157,2.5740829,0.1746121346950531,0.1799384355545044,0.005326300859451294,0.32842397689819336,0.3057831823825836,0.02264079451560974,-0.44122022,-0.45660126,3.611743,-1.2804796,-0.44122022,-0.45660126,3.611743,-1.2804796,-0.44122022,-0.45660126,1.0,-1.0,9.37157917022705,-0.18264051,0.4,-0.4
16.166666666666668,10.352713,-8.586378,2.9040248,0.999532,-0.019341674,0.023694087,-0.0005649907,0.79599714,-0.0038725787,-0.10210194,0.37551033,-0.47752702,0.18449236,0.79026365,-0.009443367,-0.13944687,0.57777995,0.47043517,0.46094474,10.317898,-8.607313,2.4359415,11.32369,-8.552776,2.2693794,1.0209485,5.198572,4.5140657,2.5784423,0.1746121346950531,0.1897955685853958,0.015183433890342712,0.32842397689819336,0.2837286591529846,0.04469531774520874,0.09451624,2.0870771,-2.1851764,4.063836,0.09451624,2.0870771,-2.1851764,4.063836,0.09451624,1.0,-1.0,1.0,18.356687545776367,0.4,-0.4,0.4
16.183333333333334,10.365963,-8.586468,2.9016488,0.99955356,-0.018882887,0.023150789,-0.00039474518,0.8024679,0.0013565505,-0.10786136,-0.052508127,0.07167127,-0.03412319,0.7966138,-0.0040489566,-0.14484704,0.38100955,0.3236646,-0.32400993,10.33295,-8.607433,2.4333081,11.32369,-8.552776,2.2693794,1.0056974,5.018028,4.301091,2.5848048,0.1746121346950531,0.1655905693769455,0.009021565318107605,0.32842397689819336,0.3005765378475189,0.02784743905067444,0.011646023,-3.5786815,4.178215,-0.8969873,0.011646023,-3.5786815,4.178215,-0.8969873,0.011646023,-1.0,1.0,-0.8969873,16.966829299926758,-0.4,0.4,-0.35879493
16.2,10.379338,-8.586455,2.8991408,0.99965256,-0.016582653,0.020469412,0.0008393508,0.8099528,0.0054149576,-0.12031361,0.38121796,-0.45652574,0.20906214,0.8043397,0.0022283264,-0.1534955,0.46355364,0.37663695,-0.5189082,10.34819,-8.607436,2.430586,11.32369,-8.552776,2.2693794,0.9902402,4.830319,4.078144,2.5885754,0.1746121346950531,0.15888650715351105,0.015725627541542053,0.32842397689819336,0.30193716287612915,0.02648681402206421,-0.006401608,1.7287852,-1.97192,3.7480555,-0.006401608,1.7287852,-1.97192,3.7480555,-0.006401608,1.0,-1.0,1.0,16.664142608642578,0.4,-0.4,0.4
16.216666666666665,10.392816,-8.586357,2.8966393,0.999668,-0.016074127,0.020105816,0.0010540267,0.8154272,0.009595791,-0.11726916,-0.046661977,0.09332396,-0.034591246,0.8100296,0.0070084217,-0.15022813,0.3413951,0.2868057,0.19604264,10.363609,-8.607319,2.4278324,11.32369,-8.552776,2.2693794,0.97459626,4.6381707,3.8473551,2.5904608,0.1746121346950531,0.13516844809055328,0.03944368660449982,0.32842397689819336,0.30440402030944824,0.024019956588745117,0.065820806,-4.3314595,4.504175,-1.4402572,0.065820806,-4.3314595,4.504175,-1.4402572,0.065820806,-1.0,1.0,-1.0,17.87542152404785,-0.4,0.4,-0.4
16.233333333333334,10.406404,-8.586169,2.894055,0.99974823,-0.013724752,0.017604424,0.0022797624,0.82196856,0.01261304,-0.12863563,0.38706845,-0.43482116,0.20859079,0.816867,0.012417378,-0.15783727,0.41024205,0.32453737,-0.4565486,10.379198,-8.6070795,2.4250574,11.32369,-8.552776,2.2693794,0.9587754,4.4396086,3.6071932,2.588104,0.1746121346950531,0.15774130821228027,0.016870826482772827,0.32842397689819336,0.2841380536556244,0.04428592324256897,5.721068e-05,1.0199589,-1.5632012,3.6294608,5.721068e-05,1.0199589,-1.5632012,3.6294608,5.721068e-05,1.0,-1.0,1.0,16.7724666595459,0.4,-0.4,0.4
16.25,10.420081,-8.585911,2.8915539,0.99975836,-0.013168273,0.017424261,0.0024875929,0.8265816,0.015793674,-0.119590946,-0.040816177,0.11540032,-0.0350536,0.8218249,0.016360871,-0.14874367,0.29747483,0.23660961,0.54561585,10.394948,-8.606718,2.4223096,11.32369,-8.552776,2.2693794,0.94279367,4.237162,3.3597844,2.5817416,0.1746121346950531,0.12792079150676727,0.04669134318828583,0.32842397689819336,0.2821842133998871,0.046239763498306274,0.10252889,-5.305824,4.6103354,-1.3938905,0.10252889,-5.305824,4.6103354,-1.3938905,0.10252889,-1.0,1.0,-1.0,18.491071701049805,-0.4,0.4,-0.4
16.266666666666666,10.433853,-8.585591,2.8889196,0.99979144,-0.013217361,0.015104186,0.0037465815,0.832314,0.017913908,-0.13673525,0.0013688257,-0.41236994,0.20800433,0.8276534,0.020180907,-0.16231655,0.34970996,0.22920212,-0.81437224,10.410845,-8.606241,2.4195447,11.32369,-8.552776,2.2693794,0.9266581,4.0289154,3.103597,2.5690162,0.1746121346950531,0.1452072709798813,0.029404863715171814,0.32842397689819336,0.29607826471328735,0.032345712184906006,-0.037683856,0.08885823,-1.3647516,3.5208619,-0.037683856,0.08885823,-1.3647516,3.5208619,-0.037683856,0.08885823,-1.0,1.0,16.13949203491211,0.035543293,-0.4,0.4
16.28333333333333,10.447694,-8.585205,2.8860981,0.9997814,-0.013914473,0.015088178,0.003969523,0.8362284,0.021937164,-0.14696522,-0.11272563,0.13498259,-0.035249654,0.83122027,0.024107663,-0.1727703,0.21401165,0.23560534,-0.6272256,10.426868,-8.605649,2.4166126,11.32369,-8.552776,2.2693794,0.9103641,3.8172708,2.8409898,2.5495749,0.1746121346950531,0.14762480556964874,0.026987329125404358,0.32842397689819336,0.2969186007976532,0.03150537610054016,-0.022274086,-0.26972997,4.4292526,-2.0739598,-0.022274086,-0.26972997,4.4292526,-2.0739598,-0.022274086,-0.26972997,1.0,-1.0,16.397937774658203,-0.10789199,0.4,-0.4
16.3,10.461625,-8.584732,2.88349,0.9998293,-0.012112315,0.01294635,0.0051993625,0.8413035,0.024331737,-0.13008119,0.3215087,-0.39146724,0.20791335,0.83736426,0.02963828,-0.15247133,0.3686392,0.33183697,1.2179383,10.443015,-8.604936,2.413747,11.32369,-8.552776,2.2693794,0.8939528,3.6031318,2.5712547,2.524125,0.1746121346950531,0.16790927946567535,0.006702855229377747,0.32842397689819336,0.31735795736312866,0.011066019535064697,0.17599423,1.5660094,-1.4924629,3.3287883,0.17599423,1.5660094,-1.4924629,3.3287883,0.17599423,1.0,-1.0,1.0,19.723196029663086,0.4,-0.4,0.4
16.316666666666666,10.475618,-8.584199,2.8809242,0.999826,-0.012106365,0.013119511,0.005406845,0.84460086,0.02715609,-0.13282607,-0.10662086,0.15780246,-0.035661697,0.84049124,0.032775544,-0.15566318,0.18761872,0.18823585,-0.1915106,10.459276,-8.604099,2.4110303,11.32369,-8.552776,2.2693794,0.8774457,3.3913178,2.2975717,2.494434,0.1746121346950531,0.13009589910507202,0.04451623558998108,0.32842397689819336,0.31755703687667847,0.010866940021514893,0.025556734,-4.4012637,4.119543,-1.5957953,0.025556734,-4.4012637,4.119543,-1.5957953,0.025556734,-1.0,1.0,-1.0,17.200130462646484,-0.4,0.4,-0.4
16.333333333333332,10.489688,-8.583599,2.8782315,0.99986315,-0.010256399,0.011156472,0.0066300207,0.84911335,0.028881626,-0.14511453,0.32716116,-0.3705477,0.20752396,0.84522,0.036938664,-0.16469507,0.28372765,0.24978718,-0.5419135,10.4756365,-8.60315,2.408259,11.32369,-8.552776,2.2693794,0.86082554,3.1791272,2.017463,2.456968,0.1746121346950531,0.11604940891265869,0.05856272578239441,0.32842397689819336,0.33194172382354736,0.003517746925354004,-0.009977529,1.2776481,-1.7833652,3.207526,-0.009977529,1.2776481,-1.7833652,3.207526,-0.009977529,1.0,-1.0,1.0,16.604169845581055,0.4,-0.4,0.4
16.35,10.503811,-8.582948,2.8756366,0.99985826,-0.0102042025,0.011509107,0.0068324455,0.85192215,0.031057045,-0.13373624,-0.10084272,0.17961492,-0.036046818,0.848126,0.03973736,-0.15402755,0.17435788,0.16792169,0.640051,10.492076,-8.602086,2.4055057,11.32369,-8.552776,2.2693794,0.8441235,2.9724426,1.7345762,2.4138477,0.1746121346950531,0.1603030264377594,0.014309108257293701,0.32842397689819336,0.32140421867370605,0.007019758224487305,0.1118935,-4.694494,3.620573,-1.6133997,0.1118935,-4.694494,3.620573,-1.6133997,0.1118935,-1.0,1.0,-1.0,18.648130416870117,-0.4,0.4,-0.4
16.366666666666667,10.517999,-8.582243,2.8728585,0.9998847,-0.008432278,0.009724424,0.0080502285,0.85599273,0.03210107,-0.15473403,0.31286386,-0.34929606,0.20713937,0.8522098,0.043098804,-0.17198142,0.24502872,0.20168668,-1.0772324,10.508587,-8.600916,2.4027083,11.32369,-8.552776,2.2693794,0.8273378,2.7715156,1.4485525,2.3628361,0.1746121346950531,0.1805465966463089,0.005934461951255798,0.32842397689819336,0.34891054034233093,0.020486563444137573,-0.06625486,0.9535939,-2.3001347,3.0791612,-0.06625486,0.9535939,-2.3001347,3.0791612,-0.06625486,0.9535939,-1.0,1.0,15.660313606262207,0.38143757,-0.4,0.4
16.383333333333333,10.532232,-8.581497,2.870074,0.9998773,-0.008502567,0.010250415,0.0082498565,0.8584612,0.033721767,-0.14854665,-0.115280755,0.20046458,-0.03641179,0.8545776,0.045174416,-0.16677906,0.14206767,0.124536745,0.31214204,10.52515,-8.599637,2.399826,11.32369,-8.552776,2.2693794,0.81048054,2.5815237,1.1617409,2.3053465,0.1746121346950531,0.18166875839233398,0.007056623697280884,0.32842397689819336,0.320857435464859,0.007566541433334351,0.07667708,-4.6346617,2.9398546,-1.741762,0.07667708,-4.6346617,2.9398546,-1.741762,0.07667708,-1.0,1.0,-1.0,18.057497024536133,-0.4,0.4,-0.4
16.4,10.546523,-8.580707,2.8670874,0.9998937,-0.006944934,0.008637861,0.009464551,0.86218774,0.034201354,-0.16904871,0.2833934,-0.32844618,0.20676823,0.8583553,0.048031736,-0.18448326,0.22666095,0.17143919,-1.0622522,10.541757,-8.598259,2.3968444,11.32369,-8.552776,2.2693794,0.7935594,2.4040494,0.8741343,2.239496,0.1746121346950531,0.21275818347930908,0.03814604878425598,0.32842397689819336,0.34942418336868286,0.021000206470489502,-0.065126725,0.9185478,-2.6849809,2.9779682,-0.065126725,0.9185478,-2.6849809,2.9779682,-0.065126725,0.9185478,-1.0,1.0,15.679234504699707,0.36741912,-0.4,0.4
16.416666666666668,10.560854,-8.579886,2.864015,0.9998833,-0.007264465,0.009331831,0.009662647,0.8644449,0.035446808,-0.16878925,-0.14487007,0.22081193,-0.036760274,0.86031705,0.049540468,-0.18550377,0.11770605,0.090523876,-0.061230358,10.55839,-8.596784,2.393723,11.32369,-8.552776,2.2693794,0.7765843,2.245377,0.5883155,2.166934,0.1746121346950531,0.18027247488498688,0.005660340189933777,0.32842397689819336,0.32128387689590454,0.007140100002288818,0.03709035,-4.420762,2.042083,-1.9755085,0.03709035,-4.420762,2.042083,-1.9755085,0.03709035,-1.0,1.0,-1.0,17.39356803894043,-0.4,0.4,-0.4
16.433333333333334,10.575238,-8.579029,2.8606849,0.99989325,-0.0057351086,0.007887614,0.010872918,0.8679233,0.035519823,-0.19145665,0.28880128,-0.30839548,0.20643848,0.8638385,0.052073613,-0.20561998,0.21128653,0.1519887,-1.2069725,10.575041,-8.595219,2.390431,11.32369,-8.552776,2.2693794,0.7595598,2.1080709,0.3041592,2.086013,0.1746121346950531,0.20332498848438263,0.02871285378932953,0.32842397689819336,0.33287978172302246,0.0044558048248291016,-0.08087439,1.1965548,-3.0773306,2.8959205,-0.08087439,1.1965548,-3.0773306,2.8959205,-0.08087439,1.0,-1.0,1.0,15.415122032165527,0.4,-0.4,0.4
16.45,10.589658,-8.578145,2.8573313,0.9998854,-0.006007858,0.008396432,0.011069496,0.870025,0.036357943,-0.18592481,-0.1393214,0.18450047,-0.03708677,0.86578345,0.053249575,-0.2010395,0.11669754,0.07055774,0.27482897,10.59169,-8.59356,2.3870146,11.32369,-8.552776,2.2693794,0.74251324,1.9987667,0.024365578,1.9986181,0.1746121346950531,0.22445765137672424,0.04984551668167114,0.32842397689819336,0.3372894525527954,0.00886547565460205,0.07261544,-4.4260573,0.8943591,-2.1717298,0.07261544,-4.4260573,0.8943591,-2.1717298,0.07261544,-1.0,0.8943591,-1.0,17.989376068115234,-0.4,0.35774365,-0.4
16.466666666666665,10.604126,-8.577234,2.853494,0.99989086,-0.0048261257,0.0066398187,0.012281431,0.8729657,0.035992876,-0.22890764,0.23069467,-0.34582937,0.20612745,0.86872673,0.05511802,-0.24091318,0.17659663,0.11210672,-2.3924212,10.608334,-8.591825,2.383322,11.32369,-8.552776,2.2693794,0.7254261,1.9194441,-0.2508368,1.9029835,0.1746121346950531,0.21832206845283508,0.04370993375778198,0.32842397689819336,0.35040637850761414,0.021982401609420776,-0.20603986,0.85244435,-3.3783417,2.7858372,-0.20603986,0.85244435,-3.3783417,2.7858372,-0.20603986,0.85244435,-1.0,1.0,13.315908432006836,0.34097776,-0.4,0.4
16.483333333333334,10.6186285,-8.576302,2.8496284,0.9998953,-0.0055467864,0.004752733,0.012489878,0.8740633,0.036817033,-0.22143629,-0.19632702,-0.18529418,-0.03738907,0.8707556,0.056106243,-0.23024529,0.12173294,0.059293356,0.64007336,10.624955,-8.590008,2.3793902,11.32369,-8.552776,2.2693794,0.7083216,1.8744912,-0.51933527,1.801113,0.1746121346950531,0.19756004214286804,0.02294790744781494,0.32842397689819336,0.36821886897087097,0.03979489207267761,0.11114415,-4.005571,0.2746904,-2.482533,0.11114415,-4.005571,0.2746904,-2.482533,0.11114415,-1.0,0.2746904,-1.0,18.635562896728516,-0.4,0.109876156,-0.4
16.5,10.633165,-8.575343,2.8453887,0.9998961,-0.004406388,-8.2086706e-05,0.013722684,0.87391233,0.03640004,-0.26319334,0.23746286,-0.7152022,0.20597686,0.8726593,0.058049273,-0.26346618,0.11422276,0.11658176,-1.9932531,10.641544,-8.588121,2.3752599,11.32369,-8.552776,2.2693794,0.6912187,1.8634614,-0.78089976,1.6919467,0.1746121346950531,0.19470694661140442,0.02009481191635132,0.32842397689819336,0.3992031514644623,0.07077917456626892,-0.16382922,1.9988459,-1.4144241,2.5957716,-0.16382922,1.9988459,-1.4144241,2.5957716,-0.16382922,1.0,-1.0,1.0,14.023844718933105,0.4,-0.4,0.4
16.516666666666666,10.647698,-8.574369,2.8407593,0.99988675,-0.00506332,-0.002623859,0.0139252525,0.87145287,0.037220255,-0.2877006,-0.19022784,-0.16694006,-0.03768026,0.8716176,0.058602635,-0.28361174,-0.06250262,0.033201724,-1.2087338,10.658096,-8.586168,2.370719,11.32369,-8.552776,2.2693794,0.6740922,1.8861992,-1.0342395,1.57737,0.1746121346950531,0.1982785016298294,0.023666366934776306,0.32842397689819336,0.39572030305862427,0.06729632616043091,-0.08515865,-3.5230346,4.4367332,-2.4130616,-0.08515865,-3.5230346,4.4367332,-2.4130616,-0.08515865,-1.0,1.0,-1.0,15.343268394470215,-0.4,0.4,-0.4
16.53333333333333,10.662219,-8.573364,2.8361151,0.99985754,-0.0038882103,-0.0063322135,0.015155055,0.8690037,0.036599934,-0.2889281,0.24373588,-0.54131943,0.20561689,0.8711201,0.0607696,-0.27828634,-0.029851196,0.13001785,0.31952438,10.67459,-8.58415,2.366022,11.32369,-8.552776,2.2693794,0.65700483,1.9412727,-1.2834787,1.4564415,0.1746121346950531,0.1581665724515915,0.01644556224346161,0.32842397689819336,0.4035385251045227,0.07511454820632935,0.07878285,2.2488256,-0.7149192,2.5312767,0.07878285,2.2488256,-0.7149192,2.5312767,0.07878285,1.0,-0.7149192,1.0,18.09281349182129,0.4,-0.28596768,0.4
16.55,10.676702,-8.572345,2.831295,0.99984443,-0.0045150393,-0.0074245115,0.015344749,0.8653704,0.037290346,-0.3063915,-0.18430693,0.007089255,-0.037981052,0.86831707,0.061186437,-0.29396242,-0.16818164,0.025010256,-0.9405648,10.691016,-8.582069,2.3612387,11.32369,-8.552776,2.2693794,0.6399788,2.0259879,-1.5270903,1.3313985,0.1746121346950531,0.13430950045585632,0.04030263423919678,0.32842397689819336,0.3838924169540405,0.05546844005584717,-0.054735612,-3.5101867,3.803451,-2.6628242,-0.054735612,-3.5101867,3.803451,-2.6628242,-0.054735612,-1.0,1.0,-1.0,15.853508949279785,-0.4,0.4,-0.4
16.566666666666666,10.691151,-8.5713,2.8266149,0.9998006,-0.003294932,-0.01063397,0.016572885,0.8618888,0.03650169,-0.29586244,0.2501803,-0.5198049,0.20530015,0.8663368,0.0632585,-0.27780965,-0.1188147,0.12432373,0.9691661,10.707363,-8.579934,2.3564682,11.32369,-8.552776,2.2693794,0.623042,2.1362174,-1.7670788,1.2003573,0.1746121346950531,0.12444472312927246,0.05016741156578064,0.32842397689819336,0.3944794535636902,0.06605547666549683,0.14843924,2.1781359,-2.106464,2.1097717,0.14843924,2.1781359,-2.106464,2.1097717,0.14843924,1.0,-1.0,1.0,19.261058807373047,0.4,-0.4,0.4
16.583333333333332,10.705538,-8.570243,2.821724,0.9997853,-0.0038717694,-0.011549674,0.01675656,0.85694855,0.037032995,-0.31931347,-0.17803238,0.028188914,-0.0382891,0.8624169,0.063452095,-0.29984024,-0.23519395,0.011615752,-1.3218354,10.723616,-8.5777445,2.351666,11.32369,-8.552776,2.2693794,0.60620475,2.2675297,-2.0014448,1.0657907,0.1746121346950531,0.11221450567245483,0.06239762902259827,0.32842397689819336,0.378192663192749,0.049768686294555664,-0.0942852,-3.43542,3.8992782,-2.915113,-0.0942852,-3.43542,3.8992782,-2.915113,-0.0942852,-1.0,1.0,-1.0,15.190202713012695,-0.4,0.4,-0.4
16.6,10.719864,-8.5691595,2.8171237,0.9997286,-0.0026013362,-0.014575928,0.017984593,0.85223675,0.036072083,-0.29423782,0.25667578,-0.49782974,0.20497648,0.85863173,0.06538269,-0.26955757,-0.22711156,0.11583566,1.8169605,10.739764,-8.575509,2.3469427,11.32369,-8.552776,2.2693794,0.5894936,2.4162896,-2.231839,0.9259322,0.1746121346950531,0.1222071722149849,0.05240496248006821,0.32842397689819336,0.3813234567642212,0.05289947986602783,0.23797078,2.1627793,-2.1108646,1.3493868,0.23797078,2.1627793,-2.1108646,1.3493868,0.23797078,1.0,-1.0,1.0,20.762636184692383,0.4,-0.4,0.4
16.616666666666667,10.734117,-8.568071,2.81229,0.9997129,-0.0031277111,-0.015310856,0.018163005,0.8461328,0.036401358,-0.32359618,-0.17170458,0.049750056,-0.03860285,0.8538024,0.0653418,-0.29787955,-0.2897608,-0.002453327,-1.6993188,10.7558,-8.573237,2.342249,11.32369,-8.552776,2.2693794,0.57291174,2.5789373,-2.456968,0.783725,0.1746121346950531,0.10027327388525009,0.07433886080980301,0.32842397689819336,0.3581938147544861,0.029769837856292725,-0.13333143,-3.3954687,3.9312847,-3.2431498,-0.13333143,-3.3954687,3.9312847,-3.2431498,-0.13333143,-1.0,1.0,-1.0,14.535338401794434,-0.4,0.4,-0.4
16.633333333333333,10.748276,-8.56696,2.807848,0.999659,-0.0017975463,-0.01815384,0.01868396,0.8403035,0.036502577,-0.28807545,0.26290202,-0.4755715,0.09154187,0.8482769,0.0670815,-0.25759703,-0.33152816,0.10438218,2.416951,10.771703,-8.570933,2.3376725,11.32369,-8.552776,2.2693794,0.55649257,2.7521875,-2.6773033,0.637638,0.1746121346950531,0.11363224685192108,0.06097988784313202,0.32842397689819336,0.34957510232925415,0.02115112543106079,0.30136928,2.1235657,-2.121725,0.53432894,0.30136928,2.1235657,-2.121725,0.53432894,0.30136928,1.0,-1.0,0.53432894,21.825923919677734,0.4,-0.4,0.21373157
16.65,10.762321,-8.5658455,2.8037403,0.9996622,-0.0022589576,-0.01868962,0.017916648,0.83313,0.03809126,-0.27518433,-0.16554727,0.07430022,-0.15186314,0.8409568,0.06692193,-0.24412301,-0.43920633,-0.009574591,0.808441,10.787452,-8.568602,2.3335202,11.32369,-8.552776,2.2693794,0.54029286,2.9339986,-2.8927283,0.49037793,0.1746121346950531,0.08362521231174469,0.09098692238330841,0.32842397689819336,0.33681344985961914,0.008389472961425781,0.13281746,-3.4423385,4.118858,-2.009775,0.13281746,-3.4423385,4.118858,-2.009775,0.13281746,-1.0,1.0,-1.0,18.99905776977539,-0.4,0.4,-0.4
