Time,UAV_X,UAV_Y,UAV_Z,UAV_quat_0,UAV_quat_1,UAV_quat_2,UAV_quat_3,UAV_v_bx,UAV_v_by,UAV_v_bz,UAV_w_bx,UAV_w_by,UAV_w_bz,UAV_v_wx,UAV_v_wy,UAV_v_wz,UAV_a_wx,UAV_a_wy,UAV_a_wz,Payload_X,Payload_Y,Payload_Z,Target_X,Target_Y,Target_Z,Pos_Error_m,Swing_Mag_Deg,Tilt_Deg_X,Tilt_Deg_Y,True_Mass,Pred_Mass,Mass_Err,True_Len,Pred_Len,Len_Err,Policy_a0,Policy_a1,Policy_a2,Policy_a3,Env_raw_a0,Env_raw_a1,Env_raw_a2,Env_raw_a3,Env_clamp_a0,Env_clamp_a1,Env_clamp_a2,Env_clamp_a3,Thrust_Cmd,Moment_Cmd_X,Moment_Cmd_Y,Moment_Cmd_Z
0.0,10.773347,-10.585114,1.6678996,0.9999896,0.0026794835,-0.0033434886,-0.0015166064,-0.00020757459,-8.23934e-05,-0.16369466,0.42865956,-0.535062,-0.24268441,0.0008881241,0.00079380657,-0.16369048,0.0,0.0,0.0,10.773335,-10.585123,1.2036886,7.4977846,-11.780048,1.6687185,3.5175748,0.0,0.0,0.0,0.1746121346950531,0.6296965479850769,0.4550844132900238,0.32842397689819336,0.32452985644340515,0.003894120454788208,-2.6077323,8.827742,-11.172004,-1.2460638,-2.6077323,8.827742,-11.172004,-1.2460638,-1.0,1.0,-1.0,-1.0,0.0,0.4,-0.4,-0.4
0.016666666666666666,10.773374,-10.585091,1.6631258,0.9998877,0.008911187,-0.011157926,-0.0045318403,-0.0055068587,-0.0043113907,-0.32726982,0.8541059,-1.0718808,-0.40152636,0.0017854419,0.0015394458,-0.32733607,0.053839065,0.044738352,-9.818735,10.773338,-10.585122,1.1989156,7.4977846,-11.780048,1.6687185,3.5182118,0.0018386594,0.0014124973,0.001177081,0.1746121346950531,0.5858135223388672,0.4112013876438141,0.32842397689819336,0.3419705927371979,0.013546615839004517,-2.7382283,4.2254834,-9.701286,-0.65299904,-2.7382283,4.2254834,-9.701286,-0.65299904,-1.0,1.0,-1.0,-0.65299904,0.0,0.4,-0.4,-0.26119962
0.03333333333333333,10.773415,-10.585069,1.6556237,0.9995812,0.015640669,-0.023485485,-0.0064077415,-0.02033208,-0.014133752,-0.490401,0.7987738,-1.6127499,-0.16029361,0.0026446106,0.001336093,-0.49101683,0.05155012,-0.012201172,-9.820846,10.773338,-10.585124,1.1914145,7.4977846,-11.780048,1.6687185,3.5192208,0.0058357585,0.0043552,0.0038843674,0.1746121346950531,0.662072479724884,0.48746034502983093,0.32842397689819336,0.5964027047157288,0.2679787278175354,-1.2771878,-0.10756244,-8.864467,2.026725,-1.2771878,-0.10756244,-8.864467,2.026725,-1.0,-0.10756244,-1.0,1.0,0.0,-0.043024976,-0.4,0.4
0.05,10.773259,-10.585178,1.6493568,0.9988938,0.022885563,-0.04014279,-0.008706896,-0.04125448,-0.02562921,-0.33709797,0.90171546,-2.1275134,-0.30015764,-0.0143454755,-0.009628433,-0.34014016,-1.0194051,-0.65787154,9.0526,10.773338,-10.585125,1.1835848,7.4977846,-11.780048,1.6687185,3.5202909,0.011631086,0.009416648,0.00682707,0.1746121346950531,0.6913620233535767,0.5167498886585236,0.32842397689819336,0.7307936549186707,0.4023696780204773,2.587654,0.24605118,-5.988888,-0.56494236,2.587654,0.24605118,-5.988888,-0.56494236,1.0,0.24605118,-1.0,-0.56494236,33.54301452636719,0.09842047,-0.4,-0.22597694
0.06666666666666667,10.772663,-10.585537,1.6455637,0.9979992,0.027577752,-0.056027986,-0.009886945,-0.064298,-0.03743712,-0.18484518,0.4684609,-1.8327448,-0.060651697,-0.043732487,-0.025935238,-0.19266121,-1.7632207,-0.97840834,8.848737,10.773327,-10.58513,1.1780709,7.4977846,-11.780048,1.6687185,3.5210428,0.011785515,-0.009769773,-0.006591654,0.1746121346950531,0.6263227462768555,0.45171061158180237,0.32842397689819336,0.5418813228607178,0.21345734596252441,4.1329966,-3.5328665,0.51379585,1.6364814,4.1329966,-3.5328665,0.51379585,1.6364814,1.0,-1.0,0.51379585,1.0,33.54301452636719,-0.4,0.20551835,0.4
0.08333333333333333,10.77145,-10.586196,1.6442119,0.99720764,0.029472452,-0.0677828,-0.010663604,-0.087604076,-0.04846571,-0.032103203,0.16137333,-1.273532,-0.06958267,-0.08325615,-0.044316713,-0.046459198,-2.3714194,-1.1028885,8.77212,10.773307,-10.585141,1.1752354,7.4977846,-11.780048,1.6687185,3.5214164,0.096113935,-0.08192486,-0.050261367,0.1746121346950531,0.6226726770401001,0.448060542345047,0.32842397689819336,0.7485071420669556,0.4200831651687622,5.668864,-0.72472453,2.972818,-0.030182123,5.668864,-0.72472453,2.972818,-0.030182123,1.0,-0.72472453,1.0,-0.030182123,33.54301452636719,-0.2898898,0.4,-0.012072849
0.1,10.769486,-10.587165,1.6452867,0.99659586,0.032679196,-0.07488648,-0.010984576,-0.111755505,-0.05828949,0.121070586,0.46928,-0.7114477,-0.03102336,-0.12962429,-0.062843986,0.0989607,-2.7820885,-1.1116363,8.725193,10.77326,-10.585166,1.175075,7.4977846,-11.780048,1.6687185,3.521387,0.26357335,-0.22917831,-0.13018528,0.1746121346950531,0.6692837476730347,0.49467161297798157,0.32842397689819336,0.9187825918197632,0.5903586149215698,5.90992,0.700027,2.5792217,0.16008136,5.90992,0.700027,2.5792217,0.16008136,1.0,0.700027,1.0,0.16008136,33.54301452636719,0.2800108,0.4,0.06403255
0.11666666666666667,10.766702,-10.58848,1.6487745,0.9963656,0.033924267,-0.07732497,-0.011198715,-0.13792008,-0.07039281,0.27348527,0.04486268,-0.15320684,-0.026215315,-0.17978635,-0.08442622,0.24355775,-3.0097237,-1.2949338,8.675823,10.7731695,-10.585214,1.1775532,7.4977846,-11.780048,1.6687185,3.5209403,0.52708316,-0.46577612,-0.24671695,0.1746121346950531,0.5820858478546143,0.40747371315956116,0.32842397689819336,0.5713130235671997,0.24288904666900635,4.0243483,-4.523598,3.2329354,0.022657305,4.0243483,-4.523598,3.2329354,0.022657305,1.0,-1.0,1.0,0.022657305,33.54301452636719,-0.4,0.4,0.009062923
0.13333333333333333,10.763123,-10.5901375,1.6543363,0.9966077,0.0316814,-0.07511037,-0.011304946,-0.16710334,-0.08475263,0.3971999,-0.37919876,0.40255266,0.008029594,-0.22643134,-0.10440796,0.36152747,-2.798699,-1.1989044,7.0781827,10.773008,-10.585296,1.1824392,7.4977846,-11.780048,1.6687185,3.5200841,0.894344,-0.7983222,-0.4031536,0.1746121346950531,0.4880315363407135,0.3134194016456604,0.32842397689819336,0.5846721529960632,0.2562481760978699,0.82921493,-2.937261,1.6017956,0.14217296,0.82921493,-2.937261,1.6017956,0.14217296,0.82921493,-1.0,1.0,0.14217296,30.678691864013672,-0.4,0.4,0.056869186
0.15,10.75936,-10.591869,1.658288,0.9966719,0.030675188,-0.07473345,-0.010910819,-0.19127427,-0.09523654,0.23296997,-0.030387338,-0.073445655,0.070561856,-0.22558817,-0.10386293,0.19558457,0.050590035,0.03270194,-9.9565735,10.772796,-10.5854025,1.1873189,7.4977846,-11.780048,1.6687185,3.519179,1.3587363,-1.2202544,-0.5976149,0.1746121346950531,0.5395272970199585,0.3649151623249054,0.32842397689819336,0.40481817722320557,0.07639420032501221,-2.1383584,0.8132403,-0.88807666,0.25652704,-2.1383584,0.8132403,-0.88807666,0.25652704,-1.0,0.8132403,-0.88807666,0.25652704,0.0,0.32529613,-0.35523066,0.10261082
0.16666666666666666,10.755589,-10.593608,1.659504,0.9969636,0.027739996,-0.07199792,-0.010503125,-0.21687448,-0.106358446,0.070039965,-0.4593961,0.46109515,0.06376931,-0.22647642,-0.104531206,0.032154515,-0.053294595,-0.040096786,-9.805802,10.772576,-10.585511,1.1897426,7.4977846,-11.780048,1.6687185,3.5186074,1.8405879,-1.6585033,-0.7982045,0.1746121346950531,0.6097398996353149,0.43512776494026184,0.32842397689819336,0.35960492491722107,0.03118094801902771,-3.1228764,-1.7698053,3.1771774,-0.026285172,-3.1228764,-1.7698053,3.1771774,-0.026285172,-1.0,-1.0,1.0,-0.026285172,0.0,-0.4,0.4,-0.010514068
0.18333333333333332,10.751282,-10.595545,1.6616771,0.99704975,0.026558809,-0.071386315,-0.009511394,-0.24065584,-0.1149999,0.20366536,-0.025582327,-0.052475456,0.14783783,-0.26899958,-0.119849615,0.1609195,-2.5513895,-0.91910446,7.7258987,10.772281,-10.585659,1.1915915,7.4977846,-11.780048,1.6687185,3.5180306,2.3231542,-2.0972028,-0.99939245,0.1746121346950531,0.5436595678329468,0.3690474331378937,0.32842397689819336,0.35924607515335083,0.03082209825515747,0.87593806,2.5167437,-2.669414,0.34716317,0.87593806,2.5167437,-2.669414,0.34716317,0.87593806,1.0,-1.0,0.34716317,31.462308883666992,0.4,-0.4,0.13886528
0.2,10.746785,-10.5975485,1.6622891,0.9973284,0.023675777,-0.06847332,-0.009313004,-0.2651981,-0.1246047,0.037802383,-0.45459917,0.4818806,0.0034205602,-0.26975572,-0.12039416,-0.00474187,-0.045368668,-0.032672882,-9.939681,10.771876,-10.585851,1.1930856,7.4977846,-11.780048,1.6687185,3.5173872,2.8655035,-2.5926995,-1.2202544,0.1746121346950531,0.44743621349334717,0.27282407879829407,0.32842397689819336,0.39815834164619446,0.0697343647480011,-3.1933146,-1.3597006,3.6761127,-0.59271175,-3.1933146,-1.3597006,3.6761127,-0.59271175,-1.0,-1.0,1.0,-0.59271175,0.0,-0.4,0.4,-0.2370847
0.21666666666666667,10.741748,-10.599732,1.6640928,0.9974218,0.022510719,-0.06768791,-0.007825173,-0.28790796,-0.1314025,0.19020744,-0.02008266,-0.030256404,0.24604563,-0.31263536,-0.13422146,0.14345801,-2.5727782,-0.82963806,8.891993,10.771335,-10.586109,1.1945155,7.4977846,-11.780048,1.6687185,3.516602,3.4183574,-3.0984101,-1.4439604,0.1746121346950531,0.4512830078601837,0.2766708731651306,0.32842397689819336,0.38455989956855774,0.05613592267036438,1.2719561,3.1693668,-2.000945,1.6708542,1.2719561,3.1693668,-2.000945,1.6708542,1.0,1.0,-1.0,1.0,33.54301452636719,0.4,-0.4,0.4
0.23333333333333334,10.7365265,-10.601969,1.6644119,0.99766755,0.020789523,-0.064601205,-0.0073433886,-0.31122056,-0.13896722,0.02376116,-0.26745483,0.50500757,0.002788982,-0.31332237,-0.1343991,-0.022375828,-0.041220184,-0.010658204,-9.950029,10.770634,-10.586431,1.1958127,7.4977846,-11.780048,1.6687185,3.5156655,4.0226464,-3.6542528,-1.6817018,0.1746121346950531,0.4797695577144623,0.3051574230194092,0.32842397689819336,0.3789497911930084,0.050525814294815063,-2.7684789,-0.57793134,4.444379,-1.7923545,-2.7684789,-0.57793134,4.444379,-1.7923545,-1.0,-0.57793134,1.0,-1.0,0.0,-0.23117255,0.4,-0.4
0.25,10.7308,-10.604363,1.6659261,0.99773204,0.021184122,-0.06363111,-0.0057541695,-0.33247587,-0.14416125,0.17609707,0.1664518,-0.00647343,0.2452093,-0.35343075,-0.14662346,0.12617883,-2.4065027,-0.7334616,8.913279,10.76974,-10.586848,1.197086,7.4977846,-11.780048,1.6687185,3.514521,4.6295853,-4.213509,-1.9181765,0.1746121346950531,0.6042688488960266,0.4296567142009735,0.32842397689819336,0.37512147426605225,0.04669749736785889,2.4595404,2.6807709,-1.6831346,2.176265,2.4595404,2.6807709,-1.6831346,2.176265,1.0,1.0,-1.0,1.0,33.54301452636719,0.4,-0.4,0.4
0.26666666666666666,10.724856,-10.606827,1.6663058,0.99796605,0.019878002,-0.060341377,-0.0052450052,-0.35454133,-0.15147488,0.03705666,-0.26253906,0.5303525,0.0018379792,-0.35763308,-0.1482315,-0.011974214,-0.25214016,-0.09648263,-8.289183,10.768616,-10.587363,1.198449,7.4977846,-11.780048,1.6687185,3.5131166,5.275435,-4.811912,-2.1623404,0.1746121346950531,0.5804821252822876,0.4058699905872345,0.32842397689819336,0.38174134492874146,0.053317368030548096,-0.8224135,-2.1176994,4.739236,-1.5141279,-0.8224135,-2.1176994,4.739236,-1.5141279,-0.8224135,-1.0,1.0,-1.0,2.978393316268921,-0.4,0.4,-0.4
0.2833333333333333,10.718429,-10.609444,1.6679952,0.998035,0.020319587,-0.059158165,-0.003659874,-0.37424442,-0.15607099,0.18872584,0.17135638,0.01882175,0.24423039,-0.39469337,-0.15987708,0.13671477,-2.2236173,-0.69873416,8.921339,10.767221,-10.588003,1.2000259,7.4977846,-11.780048,1.6687185,3.5113904,5.9188232,-5.4090676,-2.4030092,0.1746121346950531,0.6853395700454712,0.5107274353504181,0.32842397689819336,0.39131447672843933,0.06289049983024597,4.1527724,3.2937493,-1.3470588,2.1399963,4.1527724,3.2937493,-1.3470588,2.1399963,1.0,1.0,-1.0,1.0,33.54301452636719,0.4,-0.4,0.4
0.3,10.711375,-10.612274,1.6721401,0.99826974,0.019080626,-0.055528153,-0.0031459664,-0.39676982,-0.16360638,0.3360565,-0.25294217,0.57728577,0.00049409666,-0.4322931,-0.17283586,0.28350973,-2.2559826,-0.77752674,8.807697,10.765307,-10.58887,1.2039014,7.4977846,-11.780048,1.6687185,3.5087984,6.588658,-6.0334444,-2.6472552,0.1746121346950531,0.6288588643074036,0.45424672961235046,0.32842397689819336,0.37660476565361023,0.04818078875541687,1.4911953,-1.7555317,4.949817,-1.3961037,1.4911953,-1.7555317,4.949817,-1.3961037,1.0,-1.0,1.0,-1.0,33.54301452636719,-0.4,0.4,-0.4
0.31666666666666665,10.703742,-10.615293,1.6787323,0.9984729,0.01962519,-0.0516173,-0.0015188833,-0.4182529,-0.16725005,0.4830036,0.1821871,0.43952596,0.24274106,-0.466006,-0.18385784,0.43038964,-2.0227754,-0.66131914,8.812795,10.762787,-10.59,1.2103883,7.4977846,-11.780048,1.6687185,3.5052135,7.2706976,-6.6716957,-2.8898997,0.1746121346950531,0.5625836253166199,0.3879714906215668,0.32842397689819336,0.40248608589172363,0.07406210899353027,3.203537,2.9136105,-0.30221736,1.8862255,3.203537,2.9136105,-0.30221736,1.8862255,1.0,1.0,-0.30221736,1.0,33.54301452636719,0.4,-0.120886944,0.4
0.3333333333333333,10.695568,-10.618517,1.6877766,0.9988326,0.01846788,-0.04462618,-0.0009369562,-0.44366273,-0.17498821,0.6265968,-0.24350105,0.9753704,-0.00083232415,-0.49781558,-0.19637124,0.5776669,-1.908574,-0.7508039,8.836634,10.7596035,-10.591414,1.2194968,7.4977846,-11.780048,1.6687185,3.5005875,7.9469376,-7.3074565,-3.1232831,0.1746121346950531,0.4109668731689453,0.2363547384738922,0.32842397689819336,0.4566417634487152,0.12821778655052185,3.4626336,-2.3962085,0.9595684,-1.2320491,3.4626336,-2.3962085,0.9595684,-1.2320491,1.0,-1.0,0.9595684,-1.0,33.54301452636719,-0.4,0.38382736,-0.4
0.35,10.686943,-10.621925,1.6992798,0.9990274,0.019091623,-0.039739747,0.00069090247,-0.46400785,-0.17770858,0.7719026,0.19006482,0.4621331,0.24145105,-0.52329725,-0.2070028,0.72527725,-1.5289001,-0.6378936,8.856622,10.755708,-10.593137,1.2311947,7.4977846,-11.780048,1.6687185,3.494889,8.606416,-7.928912,-3.3470502,0.1746121346950531,0.4791717231273651,0.304559588432312,0.32842397689819336,0.47334522008895874,0.14492124319076538,6.196323,1.3547038,-4.7554445,1.4434253,6.196323,1.3547038,-4.7554445,1.4434253,1.0,1.0,-1.0,1.0,33.54301452636719,0.4,-0.4,0.4
0.36666666666666664,10.677929,-10.625529,1.7132441,0.99907184,0.017972562,-0.03912834,0.0011506549,-0.4763334,-0.18572515,0.9203145,-0.23926885,-0.05388153,-0.002025862,-0.5461012,-0.2191629,0.87298757,-1.3682376,-0.7296055,8.862619,10.751051,-10.595178,1.2454412,7.4977846,-11.780048,1.6687185,3.4880974,9.230925,-8.518693,-3.555536,0.1746121346950531,0.4510519206523895,0.2764397859573364,0.32842397689819336,0.4444345533847809,0.11601057648658752,6.1483107,-2.7271209,-2.878633,-1.7191962,6.1483107,-2.7271209,-2.878633,-1.7191962,1.0,-1.0,-1.0,-1.0,33.54301452636719,-0.4,-0.4,-0.4
0.3833333333333333,10.668531,-10.629309,1.7296748,0.9989612,0.01868724,-0.04153073,0.0015313695,-0.48293826,-0.18858479,1.072609,0.19603695,-0.36554775,0.06378356,-0.56933886,-0.22936314,1.0210433,-1.3942586,-0.6120148,8.883344,10.745585,-10.597554,1.2622006,7.4977846,-11.780048,1.6687185,3.4801953,9.807649,-9.062896,-3.7488527,0.1746121346950531,0.666726291179657,0.4921141564846039,0.32842397689819336,0.3844786584377289,0.05605468153953552,6.545223,2.7061958,-0.6270814,0.26992348,6.545223,2.7061958,-0.6270814,0.26992348,1.0,1.0,-0.6270814,0.26992348,33.54301452636719,0.4,-0.25083256,0.107969396
0.4,10.658714,-10.633286,1.7485735,0.99899745,0.017667644,-0.041097153,0.0016824336,-0.4976364,-0.19721301,1.2218851,-0.22732967,0.19225776,0.008422107,-0.59526193,-0.24134026,1.1691691,-1.5553843,-0.7186272,8.887546,10.739272,-10.600287,1.2814465,7.4977846,-11.780048,1.6687185,3.4711752,10.328464,-9.554686,-3.9223897,0.1746121346950531,0.610801100730896,0.4361889660358429,0.32842397689819336,0.3746345639228821,0.04621058702468872,6.4431143,-1.5214583,2.5566907,-0.22553825,6.4431143,-1.5214583,2.5566907,-0.22553825,1.0,-1.0,1.0,-0.22553825,33.54301452636719,-0.4,0.4,-0.0902153
0.4166666666666667,10.64849,-10.637435,1.7699397,0.9989161,0.01850588,-0.04268794,0.0013138095,-0.504668,-0.19991262,1.3735838,0.20694411,-0.31996334,-0.06270296,-0.61906344,-0.25124002,1.3172039,-1.4280902,-0.59398496,8.882089,10.732072,-10.60338,1.3031502,7.4977846,-11.780048,1.6687185,3.4610407,10.792922,-9.993515,-4.076374,0.1746121346950531,0.6187622547149658,0.4441501200199127,0.32842397689819336,0.3539276719093323,0.025503695011138916,7.008176,2.7850437,-3.2116528,-0.29422623,7.008176,2.7850437,-3.2116528,-0.29422623,1.0,1.0,-1.0,-0.29422623,33.54301452636719,0.4,-0.4,-0.117690496
0.43333333333333335,10.637844,-10.641772,1.7937722,0.9988252,0.01757141,-0.045142896,0.0012719576,-0.510471,-0.2090379,1.5257044,-0.21880807,-0.28631133,0.028057126,-0.6450454,-0.26312515,1.4651734,-1.5589176,-0.7131081,8.878169,10.723958,-10.606846,1.327285,7.4977846,-11.780048,1.6687185,3.4498081,11.193425,-10.372742,-4.207018,0.1746121346950531,0.4937494993209839,0.3191373646259308,0.32842397689819336,0.3344036340713501,0.005979657173156738,6.4746737,-1.3662287,0.024779454,0.3748939,6.4746737,-1.3662287,0.024779454,0.3748939,1.0,-1.0,0.024779454,0.3748939,33.54301452636719,-0.4,0.009911782,0.14995757
0.45,10.626753,-10.646283,1.8200694,0.99854195,0.018479027,-0.05070839,0.0010211678,-0.50517005,-0.21074997,1.681771,0.21564049,-0.79686993,-0.040617306,-0.671994,-0.2729276,1.6130408,-1.6169142,-0.5881476,8.872046,10.714901,-10.610692,1.3538303,7.4977846,-11.780048,1.6687185,3.4374971,11.528555,-10.690613,-4.314902,0.1746121346950531,0.45400306582450867,0.27939093112945557,0.32842397689819336,0.32274577021598816,0.0056782066822052,5.7834616,3.1506944,-0.9972522,-0.2842138,5.7834616,3.1506944,-0.9972522,-0.2842138,1.0,1.0,-0.9972522,-0.2842138,33.54301452636719,0.4,-0.3989009,-0.113685526
0.4666666666666667,10.615149,-10.65098,1.8488287,0.9983777,0.01847298,-0.05385131,0.0007833835,-0.51062876,-0.21711887,1.8355649,-0.07477846,-0.2386593,-0.014880159,-0.70421624,-0.28461477,1.760754,-1.9333361,-0.7012295,8.862791,10.704885,-10.614927,1.3827738,7.4977846,-11.780048,1.6687185,3.4241438,11.796402,-10.946227,-4.397182,0.1746121346950531,0.41189801692962646,0.23728588223457336,0.32842397689819336,0.31099116802215576,0.017432808876037598,3.5305758,-0.6905179,3.4326777,0.10780719,3.5305758,-0.6905179,3.4326777,0.10780719,1.0,-0.6905179,1.0,0.10780719,33.54301452636719,-0.27620718,0.4,0.043122876
0.48333333333333334,10.603003,-10.655855,1.8800457,0.9980443,0.020593377,-0.059020203,0.00025730126,-0.5061512,-0.21436477,1.9920955,0.35927662,-0.75090045,-0.08222964,-0.7366605,-0.2951605,1.9080874,-1.9466542,-0.6327438,8.840003,10.693887,-10.619553,1.4141065,7.4977846,-11.780048,1.6687185,3.4097867,12.003014,-11.145911,-4.454323,0.1746121346950531,0.4455738365650177,0.2709617018699646,0.32842397689819336,0.3175162971019745,0.010907679796218872,1.842891,2.071899,-1.2570769,-0.2784999,1.842891,2.071899,-1.2570769,-0.2784999,1.0,1.0,-1.0,-0.2784999,33.54301452636719,0.4,-0.4,-0.11139996
0.5,10.590637,-10.660808,1.9104791,0.99786294,0.020953158,-0.061887976,-0.00057359814,-0.5148283,-0.2212898,1.8872507,-0.069674835,-0.21223311,-0.09897119,-0.7437061,-0.2979555,1.7982925,-0.42273757,-0.16770063,-6.587691,10.682271,-10.624427,1.4458958,7.4977846,-11.780048,1.6687185,3.395006,12.148682,-11.290392,-4.485256,0.1746121346950531,0.3433963656425476,0.1687842309474945,0.32842397689819336,0.3514247238636017,0.023000746965408325,-0.64249724,-2.6808567,2.7637653,-0.066351414,-0.64249724,-2.6808567,2.7637653,-0.066351414,-0.64249724,-1.0,1.0,-0.066351414,5.9958600997924805,-0.4,0.4,-0.026540566
0.5166666666666666,10.577895,-10.665882,1.9412575,0.99749273,0.023130033,-0.06686333,-0.0015740654,-0.51406705,-0.22009553,1.9595479,0.362476,-0.7304808,-0.13182548,-0.7710079,-0.30666363,1.861193,-1.6381072,-0.52248716,3.7740252,10.670194,-10.629483,1.4772931,7.4977846,-11.780048,1.6687185,3.380033,12.239977,-11.384751,-4.4949384,0.1746121346950531,0.39108115434646606,0.21646901965141296,0.32842397689819336,0.34578680992126465,0.01736283302307129,0.45031163,1.989905,-1.8435745,-0.13684568,0.45031163,1.989905,-1.8435745,-0.13684568,0.45031163,1.0,-1.0,-0.13684568,24.323911666870117,0.4,-0.4,-0.054738272
0.5333333333333333,10.564806,-10.67108,1.9719431,0.9972995,0.023540312,-0.069517076,-0.0026400255,-0.5257782,-0.22802112,1.9379594,-0.06533863,-0.18609323,-0.12057039,-0.79009926,-0.31355837,1.8334523,-1.145482,-0.41368422,-1.6644357,10.65757,-10.634757,1.5087383,7.4977846,-11.780048,1.6687185,3.364748,12.318687,-11.468453,-4.4971814,0.1746121346950531,0.2508646845817566,0.07625254988670349,0.32842397689819336,0.37194305658340454,0.04351907968521118,-0.12132973,-3.0243154,3.2399158,0.048399717,-0.12132973,-3.0243154,3.2399158,0.048399717,-0.12132973,-1.0,1.0,0.048399717,14.736624717712402,-0.4,0.4,0.019359887
0.55,10.551214,-10.676439,2.0035558,0.99690753,0.025761552,-0.07414575,-0.0037569283,-0.5281333,-0.22744265,2.0308468,0.36717594,-0.6843418,-0.14564902,-0.8237653,-0.32434124,1.9160393,-2.0199609,-0.646972,4.9552197,10.644337,-10.640267,1.5405102,7.4977846,-11.780048,1.6687185,3.3490787,12.369848,-11.527071,-4.4877357,0.1746121346950531,0.2348048835992813,0.06019274890422821,0.32842397689819336,0.3442063629627228,0.01578238606452942,0.5840014,1.1730083,-0.9652902,-0.10472134,0.5840014,1.1730083,-0.9652902,-0.10472134,0.5840014,1.0,-0.9652902,-0.10472134,26.566091537475586,0.4,-0.3861161,-0.041888535
0.5666666666666667,10.5372715,-10.681926,2.0348144,0.99672097,0.026180066,-0.076436944,-0.0043880204,-0.5436398,-0.23573571,1.9822317,-0.060813244,-0.14204146,-0.047583044,-0.84087807,-0.33059222,1.86118,-1.0267675,-0.37505862,-3.2915637,10.630529,-10.646005,1.5724198,7.4977846,-11.780048,1.6687185,3.3330796,12.405221,-11.572244,-4.4690814,0.1746121346950531,0.18893685936927795,0.014324724674224854,0.32842397689819336,0.3371398448944092,0.00871586799621582,-0.29141268,-3.5636806,3.833095,0.40578663,-0.29141268,-3.5636806,3.833095,0.40578663,-0.29141268,-1.0,1.0,0.40578663,11.884077072143555,-0.4,0.4,0.16231465
0.5833333333333334,10.522757,-10.687596,2.0670512,0.99652743,0.028413048,-0.078125,-0.0047217687,-0.5608876,-0.23492384,2.0861247,0.374322,-0.2242727,-0.057863172,-0.8805685,-0.34336117,1.9566305,-2.3814259,-0.7661372,5.7270308,10.61612,-10.651973,1.6045948,7.4977846,-11.780048,1.6687185,3.316728,12.410001,-11.589306,-4.43803,0.1746121346950531,0.24635550379753113,0.07174336910247803,0.32842397689819336,0.3051714599132538,0.023252516984939575,0.66865146,1.1518804,-0.19237296,-0.04344833,0.66865146,1.1518804,-0.19237296,-0.04344833,0.66865146,1.0,-0.19237296,-0.04344833,27.98579978942871,0.4,-0.07694919,-0.017379332
0.6,10.507863,-10.693402,2.0989354,0.9966277,0.028932856,-0.07659043,-0.0054683625,-0.5926774,-0.24407926,2.0294847,-0.05281119,0.317576,-0.11325952,-0.8977393,-0.34991074,1.8977028,-1.0302472,-0.392974,-3.535659,10.601117,-10.658167,1.6369805,7.4977846,-11.780048,1.6687185,3.3000453,12.409347,-11.602644,-4.4011955,0.1746121346950531,0.17531678080558777,0.000704646110534668,0.32842397689819336,0.3212682008743286,0.007155776023864746,-0.3158277,-4.414539,2.1422708,-0.2265459,-0.3158277,-4.414539,2.1422708,-0.2265459,-0.3158277,-1.0,1.0,-0.2265459,11.474599838256836,-0.4,0.4,-0.090618365
0.6166666666666667,10.492596,-10.699348,2.1305804,0.99654794,0.029950222,-0.07721178,-0.0057779364,-0.6137087,-0.2496562,2.0351763,0.1769431,-0.2065489,-0.021245489,-0.92196923,-0.35895702,1.8979019,-1.4537965,-0.5427772,0.01194477,10.58566,-10.664534,1.668909,7.4977846,-11.780048,1.6687185,3.2831917,12.379449,-11.588825,-4.353148,0.1746121346950531,0.19843575358390808,0.02382361888885498,0.32842397689819336,0.31026986241340637,0.018154114484786987,0.05752187,0.53098524,-3.1411023,0.3774637,0.05752187,0.53098524,-3.1411023,0.3774637,0.05752187,0.53098524,-1.0,0.3774637,17.736234664916992,0.2123941,-0.4,0.15098548
0.6333333333333333,10.476936,-10.705447,2.16199,0.9967095,0.028802026,-0.07551559,-0.0061613196,-0.64601225,-0.2653583,2.0179465,-0.2491691,0.33834103,-0.047865182,-0.9451863,-0.36813495,1.8790834,-1.3930248,-0.5506754,-1.1291099,10.56971,-10.671086,1.7005597,7.4977846,-11.780048,1.6687185,3.2661192,12.338826,-11.564915,-4.301091,0.1746121346950531,0.2703476548194885,0.09573552012443542,0.32842397689819336,0.3275183439254761,0.0009056329727172852,-0.06281514,-2.1801977,1.4126486,-0.108101994,-0.06281514,-2.1801977,1.4126486,-0.108101994,-0.06281514,-1.0,1.0,-0.108101994,15.718003273010254,-0.4,0.4,-0.043240797
0.65,10.460844,-10.711703,2.193564,0.99665433,0.029464386,-0.07594066,-0.0066970494,-0.6672441,-0.27226934,2.0423164,0.18292245,-0.18315531,-0.075586446,-0.9718624,-0.37775016,1.8982071,-1.6005634,-0.5769127,1.1474203,10.553227,-10.677833,1.7321253,7.4977846,-11.780048,1.6687185,3.2487893,12.284963,-11.528273,-4.2449055,0.1746121346950531,0.2614057958126068,0.08679366111755371,0.32842397689819336,0.32820406556129456,0.0002199113368988037,0.18023475,2.7937489,-3.0828114,-0.115371436,0.18023475,2.7937489,-3.0828114,-0.115371436,0.18023475,1.0,-1.0,-0.115371436,19.7943172454834,0.4,-0.4,-0.046148576
0.6666666666666666,10.444403,-10.718099,2.2246945,0.9968287,0.028326167,-0.074076526,-0.0065460065,-0.7001201,-0.2869974,2.0015907,-0.24347782,0.3599329,0.05448145,-0.9912612,-0.38553122,1.8567898,-1.1639284,-0.46686348,-2.4850342,10.536251,-10.684765,1.7634568,7.4977846,-11.780048,1.6687185,3.2312381,12.217961,-11.479143,-4.1842394,0.1746121346950531,0.29432153701782227,0.11970940232276917,0.32842397689819336,0.3436170518398285,0.015193074941635132,-0.20710696,-2.3518748,1.220981,0.5366968,-0.20710696,-2.3518748,1.220981,0.5366968,-0.20710696,-1.0,1.0,0.5366968,13.298011779785156,-0.4,0.4,0.21467872
0.6833333333333333,10.427587,-10.72463,2.2556646,0.9967881,0.029005343,-0.07434264,-0.0067319646,-0.7217812,-0.29319143,2.006984,0.18780963,-0.16307023,-0.054653168,-1.0146421,-0.39391562,1.8574836,-1.402856,-0.5030644,0.04162788,10.5188055,-10.691867,1.794416,7.4977846,-11.780048,1.6687185,3.213488,12.131969,-11.411768,-4.117795,0.1746121346950531,0.31810706853866577,0.14349493384361267,0.32842397689819336,0.31784939765930176,0.010574579238891602,0.06033926,3.325592,-3.5542817,-0.44997314,0.06033926,3.325592,-3.5542817,-0.44997314,0.06033926,1.0,-1.0,-0.44997314,17.78348731994629,0.4,-0.4,-0.17998926
0.7,10.410417,-10.731302,2.2862892,0.9968261,0.027905118,-0.074242614,-0.0068509495,-0.74644506,-0.30788288,1.9823828,-0.23982206,0.06889861,0.011934696,-1.035254,-0.40235585,1.8298012,-1.2367128,-0.5064136,-1.6609453,10.500881,-10.699141,1.8250746,7.4977846,-11.780048,1.6687185,3.1955278,12.033545,-11.332525,-4.047227,0.1746121346950531,0.3100951313972473,0.1354829967021942,0.32842397689819336,0.31311920285224915,0.015304774045944214,-0.11964799,-2.386376,0.41876543,0.27523664,-0.11964799,-2.386376,0.41876543,0.27523664,-0.11964799,-1.0,0.41876543,0.27523664,14.764830589294434,-0.4,0.16750617,0.11009466
0.7166666666666667,10.39283,-10.738122,2.3170252,0.9966038,0.028581623,-0.07692359,-0.006831935,-0.7588558,-0.31346014,2.0088387,0.19198221,-0.45258918,0.0026220076,-1.0614836,-0.4115785,1.8475412,-1.5737771,-0.5533594,1.0644007,10.482449,-10.706592,1.8555908,7.4977846,-11.780048,1.6687185,3.1773338,11.919151,-11.237583,-3.972771,0.1746121346950531,0.33152642846107483,0.15691429376602173,0.32842397689819336,0.31097424030303955,0.01744973659515381,0.17089792,3.0367017,-1.9680927,-0.03965372,0.17089792,3.0367017,-1.9680927,-0.03965372,0.17089792,1.0,-1.0,-0.03965372,19.637723922729492,0.4,-0.4,-0.015861487
0.7333333333333333,10.374885,-10.74508,2.3473368,0.9966055,0.027511453,-0.077290766,-0.0068375254,-0.7832161,-0.3276237,1.9734069,-0.23429953,0.090956174,0.013240049,-1.0816162,-0.41922033,1.808165,-1.2079524,-0.4585093,-2.3625753,10.463529,-10.71422,1.885891,7.4977846,-11.780048,1.6687185,3.1589224,11.792837,-11.131155,-3.8946636,0.1746121346950531,0.33411046862602234,0.15949833393096924,0.32842397689819336,0.31153005361557007,0.01689392328262329,-0.19344933,-2.4472985,3.3223767,0.045524985,-0.19344933,-2.4472985,3.3223767,0.045524985,-0.19344933,-1.0,1.0,0.045524985,13.527070999145508,-0.4,0.4,0.018209994
0.75,10.356541,-10.752172,2.3775425,0.99638855,0.028228398,-0.0797956,-0.0067449557,-0.79754305,-0.33285907,1.986541,0.19727452,-0.43146756,0.012172533,-1.1069345,-0.4275958,1.8124771,-1.5191029,-0.50252795,0.25872946,10.444146,-10.722008,1.9158871,7.4977846,-11.780048,1.6687185,3.1403167,11.649808,-11.008576,-3.8117275,0.1746121346950531,0.28838425874710083,0.11377212405204773,0.32842397689819336,0.3022019565105438,0.026222020387649536,0.08522939,3.2160287,-1.5425373,-0.005686909,0.08522939,3.2160287,-1.5425373,-0.005686909,0.08522939,1.0,-1.0,-0.005686909,18.2009334564209,0.4,-0.4,-0.0022747635
0.7666666666666666,10.337815,-10.7593975,2.4073431,0.9964027,0.027194632,-0.07998852,-0.0066229263,-0.82367957,-0.34650674,1.9569701,-0.22881383,0.11247886,0.02961446,-1.128782,-0.43549114,1.7788888,-1.3108491,-0.473721,-2.0152974,10.424296,-10.729956,1.9455981,7.4977846,-11.780048,1.6687185,3.1215105,11.498363,-10.878017,-3.7257326,0.1746121346950531,0.29775214195251465,0.12314000725746155,0.32842397689819336,0.3272744119167328,0.0011495649814605713,-0.15606447,-2.4925227,3.7729006,0.07366297,-0.15606447,-2.4925227,3.7729006,0.07366297,-0.15606447,-1.0,1.0,0.07366297,14.154070854187012,-0.4,0.4,0.029465187
0.7833333333333333,10.318708,-10.766747,2.4367993,0.9963431,0.027955176,-0.080500774,-0.0061987303,-0.8475083,-0.35105887,1.9462405,0.2038096,-0.117397785,0.050219312,-1.1520915,-0.44267488,1.76241,-1.398568,-0.4310238,-0.98872656,10.404016,-10.738052,1.97489,7.4977846,-11.780048,1.6687185,3.1025271,11.335798,-10.736734,-3.636325,0.1746121346950531,0.30768054723739624,0.13306841254234314,0.32842397689819336,0.3342512845993042,0.00582730770111084,-0.04788203,3.4977522,-0.45243365,0.08375552,-0.04788203,3.4977522,-0.45243365,0.08375552,-0.04788203,1.0,-0.45243365,0.08375552,15.968453407287598,0.4,-0.18097346,0.03350221
0.8,10.299217,-10.774228,2.4658382,0.9965636,0.026983894,-0.07808884,-0.0058996757,-0.8838747,-0.36412293,1.9180149,-0.22229178,0.4267543,0.032804865,-1.1749133,-0.4508372,1.7346256,-1.3693069,-0.48973915,-1.6670679,10.383302,-10.746293,2.0037813,7.4977846,-11.780048,1.6687185,3.0833628,11.166594,-10.589289,-3.5439787,0.1746121346950531,0.3544580340385437,0.1798458993434906,0.32842397689819336,0.3383729159832001,0.009948939085006714,-0.11967296,-2.2209086,2.4794407,-0.06993067,-0.11967296,-2.2209086,2.4794407,-0.06993067,-0.11967296,-1.0,1.0,-0.06993067,14.764410972595215,-0.4,0.4,-0.02797227
0.8166666666666667,10.279428,-10.781806,2.494096,0.9965625,0.027803198,-0.07783577,-0.005622716,-0.90938514,-0.36884195,1.8687066,0.20799074,-0.09997731,0.022029301,-1.1913346,-0.4560403,1.681618,-0.985279,-0.31218585,-3.180456,10.362216,-10.754658,2.0320058,7.4977846,-11.780048,1.6687185,3.064045,10.991296,-10.435811,-3.4499903,0.1746121346950531,0.40407001972198486,0.22945788502693176,0.32842397689819336,0.33770519495010376,0.0092812180519104,-0.28281373,4.137531,-2.3295155,-0.045256227,-0.28281373,4.137531,-2.3295155,-0.045256227,-0.28281373,1.0,-1.0,-0.045256227,12.028294563293457,0.4,-0.4,-0.018102491
0.8333333333333334,10.259326,-10.7895,2.5215914,0.9967842,0.026886508,-0.075279295,-0.0055902917,-0.94475776,-0.38203686,1.8238264,-0.21836144,0.44295228,-0.0020183427,-1.21096,-0.4633295,1.6382197,-1.1775254,-0.43735203,-2.6038954,10.340788,-10.763138,2.059414,7.4977846,-11.780048,1.6687185,3.0445719,10.806445,-10.273198,-3.3527095,0.1746121346950531,0.3863297700881958,0.2117176353931427,0.32842397689819336,0.3361843228340149,0.007760345935821533,-0.22276385,-2.1557252,2.2384632,-0.09737861,-0.22276385,-2.1557252,2.2384632,-0.09737861,-0.22276385,-1.0,1.0,-0.09737861,13.035422325134277,-0.4,0.4,-0.038951445
0.85,10.238962,-10.797284,2.548122,0.9967898,0.027759494,-0.074888475,-0.005574519,-0.9695776,-0.3872836,1.7643217,0.2118713,-0.08444495,-0.008866638,-1.2252883,-0.46802205,1.5756028,-0.8596944,-0.28155327,-3.7570164,10.319038,-10.771723,2.0859113,7.4977846,-11.780048,1.6687185,3.024937,10.618234,-10.106841,-3.2555566,0.1746121346950531,0.3606696128845215,0.18605747818946838,0.32842397689819336,0.3241460621356964,0.004277914762496948,-0.34611422,4.184498,-2.380404,-0.029210776,-0.34611422,4.184498,-2.380404,-0.029210776,-0.34611422,1.0,-1.0,-0.029210776,10.966650009155273,0.4,-0.4,-0.011684311
0.8666666666666667,10.2183275,-10.805166,2.573689,0.99701035,0.026896482,-0.07220066,-0.005828816,-1.0035872,-0.40073597,1.705653,-0.21465701,0.4574658,-0.039104905,-1.242254,-0.47460887,1.5194012,-1.0179448,-0.39520916,-3.3720944,10.296992,-10.780401,2.1113966,7.4977846,-11.780048,1.6687185,3.0051327,10.422637,-9.933162,-3.156527,0.1746121346950531,0.3561844825744629,0.1815723478794098,0.32842397689819336,0.3187754452228546,0.009648531675338745,-0.3062895,-2.2361279,1.9235344,-0.12303302,-0.3062895,-2.2361279,1.9235344,-0.12303302,-0.3062895,-1.0,1.0,-0.12303302,11.634571075439453,-0.4,0.4,-0.04921321
0.8833333333333333,10.197459,-10.81313,2.5981476,0.99702376,0.027783621,-0.07169946,-0.005552975,-1.0279198,-0.40563357,1.6383152,0.21566105,-0.070343815,0.044810615,-1.254902,-0.47896603,1.4494989,-0.7588791,-0.26142955,-4.194138,10.27466,-10.789166,2.135803,7.4977846,-11.780048,1.6687185,2.9851387,10.224399,-9.7563505,-3.0580957,0.1746121346950531,0.30660444498062134,0.13199231028556824,0.32842397689819336,0.3056185245513916,0.022805452346801758,-0.39403352,4.040369,-2.663991,0.34418443,-0.39403352,4.040369,-2.663991,0.34418443,-0.39403352,1.0,-1.0,0.34418443,10.162970542907715,0.4,-0.4,0.13767378
0.9,10.176356,-10.82119,2.6215074,0.9972444,0.026929835,-0.06890546,-0.0055120364,-1.0607629,-0.41817737,1.5704013,-0.21105394,0.4710446,-0.010944507,-1.2699591,-0.48510233,1.3849658,-0.90342516,-0.36817786,-3.8719866,10.25207,-10.798016,2.1590645,7.4977846,-11.780048,1.6687185,2.9649482,10.01997,-9.573068,-2.9590845,0.1746121346950531,0.31353360414505005,0.13892146944999695,0.32842397689819336,0.3228084444999695,0.005615532398223877,-0.36080784,-2.0195339,1.2668554,-0.22784826,-0.36080784,-2.0195339,1.2668554,-0.22784826,-0.36080784,-1.0,1.0,-0.22784826,10.720215797424316,-0.4,0.4,-0.09113931
0.9166666666666666,10.15504,-10.829329,2.6437213,0.9972614,0.027865153,-0.06828403,-0.005512701,-1.083983,-0.4237981,1.5022991,0.21900631,-0.056884594,-0.009274062,-1.2819211,-0.4894338,1.3147848,-0.7177233,-0.25988817,-4.2108607,10.229221,-10.806943,2.181174,7.4977846,-11.780048,1.6687185,2.9445357,9.813477,-9.38702,-2.8614964,0.1746121346950531,0.3076927363872528,0.1330806016921997,0.32842397689819336,0.3237530589103699,0.004670917987823486,-0.39671546,3.799306,-2.995039,0.0058210194,-0.39671546,3.799306,-2.995039,0.0058210194,-0.39671546,1.0,-1.0,0.0058210194,10.11799144744873,0.4,-0.4,0.0023284077
0.9333333333333333,10.133478,-10.83757,2.6649435,0.9974499,0.027056009,-0.06579034,-0.0057610683,-1.1137506,-0.43672514,1.4430331,-0.20781493,0.41695926,-0.03875154,-1.2973405,-0.49608412,1.2586985,-0.9251618,-0.3990197,-3.3651779,10.206105,-10.815952,2.2022002,7.4977846,-11.780048,1.6687185,2.9238818,9.601787,-9.195348,-2.7640343,0.1746121346950531,0.30313640832901,0.1285242736339569,0.32842397689819336,0.3280710279941559,0.0003529489040374756,-0.30704448,-2.0623355,0.8734051,-0.11997762,-0.30704448,-2.0623355,0.8734051,-0.11997762,-0.30704448,-1.0,0.8734051,-0.11997762,11.621908187866211,-0.4,0.34936205,-0.04799105
0.95,10.111711,-10.845896,2.685079,0.99743724,0.027987966,-0.06562914,-0.0053268895,-1.1349897,-0.44159332,1.3778193,0.22245474,-0.11065619,0.07187062,-1.309016,-0.50060964,1.1905711,-0.70052856,-0.27153075,-4.0876436,10.182733,-10.825041,2.2221687,7.4977846,-11.780048,1.6687185,2.9029799,9.388461,-9.0010395,-2.6691728,0.1746121346950531,0.30378466844558716,0.12917253375053406,0.32842397689819336,0.31484469771385193,0.01357927918434143,-0.3833878,3.464735,-3.127161,0.45395744,-0.3833878,3.464735,-3.127161,0.45395744,-0.3833878,1.0,-1.0,0.45395744,10.34151554107666,0.4,-0.4,0.18158297
0.9666666666666667,10.089716,-10.854317,2.7041452,0.9976009,0.027175382,-0.06346251,-0.005137727,-1.1628677,-0.45325333,1.3119259,-0.2044081,0.38448495,0.0051469635,-1.3230053,-0.5069062,1.1276313,-0.8393597,-0.37779447,-3.7763855,10.159105,-10.834201,2.2410388,7.4977846,-11.780048,1.6687185,2.881806,9.169478,-8.800522,-2.5749073,0.1746121346950531,0.31786176562309265,0.14324963092803955,0.32842397689819336,0.3160892426967621,0.012334734201431274,-0.35124305,-1.8115503,0.91360605,-0.27287787,-0.35124305,-1.8115503,0.91360605,-0.27287787,-0.35124305,-1.0,0.91360605,-0.27287787,10.880632400512695,-0.4,0.36544243,-0.10915115
0.9833333333333333,10.067511,-10.862828,2.7221856,0.99756736,0.028163288,-0.06355523,-0.005179987,-1.1822202,-0.45935056,1.254364,0.22562037,-0.14272416,-0.018004587,-1.33513,-0.5118033,1.0665655,-0.7274794,-0.29382703,-3.6639473,10.135224,-10.843436,2.2588575,7.4977846,-11.780048,1.6687185,2.8603487,8.94823,-8.596661,-2.483595,0.1746121346950531,0.34115180373191833,0.16653966903686523,0.32842397689819336,0.2922610938549042,0.036162883043289185,-0.338763,3.1742673,-3.2201233,-0.096413344,-0.338763,3.1742673,-3.2201233,-0.096413344,-0.338763,1.0,-1.0,-0.096413344,11.089941024780273,0.4,-0.4,-0.038565338
1.0,10.045082,-10.871442,2.7392185,0.9977289,0.02735823,-0.061375484,-0.0046481835,-1.209388,-0.4700524,1.190805,-0.20081238,0.39880013,0.08930038,-1.349149,-0.51837885,1.0063127,-0.8411407,-0.39453146,-3.615167,10.111097,-10.852744,2.275656,7.4977846,-11.780048,1.6687185,2.8386035,8.722566,-8.387555,-2.3941731,0.1746121346950531,0.3555326461791992,0.18092051148414612,0.32842397689819336,0.31200864911079407,0.016415327787399292,-0.33399475,-1.5618745,1.2434149,0.44322777,-0.33399475,-1.5618745,1.2434149,0.44322777,-0.33399475,-1.0,1.0,0.44322777,11.169912338256836,-0.4,0.4,0.17729111
1.0166666666666666,10.022472,-10.880135,2.7550356,0.9977032,0.028349467,-0.061366454,-0.0043250187,-1.2286983,-0.47551322,1.1167951,0.22849333,-0.12962589,0.012162008,-1.3588738,-0.5224349,0.929283,-0.58349127,-0.24336217,-4.621782,10.086741,-10.862119,2.2913187,7.4977846,-11.780048,1.6687185,2.8165445,8.495349,-8.175708,-2.3084095,0.1746121346950531,0.3626137375831604,0.1880016028881073,0.32842397689819336,0.3227539360523224,0.005670040845870972,-0.4410613,2.9217072,-3.59191,-0.31827345,-0.4410613,2.9217072,-3.59191,-0.31827345,-0.4410613,1.0,-1.0,-0.31827345,9.374244689941406,0.4,-0.4,-0.12730938
1.0333333333333332,9.999648,-10.888927,2.7698326,0.9978412,0.027566552,-0.059484333,-0.003833922,-1.2538341,-0.48603955,1.0578333,-0.19821624,0.34660935,0.07351839,-1.37285,-0.5292943,0.8731988,-0.83856577,-0.41156527,-3.3650527,10.062161,-10.871554,2.3058655,7.4977846,-11.780048,1.6687185,2.7941628,8.263003,-7.9580293,-2.2241824,0.1746121346950531,0.37181830406188965,0.19720616936683655,0.32842397689819336,0.3479224145412445,0.019498437643051147,-0.3083183,-1.6343137,0.8778243,0.25417474,-0.3083183,-1.6343137,0.8778243,0.25417474,-0.3083183,-1.0,0.8778243,0.25417474,11.600544929504395,-0.4,0.35112974,0.1016699
1.05,9.9766245,-10.897814,2.7836452,0.9977883,0.028589595,-0.05989661,-0.0036700075,-1.2715605,-0.49211004,1.0019739,0.23145907,-0.18054804,-0.006175307,-1.3842958,-0.5343496,0.8131333,-0.68675274,-0.30331847,-3.6039302,10.03735,-10.881058,2.3194253,7.4977846,-11.780048,1.6687185,2.7714608,8.030976,-7.7392797,-2.1447895,0.1746121346950531,0.36710476875305176,0.19249263405799866,0.32842397689819336,0.35405468940734863,0.025630712509155273,-0.3324865,2.3511248,-3.340908,-0.32890782,-0.3324865,2.3511248,-3.340908,-0.32890782,-0.3324865,1.0,-1.0,-0.32890782,11.195207595825195,0.4,-0.4,-0.13156313
1.0666666666666667,9.953413,-10.906791,2.7962232,0.9979233,0.027783876,-0.0580623,-0.00239195,-1.2966235,-0.50043315,0.9201278,-0.19518024,0.35971463,0.20548064,-1.3953905,-0.540049,0.73452926,-0.6656813,-0.34196374,-4.7162423,10.012327,-10.890616,2.3318498,7.4977846,-11.780048,1.6687185,2.7484097,7.79605,-7.5166063,-2.0685806,0.1746121346950531,0.3650413453578949,0.1904292106628418,0.32842397689819336,0.34849172830581665,0.02006775140762329,-0.45184955,-1.8966707,1.5849106,0.8727931,-0.45184955,-1.8966707,1.5849106,0.8727931,-0.45184955,-1.0,1.0,0.8727931,9.19330883026123,-0.4,0.4,0.34911725
1.0833333333333333,9.930058,-10.915837,2.8073726,0.9978759,0.028821087,-0.058379665,-0.002146011,-1.3142914,-0.5065612,0.83586556,0.23330505,-0.16959657,-0.037308514,-1.4032767,-0.5435326,0.6465479,-0.47317025,-0.2090156,-5.27888,9.987131,-10.900228,2.3429093,7.4977846,-11.780048,1.6687185,2.7249703,7.5596642,-7.2911987,-1.9967337,0.1746121346950531,0.355526864528656,0.1809147298336029,0.32842397689819336,0.3478621244430542,0.01943814754486084,-0.5124227,1.9400638,-3.290019,-1.5895329,-0.5124227,1.9400638,-3.290019,-1.5895329,-0.5124227,1.0,-1.0,-1.0,8.177406311035156,0.4,-0.4,-0.4
1.1,9.906501,-10.924983,2.8174627,0.9980115,0.028036213,-0.0564437,-0.0009280283,-1.3384713,-0.5147968,0.77662885,-0.19293119,0.37217605,0.20524597,-1.4168025,-0.5506506,0.5908706,-0.81155056,-0.42707917,-3.3406374,9.961751,-10.909885,2.3527472,7.4977846,-11.780048,1.6687185,2.7011497,7.320412,-7.062228,-1.9270096,0.1746121346950531,0.3264167308807373,0.1518045961856842,0.32842397689819336,0.34859490394592285,0.020170927047729492,-0.30686396,-2.1353488,1.6280978,1.5193101,-0.30686396,-2.1353488,1.6280978,1.5193101,-0.30686396,-1.0,1.0,1.0,11.6249361038208,-0.4,0.4,0.4
1.1166666666666667,9.882751,-10.934226,2.8265815,0.99797016,0.02909606,-0.056643166,-0.0006815607,-1.3558621,-0.5212177,0.7211723,0.23600452,-0.15508738,-0.037553493,-1.4277133,-0.55584675,0.531779,-0.6546449,-0.31176922,-3.5454974,9.936164,-10.919604,2.3615997,7.4977846,-11.780048,1.6687185,2.676965,7.085037,-6.835505,-1.8637657,0.1746121346950531,0.3523607850074768,0.1777486503124237,0.32842397689819336,0.3570035398006439,0.02857956290245056,-0.32663828,1.2746607,-3.1245198,-1.5957428,-0.32663828,1.2746607,-3.1245198,-1.5957428,-0.32663828,1.0,-1.0,-1.0,11.293291091918945,0.4,-0.4,-0.4
1.1333333333333333,9.858789,-10.943581,2.8347526,0.9981067,0.028332936,-0.054588158,0.00054106815,-1.3792387,-0.52924645,0.66084754,-0.19024998,0.3866457,0.20501095,-1.4408013,-0.56303537,0.4756085,-0.7852792,-0.43131706,-3.3702295,9.910366,-10.929379,2.3695035,7.4977846,-11.780048,1.6687185,2.6524115,6.8492293,-6.6071115,-1.8049991,0.1746121346950531,0.3477156162261963,0.1731034815311432,0.32842397689819336,0.34674471616744995,0.018320739269256592,-0.30856913,-2.5773423,1.8341519,1.7707444,-0.30856913,-2.5773423,1.8341519,1.7707444,-0.30856913,-1.0,1.0,1.0,11.596338272094727,-0.4,0.4,0.4
1.15,9.834646,-10.953039,2.841917,0.99815565,0.026337232,-0.054691102,0.0006185665,-1.3962123,-0.54035383,0.59912336,-0.25491163,-0.14418432,-0.03819925,-1.451028,-0.5688465,0.4138497,-0.61360353,-0.34866926,-3.705527,9.884376,-10.939211,2.3764412,7.4977846,-11.780048,1.6687185,2.6274886,6.615561,-6.3790603,-1.7530649,0.1746121346950531,0.3619164526462555,0.1873043179512024,0.32842397689819336,0.3420015573501587,0.013577580451965332,-0.34305477,-0.1450785,-3.033383,-1.5760365,-0.34305477,-0.1450785,-3.033383,-1.5760365,-0.34305477,-0.1450785,-1.0,-1.0,11.017961502075195,-0.0580314,-0.4,-0.4
1.1666666666666667,9.810208,-10.962635,2.848969,0.99831134,0.024819689,-0.052489568,0.001794958,-1.418942,-0.5472397,0.6048191,-0.14753236,0.4057462,0.20467013,-1.4710592,-0.57803625,0.42489138,-1.2018727,-0.5513835,0.6625002,9.858137,-10.949107,2.3829238,7.4977846,-11.780048,1.6687185,2.6022716,6.3822103,-6.14969,-1.70702,0.1746121346950531,0.3510102331638336,0.17639809846878052,0.32842397689819336,0.3463931977748871,0.017969220876693726,0.1196185,0.23446207,1.968456,1.3689797,0.1196185,0.23446207,1.968456,1.3689797,0.1196185,0.23446207,1.0,1.0,18.777690887451172,0.09378483,0.4,0.4
1.1833333333333333,9.785627,-10.972311,2.8547134,0.9984025,0.020874495,-0.052475024,0.0017745332,-1.4354147,-0.55925834,0.49430633,-0.5816369,-0.13084401,-0.038755517,-1.4760516,-0.58140486,0.31743374,-0.29954192,-0.20211695,-6.447458,9.831698,-10.959062,2.3886595,7.4977846,-11.780048,1.6687185,2.5767205,6.1570044,-5.926217,-1.6699259,0.1746121346950531,0.33009451627731323,0.15548238158226013,0.32842397689819336,0.3470022678375244,0.018578290939331055,-0.63153255,-1.7118007,-2.819573,-1.5714813,-0.63153255,-1.7118007,-2.819573,-1.5714813,-0.63153255,-1.0,-1.0,-1.0,6.179754734039307,-0.4,-0.4,-0.4
1.2,9.760759,-10.982095,2.8603852,0.99856305,0.01870134,-0.05013543,0.0029062629,-1.4572182,-0.56395864,0.5163859,-0.14371161,0.42255417,0.20433828,-1.497185,-0.5887169,0.3464649,-1.2680053,-0.43872353,1.7418693,9.805048,-10.969078,2.393772,7.4977846,-11.780048,1.6687185,2.5508509,5.925911,-5.6957374,-1.6355408,0.1746121346950531,0.2977261543273926,0.12311401963233948,0.32842397689819336,0.3224065601825714,0.006017416715621948,0.23077865,3.5797672,2.2326133,1.3054792,0.23077865,3.5797672,2.2326133,1.3054792,0.23077865,1.0,1.0,1.0,20.642013549804688,0.4,0.4,0.4
1.2166666666666666,9.735757,-10.991933,2.8647196,0.99863607,0.014785911,-0.04998799,0.0028962847,-1.473045,-0.57314575,0.3970084,-0.577997,-0.11461907,-0.039092395,-1.5010991,-0.5910683,0.23089638,-0.23484705,-0.1410842,-6.9341106,9.778207,-10.979146,2.39817,7.4977846,-11.780048,1.6687185,2.5246525,5.705619,-5.474692,-1.6068085,0.1746121346950531,0.27464526891708374,0.10003313422203064,0.32842397689819336,0.3239574432373047,0.004466533660888672,-0.6830513,-1.8430156,-2.6977758,-1.6576957,-0.6830513,-1.8430156,-2.6977758,-1.6576957,-0.6830513,-1.0,-1.0,-1.0,5.315707683563232,-0.4,-0.4,-0.4
1.2333333333333334,9.710462,-11.001855,2.8691792,0.99878305,0.012644467,-0.04749956,0.004019929,-1.4938136,-0.57530195,0.43645594,-0.13975443,0.4400589,0.20397978,-1.523082,-0.59649116,0.2781454,-1.3189744,-0.3253698,2.834941,9.751165,-10.989279,2.4020298,7.4977846,-11.780048,1.6687185,2.4981568,5.4790382,-5.246753,-1.5784299,0.1746121346950531,0.2901701331138611,0.11555799841880798,0.32842397689819336,0.3279212415218353,0.0005027353763580322,0.34546754,3.9366157,2.5856757,1.3624415,0.34546754,3.9366157,2.5856757,1.3624415,0.34546754,1.0,1.0,1.0,22.565519332885742,0.4,0.4,0.4
1.25,9.68503,-11.01182,2.872386,0.9988385,0.008760439,-0.04720903,0.0040198215,-1.5088557,-0.581815,0.31721038,-0.574061,-0.09706357,-0.03945715,-1.5268213,-0.59824723,0.16338249,-0.22435425,-0.105364315,-6.8857746,9.723935,-10.999469,2.405323,7.4977846,-11.780048,1.6687185,2.4713633,5.264455,-5.0303597,-1.5524067,0.1746121346950531,0.3073597848415375,0.13274765014648438,0.32842397689819336,0.3415714204311371,0.013147443532943726,-0.67733896,-1.4794744,-2.4185762,-1.7710545,-0.67733896,-1.4794744,-2.4185762,-1.7710545,-0.67733896,-1.0,-1.0,-1.0,5.4115118980407715,-0.4,-0.4,-0.4
1.2666666666666666,9.659321,-11.021829,2.8757122,0.9989709,0.006651211,-0.044569314,0.005133942,-1.5284253,-0.58148205,0.35515228,-0.1358363,0.45757684,0.20360851,-1.5475643,-0.6010534,0.2100429,-1.2445806,-0.16837119,2.7996244,9.696517,-11.009718,2.4080968,7.4977846,-11.780048,1.6687185,2.4442818,5.043502,-4.8075414,-1.5246176,0.1746121346950531,0.33852681517601013,0.16391468048095703,0.32842397689819336,0.33303168416023254,0.004607707262039185,0.34070513,4.56534,3.072826,1.4293178,0.34070513,4.56534,3.072826,1.4293178,0.34070513,1.0,1.0,1.0,22.485647201538086,0.4,0.4,0.4
1.2833333333333332,9.633501,-11.031856,2.8775814,0.99900514,0.0037732334,-0.044131264,0.005186273,-1.5425185,-0.5845785,0.2203814,-0.41402033,-0.07956777,-0.03972151,-1.5495983,-0.60176295,0.07930568,-0.12204408,-0.042572018,-7.8442326,9.668936,-11.020019,2.4101748,7.4977846,-11.780048,1.6687185,2.4168782,4.8329206,-4.5958962,-1.4949448,0.1746121346950531,0.3138440251350403,0.13923189043998718,0.32842397689819336,0.3284412622451782,1.728534698486328e-05,-0.7796199,-0.6370861,-2.0940466,-2.008062,-0.7796199,-0.6370861,-2.0940466,-2.008062,-0.7796199,-0.6370861,-1.0,-1.0,3.6961069107055664,-0.25483444,-0.4,-0.4
1.3,9.607456,-11.041895,2.8792226,0.9991202,0.002992837,-0.041345954,0.006351066,-1.5605083,-0.58151966,0.23638272,0.023635939,0.47356656,0.20337695,-1.5670439,-0.6024183,0.10341077,-1.0467339,-0.03932118,1.4463056,9.641212,-11.030367,2.411422,7.4977846,-11.780048,1.6687185,2.3891242,4.6152225,-4.377821,-1.4611514,0.1746121346950531,0.3224683403968811,0.147856205701828,0.32842397689819336,0.2970057427883148,0.03141823410987854,0.1951781,3.6271195,3.286878,1.3496635,0.1951781,3.6271195,3.286878,1.3496635,0.1951781,1.0,1.0,1.0,20.044939041137695,0.4,0.4,0.4
1.3166666666666667,9.581352,-11.051943,2.8788815,0.9991467,0.00046019276,-0.040795516,0.006423621,-1.5734304,-0.582776,0.06700067,-0.41169608,-0.066793285,-0.039964363,-1.5660223,-0.6029623,-0.061730422,0.061297413,-0.032640696,-9.908471,9.613376,-11.040754,2.4114947,7.4977846,-11.780048,1.6687185,2.3609314,4.4061856,-4.1700764,-1.4230019,0.1746121346950531,0.3013968765735626,0.12678474187850952,0.32842397689819336,0.3113352954387665,0.01708868145942688,-1.0179603,-1.7082952,-1.8554335,-2.1185436,-1.0179603,-1.7082952,-1.8554335,-2.1185436,-1.0,-1.0,-1.0,-1.0,0.0,-0.4,-0.4,-0.4
1.3333333333333333,9.555055,-11.061985,2.878084,0.9992526,-0.0003018937,-0.037903167,0.007580521,-1.5894258,-0.5783163,0.07538082,0.025841914,0.48584804,0.20313357,-1.5816386,-0.6023632,-0.044545755,-0.9369778,0.035945173,1.03108,9.585432,-11.051176,2.410358,7.4977846,-11.780048,1.6687185,2.3322854,4.189828,-3.9556623,-1.3810852,0.1746121346950531,0.32602471113204956,0.15141257643699646,0.32842397689819336,0.3054770529270172,0.022946923971176147,0.1484216,4.519034,3.7691855,1.2542549,0.1484216,4.519034,3.7691855,1.2542549,0.1484216,1.0,1.0,1.0,19.260761260986328,0.4,0.4,0.4
1.35,9.528707,-11.072026,2.875278,0.9992742,-0.0022205769,-0.03724406,0.0076812357,-1.6010113,-0.57762796,-0.09363364,-0.3139333,-0.053830557,-0.04014077,-1.5806363,-0.6027585,-0.20959413,0.0601387,-0.023717878,-9.902902,9.557394,-11.061631,2.4079432,7.4977846,-11.780048,1.6687185,2.3031647,3.982203,-3.7520378,-1.3342242,0.1746121346950531,0.29728156328201294,0.12266942858695984,0.32842397689819336,0.2925666570663452,0.035857319831848145,-1.2097478,-0.77828103,-1.5789803,-2.3377047,-1.2097478,-0.77828103,-1.5789803,-2.3377047,-1.0,-0.77828103,-1.0,-1.0,0.0,-0.3113124,-0.4,-0.4
1.3666666666666667,9.502224,-11.082055,2.871447,0.99937147,-0.0021741325,-0.034255434,0.008861863,-1.6146197,-0.5722554,-0.1302667,0.12271279,0.49571759,0.20301804,-1.5916018,-0.6014866,-0.23761281,-0.6579351,0.0763142,-1.6811209,9.529284,-11.07211,2.4039667,7.4977846,-11.780048,1.6687185,2.2734895,3.7682235,-3.543035,-1.2831255,0.1746121346950531,0.3066469132900238,0.1320347785949707,0.32842397689819336,0.29020336270332336,0.038220614194869995,-0.13987239,4.228836,4.0666966,1.0721637,-0.13987239,4.228836,4.0666966,1.0721637,-0.13987239,1.0,1.0,1.0,14.425636291503906,0.4,0.4,0.4
1.3833333333333333,9.475709,-11.09209,2.865428,0.9993903,-0.0038846624,-0.033516727,0.008974476,-1.6246755,-0.57044435,-0.2990427,-0.31268623,-0.044442076,-0.04026744,-1.5906249,-0.60204375,-0.40231732,0.058615204,-0.033427477,-9.88227,9.50111,-11.082619,2.398336,7.4977846,-11.780048,1.6687185,2.2432258,3.560076,-3.341744,-1.2275541,0.1746121346950531,0.27344024181365967,0.09882810711860657,0.32842397689819336,0.270603209733963,0.05782076716423035,-1.2391104,-1.1267818,-1.4271683,-2.414918,-1.2391104,-1.1267818,-1.4271683,-2.414918,-1.0,-1.0,-1.0,-1.0,0.0,-0.4,-0.4,-0.4
1.4,9.449055,-11.102098,2.8586617,0.99948215,-0.003810913,-0.030439239,0.009704354,-1.6353589,-0.5659162,-0.31424713,0.12433171,0.50666267,0.13170908,-1.6020294,-0.6001046,-0.40839592,-0.6842708,0.11635064,-0.36471602,9.472866,-11.093148,2.391262,7.4977846,-11.780048,1.6687185,2.2124302,3.3474884,-3.1367218,-1.1690402,0.1746121346950531,0.25855541229248047,0.08394327759742737,0.32842397689819336,0.2753581702709198,0.05306580662727356,-0.00090546394,4.8881726,4.461872,0.7070646,-0.00090546394,4.8881726,4.461872,0.7070646,-0.00090546394,1.0,1.0,0.7070646,16.75632095336914,0.4,0.4,0.28282586
1.4166666666666667,9.422363,-11.112102,2.8498728,0.99951226,-0.0037278405,-0.029580308,0.00928276,-1.6431217,-0.5661405,-0.47534415,-0.028616793,-0.031145385,-0.11133277,-1.6014415,-0.6001613,-0.56701624,0.035276413,-0.003404617,-9.51722,9.444557,-11.103706,2.3827703,7.4977846,-11.780048,1.6687185,2.181108,3.1409268,-2.940226,-1.104759,0.1746121346950531,0.2416096031665802,0.0669974684715271,0.32842397689819336,0.2614661157131195,0.06695786118507385,-0.9602362,-0.34604484,-1.102684,-1.7709286,-0.9602362,-0.34604484,-1.102684,-1.7709286,-0.9602362,-0.34604484,-1.0,-1.0,0.6668990254402161,-0.13841794,-0.4,-0.4
1.4333333333333333,9.395541,-11.122083,2.8404255,0.9996021,-0.0012828814,-0.026368367,0.009936967,-1.6511885,-0.56467444,-0.48334894,0.40843886,0.5205095,0.13198128,-1.6118942,-0.59846175,-0.5679326,-0.6271648,0.101974,-0.054981705,9.416177,-11.114286,2.3729615,7.4977846,-11.780048,1.6687185,2.1492848,2.9297268,-2.7403474,-1.0362409,0.1746121346950531,0.23227368295192719,0.057661548256874084,0.32842397689819336,0.2674131393432617,0.06101083755493164,0.031905282,1.8587676,4.5227814,1.8875306,0.031905282,1.8587676,4.5227814,1.8875306,0.031905282,1.0,1.0,1.0,17.30660629272461,0.4,0.4,0.4
1.45,9.368633,-11.132059,2.8298519,0.9996679,-0.0005982631,-0.023932269,0.009534639,-1.6559247,-0.56694084,-0.5795527,-0.024114665,0.21531104,-0.1110204,-1.6151979,-0.5988803,-0.65716636,-0.19821881,-0.025112627,-5.354025,9.387711,-11.124898,2.3623264,7.4977846,-11.780048,1.6687185,2.117105,2.7234836,-2.5478077,-0.962309,0.1746121346950531,0.23206573724746704,0.05745360255241394,0.32842397689819336,0.25930678844451904,0.06911718845367432,-0.5192101,-3.7907362,-0.5727809,-1.427123,-0.5192101,-3.7907362,-0.5727809,-1.427123,-0.5192101,-1.0,-0.5727809,-1.0,8.063570976257324,-0.4,-0.22911237,-0.4
1.4666666666666666,9.341568,-11.142031,2.819748,0.9997726,0.0018768634,-0.0186385,0.010186458,-1.6594185,-0.5668093,-0.5275641,0.4142792,0.7715308,0.13232002,-1.6266952,-0.59819084,-0.59101325,-0.6898355,0.04136681,3.9691863,9.359142,-11.13555,2.3514876,7.4977846,-11.780048,1.6687185,2.0847554,2.5156925,-2.3552961,-0.8839052,0.1746121346950531,0.21344251930713654,0.038830384612083435,0.32842397689819336,0.26573246717453003,0.06269150972366333,0.46095523,1.1067549,3.3640366,1.8065912,0.46095523,1.1067549,3.3640366,1.8065912,0.46095523,1.0,1.0,1.0,24.502422332763672,0.4,0.4,0.4
1.4833333333333334,9.314432,-11.15201,2.808879,0.99982786,0.0025897056,-0.01554056,0.0097924415,-1.6601866,-0.57026,-0.619011,-0.019747624,0.23720655,-0.11052114,-1.628649,-0.5991243,-0.673159,-0.11723041,-0.056008097,-4.928745,9.330473,-11.146237,2.340536,7.4977846,-11.780048,1.6687185,2.0522676,2.3124242,-2.1696434,-0.79997027,0.1746121346950531,0.2277999073266983,0.0531877726316452,0.32842397689819336,0.2850594222545624,0.04336455464363098,-0.46989986,-4.761777,-2.3947525,-1.6336626,-0.46989986,-4.761777,-2.3947525,-1.6336626,-0.46989986,-1.0,-1.0,-1.0,8.890578269958496,-0.4,-0.4,-0.4
1.5,9.287193,-11.162008,2.7984285,0.9998896,0.0031874368,-0.010099424,0.010414289,-1.660179,-0.56970537,-0.5763533,0.11197419,0.7906951,0.13253564,-1.6359766,-0.6002437,-0.61337584,-0.43965337,-0.067162514,3.5869894,9.301711,-11.156959,2.329482,7.4977846,-11.780048,1.6687185,2.0196533,2.1045265,-1.9802445,-0.7125055,0.1746121346950531,0.2386452853679657,0.0640331506729126,0.32842397689819336,0.27102822065353394,0.057395756244659424,0.4204522,0.2886684,2.4954228,1.702459,0.4204522,0.2886684,2.4954228,1.702459,0.4204522,0.2886684,1.0,1.0,23.8231258392334,0.11546736,0.4,0.4
1.5166666666666666,9.25993,-11.172025,2.7867165,0.9999253,0.0013729301,-0.006887443,0.009993453,-1.6574615,-0.5701357,-0.70852184,-0.32260308,0.25337654,-0.110716745,-1.6358284,-0.6010705,-0.732814,0.008890629,-0.049610134,-7.16629,9.272879,-11.16771,2.3179817,7.4977846,-11.780048,1.6687185,1.9868214,1.8974512,-1.7921627,-0.6232767,0.1746121346950531,0.2485816925764084,0.07396955788135529,0.32842397689819336,0.26851698756217957,0.059906989336013794,-0.7072381,-1.6591834,-3.2825198,-2.2455692,-0.7072381,-1.6591834,-3.2825198,-2.2455692,-0.7072381,-1.0,-1.0,-1.0,4.910058498382568,-0.4,-0.4,-0.4
1.5333333333333332,9.232619,-11.182043,2.7753224,0.99994135,0.0013699408,-0.0017862741,0.010595138,-1.6539373,-0.5679186,-0.66152495,0.11557895,0.7315681,0.13239188,-1.639175,-0.60098875,-0.66900915,-0.20080088,0.004906654,3.8282917,9.243978,-11.178481,2.3060727,7.4977846,-11.780048,1.6687185,1.9537895,1.6848183,-1.5984479,-0.5325191,0.1746121346950531,0.2545461058616638,0.07993397116661072,0.32842397689819336,0.2800508141517639,0.04837316274642944,0.4431151,4.226514,0.8548876,1.4103507,0.4431151,4.226514,0.8548876,1.4103507,0.4431151,1.0,0.8548876,1.0,24.203216552734375,0.4,0.34195504,0.4
1.55,9.205312,-11.192068,2.7621028,0.99994767,-0.00041753412,0.0009120593,0.010181244,-1.6486038,-0.56738406,-0.83804524,-0.3197796,0.19105525,-0.11086754,-1.6382276,-0.60154825,-0.8345592,0.056848522,-0.033570528,-9.933002,9.215032,-11.18927,2.2933393,7.4977846,-11.780048,1.6687185,1.9204446,1.469358,-1.4020435,-0.43964407,0.1746121346950531,0.22688734531402588,0.05227521061897278,0.32842397689819336,0.28117018938064575,0.04725378751754761,-1.1531352,-1.1218716,-3.683795,-2.479585,-1.1531352,-1.1218716,-3.683795,-2.479585,-1.0,-1.0,-1.0,-1.0,0.0,-0.4,-0.4,-0.4
1.5666666666666667,9.178015,-11.202084,2.7487404,0.99993795,-0.00037895632,0.0027993547,0.0107755745,-1.6457341,-0.56465924,-0.8020014,0.115580395,0.23797297,0.13234724,-1.6376399,-0.6006459,-0.79236794,0.035262108,0.05414128,2.5314758,9.186048,-11.200067,2.2796342,7.4977846,-11.780048,1.6687185,1.8867508,1.2484859,-1.1997688,-0.34535766,0.1746121346950531,0.21484985947608948,0.04023772478103638,0.32842397689819336,0.2763821482658386,0.052041828632354736,0.30470118,4.8305264,0.054675475,1.1943964,0.30470118,4.8305264,0.054675475,1.1943964,0.30470118,1.0,0.054675475,1.0,21.881805419921875,0.4,0.02187019,0.4
1.5833333333333333,9.150736,-11.212093,2.7336948,0.9999452,-0.00038678633,0.0014266969,0.010359758,-1.6460146,-0.56601775,-0.9447652,-0.0419271,-0.29901376,-0.110830896,-1.636615,-0.60075575,-0.9396303,0.061490532,-0.006591081,-8.835743,9.157035,-11.210871,2.2649982,7.4977846,-11.780048,1.6687185,1.8527342,1.0222816,-0.99150485,-0.2489534,0.1746121346950531,0.18110179901123047,0.006489664316177368,0.32842397689819336,0.27122828364372253,0.057195693254470825,-0.88555974,-0.35733294,-1.1138186,-2.541918,-0.88555974,-0.35733294,-1.1138186,-2.541918,-0.88555974,-0.35733294,-1.0,-1.0,1.9193357229232788,-0.14293317,-0.4,-0.4
1.6,9.123453,-11.222098,2.7183924,0.99993503,0.0019873313,0.0024225083,0.010953617,-1.6452736,-0.5678351,-0.9180811,0.39549255,0.2550248,0.13247283,-1.6369138,-0.6001511,-0.9124508,-0.017924307,0.036277767,1.6307722,9.127991,-11.221683,2.2494,7.4977846,-11.780048,1.6687185,1.8183881,0.7919948,-0.7774859,-0.15090196,0.1746121346950531,0.1745912879705429,2.084672451019287e-05,0.32842397689819336,0.2779220640659332,0.05050191283226013,0.20867427,1.8942322,4.83744,1.6528937,0.20867427,1.8942322,4.83744,1.6528937,0.20867427,1.0,1.0,1.0,20.271289825439453,0.4,0.4,0.4
1.6166666666666667,9.096183,-11.232115,2.7023,0.9999338,0.0025723458,0.0038134048,0.0105398,-1.6409127,-0.5717236,-0.9934492,-0.035442892,0.13624111,-0.1106917,-1.6360909,-0.6011779,-0.98396915,0.0493741,-0.061604973,-4.2911015,9.0989275,-11.232499,2.2333465,7.4977846,-11.780048,1.6687185,1.7838928,0.5624105,-0.560064,-0.05132074,0.1746121346950531,0.15838956832885742,0.01622256636619568,0.32842397689819336,0.29087963700294495,0.03754433989524841,-0.40650952,-5.2917295,-0.22797386,-2.1862588,-0.40650952,-5.2917295,-0.22797386,-2.1862588,-0.40650952,-1.0,-0.22797386,-1.0,9.953729629516602,-0.4,-0.09118955,-0.4
1.6333333333333333,9.068924,-11.242144,2.6861079,0.99989784,0.0031025487,0.008394441,0.011145606,-1.6318457,-0.5717099,-0.9925296,0.10380839,0.6867833,0.1323677,-1.6352277,-0.60204154,-0.9687435,0.051791664,-0.051820274,0.9135389,9.069847,-11.243311,2.2168686,7.4977846,-11.780048,1.6687185,1.7492673,0.34207097,-0.3387659,0.04743637,0.1746121346950531,0.09972270578145981,0.07488942891359329,0.32842397689819336,0.2549216151237488,0.07350236177444458,0.1370594,0.3079009,1.2803591,1.3474807,0.1370594,0.3079009,1.2803591,1.3474807,0.1370594,0.3079009,1.0,1.0,19.070199966430664,0.12316036,0.4,0.4
1.65,9.041684,-11.25219,2.6680498,0.99988395,0.0012168561,0.010723181,0.010753571,-1.6222882,-0.57043505,-1.1553575,-0.33134866,0.14705609,-0.110907726,-1.6340934,-0.60268545,-1.1218623,0.06805658,-0.038634535,-9.187127,9.040762,-11.254126,2.1993113,7.4977846,-11.780048,1.6687185,1.7143228,0.18368515,-0.11394152,0.14407487,0.1746121346950531,0.12892162799835205,0.04569050669670105,0.32842397689819336,0.2918606102466583,0.036563366651535034,-0.9232222,-2.31387,-3.9208817,-2.5616765,-0.9232222,-2.31387,-3.9208817,-2.5616765,-0.9232222,-1.0,-1.0,-1.0,1.287679672241211,-0.4,-0.4,-0.4
1.6666666666666667,9.01452,-11.262231,2.6503031,0.999881,0.0011798299,0.010379735,0.011349877,-1.6196685,-0.5681841,-1.0799518,0.10280895,-0.10413011,0.13234775,-1.6284655,-0.6025439,-1.0476143,0.3376722,0.008493662,4.4548774,9.011681,-11.264925,2.1810787,7.4977846,-11.780048,1.6687185,1.67921,0.26467353,0.11382381,0.23894814,0.1746121346950531,0.10488411039113998,0.06972802430391312,0.32842397689819336,0.28080904483795166,0.0476149320602417,0.50997794,4.4433074,-0.5047107,1.1782829,0.50997794,4.4433074,-0.5047107,1.1782829,0.50997794,1.0,-0.5047107,1.0,25.32460594177246,0.4,-0.20188427,0.4
1.6833333333333333,8.987386,-11.272283,2.631588,0.9998571,-0.00066459086,0.01285837,0.010953123,-1.6106087,-0.5662423,-1.190874,-0.32422063,0.43461192,-0.111092776,-1.6278812,-0.60327387,-1.1484491,0.035061836,-0.04379868,-6.050083,8.982612,-11.275716,2.1625562,7.4977846,-11.780048,1.6687185,1.6440616,0.48308176,0.3504192,0.33252725,0.1746121346950531,0.09488476067781448,0.07972737401723862,0.32842397689819336,0.2940666377544403,0.03435733914375305,-0.5922789,-1.6526984,2.2172809,-2.2635202,-0.5922789,-1.6526984,2.2172809,-2.2635202,-0.5922789,-1.0,1.0,-1.0,6.83809757232666,-0.4,0.4,-0.4
1.7,8.960325,-11.282324,2.612712,0.999846,-0.00066295714,0.013224312,0.011518984,-1.6051514,-0.5636149,-1.1721652,0.10756206,-0.08656959,0.12769505,-1.6221511,-0.6023215,-1.1287066,0.34380195,0.057141777,1.1845492,8.953561,-11.286489,2.1434562,7.4977846,-11.780048,1.6687185,1.6088076,0.7258035,0.5892572,0.42375305,0.1746121346950531,0.09350647032260895,0.08110566437244415,0.32842397689819336,0.2912582755088806,0.037165701389312744,0.1681362,4.6955857,-2.8252702,0.9817394,0.1681362,4.6955857,-2.8252702,0.9817394,0.1681362,1.0,-1.0,0.9817394,19.591405868530273,0.4,-0.4,0.39269575
1.7166666666666666,8.933303,-11.292369,2.5928087,0.99980974,-0.0024700367,0.015853873,0.01108348,-1.59433,-0.56100136,-1.2704563,-0.31920627,0.45301998,-0.1157401,-1.6208656,-0.602788,-1.2165982,0.07713317,-0.027987955,-5.2734942,8.924539,-11.297246,2.1237776,7.4977846,-11.780048,1.6687185,1.5734687,0.98048383,0.8349331,0.51403815,0.1746121346950531,0.10440288484096527,0.07020924985408783,0.32842397689819336,0.3008953928947449,0.027528584003448486,-0.5126781,-1.5386564,1.9412456,-2.2246215,-0.5126781,-1.5386564,1.9412456,-2.2246215,-0.5126781,-1.0,1.0,-1.0,8.173123359680176,-0.4,0.4,-0.4
1.7333333333333334,8.906379,-11.302397,2.5729408,0.99979514,-0.002425594,0.016379835,0.011636572,-1.5874134,-0.55795485,-1.2406758,0.112772495,-0.06734921,0.12748021,-1.6136705,-0.60109806,-1.1854199,0.43170688,0.101394646,1.870694,8.895558,-11.307981,2.103651,7.4977846,-11.780048,1.6687185,1.5381111,1.2380079,1.0818018,0.6019704,0.1746121346950531,0.11417832970619202,0.060433804988861084,0.32842397689819336,0.2873390316963196,0.04108494520187378,0.24137469,5.2845006,-3.0635052,1.0559666,0.24137469,5.2845006,-3.0635052,1.0559666,0.24137469,1.0,-1.0,1.0,20.819725036621094,0.4,-0.4,0.4
1.75,8.879506,-11.312417,2.552119,0.9997447,-0.004192591,0.019169597,0.01119923,-1.5747764,-0.55464566,-1.3371329,-0.3139506,0.47237247,-0.11595362,-1.6118407,-0.6012808,-1.2711836,0.109784596,-0.0109648695,-5.145821,8.866628,-11.318689,2.0830672,7.4977846,-11.780048,1.6687185,1.5027536,1.5029703,1.3356371,0.68919754,0.1746121346950531,0.11825120449066162,0.05636093020439148,0.32842397689819336,0.2713046371936798,0.05711933970451355,-0.49847928,-1.4753817,1.3959302,-2.371682,-0.49847928,-1.4753817,1.3959302,-2.371682,-0.49847928,-1.0,1.0,-1.0,8.411258697509766,-0.4,0.4,-0.4
1.7666666666666666,8.852744,-11.32241,2.5312736,0.99972546,-0.0041053994,0.019855794,0.011735674,-1.5662582,-0.55123585,-1.3130499,0.1179104,-0.0483678,0.12532854,-1.6035696,-0.59895235,-1.2453699,0.49626586,0.13970733,1.5488218,8.837757,-11.329367,2.0620272,7.4977846,-11.780048,1.6687185,1.4674236,1.7682263,1.5897341,0.7741898,0.1746121346950531,0.09299846738576889,0.08161366730928421,0.32842397689819336,0.27438241243362427,0.05404156446456909,0.20783181,5.7843304,-3.4002151,0.99203146,0.20783181,5.7843304,-3.4002151,0.99203146,0.20783181,1.0,-1.0,0.99203146,20.257160186767578,0.4,-0.4,0.3968126
1.7833333333333332,8.826059,-11.332391,2.509723,0.99967724,-0.005826577,0.02200056,0.0112837,-1.5537664,-0.5473628,-1.3857714,-0.30921304,0.362899,-0.1180802,-1.6001512,-0.5986725,-1.3096814,0.20510672,0.016790628,-3.85869,8.808961,-11.340013,2.0406504,7.4977846,-11.780048,1.6687185,1.432183,2.0396748,1.8501042,0.85871273,0.1746121346950531,0.1294878125190735,0.045124322175979614,0.32842397689819336,0.2600865960121155,0.06833738088607788,-0.36194932,-1.4676536,0.7580987,-2.436306,-0.36194932,-1.4676536,0.7580987,-2.436306,-0.36194932,-1.0,0.7580987,-1.0,10.701071739196777,-0.4,0.3032395,-0.4
1.8,8.79952,-11.342327,2.4885602,0.99967664,-0.0056868815,0.021788165,0.011809523,-1.5467609,-0.5436021,-1.3329495,0.122978434,-0.15592758,0.123812094,-1.5897782,-0.5953949,-1.2581086,0.6223797,0.19665597,3.0943677,8.780258,-11.350613,2.019187,7.4977846,-11.780048,1.6687185,1.3971334,2.311016,2.110866,0.9407654,0.1746121346950531,0.10049613565206528,0.07411599904298782,0.32842397689819336,0.2530129849910736,0.07541099190711975,0.37291166,6.1926517,-2.961061,0.99431396,0.37291166,6.1926517,-2.961061,0.99431396,0.37291166,1.0,-1.0,0.99431396,23.025798797607422,0.4,-0.4,0.39772558
1.8166666666666667,8.773078,-11.35224,2.467005,0.99962395,-0.00735827,0.02385618,0.01134372,-1.5340656,-0.5393659,-1.3887763,-0.3029333,0.38651595,-0.1196189,-1.5855081,-0.594603,-1.3059801,0.2562046,0.047514435,-2.872288,8.751669,-11.361166,1.9977565,7.4977846,-11.780048,1.6687185,1.3623341,2.5886216,2.3780332,1.0227022,0.1746121346950531,0.14109212160110474,0.033520013093948364,0.32842397689819336,0.2634669244289398,0.06495705246925354,-0.25643885,-1.2771786,2.0301085,-2.3890138,-0.25643885,-1.2771786,2.0301085,-2.3890138,-0.25643885,-1.0,1.0,-1.0,12.470641136169434,-0.4,0.4,-0.4
1.8333333333333333,8.746815,-11.362093,2.4463456,0.9996193,-0.007164085,0.023857493,0.011862401,-1.5258702,-0.53527826,-1.3013767,0.1298385,-0.12984352,0.12364032,-1.5726765,-0.5901141,-1.2193595,0.76989406,0.26933312,5.1972337,8.723215,-11.37166,1.9766771,7.4977846,-11.780048,1.6687185,1.3278928,2.863806,2.6433668,1.1018157,0.1746121346950531,0.11664330959320068,0.05796882510185242,0.32842397689819336,0.25176674127578735,0.076657235622406,0.5969099,6.463682,-3.017208,1.0285795,0.5969099,6.463682,-3.017208,1.0285795,0.5969099,1.0,-1.0,1.0,26.78258514404297,0.4,-0.4,0.4
1.8499999999999999,8.720664,-11.371913,2.4254358,0.99955463,-0.008782156,0.02614249,0.011392691,-1.5120593,-0.5308102,-1.3575826,-0.29607537,0.41260052,-0.11978948,-1.5679449,-0.58897674,-1.2671891,0.2838993,0.06824255,-2.8697774,8.694916,-11.382094,1.9559454,7.4977846,-11.780048,1.6687185,1.2938275,3.1442566,2.9140608,1.1809313,0.1746121346950531,0.15121810138225555,0.023394033312797546,0.32842397689819336,0.2620145380496979,0.06640943884849548,-0.25418413,-1.0984277,1.7078854,-2.5441804,-0.25418413,-1.0984277,1.7078854,-2.5441804,-0.25418413,-1.0,1.0,-1.0,12.508456230163574,-0.4,0.4,-0.4
1.8666666666666667,8.694746,-11.38165,2.406144,0.9995445,-0.008526528,0.02638809,0.011905489,-1.5024955,-0.5264064,-1.2134265,0.13764891,-0.099753276,0.12344315,-1.5509762,-0.5827097,-1.1233532,1.0181236,0.37602064,8.630154,8.666806,-11.392449,1.9360412,7.4977846,-11.780048,1.6687185,1.2602801,3.41899,3.179633,1.2567525,0.1746121346950531,0.13947294652462006,0.035139188170433044,0.32842397689819336,0.248989075422287,0.07943490147590637,0.9611485,6.676914,-3.1826015,1.0548457,0.9611485,6.676914,-3.1826015,1.0548457,0.9611485,1.0,-1.0,1.0,32.891414642333984,0.4,-0.4,0.4
1.8833333333333333,8.668956,-11.391345,2.3867218,0.99947095,-0.009502715,0.028931018,0.011416482,-1.4876026,-0.52325904,-1.2784982,-0.1951981,0.44276196,-0.11991267,-1.5461556,-0.5812887,-1.1801803,0.2892351,0.08526205,-3.4096239,8.638897,-11.402731,1.9168952,7.4977846,-11.780048,1.6687185,1.2272316,3.6991236,3.45058,1.3330469,0.1746121346950531,0.16801044344902039,0.006601691246032715,0.32842397689819336,0.2628398537635803,0.06558412313461304,-0.30838627,-0.7836908,1.1159116,-2.7380812,-0.30838627,-0.7836908,1.1159116,-2.7380812,-0.30838627,-0.7836908,1.0,-1.0,11.599404335021973,-0.31347632,0.4,-0.4
1.9,8.643425,-11.400949,2.3689556,0.99946034,-0.0084086275,0.029439325,0.011900489,-1.4765803,-0.5206595,-1.1279755,0.2385058,-0.069183186,0.12342695,-1.5271114,-0.57458204,-1.0302866,1.1426497,0.40239927,8.993626,8.611216,-11.412923,1.8986062,7.4977846,-11.780048,1.6687185,1.1947209,3.9697611,3.7126393,1.4054581,0.1746121346950531,0.16108742356300354,0.01352471113204956,0.32842397689819336,0.2522715926170349,0.07615238428115845,1.0443352,4.864232,-3.5517845,1.0788057,1.0443352,4.864232,-3.5517845,1.0788057,1.0,1.0,-1.0,1.0,33.54301452636719,0.4,-0.4,0.4
1.9166666666666667,8.618066,-11.410503,2.3513777,0.99943566,-0.009118051,0.030241922,0.011421829,-1.4648933,-0.5185238,-1.1641494,-0.18923268,0.15352412,-0.11995128,-1.5198374,-0.57296085,-1.0638766,0.43644187,0.0972712,-2.0154047,8.583784,-11.423023,1.8812858,7.4977846,-11.780048,1.6687185,1.1627754,4.2443633,3.9786706,1.4781069,0.1746121346950531,0.1646108627319336,0.010001271963119507,0.32842397689819336,0.26200973987579346,0.0664142370223999,-0.15908368,-2.9569225,0.40282798,-2.8318257,-0.15908368,-2.9569225,0.40282798,-2.8318257,-0.15908368,-1.0,0.40282798,-1.0,14.103434562683105,-0.4,0.16113119,-0.4
1.9333333333333333,8.592973,-11.4199705,2.3354127,0.99949557,-0.007950257,0.028338898,0.011926472,-1.4589268,-0.51597273,-1.0174274,0.24407955,-0.35900518,0.12356964,-1.5010782,-0.56674266,-0.9248897,1.1255479,0.37309167,8.339216,8.556618,-11.433022,1.8649275,7.4977846,-11.780048,1.6687185,1.1313944,4.5082803,4.235109,1.5454594,0.1746121346950531,0.18083664774894714,0.006224513053894043,0.32842397689819336,0.26910850405693054,0.05931547284126282,0.9317951,4.23353,-1.7049351,1.2243196,0.9317951,4.23353,-1.7049351,1.2243196,0.9317951,1.0,-1.0,1.0,32.39911651611328,0.4,-0.4,0.4
1.95,8.568033,-11.429398,2.3195493,0.99948454,-0.008592828,0.028733425,0.011448744,-1.4492974,-0.5142606,-1.0556529,-0.1813735,0.18448237,-0.119924285,-1.4949273,-0.5653296,-0.96173006,0.36905763,0.08478283,-2.2104228,8.529725,-11.442926,1.849433,7.4977846,-11.780048,1.6687185,1.1005499,4.771928,4.4917502,1.6110476,0.1746121346950531,0.17411111295223236,0.0005010217428207397,0.32842397689819336,0.2817786931991577,0.046645283699035645,-0.18176498,-3.4142995,4.7218633,-2.6424856,-0.18176498,-3.4142995,4.7218633,-2.6424856,-0.18176498,-1.0,1.0,-1.0,13.723034858703613,-0.4,0.4,-0.4
1.9666666666666666,8.543346,-11.4387455,2.3054256,0.99948066,-0.0073719383,0.02901137,0.011932404,-1.4398031,-0.51181835,-0.90427047,0.25391442,-0.020096472,0.123433866,-1.4768243,-0.5592955,-0.81171083,1.0861802,0.36204812,9.001153,8.503132,-11.452725,1.8349295,7.4977846,-11.780048,1.6687185,1.0702754,5.019563,4.7336,1.6700436,0.1746121346950531,0.1764243096113205,0.001812174916267395,0.32842397689819336,0.26903972029685974,0.05938425660133362,1.3222891,3.3566217,-0.42842984,1.4885789,1.3222891,3.3566217,-0.42842984,1.4885789,1.0,1.0,-0.42842984,1.0,33.54301452636719,0.4,-0.17137194,0.4
1.9833333333333334,8.518874,-11.448033,2.2925005,0.99938226,-0.007961626,0.032264825,0.011432584,-1.4250369,-0.5107384,-0.8669084,-0.17043863,0.52895045,-0.119932376,-1.465513,-0.5568066,-0.76508296,0.6786775,0.14933108,2.7976725,8.476899,-11.462397,1.8219968,7.4977846,-11.780048,1.6687185,1.0407027,5.2608514,4.9697447,1.725744,0.1746121346950531,0.17422328889369965,0.0003888458013534546,0.32842397689819336,0.2842330038547516,0.04419097304344177,0.34935936,-4.040088,2.0003548,-2.7013047,0.34935936,-4.040088,2.0003548,-2.7013047,0.34935936,-1.0,1.0,-1.0,22.63079071044922,-0.4,0.4,-0.4
2.0,8.49467,-11.457254,2.2809649,0.9993466,-0.006673676,0.03346841,0.011901146,-1.4123186,-0.50836957,-0.77269614,0.2622535,0.013309395,0.12342449,-1.4480003,-0.5520661,-0.6698216,1.0507607,0.28443217,5.7156796,8.451024,-11.471948,1.8103466,7.4977846,-11.780048,1.6687185,1.0117558,5.482521,5.1878905,1.7730848,0.1746121346950531,0.17415469884872437,0.00045743584632873535,0.32842397689819336,0.30047479271888733,0.02794918417930603,0.6581161,2.2830458,-3.3546915,1.3276821,0.6581161,2.2830458,-3.3546915,1.3276821,0.6581161,1.0,-1.0,1.0,27.809106826782227,0.4,-0.4,0.4
2.0166666666666666,8.470614,-11.466446,2.2690585,0.99922585,-0.007210141,0.036952812,0.011402702,-1.3958513,-0.5075778,-0.84258145,-0.16390902,0.5548395,-0.1199516,-1.4419239,-0.55130845,-0.72999585,0.36458728,0.045458075,-3.6104534,8.425433,-11.481403,1.7990881,7.4977846,-11.780048,1.6687185,0.9832176,5.691747,5.394998,1.8138317,0.1746121346950531,0.154371440410614,0.020240694284439087,0.32842397689819336,0.3229712247848511,0.005452752113342285,-0.3319565,-4.4002194,1.0142585,-2.7481732,-0.3319565,-4.4002194,1.0142585,-2.7481732,-0.3319565,-1.0,1.0,-1.0,11.204095840454102,-0.4,0.4,-0.4
2.033333333333333,8.446883,-11.475571,2.2587934,0.99917114,-0.006511047,0.038383592,0.011885784,-1.3813585,-0.5046398,-0.6946299,0.16578417,0.042110305,0.123276345,-1.4178326,-0.5462457,-0.5802497,1.4454745,0.3037655,8.984767,8.400168,-11.490748,1.7885486,7.4977846,-11.780048,1.6687185,0.9551703,5.882676,5.5853815,1.8464535,0.1746121346950531,0.1341201364994049,0.04049199819564819,0.32842397689819336,0.29618096351623535,0.03224301338195801,1.0441436,0.7589694,-3.8702369,1.3254662,1.0441436,0.7589694,-3.8702369,1.3254662,1.0,0.7589694,-1.0,1.0,33.54301452636719,0.30358776,-0.4,0.4
2.05,8.42335,-11.484663,2.2483335,0.9991925,-0.00783095,0.037707176,0.011447434,-1.3691536,-0.50268763,-0.7572408,-0.26505077,-0.11939368,-0.120090105,-1.4100298,-0.5455109,-0.6441459,0.4681706,0.04408836,-3.8337705,8.375239,-11.499984,1.7786827,7.4977846,-11.780048,1.6687185,0.92760724,6.0719056,5.77559,1.8736585,0.1746121346950531,0.14422711730003357,0.03038501739501953,0.32842397689819336,0.30969658493995667,0.018727391958236694,-0.35029113,-4.1537,-0.3079788,-3.040804,-0.35029113,-4.1537,-0.3079788,-3.040804,-0.35029113,-1.0,-0.3079788,-1.0,10.896596908569336,-0.4,-0.12319153,-0.4
2.0666666666666664,8.40006,-11.4937,2.2384942,0.9990935,-0.0073072175,0.04020639,0.011926402,-1.3548733,-0.49908105,-0.6923587,0.17355594,0.43817514,0.123169765,-1.3934239,-0.54115117,-0.5741512,0.9963512,0.26158333,4.1996813,8.350601,-11.509128,1.7689512,7.4977846,-11.780048,1.6687185,0.9004114,6.242241,5.9488206,1.891324,0.1746121346950531,0.11610864102840424,0.058503493666648865,0.32842397689819336,0.30964192748069763,0.018782049417495728,0.4882606,2.3624902,2.282508,1.4063579,0.4882606,2.3624902,2.282508,1.4063579,0.4882606,1.0,1.0,1.0,24.96037483215332,0.4,0.4,0.4
2.0833333333333335,8.377149,-11.50267,2.2306397,0.99907297,-0.008573987,0.040592346,0.011481508,-1.3399647,-0.49750006,-0.5582072,-0.25672284,-0.08140047,-0.120060675,-1.3686018,-0.5371877,-0.43927854,1.4893268,0.23780821,8.0923605,8.3264065,-11.518136,1.7607287,7.4977846,-11.780048,1.6687185,0.8738868,6.4057374,6.116069,1.9045146,0.1746121346950531,0.12855322659015656,0.046058908104896545,0.32842397689819336,0.30664345622062683,0.02178052067756653,0.9129139,-4.820219,-2.8971004,-2.9667158,0.9129139,-4.820219,-2.8971004,-2.9667158,0.9129139,-1.0,-1.0,-1.0,32.08245086669922,-0.4,-0.4,-0.4
2.1,8.354335,-11.511613,2.221386,0.9989586,-0.008006963,0.043307737,0.011915701,-1.3242311,-0.4938477,-0.7189174,0.17817672,0.4604372,0.117198646,-1.3688558,-0.53649384,-0.59390587,-0.015242099,0.041631456,-9.277638,8.302504,-11.52705,1.7525138,7.4977846,-11.780048,1.6687185,0.84770423,6.5594373,6.2754345,1.9092255,0.1746121346950531,0.11135353147983551,0.06325860321521759,0.32842397689819336,0.31935611367225647,0.00906786322593689,-0.9314188,2.012988,1.1020688,0.9751828,-0.9314188,2.012988,1.1020688,0.9751828,-0.9314188,1.0,1.0,0.9751828,1.1502104997634888,0.4,0.4,0.39007312
2.1166666666666667,8.331874,-11.5204935,2.2133925,0.9989285,-0.009239866,0.04388489,0.011421567,-1.3079529,-0.49213383,-0.569675,-0.25185165,-0.05816893,-0.1260135,-1.3407712,-0.53179365,-0.4438403,1.685078,0.28201103,9.003934,8.278898,-11.535877,1.7442706,7.4977846,-11.780048,1.6687185,0.82186747,6.687941,6.4106855,1.9056923,0.1746121346950531,0.11220688372850418,0.06240525096654892,0.32842397689819336,0.3077312707901001,0.02069270610809326,1.829854,-5.3151255,-3.1748457,-2.806224,1.829854,-5.3151255,-3.1748457,-2.806224,1.0,-1.0,-1.0,-1.0,33.54301452636719,-0.4,-0.4,-0.4
2.1333333333333333,8.309678,-11.529317,2.2057428,0.99887985,-0.008611029,0.04499267,0.011853931,-1.2933129,-0.4882731,-0.5919992,0.18333963,0.19497092,0.11731011,-1.3288625,-0.5285042,-0.46512288,0.71451896,0.19736765,-1.2769549,8.255696,-11.544589,1.7369094,7.4977846,-11.780048,1.6687185,0.7965684,6.822488,6.552844,1.8990972,0.1746121346950531,0.11265026032924652,0.06196187436580658,0.32842397689819336,0.3111194968223572,0.01730448007583618,-0.080929585,1.3412148,0.44508386,1.1532284,-0.080929585,1.3412148,0.44508386,1.1532284,-0.080929585,1.0,0.44508386,1.0,15.414196014404297,0.4,0.17803355,0.4
2.15,8.287887,-11.538062,2.1998231,0.99894685,-0.009773538,0.043359954,0.011378189,-1.2789984,-0.4866793,-0.4427075,-0.24659657,-0.3238655,-0.12596235,-1.3006347,-0.52353233,-0.32085308,1.6936682,0.29831168,8.656187,8.232928,-11.553177,1.7306019,7.4977846,-11.780048,1.6687185,0.7718397,6.938891,6.677858,1.8853177,0.1746121346950531,0.10627054423093796,0.06834159046411514,0.32842397689819336,0.2879236340522766,0.04050034284591675,0.9706433,-5.326166,-1.8465524,-3.0722322,0.9706433,-5.326166,-1.8465524,-3.0722322,0.9706433,-1.0,-1.0,-1.0,33.0506591796875,-0.4,-0.4,-0.4
2.1666666666666665,8.26621,-11.54678,2.192566,0.99891657,-0.00920128,0.04405901,0.011817989,-1.2654153,-0.4825871,-0.59612036,0.1719496,0.21816264,0.117384315,-1.300706,-0.52280056,-0.47367615,-0.0042772293,0.04390597,-9.169383,8.21048,-11.561676,1.724304,7.4977846,-11.780048,1.6687185,0.7474694,7.0506067,6.7992296,1.8658854,0.1746121346950531,0.10918824374675751,0.0654238909482956,0.32842397689819336,0.30694806575775146,0.021475911140441895,-0.9197886,0.96246094,3.8027873,1.2053108,-0.9197886,0.96246094,3.8027873,1.2053108,-0.9197886,0.96246094,1.0,1.0,1.3452661037445068,0.38498437,0.4,0.4
2.183333333333333,8.244885,-11.555423,2.1865766,0.9989471,-0.010463349,0.04320375,0.011339726,-1.2508044,-0.48063388,-0.4431872,-0.25729063,-0.2067507,-0.12589584,-1.272639,-0.5173108,-0.32359725,1.6840194,0.32938597,9.004733,8.188351,-11.570089,1.7179965,7.4977846,-11.780048,1.6687185,0.72345877,7.1361446,6.8951397,1.8389162,0.1746121346950531,0.1011839285492897,0.0734282061457634,0.32842397689819336,0.29411396384239197,0.03431001305580139,1.7276235,-5.6731496,-0.82588816,-2.871469,1.7276235,-5.6731496,-0.82588816,-2.871469,1.0,-1.0,-0.82588816,-1.0,33.54301452636719,-0.4,-0.33035526,-0.4
2.2,8.223817,-11.564001,2.180949,0.99886173,-0.010866996,0.044918835,0.011809046,-1.2366097,-0.47548363,-0.4665872,0.020912243,0.3434515,0.117287114,-1.2613428,-0.5138288,-0.3434911,0.6777763,0.20891903,-1.1936312,8.166657,-11.578389,1.7125832,7.4977846,-11.780048,1.6687185,0.6999867,7.225727,6.9952197,1.8105344,0.1746121346950531,0.12379632145166397,0.05081581324338913,0.32842397689819336,0.31300923228263855,0.01541474461555481,-0.07321728,0.63121724,3.4330988,1.5615727,-0.07321728,0.63121724,3.4330988,1.5615727,-0.07321728,0.63121724,1.0,1.0,15.543542861938477,0.2524869,0.4,0.4
2.216666666666667,8.203156,-11.572479,2.177114,0.9988544,-0.013396592,0.044504214,0.011384904,-1.2210103,-0.4722341,-0.31712356,-0.40904585,-0.17522734,-0.12600972,-1.2326512,-0.50706494,-0.19466573,1.7214917,0.4058325,8.9295225,8.14543,-11.586571,1.7082689,7.4977846,-11.780048,1.6687185,0.6770834,7.2925067,7.072903,1.7761467,0.1746121346950531,0.11248046159744263,0.062131673097610474,0.32842397689819336,0.30172625184059143,0.02669772505760193,1.123221,-4.7804656,-1.7664814,-3.1551156,1.123221,-4.7804656,-1.7664814,-3.1551156,1.0,-1.0,-1.0,-1.0,33.54301452636719,-0.4,-0.4,-0.4
2.2333333333333334,8.182642,-11.580909,2.1723142,0.9987513,-0.014083269,0.046442453,0.011858465,-1.2061458,-0.46566507,-0.44636074,0.026449472,0.36898878,0.11729191,-1.2302233,-0.50539035,-0.31937557,0.14567612,0.10047554,-7.48259,8.124566,-11.594662,1.7042178,7.4977846,-11.780048,1.6687185,0.65458643,7.3522286,7.1434817,1.7395222,0.1746121346950531,0.11690433323383331,0.05770780146121979,0.32842397689819336,0.3175305426120758,0.010893434286117554,-0.7403115,3.4882517,3.6008906,1.6131562,-0.7403115,3.4882517,3.6008906,1.6131562,-0.7403115,1.0,1.0,1.0,4.355367660522461,0.4,0.4,0.4
2.25,8.162512,-11.589223,2.16889,0.99872744,-0.01657009,0.046238933,0.011434369,-1.1898332,-0.46139202,-0.2963799,-0.40351838,-0.14968352,-0.12599806,-1.2004505,-0.4964931,-0.16982245,1.7863654,0.5338347,8.9731865,8.104068,-11.602669,1.7003988,7.4977846,-11.780048,1.6687185,0.6324923,7.384701,7.186902,1.697717,0.1746121346950531,0.11265860497951508,0.061953529715538025,0.32842397689819336,0.3165439963340759,0.011879980564117432,1.5893286,-4.3379655,-1.3422817,-3.0365942,1.5893286,-4.3379655,-1.3422817,-3.0365942,1.0,-1.0,-1.0,-1.0,33.54301452636719,-0.4,-0.4,-0.4
2.2666666666666666,8.142628,-11.597438,2.16549,0.9986077,-0.01720406,0.048426792,0.011896084,-1.1746249,-0.45389253,-0.34726182,0.033326905,0.40018636,0.11728231,-1.1906873,-0.4917782,-0.21626559,0.5857944,0.28289437,-2.786588,8.084002,-11.610572,1.697306,7.4977846,-11.780048,1.6687185,0.61089265,7.4207053,7.232699,1.6597986,0.1746121346950531,0.11981092393398285,0.05480121076107025,0.32842397689819336,0.3226558566093445,0.005768120288848877,-0.24163707,4.1106815,3.670648,1.8108748,-0.24163707,4.1106815,3.670648,1.8108748,-0.24163707,1.0,1.0,1.0,12.718889236450195,0.4,0.4,0.4
2.283333333333333,8.123174,-11.605499,2.163774,0.9985651,-0.019637866,0.04848123,0.01147031,-1.1574789,-0.44900697,-0.19834246,-0.3966719,-0.11858406,-0.12599365,-1.1597073,-0.48085314,-0.06755429,1.8587993,0.6555032,8.922677,8.064384,-11.618378,1.6950918,7.4977846,-11.780048,1.6687185,0.58980364,7.4343038,7.2553625,1.6212922,0.1746121346950531,0.1247817873954773,0.049830347299575806,0.32842397689819336,0.30101296305656433,0.02741101384162903,1.195566,-3.1177754,-1.6130103,-3.1561985,1.195566,-3.1177754,-1.6130103,-3.1561985,1.0,-1.0,-1.0,-1.0,33.54301452636719,-0.4,-0.4,-0.4
2.3,8.103888,-11.613484,2.161149,0.9984279,-0.02022386,0.0508962,0.0119196065,-1.1414137,-0.4406591,-0.3235563,0.038988337,0.42601153,0.117273815,-1.1565081,-0.47845042,-0.18779948,0.19195317,0.14416336,-7.214711,8.045143,-11.626099,1.6931413,7.4977846,-11.780048,1.6687185,0.5691207,7.4473085,7.2756543,1.5897341,0.1746121346950531,0.1288565844297409,0.045755550265312195,0.32842397689819336,0.30290159583091736,0.025522381067276,-0.7116623,5.1037045,3.3661947,1.7467123,-0.7116623,5.1037045,3.3661947,1.7467123,-0.7116623,1.0,1.0,1.0,4.83585786819458,0.4,0.4,0.4
2.3166666666666664,8.085023,-11.6213,2.1599116,0.998368,-0.022614118,0.05116408,0.011492897,-1.1232961,-0.4348346,-0.17426927,-0.39102083,-0.092781946,-0.12599254,-1.1238464,-0.4655273,-0.038714178,1.9597005,0.7753872,8.945118,8.026274,-11.63374,1.6914567,7.4977846,-11.780048,1.6687185,0.5488386,7.4349604,7.270077,1.5571167,0.1746121346950531,0.14222000539302826,0.03239212930202484,0.32842397689819336,0.31118661165237427,0.017237365245819092,1.3511547,-1.9341918,-1.672748,-3.1255531,1.3511547,-1.9341918,-1.672748,-3.1255531,1.0,-1.0,-1.0,-1.0,33.54301452636719,-0.4,-0.4,-0.4
2.3333333333333335,8.066339,-11.629024,2.15779,0.99821216,-0.023153756,0.05379624,0.011929006,-1.1063027,-0.42559314,-0.29777843,0.04471033,0.45198283,0.11726537,-1.1202055,-0.46275362,-0.15718073,0.21845339,0.16642033,-7.1079926,8.007771,-11.6413,1.6899587,7.4977846,-11.780048,1.6687185,0.52894974,7.431082,7.27067,1.5356861,0.1746121346950531,0.14962825179100037,0.024983882904052734,0.32842397689819336,0.305343896150589,0.02308008074760437,-0.70046306,6.23731,2.9587498,1.7717031,-0.70046306,6.23731,2.9587498,1.7717031,-0.70046306,1.0,1.0,1.0,5.023685932159424,0.4,0.4,0.4
2.35,8.048103,-11.636547,2.1570597,0.9981651,-0.024221594,0.054305412,0.011431745,-1.0870994,-0.41905075,-0.14762627,-0.18023504,-0.06508533,-0.12584068,-1.0856602,-0.44772062,-0.008383578,2.0727181,0.90198034,8.927829,7.9896426,-11.648782,1.6887361,7.4977846,-11.780048,1.6687185,0.5094663,7.404853,7.248124,1.5154332,0.1746121346950531,0.16733147203922272,0.007280662655830383,0.32842397689819336,0.31703341007232666,0.0113905668258667,1.2288042,-0.52394545,-2.2225823,-3.1854126,1.2288042,-0.52394545,-2.2225823,-3.1854126,1.0,-0.52394545,-1.0,-1.0,33.54301452636719,-0.20957819,-0.4,-0.4
2.3666666666666667,8.030023,-11.643989,2.1551006,0.99802953,-0.023012508,0.05717395,0.011766886,-1.0689139,-0.4104078,-0.29717195,0.25495118,0.4775331,0.11742355,-1.0846635,-0.44620293,-0.15404868,0.05980253,0.09106099,-8.739906,7.9718537,-11.65619,1.6874993,7.4977846,-11.780048,1.6687185,0.4903419,7.3907275,7.2347765,1.5102521,0.1746121346950531,0.16353879868984222,0.011073336005210876,0.32842397689819336,0.2993699014186859,0.029054075479507446,-0.87402433,4.5209823,2.0200233,1.7737318,-0.87402433,4.5209823,2.0200233,1.7737318,-0.87402433,1.0,1.0,1.0,2.1128017902374268,0.4,0.4,0.4
2.3833333333333333,8.012408,-11.651242,2.1544218,0.9979801,-0.023616333,0.057892073,0.011243209,-1.0484549,-0.4044971,-0.14669052,-0.17522953,-0.04114248,-0.1256917,-1.047851,-0.43171066,-0.005297268,2.2087526,0.86953634,8.925084,7.9544096,-11.663526,1.6863145,7.4977846,-11.780048,1.6687185,0.47158623,7.3543453,7.1984696,1.5061309,0.1746121346950531,0.17207331955432892,0.002538815140724182,0.32842397689819336,0.30956488847732544,0.01885908842086792,1.4036785,-3.1081252,-2.9463634,-3.2523549,1.4036785,-3.1081252,-2.9463634,-3.2523549,1.0,-1.0,-1.0,-1.0,33.54301452636719,-0.4,-0.4,-0.4
2.4,7.9949794,-11.658411,2.1526983,0.9978222,-0.02236398,0.060965754,0.011569345,-1.029033,-0.396082,-0.28159493,0.2602486,0.5025594,0.11757427,-1.0449978,-0.42949733,-0.13637058,0.1711893,0.13279974,-7.8643985,7.9373107,-11.670791,1.6851984,7.4977846,-11.780048,1.6687185,0.45320195,7.3357053,7.177293,1.5162573,0.1746121346950531,0.15693961083889008,0.017672523856163025,0.32842397689819336,0.30447375774383545,0.02395021915435791,-0.78069097,4.7828283,1.028119,1.7551566,-0.78069097,4.7828283,1.028119,1.7551566,-0.78069097,1.0,1.0,1.0,3.67814302444458,0.4,0.4,0.4
2.4166666666666665,7.978056,-11.665391,2.1523092,0.9977583,-0.022928301,0.061892133,0.0110425195,-1.0072079,-0.39039886,-0.13141999,-0.16998786,-0.01620313,-0.12552465,-1.0056999,-0.41542155,0.011960662,2.357876,0.8445471,8.899874,7.92057,-11.677976,1.6842602,7.4977846,-11.780048,1.6687185,0.43521005,7.2980304,7.1362457,1.5281502,0.1746121346950531,0.1589595079421997,0.015652626752853394,0.32842397689819336,0.291797012090683,0.036626964807510376,1.217348,-2.789928,-3.7223582,-3.3262138,1.217348,-2.789928,-3.7223582,-3.3262138,1.0,-1.0,-1.0,-1.0,33.54301452636719,-0.4,-0.4,-0.4
2.433333333333333,7.961311,-11.672307,2.1505396,0.997933,-0.021612795,0.05941811,0.011496504,-0.9881466,-0.38229674,-0.28147456,0.2584996,-0.39528412,0.11783313,-1.0043945,-0.41450042,-0.14557962,0.078320496,0.055267807,-9.452416,7.9041514,-11.685094,1.6832137,7.4977846,-11.780048,1.6687185,0.4175649,7.281178,7.113529,1.5534664,0.1746121346950531,0.1711648553609848,0.0034472793340682983,0.32842397689819336,0.26813289523124695,0.06029108166694641,-0.94577837,5.002015,-0.7134731,1.3104953,-0.94577837,5.002015,-0.7134731,1.3104953,-0.94577837,1.0,-0.7134731,1.0,0.9093784689903259,0.4,-0.28538924,0.4
2.45,7.945007,-11.67905,2.1498396,0.99791765,-0.022127919,0.05958197,0.010982021,-0.96925396,-0.37683326,-0.14272049,-0.16343735,0.16051552,-0.12563436,-0.9697876,-0.40155178,-0.009687532,2.076416,0.7769179,8.153525,7.888048,-11.692136,1.6820297,7.4977846,-11.780048,1.6687185,0.40026423,7.246889,7.072903,1.5784299,0.1746121346950531,0.15195682644844055,0.02265530824661255,0.32842397689819336,0.28036853671073914,0.048055440187454224,0.9130678,-1.9251097,4.71685,-3.3549418,0.9130678,-1.9251097,4.71685,-3.3549418,0.9130678,-1.0,1.0,-1.0,32.08502960205078,-0.4,0.4,-0.4
2.466666666666667,7.9289775,-11.685685,2.1486773,0.99805546,-0.020762725,0.057651326,0.011420009,-0.95017385,-0.3688623,-0.21660821,0.26536855,-0.36710963,0.11771056,-0.9591426,-0.39709562,-0.090384774,0.6386983,0.26736975,-4.841834,7.8723187,-11.699093,1.6811845,7.4977846,-11.780048,1.6687185,0.38338625,7.230668,7.0479364,1.6152868,0.1746121346950531,0.16276127099990845,0.011850863695144653,0.32842397689819336,0.2774553894996643,0.05096858739852905,-0.45428744,4.7842216,-1.9886923,1.4354006,-0.45428744,4.7842216,-1.9886923,1.4354006,-0.45428744,1.0,-1.0,1.0,9.152422904968262,0.4,-0.4,0.4
2.4833333333333334,7.9132733,-11.692201,2.147664,0.9980309,-0.021232346,0.05800574,0.010897306,-0.93172085,-0.36366484,-0.17705205,-0.15820189,0.18158604,-0.12574795,-0.9368413,-0.38894954,-0.052439578,1.3380789,0.4887646,2.2767117,7.85689,-11.70598,1.6800926,7.4977846,-11.780048,1.6687185,0.36684096,7.2033567,7.010637,1.6550884,0.1746121346950531,0.1301833987236023,0.044428735971450806,0.32842397689819336,0.2795568108558655,0.04886716604232788,0.28994617,-1.6298214,4.556229,-3.3975623,0.28994617,-1.6298214,4.556229,-3.3975623,0.28994617,-1.0,1.0,-1.0,21.634342193603516,-0.4,0.4,-0.4
2.5,7.8979235,-11.698577,2.1469593,0.9981533,-0.01981713,0.05629202,0.011326898,-0.91289586,-0.35588318,-0.1579731,0.27212074,-0.33932868,0.117590934,-0.91571635,-0.380569,-0.040225018,1.2674974,0.50283194,0.73287356,7.841827,-11.712778,1.6793168,7.4977846,-11.780048,1.6687185,0.35071743,7.180745,6.976364,1.7010143,0.1746121346950531,0.13208673894405365,0.04252539575099945,0.32842397689819336,0.2758390009403229,0.05258497595787048,0.13487752,4.501567,-1.4704481,1.4110413,0.13487752,4.501567,-1.4704481,1.4110413,0.13487752,1.0,-1.0,1.0,19.033607482910156,0.4,-0.4,0.4
2.5166666666666666,7.882847,-11.704855,2.1459851,0.9981192,-0.020239051,0.056849804,0.01079621,-0.894778,-0.3509931,-0.18257111,-0.15249904,0.20476575,-0.12585905,-0.90105295,-0.37544912,-0.0655559,0.87980384,0.30719337,-1.5198529,7.8270855,-11.719496,1.678484,7.4977846,-11.780048,1.6687185,0.33496428,7.158699,6.94073,1.7530649,0.1746121346950531,0.12166917324066162,0.05294296145439148,0.32842397689819336,0.27614012360572815,0.05228385329246521,-0.11052985,-1.5487133,4.3038144,-3.46699,-0.11052985,-1.5487133,4.3038144,-3.46699,-0.11052985,-1.0,1.0,-1.0,14.917755126953125,-0.4,0.4,-0.4
2.533333333333333,7.868157,-11.710989,2.1456463,0.9982274,-0.018774597,0.055349518,0.011217351,-0.8761374,-0.34349835,-0.117407665,0.27856335,-0.31280243,0.11747703,-0.8750666,-0.36551642,-0.0069721634,1.5591823,0.59596175,3.515024,7.812698,-11.726124,1.6778955,7.4977846,-11.780048,1.6687185,0.31962863,7.131862,6.8990526,1.8073546,0.1746121346950531,0.1154012456536293,0.0592108890414238,0.32842397689819336,0.2824236750602722,0.04600030183792114,0.42805073,4.149256,-1.2311268,1.3146505,0.42805073,4.149256,-1.2311268,1.3146505,0.42805073,1.0,-1.0,1.0,23.950563430786133,0.4,-0.4,0.4
2.55,7.8537145,-11.717035,2.1448686,0.9981835,-0.019147981,0.05611624,0.010679284,-0.8582606,-0.33895496,-0.17097346,-0.14652139,0.22920859,-0.12596345,-0.86378855,-0.3618232,-0.06071978,0.67668194,0.22159337,-3.2248569,7.79864,-11.732661,1.6773554,7.4977846,-11.780048,1.6687185,0.30468667,7.1112947,6.8614683,1.8683586,0.1746121346950531,0.1138000637292862,0.06081207096576691,0.32842397689819336,0.2777533233165741,0.05067065358161926,-0.29019815,-1.7712525,4.0654807,-3.5374599,-0.29019815,-1.7712525,4.0654807,-3.5374599,-0.29019815,-1.0,1.0,-1.0,11.904446601867676,-0.4,0.4,-0.4
2.5666666666666664,7.839667,-11.722939,2.1448348,0.99827844,-0.01763498,0.054827012,0.011091929,-0.8397063,-0.33181658,-0.088416,0.28480342,-0.28707755,0.11737203,-0.8361053,-0.35172123,0.015697137,1.6609954,0.6061184,4.585015,7.7849255,-11.739102,1.6770077,7.4977846,-11.780048,1.6687185,0.290164,7.0814886,6.813692,1.9290117,0.1746121346950531,0.1139286607503891,0.060683473944664,0.32842397689819336,0.2769925594329834,0.05143141746520996,0.54040074,3.6741,-1.3039168,1.078124,0.54040074,3.6741,-1.3039168,1.078124,0.54040074,1.0,-1.0,1.0,25.834842681884766,0.4,-0.4,0.4
2.5833333333333335,7.82586,-11.728763,2.1443229,0.99822444,-0.017959764,0.055804677,0.010547457,-0.82196635,-0.32765538,-0.1512437,-0.14042068,0.2542614,-0.12605903,-0.82590055,-0.34863302,-0.04695388,0.6122839,0.18529235,-3.7590609,7.771542,-11.745446,1.6767601,7.4977846,-11.780048,1.6687185,0.27605277,7.060121,6.772262,1.9954381,0.1746121346950531,0.12251588702201843,0.05209624767303467,0.32842397689819336,0.2758852243423462,0.05253875255584717,-0.34639776,-2.2355435,3.751235,-3.6471562,-0.34639776,-2.2355435,3.751235,-3.6471562,-0.34639776,-1.0,1.0,-1.0,10.961894989013672,-0.4,0.4,-0.4
2.6,7.8124437,-11.734452,2.1445248,0.9983099,-0.016414894,0.05471832,0.010662522,-0.8031999,-0.3213752,-0.06864184,0.29083183,-0.2620406,0.0709891,-0.79826367,-0.3391152,0.029996136,1.658213,0.5710691,4.6170006,7.7584915,-11.751687,1.6766533,7.4977846,-11.780048,1.6687185,0.26236504,7.0281982,6.7196355,2.059629,0.1746121346950531,0.11750341951847076,0.057108715176582336,0.32842397689819336,0.27750349044799805,0.05092048645019531,0.54319656,3.0614963,-1.6190394,0.8092749,0.54319656,3.0614963,-1.6190394,0.8092749,0.54319656,1.0,-1.0,0.8092749,25.881732940673828,0.4,-0.4,0.32370996
2.6166666666666667,7.799272,-11.740066,2.1442893,0.9982491,-0.016712263,0.055899967,0.00972766,-0.7852402,-0.31822428,-0.12865843,-0.1344372,0.27939513,-0.17236468,-0.7877262,-0.33620223,-0.029619303,0.6322467,0.17477809,-3.5769262,7.7457695,-11.757823,1.6766651,7.4977846,-11.780048,1.6687185,0.24910563,7.0051327,6.6741843,2.1277099,0.1746121346950531,0.13287384808063507,0.04173828661441803,0.32842397689819336,0.27342489361763,0.054999083280563354,-0.32707685,-3.0283504,3.4056287,-3.2251556,-0.32707685,-3.0283504,3.4056287,-3.2251556,-0.32707685,-1.0,1.0,-1.0,11.285935401916504,-0.4,0.4,-0.4
2.6333333333333333,7.786469,-11.7455635,2.144569,0.9983235,-0.015126951,0.05501242,0.0097394055,-0.7663129,-0.31254855,-0.06340158,0.29664776,-0.2381306,0.0710653,-0.7618766,-0.3279555,0.030514129,1.5509783,0.49480316,3.6080058,7.7333636,-11.763856,1.6767155,7.4977846,-11.780048,1.6687185,0.23627022,6.971946,6.6183095,2.1922598,0.1746121346950531,0.12746426463127136,0.04714787006378174,0.32842397689819336,0.2809593081474304,0.04746466875076294,0.4358035,2.3402596,-2.285801,1.5912882,0.4358035,2.3402596,-2.285801,1.5912882,0.4358035,1.0,-1.0,1.0,24.080589294433594,0.4,-0.4,0.4
2.65,7.7739315,-11.750988,2.144596,0.99825084,-0.015375018,0.056403797,0.008801204,-0.7482787,-0.3097927,-0.103293374,-0.12825279,0.30472374,-0.17227204,-0.7490247,-0.32472217,-0.008919028,0.7711136,0.19400059,-2.3659892,7.721281,-11.769779,1.676899,7.4977846,-11.780048,1.6687185,0.22388174,6.9463167,6.5689573,2.2583437,0.1746121346950531,0.12766677141189575,0.04694536328315735,0.32842397689819336,0.2700086832046509,0.05841529369354248,-0.1990232,-3.9758224,2.8036141,-3.2926407,-0.1990232,-3.9758224,2.8036141,-3.2926407,-0.1990232,-1.0,1.0,-1.0,13.433588027954102,-0.4,0.4,-0.4
2.6666666666666665,7.761725,-11.756321,2.1447527,0.99831355,-0.013744593,0.055708744,0.008806102,-0.7291445,-0.3046131,-0.075720705,0.30217987,-0.21549922,0.07117564,-0.7270874,-0.31830665,0.014117423,1.3162385,0.38493094,1.3821869,7.709499,-11.775601,1.6769885,7.4977846,-11.780048,1.6687185,0.21192239,6.9133277,6.512443,2.3199544,0.1746121346950531,0.14317932724952698,0.03143280744552612,0.32842397689819336,0.289966344833374,0.038457632064819336,0.19978817,1.4780556,-3.216546,1.4194857,0.19978817,1.4780556,-3.216546,1.4194857,0.19978817,1.0,-1.0,1.0,20.122257232666016,0.4,-0.4,0.4
2.683333333333333,7.7498507,-11.76157,2.1452112,0.9982277,-0.013941766,0.05731537,0.0078652445,-0.7109671,-0.30231485,-0.0594833,-0.12177247,0.33134222,-0.17216112,-0.70777124,-0.313897,0.030582901,1.1589681,0.26457846,0.9879286,7.6980505,-11.781297,1.6773486,7.4977846,-11.780048,1.6687185,0.20045564,6.884352,6.4597254,2.3803895,0.1746121346950531,0.13087043166160583,0.043741703033447266,0.32842397689819336,0.28253528475761414,0.045888692140579224,0.1563148,-5.0955606,2.0240023,-3.320835,0.1563148,-5.0955606,2.0240023,-3.320835,0.1563148,-1.0,1.0,-1.0,19.393142700195312,-0.4,0.4,-0.4
2.7,7.7381973,-11.766766,2.144831,0.9982616,-0.013690299,0.056773104,0.0079440465,-0.69155395,-0.29769695,-0.12855235,0.07929354,-0.19786203,0.07101775,-0.6963676,-0.31107083,-0.041269794,0.68421715,0.16957103,-4.3111615,7.68686,-11.786897,1.67732,7.4977846,-11.780048,1.6687185,0.18939488,6.854147,6.4068356,2.4355254,0.1746121346950531,0.14093968272209167,0.033672451972961426,0.32842397689819336,0.29491525888442993,0.03350871801376343,-0.40355113,0.47104573,-4.30278,1.1081542,-0.40355113,0.47104573,-4.30278,1.1081542,-0.40355113,0.47104573,-1.0,1.0,10.003347396850586,0.1884183,-0.4,0.4
2.716666666666667,7.7269816,-11.771859,2.14561,0.998135,-0.015730545,0.058554895,0.00710358,-0.67311656,-0.2951213,-0.013967997,-0.34274772,0.35599768,-0.1722876,-0.66533375,-0.30370095,0.07398867,1.8620323,0.44219252,6.9155073,7.676002,-11.792369,1.6775792,7.4977846,-11.780048,1.6687185,0.17886238,6.818477,6.3493323,2.4854798,0.1746121346950531,0.12309086322784424,0.05152127146720886,0.32842397689819336,0.28991034626960754,0.038513630628585815,0.78322005,-2.6346579,1.1099684,-3.3922179,0.78322005,-2.6346579,1.1099684,-3.3922179,0.78322005,-1.0,1.0,-1.0,29.90728759765625,-0.4,0.4,-0.4
2.7333333333333334,7.7158995,-11.7769165,2.1447694,0.998159,-0.015960777,0.05817416,0.006294769,-0.6527605,-0.29052597,-0.17819779,0.08463114,-0.17741655,-0.07484935,-0.6647593,-0.30315396,-0.09191773,0.034468174,0.03281951,-9.954384,7.6653996,-11.797739,1.6774576,7.4977846,-11.780048,1.6687185,0.16877232,6.794435,6.304921,2.532255,0.1746121346950531,0.1413244605064392,0.03328767418861389,0.32842397689819336,0.3034728169441223,0.024951159954071045,-1.0666486,2.797628,-4.8921247,0.39967477,-1.0666486,2.797628,-4.8921247,0.39967477,-1.0,1.0,-1.0,0.39967477,0.0,0.4,-0.4,0.15986991
2.75,7.70528,-11.78185,2.145134,0.9982332,-0.018004311,0.05642322,0.0047473856,-0.6329539,-0.28802934,-0.024324298,-0.34187618,-0.21537386,-0.24561939,-0.628316,-0.29343015,0.057453863,2.1865976,0.5834287,8.962296,7.6550784,-11.802996,1.677206,7.4977846,-11.780048,1.6687185,0.15918529,6.7538157,6.2453575,2.5709014,0.1746121346950531,0.1243499368429184,0.050262197852134705,0.32842397689819336,0.30204007029533386,0.026383906602859497,1.4885992,-2.689345,-0.10534285,-0.7024096,1.4885992,-2.689345,-0.10534285,-0.7024096,1.0,-1.0,-0.10534285,-0.7024096,33.54301452636719,-0.4,-0.042137142,-0.28096387
2.7666666666666666,7.694827,-11.786727,2.1441596,0.9984431,-0.018191652,0.052553166,0.0043049506,-0.6150704,-0.28226867,-0.1730005,0.08587173,-0.5469139,-0.0020854059,-0.6268119,-0.2925456,-0.09716076,0.09024381,0.05307376,-9.276877,7.6450396,-11.808129,1.6768411,7.4977846,-11.780048,1.6687185,0.15012841,6.734943,6.2082963,2.610845,0.1746121346950531,0.11978329718112946,0.054828837513923645,0.32842397689819336,0.3031979203224182,0.025226056575775146,-0.9274169,3.272838,-0.62703407,1.753872,-0.9274169,3.272838,-0.62703407,1.753872,-0.9274169,1.0,-0.62703407,1.0,1.21732759475708,0.4,-0.25081363,0.4
2.783333333333333,7.6847844,-11.791462,2.1444445,0.99846786,-0.020183383,0.05144164,0.002888444,-0.5983089,-0.27864984,-0.019962434,-0.33591148,0.0097937295,-0.24530672,-0.59499484,-0.28143734,0.052839063,1.9090246,0.6664949,8.9999895,7.635292,-11.813137,1.6764811,7.4977846,-11.780048,1.6687185,0.14164539,6.700044,6.156912,2.642542,0.1746121346950531,0.11313933879137039,0.06147279590368271,0.32842397689819336,0.29328134655952454,0.03514263033866882,2.024069,-2.1270976,3.9138987,-1.8376927,2.024069,-2.1270976,3.9138987,-1.8376927,1.0,-1.0,1.0,-1.0,33.54301452636719,-0.4,0.4,-0.4
2.8,7.6749735,-11.796108,2.144217,0.9986268,-0.020326916,0.04822083,0.002439382,-0.5811727,-0.27210432,-0.104001425,0.09182167,-0.5177168,-0.0018354442,-0.5866099,-0.27781513,-0.03641901,0.5030966,0.21733223,-5.355484,7.625876,-11.818005,1.67653,7.4977846,-11.780048,1.6687185,0.13382484,6.67982,6.120271,2.676243,0.1746121346950531,0.11808866262435913,0.05652347207069397,0.32842397689819336,0.2866824269294739,0.04174154996871948,-0.5092144,3.0363011,-2.1283603,1.6657561,-0.5092144,3.0363011,-2.1283603,1.6657561,-0.5092144,1.0,-1.0,1.0,8.23121452331543,0.4,-0.4,0.4
2.8166666666666664,7.665563,-11.80058,2.1455102,0.99862957,-0.02226509,0.04735195,0.001011227,-0.5657788,-0.2678864,0.048094228,-0.32985988,0.038931575,-0.24505642,-0.5575882,-0.26542664,0.113251396,1.7413007,0.7433098,8.980224,7.6168027,-11.822714,1.677137,7.4977846,-11.780048,1.6687185,0.12671432,6.6460204,6.071263,2.7035813,0.1746121346950531,0.13126583397388458,0.04334630072116852,0.32842397689819336,0.2916925847530365,0.03673139214515686,1.3544565,-1.6250762,3.86548,-1.9430543,1.3544565,-1.6250762,3.86548,-1.9430543,1.0,-1.0,1.0,-1.0,33.54301452636719,-0.4,0.4,-0.4
2.8333333333333335,7.6563044,-11.804984,2.1456168,0.9987655,-0.022367701,0.044348072,0.0005631025,-0.5498182,-0.26061612,-0.09017983,0.09699354,-0.49245968,-0.0016100878,-0.55483145,-0.26391655,-0.029383108,0.16540645,0.09060501,-8.55807,7.6080236,-11.827294,1.6778249,7.4977846,-11.780048,1.6687185,0.12028197,6.6198773,6.02942,2.7329237,0.1746121346950531,0.14472800493240356,0.029884129762649536,0.32842397689819336,0.2797357738018036,0.04868820309638977,-0.8498342,3.0969982,-1.8232093,1.3593696,-0.8498342,3.0969982,-1.8232093,1.3593696,-0.8498342,1.0,-1.0,1.0,2.5185067653656006,0.4,-0.4,0.4
2.85,7.6473927,-11.809213,2.147035,0.99875015,-0.024257783,0.04368986,-0.0008751976,-0.535763,-0.25562605,0.062078476,-0.32456386,0.06421586,-0.24481691,-0.5282017,-0.2502493,0.12090788,1.5977846,0.8200353,9.017459,7.599536,-11.83174,1.6786243,7.4977846,-11.780048,1.6687185,0.11455794,6.574805,5.969887,2.7547245,0.1746121346950531,0.13558708131313324,0.03902505338191986,0.32842397689819336,0.27528131008148193,0.053142666816711426,1.6135931,-1.3984989,4.356213,-2.0633245,1.6135931,-1.3984989,4.356213,-2.0633245,1.0,-1.0,1.0,-1.0,33.54301452636719,-0.4,0.4,-0.4
2.8666666666666667,7.638643,-11.813351,2.1475031,0.9988662,-0.024317978,0.040903773,-0.0013232592,-0.5208446,-0.24763681,-0.057997856,0.10257595,-0.46584946,-0.0013826137,-0.5240049,-0.24774134,-0.0031507951,0.25180936,0.15047728,-7.4435205,7.5913453,-11.836046,1.6795762,7.4977846,-11.780048,1.6687185,0.10957761,6.5384626,5.9172826,2.7815936,0.1746121346950531,0.14435972273349762,0.03025241196155548,0.32842397689819336,0.27885201573371887,0.04957196116447449,-0.73178655,3.1649327,-1.2118928,1.1852285,-0.73178655,3.1649327,-1.2118928,1.1852285,-0.73178655,1.0,-1.0,1.0,4.4983439445495605,0.4,-0.4,0.4
2.8833333333333333,7.6302195,-11.817293,2.1493585,0.9988391,-0.025980715,0.040469006,-0.0027793155,-0.5079873,-0.24192196,0.09394445,-0.29062182,0.09108363,-0.24455895,-0.4995416,-0.23284829,0.14711474,1.4677958,0.89358324,9.015931,7.583456,-11.84021,1.680788,7.4977846,-11.780048,1.6687185,0.10537877,6.4846587,5.8478813,2.8023345,0.1746121346950531,0.14689815044403076,0.02771398425102234,0.32842397689819336,0.28830277919769287,0.04012119770050049,1.2171372,-0.9343751,4.8418317,-2.1196208,1.2171372,-0.9343751,4.8418317,-2.1196208,1.0,-0.9343751,1.0,-1.0,33.54301452636719,-0.37375006,0.4,-0.4
2.9,7.621897,-11.82117,2.1497355,0.99888766,-0.025751676,0.039356407,-0.00335221,-0.49426585,-0.23343877,-0.07002288,0.1378653,-0.20607674,-0.013204096,-0.49933138,-0.2323959,-0.018865544,0.012613534,0.02714306,-9.958817,7.575825,-11.844248,1.6818556,7.4977846,-11.780048,1.6687185,0.1019043,6.436944,5.7816243,2.829676,0.1746121346950531,0.14738574624061584,0.027226388454437256,0.32842397689819336,0.2836421728134155,0.04478180408477783,-1.0090867,3.077107,-0.56127745,0.95057714,-1.0090867,3.077107,-0.56127745,0.95057714,-1.0,1.0,-0.56127745,0.95057714,0.0,0.4,-0.22451098,0.38023087
2.9166666666666665,7.6138763,-11.824846,2.1513333,0.9987707,-0.027291145,0.041078407,-0.0049677044,-0.48194146,-0.22723615,0.08024746,-0.2832931,0.35029346,-0.2564131,-0.47543007,-0.2166815,0.13175309,1.4340787,0.94286436,9.037117,7.568453,-11.848154,1.6828321,7.4977846,-11.780048,1.6687185,0.09915432,6.368905,5.6958556,2.849593,0.1746121346950531,0.13459092378616333,0.04002121090888977,0.32842397689819336,0.2854035496711731,0.043020427227020264,1.4512695,-1.3316706,3.0849938,-2.0978804,1.4512695,-1.3316706,3.0849938,-2.0978804,1.0,-1.0,1.0,-1.0,33.54301452636719,-0.4,0.4,-0.4
2.933333333333333,7.605982,-11.828437,2.1517382,0.99879247,-0.027006408,0.040656924,-0.0055846553,-0.46756288,-0.2182834,-0.061664175,0.14423202,-0.18135914,-0.013054444,-0.47297043,-0.2150072,-0.011662989,0.1475787,0.10045766,-8.604964,7.5613427,-11.851928,1.6837853,7.4977846,-11.780048,1.6687185,0.09712511,6.309979,5.6154227,2.8779962,0.1746121346950531,0.11621575057506561,0.05839638411998749,0.32842397689819336,0.28675875067710876,0.041665226221084595,-0.85533047,3.2240658,-2.9082203,1.0049148,-0.85533047,3.2240658,-2.9082203,1.0049148,-0.85533047,1.0,-1.0,1.0,2.426326036453247,0.4,-0.4,0.4
2.95,7.5984125,-11.831815,2.1534522,0.9986605,-0.028489271,0.042585246,-0.0072067715,-0.45486453,-0.2115591,0.08844331,-0.27682087,0.37495697,-0.25626236,-0.4481404,-0.19856423,0.13864936,1.4898007,0.9865781,9.018741,7.554505,-11.855559,1.6848367,7.4977846,-11.780048,1.6687185,0.09580655,6.2340674,5.5181494,2.900625,0.1746121346950531,0.10254762321710587,0.07206451147794724,0.32842397689819336,0.2787221372127533,0.049701839685440063,1.3198737,-1.1296667,2.6355057,-2.469146,1.3198737,-1.1296667,2.6355057,-2.469146,1.0,-1.0,1.0,-1.0,33.54301452636719,-0.4,0.4,-0.4
2.966666666666667,7.590951,-11.835121,2.153692,0.99867123,-0.028173916,0.042344097,-0.008293594,-0.43980375,-0.20254587,-0.075944796,0.15029405,-0.1583132,-0.08712157,-0.4474966,-0.19808196,-0.027020613,0.03862917,0.028936563,-9.940198,7.547908,-11.859064,1.6857276,7.4977846,-11.780048,1.6687185,0.09510591,6.1687703,5.427453,2.9319758,0.1746121346950531,0.1131579801440239,0.061454154551029205,0.32842397689819336,0.2875206768512726,0.040903300046920776,-0.9970541,3.5631418,-3.5505009,0.6944356,-0.9970541,3.5631418,-3.5505009,0.6944356,-0.9970541,1.0,-1.0,0.6944356,0.04940718412399292,0.4,-0.4,0.27777424
2.9833333333333334,7.5838194,-11.838209,2.1551507,0.9985167,-0.029627563,0.04444755,-0.010538787,-0.42626682,-0.19578172,0.074424885,-0.27067757,0.39792782,-0.3302849,-0.42144006,-0.18096672,0.12333807,1.5633916,1.0269141,9.021521,7.5415525,-11.862432,1.6865343,7.4977846,-11.780048,1.6687185,0.09497379,6.0865607,5.32028,2.9564915,0.1746121346950531,0.10986761003732681,0.06474452465772629,0.32842397689819336,0.27250996232032776,0.0559140145778656,1.5437955,-1.064025,2.121817,-1.5654658,1.5437955,-1.064025,2.121817,-1.5654658,1.0,-1.0,1.0,-1.0,33.54301452636719,-0.4,0.4,-0.4
3.0,7.576803,-11.84122,2.15513,0.99851584,-0.029266525,0.044391062,-0.011786314,-0.41057616,-0.18646018,-0.09050032,0.15674195,-0.13524094,-0.08684444,-0.42083365,-0.18055284,-0.042781133,0.036385056,0.024832783,-9.967152,7.53543,-11.865669,1.6871517,7.4977846,-11.780048,1.6687185,0.095330425,6.0197196,5.224058,2.9910266,0.1746121346950531,0.10952229052782059,0.06508984416723251,0.32842397689819336,0.28120729327201843,0.04721668362617493,-1.0448455,3.8575637,-4.319897,1.8414544,-1.0448455,3.8575637,-4.319897,1.8414544,-1.0,1.0,-1.0,1.0,0.0,0.4,-0.4,0.4
3.0166666666666666,7.570135,-11.844006,2.1563241,0.998355,-0.030164845,0.046686932,-0.014058179,-0.396338,-0.17896701,0.060173184,-0.18472983,0.42176983,-0.330005,-0.3933127,-0.16278374,0.10742614,1.6512572,1.0661459,9.012436,7.529542,-11.868766,1.6876817,7.4977846,-11.780048,1.6687185,0.0961193,5.9380836,5.1133156,3.0190797,0.1746121346950531,0.1056244894862175,0.0689876452088356,0.32842397689819336,0.27107131481170654,0.057352662086486816,1.8575685,-0.81559414,1.2230974,-1.8244349,1.8575685,-0.81559414,1.2230974,-1.8244349,1.0,-0.81559414,1.0,-1.0,33.54301452636719,-0.32623765,0.4,-0.4
3.033333333333333,7.5635877,-11.846715,2.1560376,0.998362,-0.029089157,0.04681389,-0.015342976,-0.37993762,-0.16949458,-0.104602166,0.24259403,-0.11177392,-0.086449616,-0.3926954,-0.16237885,-0.05870312,0.037037726,0.02429366,-9.967755,7.523874,-11.871732,1.6880242,7.4977846,-11.780048,1.6687185,0.09725842,5.87496,5.0166526,3.0575066,0.1746121346950531,0.10407908260822296,0.07053305208683014,0.32842397689819336,0.28036412596702576,0.0480598509311676,-1.1253387,3.324367,-4.991671,1.8517765,-1.1253387,3.324367,-4.991671,1.8517765,-1.0,1.0,-1.0,1.0,0.0,0.4,-0.4,0.4
3.05,7.557417,-11.849203,2.1569602,0.99835,-0.029848633,0.045818362,-0.017521828,-0.3640084,-0.16202705,0.048486467,-0.18356067,-0.11368678,-0.32950604,-0.3629955,-0.14509617,0.09103401,1.7819934,1.0369607,8.984227,7.5184317,-11.874555,1.6882802,7.4977846,-11.780048,1.6687185,0.09869345,5.799047,4.9077177,3.0892155,0.1746121346950531,0.130673348903656,0.043938785791397095,0.32842397689819336,0.2835669219493866,0.04485705494880676,2.300708,-1.702088,-0.03661613,-1.8652004,2.300708,-1.702088,-0.03661613,-1.8652004,1.0,-1.0,-0.03661613,-1.0,33.54301452636719,-0.4,-0.014646453,-0.4
3.0666666666666664,7.5513964,-11.851602,2.1566496,0.998516,-0.028833665,0.042250033,-0.01868991,-0.3488882,-0.15251535,-0.093888946,0.24280573,-0.52493876,-0.0860704,-0.36074287,-0.14354114,-0.05531337,0.1351583,0.09330153,-8.780842,7.513216,-11.8772335,1.6884995,7.4977846,-11.780048,1.6687185,0.10037114,5.7453074,4.8174634,3.130592,0.1746121346950531,0.1342284381389618,0.04038369655609131,0.32842397689819336,0.3061181604862213,0.022305816411972046,-0.8742368,3.646781,-0.7758601,1.8510016,-0.8742368,3.646781,-0.7758601,1.8510016,-0.8742368,1.0,-0.7758601,1.0,2.1092381477355957,0.4,-0.31034404,0.4
3.0833333333333335,7.54571,-11.853779,2.157635,0.99849135,-0.029553795,0.041303027,-0.020873042,-0.33566636,-0.14500345,0.05911745,-0.178788,0.031468697,-0.32922474,-0.33496976,-0.12642562,0.09489249,1.5463864,1.026931,9.012351,7.508229,-11.879759,1.6888032,7.4977846,-11.780048,1.6687185,0.102248,5.681214,4.717773,3.1652505,0.1746121346950531,0.11370337009429932,0.060908764600753784,0.32842397689819336,0.2917536795139313,0.036670297384262085,2.4390476,-1.0804803,4.6118746,-1.4823581,2.4390476,-1.0804803,4.6118746,-1.4823581,1.0,-1.0,1.0,-1.0,33.54301452636719,-0.4,0.4,-0.4
3.1,7.540134,-11.855882,2.1571398,0.998621,-0.02850168,0.038175724,-0.022049693,-0.3218618,-0.1355358,-0.103795685,0.2465836,-0.5019566,-0.08578959,-0.33432904,-0.12604286,-0.071244806,0.038443204,0.022965966,-9.968237,7.503447,-11.882142,1.6889478,7.4977846,-11.780048,1.6687185,0.10423249,5.6339264,4.6312056,3.2082806,0.1746121346950531,0.13428562879562378,0.04032650589942932,0.32842397689819336,0.3140912652015686,0.014332711696624756,-1.0375385,3.5869699,-1.2569984,1.8136564,-1.0375385,3.5869699,-1.2569984,1.8136564,-1.0,1.0,-1.0,1.0,0.0,0.4,-0.4,0.4
3.1166666666666667,7.534856,-11.85777,2.157864,0.9985792,-0.02917913,0.03742205,-0.02424008,-0.31012845,-0.1280108,0.049127907,-0.17485057,0.054455347,-0.3289427,-0.31107178,-0.10917756,0.07933836,1.3954352,1.0119178,9.034989,7.498873,-11.884377,1.6890118,7.4977846,-11.780048,1.6687185,0.10628908,5.5734468,4.53284,3.2429416,0.1746121346950531,0.1306755542755127,0.043936580419540405,0.32842397689819336,0.3001847565174103,0.02823922038078308,2.6365738,-1.1538545,5.362189,-1.4484459,2.6365738,-1.1538545,5.362189,-1.4484459,1.0,-1.0,1.0,-1.0,33.54301452636719,-0.4,0.4,-0.4
3.1333333333333333,7.5296745,-11.859587,2.1571121,0.9986232,-0.028032817,0.036289893,-0.025472058,-0.29773682,-0.118626766,-0.115102075,0.25341928,-0.18914707,-0.08552016,-0.3108669,-0.10876514,-0.08660223,0.012293457,0.024745164,-9.956434,7.494497,-11.88647,1.6888938,7.4977846,-11.780048,1.6687185,0.10836689,5.5280957,4.4456453,3.285739,0.1746121346950531,0.12533429265022278,0.04927784204483032,0.32842397689819336,0.30769965052604675,0.020724326372146606,-1.006621,3.4043965,-0.46182477,1.537615,-1.006621,3.4043965,-0.46182477,1.537615,-1.0,1.0,-0.46182477,1.0,0.0,0.4,-0.18472992,0.4
3.15,7.5247765,-11.861191,2.1575816,0.9984784,-0.02858129,0.038138855,-0.027736062,-0.28651252,-0.11113183,0.036273204,-0.16719191,0.3669501,-0.32875174,-0.28833112,-0.0922918,0.06405346,1.3521461,0.9884002,9.039341,7.4903197,-11.888409,1.6886953,7.4977846,-11.780048,1.6687185,0.110438906,5.4689775,4.3460064,3.3199313,0.1746121346950531,0.12740248441696167,0.04720965027809143,0.32842397689819336,0.3067636489868164,0.021660327911376953,2.669996,-1.7712818,2.6741667,-1.7663158,2.669996,-1.7712818,2.6741667,-1.7663158,1.0,-1.0,1.0,-1.0,33.54301452636719,-0.4,0.4,-0.4
3.1666666666666665,7.520001,-11.86271,2.1568322,0.99848974,-0.027361428,0.037801176,-0.028992856,-0.27328286,-0.1018417,-0.1078727,0.25968644,-0.16517028,-0.08520267,-0.28604245,-0.090787865,-0.081418976,0.13732016,0.09023621,-8.728346,7.486344,-11.890192,1.6884722,7.4977846,-11.780048,1.6687185,0.11248433,5.423885,4.2567677,3.3613172,0.1746121346950531,0.1357584148645401,0.038853719830513,0.32842397689819336,0.3221784234046936,0.006245553493499756,-0.86833435,3.1507845,-3.8073502,1.2734197,-0.86833435,3.1507845,-3.8073502,1.2734197,-0.86833435,1.0,-1.0,1.0,2.2082314491271973,0.4,-0.4,0.4
3.183333333333333,7.51553,-11.864023,2.1573853,0.9983282,-0.0278476,0.03985077,-0.031258903,-0.26161212,-0.09443602,0.04337224,-0.16077551,0.3908952,-0.3284612,-0.26242787,-0.07489275,0.0690139,1.416875,0.95370674,9.025972,7.4825706,-11.891811,1.6883435,7.4977846,-11.780048,1.6687185,0.11448832,5.367161,4.1578026,3.393979,0.1746121346950531,0.12805300951004028,0.04655912518501282,0.32842397689819336,0.3234705924987793,0.0049533843994140625,2.7428095,-1.922273,1.769677,-2.0340178,2.7428095,-1.922273,1.769677,-2.0340178,1.0,-1.0,1.0,-1.0,33.54301452636719,-0.4,0.4,-0.4
3.2,7.5111666,-11.865265,2.1564586,0.9983266,-0.026576394,0.03969569,-0.032586586,-0.24783388,-0.085336916,-0.12164655,0.26573804,-0.14278287,-0.095108405,-0.26175103,-0.07452745,-0.09712858,0.04061043,0.021918116,-9.968548,7.47898,-11.893277,1.6880587,7.4977846,-11.780048,1.6687185,0.11639767,5.3248835,4.0714765,3.4318304,0.1746121346950531,0.1472052037715912,0.027406930923461914,0.32842397689819336,0.3236292600631714,0.004794716835021973,-1.0270004,3.0945683,-4.5846963,0.9579402,-1.0270004,3.0945683,-4.5846963,0.9579402,-1.0,1.0,-1.0,0.9579402,0.0,0.4,-0.4,0.3831761
3.216666666666667,7.507119,-11.866317,2.1567497,0.99819356,-0.027056726,0.040730108,-0.03490678,-0.2352338,-0.07806759,0.030321995,-0.15658575,0.22075428,-0.33830717,-0.2366255,-0.059300095,0.0532991,1.5075319,0.9136413,9.02566,7.4755707,-11.894588,1.6876945,7.4977846,-11.780048,1.6687185,0.11820739,5.270268,3.9758387,3.4595418,0.1746121346950531,0.15209119021892548,0.022520944476127625,0.32842397689819336,0.3145290017127991,0.013894975185394287,2.973536,-2.3213606,0.64266527,-2.3256495,2.973536,-2.3213606,0.64266527,-2.3256495,1.0,-1.0,0.64266527,-1.0,33.54301452636719,-0.4,0.2570661,-0.4
3.2333333333333334,7.5031924,-11.867292,2.1556575,0.998232,-0.025819905,0.039150268,-0.036513735,-0.22153367,-0.0692573,-0.12642421,0.269155,-0.3123242,-0.14244966,-0.23529254,-0.058538493,-0.10520215,0.07997721,0.04569612,-9.510075,7.472338,-11.895739,1.6872053,7.4977846,-11.780048,1.6687185,0.11988959,5.232329,3.8969057,3.4916177,0.1746121346950531,0.15082162618637085,0.02379050850868225,0.32842397689819336,0.32811209559440613,0.00031188130378723145,-0.9513916,2.9804478,-4.2172794,0.8039707,-0.9513916,2.9804478,-4.2172794,0.8039707,-0.9513916,1.0,-1.0,0.8039707,0.815236508846283,0.4,-0.4,0.32158828
3.25,7.499578,-11.868084,2.1558156,0.9980849,-0.026279105,0.039967258,-0.039223403,-0.20952553,-0.062260438,0.025713071,-0.15160906,0.24373002,-0.38564914,-0.21085101,-0.04386938,0.04534095,1.4664915,0.88014674,9.032586,7.4692864,-11.896729,1.6866994,7.4977846,-11.780048,1.6687185,0.12144933,5.1832843,3.8110201,3.5131984,0.1746121346950531,0.15057532489299774,0.02403680980205536,0.32842397689819336,0.31895509362220764,0.009468883275985718,3.0828447,-2.4605496,1.812308,-1.7880952,3.0828447,-2.4605496,1.812308,-1.7880952,1.0,-1.0,1.0,-1.0,33.54301452636719,-0.4,0.4,-0.4
3.2666666666666666,7.4960723,-11.868812,2.1544945,0.99810416,-0.025003092,0.038566645,-0.040932592,-0.19613181,-0.05368224,-0.13892157,0.27410352,-0.28991884,-0.14210442,-0.21015349,-0.04352621,-0.12078763,0.041851398,0.0205902,-9.967714,7.466399,-11.897564,1.6860211,7.4977846,-11.780048,1.6687185,0.122859,5.1492314,3.741421,3.537846,0.1746121346950531,0.1549939215183258,0.019618213176727295,0.32842397689819336,0.32897475361824036,0.0005507767200469971,-1.1092293,2.702723,-4.710057,1.5065501,-1.1092293,2.702723,-4.710057,1.5065501,-1.0,1.0,-1.0,1.0,0.0,0.4,-0.4,0.4
3.283333333333333,7.4928746,-11.869359,2.154394,0.99793965,-0.025406735,0.039572172,-0.043644886,-0.18436202,-0.04678555,0.013243401,-0.14646746,0.26614192,-0.3853352,-0.18598829,-0.02949062,0.029871153,1.4499118,0.84213537,9.039527,7.4636827,-11.898235,1.6852629,7.4977846,-11.780048,1.6687185,0.12411615,5.103105,3.6649272,3.5510547,0.1746121346950531,0.1516876220703125,0.0229245126247406,0.32842397689819336,0.3345639407634735,0.006139963865280151,3.1130204,-2.7840796,1.0323999,-1.9714578,3.1130204,-2.7840796,1.0323999,-1.9714578,1.0,-1.0,1.0,-1.0,33.54301452636719,-0.4,0.4,-0.4
3.3,7.489784,-11.86985,2.1528153,0.9979437,-0.024084806,0.0383507,-0.045358613,-0.17114832,-0.038408246,-0.15157866,0.27920017,-0.26757398,-0.14176369,-0.18528038,-0.029154418,-0.13625062,0.042474564,0.02017211,-9.967305,7.461125,-11.898756,1.6843238,7.4977846,-11.780048,1.6687185,0.1252157,5.071311,3.6054242,3.5663862,0.1746121346950531,0.15525630116462708,0.019355833530426025,0.32842397689819336,0.329791396856308,0.001367419958114624,-1.1400814,2.42908,-5.1532054,1.5201968,-1.1400814,2.42908,-5.1532054,1.5201968,-1.0,1.0,-1.0,1.0,0.0,0.4,-0.4,0.4
3.3166666666666664,7.487005,-11.870167,2.1524534,0.9978864,-0.024617583,0.036240358,-0.047991827,-0.15898174,-0.0316523,0.0013615484,-0.14707598,-0.24146672,-0.38482544,-0.16070531,-0.015894905,0.014144637,1.4745041,0.79557073,9.023714,7.458728,-11.899108,1.6833017,7.4977846,-11.780048,1.6687185,0.12614787,5.02725,3.5394971,3.5700424,0.1746121346950531,0.15179646015167236,0.022815674543380737,0.32842397689819336,0.3463134467601776,0.017889469861984253,3.07752,-3.1444407,0.016742304,-2.0849378,3.07752,-3.1444407,0.016742304,-2.0849378,1.0,-1.0,0.016742304,-1.0,33.54301452636719,-0.4,0.006696922,-0.4
3.3333333333333335,7.4844165,-11.870379,2.1516953,0.9980166,-0.02351179,0.03083311,-0.049592,-0.14757003,-0.023300873,-0.07617459,0.27709958,-0.76883096,-0.14134821,-0.15370202,-0.011680931,-0.066042855,0.42019752,0.25283843,-4.8112493,7.4565277,-11.899265,1.6827525,7.4977846,-11.780048,1.6687185,0.1269321,4.9972706,3.492325,3.574406,0.1746121346950531,0.14372852444648743,0.030883610248565674,0.32842397689819336,0.33192339539527893,0.0034994184970855713,-0.4527083,2.3720694,-1.0088583,1.4675729,-0.4527083,2.3720694,-1.0088583,1.4675729,-0.4527083,1.0,-1.0,1.0,9.178906440734863,0.4,-0.4,0.4
3.35,7.4820914,-11.870407,2.152504,0.9979573,-0.024064392,0.027865212,-0.0522076,-0.13880976,-0.016762778,0.0762983,-0.14481676,-0.21224047,-0.38454738,-0.13512658,0.001441067,0.08431668,1.1145266,0.78731984,9.021572,7.454527,-11.899213,1.682848,7.4977846,-11.780048,1.6687185,0.12755801,4.958884,3.4442708,3.5675657,0.1746121346950531,0.15617671608924866,0.018435418605804443,0.32842397689819336,0.35245659947395325,0.024032622575759888,2.6294334,-2.381809,5.9442744,-1.605193,2.6294334,-2.381809,5.9442744,-1.605193,1.0,-1.0,1.0,-1.0,33.54301452636719,-0.4,0.4,-0.4
3.3666666666666667,7.479832,-11.870377,2.1518383,0.997897,-0.02260752,0.027953904,-0.053933613,-0.13059008,-0.008599307,-0.08896548,0.28772083,0.10398692,-0.14118747,-0.13572137,0.0019354736,-0.08135438,-0.035687685,0.0296644,-9.940263,7.4526825,-11.898998,1.6828697,7.4977846,-11.780048,1.6687185,0.12799819,4.923959,3.4041786,3.5576591,0.1746121346950531,0.13490337133407593,0.03970876336097717,0.32842397689819336,0.3338339626789093,0.005409985780715942,-1.2460939,1.9756044,0.57581925,1.1507393,-1.2460939,1.9756044,0.57581925,1.1507393,-1.0,1.0,0.57581925,1.0,0.0,0.4,0.23032771,0.4
3.3833333333333333,7.477808,-11.870189,2.152394,0.9978055,-0.023108764,0.025515866,-0.05656087,-0.120878056,-0.0022833582,0.06340463,-0.14350675,-0.41862947,-0.38412458,-0.11680799,0.014261129,0.06920533,1.1348028,0.7395393,9.033582,7.4509897,-11.898624,1.682815,7.4977846,-11.780048,1.6687185,0.12825269,4.8720994,3.3528864,3.5348978,0.1746121346950531,0.14768433570861816,0.026927798986434937,0.32842397689819336,0.3468506634235382,0.01842668652534485,1.7972875,-4.324374,-1.8295417,-2.5003147,1.7972875,-4.324374,-1.8295417,-2.5003147,1.0,-1.0,-1.0,-1.0,33.54301452636719,-0.4,-0.4,-0.4
3.4,7.4758644,-11.869931,2.151737,0.99774474,-0.021640854,0.025319967,-0.0582737,-0.11392774,0.005623131,-0.0811612,0.2908964,0.12810516,-0.14085789,-0.11666561,0.015687194,-0.0757716,0.008542836,0.08556386,-8.698615,7.4494553,-11.898083,1.6827285,7.4977846,-11.780048,1.6687185,0.12831257,4.8272376,3.3119137,3.5119011,0.1746121346950531,0.16329438984394073,0.011317744851112366,0.32842397689819336,0.3529945909976959,0.024570614099502563,-0.8697295,1.9744471,3.0843878,1.4612423,-0.8697295,1.9744471,3.0843878,1.4612423,-0.8697295,1.0,1.0,1.0,2.1848323345184326,0.4,0.4,0.4
3.4166666666666665,7.474138,-11.869524,2.152385,0.99763155,-0.022107089,0.023084007,-0.060905583,-0.10515821,0.011676819,0.07087014,-0.14028828,-0.3947316,-0.38377464,-0.09940386,0.027391974,0.07473771,1.035705,0.7022868,9.030559,7.4480767,-11.897377,1.6827291,7.4977846,-11.780048,1.6687185,0.12819198,4.7669854,3.2613337,3.476759,0.1746121346950531,0.1635824739933014,0.011029660701751709,0.32842397689819336,0.34956008195877075,0.021136105060577393,1.708358,-4.6805444,-1.6610013,-2.4799247,1.708358,-4.6805444,-1.6610013,-2.4799247,1.0,-1.0,-1.0,-1.0,33.54301452636719,-0.4,-0.4,-0.4
3.433333333333333,7.4724755,-11.869054,2.151696,0.9975582,-0.020597132,0.023076832,-0.06261657,-0.09902741,0.019287288,-0.08370183,0.29409593,0.15147035,-0.14051203,-0.09982384,0.02838733,-0.080086105,-0.025198905,0.05972139,-9.289428,7.446847,-11.896512,1.6826495,7.4977846,-11.780048,1.6687185,0.12787691,4.710629,3.2183015,3.439849,0.1746121346950531,0.16742295026779175,0.0071891844272613525,0.32842397689819336,0.33560460805892944,0.007180631160736084,-0.93223405,1.5378302,3.4741397,1.4578714,-0.93223405,1.5378302,3.4741397,1.4578714,-0.93223405,1.0,1.0,1.0,1.1365371942520142,0.4,0.4,0.4
3.4499999999999997,7.471013,-11.868439,2.152274,0.9974253,-0.021027816,0.021036511,-0.065252535,-0.091103956,0.025058987,0.06826741,-0.1370402,-0.3715696,-0.38340658,-0.08395561,0.039439164,0.07059981,0.95209384,0.66310996,9.041154,7.4457664,-11.895485,1.6825776,7.4977846,-11.780048,1.6687185,0.12737174,4.638458,3.1648378,3.3910313,0.1746121346950531,0.15621723234653473,0.01839490234851837,0.32842397689819336,0.3490886688232422,0.020664691925048828,1.7968905,-5.1322336,-1.419895,-2.4017296,1.7968905,-5.1322336,-1.419895,-2.4017296,1.0,-1.0,-1.0,-1.0,33.54301452636719,-0.4,-0.4,-0.4
3.466666666666667,7.4696164,-11.867761,2.1516862,0.9973397,-0.01947178,0.021222433,-0.06696168,-0.08568189,0.03236572,-0.07289317,0.29766876,0.17578538,-0.14014281,-0.083815895,0.040942032,-0.07071766,0.008382797,0.09017206,-8.479048,7.4448357,-11.894298,1.6825184,7.4977846,-11.780048,1.6687185,0.12667643,4.569005,3.117625,3.3400934,0.1746121346950531,0.1517270803451538,0.022885054349899292,0.32842397689819336,0.32977133989334106,0.001347362995147705,-0.84640837,1.1434444,3.8699408,1.6499542,-0.84640837,1.1434444,3.8699408,1.6499542,-0.84640837,1.0,1.0,1.0,2.575963258743286,0.4,0.4,0.4
3.4833333333333334,7.4684052,-11.866949,2.15242,0.9971887,-0.019862771,0.019385457,-0.069600895,-0.078411385,0.03781744,0.078840986,-0.13341656,-0.34747517,-0.38301456,-0.06910629,0.051276352,0.079934105,0.88257635,0.6200592,9.039105,7.4440536,-11.892955,1.682581,7.4977846,-11.780048,1.6687185,0.12580562,4.483687,3.060041,3.2771323,0.1746121346950531,0.16822697222232819,0.0063851624727249146,0.32842397689819336,0.347623735666275,0.019199758768081665,1.7030168,-5.5015683,-1.2296176,-2.3124857,1.7030168,-5.5015683,-1.2296176,-2.3124857,1.0,-1.0,-1.0,-1.0,33.54301452636719,-0.4,-0.4,-0.4
3.5,7.467241,-11.866087,2.1516848,0.9970821,-0.018773474,0.019784225,-0.07129786,-0.07351591,0.044708695,-0.08647793,0.21892072,0.19728939,-0.13979203,-0.07003079,0.051736172,-0.08544556,-0.055470314,0.0275892,-9.92278,7.4434056,-11.891465,1.6824906,7.4977846,-11.780048,1.6687185,0.12474154,4.3994927,3.0069978,3.2114637,0.1746121346950531,0.15578192472457886,0.018830209970474243,0.32842397689819336,0.32518425583839417,0.0032397210597991943,-0.99925125,0.80879235,4.1944857,1.9282804,-0.99925125,0.80879235,4.1944857,1.9282804,-0.99925125,0.80879235,1.0,1.0,0.012557725422084332,0.32351694,0.4,0.4
3.5166666666666666,7.4662485,-11.865097,2.1521764,0.99689984,-0.019802338,0.018256145,-0.07392641,-0.066866085,0.05003059,0.06542882,-0.21188748,-0.31305295,-0.38268,-0.056179475,0.061755188,0.06546164,0.83107907,0.6011409,9.054432,7.442893,-11.889832,1.682322,7.4977846,-11.780048,1.6687185,0.123492874,4.29925,2.9431727,3.1338928,0.1746121346950531,0.16233694553375244,0.01227518916130066,0.32842397689819336,0.33748820424079895,0.00906422734260559,1.935703,-4.7146773,-0.9761548,-2.247168,1.935703,-4.7146773,-0.9761548,-2.247168,1.0,-1.0,-0.9761548,-1.0,33.54301452636719,-0.4,-0.39046192,-0.4
3.533333333333333,7.465322,-11.86404,2.151744,0.9967782,-0.018820444,0.018975912,-0.07562248,-0.062427703,0.057132814,-0.05668689,0.22342433,0.23644485,-0.13937624,-0.055402126,0.06393075,-0.05672957,0.04664093,0.13053373,-7.3314724,7.4425244,-11.888046,1.6823013,7.4977846,-11.780048,1.6687185,0.12207262,4.20068,2.8838887,3.054324,0.1746121346950531,0.17356528341770172,0.0010468512773513794,0.32842397689819336,0.33652758598327637,0.008103609085083008,-0.7248899,1.9163553,4.284114,2.3166716,-0.7248899,1.9163553,4.284114,2.3166716,-0.7248899,1.0,1.0,1.0,4.614011287689209,0.4,0.4,0.4
3.55,7.4645686,-11.862849,2.1527102,0.9965799,-0.019798143,0.01769245,-0.07825285,-0.05602522,0.062508866,0.09479485,-0.20742798,-0.2870297,-0.38225666,-0.0419617,0.073950045,0.09382352,0.8064256,0.60115767,9.033185,7.442302,-11.886107,1.6825663,7.4977846,-11.780048,1.6687185,0.120493084,4.0878863,2.8149445,2.9642708,0.1746121346950531,0.15361388027668,0.020998254418373108,0.32842397689819336,0.3404490649700165,0.01202508807182312,1.4209832,-4.294937,-1.1870806,-2.0137236,1.4209832,-4.294937,-1.1870806,-2.0137236,1.0,-1.0,-1.0,-1.0,33.54301452636719,-0.4,-0.4,-0.4
3.5666666666666664,7.463858,-11.861607,2.1522048,0.9964487,-0.018762363,0.018602906,-0.07994905,-0.051764626,0.0696546,-0.07074279,0.2273724,0.25950614,-0.13896787,-0.042852525,0.074564174,-0.07169189,-0.053449493,0.036847737,-9.930924,7.442205,-11.884036,1.6827036,7.4977846,-11.780048,1.6687185,0.11873552,3.975713,2.7493038,2.8718674,0.1746121346950531,0.1688026338815689,0.005809500813484192,0.32842397689819336,0.3519922196865082,0.02356824278831482,-1.1921868,2.351128,4.144057,2.8075607,-1.1921868,2.351128,4.144057,2.8075607,-1.0,1.0,1.0,1.0,0.0,0.4,0.4,0.4
3.5833333333333335,7.463312,-11.860238,2.152926,0.9962359,-0.01969598,0.01751126,-0.08257982,-0.04559731,0.075145274,0.081067085,-0.20340806,-0.26416662,-0.38184303,-0.029542837,0.08454294,0.079230756,0.7985812,0.5987258,9.055359,7.4422297,-11.881839,1.6827662,7.4977846,-11.780048,1.6687185,0.1168117,3.8493712,2.6735327,2.7694552,0.1746121346950531,0.16397464275360107,0.010637491941452026,0.32842397689819336,0.3478318154811859,0.019407838582992554,1.5883361,-3.8563905,-1.2498586,-1.7179823,1.5883361,-3.8563905,-1.2498586,-1.7179823,1.0,-1.0,-1.0,-1.0,33.54301452636719,-0.4,-0.4,-0.4
3.6,7.46281,-11.858823,2.1521778,0.99609494,-0.018605813,0.018605316,-0.08427631,-0.041399255,0.08228655,-0.0844624,0.23149914,0.2825401,-0.1385555,-0.03041954,0.08517423,-0.086248904,-0.05260214,0.037877705,-9.928779,7.442372,-11.879525,1.6826484,7.4977846,-11.780048,1.6687185,0.11471816,3.726771,2.6030097,2.6670516,0.1746121346950531,0.14701342582702637,0.027598708868026733,0.32842397689819336,0.35082370042800903,0.022399723529815674,-1.0430087,2.8777876,3.917795,3.390133,-1.0430087,2.8777876,3.917795,3.390133,-1.0,1.0,1.0,1.0,0.0,0.4,0.4,0.4
3.6166666666666667,7.462471,-11.85728,2.1526563,0.99586827,-0.019493254,0.017704869,-0.086906694,-0.03532521,0.08786261,0.067320324,-0.19920968,-0.24136035,-0.381434,-0.017019466,0.09501421,0.06467127,0.80400443,0.59039843,9.05521,7.442626,-11.877091,1.682453,7.4977846,-11.780048,1.6687185,0.11246538,3.5918043,2.5234182,2.5560553,0.1746121346950531,0.14425340294837952,0.030358731746673584,0.32842397689819336,0.3468329906463623,0.018409013748168945,1.7280769,-3.2575321,-1.5525898,-1.3188115,1.7280769,-3.2575321,-1.5525898,-1.3188115,1.0,-1.0,-1.0,-1.0,33.54301452636719,-0.4,-0.4,-0.4
3.6333333333333333,7.4621854,-11.855676,2.1519167,0.99571687,-0.01834377,0.018990388,-0.08860367,-0.031108467,0.09501052,-0.078262374,0.23608679,0.306951,-0.13813955,-0.017113471,0.09636993,-0.08086842,-0.00564035,0.081343345,-8.732382,7.4429965,-11.874539,1.6822323,7.4977846,-11.780048,1.6687185,0.11005867,3.462099,2.4501345,2.446011,0.1746121346950531,0.12898173928260803,0.04563039541244507,0.32842397689819336,0.3452986478805542,0.01687467098236084,-0.8732333,3.5356436,3.456068,3.9763944,-0.8732333,3.5356436,3.456068,3.9763944,-0.8732333,1.0,1.0,1.0,2.126068353652954,0.4,0.4,0.4
3.65,7.462073,-11.853949,2.1524827,0.99549747,-0.019174837,0.01829614,-0.09100649,-0.024909966,0.10061355,0.07333202,-0.19451179,-0.21719801,-0.3444216,-0.003393512,0.105959356,0.069873296,0.8231975,0.57536554,9.044503,7.4434834,-11.871876,1.6821051,7.4977846,-11.780048,1.6687185,0.1075179,3.3221002,2.36908,2.3289075,0.1746121346950531,0.13374637067317963,0.040865764021873474,0.32842397689819336,0.3495367169380188,0.02111274003982544,1.5312737,-2.4771028,-2.153636,-0.8493408,1.5312737,-2.4771028,-2.153636,-0.8493408,1.0,-1.0,-1.0,-0.8493408,33.54301452636719,-0.4,-0.4,-0.3397363
3.6666666666666665,7.462014,-11.852169,2.1517844,0.9953635,-0.017957505,0.019778855,-0.092400394,-0.02046042,0.10775556,-0.07586993,0.24087656,0.33094767,-0.10113864,-0.0035897025,0.107189246,-0.079269886,-0.011771432,0.073793374,-8.948591,7.4440784,-11.869109,1.6819519,7.4977846,-11.780048,1.6687185,0.10483939,3.1883504,2.2950387,2.2132275,0.1746121346950531,0.11564484238624573,0.05896729230880737,0.32842397689819336,0.3426813781261444,0.01425740122795105,-0.8960168,4.2051077,2.6832662,3.7368608,-0.8960168,4.2051077,2.6832662,3.7368608,-0.8960168,1.0,1.0,1.0,1.743955373764038,0.4,0.4,0.4
3.683333333333333,7.462135,-11.850263,2.1523774,0.99514014,-0.018733906,0.019284623,-0.094726965,-0.0140154185,0.11338491,0.075748056,-0.18978836,-0.19333021,-0.344068,0.010717622,0.116470546,0.07148484,0.85843945,0.556878,9.045282,7.444781,-11.866235,1.681865,7.4977846,-11.780048,1.6687185,0.10203102,3.0457609,2.2142873,2.0913134,0.1746121346950531,0.1210719496011734,0.0535401850938797,0.32842397689819336,0.3528161942958832,0.02439221739768982,1.384672,-1.6845139,-3.0390549,-1.1436249,1.384672,-1.6845139,-3.0390549,-1.1436249,1.0,-1.0,-1.0,-1.0,33.54301452636719,-0.4,-0.4,-0.4
3.6999999999999997,7.4623094,-11.848307,2.1516593,0.9949958,-0.017454088,0.020956604,-0.0961223,-0.009243284,0.12046676,-0.07715442,0.24562931,0.3546915,-0.10077896,0.010414209,0.1175731,-0.081354745,-0.018204765,0.06615311,-9.170375,7.4455824,-11.86327,1.6817198,7.4977846,-11.780048,1.6687185,0.09909548,2.9116793,2.1424336,1.9717644,0.1746121346950531,0.11449456214904785,0.06011757254600525,0.32842397689819336,0.34427765011787415,0.015853673219680786,-0.91954434,4.9282904,1.6666737,3.991483,-0.91954434,4.9282904,1.6666737,3.991483,-0.91954434,1.0,1.0,1.0,1.3493627309799194,0.4,0.4,0.4
3.716666666666667,7.462672,-11.846235,2.1522176,0.9948067,-0.01787191,0.020640528,-0.09805154,-0.0023423876,0.12614554,0.07443166,-0.13748102,-0.16914679,-0.2787851,0.025538165,0.12644348,0.06941257,0.9074373,0.5322227,9.046039,7.446482,-11.860216,1.6816094,7.4977846,-11.780048,1.6687185,0.09604679,2.7705913,2.0649881,1.84716,0.1746121346950531,0.12439410388469696,0.05021803081035614,0.32842397689819336,0.3573070168495178,0.028883039951324463,1.1911235,-0.88938636,-3.993709,-0.7329773,1.1911235,-0.88938636,-3.993709,-0.7329773,1.0,-0.88938636,-1.0,-0.7329773,33.54301452636719,-0.35575455,-0.4,-0.29319093
3.7333333333333334,7.4631033,-11.844116,2.1514535,0.9947678,-0.016419208,0.019810049,-0.0988689,0.0032875426,0.13296682,-0.07947383,0.29282138,-0.050591554,-0.03547119,0.025898874,0.12736197,-0.084351934,0.02164252,0.055109557,-9.225869,7.447477,-11.857081,1.6814295,7.4977846,-11.780048,1.6687185,0.09287912,2.640702,1.9986769,1.7258617,0.1746121346950531,0.13635994493961334,0.03825218975543976,0.32842397689819336,0.34970176219940186,0.021277785301208496,-0.92392623,5.0699997,0.20610578,3.1260092,-0.92392623,5.0699997,0.20610578,3.1260092,-0.92392623,1.0,0.20610578,1.0,1.275871753692627,0.4,0.08244231,0.4
3.75,7.4637065,-11.841885,2.151965,0.9946497,-0.014935382,0.017695658,-0.10067577,0.009247427,0.13886964,0.07166707,0.17724077,-0.29136693,-0.27824563,0.03953113,0.13600966,0.06667175,0.81793535,0.5188617,9.06142,7.44856,-11.853871,1.6812781,7.4977846,-11.780048,1.6687185,0.0896137,2.506542,1.9290705,1.6004497,0.1746121346950531,0.14426679909229279,0.030345335602760315,0.32842397689819336,0.3636868894100189,0.03526291251182556,1.283285,-0.270903,-0.48398703,-1.5739696,1.283285,-0.270903,-0.48398703,-1.5739696,1.0,-0.270903,-0.48398703,-1.0,33.54301452636719,-0.1083612,-0.19359481,-0.4
3.7666666666666666,7.464355,-11.83961,2.1510072,0.99460524,-0.010679093,0.018239858,-0.10155637,0.013586103,0.14413014,-0.09484277,0.61195916,0.2547293,-0.03502696,0.038710516,0.13671096,-0.09881722,-0.04923686,0.042077597,-9.9293375,7.449729,-11.850593,1.6809684,7.4977846,-11.780048,1.6687185,0.08623164,2.3844023,1.869772,1.4796375,0.1746121346950531,0.14844612777233124,0.026166006922721863,0.32842397689819336,0.3575056493282318,0.029081672430038452,-1.0165572,1.9021925,1.914634,3.467655,-1.0165572,1.9021925,1.914634,3.467655,-1.0,1.0,1.0,1.0,0.0,0.4,0.4,0.4
3.783333333333333,7.4651613,-11.8372755,2.1512783,0.99446285,-0.008439328,0.016826836,-0.10338883,0.01969956,0.14739518,0.055904448,0.18057157,-0.27029386,-0.27780932,0.051503193,0.14091048,0.052253008,0.76756054,0.2519712,9.064214,7.450979,-11.84725,1.6805878,7.4977846,-11.780048,1.6687185,0.08275072,2.2578154,1.8055291,1.3556529,0.1746121346950531,0.15009711682796478,0.024515017867088318,0.32842397689819336,0.3665504455566406,0.038126468658447266,1.6831129,-5.427613,-3.3714085,-1.2451851,1.6831129,-5.427613,-3.3714085,-1.2451851,1.0,-1.0,-1.0,-1.0,33.54301452636719,-0.4,-0.4,-0.4
3.8,7.4660196,-11.834919,2.1503868,0.9943807,-0.0054213307,0.017664077,-0.104237236,0.023972144,0.1504497,-0.08596788,0.40843558,0.2747493,-0.034710024,0.051478926,0.14158706,-0.088900365,-0.0014559923,0.04059523,-8.469201,7.4523144,-11.843849,1.6802192,7.4977846,-11.780048,1.6687185,0.07918556,2.1402915,1.7507097,1.2312038,0.1746121346950531,0.1620001494884491,0.012611985206604004,0.32842397689819336,0.3636789917945862,0.03525501489639282,-0.84539485,0.516793,1.3323566,3.7293282,-0.84539485,0.516793,1.3323566,3.7293282,-0.84539485,0.516793,1.0,1.0,2.592961311340332,0.20671721,0.4,0.4
3.8166666666666664,7.46703,-11.832542,2.1508212,0.99422455,-0.004849403,0.016597563,-0.10591766,0.030123442,0.15205652,0.065017775,-0.022709949,-0.2501295,-0.25749323,0.06364399,0.1426868,0.062014796,0.72990394,0.06598413,9.054909,7.4537306,-11.840391,1.6799846,7.4977846,-11.780048,1.6687185,0.07555749,2.0192378,1.691829,1.1022867,0.1746121346950531,0.1639080047607422,0.010704129934310913,0.32842397689819336,0.36918655037879944,0.04076257348060608,1.1013576,-4.3924212,-3.9213748,-0.9175235,1.1013576,-4.3924212,-3.9213748,-0.9175235,1.0,-1.0,-1.0,-0.9175235,33.54301452636719,-0.4,-0.4,-0.3670094
3.8333333333333335,7.4680934,-11.830155,2.149931,0.9941847,-0.0024889973,0.015250549,-0.10657427,0.03469849,0.1543496,-0.0897304,0.40769076,-0.090219796,-0.0142148435,0.06382192,0.1433335,-0.09198694,0.010675638,0.038801726,-9.240104,7.455226,-11.836887,1.6796956,7.4977846,-11.780048,1.6687185,0.071849905,1.9062519,1.6417229,0.9687839,0.1746121346950531,0.1562100052833557,0.018402129411697388,0.32842397689819336,0.36732015013694763,0.03889617323875427,-0.92565536,2.4629312,0.28288078,3.6568952,-0.92565536,2.4629312,0.28288078,3.6568952,-0.92565536,1.0,0.28288078,1.0,1.2468715906143188,0.4,0.11315232,0.4
3.85,7.469282,-11.827769,2.1503177,0.99412507,-0.0021054386,0.012255397,-0.10751997,0.039916888,0.15485121,0.061239954,-0.021690495,-0.4394595,-0.14661022,0.0735975,0.14282914,0.059210118,0.5865347,-0.030261574,9.071823,7.4567957,-11.833342,1.679436,7.4977846,-11.780048,1.6687185,0.06808175,1.792595,1.5883801,0.83093065,0.1746121346950531,0.1524636596441269,0.02214847505092621,0.32842397689819336,0.38226237893104553,0.05383840203285217,1.1447049,-4.467332,-0.67627144,-0.5445045,1.1447049,-4.467332,-0.67627144,-0.5445045,1.0,-1.0,-0.67627144,-0.5445045,33.54301452636719,-0.4,-0.2705086,-0.21780181
3.8666666666666667,7.4705048,-11.825381,2.1495318,0.9941623,0.0003968479,0.011753984,-0.10725198,0.04296671,0.15606408,-0.08148519,0.41355106,0.10961259,0.09660293,0.07335131,0.14358105,-0.082740806,-0.014771371,0.045114752,-8.517055,7.458436,-11.829764,1.6791978,7.4977846,-11.780048,1.6687185,0.06426359,1.6878303,1.5413381,0.687785,0.1746121346950531,0.16084861755371094,0.013763517141342163,0.32842397689819336,0.37790873646736145,0.04948475956916809,-0.8505739,1.896334,2.9676027,2.36735,-0.8505739,1.896334,2.9676027,2.36735,-0.8505739,1.0,1.0,1.0,2.50610089302063,0.4,0.4,0.4
3.8833333333333333,7.4718227,-11.823012,2.1499038,0.9941097,0.00087918324,0.009320648,-0.107973345,0.047518793,0.15554167,0.05600292,-0.018162271,-0.4154594,-0.14643739,0.08082316,0.14150383,0.055062305,0.4483111,-0.124633305,8.268186,7.460148,-11.826159,1.6789877,7.4977846,-11.780048,1.6687185,0.060399752,1.5849516,1.489764,0.54099447,0.1746121346950531,0.1589059829711914,0.015706151723861694,0.32842397689819336,0.3827710449695587,0.054347068071365356,0.91585267,-4.999487,-2.224935,-2.2321486,0.91585267,-4.999487,-2.224935,-2.2321486,0.91585267,-1.0,-1.0,-1.0,32.131736755371094,-0.4,-0.4,-0.4
3.9,7.473165,-11.820645,2.149049,0.9941378,0.0031731343,0.009037297,-0.10769526,0.049741175,0.15562488,-0.08664135,0.37556073,0.1330478,0.096751384,0.08041416,0.14207894,-0.08687431,-0.024539975,0.03450662,-8.516196,7.4619255,-11.822533,1.6787012,7.4977846,-11.780048,1.6687185,0.056484018,1.4925357,1.4411346,0.388322,0.1746121346950531,0.16860246658325195,0.0060096681118011475,0.32842397689819336,0.38961097598075867,0.06118699908256531,-0.85110164,0.90313905,3.2169437,2.9419372,-0.85110164,0.90313905,3.2169437,2.9419372,-0.85110164,0.90313905,1.0,1.0,2.4972500801086426,0.36125562,0.4,0.4
3.9166666666666665,7.474578,-11.81832,2.1493232,0.99407643,0.0033622924,0.0068321275,-0.10841615,0.053446766,0.1541187,0.048605017,-0.056167804,-0.39228186,-0.14626455,0.08603716,0.13857737,0.04863636,0.33737984,-0.21009384,8.13064,7.463767,-11.818896,1.6784095,7.4977846,-11.780048,1.6687185,0.052538283,1.4068046,1.3873844,0.23294497,0.1746121346950531,0.17166921496391296,0.0029429197311401367,0.32842397689819336,0.3811534345149994,0.05272945761680603,0.9010676,-5.051366,-2.0393891,-1.6239295,0.9010676,-5.051366,-2.0393891,-1.6239295,0.9010676,-1.0,-1.0,-1.0,31.883769989013672,-0.4,-0.4,-0.4
3.933333333333333,7.476004,-11.816007,2.1483357,0.9941053,0.0041106544,0.00689096,-0.10812152,0.054977044,0.15325865,-0.09561689,0.13649945,0.153161,0.09680412,0.08541585,0.13877892,-0.09538249,-0.03727868,0.012093185,-8.64113,7.4656687,-11.815253,1.6780052,7.4977846,-11.780048,1.6687185,0.048549574,1.3363522,1.3344597,0.07109571,0.1746121346950531,0.1664971560239792,0.008114978671073914,0.32842397689819336,0.3753404915332794,0.04691651463508606,-0.8642533,0.43415713,3.227785,3.5573468,-0.8642533,0.43415713,3.227785,3.5573468,-0.8642533,0.43415713,1.0,1.0,2.276677131652832,0.17366286,0.4,0.4
3.9499999999999997,7.4774847,-11.813744,2.148616,0.99404496,0.0023409207,0.0050712423,-0.10882745,0.05800181,0.15151516,0.05197253,-0.29476267,-0.37151265,-0.14622584,0.08990768,0.13507752,0.051892865,0.26951015,-0.22208421,8.836521,7.46763,-11.811618,1.6776649,7.4977846,-11.780048,1.6687185,0.0445643,1.2791514,1.275767,-0.092989445,0.1746121346950531,0.1853608787059784,0.010748744010925293,0.32842397689819336,0.3877466917037964,0.05932271480560303,0.9755093,-3.51968,-2.0720296,-1.1955053,0.9755093,-3.51968,-2.0720296,-1.1955053,0.9755093,-1.0,-1.0,-1.0,33.132266998291016,-0.4,-0.4,-0.4
3.966666666666667,7.4789815,-11.811486,2.1483185,0.9940752,0.0026492754,0.0054005,-0.10852733,0.058868386,0.15147394,-0.041610118,0.14129178,0.18148616,0.09706097,0.08974305,0.13547131,-0.04165275,-0.009878128,0.023627577,-5.6127367,7.469658,-11.807989,1.6776948,7.4977846,-11.780048,1.6687185,0.040649384,1.244402,1.216428,-0.2623723,0.1746121346950531,0.1856713593006134,0.011059224605560303,0.32842397689819336,0.3998629152774811,0.07143893837928772,-0.5434575,3.7161293,3.057239,3.7933779,-0.5434575,3.7161293,3.057239,3.7933779,-0.5434575,1.0,1.0,1.0,7.656905651092529,0.4,0.4,0.4
3.9833333333333334,7.4805107,-11.809255,2.1481407,0.9940474,0.0009329387,0.0037613166,-0.10887865,0.061334636,0.15030636,-0.00156002,-0.2913799,-0.3511383,-0.08945963,0.092403896,0.1334705,-0.0018754101,0.15965088,-0.120048515,2.38664,7.4717317,-11.804379,1.6774141,7.4977846,-11.780048,1.6687185,0.03669294,1.2291338,1.1508507,-0.4316397,0.1746121346950531,0.2004590779542923,0.025846943259239197,0.32842397689819336,0.3801047205924988,0.05168074369430542,0.29581603,-2.8808937,-1.878006,-0.76693547,0.29581603,-2.8808937,-1.878006,-0.76693547,0.29581603,-1.0,-1.0,-0.76693547,21.7327880859375,-0.4,-0.4,-0.3067742
4.0,7.4820585,-11.807025,2.1485693,0.9941289,0.0013077536,0.0043130512,-0.10810853,0.061703064,0.15075609,0.033703748,0.14655389,0.2111344,0.15373924,0.092944324,0.13385037,0.0334072,0.03242567,0.022791622,2.1169567,7.473867,-11.800797,1.6776385,7.4977846,-11.780048,1.6687185,0.032896012,1.2394884,1.0836265,-0.6017349,0.1746121346950531,0.20391994714736938,0.029307812452316284,0.32842397689819336,0.3941657841205597,0.06574180722236633,0.2687764,4.3070683,3.2700205,3.40721,0.2687764,4.3070683,3.2700205,3.40721,0.2687764,1.0,1.0,1.0,21.279293060302734,0.4,0.4,0.4
4.016666666666667,7.483627,-11.804807,2.1483467,0.9941096,-0.00035164875,0.0028675399,-0.108341254,0.06379645,0.15008925,-0.029159753,-0.2876375,-0.3289721,-0.08942941,0.09445912,0.13282123,-0.02971632,0.09088754,-0.061748024,-3.7874112,7.4760466,-11.79725,1.6777256,7.4977846,-11.780048,1.6687185,0.029147208,1.2701061,1.0111063,-0.76865697,0.1746121346950531,0.20471325516700745,0.030101120471954346,0.32842397689819336,0.3797014057636261,0.05127742886543274,-0.35114104,-2.0768938,-1.7687831,-1.410305,-0.35114104,-2.0768938,-1.7687831,-1.410305,-0.35114104,-1.0,-1.0,-1.0,10.882343292236328,-0.4,-0.4,-0.4
4.033333333333333,7.48521,-11.802582,2.149284,0.99419063,8.382109e-05,0.0036351387,-0.10757186,0.06370246,0.15106605,0.08333049,0.15131365,0.23892961,0.15369411,0.09513948,0.13386527,0.08277373,0.040821876,0.0626421,6.7494025,7.4782763,-11.793751,1.6781862,7.4977846,-11.780048,1.6687185,0.025650917,1.3211632,0.93564445,-0.9327602,0.1746121346950531,0.20482224225997925,0.030210107564926147,0.32842397689819336,0.3894684314727783,0.06104445457458496,0.7540145,4.9810696,3.25942,3.9309022,0.7540145,4.9810696,3.25942,3.9309022,0.7540145,1.0,1.0,1.0,29.41746711730957,0.4,0.4,0.4
4.05,7.4868097,-11.800362,2.1492326,0.99416804,-0.0015177779,0.0023909407,-0.107803956,0.06557432,0.15078355,-0.031262353,-0.28359556,-0.30499652,-0.08944328,0.09620998,0.13314354,-0.032084905,0.064229965,-0.043303367,-6.8915176,7.4805465,-11.790301,1.6786495,7.4977846,-11.780048,1.6687185,0.022380862,1.3858701,0.8558286,-1.0900428,0.1746121346950531,0.20858538150787354,0.033973246812820435,0.32842397689819336,0.37608838081359863,0.04766440391540527,-0.67600495,-1.0188339,-1.6692594,-1.0427796,-0.67600495,-1.0188339,-1.6692594,-1.0427796,-0.67600495,-1.0,-1.0,-1.0,5.43388557434082,-0.4,-0.4,-0.4
4.066666666666666,7.4884224,-11.798121,2.1503685,0.99424887,-0.0010254122,0.0033630503,-0.10703604,0.06524285,0.1522192,0.100172736,0.15561657,0.26429057,0.1536491,0.09683575,0.13497636,0.09932831,0.037546005,0.109968774,7.884793,7.4828568,-11.786911,1.6792773,7.4977846,-11.780048,1.6687185,0.019530134,1.4627737,0.77307147,-1.2418001,0.1746121346950531,0.2108747959136963,0.03626266121864319,0.32842397689819336,0.3807402551174164,0.05231627821922302,0.87175107,5.5852394,3.160563,4.2628813,0.87175107,5.5852394,3.160563,4.2628813,0.87175107,1.0,1.0,1.0,31.392086029052734,0.4,0.4,0.4
4.083333333333333,7.490051,-11.795865,2.1504352,0.99428034,0.0006818878,0.0020193993,-0.10677974,0.06715803,0.1528,-0.027877467,0.24266057,-0.27275068,-0.009073922,0.097963795,0.13510524,-0.028015384,0.06768286,0.007732808,-7.6406217,7.4851985,-11.783578,1.679911,7.4977846,-11.780048,1.6687185,0.01720876,1.544927,0.6869609,-1.3837934,0.1746121346950531,0.21221016347408295,0.037598028779029846,0.32842397689819336,0.38037657737731934,0.05195260047912598,-0.75495744,0.21807514,-1.703547,-0.6701585,-0.75495744,0.21807514,-1.703547,-0.6701585,-0.75495744,0.21807514,-1.0,-0.6701585,4.1097331047058105,0.08723006,-0.4,-0.2680634
4.1,7.491682,-11.793617,2.1510003,0.99442625,0.00298988,0.003001396,-0.10534841,0.06714525,0.15252748,0.052317023,0.26901272,0.2866716,0.23355953,0.097893655,0.13472775,0.05268257,-0.004208386,-0.022649465,4.841877,7.487565,-11.780311,1.6802346,7.4977846,-11.780048,1.6687185,0.01539899,1.6306925,0.59890974,-1.5167284,0.1746121346950531,0.2121938019990921,0.037581667304039,0.32842397689819336,0.3778778910636902,0.049453914165496826,0.54958355,0.038704142,3.354095,3.5760102,0.54958355,0.038704142,3.354095,3.5760102,0.54958355,0.038704142,1.0,1.0,25.98885154724121,0.015481657,0.4,0.4
4.116666666666666,7.4933276,-11.791387,2.1507926,0.99447495,0.0024121567,0.0020595768,-0.10492599,0.06914855,0.15112436,-0.035121173,-0.16586354,-0.25496402,-0.009633102,0.09903932,0.13354859,-0.034779,0.0687401,-0.07074952,-5.2476945,7.4899554,-11.777116,1.6804235,7.4977846,-11.780048,1.6687185,0.014384159,1.7194109,0.50815254,-1.6426061,0.1746121346950531,0.2048163264989853,0.03020419180393219,0.32842397689819336,0.37291043996810913,0.04448646306991577,-0.50413656,-1.4677027,-1.9680481,-1.2699816,-0.50413656,-1.4677027,-1.9680481,-1.2699816,-0.50413656,-1.0,-1.0,-1.0,8.316377639770508,-0.4,-0.4,-0.4
4.133333333333333,7.4949803,-11.789167,2.1515222,0.9946168,0.0039182147,0.003325689,-0.103493825,0.069166176,0.1511385,0.06737594,0.2730799,0.31202897,0.2333257,0.099193394,0.13308698,0.06793268,0.009244232,-0.027696488,6.1627,7.492367,-11.774007,1.6807417,7.4977846,-11.780048,1.6687185,0.014505532,1.8101631,0.4162195,-1.7616616,0.1746121346950531,0.2016298472881317,0.027017712593078613,0.32842397689819336,0.3642522096633911,0.035828232765197754,0.6908152,5.0464416,2.8246002,3.9804065,0.6908152,5.0464416,2.8246002,3.9804065,0.6908152,1.0,1.0,1.0,28.357519149780273,0.4,0.4,0.4
4.15,7.496646,-11.786958,2.1510706,0.9946735,0.0036863561,0.002545488,-0.10297787,0.07132877,0.14947109,-0.05965107,-0.11526241,-0.23176098,0.0056116544,0.10018153,0.13215466,-0.059046254,0.05928799,-0.055939253,-7.618736,7.4947944,-11.770974,1.6808586,7.4977846,-11.780048,1.6687185,0.015448826,1.8991351,0.32258075,-1.8715384,0.1746121346950531,0.19143545627593994,0.01682332158088684,0.32842397689819336,0.3662812113761902,0.037857234477996826,-0.7535572,-0.889989,-2.3062444,-0.93648756,-0.7535572,-0.889989,-2.3062444,-0.93648756,-0.7535572,-0.889989,-1.0,-0.93648756,4.1332173347473145,-0.35599563,-0.4,-0.37459502
4.166666666666667,7.4983206,-11.784776,2.15178,0.99481994,0.0056341495,0.003974356,-0.10141822,0.07159082,0.14910042,0.07327291,0.32408616,0.33742145,0.24854435,0.10070453,0.13070051,0.07416923,0.031380057,-0.087248676,7.992929,7.4972315,-11.76804,1.6810368,7.4977846,-11.780048,1.6687185,0.017212098,1.9863678,0.2285309,-1.9731779,0.1746121346950531,0.2031562328338623,0.028544098138809204,0.32842397689819336,0.36969655752182007,0.04127258062362671,0.88249195,4.9820585,2.5566554,4.0507927,0.88249195,4.9820585,2.5566554,4.0507927,0.88249195,1.0,1.0,1.0,31.572227478027344,0.4,0.4,0.4
4.183333333333334,7.5000105,-11.782608,2.1511858,0.99490285,0.0055525205,0.0033766686,-0.100627735,0.074118264,0.14674568,-0.073324464,-0.1118298,-0.20833871,0.044774123,0.10159316,0.1297868,-0.0723775,0.05331784,-0.05482256,-8.792804,7.4996786,-11.765194,1.6810752,7.4977846,-11.780048,1.6687185,0.019414706,2.0704753,0.13442278,-2.0661073,0.1746121346950531,0.20422561466693878,0.02961347997188568,0.32842397689819336,0.3754523694515228,0.04702839255332947,-0.8762844,-1.1971012,-2.8007364,-0.8378563,-0.8762844,-1.1971012,-2.8007364,-0.8378563,-0.8762844,-1.0,-1.0,-0.8378563,2.074896812438965,-0.4,-0.4,-0.33514252
4.2,7.5017176,-11.780479,2.1517987,0.99507195,0.0075491336,0.0050006853,-0.09874066,0.07485515,0.14572069,0.06966341,0.32774007,0.36149833,0.28768635,0.102627516,0.1270432,0.070840806,0.062061395,-0.1646161,8.593098,7.502129,-11.762448,1.6811202,7.4977846,-11.780048,1.6687185,0.021964485,2.1502447,0.040962424,-2.1498544,0.1746121346950531,0.21748313307762146,0.04287099838256836,0.32842397689819336,0.37513893842697144,0.046714961528778076,0.9451705,4.9803696,1.7577776,3.6612906,0.9451705,4.9803696,1.7577776,3.6612906,0.9451705,1.0,1.0,1.0,32.62343978881836,0.4,0.4,0.4
4.216666666666667,7.503439,-11.778371,2.1510255,0.995167,0.0075177453,0.004593721,-0.0978009,0.07784462,0.14274874,-0.0866954,-0.10857357,-0.18480198,0.055621415,0.10348381,0.12622935,-0.08550049,0.05137771,-0.0488314,-9.380478,7.5045776,-11.759799,1.6810133,7.4977846,-11.780048,1.6687185,0.024644397,2.2266464,-0.05079105,-2.226067,0.1746121346950531,0.21785284578800201,0.043240711092948914,0.32842397689819336,0.3732939660549164,0.04486998915672302,-0.93799055,-1.0101146,-3.5502772,-0.9542428,-0.93799055,-1.0101146,-3.5502772,-0.9542428,-0.93799055,-1.0,-1.0,-0.9542428,1.0399919748306274,-0.4,-0.4,-0.38169715
4.233333333333333,7.505189,-11.77632,2.1514955,0.9953415,0.009385141,0.0048248195,-0.09583241,0.07957062,0.14105038,0.06217891,0.32826898,0.129683,0.29858732,0.10551198,0.12204295,0.06376246,0.12169003,-0.25118396,8.955777,7.5070205,-11.757259,1.6808873,7.4977846,-11.780048,1.6687185,0.02743577,2.297163,-0.14054361,-2.2928596,0.1746121346950531,0.220310240983963,0.04569810628890991,0.32842397689819336,0.3800830841064453,0.05165910720825195,0.98402846,4.952924,0.5273205,3.5110753,0.98402846,4.952924,0.5273205,3.5110753,0.98402846,1.0,0.5273205,1.0,33.275146484375,0.4,0.2109282,0.4
4.25,7.506959,-11.774294,2.1506047,0.99549204,0.009983766,0.0024236275,-0.09428618,0.082333,0.13736619,-0.094723955,0.021327484,-0.41439614,0.15329279,0.106382765,0.12137088,-0.09258854,0.052247193,-0.04032388,-9.38106,7.509455,-11.754823,1.6806501,7.4977846,-11.780048,1.6687185,0.030247314,2.3641262,-0.22605899,-2.3532934,0.1746121346950531,0.21925215423107147,0.04464001953601837,0.32842397689819336,0.38064008951187134,0.05221611261367798,-0.9379033,-0.7006177,-2.6421418,-0.59723604,-0.9379033,-0.7006177,-2.6421418,-0.59723604,-0.9379033,-0.7006177,-1.0,-0.59723604,1.0414555072784424,-0.28024706,-0.4,-0.23889442
4.266666666666667,7.5087314,-11.772346,2.1509898,0.99571806,0.012918141,0.0022353576,-0.09150731,0.083093435,0.13454811,0.056476455,0.46184602,0.15661673,0.39607817,0.10634551,0.11563651,0.059296988,-0.002235174,-0.34406212,9.113131,7.5118747,-11.752501,1.68042,7.4977846,-11.780048,1.6687185,0.033080813,2.423615,-0.30810246,-2.4039514,0.1746121346950531,0.21985448896884918,0.04524235427379608,0.32842397689819336,0.3848686218261719,0.056444644927978516,1.0821645,3.864971,2.829897,2.3991976,1.0821645,3.864971,2.829897,2.3991976,1.0,1.0,1.0,1.0,33.54301452636719,0.4,0.4,0.4
4.283333333333333,7.5105143,-11.770431,2.1501305,0.99586666,0.01385192,2.2345434e-05,-0.089765,0.08519165,0.12935175,-0.09203249,0.026304346,-0.38774666,0.15281868,0.107170135,0.11452583,-0.08864462,0.049477365,-0.066640824,-8.876495,7.5142794,-11.750289,1.6801664,7.4977846,-11.780048,1.6687185,0.035899214,2.480661,-0.38796887,-2.4501345,0.1746121346950531,0.2136053591966629,0.0389932245016098,0.32842397689819336,0.3862306773662567,0.057806700468063354,-0.8842365,-2.1580155,-2.969861,-1.0510885,-0.8842365,-2.1580155,-2.969861,-1.0510885,-0.8842365,-1.0,-1.0,-1.0,1.941528081893921,-0.4,-0.4,-0.4
4.3,7.5122805,-11.7686205,2.1504502,0.99606776,0.016839838,4.854607e-05,-0.08697829,0.08522226,0.12508325,0.048948042,0.4666144,0.18239497,0.3956318,0.10546785,0.106710725,0.05285753,-0.10213717,-0.46890643,8.4901285,7.5166636,-11.748197,1.6799159,7.4977846,-11.780048,1.6687185,0.038682453,2.5298252,-0.46471667,-2.4867759,0.1746121346950531,0.20906388759613037,0.03445175290107727,0.32842397689819336,0.37761160731315613,0.04918763041496277,0.9349083,3.2924023,2.545414,2.6257045,0.9349083,3.2924023,2.545414,2.6257045,0.9349083,1.0,1.0,1.0,32.45132827758789,0.4,0.4,0.4
4.316666666666666,7.514047,-11.766858,2.1494777,0.9962674,0.017838068,-0.0019695377,-0.08443405,0.08684669,0.11829156,-0.09994436,0.031075861,-0.36179435,0.28200772,0.10619381,0.105431736,-0.095557,0.04355773,-0.07673933,-8.904871,7.519024,-11.746215,1.679562,7.4977846,-11.780048,1.6687185,0.041393172,2.5790303,-0.54099447,-2.5216508,0.1746121346950531,0.20743289589881897,0.03282076120376587,0.32842397689819336,0.3757660984992981,0.047342121601104736,-0.887692,-2.4314394,-3.2559676,-0.466617,-0.887692,-2.4314394,-3.2559676,-0.466617,-0.887692,-1.0,-1.0,-0.466617,1.8835748434066772,-0.4,-0.4,-0.1866468
4.333333333333333,7.5157776,-11.765233,2.149808,0.9965292,0.020879494,-0.0017403418,-0.080563106,0.08648527,0.11241092,0.051219337,0.4719559,0.20920941,0.52471703,0.10305343,0.09484368,0.05589279,-0.18842293,-0.6352834,9.086987,7.5213547,-11.744356,1.6792713,7.4977846,-11.780048,1.6687185,0.044055026,2.621728,-0.6142715,-2.5487502,0.1746121346950531,0.2001783847808838,0.02556625008583069,0.32842397689819336,0.3764522671699524,0.04802829027175903,0.99853015,2.0135188,1.5948573,1.446504,0.99853015,2.0135188,1.5948573,1.446504,0.99853015,1.0,1.0,1.0,33.51836395263672,0.4,0.4,0.4
4.35,7.5175056,-11.7636595,2.148662,0.9967247,0.02194219,-0.0035506864,-0.077753775,0.087593794,0.10421382,-0.11534018,0.03564999,-0.3354261,0.28146043,0.10387913,0.09424423,-0.11028918,0.049542185,-0.035967078,-9.970918,7.523657,-11.742611,1.6788244,7.4977846,-11.780048,1.6687185,0.04661614,2.6679523,-0.6883735,-2.5776174,0.1746121346950531,0.2148934006690979,0.0402812659740448,0.32842397689819336,0.3746176064014435,0.04619362950325012,-1.101841,-3.060357,-3.818295,-1.0140222,-1.101841,-3.060357,-3.818295,-1.0140222,-1.0,-1.0,-1.0,-1.0,0.0,-0.4,-0.4,-0.4
4.366666666666666,7.519183,-11.762258,2.148749,0.9969903,0.023281772,-0.0030544428,-0.07388346,0.08671838,0.096403204,0.03665659,0.19694622,0.22118467,0.52411544,0.09960926,0.08077315,0.041364867,-0.2561921,-0.80826443,9.099242,7.525926,-11.740984,1.6783048,7.4977846,-11.780048,1.6687185,0.049090423,2.7074609,-0.75923944,-2.5988266,0.1746121346950531,0.20126478374004364,0.02665264904499054,0.32842397689819336,0.37805119156837463,0.049627214670181274,1.1600237,0.34839344,0.9820813,1.8311824,1.1600237,0.34839344,0.9820813,1.8311824,1.0,0.34839344,0.9820813,1.0,33.54301452636719,0.13935737,0.39283252,0.4
4.383333333333333,7.5208535,-11.760917,2.147361,0.9972483,0.022073088,-0.0046188897,-0.070620045,0.087371275,0.08782758,-0.12939508,-0.23930345,-0.32530344,0.35538307,0.100444235,0.08015395,-0.12480708,0.050098296,-0.037152167,-9.970317,7.528159,-11.7394705,1.6776099,7.4977846,-11.780048,1.6687185,0.051461004,2.7553415,-0.83228445,-2.6266346,0.1746121346950531,0.2179771363735199,0.0433650016784668,0.32842397689819336,0.3703889548778534,0.041964977979660034,-1.2846328,-2.1159978,-4.1158414,-0.69269,-1.2846328,-2.1159978,-4.1158414,-0.69269,-1.0,-1.0,-1.0,-0.69269,0.0,-0.4,-0.4,-0.277076
4.4,7.522475,-11.759747,2.147204,0.9975263,0.022635622,-0.0068694777,-0.06619404,0.08666313,0.080424145,0.022061044,0.19739842,-0.22877768,0.5982515,0.09612289,0.067189015,0.026669404,-0.25928065,-0.777896,9.088589,7.530352,-11.738083,1.6768401,7.4977846,-11.780048,1.6687185,0.053737365,2.7972915,-0.90174013,-2.6479623,0.1746121346950531,0.2105068415403366,0.03589470684528351,0.32842397689819336,0.37528982758522034,0.04686585068702698,1.4874517,3.126461,0.1259972,1.1566905,1.4874517,3.126461,0.1259972,1.1566905,1.0,1.0,0.1259972,1.0,33.54301452636719,0.4,0.050398882,0.4
4.416666666666667,7.5240874,-11.758634,2.1455715,0.99774164,0.02120377,-0.0121895075,-0.06255638,0.08482441,0.07196615,-0.14464934,-0.23497665,-0.7746715,0.4046536,0.09698384,0.066605456,-0.13948327,0.051657107,-0.035013556,-9.96916,7.532504,-11.736808,1.6758944,7.4977846,-11.780048,1.6687185,0.055916727,2.8460689,-0.97231555,-2.674829,0.1746121346950531,0.20693886280059814,0.032326728105545044,0.32842397689819336,0.3711405396461487,0.04271656274795532,-1.0235945,-2.0485687,-1.2369821,-0.79529893,-1.0235945,-2.0485687,-1.2369821,-0.79529893,-1.0,-1.0,-1.0,-0.79529893,0.0,-0.4,-0.4,-0.3181196
4.433333333333334,7.525579,-11.757674,2.1451719,0.9979785,0.02178042,-0.01523372,-0.057726465,0.080262356,0.06468818,0.0069837905,0.20984526,-0.20546369,0.64736897,0.086870685,0.054603305,0.012138487,-0.6067894,-0.7201291,9.097305,7.534608,-11.735657,1.6748757,7.4977846,-11.780048,1.6687185,0.05800416,2.8881774,-1.0388898,-2.6948612,0.1746121346950531,0.20512698590755463,0.030514851212501526,0.32842397689819336,0.3755795955657959,0.04715561866760254,1.8525169,3.430202,4.334293,1.3685336,1.8525169,3.430202,4.334293,1.3685336,1.0,1.0,1.0,1.0,33.54301452636719,0.4,0.4,0.4
4.45,7.5269785,-11.7568245,2.1445684,0.9982169,0.020839667,-0.015045632,-0.053871475,0.07560589,0.056269493,-0.05768888,-0.2134301,0.10371126,0.40375125,0.08301174,0.050021756,-0.053079084,-0.23153676,-0.2748929,-3.913054,7.5366488,-11.734663,1.6744534,7.4977846,-11.780048,1.6687185,0.060026173,2.9381194,-1.1144718,-2.718547,0.1746121346950531,0.21101057529449463,0.03639844059944153,0.32842397689819336,0.3750932812690735,0.04666930437088013,-0.3609358,-2.1141274,0.5678947,-1.0025426,-0.3609358,-2.1141274,0.5678947,-1.0025426,-0.3609358,-1.0,0.5678947,-1.0,10.718070030212402,-0.4,0.22715788,-0.4
4.466666666666667,7.5282435,-11.756139,2.145559,0.99841106,0.021536995,-0.017528974,-0.049031418,0.07241961,0.049298696,0.090140805,0.21490486,-0.40881786,0.64668936,0.07347086,0.03814925,0.09458855,-0.57245266,-0.7123504,8.860058,7.5386205,-11.7338295,1.6747861,7.4977846,-11.780048,1.6687185,0.061972313,2.9853566,-1.1936466,-2.736341,0.1746121346950531,0.2210235595703125,0.0464114248752594,0.32842397689819336,0.37837615609169006,0.049952179193496704,0.98358905,2.3740983,-1.6188701,1.2780575,0.98358905,2.3740983,-1.6188701,1.2780575,0.98358905,1.0,-1.0,1.0,33.26777648925781,0.4,-0.4,0.4
4.483333333333333,7.529458,-11.755508,2.1450639,0.9986131,0.020628119,-0.017631857,-0.045113757,0.06650011,0.04103651,-0.07520756,-0.20590694,0.12668529,0.4149256,0.07264411,0.03777319,-0.07112283,-0.049605217,-0.022563634,-9.942682,7.540534,-11.733123,1.6750442,7.4977846,-11.780048,1.6687185,0.06379289,3.0378501,-1.2808886,-2.7546067,0.1746121346950531,0.21266165375709534,0.038049519062042236,0.32842397689819336,0.3705728054046631,0.04214882850646973,-1.4287481,-1.9094592,2.9536467,-0.95129097,-1.4287481,-1.9094592,2.9536467,-0.95129097,-1.0,-1.0,1.0,-0.95129097,0.0,-0.4,0.4,-0.38051638
4.5,7.530531,-11.755028,2.1457965,0.9987649,0.021403974,-0.01991875,-0.04017083,0.062187523,0.034202203,0.076182924,0.22250795,-0.385486,0.65784097,0.06149058,0.025882088,0.079937115,-0.66921157,-0.713466,9.063597,7.542387,-11.732541,1.6752306,7.4977846,-11.780048,1.6687185,0.06548835,3.0836825,-1.3671917,-2.7640343,0.1746121346950531,0.22932098805904388,0.054708853363990784,0.32842397689819336,0.370284765958786,0.04186078906059265,1.2439808,2.4362702,-1.0858703,1.4318572,1.2439808,2.4362702,-1.0858703,1.4318572,1.0,1.0,-1.0,1.0,33.54301452636719,0.4,-0.4,0.4
4.516666666666667,7.531546,-11.754601,2.145058,0.99893504,0.020554217,-0.019837158,-0.03622987,0.055337593,0.02610437,-0.08907122,-0.1986844,0.15000445,0.41422525,0.060679715,0.025492828,-0.08570564,-0.048651915,-0.023355557,-9.938564,7.5441766,-11.7320795,1.6752338,7.4977846,-11.780048,1.6687185,0.0670498,3.1386218,-1.4635062,-2.776526,0.1746121346950531,0.22700175642967224,0.05238962173461914,0.32842397689819336,0.37302473187446594,0.04460075497627258,-1.2174977,-2.147212,3.3983274,-1.2585908,-1.2174977,-2.147212,3.3983274,-1.2585908,-1.0,-1.0,1.0,-1.0,0.0,-0.4,0.4,-0.4
4.533333333333333,7.532397,-11.754327,2.1455488,0.9990872,0.021508874,-0.019651942,-0.031237004,0.049414445,0.019417675,0.0628486,0.23295327,0.0018181994,0.6571786,0.047923032,0.013611765,0.065474294,-0.76540095,-0.7128638,9.070796,7.5458956,-11.731749,1.6751577,7.4977846,-11.780048,1.6687185,0.06847626,3.188028,-1.5591185,-2.7807684,0.1746121346950531,0.22310389578342438,0.04849176108837128,0.32842397689819336,0.36611494421958923,0.037690967321395874,1.2754754,2.4220762,-0.32599467,1.6563283,1.2754754,2.4220762,-0.32599467,1.6563283,1.0,1.0,-0.32599467,1.0,33.54301452636719,0.4,-0.13039787,0.4
4.55,7.5331855,-11.754106,2.1445694,0.9992784,0.020819958,-0.016357053,-0.027228775,0.043147895,0.011440713,-0.102164224,-0.19218978,0.5369519,0.41333458,0.04713125,0.013196444,-0.100173146,-0.047506835,-0.024919229,-9.938847,7.547543,-11.731536,1.6749027,7.4977846,-11.780048,1.6687185,0.06976822,3.247879,-1.6663343,-2.7878392,0.1746121346950531,0.21795228123664856,0.04334014654159546,0.32842397689819336,0.3603267967700958,0.031902819871902466,-1.2525336,-2.8232179,1.1704954,-1.5220157,-1.2525336,-2.8232179,1.1704954,-1.5220157,-1.0,-1.0,1.0,-1.0,0.0,-0.4,0.4,-0.4
4.566666666666666,7.53385,-11.754041,2.144818,0.9993987,0.021833146,-0.015216184,-0.022225972,0.039040897,0.0048163338,0.049624294,0.23348154,0.024643049,0.65645856,0.037637576,0.00091460237,0.050916947,-0.5696205,-0.73691046,9.065405,7.54911,-11.731452,1.6745702,7.4977846,-11.780048,1.6687185,0.07092348,3.3026443,-1.7723782,-2.7867785,0.1746121346950531,0.20156800746917725,0.026955872774124146,0.32842397689819336,0.36723580956459045,0.038811832666397095,1.4998711,1.6375765,-3.9629488,1.2593441,1.4998711,1.6375765,-3.9629488,1.2593441,1.0,1.0,-1.0,1.0,33.54301452636719,0.4,-0.4,0.4
4.583333333333333,7.5344543,-11.754062,2.1442726,0.9995135,0.021074308,-0.013964311,-0.018263087,0.034148525,-0.0031633084,-0.06188587,-0.19434106,0.20331103,0.4127736,0.035773985,-0.0018496263,-0.061014675,-0.111815475,-0.16585371,-6.715897,7.5505843,-11.731511,1.6744694,7.4977846,-11.780048,1.6687185,0.07194961,3.3656988,-1.8837867,-2.7891355,0.1746121346950531,0.20881199836730957,0.03419986367225647,0.32842397689819336,0.3531678020954132,0.02474382519721985,-0.6575467,-3.6456413,0.33238006,-2.513587,-0.6575467,-3.6456413,0.33238006,-2.513587,-0.6575467,-1.0,0.33238006,-1.0,5.743457794189453,-0.4,0.13295202,-0.4
4.6,7.534947,-11.754249,2.1451683,0.9995451,0.022037262,-0.015589264,-0.013445735,0.030660117,-0.009616278,0.089272246,0.2340868,-0.30870363,0.6362354,0.027547242,-0.0143440645,0.08965181,-0.49360454,-0.7496663,9.0399885,7.5519524,-11.731715,1.6747446,7.4977846,-11.780048,1.6687185,0.0728461,3.4231722,-1.991257,-2.7844217,0.1746121346950531,0.19516858458518982,0.02055644989013672,0.32842397689819336,0.3643651604652405,0.03594118356704712,1.0132047,1.4162849,-1.5543649,0.91990507,1.0132047,1.4162849,-1.5543649,0.91990507,1.0,1.0,-1.0,0.91990507,33.54301452636719,0.4,-0.4,0.36796203
4.616666666666666,7.535393,-11.7544985,2.144689,0.9996155,0.021300267,-0.0148867825,-0.009663274,0.024827244,-0.017533382,-0.068348065,-0.18836313,0.22709687,0.3925989,0.026546312,-0.015118703,-0.06827875,-0.060055774,-0.04647832,-9.475833,7.553226,-11.732051,1.6749676,7.4977846,-11.780048,1.6687185,0.07359726,3.4854844,-2.099382,-2.7823005,0.1746121346950531,0.2048850953578949,0.030272960662841797,0.32842397689819336,0.3552534878253937,0.026829510927200317,-0.95065963,-3.8439012,3.753924,-2.9736242,-0.95065963,-3.8439012,3.753924,-2.9736242,-0.95065963,-1.0,1.0,-1.0,0.8275123238563538,-0.4,0.4,-0.4
4.633333333333333,7.535726,-11.7549095,2.1454685,0.99961406,0.0217323,-0.01628764,-0.0058349427,0.020906268,-0.02404369,0.08323962,0.1431031,-0.28620556,0.48516005,0.017898677,-0.02787878,0.08274308,-0.51885813,-0.76560456,9.06131,7.5543976,-11.732513,1.6751826,7.4977846,-11.780048,1.6687185,0.07420501,3.539658,-2.2015655,-2.7716942,0.1746121346950531,0.1995832622051239,0.0249711275100708,0.32842397689819336,0.3654519021511078,0.03702792525291443,1.1145188,0.7745471,-1.0585089,0.38131762,1.1145188,0.7745471,-1.0585089,0.38131762,1.0,0.7745471,-1.0,0.38131762,33.54301452636719,0.30981883,-0.4,0.15252705
4.65,7.5360026,-11.755397,2.14515,0.99967134,0.020248005,-0.015366781,-0.0033184679,0.014765354,-0.031640247,-0.052491702,-0.27973697,0.2501587,0.24165529,0.0161876,-0.029601106,-0.05325632,-0.10266456,-0.10333958,-8.159964,7.5554605,-11.733111,1.6754516,7.4977846,-11.780048,1.6687185,0.07466538,3.6001194,-2.3051698,-2.7653303,0.1746121346950531,0.20212405920028687,0.027511924505233765,0.32842397689819336,0.3600258529186249,0.03160187602043152,-0.81153846,-3.2410784,3.9035878,-1.3457539,-0.81153846,-3.2410784,3.9035878,-1.3457539,-0.81153846,-1.0,1.0,-1.0,3.1607840061187744,-0.4,0.4,-0.4
4.666666666666667,7.536166,-11.75603,2.1458683,0.9996858,0.020564837,-0.014328124,0.00024044572,0.009864507,-0.037571542,0.074414045,0.15188468,0.094244204,0.48478648,0.007769638,-0.040601004,0.07305867,-0.5050777,-0.6599938,7.5788994,7.556413,-11.733839,1.675704,7.4977846,-11.780048,1.6687185,0.07497606,3.652765,-2.4023023,-2.7516606,0.1746121346950531,0.20511412620544434,0.030501991510391235,0.32842397689819336,0.36371126770973206,0.035287290811538696,0.8428298,2.1669283,-0.33613867,2.2931879,0.8428298,2.1669283,-0.33613867,2.2931879,0.8428298,1.0,-0.33613867,1.0,30.907033920288086,0.4,-0.13445547,0.4
4.683333333333334,7.536273,-11.756731,2.1454756,0.99976045,0.019133909,-0.010243048,0.0028217088,0.0046889135,-0.044705275,-0.054437753,-0.2735627,0.63077617,0.24106918,0.0060666804,-0.042561352,-0.055997707,-0.10217746,-0.11762089,-7.7433825,7.557253,-11.734691,1.675882,7.4977846,-11.780048,1.6687185,0.075133964,3.7089813,-2.4997947,-2.7399943,0.1746121346950531,0.20658667385578156,0.031974539160728455,0.32842397689819336,0.3636251389980316,0.03520116209983826,-0.768721,-4.082061,1.3807243,-2.4265041,-0.768721,-4.082061,1.3807243,-2.4265041,-0.768721,-1.0,1.0,-1.0,3.8788976669311523,-0.4,0.4,-0.4
4.7,7.5363126,-11.757576,2.1462855,0.99975556,0.019482268,-0.008260574,0.006390852,0.002140463,-0.050175056,0.08318833,0.15329733,0.11741334,0.48431194,0.0014439962,-0.05335559,0.08120044,-0.27736104,-0.6476542,8.231889,7.5579677,-11.735674,1.6761546,7.4977846,-11.780048,1.6687185,0.07514246,3.7570941,-2.5903428,-2.721375,0.1746121346950531,0.1936711072921753,0.019058972597122192,0.32842397689819336,0.3661746084690094,0.03775063157081604,0.91257274,1.0361406,-4.4940186,1.030995,0.91257274,1.0361406,-4.4940186,1.030995,0.91257274,1.0,-1.0,1.0,32.07672882080078,0.4,-0.4,0.4
4.716666666666667,7.536342,-11.758478,2.145709,0.9997559,0.01803652,-0.009164422,0.008875574,-0.0004296831,-0.05687886,-0.07127684,-0.27998492,-0.17450607,0.24083377,0.0018819617,-0.05425824,-0.07326855,0.02627793,-0.054158937,-9.268139,7.5585675,-11.736778,1.6762555,7.4977846,-11.780048,1.6687185,0.07499114,3.8029215,-2.6737683,-2.7042882,0.1746121346950531,0.18698446452617645,0.012372329831123352,0.32842397689819336,0.3625906705856323,0.034166693687438965,-0.927166,-4.8166513,-0.53322357,-3.4538956,-0.927166,-4.8166513,-0.53322357,-3.4538956,-0.927166,-1.0,-0.53322357,-1.0,1.2215361595153809,-0.4,-0.21328942,-0.4
4.733333333333333,7.5362926,-11.759515,2.1464136,0.9997332,0.018409392,-0.0071287365,0.01199084,-0.0046788054,-0.061857972,0.080834,0.16047426,0.39196977,0.41183513,-0.00429418,-0.06489844,0.07843589,-0.37056848,-0.638412,9.102265,7.559037,-11.738007,1.6763589,7.4977846,-11.780048,1.6687185,0.07468446,3.835299,-2.7442365,-2.6793067,0.1746121346950531,0.1708289235830307,0.0037832111120224,0.32842397689819336,0.373626172542572,0.04520219564437866,1.311855,1.6810452,2.5533571,0.7031803,1.311855,1.6810452,2.5533571,0.7031803,1.0,1.0,1.0,0.7031803,33.54301452636719,0.4,0.4,0.28127214
4.75,7.536236,-11.760604,2.1456435,0.9997322,0.017001687,-0.007317408,0.013888057,-0.006380901,-0.068154804,-0.08537833,-0.2767068,-0.15252575,0.16830981,-0.0032593878,-0.06534498,-0.08771922,0.06208752,-0.026792584,-9.969305,7.559389,-11.739355,1.6762934,7.4977846,-11.780048,1.6687185,0.07421885,3.8651595,-2.808404,-2.6556215,0.1746121346950531,0.18101081252098083,0.006398677825927734,0.32842397689819336,0.37388816475868225,0.04546418786048889,-1.2158403,-5.401283,-3.033772,-3.3846183,-1.2158403,-5.401283,-3.033772,-3.3846183,-1.0,-1.0,-1.0,-1.0,0.0,-0.4,-0.4,-0.4
4.766666666666667,7.5361185,-11.76182,2.146109,0.99969363,0.017395286,-0.0050901035,0.0168503,-0.009983868,-0.07279894,0.06678621,0.16367982,0.41396827,0.41148916,-0.008152711,-0.075382404,0.06411542,-0.2935994,-0.6022453,9.110078,7.55961,-11.740822,1.6761483,7.4977846,-11.780048,1.6687185,0.073595434,3.8802645,-2.8589034,-2.623571,0.1746121346950531,0.18464693427085876,0.010034799575805664,0.32842397689819336,0.37668490409851074,0.04826092720031738,1.4752711,1.4539748,1.778215,1.1327889,1.4752711,1.4539748,1.778215,1.1327889,1.0,1.0,1.0,1.0,33.54301452636719,0.4,0.4,0.4
4.783333333333333,7.5359964,-11.763083,2.1451006,0.9996829,0.016015157,-0.005099122,0.01875087,-0.011038143,-0.078712724,-0.099467166,-0.27360266,-0.13041806,0.16794409,-0.0071116937,-0.07582504,-0.10203548,0.062461045,-0.026558338,-9.969053,7.559705,-11.742406,1.6758217,7.4977846,-11.780048,1.6687185,0.07281153,3.8904302,-2.9006839,-2.5925817,0.1746121346950531,0.18677258491516113,0.012160450220108032,0.32842397689819336,0.36570286750793457,0.03727889060974121,-1.176283,-5.9571214,-3.8708186,-3.968896,-1.176283,-5.9571214,-3.8708186,-3.968896,-1.0,-1.0,-1.0,-1.0,0.0,-0.4,-0.4,-0.4
4.8,7.5358367,-11.764467,2.1453266,0.9996619,0.015776549,-0.004196014,0.020234961,-0.01320814,-0.08312887,0.052460685,0.056955516,0.19225788,0.17946765,-0.010229379,-0.085215665,0.049705517,-0.1870611,-0.56343734,9.10446,7.559666,-11.744104,1.6754144,7.4977846,-11.780048,1.6687185,0.0718758,3.8843281,-2.927497,-2.5529919,0.1746121346950531,0.19267550110816956,0.018063366413116455,0.32842397689819336,0.38104408979415894,0.052620112895965576,1.5477437,0.75014067,0.550313,0.047012836,1.5477437,0.75014067,0.550313,0.047012836,1.0,0.75014067,0.550313,0.047012836,33.54301452636719,0.30005628,0.2201252,0.018805135
4.816666666666666,7.5356784,-11.765893,2.144145,0.99967366,0.013564207,-0.0060493164,0.020783354,-0.014183435,-0.08835817,-0.10860111,-0.37859428,-0.35199672,0.034008306,-0.009231819,-0.08586384,-0.11110675,0.059853602,-0.038890686,-9.648736,7.5594974,-11.745911,1.674865,7.4977846,-11.780048,1.6687185,0.07079285,3.8702526,-2.9424655,-2.5141103,0.1746121346950531,0.1899099051952362,0.015297770500183105,0.32842397689819336,0.3729917109012604,0.04456773400306702,-0.96610534,-4.264539,-3.1706085,-0.59741294,-0.96610534,-4.264539,-3.1706085,-0.59741294,-0.96610534,-1.0,-1.0,-0.59741294,0.5684645175933838,-0.4,-0.4,-0.23896518
4.833333333333333,7.5354695,-11.767422,2.144221,0.99964345,0.013140088,-0.0054717124,0.022591691,-0.017266335,-0.09178194,0.043358576,0.062216114,0.21466458,0.277216,-0.013537518,-0.09358373,0.040753376,-0.2583419,-0.46319333,9.111608,7.559193,-11.747834,1.6742823,7.4977846,-11.780048,1.6687185,0.06956807,3.8388877,-2.941169,-2.4671001,0.1746121346950531,0.19063185155391693,0.01601971685886383,0.32842397689819336,0.3848400115966797,0.05641603469848633,1.604176,2.7114525,2.6690946,1.9754367,1.604176,2.7114525,2.6690946,1.9754367,1.0,1.0,1.0,1.0,33.54301452636719,0.4,0.4,0.4
4.85,7.535256,-11.7689905,2.1429744,0.99964166,0.01096809,-0.0071408576,0.023347193,-0.01865382,-0.09606318,-0.111089386,-0.37352872,-0.32906628,0.033841405,-0.012603444,-0.094330095,-0.11340167,0.05604442,-0.04478171,-9.249302,7.5587564,-11.749869,1.6736181,7.4977846,-11.780048,1.6687185,0.06820801,3.7986286,-2.929383,-2.4183247,0.1746121346950531,0.19692596793174744,0.022313833236694336,0.32842397689819336,0.37422603368759155,0.04580205678939819,-0.92383075,-4.5834346,-3.2777562,-3.347373,-0.92383075,-4.5834346,-3.2777562,-3.347373,-0.92383075,-1.0,-1.0,-1.0,1.2774732112884521,-0.4,-0.4,-0.4
4.866666666666666,7.5349827,-11.77064,2.1430118,0.9996073,0.01057816,-0.0063680843,0.02515309,-0.022115333,-0.098574996,0.040784296,0.06725144,0.23752035,0.27685854,-0.01761282,-0.1004129,0.038425453,-0.30056256,-0.36496815,9.109627,7.5581827,-11.752016,1.672978,7.4977846,-11.780048,1.6687185,0.066722445,3.7407806,-2.9018033,-2.3607154,0.1746121346950531,0.198007270693779,0.02339513599872589,0.32842397689819336,0.37555256485939026,0.0471285879611969,1.6585162,2.6633325,2.3192613,0.9992956,1.6585162,2.6633325,2.3192613,0.9992956,1.0,1.0,1.0,0.9992956,33.54301452636719,0.4,0.4,0.39971825
4.883333333333333,7.534701,-11.772322,2.1416423,0.99959767,0.008445957,-0.00785192,0.025910033,-0.02379246,-0.101969175,-0.12036902,-0.3686765,-0.30664515,0.033483256,-0.01662532,-0.100965574,-0.12240117,0.059249993,-0.033160597,-9.649597,7.55748,-11.754268,1.6722151,7.4977846,-11.780048,1.6687185,0.06511829,3.6733282,-2.8646784,-2.2993386,0.1746121346950531,0.19231678545475006,0.01770465075969696,0.32842397689819336,0.35892242193222046,0.0304984450340271,-0.96617174,-4.144939,-3.7229962,-3.8151886,-0.96617174,-4.144939,-3.7229962,-3.8151886,-0.96617174,-1.0,-1.0,-1.0,0.5673508644104004,-0.4,-0.4,-0.4
4.9,7.5343547,-11.774062,2.1415305,0.9996013,0.008099518,-0.0068747606,0.02615731,-0.027134642,-0.10357007,0.03153231,0.07180331,0.25999948,0.027538056,-0.022087362,-0.10535263,0.029500937,-0.32772246,-0.2632235,9.114126,7.556647,-11.756623,1.6714216,7.4977846,-11.780048,1.6687185,0.0634098,3.5887256,-2.8126466,-2.2288945,0.1746121346950531,0.20086218416690826,0.026250049471855164,0.32842397689819336,0.3719263970851898,0.04350242018699646,1.8516691,2.6353135,1.9140346,-0.025458813,1.8516691,2.6353135,1.9140346,-0.025458813,1.0,1.0,1.0,-0.025458813,33.54301452636719,0.4,0.4,-0.010183525
4.916666666666667,7.5339913,-11.775832,2.1405756,0.99961174,0.0060153203,-0.008142498,0.02595761,-0.028614676,-0.106373206,-0.08492228,-0.36286947,-0.28096706,-0.037339844,-0.021685753,-0.10664715,-0.08661389,0.024096517,-0.077670954,-6.9668894,7.5556736,-11.759084,1.6708384,7.4977846,-11.780048,1.6687185,0.06160474,3.4944568,-2.7524855,-2.152917,0.1746121346950531,0.1953723430633545,0.02076020836830139,0.32842397689819336,0.3740755617618561,0.04565158486366272,-0.682394,-2.81104,-4.2013106,-0.26618528,-0.682394,-2.81104,-4.2013106,-0.26618528,-0.682394,-1.0,-1.0,-0.26618528,5.326730728149414,-0.4,-0.4,-0.10647412
4.933333333333334,7.5335574,-11.777646,2.1410558,0.9996102,0.0057098195,-0.006949718,0.026428895,-0.032180253,-0.10721281,0.06657922,0.07761214,0.2858364,0.087153055,-0.027363816,-0.10953828,0.06492715,-0.3406838,-0.17346783,9.092463,7.554559,-11.761656,1.6706009,7.4977846,-11.780048,1.6687185,0.059709188,3.3826225,-2.6771266,-2.0676384,0.1746121346950531,0.21308830380439758,0.03847616910934448,0.32842397689819336,0.38280805945396423,0.054384082555770874,1.184258,3.0182834,1.4680043,0.51129174,1.184258,3.0182834,1.4680043,0.51129174,1.0,1.0,1.0,0.51129174,33.54301452636719,0.4,0.4,0.2045167
4.95,7.533114,-11.779478,2.1400607,0.99963295,0.0036661045,-0.008020752,0.025615867,-0.03355765,-0.10920014,-0.09996962,-0.35829872,-0.25861225,-0.15614271,-0.026326112,-0.109996706,-0.101254,0.062262226,-0.027505605,-9.970868,7.553327,-11.764318,1.6702483,7.4977846,-11.780048,1.6687185,0.057747174,3.2589276,-2.5930529,-1.9740024,0.1746121346950531,0.2038300633430481,0.029217928647994995,0.32842397689819336,0.38374975323677063,0.05532577633857727,-1.3835417,-2.3929489,-4.3411546,-1.8824342,-1.3835417,-2.3929489,-4.3411546,-1.8824342,-1.0,-1.0,-1.0,-1.0,0.0,-0.4,-0.4,-0.4
4.966666666666667,7.5326033,-11.781332,2.140302,0.99963826,0.0033956578,-0.0066361185,0.025838563,-0.037024125,-0.10932709,0.051925473,0.08209292,0.30859938,0.0872393,-0.031998638,-0.11145986,0.050717276,-0.34035152,-0.08778914,9.118277,7.551982,-11.767067,1.6698239,7.4977846,-11.780048,1.6687185,0.055741258,3.1193423,-2.4956124,-1.8714209,0.1746121346950531,0.19620776176452637,0.021595627069473267,0.32842397689819336,0.37331897020339966,0.0448949933052063,1.215361,3.6558042,1.0426105,1.6695293,1.215361,3.6558042,1.0426105,1.6695293,1.0,1.0,1.0,1.0,33.54301452636719,0.4,0.4,0.4
4.983333333333333,7.5320835,-11.783194,2.1390705,0.99965745,0.00138314,-0.00751765,0.025030185,-0.038270835,-0.110516086,-0.11459089,-0.35385147,-0.235889,-0.15606473,-0.030971292,-0.11193158,-0.11541939,0.061640736,-0.028303115,-9.9682,7.550532,-11.769893,1.6692221,6.115716,-7.469707,2.4469047,4.5994654,2.9707127,-2.392524,-1.760955,0.1746121346950531,0.19564339518547058,0.02103126049041748,0.32842397689819336,0.3664798438549042,0.038055866956710815,-1.2581449,-1.7460037,-4.566756,-2.3380384,-1.2581449,-1.7460037,-4.566756,-2.3380384,-1.0,-1.0,-1.0,-1.0,0.0,-0.4,-0.4,-0.4
5.0,7.5315776,-11.7850685,2.135099,0.9996207,-0.004144782,-0.013015702,0.02391357,-0.04263102,-0.10855267,-0.27911863,-0.7897646,-0.77913076,-0.118678786,-0.03007131,-0.112606674,-0.27914828,0.0539989,-0.040505823,-9.823733,7.549068,-11.772729,1.6661413,6.115716,-7.469707,2.4469047,4.602183,2.8077242,-2.277604,-1.6418997,0.1746121346950531,0.19140774011611938,0.016795605421066284,0.32842397689819336,0.3809792101383209,0.052555233240127563,-6.651142,-12.655378,-4.8025346,0.1528528,-6.651142,-12.655378,-4.8025346,0.1528528,-1.0,-1.0,-1.0,0.1528528,0.0,-0.4,-0.4,0.061141122
5.016666666666667,7.531088,-11.786952,2.1284022,0.9993776,-0.013203157,-0.02311757,0.023140406,-0.054597214,-0.09966156,-0.44344893,-1.226075,-1.3216344,-0.07100415,-0.029170547,-0.11330675,-0.44257304,0.054045837,-0.04200473,-9.805485,7.547611,-11.775559,1.6602298,6.115716,-7.469707,2.4469047,4.605382,2.6424673,-2.159278,-1.5232046,0.1746121346950531,0.185900017619133,0.011287882924079895,0.32842397689819336,0.3669179081916809,0.03849393129348755,-5.8002653,-10.521826,-2.4912515,0.18976185,-5.8002653,-10.521826,-2.4912515,0.18976185,-1.0,-1.0,-1.0,0.18976185,0.0,-0.4,-0.4,0.07590474
5.033333333333333,7.5305915,-11.788848,2.1189883,0.99890745,-0.02589759,-0.031066936,0.023407953,-0.07229789,-0.08027242,-0.60737497,-1.649913,-0.78650546,0.099977,-0.03002063,-0.114115454,-0.6055175,-0.051004995,-0.04852205,-9.776668,7.5461597,-11.778387,1.6514713,6.115716,-7.469707,2.4469047,4.609079,2.4776165,-2.0398417,-1.4062822,0.1746121346950531,0.16921037435531616,0.0054017603397369385,0.32842397689819336,0.3656162619590759,0.03719228506088257,-4.2265387,-8.33165,3.4803357,0.6918763,-4.2265387,-8.33165,3.4803357,0.6918763,-1.0,-1.0,1.0,0.6918763,0.0,-0.4,0.4,0.27675053
5.05,7.530082,-11.790757,2.1068583,0.998259,-0.042171307,-0.034689013,0.022296807,-0.08795519,-0.047022264,-0.77119535,-2.0735247,-0.25332367,-0.14104527,-0.030839251,-0.11471943,-0.7684906,-0.04911728,-0.03623843,-9.778386,7.544712,-11.781216,1.6398855,6.115716,-7.469707,2.4469047,4.613287,2.3153772,-1.9218861,-1.2912495,0.1746121346950531,0.17473460733890533,0.0001224726438522339,0.32842397689819336,0.3682686686515808,0.03984469175338745,-2.2803314,-7.031606,1.8736774,-1.1034099,-2.2803314,-7.031606,1.8736774,-1.1034099,-1.0,-1.0,1.0,-1.0,0.0,-0.4,0.4,-0.4
5.066666666666666,7.529286,-11.792313,2.09595,0.99704474,-0.06193088,-0.040508725,0.020621434,-0.105743654,-0.005143618,-0.61806905,-2.503202,-0.7701754,-0.14696983,-0.053615898,-0.08527491,-0.61892736,-1.3665987,1.7666708,8.973795,7.5431876,-11.784087,1.6278735,6.115716,-7.469707,2.4469047,4.6176147,2.1560931,-1.8060002,-1.1777525,0.1746121346950531,0.19309274852275848,0.018480613827705383,0.32842397689819336,0.36988717317581177,0.04146319627761841,1.0092293,-4.32554,-2.2825246,-0.031545907,1.0092293,-4.32554,-2.2825246,-0.031545907,1.0,-1.0,-1.0,-0.031545907,33.54301452636719,-0.4,-0.4,-0.012618363
5.083333333333333,7.528039,-11.793204,2.0874865,0.9956348,-0.07992343,-0.043688126,0.020367768,-0.12335207,0.03766927,-0.46467376,-2.0614898,-0.19951893,0.099464,-0.08210651,-0.04183297,-0.47335497,-1.7094365,2.6065166,8.734344,7.5415125,-11.787045,1.6180733,6.115716,-7.469707,2.4469047,4.621608,1.993931,-1.7160876,-1.0152855,0.1746121346950531,0.17989373207092285,0.005281597375869751,0.32842397689819336,0.35804668068885803,0.029622703790664673,1.5050739,8.131208,6.1694574,1.2457699,1.5050739,8.131208,6.1694574,1.2457699,1.0,1.0,1.0,1.0,33.54301452636719,0.4,0.4,0.4
5.1,7.526296,-11.793229,2.081423,0.99447256,-0.094278574,-0.042174436,0.01889458,-0.13741909,0.07824037,-0.310667,-1.6193929,0.36616564,-0.14297426,-0.11198384,0.012777029,-0.32987258,-1.79264,3.2766,8.608943,7.5396814,-11.79007,1.6108515,6.115716,-7.469707,2.4469047,4.6251698,1.8287522,-1.6632137,-0.76029897,0.1746121346950531,0.17261655628681183,0.001995578408241272,0.32842397689819336,0.3556312322616577,0.027207255363464355,1.915539,7.657924,4.188948,-3.5497265,1.915539,7.657924,4.188948,-3.5497265,1.0,1.0,1.0,-1.0,33.54301452636719,0.4,0.4,-0.4
5.116666666666666,7.5240884,-11.792233,2.0777264,0.9934387,-0.10489784,-0.04275169,0.015757382,-0.15086314,0.11684243,-0.15543327,-1.1876289,-0.14058246,-0.3859907,-0.13913018,0.07595085,-0.18827002,-1.6287799,3.790429,8.496153,7.5376883,-11.793126,1.6062075,6.115716,-7.469707,2.4469047,4.6282535,1.6977166,-1.6523211,-0.38996994,0.1746121346950531,0.18007980287075043,0.005467668175697327,0.32842397689819336,0.36557793617248535,0.03715395927429199,2.5239892,7.989638,-1.9743743,-1.308904,2.5239892,7.989638,-1.9743743,-1.308904,1.0,1.0,-1.0,-1.0,33.54301452636719,0.4,-0.4,-0.4
5.133333333333333,7.5217595,-11.790961,2.0725143,0.9927808,-0.11198118,-0.04078568,0.013524063,-0.16436134,0.1562326,-0.31549904,-0.7518084,0.40956992,-0.142629,-0.14001708,0.076540515,-0.35425934,-0.05321413,0.035379678,-9.959359,7.5356083,-11.796183,1.6017675,6.115716,-7.469707,2.4469047,4.6312785,1.682428,-1.6788167,0.11017485,0.1746121346950531,0.1715722680091858,0.0030398666858673096,0.32842397689819336,0.36925238370895386,0.0408284068107605,-1.7091234,9.098308,4.199205,1.0166295,-1.7091234,9.098308,4.199205,1.0166295,-1.0,1.0,1.0,1.0,0.0,0.4,0.4,0.4
5.15,7.5194364,-11.789677,2.0645614,0.99240667,-0.11545362,-0.041052714,0.010681298,-0.1771953,0.19602194,-0.47321424,-0.32660988,-0.12249273,-0.38556072,-0.13912962,0.07729128,-0.518096,0.05324721,0.04504591,-9.830201,7.53352,-11.799238,1.5949152,6.115716,-7.469707,2.4469047,4.6347485,1.8269929,-1.7095518,0.6444655,0.1746121346950531,0.14960405230522156,0.025008082389831543,0.32842397689819336,0.3359330892562866,0.007509112358093262,-1.8174677,7.7232833,-2.3829837,-1.0848587,-1.8174677,7.7232833,-2.3829837,-1.0848587,-1.0,1.0,-1.0,-1.0,0.0,0.4,-0.4,-0.4
5.166666666666667,7.5170593,-11.788251,2.0544229,0.992524,-0.115385324,-0.038902685,0.008299926,-0.1892029,0.23369534,-0.58821905,0.11009351,0.42660087,-0.21026577,-0.14380531,0.08827555,-0.6387021,-0.28054118,0.65905625,-7.2363634,7.5314236,-11.802286,1.5855914,6.115716,-7.469707,2.4469047,4.638678,2.1013308,-1.7385801,1.1802249,0.1746121346950531,0.12658119201660156,0.04803094267845154,0.32842397689819336,0.3584980070590973,0.03007403016090393,-0.7214866,6.7738395,3.0341086,0.7180306,-0.7214866,6.7738395,3.0341086,0.7180306,-0.7214866,1.0,1.0,0.7180306,4.671089172363281,0.4,0.4,0.28721222
5.183333333333334,7.514512,-11.786303,2.043691,0.99295676,-0.11175044,-0.038808435,0.006526888,-0.20149243,0.2677762,-0.58853877,0.5377488,-0.09676582,-0.2326082,-0.15579925,0.12639159,-0.6468639,-0.7196366,2.286962,-0.48970696,7.529285,-11.80529,1.5750082,6.115716,-7.469707,2.4469047,4.6428075,2.479125,-1.7732025,1.7325742,0.1746121346950531,0.13314540684223175,0.04146672785282135,0.32842397689819336,0.3444974422454834,0.01607346534729004,0.018928101,4.6035247,-3.5480757,-0.09460631,0.018928101,4.6035247,-3.5480757,-0.09460631,0.018928101,1.0,-1.0,-0.09460631,17.088958740234375,0.4,-0.4,-0.037842523
5.2,7.5119042,-11.784186,2.0308533,0.9938421,-0.10455036,-0.036376774,0.0048774104,-0.2118772,0.2935087,-0.75370204,0.97251326,0.4458409,-0.18669076,-0.1566538,0.12705074,-0.81143314,-0.051273104,0.03954917,-9.874155,7.5271063,-11.808242,1.5630046,6.115716,-7.469707,2.4469047,4.6471696,2.9700394,-1.8236654,2.3442223,0.1746121346950531,0.12590418756008148,0.04870794713497162,0.32842397689819336,0.33739641308784485,0.00897243618965149,-1.1427174,2.1807337,2.5509763,0.18556109,-1.1427174,2.1807337,2.5509763,0.18556109,-1.0,1.0,1.0,0.18556109,0.0,0.4,0.4,0.074224435
5.216666666666667,7.509039,-11.781324,2.018794,0.994441,-0.098848626,-0.03618012,0.0026439743,-0.22382034,0.31926796,-0.63160497,0.57984203,-0.081413954,-0.32333758,-0.17684734,0.18619482,-0.6964258,-1.2116119,3.5486445,6.90044,7.5248523,-11.811081,1.5505682,6.115716,-7.469707,2.4469047,4.6515174,3.5135639,-1.8766615,2.9703996,0.1746121346950531,0.10851988196372986,0.06609225273132324,0.32842397689819336,0.33083051443099976,0.0024065375328063965,0.8123611,-0.91243654,-4.1885014,-0.5618061,0.8123611,-0.91243654,-4.1885014,-0.5618061,0.8123611,-0.91243654,-1.0,-0.5618061,30.396028518676758,-0.36497462,-0.4,-0.22472243
5.233333333333333,7.5060344,-11.778085,2.005756,0.9952413,-0.0914552,-0.03360925,0.0009828968,-0.23359244,0.34057173,-0.7480007,0.9870056,0.46396428,-0.15904939,-0.18146221,0.19686435,-0.8114034,-0.27689248,0.6401717,-6.8986554,7.522505,-11.813751,1.5381507,6.115716,-7.469707,2.4469047,4.6557074,4.161533,-1.9521548,3.675248,0.1746121346950531,0.10007160156965256,0.07454053312540054,0.32842397689819336,0.3357643783092499,0.0073404014110565186,-0.6714223,0.9332771,2.7818956,0.6726998,-0.6714223,0.9332771,2.7818956,0.6726998,-0.6714223,0.9332771,1.0,0.6726998,5.510743141174316,0.37331083,0.4,0.26907992
5.25,7.502753,-11.774089,1.994075,0.9957519,-0.08587795,-0.03320201,-0.00085165666,-0.24445362,0.3622343,-0.598439,0.55697346,-0.06147322,-0.2630197,-0.20175183,0.25352877,-0.66642314,-1.2173768,3.3998652,8.698814,7.5200496,-11.816194,1.5261427,6.115716,-7.469707,2.4469047,4.659603,4.853003,-2.0333045,4.406508,0.1746121346950531,0.09518219530582428,0.07942993938922882,0.32842397689819336,0.31021735072135925,0.018206626176834106,1.5603327,-2.8731532,-4.410305,-0.42872792,1.5603327,-2.8731532,-4.410305,-0.42872792,1.0,-1.0,-1.0,-0.42872792,33.54301452636719,-0.4,-0.4,-0.17149118
5.266666666666667,7.4991765,-11.769334,1.9839642,0.9961818,-0.081798136,-0.030403355,-0.0025463905,-0.2544546,0.38529894,-0.5183487,0.46157408,0.49207848,-0.1652948,-0.2189269,0.29560685,-0.58870655,-1.0305047,2.5246844,4.662995,7.517427,-11.81824,1.5159905,6.115716,-7.469707,2.4469047,4.6627393,5.6250367,-2.1353662,5.2039647,0.1746121346950531,0.06257923692464828,0.11203289777040482,0.32842397689819336,0.3122691810131073,0.01615479588508606,0.572567,-0.24613632,2.9927769,0.39856684,0.572567,-0.24613632,2.9927769,0.39856684,0.572567,-0.24613632,1.0,0.39856684,26.374319076538086,-0.09845453,0.4,0.15942673
5.283333333333333,7.495301,-11.763761,1.975988,0.9965099,-0.07784305,-0.02974859,-0.0048294044,-0.26479557,0.4079772,-0.37041277,0.46992984,-0.02689004,-0.31868333,-0.23681511,0.34676287,-0.44434425,-1.0732921,3.0693607,8.661737,7.514618,-11.81979,1.5079434,6.115716,-7.469707,2.4469047,4.664954,6.453631,-2.2531607,6.0475297,0.1746121346950531,0.042577117681503296,0.1320350170135498,0.32842397689819336,0.2962664067745209,0.032157570123672485,1.6215937,0.019194469,-3.5326986,-0.63576305,1.6215937,0.019194469,-3.5326986,-0.63576305,1.0,0.019194469,-1.0,-0.63576305,33.54301452636719,0.0076777874,-0.4,-0.2543052
5.3,7.491113,-11.757375,1.9704231,0.99682075,-0.07485596,-0.026598135,-0.0061243544,-0.2749874,0.43090537,-0.22339563,0.31564626,0.5310247,-0.075033374,-0.25595933,0.39489505,-0.2995761,-1.1486533,2.8879306,8.686089,7.51159,-11.820723,1.5025039,6.115716,-7.469707,2.4469047,4.6660147,7.3311415,-2.3849251,6.932371,0.1746121346950531,0.05280669033527374,0.12180544435977936,0.32842397689819336,0.29230695962905884,0.03611701726913452,1.2527989,-0.38701475,3.1368637,1.4945637,1.2527989,-0.38701475,3.1368637,1.4945637,1.0,-0.38701475,1.0,1.0,33.54301452636719,-0.1548059,0.4,0.4
5.316666666666666,7.4866548,-11.750199,1.9672704,0.9972206,-0.069583796,-0.025526121,-0.0075861183,-0.2838826,0.45379063,-0.078200415,0.7336222,0.018007042,-0.21668956,-0.27110338,0.44174767,-0.15489517,-0.90864295,2.811157,8.680856,7.5083394,-11.820937,1.4997321,6.115716,-7.469707,2.4469047,4.6658053,8.240636,-2.52819,7.8432345,0.1746121346950531,0.059218794107437134,0.11539334058761597,0.32842397689819336,0.3007625341415405,0.027661442756652832,2.4113932,0.974333,-2.9297147,-0.5876752,2.4113932,0.974333,-2.9297147,-0.5876752,1.0,0.974333,-1.0,-0.5876752,33.54301452636719,0.3897332,-0.4,-0.2350701
5.333333333333333,7.4819303,-11.742304,1.9665422,0.9975408,-0.066057466,-0.021972252,-0.008115152,-0.29382828,0.47502667,0.06720634,0.31567553,0.572544,0.012936061,-0.2873101,0.4836038,-0.009074862,-0.97240263,2.5113683,8.749218,7.504841,-11.820357,1.4996084,6.115716,-7.469707,2.4469047,4.6642466,9.164841,-2.677421,8.765028,0.1746121346950531,0.0485604852437973,0.1260516494512558,0.32842397689819336,0.28484830260276794,0.043575674295425415,3.4244723,-3.1552334,3.1914215,0.9439646,3.4244723,-3.1552334,3.1914215,0.9439646,1.0,-1.0,1.0,0.9439646,33.54301452636719,-0.4,0.4,0.37758586
5.35,7.4769893,-11.733737,1.9682442,0.997565,-0.0659961,-0.020548396,-0.009293864,-0.3015004,0.49468684,0.2164357,-0.09999857,0.048883904,-0.17744936,-0.29928693,0.52364594,0.13669032,-0.7186102,2.4025278,8.745911,7.5010962,-11.818903,1.5020992,6.115716,-7.469707,2.4469047,4.6612706,10.084705,-2.8289099,9.679801,0.1746121346950531,0.07821881771087646,0.09639331698417664,0.32842397689819336,0.2991621494293213,0.02926182746887207,5.249162,-0.9682544,-3.5020819,-0.7853866,5.249162,-0.9682544,-3.5020819,-0.7853866,1.0,-0.9682544,-1.0,-0.7853866,33.54301452636719,-0.38730177,-0.4,-0.31415465
5.366666666666666,7.4718394,-11.724485,1.9723818,0.9977483,-0.06401188,-0.016715262,-0.011010089,-0.31314793,0.51650906,0.36284956,0.3415108,0.6165633,-0.17988409,-0.3120352,0.56484324,0.2830003,-0.7648962,2.4718378,8.778598,7.497073,-11.816493,1.5071659,6.115716,-7.469707,2.4469047,4.656802,10.982676,-2.9767644,10.571568,0.1746121346950531,0.06961332261562347,0.10499881207942963,0.32842397689819336,0.28086942434310913,0.04755455255508423,5.602166,1.9854959,2.6161385,-0.014634132,5.602166,1.9854959,2.6161385,-0.014634132,1.0,1.0,1.0,-0.014634132,33.54301452636719,0.4,0.4,-0.005853653
5.383333333333333,7.46653,-11.714588,1.9789572,0.9977731,-0.06380673,-0.014945041,-0.012414999,-0.3205151,0.5349267,0.5116408,-0.08675032,0.09178121,-0.14651448,-0.32044858,0.6030722,0.42926612,-0.50480247,2.293739,8.7759495,7.4927745,-11.813062,1.5147691,6.115716,-7.469707,2.4469047,4.6507955,11.848892,-3.1160336,11.431823,0.1746121346950531,0.08736436069011688,0.08724777400493622,0.32842397689819336,0.2924274206161499,0.03599655628204346,7.3212924,-2.5028203,-5.0405498,0.1346331,7.3212924,-2.5028203,-5.0405498,0.1346331,1.0,-1.0,-1.0,0.1346331,33.54301452636719,-0.4,-0.4,0.05385324
5.4,7.4610815,-11.704044,1.9879749,0.9976747,-0.065285705,-0.0135507,-0.014113754,-0.32896358,0.55160457,0.6629251,-0.21420819,0.20603667,-0.20446455,-0.32890427,0.64197624,0.5758844,-0.5073416,2.3342404,8.797096,7.488187,-11.808535,1.5248626,6.115716,-7.469707,2.4469047,4.643195,12.668817,-3.2409964,12.247238,0.1746121346950531,0.09667656570672989,0.07793556898832321,0.32842397689819336,0.2628398537635803,0.06558412313461304,7.83761,-0.3133793,0.17317422,-0.2405492,7.83761,-0.3133793,0.17317422,-0.2405492,1.0,-0.3133793,0.17317422,-0.2405492,33.54301452636719,-0.12535171,0.06926969,-0.09621968
5.416666666666667,7.455514,-11.692833,1.9994317,0.99761075,-0.06580144,-0.015081413,-0.014679785,-0.330836,0.5708243,0.81491,-0.008781442,-0.30837795,-0.037201345,-0.33563778,0.6820176,0.72219837,-0.4040104,2.402483,8.778837,7.4833,-11.80285,1.5374057,6.115716,-7.469707,2.4469047,4.6339617,13.432061,-3.3474035,13.008272,0.1746121346950531,0.1039055809378624,0.0707065537571907,0.32842397689819336,0.28021126985549927,0.04821270704269409,8.23118,0.4787042,-1.7120793,0.68619525,8.23118,0.4787042,-1.7120793,0.68619525,1.0,0.4787042,-1.0,0.68619525,33.54301452636719,0.1914817,-0.4,0.2744781
5.433333333333334,7.4498005,-11.680965,2.0133333,0.9974375,-0.068463,-0.01415907,-0.015193562,-0.33883572,0.5850877,0.96843755,-0.426628,0.2485132,-0.053641383,-0.34501484,0.7216268,0.8690386,-0.56262374,2.3765514,8.810412,7.4781094,-11.795959,1.5523607,6.115716,-7.469707,2.4469047,4.623071,14.132321,-3.4315944,13.709365,0.1746121346950531,0.09667177498340607,0.07794035971164703,0.32842397689819336,0.2617846727371216,0.06663930416107178,8.521034,-2.8289075,4.0909557,-0.066922426,8.521034,-2.8289075,4.0909557,-0.066922426,1.0,-1.0,1.0,-0.066922426,33.54301452636719,-0.4,0.4,-0.026768971
5.45,7.443962,-11.668402,2.0296733,0.9973328,-0.06933467,-0.015385942,-0.016823653,-0.34201092,0.6039406,1.1209881,0.0014216164,-0.26310438,-0.2540268,-0.35188782,0.7641519,1.0151734,-0.41237888,2.551503,8.768091,7.4726076,-11.787809,1.5696921,6.115716,-7.469707,2.4469047,4.610495,14.762544,-3.4962168,14.342566,0.1746121346950531,0.11972274631261826,0.054889388382434845,0.32842397689819336,0.27300384640693665,0.055420130491256714,9.038641,1.021999,-2.4441843,-0.82697463,9.038641,1.021999,-2.4441843,-0.82697463,1.0,1.0,-1.0,-0.82697463,33.54301452636719,0.4,-0.4,-0.33078986
5.466666666666667,7.4379773,-11.655138,2.0484562,0.9971577,-0.071900494,-0.014096772,-0.017550698,-0.35191834,0.617495,1.2745769,-0.41687623,0.29381242,-0.011064648,-0.3613125,0.80572957,1.1618718,-0.5654812,2.4946616,8.801901,7.466789,-11.778354,1.5893687,6.115716,-7.469707,2.4469047,4.596216,15.319663,-3.537846,14.90556,0.1746121346950531,0.08477427065372467,0.08983786404132843,0.32842397689819336,0.2639923095703125,0.06443166732788086,8.323847,-3.7547617,2.9559793,2.8760617,8.323847,-3.7547617,2.9559793,2.8760617,1.0,-1.0,1.0,1.0,33.54301452636719,-0.4,0.4,0.4
5.483333333333333,7.4318705,-11.641157,2.0696745,0.99665517,-0.07803781,-0.014922563,-0.019124864,-0.35511488,0.6209543,1.4338112,-0.8468646,-0.22973803,-0.24483909,-0.36794814,0.84950036,1.3078489,-0.39813814,2.6262472,8.758628,7.460663,-11.767559,1.6113586,6.115716,-7.469707,2.4469047,4.580235,15.798441,-3.5583665,15.39249,0.1746121346950531,0.10272470116615295,0.07188743352890015,0.32842397689819336,0.27436956763267517,0.05405440926551819,8.737164,-1.1071459,-3.724187,-0.96171474,8.737164,-1.1071459,-3.724187,-0.96171474,1.0,-1.0,-1.0,-0.96171474,33.54301452636719,-0.4,-0.4,-0.3846859
5.5,7.425625,-11.626383,2.0933235,0.99632317,-0.082289584,-0.013227778,-0.019837206,-0.36680847,0.6323049,1.5899442,-0.40680414,0.34122553,-0.0012566745,-0.37673816,0.8984887,1.4536393,-0.527401,2.9393003,8.74742,7.4542184,-11.755391,1.6356424,6.115716,-7.469707,2.4469047,4.562546,16.19599,-3.5560079,15.800787,0.1746121346950531,0.09579471498727798,0.07881741970777512,0.32842397689819336,0.2519589066505432,0.07646507024765015,7.9864306,3.7297745,2.1216063,2.5163531,7.9864306,3.7297745,2.1216063,2.5163531,1.0,1.0,1.0,1.0,33.54301452636719,0.4,0.4,0.4
5.516666666666667,7.4192715,-11.610773,2.119392,0.9957901,-0.088152565,-0.013639094,-0.021098046,-0.3702511,0.63648236,1.7493097,-0.80714,-0.18234317,-0.19564086,-0.38251942,0.9488114,1.5986607,-0.34687576,3.0193624,8.701286,7.447468,-11.74182,1.6622051,6.115716,-7.469707,2.4469047,4.543156,16.517323,-3.5314188,16.135397,0.1746121346950531,0.09632187336683273,0.07829026132822037,0.32842397689819336,0.249688982963562,0.07873499393463135,8.256442,-0.9305299,-4.552335,-0.7991326,8.256442,-0.9305299,-4.552335,-0.7991326,1.0,-0.9305299,-1.0,-0.7991326,33.54301452636719,-0.37221196,-0.4,-0.31965303
5.533333333333333,7.412803,-11.594265,2.1478722,0.99541557,-0.092158146,-0.014340067,-0.02119087,-0.37237033,0.6498873,1.9073169,-0.3721651,-0.064609975,0.04797035,-0.38974965,1.0040867,1.7432085,-0.4338133,3.316519,8.672869,7.4404073,-11.726827,1.6910344,6.115716,-7.469707,2.4469047,4.522081,16.763235,-3.4823012,16.397549,0.1746121346950531,0.09792488813400269,0.07668724656105042,0.32842397689819336,0.25166264176368713,0.07676133513450623,7.593246,3.8141103,0.16245224,2.7567415,7.593246,3.8141103,0.16245224,2.7567415,1.0,1.0,0.16245224,1.0,33.54301452636719,0.4,0.064980894,0.4
5.55,7.4062214,-11.576814,2.1787527,0.9950875,-0.0950925,-0.01802906,-0.020810874,-0.36114573,0.6673932,2.0659962,-0.3348712,-0.5824689,-0.004475715,-0.39662108,1.0610062,1.887098,-0.4122859,3.415167,8.633366,7.433048,-11.710394,1.7221239,6.115716,-7.469707,2.4469047,4.499344,16.939085,-3.4090722,16.592493,0.1746121346950531,0.11386960744857788,0.06074252724647522,0.32842397689819336,0.2842103838920593,0.04421359300613403,7.806105,0.09022276,-1.7381835,-0.21681643,7.806105,0.09022276,-1.7381835,-0.21681643,1.0,0.09022276,-1.0,-0.21681643,33.54301452636719,0.036089104,-0.4,-0.08672657
5.566666666666666,7.399474,-11.558387,2.2120323,0.9948642,-0.097504884,-0.019159589,-0.019253103,-0.36069757,0.68803805,2.2230258,-0.26726884,-0.018706568,0.238528,-0.40763754,1.1198409,2.0310419,-0.66098744,3.53008,8.636634,7.425395,-11.692507,1.755472,6.115716,-7.469707,2.4469047,4.4749722,17.048693,-3.3129158,16.723711,0.1746121346950531,0.1577233374118805,0.016888797283172607,0.32842397689819336,0.289081335067749,0.039342641830444336,7.381576,0.1310061,4.1636972,1.2903783,7.381576,0.1310061,4.1636972,1.2903783,1.0,0.1310061,1.0,1.0,33.54301452636719,0.052402444,0.4,0.4
5.583333333333333,7.3925543,-11.538964,2.2477012,0.9945709,-0.100009985,-0.022403998,-0.018015804,-0.3492271,0.7080579,2.3813245,-0.30071092,-0.53828233,0.07350289,-0.41764483,1.1800331,2.174191,-0.60043746,3.6115334,8.588948,7.4174557,-11.673162,1.7910774,6.115716,-7.469707,2.4469047,4.449008,17.095638,-3.2009711,16.793291,0.1746121346950531,0.1628197580575943,0.011792376637458801,0.32842397689819336,0.2808501422405243,0.04757383465766907,7.196067,-0.07467987,-2.7488313,-0.67930186,7.196067,-0.07467987,-2.7488313,-0.67930186,1.0,-0.07467987,-1.0,-0.67930186,33.54301452636719,-0.029871946,-0.4,-0.27172074
5.6,7.38542,-11.518515,2.2857556,0.99437964,-0.101856984,-0.023241442,-0.017150179,-0.35212067,0.7312522,2.5378158,-0.1912048,0.025960572,0.105917975,-0.43156525,1.2420976,2.3173635,-0.8352255,3.7238715,8.59035,7.4092426,-11.652357,1.8289413,6.115716,-7.469707,2.4469047,4.421499,17.082409,-3.0749524,16.803373,0.1746121346950531,0.17409664392471313,0.0005154907703399658,0.32842397689819336,0.2719849944114685,0.056438982486724854,6.649042,0.22924297,3.896462,0.13305,6.649042,0.22924297,3.896462,0.13305,1.0,0.22924297,1.0,0.13305,33.54301452636719,0.091697186,0.4,0.05322
5.616666666666666,7.378068,-11.4970255,2.3261883,0.9938596,-0.10616911,-0.026204892,-0.016865704,-0.34298003,0.74015117,2.6990652,-0.62193614,-0.49871495,-0.02384582,-0.4443052,1.3046154,2.4598746,-0.7643973,3.7510655,8.550668,7.4007673,-11.630091,1.8690677,6.115716,-7.469707,2.4469047,4.3924985,17.013746,-2.9416406,16.757515,0.1746121346950531,0.14693988859653473,0.02767224609851837,0.32842397689819336,0.287080317735672,0.04134365916252136,6.1173186,-1.5177451,-2.6074514,-0.5334927,6.1173186,-1.5177451,-2.6074514,-0.5334927,1.0,-1.0,-1.0,-0.5334927,33.54301452636719,-0.4,-0.4,-0.21339707
5.633333333333333,7.370457,-11.4744425,2.3689914,0.993604,-0.10863165,-0.026615383,-0.015551448,-0.34784958,0.7618334,2.8568373,-0.18185778,0.07025281,0.21949278,-0.46068594,1.3713038,2.6019614,-0.9828436,4.001305,8.525205,7.3920393,-11.60637,1.9114634,6.115716,-7.469707,2.4469047,4.362073,16.891512,-2.8028061,16.657354,0.1746121346950531,0.10114176571369171,0.07347036898136139,0.32842397689819336,0.27558591961860657,0.05283805727958679,4.0370603,3.791119,4.1167645,1.4426407,4.0370603,3.791119,4.1167645,1.4426407,1.0,1.0,1.0,1.0,33.54301452636719,0.4,0.4,0.4
5.65,7.362592,-11.45074,2.4141538,0.99335355,-0.11045893,-0.029104695,-0.014159806,-0.33863688,0.7866472,3.0146675,-0.22225939,-0.44925034,0.11204849,-0.47562525,1.4385369,2.743374,-0.89635843,4.033985,8.484764,7.383071,-11.581207,1.9561371,6.115716,-7.469707,2.4469047,4.3302975,16.72449,-2.6647537,16.510834,0.1746121346950531,0.12616950273513794,0.04844263195991516,0.32842397689819336,0.27437421679496765,0.05404976010322571,4.2548404,-0.09052171,-2.5773249,-0.4426767,4.2548404,-0.09052171,-2.5773249,-0.4426767,1.0,-0.09052171,-1.0,-0.4426767,33.54301452636719,-0.036208685,-0.4,-0.17707068
5.666666666666667,7.354434,-11.425899,2.4616745,0.99322385,-0.11176828,-0.029151594,-0.012818092,-0.3462497,0.8149355,3.1708066,-0.13009495,0.11461844,0.18082066,-0.49401677,1.5072252,2.8848298,-1.1034912,4.1212964,8.487339,7.3738756,-11.554613,2.003097,6.115716,-7.469707,2.4469047,4.2972536,16.51763,-2.5284257,16.322964,0.1746121346950531,0.11294212937355042,0.061670005321502686,0.32842397689819336,0.276564359664917,0.05185961723327637,2.42597,0.18887185,3.857162,0.28392425,2.42597,0.18887185,3.857162,0.28392425,1.0,0.18887185,1.0,0.28392425,33.54301452636719,0.07554874,0.4,0.1135697
5.683333333333334,7.345992,-11.399909,2.5115445,0.99281436,-0.1149041,-0.031302445,-0.011689907,-0.338674,0.8304747,3.3310246,-0.452888,-0.4088333,0.09440399,-0.5107582,1.5761772,3.0257072,-1.0044873,4.137125,8.452649,7.364465,-11.526607,2.05235,6.115716,-7.469707,2.4469047,4.2630367,16.275627,-2.4002995,16.097658,0.1746121346950531,0.14993982017040253,0.024672314524650574,0.32842397689819336,0.28561297059059143,0.04281100630760193,1.4176966,-0.74852794,-1.9960623,-0.35566562,1.4176966,-0.74852794,-1.9960623,-0.35566562,1.0,-0.74852794,-1.0,-0.35566562,33.54301452636719,-0.29941118,-0.4,-0.14226626
5.7,7.3373904,-11.373334,2.561191,0.9927132,-0.11598774,-0.031052832,-0.010143931,-0.34793785,0.86248463,3.277279,-0.015810141,0.14467597,0.22382453,-0.5179544,1.6003752,2.9624348,-0.43177125,1.451876,-3.7963483,7.3549137,-11.497633,2.1023672,6.115716,-7.469707,2.4469047,4.228298,16.002073,-2.2806673,15.838716,0.1746121346950531,0.12425857037305832,0.05035356432199478,0.32842397689819336,0.2819843292236328,0.04643964767456055,-0.3314972,3.3340874,4.66878,0.53227925,-0.3314972,3.3340874,4.66878,0.53227925,-0.3314972,1.0,1.0,0.53227925,11.211799621582031,0.4,0.4,0.21291171
5.716666666666667,7.32853,-11.345759,2.6123664,0.99232984,-0.11885617,-0.032904163,-0.008480147,-0.34100026,0.88102025,3.4392145,-0.44640538,-0.38003778,0.1691319,-0.53615403,1.6722658,3.1043098,-1.0919774,4.3134356,8.512502,7.3452296,-11.467758,2.152994,6.115716,-7.469707,2.4469047,4.193149,15.681171,-2.1633415,15.531229,0.1746121346950531,0.16397611796855927,0.010636016726493835,0.32842397689819336,0.3083849847316742,0.020038992166519165,1.1908379,-1.8975908,-1.462053,-0.22477704,1.1908379,-1.8975908,-1.462053,-0.22477704,1.0,-1.0,-1.0,-0.22477704,33.54301452636719,-0.4,-0.4,-0.08991082
5.733333333333333,7.319519,-11.31765,2.6630073,0.9922367,-0.1199044,-0.032366466,-0.0064462298,-0.35106218,0.9149796,3.360041,-0.009493029,0.17123406,0.2821307,-0.5421134,1.6912742,3.0159595,-0.35756347,1.1405039,-5.3010173,7.3354335,-11.437061,2.203966,6.115716,-7.469707,2.4469047,4.1577196,15.375608,-2.0616314,15.236766,0.1746121346950531,0.1209886372089386,0.0536234974861145,0.32842397689819336,0.3058611750602722,0.022562801837921143,-0.49497265,4.0919266,5.035856,0.46501386,-0.49497265,4.0919266,5.035856,0.46501386,-0.49497265,1.0,1.0,0.46501386,8.470069885253906,0.4,0.4,0.18600555
5.75,7.3102355,-11.288519,2.71507,0.992198,-0.120499745,-0.031462394,-0.005737746,-0.36587435,0.95025724,3.5167644,-0.08966706,0.07174707,0.038688306,-0.5618032,1.7661861,3.1574433,-1.1813878,4.494717,8.489027,7.3255258,-11.405547,2.2553453,6.115716,-7.469707,2.4469047,4.122035,15.03496,-1.9646391,14.906046,0.1746121346950531,0.1502821147441864,0.0243300199508667,0.32842397689819336,0.34189432859420776,0.013470351696014404,1.2009681,-0.19160672,-0.22286807,-1.4727741,1.2009681,-0.19160672,-0.22286807,-1.4727741,1.0,-0.19160672,-0.22286807,-1.0,33.54301452636719,-0.076642685,-0.08914723,-0.4
5.766666666666667,7.300741,-11.258607,2.7675493,0.9925574,-0.11851913,-0.027375024,-0.005782962,-0.40507075,1.0040851,3.5069928,0.34709486,0.6292706,0.049201697,-0.572166,1.804046,3.1447275,-0.6217682,2.271595,-0.76294893,7.3155003,-11.373099,2.307649,6.115716,-7.469707,2.4469047,4.085994,14.72336,-1.8875555,14.601866,0.1746121346950531,0.18442019820213318,0.009808063507080078,0.32842397689819336,0.3281489312648773,0.00027504563331604004,0.0006782315,1.3321236,1.5882072,0.04251519,0.0006782315,1.3321236,1.5882072,0.04251519,0.0006782315,1.0,1.0,0.04251519,16.782880783081055,0.4,0.4,0.017006075
5.783333333333333,7.29108,-11.227941,2.820421,0.9926293,-0.118314594,-0.025497627,-0.006216292,-0.4272386,1.0428591,3.550932,-0.0855024,0.09697036,-0.050608486,-0.58201087,1.8514631,3.180024,-0.5906903,2.8450224,2.1177864,7.3053794,-11.339903,2.3602185,6.115716,-7.469707,2.4469047,4.0498433,14.394439,-1.8219577,14.278667,0.1746121346950531,0.17734777927398682,0.002735644578933716,0.32842397689819336,0.31976643204689026,0.0086575448513031,0.3075635,-1.732947,-3.090004,-0.41109574,0.3075635,-1.732947,-3.090004,-0.41109574,0.3075635,-1.0,-1.0,-0.41109574,21.929811477661133,-0.4,-0.4,-0.16443829
5.8,7.2813697,-11.19708,2.8713627,0.99287266,-0.11705236,-0.02134438,-0.0068614143,-0.46558788,1.0899314,3.3846536,0.22683263,0.6418325,-0.011766978,-0.5828434,1.8516865,3.0153198,-0.049953457,0.013403892,-9.882244,7.2952065,-11.306288,2.4117718,6.115716,-7.469707,2.4469047,4.0139484,14.067847,-1.7651945,13.956662,0.1746121346950531,0.14296022057533264,0.03165191411972046,0.32842397689819336,0.3250836133956909,0.0033403635025024414,-1.037517,0.71379066,1.4821777,0.15923098,-1.037517,0.71379066,1.4821777,0.15923098,-1.0,0.71379066,1.0,0.15923098,0.0,0.28551626,0.4,0.06369239
5.816666666666666,7.2715845,-11.165762,2.9215193,0.9928168,-0.11784325,-0.019368544,-0.0072414665,-0.48555452,1.1215683,3.3844438,-0.20585707,0.10587097,-0.017055811,-0.588278,1.8879527,3.006277,-0.32607433,2.1759725,-0.5425644,7.2849936,-11.272374,2.4618492,6.115716,-7.469707,2.4469047,3.9784057,13.713434,-1.7080798,13.606644,0.1746121346950531,0.1519450545310974,0.02266708016395569,0.32842397689819336,0.3600795269012451,0.03165555000305176,0.007858267,-1.047639,-3.1265182,-0.021705866,0.007858267,-1.047639,-3.1265182,-0.021705866,0.007858267,-1.0,-1.0,-0.021705866,16.903303146362305,-0.4,-0.4,-0.008682347
5.833333333333333,7.261772,-11.134288,2.9695692,0.9929953,-0.11682244,-0.015804784,-0.0079355575,-0.51689273,1.1666164,3.2189834,0.22796693,0.54585046,-0.04015781,-0.58894527,1.8885024,2.8419585,-0.040036436,0.032980442,-9.859113,7.2747498,-11.2381935,2.5103471,6.115716,-7.469707,2.4469047,3.943206,13.38,-1.655265,13.277218,0.1746121346950531,0.16334661841392517,0.01126551628112793,0.32842397689819336,0.3538323938846588,0.025408416986465454,-1.3321968,1.3340191,0.80259097,-0.09583053,-1.3321968,1.3340191,0.80259097,-0.09583053,-1.0,1.0,0.80259097,-0.09583053,0.0,0.4,0.3210364,-0.038332213
5.85,7.2519283,-11.102502,3.0162156,0.99308217,-0.11620806,-0.014648895,-0.008298682,-0.529495,1.2077396,3.1654265,0.020776168,0.009464212,-0.024197092,-0.5911694,1.9132549,2.7836845,-0.13344884,1.4851497,-3.4964416,7.2644825,-11.203823,2.556952,6.115716,-7.469707,2.4469047,3.9083753,13.033058,-1.6019807,12.934228,0.1746121346950531,0.19072477519512177,0.016112640500068665,0.32842397689819336,0.33391642570495605,0.005492448806762695,-0.31346565,-0.4726479,-3.0366826,0.06503728,-0.31346565,-0.4726479,-3.0366826,0.06503728,-0.31346565,-0.4726479,-1.0,0.06503728,11.514215469360352,-0.18905917,-0.4,0.026014913
5.866666666666666,7.2420645,-11.070609,3.0605607,0.9932842,-0.114788964,-0.011261249,-0.009117903,-0.557389,1.2536587,2.998857,0.21604477,0.55291617,-0.06221235,-0.59201664,1.9135312,2.6198094,-0.05083322,0.016579628,-9.832505,7.254193,-11.169282,2.6015928,6.115716,-7.469707,2.4469047,3.8738756,12.702036,-1.5496984,12.607147,0.1746121346950531,0.17161165177822113,0.00300048291683197,0.32842397689819336,0.3197830617427826,0.008640915155410767,-1.309542,0.44109392,1.0272554,-0.15672746,-1.309542,0.44109392,1.0272554,-0.15672746,-1.0,0.44109392,1.0,-0.15672746,0.0,0.17643757,0.4,-0.06269099
5.883333333333333,7.232189,-11.038493,3.1031508,0.99344885,-0.11342218,-0.010075358,-0.009649361,-0.56878465,1.2982428,2.9138672,0.14552273,0.016263582,-0.04409377,-0.5926595,1.931434,2.5333557,-0.038570162,1.0741711,-5.18722,7.243889,-11.134615,2.644101,6.115716,-7.469707,2.4469047,3.8396888,12.363394,-1.4971231,12.272413,0.1746121346950531,0.17570506036281586,0.0010929256677627563,0.32842397689819336,0.3086286783218384,0.01979529857635498,-0.49753326,-0.15339269,-3.3438768,0.07345787,-0.49753326,-0.15339269,-3.3438768,0.07345787,-0.49753326,-0.15339269,-1.0,0.07345787,8.427124977111816,-0.061357077,-0.4,0.029383147
5.9,7.2223067,-11.006301,3.1433258,0.99360067,-0.112146586,-0.008401917,-0.010495664,-0.58435255,1.3412662,2.7489119,0.1532398,0.27828896,-0.09139666,-0.59306437,1.9314209,2.3695712,-0.02429366,-0.00078678125,-9.827069,7.2335706,-11.099831,2.6844327,6.115716,-7.469707,2.4469047,3.8057609,12.037325,-1.4441959,11.950376,0.1746121346950531,0.17652156949043274,0.0019094347953796387,0.32842397689819336,0.29873189330101013,0.029692083597183228,-1.2247834,0.011072084,0.4845233,-0.19461033,-1.2247834,0.011072084,0.4845233,-0.19461033,-1.0,0.011072084,0.4845233,-0.19461033,0.0,0.0044288337,0.19380932,-0.077844135
5.916666666666667,7.2124257,-10.973994,3.1812918,0.9937173,-0.1109999,-0.009491702,-0.010710593,-0.5820472,1.3833303,2.6296725,0.13495146,-0.2601082,-0.024561979,-0.59280133,1.9407421,2.2471464,0.015782118,0.55927277,-7.34549,7.223245,-11.064984,2.7223494,6.115716,-7.469707,2.4469047,3.7720697,11.706416,-1.3903869,11.623553,0.1746121346950531,0.17182591557502747,0.0027862191200256348,0.32842397689819336,0.28369492292404175,0.04472905397415161,-0.7320444,-0.03021051,-2.2660499,0.2743154,-0.7320444,-0.03021051,-2.2660499,0.2743154,-0.7320444,-0.03021051,-1.0,0.2743154,4.494019508361816,-0.012084204,-0.4,0.10972615
5.933333333333334,7.2025356,-10.941642,3.2167003,0.99406296,-0.10794816,-0.00829227,-0.010822269,-0.5925173,1.4349189,2.4601948,0.4441797,0.28517172,0.007490319,-0.5936652,1.941264,2.0836706,-0.051831003,0.031313896,-9.808544,7.212912,-11.030085,2.7578104,6.115716,-7.469707,2.4469047,3.7385545,11.382338,-1.3355194,11.303716,0.1746121346950531,0.15662577748298645,0.01798635721206665,0.32842397689819336,0.3031460642814636,0.025277912616729736,-1.2622646,0.7076305,3.7993808,0.1315091,-1.2622646,0.7076305,3.7993808,0.1315091,-1.0,0.7076305,1.0,0.1315091,0.0,0.2830522,0.4,0.05260364
5.95,7.192639,-10.909098,3.2502947,0.9941548,-0.10697202,-0.009359867,-0.011199354,-0.59137154,1.4734178,2.3727002,0.010037603,-0.25664392,-0.08188358,-0.59383094,1.9564672,1.9924828,-0.00994563,0.91218704,-5.4712696,7.2025657,-10.995083,2.7910764,6.115716,-7.469707,2.4469047,3.7051277,11.057705,-1.2808298,10.983274,0.1746121346950531,0.16851595044136047,0.006096184253692627,0.32842397689819336,0.29075488448143005,0.037669092416763306,-0.5298803,-1.616824,-2.0425696,-0.36785194,-0.5298803,-1.616824,-2.0425696,-0.36785194,-0.5298803,-1.0,-1.0,-0.36785194,7.884616374969482,-0.4,-0.4,-0.14714079
5.966666666666667,7.182732,-10.876481,3.2814548,0.9944603,-0.104173064,-0.008130886,-0.011425261,-0.601689,1.5210497,2.20281,0.44458592,0.29040155,0.008586761,-0.594691,1.957107,1.8286796,-0.05160212,0.03838777,-9.828193,7.1922092,-10.959974,2.82217,6.115716,-7.469707,2.4469047,3.6717336,10.744538,-1.2253171,10.674441,0.1746121346950531,0.15181639790534973,0.02279573678970337,0.32842397689819336,0.3044431507587433,0.023980826139450073,-1.4797281,1.7511276,4.401429,0.37136245,-1.4797281,1.7511276,4.401429,0.37136245,-1.0,1.0,1.0,0.37136245,0.0,0.4,0.4,0.14854498
5.983333333333333,7.1728168,-10.843655,3.310906,0.9945494,-0.10319303,-0.009148163,-0.011783049,-0.60119647,1.5578898,2.1233783,0.010598874,-0.25087884,-0.07770535,-0.59494877,1.9735383,1.74596,-0.015467404,0.98587984,-4.9631734,7.181837,-10.924748,2.8511922,6.115716,-7.469707,2.4469047,3.6383202,10.427439,-1.1698055,10.361613,0.1746121346950531,0.15502475202083588,0.019587382674217224,0.32842397689819336,0.30883103609085083,0.01959294080734253,-0.47523323,-1.3586718,-1.7127147,-0.35516605,-0.47523323,-1.3586718,-1.7127147,-0.35516605,-0.47523323,-1.0,-1.0,-0.35516605,8.801130294799805,-0.4,-0.4,-0.14206642
6.0,7.1628895,-10.810755,3.3379567,0.99484766,-0.100390024,-0.00784651,-0.011764991,-0.61023813,1.6032084,1.9525648,0.44515264,0.29624954,0.046565548,-0.59581065,1.97415,1.5820615,-0.051712986,0.03669977,-9.833907,7.171452,-10.889408,2.8781335,6.115716,-7.469707,2.4469047,3.604843,10.122115,-1.1134123,10.060693,0.1746121346950531,0.1460980772972107,0.028514057397842407,0.32842397689819336,0.3173757493495941,0.011048227548599243,-1.3701286,2.0854115,4.737337,0.5104774,-1.3701286,2.0854115,4.737337,0.5104774,-1.0,1.0,1.0,0.5104774,0.0,0.4,0.4,0.20419097
6.016666666666667,7.1529536,-10.777604,3.3635404,0.99494344,-0.09935018,-0.008774097,-0.011828567,-0.6093949,1.6389945,1.8919605,0.020236073,-0.24339372,-0.04152457,-0.5962811,1.9938868,1.5185664,-0.028227566,1.184213,-3.8097093,7.1610513,-10.853927,2.9031727,6.115716,-7.469707,2.4469047,3.571253,9.812006,-1.0569022,9.754918,0.1746121346950531,0.1642707884311676,0.010341346263885498,0.32842397689819336,0.3267495036125183,0.0016744732856750488,-0.35128364,-0.97927505,-1.4967335,-0.362328,-0.35128364,-0.97927505,-1.4967335,-0.362328,-0.35128364,-0.97927505,-1.0,-0.362328,10.879950523376465,-0.39171,-0.4,-0.1449312
6.033333333333333,7.1430044,-10.744363,3.3867984,0.99524075,-0.09646581,-0.0073935017,-0.01164194,-0.6173097,1.6822857,1.7198933,0.4548046,0.30382568,0.061845675,-0.5971395,1.9944832,1.3544929,-0.051501986,0.03578424,-9.844407,7.1506352,-10.818308,2.9263022,6.115716,-7.469707,2.4469047,3.5375144,9.515783,-0.99951017,9.463144,0.1746121346950531,0.16122639179229736,0.013385742902755737,0.32842397689819336,0.3361286520957947,0.007704675197601318,-1.3091578,2.4027896,4.9021583,0.42452908,-1.3091578,2.4027896,4.9021583,0.42452908,-1.0,1.0,1.0,0.42452908,0.0,0.4,0.4,0.16981164
6.05,7.1330447,-10.710835,3.408818,0.99542654,-0.0944673,-0.008234985,-0.011574521,-0.61653167,1.7199427,1.673837,0.17110403,-0.23249166,-0.024697104,-0.5977555,2.0171502,1.3091363,-0.036960836,1.3600157,-2.7213976,7.140203,-10.78253,2.9476998,6.115716,-7.469707,2.4469047,3.5035932,9.214045,-0.94188386,9.165777,0.1746121346950531,0.15500617027282715,0.019605964422225952,0.32842397689819336,0.33340150117874146,0.004977524280548096,-0.23466797,-0.65018237,-1.219943,-0.35623062,-0.23466797,-0.65018237,-1.219943,-0.35623062,-0.23466797,-0.65018237,-1.0,-0.35623062,12.835771560668945,-0.26007295,-0.4,-0.14249225
6.066666666666666,7.1230717,-10.677208,3.4285831,0.99582464,-0.090330794,-0.0067714895,-0.0113053005,-0.62358886,1.7642741,1.4962887,0.605588,0.31478697,0.06827455,-0.5986127,2.0177317,1.1449138,-0.051434036,0.034890175,-9.853348,7.129755,-10.746599,2.9673464,6.115716,-7.469707,2.4469047,3.4694607,8.92833,-0.883552,8.884504,0.1746121346950531,0.1504984349012375,0.024113699793815613,0.32842397689819336,0.35145026445388794,0.02302628755569458,-1.2061691,1.78133,5.0194354,0.38186097,-1.2061691,1.78133,5.0194354,0.38186097,-1.0,1.0,1.0,0.38186097,0.0,0.4,0.4,0.1527444
6.083333333333333,7.1130924,-10.643379,3.446756,0.99603075,-0.088013165,-0.007406475,-0.011027254,-0.6227296,1.7998444,1.4193305,0.17184782,-0.20582652,0.010417651,-0.59881216,2.0334697,1.0715206,-0.011966228,0.94428056,-4.4035935,7.1192946,-10.7105465,2.9850695,6.115716,-7.469707,2.4469047,3.4350882,8.636387,-0.8249269,8.596899,0.1746121346950531,0.12772153317928314,0.04689060151576996,0.32842397689819336,0.34388303756713867,0.015459060668945312,-0.41747674,-1.725335,-0.9634882,-0.23795375,-0.41747674,-1.725335,-0.9634882,-0.23795375,-0.41747674,-1.0,-0.9634882,-0.23795375,9.769792556762695,-0.4,-0.3853953,-0.0951815
6.1,7.1031017,-10.609479,3.462565,0.9964056,-0.08386788,-0.0056930888,-0.01047054,-0.6281158,1.8403713,1.2406747,0.60630596,0.34163404,0.104896285,-0.59967583,2.0340898,0.9075447,-0.051820274,0.0372076,-9.838553,7.1088243,-10.674386,3.0008075,6.115716,-7.469707,2.4469047,3.4004471,8.354531,-0.76553744,8.319384,0.1746121346950531,0.12105707079172134,0.05355506390333176,0.32842397689819336,0.3552311360836029,0.026807159185409546,-1.0042984,1.8767346,5.031715,0.38809,-1.0042984,1.8767346,5.031715,0.38809,-1.0,1.0,1.0,0.38809,0.0,0.4,0.4,0.155236
6.116666666666666,7.0931034,-10.575322,3.4772143,0.99660134,-0.08154146,-0.006186817,-0.009920591,-0.626261,1.8731705,1.1974792,0.17266715,-0.19603953,0.04445726,-0.59998965,2.0544157,0.8685135,-0.018829105,1.2195538,-2.3418686,7.0983405,-10.638083,3.0148485,6.115716,-7.469707,2.4469047,3.3655195,8.068525,-0.70632535,8.03755,0.1746121346950531,0.12616780400276184,0.04844433069229126,0.32842397689819336,0.3512486517429352,0.02282467484474182,-0.19765408,-1.8693515,-1.2713425,-0.24844903,-0.19765408,-1.8693515,-1.2713425,-0.24844903,-0.19765408,-1.0,-1.0,-0.24844903,13.456550598144531,-0.4,-0.4,-0.099379614
6.133333333333333,7.0830927,-10.541074,3.4896364,0.99695027,-0.077389695,-0.0043649506,-0.009053318,-0.6293232,1.9101757,1.0174481,0.6071353,0.35156757,0.14349112,-0.60085356,2.054997,0.7042598,-0.05183458,0.03487587,-9.855222,7.0878444,-10.601638,3.027193,6.115716,-7.469707,2.4469047,3.330279,7.797007,-0.6464078,7.770166,0.1746121346950531,0.10178647935390472,0.07282565534114838,0.32842397689819336,0.3445736765861511,0.016149699687957764,-1.0150409,2.1601138,4.9800406,0.40687716,-1.0150409,2.1601138,4.9800406,0.40687716,-1.0,1.0,1.0,0.40687716,0.0,0.4,0.4,0.16275087
6.15,7.073076,-10.506541,3.5011957,0.99712974,-0.07505134,-0.004782483,-0.0087541165,-0.62820745,1.9396693,0.9970828,0.17356122,-0.18424203,-0.0064731943,-0.60102683,2.0773559,0.6888362,-0.010396241,1.3415335,-0.9254157,7.077335,-10.565027,3.0380642,6.115716,-7.469707,2.4469047,3.2947214,7.5194488,-0.58649087,7.4965415,0.1746121346950531,0.12062188237905502,0.05399025231599808,0.32842397689819336,0.35267964005470276,0.0242556631565094,-0.047442388,-2.0321698,-1.6964583,-0.6169293,-0.047442388,-2.0321698,-1.6964583,-0.6169293,-0.047442388,-1.0,-1.0,-0.6169293,15.97582721710205,-0.4,-0.4,-0.24677172
6.166666666666667,7.0630455,-10.471885,3.5107903,0.99744606,-0.07088686,-0.00288549,-0.008246041,-0.6315478,1.9725703,0.82944703,0.6081371,0.36411163,0.10303511,-0.6020006,2.0799415,0.5378732,-0.05842566,0.15513895,-9.05778,7.066813,-10.528248,3.0475433,6.115716,-7.469707,2.4469047,3.2588377,7.256985,-0.52569175,7.23792,0.1746121346950531,0.10934020578861237,0.06527192890644073,0.32842397689819336,0.35374924540519714,0.025325268507003784,-0.9135256,2.359303,5.0357094,0.44985723,-0.9135256,2.359303,5.0357094,0.44985723,-0.9135256,1.0,1.0,0.44985723,1.4503062963485718,0.4,0.4,0.17994289
6.183333333333334,7.0530157,-10.437016,3.5192008,0.99761224,-0.06853933,-0.0032071217,-0.007855865,-0.6297959,1.9990557,0.77793336,0.17443436,-0.17413254,0.023580052,-0.60163295,2.0960445,0.4926274,0.022058485,0.9661817,-2.7147477,7.0562806,-10.491326,3.055462,6.115716,-7.469707,2.4469047,3.2226057,6.98936,-0.46501097,6.9738736,0.1746121346950531,0.11128701269626617,0.06332512199878693,0.32842397689819336,0.3557012677192688,0.02727729082107544,-0.23964591,-2.0141792,-1.9685702,-0.3268863,-0.23964591,-2.0141792,-1.9685702,-0.3268863,-0.23964591,-1.0,-1.0,-0.3268863,12.752284049987793,-0.4,-0.4,-0.13075452
6.2,7.0429764,-10.402017,3.5257862,0.9979002,-0.06436503,-0.001200069,-0.0071240705,-0.6309622,2.0284574,0.6302299,0.60921246,0.37582496,0.12896785,-0.6026734,2.101288,0.36237583,-0.062427517,0.31461236,-7.815095,7.045741,-10.454259,3.0619075,6.115716,-7.469707,2.4469047,3.1860201,6.7308207,-0.40297702,6.7187467,0.1746121346950531,0.09711118042469025,0.07750095427036285,0.32842397689819336,0.34210819005966187,0.013684213161468506,-0.78267545,2.8467436,4.32324,0.4330063,-0.78267545,2.8467436,4.32324,0.4330063,-0.78267545,1.0,1.0,0.4330063,3.64486026763916,0.4,0.4,0.17320251
6.216666666666667,7.0329413,-10.36686,3.5308976,0.9980493,-0.06200864,-0.0014584842,-0.0070835846,-0.63021266,2.0513835,0.54789406,0.17498066,-0.16448067,-0.03928242,-0.6018838,2.1120262,0.28742164,0.04737496,0.644288,-4.4972506,7.035194,-10.41707,3.0666995,6.115716,-7.469707,2.4469047,3.1490533,6.4707437,-0.34123784,6.4617395,0.1746121346950531,0.11374898254871368,0.060863152146339417,0.32842397689819336,0.3326624631881714,0.004238486289978027,-0.4301211,-1.4253055,-2.6765227,-0.69250154,-0.4301211,-1.4253055,-2.6765227,-0.69250154,-0.4301211,-1.0,-1.0,-0.69250154,9.55772876739502,-0.4,-0.4,-0.27700064
6.233333333333333,7.022897,-10.331569,3.5343168,0.9983067,-0.05782588,0.0006392787,-0.0062810625,-0.6296366,2.0769284,0.41961133,0.6099625,0.38674074,0.16114193,-0.6028531,2.1192608,0.1773407,-0.05815744,0.43407437,-6.604856,7.024641,-10.379753,3.0699387,6.115716,-7.469707,2.4469047,3.1117013,6.215583,-0.27802762,6.2093616,0.1746121346950531,0.0936901643872261,0.080921970307827,0.32842397689819336,0.32235828042030334,0.006065696477890015,-0.6556996,3.4266634,3.868126,0.8240588,-0.6556996,3.4266634,3.868126,0.8240588,-0.6556996,1.0,1.0,0.8240588,5.7744364738464355,0.4,0.4,0.32962352
6.25,7.012863,-10.296144,3.5361593,0.998477,-0.05478765,0.00046245303,-0.006450766,-0.6292551,2.0970461,0.31895578,0.28377694,-0.15295054,-0.08173599,-0.6017748,2.1273148,0.08773013,0.06469846,0.48324105,-5.3766336,7.0140843,-10.3423195,3.071544,6.115716,-7.469707,2.4469047,3.0739458,5.961822,-0.21528864,5.9579334,0.1746121346950531,0.08213299512863159,0.09247913956642151,0.32842397689819336,0.3115348517894745,0.016889125108718872,-0.52366453,-0.7469419,-3.135766,-1.0850555,-0.52366453,-0.7469419,-3.135766,-1.0850555,-0.52366453,-0.7469419,-1.0,-1.0,7.988863945007324,-0.29877678,-0.4,-0.4
6.266666666666667,7.002825,-10.260584,3.5364633,0.9987444,-0.049695794,0.0026482819,-0.0057327077,-0.6274509,2.1186433,0.20294663,0.7188688,0.3993096,0.16146813,-0.60250866,2.1355293,-0.005472256,-0.04403114,0.4928684,-5.592143,7.0035257,-10.304769,3.0716224,6.115716,-7.469707,2.4469047,3.0357952,5.710739,-0.1507254,5.70875,0.1746121346950531,0.07223474234342575,0.10237739235162735,0.32842397689819336,0.3066713511943817,0.021752625703811646,-0.54936045,2.9121633,3.3818836,1.5443925,-0.54936045,2.9121633,3.3818836,1.5443925,-0.54936045,1.0,1.0,1.0,7.557904243469238,0.4,0.4,0.4
6.283333333333333,6.9928007,-10.224892,3.5354116,0.99890125,-0.046425346,0.0025774096,-0.005861799,-0.62623703,2.1347501,0.11270373,0.2844126,-0.14091592,-0.07324645,-0.60105544,2.1433346,-0.082959585,0.08719324,0.46832082,-4.6492395,6.992963,-10.267093,3.070284,6.115716,-7.469707,2.4469047,2.9972537,5.4624877,-0.086515486,5.4618025,0.1746121346950531,0.053991660475730896,0.1206204742193222,0.32842397689819336,0.29054421186447144,0.037879765033721924,-0.44634447,-2.3154562,-3.5818534,-0.9663809,-0.44634447,-2.3154562,-3.5818534,-0.9663809,-0.44634447,-1.0,-1.0,-0.9663809,9.285636901855469,-0.4,-0.4,-0.38655236
6.3,6.9827766,-10.189084,3.5328538,0.99912095,-0.041325256,0.004863229,-0.005069986,-0.6224406,2.1515715,-0.00553915,0.7194528,0.41130844,0.16996147,-0.6015024,2.1502113,-0.17751026,-0.026818512,0.4126024,-5.6730404,6.9823995,-10.229299,3.0675292,6.115716,-7.469707,2.4469047,2.9583206,5.2159414,-0.020010376,5.2159033,0.1746121346950531,0.03154483437538147,0.14306730031967163,0.32842397689819336,0.2699207067489624,0.05850327014923096,-0.55808,2.890532,2.5698261,1.5743262,-0.55808,2.890532,2.5698261,1.5743262,-0.55808,1.0,1.0,1.0,7.411664009094238,0.4,0.4,0.4
6.316666666666666,6.972773,-10.153172,3.5288656,0.99925035,-0.03804913,0.004893975,-0.005191013,-0.6203934,2.1635616,-0.101989605,0.28490052,-0.12928654,-0.072912306,-0.59972847,2.1560974,-0.26049644,0.1064372,0.35316464,-4.9791703,6.9718366,-10.191393,3.0633194,6.115716,-7.469707,2.4469047,2.9189866,4.9699626,0.046553563,4.9697447,0.1746121346950531,0.04263684153556824,0.13197529315948486,0.32842397689819336,0.2700474262237549,0.05837655067443848,-0.48211557,-3.123012,-4.129804,-1.0589432,-0.48211557,-3.123012,-4.129804,-1.0589432,-0.48211557,-1.0,-1.0,-1.0,8.685702323913574,-0.4,-0.4,-0.4
6.333333333333333,6.9627767,-10.117164,3.5233188,0.9994211,-0.032942355,0.007272398,-0.004392437,-0.61471915,2.1754105,-0.22327015,0.7198594,0.42277673,0.17030427,-0.5998832,2.1616094,-0.35738635,-0.009284019,0.33071992,-5.8133945,6.961279,-10.153382,3.0576248,6.115716,-7.469707,2.4469047,2.879248,4.7242665,0.11558944,4.722852,0.1746121346950531,0.033288270235061646,0.14132386445999146,0.32842397689819336,0.2643450200557709,0.06407895684242249,-0.57399684,2.2765226,1.8082374,1.7462167,-0.57399684,2.2765226,1.8082374,1.7462167,-0.57399684,1.0,1.0,1.0,7.144714832305908,0.4,0.4,0.4
6.35,6.9528055,-10.081074,3.5164187,0.99952227,-0.02966084,0.00740442,-0.0045213397,-0.6117557,2.1832414,-0.31348673,0.28539717,-0.1173828,-0.07255565,-0.59761393,2.166542,-0.43360764,0.13615608,0.2959585,-4.573277,6.9507213,-10.115274,3.0504982,6.115716,-7.469707,2.4469047,2.839117,4.478683,0.1848609,4.4748664,0.1746121346950531,0.06412690877914429,0.11048522591590881,0.32842397689819336,0.26722514629364014,0.06119883060455322,-0.43979168,-4.077608,-4.612041,-1.0819633,-0.43979168,-4.077608,-4.612041,-1.0819633,-0.43979168,-1.0,-1.0,-1.0,9.395538330078125,-0.4,-0.4,-0.4
6.366666666666666,6.9428496,-10.0449,3.5081744,0.9996429,-0.024546599,0.009885029,-0.003715634,-0.60415214,2.190268,-0.4203688,0.720487,0.43573478,0.17066494,-0.5971941,2.1717503,-0.51560014,0.025191305,0.3124952,-4.91955,6.940172,-10.077064,3.0420508,6.115716,-7.469707,2.4469047,2.798613,4.232901,0.2572519,4.2250767,0.1746121346950531,0.10169292241334915,0.07291921228170395,0.32842397689819336,0.278285413980484,0.05013856291770935,-0.47950095,1.1346437,1.077115,1.9108317,-0.47950095,1.1346437,1.077115,1.9108317,-0.47950095,1.0,1.0,1.0,8.72955322265625,0.4,0.4,0.4
6.383333333333333,6.9329357,-10.008649,3.4988718,0.9997152,-0.021257699,0.010136281,-0.0038515988,-0.60010344,2.1941035,-0.49231172,0.2862624,-0.10314617,-0.072176985,-0.59406924,2.176049,-0.57312965,0.18748997,0.25792122,-3.4517703,6.9296317,-10.038744,3.032446,6.115716,-7.469707,2.4469047,2.757765,3.986727,0.33046734,3.9730067,0.1746121346950531,0.17159616947174072,0.003015965223312378,0.32842397689819336,0.2882879078388214,0.04013606905937195,-0.32058093,-4.664421,-5.0225034,-1.1581383,-0.32058093,-4.664421,-5.0225034,-1.1581383,-0.32058093,-1.0,-1.0,-1.0,11.394881248474121,-0.4,-0.4,-0.4
6.4,6.923055,-9.972339,3.4884105,0.99975854,-0.019305408,0.0100716725,-0.0029530495,-0.593056,2.199545,-0.57397187,0.21566649,0.022230947,0.17072575,-0.5924175,2.1794775,-0.64658856,0.09910583,0.20570754,-4.4075346,6.9191036,-10.000318,3.0217636,6.115716,-7.469707,2.4469047,2.7165942,3.739425,0.40780318,3.7171218,0.1746121346950531,0.2048092782497406,0.0301971435546875,0.32842397689819336,0.29948318004608154,0.028940796852111816,-0.4230433,-0.17092402,0.22179525,1.9284737,-0.4230433,-0.17092402,0.22179525,1.9284737,-0.4230433,-0.17092402,0.22179525,1.0,9.676433563232422,-0.06836961,0.0887181,0.4
6.416666666666667,6.9132185,-9.935954,3.4769275,0.99985826,-0.015043497,0.0069470587,-0.0029852435,-0.59317183,2.2008166,-0.64615697,0.6113711,-0.50545,-0.06462592,-0.58946043,2.1840348,-0.70391285,0.17742275,0.27344227,-3.4394572,6.908587,-9.961788,3.010021,6.115716,-7.469707,2.4469047,2.6751099,3.4896662,0.4877294,3.4554148,0.1746121346950531,0.22301802039146423,0.04840588569641113,0.32842397689819336,0.31440600752830505,0.014017969369888306,-0.3193996,0.9361593,-2.0400906,-0.9692131,-0.3193996,0.9361593,-2.0400906,-0.9692131,-0.3193996,0.9361593,-1.0,-0.9692131,11.414694786071777,0.37446374,-0.4,-0.38768527
6.433333333333334,6.9034142,-9.899494,3.46555,0.9998998,-0.0125701325,0.0061731334,-0.0020146614,-0.58864605,2.2025325,-0.62910724,0.19147491,0.043659218,0.17759188,-0.5878626,2.188483,-0.677045,0.095869295,0.26689053,1.6120719,6.8980947,-9.923123,2.9979763,6.115716,-7.469707,2.4469047,2.633448,3.241056,0.57165885,3.190243,0.1746121346950531,0.25451552867889404,0.07990339398384094,0.32842397689819336,0.3309353291988373,0.002511352300643921,0.21248479,-4.6875553,5.6031365,2.1121907,0.21248479,-4.6875553,5.6031365,2.1121907,0.21248479,-1.0,1.0,1.0,20.33519744873047,-0.4,0.4,0.4
6.45,6.8936343,-9.863007,3.452736,0.999932,-0.010987974,0.0033200656,-0.0020285023,-0.5903013,2.2042139,-0.75537837,0.1901,-0.47056785,-0.065400675,-0.5865515,2.1895123,-0.7997523,0.078667395,0.061755177,-7.362438,6.8876233,-9.884358,2.9852211,6.115716,-7.469707,2.4469047,2.5915568,2.9906805,0.65659016,2.9177146,0.1746121346950531,0.21802575886249542,0.04341362416744232,0.32842397689819336,0.31792396306991577,0.010500013828277588,-0.7295334,0.009891316,-0.9561212,-1.3181833,-0.7295334,0.009891316,-0.9561212,-1.3181833,-0.7295334,0.009891316,-0.9561212,-1.0,4.5361328125,0.0039565265,-0.3824485,-0.4
6.466666666666667,6.8838587,-9.826476,3.4394007,0.9999368,-0.01082071,0.0028458983,-0.0010525753,-0.5867352,2.2080486,-0.7572028,-0.036883704,0.07923481,0.17715,-0.5865392,2.1924164,-0.80148274,0.00073671335,0.17425059,-0.103826515,6.877175,-9.845508,2.9715154,6.115716,-7.469707,2.4469047,2.5494049,2.7387092,0.7419349,2.6362967,0.1746121346950531,0.24250003695487976,0.06788790225982666,0.32842397689819336,0.3487013876438141,0.020277410745620728,0.02763324,-0.5490203,5.9120836,2.2063677,0.02763324,-0.5490203,5.9120836,2.2063677,0.02763324,-0.5490203,1.0,1.0,17.234956741333008,-0.21960811,0.4,0.4
6.483333333333333,6.8740873,-9.789905,3.425057,0.9999552,-0.008441297,0.0041418485,-0.0011151439,-0.5839346,2.2081888,-0.84866863,0.39287475,0.18135269,-0.065652415,-0.5861887,2.1948924,-0.88099134,0.021032093,0.1485586,-4.770516,6.8667517,-9.806576,2.9571037,6.115716,-7.469707,2.4469047,2.5070527,2.4902644,0.82498574,2.3496416,0.1746121346950531,0.22592586278915405,0.05131372809410095,0.32842397689819336,0.3461988568305969,0.017774879932403564,-0.45951003,3.8435462,0.16657402,-1.2134358,-0.45951003,3.8435462,0.16657402,-1.2134358,-0.45951003,1.0,0.16657402,-1.0,9.064831733703613,0.4,0.06662961,-0.4
6.5,6.864321,-9.75331,3.4098017,0.99993473,-0.007794721,0.008352634,-0.00018073803,-0.57127094,2.209975,-0.902925,-0.029283522,0.6118917,0.17695098,-0.58576536,2.1959147,-0.92760503,0.02539873,0.06134033,-2.7968214,6.8563576,-9.767579,2.9417138,6.115716,-7.469707,2.4469047,2.464468,2.248467,0.90544844,2.0580978,0.1746121346950531,0.1803813874721527,0.005769252777099609,0.32842397689819336,0.3211653232574463,0.00725865364074707,-0.2548905,-2.4405968,0.7922064,1.4461846,-0.2548905,-2.4405968,0.7922064,1.4461846,-0.2548905,-1.0,0.7922064,1.0,12.496609687805176,-0.4,0.31688258,0.4
6.516666666666667,6.8545914,-9.716682,3.3935924,0.9999339,-0.0054012365,0.010147681,-0.00025919147,-0.56423706,2.2084732,-0.976219,0.39290395,0.08325457,-0.065734856,-0.58303225,2.1981585,-0.98837894,0.16398667,0.13462543,-3.6464343,6.845994,-9.728525,2.9254296,6.115716,-7.469707,2.4469047,2.4216838,2.0171394,0.98296976,1.7614261,0.1746121346950531,0.19271323084831238,0.018101096153259277,0.32842397689819336,0.3525640666484833,0.024140089750289917,-0.34070235,4.0060663,-4.95394,-1.8643312,-0.34070235,4.0060663,-4.95394,-1.8643312,-0.34070235,1.0,-1.0,-1.0,11.057415008544922,0.4,-0.4,-0.4
6.533333333333333,6.8449087,-9.680039,3.3768373,0.99992085,-0.0047724405,0.011616808,0.00069659826,-0.5538204,2.2091172,-1.0041767,-0.032214202,0.20652878,0.17684197,-0.58031493,2.198704,-1.0120384,0.16303895,0.032730103,-1.4195644,6.8356724,-9.689422,2.9084458,6.115716,-7.469707,2.4469047,2.3787582,1.8064252,1.0611992,1.4618578,0.1746121346950531,0.17332667112350464,0.001285463571548462,0.32842397689819336,0.3446839451789856,0.016259968280792236,-0.10732431,-2.4221618,0.22111274,1.2603164,-0.10732431,-2.4221618,0.22111274,1.2603164,-0.10732431,-1.0,0.22111274,1.0,14.971516609191895,-0.4,0.0884451,0.4
6.55,6.8352914,-9.643368,3.3598266,0.9999463,-0.0023929444,0.010058982,0.00063217874,-0.5525597,2.2063806,-1.0254931,0.39112255,-0.31842318,-0.06590106,-0.57596976,2.2007608,-1.0246873,0.26071072,0.12341022,-0.75893635,6.825395,-9.650266,2.891147,6.115716,-7.469707,2.4469047,2.335772,1.6251011,1.1400782,1.1580912,0.1746121346950531,0.14720886945724487,0.027403265237808228,0.32842397689819336,0.3757323920726776,0.04730841517448425,-0.033867072,4.1782727,-3.0806112,-2.0042477,-0.033867072,4.1782727,-3.0806112,-2.0042477,-0.033867072,1.0,-1.0,-1.0,16.203506469726562,0.4,-0.4,-0.4
6.566666666666666,6.825721,-9.60669,3.3427734,0.9999385,-0.0017502884,0.010828167,0.0015907976,-0.5443635,2.2059546,-1.028378,-0.029070705,0.22873607,0.17644075,-0.57359856,2.2005835,-1.023985,0.14227152,-0.010643004,0.04213571,6.815174,-9.611072,2.8737733,6.115716,-7.469707,2.4469047,2.292793,1.4889894,1.2215495,0.851414,0.1746121346950531,0.18217723071575165,0.007565096020698547,0.32842397689819336,0.3511272370815277,0.02270326018333435,0.048550535,-2.6077724,4.247457,1.3644477,0.048550535,-2.6077724,4.247457,1.3644477,0.048550535,-1.0,1.0,1.0,17.585771560668945,-0.4,0.4,0.4
6.583333333333333,6.816213,-9.569998,3.3255723,0.9999538,0.0006562743,0.009457587,0.0015195172,-0.54307514,2.2020822,-1.049372,0.39424342,-0.296235,-0.066296026,-0.56949025,2.20176,-1.035959,0.24649857,0.07059574,-0.71843857,6.8050127,-9.571848,2.856357,6.115716,-7.469707,2.4469047,2.2498395,1.4096891,1.3018459,0.540759,0.1746121346950531,0.12839463353157043,0.046217501163482666,0.32842397689819336,0.35911551117897034,0.030691534280776978,-0.028203497,4.3397784,-2.9578705,-2.2156546,-0.028203497,4.3397784,-2.9578705,-2.2156546,-0.028203497,1.0,-1.0,-1.0,16.298492431640625,0.4,-0.4,-0.4
6.6,6.806751,-9.533317,3.3084471,0.9999418,0.0013238455,0.010413642,0.0024775346,-0.53469765,2.2005804,-1.0433028,-0.025849044,0.2515864,0.17604302,-0.5671526,2.20059,-1.026001,0.14025807,-0.0702095,0.59748167,6.7949176,-9.532614,2.8389716,6.115716,-7.469707,2.4469047,2.206947,1.4012886,1.382557,0.22835433,0.1746121346950531,0.20046047866344452,0.02584834396839142,0.32842397689819336,0.3500128984451294,0.021588921546936035,0.10736235,-2.2690315,4.2452025,1.2458742,0.10736235,-2.2690315,4.2452025,1.2458742,0.10736235,-1.0,1.0,1.0,18.57213592529297,-0.4,0.4,0.4
6.616666666666666,6.7973547,-9.496639,3.2914658,0.99994725,0.00375904,0.009244444,0.0023995745,-0.53314584,2.1956737,-1.0445496,0.3976548,-0.27203104,-0.06669238,-0.5627632,2.200797,-1.0178907,0.26336432,0.012431144,0.48661706,6.784894,-9.493382,2.8217697,6.115716,-7.469707,2.4469047,2.1641593,1.4632542,1.4606804,-0.08675091,0.1746121346950531,0.191315695643425,0.016703560948371887,0.32842397689819336,0.358227014541626,0.029803037643432617,0.09958609,4.6655006,-2.9841037,-2.2371125,0.09958609,4.6655006,-2.9841037,-2.2371125,0.09958609,1.0,-1.0,-1.0,18.44171714782715,0.4,-0.4,-0.4
6.633333333333333,6.7880054,-9.45999,3.274738,0.99993026,0.0044543003,0.010403363,0.0033581539,-0.52447647,2.1931121,-1.0311762,-0.022341516,0.27633792,0.17565142,-0.56036115,2.1985185,-1.0003264,0.14412402,-0.13671398,1.0538578,6.77495,-9.45417,2.8048277,6.115716,-7.469707,2.4469047,2.1215072,1.5898168,1.5381588,-0.4019765,0.1746121346950531,0.1673043668270111,0.007307767868041992,0.32842397689819336,0.31748563051223755,0.01093834638595581,0.15666027,-1.6494173,4.1026998,1.2022145,0.15666027,-1.6494173,4.1026998,1.2022145,0.15666027,-1.0,1.0,1.0,19.398937225341797,-0.4,0.4,0.4
6.6499999999999995,6.778721,-9.423358,3.258172,0.9999261,0.006918534,0.009441867,0.0032737036,-0.5224972,2.1872025,-1.0336711,0.40111205,-0.24741356,-0.06707887,-0.5559914,2.1976953,-0.9931481,0.26218414,-0.049395557,0.43069836,6.7650857,-9.414989,2.7881413,6.115716,-7.469707,2.4469047,2.0790014,1.7643977,1.6115776,-0.7182737,0.1746121346950531,0.1723567545413971,0.002255380153656006,0.32842397689819336,0.3301301598548889,0.0017061829566955566,0.09403785,4.951513,-3.0975761,-2.2420607,0.09403785,4.951513,-3.0975761,-2.2420607,0.09403785,1.0,-1.0,-1.0,18.348665237426758,0.4,-0.4,-0.4
6.666666666666667,6.769492,-9.386774,3.2421362,0.9998999,0.008060748,0.010820628,0.0042305007,-0.51343495,2.1828241,-1.0002126,0.048213452,0.303472,0.17532253,-0.5530945,2.1940608,-0.95338637,0.17381428,-0.21806715,2.385703,6.7553163,-9.375861,2.7718775,6.115716,-7.469707,2.4469047,2.0366933,1.974854,1.6831737,-1.0329446,0.1746121346950531,0.1430429369211197,0.03156919777393341,0.32842397689819336,0.2895493507385254,0.03887462615966797,0.29747233,-0.8437657,3.7649508,1.2459375,0.29747233,-0.8437657,3.7649508,1.2459375,0.29747233,-0.8437657,1.0,1.0,21.76056671142578,-0.33750626,0.4,0.4
6.683333333333334,6.7603254,-9.35023,3.2261078,0.9998789,0.0111102145,0.010082235,0.0041341144,-0.51086015,2.1745775,-1.0249013,0.47137147,-0.22160162,-0.067376874,-0.5489876,2.1923141,-0.9656914,0.24641274,-0.10479926,-0.7383012,6.7456336,-9.336804,2.755898,6.115716,-7.469707,2.4469047,1.9945741,2.2083635,1.7499441,-1.3470579,0.1746121346950531,0.13737225532531738,0.03723987936973572,0.32842397689819336,0.2794199585914612,0.04900401830673218,-0.028561303,4.5896254,-3.2384834,-2.347577,-0.028561303,4.5896254,-3.2384834,-2.347577,-0.028561303,1.0,-1.0,-1.0,16.292491912841797,0.4,-0.4,-0.4
6.7,6.751218,-9.313759,3.2106588,0.9998417,0.012419433,0.011672191,0.0050941287,-0.50125164,2.1683812,-0.9820027,0.051684506,0.32907572,0.17497309,-0.54559374,2.1866195,-0.9156866,0.2036333,-0.34167764,3.0002866,6.736048,-9.297828,2.740271,6.115716,-7.469707,2.4469047,1.9526652,2.4568422,1.8136551,-1.6573257,0.1746121346950531,0.1578836739063263,0.016728460788726807,0.32842397689819336,0.26679542660713196,0.0616285502910614,0.36178836,-1.4345475,3.2643628,1.3298837,0.36178836,-1.4345475,3.2643628,1.3298837,0.36178836,-1.0,1.0,1.0,22.839244842529297,-0.4,0.4,0.4
6.716666666666667,6.742175,-9.2773485,3.1950586,0.99980533,0.015495329,0.011142764,0.004991144,-0.49798113,2.1586864,-1.0227052,0.4746228,-0.1971823,-0.06771573,-0.5415769,2.1839747,-0.94381535,0.24100898,-0.15868662,-1.6877245,6.7265563,-9.25895,2.724861,6.115716,-7.469707,2.4469047,1.9109623,2.71565,1.8726573,-1.9667001,0.1746121346950531,0.13116583228111267,0.04344630241394043,0.32842397689819336,0.2528080642223358,0.07561591267585754,-0.12856598,4.669622,-3.4769282,-2.3545432,-0.12856598,4.669622,-3.4769282,-2.3545432,-0.12856598,1.0,-1.0,-1.0,14.615262031555176,0.4,-0.4,-0.4
6.733333333333333,6.7332034,-9.241052,3.180191,0.99975675,0.016831463,0.012940943,0.0059570456,-0.4877134,2.151015,-0.962676,0.055132776,0.35471088,0.17463575,-0.5373024,2.175872,-0.87656254,0.25647283,-0.4861593,4.0351686,6.71717,-9.220194,2.709803,6.115716,-7.469707,2.4469047,1.8695097,2.9794338,1.9281282,-2.2714195,0.1746121346950531,0.11988431215286255,0.05472782254219055,0.32842397689819336,0.2535315752029419,0.07489240169525146,0.47086045,-1.1706792,2.5936446,1.4335481,0.47086045,-1.1706792,2.5936446,1.4335481,0.47086045,-1.0,1.0,1.0,24.668546676635742,-0.4,0.4,0.4
6.75,6.7242975,-9.204826,3.1650112,0.9997045,0.01993335,0.012619833,0.005848105,-0.48361367,2.1398451,-1.0219257,0.477827,-0.1729101,-0.06804084,-0.53339434,2.172678,-0.923099,0.23448227,-0.1916456,-2.7921865,6.7078795,-9.181561,2.6949418,6.115716,-7.469707,2.4469047,1.828285,3.2480516,1.9793613,-2.5752609,0.1746121346950531,0.08853171765804291,0.08608041703701019,0.32842397689819336,0.2516796290874481,0.07674434781074524,-0.24451108,4.7484627,-3.7274256,-2.3297338,-0.24451108,4.7484627,-3.7274256,-2.3297338,-0.24451108,1.0,-1.0,-1.0,12.670687675476074,0.4,-0.4,-0.4
6.766666666666667,6.7154746,-9.168749,3.1506588,0.99964046,0.02141022,0.014625536,0.00681998,-0.4725422,2.130471,-0.94890434,0.076822504,0.38019556,0.1743353,-0.5280345,2.162009,-0.84232914,0.32158968,-0.6401395,4.84619,6.698697,-9.143079,2.6803935,6.115716,-7.469707,2.4469047,1.7873324,3.5157344,2.0268264,-2.8726926,0.1746121346950531,0.11155173182487488,0.06306040287017822,0.32842397689819336,0.24417650699615479,0.08424746990203857,0.5563762,-0.95714915,1.7263247,1.5266496,0.5563762,-0.95714915,1.7263247,1.5266496,0.5563762,-0.95714915,1.0,1.0,26.10277557373047,-0.38285968,0.4,0.4
6.783333333333333,6.7067223,-9.132761,3.1358569,0.99956733,0.02468972,0.01451396,0.0067034126,-0.46747836,2.117429,-1.0241954,0.49929324,-0.14853676,-0.06832156,-0.524154,2.1584105,-0.90418166,0.23283003,-0.21590708,-3.7111506,6.6896167,-9.104752,2.6660132,6.115716,-7.469707,2.4469047,1.7466372,3.7866452,2.071231,-3.169966,0.1746121346950531,0.0890638530254364,0.0855482816696167,0.32842397689819336,0.25948572158813477,0.0689382553100586,-0.340985,4.6512375,-4.0872006,-2.3613474,-0.340985,4.6512375,-4.0872006,-2.3613474,-0.340985,1.0,-1.0,-1.0,11.052675247192383,0.4,-0.4,-0.4
6.8,6.6980724,-9.096954,3.1219018,0.9995019,0.026226321,0.015793242,0.0076604486,-0.45703378,2.1063242,-0.9438658,0.0785039,0.25639147,0.17407036,-0.5174398,2.1450574,-0.8169144,0.40285346,-0.8011865,5.2360363,6.6806483,-9.066599,2.6518772,6.115716,-7.469707,2.4469047,1.7062315,4.052835,2.1117496,-3.4591882,0.1746121346950531,0.10767989605665207,0.06693223863840103,0.32842397689819336,0.25730717182159424,0.07111680507659912,0.5982839,-1.2137815,0.7258897,1.5898162,0.5982839,-1.2137815,0.7258897,1.5898162,0.5982839,-1.0,0.7258897,1.0,26.80562973022461,-0.4,0.2903559,0.4
6.816666666666666,6.6895,-9.061264,3.1075747,0.9994283,0.029528558,0.014655909,0.0075101396,-0.4537344,2.0917351,-1.0138758,0.50120306,-0.2720001,-0.06863005,-0.51322955,2.1402667,-0.8746596,0.25261402,-0.28744695,-3.4647129,6.6717844,-9.028635,2.637973,6.115716,-7.469707,2.4469047,1.666126,4.3225718,2.151091,-3.7493243,0.1746121346950531,0.10454296320676804,0.07006917148828506,0.32842397689819336,0.271050363779068,0.057373613119125366,-0.31434464,4.6264606,-3.6727939,-2.4457521,-0.31434464,4.6264606,-3.6727939,-2.4457521,-0.31434464,1.0,-1.0,-1.0,11.499473571777344,0.4,-0.4,-0.4
6.833333333333333,6.6810436,-9.025821,3.094609,0.9993549,0.03109349,0.015850045,0.008467328,-0.44391257,2.0790856,-0.8937494,0.08247642,0.28436047,0.1736504,-0.50554675,2.1221209,-0.74797624,0.460968,-1.088748,7.601001,6.663049,-8.990899,2.6246529,6.115716,-7.469707,2.4469047,1.6264051,4.5857334,2.1870768,-4.0305886,0.1746121346950531,0.12749041616916656,0.047121718525886536,0.32842397689819336,0.2731822729110718,0.05524170398712158,0.84961665,-1.4225408,1.6794564,1.7148815,0.84961665,-1.4225408,1.6794564,1.7148815,0.84961665,-1.0,1.0,1.0,31.020858764648438,-0.4,0.4,0.4
6.85,6.672657,-8.990498,3.0809817,0.9992611,0.034424815,0.014932768,0.008313943,-0.44014874,2.0629678,-0.9995054,0.5047393,-0.2466199,-0.06903239,-0.5024489,2.1185439,-0.8413652,0.18586992,-0.21461962,-5.6033382,6.6544275,-8.953385,2.6116297,6.115716,-7.469707,2.4469047,1.5870242,4.8526783,2.221532,-4.314311,0.1746121346950531,0.15951548516750336,0.015096649527549744,0.32842397689819336,0.28970906138420105,0.03871491551399231,-0.53870976,4.5024667,-3.8210526,-2.6542675,-0.53870976,4.5024667,-3.8210526,-2.6542675,-0.53870976,1.0,-1.0,-1.0,7.736532688140869,0.4,-0.4,-0.4
6.866666666666666,6.664384,-8.955453,3.0685978,0.9991745,0.03601654,0.016336067,0.009280175,-0.42996892,2.0486748,-0.8770801,0.086022936,0.3099069,0.17326123,-0.4944661,2.0973878,-0.7125158,0.4789692,-1.2693642,7.7309666,6.645927,-8.91611,2.5989532,6.115716,-7.469707,2.4469047,1.5480065,5.1080246,2.250569,-4.5855045,0.1746121346950531,0.15841101109981537,0.016201123595237732,0.32842397689819336,0.2862703204154968,0.04215365648269653,0.8629464,-1.5983001,1.2897135,1.6970385,0.8629464,-1.5983001,1.2897135,1.6970385,0.8629464,-1.0,1.0,1.0,31.24441909790039,-0.4,0.4,0.4
6.883333333333333,6.65618,-8.920544,3.0554798,0.9990605,0.0393743,0.015631849,0.009124311,-0.42563805,2.0309584,-0.9893659,0.5081605,-0.22160162,-0.06941116,-0.4914995,2.0935946,-0.8124618,0.17799495,-0.22759436,-5.996761,6.637541,-8.87908,2.5864966,6.115716,-7.469707,2.4469047,1.5093439,5.3692684,2.2786646,-4.861762,0.1746121346950531,0.1824628859758377,0.007850751280784607,0.32842397689819336,0.3128036558628082,0.015620321035385132,-0.58031136,4.35299,-3.975223,-2.7858825,-0.58031136,4.35299,-3.975223,-2.7858825,-0.58031136,1.0,-1.0,-1.0,7.038811206817627,0.4,-0.4,-0.4
6.8999999999999995,6.6480966,-8.885951,3.0435638,0.9989723,0.04099038,0.016511079,0.010071866,-0.4161077,2.0149977,-0.8671223,0.08825835,0.21826272,0.17291956,-0.48293757,2.0696068,-0.6846611,0.51371634,-1.4392661,7.6680417,6.6292753,-8.842313,2.5743165,6.115716,-7.469707,2.4469047,1.4710621,5.6174994,2.3011646,-5.1245427,0.1746121346950531,0.18441428244113922,0.00980214774608612,0.32842397689819336,0.3009597659111023,0.027464210987091064,0.85778487,-1.8997368,0.7846298,1.6742717,0.85778487,-1.8997368,0.7846298,1.6742717,0.85778487,-1.0,0.7846298,1.0,31.157852172851562,-0.4,0.31385192,0.4
6.916666666666667,6.6400867,-8.851519,3.0309708,0.9988526,0.044375814,0.015049609,0.009877423,-0.41323164,1.9957104,-0.9735169,0.51057994,-0.31287917,-0.06978785,-0.4797998,2.0647678,-0.77966774,0.18826602,-0.29033658,-5.7003984,6.621127,-8.8058195,2.5623746,6.115716,-7.469707,2.4469047,1.4331679,5.873263,2.3236651,-5.394052,0.1746121346950531,0.17161314189434052,0.0029989928007125854,0.32842397689819336,0.3054358661174774,0.022988110780715942,-0.5486806,4.14198,-3.5510802,-2.8441846,-0.5486806,4.14198,-3.5510802,-2.8441846,-0.5486806,1.0,-1.0,-1.0,7.569306373596191,0.4,-0.4,-0.4
6.933333333333334,6.6322002,-8.817469,3.0198796,0.99875516,0.046020288,0.01590517,0.01082557,-0.40436047,1.9781325,-0.82867724,0.09218023,0.24538022,0.17246428,-0.47109416,2.0358458,-0.62978095,0.52233875,-1.7353247,8.993207,6.61311,-8.769637,2.5509174,6.115716,-7.469707,2.4469047,1.3957212,6.1153197,2.340747,-5.6496053,0.1746121346950531,0.17538028955459595,0.0007681548595428467,0.32842397689819336,0.2959733009338379,0.03245067596435547,1.0771778,-2.4322934,1.8739814,1.6248478,1.0771778,-2.4322934,1.8739814,1.6248478,1.0,-1.0,1.0,1.0,33.54301452636719,-0.4,0.4,0.4
6.95,6.6243806,-8.7835865,3.0079846,0.99861306,0.04943432,0.014665329,0.010631467,-0.40123597,1.9573003,-0.9523091,0.5142651,-0.2870544,-0.07022943,-0.46858904,2.0319161,-0.742057,0.1503074,-0.23577689,-6.736564,6.605215,-8.73376,2.5397599,6.115716,-7.469707,2.4469047,1.3586984,6.366478,2.3568866,-5.9141464,0.1746121346950531,0.15742182731628418,0.01719030737876892,0.32842397689819336,0.2895752787590027,0.038848698139190674,-0.65729856,3.811121,-3.5979981,-2.8729284,-0.65729856,3.811121,-3.5979981,-2.8729284,-0.65729856,1.0,-1.0,-1.0,5.74761962890625,0.4,-0.4,-0.4
6.966666666666667,6.6166787,-8.750123,2.9975185,0.998502,0.051105652,0.01573281,0.011591293,-0.39227483,1.9380481,-0.8073262,0.09585043,0.27121896,0.17203844,-0.46004182,1.9997925,-0.59234893,0.512833,-1.927421,8.982485,6.597448,-8.698209,2.5289674,6.115716,-7.469707,2.4469047,1.3221258,6.600472,2.3661933,-6.161766,0.1746121346950531,0.14461489021778107,0.029997244477272034,0.32842397689819336,0.28039801120758057,0.04802596569061279,1.1809977,-2.984425,1.9002272,1.4965154,1.1809977,-2.984425,1.9002272,1.4965154,1.0,-1.0,1.0,1.0,33.54301452636719,-0.4,0.4,0.4
6.983333333333333,6.609041,-8.716847,2.9862306,0.9983377,0.05454787,0.01471064,0.011398113,-0.38879275,1.91563,-0.93212223,0.5178725,-0.26137456,-0.07064491,-0.4575834,1.9954692,-0.7059534,0.14750539,-0.25939465,-6.816269,6.5898013,-8.662988,2.5184405,6.115716,-7.469707,2.4469047,1.2859988,6.8458924,2.3742633,-6.4209905,0.1746121346950531,0.1426716297864914,0.03194050490856171,0.32842397689819336,0.27731576561927795,0.051108211278915405,-0.6656201,3.357751,-3.6635728,-2.9148958,-0.6656201,3.357751,-3.6635728,-2.9148958,-0.6656201,1.0,-1.0,-1.0,5.608055114746094,0.4,-0.4,-0.4
7.0,6.6015244,-8.684033,2.9763615,0.9982122,0.056245293,0.015988503,0.012371185,-0.37961668,1.8946819,-0.7870546,0.099445626,0.29690227,0.1716409,-0.44891176,1.9601222,-0.5565811,0.5202985,-2.120819,8.96234,6.582284,-8.6281185,2.5082605,6.115716,-7.469707,2.4469047,1.2503469,7.073462,2.3753824,-6.6626887,0.1746121346950531,0.12844586372375488,0.04616627097129822,0.32842397689819336,0.2628597617149353,0.06556421518325806,1.3073136,-3.4493136,1.79487,1.3599191,1.3073136,-3.4493136,1.79487,1.3599191,1.0,-1.0,1.0,1.0,33.54301452636719,-0.4,0.4,0.4
7.016666666666667,6.5940747,-8.651429,2.9656823,0.9980257,0.05971358,0.0151841575,0.012179911,-0.37564903,1.8706719,-0.9106501,0.52143395,-0.23568903,-0.07103194,-0.4463763,1.9551672,-0.66923714,0.15212773,-0.29730317,-6.759363,6.5748887,-8.593607,2.4983497,6.115716,-7.469707,2.4469047,1.2151697,7.314602,2.3754413,-6.9181414,0.1746121346950531,0.13502980768680573,0.039582327008247375,0.32842397689819336,0.2629352807998657,0.06548869609832764,-0.6592557,2.7125983,-3.7976775,-3.0790741,-0.6592557,2.7125983,-3.7976775,-3.0790741,-0.6592557,1.0,-1.0,-1.0,5.7147955894470215,0.4,-0.4,-0.4
7.033333333333333,6.586749,-8.619326,2.95642,0.99788475,0.061436865,0.016672228,0.013167949,-0.36613572,1.8480151,-0.7654659,0.10299709,0.32258746,0.17127343,-0.43729416,1.916572,-0.5202679,0.5449283,-2.3157117,8.938153,6.567621,-8.55947,2.4887898,6.115716,-7.469707,2.4469047,1.18049,7.5372295,2.3687263,-7.155345,0.1746121346950531,0.12531307339668274,0.04929906129837036,0.32842397689819336,0.24976924061775208,0.07865473628044128,1.4559833,-3.956307,1.5187093,1.1715146,1.4559833,-3.956307,1.5187093,1.1715146,1.0,-1.0,1.0,1.0,33.54301452636719,-0.4,0.4,0.4
7.05,6.579492,-8.587445,2.9462795,0.9976757,0.064930916,0.016082704,0.012979275,-0.36156943,1.8223702,-0.89403045,0.5248781,-0.21044168,-0.07138823,-0.43484753,1.911728,-0.63816875,0.14679728,-0.290637,-7.0740504,6.560474,-8.525711,2.4794564,6.115716,-7.469707,2.4469047,1.1463044,7.7756257,2.3615398,-7.408339,0.1746121346950531,0.13825386762619019,0.036358267068862915,0.32842397689819336,0.2684309780597687,0.05999299883842468,-0.6924393,1.7424778,-3.9979372,-3.3218057,-0.6924393,1.7424778,-3.9979372,-3.3218057,-0.6924393,1.0,-1.0,-1.0,5.1582560539245605,0.4,-0.4,-0.4
7.066666666666666,6.572367,-8.556109,2.9375308,0.9975221,0.066674195,0.017796999,0.0136842765,-0.35266057,1.797781,-0.74861705,0.10637522,0.34778413,0.12293031,-0.42506567,1.8698739,-0.48959616,0.586912,-2.5112484,8.914355,6.553452,-8.492352,2.4704278,6.115716,-7.469707,2.4469047,1.1126401,7.9948034,2.3479922,-7.642239,0.1746121346950531,0.14820493757724762,0.02640719711780548,0.32842397689819336,0.2628147602081299,0.06560921669006348,1.6997268,-4.6172757,1.1027155,0.80209315,1.6997268,-4.6172757,1.1027155,0.80209315,1.0,-1.0,1.0,0.80209315,33.54301452636719,-0.4,0.4,0.32083726
7.083333333333333,6.5653214,-8.5250435,2.9280674,0.99748313,0.06747154,0.017378,0.013146019,-0.34880823,1.774325,-0.85374343,0.09292052,-0.190229,-0.11995953,-0.42196187,1.8621178,-0.5943398,0.18622755,-0.4653668,-6.2846174,6.5465536,-8.459405,2.4617174,6.115716,-7.469707,2.4469047,1.0795103,8.2324915,2.335269,-7.8943295,0.1746121346950531,0.1479286551475525,0.02668347954750061,0.32842397689819336,0.27624332904815674,0.05218064785003662,-0.6068435,-0.018695727,-4.3774962,-2.9347806,-0.6068435,-0.018695727,-4.3774962,-2.9347806,-0.6068435,-0.018695727,-1.0,-1.0,6.593827724456787,-0.0074782907,-0.4,-0.4
7.1,6.5584316,-8.494536,2.920043,0.9973212,0.07032916,0.0149409445,0.013451368,-0.34523818,1.7487434,-0.70920694,0.42085397,-0.3278128,0.12319199,-0.4106815,1.8200264,-0.44621974,0.6768232,-2.525482,8.887202,6.5397825,-8.426896,2.4534175,6.115716,-7.469707,2.4469047,1.0469412,8.452526,2.3170683,-8.128738,0.1746121346950531,0.16249363124370575,0.012118503451347351,0.32842397689819336,0.27605530619621277,0.05236867070198059,2.029871,0.76168966,-0.30266494,1.340447,2.029871,0.76168966,-0.30266494,1.340447,1.0,0.76168966,-0.30266494,1.0,33.54301452636719,0.30467588,-0.121065974,0.4
7.116666666666666,6.5516615,-8.464589,2.913227,0.9972539,0.07119594,0.015707744,0.012995333,-0.34240857,1.7235237,-0.66075504,0.0015280512,0.22451255,-0.12039342,-0.40486515,1.7893863,-0.39819115,0.3489804,-1.8384074,2.881715,6.5331783,-8.394999,2.4466112,6.115716,-7.469707,2.4469047,1.0151056,8.688989,2.3024015,-8.378393,0.1746121346950531,0.14077690243721008,0.03383523225784302,0.32842397689819336,0.2857038676738739,0.04272010922431946,0.37055644,-5.0380993,2.1629417,-2.8938675,0.37055644,-5.0380993,2.1629417,-2.8938675,0.37055644,-1.0,1.0,-1.0,22.986297607421875,-0.4,0.4,-0.4
7.133333333333333,6.545017,-8.435163,2.9073708,0.9970742,0.07388501,0.014325345,0.013370416,-0.33676818,1.6978037,-0.6040785,0.426776,-0.29632023,0.12296978,-0.39663354,1.7577401,-0.33747932,0.49389657,-1.8987678,3.6427097,6.526724,-8.363654,2.4408448,6.115716,-7.469707,2.4469047,0.9839236,8.918642,2.281904,-8.621779,0.1746121346950531,0.1955164670944214,0.020904332399368286,0.32842397689819336,0.29726773500442505,0.03115624189376831,0.45028028,1.1444315,-3.8875642,1.0949963,0.45028028,1.1444315,-3.8875642,1.0949963,0.45028028,1.0,-1.0,1.0,24.323387145996094,0.4,-0.4,0.4
7.1499999999999995,6.5384526,-8.406158,2.9016144,0.9969973,0.07479316,0.015329759,0.012932736,-0.33382565,1.6715103,-0.61590236,0.00668539,0.25183168,-0.12062035,-0.39284676,1.7344859,-0.34921667,0.22720633,-1.3952564,-0.70424074,6.5203934,-8.332801,2.4355679,6.115716,-7.469707,2.4469047,0.95332223,9.144536,2.2584028,-8.861273,0.1746121346950531,0.18097947537899017,0.006367340683937073,0.32842397689819336,0.3037174642086029,0.024706512689590454,-0.01565201,-5.3861494,1.8988434,-3.110518,-0.01565201,-5.3861494,1.8988434,-3.110518,-0.01565201,-1.0,1.0,-1.0,16.50899887084961,-0.4,0.4,-0.4
7.166666666666667,6.53203,-8.377784,2.8973002,0.9969773,0.07523435,0.014147121,0.01325405,-0.3281713,1.6469415,-0.4929283,0.065040834,-0.26976812,0.10675928,-0.38283208,1.6921085,-0.2308663,0.6008809,-2.542641,7.101022,6.5142026,-8.302511,2.4311562,6.115716,-7.469707,2.4469047,0.92336476,9.361704,2.2295423,-9.0923395,0.1746121346950531,0.2031712532043457,0.028559118509292603,0.32842397689819336,0.32095375657081604,0.007470220327377319,0.8187648,0.14010237,-3.998989,0.93506896,0.8187648,0.14010237,-3.998989,0.93506896,0.8187648,0.14010237,-1.0,0.93506896,30.503427505493164,0.05604095,-0.4,0.37402758
7.183333333333334,6.5256705,-8.34974,2.8924062,0.99712455,0.073128685,0.015247149,0.012734822,-0.32556283,1.6238757,-0.5682449,-0.35603002,0.26334018,-0.13675682,-0.38126203,1.679637,-0.3151586,0.09420275,-0.74829334,-5.057538,6.50813,-8.272712,2.427073,6.115716,-7.469707,2.4469047,0.8939792,9.587819,2.2009177,-9.331786,0.1746121346950531,0.2010090947151184,0.026396960020065308,0.32842397689819336,0.33468225598335266,0.006258279085159302,-0.47875082,-1.7720045,0.9822612,-3.1987178,-0.47875082,-1.7720045,0.9822612,-3.1987178,-0.47875082,-1.0,0.9822612,-1.0,8.742134094238281,-0.4,0.3929045,-0.4
7.2,6.5194516,-8.3223095,2.889026,0.9971565,0.07284931,0.01419971,0.013045694,-0.31975362,1.601418,-0.41394493,0.07055442,-0.25101703,0.10661089,-0.3703763,1.6348811,-0.16768289,0.65314466,-2.6853487,8.848543,6.502178,-8.243446,2.4235184,6.115716,-7.469707,2.4469047,0.8652009,9.793858,2.1654618,-9.551462,0.1746121346950531,0.15088067948818207,0.023731455206871033,0.32842397689819336,0.31181156635284424,0.01661241054534912,1.1908592,5.586133,-4.349424,1.4034287,1.1908592,5.586133,-4.349424,1.4034287,1.0,1.0,-1.0,1.0,33.54301452636719,0.4,-0.4,0.4
7.216666666666667,6.5133195,-8.295278,2.8856685,0.9971572,0.073147,0.013218893,0.01233718,-0.31873703,1.5770941,-0.45706412,0.023374995,-0.081890404,-0.13645111,-0.36715627,1.6178055,-0.213608,0.19320129,-1.0245395,-2.7555065,6.4963555,-8.214772,2.4207335,6.115716,-7.469707,2.4469047,0.8370744,10.010956,2.1324804,-9.781195,0.1746121346950531,0.15685653686523438,0.017755597829818726,0.32842397689819336,0.327946275472641,0.00047770142555236816,-0.23140557,-0.11753155,0.29703945,-3.215815,-0.23140557,-0.11753155,0.29703945,-3.215815,-0.23140557,-0.11753155,0.29703945,-1.0,12.890487670898438,-0.047012623,0.11881578,-0.4
7.233333333333333,6.507318,-8.268883,2.8839772,0.99698323,0.07604844,0.009337927,0.012397027,-0.31566456,1.5522038,-0.31113973,0.4494273,-0.5965901,0.1068557,-0.35805717,1.5726299,-0.06647177,0.54594576,-2.710533,8.828173,6.490667,-8.186717,2.4188218,6.115716,-7.469707,2.4469047,0.8096173,10.204163,2.094258,-9.986942,0.1746121346950531,0.12874029576778412,0.04587183892726898,0.32842397689819336,0.32497477531433105,0.0034492015838623047,1.5032951,1.8481425,-1.1203136,1.1654212,1.5032951,1.8481425,-1.1203136,1.1654212,1.0,1.0,-1.0,1.0,33.54301452636719,0.4,-0.4,0.4
7.25,6.501351,-8.242772,2.8814323,0.9969192,0.07717257,0.007817133,0.011634601,-0.3171781,1.5255144,-0.42632276,0.028129661,-0.05546567,-0.13682488,-0.3580113,1.5647109,-0.18181081,0.0027519462,-0.47514436,-6.920342,6.485082,-8.159192,2.417198,6.115716,-7.469707,2.4469047,0.7827538,10.400264,2.0556245,-10.195091,0.1746121346950531,0.1673145890235901,0.007297545671463013,0.32842397689819336,0.3402562737464905,0.01183229684829712,-0.6767437,-5.0009904,4.9333825,-2.8011098,-0.6767437,-5.0009904,4.9333825,-2.8011098,-0.6767437,-1.0,1.0,-1.0,5.42149543762207,-0.4,0.4,-0.4
7.266666666666667,6.495448,-8.217297,2.8802786,0.9966803,0.08009986,0.008228062,0.012022648,-0.31395254,1.4994394,-0.28199008,0.46057186,0.083629794,0.10643134,-0.35294574,1.5167962,-0.03407979,0.3039336,-2.8748772,8.863861,6.479605,-8.132207,2.4158666,6.115716,-7.469707,2.4469047,0.7564951,10.565153,2.0083938,-10.372503,0.1746121346950531,0.15330767631530762,0.021304458379745483,0.32842397689819336,0.327654629945755,0.0007693469524383545,2.1064248,1.0384804,0.20567225,1.4827236,2.1064248,1.0384804,0.20567225,1.4827236,1.0,1.0,0.20567225,1.0,33.54301452636719,0.4,0.0822689,0.4
7.283333333333333,6.4895954,-8.192195,2.8787374,0.99661463,0.08125896,0.0056162244,0.0111652985,-0.31463104,1.4715351,-0.35881826,0.028201513,-0.45769644,-0.13673286,-0.3506065,1.5025178,-0.1125801,0.14035463,-0.85670465,-4.710018,6.4742365,-8.105807,2.4150143,6.115716,-7.469707,2.4469047,0.7308745,10.741544,1.9558055,-10.561988,0.1746121346950531,0.17927752435207367,0.004665389657020569,0.32842397689819336,0.3359624445438385,0.007538467645645142,-0.4362849,-5.852567,-1.0260408,-2.957138,-0.4362849,-5.852567,-1.0260408,-2.957138,-0.4362849,-1.0,-1.0,-1.0,9.454351425170898,-0.4,-0.4,-0.4
7.3,6.483788,-8.167797,2.8787282,0.9967171,0.07996455,0.0052684974,0.011523996,-0.31349307,1.4456577,-0.20143855,-0.2179792,0.1037956,0.106142014,-0.3478713,1.4514056,0.034482688,0.16411184,-3.0667303,8.823767,6.4689784,-8.080025,2.414756,6.115716,-7.469707,2.4469047,0.70591474,10.891301,1.896035,-10.724994,0.1746121346950531,0.10383262485265732,0.07077950984239578,0.32842397689819336,0.30850401520729065,0.01991996169090271,1.6745558,-0.59810734,4.47779,1.9823737,1.6745558,-0.59810734,4.47779,1.9823737,1.0,-0.59810734,1.0,1.0,33.54301452636719,-0.23924294,0.4,0.4
7.316666666666666,6.478001,-8.1435995,2.8772738,0.9966684,0.08080563,0.0028449935,0.010690616,-0.31483728,1.4194452,-0.36253002,0.20363204,-0.43327937,-0.13656612,-0.3470382,1.4521017,-0.12782797,0.049985643,0.04176378,-9.738639,6.463804,-8.054734,2.4143853,6.115716,-7.469707,2.4469047,0.6815273,11.051262,1.8281991,-10.898994,0.1746121346950531,0.10189850628376007,0.07271362841129303,0.32842397689819336,0.2972791790962219,0.031144797801971436,-0.9770651,3.4666257,-1.0583408,-2.6451027,-0.9770651,3.4666257,-1.0583408,-2.6451027,-0.9770651,1.0,-1.0,-1.0,0.3846530616283417,0.4,-0.4,-0.4
7.333333333333333,6.47223,-8.120044,2.8770196,0.9967383,0.079894416,0.0026903113,0.011060327,-0.31453326,1.3932265,-0.20582749,-0.21442614,0.12597696,0.10614546,-0.346039,1.4007987,0.019912958,0.059952732,-3.0781815,8.864455,6.4587083,-8.029943,2.413907,6.115716,-7.469707,2.4469047,0.6577214,11.174687,1.7525938,-11.036397,0.1746121346950531,0.07556422054767609,0.09904791414737701,0.32842397689819336,0.3088284730911255,0.01959550380706787,2.769349,-2.6043186,5.401484,2.2378604,2.769349,-2.6043186,5.401484,2.2378604,1.0,-1.0,1.0,1.0,33.54301452636719,-0.4,0.4,0.4
7.35,6.4664783,-8.097013,2.8773549,0.996673,0.080773555,0.0030419773,0.010450179,-0.3154468,1.3674655,-0.20542295,0.2134288,0.004834495,-0.13664323,-0.3447779,1.3756591,0.018903673,0.07566511,-1.5083741,-0.060557123,6.4537215,-8.005874,2.4144337,6.115716,-7.469707,2.4469047,0.634647,11.31553,1.6691604,-11.191743,0.1746121346950531,0.13012400269508362,0.04448813199996948,0.32842397689819336,0.2952019274234772,0.033222049474716187,0.058009196,4.0242305,-0.25427514,-2.4590254,0.058009196,4.0242305,-0.25427514,-2.4590254,0.058009196,1.0,-0.25427514,-1.0,17.744407653808594,0.4,-0.10171006,-0.4
7.366666666666666,6.460753,-8.074728,2.879529,0.99671865,0.079910226,0.0065236758,0.011116134,-0.31408367,1.3410463,-0.05270892,-0.20406106,0.56359637,0.10610144,-0.34307688,1.3246894,0.1653131,0.10206162,-3.058183,8.784565,6.448847,-7.982582,2.4161937,6.115716,-7.469707,2.4469047,0.6123399,11.431542,1.5747207,-11.322562,0.1746121346950531,0.08524085581302643,0.08937127888202667,0.32842397689819336,0.2945570647716522,0.03386691212654114,1.3329152,-2.7612405,1.5940186,2.0400276,1.3329152,-2.7612405,1.5940186,2.0400276,1.0,-1.0,1.0,1.0,33.54301452636719,-0.4,0.4,0.4
7.383333333333333,6.4550443,-8.052634,2.8802097,0.9966412,0.080818266,0.007915768,0.010584043,-0.31246665,1.3150523,-0.22000147,0.21719444,0.025874041,-0.13677987,-0.34226617,1.3259909,-0.00063743757,0.04864275,0.078091614,-9.957031,6.4440403,-7.959821,2.4179084,6.115716,-7.469707,2.4469047,0.5906349,11.54318,1.469688,-11.449237,0.1746121346950531,0.1191544309258461,0.055457703769207,0.32842397689819336,0.27713656425476074,0.05128741264343262,-1.4842747,4.454776,-5.117025,-2.6241922,-1.4842747,4.454776,-5.117025,-2.6241922,-1.0,1.0,-1.0,-1.0,0.0,0.4,-0.4,-0.4
7.3999999999999995,6.4494076,-8.031178,2.8820717,0.99669695,0.079987064,0.008686201,0.011033093,-0.30921644,1.2885967,-0.064468734,-0.2050902,0.12137666,0.10614124,-0.33687446,1.2748309,0.14688249,0.323503,-3.0695984,8.851195,6.439297,-7.9375777,2.4194868,6.115716,-7.469707,2.4469047,0.5695257,11.6129675,1.3583021,-11.5332575,0.1746121346950531,0.09798984974622726,0.07662228494882584,0.32842397689819336,0.2780137062072754,0.05041027069091797,1.9498763,-1.3393344,0.14582063,2.0467682,1.9498763,-1.3393344,0.14582063,2.0467682,1.0,-1.0,0.14582063,1.0,33.54301452636719,-0.4,0.058328252,0.4
7.416666666666667,6.4438233,-8.010095,2.8835607,0.99664605,0.08093642,0.0064461,0.010210335,-0.3080957,1.2628397,-0.13967714,0.21760203,-0.40990156,-0.13658461,-0.33441523,1.2619553,0.069514,0.14755367,-0.7725405,-4.6421094,6.434623,-7.915969,2.4214795,6.115716,-7.469707,2.4469047,0.549088,11.699259,1.2479811,-11.632506,0.1746121346950531,0.09333725273609161,0.08127488195896149,0.32842397689819336,0.2756766676902771,0.05274730920791626,-0.4315019,4.6991606,-1.8936148,-2.3886929,-0.4315019,4.6991606,-1.8936148,-2.3886929,-0.4315019,1.0,-1.0,-1.0,9.534570693969727,0.4,-0.4,-0.4
7.433333333333334,6.4382935,-7.989706,2.886586,0.9967002,0.080212936,0.0064893486,0.010598003,-0.30647466,1.2362887,0.015449628,-0.18884774,0.14956068,0.106124535,-0.33098474,1.2108402,0.21654125,0.20582913,-3.066902,8.821635,6.430016,-7.895032,2.4240596,6.115716,-7.469707,2.4469047,0.5293465,11.753664,1.1356634,-11.69867,0.1746121346950531,0.1260451227426529,0.04856701195240021,0.32842397689819336,0.30267590284347534,0.025748074054718018,1.0629442,-0.972986,4.3399935,2.3692365,1.0629442,-0.972986,4.3399935,2.3692365,1.0,-0.972986,1.0,1.0,33.54301452636719,-0.3891944,0.4,0.4
7.45,6.432788,-7.96951,2.888121,0.99663264,0.081287794,0.0044441614,0.0097911665,-0.30591315,1.2103063,-0.14976075,0.23265052,-0.38817596,-0.1366359,-0.3301538,1.2121406,0.050656248,0.049856897,0.07802009,-9.953099,6.4254575,-7.8746243,2.4264982,6.115716,-7.469707,2.4469047,0.51021,11.812067,1.0217016,-11.767797,0.1746121346950531,0.11149834841489792,0.06311378628015518,0.32842397689819336,0.2998417019844055,0.028582274913787842,-1.148392,4.858789,-1.5950049,-2.2547956,-1.148392,4.858789,-1.5950049,-2.2547956,-1.0,1.0,-1.0,-1.0,0.0,0.4,-0.4,-0.4
7.466666666666667,6.4273124,-7.949952,2.8908422,0.99649334,0.08291496,0.004718341,0.010186106,-0.3049438,1.183967,0.00036645052,0.18397245,0.17581615,0.10615251,-0.32797194,1.1609523,0.19847634,0.13091147,-3.0712936,8.869205,6.4209394,-7.8547454,2.4287958,6.115716,-7.469707,2.4469047,0.49167454,11.829145,0.90480095,-11.794491,0.1746121346950531,0.12313448637723923,0.05147764831781387,0.32842397689819336,0.3080938756465912,0.020330101251602173,1.3826617,-0.13530423,4.7032914,2.6467168,1.3826617,-0.13530423,4.7032914,2.6467168,1.0,-0.13530423,1.0,1.0,33.54301452636719,-0.05412169,0.4,0.4
7.483333333333333,6.4218564,-7.930603,2.8920732,0.99660355,0.08176205,0.0028053112,0.009395651,-0.3048807,1.1564326,-0.15955351,-0.24907616,-0.37233523,-0.13703398,-0.32708594,1.1609112,0.032341864,0.05315959,-0.002467632,-9.968068,6.4164586,-7.8353767,2.430845,6.115716,-7.469707,2.4469047,0.47372818,11.86107,0.7866091,-11.834957,0.1746121346950531,0.10300829261541367,0.07160384207963943,0.32842397689819336,0.3059443533420563,0.022479623556137085,-1.1183959,-1.4911071,-1.1354597,-1.9475386,-1.1183959,-1.4911071,-1.1354597,-1.9475386,-1.0,-1.0,-1.0,-1.0,0.0,-0.4,-0.4,-0.4
7.5,6.416421,-7.9118924,2.8944914,0.99654496,0.08240945,0.0032443204,0.0098100165,-0.3044473,1.1310247,-0.007073611,0.18758342,0.1983698,0.10628831,-0.32594875,1.1104907,0.18034115,0.06823182,-3.0252311,8.879957,6.4120097,-7.8165407,2.432748,6.115716,-7.469707,2.4469047,0.45638144,11.856156,0.66624284,-11.837422,0.1746121346950531,0.1457502394914627,0.028861895203590393,0.32842397689819336,0.31345686316490173,0.014967113733291626,1.9118631,7.0582585,5.0057745,3.155145,1.9118631,7.0582585,5.0057745,3.155145,1.0,1.0,1.0,1.0,33.54301452636719,0.4,0.4,0.4
7.516666666666667,6.411004,-7.8934894,2.8960655,0.9966057,0.08179974,0.0018905385,0.009064462,-0.30458194,1.1036257,-0.11679347,-0.16222578,-0.29101744,-0.13686328,-0.3247413,1.1021165,0.06544396,0.07244646,-0.50245285,-6.8938313,6.4075894,-7.7982945,2.4347963,6.115716,-7.469707,2.4469047,0.43966633,11.865736,0.54446703,-11.853238,0.1746121346950531,0.13720977306365967,0.03740236163139343,0.32842397689819336,0.3191838264465332,0.009240150451660156,-0.6706761,-0.808057,-0.90019464,-1.5332762,-0.6706761,-0.808057,-0.90019464,-1.5332762,-0.6706761,-0.808057,-0.90019464,-1.0,5.523258209228516,-0.32322282,-0.36007786,-0.4
7.533333333333333,6.4055996,-7.8757567,2.8990293,0.9964859,0.0831615,0.0030091284,0.0095344335,-0.3044291,1.0782125,0.033337872,0.27438366,0.2795107,0.10645867,-0.32406387,1.0516424,0.2129823,0.04064619,-3.0284426,8.8523,6.403191,-7.78067,2.4371333,6.115716,-7.469707,2.4469047,0.4235983,11.840958,0.42145765,-11.833454,0.1746121346950531,0.15713848173618317,0.017473652958869934,0.32842397689819336,0.3227623403072357,0.005661636590957642,1.5517749,6.516353,4.563096,3.3041282,1.5517749,6.516353,4.563096,3.3041282,1.0,1.0,1.0,1.0,33.54301452636719,0.4,0.4,0.4
7.55,6.4002113,-7.858229,2.900501,0.99652934,0.0827507,0.0019645758,0.008813903,-0.30440515,1.0503354,-0.12899905,-0.15867954,-0.26879567,-0.13672903,-0.32315812,1.0516121,0.04678154,0.054345127,-0.0018167495,-9.972045,6.3988104,-7.76357,2.439296,6.115716,-7.469707,2.4469047,0.40811235,11.823542,0.29727316,-11.819804,0.1746121346950531,0.12416507303714752,0.05044706165790558,0.32842397689819336,0.32476428151130676,0.0036596953868865967,-1.3212688,-2.094115,-1.622017,-1.1209251,-1.3212688,-2.094115,-1.622017,-1.1209251,-1.0,-1.0,-1.0,-1.0,0.0,-0.4,-0.4,-0.4
7.566666666666666,6.3948345,-7.8413477,2.9031582,0.99640507,0.084140144,0.0032671674,0.009301215,-0.30417183,1.0245312,0.021585751,0.2779333,0.30178657,0.106631406,-0.32236534,1.0004241,0.19463485,0.04756629,-3.0712793,8.871199,6.3944354,-7.7470026,2.4413276,6.115716,-7.469707,2.4469047,0.39320284,11.767203,0.17291348,-11.765933,0.1746121346950531,0.14863666892051697,0.025975465774536133,0.32842397689819336,0.3244764804840088,0.00394749641418457,1.7229109,6.6524925,4.4073668,3.572497,1.7229109,6.6524925,4.4073668,3.572497,1.0,1.0,1.0,1.0,33.54301452636719,0.4,0.4,0.4
7.583333333333333,6.389474,-7.824677,2.9043248,0.99644023,0.08375959,0.0023533395,0.009247637,-0.30266193,0.99667734,-0.14087826,-0.15501764,-0.24648103,-0.03202658,-0.32146102,1.0003346,0.028462203,0.054259297,-0.00537157,-9.970359,6.3900666,-7.7309456,2.4431243,6.115716,-7.469707,2.4469047,0.3788511,11.726424,0.049260847,-11.72632,0.1746121346950531,0.10914909839630127,0.06546303629875183,0.32842397689819336,0.3139561414718628,0.014467835426330566,-1.2459451,-2.3469882,-1.9815836,-0.5700252,-1.2459451,-2.3469882,-1.9815836,-0.5700252,-1.0,-1.0,-1.0,-0.5700252,0.0,-0.4,-0.4,-0.22801009
7.6,6.3841314,-7.808658,2.9066756,0.99630183,0.08518029,0.0037677602,0.010618868,-0.3005627,0.9709901,0.009738341,0.28174934,0.32387596,0.21113156,-0.32031778,0.9484761,0.17619394,0.06859481,-3.1115124,8.863904,6.385696,-7.715413,2.4447887,6.115716,-7.469707,2.4469047,0.36505497,11.6492,-0.07315561,-11.648971,0.1746121346950531,0.1533670723438263,0.021245062351226807,0.32842397689819336,0.32096734642982483,0.00745663046836853,1.9548061,6.206477,3.8068938,2.6140115,1.9548061,6.206477,3.8068938,2.6140115,1.0,1.0,1.0,1.0,33.54301452636719,0.4,0.4,0.4
7.616666666666666,6.3788047,-7.7928514,2.9075348,0.99633247,0.08482887,0.0030211383,0.010797072,-0.29845896,0.94296485,-0.15289296,-0.15159817,-0.22405984,-0.03209183,-0.31938896,0.948434,0.010016339,0.055729147,-0.0025248525,-9.970655,6.381318,-7.7003846,2.446223,6.115716,-7.469707,2.4469047,0.35179126,11.589293,-0.19310051,-11.587684,0.1746121346950531,0.1253713220357895,0.04924081265926361,0.32842397689819336,0.3144274950027466,0.013996481895446777,-1.3481278,-3.4036508,-2.5798917,-2.4103312,-1.3481278,-3.4036508,-2.5798917,-2.4103312,-1.0,-1.0,-1.0,-1.0,0.0,-0.4,-0.4,-0.4
7.633333333333333,6.3735037,-7.7777066,2.9095757,0.99618614,0.086274125,0.00462239,0.012184127,-0.29620183,0.91682917,-0.0022211336,0.2851244,0.3462327,0.21111305,-0.31765142,0.89586353,0.15761438,0.10425209,-3.1542275,8.855882,6.376927,-7.685878,2.4475303,6.115716,-7.469707,2.4469047,0.3390595,11.49384,-0.31022123,-11.489653,0.1746121346950531,0.165969118475914,0.008643016219139099,0.32842397689819336,0.31396007537841797,0.01446390151977539,2.1330736,5.5480947,3.157034,2.7495883,2.1330736,5.5480947,3.157034,2.7495883,1.0,1.0,1.0,1.0,33.54301452636719,0.4,0.4,0.4
7.6499999999999995,6.3682213,-7.7627764,2.9101257,0.9962142,0.085949734,0.004061297,0.01237732,-0.29383627,0.8884286,-0.16500232,-0.14823663,-0.2016861,-0.032146614,-0.316712,0.8958186,-0.008574949,0.056365725,-0.002696514,-9.971359,6.372518,-7.6718674,2.4486141,6.115716,-7.469707,2.4469047,0.32683182,11.417128,-0.4225171,-11.409307,0.1746121346950531,0.1489146649837494,0.02569746971130371,0.32842397689819336,0.30805107951164246,0.020372897386550903,-1.3945045,-4.40469,-3.449479,-2.301394,-1.3945045,-4.40469,-3.449479,-2.301394,-1.0,-1.0,-1.0,-1.0,0.0,-0.4,-0.4,-0.4
7.666666666666667,6.3629746,-7.748518,2.9118552,0.9960591,0.08741872,0.005848838,0.013780106,-0.29129025,0.86181545,-0.014251493,0.28842703,0.3685427,0.21111175,-0.314137,0.84250146,0.13888222,0.1544988,-3.1990275,8.847429,6.368087,-7.658371,2.4495747,6.115716,-7.469707,2.4469047,0.31510675,11.305958,-0.5303414,-11.293512,0.1746121346950531,0.16698774695396423,0.007624387741088867,0.32842397689819336,0.3057394325733185,0.022684544324874878,2.2030535,4.4458485,2.287374,2.8317442,2.2030535,4.4458485,2.287374,2.8317442,1.0,1.0,1.0,1.0,33.54301452636719,0.4,0.4,0.4
7.683333333333334,6.3577514,-7.734477,2.9120924,0.9960846,0.08712004,0.005472253,0.013988726,-0.28853565,0.8330186,-0.17716384,-0.14493911,-0.17937477,-0.032191664,-0.31318885,0.8424526,-0.027317222,0.05688965,-0.0029325483,-9.971966,6.363631,-7.6453648,2.4503152,6.115716,-7.469707,2.4469047,0.3038569,11.215387,-0.63098705,-11.197623,0.1746121346950531,0.15922337770462036,0.01538875699043274,0.32842397689819336,0.30620020627975464,0.02222377061843872,-1.6446874,-4.993353,-4.5370626,-2.1904562,-1.6446874,-4.993353,-4.5370626,-2.1904562,-1.0,-1.0,-1.0,-1.0,0.0,-0.4,-0.4,-0.4
7.7,6.352577,-7.7211165,2.913508,0.9959192,0.088611946,0.007445614,0.015407128,-0.28557238,0.8058994,-0.026307374,0.2916532,0.3908004,0.21112302,-0.30953556,0.78835744,0.11999078,0.21919726,-3.2457087,8.83848,6.359142,-7.6328607,2.4509375,6.115716,-7.469707,2.4469047,0.29307255,11.091227,-0.7256899,-11.06746,0.1746121346950531,0.15852640569210052,0.016085729002952576,0.32842397689819336,0.302397757768631,0.026026219129562378,2.0943203,2.9363308,1.176746,2.8384428,2.0943203,2.9363308,1.176746,2.8384428,1.0,1.0,1.0,1.0,33.54301452636719,0.4,0.4,0.4
7.716666666666667,6.3474298,-7.707979,2.91343,0.99594146,0.08833829,0.0072534797,0.01563192,-0.28230146,0.7766841,-0.18933263,-0.14171663,-0.15713865,-0.032214936,-0.3085804,0.7883028,-0.046217572,0.057309862,-0.0032794473,-9.972501,6.354618,-7.620837,2.4513428,6.115716,-7.469707,2.4469047,0.28272647,10.989686,-0.8102707,-10.959775,0.1746121346950531,0.1727345734834671,0.0018775612115859985,0.32842397689819336,0.3119320571422577,0.01649191975593567,-2.0698125,-5.5916295,-5.568241,-2.109528,-2.0698125,-5.5916295,-5.568241,-2.109528,-1.0,-1.0,-1.0,-1.0,0.0,-0.4,-0.4,-0.4
7.733333333333333,6.342356,-7.6955304,2.9145243,0.9957997,0.08987994,0.005102449,0.016684957,-0.2784677,0.7490358,-0.036195558,0.28841066,-0.2793463,0.21086149,-0.3029778,0.7334809,0.10059429,0.33615586,-3.2893143,8.808711,6.350053,-7.609306,2.45163,6.115716,-7.469707,2.4469047,0.27280748,10.856089,-0.8872603,-10.81977,0.1746121346950531,0.17974953353405,0.005137398838996887,0.32842397689819336,0.3081074655056,0.020316511392593384,1.7495246,1.0827421,-0.27553058,2.7728496,1.7495246,1.0827421,-0.27553058,2.7728496,1.0,1.0,-0.27553058,1.0,33.54301452636719,0.4,-0.11021223,0.4
7.75,6.3372965,-7.6833086,2.9141295,0.99581164,0.08963321,0.005993242,0.01700402,-0.27731508,0.71940607,-0.19934626,-0.13355014,0.24017021,-0.0324957,-0.3037121,0.73328686,-0.06509219,-0.04405796,-0.011640786,-9.941189,6.345448,-7.598245,2.4517035,6.115716,-7.469707,2.4469047,0.26329052,10.746581,-0.9500068,-10.704508,0.1746121346950531,0.1666841059923172,0.007928028702735901,0.32842397689819336,0.30470573902130127,0.02371823787689209,-1.7243898,-6.135925,0.96542966,-2.0288863,-1.7243898,-6.135925,0.96542966,-2.0288863,-1.0,-1.0,0.96542966,-1.0,0.0,-0.4,0.38617188,-0.4
7.766666666666667,6.332308,-7.671799,2.9149008,0.9961285,0.08589393,0.0045342185,0.0181535,-0.27314696,0.6908784,-0.039398286,-0.56088215,-0.28644517,0.21015106,-0.2978829,0.67687273,0.08113905,0.34975109,-3.3848474,8.773873,6.3408,-7.5876656,2.4516637,6.115716,-7.469707,2.4469047,0.25416452,10.606527,-1.0061618,-10.558696,0.1746121346950531,0.1726599633693695,0.0019521713256835938,0.32842397689819336,0.31152021884918213,0.01690375804901123,1.235727,-1.1512123,-4.707138,2.5992136,1.235727,-1.1512123,-4.707138,2.5992136,1.0,-1.0,-1.0,1.0,33.54301452636719,-0.4,-0.4,0.4
7.783333333333333,6.3273396,-7.6605563,2.9144862,0.99629384,0.08392868,0.004146442,0.018367188,-0.27239293,0.66455376,-0.175521,-0.13001163,0.04245287,-0.03250581,-0.29805008,0.67391104,-0.06039343,-0.010029673,-0.1777017,-8.491948,6.3361015,-7.5775766,2.4515944,6.115716,-7.469707,2.4469047,0.2454132,10.494453,-1.0481904,-10.441976,0.1746121346950531,0.14275549352169037,0.03185664117336273,0.32842397689819336,0.3099343478679657,0.01848962903022766,-0.8459585,3.8484676,0.5953373,-1.7623807,-0.8459585,3.8484676,0.5953373,-1.7623807,-0.8459585,1.0,0.5953373,-1.0,2.5835087299346924,0.4,0.2381349,-0.4
7.8,6.3224277,-7.649987,2.915343,0.9964621,0.081771925,0.001095779,0.019374935,-0.2692513,0.6379284,-0.017601024,-0.31214926,-0.48083195,0.21027373,-0.29366055,0.6213411,0.08635648,0.26337147,-3.1541953,8.804995,6.3313513,-7.567992,2.4516156,6.115716,-7.469707,2.4469047,0.2370248,10.353822,-1.0815074,-10.297183,0.1746121346950531,0.16756856441497803,0.007043570280075073,0.32842397689819336,0.3145703673362732,0.013853609561920166,1.271562,-0.426161,-2.955886,2.75745,1.271562,-0.426161,-2.955886,2.75745,1.0,-0.426161,-1.0,1.0,33.54301452636719,-0.1704644,-0.4,0.4
7.816666666666666,6.3175254,-7.6396375,2.914818,0.9965359,0.08082839,0.0004651306,0.019561304,-0.27010843,0.612293,-0.1710892,-0.04957237,0.06526258,-0.032525882,-0.2944267,0.62083167,-0.07080776,-0.045969483,-0.030566452,-9.429854,6.3265524,-7.558871,2.4515193,6.115716,-7.469707,2.4469047,0.2289617,10.233137,-1.1014626,-10.173685,0.1746121346950531,0.13931728899478912,0.03529484570026398,0.32842397689819336,0.30584701895713806,0.022576957941055298,-0.9467596,0.6009724,2.8039937,-1.8978717,-0.9467596,0.6009724,2.8039937,-1.8978717,-0.9467596,0.6009724,1.0,-1.0,0.892922043800354,0.24038897,0.4,-0.4
7.833333333333333,6.3126445,-7.6299343,2.915506,0.9967528,0.07780869,-0.0024309442,0.020583127,-0.26831385,0.58637404,-0.012555462,-0.47666743,-0.46103007,0.2101197,-0.292345,0.56981784,0.07633202,0.124903314,-3.0608294,8.828387,6.321699,-7.550219,2.4513865,6.115716,-7.469707,2.4469047,0.2212043,10.081456,-1.1142364,-10.019692,0.1746121346950531,0.1599923074245453,0.014619827270507812,0.32842397689819336,0.3213467299938202,0.007077246904373169,1.4440144,-1.6558865,-2.6565976,2.8290315,1.4440144,-1.6558865,-2.6565976,2.8290315,1.0,-1.0,-1.0,1.0,33.54301452636719,-0.4,-0.4,0.4
7.85,6.3077602,-7.620595,2.915815,0.9968441,0.076561704,-0.0028584073,0.02078378,-0.27025715,0.562341,-0.08578025,-0.04260167,0.092308566,-0.032507066,-0.2933509,0.55728614,-0.0014044264,-0.060355064,-0.7519018,-4.6641865,6.316785,-7.542115,2.4517233,6.115716,-7.469707,2.4469047,0.21376356,9.9509,-1.1176504,-9.887936,0.1746121346950531,0.13204121589660645,0.042570918798446655,0.32842397689819336,0.3094616234302521,0.018962353467941284,-0.437081,3.2892885,3.4168267,-1.9434911,-0.437081,3.2892885,3.4168267,-1.9434911,-0.437081,1.0,1.0,-1.0,9.440999984741211,0.4,0.4,-0.4
7.866666666666666,6.3028736,-7.611723,2.9163938,0.9970345,0.073586226,-0.005572661,0.021821734,-0.26974478,0.53781176,-0.030016517,-0.47107092,-0.4411047,0.21017219,-0.2930774,0.5243705,0.0452322,0.016409755,-1.974939,2.7981975,6.311817,-7.534452,2.4519277,6.115716,-7.469707,2.4469047,0.206574,9.796718,-1.113942,-9.733181,0.1746121346950531,0.1598399579524994,0.014772176742553711,0.32842397689819336,0.3295864462852478,0.0011624693870544434,0.35619625,-1.4663905,-2.4024882,2.9280314,0.35619625,-1.4663905,-2.4024882,2.9280314,0.35619625,-1.0,-1.0,1.0,22.74545669555664,-0.4,-0.4,0.4
7.883333333333333,6.2979574,-7.603349,2.9176493,0.9971162,0.0723895,-0.0057830256,0.022036543,-0.2727471,0.5151168,0.013782876,-0.03542238,0.12033434,-0.03249489,-0.29564756,0.49546683,0.08385355,-0.15420912,-1.7342197,2.317281,6.3067875,-7.5273423,2.452734,6.115716,-7.469707,2.4469047,0.19966005,9.645225,-1.1039349,-9.581841,0.1746121346950531,0.13435357809066772,0.040258556604385376,0.32842397689819336,0.3198584318161011,0.008565545082092285,0.30378386,4.0832267,4.1196313,-2.1818874,0.30378386,4.0832267,4.1196313,-2.1818874,0.30378386,1.0,1.0,-1.0,21.86642074584961,0.4,0.4,-0.4
7.8999999999999995,6.2930408,-7.5951123,2.9170835,0.997283,0.0694526,-0.008352375,0.023087587,-0.27374628,0.4923076,-0.13719563,-0.4667368,-0.42742935,0.21028125,-0.29481244,0.4938033,-0.07328285,0.050107237,-0.09981214,-9.4281845,6.30172,-7.520545,2.4527214,6.115716,-7.469707,2.4469047,0.19291419,9.486469,-1.089925,-9.423649,0.1746121346950531,0.1759268045425415,0.0013146698474884033,0.32842397689819336,0.33053645491600037,0.002112478017807007,-0.9466511,-1.1298946,-2.0284166,3.0399723,-0.9466511,-1.1298946,-2.0284166,3.0399723,-0.9466511,-1.0,-1.0,1.0,0.894741415977478,-0.4,-0.4,0.4
7.916666666666667,6.288061,-7.587421,2.9177547,0.99735725,0.06829644,-0.0084001515,0.023311963,-0.27777976,0.47114867,0.01750839,-0.029528914,0.14166404,-0.032433927,-0.3001256,0.45125103,0.07580457,-0.31878945,-2.5531356,8.945246,6.296605,-7.5141625,2.4525585,6.115716,-7.469707,2.4469047,0.18635756,9.305459,-1.0713239,-9.243584,0.1746121346950531,0.14442935585975647,0.03018277883529663,0.32842397689819336,0.32898643612861633,0.0005624592304229736,2.5047681,5.356242,5.1072564,-2.431917,2.5047681,5.356242,5.1072564,-2.431917,1.0,1.0,1.0,-1.0,33.54301452636719,0.4,0.4,-0.4
7.933333333333334,6.283053,-7.580065,2.9181304,0.9974198,0.06666274,-0.010708651,0.024393206,-0.27933604,0.44948384,-0.049034577,-0.25861233,-0.39766133,0.21038572,-0.3005654,0.43830648,0.004075025,-0.02638757,-0.7766729,-4.3037724,6.2914295,-7.5082893,2.4529092,6.115716,-7.469707,2.4469047,0.17999971,9.140982,-1.0546064,-9.079942,0.1746121346950531,0.17088328301906586,0.0037288516759872437,0.32842397689819336,0.3355768322944641,0.007152855396270752,-0.39523968,-0.52907723,-1.1094153,3.1657841,-0.39523968,-0.52907723,-1.1094153,3.1657841,-0.39523968,-0.52907723,-1.0,1.0,10.142741203308105,-0.2116309,-0.4,0.4
7.95,6.27796,-7.5732765,2.920083,0.9973781,0.06722768,-0.010464227,0.024651026,-0.28422898,0.4291456,0.10301498,0.17813237,0.17177458,-0.032463387,-0.30733624,0.39730075,0.15251455,-0.40625092,-2.4603436,8.906371,6.286194,-7.502944,2.4539533,6.115716,-7.469707,2.4469047,0.17383061,8.954525,-1.0339453,-8.894631,0.1746121346950531,0.18082158267498016,0.006209447979927063,0.32842397689819336,0.3315661549568176,0.0031421780586242676,1.0705289,2.513188,5.7204986,-2.4843187,1.0705289,2.513188,5.7204986,-2.4843187,1.0,1.0,1.0,-1.0,33.54301452636719,0.4,0.4,-0.4
7.966666666666667,6.272845,-7.5666604,2.9205477,0.99742013,0.06603186,-0.011174533,0.02584174,-0.28675908,0.4073997,-0.060256116,-0.25153816,-0.15293342,0.21036287,-0.30676964,0.39691553,-0.013657885,0.033996105,-0.023113487,-9.9703455,6.280909,-7.498001,2.4549136,6.115716,-7.469707,2.4469047,0.1677899,8.773482,-1.016345,-8.714415,0.1746121346950531,0.15769422054290771,0.016917914152145386,0.32842397689819336,0.32066845893859863,0.0077555179595947266,-1.9397827,-3.4431667,-0.5881647,3.2372158,-1.9397827,-3.4431667,-0.5881647,3.2372158,-1.0,-1.0,-0.5881647,1.0,0.0,-0.4,-0.23526588,0.4
7.983333333333333,6.2676477,-7.5605593,2.9222155,0.9973953,0.06659754,-0.008895097,0.026232861,-0.29190862,0.38719845,0.09138784,0.18458195,0.41620547,-0.03261311,-0.31348342,0.3561181,0.13562109,-0.40282664,-2.4478445,8.9567375,6.275582,-7.4934464,2.4557831,6.115716,-7.469707,2.4469047,0.16186252,8.563589,-0.99538976,-8.505543,0.1746121346950531,0.14571234583854675,0.028899788856506348,0.32842397689819336,0.3197602927684784,0.008663684129714966,1.257595,2.2763033,3.8604336,-2.9180017,1.257595,2.2763033,3.8604336,-2.9180017,1.0,1.0,1.0,-1.0,33.54301452636719,0.4,0.4,-0.4
8.0,6.262434,-7.5546284,2.922398,0.9974387,0.06542933,-0.008968586,0.027468998,-0.29361838,0.36567202,-0.07243887,-0.24716352,-0.13218108,0.21030527,-0.31255943,0.35573506,-0.030567002,0.05543947,-0.022982953,-9.971285,6.27021,-7.4892564,2.4564502,6.115716,-7.469707,2.4469047,0.15601805,8.370093,-0.9793202,-8.312604,0.1746121346950531,0.1499396711587906,0.024672463536262512,0.32842397689819336,0.3159385621547699,0.012485414743423462,-1.7768683,-3.7419524,-2.6655083,3.147635,-1.7768683,-3.7419524,-2.6655083,3.147635,-1.0,-1.0,-1.0,1.0,0.0,-0.4,-0.4,0.4
8.016666666666666,6.2571588,-7.5492096,2.9237852,0.9974076,0.0660226,-0.0065147453,0.027868493,-0.2980043,0.34558067,0.07906211,0.18884964,0.43688172,-0.032677863,-0.31776163,0.31527925,0.11878522,-0.3121322,-2.4273489,8.961133,6.2647963,-7.4854374,2.4570184,6.115716,-7.469707,2.4469047,0.15024866,8.152202,-0.95977795,-8.095506,0.1746121346950531,0.11559006571769714,0.05902206897735596,0.32842397689819336,0.2965809404850006,0.03184303641319275,1.4290069,1.5753144,3.6944747,-3.037851,1.4290069,1.5753144,3.6944747,-3.037851,1.0,1.0,1.0,-1.0,33.54301452636719,0.4,0.4,-0.4
8.033333333333333,6.2518744,-7.5439587,2.923687,0.99744695,0.06488826,-0.0064163357,0.029118504,-0.29903224,0.32424635,-0.08503278,-0.24287602,-0.11148147,0.21025363,-0.31683835,0.31488362,-0.04741635,0.055396553,-0.023737548,-9.972094,6.259341,-7.4819646,2.4573889,6.115716,-7.469707,2.4469047,0.14452766,7.952187,-0.94270796,-7.896112,0.1746121346950531,0.14723379909992218,0.02737833559513092,0.32842397689819336,0.30804237723350525,0.02038159966468811,-1.6330563,-4.1444235,-2.9309468,3.047085,-1.6330563,-4.1444235,-2.9309468,3.047085,-1.0,-1.0,-1.0,1.0,0.0,-0.4,-0.4,0.4
8.05,6.246549,-7.5392203,2.9247942,0.9974889,0.064264104,-0.0038397147,0.02951572,-0.30252445,0.3038782,0.0670759,-0.0064757564,0.45512488,-0.03286112,-0.32029107,0.27455977,0.10194482,-0.20716308,-2.419431,8.961669,6.2538447,-7.4788456,2.4576676,6.115716,-7.469707,2.4469047,0.1388485,7.7297373,-0.92157644,-7.674603,0.1746121346950531,0.1109972819685936,0.0636148527264595,0.32842397689819336,0.2989448606967926,0.029479116201400757,1.639389,0.5322745,3.4283576,-3.1468675,1.639389,0.5322745,3.4283576,-3.1468675,1.0,0.5322745,1.0,-1.0,33.54301452636719,0.2129098,0.4,-0.4
8.066666666666666,6.241223,-7.53465,2.9244156,0.99762565,0.0615054,-0.003636717,0.030770604,-0.30275595,0.2834359,-0.09637201,-0.4381192,-0.093332484,0.20995033,-0.31936848,0.27415067,-0.06426368,0.055355426,-0.024545787,-9.972509,6.24831,-7.476055,2.457754,6.115716,-7.469707,2.4469047,0.1331886,7.527036,-0.900504,-7.4729757,0.1746121346950531,0.1254597306251526,0.04915240406990051,0.32842397689819336,0.30014970898628235,0.02827426791191101,-1.5025964,-3.4142098,-3.3576283,2.6803648,-1.5025964,-3.4142098,-3.3576283,2.6803648,-1.0,-1.0,-1.0,1.0,0.0,-0.4,-0.4,0.4
8.083333333333334,6.235879,-7.530556,2.925245,0.99768144,0.06049437,-0.00090950663,0.031166632,-0.3052505,0.26455373,0.055649366,-0.0020155925,0.47507125,-0.033032816,-0.32102948,0.23643343,0.085455775,-0.09966015,-2.263034,8.983167,6.2427373,-7.473597,2.4577513,6.115716,-7.469707,2.4469047,0.12754291,7.3040214,-0.8747818,-7.251447,0.1746121346950531,0.10175252705812454,0.07285960763692856,0.32842397689819336,0.2873291075229645,0.04109486937522888,1.9036057,3.2641249,3.0802145,-3.23566,1.9036057,3.2641249,3.0802145,-3.23566,1.0,1.0,1.0,-1.0,33.54301452636719,0.4,0.4,-0.4
8.1,6.2305393,-7.526622,2.924592,0.9978026,0.057770237,-0.0005393109,0.032437205,-0.3045623,0.2453702,-0.1082919,-0.43362927,-0.073360324,0.20977846,-0.3201091,0.23600854,-0.08075893,0.055223104,-0.0254935,-9.972881,6.237126,-7.4714513,2.4575624,6.115716,-7.469707,2.4469047,0.12188926,7.0986514,-0.8465286,-7.0479956,0.1746121346950531,0.11308683454990387,0.06152530014514923,0.32842397689819336,0.30100035667419434,0.027423620223999023,-1.3356357,-3.547338,-3.9761682,2.1883173,-1.3356357,-3.547338,-3.9761682,2.1883173,-1.0,-1.0,-1.0,1.0,0.0,-0.4,-0.4,0.4
8.116666666666667,6.225207,-7.523134,2.9251502,0.9978435,0.0567863,0.0023546848,0.0328338,-0.30592686,0.22769089,0.04338644,0.002369182,0.49495864,-0.03321804,-0.31975695,0.20069334,0.06924184,0.021128653,-2.118912,9.000046,6.2314796,-7.4696193,2.457289,6.115716,-7.469707,2.4469047,0.11622851,6.873851,-0.81297827,-6.825606,0.1746121346950531,0.11226786673069,0.0623442679643631,0.32842397689819336,0.30909866094589233,0.019325315952301025,2.0894182,3.0384254,2.4488401,-3.4249027,2.0894182,3.0384254,2.4488401,-3.4249027,1.0,1.0,1.0,-1.0,33.54301452636719,0.4,0.4,-0.4
8.133333333333333,6.2198887,-7.5197954,2.9242263,0.9979484,0.054096352,0.0028917678,0.034119226,-0.30419058,0.209737,-0.12100803,-0.42921147,-0.053446192,0.20959179,-0.31883952,0.2002525,-0.096978135,0.055046078,-0.026450155,-9.973198,6.225799,-7.468079,2.4568326,6.115716,-7.469707,2.4469047,0.110541865,6.6649737,-0.77424866,-6.61985,0.1746121346950531,0.11779239028692245,0.056819744408130646,0.32842397689819336,0.3091104328632355,0.019313544034957886,-1.2223147,-3.6147323,-4.851573,1.5266985,-1.2223147,-3.6147323,-4.851573,1.5266985,-1.0,-1.0,-1.0,1.0,0.0,-0.4,-0.4,0.4
8.15,6.214607,-7.516874,2.9245172,0.9979727,0.053138494,0.005951972,0.034515254,-0.30429608,0.19323099,0.030370815,0.00668324,0.51478046,-0.033417728,-0.31626683,0.16731502,0.05326968,0.15436111,-1.9762489,9.014869,6.220089,-7.466833,2.4562953,6.115716,-7.469707,2.4469047,0.10483397,6.437879,-0.7295157,-6.3964124,0.1746121346950531,0.09566833823919296,0.07894379645586014,0.32842397689819336,0.29835641384124756,0.0300675630569458,2.1118908,2.837956,1.4086089,-3.7328815,2.1118908,2.837956,1.4086089,-3.7328815,1.0,1.0,1.0,-1.0,33.54301452636719,0.4,0.4,-0.4
8.166666666666666,6.2093463,-7.514091,2.9233274,0.99807346,0.050479047,0.006675452,0.03544714,-0.30150533,0.17628047,-0.1344344,-0.42487618,-0.033531666,0.15039507,-0.3153476,0.16688456,-0.11295261,0.055153366,-0.025827883,-9.973337,6.214347,-7.465861,2.4555786,6.115716,-7.469707,2.4469047,0.099086255,6.2252307,-0.6766608,-6.188346,0.1746121346950531,0.1317998170852661,0.04281231760978699,0.32842397689819336,0.2972167730331421,0.03120720386505127,-1.2068106,-3.6383986,-5.7614193,0.757254,-1.2068106,-3.6383986,-5.7614193,0.757254,-1.0,-1.0,-1.0,0.757254,0.0,-0.4,-0.4,0.3029016
8.183333333333334,6.2041583,-7.5116954,2.9233515,0.9981225,0.04962413,0.0070163566,0.035206832,-0.29983547,0.1606179,0.01822308,0.007117056,0.06836397,-0.09231536,-0.30992034,0.13635078,0.03727392,0.32563624,-1.8320265,9.013592,6.208579,-7.4651637,2.4547813,6.115716,-7.469707,2.4469047,0.09330721,5.995469,-0.6172144,-5.963614,0.1746121346950531,0.11338236182928085,0.06122977286577225,0.32842397689819336,0.2873370945453644,0.04108688235282898,2.0552301,2.8530993,0.140269,-3.4349055,2.0552301,2.8530993,0.140269,-3.4349055,1.0,1.0,0.140269,-1.0,33.54301452636719,0.4,0.0561076,-0.4
8.2,6.199004,-7.509429,2.9218946,0.9982392,0.04709839,0.004036338,0.035830945,-0.29783455,0.1447453,-0.14463924,-0.42394972,-0.4796357,0.15050593,-0.30901325,0.13587116,-0.12894559,0.054425593,-0.028777419,-9.973169,6.2027845,-7.4647202,2.4538054,6.115716,-7.469707,2.4469047,0.08748384,5.7786937,-0.54564416,-5.7528753,0.1746121346950531,0.10190963000059128,0.07270250469446182,0.32842397689819336,0.2873864471912384,0.041037529706954956,-1.0014485,-2.7654614,-2.0868545,1.8311306,-1.0014485,-2.7654614,-2.0868545,1.8311306,-1.0,-1.0,-1.0,1.0,0.0,-0.4,-0.4,0.4
8.216666666666667,6.1938868,-7.5075245,2.921659,0.99828786,0.04630965,0.0035813372,0.035551812,-0.29806846,0.13023338,0.008532627,0.012572384,0.08947734,-0.092035666,-0.30641925,0.10730248,0.021720283,0.15563963,-1.7141206,9.039952,6.196969,-7.464529,2.4527562,6.115716,-7.469707,2.4469047,0.081627876,5.5464435,-0.46660012,-5.526782,0.1746121346950531,0.10236019641160965,0.07225193828344345,0.32842397689819336,0.28417229652404785,0.04425168037414551,2.5766525,3.403988,5.0653954,-3.4375439,2.5766525,3.403988,5.0653954,-3.4375439,1.0,1.0,1.0,-1.0,33.54301452636719,0.4,0.4,-0.4
8.233333333333333,6.188804,-7.505863,2.9212532,0.998384,0.043828744,0.00082668656,0.03616167,-0.29670203,0.11504578,-0.050322965,-0.416985,-0.45131457,0.14640917,-0.30446693,0.09725864,-0.040505085,0.11713921,-0.6026302,-3.733522,6.1911297,-7.464648,2.4523253,6.115716,-7.469707,2.4469047,0.075777344,5.3279686,-0.38043538,-5.314369,0.1746121346950531,0.10833883285522461,0.06627330183982849,0.32842397689819336,0.28141874074935913,0.04700523614883423,-0.33719686,-2.7475715,-1.0522122,0.9821305,-0.33719686,-2.7475715,-1.0522122,0.9821305,-0.33719686,-1.0,-1.0,0.9821305,11.11620807647705,-0.4,-0.4,0.39285222
8.25,6.1837373,-7.5045767,2.922483,0.9984273,0.043089323,0.0006094348,0.03585726,-0.29796138,0.10145909,0.10167464,0.019360842,0.11769743,-0.0961433,-0.30401635,0.070727274,0.10947316,0.027034877,-1.591882,8.998694,6.1852736,-7.4650774,2.4527004,6.115716,-7.469707,2.4469047,0.06995208,5.1018376,-0.2870324,-5.093757,0.1746121346950531,0.12404283881187439,0.05056929588317871,0.32842397689819336,0.28313782811164856,0.0452861487865448,1.2304484,3.011619,5.505608,-3.7603793,1.2304484,3.011619,5.505608,-3.7603793,1.0,1.0,1.0,-1.0,33.54301452636719,0.4,0.4,-0.4
8.266666666666666,6.1786757,-7.5034046,2.9222314,0.99854964,0.040586215,0.0002930711,0.035372898,-0.29806274,0.086700134,-0.06319589,-0.4091161,-0.07874882,-0.04421374,-0.30365795,0.07025536,-0.05663981,0.021504162,-0.028314738,-9.966778,6.179406,-7.465734,2.45303,6.115716,-7.469707,2.4469047,0.0641073,4.8848186,-0.18962811,-4.8811364,0.1746121346950531,0.12235365062952042,0.052258484065532684,0.32842397689819336,0.2694649398326874,0.05895903706550598,-1.634202,-2.7336893,-0.3529703,0.21468285,-1.634202,-2.7336893,-0.3529703,0.21468285,-1.0,-1.0,-0.3529703,0.21468285,0.0,-0.4,-0.14118813,0.08587314
8.283333333333333,6.1736197,-7.5025444,2.9232044,0.99863714,0.039798338,0.003245448,0.033607278,-0.29977563,0.073241726,0.08768974,0.026822425,0.490685,-0.2865222,-0.30318645,0.04569383,0.09438919,0.02829015,-1.4736918,9.06174,6.1735325,-7.4666057,2.4532943,6.115716,-7.469707,2.4469047,0.05825113,4.6555204,-0.090164445,-4.6546474,0.1746121346950531,0.11919520795345306,0.05541692674160004,0.32842397689819336,0.28674277663230896,0.0416812002658844,1.2486986,3.244543,2.8609428,-1.3687118,1.2486986,3.244543,2.8609428,-1.3687118,1.0,1.0,1.0,-1.0,33.54301452636719,0.4,0.4,-0.4
8.3,6.1685786,-7.501788,2.9227006,0.99875844,0.037313893,0.003860985,0.032774355,-0.2982993,0.05926921,-0.07802237,-0.4030618,-0.05727567,-0.043708745,-0.30230525,0.04515769,-0.071799144,0.0528717,-0.032168403,-9.971299,6.1676593,-7.467674,2.45338,6.115716,-7.469707,2.4469047,0.052384846,4.440227,0.010770291,-4.440214,0.1746121346950531,0.11181848496198654,0.06279364973306656,0.32842397689819336,0.26400208473205566,0.0644218921661377,-2.361053,-2.2506213,-4.5952353,3.1688488,-2.361053,-2.2506213,-4.5952353,3.1688488,-1.0,-1.0,-1.0,1.0,0.0,-0.4,-0.4,0.4
8.316666666666666,6.163571,-7.5013194,2.9234235,0.99882525,0.036570717,0.006989559,0.031011844,-0.2985564,0.046855323,0.072648875,0.032803383,0.5121087,-0.2860237,-0.29965258,0.022715516,0.079382256,0.15916048,-1.3465303,9.070884,6.1617904,-7.468937,2.4533882,6.115716,-7.469707,2.4469047,0.046534706,4.215922,0.113470696,-4.2143946,0.1746121346950531,0.11245004832744598,0.06216208636760712,0.32842397689819336,0.28222009539604187,0.04620388150215149,1.1506647,3.262617,2.1488361,-1.5143069,1.1506647,3.262617,2.1488361,-1.5143069,1.0,1.0,1.0,-1.0,33.54301452636719,0.4,0.4,-0.4
8.333333333333334,6.1585875,-7.500948,2.922669,0.9989307,0.034129698,0.0077884556,0.030196086,-0.2956847,0.033969805,-0.09336818,-0.39692435,-0.035910867,-0.043209143,-0.29878613,0.0221561,-0.0868156,0.05198657,-0.03356494,-9.971871,6.1559305,-7.470379,2.4532197,6.115716,-7.469707,2.4469047,0.040712893,4.006119,0.21976157,-4.0000863,0.1746121346950531,0.12374313175678253,0.05086900293827057,0.32842397689819336,0.2698962986469269,0.05852767825126648,-2.3756638,-2.1081367,-5.392274,2.9107387,-2.3756638,-2.1081367,-5.392274,2.9107387,-1.0,-1.0,-1.0,1.0,0.0,-0.4,-0.4,0.4
8.35,6.15367,-7.5008354,2.9231396,0.99897474,0.03343206,0.01109202,0.028435647,-0.2943622,0.022581896,0.05688003,0.0388609,0.533401,-0.28553283,-0.29371125,0.0017895326,0.06422527,0.30449328,-1.221994,9.062452,6.1500883,-7.471994,2.4529765,6.115716,-7.469707,2.4469047,0.034979336,3.7899623,0.32793656,-3.7757478,0.1746121346950531,0.11502037942409515,0.05959175527095795,0.32842397689819336,0.2777070105075836,0.05071696639060974,0.9984473,3.120597,1.0984672,-1.7167337,0.9984473,3.120597,1.0984672,-1.7167337,0.9984473,1.0,1.0,-1.0,33.516971588134766,0.4,0.4,-0.4
8.366666666666667,6.1487846,-7.500812,2.9221325,0.9990632,0.031035937,0.012072502,0.027636671,-0.2899748,0.01076327,-0.10939465,-0.39071015,-0.014673969,-0.042716175,-0.29286015,0.0012069072,-0.10197992,0.05106568,-0.03495752,-9.972311,6.144263,-7.4737678,2.452559,6.115716,-7.469707,2.4469047,0.029383354,3.5894065,0.44205716,-3.5620816,0.1746121346950531,0.11292847245931625,0.06168366223573685,0.32842397689819336,0.2478245198726654,0.08059945702552795,-2.4473913,-2.1376045,-5.894686,2.4123673,-2.4473913,-2.1376045,-5.894686,2.4123673,-1.0,-1.0,-1.0,1.0,0.0,-0.4,-0.4,0.4
8.383333333333333,6.143995,-7.5009904,2.9218078,0.9991446,0.03046879,0.010917353,0.025737153,-0.28597897,0.00039938383,0.0001066878,0.037615787,-0.18685359,-0.28532797,-0.2855497,-0.014506554,0.005921413,0.43862697,-0.9428076,6.4740796,6.138461,-7.475678,2.451741,6.115716,-7.469707,2.4469047,0.024007985,3.3861701,0.55812174,-3.3398576,0.1746121346950531,0.09939567744731903,0.07521645724773407,0.32842397689819336,0.2662845253944397,0.06213945150375366,0.72599685,2.760507,-0.36032325,-2.102921,0.72599685,2.760507,-0.36032325,-2.102921,0.72599685,1.0,-0.36032325,-1.0,28.947568893432617,0.4,-0.1441293,-0.4
8.4,6.139246,-7.5012927,2.9207067,0.9992142,0.028096931,0.012598077,0.024955338,-0.28312975,-0.01044899,-0.09691652,-0.38386858,0.33678752,-0.042521436,-0.28474945,-0.019359114,-0.09059488,0.048015114,-0.29115355,-5.7909775,6.132689,-7.477736,2.4509158,6.115716,-7.469707,2.4469047,0.01919993,3.1995122,0.68301743,-3.1257586,0.1746121346950531,0.11106006056070328,0.06355207413434982,0.32842397689819336,0.23626017570495605,0.0921638011932373,-0.5625107,-1.3508312,0.9632791,2.7945185,-0.5625107,-1.3508312,0.9632791,2.7945185,-0.5625107,-1.0,0.9632791,1.0,7.33735466003418,-0.4,0.38531166,0.4
8.416666666666666,6.134578,-7.501743,2.9196398,0.9992801,0.027541632,0.012161088,0.023080092,-0.27820534,-0.019820724,-0.062057987,0.04099646,-0.18841238,-0.2852234,-0.27851284,-0.029407604,-0.05663962,0.37419674,-0.6029094,2.0373156,6.1269503,-7.4799137,2.449664,6.115716,-7.469707,2.4469047,0.0154272625,3.0192518,0.809329,-2.9087572,0.1746121346950531,0.11735589057207108,0.057256244122982025,0.32842397689819336,0.27490490674972534,0.05351907014846802,0.2599537,1.7234343,-3.9820523,-2.9437244,0.2599537,1.7234343,-3.9820523,-2.9437244,0.2599537,1.0,-1.0,-1.0,21.131322860717773,0.4,-0.4,-0.4
8.433333333333334,6.1300044,-7.502405,2.9196358,0.9993348,0.025211653,0.0140319755,0.02230172,-0.27518952,-0.030120814,0.010892271,-0.3779374,0.36675128,-0.042293966,-0.2731684,-0.043055546,0.016745813,0.3206652,-0.81887645,4.403126,6.121266,-7.482253,2.4491627,6.115716,-7.469707,2.4469047,0.013903381,2.8549922,0.9415306,-2.6952736,0.1746121346950531,0.12099514901638031,0.05361698567867279,0.32842397689819336,0.2511011064052582,0.07732287049293518,0.5140201,-1.9407676,1.1348704,2.262604,0.5140201,-1.9407676,1.1348704,2.262604,0.5140201,-1.0,1.0,1.0,25.392398834228516,-0.4,0.4,0.4
8.45,6.125461,-7.503112,2.9178457,0.99939185,0.02468137,0.013754488,0.020432387,-0.2698275,-0.038554545,-0.15428112,0.04426318,-0.17216873,-0.2851887,-0.27234885,-0.042153925,-0.14881244,0.04917383,0.054097246,-9.933495,6.11562,-7.484688,2.4480717,6.115716,-7.469707,2.4469047,0.015026489,2.7118127,1.078623,-2.4880717,0.1746121346950531,0.1395457535982132,0.035066381096839905,0.32842397689819336,0.2659043073654175,0.06251966953277588,-1.8949778,1.1460456,-4.260196,-3.1063647,-1.8949778,1.1460456,-4.260196,-3.1063647,-1.0,1.0,-1.0,-1.0,0.0,0.4,-0.4,-0.4
8.466666666666667,6.1210265,-7.5040174,2.9172878,0.99943256,0.022386432,0.01571933,0.019654674,-0.26611203,-0.047806866,-0.0033673767,-0.37359416,0.3755492,-0.042161323,-0.26403913,-0.058215458,0.0025961665,0.4985833,-0.96369195,9.084517,6.1100273,-7.487224,2.4468417,6.115716,-7.469707,2.4469047,0.018417744,2.578634,1.214721,-2.2746003,0.1746121346950531,0.10201778262853622,0.07259435206651688,0.32842397689819336,0.24342763423919678,0.08499634265899658,1.941356,-2.749906,0.97657573,1.8028494,1.941356,-2.749906,0.97657573,1.8028494,1.0,-1.0,0.97657573,1.0,33.54301452636719,-0.4,0.3906303,0.4
8.483333333333333,6.1166363,-7.504981,2.9152544,0.99951065,0.020541392,0.015471556,0.017810099,-0.26008233,-0.055171695,-0.16926776,-0.16696952,-0.16556734,-0.28527573,-0.26322258,-0.05765779,-0.16348627,0.048993226,0.03346011,-9.964946,6.1044955,-7.4898534,2.4454374,6.115716,-7.469707,2.4469047,0.023106873,2.4781923,1.3577136,-2.0731742,0.1746121346950531,0.12963494658470154,0.04497718811035156,0.32842397689819336,0.2649827003479004,0.06344127655029297,-1.8291004,0.49478507,-4.3960624,-3.388104,-1.8291004,0.49478507,-4.3960624,-3.388104,-1.0,0.49478507,-1.0,-1.0,0.0,0.19791403,-0.4,-0.4
8.5,6.112369,-7.506109,2.9144516,0.9995824,0.016773432,0.016239544,0.017026141,-0.25554052,-0.062597014,-0.018157428,-0.54288334,0.18554908,-0.042197045,-0.25376087,-0.07076398,-0.012121007,0.56770205,-0.7863716,9.081916,6.09903,-7.49257,2.4439704,6.115716,-7.469707,2.4469047,0.028455995,2.3944578,1.4986539,-1.8674754,0.1746121346950531,0.11114601790904999,0.06346611678600311,0.32842397689819336,0.24512150883674622,0.08330246806144714,1.7463887,-0.89814645,0.6122898,1.2181675,1.7463887,-0.89814645,0.6122898,1.2181675,1.0,-0.89814645,0.6122898,1.0,33.54301452636719,-0.3592586,0.24491592,0.4
8.516666666666666,6.1081495,-7.5072794,2.912174,0.99967027,0.014888087,0.014416743,0.015159897,-0.24984062,-0.06764625,-0.18338233,-0.12110601,-0.35328215,-0.2852094,-0.2529692,-0.06988657,-0.17817934,0.04750013,0.052644607,-9.963499,6.0936365,-7.495363,2.442339,6.115716,-7.469707,2.4469047,0.034155387,2.3462095,1.64661,-1.671339,0.1746121346950531,0.11065569519996643,0.06395643949508667,0.32842397689819336,0.23212197422981262,0.09630200266838074,-1.5548507,2.303721,-3.3906636,-3.737408,-1.5548507,2.303721,-3.3906636,-3.737408,-1.0,1.0,-1.0,-1.0,0.0,0.4,-0.4,-0.4
8.533333333333333,6.104038,-7.508567,2.911129,0.99972063,0.011355907,0.014944999,0.014360254,-0.2460916,-0.07313734,-0.03216156,-0.52140397,0.20839101,-0.0421143,-0.24477658,-0.079521306,-0.026557548,0.4915577,-0.57808393,9.097307,6.0883245,-7.4982224,2.4406452,6.115716,-7.469707,2.4469047,0.040032435,2.31805,1.791574,-1.4709244,0.1746121346950531,0.11178223788738251,0.0628298968076706,0.32842397689819336,0.22653210163116455,0.10189187526702881,2.529004,-0.9579895,3.0048938,1.1813087,2.529004,-0.9579895,3.0048938,1.1813087,1.0,-0.9579895,1.0,1.0,33.54301452636719,-0.38319582,0.4,0.4
8.55,6.099981,-7.509891,2.9090483,0.99978656,0.009646975,0.01332363,0.012501111,-0.24063341,-0.07644271,-0.1627857,-0.099097565,-0.32819906,-0.2851015,-0.24295771,-0.07939565,-0.15784483,0.109131925,0.007539242,-7.8772364,6.083105,-7.5011477,2.4390535,6.115716,-7.469707,2.4469047,0.045974232,2.3223295,1.9397881,-1.2768854,0.1746121346950531,0.11033032089471817,0.06428181380033493,0.32842397689819336,0.22718489170074463,0.10123908519744873,-0.779119,2.539064,-3.2881184,-3.9899857,-0.779119,2.539064,-3.2881184,-3.9899857,-0.779119,1.0,-1.0,-1.0,3.7045071125030518,0.4,-0.4,-0.4
8.566666666666666,6.0960264,-7.511294,2.9083405,0.99980664,0.0071864226,0.014086978,0.011684384,-0.23725706,-0.08021583,-0.011862873,-0.35715583,0.23475115,-0.041919146,-0.23557633,-0.08561044,-0.00639272,0.44288275,-0.37288737,9.087126,6.077991,-7.504128,2.4376934,6.115716,-7.469707,2.4469047,0.051892433,2.3462946,2.0833628,-1.0792117,0.1746121346950531,0.11108706146478653,0.06352507323026657,0.32842397689819336,0.24739018082618713,0.08103379607200623,2.6770465,-0.6243996,3.1890626,1.0648948,2.6770465,-0.6243996,3.1890626,1.0648948,1.0,-0.6243996,1.0,1.0,33.54301452636719,-0.24975984,0.4,0.4
8.583333333333334,6.0921483,-7.51273,2.907586,0.99984735,0.0068463353,0.012729996,0.009814072,-0.23173992,-0.0825885,-0.063841455,0.06625814,-0.2968511,-0.28479487,-0.23164749,-0.086295106,-0.059098043,0.2357304,-0.041079815,-3.1623192,6.073006,-7.507165,2.4370759,6.115716,-7.469707,2.4469047,0.057652686,2.3958433,2.2265973,-0.8844938,0.1746121346950531,0.1284840703010559,0.04612806439399719,0.32842397689819336,0.24348527193069458,0.08493870496749878,-0.27999312,1.421219,-3.2823415,-4.069873,-0.27999312,1.421219,-3.2823415,-4.069873,-0.27999312,1.0,-1.0,-1.0,12.075600624084473,0.4,-0.4,-0.4
8.6,6.088376,-7.51423,2.9085162,0.9998537,0.004762359,0.013749073,0.008992564,-0.22875787,-0.0862167,0.08633442,-0.352028,0.26403922,-0.041761234,-0.2247142,-0.09114329,0.09172538,0.41599718,-0.2908909,9.049404,6.068168,-7.510245,2.4373515,6.115716,-7.469707,2.4469047,0.063208975,2.4611084,2.363307,-0.68690205,0.1746121346950531,0.12609796226024628,0.048514172434806824,0.32842397689819336,0.2559565305709839,0.07246744632720947,1.6531591,-2.101249,2.708654,1.1986166,1.6531591,-2.101249,2.708654,1.1986166,1.0,-1.0,1.0,1.0,33.54301452636719,-0.4,0.4,0.4
8.616666666666667,6.084641,-7.5157385,2.907968,0.9998855,0.0044514337,0.012583255,0.007127052,-0.22327895,-0.08782931,-0.07925548,0.06997243,-0.27542385,-0.2846924,-0.22394301,-0.09033289,-0.07442049,0.046271678,0.048623975,-9.968751,6.0634456,-7.51335,2.437595,6.115716,-7.469707,2.4469047,0.0687283,2.542983,2.4949644,-0.49184933,0.1746121346950531,0.1348479986190796,0.03976413607597351,0.32842397689819336,0.2468816339969635,0.08154234290122986,-1.3272777,1.8829693,-3.2733593,-4.065072,-1.3272777,1.8829693,-3.2733593,-4.065072,-1.0,1.0,-1.0,-1.0,0.0,0.4,-0.4,-0.4
8.633333333333333,6.0809946,-7.5172863,2.9086547,0.99988216,0.0024005475,0.013785396,0.006304364,-0.22032389,-0.090605475,0.07180498,-0.34822753,0.28557748,-0.04163567,-0.21710469,-0.09372171,0.07739327,0.41029927,-0.20332931,9.108825,6.0588384,-7.516469,2.437774,6.115716,-7.469707,2.4469047,0.07419647,2.6335247,2.6169724,-0.29480124,0.1746121346950531,0.1345069706439972,0.04010516405105591,0.32842397689819336,0.26342537999153137,0.06499859690666199,2.242326,-2.2461905,2.905364,1.1367242,2.242326,-2.2461905,2.905364,1.1367242,1.0,-1.0,1.0,1.0,33.54301452636719,-0.4,0.4,0.4
8.65,6.077405,-7.5188417,2.9085746,0.99990565,0.0021216471,0.012818806,0.004442653,-0.21474162,-0.091403805,-0.03776488,0.07457016,-0.25018737,-0.28450873,-0.21482429,-0.09316299,-0.032649465,0.13682395,0.033523142,-6.602564,6.054373,-7.5195966,2.4382,6.115716,-7.469707,2.4469047,0.07954701,2.7375522,2.735693,-0.1008759,0.1746121346950531,0.11743008345365524,0.05718205124139786,0.32842397689819336,0.25915372371673584,0.06927025318145752,-0.644459,2.126854,-3.1221023,-4.165209,-0.644459,2.126854,-3.1221023,-4.165209,-0.644459,1.0,-1.0,-1.0,5.962958335876465,0.4,-0.4,-0.4
8.666666666666666,6.073913,-7.52042,2.909952,0.9998924,0.00010990663,0.0142352395,0.0035167022,-0.21183501,-0.09361757,0.11275899,-0.3436512,0.3108806,-0.05780735,-0.20787579,-0.09511917,0.118713565,0.41691002,-0.11737078,9.081781,6.050057,-7.522721,2.4390185,6.115716,-7.469707,2.4469047,0.0847571,2.8454616,2.843936,0.093166,0.1746121346950531,0.12769193947315216,0.04692019522190094,0.32842397689819336,0.26326602697372437,0.065157949924469,1.7871666,-2.2395015,2.7316833,0.93274605,1.7871666,-2.2395015,2.7316833,0.93274605,1.0,-1.0,1.0,0.93274605,33.54301452636719,-0.4,0.4,0.37309843
8.683333333333334,6.0704665,-7.5219955,2.9101338,0.9999082,-0.00013962846,0.013461215,0.0015214412,-0.20602545,-0.093708836,-0.030763742,0.07882932,-0.2272559,-0.3006708,-0.20649251,-0.094344325,-0.02518398,0.08299648,0.046490725,-8.633852,6.045883,-7.5258327,2.439895,6.115716,-7.469707,2.4469047,0.0898657,2.9594216,2.945766,0.28397197,0.1746121346950531,0.13453368842601776,0.04007844626903534,0.32842397689819336,0.25498273968696594,0.07344123721122742,-0.85907835,2.4321694,-3.0793376,-3.8245468,-0.85907835,2.4321694,-3.0793376,-3.8245468,-0.85907835,1.0,-1.0,-1.0,2.3634684085845947,0.4,-0.4,-0.4
8.7,6.067118,-7.523576,2.911639,0.999884,-0.0021140513,0.015072988,0.00047641725,-0.20293018,-0.09524911,0.11999774,-0.33938614,0.3339046,-0.071117096,-0.19912428,-0.09491959,0.12646067,0.44209418,-0.034516007,9.098679,6.041854,-7.5289226,2.4408834,6.115716,-7.469707,2.4469047,0.09485959,3.0723631,3.0356407,0.47360393,0.1746121346950531,0.15270626544952393,0.021905869245529175,0.32842397689819336,0.23958903551101685,0.08883494138717651,1.8575888,-2.552182,2.7809653,0.94439924,1.8575888,-2.552182,2.7809653,0.94439924,1.0,-1.0,1.0,0.94439924,33.54301452636719,-0.4,0.4,0.3777597
8.716666666666667,6.0638328,-7.5251455,2.912492,0.9998907,-0.0023297763,0.014504815,-0.0016284954,-0.19677714,-0.09461825,0.019450726,0.08376542,-0.20138559,-0.3139201,-0.1964307,-0.09387289,0.025593946,0.1616147,0.062802136,-6.0520034,6.0379896,-7.531981,2.4422126,6.115716,-7.469707,2.4469047,0.09970683,3.1888423,3.1198056,0.6599451,0.1746121346950531,0.17414039373397827,0.0004717409610748291,0.32842397689819336,0.24522295594215393,0.08320102095603943,-0.5860207,2.598412,-3.038732,-3.5029218,-0.5860207,2.598412,-3.038732,-3.5029218,-0.5860207,1.0,-1.0,-1.0,6.943056583404541,0.4,-0.4,-0.4
8.733333333333333,6.06066,-7.5267005,2.9148388,0.9998538,-0.0042588557,0.016335951,-0.0027020555,-0.19355237,-0.09563859,0.16982205,-0.33444825,0.35982522,-0.07087466,-0.18839818,-0.09312967,0.17686655,0.4819509,0.044593062,9.076355,6.0342984,-7.534992,2.4440112,6.115716,-7.469707,2.4469047,0.10439995,3.301005,3.191363,0.84370327,0.1746121346950531,0.15580886602401733,0.018803268671035767,0.32842397689819336,0.254206120967865,0.07421785593032837,1.0386219,-2.3623362,2.56427,1.0967134,1.0386219,-2.3623362,2.56427,1.0967134,1.0,-1.0,1.0,1.0,33.54301452636719,-0.4,0.4,0.4
8.75,6.057529,-7.528243,2.9157107,0.9998513,-0.004442061,0.015950717,-0.004805271,-0.18697335,-0.094268896,0.0039579542,0.087958954,-0.18004374,-0.31369027,-0.18763565,-0.09240313,0.010763456,0.045752224,0.0435926,-9.966186,6.030755,-7.53796,2.4457061,6.115716,-7.469707,2.4469047,0.108987495,3.4125311,3.2554388,1.0234675,0.1746121346950531,0.17314715683460236,0.0014649778604507446,0.32842397689819336,0.2591569721698761,0.06926700472831726,-1.2879475,3.072495,-3.050579,-3.2990642,-1.2879475,3.072495,-3.050579,-3.2990642,-1.0,1.0,-1.0,-1.0,0.0,0.4,-0.4,-0.4
8.766666666666666,6.054517,-7.5297585,2.9178166,0.9998013,-0.006330829,0.017963879,-0.005879433,-0.18323149,-0.09451036,0.15487987,-0.330214,0.38125917,-0.07064778,-0.17861526,-0.09037248,0.16255203,0.5412233,0.12183889,9.107314,6.0273623,-7.540876,2.4473217,6.115716,-7.469707,2.4469047,0.11345286,3.5172553,3.306431,1.1994154,0.1746121346950531,0.17015498876571655,0.004457145929336548,0.32842397689819336,0.2677658498287201,0.06065812706947327,1.2167352,-2.3786764,2.5895429,1.1192926,1.2167352,-2.3786764,2.5895429,1.1192926,1.0,-1.0,1.0,1.0,33.54301452636719,-0.4,0.4,0.4
8.783333333333333,6.0515485,-7.5312567,2.9184499,0.99978954,-0.0064819395,0.017752344,-0.007981297,-0.17613855,-0.09239659,-0.010967156,0.092273034,-0.15873976,-0.31343699,-0.17784885,-0.08966452,-0.0035013694,0.04598468,0.042477693,-9.963203,6.024115,-7.543733,2.4487517,6.115716,-7.469707,2.4469047,0.11778794,3.6234024,3.353476,1.3723134,0.1746121346950531,0.16396082937717438,0.010651305317878723,0.32842397689819336,0.28445684909820557,0.04396712779998779,-1.0790782,3.4569526,-3.1115499,-3.127753,-1.0790782,3.4569526,-3.1115499,-3.127753,-1.0,1.0,-1.0,-1.0,0.0,0.4,-0.4,-0.4
8.8,6.048714,-7.53271,2.9203184,0.9997253,-0.008328466,0.019946547,-0.009055827,-0.17176153,-0.09188431,0.13997942,-0.32589224,0.40262783,-0.07041669,-0.16762608,-0.08640897,0.14823622,0.6133657,0.19533275,9.104255,6.021023,-7.5465207,2.450098,6.115716,-7.469707,2.4469047,0.12197271,3.7215886,3.3879654,1.5401016,0.1746121346950531,0.1633538007736206,0.011258333921432495,0.32842397689819336,0.27427637577056885,0.05414760112762451,1.3415564,-2.3688664,2.372416,1.0641285,1.3415564,-2.3688664,2.372416,1.0641285,1.0,-1.0,1.0,1.0,33.54301452636719,-0.4,0.4,0.4
8.816666666666666,6.045934,-7.5341387,2.920837,0.9997037,-0.00844569,0.01991241,-0.011157206,-0.16403799,-0.089044355,-0.016001157,0.096795425,-0.13683131,-0.313175,-0.16646357,-0.08555808,-0.00794305,0.069750845,0.05105361,-9.370755,6.018084,-7.5492325,2.451335,6.115716,-7.469707,2.4469047,0.12599969,3.821248,3.4198616,1.7048415,0.1746121346950531,0.1542229950428009,0.020389139652252197,0.32842397689819336,0.2765514850616455,0.05187249183654785,-0.93717873,3.589085,-3.3301105,-3.097486,-0.93717873,3.589085,-3.3301105,-3.097486,-0.93717873,1.0,-1.0,-1.0,1.0536073446273804,0.4,-0.4,-0.4
8.833333333333334,6.0433073,-7.535508,2.9226296,0.99962234,-0.010250412,0.022291442,-0.012372975,-0.15891328,-0.08786707,0.13490978,-0.32137594,0.4246056,-0.09273114,-0.15479347,-0.08112781,0.14363831,0.7002058,0.2658163,9.094881,6.015307,-7.5518575,2.4525757,6.115716,-7.469707,2.4469047,0.12985697,3.9117763,3.4394953,1.8632946,0.1746121346950531,0.16844671964645386,0.006165415048599243,0.32842397689819336,0.2745501697063446,0.053873807191848755,1.3671836,-2.386659,1.9130075,0.9071504,1.3671836,-2.386659,1.9130075,0.9071504,1.0,-1.0,1.0,0.9071504,33.54301452636719,-0.4,0.4,0.36286017
8.85,6.0407367,-7.5368514,2.9229474,0.9995874,-0.010336612,0.022429472,-0.014662458,-0.1504075,-0.084371015,-0.030985955,0.101369575,-0.11557948,-0.33544978,-0.15402433,-0.08045804,-0.022450415,0.046148296,0.040186193,-9.965323,6.012683,-7.5543957,2.4536464,6.115716,-7.469707,2.4469047,0.13354188,4.0039926,3.4580681,2.0183463,0.1746121346950531,0.1612628698348999,0.013349264860153198,0.32842397689819336,0.285970538854599,0.04245343804359436,-1.0083464,3.7172947,-3.630403,-2.6588316,-1.0083464,3.7172947,-3.630403,-2.6588316,-1.0,1.0,-1.0,-1.0,0.0,0.4,-0.4,-0.4
8.866666666666667,6.038337,-7.538122,2.9244971,0.9994876,-0.012095948,0.024988225,-0.015933223,-0.14438026,-0.08248812,0.120092444,-0.31678233,0.44591042,-0.09375402,-0.14065903,-0.07492814,0.12912379,0.80191785,0.3317937,9.094452,6.0102153,-7.556837,2.4546387,6.115716,-7.469707,2.4469047,0.13704693,4.085978,3.4646716,2.1659331,0.1746121346950531,0.17585749924182892,0.0012453645467758179,0.32842397689819336,0.270826518535614,0.057597458362579346,1.4200894,-2.4319136,1.2700857,0.9946617,1.4200894,-2.4319136,1.2700857,0.9946617,1.0,-1.0,1.0,0.9946617,33.54301452636719,-0.4,0.4,0.39786467
8.883333333333333,6.0360026,-7.539363,2.924573,0.99943984,-0.012146523,0.02529814,-0.01823461,-0.13500814,-0.07828612,-0.045779534,0.106049865,-0.094407365,-0.33644548,-0.13988613,-0.07427637,-0.03696718,0.046374496,0.039106157,-9.965457,6.007903,-7.559179,2.4554508,6.115716,-7.469707,2.4469047,0.1403633,4.1714497,3.473103,2.3105302,0.1746121346950531,0.1710532158613205,0.003558918833732605,0.32842397689819336,0.282586008310318,0.045837968587875366,-1.029935,3.798542,-4.034508,-2.642959,-1.029935,3.798542,-4.034508,-2.642959,-1.0,1.0,-1.0,-1.0,0.0,0.4,-0.4,-0.4
8.9,6.033868,-7.540518,2.9258764,0.99937826,-0.013926505,0.025673036,-0.019745812,-0.12706442,-0.07574406,0.10584201,-0.31500885,0.089228936,-0.1361431,-0.12424368,-0.06771102,0.114296935,0.9385469,0.39392126,9.075847,6.0057464,-7.561409,2.4561822,6.115716,-7.469707,2.4469047,0.14348744,4.24603,3.4703321,2.4465413,0.1746121346950531,0.17998133599758148,0.005369201302528381,0.32842397689819336,0.2703440189361572,0.05807995796203613,1.4343268,-2.3115008,0.30530727,0.8239299,1.4343268,-2.3115008,0.30530727,0.8239299,1.0,-1.0,0.30530727,0.8239299,33.54301452636719,-0.4,0.122122906,0.32957196
8.916666666666666,6.0318313,-7.541625,2.926181,0.99938637,-0.014031237,0.023021331,-0.022357473,-0.11766394,-0.07092066,-0.021414291,0.10732469,-0.4483457,-0.3789612,-0.12154384,-0.06606624,-0.013980755,0.16199021,0.09868651,-7.696661,6.0037622,-7.563515,2.457022,6.115716,-7.469707,2.4469047,0.14641029,4.326114,3.4730444,2.5793848,0.1746121346950531,0.1703578531742096,0.004254281520843506,0.32842397689819336,0.26985394954681396,0.058570027351379395,-0.75960714,4.002093,-2.1683583,-2.5071235,-0.75960714,4.002093,-2.1683583,-2.5071235,-0.75960714,1.0,-1.0,-1.0,4.031750679016113,0.4,-0.4,-0.4
8.933333333333334,6.029977,-7.5426283,2.927868,0.9993277,-0.01580334,0.02281482,-0.023952346,-0.111249946,-0.06783385,0.13021928,-0.3125054,0.11364749,-0.13580462,-0.1081685,-0.058345385,0.13722403,0.80252045,0.46325144,9.072288,6.001955,-7.5654845,2.4581022,6.115716,-7.469707,2.4469047,0.14913172,4.3957067,3.4665585,2.702815,0.1746121346950531,0.18080836534500122,0.00619623064994812,0.32842397689819336,0.2771868407726288,0.051237136125564575,1.5260266,-1.7114357,3.9013047,1.5177586,1.5260266,-1.7114357,3.9013047,1.5177586,1.0,-1.0,1.0,1.0,33.54301452636719,-0.4,0.4,0.4
8.95,6.0281844,-7.5435944,2.9280784,0.99931383,-0.015888356,0.020343786,-0.026559914,-0.102891535,-0.062304806,-0.03508548,0.10948181,-0.4266108,-0.37860557,-0.10738445,-0.057733323,-0.028896216,0.047042813,0.036723685,-9.967215,6.0003033,-7.567331,2.4590487,6.115716,-7.469707,2.4469047,0.15165086,4.465575,3.4607213,2.8221924,0.1746121346950531,0.17730370163917542,0.0026915669441223145,0.32842397689819336,0.2725639343261719,0.055860042572021484,-1.0055777,3.963062,-1.7031431,-2.7122777,-1.0055777,3.963062,-1.7031431,-2.7122777,-1.0,1.0,-1.0,-1.0,0.0,0.4,-0.4,-0.4
8.966666666666667,6.0265436,-7.5444436,2.9295206,0.99924123,-0.017633302,0.020322401,-0.02815907,-0.09747965,-0.058508616,0.116842486,-0.31029716,0.13547349,-0.13546197,-0.09563374,-0.04884009,0.12266435,0.7050427,0.53359395,9.093633,5.998807,-7.5690417,2.4599183,6.115716,-7.469707,2.4469047,0.15396252,4.521848,3.4433277,2.930974,0.1746121346950531,0.1977202445268631,0.023108109831809998,0.32842397689819336,0.2724689841270447,0.05595499277114868,1.8131964,-1.9902972,4.7162366,1.3225833,1.8131964,-1.9902972,4.7162366,1.3225833,1.0,-1.0,1.0,1.0,33.54301452636719,-0.4,0.4,0.4
8.983333333333333,6.0249777,-7.545235,2.9299054,0.9992072,-0.017694969,0.018041112,-0.030763006,-0.08997428,-0.05230868,-0.015405903,0.112199046,-0.40264747,-0.37822512,-0.09350001,-0.04711578,-0.010332488,0.12802362,0.103458606,-7.97981,5.997478,-7.5706077,2.4608572,6.115716,-7.469707,2.4469047,0.15606356,4.57821,3.425463,3.0374677,0.1746121346950531,0.18656885623931885,0.011956721544265747,0.32842397689819336,0.2568614184856415,0.07156255841255188,-0.78971606,3.9201496,-1.0346873,-3.0719914,-0.78971606,3.9201496,-1.0346873,-3.0719914,-0.78971606,1.0,-1.0,-1.0,3.52677845954895,0.4,-0.4,-0.4
9.0,6.0235515,-7.545894,2.9316535,0.9991214,-0.019406965,0.018223107,-0.03236663,-0.08544956,-0.04795051,0.13624214,-0.30754003,0.15947999,-0.13510777,-0.08314882,-0.037104186,0.14096934,0.6210713,0.60069567,9.07811,5.9963193,-7.572018,2.461993,6.115716,-7.469707,2.4469047,0.15795821,4.620688,3.3961606,3.1331854,0.1746121346950531,0.20365415513515472,0.029042020440101624,0.32842397689819336,0.2654868960380554,0.06293708086013794,1.4281036,-1.960023,5.521346,1.1502539,1.4281036,-1.960023,5.521346,1.1502539,1.0,-1.0,1.0,1.0,33.54301452636719,-0.4,0.4,0.4
9.016666666666666,6.0221696,-7.5465045,2.931929,0.9990287,-0.019352172,0.018467491,-0.03501381,-0.079211995,-0.04109944,-0.02944682,0.117528304,-0.005169972,-0.37774292,-0.08293614,-0.036470156,-0.024946839,0.0127610555,0.038041767,-9.95497,5.9953127,-7.5732856,2.462988,6.115716,-7.469707,2.4469047,0.15963754,4.6602526,3.3630857,3.2260823,0.1746121346950531,0.16895842552185059,0.005653709173202515,0.32842397689819336,0.25332966446876526,0.0750943124294281,-1.2458211,4.077232,-0.309667,-3.3318496,-1.2458211,4.077232,-0.309667,-3.3318496,-1.0,1.0,-0.309667,-1.0,0.0,0.4,-0.1238668,-0.4
9.033333333333333,6.020928,-7.5469728,2.9334366,0.9988556,-0.020897003,0.021953108,-0.036998123,-0.07483625,-0.036091093,0.12206088,-0.3004141,0.55674565,-0.18610573,-0.07165183,-0.025463546,0.12656821,0.67705834,0.6603966,9.090902,5.9944544,-7.574403,2.4639053,6.115716,-7.469707,2.4469047,0.16110434,4.683883,3.3166888,3.3073156,0.1746121346950531,0.18748483061790466,0.012872695922851562,0.32842397689819336,0.24771365523338318,0.08071032166481018,1.0855291,-2.3308673,1.8650042,0.7891549,1.0855291,-2.3308673,1.8650042,0.7891549,1.0,-1.0,1.0,0.7891549,33.54301452636719,-0.4,0.4,0.31566197
9.05,6.019743,-7.547389,2.9334702,0.99871194,-0.020774033,0.023141235,-0.04009143,-0.06675553,-0.028680563,-0.04382684,0.123445354,0.016049717,-0.428629,-0.07083739,-0.024890926,-0.039524335,0.04886627,0.034357198,-9.965552,5.9937415,-7.5753727,2.4646397,6.115716,-7.469707,2.4469047,0.16235004,4.7078424,3.2692919,3.3875525,0.1746121346950531,0.16870379447937012,0.005908340215682983,0.32842397689819336,0.2656302750110626,0.06279370188713074,-1.3188899,4.272824,-3.9650679,-2.263315,-1.3188899,4.272824,-3.9650679,-2.263315,-1.0,1.0,-1.0,-1.0,0.0,0.4,-0.4,-0.4
9.066666666666666,6.0187464,-7.547658,2.934731,0.9985546,-0.022352094,0.024767654,-0.042137846,-0.060013376,-0.023051808,0.10797243,-0.2967815,0.25167793,-0.18566737,-0.056096893,-0.013235635,0.111664645,0.88443,0.6993174,9.071339,5.9931746,-7.576189,2.465291,6.115716,-7.469707,2.4469047,0.16337956,4.7174206,3.210933,3.4560041,0.1746121346950531,0.16433805227279663,0.01027408242225647,0.32842397689819336,0.24712729454040527,0.08129668235778809,1.153272,-2.0283034,0.4006914,2.1436605,1.153272,-2.0283034,0.4006914,2.1436605,1.0,-1.0,0.4006914,1.0,33.54301452636719,-0.4,0.16027656,0.4
9.083333333333334,6.0178223,-7.547872,2.9345157,0.9984555,-0.022314066,0.023411848,-0.04517118,-0.051393855,-0.015005565,-0.057555944,0.12589504,-0.28892878,-0.42832395,-0.055272497,-0.012682729,-0.05443603,0.04946373,0.033174343,-9.966041,5.9927487,-7.57685,2.4657586,6.115716,-7.469707,2.4469047,0.16418289,4.7316246,3.1578236,3.5236943,0.1746121346950531,0.16234248876571655,0.012269645929336548,0.32842397689819336,0.25359922647476196,0.0748247504234314,-1.1361693,4.595206,-2.8233929,-2.3777866,-1.1361693,4.595206,-2.8233929,-2.3777866,-1.0,1.0,-1.0,-1.0,0.0,0.4,-0.4,-0.4
9.1,6.0170827,-7.5479245,2.93553,0.9982979,-0.023882614,0.024542073,-0.047205932,-0.04522601,-0.008719414,0.09455496,-0.29364744,0.2732434,-0.18528534,-0.040935107,-6.532249e-05,0.0968833,0.8602434,0.7570444,9.079159,5.992465,-7.577348,2.4661465,6.115716,-7.469707,2.4469047,0.16476552,4.732388,3.0962293,3.5789466,0.1746121346950531,0.13542328774929047,0.039188846945762634,0.32842397689819336,0.24075853824615479,0.08766543865203857,1.7632318,-1.2800328,3.35841,2.5556746,1.7632318,-1.2800328,3.35841,2.5556746,1.0,-1.0,1.0,1.0,33.54301452636719,-0.4,0.4,0.4
9.116666666666667,6.016411,-7.5479183,2.9350684,0.9981799,-0.023815237,0.023358217,-0.05023894,-0.036838703,-5.3112148e-05,-0.07101403,0.1291524,-0.26749504,-0.4279181,-0.040099226,0.00047333224,-0.06922365,0.050152835,0.03231928,-9.966415,5.992316,-7.577687,2.4663534,6.115716,-7.469707,2.4469047,0.16512267,4.7378755,3.039884,3.6340842,0.1746121346950531,0.17383481562137604,0.000777319073677063,0.32842397689819336,0.24856969714164734,0.07985427975654602,-1.0543815,4.953615,-3.1588917,-2.0041223,-1.0543815,4.953615,-3.1588917,-2.0041223,-1.0,1.0,-1.0,-1.0,0.0,0.4,-0.4,-0.4
9.133333333333333,6.0159254,-7.5477376,2.9358351,0.99804246,-0.023861844,0.024605375,-0.052310668,-0.030764114,0.0073326193,0.08118678,-0.053263176,0.29629284,-0.18487725,-0.025611341,0.0141905,0.08206205,0.86927307,0.82303,9.077142,5.9923024,-7.577861,2.4664817,6.115716,-7.469707,2.4469047,0.16526166,4.7297616,2.975291,3.6767225,0.1746121346950531,0.14640796184539795,0.02820417284965515,0.32842397689819336,0.2468007504940033,0.08162322640419006,1.8517883,-0.4432441,3.0505424,3.0811563,1.8517883,-0.4432441,3.0505424,3.0811563,1.0,-0.4432441,1.0,1.0,33.54301452636719,-0.17729764,0.4,0.4
9.15,6.015509,-7.5474954,2.9351263,0.9979501,-0.021791723,0.023502206,-0.055393003,-0.022483198,0.01577434,-0.08449179,0.36953032,-0.24551736,-0.42744237,-0.024759877,0.0147164,-0.084045,0.051087808,0.03155401,-9.966423,5.992419,-7.5778713,2.4664304,6.115716,-7.469707,2.4469047,0.1651756,4.7277336,2.9169483,3.7206013,0.1746121346950531,0.1718897968530655,0.00272233784198761,0.32842397689819336,0.252575546503067,0.07584843039512634,-1.1961987,2.671804,-3.5842981,-1.4329075,-1.1961987,2.671804,-3.5842981,-1.4329075,-1.0,1.0,-1.0,-1.0,0.0,0.4,-0.4,-0.4
9.166666666666666,6.0152802,-7.5471005,2.9356465,0.9978093,-0.021303074,0.02488859,-0.057474893,-0.016349059,0.022074256,0.067667566,-0.05007702,0.3153686,-0.18466604,-0.010185702,0.026484068,0.06729271,0.8744505,0.7060601,9.080262,5.9926667,-7.5777116,2.466301,6.115716,-7.469707,2.4469047,0.16487063,4.7122574,2.851125,3.7518606,0.1746121346950531,0.17428840696811676,0.00032372772693634033,0.32842397689819336,0.25441643595695496,0.0740075409412384,2.4709806,-4.1417565,2.63653,4.083441,2.4709806,-4.1417565,2.63653,4.083441,1.0,-1.0,1.0,1.0,33.54301452636719,-0.4,0.4,0.4
9.183333333333334,6.015121,-7.5466523,2.9346914,0.99769855,-0.019200318,0.023940533,-0.060461972,-0.008037269,0.029730832,-0.09813665,0.3728379,-0.22656418,-0.41122282,-0.009325654,0.02699286,-0.098811634,0.051602848,0.030527448,-9.96626,5.993038,-7.577385,2.4659925,6.115716,-7.469707,2.4469047,0.16434331,4.700199,2.7921996,3.7809384,0.1746121346950531,0.176457017660141,0.0018448829650878906,0.32842397689819336,0.2525344789028168,0.07588949799537659,-1.0261523,1.8018049,-4.089935,-0.9342164,-1.0261523,1.8018049,-4.089935,-0.9342164,-1.0,1.0,-1.0,-0.9342164,0.0,0.4,-0.4,-0.37368655
9.2,6.0151534,-7.546076,2.9349663,0.9975505,-0.018664364,0.025488667,-0.062408727,-0.0017030373,0.03521897,0.054025594,-0.04669559,0.33444357,-0.16847077,0.005537301,0.03697364,0.052576885,0.8917772,0.59884685,9.083311,5.9935355,-7.5768876,2.4656057,6.115716,-7.469707,2.4469047,0.16360158,4.6737466,2.726619,3.7959788,0.1746121346950531,0.1713479608297348,0.0032641738653182983,0.32842397689819336,0.25421634316444397,0.07420763373374939,2.634365,-5.075887,2.079241,4.159111,2.634365,-5.075887,2.079241,4.159111,1.0,-1.0,1.0,1.0,33.54301452636719,-0.4,0.4,0.4
9.216666666666667,6.015264,-7.545453,2.9339023,0.9974302,-0.017265448,0.02474772,-0.064979754,0.006820062,0.0420421,-0.100981675,0.25652528,-0.20762014,-0.35192654,0.0069560446,0.037618868,-0.10270241,0.08512462,0.03871366,-9.316757,5.9941545,-7.5762186,2.4651225,6.115716,-7.469707,2.4469047,0.16264628,4.64848,2.6691728,3.80577,0.1746121346950531,0.16736161708831787,0.0072505176067352295,0.32842397689819336,0.2642189860343933,0.06420499086380005,-0.93114316,0.71840954,-4.5245843,-0.7565857,-0.93114316,0.71840954,-4.5245843,-0.7565857,-0.93114316,0.71840954,-1.0,-0.7565857,1.1548329591751099,0.28736383,-0.4,-0.3026343
9.233333333333333,6.0155735,-7.544713,2.9341123,0.9972831,-0.017666688,0.026531693,-0.06640946,0.0134929195,0.047010493,0.051216412,-0.16285698,0.35423806,-0.10914849,0.022368269,0.04639085,0.048607778,0.9247334,0.5263189,9.078611,5.994897,-7.5753684,2.4646533,6.115716,-7.469707,2.4469047,0.16148248,4.607985,2.6063678,3.8000488,0.1746121346950531,0.16414664685726166,0.010465487837791443,0.32842397689819336,0.26944655179977417,0.05897742509841919,2.2810216,-4.1285305,1.0667518,3.2752876,2.2810216,-4.1285305,1.0667518,3.2752876,1.0,-1.0,1.0,1.0,33.54301452636719,-0.4,0.4,0.4
9.25,6.0159717,-7.5439267,2.9330938,0.99715227,-0.01647622,0.025978208,-0.06885511,0.022369143,0.053904027,-0.09487837,0.26029086,-0.18620594,-0.35171866,0.024351921,0.047494657,-0.097771004,0.119019106,0.066228434,-8.782726,5.9957614,-7.5743427,2.4641666,6.115716,-7.469707,2.4469047,0.16011156,4.566637,2.5528738,3.786424,0.1746121346950531,0.14739644527435303,0.027215689420700073,0.32842397689819336,0.2625576853752136,0.06586629152297974,-0.87450075,1.8073515,-4.8562202,-1.4450413,-0.87450075,1.8073515,-4.8562202,-1.4450413,-0.87450075,1.0,-1.0,-1.0,2.104811668395996,0.4,-0.4,-0.4
9.266666666666666,6.0165925,-7.5430336,2.9333794,0.99710774,-0.017165508,0.023493333,-0.07020956,0.03060738,0.058694813,0.0567403,-0.16372018,-0.33836377,-0.10866481,0.04123763,0.055526584,0.05308117,1.0131425,0.4819156,9.05113,5.9967465,-7.573137,2.4637675,6.115716,-7.469707,2.4469047,0.15854275,4.5099864,2.4952588,3.756815,0.1746121346950531,0.13540467619895935,0.03920745849609375,0.32842397689819336,0.27219080924987793,0.05623316764831543,1.7414513,-4.522865,-0.31118345,3.5490437,1.7414513,-4.522865,-0.31118345,3.5490437,1.0,-1.0,-0.31118345,1.0,33.54301452636719,-0.4,-0.124473386,0.4
9.283333333333333,6.0173044,-7.5420756,2.9329135,0.99694884,-0.0158879,0.023685306,-0.07266018,0.036845822,0.06552899,-0.051537115,0.2649286,0.16508922,-0.35147431,0.04330686,0.05798289,-0.055409715,0.12415386,0.14737843,-6.509453,5.9978576,-7.5717344,2.4636478,6.115716,-7.469707,2.4469047,0.1567818,4.452885,2.4502525,3.7181242,0.1746121346950531,0.13250401616096497,0.042108118534088135,0.32842397689819336,0.2732944190502167,0.055129557847976685,-0.6372368,1.8754061,0.91142976,-1.674497,-0.6372368,1.8754061,0.91142976,-1.674497,-0.6372368,1.0,0.91142976,-1.0,6.084085941314697,0.4,0.3645719,-0.4
9.3,6.018153,-7.541055,2.9323246,0.9968829,-0.01651966,0.021728065,-0.07402244,0.044719074,0.07036867,-0.025697485,-0.16133343,-0.3709133,-0.10833446,0.05334544,0.062163506,-0.03003113,0.60231483,0.25083682,1.522715,5.999062,-7.570195,2.4629788,6.115716,-7.469707,2.4469047,0.15480436,4.379872,2.4009476,3.6631582,0.1746121346950531,0.14561571180820465,0.02899642288684845,0.32842397689819336,0.26017454266548157,0.06824943423271179,0.2052048,-5.1289353,-4.2579823,3.4314897,0.2052048,-5.1289353,-4.2579823,3.4314897,0.2052048,-1.0,-1.0,1.0,20.213102340698242,-0.4,-0.4,0.4
9.316666666666666,6.019186,-7.539911,2.9331326,0.99671257,-0.015191385,0.022032693,-0.07646991,0.05008418,0.07716473,0.07739927,0.26993033,0.19488388,-0.35109323,0.06474016,0.07064151,0.07260825,0.683683,0.5086802,6.1583624,6.000412,-7.5684323,2.4631803,6.115716,-7.469707,2.4469047,0.15266497,4.3021207,2.3570044,3.5989962,0.1746121346950531,0.15504726767539978,0.01956486701965332,0.32842397689819336,0.27007079124450684,0.05835318565368652,0.69796586,1.487049,1.411266,-1.2951409,0.69796586,1.487049,1.411266,-1.2951409,0.69796586,1.0,1.0,-1.0,28.477447509765625,0.4,0.4,-0.4
9.333333333333334,6.020273,-7.5387464,2.9322684,0.99663574,-0.015786486,0.020243652,-0.07783384,0.057209913,0.082043,-0.088369094,-0.15836328,-0.35394543,-0.107992955,0.065362945,0.069593504,-0.09326068,0.03736719,-0.06288037,-9.952136,6.001858,-7.566528,2.4630075,6.115716,-7.469707,2.4469047,0.15032353,4.2166886,2.317834,3.5225148,0.1746121346950531,0.15667302906513214,0.01793910562992096,0.32842397689819336,0.26859012246131897,0.05983385443687439,-1.7370131,-4.8307114,-5.103873,3.4084191,-1.7370131,-4.8307114,-5.103873,3.4084191,-1.0,-1.0,-1.0,1.0,0.0,-0.4,-0.4,0.4
9.35,6.0215235,-7.537466,2.9326398,0.99646586,-0.0144091435,0.020706063,-0.08012082,0.062036216,0.08857367,0.06370113,0.27347428,0.21505426,-0.32531187,0.07805249,0.079074964,0.05836592,0.7613727,0.5688876,9.097595,6.0034065,-7.5644674,2.4627166,6.115716,-7.469707,2.4469047,0.14779367,4.1158853,2.2734811,3.431005,0.1746121346950531,0.17320047318935394,0.0014116615056991577,0.32842397689819336,0.25491949915885925,0.0735044777393341,1.5412651,1.0865368,1.3091301,-0.89550817,1.5412651,1.0865368,1.3091301,-0.89550817,1.0,1.0,1.0,-0.89550817,33.54301452636719,0.4,0.4,-0.35820326
9.366666666666667,6.0228314,-7.536162,2.9315355,0.9963965,-0.014960717,0.019088356,-0.08127602,0.06872271,0.093193516,-0.102353066,-0.15470573,-0.33372983,-0.08224102,0.07866334,0.078016624,-0.10774729,0.03665104,-0.063500404,-9.966791,6.0050535,-7.5622606,2.4622383,6.115716,-7.469707,2.4469047,0.14507747,4.0152116,2.2366688,3.3345518,0.1746121346950531,0.15049034357070923,0.024121791124343872,0.32842397689819336,0.26381587982177734,0.06460809707641602,-1.6340346,-4.837862,-5.4181013,3.2136514,-1.6340346,-4.837862,-5.4181013,3.2136514,-1.0,-1.0,-1.0,1.0,0.0,-0.4,-0.4,0.4
9.383333333333333,6.024296,-7.534748,2.9316642,0.99622995,-0.013638239,0.019177027,-0.08349823,0.07329054,0.0994614,0.049549647,0.2674419,0.14824583,-0.32490006,0.09071585,0.08699383,0.043840047,0.7231503,0.5386323,9.09524,6.0068016,-7.559906,2.4616816,6.115716,-7.469707,2.4469047,0.14218494,3.899304,2.1947923,3.222958,0.1746121346950531,0.15784284472465515,0.01676928997039795,0.32842397689819336,0.24911677837371826,0.0793071985244751,1.5408233,0.97847885,0.8405055,-1.007949,1.5408233,0.97847885,0.8405055,-1.007949,1.0,0.97847885,0.8405055,-1.0,33.54301452636719,0.39139155,0.3362022,-0.4
9.4,6.025815,-7.533312,2.9303186,0.9961635,-0.0142916655,0.017012382,-0.08464329,0.079277694,0.103863664,-0.11664395,-0.16096307,-0.40041867,-0.08184565,0.091324836,0.085939914,-0.122280546,0.036539283,-0.063234866,-9.967235,6.0086446,-7.5574145,2.460947,6.115716,-7.469707,2.4469047,0.13911895,3.7836308,2.159749,3.1066618,0.1746121346950531,0.15886083245277405,0.015751302242279053,0.32842397689819336,0.253482848405838,0.07494112849235535,-1.5331659,-4.6505704,-4.690577,3.4520402,-1.5331659,-4.6505704,-4.690577,3.4520402,-1.0,-1.0,-1.0,1.0,0.0,-0.4,-0.4,0.4
9.416666666666666,6.02747,-7.53177,2.930206,0.996033,-0.012948912,0.017092187,-0.08636218,0.0830306,0.1098044,0.035233837,0.27077088,0.16848442,-0.24473137,0.10186405,0.09461322,0.029403467,0.63235265,0.52039814,9.101041,6.010584,-7.554786,2.460137,6.115716,-7.469707,2.4469047,0.13589084,3.6539495,2.119759,2.976234,0.1746121346950531,0.18613271415233612,0.01152057945728302,0.32842397689819336,0.26755082607269287,0.06087315082550049,1.7380097,1.417229,1.644076,-0.67189324,1.7380097,1.417229,1.644076,-0.67189324,1.0,1.0,1.0,-0.67189324,33.54301452636719,0.4,0.4,-0.2687573
9.433333333333334,6.0291758,-7.5302057,2.92862,0.9960149,-0.013551667,0.015105843,-0.08684722,0.08844492,0.11385704,-0.13100329,-0.15751779,-0.38004616,-0.0017624837,0.10247086,0.093567565,-0.13672097,0.03640875,-0.062739104,-9.967465,6.012616,-7.552031,2.4591527,6.115716,-7.469707,2.4469047,0.1325022,3.52454,2.0846584,2.8419325,0.1746121346950531,0.18056851625442505,0.005956381559371948,0.32842397689819336,0.2575329542160034,0.07089102268218994,-1.241035,-4.661486,-4.618893,2.1604795,-1.241035,-4.661486,-4.618893,2.1604795,-1.0,-1.0,-1.0,1.0,0.0,-0.4,-0.4,0.4
9.45,6.0310035,-7.52854,2.9282677,0.99589276,-0.012158713,0.015351949,-0.08839732,0.09159868,0.11953848,0.020843197,0.27433378,0.18874662,-0.24436806,0.111808464,0.101921335,0.01500385,0.56025624,0.5012262,9.103489,6.0147433,-7.5491505,2.4580958,6.115716,-7.469707,2.4469047,0.12896504,3.382483,2.0443172,2.694802,0.1746121346950531,0.17868712544441223,0.004074990749359131,0.32842397689819336,0.2583650052547455,0.07005897164344788,1.9353678,1.4965118,1.5733882,-1.971763,1.9353678,1.4965118,1.5733882,-1.971763,1.0,1.0,1.0,-1.0,33.54301452636719,0.4,0.4,-0.4
9.466666666666667,6.032874,-7.526853,2.9264727,0.99586874,-0.0127193015,0.013533678,-0.08888393,0.09644378,0.12330919,-0.14291254,-0.15381663,-0.35960296,-0.0013990214,0.11249655,0.10093729,-0.14861609,0.041285004,-0.05904257,-9.817196,6.0169578,-7.5461564,2.4568856,6.115716,-7.469707,2.4469047,0.12528892,3.2411127,2.007334,2.5446851,0.1746121346950531,0.17363658547401428,0.0009755492210388184,0.32842397689819336,0.26025405526161194,0.06816992163658142,-0.9840714,-4.4909754,-4.605073,2.4212584,-0.9840714,-4.4909754,-4.605073,2.4212584,-0.9840714,-1.0,-1.0,1.0,0.2671470642089844,-0.4,-0.4,0.4
9.483333333333333,6.0348554,-7.525071,2.9259226,0.9957411,-0.011277744,0.013944485,-0.090431,0.09908179,0.12870313,0.008892738,0.2779992,0.20910214,-0.24399842,0.12082571,0.10886772,0.003122404,0.4997496,0.47582564,9.104309,6.019265,-7.543053,2.4556277,6.115716,-7.469707,2.4469047,0.121484585,3.0887628,1.9648745,2.3832169,0.1746121346950531,0.18628942966461182,0.011677294969558716,0.32842397689819336,0.2742503881454468,0.05417358875274658,2.1323671,1.7780842,1.4582249,-1.7649078,2.1323671,1.7780842,1.4582249,-1.7649078,1.0,1.0,1.0,-1.0,33.54301452636719,0.4,0.4,-0.4
9.5,6.036893,-7.523259,2.9244606,0.9957123,-0.011790138,0.012311396,-0.09091915,0.10361139,0.13210365,-0.11268232,-0.1495696,-0.33641568,-0.0010101981,0.122742936,0.108699664,-0.118332386,0.11503368,-0.010083317,-7.287287,6.021669,-7.5398364,2.454542,6.115716,-7.469707,2.4469047,0.117564075,2.9381063,1.9245951,2.2200005,0.1746121346950531,0.1645416021347046,0.01007053256034851,0.32842397689819336,0.2710811197757721,0.057342857122421265,-0.71626675,-4.2842736,-4.614215,2.6939306,-0.71626675,-4.2842736,-4.614215,2.6939306,-0.71626675,-1.0,-1.0,1.0,4.758634090423584,-0.4,-0.4,0.4
9.516666666666666,6.039035,-7.521356,2.9244113,0.9955792,-0.010293445,0.012909257,-0.092462964,0.10580908,0.13730341,0.038765337,0.28222412,0.23217069,-0.24361834,0.13027705,0.11612013,0.033083923,0.45204696,0.4452279,9.084978,6.024172,-7.5365133,2.4537656,6.115716,-7.469707,2.4469047,0.11353629,2.7785213,1.8793703,2.0464964,0.1746121346950531,0.18041780591011047,0.005805671215057373,0.32842397689819336,0.27268654108047485,0.055737435817718506,1.5994086,2.032199,1.2603315,-1.553595,1.5994086,2.032199,1.2603315,-1.553595,1.0,1.0,1.0,-1.0,33.54301452636719,0.4,0.4,-0.4
9.533333333333333,6.041217,-7.5194306,2.9230022,0.9955466,-0.010758834,0.01145115,-0.09295238,0.11004974,0.14040333,-0.11825091,-0.14562352,-0.31569582,-0.0006432394,0.13113733,0.115268424,-0.12378816,0.051616427,-0.051102336,-9.412325,6.0267606,-7.5330987,2.452944,6.115716,-7.469707,2.4469047,0.10939855,2.6206076,1.8347944,1.8711263,0.1746121346950531,0.15706048905849457,0.017551645636558533,0.32842397689819336,0.2818804085254669,0.04654356837272644,-0.9409857,-4.0364027,-4.7492533,2.9526358,-0.9409857,-4.0364027,-4.7492533,2.9526358,-0.9409857,-1.0,-1.0,1.0,0.989759087562561,-0.4,-0.4,0.4
9.55,6.0434904,-7.5174227,2.9228656,0.9954079,-0.009210944,0.012215862,-0.09449323,0.111982055,0.14529379,0.03349764,0.28614607,0.25281778,-0.24324685,0.13812159,0.122120306,0.027953815,0.4190558,0.41111287,9.104519,6.0294333,-7.529603,2.4521363,6.115716,-7.469707,2.4469047,0.10516468,2.4559002,1.7845669,1.6872363,0.1746121346950531,0.1906563937664032,0.016044259071350098,0.32842397689819336,0.267544150352478,0.06087982654571533,1.669349,2.2940235,1.1024636,-1.2061883,1.669349,2.2940235,1.1024636,-1.2061883,1.0,1.0,1.0,-1.0,33.54301452636719,0.4,0.4,-0.4
9.566666666666666,6.0458117,-7.5153933,2.9216735,0.9953722,-0.00962701,0.010937389,-0.094982885,0.116101794,0.14801073,-0.099563494,-0.1413314,-0.2934292,-0.0002546134,0.13958488,0.12163366,-0.104980975,0.087797634,-0.029198973,-7.976087,6.032193,-7.5260334,2.4514217,6.115716,-7.469707,2.4469047,0.10084207,2.2960489,1.7352828,1.5035404,0.1746121346950531,0.17414772510528564,0.00046440958976745605,0.32842397689819336,0.2744321823120117,0.05399179458618164,-0.78920484,-3.8812323,-4.9042177,3.20372,-0.78920484,-3.8812323,-4.9042177,3.20372,-0.78920484,-1.0,-1.0,1.0,3.5353527069091797,-0.4,-0.4,0.4
9.583333333333334,6.048224,-7.513288,2.921847,0.99526876,-0.008111143,0.010979125,-0.09619617,0.1181677,0.15253812,0.05171704,0.28961864,0.12936436,-0.19204968,0.14634433,0.12777267,0.046514675,0.40556696,0.36834103,9.089739,6.0350366,-7.522395,2.4509163,6.115716,-7.469707,2.4469047,0.09644324,2.133335,1.6811129,1.3133843,0.1746121346950531,0.1898801028728485,0.01526796817779541,0.32842397689819336,0.2666204571723938,0.06180351972579956,1.3580054,2.6232839,0.73257935,-0.79112685,1.3580054,2.6232839,0.73257935,-0.79112685,1.0,1.0,0.73257935,-0.79112685,33.54301452636719,0.4,0.29303175,-0.31645074
9.6,6.0506744,-7.511169,2.9206855,0.99528164,-0.008598542,0.008671659,-0.09625631,0.12180773,0.15478812,-0.103741646,-0.13837548,-0.41816977,0.050893668,0.14720477,0.12693742,-0.1085194,0.05162626,-0.050115284,-9.302043,6.037957,-7.518703,2.450365,6.115716,-7.469707,2.4469047,0.091972865,1.9783007,1.6278867,1.1241257,0.1746121346950531,0.1620800644159317,0.012532070279121399,0.32842397689819336,0.26844915747642517,0.05997481942176819,-0.92942786,-3.50343,-3.4770656,2.8344986,-0.92942786,-3.50343,-3.4770656,2.8344986,-0.92942786,-1.0,-1.0,1.0,1.1836011409759521,-0.4,-0.4,0.4
9.616666666666667,6.0531907,-7.5089817,2.9208043,0.99518746,-0.0070617828,0.0085826805,-0.09735641,0.122863896,0.15895402,0.047712807,0.29332295,0.15034921,-0.19171551,0.15217955,0.1326929,0.043271273,0.29848692,0.34532902,9.10744,6.0409503,-7.5149665,2.4498403,6.115716,-7.469707,2.4469047,0.087446816,1.824598,1.569834,0.92993486,0.1746121346950531,0.17749063670635223,0.0028785020112991333,0.32842397689819336,0.26355406641960144,0.06486991047859192,1.5376374,3.0988102,2.6029177,-1.1545867,1.5376374,3.0988102,2.6029177,-1.1545867,1.0,1.0,1.0,-1.0,33.54301452636719,0.4,0.4,-0.4
9.633333333333333,6.0557437,-7.5067773,2.9199402,0.9951943,-0.00750032,0.0064586815,-0.09741828,0.12586278,0.16077311,-0.079852894,-0.13429216,-0.3952835,0.05124524,0.15347846,0.13219483,-0.08387375,0.07793426,-0.029884277,-7.6287007,6.044021,-7.511192,2.4494545,6.115716,-7.469707,2.4469047,0.08287126,1.6818652,1.5109587,0.73869765,0.1746121346950531,0.162539541721344,0.012072592973709106,0.32842397689819336,0.26863884925842285,0.05978512763977051,-0.7525221,-3.197433,-2.9993124,3.3670382,-0.7525221,-3.197433,-2.9993124,3.3670382,-0.7525221,-1.0,-1.0,1.0,4.150577068328857,-0.4,-0.4,0.4
9.65,6.058346,-7.504509,2.9204662,0.995172,-0.0059036654,0.006560788,-0.097747505,0.1264231,0.16438787,0.07137406,0.29749838,0.17311968,-0.06820903,0.15697989,0.13737667,0.06771553,0.2100858,0.31091002,9.095356,6.0471644,-7.5073853,2.4493268,6.115716,-7.469707,2.4469047,0.07826129,1.54621,1.4470218,0.544879,0.1746121346950531,0.17404931783676147,0.000562816858291626,0.32842397689819336,0.2590942978858948,0.06932967901229858,1.3052531,3.4641953,2.8999114,-0.49263632,1.3052531,3.4641953,2.8999114,-0.49263632,1.0,1.0,1.0,-0.49263632,33.54301452636719,0.4,0.4,-0.19705454
9.666666666666666,6.0609756,-7.502228,2.9198186,0.99527425,-0.0062840423,0.0046243956,-0.09679005,0.12920955,0.16551134,-0.07129343,-0.13027203,-0.3731194,0.17486304,0.15791875,0.13666748,-0.07453545,0.05633175,-0.042551454,-8.535059,6.0503774,-7.503561,2.4492574,6.115716,-7.469707,2.4469047,0.07362583,1.4251281,1.3802022,0.3550099,0.1746121346950531,0.15205828845500946,0.02255384624004364,0.32842397689819336,0.27182069420814514,0.05660328269004822,-0.84829795,-2.961895,-2.8022795,1.6079844,-0.84829795,-2.961895,-2.8022795,1.6079844,-0.84829795,-1.0,-1.0,1.0,2.544271945953369,-0.4,-0.4,0.4
9.683333333333334,6.0636387,-7.499893,2.9205036,0.99527496,-0.004633016,0.00490944,-0.09686061,0.12928234,0.16873232,0.0800752,0.3017887,0.19517691,-0.0680834,0.16022956,0.14128903,0.07720395,0.13864875,0.27729303,9.104363,6.0536532,-7.499728,2.4493232,6.115716,-7.469707,2.4469047,0.068984814,1.3185127,1.3082037,0.16455616,0.1746121346950531,0.14947451651096344,0.02513761818408966,0.32842397689819336,0.2605198621749878,0.06790411472320557,1.2331158,3.5433207,2.964612,-2.2426696,1.2331158,3.5433207,2.964612,-2.2426696,1.0,1.0,1.0,-1.0,33.54301452636719,0.4,0.4,-0.4
9.7,6.066321,-7.497547,2.9201057,0.99537295,-0.004959322,0.003154208,-0.0959059,0.13165617,0.16938362,-0.05531243,-0.12590757,-0.35052118,0.17498438,0.16116583,0.14060622,-0.05778483,0.056176182,-0.040968057,-8.099327,6.0569906,-7.495894,2.4494805,6.115716,-7.469707,2.4469047,0.06435106,1.232726,1.2325578,-0.020363502,0.1746121346950531,0.16406722366809845,0.010544911026954651,0.32842397689819336,0.2639496922492981,0.06447428464889526,-0.8023155,-2.7175493,-2.4548817,2.139452,-0.8023155,-2.7175493,-2.4548817,2.139452,-0.8023155,-1.0,-1.0,1.0,3.315467357635498,-0.4,-0.4,0.4
9.716666666666667,6.069025,-7.4951544,2.9210687,0.99537194,-0.0032543915,0.003624138,-0.09597362,0.13126071,0.17221883,0.09601845,0.30613682,0.2176907,-0.06796891,0.1624918,0.14451624,0.09391333,0.07955789,0.23460118,9.101889,6.0603857,-7.492067,2.4498305,6.115716,-7.469707,2.4469047,0.059749167,1.1696112,1.1516749,-0.20404743,0.1746121346950531,0.17390842735767365,0.0007037073373794556,0.32842397689819336,0.2559741735458374,0.07244980335235596,1.1862434,3.784379,3.0844636,-1.6175979,1.1862434,3.784379,3.0844636,-1.6175979,1.0,1.0,1.0,-1.0,33.54301452636719,0.4,0.4,-0.4
9.733333333333333,6.0717435,-7.492755,2.9208934,0.9954668,-0.0035264397,0.0020486654,-0.095021024,0.13332869,0.1723809,-0.043776568,-0.12161709,-0.32824734,0.17509794,0.16332065,0.14374833,-0.045506958,0.049730834,-0.046074983,-8.365216,6.0638337,-7.488257,2.450247,6.115716,-7.469707,2.4469047,0.055200007,1.1324261,1.0663793,-0.38108277,0.1746121346950531,0.16750414669513702,0.007107987999916077,0.32842397689819336,0.2658020257949829,0.06262195110321045,-0.8304194,-2.3830018,-2.1837206,2.6385825,-0.8304194,-2.3830018,-2.1837206,2.6385825,-0.8304194,-1.0,-1.0,1.0,2.8441219329833984,-0.4,-0.4,0.4
9.75,6.074475,-7.4903207,2.922062,0.9954751,-0.0017686841,0.0027013777,-0.09496784,0.13263406,0.1747494,0.10761846,0.31042987,0.23988126,-0.04889475,0.16389394,0.14684075,0.10624241,0.034397542,0.18554537,9.104962,6.067332,-7.484473,2.4508193,6.115716,-7.469707,2.4469047,0.050738495,1.12313,0.97631824,-0.55517894,0.1746121346950531,0.17063821852207184,0.003973916172981262,0.32842397689819336,0.2599794566631317,0.06844452023506165,1.0728728,4.044927,3.069222,-0.9218627,1.0728728,4.044927,3.069222,-0.9218627,1.0,1.0,1.0,-0.9218627,33.54301452636719,0.4,0.4,-0.3687451
9.766666666666666,6.077215,-7.487885,2.9220626,0.9955825,-0.0019866982,0.0013049811,-0.093859926,0.13455655,0.1743579,-0.03448156,-0.11740585,-0.3060845,0.1941668,0.16466779,0.14600845,-0.035513066,0.046430822,-0.049938258,-8.505328,6.070872,-7.4807234,2.4514337,6.115716,-7.469707,2.4469047,0.04639903,1.1394109,0.88166845,-0.7217463,0.1746121346950531,0.17504720389842987,0.00043506920337677,0.32842397689819336,0.26605406403541565,0.06236991286277771,-0.84527314,-2.040852,-2.100107,2.78008,-0.84527314,-2.040852,-2.100107,2.78008,-0.84527314,-1.0,-1.0,1.0,2.5950026512145996,-0.4,-0.4,0.4
9.783333333333333,6.079962,-7.4854255,2.92323,0.995652,-0.00017723009,0.0021354118,-0.09312595,0.13391736,0.1759964,0.103675514,0.31461552,0.26105267,0.053783007,0.16467464,0.14810508,0.10297742,0.00041127202,0.12579829,8.309428,6.074451,-7.4770126,2.4520802,6.115716,-7.469707,2.4469047,0.04222511,1.180855,0.7829599,-0.88396406,0.1746121346950531,0.16707859933376312,0.007533535361289978,0.32842397689819336,0.26111140847206116,0.0673125684261322,0.91565895,4.253005,2.8726506,-0.5772644,0.91565895,4.253005,2.8726506,-0.5772644,0.91565895,1.0,1.0,-0.5772644,32.12848663330078,0.4,0.4,-0.23090577
9.8,6.0827155,-7.4829674,2.9232056,0.99583495,-0.00034118324,0.00091251615,-0.09116862,0.13602237,0.17483728,-0.036080617,-0.11345434,-0.28432587,0.29678568,0.16543964,0.14721361,-0.036467195,0.045899745,-0.05348861,-8.366676,6.078062,-7.4733467,2.4526715,6.115716,-7.469707,2.4469047,0.03826646,1.2413604,0.68019223,-1.038419,0.1746121346950531,0.1717156171798706,0.002896517515182495,0.32842397689819336,0.2664097547531128,0.062014222145080566,-0.8313158,-1.7917532,-2.4559417,1.4418602,-0.8313158,-1.7917532,-2.4559417,1.4418602,-0.8313158,-1.0,-1.0,1.0,2.829087972640991,-0.4,-0.4,0.4
9.816666666666666,6.085469,-7.480499,2.924144,0.9959188,0.0015143197,0.0019167064,-0.09022078,0.13545512,0.17587304,0.08519216,0.3185357,0.2815957,0.05359391,0.16515724,0.14838147,0.08510665,-0.016943514,0.07007182,7.2944303,6.081698,-7.469733,2.4531682,6.115716,-7.469707,2.4469047,0.034589868,1.3191327,0.57436633,-1.1875244,0.1746121346950531,0.15594665706157684,0.018665477633476257,0.32842397689819336,0.25677794218063354,0.07164603471755981,0.8083124,4.2278137,2.286647,-1.7188286,0.8083124,4.2278137,2.286647,-1.7188286,0.8083124,1.0,1.0,-1.0,30.328125,0.4,0.4,-0.4
9.833333333333334,6.088232,-7.478039,2.9241273,0.99609554,0.001403941,0.0008677838,-0.08826643,0.13756521,0.17415285,-0.030217227,-0.109323375,-0.2621088,0.29655468,0.16600081,0.14733803,-0.030028565,0.050614174,-0.062606335,-6.9081125,6.08536,-7.4661813,2.4536521,6.115716,-7.469707,2.4469047,0.031296037,1.4080149,0.46542296,-1.328867,0.1746121346950531,0.17891980707645416,0.004307672381401062,0.32842397689819336,0.2685178518295288,0.05990612506866455,-0.6778842,-1.4148871,-2.7354517,1.9362988,-0.6778842,-1.4148871,-2.7354517,1.9362988,-0.6778842,-1.0,-1.0,1.0,5.402367115020752,-0.4,-0.4,0.4
9.85,6.090995,-7.47558,2.9247074,0.99617285,0.0033024773,0.0020414172,-0.087317884,0.1371509,0.17451806,0.054065987,0.32222116,0.3012876,0.053401414,0.1656099,0.14762011,0.05451349,-0.023455022,0.016924739,5.072523,6.0890384,-7.4626913,2.4539466,6.115716,-7.469707,2.4469047,0.028469346,1.5059959,0.35448024,-1.4636829,0.1746121346950531,0.16035756468772888,0.014254570007324219,0.32842397689819336,0.264330118894577,0.06409385800361633,0.57448244,4.3870654,1.6793727,-1.2228485,0.57448244,4.3870654,1.6793727,-1.2228485,0.57448244,1.0,1.0,-1.0,26.406444549560547,0.4,0.4,-0.4
9.866666666666667,6.093767,-7.4731374,2.924663,0.9963436,0.0032442855,0.0011652673,-0.08536585,0.1393811,0.17221394,-0.023089811,-0.105262466,-0.2398262,0.2963097,0.16660464,0.14614552,-0.022411035,0.05968451,-0.08847534,-4.6154714,6.092729,-7.459275,2.4542365,6.115716,-7.469707,2.4469047,0.026286589,1.6092504,0.24147889,-1.5910295,0.1746121346950531,0.18550212681293488,0.010889992117881775,0.32842397689819336,0.2778092622756958,0.05061471462249756,-0.43714598,-1.1011832,-3.124879,2.3379126,-0.43714598,-1.1011832,-3.124879,2.3379126,-0.43714598,-1.0,-1.0,1.0,9.439910888671875,-0.4,-0.4,0.4
9.883333333333333,6.0965405,-7.4707084,2.9249792,0.9964423,0.0051370645,0.0019622457,-0.08409755,0.13945848,0.1717914,0.030105932,0.32559177,0.23335232,0.104691125,0.16637164,0.14566426,0.031140286,-0.013979672,-0.028875766,3.2130792,6.096426,-7.4559326,2.454379,6.115716,-7.469707,2.4469047,0.024853649,1.7160492,0.12812537,-1.7112594,0.1746121346950531,0.1997816562652588,0.02516952157020569,0.32842397689819336,0.2837577760219574,0.04466620087623596,0.37989983,4.462795,0.8381413,-0.7879878,0.37989983,4.462795,0.8381413,-0.7879878,0.37989983,1.0,0.8381413,-0.7879878,23.14299964904785,0.4,0.33525655,-0.31519514
9.9,6.099328,-7.468303,2.9247904,0.99663955,0.0054992684,0.00048973446,-0.08172465,0.14178617,0.16882601,-0.027872073,-0.03193901,-0.30572864,0.34760028,0.16739267,0.14377218,-0.026299141,0.06126165,-0.11352449,-3.4463656,6.100128,-7.452672,2.45445,6.115716,-7.469707,2.4469047,0.024292009,1.8240732,0.014124973,-1.8240185,0.1746121346950531,0.19614388048648834,0.02153174579143524,0.32842397689819336,0.2889861464500427,0.039437830448150635,-0.31491318,-0.8364842,-2.9668856,1.7679132,-0.31491318,-0.8364842,-2.9668856,1.7679132,-0.31491318,-0.8364842,-1.0,1.0,11.489938735961914,-0.33459368,-0.4,0.4
9.916666666666666,6.1021085,-7.4659243,2.9249816,0.9967623,0.007985174,0.0010484295,-0.08000022,0.14176048,0.16743654,0.020319449,0.3994483,0.22482817,0.16034026,0.16666812,0.1423392,0.02247668,-0.04347324,-0.0859791,2.9265492,6.103823,-7.4494987,2.4544675,6.115716,-7.469707,2.4469047,0.024637643,1.9321849,-0.09875715,-1.9296595,0.1746121346950531,0.21339182555675507,0.038779690861701965,0.32842397689819336,0.29949912428855896,0.0289248526096344,0.35033688,3.9760354,0.943483,-0.769694,0.35033688,3.9760354,0.943483,-0.769694,0.35033688,1.0,0.943483,-0.769694,22.647184371948242,0.4,0.37739322,-0.3078776
9.933333333333334,6.104896,-7.4635873,2.9248028,0.9969814,0.008525954,-0.0005132877,-0.07716907,0.14399046,0.16322535,-0.025474608,-0.027705805,-0.31337962,0.40318018,0.16744944,0.13953125,-0.022725163,0.046879645,-0.16847669,-2.7121105,6.107511,-7.446421,2.4544888,6.115716,-7.469707,2.4469047,0.025827719,2.0387833,-0.21163964,-2.0277689,0.1746121346950531,0.20785966515541077,0.033247530460357666,0.32842397689819336,0.308120995759964,0.02030298113822937,-0.23725136,-2.144394,-3.1114678,1.2209224,-0.23725136,-2.144394,-3.1114678,1.2209224,-0.23725136,-1.0,-1.0,1.0,12.792444229125977,-0.4,-0.4,0.4
9.95,6.107679,-7.4612885,2.924521,0.9971219,0.010854821,-0.0022686166,-0.07499863,0.14426447,0.16047333,-0.0201968,0.40230337,-0.14402664,0.21567938,0.16675772,0.13747649,-0.016245646,-0.041503605,-0.12328594,0.38877097,6.111186,-7.4434323,2.4542348,6.115716,-7.469707,2.4469047,0.027651599,2.143666,-0.32275733,-2.119229,0.1746121346950531,0.1944705992937088,0.0198584645986557,0.32842397689819336,0.303800106048584,0.024623870849609375,0.08362406,3.672659,0.28472817,-0.77070796,0.08362406,3.672659,0.28472817,-0.77070796,0.08362406,1.0,0.28472817,-0.77070796,18.174007415771484,0.4,0.11389127,-0.30828318
9.966666666666667,6.110435,-7.4590683,2.9251187,0.99735653,0.011547433,-0.0025085835,-0.07169563,0.14447327,0.15515718,0.04736832,-0.019825133,0.023926053,0.45814672,0.16485111,0.13177685,0.05146848,-0.11439621,-0.34197804,4.062847,6.1148386,-7.440564,2.4545014,6.115716,-7.469707,2.4469047,0.03012949,2.2465503,-0.43287566,-2.2044516,0.1746121346950531,0.2082476019859314,0.033635467290878296,0.32842397689819336,0.30185917019844055,0.026564806699752808,0.47550997,-2.0942194,0.2827022,1.6649405,0.47550997,-2.0942194,0.2827022,1.6649405,0.47550997,-1.0,0.2827022,1.0,24.74652671813965,-0.4,0.11308088,0.4
9.983333333333333,6.113195,-7.456864,2.923908,0.9974832,0.013791336,-0.005889992,-0.06929835,0.1447968,0.15085512,-0.11972753,0.40419358,-0.5174774,0.23672637,0.16586263,0.13250382,-0.113975376,0.060691234,0.04361808,-9.926631,6.118473,-7.437776,2.4540882,9.80595,-8.536935,2.356241,3.8490534,2.3482633,-0.54352534,-2.2844958,0.1746121346950531,0.18524353206157684,0.010631397366523743,0.32842397689819336,0.3042076528072357,0.02421632409095764,-1.2838203,3.0609012,-2.4784055,-0.91153634,-1.2838203,3.0609012,-2.4784055,-0.91153634,-1.0,1.0,-1.0,-0.91153634,0.0,0.4,-0.4,-0.36461455
10.0,6.115947,-7.4546647,2.9199674,0.9977026,0.01443513,-0.006903357,-0.065829046,0.14278434,0.14402507,-0.28330448,-0.017627679,0.025864901,0.4791151,0.16486397,0.13183561,-0.27718455,-0.05991965,-0.040092763,-9.79255,6.1221056,-7.4349957,2.4511178,9.80595,-8.536935,2.356241,3.8462946,2.4449825,-0.6514695,-2.3565922,0.1746121346950531,0.2069990634918213,0.03238692879676819,0.32842397689819336,0.30204010009765625,0.02638387680053711,-8.553167,-1.0864085,11.5579815,2.9986808,-8.553167,-1.0864085,11.5579815,2.9986808,-1.0,-1.0,1.0,1.0,0.0,-0.4,0.4,0.4
10.016666666666666,6.1186852,-7.452459,2.9133103,0.99802536,0.01715445,-0.0035201176,-0.060321923,0.14468642,0.13592239,-0.44578645,0.4094997,0.5731539,0.71183395,0.16403411,0.1324896,-0.440084,-0.04979163,0.03923982,-9.773968,6.1257415,-7.432206,2.4453177,9.80595,-8.536935,2.356241,3.8434744,2.5446005,-0.76018125,-2.428398,0.1746121346950531,0.21046042442321777,0.03584828972816467,0.32842397689819336,0.30519846081733704,0.023225516080856323,-8.503096,1.9486021,10.291249,0.95892894,-8.503096,1.9486021,10.291249,0.95892894,-1.0,1.0,1.0,0.95892894,0.0,0.4,0.4,0.3835716
10.033333333333333,6.121408,-7.4502516,2.9039378,0.9983474,0.021086307,0.0043406477,-0.053281642,0.1547097,0.12389509,-0.6070751,0.41815165,1.12157,0.8655059,0.1631316,0.13249108,-0.6030418,-0.054151114,8.851289e-05,-9.777469,6.1293764,-7.4294133,2.4366763,9.80595,-8.536935,2.356241,3.840608,2.6478431,-0.8709558,-2.5005019,0.1746121346950531,0.21610356867313385,0.04149143397808075,0.32842397689819336,0.280151903629303,0.04827207326889038,-7.9298086,0.035551175,8.133957,0.634462,-7.9298086,0.035551175,8.133957,0.634462,-1.0,0.035551175,1.0,0.634462,0.0,0.014220471,0.4,0.2537848
10.05,6.1241164,-7.4480424,2.8918498,0.9985153,0.025670879,0.016725637,-0.04503796,0.1770515,0.10846006,-0.76649284,0.4804897,1.6709934,0.9903035,0.16225272,0.13255419,-0.7659801,-0.052732226,0.0037863848,-9.776298,6.1330137,-7.4266148,2.425211,9.80595,-8.536935,2.356241,3.8377116,2.7544367,-0.98355836,-2.5728457,0.1746121346950531,0.20697787404060364,0.03236573934555054,0.32842397689819336,0.3021463453769684,0.026277631521224976,-6.2876883,0.18417506,6.0752726,0.51419234,-6.2876883,0.18417506,6.0752726,0.51419234,-1.0,0.18417506,1.0,0.51419234,0.0,0.07367002,0.4,0.20567694
10.066666666666666,6.1268106,-7.44584,2.8770447,0.9983341,0.02835944,0.0337668,-0.037206896,0.21560346,0.09350275,-0.92261666,0.1270128,2.2170208,0.85521847,0.16138345,0.13205013,-0.92896026,-0.052156445,-0.030243693,-9.778808,6.136659,-7.4238157,2.4109375,9.80595,-8.536935,2.356241,3.834804,2.8645487,-1.098225,-2.6456645,0.1746121346950531,0.19506223499774933,0.020450100302696228,0.32842397689819336,0.2842560112476349,0.04416796565055847,-3.8118646,-0.7685727,3.9649446,-0.554043,-3.8118646,-0.7685727,3.9649446,-0.554043,-1.0,-0.7685727,1.0,-0.554043,0.0,-0.30742908,0.4,-0.2216172
10.083333333333334,6.1296396,-7.4437394,2.8612792,0.99784726,0.03269906,0.04855876,-0.029557312,0.25912163,0.07476129,-0.9381203,0.5232409,1.6862634,0.89090365,0.17299585,0.123920895,-0.9526379,0.69674397,-0.48775387,-1.4206587,6.1402826,-7.421062,2.3949335,9.80595,-8.536935,2.356241,3.831943,2.9787278,-1.2156628,-2.7193718,0.1746121346950531,0.18820565938949585,0.013593524694442749,0.32842397689819336,0.29122287034988403,0.037201106548309326,-0.108580835,2.2370262,-1.7609642,0.1438559,-0.108580835,2.2370262,-1.7609642,0.1438559,-0.108580835,1.0,-1.0,0.1438559,14.950443267822266,0.4,-0.4,0.05754236
10.1,6.132937,-7.4419584,2.8472817,0.9973699,0.034862664,0.059086163,-0.02337852,0.29702133,0.057554673,-0.7804789,0.07666333,1.1641214,0.6477112,0.20682766,0.10115646,-0.8047802,2.0299082,-1.3658662,8.871463,6.1438375,-7.4184837,2.379697,9.80595,-8.536935,2.356241,3.8291712,3.0929666,-1.3137376,-2.8000956,0.1746121346950531,0.17332519590854645,0.0012869387865066528,0.32842397689819336,0.29565727710723877,0.03276669979095459,2.2954545,-4.2614703,-1.3998753,-1.3444368,2.2954545,-4.2614703,-1.3998753,-1.3444368,1.0,-1.0,-1.0,-1.0,33.54301452636719,-0.4,-0.4,-0.4
10.116666666666667,6.136879,-7.440565,2.8357198,0.99711204,0.03446677,0.06531469,-0.017704621,0.32892764,0.043694977,-0.6256906,-0.16425851,0.6382123,0.64948565,0.24692056,0.077884845,-0.65920824,2.4055738,-1.3962967,8.734317,6.147282,-7.416166,2.3668487,9.80595,-8.536935,2.356241,3.826498,3.1956923,-1.3455273,-2.8986213,0.1746121346950531,0.18737885355949402,0.012766718864440918,0.32842397689819336,0.32058441638946533,0.007839560508728027,2.842503,-0.5427314,-1.3605758,0.010997742,2.842503,-0.5427314,-1.3605758,0.010997742,1.0,-0.5427314,-1.0,0.010997742,33.54301452636719,-0.21709256,-0.4,0.004399097
10.133333333333333,6.141537,-7.439541,2.8265784,0.99699605,0.035924252,0.06720916,-0.013823032,0.35590354,0.029496424,-0.47353816,0.24227138,0.11604601,0.40744314,0.29051697,0.05611853,-0.5140295,2.615785,-1.3059789,8.710724,6.1506143,-7.4141264,2.356597,9.80595,-8.536935,2.356241,3.8238957,3.275133,-1.2841263,-3.0128915,0.1746121346950531,0.1933988332748413,0.018786698579788208,0.32842397689819336,0.31509754061698914,0.013326436281204224,2.622423,0.9628338,-1.464264,-0.99640393,2.622423,0.9628338,-1.464264,-0.99640393,1.0,0.9628338,-1.0,-0.99640393,33.54301452636719,0.38513353,-0.4,-0.39856157
10.15,6.1469183,-7.4389052,2.81986,0.99681246,0.03557725,0.07065386,-0.010350078,0.3820695,0.015068159,-0.31953776,-0.17999856,0.5315182,0.3938404,0.33378586,0.032195304,-0.36859053,2.5961332,-1.4353935,8.726337,6.1538453,-7.4123716,2.3489437,9.80595,-8.536935,2.356241,3.8213303,3.3323739,-1.1204171,-3.1383724,0.1746121346950531,0.18759170174598694,0.012979567050933838,0.32842397689819336,0.3298455774784088,0.001421600580215454,1.123027,-3.7289891,0.7309332,-0.051649988,1.123027,-3.7289891,0.7309332,-0.051649988,1.0,-1.0,0.7309332,-0.051649988,33.54301452636719,-0.4,0.29237327,-0.020659996
10.166666666666666,6.152493,-7.438365,2.8116364,0.9967882,0.035242062,0.07156759,-0.0070163985,0.4074951,0.0018169393,-0.48296115,-0.03253896,-0.012679348,0.39143658,0.3346474,0.032584675,-0.53502935,0.05169153,0.023362262,-9.986328,6.1570315,-7.4107847,2.3414972,9.80595,-8.536935,2.356241,3.8187745,3.3864322,-0.85500455,-3.2767196,0.1746121346950531,0.1854308396577835,0.010818704962730408,0.32842397689819336,0.29231569170951843,0.03610828518867493,-2.8086834,0.35750532,-5.7936816,-0.009957671,-2.8086834,0.35750532,-5.7936816,-0.009957671,-1.0,0.35750532,-1.0,-0.009957671,0.0,0.14300214,-0.4,-0.0039830687
10.183333333333334,6.1580806,-7.4378304,2.80067,0.99714893,0.032473087,0.0679807,-0.00425138,0.4271835,-0.008647298,-0.6477083,-0.46045813,-0.5594272,0.29938552,0.33547482,0.03195605,-0.6989435,0.049645897,-0.037717443,-9.834848,6.160213,-7.4092135,2.3316128,9.80595,-8.536935,2.356241,3.8162496,3.4518816,-0.56018174,-3.4061244,0.1746121346950531,0.20363298058509827,0.029020845890045166,0.32842397689819336,0.30360546708106995,0.024818509817123413,-1.4984539,-1.0745684,-3.1257057,-0.377135,-1.4984539,-1.0745684,-3.1257057,-0.377135,-1.0,-1.0,-1.0,-0.377135,0.0,-0.4,-0.4,-0.150854
10.2,6.1641474,-7.437519,2.7904751,0.9972706,0.031600162,0.06672662,-0.0005537417,0.4479966,-0.020365559,-0.5295124,-0.025603892,0.0031110062,0.48689312,0.37344483,0.014482747,-0.5846609,2.2782004,-1.0483981,6.856956,6.163387,-7.407764,2.3210173,9.80595,-8.536935,2.356241,3.81373,3.5440943,-0.26319626,-3.534308,0.1746121346950531,0.1943332701921463,0.0197211354970932,0.32842397689819336,0.29654163122177124,0.03188234567642212,0.77813363,3.863672,3.4810104,0.7721349,0.77813363,3.863672,3.4810104,0.7721349,0.77813363,1.0,1.0,0.7721349,29.82198143005371,0.4,0.4,0.30885395
10.216666666666667,6.170382,-7.4372826,2.778656,0.9975765,0.028885826,0.06326425,0.0020611105,0.46605262,-0.029593559,-0.6969016,-0.4538092,-0.5437023,0.24348298,0.37428436,0.014057798,-0.7506439,0.05037188,-0.02549691,-9.958981,6.1665616,-7.4064555,2.309913,9.80595,-8.536935,2.356241,3.8112044,3.6762698,0.09387226,-3.6750712,0.1746121346950531,0.19223704934120178,0.01762491464614868,0.32842397689819336,0.2968255877494812,0.03159838914871216,-2.527663,-1.1272713,-3.4065533,-2.5507166,-2.527663,-1.1272713,-3.4065533,-2.5507166,-1.0,-1.0,-1.0,-1.0,0.0,-0.4,-0.4,-0.4
10.233333333333333,6.1767426,-7.437099,2.7651362,0.9976642,0.028007517,0.06208161,0.005250185,0.48404557,-0.039722387,-0.77707565,-0.021793563,0.006220708,0.42406365,0.38407835,0.010015861,-0.8319303,0.58763975,-0.24251622,-4.877182,6.1697426,-7.4051995,2.2969403,9.80595,-8.536935,2.356241,3.8087199,3.836745,0.471544,-3.8076577,0.1746121346950531,0.1807536631822586,0.006141528487205505,0.32842397689819336,0.29904425144195557,0.029379725456237793,-0.47608504,4.471687,3.1024165,0.74307275,-0.47608504,4.471687,3.1024165,0.74307275,-0.47608504,1.0,1.0,0.74307275,8.786843299865723,0.4,0.4,0.2972291
10.25,6.1831565,-7.436929,2.7492168,0.99784917,0.0283042,0.05869119,0.007155849,0.4986989,-0.051087186,-0.94310135,0.031949945,-0.53689045,0.18096185,0.38492456,0.010259119,-0.99623215,0.050772425,0.014595463,-9.858111,6.172935,-7.4039884,2.2818623,9.80595,-8.536935,2.356241,3.8062973,4.033939,0.8640102,-3.9403234,0.1746121346950531,0.18843905627727509,0.013826921582221985,0.32842397689819336,0.30437272787094116,0.024051249027252197,-1.3540214,0.13072501,-1.806325,-2.3982096,-1.3540214,0.13072501,-1.806325,-2.3982096,-1.0,0.13072501,-1.0,-1.0,0.0,0.052290004,-0.4,-0.4
10.266666666666666,6.1900344,-7.436974,2.7345111,0.9977931,0.03143059,0.057713155,0.009492215,0.5156786,-0.06737022,-0.7901574,0.4659431,0.0302161,0.3463067,0.421707,-0.00689101,-0.84671575,2.2069466,-1.0290077,8.9709835,6.1761794,-7.402941,2.2664554,9.80595,-8.536935,2.356241,3.8038454,4.2602897,1.2616973,-4.0691752,0.1746121346950531,0.1692219376564026,0.005390197038650513,0.32842397689819336,0.29960983991622925,0.02881413698196411,1.1011604,1.0356709,5.0952063,0.68106973,1.1011604,1.0356709,5.0952063,0.68106973,1.0,1.0,1.0,0.68106973,33.54301452636719,0.4,0.4,0.2724279
10.283333333333333,6.197072,-7.4370937,2.7183201,0.9979175,0.032738417,0.054541152,0.010682711,0.5292631,-0.082114875,-0.9581363,0.037200224,-0.5137643,0.103027105,0.42248276,-0.007257067,-1.013086,0.046545263,-0.021963434,-9.982212,6.179492,-7.4020805,2.2508926,9.80595,-8.536935,2.356241,3.8013406,4.5388713,1.7103173,-4.2043033,0.1746121346950531,0.16036450862884521,0.014247626066207886,0.32842397689819336,0.30874359607696533,0.019680380821228027,-2.0712123,-5.8626037,-1.4870166,-2.592688,-2.0712123,-5.8626037,-1.4870166,-2.592688,-1.0,-1.0,-1.0,-1.0,0.0,-0.4,-0.4,-0.4
10.3,6.204542,-7.4374704,2.7033317,0.9979344,0.032853067,0.05371824,0.0127207395,0.5448367,-0.095312595,-0.8058314,-0.013277817,0.04958746,0.29607102,0.45652902,-0.027582727,-0.86378014,2.0427756,-1.2195395,8.958349,6.1829057,-7.4014163,2.2353082,9.80595,-8.536935,2.356241,3.7987468,4.839588,2.1703503,-4.3256435,0.1746121346950531,0.15349070727825165,0.021121427416801453,0.32842397689819336,0.29197123646736145,0.03645274043083191,1.4848288,-0.13490959,4.7268705,0.79779744,1.4848288,-0.13490959,4.7268705,0.79779744,1.0,-0.13490959,1.0,0.79779744,33.54301452636719,-0.053963836,0.4,0.31911898
10.316666666666666,6.2123556,-7.438048,2.6886299,0.99816304,0.030167257,0.050715823,0.01371789,0.55831623,-0.10306705,-0.83267075,-0.44045442,-0.48717862,0.052785195,0.47274798,-0.036854662,-0.88928705,0.97313756,-0.5563161,-1.5304147,6.1864843,-7.4010386,2.2206783,9.80595,-8.536935,2.356241,3.7959414,5.194163,2.6714706,-4.4545,0.1746121346950531,0.16320061683654785,0.011411517858505249,0.32842397689819336,0.31777223944664,0.010651737451553345,-0.09881259,-1.4791869,-1.9053679,-2.9307742,-0.09881259,-1.4791869,-1.9053679,-2.9307742,-0.09881259,-1.0,-1.0,-1.0,15.11427116394043,-0.4,-0.4,-0.4
10.333333333333334,6.220629,-7.4388824,2.6756968,0.9981914,0.02930726,0.05012597,0.01556352,0.5729316,-0.11279319,-0.6816893,-0.00680056,0.07767809,0.27250004,0.50410914,-0.054239042,-0.74067897,1.8816696,-1.0430628,8.916485,6.1902714,-7.400962,2.2072194,9.80595,-8.536935,2.356241,3.7928586,5.5782666,3.194841,-4.572751,0.1746121346950531,0.1556587815284729,0.0189533531665802,0.32842397689819336,0.3159850239753723,0.012438952922821045,3.0598435,4.4542065,3.3791132,0.9056945,3.0598435,4.4542065,3.3791132,0.9056945,1.0,1.0,1.0,0.9056945,33.54301452636719,0.4,0.4,0.3622778
10.35,6.2294106,-7.4399943,2.6649048,0.99838454,0.026676362,0.047420032,0.016369915,0.58706576,-0.12050957,-0.560406,-0.43210763,-0.4494836,0.029013027,0.53419256,-0.070617974,-0.618769,1.805005,-0.9827359,7.314598,6.194376,-7.4012876,2.1960075,9.80595,-8.536935,2.356241,3.7893057,6.0011997,3.7496195,-4.68559,0.1746121346950531,0.1779269278049469,0.003314793109893799,0.32842397689819336,0.34029555320739746,0.011871576309204102,0.84251654,-1.2766627,-3.2618256,-3.5927296,0.84251654,-1.2766627,-3.2618256,-3.5927296,0.84251654,-1.0,-1.0,-1.0,30.901779174804688,-0.4,-0.4,-0.4
10.366666666666667,6.2386804,-7.4413605,2.6564698,0.99841255,0.025802681,0.047188498,0.016726037,0.6012679,-0.12777326,-0.41047546,0.0009603709,0.115496896,0.041443124,0.56317776,-0.085484564,-0.47102267,1.739112,-0.8919954,8.864779,6.1988544,-7.4020276,2.1872065,9.80595,-8.536935,2.356241,3.7851985,6.450659,4.3282995,-4.7829723,0.1746121346950531,0.141611248254776,0.0330008864402771,0.32842397689819336,0.3309387266635895,0.002514749765396118,2.54961,4.3418956,1.5972663,0.05016175,2.54961,4.3418956,1.5972663,0.05016175,1.0,1.0,1.0,0.05016175,33.54301452636719,0.4,0.4,0.0200647
10.383333333333333,6.248441,-7.442972,2.6503859,0.99854606,0.025466885,0.044906754,0.015510691,0.6163936,-0.13438517,-0.2717245,-0.051489256,-0.40862647,-0.20119931,0.59288263,-0.10020145,-0.33209112,1.782292,-0.8830131,8.335892,6.2037716,-7.4032025,2.1809337,9.80595,-8.536935,2.356241,3.780446,6.917139,4.9215994,-4.860522,0.1746121346950531,0.18362121284008026,0.00900907814502716,0.32842397689819336,0.3416203558444977,0.013196378946304321,0.9492682,-0.12569018,-4.4969645,-1.0072254,0.9492682,-0.12569018,-4.4969645,-1.0072254,0.9492682,-0.12569018,-1.0,-1.0,32.69216537475586,-0.05027607,-0.4,-0.4
10.4,6.258672,-7.444827,2.6467266,0.9985984,0.027754193,0.042426426,0.015191301,0.62958246,-0.14246957,-0.12420667,0.37863538,-0.26782033,0.04220832,0.62038314,-0.11487536,-0.1844651,1.6500305,-0.88043463,8.857561,6.2091775,-7.4048157,2.177189,9.80595,-8.536935,2.356241,3.774987,7.3922477,5.521933,-4.914629,0.1746121346950531,0.14947420358657837,0.02513793110847473,0.32842397689819336,0.3375643491744995,0.009140372276306152,1.8129861,1.4757103,0.21767135,2.5628703,1.8129861,1.4757103,0.21767135,2.5628703,1.0,1.0,0.21767135,1.0,33.54301452636719,0.4,0.08706854,0.4
10.416666666666666,6.2693524,-7.44696,2.6455214,0.9988202,0.028283058,0.036964305,0.013847829,0.6437964,-0.15063211,0.018466298,-0.047226314,-0.7926673,-0.2009414,0.64702016,-0.13220233,-0.037313063,1.598221,-1.0396179,8.829122,6.215129,-7.4068866,2.1760092,9.80595,-8.536935,2.356241,3.7687516,7.868304,6.1205673,-4.9445786,0.1746121346950531,0.1669141799211502,0.007697954773902893,0.32842397689819336,0.35267600417137146,0.0242520272731781,1.817641,-4.2131143,-1.3726994,-1.5334604,1.817641,-4.2131143,-1.3726994,-1.5334604,1.0,-1.0,-1.0,-1.0,33.54301452636719,-0.4,-0.4,-0.4
10.433333333333334,6.280408,-7.4493732,2.6467834,0.99886316,0.030617246,0.03393941,0.013524584,0.6546814,-0.15831602,0.16529816,0.38402992,-0.2264305,0.042309996,0.6682264,-0.14887092,0.11093244,1.2723755,-1.0001153,8.89473,6.221673,-7.409402,2.1773825,9.80595,-8.536935,2.356241,3.761697,8.337914,6.707902,-4.952258,0.1746121346950531,0.1282230168581009,0.04638911783695221,0.32842397689819336,0.33969947695732117,0.011275500059127808,3.9578817,1.0321182,3.8206968,2.2433715,3.9578817,1.0321182,3.8206968,2.2433715,1.0,1.0,1.0,1.0,33.54301452636719,0.4,0.4,0.4
10.45,6.2918057,-7.452099,2.6505098,0.99892056,0.03115648,0.032188065,0.012283407,0.6661513,-0.1670574,0.31288344,-0.039304987,-0.21272838,-0.20071211,0.6886944,-0.16822721,0.25876886,1.2280797,-1.1613777,8.870185,6.2288613,-7.4123716,2.1812835,9.80595,-8.536935,2.356241,3.7537737,8.788434,7.26889,-4.9396167,0.1746121346950531,0.1375877559185028,0.03702437877655029,0.32842397689819336,0.3441016376018524,0.015677660703659058,4.171964,-4.754205,-0.00790517,-1.7537864,4.171964,-4.754205,-0.00790517,-1.7537864,1.0,-1.0,-0.00790517,-1.0,33.54301452636719,-0.4,-0.003162068,-0.4
10.466666666666667,6.303523,-7.455141,2.6567056,0.9988888,0.031286135,0.033082645,0.0121541,0.6741928,-0.17669125,0.4641952,0.036464944,0.21253495,0.042455584,0.7074749,-0.18716751,0.40703872,1.1268282,-1.136418,8.896192,6.2367406,-7.415778,2.1876888,9.80595,-8.536935,2.356241,3.7449512,9.210451,7.7929764,-4.909372,0.1746121346950531,0.12138043344020844,0.053231701254844666,0.32842397689819336,0.33906981348991394,0.010645836591720581,4.944578,0.16488402,0.74575233,1.9318204,4.944578,0.16488402,0.74575233,1.9318204,1.0,0.16488402,0.74575233,1.0,33.54301452636719,0.065953605,0.29830095,0.4
10.483333333333333,6.3155794,-7.458506,2.665365,0.9990219,0.028915802,0.03158524,0.011020896,0.6870314,-0.1883834,0.61088604,-0.38874337,-0.31196052,-0.20083943,0.7282394,-0.20650776,0.55471087,1.2458717,-1.1604147,8.860329,6.2453523,-7.4196267,2.1965728,9.80595,-8.536935,2.356241,3.7352014,9.595661,8.271387,-4.864243,0.1746121346950531,0.1412602961063385,0.0333518385887146,0.32842397689819336,0.35555458068847656,0.027130603790283203,5.164918,-1.0157577,-1.8478503,-1.7025229,5.164918,-1.0157577,-1.8478503,-1.7025229,1.0,-1.0,-1.0,-1.0,33.54301452636719,-0.4,-0.4,-0.4
10.5,6.327945,-7.4621606,2.6764977,0.9990087,0.02836581,0.032523446,0.010913421,0.6938365,-0.19738773,0.7621864,0.04393903,0.2539978,0.04266509,0.7461439,-0.22326976,0.7033627,1.0742676,-1.0057201,8.91911,6.2547283,-7.423901,2.2079153,9.80595,-8.536935,2.356241,3.7245162,9.939501,8.701257,-4.8043523,0.1746121346950531,0.1229017823934555,0.051710352301597595,0.32842397689819336,0.3477587103843689,0.019334733486175537,5.8239374,3.3729954,3.0043297,1.9371388,5.8239374,3.3729954,3.0043297,1.9371388,1.0,1.0,1.0,1.0,33.54301452636719,0.4,0.4,0.4
10.516666666666666,6.3406377,-7.4660997,2.6901002,0.99903554,0.028025186,0.032362532,0.009756805,0.7047979,-0.20541988,0.91155314,-0.063355304,-0.11539223,-0.20020248,0.76626134,-0.24050772,0.8513907,1.2070476,-1.0342777,8.8816805,6.2649026,-7.428602,2.2216961,9.80595,-8.536935,2.356241,3.7128859,10.23236,9.074757,-4.7275763,0.1746121346950531,0.13059405982494354,0.04401807487010956,0.32842397689819336,0.35888025164604187,0.03045627474784851,5.3539543,-0.2567078,-0.71665,-1.740304,5.3539543,-0.2567078,-0.71665,-1.740304,1.0,-0.2567078,-0.71665,-1.0,33.54301452636719,-0.10268312,-0.28666002,-0.4
10.533333333333333,6.353645,-7.4703193,2.7061784,0.998887,0.030169679,0.034958124,0.009611558,0.7079863,-0.209137,1.0664086,0.36935088,0.45000145,0.043188453,0.7847945,-0.25718784,1.0000811,1.1119902,-1.0008073,8.92142,6.2759,-7.4337144,2.2379007,9.80595,-8.536935,2.356241,3.7003183,10.470534,9.389645,-4.6332126,0.1746121346950531,0.1226666122674942,0.0519455224275589,0.32842397689819336,0.3579683303833008,0.029544353485107422,4.9779124,1.201048,3.166926,2.2242355,4.9779124,1.201048,3.166926,2.2242355,1.0,1.0,1.0,1.0,33.54301452636719,0.4,0.4,0.4
10.55,6.3670006,-7.474847,2.7247243,0.9988205,0.030535297,0.036784448,0.008494237,0.7152326,-0.21695708,1.219047,-0.05499862,0.1359564,-0.19968608,0.8065984,-0.2763764,1.1479193,1.3082348,-1.1513131,8.870294,6.287742,-7.4392323,2.2565155,9.80595,-8.536935,2.356241,3.6868258,10.649271,9.641176,-4.5226855,0.1746121346950531,0.12561386823654175,0.04899826645851135,0.32842397689819336,0.36344122886657715,0.03501725196838379,3.9275038,-3.3040638,-0.61179864,-1.5390967,3.9275038,-3.3040638,-0.61179864,-1.5390967,1.0,-1.0,-0.61179864,-1.0,33.54301452636719,-0.4,-0.24471946,-0.4
10.566666666666666,6.3807187,-7.479686,2.7457402,0.99859273,0.03197661,0.04145788,0.008437818,0.7129057,-0.22228158,1.3768616,0.25626704,0.70058376,0.043615665,0.82825595,-0.2948589,1.2963185,1.2994515,-1.1089504,8.903954,6.3004465,-7.445142,2.2775333,9.80595,-8.536935,2.356241,3.672433,10.770491,9.830708,-4.400074,0.1746121346950531,0.10914719104766846,0.06546494364738464,0.32842397689819336,0.36037662625312805,0.03195264935493469,3.8097708,0.71404004,3.2690287,2.6978462,3.8097708,0.71404004,3.2690287,2.6978462,1.0,0.71404004,1.0,1.0,33.54301452636719,0.285616,0.4,0.4
10.583333333333334,6.3948536,-7.4848557,2.7692177,0.99846834,0.031379867,0.04495724,0.007418688,0.7165456,-0.23325795,1.5316918,-0.16815472,0.32173258,-0.19927536,0.8545912,-0.31509542,1.4437158,1.5801142,-1.2141912,8.843837,6.3140235,-7.4514327,2.3009503,9.80595,-8.536935,2.356241,3.6571743,10.833667,9.957721,-4.267568,0.1746121346950531,0.07890233397483826,0.09570980072021484,0.32842397689819336,0.3588009476661682,0.030376970767974854,2.8869998,-2.37828,-0.7310426,-1.2534555,2.8869998,-2.37828,-0.7310426,-1.2534555,1.0,-1.0,-0.7310426,-1.0,33.54301452636719,-0.4,-0.29241705,-0.4
10.6,6.4094386,-7.490344,2.7951584,0.9981287,0.032636233,0.05117487,0.0074126613,0.7091485,-0.23834884,1.6919454,0.2655663,0.8870138,0.044032674,0.88175184,-0.3338996,1.5916677,1.6296386,-1.1282498,8.8771105,6.328482,-7.458091,2.326766,9.80595,-8.536935,2.356241,3.6410928,10.844391,10.02764,-4.12883,0.1746121346950531,0.08994901180267334,0.08466312289237976,0.32842397689819336,0.37629449367523193,0.047870516777038574,2.0547135,1.274625,3.318398,2.9657383,2.0547135,1.274625,3.318398,2.9657383,1.0,1.0,1.0,1.0,33.54301452636719,0.4,0.4,0.4
10.616666666666667,6.424513,-7.4961476,2.8232126,0.9979329,0.032098763,0.055302303,0.0064226054,0.7123022,-0.24968621,1.8210092,-0.15973516,0.36035845,-0.19878744,0.9119472,-0.3528605,1.7116174,1.8117212,-1.1376554,7.1969814,6.3437886,-7.4650927,2.3547804,9.80595,-8.536935,2.356241,3.6242807,10.804837,10.043479,-3.9840977,0.1746121346950531,0.08046244829893112,0.09414968639612198,0.32842397689819336,0.37357595562934875,0.045151978731155396,0.82933426,-2.4554992,-1.4953232,-1.1272776,0.82933426,-2.4554992,-1.4953232,-1.1272776,0.82933426,-1.0,-1.0,-1.0,30.680692672729492,-0.4,-0.4,-0.4
10.633333333333333,6.44009,-7.502245,2.8531883,0.9975155,0.033163536,0.061819024,0.0064319274,0.70421046,-0.2552392,1.9482003,0.23165752,0.92315143,0.044474132,0.9421028,-0.37008095,1.8253839,1.8093358,-1.0332263,6.8259926,6.359896,-7.4724054,2.384723,9.80595,-8.536935,2.356241,3.6068437,10.723871,10.014372,-3.8358526,0.1746121346950531,0.07209183275699615,0.10252030193805695,0.32842397689819336,0.37806975841522217,0.04964578151702881,0.78452885,0.9016625,2.8399644,2.9588602,0.78452885,0.9016625,2.8399644,2.9588602,0.78452885,0.9016625,1.0,1.0,29.92923927307129,0.36066502,0.4,0.4
10.65,6.456126,-7.508591,2.8841472,0.9972667,0.032328613,0.06621083,0.00547995,0.7085556,-0.26809233,1.999226,-0.19457942,0.39137524,-0.19838192,0.96880865,-0.38419837,1.8667164,1.6023515,-0.8470451,2.4799488,6.3766923,-7.479978,2.415967,9.80595,-8.536935,2.356241,3.588946,10.608682,9.947922,-3.68551,0.1746121346950531,0.0642823874950409,0.11032974720001221,0.32842397689819336,0.3527207374572754,0.02429676055908203,0.32851824,-2.5870843,-3.133617,-1.2396082,0.32851824,-2.5870843,-3.133617,-1.2396082,0.32851824,-1.0,-1.0,-1.0,22.281253814697266,-0.4,-0.4,-0.4
10.666666666666666,6.4726815,-7.515189,2.916313,0.99683064,0.03274842,0.07228981,0.005510997,0.7042883,-0.27620175,2.09508,0.13871974,0.8440212,0.044798404,1.0013136,-0.39963675,1.9491874,1.9502949,-0.9263026,4.9482603,6.394123,-7.487781,2.448216,9.80595,-8.536935,2.356241,3.5706787,10.467258,9.85269,-3.5338364,0.1746121346950531,0.06914682686328888,0.10546530783176422,0.32842397689819336,0.3519669771194458,0.02354300022125244,0.58501434,0.76726604,0.8012949,2.8666942,0.58501434,0.76726604,0.8012949,2.8666942,0.58501434,0.76726604,0.8012949,1.0,26.583080291748047,0.30690643,0.320518,0.4
10.683333333333334,6.4897165,-7.522005,2.949034,0.9966102,0.031136913,0.07600794,0.00460178,0.71395427,-0.29233056,2.1215205,-0.28770024,0.3108329,-0.19818215,1.0289919,-0.41200662,1.9665867,1.6607021,-0.7421922,1.0439587,6.412142,-7.4957905,2.4812422,9.80595,-8.536935,2.356241,3.5521178,10.314256,9.743034,-3.3848405,0.1746121346950531,0.057541802525520325,0.11707033216953278,0.32842397689819336,0.32998979091644287,0.0015658140182495117,0.17669792,-2.2337081,-4.638681,-1.4482956,0.17669792,-2.2337081,-4.638681,-1.4482956,0.17669792,-1.0,-1.0,-1.0,19.73499870300293,-0.4,-0.4,-0.4
10.7,6.5073066,-7.5290394,2.9825745,0.9966547,0.03141158,0.07531991,0.004428555,0.74255437,-0.30057704,2.1854825,0.14106032,-0.21492174,0.04518251,1.0640585,-0.4252852,2.026075,2.1039963,-0.79671437,3.5692904,6.430713,-7.503989,2.5148754,9.80595,-8.536935,2.356241,3.533322,10.149964,9.6198635,-3.2372825,0.1746121346950531,0.0757841020822525,0.0988280326128006,0.32842397689819336,0.3263595998287201,0.0020643770694732666,0.44401583,1.2280358,-1.0340576,2.8128989,0.44401583,1.2280358,-1.0340576,2.8128989,0.44401583,1.0,-1.0,1.0,24.21832275390625,0.4,-0.4,0.4
10.716666666666667,6.5250864,-7.5361576,3.0146637,0.99658245,0.029843584,0.07694695,0.003449231,0.7603371,-0.315834,2.0550401,-0.28366777,0.32808205,-0.19810738,1.0676365,-0.42769408,1.8916352,0.21467684,-0.1445335,-8.066382,6.449639,-7.5123034,2.5479264,9.80595,-8.536935,2.356241,3.5144613,9.988117,9.497038,-3.0933416,0.1746121346950531,0.09595385938882828,0.07865827530622482,0.32842397689819336,0.3232758939266205,0.005148082971572876,-0.80521846,-2.5892103,2.7891974,-1.5606567,-0.80521846,-2.5892103,2.7891974,-1.5606567,-0.80521846,-1.0,1.0,-1.0,3.266780138015747,-0.4,0.4,-0.4
10.733333333333333,6.5433483,-7.5434537,3.047081,0.99661535,0.030152207,0.07640561,0.0032790496,0.7886262,-0.32351232,2.129402,0.1453634,-0.19701329,0.04527489,1.1047416,-0.44103977,1.9611154,2.226305,-0.80074126,4.168811,6.468905,-7.520726,2.580362,9.80595,-8.536935,2.356241,3.4955373,9.806498,9.353676,-2.94553,0.1746121346950531,0.10304105281829834,0.07157108187675476,0.32842397689819336,0.34045764803886414,0.012033671140670776,0.5005789,1.4262165,-1.328414,2.9265797,0.5005789,1.4262165,-1.328414,2.9265797,0.5005789,1.0,-1.0,1.0,25.166969299316406,0.4,-0.4,0.4
10.75,6.5618067,-7.550834,3.0780857,0.9965256,0.02862012,0.07818085,0.002302357,0.8064298,-0.33792552,1.9991724,-0.27943087,0.34592876,-0.1980071,1.1083728,-0.44337484,1.8265108,0.21787404,-0.1401043,-8.076274,6.488499,-7.5292497,2.6121225,9.80595,-8.536935,2.356241,3.476548,9.645346,9.228081,-2.8062825,0.1746121346950531,0.1528247892856598,0.02178734540939331,0.32842397689819336,0.34604164958000183,0.01761767268180847,-0.80623156,-2.6119878,2.030983,-1.5385557,-0.80623156,-2.6119878,2.030983,-1.5385557,-0.80623156,-1.0,1.0,-1.0,3.249788761138916,-0.4,0.4,-0.4
10.766666666666666,6.5807667,-7.5583897,3.1094983,0.9965467,0.028964102,0.07778971,0.0021346014,0.8345232,-0.3450687,2.0803976,0.14977863,-0.17877664,0.045368053,1.1471355,-0.45658222,1.9024111,2.325761,-0.7924425,4.554019,6.5084357,-7.537875,2.6433394,9.80595,-8.536935,2.356241,3.457477,9.468863,9.0860815,-2.6650486,0.1746121346950531,0.15261651575565338,0.02199561893939972,0.32842397689819336,0.34108737111091614,0.012663394212722778,0.54278827,1.5251292,-2.4118428,3.07414,0.54278827,1.5251292,-2.4118428,3.07414,0.54278827,1.0,-1.0,1.0,25.87488555908203,0.4,-0.4,0.4
10.783333333333333,6.5999203,-7.566022,3.1394386,0.99647605,0.027467048,0.0792435,0.0011464736,0.8544207,-0.3586737,1.9428512,-0.2754619,0.28816438,-0.19791992,1.1498998,-0.45845953,1.7609365,0.16586064,-0.112638466,-8.488476,6.528698,-7.546592,2.6739159,9.80595,-8.536935,2.356241,3.438325,9.3150015,8.964037,-2.532844,0.1746121346950531,0.12774455547332764,0.046867579221725464,0.32842397689819336,0.3451232612133026,0.016699284315109253,-0.8492928,-2.8084564,0.86079466,-1.4224899,-0.8492928,-2.8084564,0.86079466,-1.4224899,-0.8492928,-1.0,0.86079466,-1.0,2.5275866985321045,-0.4,0.34431788,-0.4
10.8,6.619535,-7.573808,3.1694863,0.9965355,0.027841588,0.07836388,0.0009638605,0.88475674,-0.36535296,2.0013955,0.15341364,-0.23789734,0.04548727,1.1856912,-0.46998113,1.815245,2.1474838,-0.6912964,3.2585118,6.549264,-7.555394,2.7037618,9.80595,-8.536935,2.356241,3.419093,9.145734,8.825535,-2.3988266,0.1746121346950531,0.1574350744485855,0.01717706024646759,0.32842397689819336,0.3437776267528534,0.015353649854660034,0.40413496,1.5163816,-2.8972125,3.2377076,0.40413496,1.5163816,-2.8972125,3.2377076,0.40413496,1.0,-1.0,1.0,23.54945945739746,0.4,-0.4,0.4
10.816666666666666,6.6392884,-7.581647,3.1976795,0.996562,0.026372764,0.07854084,-6.177655e-05,0.91010654,-0.37805283,1.8379799,-0.27270335,0.10278857,-0.19785167,1.1849799,-0.47049847,1.6504065,-0.042679306,-0.031040309,-9.890312,6.570095,-7.564265,2.732621,9.80595,-8.536935,2.356241,3.3997805,8.998633,8.706735,-2.2733634,0.1746121346950531,0.1437738686800003,0.030838266015052795,0.32842397689819336,0.35811078548431396,0.029686808586120605,-1.3166237,-2.9058123,0.6308074,-1.0544904,-1.3166237,-2.9058123,0.6308074,-1.0544904,-1.0,-1.0,0.6308074,-1.0,0.0,-0.4,0.25232297,-0.4
10.833333333333334,6.659113,-7.589502,3.223551,0.99674535,0.026751518,0.07604564,-0.0002846635,0.9451725,-0.38451475,1.7054039,0.1534271,-0.4353221,0.045583893,1.1909648,-0.47167626,1.5194504,0.3590941,-0.07066727,-7.8573627,6.59098,-7.573149,2.7591255,9.80595,-8.536935,2.356241,3.3804188,8.836712,8.572197,-2.1459084,0.1746121346950531,0.1149829849600792,0.05962914973497391,0.32842397689819336,0.349287211894989,0.020863234996795654,-0.7897516,1.4860586,-1.7159672,3.4135635,-0.7897516,1.4860586,-1.7159672,3.4135635,-0.7897516,1.0,-1.0,1.0,3.5261826515197754,0.4,-0.4,0.4
10.85,6.6789527,-7.5973706,3.246835,0.9967998,0.025364958,0.07580577,-0.0003433301,0.96999013,-0.39781627,1.5426935,-0.27181697,0.10576665,-0.040212795,1.1901544,-0.47232854,1.3562744,-0.04862308,-0.039137002,-9.790563,6.6118894,-7.5820394,2.7830653,9.80595,-8.536935,2.356241,3.3609567,8.67793,8.439851,-2.0187585,0.1746121346950531,0.08230114728212357,0.09231098741292953,0.32842397689819336,0.35685354471206665,0.02842956781387329,-1.0477259,-2.5766065,3.1314216,-0.35131443,-1.0477259,-2.5766065,3.1314216,-0.35131443,-1.0,-1.0,1.0,-0.35131443,0.0,-0.4,0.4,-0.14052577
10.866666666666667,6.698894,-7.605267,3.2680142,0.99697405,0.025853293,0.073306106,0.0007460239,1.0016197,-0.40674356,1.426577,0.15468597,-0.4315906,0.20299628,1.1984926,-0.47429708,1.2419589,0.5002928,-0.11811196,-6.85893,6.6328406,-7.590939,2.80457,9.80595,-8.536935,2.356241,3.3413367,8.519307,8.306418,-1.8926198,0.1746121346950531,0.09093665331602097,0.08367548137903214,0.32842397689819336,0.35023418068885803,0.021810203790664673,-0.68360376,1.4514402,-1.3233552,1.5875117,-0.68360376,1.4514402,-1.3233552,1.5875117,-0.68360376,1.0,-1.0,1.0,5.306441783905029,0.4,-0.4,0.4
10.883333333333333,6.7188582,-7.61318,3.286671,0.9970239,0.024504686,0.073087215,0.0010089356,1.0250825,-0.41955516,1.2634976,-0.27016747,0.10959877,-0.04047739,1.197674,-0.4748689,1.0785747,-0.049116608,-0.03430903,-9.803051,6.653836,-7.5998497,2.82366,9.80595,-8.536935,2.356241,3.3215108,8.369492,8.180464,-1.7687274,0.1746121346950531,0.0952555388212204,0.0793565958738327,0.32842397689819336,0.35052892565727234,0.02210494875907898,-1.2793933,-3.1391182,3.35257,-2.4671316,-1.2793933,-3.1391182,3.35257,-2.4671316,-1.0,-1.0,1.0,-1.0,0.0,-0.4,0.4,-0.4
10.9,6.7388906,-7.621108,3.3030264,0.9971625,0.025006441,0.070972964,0.0021079343,1.0533569,-0.4285614,1.132031,0.15634216,-0.3711831,0.20273305,1.2033666,-0.4759712,0.94872534,0.34155604,-0.06613791,-7.7909584,6.6748614,-7.608766,2.8402479,9.80595,-8.536935,2.356241,3.3014355,8.218363,8.051934,-1.6455501,0.1746121346950531,0.12483562529087067,0.049776509404182434,0.32842397689819336,0.3517150580883026,0.023291081190109253,-0.78336763,1.8449706,-0.893782,1.6879567,-0.78336763,1.8449706,-0.893782,1.6879567,-0.78336763,1.0,-0.893782,1.0,3.633251190185547,0.4,-0.3575128,0.4
10.916666666666666,6.7589707,-7.629061,3.3170419,0.9971739,0.02366945,0.07126186,0.0023779315,1.0749098,-0.44037583,0.9896343,-0.2684484,0.17120722,-0.040734295,1.2053424,-0.47753397,0.80489075,0.11854648,-0.09376644,-8.630075,6.6959367,-7.617693,2.8544683,9.80595,-8.536935,2.356241,3.28107,8.073193,7.9281387,-1.5234989,0.1746121346950531,0.12573131918907166,0.048880815505981445,0.32842397689819336,0.3561556041240692,0.027731627225875854,-0.8749206,-2.7981176,3.2384086,-2.2063298,-0.8749206,-2.7981176,3.2384086,-2.2063298,-0.8749206,-1.0,1.0,-1.0,2.0977699756622314,-0.4,0.4,-0.4
10.933333333333334,6.7791815,-7.637049,3.329185,0.99729556,0.024187172,0.06931344,0.0034798998,1.1013045,-0.44944805,0.88625276,0.15829624,-0.36538896,0.20246975,1.2149837,-0.47990292,0.70272815,0.5784773,-0.14213741,-6.1297555,6.7170944,-7.626633,2.86657,9.80595,-8.536935,2.356241,3.2603858,7.929303,7.8041434,-1.4032798,0.1746121346950531,0.13749158382415771,0.037120550870895386,0.32842397689819336,0.3312065303325653,0.0027825534343719482,-0.60424924,2.159824,-1.2530079,1.7625333,-0.60424924,2.159824,-1.2530079,1.7625333,-0.60424924,1.0,-1.0,1.0,6.637336730957031,0.4,-0.4,0.4
10.95,6.799565,-7.645107,3.3398876,0.9973005,0.02287026,0.06967421,0.0037453854,1.1222773,-0.46055448,0.807041,-0.26575089,0.18103279,-0.041007914,1.2256169,-0.48449275,0.62133855,0.63799375,-0.27538955,-4.883376,6.738402,-7.6356015,2.8770604,9.80595,-8.536935,2.356241,3.2393682,7.7929764,7.6861835,-1.2857158,0.1746121346950531,0.16262458264827728,0.011987552046775818,0.32842397689819336,0.3410336375236511,0.012609660625457764,-0.47248188,-2.7055569,3.0237584,-2.0092425,-0.47248188,-2.7055569,3.0237584,-2.0092425,-0.47248188,-1.0,1.0,-1.0,8.847274780273438,-0.4,0.4,-0.4
10.966666666666667,6.8200836,-7.653201,3.3487778,0.9974122,0.023410106,0.06780255,0.0048476504,1.1472462,-0.46965408,0.6879793,0.1608328,-0.35657838,0.20222288,1.2329031,-0.48605686,0.5037491,0.43717143,-0.09384691,-7.055368,6.7598515,-7.644591,2.8858998,9.80595,-8.536935,2.356241,3.2180016,7.6614766,7.571106,-1.1732786,0.1746121346950531,0.1743847131729126,0.00022742152214050293,0.32842397689819336,0.3295881450176239,0.001164168119430542,-0.6997335,2.2708473,-1.637957,1.8063933,-0.6997335,2.2708473,-1.637957,1.8063933,-0.6997335,1.0,-1.0,1.0,5.035922050476074,0.4,-0.4,0.4
10.983333333333333,6.8408556,-7.661389,3.356843,0.9974095,0.022116382,0.068256915,0.0051093525,1.1676867,-0.48017278,0.66332346,-0.26258788,0.1933052,-0.04126716,1.2506577,-0.4930531,0.4762459,1.0652733,-0.41977462,-1.6501896,6.781496,-7.6536083,2.8935018,9.80595,-8.536935,2.356241,3.196285,7.530601,7.4552283,-1.0627886,0.1746121346950531,0.16945816576480865,0.005153968930244446,0.32842397689819336,0.3358527719974518,0.007428795099258423,-0.12753923,-2.7789931,2.7204132,-1.8835741,-0.12753923,-2.7789931,2.7204132,-1.8835741,-0.12753923,-1.0,1.0,-1.0,14.632482528686523,-0.4,0.4,-0.4
11.0,6.861784,-7.669625,3.3632708,0.9975101,0.022682806,0.06648734,0.0062120906,1.1914983,-0.48927596,0.54077893,0.16399303,-0.34453464,0.20198372,1.2573433,-0.4943993,0.3551874,0.40113685,-0.080772035,-7.263511,6.8033314,-7.6626534,2.8998744,9.80595,-8.536935,2.356241,3.1742125,7.4091253,7.3466206,-0.9603664,0.1746121346950531,0.2135370373725891,0.03892490267753601,0.32842397689819336,0.34265777468681335,0.014233797788619995,-0.7192905,2.302043,-2.1546793,1.8673456,-0.7192905,2.302043,-2.1546793,1.8673456,-0.7192905,1.0,-1.0,1.0,4.707921504974365,0.4,-0.4,0.4
11.016666666666666,6.883004,-7.677963,3.3692026,0.99749863,0.021415094,0.0670512,0.0064705038,1.2114974,-0.4992837,0.5437551,-0.25917235,0.20705494,-0.041508574,1.2784009,-0.502425,0.3548803,1.2634562,-0.48154232,-0.018424986,6.8253865,-7.671722,2.9052567,9.80595,-8.536935,2.356241,3.1517885,7.2847657,7.233767,-0.8604786,0.1746121346950531,0.20568081736564636,0.03106868267059326,0.32842397689819336,0.3416585326194763,0.013234555721282959,0.04651593,-2.9800487,2.2222655,-1.7673236,0.04651593,-2.9800487,2.2222655,-1.7673236,0.04651593,-1.0,1.0,-1.0,17.55164909362793,-0.4,0.4,-0.4
11.033333333333333,6.9043994,-7.6863537,3.373648,0.9975876,0.022010501,0.06539914,0.0075734775,1.2343698,-0.5083828,0.42457384,0.16749705,-0.3305709,0.20175616,1.2854286,-0.5038509,0.23704903,0.42166469,-0.08555173,-7.069876,6.8476605,-7.680817,2.9096622,9.80595,-8.536935,2.356241,3.1290078,7.1713896,7.129899,-0.77030504,0.1746121346950531,0.1973932385444641,0.02278110384941101,0.32842397689819336,0.34557852149009705,0.017154544591903687,-0.69734025,2.1429477,-2.84131,1.930918,-0.69734025,2.1429477,-2.84131,1.930918,-0.69734025,1.0,-1.0,1.0,5.0760602951049805,0.4,-0.4,0.4
11.05,6.9260926,-7.6948514,3.3776748,0.9975674,0.020769602,0.06607953,0.007828958,1.2540475,-0.5179155,0.432904,-0.2557137,0.2212798,-0.041729875,1.3068241,-0.5118658,0.2418299,1.2837266,-0.480895,0.2868524,6.870159,-7.689935,2.9131734,9.80595,-8.536935,2.356241,3.1058736,7.053779,7.020599,-0.68337065,0.1746121346950531,0.2063354253768921,0.03172329068183899,0.32842397689819336,0.3462795317173004,0.017855554819107056,0.07899957,-3.3679252,1.5911767,-1.6760696,0.07899957,-3.3679252,1.5911767,-1.6760696,0.07899957,-1.0,1.0,-1.0,18.09644889831543,-0.4,0.4,-0.4
11.066666666666666,6.947991,-7.7034087,3.380466,0.9976448,0.021395797,0.06455466,0.008932251,1.2761782,-0.5270182,0.33224463,0.17124268,-0.31515798,0.20154218,1.3161969,-0.5139823,0.14217405,0.5623698,-0.12699008,-5.9793506,6.892892,-7.699075,2.9158912,9.80595,-8.536935,2.356241,3.0823896,6.9470057,6.920454,-0.6067966,0.1746121346950531,0.19856181740760803,0.02394968271255493,0.32842397689819336,0.35244300961494446,0.0240190327167511,-0.5807799,1.9285825,-3.397512,2.0133479,-0.5807799,1.9285825,-3.397512,2.0133479,-0.5807799,1.0,-1.0,1.0,7.0309529304504395,0.4,-0.4,0.4
11.083333333333334,6.9701867,-7.712069,3.3828409,0.99765587,0.020186642,0.06473833,0.009172115,1.2961862,-0.5361316,0.33362,-0.25238132,0.13670093,-0.041926567,1.3367323,-0.5215364,0.14136784,1.2321209,-0.4532468,-0.04837274,6.9158554,-7.7082334,2.9178245,9.80595,-8.536935,2.356241,3.058557,6.837667,6.816715,-0.5348734,0.1746121346950531,0.19850702583789825,0.023894891142845154,0.32842397689819336,0.34898123145103455,0.020557254552841187,0.04420464,-3.927847,0.8162097,-1.6095697,0.04420464,-3.927847,0.8162097,-1.6095697,0.04420464,-1.0,0.8162097,-1.0,17.51288414001465,-0.4,0.32648388,-0.4
11.1,6.9926133,-7.720796,3.3842044,0.99777305,0.020849207,0.0625204,0.010260067,1.3179165,-0.5452548,0.2506985,0.1749371,-0.3983461,0.20135106,1.3484633,-0.5243554,0.06127306,0.70386165,-0.16914009,-4.8056865,6.939059,-7.7174096,2.9190836,9.80595,-8.536935,2.356241,3.0343828,6.7379475,6.721295,-0.47342736,0.1746121346950531,0.2047138512134552,0.0301017165184021,0.32842397689819336,0.34263795614242554,0.014213979244232178,-0.45599872,1.5715145,-3.3051882,2.0885077,-0.45599872,1.5715145,-3.3051882,2.0885077,-0.45599872,1.0,-1.0,1.0,9.1237211227417,0.4,-0.4,0.4
11.116666666666667,7.0153284,-7.729625,3.3851688,0.99779975,0.019674623,0.062436923,0.010487869,1.3372724,-0.5539982,0.24616629,-0.24847195,0.121784344,-0.042136986,1.3675593,-0.53151613,0.055508383,1.1457609,-0.42964336,-0.34588066,6.9625006,-7.7266026,2.9196732,9.80595,-8.536935,2.356241,3.0098672,6.637941,6.624768,-0.41798517,0.1746121346950531,0.20260746777057648,0.027995333075523376,0.32842397689819336,0.3369377553462982,0.008513778448104858,0.012477687,-4.136667,0.9427799,-1.4868587,0.012477687,-4.136667,0.9427799,-1.4868587,0.012477687,-1.0,0.9427799,-1.0,16.980775833129883,-0.4,0.37711197,-0.4
11.133333333333333,7.038284,-7.738523,3.3852599,0.99791723,0.020372478,0.060101975,0.011572204,1.3579043,-0.56315,0.17539062,0.17907524,-0.4124108,0.20115267,1.3804795,-0.5347314,-0.011948413,0.7752084,-0.19291519,-4.0474076,6.9861836,-7.7358093,2.919659,9.80595,-8.536935,2.356241,2.9850168,6.545121,6.5344796,-0.37307847,0.1746121346950531,0.24162814021110535,0.06701600551605225,0.32842397689819336,0.3292487859725952,0.0008248090744018555,-0.3757432,1.0871056,-3.4330044,2.140281,-0.3757432,1.0871056,-3.4330044,2.140281,-0.3757432,1.0,-1.0,1.0,10.469727516174316,0.4,-0.4,0.4
11.15,7.061526,-7.747521,3.3850062,0.99801356,0.019243343,0.058822177,0.011768914,1.3770586,-0.57157844,0.16756701,-0.2447599,-0.06516011,-0.042327076,1.3990308,-0.541735,-0.017520146,1.113081,-0.4202163,-0.33430398,7.0101085,-7.745028,2.9190722,9.80595,-8.536935,2.356241,2.9598355,6.452788,6.444089,-0.33494034,0.1746121346950531,0.21726767718791962,0.042655542492866516,0.32842397689819336,0.3248591423034668,0.0035648345947265625,0.014272144,-4.2055345,0.623613,-1.3729035,0.014272144,-4.2055345,0.623613,-1.3729035,0.014272144,-1.0,0.623613,-1.0,17.01087188720703,-0.4,0.2494452,-0.4
11.166666666666666,7.085033,-7.756604,3.3841782,0.99823624,0.018471736,0.054920863,0.012913011,1.3964461,-0.5814647,0.11419747,-0.06032131,-0.59852904,0.20091724,1.4139428,-0.54608905,-0.061288875,0.8947205,-0.26124358,-2.6261234,7.034291,-7.7542624,2.9180717,9.80595,-8.536935,2.356241,2.9343357,6.3667207,6.359281,-0.30769044,0.1746121346950531,0.2232067883014679,0.048594653606414795,0.32842397689819336,0.3175548017024994,0.01086917519569397,-0.22472604,0.42993367,-2.5156446,2.1919692,-0.22472604,0.42993367,-2.5156446,2.1919692,-0.22472604,0.42993367,-1.0,1.0,13.00251293182373,0.17197347,-0.4,0.4
11.183333333333334,7.108811,-7.765786,3.3831449,0.99837106,0.015361524,0.053334877,0.013207743,1.4133904,-0.58940375,0.1060598,-0.48316783,-0.047623243,-0.042411935,1.4307724,-0.55243313,-0.06344971,1.0097766,-0.38064477,-0.12965016,7.05873,-7.7635098,2.9167194,9.80595,-8.536935,2.356241,2.9085288,6.2820873,6.2754345,-0.28903347,0.1746121346950531,0.17752568423748016,0.002913549542427063,0.32842397689819336,0.31313827633857727,0.015285700559616089,0.03496759,-3.0915427,2.133558,-1.1907746,0.03496759,-3.0915427,2.133558,-1.1907746,0.03496759,-1.0,1.0,-1.0,17.35796546936035,-0.4,0.4,-0.4
11.2,7.1328425,-7.775035,3.38169,0.9985662,0.01412527,0.049585555,0.014391094,1.4304959,-0.59759486,0.06285682,-0.0548451,-0.57948816,0.2010358,1.4454573,-0.55567473,-0.09626727,0.8810949,-0.1944959,-1.9690534,7.083432,-7.772769,2.9150887,9.80595,-8.536935,2.356241,2.8824234,6.1996884,6.1933184,-0.28097036,0.1746121346950531,0.1950686275959015,0.02045649290084839,0.32842397689819336,0.305303156375885,0.02312082052230835,-0.15607913,2.900446,-2.70395,2.4256346,-0.15607913,2.900446,-2.70395,2.4256346,-0.15607913,1.0,-1.0,1.0,14.153824806213379,0.4,-0.4,0.4
11.216666666666667,7.1571054,-7.784351,3.3798785,0.9986711,0.0110572865,0.04814756,0.014676848,1.4454799,-0.60366374,0.03901987,-0.47798795,-0.029636241,-0.042303186,1.4589739,-0.5601498,-0.11389429,0.81099266,-0.26850343,-1.0576214,7.108386,-7.7820377,2.913078,9.80595,-8.536935,2.356241,2.8560092,6.1164875,6.1100903,-0.27967557,0.1746121346950531,0.21269991993904114,0.03808778524398804,0.32842397689819336,0.2968119978904724,0.03161197900772095,-0.06462569,-2.650192,2.507959,-1.0735434,-0.06462569,-2.650192,2.507959,-1.0735434,-0.06462569,-1.0,1.0,-1.0,15.687637329101562,-0.4,0.4,-0.4
11.233333333333333,7.1815977,-7.793715,3.3776658,0.9988322,0.009862004,0.044553272,0.015869835,1.4603859,-0.61030716,0.0022808593,-0.049527165,-0.5610798,0.20113626,1.4728683,-0.5623414,-0.14013617,0.83366627,-0.13149619,-1.5745125,7.1335855,-7.7913213,2.9107127,9.80595,-8.536935,2.356241,2.8292954,6.031092,6.0243306,-0.28550217,0.1746121346950531,0.17162570357322693,0.002986431121826172,0.32842397689819336,0.28769534826278687,0.040728628635406494,-0.116120644,3.0936098,-2.4529715,2.4809477,-0.116120644,3.0936098,-2.4529715,2.4809477,-0.116120644,1.0,-1.0,1.0,14.823988914489746,0.4,-0.4,0.4
11.25,7.206295,-7.803128,3.3750951,0.9989062,0.006845101,0.043261275,0.01636669,1.4732724,-0.61522436,-0.023793662,-0.47271815,-0.011477683,-0.0069318316,1.4846588,-0.56550044,-0.15998867,0.7074308,-0.18954276,-1.1911502,7.159029,-7.8006163,2.907979,9.80595,-8.536935,2.356241,2.8022797,5.9439197,5.936572,-0.29544863,0.1746121346950531,0.17795217037200928,0.0033400356769561768,0.32842397689819336,0.2804816961288452,0.047942280769348145,-0.0796916,-2.3267295,2.9703865,-0.8548049,-0.0796916,-2.3267295,2.9703865,-0.8548049,-0.0796916,-1.0,1.0,-0.8548049,15.434959411621094,-0.4,0.4,-0.34192196
11.266666666666666,7.2312193,-7.8125677,3.3723736,0.99903065,0.0057065175,0.039826024,0.017861642,1.4858636,-0.62125546,-0.03978049,-0.043850295,-0.54179275,0.23646866,1.4989177,-0.56671774,-0.16555357,0.85553163,-0.07303833,-0.33389387,7.1847258,-7.8099236,2.9050276,9.80595,-8.536935,2.356241,2.7749827,5.8521924,5.843977,-0.30998582,0.1746121346950531,0.1804363876581192,0.005824252963066101,0.32842397689819336,0.2830105721950531,0.04541340470314026,0.014494827,3.2326827,-2.065024,2.052185,0.014494827,3.2326827,-2.065024,2.052185,0.014494827,1.0,-1.0,1.0,17.014606475830078,0.4,-0.4,0.4
11.283333333333333,7.2563257,-7.8220367,3.3692894,0.99907774,0.00273719,0.03868663,0.01842213,1.4970193,-0.6247031,-0.07303801,-0.46707284,0.0072525856,-0.006905164,1.508732,-0.5685516,-0.1926969,0.5888557,-0.11003136,-1.6285996,7.21067,-7.819246,2.9018226,9.80595,-8.536935,2.356241,2.7474017,5.7573996,5.748143,-0.32634747,0.1746121346950531,0.225006565451622,0.05039443075656891,0.32842397689819336,0.2590106427669525,0.06941333413124084,-0.1259106,-1.9437562,3.4500432,-1.1823038,-0.1259106,-1.9437562,3.4500432,-1.1823038,-0.1259106,-1.0,1.0,-1.0,14.659796714782715,-0.4,0.4,-0.4
11.3,7.281645,-7.831512,3.366173,0.9991726,0.0016441246,0.035415865,0.019924205,1.5078415,-0.6293066,-0.07694676,-0.037999004,-0.52227956,0.23647608,1.5223938,-0.56844836,-0.18632491,0.8197116,0.006194114,0.38231936,7.2368646,-7.8285832,2.898448,9.80595,-8.536935,2.356241,2.7195497,5.654726,5.6442237,-0.34447482,0.1746121346950531,0.2411971092224121,0.06658497452735901,0.32842397689819336,0.27159518003463745,0.05682879686355591,0.089288406,3.5950942,-1.3162199,2.0234811,0.089288406,3.5950942,-1.3162199,2.0234811,0.089288406,1.0,-1.0,1.0,18.269006729125977,0.4,-0.4,0.4
11.316666666666666,7.30713,-7.840996,3.362779,0.9991963,-0.0012803158,0.03443654,0.020474443,1.5175112,-0.631197,-0.106959485,-0.46127144,0.02692249,-0.006911787,1.5311664,-0.5691336,-0.21049179,0.5263567,-0.041112896,-1.4500128,7.2633076,-7.837936,2.8949296,9.80595,-8.536935,2.356241,2.691434,5.5474415,5.535651,-0.361484,0.1746121346950531,0.24992579221725464,0.07531365752220154,0.32842397689819336,0.26433196663856506,0.0640920102596283,-0.10704846,-1.1145527,3.9736016,-1.0439376,-0.10704846,-1.1145527,3.9736016,-1.0439376,-0.10704846,-1.0,1.0,-1.0,14.976143836975098,-0.4,0.4,-0.4
11.333333333333334,7.3327994,-7.850464,3.3593593,0.9992301,-0.0023477252,0.0324128,0.02198,1.5267769,-0.6344161,-0.10791521,-0.03183975,-0.32984447,0.23641142,1.5430785,-0.56762314,-0.20467027,0.7147264,0.09062647,0.34929153,7.2899923,-7.847306,2.8912737,9.80595,-8.536935,2.356241,2.6630607,5.430021,5.416871,-0.37766922,0.1746121346950531,0.2436865270137787,0.06907439231872559,0.32842397689819336,0.27911096811294556,0.0493130087852478,0.0846936,3.9293978,-0.6808157,2.0186799,0.0846936,3.9293978,-0.6808157,2.0186799,0.0846936,1.0,-0.6808157,1.0,18.191946029663086,0.4,-0.2723263,0.4
11.35,7.358627,-7.859912,3.3557847,0.9991905,-0.0032444734,0.03308757,0.022645203,1.5356992,-0.63554627,-0.12053984,-0.13396269,0.22090907,0.023365399,1.5517064,-0.56667686,-0.21887359,0.5176735,0.056776997,-0.85219944,7.3169217,-7.856691,2.8875449,9.80595,-8.536935,2.356241,2.6344407,5.3053603,5.291022,-0.3897934,0.1746121346950531,0.21004559099674225,0.03543345630168915,0.32842397689819336,0.2516956031322479,0.07672837376594543,-0.044260573,-0.2476755,2.474537,-0.87558657,-0.044260573,-0.2476755,2.474537,-0.87558657,-0.044260573,-0.2476755,1.0,-0.87558657,16.029190063476562,-0.0990702,0.4,-0.35023463
11.366666666666667,7.384618,-7.8693376,3.3519113,0.9991988,-0.0029908472,0.031615894,0.0243573,1.5445974,-0.63975453,-0.14334922,0.07072735,-0.31087026,0.26647234,1.5619022,-0.5651695,-0.2380361,0.61174387,0.090440504,-1.1497502,7.3440733,-7.866094,2.8835702,9.80595,-8.536935,2.356241,2.6055596,5.1697526,5.1544433,-0.39756233,0.1746121346950531,0.18318374454975128,0.008571609854698181,0.32842397689819336,0.25567886233329773,0.07274511456489563,-0.07311321,0.47650075,-2.3091168,1.5194044,-0.07311321,0.47650075,-2.3091168,1.5194044,-0.07311321,0.47650075,-1.0,1.0,15.545289039611816,0.1906003,-0.4,0.4
11.383333333333333,7.4107566,-7.878748,3.347785,0.99914616,-0.005046442,0.03241325,0.025117237,1.5533209,-0.6409304,-0.156663,-0.3530792,0.23900686,0.022983598,1.5703686,-0.56446856,-0.2519103,0.5079889,0.042057034,-0.8324521,7.3714385,-7.875512,2.8793237,9.80595,-8.536935,2.356241,2.5764205,5.0265937,5.010627,-0.40032852,0.1746121346950531,0.1782836765050888,0.0036715418100357056,0.32842397689819336,0.2571200132369995,0.07130396366119385,-0.0433277,-2.4184973,1.9552855,-1.2425002,-0.0433277,-2.4184973,1.9552855,-1.2425002,-0.0433277,-1.0,1.0,-1.0,16.044836044311523,-0.4,0.4,-0.4
11.4,7.437087,-7.88812,3.3438568,0.999142,-0.005217163,0.031104676,0.026842687,1.5620625,-0.64401287,-0.14005236,0.07603343,-0.28977433,0.26619548,1.5828764,-0.56146276,-0.2316641,0.7504677,0.18034814,1.2147715,7.3990364,-7.8849516,2.8751001,9.80595,-8.536935,2.356241,2.547063,4.875078,4.8586907,-0.39938682,0.1746121346950531,0.19716352224349976,0.022551387548446655,0.32842397689819336,0.2725527286529541,0.05587124824523926,0.1771986,3.304782,-2.450088,1.3937194,0.1771986,3.304782,-2.450088,1.3937194,0.1771986,1.0,-1.0,1.0,19.74339485168457,0.4,-0.4,0.4
11.416666666666666,7.4635725,-7.8974614,3.3398087,0.9990783,-0.0072365394,0.032074146,0.027594917,1.5707277,-0.6444924,-0.15493815,-0.3479111,0.2599204,0.022701211,1.5910716,-0.5600788,-0.24771875,0.49170968,0.08303761,-0.96327865,7.4268613,-7.8944073,2.8709192,9.80595,-8.536935,2.356241,2.5174985,4.717948,4.7017107,-0.39108822,0.1746121346950531,0.22174306213855743,0.047130927443504333,0.32842397689819336,0.2808164060115814,0.04760757088661194,-0.05513544,-1.631395,1.4321612,-1.3316373,-0.05513544,-1.631395,1.4321612,-1.3316373,-0.05513544,-1.0,1.0,-1.0,15.846802711486816,-0.4,0.4,-0.4
11.433333333333334,7.490232,-7.90675,3.3357453,0.9990641,-0.0073673786,0.030937428,0.02931804,1.5794483,-0.64693815,-0.15411523,0.081015505,-0.26989058,0.2659015,1.6024426,-0.55649805,-0.24377249,0.68226093,0.21484493,0.23677556,7.4548936,-7.9038796,2.8666708,9.80595,-8.536935,2.356241,2.4877229,4.5514884,4.535851,-0.37696293,0.1746121346950531,0.24440526962280273,0.06979313492774963,0.32842397689819336,0.3134218156337738,0.015002161264419556,0.073662214,3.4778314,-2.6370182,1.2201698,0.073662214,3.4778314,-2.6370182,1.2201698,0.073662214,1.0,-1.0,1.0,18.006933212280273,0.4,-0.4,0.4
11.45,7.517056,-7.9159946,3.331688,0.9990138,-0.008548394,0.03155473,0.030043203,1.5881158,-0.6468271,-0.15377621,-0.21657331,0.19352461,0.02246508,1.6116464,-0.5540096,-0.24456815,0.5522275,0.14930604,-0.04773974,7.4831367,-7.9133687,2.8624446,9.80595,-8.536935,2.356241,2.457751,4.3802505,4.365898,-0.35430366,0.1746121346950531,0.2508663237094879,0.07625418901443481,0.32842397689819336,0.31012311577796936,0.018300861120224,0.041259993,-0.7044243,0.8380164,-1.4432322,0.041259993,-0.7044243,0.8380164,-1.4432322,0.041259993,-0.7044243,0.8380164,-1.0,17.463499069213867,-0.28176972,0.33520657,-0.4
11.466666666666667,7.544045,-7.925183,3.3274865,0.99902046,-0.007568275,0.029895017,0.031735707,1.5964562,-0.6493691,-0.16852532,0.21224798,-0.33690086,0.2655993,1.6218715,-0.5503472,-0.25574294,0.6135034,0.21974443,-0.6704869,7.511572,-7.922874,2.8581412,9.80595,-8.536935,2.356241,2.4275804,4.2027745,4.1902585,-0.32411098,0.1746121346950531,0.23566317558288574,0.06105104088783264,0.32842397689819336,0.3336237072944641,0.005199730396270752,-0.021877239,2.3936524,-2.506846,1.0207384,-0.021877239,2.3936524,-2.506846,1.0207384,-0.021877239,1.0,-1.0,1.0,16.404592514038086,0.4,-0.4,0.4
11.483333333333333,7.5711875,-7.934327,3.3232086,0.99897194,-0.008446308,0.030508297,0.032447148,1.6046803,-0.64954364,-0.1695331,-0.2114849,0.21405336,0.022043822,1.6305166,-0.54807925,-0.2582091,0.5187106,0.1360774,-0.1479703,7.540194,-7.93239,2.853735,9.80595,-8.536935,2.356241,2.397212,4.0214057,4.011296,-0.2849725,0.1746121346950531,0.25874054431915283,0.08412840962409973,0.32842397689819336,0.33507442474365234,0.006650447845458984,0.029554775,-2.73495,1.155864,-1.7262343,0.029554775,-2.73495,1.155864,-1.7262343,0.029554775,-1.0,1.0,-1.0,17.26718521118164,-0.4,0.4,-0.4
11.5,7.5984817,-7.9434166,3.318683,0.99897903,-0.00743772,0.029016944,0.03381585,1.6131278,-0.65120226,-0.19149509,0.21719265,-0.3168256,0.2141828,1.6399946,-0.54457146,-0.27708432,0.5686784,0.21046756,-1.1325127,7.568983,-7.941917,2.8491602,9.80595,-8.536935,2.356241,2.366651,3.8357008,3.8282435,-0.23906586,0.1746121346950531,0.253865510225296,0.07925337553024292,0.32842397689819336,0.351265013217926,0.022841036319732666,-0.071158476,2.0606885,-2.709857,0.79010236,-0.071158476,2.0606885,-2.709857,0.79010236,-0.071158476,1.0,-1.0,0.79010236,15.578072547912598,0.4,-0.4,0.31604096
11.516666666666666,7.625931,-7.9524627,3.314166,0.99896914,-0.008263022,0.02879593,0.034103688,1.6215731,-0.65006554,-0.18584879,-0.2069159,0.07442945,-0.02932909,1.6491271,-0.5421803,-0.2702671,0.54795027,0.14346956,0.40903327,7.59794,-7.9514527,2.8444843,9.80595,-8.536935,2.356241,2.3359108,3.648042,3.6433432,-0.18509631,0.1746121346950531,0.26918673515319824,0.09457460045814514,0.32842397689819336,0.33302751183509827,0.004603534936904907,0.08859419,-3.0365171,0.70380175,-1.3527316,0.08859419,-3.0365171,0.70380175,-1.3527316,0.08859419,-1.0,0.70380175,-1.0,18.257366180419922,-0.4,0.2815207,-0.4
11.533333333333333,7.653528,-7.9614573,3.309426,0.9990062,-0.0071787196,0.026145374,0.035373684,1.6289823,-0.651565,-0.21270654,0.22202078,-0.45622164,0.21385345,1.6579703,-0.5387914,-0.29017687,0.530591,0.20333289,-1.194586,7.6270533,-7.9609957,2.8397012,9.80595,-8.536935,2.356241,2.3050013,3.4591353,3.4568884,-0.12465297,0.1746121346950531,0.2725500762462616,0.0979379415512085,0.32842397689819336,0.34191039204597473,0.013486415147781372,-0.07754124,1.8329743,-2.2032862,1.1999538,-0.07754124,1.8329743,-2.2032862,1.1999538,-0.07754124,1.0,-1.0,1.0,15.471023559570312,0.4,-0.4,0.4
11.55,7.68125,-7.9704123,3.3044906,0.99900043,-0.007956124,0.025758568,0.035655916,1.6361251,-0.65047735,-0.22363411,-0.20173302,0.09433253,-0.029704727,1.6650182,-0.5368189,-0.2992962,0.42287347,0.11834978,-0.5471599,7.6563087,-7.9705396,2.8346984,9.80595,-8.536935,2.356241,2.2739139,3.2699652,3.2694688,-0.05697073,0.1746121346950531,0.27341073751449585,0.09879860281944275,0.32842397689819336,0.3424537181854248,0.014029741287231445,-0.013563106,-3.0870934,2.1013892,-1.7120259,-0.013563106,-3.0870934,2.1013892,-1.7120259,-0.013563106,-1.0,1.0,-1.0,16.54403305053711,-0.4,0.4,-0.4
11.566666666666666,7.709094,-7.979321,3.2991285,0.9990305,-0.0068397895,0.023270255,0.036738493,1.6426338,-0.65160614,-0.26107734,0.2270428,-0.43699634,0.18401815,1.6724521,-0.5337447,-0.3301797,0.44603345,0.18445371,-1.8530093,7.685692,-7.980084,2.8293695,9.80595,-8.536935,2.356241,2.2426388,3.0799432,3.0799031,0.01571403,0.1746121346950531,0.28266143798828125,0.10804930329322815,0.32842397689819336,0.3483351171016693,0.019911140203475952,-0.14846654,1.294604,-2.2481537,0.87870073,-0.14846654,1.294604,-2.2481537,0.87870073,-0.14846654,1.0,-1.0,0.87870073,14.281499862670898,0.4,-0.4,0.3514803
11.583333333333334,7.7370467,-7.988193,3.2935224,0.9990293,-0.0075887907,0.023041556,0.036768034,1.6492294,-0.6497643,-0.27181208,-0.19694038,0.113457404,-0.05949987,1.6786189,-0.5319313,-0.33958903,0.37000892,0.108804695,-0.5645603,7.715196,-7.989624,2.823706,9.80595,-8.536935,2.356241,2.2111819,2.891198,2.8896642,0.094166525,0.1746121346950531,0.2578422427177429,0.08323010802268982,0.32842397689819336,0.3518013060092926,0.023377329111099243,-0.016309807,-3.3894925,1.9788516,-1.5602365,-0.016309807,-3.3894925,1.9788516,-1.5602365,-0.016309807,-1.0,1.0,-1.0,16.497966766357422,-0.4,0.4,-0.4
11.6,7.765108,-7.9970274,3.2874386,0.9990463,-0.0075081396,0.02066979,0.037719894,1.6548971,-0.65022856,-0.31426808,0.06111054,-0.4186044,0.16912034,1.6851808,-0.52929723,-0.3745082,0.3937125,0.1580429,-2.0951502,7.7448115,-7.9991603,2.8176692,9.80595,-8.536935,2.356241,2.1795435,2.7037,2.6979249,0.17662129,0.1746121346950531,0.28873270750045776,0.11412057280540466,0.32842397689819336,0.35498443245887756,0.026560455560684204,-0.17430778,0.60066915,-2.4099364,0.9401809,-0.17430778,0.60066915,-2.4099364,0.9401809,-0.17430778,0.60066915,-1.0,0.9401809,13.848103523254395,0.24026766,-0.4,0.37607238
11.616666666666667,7.793257,-8.005824,3.2809737,0.9990334,-0.009647665,0.020533657,0.03765101,1.6609144,-0.6466213,-0.33592632,-0.3630141,0.13087222,-0.07430154,1.6901677,-0.5273713,-0.3934656,0.2992129,0.11555671,-1.1374444,7.774525,-8.008682,2.8111908,9.80595,-8.536935,2.356241,2.147724,2.5197115,2.5059216,0.2632551,0.1746121346950531,0.26392272114753723,0.08931058645248413,0.32842397689819336,0.36158034205436707,0.033156365156173706,-0.07731772,-1.6918892,1.6876007,-1.7257382,-0.07731772,-1.6918892,1.6876007,-1.7257382,-0.07731772,-1.0,1.0,-1.0,15.474772453308105,-0.4,0.4,-0.4
11.633333333333333,7.821498,-8.014571,3.2739341,0.9990476,-0.00989397,0.01829651,0.038357433,1.6659366,-0.64498734,-0.38293052,0.06585608,-0.40092647,0.1331045,1.695877,-0.5239936,-0.43292174,0.3425574,0.20266055,-2.3673675,7.804328,-8.018193,2.8042212,9.80595,-8.536935,2.356241,2.11572,2.339402,2.3126504,0.35277343,0.1746121346950531,0.2652374505996704,0.09062531590461731,0.32842397689819336,0.37665697932243347,0.04823300242424011,-0.2038361,2.671476,-2.5447483,0.8523488,-0.2038361,2.671476,-2.5447483,0.8523488,-0.2038361,1.0,-1.0,0.8523488,13.352869033813477,0.4,-0.4,0.34093952
11.65,7.849823,-8.023267,3.2666862,0.9990385,-0.012004875,0.018310549,0.03798174,1.6717175,-0.6393537,-0.3889104,-0.35824567,0.14949916,-0.110261194,1.7007012,-0.5210619,-0.4367766,0.2894568,0.17590283,-0.23129223,7.8342185,-8.027684,2.796878,9.80595,-8.536935,2.356241,2.0835602,2.1663313,2.1197002,0.4470599,0.1746121346950531,0.23670876026153564,0.062096625566482544,0.32842397689819336,0.3741072416305542,0.04568326473236084,0.018298617,-1.4582118,1.1474532,-1.3950157,0.018298617,-1.4582118,1.1474532,-1.3950157,0.018298617,-1.0,1.0,-1.0,17.07840347290039,-0.4,0.4,-0.4
11.666666666666666,7.8782277,-8.031906,3.258751,0.99904764,-0.012219672,0.016225783,0.03861485,1.6760093,-0.6367029,-0.44923154,0.07054754,-0.38305742,0.13303736,1.7053661,-0.5174956,-0.49003193,0.27989388,0.21397947,-3.195319,7.864186,-8.037155,2.7890632,9.80595,-8.536935,2.356241,2.0512347,2.0020356,1.9263616,0.5452321,0.1746121346950531,0.25525835156440735,0.08064621686935425,0.32842397689819336,0.3704665005207062,0.04204252362251282,-0.29073244,2.785893,-2.9735074,1.1572963,-0.29073244,2.785893,-2.9735074,1.1572963,-0.29073244,1.0,-1.0,1.0,11.895485877990723,0.4,-0.4,0.4
11.683333333333334,7.906714,-8.040478,3.2507672,0.9990622,-0.014180366,0.014498811,0.038254246,1.6800028,-0.6301031,-0.4437609,-0.3467607,-0.13555016,-0.11028657,1.7104272,-0.5133483,-0.47673446,0.3036618,0.24883746,0.79784805,7.894224,-8.046598,2.780911,9.80595,-8.536935,2.356241,2.0187795,1.8505183,1.7333987,0.6478792,0.1746121346950531,0.2507702112197876,0.0761580765247345,0.32842397689819336,0.36677077412605286,0.0383467972278595,0.1275421,-0.9830491,0.4378234,-1.5960037,0.1275421,-0.9830491,0.4378234,-1.5960037,0.1275421,-0.9830491,0.4378234,-1.0,18.910581588745117,-0.39321965,0.17512937,-0.4
11.7,7.935276,-8.048973,3.2424607,0.99909574,-0.01421325,0.0100546675,0.03878663,1.6806623,-0.6262791,-0.48860487,0.082140565,-0.66626036,0.11110014,1.7147053,-0.5086234,-0.5066298,0.25669098,0.2834916,-1.7937218,7.924332,-8.056008,2.7725978,9.80595,-8.536935,2.356241,1.986235,1.7168962,1.5417502,0.7554725,0.1746121346950531,0.24992308020591736,0.07531094551086426,0.32842397689819336,0.35693296790122986,0.0285089910030365,-0.14166303,3.1220922,-1.4761667,0.9091861,-0.14166303,3.1220922,-1.4761667,0.9091861,-0.14166303,1.0,-1.0,0.9091861,14.395605087280273,0.4,-0.4,0.36367446
11.716666666666667,7.9638834,-8.057386,3.2341564,0.99914825,-0.013363668,0.007979741,0.03821524,1.6816869,-0.6203427,-0.4846707,0.09625647,-0.11385969,-0.13212664,1.7168324,-0.5034837,-0.49678186,0.12762308,0.30838248,0.59087807,7.9545016,-8.065384,2.7641413,9.80595,-8.536935,2.356241,1.9536133,1.6059105,1.3508846,0.86836594,0.1746121346950531,0.24312639236450195,0.06851425766944885,0.32842397689819336,0.36431801319122314,0.035894036293029785,0.1056219,0.024395928,3.652926,-1.4508497,0.1056219,0.024395928,3.652926,-1.4508497,0.1056219,0.024395928,1.0,-1.0,18.542945861816406,0.009758371,0.4,-0.4
11.733333333333333,7.992531,-8.065741,3.2254493,0.99913055,-0.015062285,0.0036336507,0.038702864,1.6800134,-0.6161857,-0.5364154,-0.33066025,-0.64746666,0.1107604,1.7193888,-0.5006106,-0.53194225,0.15338658,0.17238735,-2.1096234,7.9847217,-8.074715,2.7554872,9.80595,-8.536935,2.356241,1.9209161,1.5216774,1.1580323,0.987149,0.1746121346950531,0.24591869115829468,0.07130655646324158,0.32842397689819336,0.33985668420791626,0.0114327073097229,-0.17508127,-1.82835,-1.0438391,1.106947,-0.17508127,-1.82835,-1.0438391,1.106947,-0.17508127,-1.0,-1.0,1.0,13.83513069152832,-0.4,-0.4,0.4
11.75,8.021184,-8.074023,3.2162237,0.99915767,-0.015047254,0.0016690773,0.038140934,1.6787789,-0.60831976,-0.57267636,0.1004857,-0.09704368,-0.1318935,1.7190278,-0.49569902,-0.56172585,-0.021665094,0.29469427,-1.7870163,8.01498,-8.084004,2.74634,9.80595,-8.536935,2.356241,1.8880934,1.4683678,0.9638983,1.1077023,0.1746121346950531,0.2629849910736084,0.0883728563785553,0.32842397689819336,0.35245975852012634,0.024035781621932983,-0.14655466,3.9002783,4.0547504,-1.6719902,-0.14655466,3.9002783,4.0547504,-1.6719902,-0.14655466,1.0,1.0,-1.0,14.313565254211426,0.4,0.4,-0.4
11.766666666666666,8.049841,-8.082223,3.2071464,0.99911386,-0.016787603,-0.00048708677,0.038593147,1.6767472,-0.6034466,-0.56040627,-0.32497382,-0.30286852,0.11092716,1.7195499,-0.4907523,-0.5403653,0.0313282,0.2968025,1.2816344,8.045274,-8.093241,2.7370813,9.80595,-8.536935,2.356241,1.8552318,1.4505898,0.765714,1.2320279,0.1746121346950531,0.2418503761291504,0.06723824143409729,0.32842397689819336,0.3483488857746124,0.019924908876419067,0.18071158,-1.3278087,-0.40047383,1.0451589,0.18071158,-1.3278087,-0.40047383,1.0451589,0.18071158,-1.0,-0.40047383,1.0,19.80231285095215,-0.4,-0.16018954,0.4
11.783333333333333,8.078485,-8.090346,3.1974397,0.99913627,-0.016838249,0.000405097,0.037985414,1.6777163,-0.5950393,-0.6140416,0.10556689,0.24559005,-0.13176727,1.7183373,-0.48634008,-0.59719425,-0.072755806,0.26473403,-3.4097383,8.075593,-8.102419,2.7275505,9.80595,-8.536935,2.356241,1.8223091,1.4722086,0.5637132,1.3600094,0.1746121346950531,0.2267371267080307,0.0521249920129776,0.32842397689819336,0.35416847467422485,0.025744497776031494,-0.31538022,3.8980143,1.0657464,-1.7770046,-0.31538022,3.8980143,1.0657464,-1.7770046,-0.31538022,1.0,1.0,-1.0,11.482105255126953,0.4,0.4,-0.4
11.8,8.107134,-8.098383,3.1876936,0.999096,-0.018231692,-0.0009113319,0.038391452,1.6768396,-0.5896931,-0.6045829,-0.2661651,-0.2849095,0.10534145,1.7190589,-0.48085377,-0.5819498,0.043294426,0.32917854,0.914669,8.10593,-8.111537,2.7177014,9.80595,-8.536935,2.356241,1.7893251,1.5323749,0.3568933,1.4902349,0.1746121346950531,0.25341546535491943,0.07880333065986633,0.32842397689819336,0.33317893743515015,0.004754960536956787,0.14176221,-0.8735715,-3.6413155,0.976105,0.14176221,-0.8735715,-3.6413155,0.976105,0.14176221,-0.8735715,-1.0,0.976105,19.14907455444336,-0.34942862,-0.4,0.39044198
11.816666666666666,8.135777,-8.106312,3.1780386,0.99912167,-0.017646585,-0.0038625044,0.03780877,1.6738367,-0.58126366,-0.6115002,0.16388462,-0.3788186,-0.13737628,1.7183728,-0.4739356,-0.5797492,-0.041162964,0.4150897,0.13203263,8.136275,-8.120577,2.7079523,9.80595,-8.536935,2.356241,1.7563795,1.6305459,0.14854778,1.6237652,0.1746121346950531,0.24581842124462128,0.07120628654956818,0.32842397689819336,0.31156960129737854,0.01685437560081482,0.060921002,3.844045,-0.1949272,-1.7874068,0.060921002,3.844045,-0.1949272,-1.7874068,0.060921002,1.0,-0.1949272,-1.0,17.793243408203125,0.4,-0.077970885,-0.4
11.833333333333334,8.164377,-8.114108,3.1694722,0.9991138,-0.017367162,-0.0035259358,0.038176876,1.671602,-0.57743555,-0.5240602,-0.0075556184,0.17731126,0.105462834,1.7150546,-0.46572503,-0.49397564,-0.19909142,0.49263415,5.1464148,8.16662,-8.129516,2.6989129,9.80595,-8.536935,2.356241,1.7236058,1.7620265,-0.06144364,1.760955,0.1746121346950531,0.23825788497924805,0.06364575028419495,0.32842397689819336,0.3244723379611969,0.00395163893699646,0.58979857,-0.41063333,1.6633167,1.0225241,0.58979857,-0.41063333,1.6633167,1.0225241,0.58979857,-0.41063333,1.0,1.0,26.663318634033203,-0.16425334,0.4,0.4
11.85,8.192968,-8.12185,3.159486,0.9991714,-0.014691154,-0.0053223316,0.037580293,1.6697612,-0.5722751,-0.66769594,0.4193479,-0.36126763,-0.137379,1.7156764,-0.46408942,-0.63442457,0.037307736,0.098136656,-8.426935,8.196955,-8.138375,2.6895578,9.80595,-8.536935,2.356241,1.6908034,1.9220842,-0.27685052,1.9020414,0.1746121346950531,0.2526547312736511,0.07804259657859802,0.32842397689819336,0.35343873500823975,0.025014758110046387,-0.8398924,1.7885991,-3.2183933,-1.883223,-0.8398924,1.7885991,-3.2183933,-1.883223,-0.8398924,1.0,-1.0,-1.0,2.685245990753174,0.4,-0.4,-0.4
11.866666666666667,8.221511,-8.12949,3.1506133,0.9991648,-0.0138176475,-0.006096675,0.0379675,1.6660461,-0.5706671,-0.53540605,-0.0042011533,-0.009385505,0.10510271,1.711405,-0.45665348,-0.5005906,-0.25628328,0.44615683,8.030036,8.227269,-8.147143,2.6801605,9.80595,-8.536935,2.356241,1.6580396,2.098572,-0.4920259,2.0400772,0.1746121346950531,0.28297239542007446,0.10836026072502136,0.32842397689819336,0.3353526294231415,0.00692865252494812,0.8881426,-3.309198,0.6179857,1.0772007,0.8881426,-3.309198,0.6179857,1.0772007,0.8881426,-1.0,0.6179857,1.0,31.6669979095459,-0.4,0.24719429,0.4
11.883333333333333,8.250036,-8.137074,3.1408856,0.9991862,-0.0118151065,-0.0094627235,0.037384808,1.6613078,-0.56585294,-0.65576977,0.30053443,-0.54619884,-0.1378042,1.7114941,-0.4546469,-0.61176074,0.00534296,0.120395415,-6.6702065,8.257553,-8.155804,2.6708941,9.80595,-8.536935,2.356241,1.6253618,2.292384,-0.7107398,2.1794202,0.1746121346950531,0.2899312674999237,0.1153191328048706,0.32842397689819336,0.35490795969963074,0.026483982801437378,-0.65236014,0.7134018,-2.3758736,-2.1922429,-0.65236014,0.7134018,-2.3758736,-2.1922429,-0.65236014,0.7134018,-1.0,-1.0,5.8304443359375,0.28536072,-0.4,-0.4
11.9,8.278477,-8.144582,3.1322591,0.9991602,-0.011922169,-0.010527691,0.03776219,1.6555114,-0.56400204,-0.5358861,-0.12287675,0.011713462,0.10469927,1.704598,-0.44923216,-0.4883921,-0.41376826,0.32488343,7.402117,8.287792,-8.164351,2.6617963,9.80595,-8.536935,2.356241,1.5927919,2.4914975,-0.9278158,2.312297,0.1746121346950531,0.24740323424339294,0.07279109954833984,0.32842397689819336,0.36639145016670227,0.03796747326850891,0.82293475,-3.0157142,2.3681178,1.109265,0.82293475,-3.0157142,2.3681178,1.109265,0.82293475,-1.0,1.0,1.0,30.5733642578125,-0.4,0.4,0.4
11.916666666666666,8.306896,-8.152058,3.122123,0.9991627,-0.0101497015,-0.013743482,0.037174787,1.6492413,-0.55940217,-0.7044983,0.3039014,-0.52797997,-0.13812497,1.7053403,-0.44833195,-0.6481192,0.04453897,0.054012533,-9.583625,8.317986,-8.172796,2.6524103,9.80595,-8.536935,2.356241,1.5602411,2.6981091,-1.1498499,2.4408274,0.1746121346950531,0.2547387182712555,0.08012658357620239,0.32842397689819336,0.3526085615158081,0.024184584617614746,-0.9612032,1.0991052,-2.4137368,-2.3120856,-0.9612032,1.0991052,-2.4137368,-2.3120856,-0.9612032,1.0,-1.0,-1.0,0.6506805419921875,0.4,-0.4,-0.4
11.933333333333334,8.3351965,-8.15947,3.113087,0.999135,-0.010235036,-0.014650409,0.03754602,1.6421325,-0.55813557,-0.568383,-0.11931966,0.030876674,0.10438664,1.6955822,-0.44374764,-0.5091786,-0.5854868,0.27505875,8.336437,8.348118,-8.18113,2.642886,9.80595,-8.536935,2.356241,1.5277556,2.9034553,-1.3688401,2.5605328,0.1746121346950531,0.2243674099445343,0.0497552752494812,0.32842397689819336,0.3804164528846741,0.05199247598648071,0.91945136,-3.6444182,2.1312764,1.1892141,0.91945136,-3.6444182,2.1312764,1.1892141,0.91945136,-1.0,1.0,1.0,32.19209289550781,-0.4,0.4,0.4
11.95,8.363462,-8.166864,3.1026638,0.9990923,-0.0115989065,-0.017829493,0.036908016,1.6345197,-0.5503866,-0.7351643,-0.19907802,-0.5094114,-0.13863768,1.6962111,-0.44358993,-0.6641856,0.03773689,0.0094628325,-9.30042,8.378182,-8.189348,2.633174,9.80595,-8.536935,2.356241,1.4953358,3.1139922,-1.595033,2.6744752,0.1746121346950531,0.24046432971954346,0.06585219502449036,0.32842397689819336,0.3824041485786438,0.05398017168045044,-0.93047523,-0.18338479,-2.4785624,-2.424928,-0.93047523,-0.18338479,-2.4785624,-2.424928,-0.93047523,-0.18338479,-1.0,-1.0,1.1660350561141968,-0.07335392,-0.4,-0.4
11.966666666666667,8.391575,-8.174167,3.0934784,0.9990874,-0.010527928,-0.018521938,0.037018068,1.6265885,-0.54756296,-0.5875452,0.23388912,0.05263764,0.05922605,1.6835065,-0.43654436,-0.5158098,-0.7622766,0.422734,8.902548,8.408166,-8.197439,2.62345,9.80595,-8.536935,2.356241,1.4630307,3.317995,-1.8171291,2.7761724,0.1746121346950531,0.20791225135326385,0.033300116658210754,0.32842397689819336,0.38002219796180725,0.05159822106361389,0.9799489,1.0405191,2.0183532,0.81286275,0.9799489,1.0405191,2.0183532,0.81286275,0.9799489,1.0,1.0,0.81286275,33.20672607421875,0.4,0.4,0.3251451
11.983333333333333,8.419632,-8.181442,3.083198,0.99905837,-0.0111327395,-0.021490106,0.036008596,1.6183692,-0.5401742,-0.7326491,-0.19533789,-0.4870139,-0.18403839,1.6833315,-0.43658796,-0.650744,-0.010499953,-0.0026160476,-8.096054,8.438055,-8.205394,2.6137807,9.80595,-8.536935,2.356241,1.4308679,3.5288696,-2.0482042,2.8736355,0.1746121346950531,0.21701911091804504,0.04240697622299194,0.32842397689819336,0.38823437690734863,0.05981040000915527,-0.80224663,-3.7374835,-2.8512545,-1.5516394,-0.80224663,-3.7374835,-2.8512545,-1.5516394,-0.80224663,-1.0,-1.0,-1.0,3.316622018814087,-0.4,-0.4,-0.4
12.0,8.4475155,-8.188646,3.0739005,0.99904037,-0.011662145,-0.02206962,0.03598993,1.6095693,-0.5355606,-0.6127201,-0.022683823,0.07267486,0.059213746,1.669602,-0.43075776,-0.5290003,-0.8237671,0.34981188,7.304624,8.467835,-8.213216,2.6040785,9.80595,-8.536935,2.356241,1.3988454,3.7310035,-2.2744825,2.9575524,0.1746121346950531,0.20852114260196686,0.03390900790691376,0.32842397689819336,0.39695486426353455,0.06853088736534119,0.81255853,0.3923521,1.7665097,1.5000955,0.81255853,0.3923521,1.7665097,1.5000955,0.81255853,0.3923521,1.0,1.0,30.399337768554688,0.15694085,0.4,0.4
12.016666666666666,8.475332,-8.195823,3.0634954,0.9989743,-0.014406732,-0.024945222,0.034933455,1.6003155,-0.5245559,-0.75181335,-0.4516497,-0.4662798,-0.18394066,1.668879,-0.43054307,-0.65640485,-0.043380257,0.012881755,-7.6442738,8.497504,-8.220899,2.5942893,9.80595,-8.536935,2.356241,1.3669589,3.9368594,-2.5088084,3.0339317,0.1746121346950531,0.22267436981201172,0.04806223511695862,0.32842397689819336,0.3957371115684509,0.06731313467025757,-0.7557097,-1.9310514,-2.9808087,-1.8115915,-0.7557097,-1.9310514,-2.9808087,-1.8115915,-0.7557097,-1.0,-1.0,-1.0,4.097116470336914,-0.4,-0.4,-0.4
12.033333333333333,8.502969,-8.202903,3.053726,0.99894893,-0.015453339,-0.025375059,0.034902133,1.5906503,-0.51752126,-0.6617167,-0.019093154,0.09239306,0.059593763,1.6546686,-0.42310613,-0.5647288,-0.8526277,0.44621584,5.500563,8.527058,-8.228448,2.5842688,9.80595,-8.536935,2.356241,1.335188,4.133173,-2.7376373,3.096524,0.1746121346950531,0.2320588231086731,0.057446688413619995,0.32842397689819336,0.39773276448249817,0.06930878758430481,0.6224973,3.2995038,1.3826246,1.528294,0.6224973,3.2995038,1.3826246,1.528294,0.6224973,1.0,1.0,1.0,27.21172523498535,0.4,0.4,0.4
12.05,8.530506,-8.20993,3.0432398,0.9988876,-0.017035604,-0.028027397,0.033877395,1.580522,-0.5067291,-0.75774056,-0.26569036,-0.44354868,-0.18345374,1.6515245,-0.42114326,-0.6512294,-0.18864153,0.117772214,-5.190035,8.556474,-8.23585,2.574223,9.80595,-8.536935,2.356241,1.3035948,4.3357596,-2.974525,3.154523,0.1746121346950531,0.20808033645153046,0.033468201756477356,0.32842397689819336,0.4057621955871582,0.07733821868896484,-0.49719602,-0.57527256,-3.1754856,-1.7632148,-0.49719602,-0.57527256,-3.1754856,-1.7632148,-0.49719602,-0.57527256,-1.0,-1.0,8.432780265808105,-0.23010902,-0.4,-0.4
12.066666666666666,8.557828,-8.216838,3.0336597,0.9988903,-0.016540905,-0.028213983,0.03388823,1.5701585,-0.5010541,-0.65700203,0.16673975,0.11530299,0.059931163,1.6352754,-0.4123162,-0.5513388,-0.97495073,0.5296236,5.993435,8.585734,-8.243098,2.564318,9.80595,-8.536935,2.356241,1.2722274,4.5308604,-3.206748,3.200853,0.1746121346950531,0.22000081837177277,0.045388683676719666,0.32842397689819336,0.4007835388183594,0.07235956192016602,0.6775764,2.6818166,1.081887,1.5987498,0.6775764,2.6818166,1.081887,1.5987498,0.6775764,1.0,1.0,1.0,28.13548469543457,0.4,0.4,0.4
12.083333333333334,8.585041,-8.22369,3.0233126,0.99883187,-0.017718954,-0.030665325,0.032871682,1.559373,-0.4908666,-0.7585123,-0.26191047,-0.42146888,-0.18323378,1.6321197,-0.4107238,-0.6445358,-0.18934248,0.095543854,-5.591819,8.614829,-8.250191,2.554457,9.80595,-8.536935,2.356241,1.2410806,4.7323046,-3.4464526,3.2429416,0.1746121346950531,0.19429686665534973,0.01968473196029663,0.32842397689819336,0.40198615193367004,0.07356217503547668,-0.53890157,-2.5998807,-3.4259944,-1.7539434,-0.53890157,-2.5998807,-3.4259944,-1.7539434,-0.53890157,-1.0,-1.0,-1.0,7.733315944671631,-0.4,-0.4,-0.4
12.1,8.612036,-8.230425,3.0136867,0.9987992,-0.017159605,-0.031982042,0.032907,1.5469044,-0.4850067,-0.6736301,0.16998558,-0.07309181,0.06020218,1.6155365,-0.40195987,-0.5571289,-0.9949922,0.52583635,5.244412,8.643755,-8.257131,2.544599,9.80595,-8.536935,2.356241,1.2101516,4.924056,-3.6791408,3.2726521,0.1746121346950531,0.20000946521759033,0.02539733052253723,0.32842397689819336,0.39563506841659546,0.0672110915184021,0.5989418,2.9135528,0.61186004,1.6314973,0.5989418,2.9135528,0.61186004,1.6314973,0.5989418,1.0,0.61186004,1.0,26.81666374206543,0.4,0.24474402,0.4
12.116666666666667,8.6388855,-8.23709,3.0036793,0.9986757,-0.018254226,-0.035984583,0.031915925,1.5325274,-0.474747,-0.74491835,-0.25820214,-0.60746205,-0.18297186,1.6094847,-0.3992043,-0.61573,-0.3631067,0.16533314,-3.5160646,8.6724825,-8.263906,2.534933,9.80595,-8.536935,2.356241,1.179502,5.121301,-3.9180245,3.2980008,0.1746121346950531,0.21690572798252106,0.04229359328746796,0.32842397689819336,0.39706143736839294,0.06863746047019958,-0.31929263,-2.3955848,-2.2679882,-1.8721393,-0.31929263,-2.3955848,-2.2679882,-1.8721393,-0.31929263,-1.0,-1.0,-1.0,11.416487693786621,-0.4,-0.4,-0.4
12.133333333333333,8.6654825,-8.24364,2.9942796,0.99862736,-0.017658994,-0.03754727,0.03196285,1.517555,-0.46871915,-0.6805617,0.1735277,-0.050620697,0.06046913,1.5912805,-0.39094865,-0.5484713,-1.0922527,0.4953396,4.035523,8.701011,-8.27052,2.5253901,9.80595,-8.536935,2.356241,1.1491212,5.3096123,-4.1503677,3.3115602,0.1746121346950531,0.20038269460201263,0.025770559906959534,0.32842397689819336,0.398275762796402,0.06985178589820862,0.47325906,3.357798,3.4587803,1.7985438,0.47325906,3.357798,3.4587803,1.7985438,0.47325906,1.0,1.0,1.0,24.708776473999023,0.4,0.4,0.4
12.15,8.691906,-8.250117,2.9844909,0.9984888,-0.018727895,-0.041357767,0.030967077,1.5015905,-0.458361,-0.7447712,-0.25459823,-0.5845548,-0.1826871,1.583584,-0.3879212,-0.601109,-0.46179053,0.18164633,-3.158265,8.7293215,-8.27697,2.515956,9.80595,-8.536935,2.356241,1.1190264,5.5033026,-4.38939,3.3195777,0.1746121346950531,0.20760874450206757,0.032996609807014465,0.32842397689819336,0.3872907757759094,0.058866798877716064,-0.2817098,-2.1122777,-1.8370752,-1.9972552,-0.2817098,-2.1122777,-1.8370752,-1.9972552,-0.2817098,-1.0,-1.0,-1.0,12.046809196472168,-0.4,-0.4,-0.4
12.166666666666666,8.718064,-8.256484,2.9750679,0.9984404,-0.018111,-0.04273787,0.03101776,1.4850879,-0.45219314,-0.7007231,0.17691426,-0.029137757,0.060740937,1.564702,-0.3802271,-0.5550785,-1.132915,0.46164748,2.761831,8.7574215,-8.283266,2.5065117,9.80595,-8.536935,2.356241,1.0891931,5.689426,-4.6230574,3.3161583,0.1746121346950531,0.17474177479743958,0.0001296401023864746,0.32842397689819336,0.38460302352905273,0.056179046630859375,0.33951387,3.748817,4.0020275,1.9201269,0.33951387,3.748817,4.0020275,1.9201269,0.33951387,1.0,1.0,1.0,22.465667724609375,0.4,0.4,0.4
12.183333333333334,8.743988,-8.262765,2.9656837,0.9982903,-0.019152604,-0.046350896,0.030017711,1.467774,-0.44183668,-0.7227305,-0.25064865,-0.5603874,-0.18237759,1.5522331,-0.3757684,-0.5668247,-0.748136,0.26752174,-0.70477,8.785272,-8.289392,2.497311,9.80595,-8.536935,2.356241,1.0596993,5.8815885,-4.8635345,3.3074334,0.1746121346950531,0.20220506191253662,0.02759292721748352,0.32842397689819336,0.37217795848846436,0.043753981590270996,-0.021577427,-1.7156082,-1.1994519,-2.0038028,-0.021577427,-1.7156082,-1.1994519,-2.0038028,-0.021577427,-1.0,-1.0,-1.0,16.409622192382812,-0.4,-0.4,-0.4
12.2,8.769626,-8.268939,2.9565108,0.99824494,-0.018512014,-0.047539912,0.03007193,1.4499466,-0.43553734,-0.7033324,0.1805903,-0.0066917283,0.061034426,1.5336912,-0.3688302,-0.54632455,-1.1125159,0.41629133,1.2300073,8.812872,-8.295358,2.488226,9.80595,-8.536935,2.356241,1.030526,6.070061,-5.1022067,3.288333,0.1746121346950531,0.18931794166564941,0.014705806970596313,0.32842397689819336,0.37773868441581726,0.0493147075176239,0.17998858,4.2362013,4.619603,2.0631113,0.17998858,4.2362013,4.619603,2.0631113,0.17998858,1.0,1.0,1.0,19.79018783569336,0.4,0.4,0.4
12.216666666666667,8.7949505,-8.275012,2.9477785,0.9982883,-0.01963934,-0.04684177,0.028993422,1.4363235,-0.4252679,-0.6719568,-0.2449163,0.122726224,-0.18206069,1.5150497,-0.36296013,-0.5179654,-1.1184883,0.3522044,1.7015504,8.840184,-8.301148,2.4795253,9.80595,-8.536935,2.356241,1.0017475,6.2624226,-5.3454604,3.2625127,0.1746121346950531,0.20949490368366241,0.034882768988609314,0.32842397689819336,0.38296958804130554,0.05454561114311218,0.23271103,-1.0397102,0.21862571,-1.7892731,0.23271103,-1.0397102,0.21862571,-1.7892731,0.23271103,-1.0,0.21862571,-1.0,20.674423217773438,-0.4,0.08745029,-0.4
12.233333333333333,8.819989,-8.280969,2.9394174,0.99819165,-0.018926246,-0.04909033,0.029073369,1.4189602,-0.4188235,-0.6557904,0.18532413,-0.40431523,0.06137593,1.4982445,-0.3557265,-0.49763852,-1.0083103,0.43401715,1.219611,8.867197,-8.306762,2.4712474,9.80595,-8.536935,2.356241,0.9733774,6.456523,-5.591886,3.227615,0.1746121346950531,0.19674241542816162,0.02213028073310852,0.32842397689819336,0.3783961534500122,0.04997217655181885,0.18287213,4.397536,-1.3853141,1.9395127,0.18287213,4.397536,-1.3853141,1.9395127,0.18287213,1.0,-1.0,1.0,19.83854866027832,0.4,-0.4,0.4
12.25,8.84474,-8.286826,2.9311833,0.99823606,-0.018238774,-0.049017426,0.028096735,1.4031024,-0.4105098,-0.6496176,0.040655706,0.14632659,-0.18188809,1.4806765,-0.35023895,-0.49411282,-1.0540795,0.32925364,0.21154223,8.893913,-8.312212,2.4632084,9.80595,-8.536935,2.356241,0.9453855,6.6492925,-5.836759,3.1851735,0.1746121346950531,0.19040702283382416,0.015794888138771057,0.32842397689819336,0.38656413555145264,0.05814015865325928,0.073996834,-0.34529513,4.517677,-1.2255367,0.073996834,-0.34529513,4.517677,-1.2255367,0.073996834,-0.34529513,1.0,-1.0,18.012544631958008,-0.13811806,0.4,-0.4
12.266666666666666,8.869099,-8.292548,2.9241898,0.99823076,-0.015177345,-0.05005547,0.028271403,1.3866,-0.40737596,-0.55064034,0.47196552,-0.22874957,0.06156457,1.4553097,-0.3412932,-0.39675215,-1.5220069,0.5367458,5.84164,8.920262,-8.317473,2.4559689,9.80595,-8.536935,2.356241,0.9179062,6.841183,-6.0806737,3.134836,0.1746121346950531,0.2175983041524887,0.04298616945743561,0.32842397689819336,0.37326952815055847,0.04484555125236511,0.6730255,1.6405076,-0.72666156,1.9493368,0.6730255,1.6405076,-0.72666156,1.9493368,0.6730255,1.0,-0.72666156,1.0,28.059158325195312,0.4,-0.29066464,0.4
12.283333333333333,8.893194,-8.298206,2.9170153,0.9983433,-0.013915888,-0.048520833,0.027616415,1.3719692,-0.40242347,-0.58976954,0.046202283,0.31791365,-0.13233119,1.4426539,-0.33895543,-0.442641,-0.7593512,0.14026523,-2.7533302,8.946263,-8.322564,2.4492073,9.80595,-8.536935,2.356241,0.89087546,7.036635,-6.3277774,3.0778992,0.1746121346950531,0.18377870321273804,0.009166568517684937,0.32842397689819336,0.37447890639305115,0.04605492949485779,-0.23749597,-4.6062784,3.591505,-0.7955204,-0.23749597,-4.6062784,3.591505,-0.7955204,-0.23749597,-1.0,1.0,-0.7955204,12.788342475891113,-0.4,0.4,-0.3182082
12.3,8.916944,-8.303786,2.9107175,0.99827296,-0.015777623,-0.049201433,0.027950622,1.3562748,-0.39748684,-0.5064637,-0.31359354,-0.20784318,0.11062518,1.4193518,-0.33343667,-0.35811043,-1.3981246,0.33112583,5.0718336,8.971916,-8.327496,2.4428148,9.80595,-8.536935,2.356241,0.8642757,7.220714,-6.564455,3.0077639,0.1746121346950531,0.23206207156181335,0.057449936866760254,0.32842397689819336,0.38562342524528503,0.057199448347091675,0.5888635,-0.8471913,-2.8309078,1.1909264,0.5888635,-0.8471913,-2.8309078,1.1909264,0.5888635,-0.8471913,-1.0,1.0,26.64763641357422,-0.33887652,-0.4,0.4
12.316666666666666,8.940569,-8.309328,2.9029176,0.99837077,-0.015721573,-0.047555972,0.02733289,1.3421896,-0.3896226,-0.64753795,0.11622669,0.33423582,-0.13231052,1.4168396,-0.3322326,-0.50474834,-0.15073298,0.0722444,-8.798275,8.997307,-8.332307,2.4359612,9.80595,-8.536935,2.356241,0.8379332,7.404366,-6.8010077,2.9276152,0.1746121346950531,0.20429334044456482,0.02968120574951172,0.32842397689819336,0.3695504069328308,0.04112643003463745,-0.8818173,4.527984,1.9987473,-2.2666702,-0.8818173,4.527984,1.9987473,-2.2666702,-0.8818173,1.0,1.0,-1.0,1.9821022748947144,0.4,0.4,-0.4
12.333333333333334,8.963817,-8.31476,2.896408,0.99830866,-0.017407661,-0.048069846,0.027676202,1.3271581,-0.38438526,-0.49795482,-0.30809888,-0.18752013,0.1106363,1.387861,-0.3239874,-0.35487115,-1.738715,0.49471197,8.992631,9.02237,-8.336987,2.429092,9.80595,-8.536935,2.356241,0.811963,7.572161,-7.0204806,2.8373363,0.1746121346950531,0.2264462560415268,0.051834121346473694,0.32842397689819336,0.3743027150630951,0.04587873816490173,1.383756,-1.5439607,-3.6167927,1.1388026,1.383756,-1.5439607,-3.6167927,1.1388026,1.0,-1.0,-1.0,1.0,33.54301452636719,-0.4,-0.4,0.4
12.35,8.986858,-8.320125,2.8892813,0.998397,-0.01729756,-0.04660161,0.027061513,1.3132161,-0.37608758,-0.5901786,0.122331284,0.29902115,-0.13228889,1.3807758,-0.32112926,-0.4523532,-0.42511222,0.17148791,-5.848923,9.047054,-8.341519,2.4225519,9.80595,-8.536935,2.356241,0.78645235,7.7486124,-7.246345,2.7443542,0.1746121346950531,0.21341770887374878,0.03880557417869568,0.32842397689819336,0.3643459975719452,0.03592202067375183,-0.56523365,5.00349,0.8915242,-2.4057994,-0.56523365,5.00349,0.8915242,-2.4057994,-0.56523365,1.0,0.8915242,-1.0,7.29168701171875,0.4,0.35660967,-0.4
12.366666666666667,9.009513,-8.325358,2.8836398,0.99833333,-0.018214276,-0.047384813,0.027447982,1.2983851,-0.37103307,-0.44118407,-0.1881278,-0.22239575,0.11071053,1.3524742,-0.31172657,-0.3029072,-1.6980957,0.56416154,8.966761,9.071328,-8.345905,2.416483,9.80595,-8.536935,2.356241,0.76144004,7.9051394,-7.450717,2.6415994,0.1746121346950531,0.22942158579826355,0.05480945110321045,0.32842397689819336,0.36383000016212463,0.035406023263931274,1.2862118,-0.73379564,-4.003828,1.0766442,1.2862118,-0.73379564,-4.003828,1.0766442,1.0,-0.73379564,-1.0,1.0,33.54301452636719,-0.29351828,-0.4,0.4
12.383333333333333,9.031991,-8.330523,2.8771932,0.9983202,-0.017043635,-0.04838418,0.026926603,1.2823083,-0.36362085,-0.5541215,0.24131833,-0.089387015,-0.13209584,1.3474345,-0.30923992,-0.4151822,-0.3023815,0.14919876,-6.7365,9.095206,-8.350156,2.4106977,9.80595,-8.536935,2.356241,0.7368913,8.061875,-7.652334,2.53685,0.1746121346950531,0.24173271656036377,0.06712058186531067,0.32842397689819336,0.3638963997364044,0.03547242283821106,-0.6587135,4.4762516,0.23850162,-2.6839223,-0.6587135,4.4762516,0.23850162,-2.6839223,-0.6587135,1.0,0.23850162,-1.0,5.723888874053955,0.4,0.095400654,-0.4
12.4,9.054072,-8.335564,2.872171,0.9980988,-0.01759584,-0.052393395,0.027278781,1.263891,-0.35886025,-0.4128774,-0.18369119,-0.6109577,0.094797865,1.3175288,-0.3002719,-0.26575035,-1.7943405,0.5380815,8.965911,9.118672,-8.354279,2.4052596,9.80595,-8.536935,2.356241,0.7128232,8.193485,-7.8267183,2.42398,0.1746121346950531,0.2626856565475464,0.08807352185249329,0.32842397689819336,0.3669854700565338,0.038561493158340454,1.4331943,-2.524732,-1.2727517,0.9343165,1.4331943,-2.524732,-1.2727517,0.9343165,1.0,-1.0,-1.0,0.9343165,33.54301452636719,-0.4,-0.4,0.3737266
12.416666666666666,9.075999,-8.340552,2.8659055,0.9980474,-0.016355187,-0.054072056,0.026645167,1.2447808,-0.35136336,-0.562117,0.24634703,-0.06864787,-0.14801246,1.3149614,-0.29900098,-0.41277805,-0.15404461,0.076255195,-8.821662,9.141763,-8.358289,2.3998187,9.80595,-8.536935,2.356241,0.6891722,8.326279,-7.9992733,2.3105302,0.1746121346950531,0.2666723430156708,0.09206020832061768,0.32842397689819336,0.37672650814056396,0.048302531242370605,-0.8811022,4.852442,4.97419,-2.5192494,-0.8811022,4.852442,4.97419,-2.5192494,-0.8811022,1.0,1.0,-1.0,1.9940952062606812,0.4,0.4,-0.4
12.433333333333334,9.09749,-8.3454275,2.8609233,0.9979115,-0.016908068,-0.056257285,0.026864735,1.2257607,-0.34652475,-0.4154476,-0.17813525,-0.32560235,0.08416711,1.2811768,-0.29053634,-0.26332492,-2.0270777,0.50787807,8.967188,9.164464,-8.362191,2.3944294,9.80595,-8.536935,2.356241,0.6659566,8.433535,-8.144315,2.1896682,0.1746121346950531,0.27953970432281494,0.10492756962776184,0.32842397689819336,0.364536315202713,0.03611233830451965,2.3925102,-2.744697,-0.50979203,0.95601845,2.3925102,-2.744697,-0.50979203,0.95601845,1.0,-1.0,-0.50979203,0.95601845,33.54301452636719,-0.4,-0.20391682,0.3824074
12.45,9.118632,-8.350205,2.8562677,0.9979934,-0.015670648,-0.055515382,0.026107196,1.2080545,-0.33885798,-0.43311515,0.25357467,0.224383,-0.15869907,1.2643766,-0.28546813,-0.28577796,-1.0080099,0.30409274,-1.3471823,9.186647,-8.365962,2.3899403,9.80595,-8.536935,2.356241,0.6433531,8.549496,-8.295237,2.069523,0.1746121346950531,0.27463290095329285,0.10002076625823975,0.32842397689819336,0.36006519198417664,0.031641215085983276,-0.08511419,4.8675838,2.9279094,-2.6016324,-0.08511419,4.8675838,2.9279094,-2.6016324,-0.08511419,1.0,1.0,-1.0,15.344014167785645,0.4,0.4,-0.4
12.466666666666667,9.139278,-8.354861,2.8533876,0.9979014,-0.016184881,-0.056915637,0.026294919,1.1902758,-0.3343549,-0.28547907,-0.17111221,-0.29770342,0.08432601,1.2305202,-0.27742642,-0.13748571,-2.0313835,0.48250255,8.897534,9.208278,-8.369603,2.3865423,9.80595,-8.536935,2.356241,0.621394,8.646782,-8.425155,1.9451469,0.1746121346950531,0.2776212692260742,0.10300913453102112,0.32842397689819336,0.3745467960834503,0.04612281918525696,1.835732,-2.7580419,-3.421039,1.0467623,1.835732,-2.7580419,-3.421039,1.0467623,1.0,-1.0,-1.0,1.0,33.54301452636719,-0.4,-0.4,0.4
12.483333333333333,9.159779,-8.359476,2.8490245,0.9979929,-0.014905927,-0.055997122,0.025539666,1.1724259,-0.32701057,-0.44701472,0.25861543,0.24327014,-0.15859687,1.2299707,-0.2767359,-0.30319935,-0.03297329,0.041431185,-9.942818,9.22951,-8.373156,2.3831048,9.80595,-8.536935,2.356241,0.5998568,8.739547,-8.547975,1.8198379,0.1746121346950531,0.2697874903678894,0.0951753556728363,0.32842397689819336,0.36361268162727356,0.0351887047290802,-1.1126238,4.5524397,2.1881034,-2.6590397,-1.1126238,4.5524397,2.1881034,-2.6590397,-1.0,1.0,1.0,-1.0,0.0,0.4,0.4,-0.4
12.5,9.179847,-8.363993,2.8458686,0.9979125,-0.015378443,-0.057240188,0.02564101,1.1546133,-0.3225289,-0.29764792,-0.16609189,-0.27876672,0.07064079,1.195705,-0.26909414,-0.1537166,-2.0559382,0.45850572,8.968965,9.250355,-8.376634,2.379562,9.80595,-8.536935,2.356241,0.57872844,8.802884,-8.6394,1.6886495,0.1746121346950531,0.25545600056648254,0.08084386587142944,0.32842397689819336,0.3602302074432373,0.031806230545043945,2.5728827,-3.4049196,-4.3394027,0.9431217,2.5728827,-3.4049196,-4.3394027,0.9431217,1.0,-1.0,-1.0,0.9431217,33.54301452636719,-0.4,-0.4,0.37724867
12.516666666666666,9.199606,-8.368429,2.842634,0.9980177,-0.014045349,-0.056121517,0.02477291,1.1367726,-0.31505862,-0.34693938,0.26518363,0.2691611,-0.17223637,1.1824045,-0.26530656,-0.20835751,-0.7980322,0.22725461,-3.278455,9.270695,-8.380015,2.3766387,9.80595,-8.536935,2.356241,0.558156,8.874587,-8.736327,1.5604137,0.1746121346950531,0.23912057280540466,0.06450843811035156,0.32842397689819336,0.36238032579421997,0.03395634889602661,-0.29100162,4.1314907,1.4564744,-2.6014802,-0.29100162,4.1314907,1.4564744,-2.6014802,-0.29100162,1.0,1.0,-1.0,11.890971183776855,0.4,0.4,-0.4
12.533333333333333,9.218882,-8.372763,2.8410478,0.99795145,-0.014467367,-0.057149608,0.024846135,1.1193552,-0.31090984,-0.19789149,-0.159441,-0.25312343,0.07085416,1.1482803,-0.2581877,-0.059780773,-2.0474553,0.42713103,8.914604,9.290498,-8.38331,2.3745246,9.80595,-8.536935,2.356241,0.5381691,8.924205,-8.80886,1.4301844,0.1746121346950531,0.23620827496051788,0.06159614026546478,0.32842397689819336,0.3650645315647125,0.036640554666519165,1.9155898,-3.4664392,-4.734839,1.1544914,1.9155898,-3.4664392,-4.734839,1.1544914,1.0,-1.0,-1.0,1.0,33.54301452636719,-0.4,-0.4,0.4
12.55,9.238022,-8.377056,2.8379793,0.99792784,-0.013038488,-0.058250517,0.024015795,1.100435,-0.30386207,-0.36414883,0.2692438,-0.095494196,-0.17192715,1.1483649,-0.25744796,-0.22554925,0.0050783153,0.04438519,-9.946108,9.309898,-8.386542,2.372323,9.80595,-8.536935,2.356241,0.518598,8.969729,-8.874736,1.3019637,0.1746121346950531,0.2360597401857376,0.06144760549068451,0.32842397689819336,0.35420987010002136,0.025785893201828003,-1.0492809,3.643795,0.28994876,-2.6950464,-1.0492809,3.643795,0.28994876,-2.6950464,-1.0,1.0,0.28994876,-1.0,0.0,0.4,0.11597951,-0.4
12.566666666666666,9.256706,-8.381264,2.836116,0.9976759,-0.013359493,-0.062306736,0.024127996,1.0804124,-0.30000943,-0.22055128,-0.15592736,-0.61742043,0.07097691,1.112272,-0.25095525,-0.07623627,-2.1655726,0.38956222,8.958778,9.328896,-8.389718,2.3700082,9.80595,-8.536935,2.356241,0.4994431,8.983893,-8.90726,1.170924,0.1746121346950531,0.25592562556266785,0.08131349086761475,0.32842397689819336,0.34582772850990295,0.017403751611709595,2.4076145,-3.9149704,-1.9751692,1.0995294,2.4076145,-3.9149704,-1.9751692,1.0995294,1.0,-1.0,-1.0,1.0,33.54301452636719,-0.4,-0.4,0.4
12.583333333333334,9.27511,-8.385414,2.8337708,0.9976061,-0.011868312,-0.06401177,0.023316229,1.0588483,-0.29325202,-0.3078662,0.2748722,-0.07121717,-0.17177334,1.1017066,-0.24835443,-0.16279003,-0.63392395,0.15604912,-5.1932254,9.347413,-8.392838,2.3680692,9.80595,-8.536935,2.356241,0.48079124,9.006997,-8.9463415,1.0435401,0.1746121346950531,0.2521670162677765,0.07755488157272339,0.32842397689819336,0.34674668312072754,0.01832270622253418,-0.49425137,3.669629,5.1059937,-2.499494,-0.49425137,3.669629,5.1059937,-2.499494,-0.49425137,1.0,1.0,-1.0,8.48216724395752,0.4,0.4,-0.4
12.6,9.292971,-8.389482,2.8329406,0.99740785,-0.0121694915,-0.06694252,0.023412779,1.0375718,-0.28978932,-0.16193941,-0.14992587,-0.4453883,0.07113538,1.0619146,-0.2426599,-0.014532787,-2.3875234,0.34167227,8.895434,9.365424,-8.395904,2.3666742,9.80595,-8.536935,2.356241,0.46266815,9.007248,-8.960522,0.91627896,0.1746121346950531,0.2425498068332672,0.06793767213821411,0.32842397689819336,0.3417474925518036,0.01332351565361023,2.2459502,-3.9262214,-0.72608995,1.3766816,2.2459502,-3.9262214,-0.72608995,1.3766816,1.0,-1.0,-0.72608995,1.0,33.54301452636719,-0.4,-0.290436,0.4
12.616666666666667,9.310545,-8.393497,2.8314946,0.99742526,-0.01066104,-0.06722119,0.02259214,1.0153964,-0.28335872,-0.2562965,0.28076097,0.10003355,-0.17166187,1.0520394,-0.2404601,-0.111363396,-0.59251064,0.13198793,-5.809836,9.382951,-8.398923,2.36568,9.80595,-8.536935,2.356241,0.4450448,9.01427,-8.97935,0.7926716,0.1746121346950531,0.26189255714416504,0.08728042244911194,0.32842397689819336,0.3515583574771881,0.02313438057899475,-0.55902076,3.3541846,4.5535564,-2.4237678,-0.55902076,3.3541846,4.5535564,-2.4237678,-0.55902076,1.0,1.0,-1.0,7.395886421203613,0.4,0.4,-0.4
12.633333333333333,9.327557,-8.397444,2.8315187,0.9972537,-0.01092722,-0.06964923,0.022683844,0.99378055,-0.2803121,-0.10893235,-0.14412169,-0.42213392,0.071341045,1.0105581,-0.23551221,0.036704756,-2.4888752,0.29687312,8.884089,9.399982,-8.401905,2.3651524,9.80595,-8.536935,2.356241,0.42792782,8.998343,-8.973391,0.6696567,0.1746121346950531,0.22929507493972778,0.05468294024467468,0.32842397689819336,0.3440905809402466,0.015666604042053223,2.1402626,-4.2183948,-1.8321273,1.5507573,2.1402626,-4.2183948,-1.8321273,1.5507573,1.0,-1.0,-1.0,1.0,33.54301452636719,-0.4,-0.4,0.4
12.65,9.344328,-8.401351,2.8305283,0.99728096,-0.009375691,-0.06974598,0.0218697,0.97078437,-0.27432144,-0.23464654,0.28612745,0.12129874,-0.17146797,1.0047568,-0.23406726,-0.09170534,-0.34807917,0.086697035,-7.7046056,9.41657,-8.404858,2.3647704,9.80595,-8.536935,2.356241,0.41125938,8.992768,-8.975894,0.55064696,0.1746121346950531,0.2530948519706726,0.0784827172756195,0.32842397689819336,0.33514317870140076,0.0067192018032073975,-0.7612349,3.0978208,5.233323,-2.3000968,-0.7612349,3.0978208,5.233323,-2.3000968,-0.7612349,1.0,1.0,-1.0,4.004450798034668,0.4,0.4,-0.4
12.666666666666666,9.360532,-8.405198,2.8308809,0.99711686,-0.00960303,-0.07199621,0.021960717,0.94844455,-0.27170002,-0.08632355,-0.138733,-0.40088078,0.07155071,0.96165115,-0.22991961,0.05642474,-2.5863395,0.24885891,8.887804,9.432704,-8.407784,2.3645878,9.80595,-8.536935,2.356241,0.3950471,8.963351,-8.952895,0.4328168,0.1746121346950531,0.2286161333322525,0.0540039986371994,0.32842397689819336,0.3371787965297699,0.008754819631576538,2.2841961,-4.5215616,-1.2726607,1.7307533,2.2841961,-4.5215616,-1.2726607,1.7307533,1.0,-1.0,-1.0,1.0,33.54301452636719,-0.4,-0.4,0.4
12.683333333333334,9.376463,-8.409012,2.830358,0.99715453,-0.008007802,-0.07191102,0.02115323,0.9247206,-0.2661424,-0.20047492,0.29170027,0.14322574,-0.17125647,0.9540688,-0.22838645,-0.061012343,-0.45494196,0.09198993,-7.0462246,9.448384,-8.410697,2.3645966,9.80595,-8.536935,2.356241,0.37928772,8.949892,-8.944197,0.31922603,0.1746121346950531,0.2329251915216446,0.05831305682659149,0.32842397689819336,0.33708181977272034,0.008657842874526978,-0.69084835,2.7498178,6.01806,-2.1916027,-0.69084835,2.7498178,6.01806,-2.1916027,-0.69084835,1.0,1.0,-1.0,5.184938907623291,0.4,0.4,-0.4
12.7,9.391801,-8.412777,2.8312201,0.99717605,-0.008238584,-0.07156409,0.021225901,0.9017012,-0.26398018,-0.047052942,-0.13219664,0.008528133,0.07169007,0.9092483,-0.22510263,0.086953774,-2.689229,0.1970288,8.877967,9.463603,-8.413595,2.3648956,9.80595,-8.536935,2.356241,0.36399058,8.915285,-8.912859,0.20799066,0.1746121346950531,0.24822573363780975,0.07361359894275665,0.32842397689819336,0.3354106843471527,0.006986707448959351,2.311355,-4.7453628,-0.28208148,1.9715197,2.311355,-4.7453628,-0.28208148,1.9715197,1.0,-1.0,-0.28208148,1.0,33.54301452636719,-0.4,-0.1128326,0.4
12.716666666666667,9.406805,-8.416506,2.8315976,0.9974501,-0.0066603785,-0.0680652,0.020392569,0.87909013,-0.2587564,-0.12385369,0.29873368,0.5543912,-0.1711867,0.89735633,-0.22326058,0.000588191,-0.7135176,0.1105231,-5.1819344,9.478331,-8.416487,2.3656394,9.80595,-8.536935,2.356241,0.3491857,8.89854,-8.897966,0.1009936,0.1746121346950531,0.2344391644001007,0.05982702970504761,0.32842397689819336,0.33262068033218384,0.0041967034339904785,-0.49171674,1.8804139,2.3530488,-2.3845637,-0.49171674,1.8804139,2.3530488,-2.3845637,-0.49171674,1.0,1.0,-1.0,8.524676322937012,0.4,0.4,-0.4
12.733333333333333,9.421238,-8.420195,2.8334863,0.9975383,-0.0068530417,-0.066717595,0.020466462,0.8581815,-0.2571012,0.030679148,-0.12534177,0.031768065,0.07189354,0.85599333,-0.22069983,0.14860944,-2.4817798,0.15364496,8.881274,9.492557,-8.419375,2.3669353,9.80595,-8.536935,2.356241,0.33488825,8.863418,-8.863417,-0.002354162,0.1746121346950531,0.2419225573539734,0.06731042265892029,0.32842397689819336,0.33588525652885437,0.007461279630661011,1.5980918,-5.5583367,-5.1265755,1.8268038,1.5980918,-5.5583367,-5.1265755,1.8268038,1.0,-1.0,-1.0,1.0,33.54301452636719,-0.4,-0.4,0.4
12.75,9.435499,-8.423863,2.833892,0.9978032,-0.0052301614,-0.06305441,0.019633751,0.83708656,-0.25248066,-0.12647034,0.30440968,0.57270193,-0.17099106,0.85545087,-0.21992885,-0.017037202,-0.032547712,0.04625916,-9.938798,9.506384,-8.422268,2.368109,9.80595,-8.536935,2.356241,0.32098177,8.838146,-8.837567,-0.101111315,0.1746121346950531,0.24408212304115295,0.06946998834609985,0.32842397689819336,0.3293497562408447,0.0009257793426513672,-1.5665994,1.0578371,1.0630411,-2.5289729,-1.5665994,1.0578371,1.0630411,-2.5289729,-1.0,1.0,1.0,-1.0,0.0,0.4,0.4,-0.4
12.766666666666666,9.449272,-8.427506,2.8355007,0.9978945,-0.005376739,-0.061553534,0.019714199,0.8178929,-0.2513423,0.028682677,-0.11963412,0.050029647,0.0720802,0.8172525,-0.21817252,0.13207379,-2.2919009,0.105379514,8.946659,9.519814,-8.425167,2.3691697,9.80595,-8.536935,2.356241,0.30746278,8.785579,-8.783371,-0.19692604,0.1746121346950531,0.22934487462043762,0.05473273992538452,0.32842397689819336,0.3242948353290558,0.004129141569137573,1.3605407,-6.2847366,-6.2473097,1.7367901,1.3605407,-6.2847366,-6.2473097,1.7367901,1.0,-1.0,-1.0,1.0,33.54301452636719,-0.4,-0.4,0.4
12.783333333333333,9.462907,-8.43114,2.8356292,0.99776953,-0.0063811177,-0.063749254,0.018742705,0.7984469,-0.24731086,-0.14004542,-0.13718908,-0.3644537,-0.17077291,0.8182941,-0.21805267,-0.03377281,0.062495466,0.007191002,-9.950795,9.532865,-8.428078,2.3700075,9.80595,-8.536935,2.356241,0.29430452,8.745262,-8.740494,-0.2887392,0.1746121346950531,0.2382240891456604,0.0636119544506073,0.32842397689819336,0.3305458128452301,0.002121835947036743,-1.6692458,-0.03803517,-0.76778674,-2.797741,-1.6692458,-0.03803517,-0.76778674,-2.797741,-1.0,-0.03803517,-0.76778674,-1.0,0.0,-0.015214068,-0.3071147,-0.4
12.8,9.4760275,-8.434727,2.836962,0.9978062,-0.0048281816,-0.06325119,0.018938078,0.77680904,-0.24431153,0.014804575,0.29716524,0.19624165,0.072538234,0.7772489,-0.21418527,0.11553527,-2.462711,0.23204415,8.958485,9.545523,-8.431004,2.3707287,9.80595,-8.536935,2.356241,0.28152052,8.675855,-8.667618,-0.37796345,0.1746121346950531,0.23777711391448975,0.06316497921943665,0.32842397689819336,0.32972756028175354,0.0013035833835601807,1.3084658,1.4450616,3.4588957,1.9699645,1.3084658,1.4450616,3.4588957,1.9699645,1.0,1.0,1.0,1.0,33.54301452636719,0.4,0.4,0.4
12.816666666666666,9.488997,-8.438304,2.8368132,0.9977102,-0.0049508666,-0.065000534,0.018019306,0.7570554,-0.24143764,-0.15271091,-0.13322334,-0.3447675,-0.17059341,0.77852666,-0.21471193,-0.05040466,0.07666468,-0.0316,-9.956395,9.557806,-8.433949,2.3712368,9.80595,-8.536935,2.356241,0.26908433,8.622129,-8.609875,-0.45953733,0.1746121346950531,0.23643016815185547,0.06181803345680237,0.32842397689819336,0.3364427983760834,0.008018821477890015,-1.1681616,-6.519249,-1.4550043,-2.8617036,-1.1681616,-6.519249,-1.4550043,-2.8617036,-1.0,-1.0,-1.0,-1.0,0.0,-0.4,-0.4,-0.4
12.833333333333334,9.501446,-8.441845,2.8378675,0.99775463,-0.0037416953,-0.06434738,0.018195305,0.7349904,-0.23900485,0.0021838145,0.24119203,0.21573153,0.07267431,0.7366994,-0.2117881,0.09878684,-2.5096354,0.17542987,8.951489,9.569702,-8.436916,2.371635,9.80595,-8.536935,2.356241,0.25700933,8.541095,-8.524168,-0.5374631,0.1746121346950531,0.2444242686033249,0.06981213390827179,0.32842397689819336,0.35621577501296997,0.02779179811477661,1.4562067,0.85993737,4.066026,1.8792648,1.4562067,0.85993737,4.066026,1.8792648,1.0,0.85993737,1.0,1.0,33.54301452636719,0.34397495,0.4,0.4
12.85,9.51374,-8.445381,2.8374398,0.9976871,-0.004338537,-0.065606564,0.01724408,0.7148859,-0.23641513,-0.16463698,-0.18904586,-0.2714158,-0.17053255,0.737884,-0.21231334,-0.06715344,0.07107496,-0.031514168,-9.956416,9.581229,-8.43991,2.3718262,9.80595,-8.536935,2.356241,0.24526769,8.477117,-8.455261,-0.6083269,0.1746121346950531,0.22722652554512024,0.05261439085006714,0.32842397689819336,0.34365254640579224,0.015228569507598877,-1.0604901,-6.0625505,-0.9001448,-2.8860965,-1.0604901,-6.0625505,-0.9001448,-2.8860965,-1.0,-1.0,-0.9001448,-1.0,0.0,-0.4,-0.36005792,-0.4
12.866666666666667,9.525505,-8.448886,2.838214,0.9977705,-0.003228392,-0.06434516,0.017413767,0.6927059,-0.23406872,-0.008978693,0.24557327,0.28924218,0.072817735,0.69574034,-0.20960037,0.08199626,-2.5286183,0.16277789,8.948981,9.592376,-8.442933,2.3719132,9.80595,-8.536935,2.356241,0.23387173,8.386827,-8.359595,-0.675307,0.1746121346950531,0.23469528555870056,0.06008315086364746,0.32842397689819336,0.347779780626297,0.019355803728103638,1.7274692,1.3193122,3.9786108,1.7362052,1.7274692,1.3193122,3.9786108,1.7362052,1.0,1.0,1.0,1.0,33.54301452636719,0.4,0.4,0.4
12.883333333333333,9.537052,-8.452384,2.8380308,0.9977218,-0.00379232,-0.06531196,0.01646512,0.67284167,-0.23177491,-0.13328646,-0.18421131,-0.24925287,-0.17038727,0.6916242,-0.20992488,-0.042288154,-0.24696706,-0.019470153,-7.4570646,9.603117,-8.445992,2.372115,9.80595,-8.536935,2.356241,0.22285375,8.314916,-8.282389,-0.7347541,0.1746121346950531,0.23189020156860352,0.057278066873550415,0.32842397689819336,0.3308965563774109,0.0024725794792175293,-0.73328435,-6.3499794,-1.2410464,-2.920701,-0.73328435,-6.3499794,-1.2410464,-2.920701,-0.73328435,-1.0,-1.0,-1.0,4.4732232093811035,-0.4,-0.4,-0.4
12.9,9.548051,-8.455852,2.8392153,0.9978162,-0.0026434746,-0.06386699,0.016638191,0.6506762,-0.22953376,0.022145927,0.25049284,0.31135088,0.0729649,0.64972705,-0.20750915,0.10653837,-2.5138304,0.14494388,8.929591,9.613433,-8.44909,2.3725665,9.80595,-8.536935,2.356241,0.21224077,8.219836,-8.181891,-0.7889046,0.1746121346950531,0.23529013991355896,0.06067800521850586,0.32842397689819336,0.3450530171394348,0.016629040241241455,1.2631916,1.1136698,4.4275537,1.7210892,1.2631916,1.1136698,4.4275537,1.7210892,1.0,1.0,1.0,1.0,33.54301452636719,0.4,0.4,0.4
12.916666666666666,9.558893,-8.459318,2.838916,0.99778754,-0.0031765904,-0.06452673,0.015692232,0.63096344,-0.2275404,-0.14374502,-0.17991716,-0.20763865,-0.17025585,0.65095466,-0.20802656,-0.059456933,0.07365703,-0.03104478,-9.959718,9.623385,-8.452227,2.37287,9.80595,-8.536935,2.356241,0.20194526,8.139653,-8.096754,-0.83457994,0.1746121346950531,0.25486522912979126,0.08025309443473816,0.32842397689819336,0.3456573486328125,0.01723337173461914,-1.2237477,-6.486129,-0.9590678,-2.9636843,-1.2237477,-6.486129,-0.9590678,-2.9636843,-1.0,-1.0,-0.9590678,-1.0,0.0,-0.4,-0.38362715,-0.4
12.933333333333334,9.5692215,-8.462761,2.8398197,0.9979004,-0.0026253497,-0.06274846,0.0158262,0.6091047,-0.22565039,0.012014236,0.1538564,0.35258058,0.07303542,0.60955054,-0.20605533,0.08977964,-2.4842474,0.11827379,8.954194,9.6329775,-8.455401,2.373077,9.80595,-8.536935,2.356241,0.19196536,8.033669,-7.9858418,-0.8753115,0.1746121346950531,0.2514946460723877,0.0768825113773346,0.32842397689819336,0.35676389932632446,0.028339922428131104,1.3950027,0.7641679,4.3418217,1.5867969,1.3950027,0.7641679,4.3418217,1.5867969,1.0,0.7641679,1.0,1.0,33.54301452636719,0.30566716,0.4,0.4
12.95,9.579398,-8.466202,2.8392415,0.9978817,-0.003967383,-0.06321657,0.014830286,0.5898288,-0.22349858,-0.15395808,-0.27667192,-0.18854006,-0.17023857,0.61080027,-0.20657013,-0.07618746,0.07498383,-0.030888317,-9.958026,9.642223,-8.458615,2.3730845,9.80595,-8.536935,2.356241,0.18227486,7.9461846,-7.894091,-0.9083915,0.1746121346950531,0.24528270959854126,0.07067057490348816,0.32842397689819336,0.3474014699459076,0.018977493047714233,-1.1564521,-5.058664,-1.1304824,-3.0312376,-1.1564521,-5.058664,-1.1304824,-3.0312376,-1.0,-1.0,-1.0,-1.0,0.0,-0.4,-0.4,-0.4
12.966666666666667,9.589068,-8.46961,2.839868,0.9980021,-0.0035897694,-0.061279655,0.014950795,0.568452,-0.22112727,0.001719736,0.15835616,0.3721171,0.07312953,0.57021964,-0.2037998,0.07316526,-2.4348376,0.16622005,8.9611635,9.651114,-8.46187,2.3729937,9.80595,-8.536935,2.356241,0.17288566,7.83429,-7.778126,-0.93640965,0.1746121346950531,0.24935154616832733,0.07473941147327423,0.32842397689819336,0.3354327976703644,0.0070088207721710205,1.6701918,2.3651948,4.513008,1.3792379,1.6701918,2.3651948,4.513008,1.3792379,1.0,1.0,1.0,1.0,33.54301452636719,0.4,0.4,0.4
12.983333333333333,9.598551,-8.473011,2.8392944,0.9979927,-0.0048965914,-0.061575677,0.013960224,0.549721,-0.21877821,-0.1415241,-0.27185753,-0.16764203,-0.17014395,0.5687156,-0.20417318,-0.070441924,-0.09024381,-0.022402702,-8.61643,9.659643,-8.465171,2.372876,9.80595,-8.536935,2.356241,0.16380638,7.740262,-7.6810765,-0.9553632,0.1746121346950531,0.24856412410736084,0.07395198941230774,0.32842397689819336,0.34864258766174316,0.020218610763549805,-0.8569672,-4.5665717,-1.0763476,-3.0740292,-0.8569672,-4.5665717,-1.0763476,-3.0740292,-0.8569672,-1.0,-1.0,-1.0,2.3988754749298096,-0.4,-0.4,-0.4
13.0,9.607531,-8.476373,2.840016,0.998121,-0.0044789086,-0.059464563,0.0140805505,0.52885455,-0.2160862,0.013942848,0.16325668,0.39298394,0.07321706,0.52920663,-0.20074368,0.07884889,-2.370536,0.20577012,8.957448,9.667804,-8.468518,2.3728516,9.80595,-8.536935,2.356241,0.15505216,7.623986,-7.562319,-0.96772426,0.1746121346950531,0.2511943578720093,0.07658222317695618,0.32842397689819336,0.33381497859954834,0.0053910017013549805,1.5339345,2.8070903,4.7116184,1.2913721,1.5339345,2.8070903,4.7116184,1.2913721,1.0,1.0,1.0,1.0,33.54301452636719,0.4,0.4,0.4
13.016666666666666,9.616357,-8.479723,2.8393376,0.9981203,-0.0057515483,-0.05959259,0.013094779,0.5107433,-0.2135551,-0.145102,-0.26724267,-0.14776954,-0.17005754,0.52966,-0.20120613,-0.080594905,0.027201174,-0.02774745,-9.5666275,9.675627,-8.471908,2.3727098,9.80595,-8.536935,2.356241,0.14657405,7.5230627,-7.4603324,-0.9694902,0.1746121346950531,0.24659228324890137,0.07198014855384827,0.32842397689819336,0.3473283052444458,0.01890432834625244,-0.9580978,-3.9444551,-1.1183786,-3.1291327,-0.9580978,-3.9444551,-1.1183786,-3.1291327,-0.9580978,-1.0,-1.0,-1.0,0.7027627825737,-0.4,-0.4,-0.4
13.033333333333333,9.6247015,-8.483028,2.8398936,0.9982546,-0.00529506,-0.05731585,0.013214347,0.490563,-0.21059583,0.010435747,0.16795702,0.4128393,0.073299825,0.49140117,-0.19717589,0.06897921,-2.2955291,0.24181454,8.974446,9.683108,-8.475345,2.3725321,9.80595,-8.536935,2.356241,0.13837944,7.3986225,-7.3354645,-0.9646635,0.1746121346950531,0.2596145272254944,0.08500239253044128,0.32842397689819336,0.3370107412338257,0.008586764335632324,1.6341171,3.241323,4.730629,1.123555,1.6341171,3.241323,4.730629,1.123555,1.0,1.0,1.0,1.0,33.54301452636719,0.4,0.4,0.4
13.049999999999999,9.632858,-8.486316,2.8394012,0.9982626,-0.0065302635,-0.057267014,0.012233961,0.4732151,-0.20793773,-0.12040644,-0.26213026,-0.12621996,-0.1699678,0.48867896,-0.19734646,-0.06257454,-0.16333221,-0.010234415,-7.8932247,9.690238,-8.478825,2.3724296,9.80595,-8.536935,2.356241,0.13049206,7.2900286,-7.2280717,-0.94841754,0.1746121346950531,0.24215379357337952,0.06754165887832642,0.32842397689819336,0.3448895215988159,0.01646554470062256,-0.7800009,-3.3073082,-1.289292,-3.1972318,-0.7800009,-3.3073082,-1.289292,-3.1972318,-0.7800009,-1.0,-1.0,-1.0,3.689716100692749,-0.4,-0.4,-0.4
13.066666666666666,9.640536,-8.489548,2.8402567,0.99840266,-0.0060278443,-0.054811098,0.0123039,0.45372733,-0.2046584,0.034819447,0.17314488,0.43435922,0.06558192,0.4519406,-0.19276223,0.08693893,-2.2043018,0.27505428,8.970809,9.697005,-8.482352,2.3725262,9.80595,-8.536935,2.356241,0.1229368,7.1602554,-7.100303,-0.9246373,0.1746121346950531,0.24229015409946442,0.06767801940441132,0.32842397689819336,0.34198132157325745,0.013557344675064087,1.221213,3.7374196,4.774299,0.96787643,1.221213,3.7374196,4.774299,0.96787643,1.0,1.0,1.0,0.96787643,33.54301452636719,0.4,0.4,0.3871506
13.083333333333334,9.648082,-8.492767,2.839631,0.99841887,-0.0072245644,-0.054595996,0.011263398,0.43722904,-0.2018152,-0.13062674,-0.25748828,-0.10684425,-0.17769025,0.45315355,-0.19328803,-0.07907946,0.072777264,-0.031548142,-9.961103,9.703461,-8.485922,2.3724737,9.80595,-8.536935,2.356241,0.11562837,7.043258,-6.9870367,-0.88814324,0.1746121346950531,0.24397557973861694,0.06936344504356384,0.32842397689819336,0.3374757170677185,0.009051740169525146,-1.0573847,-2.5551713,-1.6028701,-3.1349962,-1.0573847,-2.5551713,-1.6028701,-3.1349962,-1.0,-1.0,-1.0,-1.0,0.0,-0.4,-0.4,-0.4
13.1,9.65519,-8.495927,2.840217,0.99856246,-0.00667783,-0.0519791,0.01125224,0.41871876,-0.19828658,0.024767937,0.17786929,0.45373696,0.05551341,0.41809353,-0.18821715,0.070912026,-2.103601,0.30425277,8.999489,9.709603,-8.489529,2.3723323,9.80595,-8.536935,2.356241,0.10857714,6.903413,-6.8515096,-0.8449394,0.1746121346950531,0.22574330866336823,0.051131173968315125,0.32842397689819336,0.31910139322280884,0.009322583675384521,1.4284858,4.1836953,4.4275975,0.9581659,1.4284858,4.1836953,4.4275975,0.9581659,1.0,1.0,1.0,0.9581659,33.54301452636719,0.4,0.4,0.38326636
13.116666666666667,9.662134,-8.499066,2.8397021,0.9985861,-0.007832409,-0.051590964,0.010132456,0.40322676,-0.1952905,-0.11041597,-0.25225213,-0.08566078,-0.1877459,0.41618595,-0.18835254,-0.06507273,-0.114455216,-0.008123517,-8.159084,9.7154255,-8.493175,2.372228,9.80595,-8.536935,2.356241,0.101809934,6.7775955,-6.7314286,-0.7897287,0.1746121346950531,0.2157921940088272,0.04118005931377411,0.32842397689819336,0.3277466297149658,0.0006773471832275391,-0.80849814,-1.9701585,-2.122644,-3.076334,-0.80849814,-1.9701585,-2.122644,-3.076334,-0.80849814,-1.0,-1.0,-1.0,3.2117748260498047,-0.4,-0.4,-0.4
13.133333333333333,9.668652,-8.502137,2.8405209,0.9987314,-0.007239294,-0.048798013,0.010098558,0.3856263,-0.19156331,0.044596475,0.18319683,0.47490734,0.05562818,0.3830864,-0.18285212,0.08486972,-1.9859718,0.33002523,8.996547,9.720917,-8.496855,2.372286,9.80595,-8.536935,2.356241,0.095365286,6.6320543,-6.592063,-0.7272202,0.1746121346950531,0.2148156464099884,0.0402035117149353,0.32842397689819336,0.3273804783821106,0.0010434985160827637,1.1571597,4.6237917,4.177961,1.1074622,1.1571597,4.6237917,4.177961,1.1074622,1.0,1.0,1.0,1.0,33.54301452636719,0.4,0.4,0.4
13.15,9.675052,-8.505191,2.8398643,0.99876016,-0.008357364,-0.0482439,0.0089841895,0.37117538,-0.18850021,-0.12043761,-0.24743177,-0.06633213,-0.18763359,0.38424295,-0.18338917,-0.08083618,0.06939232,-0.032223165,-9.942353,9.726121,-8.500567,2.3721957,9.80595,-8.536935,2.356241,0.08916191,6.4973783,-6.464582,-0.65199924,0.1746121346950531,0.21301493048667908,0.03840279579162598,0.32842397689819336,0.3205215036869049,0.007902473211288452,-0.9979359,-1.3896438,-2.8483887,-3.1372921,-0.9979359,-1.3896438,-2.8483887,-3.1372921,-0.9979359,-1.0,-1.0,-1.0,0.03461821749806404,-0.4,-0.4,-0.4
13.166666666666666,9.6810665,-8.508174,2.8404264,0.9989046,-0.0077180993,-0.045290682,0.00886919,0.35478038,-0.18460865,0.03466457,0.18809368,0.49420664,0.04308058,0.35326982,-0.1775166,0.069565795,-1.8583881,0.35235462,9.024118,9.731036,-8.504305,2.372023,9.80595,-8.536935,2.356241,0.08322196,6.34178,-6.3160534,-0.5706583,0.1746121346950531,0.20653125643730164,0.031919121742248535,0.32842397689819336,0.3109913170337677,0.01743265986442566,1.421132,4.922551,3.5111575,0.9478693,1.421132,4.922551,3.5111575,0.9478693,1.0,1.0,1.0,0.9478693,33.54301452636719,0.4,0.4,0.37914774
13.183333333333334,9.686919,-8.511131,2.840079,0.9989388,-0.008790768,-0.044558145,0.007654778,0.34155092,-0.1814664,-0.08534931,-0.24174547,-0.044342022,-0.2001534,0.3503971,-0.17736684,-0.051326863,-0.17236231,0.008985399,-7.253559,9.735643,-8.508069,2.3720071,9.80595,-8.536935,2.356241,0.0776199,6.19795,-6.1795254,-0.4775473,0.1746121346950531,0.20956869423389435,0.03495655953884125,0.32842397689819336,0.31107842922210693,0.017345547676086426,-0.7124487,-1.0541764,-3.6326094,-3.084046,-0.7124487,-1.0541764,-3.6326094,-3.084046,-0.7124487,-1.0,-1.0,-1.0,4.822668552398682,-0.4,-0.4,-0.4
13.2,9.692408,-8.514011,2.8410404,0.9990805,-0.008100839,-0.041424807,0.007511368,0.32622287,-0.17744504,0.061977502,0.19375828,0.5157418,0.04323239,0.322473,-0.17132188,0.09170224,-1.6754471,0.3626972,8.581745,9.73994,-8.511851,2.3722315,9.80595,-8.536935,2.356241,0.07240347,6.0367656,-6.024922,-0.37796345,0.1746121346950531,0.20774535834789276,0.03313322365283966,0.32842397689819336,0.3006243407726288,0.027799636125564575,0.9540168,5.221801,2.7781224,1.1218318,0.9540168,5.221801,2.7781224,1.1218318,0.9540168,1.0,1.0,1.0,32.77180862426758,0.4,0.4,0.4
13.216666666666667,9.697798,-8.5168705,2.840494,0.9991224,-0.008502229,-0.040522426,0.0063289767,0.3142379,-0.17425576,-0.10310169,-0.13527863,-0.025300877,-0.19992611,0.32362407,-0.17172474,-0.07428709,0.069065094,-0.024171172,-9.959359,9.743978,-8.515647,2.3722658,9.80595,-8.536935,2.356241,0.06745796,5.8830338,-5.87699,-0.26660982,0.1746121346950531,0.2018159031867981,0.027203768491744995,0.32842397689819336,0.30962759256362915,0.01879638433456421,-1.1742705,-0.7631664,-4.216594,-3.1697507,-1.1742705,-0.7631664,-4.216594,-3.1697507,-1.0,-0.7631664,-1.0,-1.0,0.0,-0.3052666,-0.4,-0.4
13.233333333333333,9.702866,-8.519658,2.8411717,0.9992655,-0.0069102044,-0.037226606,0.0059052818,0.30043715,-0.1702651,0.0519673,0.30028307,0.53496766,-0.006989016,0.2976348,-0.16584183,0.07657213,-1.5593557,0.3529742,9.051552,9.747756,-8.51945,2.3722134,9.80595,-8.536935,2.356241,0.062828265,5.7112203,-5.709223,-0.15101968,0.1746121346950531,0.20488499104976654,0.03027285635471344,0.32842397689819336,0.3080557584762573,0.020368218421936035,1.330383,3.7859812,1.7163957,0.7921369,1.330383,3.7859812,1.7163957,0.7921369,1.0,1.0,1.0,0.7921369,33.54301452636719,0.4,0.4,0.31685477
13.25,9.707823,-8.522426,2.8405843,0.9993118,-0.007044545,-0.036159553,0.0043158685,0.28999564,-0.167539,-0.09629034,-0.12974037,-0.005566291,-0.25013086,0.29755098,-0.1661926,-0.07267769,-0.0050300355,-0.021046398,-8.9549885,9.751272,-8.523257,2.3721046,9.80595,-8.536935,2.356241,0.05855264,5.5493693,-5.54931,-0.025660368,0.1746121346950531,0.19944746792316437,0.024835333228111267,0.32842397689819336,0.3148268163204193,0.013597160577774048,-0.8931755,-2.5037284,-4.8876987,-2.8344173,-0.8931755,-2.5037284,-4.8876987,-2.8344173,-0.8931755,-1.0,-1.0,-1.0,1.791608214378357,-0.4,-0.4,-0.4
13.266666666666666,9.712493,-8.525131,2.841288,0.99937475,-0.0053952094,-0.0347347,0.0038030355,0.27816105,-0.16409664,0.057173375,0.30499303,0.22928679,-0.0065801153,0.274696,-0.16126226,0.07814519,-1.3712989,0.2958208,9.049373,9.754531,-8.527058,2.3720558,9.80595,-8.536935,2.356241,0.05469558,5.3716235,-5.3706427,0.102641515,0.1746121346950531,0.18705813586711884,0.012446001172065735,0.32842397689819336,0.31459885835647583,0.01382511854171753,1.0930108,3.1203985,0.39686215,1.4476616,1.0930108,3.1203985,0.39686215,1.4476616,1.0,1.0,0.39686215,1.0,33.54301452636719,0.4,0.15874486,0.4
13.283333333333333,9.717067,-8.527825,2.840792,0.9993267,-0.005482858,-0.03620646,0.0022324107,0.2680205,-0.16199823,-0.087299876,-0.12534039,-0.31082508,-0.24992299,0.27429312,-0.16162714,-0.06587581,-0.024172066,-0.021893082,-8.64126,9.757544,-8.530854,2.3720145,9.80595,-8.536935,2.356241,0.051273555,5.201129,-5.195691,0.23777105,0.1746121346950531,0.1848154366016388,0.010203301906585693,0.32842397689819336,0.3156184256076813,0.012805551290512085,-0.8597799,-2.9804816,-3.055109,-3.0406497,-0.8597799,-2.9804816,-3.055109,-3.0406497,-0.8597799,-1.0,-1.0,-1.0,2.3517024517059326,-0.4,-0.4,-0.4
13.299999999999999,9.721341,-8.530469,2.84161,0.9993683,-0.0037933246,-0.035290886,0.0017288805,0.2554215,-0.1591648,0.06591906,0.3095118,0.24986169,-0.0063851606,0.2506405,-0.1577165,0.084992506,-1.4191567,0.23463874,9.052099,9.76031,-8.534631,2.3720846,9.80595,-8.536935,2.356241,0.048366707,5.016188,-5.002238,0.37384358,0.1746121346950531,0.19675268232822418,0.02214054763317108,0.32842397689819336,0.33043697476387024,0.00201299786567688,1.1499213,2.7915397,4.4272346,1.3393599,1.1499213,2.7915397,4.4272346,1.3393599,1.0,1.0,1.0,1.0,33.54301452636719,0.4,0.4,0.4
13.316666666666666,9.725518,-8.533104,2.8411531,0.99932283,-0.0038465613,-0.036591247,0.00015794126,0.24509473,-0.15771505,-0.084386066,-0.12092421,-0.29064703,-0.2497196,0.2506153,-0.1582118,-0.06501908,-0.0015127658,-0.02971798,-9.000694,9.762851,-8.538388,2.3721273,9.80595,-8.536935,2.356241,0.045957,4.842777,-4.815456,0.51368505,0.1746121346950531,0.18467265367507935,0.010060518980026245,0.32842397689819336,0.3243010938167572,0.004122883081436157,-0.8978282,-4.042086,-2.6235085,-3.2373984,-0.8978282,-4.042086,-2.6235085,-3.2373984,-0.8978282,-1.0,-1.0,-1.0,1.713574767112732,-0.4,-0.4,-0.4
13.333333333333334,9.729393,-8.535704,2.8419855,0.99936694,-0.0021173863,-0.035510182,-0.00034127012,0.23228362,-0.15553746,0.06892195,0.3140121,0.2700417,-0.0061771376,0.22667661,-0.15536618,0.08588875,-1.436321,0.1707369,9.054469,9.765166,-8.542113,2.372232,9.80595,-8.536935,2.356241,0.044111818,4.6586666,-4.612783,0.6522347,0.1746121346950531,0.18474724888801575,0.010135114192962646,0.32842397689819336,0.3336418867111206,0.005217909812927246,1.1347538,1.7579368,4.7568383,1.0816844,1.1347538,1.7579368,4.7568383,1.0816844,1.0,1.0,1.0,1.0,33.54301452636719,0.4,0.4,0.4
13.35,9.733173,-8.5383005,2.8414674,0.9993243,-0.0021359557,-0.036641996,-0.0019115251,0.22187433,-0.1547581,-0.087309904,-0.11652171,-0.27087414,-0.24949712,0.22705483,-0.15595344,-0.070185006,0.022693275,-0.035235286,-9.364425,9.767277,-8.545808,2.372258,9.80595,-8.536935,2.356241,0.04278907,4.48998,-4.4197307,0.7911413,0.1746121346950531,0.17894047498703003,0.004328340291976929,0.32842397689819336,0.33009493350982666,0.0016709566116333008,-0.93641317,-5.345363,-2.0285292,-3.4151778,-0.93641317,-5.345363,-2.0285292,-3.4151778,-0.93641317,-1.0,-1.0,-1.0,1.0664470195770264,-0.4,-0.4,-0.4
13.366666666666667,9.736655,-8.540881,2.8422136,0.9993682,-0.0017752587,-0.03540082,-0.0025783011,0.20902142,-0.15361813,0.06560206,0.09228486,0.28898975,-0.025215179,0.2030426,-0.15442125,0.080745876,-1.4407341,0.09193092,9.055853,9.769188,-8.5494585,2.3722947,9.80595,-8.536935,2.356241,0.042024095,4.313739,-4.213037,0.92663866,0.1746121346950531,0.19039350748062134,0.015781372785568237,0.32842397689819336,0.3263331949710846,0.0020907819271087646,1.1813177,0.47207034,5.1635666,0.92107284,1.1813177,0.47207034,5.1635666,0.92107284,1.0,0.47207034,1.0,0.92107284,33.54301452636719,0.18882814,0.4,0.36842915
13.383333333333333,9.740052,-8.543462,2.8414838,0.99932206,-0.00363759,-0.03637331,-0.00437302,0.19867243,-0.1526148,-0.101097226,-0.33842337,-0.25229836,-0.26866063,0.20411116,-0.15505594,-0.08531678,0.064113736,-0.038081106,-9.963758,9.770921,-8.553065,2.3721695,9.80595,-8.536935,2.356241,0.041724913,4.155793,-4.0186706,1.0587269,0.1746121346950531,0.18375949561595917,0.009147360920906067,0.32842397689819336,0.31987494230270386,0.008549034595489502,-1.150488,-3.5323205,-1.2510111,-3.39729,-1.150488,-3.5323205,-1.2510111,-3.39729,-1.0,-1.0,-1.0,-1.0,0.0,-0.4,-0.4,-0.4
13.4,9.743155,-8.546009,2.8419797,0.9993685,-0.0037041407,-0.034968562,-0.0050970893,0.18588841,-0.15059625,0.05179874,0.09694565,0.30902323,-0.025010241,0.18023248,-0.15202795,0.06573122,-1.4327207,0.18167941,9.06288,9.772478,-8.556619,2.371972,9.80595,-8.536935,2.356241,0.0418963,3.9928124,-3.8127897,1.1854051,0.1746121346950531,0.18583735823631287,0.011225223541259766,0.32842397689819336,0.32584455609321594,0.002579420804977417,1.3956028,2.968202,5.9134207,1.0929418,1.3956028,2.968202,5.9134207,1.0929418,1.0,1.0,1.0,1.0,33.54301452636719,0.4,0.4,0.4
13.416666666666666,9.746162,-8.548551,2.8410478,0.99939364,-0.0055122385,-0.03367891,-0.0068940762,0.1755967,-0.14904363,-0.110156745,-0.33244133,0.10303791,-0.26838264,0.18047959,-0.15263973,-0.09649325,0.014826356,-0.03670692,-9.733468,9.773873,-8.560119,2.371631,9.80595,-8.536935,2.356241,0.04246484,3.8512087,-3.6217,1.3096168,0.1746121346950531,0.189518004655838,0.014905869960784912,0.32842397689819336,0.31543222069740295,0.012991756200790405,-0.97629523,-3.6366658,-0.37925756,-3.4365978,-0.97629523,-3.6366658,-0.37925756,-3.4365978,-0.97629523,-1.0,-0.37925756,-1.0,0.39756467938423157,-0.4,-0.15170303,-0.4
13.433333333333334,9.748894,-8.551042,2.8413591,0.99952376,-0.005489774,-0.029319268,-0.0078949565,0.16400117,-0.14636676,0.043583628,0.10411461,0.66402704,-0.066405125,0.15879093,-0.14837675,0.054671012,-1.3013192,0.25577903,9.069856,9.775105,-8.563551,2.371252,9.80595,-8.536935,2.356241,0.04341824,3.7082374,-3.422279,1.4279472,0.1746121346950531,0.1727703958749771,0.0018417388200759888,0.32842397689819336,0.30800825357437134,0.02041572332382202,1.3991114,2.3074622,2.4161477,0.829247,1.3991114,2.3074622,2.4161477,0.829247,1.0,1.0,1.0,0.829247,33.54301452636719,0.4,0.4,0.3316988
13.45,9.751554,-8.553523,2.8401935,0.99955434,-0.0072310395,-0.027169185,-0.010030015,0.15641499,-0.14417727,-0.1221161,-0.32562685,0.12246761,-0.3097072,0.15981995,-0.14903983,-0.11139921,0.06174087,-0.039785203,-9.964212,9.7761965,-8.566919,2.3707044,9.80595,-8.536935,2.356241,0.04464909,3.5863843,-3.236929,1.5441642,0.1746121346950531,0.18570996820926666,0.011097833514213562,0.32842397689819336,0.31943532824516296,0.008988648653030396,-1.2408472,-4.3175263,-4.3797665,-3.4197443,-1.2408472,-4.3175263,-4.3797665,-3.4197443,-1.0,-1.0,-1.0,-1.0,0.0,-0.4,-0.4,-0.4
13.466666666666667,9.753994,-8.555939,2.8402596,0.999656,-0.0071386714,-0.022648986,-0.0111226505,0.14713153,-0.14098425,0.031449772,0.11117435,0.6835879,-0.066212736,0.14234431,-0.14369458,0.040041286,-1.0485381,0.32071528,9.08643,9.7771435,-8.570211,2.370089,9.80595,-8.536935,2.356241,0.046140257,3.4633133,-3.0430079,1.6536753,0.1746121346950531,0.17272892594337463,0.0018832087516784668,0.32842397689819336,0.30104532837867737,0.02737864851951599,1.3941473,2.2161841,1.1448566,1.50501,1.3941473,2.2161841,1.1448566,1.50501,1.0,1.0,1.0,1.0,33.54301452636719,0.4,0.4,0.4
13.483333333333333,9.75638,-8.558342,2.8388515,0.9996665,-0.008826554,-0.020334283,-0.013247583,0.14180048,-0.13829477,-0.13433403,-0.31854838,0.14196016,-0.30950382,0.14335081,-0.14437255,-0.12603794,0.060389932,-0.04067838,-9.964753,9.7779665,-8.573429,2.369304,9.80595,-8.536935,2.356241,0.0478075,3.357814,-2.858432,1.7618972,0.1746121346950531,0.1762208789587021,0.0016087442636489868,0.32842397689819336,0.3075312376022339,0.020892739295959473,-1.7667238,-4.442826,-4.8952894,-3.337428,-1.7667238,-4.442826,-4.8952894,-3.337428,-1.0,-1.0,-1.0,-1.0,0.0,-0.4,-0.4,-0.4
13.5,9.758615,-8.560669,2.8386712,0.99962443,-0.00876815,-0.02167521,-0.014290307,0.13603652,-0.13462241,0.017026722,0.11485206,-0.26067513,-0.065969944,0.13122223,-0.13807255,0.025213717,-0.72771454,0.3780001,9.075099,9.778662,-8.576562,2.3684464,9.80595,-8.536935,2.356241,0.049638037,3.2515435,-2.6652842,1.8624703,0.1746121346950531,0.16827598214149475,0.00633615255355835,0.32842397689819336,0.3166951835155487,0.011728793382644653,1.2801837,2.0615945,-0.78596807,1.2926525,1.2801837,2.0615945,-0.78596807,1.2926525,1.0,1.0,-0.78596807,1.0,33.54301452636719,0.4,-0.31438723,0.4
13.516666666666666,9.760775,-8.562972,2.837461,0.9996017,-0.010416236,-0.020462535,-0.016407458,0.1288941,-0.13155463,-0.11355492,-0.31224492,0.28001964,-0.30938685,0.12895203,-0.13806921,-0.10546705,-0.13621241,0.00020027159,-7.8408456,9.779237,-8.579604,2.3676865,9.80595,-8.536935,2.356241,0.051626284,3.158414,-2.4751117,1.9619889,0.1746121346950531,0.18003429472446442,0.005422160029411316,0.32842397689819336,0.30534178018569946,0.023082196712493896,-0.7775561,-3.2620282,4.3725953,-2.7453656,-0.7775561,-3.2620282,4.3725953,-2.7453656,-0.7775561,-1.0,1.0,-1.0,3.7307190895080566,-0.4,0.4,-0.4
13.533333333333333,9.762774,-8.565179,2.8376,0.99956596,-0.010301403,-0.021379545,-0.01745076,0.12329992,-0.12742029,0.036096927,0.121258914,-0.2383913,-0.06583948,0.11708093,-0.13079251,0.0438995,-0.7122659,0.4366019,8.961993,9.779694,-8.582539,2.3671427,9.80595,-8.536935,2.356241,0.053739708,3.0677645,-2.2793124,2.053269,0.1746121346950531,0.1659041941165924,0.008707940578460693,0.32842397689819336,0.3065657615661621,0.02185821533203125,0.9903163,1.8041033,-2.101901,1.0894442,0.9903163,1.8041033,-2.101901,1.0894442,0.9903163,1.0,-1.0,1.0,33.3806037902832,0.4,-0.4,0.4
13.549999999999999,9.764712,-8.567368,2.836261,0.9995378,-0.01189342,-0.019993661,-0.019569218,0.11627604,-0.123881266,-0.12949283,-0.3063598,0.30013883,-0.30928266,0.116304226,-0.13142493,-0.12180269,-0.046602037,-0.037945207,-9.942131,9.780051,-8.585382,2.3664608,9.80595,-8.536935,2.356241,0.055878174,2.992626,-2.088722,2.1431403,0.1746121346950531,0.18591098487377167,0.011298850178718567,0.32842397689819336,0.3135104477405548,0.01491352915763855,-1.1210984,-3.269588,4.3011537,-2.7593195,-1.1210984,-3.269588,4.3011537,-2.7593195,-1.0,-1.0,1.0,-1.0,0.0,-0.4,0.4,-0.4
13.566666666666666,9.766504,-8.569456,2.83615,0.9995035,-0.011729103,-0.020745322,-0.02061154,0.11073869,-0.11931425,0.02205839,0.12725164,-0.21818958,-0.065714076,0.10467106,-0.12315282,0.029374689,-0.6979899,0.49632666,9.070642,9.780322,-8.588125,2.36571,9.80595,-8.536935,2.356241,0.058025133,2.9209654,-1.8935617,2.2240646,0.1746121346950531,0.19475673139095306,0.020144596695899963,0.32842397689819336,0.3089679181575775,0.019456058740615845,1.4116687,1.7972249,-2.0691094,1.0561999,1.4116687,1.7972249,-2.0691094,1.0561999,1.0,1.0,-1.0,1.0,33.54301452636719,0.4,-0.4,0.4
13.583333333333334,9.7682295,-8.571509,2.834825,0.9994696,-0.013261971,-0.019182242,-0.022730364,0.10387609,-0.1154139,-0.12307492,-0.29995337,0.321566,-0.30913192,0.10303457,-0.12329099,-0.11593642,-0.098189406,-0.008290261,-8.718667,9.780515,-8.590762,2.3649437,9.80595,-8.536935,2.356241,0.060167074,2.8673937,-1.7057247,2.3048754,0.1746121346950531,0.20455029606819153,0.029938161373138428,0.32842397689819336,0.3063991069793701,0.022024869918823242,-0.87058175,-3.361257,4.234583,-2.7778802,-0.87058175,-3.361257,4.234583,-2.7778802,-0.87058175,-1.0,1.0,-1.0,2.170539140701294,-0.4,0.4,-0.4
13.6,9.769806,-8.573449,2.8348098,0.99943596,-0.013042141,-0.019759454,-0.023815999,0.09855304,-0.1104354,0.028370706,0.13371341,-0.1967928,-0.07262832,0.09194715,-0.11414707,0.0350677,-0.665245,0.54863554,9.060246,9.780626,-8.593282,2.364279,9.80595,-8.536935,2.356241,0.062296715,2.8195302,-1.5164928,2.376973,0.1746121346950531,0.21241618692874908,0.037804052233695984,0.32842397689819336,0.30608469247817993,0.022339284420013428,1.415763,1.8937095,-2.070148,0.9708867,1.415763,1.8937095,-2.070148,0.9708867,1.0,1.0,-1.0,0.9708867,33.54301452636719,0.4,-0.4,0.3883547
13.616666666666667,9.771328,-8.575358,2.833323,0.9993941,-0.014514953,-0.018025732,-0.025993867,0.09204965,-0.10612511,-0.1371369,-0.29377326,0.3416842,-0.31605026,0.09113355,-0.11477853,-0.13062455,-0.0488162,-0.037887987,-9.941534,9.780678,-8.595695,2.3634682,9.80595,-8.536935,2.356241,0.064371005,2.7891903,-1.3356371,2.448603,0.1746121346950531,0.20088933408260345,0.026277199387550354,0.32842397689819336,0.30148670077323914,0.026937276124954224,-1.0108746,-3.319013,4.1555424,-2.8156974,-1.0108746,-3.319013,4.1555424,-2.8156974,-1.0,-1.0,1.0,-1.0,0.0,-0.4,0.4,-0.4
13.633333333333333,9.772716,-8.577147,2.833066,0.9993581,-0.014239483,-0.01844073,-0.027213076,0.08705996,-0.10075517,0.014527411,0.13996834,-0.17666432,-0.09151941,0.0808145,-0.104826614,0.020554386,-0.6191428,0.5971151,9.070735,9.780674,-8.597993,2.3625894,9.80595,-8.536935,2.356241,0.06638729,2.763348,-1.1540883,2.5108113,0.1746121346950531,0.19074393808841705,0.016131803393363953,0.32842397689819336,0.32228589057922363,0.0061380863189697266,1.6703873,2.086391,-2.022622,0.921522,1.6703873,2.086391,-2.022622,0.921522,1.0,1.0,-1.0,0.921522,33.54301452636719,0.4,-0.4,0.3686088
13.65,9.7740345,-8.578887,2.8318033,0.9993042,-0.015644997,-0.016526388,-0.029549379,0.08089426,-0.096176244,-0.11386315,-0.28682768,0.36404654,-0.3348897,0.078634724,-0.10436831,-0.10808517,-0.13078675,0.027498452,-7.7183723,9.78062,-8.600168,2.3618193,9.80595,-8.536935,2.356241,0.06834628,2.754931,-0.9823223,2.5738468,0.1746121346950531,0.1873304843902588,0.012718349695205688,0.32842397689819336,0.29866641759872437,0.029757559299468994,-0.76472366,-3.2399168,4.027621,-2.6951218,-0.76472366,-3.2399168,4.027621,-2.6951218,-0.76472366,-1.0,1.0,-1.0,3.9459388256073,-0.4,0.4,-0.4
13.666666666666666,9.7752285,-8.580492,2.8319178,0.99926746,-0.015307631,-0.016759977,-0.030807942,0.07634835,-0.090470046,0.037530404,0.14706257,-0.15430146,-0.09128675,0.069322094,-0.09373064,0.042795368,-0.5587578,0.63825977,9.052833,9.780522,-8.602208,2.3612905,9.80595,-8.536935,2.356241,0.070232995,2.75042,-0.8128017,2.6275775,0.1746121346950531,0.18611305952072144,0.011500924825668335,0.32842397689819336,0.3143208622932434,0.014103114604949951,1.28133,2.3074946,-2.1401157,1.1833043,1.28133,2.3074946,-2.1401157,1.1833043,1.0,1.0,-1.0,1.0,33.54301452636719,0.4,-0.4,0.4
13.683333333333334,9.776372,-8.582061,2.83056,0.99920416,-0.01664932,-0.014672645,-0.033143517,0.07075925,-0.08555909,-0.12794045,-0.28027964,0.38410234,-0.33467534,0.068474844,-0.094357096,-0.12289801,-0.05083501,-0.037587132,-9.941602,9.780392,-8.604131,2.3606343,9.80595,-8.536935,2.356241,0.07202656,2.7597773,-0.6534118,2.68131,0.1746121346950531,0.18810488283634186,0.013492748141288757,0.32842397689819336,0.29461854696273804,0.03380542993545532,-1.078944,-3.0522852,3.7279472,-2.744175,-1.078944,-3.0522852,3.7279472,-2.744175,-1.0,-1.0,1.0,-1.0,0.0,-0.4,0.4,-0.4
13.7,9.777411,-8.583491,2.8304315,0.999167,-0.016254554,-0.0147435935,-0.034402773,0.06676749,-0.07955873,0.023787137,0.15368709,-0.13426915,-0.09106584,0.060398534,-0.083089724,0.028309567,-0.48457858,0.67604226,9.072454,9.780238,-8.605928,2.359908,9.80595,-8.536935,2.356241,0.0737202,2.7698267,-0.49614584,2.7250283,0.1746121346950531,0.17564742267131805,0.0010352879762649536,0.32842397689819336,0.3007858395576477,0.027638137340545654,1.5186642,2.3980455,-2.3341174,1.1209443,1.5186642,2.3980455,-2.3341174,1.1209443,1.0,1.0,-1.0,1.0,33.54301452636719,0.4,-0.4,0.4
13.716666666666667,9.778394,-8.584868,2.8292987,0.9990933,-0.0175274,-0.012474628,-0.036736876,0.061689947,-0.074463665,-0.10450142,-0.27294776,0.40639487,-0.33442128,0.0584758,-0.082474165,-0.10024783,-0.11536404,0.036933567,-7.7134438,9.780065,-8.607594,2.359288,9.80595,-8.536935,2.356241,0.07531266,2.7922802,-0.34888896,2.770398,0.1746121346950531,0.17873616516590118,0.0041240304708480835,0.32842397689819336,0.28260210156440735,0.04582187533378601,-0.76433367,-2.947527,3.3283105,-2.7864602,-0.76433367,-2.947527,3.3283105,-2.7864602,-0.76433367,-1.0,1.0,-1.0,3.952479600906372,-0.4,0.4,-0.4
13.733333333333333,9.779285,-8.586095,2.8295448,0.9990555,-0.01706718,-0.012365278,-0.03799717,0.05836242,-0.06817936,0.046930883,0.16108532,-0.11203503,-0.09081857,0.051872257,-0.07070462,0.050667852,-0.39621255,0.7061728,9.05494,9.77988,-8.609115,2.358908,9.80595,-8.536935,2.356241,0.07679005,2.8135557,-0.20622504,2.8059878,0.1746121346950531,0.16961008310317993,0.005002051591873169,0.32842397689819336,0.29700884222984314,0.03141513466835022,1.2176067,2.5795736,-2.6417904,1.1235745,1.2176067,2.5795736,-2.6417904,1.1235745,1.0,1.0,-1.0,1.0,33.54301452636719,0.4,-0.4,0.4
13.75,9.780141,-8.587281,2.828318,0.99897,-0.018272838,-0.009924847,-0.040329766,0.0540913,-0.062808104,-0.11850744,-0.26610196,0.42631733,-0.3341899,0.050996296,-0.07132206,-0.11500992,-0.05255766,-0.037046667,-9.940666,9.779691,-8.610513,2.3583968,9.80595,-8.536935,2.356241,0.07815311,2.8433497,-0.07333217,2.842404,0.1746121346950531,0.1755451112985611,0.0009329766035079956,0.32842397689819336,0.29164883494377136,0.036775141954422,-1.0169138,-2.6528854,2.8410707,-2.7408934,-1.0169138,-2.6528854,2.8410707,-2.7408934,-1.0,-1.0,1.0,-1.0,0.0,-0.4,0.4,-0.4
13.766666666666666,9.780927,-8.588315,2.8283207,0.99893034,-0.017751366,-0.009654645,-0.04159168,0.05157173,-0.056290463,0.0332387,0.16800375,-0.09214534,-0.09058135,0.046094928,-0.059122384,0.036233578,-0.29408208,0.7319806,9.074609,9.779499,-8.611776,2.3578124,9.80595,-8.536935,2.356241,0.079393834,2.8691058,0.055558234,2.8685677,0.1746121346950531,0.16848202049732208,0.006130114197731018,0.32842397689819336,0.2960171103477478,0.03240686655044556,1.597199,2.7265697,-3.1153483,1.2359629,1.597199,2.7265697,-3.1153483,1.2359629,1.0,1.0,-1.0,1.0,33.54301452636719,0.4,-0.4,0.4
13.783333333333333,9.781671,-8.589285,2.8275108,0.99883175,-0.01888289,-0.0070284745,-0.043922327,0.04795101,-0.05082593,-0.07998465,-0.25822213,0.4494051,-0.3339211,0.04427855,-0.057854712,-0.07728105,-0.108982615,0.07606029,-6.810878,9.779314,-8.612897,2.3574486,9.80595,-8.536935,2.356241,0.08050576,2.9023254,0.1762093,2.8969712,0.1746121346950531,0.1677044928073883,0.006907641887664795,0.32842397689819336,0.2891886234283447,0.03923535346984863,-0.6689184,-2.4876032,2.197391,-2.698607,-0.6689184,-2.4876032,2.197391,-2.698607,-0.6689184,-1.0,1.0,-1.0,5.552737712860107,-0.4,0.4,-0.4
13.799999999999999,9.782371,-8.590093,2.8281384,0.9987894,-0.018289223,-0.006572262,-0.045186974,0.04630902,-0.044060227,0.071326494,0.17594925,-0.06913649,-0.090318106,0.041309714,-0.045371532,0.073540665,-0.17813018,0.7489907,9.049302,9.779144,-8.613863,2.3574479,9.80595,-8.536935,2.356241,0.08147362,2.9300654,0.29085797,2.9155934,0.1746121346950531,0.15849272906780243,0.01611940562725067,0.32842397689819336,0.3035953640937805,0.024828612804412842,1.024335,2.9885874,-3.7971945,1.3674537,1.024335,2.9885874,-3.7971945,1.3674537,1.0,1.0,-1.0,1.0,33.54301452636719,0.4,-0.4,0.4
13.816666666666666,9.7830515,-8.590857,2.827292,0.9986759,-0.01934947,-0.003774903,-0.047515165,0.043719452,-0.038367156,-0.094084926,-0.25108862,0.46917474,-0.3336815,0.040410355,-0.045977887,-0.092132725,-0.05396157,-0.036381256,-9.940403,9.7789955,-8.614697,2.357331,9.80595,-8.536935,2.356241,0.082308955,2.9620476,0.39820972,2.9351583,0.1746121346950531,0.16410629451274872,0.010505840182304382,0.32842397689819336,0.2900450825691223,0.038378894329071045,-1.2140201,-2.2195241,1.3684553,-2.663276,-1.2140201,-2.2195241,1.3684553,-2.663276,-1.0,-1.0,1.0,-1.0,0.0,-0.4,0.4,-0.4
13.833333333333334,9.783715,-8.591463,2.8276775,0.9986295,-0.018690627,-0.0031599437,-0.048782602,0.043139808,-0.03142466,0.05765996,0.18315478,-0.049405206,-0.09006958,0.0396094,-0.033280995,0.05913285,-0.04805736,0.76181346,9.075934,9.778867,-8.615397,2.357143,9.80595,-8.536935,2.356241,0.083010264,2.9861426,0.50061893,2.94388,0.1746121346950531,0.15368567407131195,0.02092646062374115,0.32842397689819336,0.30790436267852783,0.020519614219665527,1.1947292,3.1630335,-4.4351616,1.4958444,1.1947292,3.1630335,-4.4351616,1.4958444,1.0,1.0,-1.0,1.0,33.54301452636719,0.4,-0.4,0.4
13.85,9.784375,-8.592027,2.8265905,0.99849564,-0.01980629,-0.00258745,-0.05106345,0.041793864,-0.025543632,-0.10804193,-0.24540158,0.10597085,-0.33337572,0.039307687,-0.033949886,-0.10665164,-0.018102674,-0.040133443,-9.947069,9.778765,-8.61597,2.356772,9.80595,-8.536935,2.356241,0.08358128,3.0154104,0.59843886,2.9554307,0.1746121346950531,0.14511580765247345,0.02949632704257965,0.32842397689819336,0.29079434275627136,0.037629634141922,-1.0752914,-2.0204313,0.29110456,-2.7309282,-1.0752914,-2.0204313,0.29110456,-2.7309282,-1.0,-1.0,0.29110456,-1.0,0.0,-0.4,0.11644182,-0.4
13.866666666666667,9.785026,-8.592426,2.8267338,0.99843645,-0.019244365,-0.0046266024,-0.052276008,0.0412373,-0.01846384,0.04349978,0.18754193,-0.35297713,-0.08991412,0.038765084,-0.020953933,0.044630256,-0.032556206,0.77975714,9.076913,9.77869,-8.616404,2.356322,9.80595,-8.536935,2.356241,0.084014185,3.0365095,0.6924936,2.9564915,0.1746121346950531,0.13721928000450134,0.03739285469055176,0.32842397689819336,0.3068827986717224,0.021541178226470947,1.5685147,3.478022,-0.89012194,1.0933121,1.5685147,3.478022,-0.89012194,1.0933121,1.0,1.0,-0.89012194,1.0,33.54301452636719,0.4,-0.3560488,0.4
13.883333333333333,9.785648,-8.592728,2.826817,0.9982956,-0.02030465,-0.004145514,-0.054556485,0.038467318,-0.012704849,-0.010000441,-0.23821177,0.19243681,-0.3332036,0.036911584,-0.01721234,-0.009078928,-0.111209966,0.22449552,-3.2225509,9.778659,-8.616667,2.3565452,9.80595,-8.536935,2.356241,0.0842739,3.0622556,0.78195924,2.9607346,0.1746121346950531,0.1496461033821106,0.024966031312942505,0.32842397689819336,0.28789424896240234,0.040529727935791016,-0.28911036,-1.4150325,4.1598563,-2.828933,-0.28911036,-1.4150325,4.1598563,-2.828933,-0.28911036,-1.0,1.0,-1.0,11.922690391540527,-0.4,0.4,-0.4
13.9,9.786257,-8.592912,2.826971,0.99823457,-0.0196584,-0.0054464065,-0.05578019,0.037333015,-0.0055238754,0.013251621,0.19293588,-0.262575,-0.089691415,0.03636711,-0.009106627,0.013941853,-0.03266841,0.48634282,1.3812468,9.778665,-8.6167965,2.356664,9.80595,-8.536935,2.356241,0.08439528,3.0793395,0.8627153,2.9560199,0.1746121346950531,0.14391648769378662,0.03069564700126648,0.32842397689819336,0.2956060767173767,0.03281790018081665,0.19129391,3.803433,-0.86800194,1.1114277,0.19129391,3.803433,-0.86800194,1.1114277,0.19129391,1.0,-0.86800194,1.0,19.979795455932617,0.4,-0.34720078,0.4
13.916666666666666,9.78683,-8.592975,2.827549,0.99809057,-0.020616509,-0.004182725,-0.058073618,0.034080483,0.0002140816,0.03983968,-0.23120072,0.28775904,-0.33298144,0.03363703,-0.0020735343,0.040161874,-0.16380495,0.42198554,1.5732011,9.778721,-8.616772,2.357121,9.80595,-8.536935,2.356241,0.084357165,3.0946028,0.937116,2.9493017,0.1746121346950531,0.1515655517578125,0.0230465829372406,0.32842397689819336,0.30384939908981323,0.024574577808380127,0.2124284,-1.2804984,4.1270537,-2.8799448,0.2124284,-1.2804984,4.1270537,-2.8799448,0.2124284,-1.0,1.0,-1.0,20.334253311157227,-0.4,0.4,-0.4
13.933333333333334,9.787395,-8.592964,2.82718,0.99802804,-0.019909125,-0.0051836744,-0.0593011,0.032964755,0.0074153123,-0.043687478,0.1981979,-0.24528962,-0.08943921,0.033959277,0.0016991136,-0.0435217,0.019334925,0.22635888,-5.021014,9.778814,-8.6166315,2.357182,9.80595,-8.536935,2.356241,0.084194995,3.1042523,1.0009229,2.9384582,0.1746121346950531,0.1548762023448944,0.01973593235015869,0.32842397689819336,0.31378695368766785,0.014637023210525513,-0.4828152,4.1838903,-1.1374402,1.356368,-0.4828152,4.1838903,-1.1374402,1.356368,-0.4828152,1.0,-1.0,1.0,8.673968315124512,0.4,-0.4,0.4
13.95,9.787917,-8.592784,2.828372,0.9978776,-0.020794135,-0.0037279997,-0.06159554,0.02943604,0.013052525,0.10785146,-0.22371824,0.31282145,-0.3327225,0.03029227,0.013853564,0.10751392,-0.22002037,0.729267,9.062137,9.778968,-8.61633,2.3577132,9.80595,-8.536935,2.356241,0.08386791,3.108415,1.0590801,2.922429,0.1746121346950531,0.15119370818138123,0.023418426513671875,0.32842397689819336,0.30997902154922485,0.018444955348968506,1.198018,-1.1534003,4.6256447,-2.8528533,1.198018,-1.1534003,4.6256447,-2.8528533,1.0,-1.0,1.0,-1.0,33.54301452636719,-0.4,0.4,-0.4
13.966666666666667,9.788427,-8.592548,2.8280888,0.9978171,-0.019963168,-0.003603822,-0.06284433,0.028304249,0.02028875,-0.05799848,0.20497179,-0.07217067,-0.08917871,0.030898955,0.014229756,-0.05847526,0.036401037,0.022571513,-9.95935,9.779165,-8.615895,2.3581498,9.80595,-8.536935,2.356241,0.08340157,3.110235,1.1046413,2.9074607,0.1746121346950531,0.16001573204994202,0.014596402645111084,0.32842397689819336,0.3164445161819458,0.011979460716247559,-1.4106925,4.583797,-0.71631145,1.6342179,-1.4106925,4.583797,-0.71631145,1.6342179,-1.0,1.0,-0.71631145,1.0,0.0,0.4,-0.2865246,0.4
13.983333333333333,9.788913,-8.592157,2.8290393,0.99765974,-0.020697324,-0.0007097298,-0.06516263,0.025245626,0.025995316,0.09420283,-0.2164858,0.4858978,-0.33249107,0.028532585,0.026369663,0.09315473,-0.14198217,0.7283944,9.097798,9.779416,-8.615329,2.3585138,9.80595,-8.536935,2.356241,0.082793914,3.1012473,1.1432569,2.8828282,0.1746121346950531,0.1620723158121109,0.0125398188829422,0.32842397689819336,0.31169357895851135,0.016730397939682007,1.3303548,-1.0638083,3.2133846,-2.7830968,1.3303548,-1.0638083,3.2133846,-2.7830968,1.0,-1.0,1.0,-1.0,33.54301452636719,-0.4,0.4,-0.4
14.0,9.789402,-8.591714,2.8285167,0.99759555,-0.01977736,-0.00011024505,-0.06642195,0.025377408,0.03322259,-0.071658015,0.21226656,-0.05255682,-0.08891463,0.029383928,0.02671179,-0.07284016,0.051080544,0.020527614,-9.959692,9.779721,-8.614638,2.3586948,9.80595,-8.536935,2.356241,0.08204759,3.091963,1.172219,2.8611429,0.1746121346950531,0.16980402171611786,0.004808112978935242,0.32842397689819336,0.3188394010066986,0.009584575891494751,-1.1534762,4.7800107,-2.9126263,2.1189451,-1.1534762,4.7800107,-2.9126263,2.1189451,-1.0,1.0,-1.0,1.0,0.0,0.4,-0.4,0.4
14.016666666666666,9.789887,-8.591118,2.829228,0.9974356,-0.019724112,0.0029011706,-0.06873636,0.023521708,0.039183337,0.08051375,-0.09478493,0.5059175,-0.33215916,0.029351676,0.03869047,0.07882002,-0.0019351019,0.7187208,9.09961,9.780073,-8.61382,2.358796,9.80595,-8.536935,2.356241,0.08116332,3.072505,1.1949416,2.8306186,0.1746121346950531,0.15753521025180817,0.017076924443244934,0.32842397689819336,0.3209087550640106,0.007515221834182739,1.5426131,-0.73328424,2.540093,-2.618848,1.5426131,-0.73328424,2.540093,-2.618848,1.0,-0.73328424,1.0,-1.0,33.54301452636719,-0.2933137,0.4,-0.4
14.033333333333333,9.790389,-8.590468,2.8284664,0.99738187,-0.017783694,0.00359073,-0.070000984,0.024861135,0.045971986,-0.0854713,0.33393252,-0.03311041,-0.08850269,0.03020529,0.039028633,-0.087185144,0.05121689,0.020289792,-9.960309,9.780484,-8.612877,2.3587165,9.80595,-8.536935,2.356241,0.08013636,3.0537279,1.2114244,2.8031597,0.1746121346950531,0.15443751215934753,0.020174622535705566,0.32842397689819336,0.31281352043151855,0.015610456466674805,-1.1639436,3.3552456,-3.9177938,2.3751993,-1.1639436,3.3552456,-3.9177938,2.3751993,-1.0,1.0,-1.0,1.0,0.0,0.4,-0.4,0.4
14.049999999999999,9.79092,-8.589687,2.828939,0.99720734,-0.01741818,0.006743676,-0.0723087,0.024344563,0.0511177,0.06664161,-0.087423936,0.5247159,-0.3318393,0.032511808,0.04928568,0.06450337,0.13839103,0.6154228,9.101311,9.780947,-8.611809,2.3585594,9.80595,-8.536935,2.356241,0.078972474,3.0249467,1.2226092,2.7668626,0.1746121346950531,0.1537838727235794,0.020828261971473694,0.32842397689819336,0.3148382306098938,0.01358574628829956,1.8489501,-2.5596917,1.5087976,-2.407716,1.8489501,-2.5596917,1.5087976,-2.407716,1.0,-1.0,1.0,-1.0,33.54301452636719,-0.4,0.4,-0.4
14.066666666666666,9.791472,-8.588863,2.8279386,0.99714154,-0.015407273,0.007580481,-0.07357886,0.027013553,0.057181016,-0.099401794,0.3413426,-0.014389735,-0.08817787,0.03336708,0.04962115,-0.10151107,0.051316243,0.020128189,-9.960865,9.781466,-8.610623,2.3582249,9.80595,-8.536935,2.356241,0.07767516,2.9960096,1.2310861,2.7313917,0.1746121346950531,0.15348678827285767,0.021125346422195435,0.32842397689819336,0.31007277965545654,0.018351197242736816,-1.0594751,2.8674035,-4.609644,2.642984,-1.0594751,2.8674035,-4.609644,2.642984,-1.0,1.0,-1.0,1.0,0.0,0.4,-0.4,0.4
14.083333333333334,9.792096,-8.587927,2.8281705,0.99697214,-0.015187459,0.008047173,-0.07583613,0.028683139,0.061626293,0.052355263,-0.08191564,0.08731211,-0.33138898,0.03861381,0.058066316,0.04998872,0.31480393,0.50670993,9.089987,9.782041,-8.60931,2.3578138,9.80595,-8.536935,2.356241,0.07623861,2.957069,1.2352068,2.6867304,0.1746121346950531,0.16580000519752502,0.008812129497528076,0.32842397689819336,0.2997204661369324,0.028703510761260986,2.0529547,-3.259735,0.15603001,-2.3003578,2.0529547,-3.259735,0.15603001,-2.3003578,1.0,-1.0,0.15603001,-1.0,33.54301452636719,-0.4,0.062412005,-0.4
14.1,9.792751,-8.586953,2.8269932,0.99692327,-0.013417682,0.005247998,-0.07704687,0.031019578,0.06695133,-0.10879576,0.34509277,-0.45116657,-0.08787772,0.03956185,0.05854015,-0.11085632,0.056882273,0.028430073,-9.6507015,9.782671,-8.607882,2.357264,9.80595,-8.536935,2.356241,0.07467531,2.9173932,1.2412113,2.6401854,0.1746121346950531,0.15783007442951202,0.016782060265541077,0.32842397689819336,0.31593093276023865,0.012493044137954712,-0.9671829,2.5458484,-1.2800812,2.4203181,-0.9671829,2.5458484,-1.2800812,2.4203181,-0.9671829,1.0,-1.0,1.0,0.5503926277160645,0.4,-0.4,0.4
14.116666666666667,9.793445,-8.585881,2.8270712,0.99675167,-0.01321346,0.004931088,-0.0792906,0.030940983,0.07067594,0.04302954,-0.07727873,0.1069742,-0.33118868,0.042225834,0.06596763,0.040856153,0.15983908,0.44564855,9.102748,9.783356,-8.606331,2.356683,9.80595,-8.536935,2.356241,0.07298296,2.8679554,1.2442725,2.5839803,0.1746121346950531,0.15696465969085693,0.017647475004196167,0.32842397689819336,0.3149295747280121,0.013494402170181274,2.7429981,-3.3420835,5.3165703,-1.7877859,2.7429981,-3.3420835,5.3165703,-1.7877859,1.0,-1.0,1.0,-1.0,33.54301452636719,-0.4,0.4,-0.4
14.133333333333333,9.794158,-8.584765,2.8261828,0.99667877,-0.011206036,0.0045276736,-0.08053078,0.03222057,0.075336896,-0.08307053,0.35193217,-0.071838535,-0.08768348,0.042987604,0.06737028,-0.08501669,0.04570618,0.08415922,-7.5523705,9.784104,-8.60466,2.3562405,9.80595,-8.536935,2.356241,0.07116137,2.8152492,1.2453321,2.524832,0.1746121346950531,0.14813700318336487,0.026475131511688232,0.32842397689819336,0.3003509044647217,0.02807307243347168,-0.7461326,2.103633,-0.33840412,2.6391544,-0.7461326,2.103633,-0.33840412,2.6391544,-0.7461326,1.0,-0.33840412,1.0,4.2577385902404785,0.4,-0.13536166,0.4
14.15,9.794907,-8.583567,2.8266888,0.9964811,-0.010685412,0.00735842,-0.08280613,0.031998254,0.078315236,0.06863761,-0.06944537,0.48609358,-0.33106697,0.045596022,0.07331571,0.06643866,0.1565051,0.35672572,9.08732,9.784915,-8.6028595,2.3560634,9.80595,-8.536935,2.356241,0.069199495,2.751952,1.2409759,2.4562612,0.1746121346950531,0.151154026389122,0.02345810830593109,0.32842397689819336,0.29800209403038025,0.03042188286781311,1.9600427,-4.190278,1.7614065,-1.8689467,1.9600427,-4.190278,1.7614065,-1.8689467,1.0,-1.0,1.0,-1.0,33.54301452636719,-0.4,0.4,-0.4
14.166666666666666,9.795681,-8.582334,2.825908,0.996393,-0.008543163,0.00785439,-0.084061,0.034860134,0.08224367,-0.08278169,0.35933954,-0.05220268,-0.08741014,0.046714623,0.07392504,-0.084763736,0.06711602,0.036559846,-9.072144,9.785786,-8.6009445,2.3558736,9.80595,-8.536935,2.356241,0.06711169,2.6822813,1.233323,2.3819208,0.1746121346950531,0.15016892552375793,0.024443209171295166,0.32842397689819336,0.3087111711502075,0.01971280574798584,-0.9057668,1.0847453,-4.5901365,2.9508176,-0.9057668,1.0847453,-4.5901365,2.9508176,-0.9057668,1.0,-1.0,1.0,1.5804330110549927,0.4,-0.4,0.4
14.183333333333334,9.796521,-8.581049,2.8264194,0.99619246,-0.008089668,0.009206435,-0.08631502,0.036297556,0.08444752,0.06892414,-0.063126795,0.24210903,-0.33069718,0.051621154,0.07793192,0.06679301,0.29439187,0.24041264,9.093404,9.786713,-8.598923,2.3557367,9.80595,-8.536935,2.356241,0.064906344,2.602167,1.2214319,2.2976894,0.1746121346950531,0.15615448355674744,0.018457651138305664,0.32842397689819336,0.29625388979911804,0.03217008709907532,1.8533123,-5.0431137,0.51233244,-1.7192197,1.8533123,-5.0431137,0.51233244,-1.7192197,1.0,-1.0,0.51233244,-1.0,33.54301452636719,-0.4,0.20493297,-0.4
14.2,9.797389,-8.579752,2.8254569,0.9961012,-0.0076585384,0.007796048,-0.08753841,0.039432473,0.08744741,-0.09726951,0.1108832,-0.29787365,-0.08728778,0.052422076,0.077864125,-0.09925942,0.048055347,-0.00406757,-9.963145,9.787692,-8.596804,2.3554394,9.80595,-8.536935,2.356241,0.06259613,2.516954,1.2107179,2.2066307,0.1746121346950531,0.145206481218338,0.029405653476715088,0.32842397689819336,0.30096325278282166,0.027460724115371704,-1.1006166,0.40848494,-3.4287434,3.0050921,-1.1006166,0.40848494,-3.4287434,3.0050921,-1.0,0.40848494,-1.0,1.0,0.0,0.16339397,-0.4,0.4
14.216666666666667,9.798318,-8.578404,2.8257296,0.99587893,-0.009291455,0.008935042,-0.08977172,0.040348697,0.08950696,0.05501676,-0.31086498,0.26083323,-0.33064944,0.0567521,0.08175755,0.05254769,0.25980145,0.23360564,9.108426,9.788728,-8.594586,2.3550682,9.80595,-8.536935,2.356241,0.06018043,2.4215894,1.196943,2.1050944,0.1746121346950531,0.14057736098766327,0.03403477370738983,0.32842397689819336,0.3067479431629181,0.02167603373527527,1.7702208,-1.9048504,2.6689,-1.3452467,1.7702208,-1.9048504,2.6689,-1.3452467,1.0,-1.0,1.0,-1.0,33.54301452636719,-0.4,0.4,-0.4
14.233333333333333,9.799288,-8.577025,2.8252668,0.9957781,-0.0093173385,0.0077550085,-0.090989046,0.043469716,0.0934218,-0.052519493,0.11790186,-0.27355635,-0.087111905,0.058759972,0.083074845,-0.054967098,0.120472305,0.07903754,-6.4508867,9.789825,-8.592265,2.3549662,9.80595,-8.536935,2.356241,0.05764609,2.3220656,1.1837568,1.9976758,0.1746121346950531,0.14723174273967743,0.02738039195537567,0.32842397689819336,0.297947496175766,0.030476480722427368,-0.6286027,4.058234,-3.9260907,3.3145747,-0.6286027,4.058234,-3.9260907,3.3145747,-0.6286027,1.0,-1.0,1.0,6.228892803192139,0.4,-0.4,0.4
14.25,9.800326,-8.575581,2.8261352,0.99554425,-0.010870735,0.009088079,-0.093224354,0.04421133,0.095997706,0.08849974,-0.30395567,0.28446868,-0.33049735,0.06301629,0.08785686,0.08551331,0.25537893,0.2869208,8.428823,9.79099,-8.589843,2.3552015,9.80595,-8.536935,2.356241,0.05499219,2.2143893,1.1679807,1.8813136,0.1746121346950531,0.14875838160514832,0.025853753089904785,0.32842397689819336,0.31032904982566833,0.018094927072525024,0.93133414,-1.0457209,2.212421,-1.073073,0.93133414,-1.0457209,2.212421,-1.073073,0.93133414,-1.0,1.0,-1.0,32.39138412475586,-0.4,0.4,-0.4
14.266666666666666,9.801389,-8.574111,2.82556,0.99543875,-0.010832407,0.008076326,-0.09444038,0.047289867,0.10046405,-0.07158551,0.123976886,-0.25329334,-0.08695469,0.06401425,0.08831411,-0.07454286,0.05987763,0.027434973,-9.60337,9.792199,-8.587341,2.3552876,9.80595,-8.536935,2.356241,0.052257158,2.1042426,1.15244,1.7606018,0.1746121346950531,0.14620672166347504,0.028405413031578064,0.32842397689819336,0.30790671706199646,0.0205172598361969,-0.96243596,4.6507554,-4.0882864,3.467346,-0.96243596,4.6507554,-4.0882864,3.467346,-0.96243596,1.0,-1.0,1.0,0.6300055384635925,0.4,-0.4,0.4
14.283333333333333,9.802516,-8.572559,2.8262448,0.99526054,-0.009928478,0.009366502,-0.09628104,0.04814286,0.10433802,0.08031812,0.08513123,0.30681944,-0.26358414,0.068869784,0.09458996,0.07723245,0.29133213,0.37655127,9.106518,9.793461,-8.5847645,2.3553426,9.80595,-8.536935,2.356241,0.049441513,1.9884549,1.1343094,1.6331856,0.1746121346950531,0.15823045372962952,0.016381680965423584,0.32842397689819336,0.3207249641418457,0.007699012756347656,1.1306454,-0.10707946,1.7098113,-0.7267643,1.1306454,-0.10707946,1.7098113,-0.7267643,1.0,-0.10707946,1.0,-0.7267643,33.54301452636719,-0.042831786,0.4,-0.29070574
14.299999999999999,9.803675,-8.570985,2.8254564,0.9952123,-0.008992732,0.00843956,-0.096954495,0.05143698,0.10771507,-0.08597748,0.1359563,-0.23431341,-0.020294325,0.06963899,0.09434018,-0.088829994,0.04615232,-0.014986842,-9.963746,9.794774,-8.582117,2.3552272,9.80595,-8.536935,2.356241,0.046554986,1.8759327,1.1177094,1.5066019,0.1746121346950531,0.1311597228050232,0.04345241189002991,0.32842397689819336,0.3022278845310211,0.02619609236717224,-1.1652389,0.12094645,-4.3022213,2.575718,-1.1652389,0.12094645,-4.3022213,2.575718,-1.0,0.12094645,-1.0,1.0,0.0,0.048378583,-0.4,0.4
14.316666666666666,9.804899,-8.569349,2.8259032,0.9950361,-0.0087397685,0.009762645,-0.098647416,0.05257736,0.110811785,0.066067114,-0.023630422,0.29522812,-0.26344374,0.0746767,0.099329285,0.062972836,0.30226257,0.29934612,9.10817,9.796137,-8.579407,2.3550384,9.80595,-8.536935,2.356241,0.043607432,1.759335,1.0986371,1.3741384,0.1746121346950531,0.13300225138664246,0.041609883308410645,0.32842397689819336,0.3216647505760193,0.006759226322174072,1.335616,-0.38870275,0.9440477,-1.5844269,1.335616,-0.38870275,0.9440477,-1.5844269,1.0,-0.38870275,0.9440477,-1.0,33.54301452636719,-0.1554811,0.3776191,-0.4
14.333333333333334,9.806157,-8.567687,2.8250363,0.9949964,-0.006371704,0.008610842,-0.09933373,0.0560066,0.11416503,-0.08789459,0.4041439,-0.24331237,-0.019941816,0.07583052,0.09986151,-0.09040609,0.069229156,0.031933486,-9.202736,9.797547,-8.576639,2.3547716,9.80595,-8.536935,2.356241,0.04061034,1.646504,1.0815663,1.2414467,0.1746121346950531,0.1298346221446991,0.044777512550354004,0.32842397689819336,0.3217276334762573,0.006696343421936035,-0.9197798,1.8395847,-4.424042,2.8991039,-0.9197798,1.8395847,-4.424042,2.8991039,-0.9197798,1.0,-1.0,1.0,1.3454140424728394,0.4,-0.4,0.4
14.35,9.807483,-8.565988,2.8254554,0.99482423,-0.005573594,0.009384821,-0.101022966,0.05738889,0.115902044,0.06377361,-0.017924793,0.21864069,-0.26326752,0.080754235,0.102574244,0.06124638,0.29542294,0.16276403,9.099148,9.799009,-8.573818,2.35454,9.80595,-8.536935,2.356241,0.037569273,1.5331038,1.0627297,1.1049945,0.1746121346950531,0.13515886664390564,0.03945326805114746,0.32842397689819336,0.32013508677482605,0.00828889012336731,1.6072166,-4.489981,0.82147,-1.1969714,1.6072166,-4.489981,0.82147,-1.1969714,1.0,-1.0,0.82147,-1.0,33.54301452636719,-0.4,0.328588,-0.4
14.366666666666667,9.808843,-8.564274,2.8244421,0.99478024,-0.0032282723,0.0075865695,-0.10170627,0.060635522,0.11816317,-0.099691354,0.4094638,-0.32050008,-0.01979673,0.08170851,0.10295703,-0.101494506,0.057256665,0.022967307,-9.764453,9.80052,-8.570952,2.3541763,9.80595,-8.536935,2.356241,0.03451007,1.4241167,1.0458945,0.96654713,0.1746121346950531,0.11729063093662262,0.05732150375843048,0.32842397689819336,0.31568774580955505,0.012736231088638306,-0.9791641,1.2080821,-4.2617416,3.2207804,-0.9791641,1.2080821,-4.2617416,3.2207804,-0.9791641,1.0,-1.0,1.0,0.3494490683078766,0.4,-0.4,0.4
14.383333333333333,9.81025,-8.562548,2.8246777,0.9946907,-0.002377573,0.0083226925,-0.10254467,0.061775833,0.11866252,0.052067153,-0.012190927,0.2381427,-0.12698133,0.08555806,0.103718266,0.050302844,0.2309726,0.045673992,9.107841,9.802073,-8.5680485,2.3537714,9.80595,-8.536935,2.356241,0.03145143,1.3171431,1.0272937,0.82433826,0.1746121346950531,0.1311662197113037,0.04344591498374939,0.32842397689819336,0.3134150803089142,0.015008896589279175,1.7491119,-4.671799,1.6060756,-0.43953216,1.7491119,-4.671799,1.6060756,-0.43953216,1.0,-1.0,1.0,-0.43953216,33.54301452636719,-0.4,0.4,-0.17581287
14.4,9.811694,-8.560822,2.8237877,0.99474883,-0.0023391747,0.0069284616,-0.102083735,0.06511025,0.11956054,-0.08662629,0.032539245,-0.30107757,0.11624957,0.08678983,0.10356103,-0.08820895,0.073906474,-0.009434222,-8.310707,9.803679,-8.565108,2.353409,9.80595,-8.536935,2.356241,0.02840632,1.2164984,1.0093992,0.6789563,0.1746121346950531,0.11845746636390686,0.05615466833114624,0.32842397689819336,0.3123636543750763,0.016060322523117065,-0.8250547,0.106228694,-4.102078,1.0637037,-0.8250547,0.106228694,-4.102078,1.0637037,-0.8250547,0.106228694,-1.0,1.0,2.934096336364746,0.042491477,-0.4,0.4
14.416666666666666,9.813187,-8.559083,2.8242419,0.9946906,-0.0027250806,0.007095904,-0.10262947,0.06635135,0.12047892,0.065107316,-0.07463749,0.12080209,-0.12693994,0.090495855,0.10464784,0.063371636,0.22236137,0.065208524,9.094834,9.805331,-8.562142,2.3532093,9.80595,-8.536935,2.356241,0.025396721,1.1218752,0.98926806,0.5291055,0.1746121346950531,0.1264292299747467,0.048182904720306396,0.32842397689819336,0.2974030673503876,0.031020909547805786,1.2531008,-0.2660048,0.7438139,-2.6103196,1.2531008,-0.2660048,0.7438139,-2.6103196,1.0,-0.2660048,0.7438139,-1.0,33.54301452636719,-0.10640192,0.29752555,-0.4
14.433333333333334,9.814708,-8.557333,2.8235157,0.9947555,-0.0009246411,0.0045459406,-0.102176376,0.06912748,0.12177301,-0.078410186,0.35300368,-0.4169249,0.116472855,0.09171038,0.10510589,-0.07935609,0.07287159,0.027483253,-8.5636635,9.807028,-8.559155,2.3530495,9.80595,-8.536935,2.356241,0.022474483,1.0405427,0.969608,0.37761033,0.1746121346950531,0.13106542825698853,0.043546706438064575,0.32842397689819336,0.3128204345703125,0.01560354232788086,-0.8520883,1.3999184,-3.4575295,1.2889855,-0.8520883,1.3999184,-3.4575295,1.2889855,-0.8520883,1.0,-1.0,1.0,2.4807026386260986,0.4,-0.4,0.4
14.45,9.816258,-8.555585,2.8241181,0.99469906,-0.0006166206,0.0045377673,-0.10272641,0.06931969,0.121550284,0.07317654,-0.06832916,0.14251254,-0.12709184,0.093363464,0.10483955,0.07229405,0.09918495,-0.015980601,9.099008,9.808773,-8.556157,2.3530195,9.80595,-8.536935,2.356241,0.019693704,0.9742695,0.9479466,0.22494078,0.1746121346950531,0.12483645975589752,0.04977567493915558,0.32842397689819336,0.3110429048538208,0.01738107204437256,1.4345833,-4.24062,2.7301807,-1.8227059,1.4345833,-4.24062,2.7301807,-1.8227059,1.0,-1.0,1.0,-1.0,33.54301452636719,-0.4,0.4,-0.4
14.466666666666667,9.817828,-8.553834,2.8235722,0.9947536,0.0007790605,0.0022090115,-0.102272965,0.071394056,0.12205348,-0.06778977,0.28306085,-0.3954504,0.11628387,0.094447695,0.10510923,-0.06798015,0.06505385,0.016180873,-8.416451,9.810563,-8.553152,2.3530428,9.80595,-8.536935,2.356241,0.017161172,0.92662627,0.9239309,0.07062488,0.1746121346950531,0.14015443623065948,0.034457698464393616,0.32842397689819336,0.3166052997112274,0.011818677186965942,-0.83652973,0.8218798,-3.1986084,1.6829649,-0.83652973,0.8218798,-3.1986084,1.6829649,-0.83652973,0.8218798,-1.0,1.0,2.741642713546753,0.32875192,-0.4,0.4
14.483333333333333,9.8194065,-8.552094,2.8243644,0.9946966,0.0005270424,0.0024390938,-0.10282234,0.070835836,0.12121987,0.08394227,-0.13825154,0.16402395,-0.1272916,0.09453173,0.104036935,0.083656125,0.0050421054,-0.0643377,9.098176,9.8124,-8.550148,2.353214,9.80595,-8.536935,2.356241,0.015011618,0.9006776,0.8967369,-0.08416133,0.1746121346950531,0.13335245847702026,0.04125967621803284,0.32842397689819336,0.320394366979599,0.00802960991859436,1.2202107,-3.8130798,3.0930285,-1.3486936,1.2202107,-3.8130798,3.0930285,-1.3486936,1.0,-1.0,1.0,-1.0,33.54301452636719,-0.4,0.4,-0.4
14.5,9.820995,-8.550355,2.8241558,0.9947447,0.0018375836,0.00030549668,-0.102368854,0.072359316,0.1214933,-0.045209717,0.28973582,-0.37284455,0.11611988,0.09557595,0.1043775,-0.044844043,0.06265327,0.02043396,-7.7100096,9.814277,-8.547154,2.3535295,9.80595,-8.536935,2.356241,0.013458203,0.8975828,0.86483425,-0.24024294,0.1746121346950531,0.15054146945476532,0.02407066524028778,0.32842397689819336,0.3183572292327881,0.010066747665405273,-0.7619127,1.5635122,-2.8383756,2.0979133,-0.7619127,1.5635122,-2.8383756,2.0979133,-0.7619127,1.0,-1.0,1.0,3.9930827617645264,0.4,-0.4,0.4
14.516666666666666,9.822576,-8.5486355,2.825187,0.9947167,0.0016595187,0.0007130063,-0.10264188,0.07124528,0.12022166,0.09481915,-0.13171065,0.18593398,-0.08279124,0.09439567,0.10281286,0.095072515,-0.07081702,-0.09387865,8.394993,9.816196,-8.54418,2.3540041,9.80595,-8.536935,2.356241,0.012746788,0.91856384,0.8292826,-0.3950315,0.1746121346950531,0.14427600800991058,0.030336126685142517,0.32842397689819336,0.30993106961250305,0.018492907285690308,0.9262477,-3.7670288,3.5997572,-0.81607664,0.9262477,-3.7670288,3.5997572,-0.81607664,0.9262477,-1.0,1.0,-0.81607664,32.30607604980469,-0.4,0.4,-0.32643065
14.533333333333333,9.82416,-8.546919,2.8251336,0.9947974,0.0030424409,-0.0012470727,-0.10181933,0.0723755,0.12004488,-0.037108734,0.2962314,-0.35118812,0.16063195,0.09530737,0.10310649,-0.03621605,0.054702308,0.01761809,-7.877313,9.818151,-8.541228,2.3545148,9.80595,-8.536935,2.356241,0.013049336,0.9604129,0.78737426,-0.5499407,0.1746121346950531,0.13689115643501282,0.03772097826004028,0.32842397689819336,0.30991047620773315,0.018513500690460205,-0.780211,1.3089284,-2.417088,1.7975291,-0.780211,1.3089284,-2.417088,1.7975291,-0.780211,1.0,-1.0,1.0,3.6861932277679443,0.4,-0.4,0.4
14.549999999999999,9.825721,-8.545226,2.82617,0.9947797,0.0029355702,-0.0006686867,-0.10200085,0.07080711,0.118369766,0.092039265,-0.12533575,0.20709217,-0.08303698,0.09317721,0.10101,0.09279688,-0.12780994,-0.12578934,7.740775,9.82014,-8.538308,2.355061,9.80595,-8.536935,2.356241,0.0143047655,1.0214126,0.7415818,-0.70238185,0.1746121346950531,0.14039494097232819,0.034217193722724915,0.32842397689819336,0.31431612372398376,0.014107853174209595,0.8568659,-3.7378426,3.9383013,-1.0012223,0.8568659,-3.7378426,3.9383013,-1.0012223,0.8568659,-1.0,1.0,-1.0,31.142438888549805,-0.4,0.4,-0.4
14.566666666666666,9.827282,-8.543543,2.8263972,0.9948554,0.0043931263,-0.0024495195,-0.10118012,0.07159034,0.11780594,-0.01454008,0.3030441,-0.32847345,0.16036378,0.093921535,0.10109518,-0.013165926,0.04465967,0.005110502,-6.357768,9.822163,-8.535429,2.3557389,9.80595,-8.536935,2.356241,0.016289987,1.0970999,0.68884444,-0.8538862,0.1746121346950531,0.1456083357334137,0.029003798961639404,0.32842397689819336,0.3184083104133606,0.010015666484832764,-0.62009907,1.2519323,-2.067389,2.2874508,-0.62009907,1.2519323,-2.067389,2.2874508,-0.62009907,1.0,-1.0,1.0,6.371511459350586,0.4,-0.4,0.4
14.583333333333334,9.828815,-8.541887,2.8271325,0.9949225,0.0043520173,-0.0017133133,-0.10053515,0.069928005,0.11551795,0.060128298,-0.119288,0.2263219,0.049878586,0.09136399,0.09868834,0.061343037,-0.15345274,-0.14441012,4.4705377,9.824215,-8.532589,2.3562384,9.80595,-8.536935,2.356241,0.01877468,1.184181,0.63186985,-1.0015115,0.1746121346950531,0.1412658542394638,0.033346280455589294,0.32842397689819336,0.31458765268325806,0.013836324214935303,0.5122843,-3.6213741,4.0463705,-0.45216405,0.5122843,-3.6213741,4.0463705,-0.45216405,0.5122843,-1.0,1.0,-0.45216405,25.3632869720459,-0.4,0.4,-0.18086563
14.6,9.830344,-8.540248,2.8274662,0.99503464,0.005882961,-0.0033223564,-0.099298686,0.07054556,0.11451046,0.003645348,0.30962476,-0.3061606,0.18280852,0.09174853,0.09826071,0.005445208,0.02307236,-0.02565801,-3.3538694,9.826296,-8.529803,2.3568187,9.80595,-8.536935,2.356241,0.021567108,1.2805157,0.5678332,-1.1477307,0.1746121346950531,0.1312558948993683,0.043356239795684814,0.32842397689819336,0.3163101077079773,0.012113869190216064,-0.30509216,1.0343453,-1.7893567,0.545768,-0.30509216,1.0343453,-1.7893567,0.545768,-0.30509216,1.0,-1.0,0.545768,11.654651641845703,0.4,-0.4,0.21830721
14.616666666666667,9.8318405,-8.538644,2.8279786,0.9951482,0.0059056208,-0.0024262273,-0.0981801,0.068811215,0.11165597,0.036076937,-0.113387145,0.24606073,0.11808279,0.089082986,0.09564055,0.037692074,-0.15993251,-0.15720962,1.9348118,9.828399,-8.527074,2.3572555,9.80595,-8.536935,2.356241,0.024539871,1.3826921,0.4996772,-1.2892479,0.1746121346950531,0.14185726642608643,0.032754868268966675,0.32842397689819336,0.3179055452346802,0.010518431663513184,0.24648018,-3.4971457,3.9635112,-0.2637335,0.24648018,-3.4971457,3.9635112,-0.2637335,0.24648018,-1.0,1.0,-0.2637335,20.905351638793945,-0.4,0.4,-0.105493404
14.633333333333333,9.833324,-8.537065,2.8283367,0.9952193,0.0073668277,-0.003846945,-0.097310506,0.06918297,0.11024487,0.012905981,0.29302236,-0.2844789,0.10106874,0.0891005,0.09456142,0.015033835,0.0010509789,-0.06474763,-1.3594943,9.830521,-8.52441,2.3577287,9.80595,-8.536935,2.356241,0.027618596,1.4900239,0.42481247,-1.4281826,0.1746121346950531,0.13123102486133575,0.043381109833717346,0.32842397689819336,0.31080928444862366,0.017614692449569702,-0.09603704,0.9468972,-1.666022,-0.0709492,-0.09603704,0.9468972,-1.666022,-0.0709492,-0.09603704,0.9468972,-1.0,-0.0709492,15.160821914672852,0.37875888,-0.4,-0.028379679
14.65,9.834777,-8.535524,2.8286471,0.9954509,0.00725749,-0.0027818072,-0.094957314,0.06761508,0.106615126,0.016656779,-0.13038011,0.26568553,0.34346378,0.086430825,0.09166394,0.018532848,-0.16018061,-0.1738487,0.20994079,9.832661,-8.521812,2.3580728,9.80595,-8.536935,2.356241,0.030748887,1.5999371,0.3460639,-1.5620623,0.1746121346950531,0.13493719696998596,0.03967493772506714,0.32842397689819336,0.32651594281196594,0.001908034086227417,0.06564396,-3.141078,3.7446432,1.4308041,0.06564396,-3.141078,3.7446432,1.4308041,0.06564396,-1.0,1.0,1.0,17.872453689575195,-0.4,0.4,0.4
14.666666666666666,9.836218,-8.534015,2.8287733,0.99556124,0.008734188,-0.0040374277,-0.09362239,0.06800617,0.10480862,0.00046286354,0.2982017,-0.2645209,0.10064449,0.08633768,0.09026553,0.0028002048,-0.005588829,-0.083904855,-0.94395846,9.834814,-8.51929,2.3583016,9.80595,-8.536935,2.356241,0.033892673,1.7126874,0.26119518,-1.6926533,0.1746121346950531,0.1346571147441864,0.0399550199508667,0.32842397689819336,0.32442766427993774,0.003996312618255615,-0.05342562,1.0462934,-1.7952323,-2.2861798,-0.05342562,1.0462934,-1.7952323,-2.2861798,-0.05342562,1.0,-1.0,-1.0,15.875479698181152,0.4,-0.4,-0.4
14.683333333333334,9.837622,-8.5325575,2.8291883,0.99578446,0.008682155,-0.002804565,-0.091268554,0.06635909,0.10074668,0.028720332,-0.12484947,0.28724277,0.34303087,0.08335415,0.086505994,0.030774629,-0.17901151,-0.22557198,1.6784652,9.836977,-8.516852,2.3586147,9.80595,-8.536935,2.356241,0.037035186,1.8259574,0.1732666,-1.817718,0.1746121346950531,0.12961098551750183,0.04500114917755127,0.32842397689819336,0.32636627554893494,0.002057701349258423,0.22130616,-2.9958353,3.5813723,1.9417496,0.22130616,-2.9958353,3.5813723,1.9417496,0.22130616,-1.0,1.0,1.0,20.48314666748047,-0.4,0.4,0.4
14.7,9.839014,-8.531132,2.8290284,0.99588734,0.010219438,-0.0038971752,-0.08993678,0.06674979,0.098401845,-0.026301673,0.30299383,-0.24548519,0.100243755,0.0835397,0.08534388,-0.023828017,0.011132955,-0.069726706,-3.2761586,9.839144,-8.514498,2.3587296,9.80595,-8.536935,2.356241,0.04014263,1.9404191,0.0795707,-1.938787,0.1746121346950531,0.13410887122154236,0.04050326347351074,0.32842397689819336,0.3190280497074127,0.00939592719078064,-0.2987921,1.0902854,-1.9817286,-1.6282736,-0.2987921,1.0902854,-1.9817286,-1.6282736,-0.2987921,1.0,-1.0,-1.0,11.760313034057617,0.4,-0.4,-0.4
14.716666666666667,9.8403635,-8.529779,2.8297842,0.9961017,0.010226045,-0.0024892506,-0.087581314,0.06505777,0.09387215,0.06431389,-0.11901952,0.31025717,0.34261295,0.07999879,0.07977567,0.06645906,-0.21245463,-0.3340928,5.4172244,9.841311,-8.512247,2.359107,9.80595,-8.536935,2.356241,0.04322176,2.053567,-0.016008303,-2.0535045,0.1746121346950531,0.12582504749298096,0.048787087202072144,0.32842397689819336,0.3278755843639374,0.0005483925342559814,0.6150509,-2.8676243,3.349452,2.5138364,0.6150509,-2.8676243,3.349452,2.5138364,0.6150509,-1.0,1.0,1.0,27.086837768554688,-0.4,0.4,0.4
14.733333333333333,9.841708,-8.528449,2.8292065,0.9962014,0.011820455,-0.0034232517,-0.08620536,0.06554976,0.09087976,-0.07106495,0.3073461,-0.2276121,0.10751941,0.08080528,0.079871505,-0.06853597,0.048389282,0.0057502086,-8.099701,9.843475,-8.510082,2.3591557,9.80595,-8.536935,2.356241,0.04623523,2.1676204,-0.11700193,-2.1644604,0.1746121346950531,0.13230326771736145,0.04230886697769165,0.32842397689819336,0.3079051375389099,0.020518839359283447,-0.8060163,1.0568606,-2.2737474,-0.96856475,-0.8060163,1.0568606,-2.2737474,-0.96856475,-0.8060163,1.0,-1.0,-0.96856475,3.2533986568450928,0.4,-0.4,-0.3874259
14.75,9.843007,-8.527216,2.8299887,0.9964113,0.011880273,-0.0018504879,-0.08378421,0.063996695,0.08584544,0.080841884,-0.11362686,0.33205944,0.34987152,0.0769683,0.07203893,0.082986146,-0.2302189,-0.46995428,9.091327,9.84563,-8.508028,2.359328,9.80595,-8.536935,2.356241,0.04918942,2.2779984,-0.21811363,-2.2675323,0.1746121346950531,0.12196354568004608,0.05264858901500702,0.32842397689819336,0.31349241733551025,0.014931559562683105,1.3635985,-2.7861443,3.0656009,3.1107976,1.3635985,-2.7861443,3.0656009,3.1107976,1.0,-1.0,1.0,1.0,33.54301452636719,-0.4,0.4,0.4
14.766666666666666,9.8443,-8.526009,2.8292968,0.99658185,0.013223523,-0.0026017139,-0.081504054,0.064860806,0.082079515,-0.08544506,0.2625067,-0.20804106,0.2503625,0.07795371,0.072634965,-0.08301934,0.059124824,0.03576189,-9.960329,9.847768,-8.506077,2.3593578,9.80595,-8.536935,2.356241,0.05206391,2.390975,-0.32369903,-2.3689618,0.1746121346950531,0.13223078846931458,0.042381346225738525,0.32842397689819336,0.31261348724365234,0.015810489654541016,-1.1060181,0.8840434,-2.733107,-0.410488,-1.1060181,0.8840434,-2.733107,-0.410488,-1.0,0.8840434,-1.0,-0.410488,0.0,0.35361737,-0.4,-0.16419521
14.783333333333333,9.845561,-8.524906,2.8298392,0.9968777,0.0129166655,-0.0008529869,-0.07789261,0.06383589,0.076483354,0.066755146,-0.15833132,0.35192522,0.49269056,0.07468941,0.06390445,0.0686927,-0.19585802,-0.52383095,9.102721,9.849893,-8.504235,2.3593183,9.80595,-8.536935,2.356241,0.054860473,2.4977965,-0.42799065,-2.4608557,0.1746121346950531,0.12487667798995972,0.049735456705093384,0.32842397689819336,0.3044271469116211,0.023996829986572266,1.545916,-2.5003433,2.0158985,2.008765,1.545916,-2.5003433,2.0158985,2.008765,1.0,-1.0,1.0,1.0,33.54301452636719,-0.4,0.4,0.4
14.799999999999999,9.84682,-8.52383,2.828909,0.9970631,0.014212458,-0.0014345909,-0.07524061,0.06508152,0.072474495,-0.09943621,0.26682732,-0.18837802,0.26228374,0.07571257,0.064653896,-0.09727896,0.061389502,0.044966783,-9.9583,9.851994,-8.502502,2.3591046,9.80595,-8.536935,2.356241,0.05756549,2.6075647,-0.5346379,-2.552167,0.1746121346950531,0.12145517766475677,0.053156957030296326,0.32842397689819336,0.3141401410102844,0.014283835887908936,-1.2257062,1.3633631,-3.6989036,-0.94901264,-1.2257062,1.3633631,-3.6989036,-0.94901264,-1.0,1.0,-1.0,-0.94901264,0.0,0.4,-0.4,-0.37960505
14.816666666666666,9.848051,-8.522871,2.829213,0.9973412,0.0138719585,-0.00049781136,-0.07153771,0.064739004,0.06659746,0.05258879,-0.15428208,0.21659417,0.50469106,0.07342196,0.055199962,0.054351825,-0.13743639,-0.567236,9.097847,9.854065,-8.50089,2.3588192,9.80595,-8.536935,2.356241,0.060174134,2.709672,-0.63857967,-2.633351,0.1746121346950531,0.12943704426288605,0.04517509043216705,0.32842397689819336,0.30730167031288147,0.02112230658531189,1.759835,-2.4189289,0.71326697,2.3751488,1.759835,-2.4189289,0.71326697,2.3751488,1.0,-1.0,0.71326697,1.0,33.54301452636719,-0.4,0.28530678,0.4
14.833333333333334,9.849286,-8.521941,2.828044,0.99757403,0.015132194,-0.0022144492,-0.067912295,0.06589121,0.06204298,-0.11372071,0.27201232,-0.32369086,0.4168866,0.0744213,0.05590906,-0.111620024,0.05996033,0.042545866,-9.95831,9.856105,-8.499394,2.3583596,9.80595,-8.536935,2.356241,0.06268385,2.813745,-0.74228805,-2.714069,0.1746121346950531,0.12306337058544159,0.05154876410961151,0.32842397689819336,0.31031689047813416,0.018107086420059204,-1.023217,1.4346994,-3.6363978,-0.3617977,-1.023217,1.4346994,-3.6363978,-0.3617977,-1.0,1.0,-1.0,-0.3617977,0.0,0.4,-0.4,-0.14471908
14.85,9.850491,-8.521135,2.828108,0.997904,0.014716533,-0.0029567438,-0.06294688,0.06541506,0.05569989,0.03804633,-0.14785044,-0.0030149603,0.65931016,0.07159325,0.045907274,0.039950725,-0.16968323,-0.60010713,9.094245,9.8581085,-8.498026,2.3578272,9.80595,-8.536935,2.356241,0.0650916,2.908392,-0.8416432,-2.7839503,0.1746121346950531,0.12299604713916779,0.051616087555885315,0.32842397689819336,0.30797356367111206,0.0204504132270813,1.9998795,-2.3739533,0.55636644,1.6096278,1.9998795,-2.3739533,0.55636644,1.6096278,1.0,-1.0,0.55636644,1.0,33.54301452636719,-0.4,0.22254658,0.4
14.866666666666667,9.851693,-8.520374,2.827166,0.99810815,0.015936319,-0.006486044,-0.059024915,0.06540993,0.05092356,-0.09138481,0.28086743,-0.54093015,0.41622564,0.07229341,0.045659512,-0.08894788,0.042009648,-0.0148656955,-7.733916,9.860068,-8.496795,2.3574026,9.80595,-8.536935,2.356241,0.067389585,3.0044158,-0.94029456,-2.8534822,0.1746121346950531,0.11967921257019043,0.05493292212486267,0.32842397689819336,0.3105958104133606,0.017828166484832764,-0.7646829,1.3085684,-2.7889328,-1.2362121,-0.7646829,1.3085684,-2.7889328,-1.2362121,-0.7646829,1.0,-1.0,-1.0,3.946622610092163,0.4,-0.4,-0.4
14.883333333333333,9.852824,-8.519743,2.827604,0.99838716,0.015570687,-0.007548783,-0.054070067,0.062900156,0.044257578,0.060145773,-0.1373033,0.019986046,0.6586052,0.06628523,0.035350587,0.062364098,-0.36049065,-0.61853546,9.078718,9.861977,-8.495712,2.3572176,9.80595,-8.536935,2.356241,0.06956449,3.0896616,-1.0337687,-2.9115856,0.1746121346950531,0.1256694793701172,0.04894265532493591,0.32842397689819336,0.31706503033638,0.011358946561813354,1.8986521,-2.1815746,2.6938982,2.4002597,1.8986521,-2.1815746,2.6938982,2.4002597,1.0,-1.0,1.0,1.0,33.54301452636719,-0.4,0.4,0.4
14.9,9.853939,-8.519147,2.826722,0.9985395,0.016896425,-0.010893068,-0.050145335,0.06130287,0.039125267,-0.09412521,0.29076743,-0.51951265,0.4155236,0.06709092,0.035817754,-0.09145644,0.04834145,0.028029976,-9.229232,9.863834,-8.494764,2.356997,9.80595,-8.536935,2.356241,0.071620576,3.1751127,-1.129718,-2.9673352,0.1746121346950531,0.12784318625926971,0.046768948435783386,0.32842397689819336,0.31572964787483215,0.012694329023361206,-0.9227992,1.1139611,-2.5641413,-1.0054493,-0.9227992,1.1139611,-2.5641413,-1.0054493,-0.9227992,1.0,-1.0,-1.0,1.2947733402252197,0.4,-0.4,-0.4
14.916666666666666,9.854947,-8.518686,2.82712,0.9987706,0.016607823,-0.011788334,-0.045192223,0.05715248,0.032135,0.057673093,-0.1276162,0.041570894,0.6578949,0.058346856,0.024952443,0.059985578,-0.52464384,-0.6519186,9.086521,9.865634,-8.493959,2.3568075,9.80595,-8.536935,2.356241,0.07354838,3.2491512,-1.2214319,-3.0108285,0.1746121346950531,0.1285380721092224,0.04607406258583069,0.32842397689819336,0.3111615478992462,0.017262428998947144,2.2842472,-2.2424347,2.8090954,2.8568456,2.2842472,-2.2424347,2.8090954,2.8568456,1.0,-1.0,1.0,1.0,33.54301452636719,-0.4,0.4,0.4
14.933333333333334,9.855921,-8.518277,2.826575,0.99888283,0.017763909,-0.014927464,-0.041166395,0.054199528,0.02670869,-0.06647435,0.25721776,-0.4962869,0.43105707,0.058253642,0.024392504,-0.063885055,-0.0055928524,-0.033596344,-7.4322376,9.867373,-8.493303,2.356776,9.80595,-8.536935,2.356241,0.07534468,3.3261538,-1.3191535,-3.0533807,0.1746121346950531,0.12146859616041183,0.053143538534641266,0.32842397689819336,0.3053373396396637,0.023086637258529663,-0.73269945,0.89810246,-2.2176151,-0.9329878,-0.73269945,0.89810246,-2.2176151,-0.9329878,-0.73269945,0.89810246,-1.0,-0.9329878,4.483033180236816,0.35924098,-0.4,-0.37319514
14.95,9.856753,-8.518017,2.8274293,0.9990787,0.017188666,-0.015627198,-0.0360846,0.048571624,0.019467553,0.085160665,-0.16128075,0.06464369,0.6734687,0.04704978,0.013048259,0.08721576,-0.67223173,-0.6806547,9.066049,9.8690405,-8.492812,2.3570244,9.80595,-8.536935,2.356241,0.0769923,3.3925,-1.4137001,-3.0839112,0.1746121346950531,0.12613746523857117,0.048474669456481934,0.32842397689819336,0.30902716517448425,0.019396811723709106,2.0040884,-2.1435828,3.0634346,2.6860044,2.0040884,-2.1435828,3.0634346,2.6860044,1.0,-1.0,1.0,1.0,33.54301452636719,-0.4,0.4,0.4
14.966666666666667,9.85755,-8.517789,2.8268085,0.9991458,0.018348927,-0.018583432,-0.03202339,0.044203624,0.013940644,-0.08096693,0.26622692,-0.47609925,0.43035644,0.048066884,0.013916245,-0.07873918,0.061026286,0.052079163,-9.957296,9.870639,-8.492455,2.357145,9.80595,-8.536935,2.356241,0.078510776,3.462331,-1.5167284,-3.112438,0.1746121346950531,0.13230891525745392,0.04230321943759918,0.32842397689819336,0.30472925305366516,0.023694723844528198,-1.2270283,1.238357,-1.4976536,-1.5694971,-1.2270283,1.238357,-1.4976536,-1.5694971,-1.0,1.0,-1.0,-1.0,0.0,0.4,-0.4,-0.4
14.983333333333333,9.858183,-8.517708,2.8274174,0.99929476,0.017839916,-0.01912374,-0.026943231,0.03715657,0.0066283494,0.071083784,-0.15246783,0.08500642,0.67275965,0.034642655,0.0021271135,0.07261413,-0.8054537,-0.7073478,9.081199,9.872164,-8.492243,2.3571908,11.32369,-8.552776,2.2693794,1.4554397,3.521079,-1.615758,-3.12847,0.1746121346950531,0.1273929476737976,0.04721918702125549,0.32842397689819336,0.31034526228904724,0.018078714609146118,2.4497523,-2.3137624,3.573217,2.5008116,2.4497523,-2.3137624,3.573217,2.5008116,1.0,-1.0,1.0,1.0,33.54301452636719,-0.4,0.4,0.4
15.0,9.858752,-8.51766,2.8265586,0.9994405,0.019266943,-0.015144615,-0.022760278,0.030990142,0.0009486531,-0.09395132,0.2743388,0.62641406,0.4296306,0.033912946,0.003072496,-0.09289032,-0.043782588,0.056722946,-9.930266,9.873618,-8.492165,2.3570592,11.32369,-8.552776,2.2693794,1.4539846,3.5870929,-1.7258617,-3.1446204,0.1746121346950531,0.1313568651676178,0.0432552695274353,0.32842397689819336,0.3054231107234955,0.023000866174697876,-7.8979917,1.8166445,9.530364,-2.944732,-7.8979917,1.8166445,9.530364,-2.944732,-1.0,1.0,1.0,-1.0,0.0,0.4,0.4,-0.4
15.016666666666666,9.859306,-8.517616,2.8229682,0.9995866,0.019013245,-0.006579601,-0.020539613,0.029747728,-0.005943152,-0.2565308,-0.1577475,1.167202,0.18612652,0.03305221,0.0025188033,-0.25618255,-0.051644143,-0.03322156,-9.797533,9.875064,-8.492103,2.3544552,11.32369,-8.552776,2.2693794,1.4523904,3.6441932,-1.8351476,-3.1483927,0.1746121346950531,0.1413758546113968,0.03323628008365631,0.32842397689819336,0.3066244125366211,0.021799564361572266,-5.7210116,-3.2856326,7.948333,-1.2606128,-5.7210116,-3.2856326,7.948333,-1.2606128,-1.0,-1.0,1.0,-1.0,0.0,-0.4,0.4,-0.4
15.033333333333333,9.859846,-8.517567,2.8166623,0.99961877,0.020600688,0.006439737,-0.017216425,0.037753865,-0.012985125,-0.4183495,0.26617965,1.708399,0.42908892,0.032188646,0.0030668997,-0.41900447,-0.051813792,0.032885782,-9.769315,9.876511,-8.492035,2.3490283,11.32369,-8.552776,2.2693794,1.4506422,3.7027745,-1.9452648,-3.1506324,0.1746121346950531,0.14150747656822205,0.033104658126831055,0.32842397689819336,0.30055707693099976,0.027866899967193604,-3.7066565,1.8608316,6.17835,1.5390645,-3.7066565,1.8608316,6.17835,1.5390645,-1.0,1.0,1.0,1.0,0.0,0.4,0.4,0.4
15.049999999999999,9.8603735,-8.517523,2.80764,0.9994099,0.020372083,0.023358323,-0.0147982845,0.058931235,-0.019872446,-0.5795456,-0.17247306,2.1442914,0.18591635,0.031525377,0.0024655294,-0.5820146,-0.039796155,-0.03608222,-9.780608,9.877965,-8.4919615,2.340757,11.32369,-8.552776,2.2693794,1.4487633,3.7647016,-2.0572734,-3.1528723,0.1746121346950531,0.14789631962776184,0.02671581506729126,0.32842397689819336,0.3065445125102997,0.021879464387893677,-1.558675,-7.798907,0.8073958,-3.1620123,-1.558675,-7.798907,0.8073958,-3.1620123,-1.0,-1.0,0.8073958,-1.0,0.0,-0.4,0.32295832,-0.4
15.066666666666666,9.861123,-8.51765,2.7998555,0.9990553,0.016497502,0.03797161,-0.01320888,0.08328037,-0.02306464,-0.42549095,-0.60133237,1.6197222,0.12779848,0.050276335,-0.010685064,-0.43112442,1.1250575,-0.78903556,9.0534115,9.879339,-8.492012,2.332039,11.32369,-8.552776,2.2693794,1.4469862,3.8314776,-2.1717637,-3.156527,0.1746121346950531,0.14899960160255432,0.02561253309249878,0.32842397689819336,0.3129214346408844,0.01550254225730896,2.4715915,-2.8808274,-5.9907002,-0.2330612,2.4715915,-2.8808274,-5.9907002,-0.2330612,1.0,-1.0,-1.0,-0.2330612,33.54301452636719,-0.4,-0.4,-0.09322448
15.083333333333334,9.862295,-8.517947,2.7945502,0.9986742,0.014385673,0.048186082,-0.010993053,0.10535611,-0.025976915,-0.2737166,-0.17188655,1.0964726,0.271784,0.07797789,-0.019972386,-0.28322437,1.662093,-0.5572393,8.874002,9.880519,-8.492334,2.3255186,11.32369,-8.552776,2.2693794,1.4455272,3.8834171,-2.24892,-3.1659577,0.1746121346950531,0.15556588768959045,0.019046247005462646,0.32842397689819336,0.31148776412010193,0.01693621277809143,1.4189998,4.2925625,-5.2608542,0.59732497,1.4189998,4.2925625,-5.2608542,0.59732497,1.0,1.0,-1.0,0.59732497,33.54301452636719,0.4,-0.4,0.23892999
15.1,9.863609,-8.518287,2.7877486,0.9984386,0.010513347,0.05394604,-0.009974742,0.12738483,-0.027666532,-0.4380958,-0.5784482,0.55274034,0.027900962,0.07893423,-0.02037891,-0.44974923,0.057380494,-0.024391448,-9.991491,9.881592,-8.492817,2.3191924,11.32369,-8.552776,2.2693794,1.4442039,3.881465,-2.2498624,-3.1628926,0.1746121346950531,0.1487807333469391,0.025831401348114014,0.32842397689819336,0.32475337386131287,0.003670603036880493,-1.2053807,-0.93949234,-4.2257,-2.819644,-1.2053807,-0.93949234,-4.2257,-2.819644,-1.0,-0.93949234,-1.0,-1.0,0.0,-0.37579694,-0.4,-0.4
15.116666666666667,9.865133,-8.518655,2.779971,0.99840486,0.008492916,0.05522509,-0.008098751,0.14774637,-0.028523112,-0.4593773,-0.14856242,0.019987086,0.2708726,0.095743604,-0.022564592,-0.4732801,1.0085624,-0.1311409,-1.4118521,9.882611,-8.493372,2.3115106,11.32369,-8.552776,2.2693794,1.4429182,3.8498063,-2.2200596,-3.1452098,0.1746121346950531,0.1551123559474945,0.019499778747558594,0.32842397689819336,0.3217492401599884,0.006674736738204956,-0.10474492,6.600274,-2.631621,2.0374596,-0.10474492,6.600274,-2.631621,2.0374596,-0.10474492,1.0,-1.0,1.0,15.014777183532715,0.4,-0.4,0.4
15.133333333333333,9.866817,-8.519033,2.7707784,0.99843293,0.00996732,0.05455915,-0.0074461987,0.16565728,-0.032134164,-0.5628547,0.28016415,-0.110568374,0.027999936,0.102901995,-0.022747165,-0.5780779,0.42950344,-0.010954364,-6.2878685,9.883573,-8.494013,2.3026462,11.32369,-8.552776,2.2693794,1.4417001,3.7951818,-2.1577463,-3.1221044,0.1746121346950531,0.16803766787052155,0.006574466824531555,0.32842397689819336,0.31202206015586853,0.01640191674232483,-0.6194187,2.7929635,-0.24891393,-2.7737556,-0.6194187,2.7929635,-0.24891393,-2.7737556,-0.6194187,1.0,-0.24891393,-1.0,6.382922172546387,0.4,-0.09956557,-0.4
15.15,9.868756,-8.519464,2.761138,0.99836624,0.009738525,0.055983696,-0.005979951,0.1852268,-0.036045562,-0.56197697,-0.14429186,0.26706257,0.2205005,0.12082795,-0.026741803,-0.57975155,1.0755572,-0.23967828,-0.10041832,9.884474,-8.494748,2.2928417,11.32369,-8.552776,2.2693794,1.440577,3.718159,-2.068463,-3.089687,0.1746121346950531,0.17240497469902039,0.002207159996032715,0.32842397689819336,0.3132326006889343,0.015191376209259033,0.034585763,-3.7992902,0.680578,0.79388595,0.034585763,-3.7992902,0.680578,0.79388595,0.034585763,-1.0,0.680578,0.79388595,17.3515625,-0.4,0.2722312,0.31755438
15.166666666666666,9.870783,-8.5199,2.749414,0.9984167,0.011210299,0.05481866,-0.005754008,0.20287982,-0.0405442,-0.7260766,0.28224146,-0.27377433,-0.022248918,0.12174598,-0.025901673,-0.74464643,0.05508184,0.050407756,-9.893692,9.88533,-8.495557,2.281648,11.32369,-8.552776,2.2693794,1.43955,3.6165361,-1.9403182,-3.0519664,0.1746121346950531,0.15432555973529816,0.020286574959754944,0.32842397689819336,0.3022732138633728,0.026150763034820557,-2.7418141,1.7287928,-1.8700571,-3.0858507,-2.7418141,1.7287928,-1.8700571,-3.0858507,-1.0,1.0,-1.0,-1.0,0.0,0.4,-0.4,-0.4
15.183333333333334,9.872964,-8.520373,2.7364025,0.9983637,0.010984773,0.05594496,-0.004395855,0.22203366,-0.04492684,-0.7727893,-0.14282537,0.2738893,0.22033107,0.13393447,-0.029260078,-0.7935528,0.7313092,-0.20150429,-2.934383,9.886155,-8.496411,2.2686973,11.32369,-8.552776,2.2693794,1.4386401,3.5015652,-1.7958137,-3.005996,0.1746121346950531,0.17263217270374298,0.0019799619913101196,0.32842397689819336,0.3047107756137848,0.02371320128440857,-0.27043253,-4.2999296,1.4912745,1.5318066,-0.27043253,-4.2999296,1.4912745,1.5318066,-0.27043253,-1.0,1.0,1.0,12.235945701599121,-0.4,0.4,0.4
15.2,9.875204,-8.520853,2.7211196,0.9984191,0.01160626,0.054840747,-0.0041247164,0.23921911,-0.04914065,-0.9366065,0.1451932,-0.26724237,-0.02251211,0.13482843,-0.028661162,-0.9580565,0.053637918,0.035935003,-9.870221,9.886952,-8.4973135,2.2538977,11.32369,-8.552776,2.2693794,1.4378915,3.3773267,-1.6283576,-2.958849,0.1746121346950531,0.15663616359233856,0.01797597110271454,0.32842397689819336,0.3093525767326355,0.01907140016555786,-2.1138318,0.6763606,-2.1196365,-3.4329805,-2.1138318,0.6763606,-2.1196365,-3.4329805,-1.0,0.6763606,-1.0,-1.0,0.0,0.27054426,-0.4,-0.4
15.216666666666667,9.877888,-8.521431,2.707057,0.9983856,0.0102620525,0.055799194,-0.0027101936,0.25897646,-0.051724102,-0.7831752,-0.2758925,0.24374807,0.21974309,0.16980441,-0.036532454,-0.80804664,2.0985584,-0.47227752,9.000592,9.887692,-8.498338,2.2388008,11.32369,-8.552776,2.2693794,1.4373548,3.2483249,-1.4502009,-2.9066358,0.1746121346950531,0.14540722966194153,0.029204905033111572,0.32842397689819336,0.3127652406692505,0.01565873622894287,1.8128278,-2.9485974,0.91045463,1.0874568,1.8128278,-2.9485974,0.91045463,1.0874568,1.0,-1.0,0.91045463,1.0,33.54301452636719,-0.4,0.36418185,0.4
15.233333333333333,9.880731,-8.522029,2.6915123,0.9984571,0.010642734,0.05444447,-0.0024309915,0.27580968,-0.055044208,-0.94889945,0.15067147,-0.29758936,-0.02293161,0.17072418,-0.035632584,-0.97421485,0.055186447,0.053992193,-9.970092,9.888382,-8.49949,2.2235377,11.32369,-8.552776,2.2693794,1.4370286,3.0976813,-1.210247,-2.8514788,0.1746121346950531,0.15421949326992035,0.02039264142513275,0.32842397689819336,0.30603018403053284,0.022393792867660522,-3.00802,1.8967546,-3.0190773,-3.8085568,-3.00802,1.8967546,-3.0190773,-3.8085568,-1.0,1.0,-1.0,-1.0,0.0,0.4,-0.4,-0.4
15.25,9.883925,-8.522695,2.6762924,0.9987674,0.009209412,0.048689764,-0.0028612397,0.28485554,-0.05616902,-0.870201,-0.27399784,-0.82456243,-0.063412726,0.19853942,-0.041280396,-0.894665,1.6689142,-0.3388687,4.7729907,9.889033,-8.500743,2.2077012,11.32369,-8.552776,2.2693794,1.4369247,2.938886,-0.94441485,-2.7830076,0.1746121346950531,0.1527930200099945,0.021819114685058594,0.32842397689819336,0.306619256734848,0.021804720163345337,0.5545722,-3.8562698,-1.4942474,-0.16537511,0.5545722,-3.8562698,-1.4942474,-0.16537511,0.5545722,-1.0,-1.0,-0.16537511,26.072519302368164,-0.4,-0.4,-0.06615005
15.266666666666666,9.887491,-8.523424,2.6620417,0.99892527,0.00966828,0.04528764,-0.0019244188,0.29460344,-0.05951585,-0.81927156,0.15914328,-0.26877686,0.17913508,0.21901636,-0.044411287,-0.8435631,1.2286161,-0.18785341,3.0661151,9.889644,-8.502171,2.1927848,11.32369,-8.552776,2.2693794,1.4369822,2.7827737,-0.6304573,-2.7104158,0.1746121346950531,0.14751607179641724,0.027096062898635864,0.32842397689819336,0.3115028738975525,0.01692110300064087,0.37763354,4.3803086,3.5651364,0.9970217,0.37763354,4.3803086,3.5651364,0.9970217,0.37763354,1.0,1.0,0.9970217,23.104991912841797,0.4,0.4,0.3988087
15.283333333333333,9.891152,-8.524172,2.6459105,0.99917626,0.008307231,0.03967096,-0.0019469565,0.29937297,-0.06050204,-0.9877649,-0.26942948,-0.81053406,-0.06416709,0.21987846,-0.044910435,-1.0092574,0.051726397,-0.029948873,-9.941661,9.890242,-8.503695,2.1771805,11.32369,-8.552776,2.2693794,1.4372491,2.637574,-0.26566815,-2.6241603,0.1746121346950531,0.15241791307926178,0.02219422161579132,0.32842397689819336,0.3256678283214569,0.00275614857673645,-1.9769734,-4.8315535,-2.1799364,-3.915164,-1.9769734,-4.8315535,-2.1799364,-3.915164,-1.0,-1.0,-1.0,-1.0,0.0,-0.4,-0.4,-0.4
15.299999999999999,9.8951235,-8.524975,2.631007,0.99929506,0.008758378,0.036434498,-0.002240235,0.30610704,-0.06279972,-0.8371776,0.1645047,-0.24899381,-0.018626245,0.2440416,-0.049173668,-0.8582175,1.4497885,-0.255794,9.062397,9.890845,-8.505327,2.1614523,11.32369,-8.552776,2.2693794,1.4376873,2.5307467,0.112411305,-2.5282488,0.1746121346950531,0.14955496788024902,0.025057166814804077,0.32842397689819336,0.332976758480072,0.004552781581878662,3.3373094,4.157167,4.627821,0.18540755,3.3373094,4.157167,4.627821,0.18540755,1.0,1.0,1.0,0.18540755,33.54301452636719,0.4,0.4,0.07416302
15.316666666666666,9.899436,-8.525857,2.6178675,0.99948126,0.007403717,0.031095281,-0.0039163977,0.31120273,-0.06293384,-0.7484256,-0.26063025,-0.7749739,-0.26232627,0.26359224,-0.053959236,-0.7671742,1.1730381,-0.28713402,5.4625974,9.891482,-8.507154,2.147548,11.32369,-8.552776,2.2693794,1.4381044,2.4825554,0.528046,-2.4257472,0.1746121346950531,0.15590819716453552,0.018703937530517578,0.32842397689819336,0.33455708622932434,0.0061331093311309814,0.6376411,-5.473644,-1.8807178,-1.7763993,0.6376411,-5.473644,-1.8807178,-1.7763993,0.6376411,-1.0,-1.0,-1.0,27.465709686279297,-0.4,-0.4,-0.4
15.333333333333334,9.904063,-8.526807,2.6069765,0.99956155,0.007902509,0.028157042,-0.00461406,0.31687084,-0.06457143,-0.6001625,0.17211802,-0.21312849,-0.018575333,0.28199154,-0.057705082,-0.61799884,1.1039579,-0.22475077,8.9505205,9.892196,-8.509176,2.1357875,11.32369,-8.552776,2.2693794,1.4383758,2.5090387,0.9817336,-2.3089986,0.1746121346950531,0.1226370558142662,0.051975078880786896,0.32842397689819336,0.3205452263355255,0.007878750562667847,1.5580026,3.240838,3.62254,2.923323,1.5580026,3.240838,3.62254,2.923323,1.0,1.0,1.0,1.0,33.54301452636719,0.4,0.4,0.4
15.35,9.90877,-8.527776,2.5945966,0.9996936,0.0065823556,0.023017105,-0.0062960912,0.31934303,-0.06464569,-0.7698109,-0.25795498,-0.7548874,-0.26244956,0.282783,-0.058203842,-0.78448325,0.047487613,-0.029925628,-9.989064,9.892973,-8.5113125,2.1242132,11.32369,-8.552776,2.2693794,1.4386607,2.6236515,1.4649192,-2.1765933,0.1746121346950531,0.150541290640831,0.024070844054222107,0.32842397689819336,0.33347979187965393,0.005055814981460571,-1.3557673,-5.675262,-2.15352,-2.161461,-1.3557673,-5.675262,-2.15352,-2.161461,-1.0,-1.0,-1.0,-1.0,0.0,-0.4,-0.4,-0.4
15.366666666666667,9.913651,-8.528789,2.5834467,0.9997453,0.0071041966,0.020244325,-0.0069870884,0.32208264,-0.06613759,-0.6194377,0.17501539,-0.19303532,-0.01855546,0.2958319,-0.061557293,-0.63285756,0.7829332,-0.20120701,9.097541,9.893841,-8.51354,2.1126244,11.32369,-8.552776,2.2693794,1.4389515,2.8166647,1.9500935,-2.032421,0.1746121346950531,0.13383810222148895,0.04077403247356415,0.32842397689819336,0.3196552097797394,0.00876876711845398,4.6153197,3.6692595,5.587672,2.7760332,4.6153197,3.6692595,5.587672,2.7760332,1.0,1.0,1.0,1.0,33.54301452636719,0.4,0.4,0.4
15.383333333333333,9.918737,-8.529877,2.5747921,0.9997352,0.0058929157,0.020495817,-0.008635347,0.32862133,-0.06652459,-0.47000793,-0.24707772,0.10093943,-0.26159966,0.30791807,-0.06640034,-0.4838413,0.7251709,-0.2905829,8.940975,9.894914,-8.515937,2.1032877,11.32369,-8.552776,2.2693794,1.43887,3.086377,2.445893,-1.8823735,0.1746121346950531,0.12827923893928528,0.04633289575576782,0.32842397689819336,0.3091866075992584,0.019237369298934937,2.361038,-5.7647867,0.5086787,-2.180905,2.361038,-5.7647867,0.5086787,-2.180905,1.0,-1.0,0.5086787,-1.0,33.54301452636719,-0.4,0.20347147,-0.4
15.4,9.924036,-8.531023,2.568616,0.9997719,0.00651126,0.018080825,-0.009319004,0.3343057,-0.06752154,-0.32254994,0.18681218,-0.4204685,-0.01789048,0.32113284,-0.06934659,-0.33529487,0.79288596,-0.176775,8.912786,9.89624,-8.518491,2.096552,11.32369,-8.552776,2.2693794,1.4382833,3.4080915,2.9417584,-1.720798,0.1746121346950531,0.11774171888828278,0.056870415806770325,0.32842397689819336,0.2998615801334381,0.02856239676475525,2.5402489,1.370541,-2.6067653,2.198845,2.5402489,1.370541,-2.6067653,2.198845,1.0,1.0,-1.0,1.0,33.54301452636719,0.4,-0.4,0.4
15.416666666666666,9.929514,-8.532236,2.564921,0.99976134,0.0054013818,0.01810201,-0.010969089,0.33910853,-0.068485305,-0.17339444,-0.23514733,0.13970488,-0.2610004,0.33103368,-0.07389461,-0.18629749,0.5940502,-0.27288124,8.939842,9.897876,-8.521192,2.0924377,11.32369,-8.552776,2.2693794,1.4370989,3.765251,3.4327738,-1.5469902,0.1746121346950531,0.1295153945684433,0.0450967401266098,0.32842397689819336,0.3045056462287903,0.023918330669403076,2.5467794,-4.6030717,3.3359847,-1.9413356,2.5467794,-4.6030717,3.3359847,-1.9413356,1.0,-1.0,1.0,-1.0,33.54301452636719,-0.4,0.4,-0.4
15.433333333333334,9.935177,-8.533502,2.563705,0.9997853,0.0061196773,0.016007053,-0.01164538,0.34525055,-0.06901274,-0.025714638,0.19889727,-0.38166714,-0.01731369,0.34254006,-0.07663638,-0.03761802,0.69038266,-0.16450612,8.920768,9.899856,-8.524014,2.0909274,11.32369,-8.552776,2.2693794,1.4352623,4.1389656,3.9079962,-1.363306,0.1746121346950531,0.13884563744068146,0.03576649725437164,0.32842397689819336,0.2963488698005676,0.03207510709762573,2.7111263,1.8649992,-1.8618054,2.1779675,2.7111263,1.8649992,-1.8618054,2.1779675,1.0,1.0,-1.0,1.0,33.54301452636719,0.4,-0.4,0.4
15.45,9.940994,-8.534836,2.5649724,0.99976474,0.0051179114,0.016352138,-0.0132921375,0.34911108,-0.070524625,0.123749845,-0.22302108,0.17853275,-0.26039478,0.35094416,-0.08103643,0.1115239,0.50424635,-0.26400313,8.948514,9.902226,-8.526954,2.091999,11.32369,-8.552776,2.2693794,1.4327214,4.5181684,4.3637724,-1.1710417,0.1746121346950531,0.1256459355354309,0.04896619915962219,0.32842397689819336,0.2946418821811676,0.03378209471702576,2.7281935,-4.277166,4.140411,-1.8081065,2.7281935,-4.277166,4.140411,-1.8081065,1.0,-1.0,1.0,-1.0,33.54301452636719,-0.4,0.4,-0.4
15.466666666666667,9.946971,-8.536221,2.5687222,0.99976057,0.005956458,0.01576299,-0.013956375,0.35476032,-0.07054228,0.2726328,0.21143162,-0.1529771,-0.016784998,0.36101165,-0.08371018,0.2604284,0.6040495,-0.1604247,8.93427,9.905019,-8.52998,2.0956333,11.32369,-8.552776,2.2693794,1.4294531,4.888327,4.790532,-0.9729042,0.1746121346950531,0.1508147269487381,0.023797407746315002,0.32842397689819336,0.31104353070259094,0.017380446195602417,3.1950476,2.0247636,-0.6492915,2.4886959,3.1950476,2.0247636,-0.6492915,2.4886959,1.0,1.0,-0.6492915,1.0,33.54301452636719,0.4,-0.2597166,0.4
15.483333333333333,9.9530945,-8.537673,2.5749586,0.9997033,0.0050872825,0.018012349,-0.015588186,0.35688165,-0.0725653,0.42356303,-0.21021833,0.40694097,-0.25978252,0.3693887,-0.08812999,0.40965956,0.5026227,-0.26518866,8.95387,9.908273,-8.533085,2.1018114,11.32369,-8.552776,2.2693794,1.4254382,5.241961,5.185054,-0.77030504,0.1746121346950531,0.13558772206306458,0.039024412631988525,0.32842397689819336,0.3089753985404968,0.019448578357696533,2.7967966,-4.319426,3.1052866,-1.3925087,2.7967966,-4.319426,3.1052866,-1.3925087,1.0,-1.0,1.0,-1.0,33.54301452636719,-0.4,0.4,-0.4
15.5,9.959396,-8.539177,2.5836768,0.99968517,0.0060449163,0.018134959,-0.016248092,0.36298504,-0.072016686,0.57298464,0.22464713,-0.11443655,-0.016222103,0.38086233,-0.09094851,0.5585053,0.6884175,-0.16911103,8.930743,9.912015,-8.53624,2.1105154,11.32369,-8.552776,2.2693794,1.4206824,5.56966,5.5407953,-0.5663029,0.1746121346950531,0.15409046411514282,0.02052167057991028,0.32842397689819336,0.3191774785518646,0.009246498346328735,2.597632,1.3735198,-1.8702888,3.000273,2.597632,1.3735198,-1.8702888,3.000273,1.0,1.0,-1.0,1.0,33.54301452636719,0.4,-0.4,0.4
15.516666666666666,9.965869,-8.540751,2.59488,0.99962217,0.0053030946,0.020701736,-0.017286068,0.36396557,-0.07496656,0.7242916,-0.19695602,0.4454741,-0.16538315,0.39067292,-0.09561339,0.7077584,0.58863574,-0.27989298,8.955188,9.916277,-8.539435,2.1217294,11.32369,-8.552776,2.2693794,1.4152,5.8695016,5.858294,-0.36254337,0.1746121346950531,0.13609856367111206,0.03851357102394104,0.32842397689819336,0.32970738410949707,0.001283407211303711,2.0991359,-4.2466516,2.8347874,-0.6134198,2.0991359,-4.2466516,2.8347874,-0.6134198,1.0,-1.0,1.0,-0.6134198,33.54301452636719,-0.4,0.4,-0.24536791
15.533333333333333,9.972548,-8.542382,2.6085658,0.9996088,0.006388917,0.021136891,-0.017163983,0.37020272,-0.07438273,0.8740633,0.23755158,-0.075902164,0.07803001,0.40382513,-0.098734654,0.85658985,0.78913265,-0.18727584,8.929885,9.9210825,-8.542646,2.1354413,11.32369,-8.552776,2.2693794,1.4090248,6.1347933,6.1326423,-0.1624374,0.1746121346950531,0.13216012716293335,0.04245200753211975,0.32842397689819336,0.32074716687202454,0.007676810026168823,1.8369658,1.0757524,-1.5783125,2.591808,1.8369658,1.0757524,-1.5783125,2.591808,1.0,1.0,-1.0,1.0,33.54301452636719,0.4,-0.4,0.4
15.549999999999999,9.979425,-8.544091,2.6247377,0.9995327,0.0057624714,0.024023894,-0.018001035,0.36998945,-0.07786771,1.025747,-0.18421641,0.48427978,-0.16517189,0.415548,-0.103727125,1.0058194,0.7033717,-0.29954818,8.953774,9.926447,-8.545864,2.1516402,11.32369,-8.552776,2.2693794,1.4022124,6.3652873,6.3652034,0.03260515,0.1746121346950531,0.1321447789669037,0.042467355728149414,0.32842397689819336,0.32630252838134766,0.002121448516845703,1.5456222,-4.6324253,2.9960046,-2.1233172,1.5456222,-4.6324253,2.9960046,-2.1233172,1.0,-1.0,1.0,-1.0,33.54301452636719,-0.4,0.4,-0.4
15.566666666666666,9.986543,-8.545865,2.6433907,0.9995159,0.0058448957,0.02479888,-0.01785501,0.37633803,-0.0794188,1.1756747,0.07167662,-0.037340555,0.07799962,0.4308147,-0.10746405,1.1545557,0.9160029,-0.22421567,8.924174,9.932388,-8.549062,2.1703157,11.32369,-8.552776,2.2693794,1.3948294,6.5568514,6.553199,0.21881989,0.1746121346950531,0.12545330822467804,0.04915882647037506,0.32842397689819336,0.29313144087791443,0.03529253602027893,1.3387581,0.58244324,-1.4038563,3.0564387,1.3387581,0.58244324,-1.4038563,3.0564387,1.0,0.58244324,-1.0,1.0,33.54301452636719,0.2329773,-0.4,0.4
15.583333333333334,9.9938965,-8.54771,2.6643534,0.9994257,0.003840151,0.02802568,-0.018656014,0.37494588,-0.08653291,1.3136506,-0.3502862,0.522143,-0.16527696,0.44425178,-0.11182849,1.2899166,0.8062237,-0.2618663,8.121657,9.938915,-8.55223,2.1913552,11.32369,-8.552776,2.2693794,1.3869717,6.710919,6.69931,0.3945607,0.1746121346950531,0.1491754800081253,0.025436654686927795,0.32842397689819336,0.2949698269367218,0.03345414996147156,0.9122734,-2.7475147,2.9700074,-1.7328238,0.9122734,-2.7475147,2.9700074,-1.7328238,0.9122734,-1.0,1.0,-1.0,32.07170867919922,-0.4,0.4,-0.4
15.6,10.00149,-8.549597,2.6870747,0.99939835,0.003657654,0.029103454,-0.018504107,0.38153967,-0.087793455,1.410989,0.08345483,-0.002264433,0.077952184,0.45925516,-0.1135967,1.3857672,0.90020293,-0.106092535,5.7510347,9.945978,-8.555358,2.2143424,11.32369,-8.552776,2.2693794,1.3788136,6.8249097,6.802075,0.5578275,0.1746121346950531,0.12736646831035614,0.04724566638469696,0.32842397689819336,0.2873885929584503,0.04103538393974304,0.6636398,2.73916,-1.0795937,3.1023092,0.6636398,2.73916,-1.0795937,3.1023092,0.6636398,1.0,-1.0,1.0,27.90174674987793,0.4,-0.4,0.4
15.616666666666667,10.009175,-8.551503,2.7089026,0.99928284,0.0017243351,0.032526944,-0.019304894,0.38136846,-0.09393799,1.3117249,-0.34316504,0.542489,-0.16540493,0.46182665,-0.11470644,1.2839187,0.15428959,-0.0665845,-6.1109085,9.953371,-8.558452,2.2374272,11.32369,-8.552776,2.2693794,1.3707036,6.9047027,6.8679886,0.71109295,0.1746121346950531,0.1607685089111328,0.013843625783920288,0.32842397689819336,0.2769729793071747,0.05145099759101868,-0.597729,-2.5234509,3.05272,-1.2067819,-0.597729,-2.5234509,3.05272,-1.2067819,-0.597729,-1.0,1.0,-1.0,6.74669075012207,-0.4,0.4,-0.4
15.633333333333333,10.01694,-8.553413,2.7291448,0.999211,0.0016041099,0.034753602,-0.019155433,0.3870868,-0.094249025,1.2210077,0.08718861,0.17528017,0.07783748,0.4669761,-0.11449401,1.1909674,0.3089672,0.012745856,-5.5770774,9.960905,-8.561532,2.258959,11.32369,-8.552776,2.2693794,1.3628533,6.9574523,6.904388,0.85765326,0.1746121346950531,0.12777893245220184,0.04683320224285126,0.32842397689819336,0.2714506983757019,0.056973278522491455,-0.5493895,2.7991152,-0.68775904,3.2952492,-0.5493895,2.7991152,-0.68775904,3.2952492,-0.5493895,1.0,-0.68775904,1.0,7.557417392730713,0.4,-0.27510363,0.4
15.65,10.024755,-8.555333,2.7475662,0.99901664,-0.00027095366,0.039646946,-0.019839304,0.3870016,-0.098861106,1.1103724,-0.33971706,0.7189955,-0.1476953,0.46953475,-0.115277804,1.076438,0.1535189,-0.047027614,-6.871769,9.968536,-8.564598,2.2785988,11.32369,-8.552776,2.2693794,1.3552369,7.005129,6.933082,1.0021002,0.1746121346950531,0.1639297604560852,0.010682374238967896,0.32842397689819336,0.26520469784736633,0.06321927905082703,-0.6892469,-2.5326939,1.8116845,-0.92662394,-0.6892469,-2.5326939,1.8116845,-0.92662394,-0.6892469,-1.0,1.0,-0.92662394,5.211798191070557,-0.4,0.4,-0.37064958
15.666666666666666,10.032648,-8.557249,2.7641962,0.9989144,-0.00034759086,0.042281296,-0.01954768,0.39545706,-0.09845741,1.0079976,0.09038228,0.18184635,0.09550728,0.47505882,-0.11480376,0.9712254,0.3314441,0.02844259,-6.3127537,9.976252,-8.56765,2.2962422,11.32369,-8.552776,2.2693794,1.3477886,7.0492325,6.955849,1.1436101,0.1746121346950531,0.10944755375385284,0.06516458094120026,0.32842397689819336,0.27152958512306213,0.056894391775131226,-0.6275619,2.3694358,-3.031547,2.9948149,-0.6275619,2.3694358,-3.031547,2.9948149,-0.6275619,1.0,-1.0,1.0,6.246347904205322,0.4,-0.4,0.4
15.683333333333334,10.040635,-8.559169,2.7792237,0.9987362,-0.0022200935,0.045971744,-0.02019113,0.40221512,-0.101591624,0.9181992,-0.33638167,0.5245929,-0.14781877,0.48050857,-0.11544448,0.87804997,0.3269845,-0.038443204,-5.590524,9.984079,-8.570679,2.312058,11.32369,-8.552776,2.2693794,1.3404104,7.095143,6.9780245,1.2838321,0.1746121346950531,0.1307470202445984,0.04386511445045471,0.32842397689819336,0.27322202920913696,0.055201947689056396,-0.55226564,-2.419206,0.62609136,-1.0153437,-0.55226564,-2.419206,0.62609136,-1.0153437,-0.55226564,-1.0,0.62609136,-1.0,7.509180068969727,-0.4,0.25043654,-0.4
15.7,10.048708,-8.561085,2.7923865,0.9986947,-0.0023029125,0.046983577,-0.019901143,0.4163652,-0.100428276,0.8020329,0.093253165,-0.013344789,0.0954179,0.48556674,-0.11479906,0.7600978,0.30349013,0.038725283,-7.07713,9.992008,-8.573689,2.325994,11.32369,-8.552776,2.2693794,1.3330492,7.1406007,6.9978285,1.4207647,0.1746121346950531,0.11616133153438568,0.05845080316066742,0.32842397689819336,0.2701641619205475,0.058259814977645874,-0.70650566,2.4371543,-2.9261203,3.080189,-0.70650566,2.4371543,-2.9261203,3.080189,-0.70650566,1.0,-1.0,1.0,4.922342300415039,0.4,-0.4,0.4
15.716666666666667,10.0569105,-8.563002,2.8042886,0.99852103,-0.004135651,0.050324872,-0.020149507,0.4260248,-0.10251915,0.74358183,-0.3326858,0.5338721,-0.0846355,0.4942929,-0.115119435,0.6980998,0.5235708,-0.019222496,-3.7198803,10.000071,-8.576671,2.3383038,11.32369,-8.552776,2.2693794,1.3256285,7.1862025,7.0157366,1.5559392,0.1746121346950531,0.06839492172002792,0.10621721297502518,0.32842397689819336,0.2699967622756958,0.05842721462249756,-0.35387748,-2.4241254,1.0235616,-0.73930335,-0.35387748,-2.4241254,1.0235616,-0.73930335,-0.35387748,-1.0,1.0,-0.73930335,10.836448669433594,-0.4,0.4,-0.29572135
15.733333333333333,10.06524,-8.56491,2.814677,0.99848115,-0.004158591,0.05142157,-0.019337397,0.44170105,-0.10112137,0.64554423,0.096871935,-0.003163808,0.15858908,0.501566,-0.11421076,0.597863,0.43638465,0.054520365,-6.014206,10.008286,-8.579618,2.3491576,11.32369,-8.552776,2.2693794,1.3180944,7.2327485,7.03317,1.6873541,0.1746121346950531,0.06514748930931091,0.10946464538574219,0.32842397689819336,0.27944356203079224,0.04898041486740112,-0.5910731,2.049881,-4.2374945,2.342832,-0.5910731,2.049881,-4.2374945,2.342832,-0.5910731,1.0,-1.0,1.0,6.858320713043213,0.4,-0.4,0.4
15.75,10.073772,-8.566811,2.824304,0.99845034,-0.0060129594,0.05179376,-0.019442856,0.45795944,-0.10217523,0.6190901,-0.328851,0.055056456,-0.08477005,0.5154282,-0.1139696,0.5698981,0.8317315,0.014469623,-1.6778933,10.016695,-8.582515,2.3588636,11.32369,-8.552776,2.2693794,1.3103926,7.277433,7.0472836,1.8157159,0.1746121346950531,0.07282610237598419,0.10178603231906891,0.32842397689819336,0.29663723707199097,0.03178673982620239,-0.13283236,-2.3506565,0.09218009,-1.9414166,-0.13283236,-2.3506565,0.09218009,-1.9414166,-0.13283236,-1.0,0.09218009,-1.0,14.543708801269531,-0.4,0.036872037,-0.4
15.766666666666666,10.082442,-8.568696,2.8324258,0.9986115,-0.00608437,0.048905,-0.0186076,0.4783484,-0.10018315,0.5070616,0.100493826,-0.4822382,0.15852271,0.5217071,-0.11292927,0.45938435,0.3767359,0.062419917,-6.6308265,10.025291,-8.585361,2.3673751,11.32369,-8.552776,2.2693794,1.3024994,7.323948,7.062703,1.9386692,0.1746121346950531,0.0326271653175354,0.1419849693775177,0.32842397689819336,0.28598007559776306,0.0424439013004303,-0.6543634,2.383144,-1.3643535,2.7094567,-0.6543634,2.383144,-1.3643535,2.7094567,-0.6543634,1.0,-1.0,1.0,5.796846866607666,0.4,-0.4,0.4
15.783333333333333,10.091377,-8.570559,2.8406086,0.998622,-0.007910378,0.048383784,-0.018717315,0.49373797,-0.10033266,0.54838437,-0.32300535,0.07198436,-0.08490599,0.5405615,-0.11141452,0.4999493,1.1312628,0.09088486,2.433897,10.034143,-8.588133,2.3752348,11.32369,-8.552776,2.2693794,1.2943673,7.3650002,7.0718355,2.0572734,0.1746121346950531,0.033549755811691284,0.14106237888336182,0.32842397689819336,0.26534491777420044,0.06307905912399292,0.30163154,-2.8666897,3.0889077,-1.9856236,0.30163154,-2.8666897,3.0889077,-1.9856236,0.30163154,-1.0,1.0,-1.0,21.830324172973633,-0.4,0.4,-0.4
15.799999999999999,10.1004925,-8.572396,2.8478997,0.9987661,-0.007927681,0.045646317,-0.01788163,0.51253784,-0.09778017,0.46285856,0.10684674,-0.46369585,0.15839404,0.5489871,-0.10980956,0.41599175,0.5055356,0.096297555,-5.0374527,10.043277,-8.59082,2.3826804,11.32369,-8.552776,2.2693794,1.2859796,7.407042,7.0821548,2.1696434,0.1746121346950531,0.011209562420845032,0.16340257227420807,0.32842397689819336,0.2669006586074829,0.06152331829071045,-0.48158324,2.0837226,-1.2791117,2.7788854,-0.48158324,2.0837226,-1.2791117,2.7788854,-0.48158324,1.0,-1.0,1.0,8.69463062286377,0.4,-0.4,0.4
15.816666666666666,10.10985,-8.574199,2.8552463,0.9987653,-0.009698997,0.045273416,-0.018000826,0.5266242,-0.09711021,0.4951133,-0.31689045,0.08998712,-0.0850359,0.565666,-0.10764208,0.44758883,1.0007358,0.13004914,1.8958246,10.0526905,-8.593418,2.3897223,11.32369,-8.552776,2.2693794,1.2773311,7.4363165,7.0799007,2.2746003,0.1746121346950531,-0.0008561611175537109,0.1754682958126068,0.32842397689819336,0.2727823853492737,0.05564159154891968,0.24558695,-2.8966618,3.1135392,-1.7289109,0.24558695,-2.8966618,3.1135392,-1.7289109,0.24558695,-1.0,1.0,-1.0,20.890371322631836,-0.4,0.4,-0.4
15.833333333333334,10.119434,-8.575958,2.862288,0.9988935,-0.009656868,0.04270519,-0.017165627,0.54412574,-0.09401666,0.45920548,0.11392095,-0.44262046,0.15826577,0.5780035,-0.104866445,0.41315436,0.7402503,0.1665379,-2.066068,10.062433,-8.595906,2.3966901,11.32369,-8.552776,2.2693794,1.2683997,7.46032,7.072903,2.3728497,0.1746121346950531,0.035433366894721985,0.13917876780033112,0.32842397689819336,0.29533088207244873,0.03309309482574463,-0.16661663,1.8623251,-1.1672775,2.903671,-0.16661663,1.8623251,-1.1672775,2.903671,-0.16661663,1.0,-1.0,1.0,13.977095603942871,0.4,-0.4,0.4
15.85,10.1292095,-8.577681,2.8689208,0.99888265,-0.011373074,0.042484365,-0.01729406,0.5571298,-0.092543915,0.43837366,-0.31089658,0.107746266,-0.085165605,0.5890564,-0.102935545,0.39184988,0.66317075,0.11585399,-1.2782692,10.072462,-8.598296,2.4032576,11.32369,-8.552776,2.2693794,1.2591933,7.4708433,7.053214,2.4628587,0.1746121346950531,0.022679895162582397,0.1519322395324707,0.32842397689819336,0.2842406928539276,0.04418328404426575,-0.08944351,-3.1228213,3.0404143,-1.6155015,-0.08944351,-3.1228213,3.0404143,-1.6155015,-0.08944351,-1.0,1.0,-1.0,15.271405220031738,-0.4,0.4,-0.4
15.866666666666667,10.139221,-8.579343,2.8755991,0.9989972,-0.011272931,0.04008166,-0.016459806,0.57342887,-0.088932775,0.44743186,0.12079323,-0.42206886,0.1581306,0.60442907,-0.09875105,0.40229186,0.92236155,0.25106952,0.62651926,10.082804,-8.600572,2.4097018,11.32369,-8.552776,2.2693794,1.2497098,7.46877,7.0216665,2.5453331,0.1746121346950531,0.12511682510375977,0.049495309591293335,0.32842397689819336,0.3010287880897522,0.027395188808441162,0.1162593,1.7004904,-1.0186052,2.9765494,0.1162593,1.7004904,-1.0186052,2.9765494,0.1162593,1.0,-1.0,1.0,18.721351623535156,0.4,-0.4,0.4
15.883333333333333,10.149379,-8.58097,2.8814692,0.9989776,-0.012934803,0.04001142,-0.016597178,0.5854922,-0.08669594,0.38030875,-0.30496404,0.12540321,-0.08530031,0.6110754,-0.09731709,0.334766,0.39878008,0.08603766,-4.051552,10.093423,-8.602744,2.4157038,11.32369,-8.552776,2.2693794,1.2399459,7.4564996,6.9806333,2.6210966,0.1746121346950531,0.10794201493263245,0.06667011976242065,0.32842397689819336,0.2900048792362213,0.038419097661972046,-0.3820759,-3.2176943,3.0917425,-1.6638328,-0.3820759,-3.2176943,3.0917425,-1.6638328,-0.3820759,-1.0,1.0,-1.0,10.363518714904785,-0.4,0.4,-0.4
15.9,10.159731,-8.582538,2.886995,0.9990733,-0.012781649,0.03795302,-0.015766542,0.6003699,-0.082606114,0.37357634,0.12645246,-0.37283364,0.15798736,0.62430054,-0.0929406,0.32929915,0.79350823,0.2625896,-0.3280109,10.104297,-8.604819,2.4211159,11.32369,-8.552776,2.2693794,1.2298998,7.42693,6.9232407,2.688498,0.1746121346950531,0.11253369599580765,0.06207843869924545,0.32842397689819336,0.31546032428741455,0.012963652610778809,0.012182763,1.4684881,-0.93969154,3.0687764,0.012182763,1.4684881,-0.93969154,3.0687764,0.012182763,1.0,-0.93969154,1.0,16.975830078125,0.4,-0.37587664,0.4
15.916666666666666,10.170202,-8.584069,2.8914692,0.9990364,-0.014392047,0.038285017,-0.015915187,0.6115217,-0.07955503,0.29267034,-0.29966024,0.17374752,-0.08543987,0.6294994,-0.09154239,0.24757683,0.31193015,0.08389234,-4.903339,10.115407,-8.6068,2.4257855,11.32369,-8.552776,2.2693794,1.2195616,7.389621,6.8583856,2.7511892,0.1746121346950531,0.10707584023475647,0.06753629446029663,0.32842397689819336,0.3104360103607178,0.017987966537475586,-0.47372252,-3.4237838,3.0768428,-1.5791845,-0.47372252,-3.4237838,3.0768428,-1.5791845,-0.47372252,-1.0,1.0,-1.0,8.82646656036377,-0.4,0.4,-0.4
15.933333333333334,10.1808605,-8.585531,2.8956194,0.9991216,-0.014190504,0.036427658,-0.015087223,0.62545246,-0.07504213,0.29218283,0.13189588,-0.35680994,0.15783799,0.64271647,-0.08651648,0.24824041,0.79302543,0.30155492,0.039814707,10.126756,-8.608682,2.4297647,11.32369,-8.552776,2.2693794,1.2089258,7.3370175,6.7789593,2.806695,0.1746121346950531,0.056755661964416504,0.1178564727306366,0.32842397689819336,0.3224683403968811,0.005955636501312256,0.050287534,1.3182954,-1.1926156,3.219648,0.050287534,1.3182954,-1.1926156,3.219648,0.050287534,1.0,-1.0,1.0,17.614904403686523,0.4,-0.4,0.4
15.95,10.191631,-8.586952,2.8987186,0.9990788,-0.015753906,0.03689019,-0.015243384,0.6361013,-0.07124583,0.20956987,-0.29428893,0.18967924,-0.08558716,0.6475357,-0.08493021,0.16463526,0.28915283,0.095175944,-5.0163093,10.138336,-8.610464,2.4330194,11.32369,-8.552776,2.2693794,1.1979861,7.2780156,6.693146,2.8585498,0.1746121346950531,0.08377852290868759,0.09083361178636551,0.32842397689819336,0.3320387303829193,0.003614753484725952,-0.4854984,-3.5171013,3.1250176,-1.3915249,-0.4854984,-3.5171013,3.1250176,-1.3915249,-0.4854984,-1.0,1.0,-1.0,8.62896728515625,-0.4,0.4,-0.4
15.966666666666667,10.202603,-8.58829,2.9017277,0.99915695,-0.015502742,0.035173405,-0.014417985,0.64926696,-0.06634738,0.2283086,0.13765599,-0.3396989,0.1576798,0.66170055,-0.078861155,0.18441153,0.84989184,0.36414337,1.1865761,10.1501665,-8.612137,2.4357238,11.32369,-8.552776,2.2693794,1.1867403,7.203486,6.5925364,2.9032178,0.1746121346950531,0.044953033328056335,0.12965910136699677,0.32842397689819336,0.3301064372062683,0.0016824603080749512,0.17181642,1.4578956,-1.3513908,3.481298,0.17181642,1.4578956,-1.3513908,3.481298,0.17181642,1.0,-1.0,1.0,19.653127670288086,0.4,-0.4,0.4
15.983333333333333,10.213685,-8.589583,2.903696,0.99910873,-0.017016709,0.035774536,-0.014567329,0.6595314,-0.06191364,0.14056453,-0.28866944,0.2064756,-0.08343645,0.6659545,-0.07721948,0.0954733,0.25523543,0.09850054,-5.336293,10.162235,-8.613701,2.4378264,11.32369,-8.552776,2.2693794,1.1751869,7.1230307,6.4859056,2.9445872,0.1746121346950531,0.06870132684707642,0.10591080784797668,0.32842397689819336,0.3407588005065918,0.012334823608398438,-0.5184307,-3.418282,3.0452676,-0.99051356,-0.5184307,-3.418282,3.0452676,-0.99051356,-0.5184307,-1.0,1.0,-0.99051356,8.076642990112305,-0.4,0.4,-0.39620543
16.0,10.224976,-8.59078,2.905778,0.9991808,-0.01671327,0.034205064,-0.013725963,0.67211425,-0.056685492,0.17746326,0.1436429,-0.32179457,0.1598123,0.68100995,-0.07007616,0.13326195,0.9033286,0.4285991,2.267319,10.174561,-8.6151495,2.439496,11.32369,-8.552776,2.2693794,1.163327,7.0257053,6.363308,2.9780612,0.1746121346950531,0.04229481518268585,0.13231731951236725,0.32842397689819336,0.3408752679824829,0.01245129108428955,0.28626272,1.6571687,-1.6056625,3.723423,0.28626272,1.6571687,-1.6056625,3.723423,0.28626272,1.0,-1.0,1.0,21.57256507873535,0.4,-0.4,0.4
16.016666666666666,10.236375,-8.591928,2.9068346,0.9991389,-0.018146412,0.034965735,-0.01301752,0.682006,-0.05292322,0.08521438,-0.2827298,0.22400682,0.054214932,0.684792,-0.06846423,0.039586745,0.22692202,0.09671598,-5.620512,10.187127,-8.616479,2.4406798,11.32369,-8.552776,2.2693794,1.1511638,6.923014,6.234819,3.0091784,0.1746121346950531,0.06821951270103455,0.10639262199401855,0.32842397689819336,0.3451543152332306,0.01673033833503723,-0.547667,-3.1521559,2.84488,-0.43282664,-0.547667,-3.1521559,2.84488,-0.43282664,-0.547667,-1.0,1.0,-0.43282664,7.586305618286133,-0.4,0.4,-0.17313066
16.03333333333333,10.248004,-8.592957,2.9084473,0.9992177,-0.017746186,0.033575475,-0.011034024,0.6941119,-0.048971094,0.15897061,0.15008618,-0.3024506,0.29734114,0.7020853,-0.05954115,0.11398311,1.0376,0.53538454,4.463782,10.199961,-8.617676,2.4416945,11.32369,-8.552776,2.2693794,1.1387155,6.802802,6.089906,3.031692,0.1746121346950531,0.06917386502027512,0.10543826967477798,0.32842397689819336,0.3550184667110443,0.026594489812850952,0.51913285,1.8196458,-2.1941786,2.1106925,0.51913285,1.8196458,-2.1941786,2.1106925,0.51913285,1.0,-1.0,1.0,25.478147506713867,0.4,-0.4,0.4
16.05,10.259728,-8.593938,2.9087899,0.9991717,-0.019119328,0.034487322,-0.01004722,0.7039251,-0.04511,0.0357575,-0.2766971,0.24159437,0.05387938,0.7037403,-0.05878807,-0.010841244,0.09929895,0.045184936,-7.489461,10.213038,-8.618748,2.4422913,11.32369,-8.552776,2.2693794,1.1259656,6.678768,5.9404182,3.0524378,0.1746121346950531,0.07269925624132156,0.10191287845373154,0.32842397689819336,0.35525423288345337,0.02683025598526001,-0.74396884,-3.1009855,2.4644446,-2.8234487,-0.74396884,-3.1009855,2.4644446,-2.8234487,-0.74396884,-1.0,1.0,-1.0,4.294028282165527,-0.4,0.4,-0.4
16.066666666666666,10.271694,-8.594788,2.9098837,0.99924004,-0.018661205,0.033255458,-0.008069512,0.71584284,-0.0409531,0.13528988,0.15659004,-0.2832999,0.29696965,0.72258884,-0.04837906,0.08908611,1.1309123,0.6245405,5.9956408,10.226368,-8.619689,2.4426978,11.32369,-8.552776,2.2693794,1.112939,6.535119,5.772514,3.063636,0.1746121346950531,0.11460437625646591,0.06000775843858719,0.32842397689819336,0.38416343927383423,0.05573946237564087,0.6802429,2.1210718,-2.8654208,2.3301854,0.6802429,2.1210718,-2.8654208,2.3301854,0.6802429,1.0,-1.0,1.0,28.180206298828125,0.4,-0.4,0.4
16.083333333333332,10.283755,-8.595585,2.9097435,0.9991858,-0.019983117,0.034321032,-0.0070916605,0.7256516,-0.036776718,0.0069037904,-0.27038264,0.26045883,0.0535048,0.72387385,-0.047750447,-0.04119546,0.077100985,0.037716772,-7.8168936,10.239939,-8.620497,2.4428248,11.32369,-8.552776,2.2693794,1.0996305,6.391632,5.6033587,3.0749524,0.1746121346950531,0.10447865724563599,0.07013347744941711,0.32842397689819336,0.3678715229034424,0.03944754600524902,-0.77752763,-2.818922,1.8317982,-2.802183,-0.77752763,-2.818922,1.8317982,-2.802183,-0.77752763,-1.0,1.0,-1.0,3.731196880340576,-0.4,0.4,-0.4
16.1,10.296042,-8.5962515,2.910129,0.9992445,-0.01947002,0.03324199,-0.0051208283,0.7375101,-0.032465465,0.09057929,0.16258363,-0.2655081,0.29658777,0.7415868,-0.037447773,0.04273624,1.062777,0.6181604,5.0359015,10.253732,-8.62118,2.4426215,11.32369,-8.552776,2.2693794,1.0860494,6.228813,5.4161615,3.076249,0.1746121346950531,0.1531073898077011,0.02150474488735199,0.32842397689819336,0.3666013479232788,0.03817737102508545,0.57835567,2.447729,-3.8597713,2.3848212,0.57835567,2.447729,-3.8597713,2.3848212,0.57835567,1.0,-1.0,1.0,26.471403121948242,0.4,-0.4,0.4
16.116666666666667,10.308442,-8.596853,2.909538,0.99918205,-0.02074214,0.03446285,-0.0041516996,0.7473955,-0.02804137,-0.01185303,-0.26398388,0.2799219,0.05310372,0.7445835,-0.035773568,-0.061988227,0.17980097,0.1004523,-6.283468,10.267757,-8.621727,2.442194,11.32369,-8.552776,2.2693794,1.0722004,6.0682178,5.2294955,3.0782528,0.1746121346950531,0.11150582134723663,0.06310631334781647,0.32842397689819336,0.38954025506973267,0.06111627817153931,-0.61572695,-2.6094964,1.0025084,-2.820704,-0.61572695,-2.6094964,1.0025084,-2.820704,-0.61572695,-1.0,1.0,-1.0,6.444838523864746,-0.4,0.4,-0.4
16.133333333333333,10.321052,-8.597328,2.9092524,0.99923134,-0.020174686,0.033537555,-0.002188329,0.7593283,-0.023620468,0.04614655,0.16847491,-0.24774542,0.29619735,0.76063854,-0.026095536,-0.0038648513,0.9633028,0.5806819,3.4874024,10.281988,-8.6221485,2.4414358,11.32369,-8.552776,2.2693794,1.0580924,5.8919497,5.0279965,3.0715337,0.1746121346950531,0.11336908489465714,0.061243049800395966,0.32842397689819336,0.38029929995536804,0.05187532305717468,0.41545996,2.777563,-4.4382586,2.5146554,0.41545996,2.777563,-4.4382586,2.5146554,0.41545996,1.0,-1.0,1.0,23.739397048950195,0.4,-0.4,0.4
16.15,10.3337965,-8.597733,2.9081235,0.99928737,-0.021404319,0.031066088,-0.0011506848,0.7700155,-0.018957917,-0.042761028,-0.2574172,-0.31661844,0.05277263,0.7658517,-0.023561543,-0.08959768,0.31278846,0.15203956,-5.143969,10.296431,-8.62244,2.4404118,11.32369,-8.552776,2.2693794,1.0437279,5.7179713,4.8271503,3.0649328,0.1746121346950531,0.11962765455245972,0.054984480142593384,0.32842397689819336,0.374800443649292,0.04637646675109863,-0.49395722,-2.3289642,-0.13728623,-2.9673371,-0.49395722,-2.3289642,-0.13728623,-2.9673371,-0.49395722,-1.0,-0.13728623,-1.0,8.487100601196289,-0.4,-0.054914493,-0.4
16.166666666666668,10.346669,-8.598035,2.9065278,0.9992786,-0.020791208,0.031769212,0.00077592814,0.77917343,-0.01451982,-0.05022435,0.1741343,0.21134266,0.29579276,0.7744541,-0.016417695,-0.0989738,0.5161464,0.42863083,-0.5625674,10.311032,-8.622624,2.4386735,11.32369,-8.552776,2.2693794,1.0290849,5.533955,4.616916,3.0510232,0.1746121346950531,0.12012725323438644,0.054484881460666656,0.32842397689819336,0.36534231901168823,0.03691834211349487,-0.017464051,3.1198788,0.9573945,2.0813231,-0.017464051,3.1198788,0.9573945,2.0813231,-0.017464051,1.0,0.9573945,1.0,16.478609085083008,0.4,0.3829578,0.4
16.183333333333334,10.359727,-8.598226,2.905005,0.99929965,-0.021967351,0.030237375,0.0017895993,0.7901725,-0.0097279055,-0.04286485,-0.25131467,-0.31867826,0.052393425,0.78618324,-0.009828545,-0.090133205,0.7037472,0.395349,0.53043586,10.325839,-8.622671,2.4368384,11.32369,-8.552776,2.2693794,1.0142165,5.348349,4.4028482,3.0364068,0.1746121346950531,0.13361509144306183,0.04099704325199127,0.32842397689819336,0.39676398038864136,0.068340003490448,0.10602995,-1.8753794,-3.6386528,-2.9117424,0.10602995,-1.8753794,-3.6386528,-2.9117424,0.10602995,-1.0,-1.0,-1.0,18.549789428710938,-0.4,-0.4,-0.4
16.2,10.372924,-8.59831,2.9030852,0.9993694,-0.02130375,0.028155303,0.0037745116,0.79934156,-0.0052434923,-0.07985668,0.18005647,-0.23433627,0.29554063,0.79361624,-0.003584373,-0.124547005,0.4459798,0.37465033,-2.064828,10.340828,-8.622585,2.4348176,11.32369,-8.552776,2.2693794,0.9991305,5.161166,4.1863637,3.018608,0.1746121346950531,0.10811400413513184,0.06649813055992126,0.32842397689819336,0.36161476373672485,0.033190786838531494,-0.170729,3.6815748,0.14066349,1.7459863,-0.170729,3.6815748,0.14066349,1.7459863,-0.170729,1.0,0.14066349,1.0,13.908124923706055,0.4,0.056265395,0.4
16.216666666666665,10.386261,-8.598295,2.9008987,0.99943244,-0.022413438,0.024682023,0.004820603,0.8080466,-0.0002132312,-0.094694115,-0.2442393,-0.4804239,0.052069798,0.8023754,0.0024141115,-0.13451451,0.52554846,0.35990906,-0.5980503,10.355982,-8.622375,2.432461,11.32369,-8.552776,2.2693794,0.9838188,4.9702463,3.9646294,2.9975095,0.1746121346950531,0.11138984560966492,0.06322228908538818,0.32842397689819336,0.37005844712257385,0.04163447022438049,-0.015936801,-1.5769824,-0.4738747,-3.3960247,-0.015936801,-1.5769824,-0.4738747,-3.3960247,-0.015936801,-1.0,-0.4738747,-1.0,16.504222869873047,-0.4,-0.18954988,-0.4
16.233333333333334,10.399709,-8.598166,2.8983905,0.9994495,-0.02170296,0.024166083,0.0067468677,0.8149245,0.004325429,-0.11737973,0.18721835,0.06994699,0.29137492,0.8081999,0.00932602,-0.15692233,0.34947035,0.41471452,-1.3444688,10.371297,-8.622037,2.4298291,11.32369,-8.552776,2.2693794,0.9682947,4.777818,3.7398877,2.9733465,0.1746121346950531,0.11325402557849884,0.06135810911655426,0.32842397689819336,0.352080762386322,0.023656785488128662,-0.097439595,4.302852,2.7221193,0.9846432,-0.097439595,4.302852,2.7221193,0.9846432,-0.097439595,1.0,1.0,0.9846432,15.137298583984375,0.4,0.4,0.3938573
16.25,10.413284,-8.597927,2.8957694,0.999485,-0.022576261,0.021448048,0.0077342386,0.82289726,0.00954537,-0.12285388,-0.20872113,-0.46055317,0.0479909,0.8166606,0.015874924,-0.1586115,0.50764203,0.3929342,-0.10135084,10.386765,-8.621571,2.426998,11.32369,-8.552776,2.2693794,0.9525788,4.5826526,3.5089529,2.9475336,0.1746121346950531,0.11621719598770142,0.058394938707351685,0.32842397689819336,0.3632282018661499,0.03480422496795654,0.037774015,-0.9320168,-2.4624286,-3.433143,0.037774015,-0.9320168,-2.4624286,-3.433143,0.037774015,-0.9320168,-1.0,-1.0,17.405033111572266,-0.37280673,-0.4,-0.4
16.266666666666666,10.426965,-8.5975685,2.8930058,0.9995031,-0.021588253,0.021094015,0.0090769725,0.82880247,0.014950012,-0.13369766,0.22263098,0.09064543,0.20059648,0.8220582,0.023396399,-0.1693665,0.32385704,0.45128846,-0.6452992,10.402383,-8.620975,2.424063,11.32369,-8.552776,2.2693794,0.93668866,4.3873763,3.27501,2.9194825,0.1746121346950531,0.1268007457256317,0.04781138896942139,0.32842397689819336,0.3507537841796875,0.02232980728149414,-0.023040125,4.5016556,2.5822167,0.6278486,-0.023040125,4.5016556,2.5822167,0.6278486,-0.023040125,1.0,1.0,0.6278486,16.385089874267578,0.4,0.4,0.25113946
16.28333333333333,10.440765,-8.597094,2.890249,0.99954045,-0.022108559,0.018535255,0.009294041,0.8357831,0.02127968,-0.13338895,-0.16176258,-0.43946669,-0.042682476,0.82976395,0.03015736,-0.16541219,0.46234486,0.40565762,0.23725836,10.418145,-8.620244,2.421085,11.32369,-8.552776,2.2693794,0.9206403,4.191292,3.035464,2.8901358,0.1746121346950531,0.1515917181968689,0.023020416498184204,0.32842397689819336,0.3609299063682556,0.032505929470062256,0.07399111,-0.9049866,-2.5519147,-2.3667476,0.07399111,-0.9049866,-2.5519147,-2.3667476,0.07399111,-0.9049866,-1.0,-1.0,18.012449264526367,-0.36199465,-0.4,-0.4
16.3,10.45465,-8.596503,2.8873,0.9995618,-0.020741424,0.018355016,0.010438709,0.84083176,0.026596714,-0.14978492,0.26906312,0.111475326,0.20038038,0.83407533,0.037206333,-0.18186527,0.25868297,0.4229384,-0.9871852,10.434034,-8.619386,2.4180212,11.32369,-8.552776,2.2693794,0.9044441,3.9965353,2.7930245,2.8585498,0.1746121346950531,0.14349697530269623,0.031115159392356873,0.32842397689819336,0.34829339385032654,0.01986941695213318,-0.059168767,4.6192236,2.3171995,2.8293908,-0.059168767,4.6192236,2.3171995,2.8293908,-0.059168767,1.0,1.0,1.0,15.779157638549805,0.4,0.4,0.4
16.316666666666666,10.468637,-8.595801,2.8843267,0.9995925,-0.021128269,0.015970316,0.010644169,0.84692854,0.032542195,-0.14996433,-0.15605536,-0.41857484,-0.042916715,0.8408696,0.043571193,-0.17853878,0.4076564,0.38189155,0.19958942,10.450042,-8.618395,2.4148688,11.32369,-8.552776,2.2693794,0.8881075,3.8028665,2.5453331,2.8254333,0.1746121346950531,0.1265377402305603,0.0480743944644928,0.32842397689819336,0.35845765471458435,0.03003367781639099,0.069404714,-1.1214758,-2.6093717,-2.3013532,0.069404714,-1.1214758,-2.6093717,-2.3013532,0.069404714,-1.0,-1.0,-1.0,17.935529708862305,-0.4,-0.4,-0.4
16.333333333333332,10.482697,-8.594991,2.8811648,0.99960864,-0.019718105,0.015965126,0.011785754,0.85125476,0.037451394,-0.16574721,0.27472535,0.13235837,0.20013362,0.8444651,0.050337162,-0.19456188,0.21572827,0.40595812,-0.9613859,10.466152,-8.617283,2.4116206,11.32369,-8.552776,2.2693794,0.8716453,3.6129327,2.2958045,2.7897248,0.1746121346950531,0.12151052057743073,0.053101614117622375,0.32842397689819336,0.33952343463897705,0.011099457740783691,-0.056748938,4.712071,1.9487736,2.790006,-0.056748938,4.712071,1.9487736,2.790006,-0.056748938,1.0,1.0,1.0,15.819742202758789,0.4,0.4,0.4
16.35,10.496846,-8.594071,2.8780499,0.9996422,-0.019559566,0.013762391,0.011973754,0.85662043,0.042986203,-0.16024305,-0.070750296,-0.39735848,-0.04311026,0.8506641,0.05666725,-0.18569766,0.3719401,0.37980524,0.53185344,10.482356,-8.616039,2.408326,11.32369,-8.552776,2.2693794,0.85507417,3.427493,2.0424328,2.7524855,0.1746121346950531,0.12374724447727203,0.05086489021778107,0.32842397689819336,0.3445352613925934,0.016111284494400024,0.10425576,-0.8140197,-2.7400112,-2.316669,0.10425576,-0.8140197,-2.7400112,-2.316669,0.10425576,-0.8140197,-1.0,-1.0,18.520034790039062,-0.32560787,-0.4,-0.4
16.366666666666667,10.511066,-8.593044,2.874851,0.9996647,-0.017443419,0.013944426,0.013103413,0.86034536,0.047044788,-0.16933389,0.3599948,0.15397646,0.1998868,0.8538164,0.0631534,-0.19516778,0.18913864,0.38916907,-0.5682072,10.4986515,-8.614671,2.4050317,11.32369,-8.552776,2.2693794,0.83840424,3.2491283,1.7887474,2.712419,0.1746121346950531,0.1257290244102478,0.0488831102848053,0.32842397689819336,0.3348985016345978,0.006474524736404419,-0.015082309,4.2048235,1.4298319,2.6929364,-0.015082309,4.2048235,1.4298319,2.6929364,-0.015082309,1.0,1.0,1.0,16.5185546875,0.4,0.4,0.4
16.383333333333333,10.52537,-8.591921,2.8718534,0.9996949,-0.017070908,0.011929358,0.013278139,0.8651784,0.051583815,-0.15346493,-0.064960435,-0.37491333,-0.043386117,0.85964584,0.0688655,-0.17610407,0.34976718,0.34272593,1.1438226,10.515021,-8.6131735,2.401829,11.32369,-8.552776,2.2693794,0.82166684,3.078753,1.5325067,2.670233,0.1746121346950531,0.11405976116657257,0.06055237352848053,0.32842397689819336,0.34339267015457153,0.014968693256378174,0.16913457,-2.036455,-2.9831061,-2.2861128,0.16913457,-2.036455,-2.9831061,-2.2861128,0.16913457,-1.0,-1.0,-1.0,19.608150482177734,-0.4,-0.4,-0.4
16.4,10.539733,-8.590701,2.8687735,0.9997185,-0.01490088,0.011529731,0.014419364,0.86833054,0.054788735,-0.16693361,0.36578032,0.053326704,0.19964224,0.8623636,0.074448735,-0.18881996,0.16306399,0.33499402,-0.7629534,10.531453,-8.61155,2.398697,11.32369,-8.552776,2.2693794,0.80487096,2.9184306,1.2773564,2.6240423,0.1746121346950531,0.17387306690216064,0.0007390677928924561,0.32842397689819336,0.3496986925601959,0.021274715662002563,-0.03505368,4.0524487,0.77304566,2.5506375,-0.03505368,4.0524487,0.77304566,2.5506375,-0.03505368,1.0,0.77304566,1.0,16.183605194091797,0.4,0.30921826,0.4
16.416666666666668,10.554165,-8.589403,2.8657873,0.9997511,-0.014464427,0.008674389,0.014598989,0.87203586,0.05846476,-0.16024068,-0.059064977,-0.47594222,-0.043680344,0.8671,0.078976884,-0.17731889,0.2841854,0.271689,0.6900644,10.5479355,-8.609806,2.3955834,11.32369,-8.552776,2.2693794,0.78802,2.7696543,1.021996,2.5742006,0.1746121346950531,0.19085809588432312,0.01624596118927002,0.32842397689819336,0.36496832966804504,0.036544352769851685,0.120586,-2.2691665,-2.496828,-2.500916,0.120586,-2.2691665,-2.496828,-2.500916,0.120586,-1.0,-1.0,-1.0,18.793916702270508,-0.4,-0.4,-0.4
16.433333333333334,10.568636,-8.588026,2.862652,0.9997673,-0.012248628,0.008200497,0.015744472,0.8738905,0.060738955,-0.17675409,0.37152714,0.07503003,0.19933148,0.8685853,0.08365192,-0.19281557,0.08911728,0.2805023,-0.9298011,10.564455,-8.6079445,2.3924475,11.32369,-8.552776,2.2693794,0.771121,2.6337905,0.76889247,2.5190587,0.1746121346950531,0.22547562420368195,0.050863489508628845,0.32842397689819336,0.37012121081352234,0.04169723391532898,-0.05380876,3.940111,1.7551616,2.4139833,-0.05380876,3.940111,1.7551616,2.4139833,-0.05380876,1.0,1.0,1.0,15.869053840637207,0.4,0.4,0.4
16.45,10.583154,-8.586589,2.8594832,0.9997888,-0.011765142,0.0055230237,0.015912805,0.87649035,0.06351622,-0.17906387,-0.053521413,-0.4548205,-0.043977037,0.87205327,0.0869975,-0.19049434,0.20807861,0.20073472,0.1392737,10.580998,-8.60597,2.389223,11.32369,-8.552776,2.2693794,0.7541774,2.512766,0.5160393,2.4592063,0.1746121346950531,0.24221959710121155,0.06760746240615845,0.32842397689819336,0.3657614588737488,0.03733748197555542,0.061757434,-2.7116008,-2.5266547,-2.6680055,0.061757434,-2.7116008,-2.5266547,-2.6680055,0.061757434,-1.0,-1.0,-1.0,17.80727195739746,-0.4,-0.4,-0.4
16.466666666666665,10.597698,-8.585086,2.8562105,0.9997956,-0.009508273,0.0052278535,0.017058976,0.8773933,0.06481526,-0.18889727,0.37713033,0.09651784,0.19902848,0.87270397,0.090982206,-0.19953005,0.03904223,0.23908226,-0.5421424,10.597558,-8.603888,2.3859422,11.32369,-8.552776,2.2693794,0.73720247,2.407619,0.26602128,2.3928773,0.1746121346950531,0.22884634137153625,0.054234206676483154,0.32842397689819336,0.37230125069618225,0.04387727379798889,-0.013513157,3.6660528,1.4303037,2.3676636,-0.013513157,3.6660528,1.4303037,2.3676636,-0.013513157,1.0,1.0,1.0,16.544872283935547,0.4,0.4,0.4
16.483333333333334,10.612273,-8.58354,2.8527937,0.9998077,-0.008979479,0.0027261605,0.01721699,0.8789961,0.066663615,-0.2017501,-0.048148684,-0.43402222,-0.04426392,0.8751261,0.09319036,-0.20796871,0.14532922,0.13248906,-0.5063197,10.614119,-8.601702,2.3825312,11.32369,-8.552776,2.2693794,0.72020084,2.3213148,0.01730309,2.3212502,0.1746121346950531,0.227627232670784,0.053015097975730896,0.32842397689819336,0.35709071159362793,0.02866673469543457,-0.006483028,-3.3504124,-2.6602807,-2.7742703,-0.006483028,-3.3504124,-2.6602807,-2.7742703,-0.006483028,-1.0,-1.0,-1.0,16.662776947021484,-0.4,-0.4,-0.4
16.5,10.626857,-8.581949,2.8492072,0.99980587,-0.0066815927,0.0024676595,0.01836557,0.87903637,0.066918485,-0.21335886,0.38243717,0.09540036,0.19874698,0.8749725,0.09625018,-0.21877843,-0.009216069,0.18358915,-0.6485831,10.6306715,-8.599421,2.3789659,11.32369,-8.552776,2.2693794,0.7031786,2.253744,-0.22776575,2.2422054,0.1746121346950531,0.21230091154575348,0.03768877685070038,0.32842397689819336,0.3672022521495819,0.03877827525138855,-0.025393913,3.2383037,0.9598048,2.3494632,-0.025393913,3.2383037,0.9598048,2.3494632,-0.025393913,1.0,0.9598048,1.0,16.345613479614258,0.4,0.38392192,0.4
16.516666666666666,10.641461,-8.58033,2.845421,0.9998099,-0.006105898,-4.3533422e-05,0.018515352,0.8795935,0.067797855,-0.2301929,-0.042894095,-0.43536353,-0.04454438,0.8765524,0.097502396,-0.23112594,0.094792835,0.07513314,-0.7408502,10.647207,-8.597043,2.3752131,11.32369,-8.552776,2.2693794,0.68614125,2.2077138,-0.4708377,2.1569219,0.1746121346950531,0.20798343420028687,0.033371299505233765,0.32842397689819336,0.3468599021434784,0.018435925245285034,-0.031582903,-3.8836026,-2.794064,-2.9198217,-0.031582903,-3.8836026,-2.794064,-2.9198217,-0.031582903,-1.0,-1.0,-1.0,16.24181365966797,-0.4,-0.4,-0.4
16.53333333333333,10.656063,-8.578677,2.8413594,0.99979824,-0.003744648,-0.0015382397,0.019674636,0.87834436,0.06693565,-0.25106215,0.38775295,-0.102101676,0.19852744,0.87583685,0.099582605,-0.24898693,-0.042933222,0.124812566,-1.0716596,10.663713,-8.59458,2.3712146,11.32369,-8.552776,2.2693794,0.66909456,2.1817663,-0.7092094,2.0632803,0.1746121346950531,0.18853886425495148,0.013926729559898376,0.32842397689819336,0.3593394458293915,0.03091546893119812,-0.06990904,2.4020085,0.5983212,2.3184586,-0.06990904,2.4020085,0.5983212,2.3184586,-0.06990904,1.0,0.5983212,1.0,15.599027633666992,0.4,0.23932849,0.4
16.55,10.670663,-8.577011,2.8371959,0.9997825,-0.0030845362,-0.0056885174,0.019821879,0.8764432,0.066796586,-0.26072332,-0.036922257,-0.6320225,-0.044878855,0.8760501,0.09996226,-0.25126654,0.012795924,0.022779105,-0.13677657,10.680178,-8.592027,2.3670404,11.32369,-8.552776,2.2693794,0.65206355,2.1784675,-0.94429725,1.9631667,0.1746121346950531,0.19274593889713287,0.018133804202079773,0.32842397689819336,0.3518725335597992,0.023448556661605835,0.0318275,-4.160768,-1.723978,-3.048125,0.0318275,-4.160768,-1.723978,-3.048125,0.0318275,-1.0,-1.0,-1.0,17.305301666259766,-0.4,-0.4,-0.4
16.566666666666666,10.685231,-8.575331,2.8325834,0.99975157,-0.0006758709,-0.0074684606,0.020988515,0.87261057,0.06475486,-0.2991326,0.39325637,-0.08227278,0.198169,0.873503,0.10101658,-0.28620064,-0.1528251,0.06325945,-2.0960462,10.696592,-8.589399,2.3625686,11.32369,-8.552776,2.2693794,0.63504136,2.1943834,-1.174456,1.8536373,0.1746121346950531,0.15840232372283936,0.016209810972213745,0.32842397689819336,0.3546028137207031,0.026178836822509766,-0.17828424,1.5326613,3.0305848,2.2393224,-0.17828424,1.5326613,3.0305848,2.2393224,-0.17828424,1.0,1.0,1.0,13.781412124633789,0.4,0.4,0.4
16.583333333333332,10.699767,-8.573654,2.8279498,0.99971133,3.234856e-05,-0.011447252,0.021123739,0.86852103,0.06355724,-0.29657373,-0.031236226,-0.6113977,-0.045229774,0.87162143,0.10034472,-0.2766428,-0.11289596,-0.04031181,0.57347053,10.712951,-8.586695,2.3578815,11.32369,-8.552776,2.2693794,0.6180502,2.2322252,-1.4023967,1.7366959,0.1746121346950531,0.1502949297428131,0.02431720495223999,0.32842397689819336,0.33222341537475586,0.0037994384765625,0.10620805,-4.6691704,-1.4596535,-3.1615925,0.10620805,-4.6691704,-1.4596535,-3.1615925,0.10620805,-1.0,-1.0,-1.0,18.552776336669922,-0.4,-0.4,-0.4
16.6,10.714243,-8.571984,2.8229473,0.99966615,0.0002704594,-0.01309918,0.022267794,0.8627589,0.061355572,-0.33169433,0.045277312,-0.061425615,0.1977144,0.8675581,0.100072116,-0.30897737,-0.24379848,-0.01635611,-1.9400738,10.729237,-8.583922,2.352997,11.32369,-8.552776,2.2693794,0.60111344,2.2890575,-1.6274157,1.6097523,0.1746121346950531,0.12779663503170013,0.046815499663352966,0.32842397689819336,0.343018501996994,0.01459452509880066,-0.16061552,0.17316465,3.4778256,1.8234862,-0.16061552,0.17316465,3.4778256,1.8234862,-0.16061552,0.17316465,1.0,1.0,14.077743530273438,0.069265865,0.4,0.4
16.616666666666667,10.728668,-8.570325,2.8174968,0.99960375,-0.0019220089,-0.016986897,0.02236323,0.8564398,0.06217994,-0.363054,-0.3795335,-0.59348464,-0.04554097,0.8646736,0.09934436,-0.3341166,-0.17307042,-0.043665465,-1.5083544,10.745454,-8.581089,2.347671,11.32369,-8.552776,2.2693794,0.58419925,2.3659098,-1.8509285,1.4736325,0.1746121346950531,0.14309319853782654,0.03151893615722656,0.32842397689819336,0.3247610628604889,0.0036629140377044678,-0.11364169,-1.7955433,-1.1163555,-3.8521,-0.11364169,-1.7955433,-1.1163555,-3.8521,-0.11364169,-1.0,-1.0,-1.0,14.865565299987793,-0.4,-0.4,-0.4
16.633333333333333,10.742981,-8.568655,2.812339,0.99955636,-0.002369934,-0.01847799,0.023239028,0.8488662,0.06233179,-0.3338765,0.052041665,-0.03963932,0.15603156,0.85684943,0.10047917,-0.30273032,-0.46945092,0.06808877,1.883177,10.761573,-8.578194,2.3423462,11.32369,-8.552776,2.2693794,0.5674032,2.4616184,-2.0722322,1.3286905,0.1746121346950531,0.14347755908966064,0.031134575605392456,0.32842397689819336,0.3275502324104309,0.0008737444877624512,0.24226971,5.004089,4.186421,0.82804036,0.24226971,5.004089,4.186421,0.82804036,0.24226971,1.0,1.0,0.82804036,20.834735870361328,0.4,0.4,0.33121616
16.65,10.757185,-8.566974,2.8074574,0.99950767,-0.0029314843,-0.021119427,0.023013994,0.8415785,0.06378151,-0.32622412,-0.11781713,-0.40707406,-0.08705872,0.85082644,0.100939564,-0.29094702,-0.36137936,0.027623622,0.70699805,10.77757,-8.5752325,2.3373601,11.32369,-8.552776,2.2693794,0.55079347,2.5796945,-2.2953334,1.1773993,0.1746121346950531,0.1543276607990265,0.02028447389602661,0.32842397689819336,0.3032420575618744,0.02518191933631897,0.12371882,-0.4049219,-0.7000809,-3.5276139,0.12371882,-0.4049219,-0.7000809,-3.5276139,0.12371882,-0.4049219,-0.7000809,-1.0,18.846458435058594,-0.16196875,-0.28003237,-0.4
